<?xml version="1.0" encoding="UTF-8"?>
<!-- Created with BasicAirData GPS Logger for Android - ver. 3.3.0 -->
<!-- Track 415 = 4656 TrackPoints + 0 Placemarks -->

<!-- Track Statistics (based on Total Time | Time in Movement): -->
<!--  Distance = 23.4 公里 -->
<!--  Duration = 05:26:08 | 01:15:26 -->
<!--  Altitude Gap = 7 米 -->
<!--  Max Speed = 56 公里/时 -->
<!--  Avg Speed = 4.3 | 18.6 公里/时 -->
<!--  Direction = 313° -->
<!--  Activity = car -->
<!--  Altitudes = Corrected using EGM96 grid (bilinear interpolation) -->

<gpx version="1.1"
     creator="BasicAirData GPS Logger 3.3.0"
     xmlns="http://www.topografix.com/GPX/1/1"
     xmlns:xsi="http://www.w3.org/2001/XMLSchema-instance"
     xsi:schemaLocation="http://www.topografix.com/GPX/1/1 http://www.topografix.com/GPX/1/1/gpx.xsd">
<metadata> 
 <name>GPS Logger 20260917-175436</name>
 <time>2026-09-17T15:26:35Z</time>
 <keywords>car</keywords>
 <bounds minlat="30.26430184" minlon="120.06643787" maxlat="30.30750672" maxlon="120.11986516" />
</metadata>

<trk>
 <name>轨迹 20260917-175436</name>
 <trkseg>
  <trkpt lat="30.26831703" lon="120.11854175"><ele>19.393</ele><time>2026-09-17T09:54:36.422Z</time></trkpt>
  <trkpt lat="30.26836711" lon="120.11857467"><ele>17.121</ele><time>2026-09-17T09:54:41Z</time><sat>34</sat></trkpt>
  <trkpt lat="30.26842376" lon="120.11860174"><ele>16.402</ele><time>2026-09-17T09:54:44Z</time><sat>36</sat></trkpt>
  <trkpt lat="30.26850989" lon="120.11862185"><ele>17.202</ele><time>2026-09-17T09:54:47Z</time><sat>38</sat></trkpt>
  <trkpt lat="30.26867253" lon="120.11867051"><ele>14.346</ele><time>2026-09-17T09:54:50Z</time><sat>39</sat></trkpt>
  <trkpt lat="30.26882327" lon="120.11870922"><ele>15.781</ele><time>2026-09-17T09:54:53Z</time><sat>41</sat></trkpt>
  <trkpt lat="30.26904917" lon="120.11880543"><ele>14.949</ele><time>2026-09-17T09:54:58Z</time><sat>41</sat></trkpt>
  <trkpt lat="30.26916870" lon="120.11885404"><ele>15.445</ele><time>2026-09-17T09:55:01Z</time><sat>41</sat></trkpt>
  <trkpt lat="30.26922942" lon="120.11888148"><ele>15.756</ele><time>2026-09-17T09:55:04Z</time><sat>40</sat></trkpt>
  <trkpt lat="30.26925575" lon="120.11889518"><ele>16.374</ele><time>2026-09-17T09:55:07Z</time><sat>39</sat></trkpt>
  <trkpt lat="30.26930030" lon="120.11890754"><ele>16.460</ele><time>2026-09-17T09:55:10Z</time><sat>40</sat></trkpt>
  <trkpt lat="30.26938810" lon="120.11893306"><ele>16.129</ele><time>2026-09-17T09:55:13Z</time><sat>41</sat></trkpt>
  <trkpt lat="30.26952142" lon="120.11898657"><ele>17.487</ele><time>2026-09-17T09:55:16Z</time><sat>40</sat></trkpt>
  <trkpt lat="30.26968923" lon="120.11904395"><ele>16.682</ele><time>2026-09-17T09:55:19Z</time><sat>40</sat></trkpt>
  <trkpt lat="30.26985510" lon="120.11910645"><ele>16.622</ele><time>2026-09-17T09:55:22Z</time><sat>40</sat></trkpt>
  <trkpt lat="30.27002633" lon="120.11916428"><ele>14.358</ele><time>2026-09-17T09:55:25Z</time><sat>38</sat></trkpt>
  <trkpt lat="30.27019545" lon="120.11922238"><ele>13.259</ele><time>2026-09-17T09:55:28Z</time><sat>39</sat></trkpt>
  <trkpt lat="30.27038225" lon="120.11928836"><ele>12.383</ele><time>2026-09-17T09:55:31Z</time><sat>42</sat></trkpt>
  <trkpt lat="30.27056771" lon="120.11936020"><ele>11.236</ele><time>2026-09-17T09:55:34Z</time><sat>42</sat></trkpt>
  <trkpt lat="30.27072613" lon="120.11943379"><ele>11.958</ele><time>2026-09-17T09:55:37Z</time><sat>39</sat></trkpt>
  <trkpt lat="30.27088318" lon="120.11947934"><ele>12.430</ele><time>2026-09-17T09:55:40Z</time><sat>35</sat></trkpt>
  <trkpt lat="30.27097504" lon="120.11952868"><ele>14.089</ele><time>2026-09-17T09:55:43Z</time><sat>31</sat></trkpt>
  <trkpt lat="30.27108596" lon="120.11958595"><ele>15.790</ele><time>2026-09-17T09:55:46Z</time><sat>37</sat></trkpt>
  <trkpt lat="30.27123003" lon="120.11964479"><ele>13.286</ele><time>2026-09-17T09:55:50Z</time><sat>36</sat></trkpt>
  <trkpt lat="30.27135510" lon="120.11968530"><ele>14.273</ele><time>2026-09-17T09:55:53Z</time><sat>31</sat></trkpt>
  <trkpt lat="30.27142298" lon="120.11971413"><ele>16.075</ele><time>2026-09-17T09:55:56Z</time><sat>30</sat></trkpt>
  <trkpt lat="30.27145567" lon="120.11974042"><ele>15.978</ele><time>2026-09-17T09:55:59Z</time><sat>34</sat></trkpt>
  <trkpt lat="30.27152679" lon="120.11976537"><ele>17.524</ele><time>2026-09-17T09:56:02Z</time><sat>35</sat></trkpt>
  <trkpt lat="30.27159680" lon="120.11978674"><ele>17.707</ele><time>2026-09-17T09:56:05Z</time><sat>36</sat></trkpt>
  <trkpt lat="30.27167348" lon="120.11981271"><ele>16.610</ele><time>2026-09-17T09:56:08Z</time><sat>38</sat></trkpt>
  <trkpt lat="30.27170562" lon="120.11982698"><ele>16.963</ele><time>2026-09-17T09:56:11Z</time><sat>37</sat></trkpt>
  <trkpt lat="30.27171498" lon="120.11983586"><ele>15.852</ele><time>2026-09-17T09:56:14Z</time><sat>38</sat></trkpt>
  <trkpt lat="30.27172056" lon="120.11984210"><ele>15.467</ele><time>2026-09-17T09:56:17Z</time><sat>38</sat></trkpt>
  <trkpt lat="30.27172642" lon="120.11984270"><ele>16.366</ele><time>2026-09-17T09:56:20Z</time><sat>39</sat></trkpt>
  <trkpt lat="30.27173099" lon="120.11984401"><ele>15.954</ele><time>2026-09-17T09:56:23Z</time><sat>38</sat></trkpt>
  <trkpt lat="30.27173783" lon="120.11984120"><ele>16.746</ele><time>2026-09-17T09:56:26Z</time><sat>37</sat></trkpt>
  <trkpt lat="30.27174280" lon="120.11984031"><ele>17.552</ele><time>2026-09-17T09:56:29Z</time><sat>36</sat></trkpt>
  <trkpt lat="30.27174325" lon="120.11984158"><ele>17.210</ele><time>2026-09-17T09:56:32Z</time><sat>39</sat></trkpt>
  <trkpt lat="30.27174279" lon="120.11983333"><ele>17.386</ele><time>2026-09-17T09:56:35Z</time><sat>38</sat></trkpt>
  <trkpt lat="30.27174287" lon="120.11983216"><ele>17.386</ele><time>2026-09-17T09:56:38Z</time><sat>37</sat></trkpt>
  <trkpt lat="30.27174285" lon="120.11983222"><ele>17.388</ele><time>2026-09-17T09:56:41Z</time><sat>36</sat></trkpt>
  <trkpt lat="30.27174288" lon="120.11983230"><ele>17.385</ele><time>2026-09-17T09:56:44Z</time><sat>29</sat></trkpt>
  <trkpt lat="30.27174288" lon="120.11983235"><ele>17.380</ele><time>2026-09-17T09:56:47Z</time><sat>27</sat></trkpt>
  <trkpt lat="30.27174292" lon="120.11983241"><ele>17.377</ele><time>2026-09-17T09:56:50Z</time><sat>31</sat></trkpt>
  <trkpt lat="30.27174295" lon="120.11983247"><ele>17.377</ele><time>2026-09-17T09:56:53Z</time><sat>31</sat></trkpt>
  <trkpt lat="30.27174300" lon="120.11983253"><ele>17.374</ele><time>2026-09-17T09:56:56Z</time><sat>30</sat></trkpt>
  <trkpt lat="30.27174303" lon="120.11983266"><ele>17.367</ele><time>2026-09-17T09:56:59Z</time><sat>29</sat></trkpt>
  <trkpt lat="30.27174307" lon="120.11983271"><ele>17.361</ele><time>2026-09-17T09:57:02Z</time><sat>29</sat></trkpt>
  <trkpt lat="30.27174309" lon="120.11983277"><ele>17.350</ele><time>2026-09-17T09:57:05Z</time><sat>29</sat></trkpt>
  <trkpt lat="30.27174308" lon="120.11983285"><ele>17.342</ele><time>2026-09-17T09:57:08Z</time><sat>29</sat></trkpt>
  <trkpt lat="30.27174314" lon="120.11983293"><ele>17.324</ele><time>2026-09-17T09:57:11Z</time><sat>29</sat></trkpt>
  <trkpt lat="30.27174315" lon="120.11983296"><ele>17.319</ele><time>2026-09-17T09:57:14Z</time><sat>30</sat></trkpt>
  <trkpt lat="30.27174315" lon="120.11983297"><ele>17.312</ele><time>2026-09-17T09:57:17Z</time><sat>29</sat></trkpt>
  <trkpt lat="30.27174626" lon="120.11983440"><ele>17.456</ele><time>2026-09-17T09:57:20Z</time><sat>29</sat></trkpt>
  <trkpt lat="30.27175612" lon="120.11984112"><ele>17.021</ele><time>2026-09-17T09:57:23Z</time><sat>29</sat></trkpt>
  <trkpt lat="30.27179182" lon="120.11985930"><ele>16.430</ele><time>2026-09-17T09:57:26Z</time><sat>31</sat></trkpt>
  <trkpt lat="30.27186303" lon="120.11986516"><ele>16.141</ele><time>2026-09-17T09:57:29Z</time><sat>31</sat></trkpt>
  <trkpt lat="30.27193484" lon="120.11983508"><ele>16.188</ele><time>2026-09-17T09:57:32Z</time><sat>32</sat></trkpt>
  <trkpt lat="30.27201393" lon="120.11976683"><ele>16.862</ele><time>2026-09-17T09:57:35Z</time><sat>33</sat></trkpt>
  <trkpt lat="30.27209444" lon="120.11964963"><ele>17.638</ele><time>2026-09-17T09:57:38Z</time><sat>36</sat></trkpt>
  <trkpt lat="30.27216463" lon="120.11950287"><ele>18.271</ele><time>2026-09-17T09:57:41Z</time><sat>36</sat></trkpt>
  <trkpt lat="30.27224769" lon="120.11933585"><ele>16.853</ele><time>2026-09-17T09:57:44Z</time><sat>36</sat></trkpt>
  <trkpt lat="30.27231497" lon="120.11919741"><ele>18.148</ele><time>2026-09-17T09:57:47Z</time><sat>37</sat></trkpt>
  <trkpt lat="30.27238407" lon="120.11909158"><ele>19.066</ele><time>2026-09-17T09:57:50Z</time><sat>38</sat></trkpt>
  <trkpt lat="30.27244256" lon="120.11898800"><ele>18.845</ele><time>2026-09-17T09:57:53Z</time><sat>38</sat></trkpt>
  <trkpt lat="30.27248069" lon="120.11891942"><ele>19.279</ele><time>2026-09-17T09:57:56Z</time><sat>40</sat></trkpt>
  <trkpt lat="30.27248926" lon="120.11890138"><ele>18.739</ele><time>2026-09-17T09:57:59Z</time><sat>39</sat></trkpt>
  <trkpt lat="30.27248512" lon="120.11891053"><ele>18.800</ele><time>2026-09-17T09:58:02Z</time><sat>39</sat></trkpt>
  <trkpt lat="30.27249132" lon="120.11889881"><ele>18.936</ele><time>2026-09-17T09:58:05Z</time><sat>39</sat></trkpt>
  <trkpt lat="30.27254282" lon="120.11879922"><ele>21.498</ele><time>2026-09-17T09:58:08Z</time><sat>36</sat></trkpt>
  <trkpt lat="30.27263444" lon="120.11863898"><ele>21.731</ele><time>2026-09-17T09:58:11Z</time><sat>40</sat></trkpt>
  <trkpt lat="30.27269023" lon="120.11851910"><ele>22.434</ele><time>2026-09-17T09:58:14Z</time><sat>39</sat></trkpt>
  <trkpt lat="30.27275008" lon="120.11840450"><ele>24.262</ele><time>2026-09-17T09:58:17Z</time><sat>31</sat></trkpt>
  <trkpt lat="30.27283744" lon="120.11824205"><ele>20.859</ele><time>2026-09-17T09:58:20Z</time><sat>34</sat></trkpt>
  <trkpt lat="30.27294634" lon="120.11805738"><ele>20.362</ele><time>2026-09-17T09:58:23Z</time><sat>31</sat></trkpt>
  <trkpt lat="30.27307474" lon="120.11779031"><ele>19.474</ele><time>2026-09-17T09:58:26Z</time><sat>30</sat></trkpt>
  <trkpt lat="30.27320619" lon="120.11748710"><ele>19.657</ele><time>2026-09-17T09:58:29Z</time><sat>32</sat></trkpt>
  <trkpt lat="30.27333374" lon="120.11715555"><ele>19.867</ele><time>2026-09-17T09:58:32Z</time><sat>30</sat></trkpt>
  <trkpt lat="30.27346345" lon="120.11676160"><ele>20.331</ele><time>2026-09-17T09:58:35Z</time><sat>26</sat></trkpt>
  <trkpt lat="30.27357978" lon="120.11632301"><ele>19.089</ele><time>2026-09-17T09:58:38Z</time><sat>24</sat></trkpt>
  <trkpt lat="30.27365679" lon="120.11590205"><ele>18.369</ele><time>2026-09-17T09:58:41Z</time><sat>27</sat></trkpt>
  <trkpt lat="30.27371660" lon="120.11547534"><ele>18.653</ele><time>2026-09-17T09:58:44Z</time><sat>29</sat></trkpt>
  <trkpt lat="30.27377319" lon="120.11503838"><ele>19.086</ele><time>2026-09-17T09:58:47Z</time><sat>26</sat></trkpt>
  <trkpt lat="30.27381155" lon="120.11458901"><ele>19.225</ele><time>2026-09-17T09:58:50Z</time><sat>25</sat></trkpt>
  <trkpt lat="30.27383433" lon="120.11413282"><ele>19.470</ele><time>2026-09-17T09:58:53Z</time><sat>30</sat></trkpt>
  <trkpt lat="30.27384094" lon="120.11367892"><ele>18.781</ele><time>2026-09-17T09:58:56Z</time><sat>31</sat></trkpt>
  <trkpt lat="30.27383808" lon="120.11321256"><ele>20.017</ele><time>2026-09-17T09:58:59Z</time><sat>31</sat></trkpt>
  <trkpt lat="30.27378437" lon="120.11276241"><ele>19.783</ele><time>2026-09-17T09:59:02Z</time><sat>27</sat></trkpt>
  <trkpt lat="30.27368139" lon="120.11234450"><ele>18.188</ele><time>2026-09-17T09:59:05Z</time><sat>29</sat></trkpt>
  <trkpt lat="30.27354169" lon="120.11197268"><ele>17.649</ele><time>2026-09-17T09:59:08Z</time><sat>32</sat></trkpt>
  <trkpt lat="30.27338771" lon="120.11168428"><ele>17.996</ele><time>2026-09-17T09:59:11Z</time><sat>29</sat></trkpt>
  <trkpt lat="30.27324152" lon="120.11146488"><ele>18.652</ele><time>2026-09-17T09:59:14Z</time><sat>25</sat></trkpt>
  <trkpt lat="30.27308682" lon="120.11126268"><ele>19.780</ele><time>2026-09-17T09:59:17Z</time><sat>30</sat></trkpt>
  <trkpt lat="30.27293264" lon="120.11107847"><ele>20.497</ele><time>2026-09-17T09:59:20Z</time><sat>30</sat></trkpt>
  <trkpt lat="30.27276029" lon="120.11089036"><ele>21.663</ele><time>2026-09-17T09:59:23Z</time><sat>31</sat></trkpt>
  <trkpt lat="30.27257331" lon="120.11067284"><ele>21.359</ele><time>2026-09-17T09:59:26Z</time><sat>34</sat></trkpt>
  <trkpt lat="30.27231316" lon="120.11036472"><ele>22.194</ele><time>2026-09-17T09:59:29Z</time><sat>32</sat></trkpt>
  <trkpt lat="30.27209128" lon="120.11002738"><ele>22.707</ele><time>2026-09-17T09:59:32Z</time><sat>29</sat></trkpt>
  <trkpt lat="30.27190913" lon="120.10969529"><ele>22.546</ele><time>2026-09-17T09:59:35Z</time><sat>25</sat></trkpt>
  <trkpt lat="30.27179036" lon="120.10945121"><ele>22.475</ele><time>2026-09-17T09:59:38Z</time><sat>26</sat></trkpt>
  <trkpt lat="30.27170610" lon="120.10927171"><ele>22.061</ele><time>2026-09-17T09:59:41Z</time><sat>32</sat></trkpt>
  <trkpt lat="30.27162769" lon="120.10910928"><ele>23.165</ele><time>2026-09-17T09:59:44Z</time><sat>28</sat></trkpt>
  <trkpt lat="30.27152351" lon="120.10889863"><ele>23.321</ele><time>2026-09-17T09:59:47Z</time><sat>30</sat></trkpt>
  <trkpt lat="30.27137790" lon="120.10860424"><ele>23.022</ele><time>2026-09-17T09:59:50Z</time><sat>31</sat></trkpt>
  <trkpt lat="30.27120492" lon="120.10825641"><ele>22.299</ele><time>2026-09-17T09:59:53Z</time><sat>29</sat></trkpt>
  <trkpt lat="30.27103968" lon="120.10788617"><ele>18.765</ele><time>2026-09-17T09:59:56Z</time><sat>26</sat></trkpt>
  <trkpt lat="30.27090508" lon="120.10753945"><ele>16.386</ele><time>2026-09-17T09:59:59Z</time><sat>31</sat></trkpt>
  <trkpt lat="30.27081104" lon="120.10725207"><ele>15.552</ele><time>2026-09-17T10:00:02Z</time><sat>31</sat></trkpt>
  <trkpt lat="30.27074392" lon="120.10702591"><ele>15.701</ele><time>2026-09-17T10:00:05Z</time><sat>29</sat></trkpt>
  <trkpt lat="30.27069329" lon="120.10685062"><ele>14.913</ele><time>2026-09-17T10:00:08Z</time><sat>30</sat></trkpt>
  <trkpt lat="30.27064359" lon="120.10669673"><ele>15.130</ele><time>2026-09-17T10:00:11Z</time><sat>26</sat></trkpt>
  <trkpt lat="30.27061081" lon="120.10660863"><ele>16.949</ele><time>2026-09-17T10:00:14Z</time><sat>33</sat></trkpt>
  <trkpt lat="30.27060376" lon="120.10659022"><ele>18.109</ele><time>2026-09-17T10:00:17Z</time><sat>31</sat></trkpt>
  <trkpt lat="30.27060420" lon="120.10659018"><ele>18.161</ele><time>2026-09-17T10:00:20Z</time><sat>27</sat></trkpt>
  <trkpt lat="30.27060219" lon="120.10659106"><ele>18.579</ele><time>2026-09-17T10:00:23Z</time><sat>28</sat></trkpt>
  <trkpt lat="30.27060219" lon="120.10659106"><ele>18.579</ele><time>2026-09-17T10:00:26Z</time><sat>31</sat></trkpt>
  <trkpt lat="30.27060219" lon="120.10659106"><ele>18.579</ele><time>2026-09-17T10:00:29Z</time><sat>31</sat></trkpt>
  <trkpt lat="30.27058793" lon="120.10655219"><ele>18.910</ele><time>2026-09-17T10:00:32Z</time><sat>29</sat></trkpt>
  <trkpt lat="30.27055831" lon="120.10646559"><ele>18.460</ele><time>2026-09-17T10:00:35Z</time><sat>31</sat></trkpt>
  <trkpt lat="30.27052563" lon="120.10638358"><ele>18.552</ele><time>2026-09-17T10:00:38Z</time><sat>31</sat></trkpt>
  <trkpt lat="30.27049371" lon="120.10630463"><ele>18.049</ele><time>2026-09-17T10:00:41Z</time><sat>28</sat></trkpt>
  <trkpt lat="30.27046135" lon="120.10623123"><ele>18.563</ele><time>2026-09-17T10:00:44Z</time><sat>29</sat></trkpt>
  <trkpt lat="30.27043361" lon="120.10618158"><ele>19.112</ele><time>2026-09-17T10:00:47Z</time><sat>32</sat></trkpt>
  <trkpt lat="30.27040386" lon="120.10613259"><ele>20.424</ele><time>2026-09-17T10:00:50Z</time><sat>33</sat></trkpt>
  <trkpt lat="30.27035588" lon="120.10604641"><ele>21.214</ele><time>2026-09-17T10:00:53Z</time><sat>36</sat></trkpt>
  <trkpt lat="30.27027413" lon="120.10590649"><ele>22.647</ele><time>2026-09-17T10:00:56Z</time><sat>33</sat></trkpt>
  <trkpt lat="30.27015653" lon="120.10568035"><ele>22.523</ele><time>2026-09-17T10:00:59Z</time><sat>30</sat></trkpt>
  <trkpt lat="30.27001492" lon="120.10543591"><ele>22.638</ele><time>2026-09-17T10:01:02Z</time><sat>29</sat></trkpt>
  <trkpt lat="30.26987468" lon="120.10517992"><ele>19.770</ele><time>2026-09-17T10:01:05Z</time><sat>30</sat></trkpt>
  <trkpt lat="30.26971322" lon="120.10487405"><ele>18.182</ele><time>2026-09-17T10:01:08Z</time><sat>22</sat></trkpt>
  <trkpt lat="30.26952861" lon="120.10452146"><ele>17.379</ele><time>2026-09-17T10:01:11Z</time><sat>30</sat></trkpt>
  <trkpt lat="30.26931257" lon="120.10413143"><ele>16.611</ele><time>2026-09-17T10:01:14Z</time><sat>27</sat></trkpt>
  <trkpt lat="30.26910128" lon="120.10375944"><ele>16.039</ele><time>2026-09-17T10:01:17Z</time><sat>26</sat></trkpt>
  <trkpt lat="30.26887920" lon="120.10342143"><ele>16.602</ele><time>2026-09-17T10:01:20Z</time><sat>25</sat></trkpt>
  <trkpt lat="30.26862639" lon="120.10309409"><ele>17.964</ele><time>2026-09-17T10:01:23Z</time><sat>29</sat></trkpt>
  <trkpt lat="30.26838952" lon="120.10279132"><ele>19.407</ele><time>2026-09-17T10:01:26Z</time><sat>35</sat></trkpt>
  <trkpt lat="30.26817095" lon="120.10250749"><ele>20.090</ele><time>2026-09-17T10:01:29Z</time><sat>25</sat></trkpt>
  <trkpt lat="30.26798304" lon="120.10221166"><ele>19.531</ele><time>2026-09-17T10:01:32Z</time><sat>30</sat></trkpt>
  <trkpt lat="30.26781888" lon="120.10189306"><ele>19.677</ele><time>2026-09-17T10:01:35Z</time><sat>32</sat></trkpt>
  <trkpt lat="30.26766945" lon="120.10158608"><ele>19.550</ele><time>2026-09-17T10:01:38Z</time><sat>30</sat></trkpt>
  <trkpt lat="30.26752478" lon="120.10130606"><ele>19.612</ele><time>2026-09-17T10:01:41Z</time><sat>28</sat></trkpt>
  <trkpt lat="30.26735231" lon="120.10104148"><ele>18.588</ele><time>2026-09-17T10:01:44Z</time><sat>30</sat></trkpt>
  <trkpt lat="30.26713883" lon="120.10079423"><ele>18.033</ele><time>2026-09-17T10:01:47Z</time><sat>28</sat></trkpt>
  <trkpt lat="30.26690393" lon="120.10058159"><ele>17.814</ele><time>2026-09-17T10:01:50Z</time><sat>33</sat></trkpt>
  <trkpt lat="30.26667905" lon="120.10039281"><ele>19.522</ele><time>2026-09-17T10:01:53Z</time><sat>31</sat></trkpt>
  <trkpt lat="30.26648375" lon="120.10022497"><ele>19.165</ele><time>2026-09-17T10:01:56Z</time><sat>27</sat></trkpt>
  <trkpt lat="30.26630773" lon="120.10006451"><ele>19.422</ele><time>2026-09-17T10:01:59Z</time><sat>32</sat></trkpt>
  <trkpt lat="30.26610302" lon="120.09986564"><ele>18.541</ele><time>2026-09-17T10:02:02Z</time><sat>32</sat></trkpt>
  <trkpt lat="30.26584913" lon="120.09965258"><ele>17.949</ele><time>2026-09-17T10:02:05Z</time><sat>32</sat></trkpt>
  <trkpt lat="30.26559475" lon="120.09943836"><ele>18.067</ele><time>2026-09-17T10:02:08Z</time><sat>27</sat></trkpt>
  <trkpt lat="30.26534348" lon="120.09921414"><ele>16.931</ele><time>2026-09-17T10:02:11Z</time><sat>31</sat></trkpt>
  <trkpt lat="30.26510434" lon="120.09898415"><ele>15.644</ele><time>2026-09-17T10:02:14Z</time><sat>32</sat></trkpt>
  <trkpt lat="30.26488884" lon="120.09875911"><ele>15.149</ele><time>2026-09-17T10:02:17Z</time><sat>34</sat></trkpt>
  <trkpt lat="30.26473304" lon="120.09854975"><ele>15.481</ele><time>2026-09-17T10:02:20Z</time><sat>35</sat></trkpt>
  <trkpt lat="30.26463511" lon="120.09838050"><ele>14.746</ele><time>2026-09-17T10:02:23Z</time><sat>33</sat></trkpt>
  <trkpt lat="30.26454035" lon="120.09823671"><ele>14.341</ele><time>2026-09-17T10:02:26Z</time><sat>30</sat></trkpt>
  <trkpt lat="30.26446544" lon="120.09812922"><ele>13.828</ele><time>2026-09-17T10:02:29Z</time><sat>34</sat></trkpt>
  <trkpt lat="30.26440896" lon="120.09805079"><ele>13.344</ele><time>2026-09-17T10:02:32Z</time><sat>34</sat></trkpt>
  <trkpt lat="30.26436129" lon="120.09798323"><ele>12.782</ele><time>2026-09-17T10:02:35Z</time><sat>35</sat></trkpt>
  <trkpt lat="30.26433290" lon="120.09793698"><ele>12.148</ele><time>2026-09-17T10:02:38Z</time><sat>35</sat></trkpt>
  <trkpt lat="30.26431527" lon="120.09790531"><ele>12.072</ele><time>2026-09-17T10:02:41Z</time><sat>34</sat></trkpt>
  <trkpt lat="30.26430184" lon="120.09785931"><ele>11.693</ele><time>2026-09-17T10:02:44Z</time><sat>34</sat></trkpt>
  <trkpt lat="30.26430518" lon="120.09779467"><ele>11.670</ele><time>2026-09-17T10:02:47Z</time><sat>34</sat></trkpt>
  <trkpt lat="30.26437275" lon="120.09772739"><ele>12.148</ele><time>2026-09-17T10:02:50Z</time><sat>36</sat></trkpt>
  <trkpt lat="30.26452834" lon="120.09769296"><ele>12.469</ele><time>2026-09-17T10:02:53Z</time><sat>34</sat></trkpt>
  <trkpt lat="30.26473275" lon="120.09766214"><ele>12.528</ele><time>2026-09-17T10:02:56Z</time><sat>35</sat></trkpt>
  <trkpt lat="30.26497255" lon="120.09761597"><ele>12.493</ele><time>2026-09-17T10:02:59Z</time><sat>30</sat></trkpt>
  <trkpt lat="30.26519623" lon="120.09756718"><ele>12.381</ele><time>2026-09-17T10:03:02Z</time><sat>29</sat></trkpt>
  <trkpt lat="30.26539244" lon="120.09753300"><ele>12.270</ele><time>2026-09-17T10:03:05Z</time><sat>31</sat></trkpt>
  <trkpt lat="30.26547099" lon="120.09752129"><ele>12.567</ele><time>2026-09-17T10:03:08Z</time><sat>33</sat></trkpt>
  <trkpt lat="30.26548605" lon="120.09751860"><ele>12.763</ele><time>2026-09-17T10:03:11Z</time><sat>31</sat></trkpt>
  <trkpt lat="30.26549148" lon="120.09751876"><ele>12.863</ele><time>2026-09-17T10:03:14Z</time><sat>31</sat></trkpt>
  <trkpt lat="30.26552528" lon="120.09751294"><ele>13.019</ele><time>2026-09-17T10:03:17Z</time><sat>31</sat></trkpt>
  <trkpt lat="30.26561819" lon="120.09749842"><ele>13.366</ele><time>2026-09-17T10:03:20Z</time><sat>32</sat></trkpt>
  <trkpt lat="30.26577542" lon="120.09746977"><ele>13.173</ele><time>2026-09-17T10:03:23Z</time><sat>32</sat></trkpt>
  <trkpt lat="30.26596282" lon="120.09743567"><ele>13.297</ele><time>2026-09-17T10:03:26Z</time><sat>34</sat></trkpt>
  <trkpt lat="30.26616906" lon="120.09740669"><ele>13.096</ele><time>2026-09-17T10:03:29Z</time><sat>32</sat></trkpt>
  <trkpt lat="30.26637723" lon="120.09739006"><ele>12.976</ele><time>2026-09-17T10:03:32Z</time><sat>29</sat></trkpt>
  <trkpt lat="30.26653925" lon="120.09737708"><ele>13.023</ele><time>2026-09-17T10:03:35Z</time><sat>30</sat></trkpt>
  <trkpt lat="30.26665084" lon="120.09736560"><ele>12.852</ele><time>2026-09-17T10:03:38Z</time><sat>34</sat></trkpt>
  <trkpt lat="30.26672502" lon="120.09735235"><ele>12.390</ele><time>2026-09-17T10:03:41Z</time><sat>29</sat></trkpt>
  <trkpt lat="30.26676134" lon="120.09734439"><ele>12.337</ele><time>2026-09-17T10:03:44Z</time><sat>32</sat></trkpt>
  <trkpt lat="30.26676741" lon="120.09734214"><ele>12.422</ele><time>2026-09-17T10:03:47Z</time><sat>32</sat></trkpt>
  <trkpt lat="30.26676741" lon="120.09734214"><ele>12.422</ele><time>2026-09-17T10:03:50Z</time><sat>32</sat></trkpt>
  <trkpt lat="30.26676741" lon="120.09734214"><ele>12.422</ele><time>2026-09-17T10:03:53Z</time><sat>33</sat></trkpt>
  <trkpt lat="30.26676741" lon="120.09734214"><ele>12.422</ele><time>2026-09-17T10:03:56Z</time><sat>31</sat></trkpt>
  <trkpt lat="30.26676741" lon="120.09734214"><ele>12.422</ele><time>2026-09-17T10:03:59Z</time><sat>31</sat></trkpt>
  <trkpt lat="30.26680160" lon="120.09733466"><ele>12.380</ele><time>2026-09-17T10:04:02Z</time><sat>32</sat></trkpt>
  <trkpt lat="30.26691897" lon="120.09731416"><ele>12.104</ele><time>2026-09-17T10:04:05Z</time><sat>32</sat></trkpt>
  <trkpt lat="30.26709777" lon="120.09728209"><ele>11.840</ele><time>2026-09-17T10:04:08Z</time><sat>33</sat></trkpt>
  <trkpt lat="30.26729530" lon="120.09724375"><ele>11.858</ele><time>2026-09-17T10:04:11Z</time><sat>31</sat></trkpt>
  <trkpt lat="30.26752489" lon="120.09721147"><ele>12.001</ele><time>2026-09-17T10:04:14Z</time><sat>31</sat></trkpt>
  <trkpt lat="30.26768931" lon="120.09718942"><ele>12.266</ele><time>2026-09-17T10:04:17Z</time><sat>29</sat></trkpt>
  <trkpt lat="30.26780436" lon="120.09717061"><ele>12.351</ele><time>2026-09-17T10:04:20Z</time><sat>32</sat></trkpt>
  <trkpt lat="30.26792175" lon="120.09715518"><ele>12.438</ele><time>2026-09-17T10:04:23Z</time><sat>33</sat></trkpt>
  <trkpt lat="30.26807228" lon="120.09713900"><ele>12.742</ele><time>2026-09-17T10:04:26Z</time><sat>33</sat></trkpt>
  <trkpt lat="30.26822966" lon="120.09712741"><ele>12.746</ele><time>2026-09-17T10:04:29Z</time><sat>33</sat></trkpt>
  <trkpt lat="30.26835341" lon="120.09711308"><ele>12.395</ele><time>2026-09-17T10:04:32Z</time><sat>34</sat></trkpt>
  <trkpt lat="30.26843272" lon="120.09710207"><ele>12.425</ele><time>2026-09-17T10:04:35Z</time><sat>34</sat></trkpt>
  <trkpt lat="30.26849891" lon="120.09709266"><ele>12.620</ele><time>2026-09-17T10:04:38Z</time><sat>35</sat></trkpt>
  <trkpt lat="30.26855589" lon="120.09708397"><ele>12.621</ele><time>2026-09-17T10:04:41Z</time><sat>37</sat></trkpt>
  <trkpt lat="30.26858345" lon="120.09708142"><ele>12.286</ele><time>2026-09-17T10:04:44Z</time><sat>36</sat></trkpt>
  <trkpt lat="30.26861730" lon="120.09707833"><ele>12.293</ele><time>2026-09-17T10:04:47Z</time><sat>35</sat></trkpt>
  <trkpt lat="30.26870341" lon="120.09707020"><ele>12.264</ele><time>2026-09-17T10:04:50Z</time><sat>31</sat></trkpt>
  <trkpt lat="30.26879785" lon="120.09706426"><ele>11.960</ele><time>2026-09-17T10:04:53Z</time><sat>29</sat></trkpt>
  <trkpt lat="30.26885482" lon="120.09705978"><ele>11.911</ele><time>2026-09-17T10:04:56Z</time><sat>33</sat></trkpt>
  <trkpt lat="30.26889168" lon="120.09705762"><ele>11.871</ele><time>2026-09-17T10:04:59Z</time><sat>28</sat></trkpt>
  <trkpt lat="30.26896519" lon="120.09705327"><ele>12.101</ele><time>2026-09-17T10:05:02Z</time><sat>29</sat></trkpt>
  <trkpt lat="30.26907822" lon="120.09704502"><ele>12.470</ele><time>2026-09-17T10:05:05Z</time><sat>33</sat></trkpt>
  <trkpt lat="30.26910767" lon="120.09704339"><ele>12.670</ele><time>2026-09-17T10:05:08Z</time><sat>32</sat></trkpt>
  <trkpt lat="30.26911274" lon="120.09704420"><ele>12.958</ele><time>2026-09-17T10:05:11Z</time><sat>32</sat></trkpt>
  <trkpt lat="30.26911342" lon="120.09704491"><ele>13.045</ele><time>2026-09-17T10:05:14Z</time><sat>34</sat></trkpt>
  <trkpt lat="30.26911749" lon="120.09704414"><ele>13.293</ele><time>2026-09-17T10:05:17Z</time><sat>29</sat></trkpt>
  <trkpt lat="30.26915275" lon="120.09704139"><ele>13.596</ele><time>2026-09-17T10:05:20Z</time><sat>32</sat></trkpt>
  <trkpt lat="30.26927883" lon="120.09703097"><ele>13.574</ele><time>2026-09-17T10:05:23Z</time><sat>30</sat></trkpt>
  <trkpt lat="30.26947948" lon="120.09701830"><ele>13.683</ele><time>2026-09-17T10:05:26Z</time><sat>30</sat></trkpt>
  <trkpt lat="30.26974810" lon="120.09699685"><ele>14.264</ele><time>2026-09-17T10:05:29Z</time><sat>38</sat></trkpt>
  <trkpt lat="30.27004202" lon="120.09697848"><ele>14.469</ele><time>2026-09-17T10:05:32Z</time><sat>30</sat></trkpt>
  <trkpt lat="30.27037740" lon="120.09695797"><ele>14.779</ele><time>2026-09-17T10:05:35Z</time><sat>27</sat></trkpt>
  <trkpt lat="30.27071485" lon="120.09693213"><ele>15.112</ele><time>2026-09-17T10:05:38Z</time><sat>29</sat></trkpt>
  <trkpt lat="30.27097406" lon="120.09691347"><ele>15.540</ele><time>2026-09-17T10:05:41Z</time><sat>27</sat></trkpt>
  <trkpt lat="30.27123118" lon="120.09689697"><ele>16.160</ele><time>2026-09-17T10:05:44Z</time><sat>30</sat></trkpt>
  <trkpt lat="30.27151886" lon="120.09687827"><ele>16.255</ele><time>2026-09-17T10:05:47Z</time><sat>27</sat></trkpt>
  <trkpt lat="30.27177211" lon="120.09686427"><ele>16.080</ele><time>2026-09-17T10:05:50Z</time><sat>25</sat></trkpt>
  <trkpt lat="30.27197261" lon="120.09685456"><ele>16.160</ele><time>2026-09-17T10:05:53Z</time><sat>32</sat></trkpt>
  <trkpt lat="30.27213383" lon="120.09684727"><ele>17.073</ele><time>2026-09-17T10:05:56Z</time><sat>27</sat></trkpt>
  <trkpt lat="30.27222953" lon="120.09684229"><ele>17.342</ele><time>2026-09-17T10:05:59Z</time><sat>24</sat></trkpt>
  <trkpt lat="30.27226682" lon="120.09684087"><ele>17.547</ele><time>2026-09-17T10:06:02Z</time><sat>26</sat></trkpt>
  <trkpt lat="30.27227086" lon="120.09683892"><ele>17.083</ele><time>2026-09-17T10:06:05Z</time><sat>27</sat></trkpt>
  <trkpt lat="30.27227085" lon="120.09683897"><ele>17.086</ele><time>2026-09-17T10:06:08Z</time><sat>24</sat></trkpt>
  <trkpt lat="30.27227085" lon="120.09683897"><ele>17.086</ele><time>2026-09-17T10:06:11Z</time><sat>25</sat></trkpt>
  <trkpt lat="30.27227085" lon="120.09683897"><ele>17.086</ele><time>2026-09-17T10:06:14Z</time><sat>27</sat></trkpt>
  <trkpt lat="30.27227085" lon="120.09683897"><ele>17.086</ele><time>2026-09-17T10:06:17Z</time><sat>31</sat></trkpt>
  <trkpt lat="30.27227085" lon="120.09683897"><ele>17.086</ele><time>2026-09-17T10:06:20Z</time><sat>29</sat></trkpt>
  <trkpt lat="30.27227085" lon="120.09683897"><ele>17.086</ele><time>2026-09-17T10:06:23Z</time><sat>27</sat></trkpt>
  <trkpt lat="30.27227085" lon="120.09683897"><ele>17.086</ele><time>2026-09-17T10:06:26Z</time><sat>29</sat></trkpt>
  <trkpt lat="30.27227085" lon="120.09683897"><ele>17.086</ele><time>2026-09-17T10:06:29Z</time><sat>27</sat></trkpt>
  <trkpt lat="30.27227085" lon="120.09683897"><ele>17.086</ele><time>2026-09-17T10:06:32Z</time><sat>29</sat></trkpt>
  <trkpt lat="30.27227085" lon="120.09683897"><ele>17.086</ele><time>2026-09-17T10:06:35Z</time><sat>29</sat></trkpt>
  <trkpt lat="30.27227085" lon="120.09683897"><ele>17.086</ele><time>2026-09-17T10:06:38Z</time><sat>29</sat></trkpt>
  <trkpt lat="30.27227085" lon="120.09683897"><ele>17.086</ele><time>2026-09-17T10:06:41Z</time><sat>29</sat></trkpt>
  <trkpt lat="30.27227085" lon="120.09683897"><ele>17.086</ele><time>2026-09-17T10:06:44Z</time><sat>28</sat></trkpt>
  <trkpt lat="30.27228374" lon="120.09684086"><ele>18.088</ele><time>2026-09-17T10:06:47Z</time><sat>28</sat></trkpt>
  <trkpt lat="30.27237616" lon="120.09683184"><ele>17.642</ele><time>2026-09-17T10:06:50Z</time><sat>28</sat></trkpt>
  <trkpt lat="30.27251891" lon="120.09681923"><ele>17.386</ele><time>2026-09-17T10:06:53Z</time><sat>32</sat></trkpt>
  <trkpt lat="30.27268881" lon="120.09680874"><ele>17.115</ele><time>2026-09-17T10:06:56Z</time><sat>30</sat></trkpt>
  <trkpt lat="30.27289950" lon="120.09679537"><ele>17.581</ele><time>2026-09-17T10:06:59Z</time><sat>30</sat></trkpt>
  <trkpt lat="30.27312754" lon="120.09677774"><ele>18.409</ele><time>2026-09-17T10:07:02Z</time><sat>31</sat></trkpt>
  <trkpt lat="30.27337359" lon="120.09675794"><ele>18.218</ele><time>2026-09-17T10:07:05Z</time><sat>31</sat></trkpt>
  <trkpt lat="30.27364217" lon="120.09674048"><ele>18.270</ele><time>2026-09-17T10:07:08Z</time><sat>36</sat></trkpt>
  <trkpt lat="30.27390363" lon="120.09672049"><ele>18.258</ele><time>2026-09-17T10:07:11Z</time><sat>31</sat></trkpt>
  <trkpt lat="30.27415602" lon="120.09669792"><ele>18.290</ele><time>2026-09-17T10:07:14Z</time><sat>29</sat></trkpt>
  <trkpt lat="30.27442521" lon="120.09667626"><ele>18.790</ele><time>2026-09-17T10:07:17Z</time><sat>28</sat></trkpt>
  <trkpt lat="30.27471640" lon="120.09665216"><ele>18.513</ele><time>2026-09-17T10:07:20Z</time><sat>31</sat></trkpt>
  <trkpt lat="30.27499814" lon="120.09662552"><ele>18.879</ele><time>2026-09-17T10:07:23Z</time><sat>32</sat></trkpt>
  <trkpt lat="30.27525824" lon="120.09659426"><ele>19.107</ele><time>2026-09-17T10:07:26Z</time><sat>30</sat></trkpt>
  <trkpt lat="30.27544926" lon="120.09656815"><ele>19.054</ele><time>2026-09-17T10:07:29Z</time><sat>29</sat></trkpt>
  <trkpt lat="30.27558331" lon="120.09654726"><ele>18.832</ele><time>2026-09-17T10:07:32Z</time><sat>28</sat></trkpt>
  <trkpt lat="30.27566352" lon="120.09653435"><ele>18.511</ele><time>2026-09-17T10:07:35Z</time><sat>28</sat></trkpt>
  <trkpt lat="30.27570508" lon="120.09652725"><ele>18.718</ele><time>2026-09-17T10:07:38Z</time><sat>31</sat></trkpt>
  <trkpt lat="30.27575038" lon="120.09651823"><ele>18.390</ele><time>2026-09-17T10:07:41Z</time><sat>31</sat></trkpt>
  <trkpt lat="30.27585608" lon="120.09650025"><ele>17.950</ele><time>2026-09-17T10:07:44Z</time><sat>33</sat></trkpt>
  <trkpt lat="30.27602508" lon="120.09647003"><ele>17.376</ele><time>2026-09-17T10:07:47Z</time><sat>30</sat></trkpt>
  <trkpt lat="30.27619655" lon="120.09643765"><ele>17.356</ele><time>2026-09-17T10:07:50Z</time><sat>26</sat></trkpt>
  <trkpt lat="30.27636029" lon="120.09640822"><ele>17.193</ele><time>2026-09-17T10:07:53Z</time><sat>26</sat></trkpt>
  <trkpt lat="30.27655188" lon="120.09636961"><ele>17.394</ele><time>2026-09-17T10:07:56Z</time><sat>28</sat></trkpt>
  <trkpt lat="30.27679232" lon="120.09632642"><ele>17.350</ele><time>2026-09-17T10:07:59Z</time><sat>27</sat></trkpt>
  <trkpt lat="30.27702635" lon="120.09629419"><ele>17.795</ele><time>2026-09-17T10:08:02Z</time><sat>23</sat></trkpt>
  <trkpt lat="30.27721170" lon="120.09625890"><ele>17.749</ele><time>2026-09-17T10:08:05Z</time><sat>22</sat></trkpt>
  <trkpt lat="30.27730052" lon="120.09624348"><ele>17.280</ele><time>2026-09-17T10:08:08Z</time><sat>21</sat></trkpt>
  <trkpt lat="30.27731198" lon="120.09623729"><ele>17.212</ele><time>2026-09-17T10:08:11Z</time><sat>29</sat></trkpt>
  <trkpt lat="30.27731200" lon="120.09623729"><ele>17.211</ele><time>2026-09-17T10:08:14Z</time><sat>28</sat></trkpt>
  <trkpt lat="30.27731200" lon="120.09623729"><ele>17.211</ele><time>2026-09-17T10:08:17Z</time><sat>23</sat></trkpt>
  <trkpt lat="30.27731200" lon="120.09623729"><ele>17.211</ele><time>2026-09-17T10:08:20Z</time><sat>24</sat></trkpt>
  <trkpt lat="30.27731200" lon="120.09623729"><ele>17.211</ele><time>2026-09-17T10:08:23Z</time><sat>23</sat></trkpt>
  <trkpt lat="30.27731200" lon="120.09623729"><ele>17.211</ele><time>2026-09-17T10:08:26Z</time><sat>25</sat></trkpt>
  <trkpt lat="30.27731200" lon="120.09623729"><ele>17.211</ele><time>2026-09-17T10:08:29Z</time><sat>22</sat></trkpt>
  <trkpt lat="30.27731200" lon="120.09623729"><ele>17.211</ele><time>2026-09-17T10:08:32Z</time><sat>26</sat></trkpt>
  <trkpt lat="30.27731200" lon="120.09623729"><ele>17.211</ele><time>2026-09-17T10:08:35Z</time><sat>27</sat></trkpt>
  <trkpt lat="30.27731200" lon="120.09623729"><ele>17.211</ele><time>2026-09-17T10:08:38Z</time><sat>26</sat></trkpt>
  <trkpt lat="30.27731200" lon="120.09623729"><ele>17.211</ele><time>2026-09-17T10:08:41Z</time><sat>27</sat></trkpt>
  <trkpt lat="30.27731200" lon="120.09623729"><ele>17.211</ele><time>2026-09-17T10:08:44Z</time><sat>26</sat></trkpt>
  <trkpt lat="30.27731200" lon="120.09623729"><ele>17.211</ele><time>2026-09-17T10:08:47Z</time><sat>26</sat></trkpt>
  <trkpt lat="30.27731200" lon="120.09623729"><ele>17.211</ele><time>2026-09-17T10:08:50Z</time><sat>25</sat></trkpt>
  <trkpt lat="30.27731200" lon="120.09623729"><ele>17.211</ele><time>2026-09-17T10:08:53Z</time><sat>25</sat></trkpt>
  <trkpt lat="30.27731200" lon="120.09623729"><ele>17.211</ele><time>2026-09-17T10:08:56Z</time><sat>26</sat></trkpt>
  <trkpt lat="30.27731200" lon="120.09623729"><ele>17.211</ele><time>2026-09-17T10:08:59Z</time><sat>25</sat></trkpt>
  <trkpt lat="30.27731200" lon="120.09623729"><ele>17.211</ele><time>2026-09-17T10:09:02Z</time><sat>24</sat></trkpt>
  <trkpt lat="30.27731200" lon="120.09623729"><ele>17.211</ele><time>2026-09-17T10:09:05Z</time><sat>25</sat></trkpt>
  <trkpt lat="30.27731200" lon="120.09623729"><ele>17.211</ele><time>2026-09-17T10:09:08Z</time><sat>24</sat></trkpt>
  <trkpt lat="30.27731200" lon="120.09623729"><ele>17.211</ele><time>2026-09-17T10:09:11Z</time><sat>25</sat></trkpt>
  <trkpt lat="30.27731200" lon="120.09623729"><ele>17.211</ele><time>2026-09-17T10:09:14Z</time><sat>24</sat></trkpt>
  <trkpt lat="30.27732354" lon="120.09621337"><ele>16.062</ele><time>2026-09-17T10:09:17Z</time><sat>24</sat></trkpt>
  <trkpt lat="30.27737868" lon="120.09620273"><ele>16.286</ele><time>2026-09-17T10:09:20Z</time><sat>25</sat></trkpt>
  <trkpt lat="30.27751518" lon="120.09617453"><ele>16.387</ele><time>2026-09-17T10:09:23Z</time><sat>28</sat></trkpt>
  <trkpt lat="30.27768659" lon="120.09614538"><ele>16.583</ele><time>2026-09-17T10:09:26Z</time><sat>30</sat></trkpt>
  <trkpt lat="30.27789358" lon="120.09610926"><ele>16.410</ele><time>2026-09-17T10:09:29Z</time><sat>25</sat></trkpt>
  <trkpt lat="30.27812803" lon="120.09606642"><ele>15.274</ele><time>2026-09-17T10:09:32Z</time><sat>30</sat></trkpt>
  <trkpt lat="30.27837593" lon="120.09601365"><ele>15.511</ele><time>2026-09-17T10:09:35Z</time><sat>30</sat></trkpt>
  <trkpt lat="30.27860580" lon="120.09596889"><ele>15.424</ele><time>2026-09-17T10:09:38Z</time><sat>28</sat></trkpt>
  <trkpt lat="30.27879342" lon="120.09592915"><ele>15.262</ele><time>2026-09-17T10:09:41Z</time><sat>34</sat></trkpt>
  <trkpt lat="30.27889336" lon="120.09590921"><ele>14.976</ele><time>2026-09-17T10:09:44Z</time><sat>32</sat></trkpt>
  <trkpt lat="30.27896439" lon="120.09589371"><ele>15.158</ele><time>2026-09-17T10:09:47Z</time><sat>26</sat></trkpt>
  <trkpt lat="30.27907841" lon="120.09587315"><ele>15.207</ele><time>2026-09-17T10:09:50Z</time><sat>33</sat></trkpt>
  <trkpt lat="30.27926443" lon="120.09583801"><ele>15.183</ele><time>2026-09-17T10:09:53Z</time><sat>35</sat></trkpt>
  <trkpt lat="30.27950116" lon="120.09579408"><ele>14.980</ele><time>2026-09-17T10:09:56Z</time><sat>28</sat></trkpt>
  <trkpt lat="30.27975005" lon="120.09574908"><ele>14.669</ele><time>2026-09-17T10:09:59Z</time><sat>26</sat></trkpt>
  <trkpt lat="30.27999234" lon="120.09570116"><ele>15.070</ele><time>2026-09-17T10:10:02Z</time><sat>31</sat></trkpt>
  <trkpt lat="30.28018730" lon="120.09566473"><ele>15.466</ele><time>2026-09-17T10:10:05Z</time><sat>31</sat></trkpt>
  <trkpt lat="30.28036267" lon="120.09563311"><ele>15.566</ele><time>2026-09-17T10:10:08Z</time><sat>32</sat></trkpt>
  <trkpt lat="30.28051509" lon="120.09560350"><ele>15.614</ele><time>2026-09-17T10:10:11Z</time><sat>31</sat></trkpt>
  <trkpt lat="30.28062571" lon="120.09558240"><ele>15.709</ele><time>2026-09-17T10:10:14Z</time><sat>28</sat></trkpt>
  <trkpt lat="30.28072741" lon="120.09556373"><ele>15.588</ele><time>2026-09-17T10:10:17Z</time><sat>26</sat></trkpt>
  <trkpt lat="30.28082452" lon="120.09554656"><ele>15.184</ele><time>2026-09-17T10:10:20Z</time><sat>33</sat></trkpt>
  <trkpt lat="30.28088571" lon="120.09553449"><ele>15.538</ele><time>2026-09-17T10:10:23Z</time><sat>31</sat></trkpt>
  <trkpt lat="30.28091792" lon="120.09552797"><ele>15.531</ele><time>2026-09-17T10:10:26Z</time><sat>23</sat></trkpt>
  <trkpt lat="30.28092347" lon="120.09552610"><ele>15.581</ele><time>2026-09-17T10:10:29Z</time><sat>31</sat></trkpt>
  <trkpt lat="30.28092347" lon="120.09552610"><ele>15.581</ele><time>2026-09-17T10:10:32Z</time><sat>33</sat></trkpt>
  <trkpt lat="30.28092347" lon="120.09552610"><ele>15.581</ele><time>2026-09-17T10:10:35Z</time><sat>35</sat></trkpt>
  <trkpt lat="30.28092347" lon="120.09552610"><ele>15.581</ele><time>2026-09-17T10:10:38Z</time><sat>34</sat></trkpt>
  <trkpt lat="30.28092736" lon="120.09552599"><ele>14.941</ele><time>2026-09-17T10:10:41Z</time><sat>32</sat></trkpt>
  <trkpt lat="30.28093381" lon="120.09552497"><ele>14.865</ele><time>2026-09-17T10:10:44Z</time><sat>34</sat></trkpt>
  <trkpt lat="30.28093579" lon="120.09552539"><ele>14.688</ele><time>2026-09-17T10:10:47Z</time><sat>31</sat></trkpt>
  <trkpt lat="30.28098792" lon="120.09551677"><ele>14.677</ele><time>2026-09-17T10:10:50Z</time><sat>36</sat></trkpt>
  <trkpt lat="30.28113056" lon="120.09548815"><ele>14.426</ele><time>2026-09-17T10:10:53Z</time><sat>32</sat></trkpt>
  <trkpt lat="30.28134066" lon="120.09544477"><ele>14.633</ele><time>2026-09-17T10:10:56Z</time><sat>32</sat></trkpt>
  <trkpt lat="30.28162563" lon="120.09538988"><ele>14.764</ele><time>2026-09-17T10:10:59Z</time><sat>32</sat></trkpt>
  <trkpt lat="30.28194947" lon="120.09532963"><ele>15.119</ele><time>2026-09-17T10:11:02Z</time><sat>31</sat></trkpt>
  <trkpt lat="30.28226762" lon="120.09526852"><ele>15.506</ele><time>2026-09-17T10:11:05Z</time><sat>35</sat></trkpt>
  <trkpt lat="30.28259085" lon="120.09520128"><ele>15.986</ele><time>2026-09-17T10:11:08Z</time><sat>33</sat></trkpt>
  <trkpt lat="30.28291384" lon="120.09513949"><ele>15.907</ele><time>2026-09-17T10:11:11Z</time><sat>28</sat></trkpt>
  <trkpt lat="30.28325618" lon="120.09508842"><ele>15.499</ele><time>2026-09-17T10:11:14Z</time><sat>24</sat></trkpt>
  <trkpt lat="30.28348948" lon="120.09504562"><ele>15.702</ele><time>2026-09-17T10:11:17Z</time><sat>28</sat></trkpt>
  <trkpt lat="30.28356638" lon="120.09503267"><ele>15.587</ele><time>2026-09-17T10:11:20Z</time><sat>29</sat></trkpt>
  <trkpt lat="30.28357191" lon="120.09503374"><ele>14.971</ele><time>2026-09-17T10:11:23Z</time><sat>33</sat></trkpt>
  <trkpt lat="30.28357191" lon="120.09503374"><ele>14.971</ele><time>2026-09-17T10:11:26Z</time><sat>36</sat></trkpt>
  <trkpt lat="30.28357191" lon="120.09503374"><ele>14.971</ele><time>2026-09-17T10:11:29Z</time><sat>32</sat></trkpt>
  <trkpt lat="30.28357191" lon="120.09503374"><ele>14.971</ele><time>2026-09-17T10:11:32Z</time><sat>35</sat></trkpt>
  <trkpt lat="30.28357191" lon="120.09503374"><ele>14.971</ele><time>2026-09-17T10:11:35Z</time><sat>32</sat></trkpt>
  <trkpt lat="30.28357191" lon="120.09503374"><ele>14.971</ele><time>2026-09-17T10:11:38Z</time><sat>32</sat></trkpt>
  <trkpt lat="30.28357191" lon="120.09503374"><ele>14.971</ele><time>2026-09-17T10:11:41Z</time><sat>34</sat></trkpt>
  <trkpt lat="30.28357191" lon="120.09503374"><ele>14.971</ele><time>2026-09-17T10:11:44Z</time><sat>33</sat></trkpt>
  <trkpt lat="30.28357191" lon="120.09503374"><ele>14.971</ele><time>2026-09-17T10:11:47Z</time><sat>34</sat></trkpt>
  <trkpt lat="30.28357191" lon="120.09503374"><ele>14.971</ele><time>2026-09-17T10:11:50Z</time><sat>32</sat></trkpt>
  <trkpt lat="30.28357191" lon="120.09503374"><ele>14.971</ele><time>2026-09-17T10:11:53Z</time><sat>31</sat></trkpt>
  <trkpt lat="30.28357191" lon="120.09503374"><ele>14.971</ele><time>2026-09-17T10:11:56Z</time><sat>33</sat></trkpt>
  <trkpt lat="30.28357191" lon="120.09503374"><ele>14.971</ele><time>2026-09-17T10:11:59Z</time><sat>34</sat></trkpt>
  <trkpt lat="30.28357191" lon="120.09503374"><ele>14.971</ele><time>2026-09-17T10:12:02Z</time><sat>33</sat></trkpt>
  <trkpt lat="30.28357191" lon="120.09503374"><ele>14.971</ele><time>2026-09-17T10:12:05Z</time><sat>35</sat></trkpt>
  <trkpt lat="30.28357191" lon="120.09503374"><ele>14.971</ele><time>2026-09-17T10:12:08Z</time><sat>34</sat></trkpt>
  <trkpt lat="30.28357191" lon="120.09503374"><ele>14.971</ele><time>2026-09-17T10:12:11Z</time><sat>32</sat></trkpt>
  <trkpt lat="30.28357191" lon="120.09503374"><ele>14.971</ele><time>2026-09-17T10:12:14Z</time><sat>32</sat></trkpt>
  <trkpt lat="30.28357191" lon="120.09503374"><ele>14.971</ele><time>2026-09-17T10:12:17Z</time><sat>33</sat></trkpt>
  <trkpt lat="30.28357191" lon="120.09503374"><ele>14.971</ele><time>2026-09-17T10:12:20Z</time><sat>33</sat></trkpt>
  <trkpt lat="30.28357191" lon="120.09503374"><ele>14.971</ele><time>2026-09-17T10:12:23Z</time><sat>33</sat></trkpt>
  <trkpt lat="30.28357191" lon="120.09503374"><ele>14.971</ele><time>2026-09-17T10:12:26Z</time><sat>34</sat></trkpt>
  <trkpt lat="30.28357191" lon="120.09503374"><ele>14.971</ele><time>2026-09-17T10:12:29Z</time><sat>32</sat></trkpt>
  <trkpt lat="30.28357191" lon="120.09503374"><ele>14.971</ele><time>2026-09-17T10:12:32Z</time><sat>33</sat></trkpt>
  <trkpt lat="30.28357191" lon="120.09503374"><ele>14.971</ele><time>2026-09-17T10:12:35Z</time><sat>34</sat></trkpt>
  <trkpt lat="30.28357191" lon="120.09503374"><ele>14.971</ele><time>2026-09-17T10:12:38Z</time><sat>32</sat></trkpt>
  <trkpt lat="30.28358041" lon="120.09504351"><ele>12.706</ele><time>2026-09-17T10:12:41Z</time><sat>34</sat></trkpt>
  <trkpt lat="30.28363599" lon="120.09503379"><ele>12.812</ele><time>2026-09-17T10:12:44Z</time><sat>35</sat></trkpt>
  <trkpt lat="30.28370722" lon="120.09502085"><ele>12.808</ele><time>2026-09-17T10:12:47Z</time><sat>32</sat></trkpt>
  <trkpt lat="30.28381157" lon="120.09499928"><ele>12.840</ele><time>2026-09-17T10:12:50Z</time><sat>30</sat></trkpt>
  <trkpt lat="30.28392533" lon="120.09497459"><ele>12.844</ele><time>2026-09-17T10:12:53Z</time><sat>30</sat></trkpt>
  <trkpt lat="30.28409352" lon="120.09493938"><ele>12.839</ele><time>2026-09-17T10:12:56Z</time><sat>29</sat></trkpt>
  <trkpt lat="30.28431324" lon="120.09489620"><ele>13.309</ele><time>2026-09-17T10:12:59Z</time><sat>24</sat></trkpt>
  <trkpt lat="30.28452860" lon="120.09485051"><ele>13.101</ele><time>2026-09-17T10:13:02Z</time><sat>32</sat></trkpt>
  <trkpt lat="30.28469819" lon="120.09480798"><ele>13.210</ele><time>2026-09-17T10:13:05Z</time><sat>28</sat></trkpt>
  <trkpt lat="30.28486200" lon="120.09476645"><ele>13.497</ele><time>2026-09-17T10:13:08Z</time><sat>34</sat></trkpt>
  <trkpt lat="30.28507791" lon="120.09473164"><ele>13.284</ele><time>2026-09-17T10:13:11Z</time><sat>26</sat></trkpt>
  <trkpt lat="30.28532574" lon="120.09468548"><ele>13.668</ele><time>2026-09-17T10:13:14Z</time><sat>26</sat></trkpt>
  <trkpt lat="30.28556155" lon="120.09463968"><ele>13.781</ele><time>2026-09-17T10:13:17Z</time><sat>30</sat></trkpt>
  <trkpt lat="30.28578401" lon="120.09459670"><ele>13.751</ele><time>2026-09-17T10:13:20Z</time><sat>22</sat></trkpt>
  <trkpt lat="30.28600250" lon="120.09455406"><ele>13.882</ele><time>2026-09-17T10:13:23Z</time><sat>30</sat></trkpt>
  <trkpt lat="30.28623780" lon="120.09450468"><ele>14.545</ele><time>2026-09-17T10:13:26Z</time><sat>25</sat></trkpt>
  <trkpt lat="30.28650301" lon="120.09445306"><ele>14.641</ele><time>2026-09-17T10:13:29Z</time><sat>30</sat></trkpt>
  <trkpt lat="30.28677532" lon="120.09439875"><ele>14.665</ele><time>2026-09-17T10:13:32Z</time><sat>25</sat></trkpt>
  <trkpt lat="30.28703043" lon="120.09434768"><ele>14.884</ele><time>2026-09-17T10:13:35Z</time><sat>23</sat></trkpt>
  <trkpt lat="30.28729279" lon="120.09428957"><ele>14.789</ele><time>2026-09-17T10:13:38Z</time><sat>24</sat></trkpt>
  <trkpt lat="30.28758840" lon="120.09422128"><ele>15.017</ele><time>2026-09-17T10:13:41Z</time><sat>31</sat></trkpt>
  <trkpt lat="30.28791354" lon="120.09416312"><ele>14.575</ele><time>2026-09-17T10:13:44Z</time><sat>30</sat></trkpt>
  <trkpt lat="30.28822863" lon="120.09410159"><ele>14.492</ele><time>2026-09-17T10:13:47Z</time><sat>28</sat></trkpt>
  <trkpt lat="30.28852348" lon="120.09405319"><ele>14.211</ele><time>2026-09-17T10:13:50Z</time><sat>28</sat></trkpt>
  <trkpt lat="30.28881245" lon="120.09400366"><ele>13.916</ele><time>2026-09-17T10:13:53Z</time><sat>29</sat></trkpt>
  <trkpt lat="30.28912874" lon="120.09393977"><ele>13.510</ele><time>2026-09-17T10:13:56Z</time><sat>32</sat></trkpt>
  <trkpt lat="30.28947075" lon="120.09387090"><ele>13.699</ele><time>2026-09-17T10:13:59Z</time><sat>31</sat></trkpt>
  <trkpt lat="30.28983628" lon="120.09379269"><ele>13.867</ele><time>2026-09-17T10:14:02Z</time><sat>30</sat></trkpt>
  <trkpt lat="30.29020922" lon="120.09370353"><ele>13.865</ele><time>2026-09-17T10:14:05Z</time><sat>30</sat></trkpt>
  <trkpt lat="30.29056100" lon="120.09363220"><ele>13.947</ele><time>2026-09-17T10:14:08Z</time><sat>28</sat></trkpt>
  <trkpt lat="30.29091273" lon="120.09355641"><ele>14.172</ele><time>2026-09-17T10:14:11Z</time><sat>33</sat></trkpt>
  <trkpt lat="30.29128222" lon="120.09348020"><ele>14.259</ele><time>2026-09-17T10:14:14Z</time><sat>35</sat></trkpt>
  <trkpt lat="30.29162816" lon="120.09341141"><ele>14.339</ele><time>2026-09-17T10:14:17Z</time><sat>32</sat></trkpt>
  <trkpt lat="30.29190018" lon="120.09335379"><ele>14.597</ele><time>2026-09-17T10:14:20Z</time><sat>32</sat></trkpt>
  <trkpt lat="30.29208758" lon="120.09331346"><ele>14.578</ele><time>2026-09-17T10:14:23Z</time><sat>29</sat></trkpt>
  <trkpt lat="30.29221324" lon="120.09328870"><ele>15.038</ele><time>2026-09-17T10:14:26Z</time><sat>30</sat></trkpt>
  <trkpt lat="30.29228850" lon="120.09327519"><ele>15.228</ele><time>2026-09-17T10:14:29Z</time><sat>30</sat></trkpt>
  <trkpt lat="30.29233547" lon="120.09326717"><ele>15.822</ele><time>2026-09-17T10:14:32Z</time><sat>30</sat></trkpt>
  <trkpt lat="30.29234827" lon="120.09326481"><ele>16.058</ele><time>2026-09-17T10:14:35Z</time><sat>30</sat></trkpt>
  <trkpt lat="30.29234827" lon="120.09326481"><ele>16.058</ele><time>2026-09-17T10:14:38Z</time><sat>29</sat></trkpt>
  <trkpt lat="30.29234827" lon="120.09326481"><ele>16.058</ele><time>2026-09-17T10:14:41Z</time><sat>28</sat></trkpt>
  <trkpt lat="30.29234827" lon="120.09326481"><ele>16.058</ele><time>2026-09-17T10:14:44Z</time><sat>27</sat></trkpt>
  <trkpt lat="30.29234827" lon="120.09326481"><ele>16.058</ele><time>2026-09-17T10:14:47Z</time><sat>28</sat></trkpt>
  <trkpt lat="30.29234827" lon="120.09326481"><ele>16.058</ele><time>2026-09-17T10:14:50Z</time><sat>29</sat></trkpt>
  <trkpt lat="30.29234827" lon="120.09326481"><ele>16.058</ele><time>2026-09-17T10:14:53Z</time><sat>29</sat></trkpt>
  <trkpt lat="30.29234827" lon="120.09326481"><ele>16.058</ele><time>2026-09-17T10:14:56Z</time><sat>27</sat></trkpt>
  <trkpt lat="30.29234827" lon="120.09326481"><ele>16.058</ele><time>2026-09-17T10:14:59Z</time><sat>29</sat></trkpt>
  <trkpt lat="30.29234827" lon="120.09326481"><ele>16.058</ele><time>2026-09-17T10:15:02Z</time><sat>28</sat></trkpt>
  <trkpt lat="30.29234827" lon="120.09326481"><ele>16.058</ele><time>2026-09-17T10:15:05Z</time><sat>28</sat></trkpt>
  <trkpt lat="30.29234827" lon="120.09326481"><ele>16.058</ele><time>2026-09-17T10:15:08Z</time><sat>29</sat></trkpt>
  <trkpt lat="30.29234827" lon="120.09326481"><ele>16.058</ele><time>2026-09-17T10:15:11Z</time><sat>31</sat></trkpt>
  <trkpt lat="30.29234827" lon="120.09326481"><ele>16.058</ele><time>2026-09-17T10:15:14Z</time><sat>28</sat></trkpt>
  <trkpt lat="30.29234827" lon="120.09326481"><ele>16.058</ele><time>2026-09-17T10:15:17Z</time><sat>30</sat></trkpt>
  <trkpt lat="30.29234827" lon="120.09326481"><ele>16.058</ele><time>2026-09-17T10:15:20Z</time><sat>33</sat></trkpt>
  <trkpt lat="30.29234827" lon="120.09326481"><ele>16.058</ele><time>2026-09-17T10:15:23Z</time><sat>31</sat></trkpt>
  <trkpt lat="30.29234827" lon="120.09326481"><ele>16.058</ele><time>2026-09-17T10:15:26Z</time><sat>30</sat></trkpt>
  <trkpt lat="30.29238203" lon="120.09325980"><ele>16.363</ele><time>2026-09-17T10:15:29Z</time><sat>29</sat></trkpt>
  <trkpt lat="30.29249553" lon="120.09324621"><ele>16.396</ele><time>2026-09-17T10:15:32Z</time><sat>31</sat></trkpt>
  <trkpt lat="30.29265517" lon="120.09322892"><ele>15.409</ele><time>2026-09-17T10:15:35Z</time><sat>29</sat></trkpt>
  <trkpt lat="30.29288442" lon="120.09322222"><ele>15.256</ele><time>2026-09-17T10:15:38Z</time><sat>29</sat></trkpt>
  <trkpt lat="30.29316911" lon="120.09322085"><ele>15.204</ele><time>2026-09-17T10:15:41Z</time><sat>32</sat></trkpt>
  <trkpt lat="30.29350504" lon="120.09322192"><ele>15.042</ele><time>2026-09-17T10:15:44Z</time><sat>31</sat></trkpt>
  <trkpt lat="30.29388865" lon="120.09322263"><ele>15.549</ele><time>2026-09-17T10:15:47Z</time><sat>28</sat></trkpt>
  <trkpt lat="30.29426183" lon="120.09322521"><ele>16.439</ele><time>2026-09-17T10:15:50Z</time><sat>29</sat></trkpt>
  <trkpt lat="30.29462930" lon="120.09322426"><ele>17.449</ele><time>2026-09-17T10:15:53Z</time><sat>32</sat></trkpt>
  <trkpt lat="30.29497776" lon="120.09322683"><ele>18.266</ele><time>2026-09-17T10:15:56Z</time><sat>35</sat></trkpt>
  <trkpt lat="30.29524665" lon="120.09323079"><ele>18.804</ele><time>2026-09-17T10:15:59Z</time><sat>30</sat></trkpt>
  <trkpt lat="30.29544624" lon="120.09322732"><ele>19.049</ele><time>2026-09-17T10:16:02Z</time><sat>33</sat></trkpt>
  <trkpt lat="30.29555128" lon="120.09322588"><ele>18.556</ele><time>2026-09-17T10:16:05Z</time><sat>35</sat></trkpt>
  <trkpt lat="30.29561915" lon="120.09322511"><ele>18.195</ele><time>2026-09-17T10:16:08Z</time><sat>33</sat></trkpt>
  <trkpt lat="30.29568082" lon="120.09322647"><ele>18.053</ele><time>2026-09-17T10:16:11Z</time><sat>34</sat></trkpt>
  <trkpt lat="30.29578288" lon="120.09322853"><ele>17.923</ele><time>2026-09-17T10:16:14Z</time><sat>33</sat></trkpt>
  <trkpt lat="30.29590724" lon="120.09323221"><ele>17.410</ele><time>2026-09-17T10:16:17Z</time><sat>34</sat></trkpt>
  <trkpt lat="30.29608173" lon="120.09324035"><ele>16.814</ele><time>2026-09-17T10:16:20Z</time><sat>31</sat></trkpt>
  <trkpt lat="30.29630673" lon="120.09325338"><ele>16.230</ele><time>2026-09-17T10:16:23Z</time><sat>34</sat></trkpt>
  <trkpt lat="30.29659113" lon="120.09325858"><ele>15.431</ele><time>2026-09-17T10:16:26Z</time><sat>35</sat></trkpt>
  <trkpt lat="30.29685993" lon="120.09326560"><ele>14.824</ele><time>2026-09-17T10:16:29Z</time><sat>34</sat></trkpt>
  <trkpt lat="30.29712398" lon="120.09326265"><ele>15.030</ele><time>2026-09-17T10:16:32Z</time><sat>31</sat></trkpt>
  <trkpt lat="30.29741082" lon="120.09324932"><ele>14.373</ele><time>2026-09-17T10:16:35Z</time><sat>38</sat></trkpt>
  <trkpt lat="30.29766278" lon="120.09324546"><ele>14.175</ele><time>2026-09-17T10:16:38Z</time><sat>36</sat></trkpt>
  <trkpt lat="30.29784495" lon="120.09324664"><ele>14.069</ele><time>2026-09-17T10:16:41Z</time><sat>34</sat></trkpt>
  <trkpt lat="30.29800730" lon="120.09324889"><ele>14.143</ele><time>2026-09-17T10:16:44Z</time><sat>33</sat></trkpt>
  <trkpt lat="30.29818584" lon="120.09324861"><ele>14.043</ele><time>2026-09-17T10:16:47Z</time><sat>34</sat></trkpt>
  <trkpt lat="30.29836295" lon="120.09325045"><ele>13.975</ele><time>2026-09-17T10:16:50Z</time><sat>31</sat></trkpt>
  <trkpt lat="30.29852501" lon="120.09325222"><ele>13.925</ele><time>2026-09-17T10:16:53Z</time><sat>32</sat></trkpt>
  <trkpt lat="30.29866419" lon="120.09325402"><ele>14.074</ele><time>2026-09-17T10:16:56Z</time><sat>31</sat></trkpt>
  <trkpt lat="30.29880978" lon="120.09325592"><ele>14.136</ele><time>2026-09-17T10:16:59Z</time><sat>32</sat></trkpt>
  <trkpt lat="30.29898987" lon="120.09325931"><ele>14.205</ele><time>2026-09-17T10:17:02Z</time><sat>33</sat></trkpt>
  <trkpt lat="30.29918601" lon="120.09326110"><ele>14.453</ele><time>2026-09-17T10:17:05Z</time><sat>32</sat></trkpt>
  <trkpt lat="30.29939118" lon="120.09326312"><ele>14.247</ele><time>2026-09-17T10:17:08Z</time><sat>31</sat></trkpt>
  <trkpt lat="30.29956674" lon="120.09326290"><ele>14.219</ele><time>2026-09-17T10:17:11Z</time><sat>31</sat></trkpt>
  <trkpt lat="30.29972153" lon="120.09326455"><ele>13.781</ele><time>2026-09-17T10:17:14Z</time><sat>29</sat></trkpt>
  <trkpt lat="30.29985083" lon="120.09326581"><ele>13.726</ele><time>2026-09-17T10:17:17Z</time><sat>30</sat></trkpt>
  <trkpt lat="30.29994054" lon="120.09326608"><ele>13.813</ele><time>2026-09-17T10:17:20Z</time><sat>30</sat></trkpt>
  <trkpt lat="30.30004722" lon="120.09326857"><ele>14.056</ele><time>2026-09-17T10:17:23Z</time><sat>29</sat></trkpt>
  <trkpt lat="30.30017900" lon="120.09327097"><ele>14.036</ele><time>2026-09-17T10:17:26Z</time><sat>30</sat></trkpt>
  <trkpt lat="30.30034314" lon="120.09327193"><ele>13.971</ele><time>2026-09-17T10:17:29Z</time><sat>27</sat></trkpt>
  <trkpt lat="30.30052358" lon="120.09327182"><ele>13.434</ele><time>2026-09-17T10:17:32Z</time><sat>26</sat></trkpt>
  <trkpt lat="30.30071562" lon="120.09327723"><ele>13.805</ele><time>2026-09-17T10:17:35Z</time><sat>26</sat></trkpt>
  <trkpt lat="30.30088755" lon="120.09327916"><ele>13.473</ele><time>2026-09-17T10:17:38Z</time><sat>32</sat></trkpt>
  <trkpt lat="30.30106549" lon="120.09328015"><ele>13.640</ele><time>2026-09-17T10:17:41Z</time><sat>31</sat></trkpt>
  <trkpt lat="30.30122379" lon="120.09328392"><ele>14.198</ele><time>2026-09-17T10:17:44Z</time><sat>27</sat></trkpt>
  <trkpt lat="30.30135142" lon="120.09328529"><ele>14.736</ele><time>2026-09-17T10:17:47Z</time><sat>33</sat></trkpt>
  <trkpt lat="30.30148242" lon="120.09328822"><ele>14.821</ele><time>2026-09-17T10:17:50Z</time><sat>34</sat></trkpt>
  <trkpt lat="30.30160485" lon="120.09329045"><ele>15.055</ele><time>2026-09-17T10:17:53Z</time><sat>31</sat></trkpt>
  <trkpt lat="30.30168453" lon="120.09328846"><ele>15.049</ele><time>2026-09-17T10:17:56Z</time><sat>29</sat></trkpt>
  <trkpt lat="30.30174911" lon="120.09329038"><ele>15.558</ele><time>2026-09-17T10:17:59Z</time><sat>32</sat></trkpt>
  <trkpt lat="30.30180535" lon="120.09329222"><ele>15.577</ele><time>2026-09-17T10:18:02Z</time><sat>33</sat></trkpt>
  <trkpt lat="30.30181894" lon="120.09329462"><ele>15.891</ele><time>2026-09-17T10:18:05Z</time><sat>32</sat></trkpt>
  <trkpt lat="30.30181889" lon="120.09329464"><ele>15.882</ele><time>2026-09-17T10:18:08Z</time><sat>32</sat></trkpt>
  <trkpt lat="30.30181889" lon="120.09329464"><ele>15.882</ele><time>2026-09-17T10:18:11Z</time><sat>31</sat></trkpt>
  <trkpt lat="30.30181889" lon="120.09329464"><ele>15.882</ele><time>2026-09-17T10:18:14Z</time><sat>29</sat></trkpt>
  <trkpt lat="30.30181889" lon="120.09329464"><ele>15.882</ele><time>2026-09-17T10:18:17Z</time><sat>30</sat></trkpt>
  <trkpt lat="30.30181889" lon="120.09329464"><ele>15.882</ele><time>2026-09-17T10:18:20Z</time><sat>29</sat></trkpt>
  <trkpt lat="30.30181889" lon="120.09329464"><ele>15.882</ele><time>2026-09-17T10:18:23Z</time><sat>26</sat></trkpt>
  <trkpt lat="30.30181889" lon="120.09329464"><ele>15.882</ele><time>2026-09-17T10:18:26Z</time><sat>30</sat></trkpt>
  <trkpt lat="30.30181889" lon="120.09329464"><ele>15.882</ele><time>2026-09-17T10:18:29Z</time><sat>32</sat></trkpt>
  <trkpt lat="30.30181889" lon="120.09329464"><ele>15.882</ele><time>2026-09-17T10:18:32Z</time><sat>30</sat></trkpt>
  <trkpt lat="30.30181889" lon="120.09329464"><ele>15.882</ele><time>2026-09-17T10:18:35Z</time><sat>28</sat></trkpt>
  <trkpt lat="30.30181889" lon="120.09329464"><ele>15.882</ele><time>2026-09-17T10:18:38Z</time><sat>31</sat></trkpt>
  <trkpt lat="30.30181889" lon="120.09329464"><ele>15.882</ele><time>2026-09-17T10:18:41Z</time><sat>29</sat></trkpt>
  <trkpt lat="30.30181889" lon="120.09329464"><ele>15.882</ele><time>2026-09-17T10:18:44Z</time><sat>30</sat></trkpt>
  <trkpt lat="30.30181889" lon="120.09329464"><ele>15.882</ele><time>2026-09-17T10:18:47Z</time><sat>31</sat></trkpt>
  <trkpt lat="30.30181889" lon="120.09329464"><ele>15.882</ele><time>2026-09-17T10:18:50Z</time><sat>33</sat></trkpt>
  <trkpt lat="30.30181889" lon="120.09329464"><ele>15.882</ele><time>2026-09-17T10:18:53Z</time><sat>31</sat></trkpt>
  <trkpt lat="30.30181889" lon="120.09329464"><ele>15.882</ele><time>2026-09-17T10:18:56Z</time><sat>33</sat></trkpt>
  <trkpt lat="30.30181889" lon="120.09329464"><ele>15.882</ele><time>2026-09-17T10:18:59Z</time><sat>31</sat></trkpt>
  <trkpt lat="30.30181889" lon="120.09329464"><ele>15.882</ele><time>2026-09-17T10:19:02Z</time><sat>33</sat></trkpt>
  <trkpt lat="30.30181889" lon="120.09329464"><ele>15.882</ele><time>2026-09-17T10:19:05Z</time><sat>35</sat></trkpt>
  <trkpt lat="30.30181516" lon="120.09332191"><ele>16.119</ele><time>2026-09-17T10:19:08Z</time><sat>30</sat></trkpt>
  <trkpt lat="30.30186097" lon="120.09332315"><ele>16.294</ele><time>2026-09-17T10:19:11Z</time><sat>30</sat></trkpt>
  <trkpt lat="30.30188459" lon="120.09332451"><ele>16.490</ele><time>2026-09-17T10:19:14Z</time><sat>32</sat></trkpt>
  <trkpt lat="30.30188381" lon="120.09332457"><ele>16.479</ele><time>2026-09-17T10:19:17Z</time><sat>33</sat></trkpt>
  <trkpt lat="30.30188381" lon="120.09332457"><ele>16.479</ele><time>2026-09-17T10:19:20Z</time><sat>33</sat></trkpt>
  <trkpt lat="30.30188381" lon="120.09332457"><ele>16.479</ele><time>2026-09-17T10:19:23Z</time><sat>36</sat></trkpt>
  <trkpt lat="30.30188381" lon="120.09332457"><ele>16.479</ele><time>2026-09-17T10:19:26Z</time><sat>30</sat></trkpt>
  <trkpt lat="30.30188381" lon="120.09332457"><ele>16.479</ele><time>2026-09-17T10:19:29Z</time><sat>33</sat></trkpt>
  <trkpt lat="30.30188381" lon="120.09332457"><ele>16.479</ele><time>2026-09-17T10:19:32Z</time><sat>35</sat></trkpt>
  <trkpt lat="30.30188381" lon="120.09332457"><ele>16.479</ele><time>2026-09-17T10:19:35Z</time><sat>35</sat></trkpt>
  <trkpt lat="30.30188381" lon="120.09332457"><ele>16.479</ele><time>2026-09-17T10:19:38Z</time><sat>33</sat></trkpt>
  <trkpt lat="30.30188381" lon="120.09332457"><ele>16.479</ele><time>2026-09-17T10:19:41Z</time><sat>34</sat></trkpt>
  <trkpt lat="30.30188381" lon="120.09332457"><ele>16.479</ele><time>2026-09-17T10:19:44Z</time><sat>32</sat></trkpt>
  <trkpt lat="30.30188381" lon="120.09332457"><ele>16.479</ele><time>2026-09-17T10:19:47Z</time><sat>32</sat></trkpt>
  <trkpt lat="30.30188381" lon="120.09332457"><ele>16.479</ele><time>2026-09-17T10:19:50Z</time><sat>32</sat></trkpt>
  <trkpt lat="30.30188381" lon="120.09332457"><ele>16.479</ele><time>2026-09-17T10:19:53Z</time><sat>34</sat></trkpt>
  <trkpt lat="30.30188381" lon="120.09332457"><ele>16.479</ele><time>2026-09-17T10:19:56Z</time><sat>31</sat></trkpt>
  <trkpt lat="30.30188381" lon="120.09332457"><ele>16.479</ele><time>2026-09-17T10:19:59Z</time><sat>32</sat></trkpt>
  <trkpt lat="30.30188381" lon="120.09332457"><ele>16.479</ele><time>2026-09-17T10:20:02Z</time><sat>34</sat></trkpt>
  <trkpt lat="30.30188381" lon="120.09332457"><ele>16.479</ele><time>2026-09-17T10:20:05Z</time><sat>34</sat></trkpt>
  <trkpt lat="30.30189591" lon="120.09332784"><ele>16.528</ele><time>2026-09-17T10:20:08Z</time><sat>31</sat></trkpt>
  <trkpt lat="30.30198313" lon="120.09332568"><ele>16.843</ele><time>2026-09-17T10:20:11Z</time><sat>31</sat></trkpt>
  <trkpt lat="30.30210549" lon="120.09331187"><ele>15.750</ele><time>2026-09-17T10:20:14Z</time><sat>35</sat></trkpt>
  <trkpt lat="30.30223343" lon="120.09329663"><ele>15.228</ele><time>2026-09-17T10:20:17Z</time><sat>30</sat></trkpt>
  <trkpt lat="30.30235376" lon="120.09321887"><ele>15.734</ele><time>2026-09-17T10:20:20Z</time><sat>34</sat></trkpt>
  <trkpt lat="30.30243165" lon="120.09305934"><ele>15.933</ele><time>2026-09-17T10:20:23Z</time><sat>33</sat></trkpt>
  <trkpt lat="30.30245394" lon="120.09281363"><ele>15.443</ele><time>2026-09-17T10:20:26Z</time><sat>34</sat></trkpt>
  <trkpt lat="30.30245289" lon="120.09253018"><ele>14.767</ele><time>2026-09-17T10:20:29Z</time><sat>29</sat></trkpt>
  <trkpt lat="30.30245495" lon="120.09222870"><ele>14.877</ele><time>2026-09-17T10:20:32Z</time><sat>25</sat></trkpt>
  <trkpt lat="30.30245412" lon="120.09192020"><ele>14.954</ele><time>2026-09-17T10:20:35Z</time><sat>23</sat></trkpt>
  <trkpt lat="30.30245050" lon="120.09162007"><ele>14.851</ele><time>2026-09-17T10:20:38Z</time><sat>22</sat></trkpt>
  <trkpt lat="30.30246824" lon="120.09128713"><ele>14.680</ele><time>2026-09-17T10:20:41Z</time><sat>21</sat></trkpt>
  <trkpt lat="30.30247893" lon="120.09093070"><ele>14.616</ele><time>2026-09-17T10:20:44Z</time><sat>21</sat></trkpt>
  <trkpt lat="30.30247089" lon="120.09065415"><ele>14.491</ele><time>2026-09-17T10:20:47Z</time><sat>20</sat></trkpt>
  <trkpt lat="30.30245579" lon="120.09043839"><ele>13.992</ele><time>2026-09-17T10:20:50Z</time><sat>24</sat></trkpt>
  <trkpt lat="30.30245141" lon="120.09031999"><ele>14.092</ele><time>2026-09-17T10:20:53Z</time><sat>23</sat></trkpt>
  <trkpt lat="30.30245089" lon="120.09030078"><ele>14.028</ele><time>2026-09-17T10:20:56Z</time><sat>23</sat></trkpt>
  <trkpt lat="30.30245089" lon="120.09030078"><ele>14.028</ele><time>2026-09-17T10:20:59Z</time><sat>27</sat></trkpt>
  <trkpt lat="30.30245089" lon="120.09030078"><ele>14.028</ele><time>2026-09-17T10:21:02Z</time><sat>19</sat></trkpt>
  <trkpt lat="30.30245089" lon="120.09030078"><ele>14.028</ele><time>2026-09-17T10:21:05Z</time><sat>23</sat></trkpt>
  <trkpt lat="30.30245089" lon="120.09030078"><ele>14.028</ele><time>2026-09-17T10:21:08Z</time><sat>18</sat></trkpt>
  <trkpt lat="30.30245089" lon="120.09030078"><ele>14.028</ele><time>2026-09-17T10:21:11Z</time><sat>22</sat></trkpt>
  <trkpt lat="30.30245089" lon="120.09030078"><ele>14.028</ele><time>2026-09-17T10:21:14Z</time><sat>22</sat></trkpt>
  <trkpt lat="30.30245089" lon="120.09030078"><ele>14.028</ele><time>2026-09-17T10:21:17Z</time><sat>28</sat></trkpt>
  <trkpt lat="30.30245119" lon="120.09029085"><ele>13.689</ele><time>2026-09-17T10:21:20Z</time><sat>25</sat></trkpt>
  <trkpt lat="30.30245130" lon="120.09020204"><ele>14.217</ele><time>2026-09-17T10:21:23Z</time><sat>24</sat></trkpt>
  <trkpt lat="30.30245410" lon="120.09004237"><ele>14.549</ele><time>2026-09-17T10:21:26Z</time><sat>28</sat></trkpt>
  <trkpt lat="30.30245562" lon="120.08982999"><ele>13.671</ele><time>2026-09-17T10:21:29Z</time><sat>24</sat></trkpt>
  <trkpt lat="30.30245911" lon="120.08955948"><ele>13.614</ele><time>2026-09-17T10:21:32Z</time><sat>22</sat></trkpt>
  <trkpt lat="30.30246186" lon="120.08927790"><ele>14.292</ele><time>2026-09-17T10:21:35Z</time><sat>20</sat></trkpt>
  <trkpt lat="30.30246642" lon="120.08899174"><ele>13.812</ele><time>2026-09-17T10:21:38Z</time><sat>26</sat></trkpt>
  <trkpt lat="30.30246986" lon="120.08871654"><ele>13.526</ele><time>2026-09-17T10:21:41Z</time><sat>19</sat></trkpt>
  <trkpt lat="30.30248265" lon="120.08849551"><ele>13.524</ele><time>2026-09-17T10:21:44Z</time><sat>20</sat></trkpt>
  <trkpt lat="30.30248612" lon="120.08831314"><ele>13.699</ele><time>2026-09-17T10:21:47Z</time><sat>27</sat></trkpt>
  <trkpt lat="30.30248782" lon="120.08813172"><ele>13.765</ele><time>2026-09-17T10:21:50Z</time><sat>33</sat></trkpt>
  <trkpt lat="30.30248188" lon="120.08799431"><ele>13.485</ele><time>2026-09-17T10:21:53Z</time><sat>33</sat></trkpt>
  <trkpt lat="30.30247959" lon="120.08786269"><ele>12.762</ele><time>2026-09-17T10:21:56Z</time><sat>33</sat></trkpt>
  <trkpt lat="30.30249701" lon="120.08776346"><ele>12.626</ele><time>2026-09-17T10:21:59Z</time><sat>33</sat></trkpt>
  <trkpt lat="30.30258660" lon="120.08768691"><ele>12.536</ele><time>2026-09-17T10:22:02Z</time><sat>35</sat></trkpt>
  <trkpt lat="30.30278502" lon="120.08766741"><ele>11.828</ele><time>2026-09-17T10:22:05Z</time><sat>35</sat></trkpt>
  <trkpt lat="30.30306627" lon="120.08766330"><ele>11.275</ele><time>2026-09-17T10:22:08Z</time><sat>36</sat></trkpt>
  <trkpt lat="30.30340159" lon="120.08765326"><ele>11.547</ele><time>2026-09-17T10:22:11Z</time><sat>33</sat></trkpt>
  <trkpt lat="30.30378980" lon="120.08764399"><ele>11.969</ele><time>2026-09-17T10:22:14Z</time><sat>33</sat></trkpt>
  <trkpt lat="30.30421096" lon="120.08764479"><ele>11.971</ele><time>2026-09-17T10:22:17Z</time><sat>37</sat></trkpt>
  <trkpt lat="30.30463922" lon="120.08764724"><ele>11.661</ele><time>2026-09-17T10:22:20Z</time><sat>33</sat></trkpt>
  <trkpt lat="30.30505014" lon="120.08764532"><ele>11.843</ele><time>2026-09-17T10:22:23Z</time><sat>31</sat></trkpt>
  <trkpt lat="30.30545033" lon="120.08762163"><ele>12.352</ele><time>2026-09-17T10:22:26Z</time><sat>33</sat></trkpt>
  <trkpt lat="30.30581026" lon="120.08761114"><ele>12.324</ele><time>2026-09-17T10:22:29Z</time><sat>35</sat></trkpt>
  <trkpt lat="30.30610571" lon="120.08762669"><ele>12.666</ele><time>2026-09-17T10:22:32Z</time><sat>36</sat></trkpt>
  <trkpt lat="30.30634966" lon="120.08763217"><ele>12.586</ele><time>2026-09-17T10:22:35Z</time><sat>36</sat></trkpt>
  <trkpt lat="30.30650942" lon="120.08763450"><ele>12.742</ele><time>2026-09-17T10:22:38Z</time><sat>37</sat></trkpt>
  <trkpt lat="30.30658456" lon="120.08763525"><ele>12.919</ele><time>2026-09-17T10:22:41Z</time><sat>34</sat></trkpt>
  <trkpt lat="30.30660032" lon="120.08763539"><ele>12.835</ele><time>2026-09-17T10:22:44Z</time><sat>36</sat></trkpt>
  <trkpt lat="30.30660032" lon="120.08763539"><ele>12.835</ele><time>2026-09-17T10:22:47Z</time><sat>28</sat></trkpt>
  <trkpt lat="30.30660032" lon="120.08763539"><ele>12.835</ele><time>2026-09-17T10:22:50Z</time><sat>31</sat></trkpt>
  <trkpt lat="30.30660032" lon="120.08763539"><ele>12.835</ele><time>2026-09-17T10:22:53Z</time><sat>29</sat></trkpt>
  <trkpt lat="30.30660032" lon="120.08763539"><ele>12.835</ele><time>2026-09-17T10:22:56Z</time><sat>31</sat></trkpt>
  <trkpt lat="30.30660032" lon="120.08763539"><ele>12.835</ele><time>2026-09-17T10:22:59Z</time><sat>29</sat></trkpt>
  <trkpt lat="30.30660032" lon="120.08763539"><ele>12.835</ele><time>2026-09-17T10:23:02Z</time><sat>27</sat></trkpt>
  <trkpt lat="30.30660032" lon="120.08763539"><ele>12.835</ele><time>2026-09-17T10:23:05Z</time><sat>28</sat></trkpt>
  <trkpt lat="30.30660032" lon="120.08763539"><ele>12.835</ele><time>2026-09-17T10:23:08Z</time><sat>30</sat></trkpt>
  <trkpt lat="30.30660032" lon="120.08763539"><ele>12.835</ele><time>2026-09-17T10:23:11Z</time><sat>34</sat></trkpt>
  <trkpt lat="30.30660032" lon="120.08763539"><ele>12.835</ele><time>2026-09-17T10:23:14Z</time><sat>34</sat></trkpt>
  <trkpt lat="30.30660032" lon="120.08763539"><ele>12.835</ele><time>2026-09-17T10:23:17Z</time><sat>31</sat></trkpt>
  <trkpt lat="30.30660032" lon="120.08763539"><ele>12.835</ele><time>2026-09-17T10:23:20Z</time><sat>32</sat></trkpt>
  <trkpt lat="30.30660032" lon="120.08763539"><ele>12.835</ele><time>2026-09-17T10:23:23Z</time><sat>33</sat></trkpt>
  <trkpt lat="30.30660032" lon="120.08763539"><ele>12.835</ele><time>2026-09-17T10:23:26Z</time><sat>31</sat></trkpt>
  <trkpt lat="30.30660032" lon="120.08763539"><ele>12.835</ele><time>2026-09-17T10:23:29Z</time><sat>32</sat></trkpt>
  <trkpt lat="30.30660032" lon="120.08763539"><ele>12.835</ele><time>2026-09-17T10:23:32Z</time><sat>33</sat></trkpt>
  <trkpt lat="30.30660032" lon="120.08763539"><ele>12.835</ele><time>2026-09-17T10:23:35Z</time><sat>30</sat></trkpt>
  <trkpt lat="30.30660032" lon="120.08763539"><ele>12.835</ele><time>2026-09-17T10:23:38Z</time><sat>29</sat></trkpt>
  <trkpt lat="30.30660032" lon="120.08763539"><ele>12.835</ele><time>2026-09-17T10:23:41Z</time><sat>32</sat></trkpt>
  <trkpt lat="30.30660032" lon="120.08763539"><ele>12.835</ele><time>2026-09-17T10:23:44Z</time><sat>29</sat></trkpt>
  <trkpt lat="30.30660017" lon="120.08763618"><ele>12.643</ele><time>2026-09-17T10:23:47Z</time><sat>31</sat></trkpt>
  <trkpt lat="30.30665607" lon="120.08763502"><ele>12.606</ele><time>2026-09-17T10:23:50Z</time><sat>33</sat></trkpt>
  <trkpt lat="30.30678409" lon="120.08763116"><ele>12.599</ele><time>2026-09-17T10:23:53Z</time><sat>28</sat></trkpt>
  <trkpt lat="30.30693007" lon="120.08762148"><ele>12.468</ele><time>2026-09-17T10:23:56Z</time><sat>32</sat></trkpt>
  <trkpt lat="30.30705689" lon="120.08760244"><ele>12.299</ele><time>2026-09-17T10:23:59Z</time><sat>29</sat></trkpt>
  <trkpt lat="30.30715394" lon="120.08754335"><ele>12.580</ele><time>2026-09-17T10:24:02Z</time><sat>32</sat></trkpt>
  <trkpt lat="30.30719841" lon="120.08747360"><ele>12.082</ele><time>2026-09-17T10:24:05Z</time><sat>32</sat></trkpt>
  <trkpt lat="30.30722635" lon="120.08739547"><ele>11.371</ele><time>2026-09-17T10:24:08Z</time><sat>30</sat></trkpt>
  <trkpt lat="30.30724764" lon="120.08730069"><ele>11.221</ele><time>2026-09-17T10:24:11Z</time><sat>30</sat></trkpt>
  <trkpt lat="30.30725562" lon="120.08721375"><ele>11.144</ele><time>2026-09-17T10:24:14Z</time><sat>29</sat></trkpt>
  <trkpt lat="30.30725842" lon="120.08711562"><ele>11.098</ele><time>2026-09-17T10:24:17Z</time><sat>32</sat></trkpt>
  <trkpt lat="30.30726051" lon="120.08702374"><ele>11.264</ele><time>2026-09-17T10:24:20Z</time><sat>31</sat></trkpt>
  <trkpt lat="30.30726174" lon="120.08699258"><ele>11.181</ele><time>2026-09-17T10:24:23Z</time><sat>36</sat></trkpt>
  <trkpt lat="30.30726658" lon="120.08690777"><ele>10.805</ele><time>2026-09-17T10:24:26Z</time><sat>35</sat></trkpt>
  <trkpt lat="30.30730398" lon="120.08676227"><ele>10.725</ele><time>2026-09-17T10:24:29Z</time><sat>34</sat></trkpt>
  <trkpt lat="30.30741035" lon="120.08662253"><ele>11.105</ele><time>2026-09-17T10:24:32Z</time><sat>35</sat></trkpt>
  <trkpt lat="30.30750094" lon="120.08646704"><ele>10.761</ele><time>2026-09-17T10:24:35Z</time><sat>34</sat></trkpt>
  <trkpt lat="30.30750672" lon="120.08626011"><ele>10.493</ele><time>2026-09-17T10:24:38Z</time><sat>35</sat></trkpt>
  <trkpt lat="30.30746799" lon="120.08598790"><ele>10.151</ele><time>2026-09-17T10:24:41Z</time><sat>32</sat></trkpt>
  <trkpt lat="30.30742230" lon="120.08568246"><ele>10.556</ele><time>2026-09-17T10:24:44Z</time><sat>33</sat></trkpt>
  <trkpt lat="30.30737460" lon="120.08537878"><ele>10.214</ele><time>2026-09-17T10:24:47Z</time><sat>32</sat></trkpt>
  <trkpt lat="30.30733734" lon="120.08511325"><ele>9.984</ele><time>2026-09-17T10:24:50Z</time><sat>32</sat></trkpt>
  <trkpt lat="30.30731479" lon="120.08487876"><ele>9.175</ele><time>2026-09-17T10:24:53Z</time><sat>34</sat></trkpt>
  <trkpt lat="30.30729883" lon="120.08472456"><ele>9.224</ele><time>2026-09-17T10:24:56Z</time><sat>33</sat></trkpt>
  <trkpt lat="30.30728732" lon="120.08460723"><ele>8.620</ele><time>2026-09-17T10:24:59Z</time><sat>35</sat></trkpt>
  <trkpt lat="30.30727930" lon="120.08453602"><ele>8.762</ele><time>2026-09-17T10:25:02Z</time><sat>37</sat></trkpt>
  <trkpt lat="30.30727915" lon="120.08453059"><ele>8.401</ele><time>2026-09-17T10:25:05Z</time><sat>35</sat></trkpt>
  <trkpt lat="30.30727915" lon="120.08453059"><ele>8.401</ele><time>2026-09-17T10:25:08Z</time><sat>38</sat></trkpt>
  <trkpt lat="30.30727915" lon="120.08453059"><ele>8.401</ele><time>2026-09-17T10:25:11Z</time><sat>36</sat></trkpt>
  <trkpt lat="30.30727915" lon="120.08453059"><ele>8.401</ele><time>2026-09-17T10:25:14Z</time><sat>34</sat></trkpt>
  <trkpt lat="30.30727915" lon="120.08453059"><ele>8.401</ele><time>2026-09-17T10:25:17Z</time><sat>33</sat></trkpt>
  <trkpt lat="30.30727915" lon="120.08453059"><ele>8.401</ele><time>2026-09-17T10:25:20Z</time><sat>34</sat></trkpt>
  <trkpt lat="30.30727606" lon="120.08451252"><ele>8.374</ele><time>2026-09-17T10:25:23Z</time><sat>36</sat></trkpt>
  <trkpt lat="30.30726426" lon="120.08446022"><ele>8.407</ele><time>2026-09-17T10:25:26Z</time><sat>37</sat></trkpt>
  <trkpt lat="30.30723056" lon="120.08433826"><ele>8.445</ele><time>2026-09-17T10:25:29Z</time><sat>39</sat></trkpt>
  <trkpt lat="30.30719126" lon="120.08420188"><ele>8.598</ele><time>2026-09-17T10:25:32Z</time><sat>39</sat></trkpt>
  <trkpt lat="30.30713685" lon="120.08412006"><ele>8.978</ele><time>2026-09-17T10:25:35Z</time><sat>36</sat></trkpt>
  <trkpt lat="30.30704713" lon="120.08411220"><ele>9.171</ele><time>2026-09-17T10:25:38Z</time><sat>36</sat></trkpt>
  <trkpt lat="30.30691897" lon="120.08419165"><ele>9.158</ele><time>2026-09-17T10:25:41Z</time><sat>37</sat></trkpt>
  <trkpt lat="30.30676816" lon="120.08432351"><ele>9.105</ele><time>2026-09-17T10:25:44Z</time><sat>36</sat></trkpt>
  <trkpt lat="30.30657238" lon="120.08447580"><ele>8.987</ele><time>2026-09-17T10:25:47Z</time><sat>34</sat></trkpt>
  <trkpt lat="30.30635622" lon="120.08461783"><ele>9.148</ele><time>2026-09-17T10:25:50Z</time><sat>35</sat></trkpt>
  <trkpt lat="30.30614388" lon="120.08473947"><ele>9.336</ele><time>2026-09-17T10:25:53Z</time><sat>34</sat></trkpt>
  <trkpt lat="30.30594070" lon="120.08484172"><ele>8.944</ele><time>2026-09-17T10:25:56Z</time><sat>30</sat></trkpt>
  <trkpt lat="30.30573642" lon="120.08493328"><ele>8.959</ele><time>2026-09-17T10:25:59Z</time><sat>31</sat></trkpt>
  <trkpt lat="30.30551449" lon="120.08503129"><ele>9.045</ele><time>2026-09-17T10:26:02Z</time><sat>36</sat></trkpt>
  <trkpt lat="30.30532591" lon="120.08510814"><ele>9.200</ele><time>2026-09-17T10:26:05Z</time><sat>36</sat></trkpt>
  <trkpt lat="30.30514321" lon="120.08517746"><ele>8.393</ele><time>2026-09-17T10:26:08Z</time><sat>32</sat></trkpt>
  <trkpt lat="30.30495115" lon="120.08524458"><ele>8.207</ele><time>2026-09-17T10:26:11Z</time><sat>37</sat></trkpt>
  <trkpt lat="30.30476989" lon="120.08530559"><ele>8.164</ele><time>2026-09-17T10:26:14Z</time><sat>33</sat></trkpt>
  <trkpt lat="30.30461957" lon="120.08534415"><ele>7.951</ele><time>2026-09-17T10:26:17Z</time><sat>34</sat></trkpt>
  <trkpt lat="30.30452227" lon="120.08536721"><ele>7.804</ele><time>2026-09-17T10:26:20Z</time><sat>32</sat></trkpt>
  <trkpt lat="30.30450776" lon="120.08537197"><ele>7.830</ele><time>2026-09-17T10:26:23Z</time><sat>35</sat></trkpt>
  <trkpt lat="30.30450776" lon="120.08537196"><ele>7.830</ele><time>2026-09-17T10:26:26Z</time><sat>30</sat></trkpt>
  <trkpt lat="30.30450776" lon="120.08537196"><ele>7.830</ele><time>2026-09-17T10:26:29Z</time><sat>34</sat></trkpt>
  <trkpt lat="30.30450776" lon="120.08537196"><ele>7.830</ele><time>2026-09-17T10:26:32Z</time><sat>34</sat></trkpt>
  <trkpt lat="30.30450776" lon="120.08537196"><ele>7.830</ele><time>2026-09-17T10:26:35Z</time><sat>34</sat></trkpt>
  <trkpt lat="30.30450776" lon="120.08537196"><ele>7.830</ele><time>2026-09-17T10:26:38Z</time><sat>36</sat></trkpt>
  <trkpt lat="30.30449843" lon="120.08537603"><ele>8.018</ele><time>2026-09-17T10:26:41Z</time><sat>35</sat></trkpt>
  <trkpt lat="30.30445167" lon="120.08539624"><ele>8.145</ele><time>2026-09-17T10:26:44Z</time><sat>35</sat></trkpt>
  <trkpt lat="30.30436670" lon="120.08542655"><ele>8.246</ele><time>2026-09-17T10:26:47Z</time><sat>35</sat></trkpt>
  <trkpt lat="30.30423285" lon="120.08546204"><ele>8.410</ele><time>2026-09-17T10:26:50Z</time><sat>32</sat></trkpt>
  <trkpt lat="30.30405727" lon="120.08550406"><ele>8.627</ele><time>2026-09-17T10:26:53Z</time><sat>32</sat></trkpt>
  <trkpt lat="30.30382753" lon="120.08555243"><ele>8.855</ele><time>2026-09-17T10:26:56Z</time><sat>35</sat></trkpt>
  <trkpt lat="30.30360077" lon="120.08559439"><ele>9.270</ele><time>2026-09-17T10:26:59Z</time><sat>34</sat></trkpt>
  <trkpt lat="30.30347026" lon="120.08561463"><ele>9.235</ele><time>2026-09-17T10:27:02Z</time><sat>34</sat></trkpt>
  <trkpt lat="30.30339451" lon="120.08562570"><ele>9.094</ele><time>2026-09-17T10:27:05Z</time><sat>34</sat></trkpt>
  <trkpt lat="30.30326106" lon="120.08564086"><ele>8.933</ele><time>2026-09-17T10:27:08Z</time><sat>35</sat></trkpt>
  <trkpt lat="30.30307329" lon="120.08565963"><ele>8.618</ele><time>2026-09-17T10:27:11Z</time><sat>35</sat></trkpt>
  <trkpt lat="30.30286998" lon="120.08567363"><ele>8.279</ele><time>2026-09-17T10:27:14Z</time><sat>36</sat></trkpt>
  <trkpt lat="30.30266944" lon="120.08567909"><ele>8.440</ele><time>2026-09-17T10:27:17Z</time><sat>38</sat></trkpt>
  <trkpt lat="30.30247072" lon="120.08567984"><ele>8.435</ele><time>2026-09-17T10:27:20Z</time><sat>37</sat></trkpt>
  <trkpt lat="30.30222425" lon="120.08567582"><ele>8.096</ele><time>2026-09-17T10:27:23Z</time><sat>35</sat></trkpt>
  <trkpt lat="30.30196023" lon="120.08565891"><ele>8.029</ele><time>2026-09-17T10:27:26Z</time><sat>34</sat></trkpt>
  <trkpt lat="30.30168772" lon="120.08563732"><ele>7.857</ele><time>2026-09-17T10:27:29Z</time><sat>31</sat></trkpt>
  <trkpt lat="30.30143787" lon="120.08561095"><ele>8.053</ele><time>2026-09-17T10:27:32Z</time><sat>31</sat></trkpt>
  <trkpt lat="30.30122843" lon="120.08558498"><ele>8.276</ele><time>2026-09-17T10:27:35Z</time><sat>31</sat></trkpt>
  <trkpt lat="30.30106617" lon="120.08556213"><ele>8.095</ele><time>2026-09-17T10:27:38Z</time><sat>31</sat></trkpt>
  <trkpt lat="30.30100095" lon="120.08555273"><ele>8.321</ele><time>2026-09-17T10:27:41Z</time><sat>31</sat></trkpt>
  <trkpt lat="30.30093567" lon="120.08554449"><ele>8.207</ele><time>2026-09-17T10:27:44Z</time><sat>30</sat></trkpt>
  <trkpt lat="30.30079806" lon="120.08552504"><ele>8.127</ele><time>2026-09-17T10:27:47Z</time><sat>25</sat></trkpt>
  <trkpt lat="30.30066013" lon="120.08550476"><ele>8.365</ele><time>2026-09-17T10:27:50Z</time><sat>25</sat></trkpt>
  <trkpt lat="30.30059984" lon="120.08549468"><ele>8.577</ele><time>2026-09-17T10:27:53Z</time><sat>21</sat></trkpt>
  <trkpt lat="30.30059652" lon="120.08549060"><ele>7.902</ele><time>2026-09-17T10:27:56Z</time><sat>18</sat></trkpt>
  <trkpt lat="30.30059652" lon="120.08549060"><ele>7.902</ele><time>2026-09-17T10:27:59Z</time><sat>18</sat></trkpt>
  <trkpt lat="30.30059608" lon="120.08548697"><ele>6.459</ele><time>2026-09-17T10:28:02Z</time><sat>21</sat></trkpt>
  <trkpt lat="30.30053350" lon="120.08548064"><ele>6.538</ele><time>2026-09-17T10:28:05Z</time><sat>24</sat></trkpt>
  <trkpt lat="30.30039126" lon="120.08546459"><ele>6.613</ele><time>2026-09-17T10:28:08Z</time><sat>20</sat></trkpt>
  <trkpt lat="30.30021871" lon="120.08543946"><ele>6.608</ele><time>2026-09-17T10:28:11Z</time><sat>21</sat></trkpt>
  <trkpt lat="30.30002119" lon="120.08540362"><ele>6.852</ele><time>2026-09-17T10:28:14Z</time><sat>29</sat></trkpt>
  <trkpt lat="30.29985910" lon="120.08537194"><ele>6.728</ele><time>2026-09-17T10:28:17Z</time><sat>34</sat></trkpt>
  <trkpt lat="30.29974968" lon="120.08532333"><ele>6.729</ele><time>2026-09-17T10:28:20Z</time><sat>30</sat></trkpt>
  <trkpt lat="30.29966701" lon="120.08523300"><ele>7.078</ele><time>2026-09-17T10:28:23Z</time><sat>32</sat></trkpt>
  <trkpt lat="30.29956983" lon="120.08510857"><ele>7.204</ele><time>2026-09-17T10:28:26Z</time><sat>27</sat></trkpt>
  <trkpt lat="30.29947987" lon="120.08499181"><ele>6.921</ele><time>2026-09-17T10:28:29Z</time><sat>26</sat></trkpt>
  <trkpt lat="30.29941302" lon="120.08490843"><ele>6.938</ele><time>2026-09-17T10:28:32Z</time><sat>30</sat></trkpt>
  <trkpt lat="30.29937318" lon="120.08480642"><ele>7.135</ele><time>2026-09-17T10:28:35Z</time><sat>29</sat></trkpt>
  <trkpt lat="30.29936013" lon="120.08463970"><ele>7.132</ele><time>2026-09-17T10:28:38Z</time><sat>32</sat></trkpt>
  <trkpt lat="30.29935701" lon="120.08450746"><ele>7.133</ele><time>2026-09-17T10:28:41Z</time><sat>29</sat></trkpt>
  <trkpt lat="30.29935594" lon="120.08433623"><ele>7.022</ele><time>2026-09-17T10:28:44Z</time><sat>30</sat></trkpt>
  <trkpt lat="30.29935554" lon="120.08411189"><ele>7.226</ele><time>2026-09-17T10:28:47Z</time><sat>29</sat></trkpt>
  <trkpt lat="30.29935524" lon="120.08389041"><ele>7.428</ele><time>2026-09-17T10:28:50Z</time><sat>29</sat></trkpt>
  <trkpt lat="30.29935450" lon="120.08369522"><ele>7.582</ele><time>2026-09-17T10:28:53Z</time><sat>27</sat></trkpt>
  <trkpt lat="30.29935618" lon="120.08347722"><ele>7.411</ele><time>2026-09-17T10:28:56Z</time><sat>28</sat></trkpt>
  <trkpt lat="30.29935371" lon="120.08323277"><ele>7.500</ele><time>2026-09-17T10:28:59Z</time><sat>30</sat></trkpt>
  <trkpt lat="30.29935418" lon="120.08297863"><ele>7.225</ele><time>2026-09-17T10:29:02Z</time><sat>33</sat></trkpt>
  <trkpt lat="30.29935553" lon="120.08272368"><ele>6.579</ele><time>2026-09-17T10:29:05Z</time><sat>31</sat></trkpt>
  <trkpt lat="30.29935707" lon="120.08247814"><ele>6.049</ele><time>2026-09-17T10:29:08Z</time><sat>33</sat></trkpt>
  <trkpt lat="30.29935576" lon="120.08223951"><ele>6.274</ele><time>2026-09-17T10:29:11Z</time><sat>35</sat></trkpt>
  <trkpt lat="30.29935599" lon="120.08200263"><ele>6.600</ele><time>2026-09-17T10:29:14Z</time><sat>36</sat></trkpt>
  <trkpt lat="30.29935652" lon="120.08176240"><ele>6.535</ele><time>2026-09-17T10:29:17Z</time><sat>36</sat></trkpt>
  <trkpt lat="30.29935980" lon="120.08151083"><ele>6.558</ele><time>2026-09-17T10:29:20Z</time><sat>31</sat></trkpt>
  <trkpt lat="30.29935981" lon="120.08124782"><ele>6.637</ele><time>2026-09-17T10:29:23Z</time><sat>33</sat></trkpt>
  <trkpt lat="30.29935943" lon="120.08098711"><ele>6.508</ele><time>2026-09-17T10:29:26Z</time><sat>31</sat></trkpt>
  <trkpt lat="30.29936463" lon="120.08074053"><ele>6.396</ele><time>2026-09-17T10:29:29Z</time><sat>28</sat></trkpt>
  <trkpt lat="30.29937492" lon="120.08052178"><ele>6.390</ele><time>2026-09-17T10:29:32Z</time><sat>34</sat></trkpt>
  <trkpt lat="30.29938589" lon="120.08032281"><ele>6.427</ele><time>2026-09-17T10:29:35Z</time><sat>36</sat></trkpt>
  <trkpt lat="30.29939178" lon="120.08014600"><ele>6.670</ele><time>2026-09-17T10:29:38Z</time><sat>36</sat></trkpt>
  <trkpt lat="30.29939102" lon="120.08005942"><ele>6.587</ele><time>2026-09-17T10:29:41Z</time><sat>31</sat></trkpt>
  <trkpt lat="30.29939081" lon="120.08005525"><ele>6.551</ele><time>2026-09-17T10:29:44Z</time><sat>30</sat></trkpt>
  <trkpt lat="30.29939081" lon="120.08005525"><ele>6.551</ele><time>2026-09-17T10:29:47Z</time><sat>27</sat></trkpt>
  <trkpt lat="30.29939036" lon="120.08005575"><ele>6.568</ele><time>2026-09-17T10:29:50Z</time><sat>22</sat></trkpt>
  <trkpt lat="30.29939036" lon="120.08005575"><ele>6.568</ele><time>2026-09-17T10:29:53Z</time><sat>31</sat></trkpt>
  <trkpt lat="30.29938982" lon="120.08005057"><ele>6.806</ele><time>2026-09-17T10:29:56Z</time><sat>29</sat></trkpt>
  <trkpt lat="30.29938937" lon="120.07998644"><ele>6.661</ele><time>2026-09-17T10:29:59Z</time><sat>29</sat></trkpt>
  <trkpt lat="30.29938534" lon="120.07986460"><ele>6.491</ele><time>2026-09-17T10:30:02Z</time><sat>32</sat></trkpt>
  <trkpt lat="30.29938373" lon="120.07979912"><ele>6.293</ele><time>2026-09-17T10:30:05Z</time><sat>30</sat></trkpt>
  <trkpt lat="30.29938426" lon="120.07977422"><ele>6.125</ele><time>2026-09-17T10:30:08Z</time><sat>31</sat></trkpt>
  <trkpt lat="30.29938494" lon="120.07977290"><ele>6.018</ele><time>2026-09-17T10:30:11Z</time><sat>30</sat></trkpt>
  <trkpt lat="30.29938732" lon="120.07977665"><ele>5.577</ele><time>2026-09-17T10:30:14Z</time><sat>28</sat></trkpt>
  <trkpt lat="30.29938153" lon="120.07976725"><ele>4.546</ele><time>2026-09-17T10:30:17Z</time><sat>38</sat></trkpt>
  <trkpt lat="30.29937516" lon="120.07976721"><ele>4.439</ele><time>2026-09-17T10:30:20Z</time><sat>39</sat></trkpt>
  <trkpt lat="30.29937344" lon="120.07976952"><ele>4.403</ele><time>2026-09-17T10:30:23Z</time><sat>33</sat></trkpt>
  <trkpt lat="30.29937517" lon="120.07976946"><ele>4.064</ele><time>2026-09-17T10:30:26Z</time><sat>33</sat></trkpt>
  <trkpt lat="30.29937612" lon="120.07976787"><ele>3.825</ele><time>2026-09-17T10:30:29Z</time><sat>33</sat></trkpt>
  <trkpt lat="30.29937653" lon="120.07976735"><ele>3.740</ele><time>2026-09-17T10:30:32Z</time><sat>31</sat></trkpt>
  <trkpt lat="30.29937688" lon="120.07976760"><ele>3.797</ele><time>2026-09-17T10:30:35Z</time><sat>33</sat></trkpt>
  <trkpt lat="30.29937033" lon="120.07976331"><ele>3.306</ele><time>2026-09-17T10:30:38Z</time><sat>34</sat></trkpt>
  <trkpt lat="30.29936477" lon="120.07975248"><ele>3.263</ele><time>2026-09-17T10:30:41Z</time><sat>34</sat></trkpt>
  <trkpt lat="30.29936105" lon="120.07974370"><ele>5.657</ele><time>2026-09-17T10:30:44Z</time><sat>36</sat></trkpt>
  <trkpt lat="30.29936308" lon="120.07967169"><ele>4.225</ele><time>2026-09-17T10:30:47Z</time><sat>36</sat></trkpt>
  <trkpt lat="30.29936850" lon="120.07956916"><ele>2.069</ele><time>2026-09-17T10:30:50Z</time><sat>36</sat></trkpt>
  <trkpt lat="30.29936198" lon="120.07936717"><ele>0.101</ele><time>2026-09-17T10:30:53Z</time><sat>38</sat></trkpt>
  <trkpt lat="30.29934323" lon="120.07916534"><ele>-1.288</ele><time>2026-09-17T10:30:56Z</time><sat>36</sat></trkpt>
  <trkpt lat="30.29933418" lon="120.07890314"><ele>-2.348</ele><time>2026-09-17T10:30:59Z</time><sat>38</sat></trkpt>
  <trkpt lat="30.29932817" lon="120.07862264"><ele>-0.211</ele><time>2026-09-17T10:31:02Z</time><sat>38</sat></trkpt>
  <trkpt lat="30.29933876" lon="120.07832504"><ele>-1.117</ele><time>2026-09-17T10:31:05Z</time><sat>37</sat></trkpt>
  <trkpt lat="30.29934045" lon="120.07804004"><ele>0.098</ele><time>2026-09-17T10:31:08Z</time><sat>37</sat></trkpt>
  <trkpt lat="30.29934749" lon="120.07780224"><ele>0.665</ele><time>2026-09-17T10:31:11Z</time><sat>39</sat></trkpt>
  <trkpt lat="30.29934872" lon="120.07760476"><ele>0.603</ele><time>2026-09-17T10:31:14Z</time><sat>40</sat></trkpt>
  <trkpt lat="30.29935206" lon="120.07745686"><ele>1.302</ele><time>2026-09-17T10:31:17Z</time><sat>40</sat></trkpt>
  <trkpt lat="30.29935315" lon="120.07733334"><ele>2.092</ele><time>2026-09-17T10:31:20Z</time><sat>40</sat></trkpt>
  <trkpt lat="30.29935240" lon="120.07722520"><ele>2.227</ele><time>2026-09-17T10:31:23Z</time><sat>40</sat></trkpt>
  <trkpt lat="30.29935257" lon="120.07712440"><ele>2.624</ele><time>2026-09-17T10:31:26Z</time><sat>40</sat></trkpt>
  <trkpt lat="30.29935042" lon="120.07702464"><ele>3.430</ele><time>2026-09-17T10:31:29Z</time><sat>40</sat></trkpt>
  <trkpt lat="30.29934842" lon="120.07692533"><ele>3.875</ele><time>2026-09-17T10:31:32Z</time><sat>40</sat></trkpt>
  <trkpt lat="30.29934645" lon="120.07681865"><ele>4.143</ele><time>2026-09-17T10:31:35Z</time><sat>40</sat></trkpt>
  <trkpt lat="30.29934169" lon="120.07667200"><ele>5.062</ele><time>2026-09-17T10:31:38Z</time><sat>40</sat></trkpt>
  <trkpt lat="30.29933459" lon="120.07649132"><ele>5.416</ele><time>2026-09-17T10:31:41Z</time><sat>42</sat></trkpt>
  <trkpt lat="30.29933400" lon="120.07629588"><ele>5.372</ele><time>2026-09-17T10:31:44Z</time><sat>42</sat></trkpt>
  <trkpt lat="30.29933409" lon="120.07606147"><ele>5.562</ele><time>2026-09-17T10:31:47Z</time><sat>37</sat></trkpt>
  <trkpt lat="30.29932540" lon="120.07580837"><ele>6.644</ele><time>2026-09-17T10:31:50Z</time><sat>40</sat></trkpt>
  <trkpt lat="30.29932676" lon="120.07557584"><ele>7.661</ele><time>2026-09-17T10:31:53Z</time><sat>40</sat></trkpt>
  <trkpt lat="30.29933298" lon="120.07538705"><ele>8.224</ele><time>2026-09-17T10:31:56Z</time><sat>41</sat></trkpt>
  <trkpt lat="30.29933704" lon="120.07522261"><ele>8.322</ele><time>2026-09-17T10:31:59Z</time><sat>39</sat></trkpt>
  <trkpt lat="30.29933798" lon="120.07508104"><ele>8.637</ele><time>2026-09-17T10:32:02Z</time><sat>40</sat></trkpt>
  <trkpt lat="30.29933885" lon="120.07494343"><ele>6.966</ele><time>2026-09-17T10:32:05Z</time><sat>40</sat></trkpt>
  <trkpt lat="30.29934592" lon="120.07478570"><ele>5.303</ele><time>2026-09-17T10:32:08Z</time><sat>38</sat></trkpt>
  <trkpt lat="30.29934776" lon="120.07466367"><ele>3.685</ele><time>2026-09-17T10:32:11Z</time><sat>38</sat></trkpt>
  <trkpt lat="30.29935111" lon="120.07463464"><ele>3.144</ele><time>2026-09-17T10:32:14Z</time><sat>40</sat></trkpt>
  <trkpt lat="30.29935065" lon="120.07462907"><ele>2.564</ele><time>2026-09-17T10:32:17Z</time><sat>40</sat></trkpt>
  <trkpt lat="30.29934962" lon="120.07463126"><ele>2.571</ele><time>2026-09-17T10:32:20Z</time><sat>39</sat></trkpt>
  <trkpt lat="30.29934972" lon="120.07463291"><ele>2.826</ele><time>2026-09-17T10:32:23Z</time><sat>39</sat></trkpt>
  <trkpt lat="30.29935007" lon="120.07463555"><ele>3.121</ele><time>2026-09-17T10:32:26Z</time><sat>41</sat></trkpt>
  <trkpt lat="30.29934573" lon="120.07459758"><ele>4.046</ele><time>2026-09-17T10:32:29Z</time><sat>41</sat></trkpt>
  <trkpt lat="30.29933924" lon="120.07448780"><ele>5.110</ele><time>2026-09-17T10:32:32Z</time><sat>40</sat></trkpt>
  <trkpt lat="30.29933496" lon="120.07431391"><ele>5.102</ele><time>2026-09-17T10:32:35Z</time><sat>40</sat></trkpt>
  <trkpt lat="30.29933574" lon="120.07408695"><ele>5.765</ele><time>2026-09-17T10:32:38Z</time><sat>41</sat></trkpt>
  <trkpt lat="30.29932646" lon="120.07380499"><ele>5.666</ele><time>2026-09-17T10:32:41Z</time><sat>39</sat></trkpt>
  <trkpt lat="30.29933940" lon="120.07350203"><ele>6.239</ele><time>2026-09-17T10:32:44Z</time><sat>37</sat></trkpt>
  <trkpt lat="30.29936562" lon="120.07320225"><ele>6.215</ele><time>2026-09-17T10:32:47Z</time><sat>40</sat></trkpt>
  <trkpt lat="30.29941472" lon="120.07291377"><ele>7.142</ele><time>2026-09-17T10:32:50Z</time><sat>40</sat></trkpt>
  <trkpt lat="30.29949718" lon="120.07261542"><ele>7.817</ele><time>2026-09-17T10:32:53Z</time><sat>39</sat></trkpt>
  <trkpt lat="30.29960427" lon="120.07229994"><ele>8.466</ele><time>2026-09-17T10:32:56Z</time><sat>40</sat></trkpt>
  <trkpt lat="30.29970384" lon="120.07199377"><ele>8.895</ele><time>2026-09-17T10:32:59Z</time><sat>38</sat></trkpt>
  <trkpt lat="30.29978010" lon="120.07169493"><ele>7.782</ele><time>2026-09-17T10:33:02Z</time><sat>35</sat></trkpt>
  <trkpt lat="30.29979754" lon="120.07139164"><ele>7.369</ele><time>2026-09-17T10:33:05Z</time><sat>39</sat></trkpt>
  <trkpt lat="30.29980651" lon="120.07107062"><ele>6.118</ele><time>2026-09-17T10:33:08Z</time><sat>38</sat></trkpt>
  <trkpt lat="30.29981562" lon="120.07073527"><ele>5.134</ele><time>2026-09-17T10:33:11Z</time><sat>39</sat></trkpt>
  <trkpt lat="30.29982008" lon="120.07045554"><ele>5.683</ele><time>2026-09-17T10:33:14Z</time><sat>40</sat></trkpt>
  <trkpt lat="30.29983867" lon="120.07024556"><ele>6.263</ele><time>2026-09-17T10:33:17Z</time><sat>41</sat></trkpt>
  <trkpt lat="30.29985023" lon="120.07006968"><ele>7.760</ele><time>2026-09-17T10:33:20Z</time><sat>39</sat></trkpt>
  <trkpt lat="30.29985368" lon="120.06988907"><ele>7.432</ele><time>2026-09-17T10:33:23Z</time><sat>38</sat></trkpt>
  <trkpt lat="30.29984187" lon="120.06968324"><ele>8.376</ele><time>2026-09-17T10:33:26Z</time><sat>37</sat></trkpt>
  <trkpt lat="30.29989901" lon="120.06953325"><ele>8.108</ele><time>2026-09-17T10:33:29Z</time><sat>41</sat></trkpt>
  <trkpt lat="30.30007193" lon="120.06945333"><ele>7.724</ele><time>2026-09-17T10:33:32Z</time><sat>40</sat></trkpt>
  <trkpt lat="30.30033230" lon="120.06936869"><ele>7.322</ele><time>2026-09-17T10:33:35Z</time><sat>39</sat></trkpt>
  <trkpt lat="30.30056326" lon="120.06924613"><ele>6.972</ele><time>2026-09-17T10:33:38Z</time><sat>39</sat></trkpt>
  <trkpt lat="30.30072229" lon="120.06915182"><ele>7.032</ele><time>2026-09-17T10:33:41Z</time><sat>38</sat></trkpt>
  <trkpt lat="30.30090317" lon="120.06904046"><ele>7.823</ele><time>2026-09-17T10:33:44Z</time><sat>37</sat></trkpt>
  <trkpt lat="30.30111967" lon="120.06892184"><ele>8.579</ele><time>2026-09-17T10:33:47Z</time><sat>38</sat></trkpt>
  <trkpt lat="30.30136661" lon="120.06879028"><ele>8.462</ele><time>2026-09-17T10:33:50Z</time><sat>40</sat></trkpt>
  <trkpt lat="30.30159616" lon="120.06866484"><ele>7.573</ele><time>2026-09-17T10:33:53Z</time><sat>40</sat></trkpt>
  <trkpt lat="30.30180677" lon="120.06855085"><ele>7.616</ele><time>2026-09-17T10:33:56Z</time><sat>34</sat></trkpt>
  <trkpt lat="30.30200194" lon="120.06844602"><ele>8.236</ele><time>2026-09-17T10:33:59Z</time><sat>39</sat></trkpt>
  <trkpt lat="30.30218024" lon="120.06838854"><ele>8.606</ele><time>2026-09-17T10:34:02Z</time><sat>39</sat></trkpt>
  <trkpt lat="30.30235587" lon="120.06836117"><ele>7.910</ele><time>2026-09-17T10:34:05Z</time><sat>38</sat></trkpt>
  <trkpt lat="30.30246218" lon="120.06835165"><ele>6.908</ele><time>2026-09-17T10:34:08Z</time><sat>36</sat></trkpt>
  <trkpt lat="30.30244445" lon="120.06833046"><ele>7.920</ele><time>2026-09-17T10:34:11Z</time><sat>39</sat></trkpt>
  <trkpt lat="30.30244943" lon="120.06833086"><ele>8.418</ele><time>2026-09-17T10:34:14Z</time><sat>39</sat></trkpt>
  <trkpt lat="30.30241196" lon="120.06840396"><ele>13.720</ele><time>2026-09-17T10:34:17Z</time><sat>40</sat></trkpt>
  <trkpt lat="30.30236943" lon="120.06841263"><ele>14.223</ele><time>2026-09-17T10:34:20Z</time><sat>41</sat></trkpt>
  <trkpt lat="30.30233973" lon="120.06839856"><ele>12.618</ele><time>2026-09-17T10:34:23Z</time><sat>39</sat></trkpt>
  <trkpt lat="30.30231584" lon="120.06836795"><ele>11.190</ele><time>2026-09-17T10:34:26Z</time><sat>39</sat></trkpt>
  <trkpt lat="30.30229306" lon="120.06832004"><ele>9.974</ele><time>2026-09-17T10:34:29Z</time><sat>40</sat></trkpt>
  <trkpt lat="30.30227024" lon="120.06827708"><ele>9.178</ele><time>2026-09-17T10:34:32Z</time><sat>40</sat></trkpt>
  <trkpt lat="30.30224523" lon="120.06824486"><ele>8.920</ele><time>2026-09-17T10:34:35Z</time><sat>40</sat></trkpt>
  <trkpt lat="30.30220297" lon="120.06824355"><ele>9.461</ele><time>2026-09-17T10:34:38Z</time><sat>40</sat></trkpt>
  <trkpt lat="30.30216664" lon="120.06821716"><ele>9.918</ele><time>2026-09-17T10:34:41Z</time><sat>41</sat></trkpt>
  <trkpt lat="30.30214396" lon="120.06816819"><ele>10.003</ele><time>2026-09-17T10:34:44Z</time><sat>40</sat></trkpt>
  <trkpt lat="30.30211578" lon="120.06812980"><ele>11.174</ele><time>2026-09-17T10:34:47Z</time><sat>40</sat></trkpt>
  <trkpt lat="30.30209298" lon="120.06809580"><ele>10.867</ele><time>2026-09-17T10:34:50Z</time><sat>40</sat></trkpt>
  <trkpt lat="30.30209117" lon="120.06806624"><ele>10.153</ele><time>2026-09-17T10:34:53Z</time><sat>39</sat></trkpt>
  <trkpt lat="30.30209077" lon="120.06802648"><ele>10.411</ele><time>2026-09-17T10:34:56Z</time><sat>36</sat></trkpt>
  <trkpt lat="30.30204525" lon="120.06799061"><ele>8.725</ele><time>2026-09-17T10:34:59Z</time><sat>35</sat></trkpt>
  <trkpt lat="30.30200693" lon="120.06795681"><ele>8.446</ele><time>2026-09-17T10:35:02Z</time><sat>35</sat></trkpt>
  <trkpt lat="30.30198963" lon="120.06791455"><ele>7.653</ele><time>2026-09-17T10:35:05Z</time><sat>36</sat></trkpt>
  <trkpt lat="30.30199695" lon="120.06786578"><ele>7.738</ele><time>2026-09-17T10:35:08Z</time><sat>36</sat></trkpt>
  <trkpt lat="30.30202032" lon="120.06782754"><ele>8.753</ele><time>2026-09-17T10:35:11Z</time><sat>34</sat></trkpt>
  <trkpt lat="30.30204923" lon="120.06780146"><ele>7.267</ele><time>2026-09-17T10:35:14Z</time><sat>36</sat></trkpt>
  <trkpt lat="30.30209839" lon="120.06781155"><ele>8.703</ele><time>2026-09-17T10:35:17Z</time><sat>38</sat></trkpt>
  <trkpt lat="30.30212600" lon="120.06781509"><ele>9.431</ele><time>2026-09-17T10:35:20Z</time><sat>38</sat></trkpt>
  <trkpt lat="30.30212782" lon="120.06781503"><ele>9.438</ele><time>2026-09-17T10:35:23Z</time><sat>20</sat></trkpt>
  <trkpt lat="30.30212829" lon="120.06781501"><ele>9.444</ele><time>2026-09-17T10:35:26Z</time></trkpt>
  <trkpt lat="30.30214882" lon="120.06783916"><ele>9.528</ele><time>2026-09-17T10:35:29Z</time></trkpt>
  <trkpt lat="30.30215292" lon="120.06785023"><ele>9.534</ele><time>2026-09-17T10:35:32Z</time><sat>5</sat></trkpt>
  <trkpt lat="30.30215362" lon="120.06785363"><ele>9.534</ele><time>2026-09-17T10:35:35Z</time><sat>5</sat></trkpt>
  <trkpt lat="30.30217656" lon="120.06785412"><ele>9.535</ele><time>2026-09-17T10:35:38Z</time></trkpt>
  <trkpt lat="30.30220171" lon="120.06785420"><ele>9.536</ele><time>2026-09-17T10:35:41Z</time></trkpt>
  <trkpt lat="30.30220769" lon="120.06785421"><ele>9.535</ele><time>2026-09-17T10:35:44Z</time></trkpt>
  <trkpt lat="30.30218156" lon="120.06785560"><ele>9.535</ele><time>2026-09-17T10:35:47Z</time></trkpt>
  <trkpt lat="30.30218008" lon="120.06785568"><ele>9.535</ele><time>2026-09-17T10:35:50Z</time></trkpt>
  <trkpt lat="30.30217973" lon="120.06785569"><ele>9.535</ele><time>2026-09-17T10:35:53Z</time></trkpt>
  <trkpt lat="30.30217963" lon="120.06785570"><ele>9.535</ele><time>2026-09-17T10:35:56Z</time></trkpt>
  <trkpt lat="30.30217961" lon="120.06785570"><ele>9.535</ele><time>2026-09-17T10:35:59Z</time></trkpt>
  <trkpt lat="30.30217960" lon="120.06785570"><ele>9.535</ele><time>2026-09-17T10:36:02Z</time></trkpt>
  <trkpt lat="30.30217960" lon="120.06785570"><ele>9.535</ele><time>2026-09-17T10:36:05Z</time></trkpt>
  <trkpt lat="30.30217960" lon="120.06785570"><ele>9.535</ele><time>2026-09-17T10:36:08Z</time></trkpt>
  <trkpt lat="30.30217960" lon="120.06785570"><ele>9.535</ele><time>2026-09-17T10:36:11Z</time></trkpt>
  <trkpt lat="30.30217960" lon="120.06785570"><ele>9.535</ele><time>2026-09-17T10:36:14Z</time></trkpt>
  <trkpt lat="30.30217960" lon="120.06785570"><ele>9.535</ele><time>2026-09-17T10:36:17Z</time></trkpt>
  <trkpt lat="30.30217960" lon="120.06785570"><ele>9.535</ele><time>2026-09-17T10:36:20Z</time></trkpt>
  <trkpt lat="30.30217960" lon="120.06785570"><ele>9.535</ele><time>2026-09-17T10:36:23Z</time></trkpt>
  <trkpt lat="30.30217960" lon="120.06785570"><ele>9.535</ele><time>2026-09-17T10:36:26Z</time></trkpt>
  <trkpt lat="30.30221829" lon="120.06768577"><ele>15.814</ele><time>2026-09-17T10:37:19Z</time><sat>34</sat></trkpt>
  <trkpt lat="30.30222136" lon="120.06768693"><ele>13.948</ele><time>2026-09-17T10:37:22Z</time><sat>36</sat></trkpt>
  <trkpt lat="30.30221385" lon="120.06765786"><ele>11.030</ele><time>2026-09-17T10:37:25Z</time><sat>38</sat></trkpt>
  <trkpt lat="30.30215087" lon="120.06759907"><ele>8.003</ele><time>2026-09-17T10:37:28Z</time><sat>36</sat></trkpt>
  <trkpt lat="30.30213651" lon="120.06755977"><ele>8.495</ele><time>2026-09-17T10:37:31Z</time><sat>31</sat></trkpt>
  <trkpt lat="30.30204871" lon="120.06758250"><ele>7.911</ele><time>2026-09-17T10:37:34Z</time><sat>27</sat></trkpt>
  <trkpt lat="30.30201081" lon="120.06760417"><ele>7.808</ele><time>2026-09-17T10:37:37Z</time><sat>28</sat></trkpt>
  <trkpt lat="30.30200478" lon="120.06760777"><ele>7.805</ele><time>2026-09-17T10:37:40Z</time><sat>20</sat></trkpt>
  <trkpt lat="30.30200320" lon="120.06760871"><ele>7.803</ele><time>2026-09-17T10:37:43Z</time></trkpt>
  <trkpt lat="30.30196596" lon="120.06764148"><ele>7.696</ele><time>2026-09-17T10:37:46Z</time></trkpt>
  <trkpt lat="30.30194179" lon="120.06768760"><ele>7.928</ele><time>2026-09-17T10:37:49Z</time><sat>12</sat></trkpt>
  <trkpt lat="30.30193610" lon="120.06767390"><ele>7.868</ele><time>2026-09-17T10:37:52Z</time><sat>12</sat></trkpt>
  <trkpt lat="30.30193922" lon="120.06765624"><ele>7.659</ele><time>2026-09-17T10:37:55Z</time><sat>6</sat></trkpt>
  <trkpt lat="30.30193327" lon="120.06758725"><ele>6.827</ele><time>2026-09-17T10:37:58Z</time><sat>5</sat></trkpt>
  <trkpt lat="30.30191597" lon="120.06752985"><ele>7.044</ele><time>2026-09-17T10:38:01Z</time><sat>9</sat></trkpt>
  <trkpt lat="30.30192527" lon="120.06748340"><ele>6.956</ele><time>2026-09-17T10:38:04Z</time><sat>8</sat></trkpt>
  <trkpt lat="30.30192111" lon="120.06748937"><ele>7.088</ele><time>2026-09-17T10:38:07Z</time><sat>6</sat></trkpt>
  <trkpt lat="30.30191571" lon="120.06747006"><ele>6.037</ele><time>2026-09-17T10:38:10Z</time><sat>7</sat></trkpt>
  <trkpt lat="30.30191138" lon="120.06749158"><ele>5.272</ele><time>2026-09-17T10:38:13Z</time><sat>8</sat></trkpt>
  <trkpt lat="30.30190991" lon="120.06752651"><ele>5.280</ele><time>2026-09-17T10:38:16Z</time><sat>6</sat></trkpt>
  <trkpt lat="30.30190739" lon="120.06754646"><ele>5.598</ele><time>2026-09-17T10:38:19Z</time><sat>4</sat></trkpt>
  <trkpt lat="30.30190673" lon="120.06755105"><ele>5.598</ele><time>2026-09-17T10:38:22Z</time><sat>3</sat></trkpt>
  <trkpt lat="30.30190669" lon="120.06755135"><ele>5.600</ele><time>2026-09-17T10:38:25Z</time><sat>2</sat></trkpt>
  <trkpt lat="30.30190669" lon="120.06755137"><ele>5.600</ele><time>2026-09-17T10:38:28Z</time></trkpt>
  <trkpt lat="30.30190668" lon="120.06755137"><ele>5.600</ele><time>2026-09-17T10:38:31Z</time></trkpt>
  <trkpt lat="30.30190668" lon="120.06755137"><ele>5.600</ele><time>2026-09-17T10:38:34Z</time></trkpt>
  <trkpt lat="30.30190668" lon="120.06755138"><ele>5.600</ele><time>2026-09-17T10:38:37Z</time></trkpt>
  <trkpt lat="30.30190668" lon="120.06755138"><ele>5.600</ele><time>2026-09-17T10:38:40Z</time></trkpt>
  <trkpt lat="30.30195162" lon="120.06737049"><ele>4.903</ele><time>2026-09-17T10:38:43Z</time></trkpt>
  <trkpt lat="30.30233285" lon="120.06733071"><ele>-0.058</ele><time>2026-09-17T10:38:46Z</time><sat>5</sat></trkpt>
  <trkpt lat="30.30184564" lon="120.06729261"><ele>3.962</ele><time>2026-09-17T10:38:49Z</time><sat>11</sat></trkpt>
  <trkpt lat="30.30184482" lon="120.06728247"><ele>-1.242</ele><time>2026-09-17T10:38:52Z</time><sat>17</sat></trkpt>
  <trkpt lat="30.30186663" lon="120.06727426"><ele>1.868</ele><time>2026-09-17T10:38:55Z</time><sat>17</sat></trkpt>
  <trkpt lat="30.30182103" lon="120.06728545"><ele>-2.558</ele><time>2026-09-17T10:38:58Z</time><sat>16</sat></trkpt>
  <trkpt lat="30.30184208" lon="120.06730255"><ele>-3.226</ele><time>2026-09-17T10:39:01Z</time><sat>19</sat></trkpt>
  <trkpt lat="30.30186265" lon="120.06731495"><ele>-5.329</ele><time>2026-09-17T10:39:04Z</time><sat>18</sat></trkpt>
  <trkpt lat="30.30187792" lon="120.06732123"><ele>-5.790</ele><time>2026-09-17T10:39:07Z</time><sat>17</sat></trkpt>
  <trkpt lat="30.30187756" lon="120.06732110"><ele>-5.798</ele><time>2026-09-17T10:39:10Z</time><sat>17</sat></trkpt>
  <trkpt lat="30.30185079" lon="120.06732044"><ele>-5.941</ele><time>2026-09-17T10:39:13Z</time><sat>11</sat></trkpt>
  <trkpt lat="30.30184426" lon="120.06734890"><ele>-5.763</ele><time>2026-09-17T10:39:16Z</time><sat>7</sat></trkpt>
  <trkpt lat="30.30185775" lon="120.06731429"><ele>-5.783</ele><time>2026-09-17T10:39:19Z</time><sat>9</sat></trkpt>
  <trkpt lat="30.30186021" lon="120.06729824"><ele>-5.832</ele><time>2026-09-17T10:39:22Z</time><sat>11</sat></trkpt>
  <trkpt lat="30.30186089" lon="120.06727407"><ele>-5.902</ele><time>2026-09-17T10:39:25Z</time><sat>8</sat></trkpt>
  <trkpt lat="30.30185960" lon="120.06726324"><ele>-5.899</ele><time>2026-09-17T10:39:28Z</time><sat>2</sat></trkpt>
  <trkpt lat="30.30185947" lon="120.06726207"><ele>-5.898</ele><time>2026-09-17T10:39:31Z</time><sat>1</sat></trkpt>
  <trkpt lat="30.30185943" lon="120.06726176"><ele>-5.897</ele><time>2026-09-17T10:39:34Z</time></trkpt>
  <trkpt lat="30.30185942" lon="120.06726167"><ele>-5.897</ele><time>2026-09-17T10:39:37Z</time></trkpt>
  <trkpt lat="30.30185942" lon="120.06726166"><ele>-5.897</ele><time>2026-09-17T10:39:40Z</time></trkpt>
  <trkpt lat="30.30188592" lon="120.06728918"><ele>-8.033</ele><time>2026-09-17T10:39:43Z</time></trkpt>
  <trkpt lat="30.30163862" lon="120.06741595"><ele>-5.372</ele><time>2026-09-17T10:39:46Z</time><sat>5</sat></trkpt>
  <trkpt lat="30.30166244" lon="120.06734644"><ele>-1.027</ele><time>2026-09-17T10:39:49Z</time><sat>12</sat></trkpt>
  <trkpt lat="30.30163458" lon="120.06737074"><ele>0.103</ele><time>2026-09-17T10:39:52Z</time><sat>14</sat></trkpt>
  <trkpt lat="30.30162462" lon="120.06737675"><ele>0.585</ele><time>2026-09-17T10:39:55Z</time><sat>7</sat></trkpt>
  <trkpt lat="30.30161323" lon="120.06739580"><ele>-0.534</ele><time>2026-09-17T10:39:58Z</time><sat>5</sat></trkpt>
  <trkpt lat="30.30160246" lon="120.06741287"><ele>-0.030</ele><time>2026-09-17T10:40:01Z</time><sat>9</sat></trkpt>
  <trkpt lat="30.30151925" lon="120.06741034"><ele>3.526</ele><time>2026-09-17T10:40:04Z</time><sat>12</sat></trkpt>
  <trkpt lat="30.30147907" lon="120.06745484"><ele>8.560</ele><time>2026-09-17T10:40:07Z</time><sat>21</sat></trkpt>
  <trkpt lat="30.30146322" lon="120.06748364"><ele>4.530</ele><time>2026-09-17T10:40:10Z</time><sat>35</sat></trkpt>
  <trkpt lat="30.30146177" lon="120.06752705"><ele>5.341</ele><time>2026-09-17T10:40:13Z</time><sat>36</sat></trkpt>
  <trkpt lat="30.30144316" lon="120.06758367"><ele>5.699</ele><time>2026-09-17T10:40:16Z</time><sat>33</sat></trkpt>
  <trkpt lat="30.30141371" lon="120.06763863"><ele>8.065</ele><time>2026-09-17T10:40:19Z</time><sat>35</sat></trkpt>
  <trkpt lat="30.30140955" lon="120.06768938"><ele>11.316</ele><time>2026-09-17T10:40:22Z</time><sat>37</sat></trkpt>
  <trkpt lat="30.30145626" lon="120.06775320"><ele>15.567</ele><time>2026-09-17T10:40:25Z</time><sat>36</sat></trkpt>
  <trkpt lat="30.30152552" lon="120.06780634"><ele>16.111</ele><time>2026-09-17T10:40:28Z</time><sat>34</sat></trkpt>
  <trkpt lat="30.30154082" lon="120.06786677"><ele>16.755</ele><time>2026-09-17T10:40:31Z</time><sat>35</sat></trkpt>
  <trkpt lat="30.30155555" lon="120.06793542"><ele>18.947</ele><time>2026-09-17T10:40:34Z</time><sat>35</sat></trkpt>
  <trkpt lat="30.30156681" lon="120.06798096"><ele>19.147</ele><time>2026-09-17T10:40:37Z</time><sat>33</sat></trkpt>
  <trkpt lat="30.30157616" lon="120.06802362"><ele>17.789</ele><time>2026-09-17T10:40:40Z</time><sat>33</sat></trkpt>
  <trkpt lat="30.30159055" lon="120.06807060"><ele>16.301</ele><time>2026-09-17T10:40:43Z</time><sat>34</sat></trkpt>
  <trkpt lat="30.30158588" lon="120.06811750"><ele>16.204</ele><time>2026-09-17T10:40:46Z</time><sat>36</sat></trkpt>
  <trkpt lat="30.30159177" lon="120.06816110"><ele>16.320</ele><time>2026-09-17T10:40:49Z</time><sat>37</sat></trkpt>
  <trkpt lat="30.30159722" lon="120.06820060"><ele>16.611</ele><time>2026-09-17T10:40:52Z</time><sat>37</sat></trkpt>
  <trkpt lat="30.30160074" lon="120.06823966"><ele>16.523</ele><time>2026-09-17T10:40:55Z</time><sat>37</sat></trkpt>
  <trkpt lat="30.30160927" lon="120.06827818"><ele>15.719</ele><time>2026-09-17T10:40:58Z</time><sat>39</sat></trkpt>
  <trkpt lat="30.30160550" lon="120.06832311"><ele>16.080</ele><time>2026-09-17T10:41:01Z</time><sat>38</sat></trkpt>
  <trkpt lat="30.30160859" lon="120.06836535"><ele>16.355</ele><time>2026-09-17T10:41:04Z</time><sat>41</sat></trkpt>
  <trkpt lat="30.30161733" lon="120.06840808"><ele>16.312</ele><time>2026-09-17T10:41:07Z</time><sat>42</sat></trkpt>
  <trkpt lat="30.30162427" lon="120.06844214"><ele>15.384</ele><time>2026-09-17T10:41:10Z</time><sat>42</sat></trkpt>
  <trkpt lat="30.30162722" lon="120.06848192"><ele>15.030</ele><time>2026-09-17T10:41:13Z</time><sat>43</sat></trkpt>
  <trkpt lat="30.30161781" lon="120.06852314"><ele>15.014</ele><time>2026-09-17T10:41:16Z</time><sat>42</sat></trkpt>
  <trkpt lat="30.30162055" lon="120.06855968"><ele>12.858</ele><time>2026-09-17T10:41:19Z</time><sat>28</sat></trkpt>
  <trkpt lat="30.30163950" lon="120.06859085"><ele>11.679</ele><time>2026-09-17T10:41:22Z</time><sat>39</sat></trkpt>
  <trkpt lat="30.30165892" lon="120.06863073"><ele>11.553</ele><time>2026-09-17T10:41:25Z</time><sat>42</sat></trkpt>
  <trkpt lat="30.30167035" lon="120.06866919"><ele>11.444</ele><time>2026-09-17T10:41:28Z</time><sat>42</sat></trkpt>
  <trkpt lat="30.30163288" lon="120.06869944"><ele>11.670</ele><time>2026-09-17T10:41:31Z</time><sat>42</sat></trkpt>
  <trkpt lat="30.30159104" lon="120.06872260"><ele>11.980</ele><time>2026-09-17T10:41:34Z</time><sat>42</sat></trkpt>
  <trkpt lat="30.30155297" lon="120.06874224"><ele>11.707</ele><time>2026-09-17T10:41:37Z</time><sat>41</sat></trkpt>
  <trkpt lat="30.30151462" lon="120.06875473"><ele>10.663</ele><time>2026-09-17T10:41:40Z</time><sat>39</sat></trkpt>
  <trkpt lat="30.30148370" lon="120.06878513"><ele>10.450</ele><time>2026-09-17T10:41:43Z</time><sat>37</sat></trkpt>
  <trkpt lat="30.30146047" lon="120.06882367"><ele>10.759</ele><time>2026-09-17T10:41:46Z</time><sat>37</sat></trkpt>
  <trkpt lat="30.30143516" lon="120.06886609"><ele>12.532</ele><time>2026-09-17T10:41:49Z</time><sat>38</sat></trkpt>
  <trkpt lat="30.30145090" lon="120.06891478"><ele>12.813</ele><time>2026-09-17T10:41:52Z</time><sat>38</sat></trkpt>
  <trkpt lat="30.30144976" lon="120.06896094"><ele>12.414</ele><time>2026-09-17T10:41:55Z</time><sat>38</sat></trkpt>
  <trkpt lat="30.30144962" lon="120.06900351"><ele>11.292</ele><time>2026-09-17T10:41:58Z</time><sat>34</sat></trkpt>
  <trkpt lat="30.30144620" lon="120.06905926"><ele>11.463</ele><time>2026-09-17T10:42:02Z</time><sat>32</sat></trkpt>
  <trkpt lat="30.30146518" lon="120.06909274"><ele>10.809</ele><time>2026-09-17T10:42:05Z</time><sat>29</sat></trkpt>
  <trkpt lat="30.30148527" lon="120.06910632"><ele>9.653</ele><time>2026-09-17T10:42:08Z</time><sat>31</sat></trkpt>
  <trkpt lat="30.30150238" lon="120.06914230"><ele>9.358</ele><time>2026-09-17T10:42:11Z</time><sat>30</sat></trkpt>
  <trkpt lat="30.30150765" lon="120.06915286"><ele>9.383</ele><time>2026-09-17T10:42:14Z</time><sat>27</sat></trkpt>
  <trkpt lat="30.30150560" lon="120.06915027"><ele>9.381</ele><time>2026-09-17T10:42:17Z</time></trkpt>
  <trkpt lat="30.30150507" lon="120.06914959"><ele>9.380</ele><time>2026-09-17T10:42:20Z</time></trkpt>
  <trkpt lat="30.30150493" lon="120.06914942"><ele>9.380</ele><time>2026-09-17T10:42:23Z</time></trkpt>
  <trkpt lat="30.30150489" lon="120.06914937"><ele>9.379</ele><time>2026-09-17T10:42:26Z</time></trkpt>
  <trkpt lat="30.30150488" lon="120.06914935"><ele>9.379</ele><time>2026-09-17T10:42:31Z</time></trkpt>
  <trkpt lat="30.30150488" lon="120.06914935"><ele>9.379</ele><time>2026-09-17T10:42:35Z</time></trkpt>
  <trkpt lat="30.30150488" lon="120.06914935"><ele>9.379</ele><time>2026-09-17T10:42:38Z</time></trkpt>
  <trkpt lat="30.30150488" lon="120.06914935"><ele>9.379</ele><time>2026-09-17T10:42:41Z</time></trkpt>
  <trkpt lat="30.30150488" lon="120.06914935"><ele>9.379</ele><time>2026-09-17T10:42:44Z</time></trkpt>
  <trkpt lat="30.30150488" lon="120.06914935"><ele>9.379</ele><time>2026-09-17T10:42:47Z</time></trkpt>
  <trkpt lat="30.30150488" lon="120.06914935"><ele>9.379</ele><time>2026-09-17T10:42:50Z</time></trkpt>
  <trkpt lat="30.30150488" lon="120.06914935"><ele>9.379</ele><time>2026-09-17T10:42:53Z</time></trkpt>
  <trkpt lat="30.30150488" lon="120.06914935"><ele>9.379</ele><time>2026-09-17T10:42:56Z</time></trkpt>
  <trkpt lat="30.30150488" lon="120.06914935"><ele>9.379</ele><time>2026-09-17T10:42:59Z</time></trkpt>
  <trkpt lat="30.30150488" lon="120.06914935"><ele>9.379</ele><time>2026-09-17T10:43:02Z</time></trkpt>
  <trkpt lat="30.30150488" lon="120.06914935"><ele>9.379</ele><time>2026-09-17T10:43:05Z</time></trkpt>
  <trkpt lat="30.30150488" lon="120.06914935"><ele>9.379</ele><time>2026-09-17T10:43:08Z</time></trkpt>
  <trkpt lat="30.30247854" lon="120.06918727"><ele>-25.283</ele><time>2026-09-17T10:50:12Z</time><sat>9</sat></trkpt>
  <trkpt lat="30.30249148" lon="120.06918328"><ele>-27.990</ele><time>2026-09-17T10:50:15Z</time><sat>9</sat></trkpt>
  <trkpt lat="30.30247520" lon="120.06919500"><ele>-25.106</ele><time>2026-09-17T10:50:18Z</time><sat>9</sat></trkpt>
  <trkpt lat="30.30245868" lon="120.06922455"><ele>-35.582</ele><time>2026-09-17T10:50:21Z</time><sat>9</sat></trkpt>
  <trkpt lat="30.30244099" lon="120.06923273"><ele>-33.825</ele><time>2026-09-17T10:50:24Z</time><sat>8</sat></trkpt>
  <trkpt lat="30.30243063" lon="120.06923714"><ele>-31.067</ele><time>2026-09-17T10:50:27Z</time><sat>9</sat></trkpt>
  <trkpt lat="30.30241635" lon="120.06923432"><ele>-28.499</ele><time>2026-09-17T10:50:30Z</time><sat>10</sat></trkpt>
  <trkpt lat="30.30243347" lon="120.06923792"><ele>-33.228</ele><time>2026-09-17T10:50:33Z</time><sat>11</sat></trkpt>
  <trkpt lat="30.30242601" lon="120.06925215"><ele>-39.116</ele><time>2026-09-17T10:50:36Z</time><sat>9</sat></trkpt>
  <trkpt lat="30.30241902" lon="120.06927811"><ele>-37.020</ele><time>2026-09-17T10:50:39Z</time><sat>9</sat></trkpt>
  <trkpt lat="30.30243305" lon="120.06918483"><ele>-49.366</ele><time>2026-09-17T10:50:42Z</time><sat>11</sat></trkpt>
  <trkpt lat="30.30244764" lon="120.06912396"><ele>-46.860</ele><time>2026-09-17T10:50:45Z</time><sat>12</sat></trkpt>
  <trkpt lat="30.30246979" lon="120.06912288"><ele>-44.953</ele><time>2026-09-17T10:50:48Z</time><sat>12</sat></trkpt>
  <trkpt lat="30.30249117" lon="120.06915966"><ele>-49.516</ele><time>2026-09-17T10:50:51Z</time><sat>8</sat></trkpt>
  <trkpt lat="30.30249081" lon="120.06920174"><ele>-46.567</ele><time>2026-09-17T10:50:54Z</time><sat>10</sat></trkpt>
  <trkpt lat="30.30250675" lon="120.06926308"><ele>-49.275</ele><time>2026-09-17T10:50:57Z</time><sat>11</sat></trkpt>
  <trkpt lat="30.30248805" lon="120.06931444"><ele>-48.808</ele><time>2026-09-17T10:51:00Z</time><sat>11</sat></trkpt>
  <trkpt lat="30.30244798" lon="120.06933236"><ele>-48.652</ele><time>2026-09-17T10:51:03Z</time><sat>10</sat></trkpt>
  <trkpt lat="30.30242046" lon="120.06938488"><ele>-47.029</ele><time>2026-09-17T10:51:06Z</time><sat>13</sat></trkpt>
  <trkpt lat="30.30239331" lon="120.06937642"><ele>-47.281</ele><time>2026-09-17T10:51:09Z</time><sat>12</sat></trkpt>
  <trkpt lat="30.30242272" lon="120.06937584"><ele>-41.573</ele><time>2026-09-17T10:51:12Z</time><sat>9</sat></trkpt>
  <trkpt lat="30.30245042" lon="120.06929534"><ele>-38.772</ele><time>2026-09-17T10:51:15Z</time><sat>9</sat></trkpt>
  <trkpt lat="30.30252274" lon="120.06926014"><ele>-37.824</ele><time>2026-09-17T10:51:18Z</time><sat>11</sat></trkpt>
  <trkpt lat="30.30257482" lon="120.06927524"><ele>-40.406</ele><time>2026-09-17T10:51:21Z</time><sat>14</sat></trkpt>
  <trkpt lat="30.30259816" lon="120.06926782"><ele>-40.654</ele><time>2026-09-17T10:51:24Z</time><sat>10</sat></trkpt>
  <trkpt lat="30.30254919" lon="120.06930613"><ele>-35.913</ele><time>2026-09-17T10:51:27Z</time><sat>10</sat></trkpt>
  <trkpt lat="30.30255615" lon="120.06926090"><ele>-36.600</ele><time>2026-09-17T10:51:30Z</time><sat>11</sat></trkpt>
  <trkpt lat="30.30255547" lon="120.06923209"><ele>-35.819</ele><time>2026-09-17T10:51:33Z</time><sat>10</sat></trkpt>
  <trkpt lat="30.30255226" lon="120.06920621"><ele>-35.627</ele><time>2026-09-17T10:51:36Z</time><sat>8</sat></trkpt>
  <trkpt lat="30.30253370" lon="120.06917039"><ele>-35.492</ele><time>2026-09-17T10:51:39Z</time><sat>7</sat></trkpt>
  <trkpt lat="30.30248056" lon="120.06907747"><ele>-31.701</ele><time>2026-09-17T10:51:42Z</time><sat>5</sat></trkpt>
  <trkpt lat="30.30249105" lon="120.06942294"><ele>-32.850</ele><time>2026-09-17T10:52:31Z</time><sat>6</sat></trkpt>
  <trkpt lat="30.30256511" lon="120.06931213"><ele>-41.268</ele><time>2026-09-17T10:52:34Z</time><sat>6</sat></trkpt>
  <trkpt lat="30.30260525" lon="120.06924633"><ele>-40.699</ele><time>2026-09-17T10:52:37Z</time><sat>8</sat></trkpt>
  <trkpt lat="30.30262933" lon="120.06920807"><ele>-40.427</ele><time>2026-09-17T10:52:40Z</time><sat>7</sat></trkpt>
  <trkpt lat="30.30258090" lon="120.06924422"><ele>-40.369</ele><time>2026-09-17T10:52:43Z</time><sat>5</sat></trkpt>
  <trkpt lat="30.30256312" lon="120.06927522"><ele>-42.539</ele><time>2026-09-17T10:52:46Z</time><sat>7</sat></trkpt>
  <trkpt lat="30.30257219" lon="120.06925783"><ele>-45.816</ele><time>2026-09-17T10:52:49Z</time><sat>9</sat></trkpt>
  <trkpt lat="30.30257888" lon="120.06924827"><ele>-45.746</ele><time>2026-09-17T10:52:52Z</time><sat>10</sat></trkpt>
  <trkpt lat="30.30257399" lon="120.06925511"><ele>-46.250</ele><time>2026-09-17T10:52:55Z</time><sat>8</sat></trkpt>
  <trkpt lat="30.30255308" lon="120.06927907"><ele>-46.529</ele><time>2026-09-17T10:52:58Z</time><sat>6</sat></trkpt>
  <trkpt lat="30.30253350" lon="120.06926313"><ele>-47.291</ele><time>2026-09-17T10:53:01Z</time><sat>6</sat></trkpt>
  <trkpt lat="30.30250653" lon="120.06926289"><ele>-46.911</ele><time>2026-09-17T10:53:04Z</time><sat>6</sat></trkpt>
  <trkpt lat="30.30244889" lon="120.06916329"><ele>-46.880</ele><time>2026-09-17T10:53:07Z</time><sat>5</sat></trkpt>
  <trkpt lat="30.30246165" lon="120.06926347"><ele>-42.395</ele><time>2026-09-17T10:53:10Z</time><sat>5</sat></trkpt>
  <trkpt lat="30.30248520" lon="120.06933167"><ele>-41.171</ele><time>2026-09-17T10:53:13Z</time><sat>6</sat></trkpt>
  <trkpt lat="30.30248759" lon="120.06935281"><ele>-41.188</ele><time>2026-09-17T10:53:16Z</time><sat>8</sat></trkpt>
  <trkpt lat="30.30246302" lon="120.06934275"><ele>-41.709</ele><time>2026-09-17T10:53:19Z</time><sat>7</sat></trkpt>
  <trkpt lat="30.30241580" lon="120.06936838"><ele>-42.751</ele><time>2026-09-17T10:53:22Z</time><sat>3</sat></trkpt>
  <trkpt lat="30.30243238" lon="120.06940603"><ele>-43.129</ele><time>2026-09-17T10:53:25Z</time><sat>4</sat></trkpt>
  <trkpt lat="30.30238497" lon="120.06940690"><ele>-42.926</ele><time>2026-09-17T10:53:28Z</time><sat>8</sat></trkpt>
  <trkpt lat="30.30233283" lon="120.06939954"><ele>-42.654</ele><time>2026-09-17T10:53:31Z</time><sat>7</sat></trkpt>
  <trkpt lat="30.30230309" lon="120.06941502"><ele>-42.684</ele><time>2026-09-17T10:53:34Z</time><sat>5</sat></trkpt>
  <trkpt lat="30.30240528" lon="120.06942765"><ele>-41.460</ele><time>2026-09-17T10:53:37Z</time><sat>3</sat></trkpt>
  <trkpt lat="30.30244412" lon="120.06944479"><ele>-41.398</ele><time>2026-09-17T10:53:40Z</time><sat>7</sat></trkpt>
  <trkpt lat="30.30241388" lon="120.06950357"><ele>-41.338</ele><time>2026-09-17T10:53:43Z</time><sat>7</sat></trkpt>
  <trkpt lat="30.30239023" lon="120.06954393"><ele>-41.343</ele><time>2026-09-17T10:53:46Z</time><sat>3</sat></trkpt>
  <trkpt lat="30.30235770" lon="120.06961608"><ele>-41.311</ele><time>2026-09-17T10:53:50Z</time><sat>3</sat></trkpt>
  <trkpt lat="30.30206968" lon="120.06948892"><ele>-34.451</ele><time>2026-09-17T10:54:14Z</time><sat>2</sat></trkpt>
  <trkpt lat="30.30209057" lon="120.06942366"><ele>-33.939</ele><time>2026-09-17T10:54:17Z</time><sat>3</sat></trkpt>
  <trkpt lat="30.30219825" lon="120.06928320"><ele>-33.047</ele><time>2026-09-17T10:54:20Z</time><sat>4</sat></trkpt>
  <trkpt lat="30.30251625" lon="120.06935342"><ele>-14.999</ele><time>2026-09-17T10:57:25Z</time><sat>6</sat></trkpt>
  <trkpt lat="30.30251437" lon="120.06929752"><ele>-14.159</ele><time>2026-09-17T10:57:28Z</time><sat>5</sat></trkpt>
  <trkpt lat="30.30252717" lon="120.06925556"><ele>-13.845</ele><time>2026-09-17T10:57:31Z</time><sat>7</sat></trkpt>
  <trkpt lat="30.30256061" lon="120.06922191"><ele>-15.769</ele><time>2026-09-17T10:57:34Z</time><sat>6</sat></trkpt>
  <trkpt lat="30.30253620" lon="120.06923391"><ele>-16.018</ele><time>2026-09-17T10:57:37Z</time><sat>4</sat></trkpt>
  <trkpt lat="30.30253227" lon="120.06925679"><ele>-18.132</ele><time>2026-09-17T10:57:40Z</time><sat>7</sat></trkpt>
  <trkpt lat="30.30256197" lon="120.06924704"><ele>-17.709</ele><time>2026-09-17T10:57:43Z</time><sat>7</sat></trkpt>
  <trkpt lat="30.30258348" lon="120.06935794"><ele>-18.552</ele><time>2026-09-17T10:57:46Z</time><sat>6</sat></trkpt>
  <trkpt lat="30.30260827" lon="120.06932089"><ele>-19.635</ele><time>2026-09-17T10:57:49Z</time><sat>9</sat></trkpt>
  <trkpt lat="30.30260217" lon="120.06924524"><ele>-18.999</ele><time>2026-09-17T10:57:52Z</time><sat>10</sat></trkpt>
  <trkpt lat="30.30257894" lon="120.06921662"><ele>-18.850</ele><time>2026-09-17T10:57:55Z</time><sat>8</sat></trkpt>
  <trkpt lat="30.30257821" lon="120.06922166"><ele>-21.482</ele><time>2026-09-17T10:57:58Z</time><sat>6</sat></trkpt>
  <trkpt lat="30.30258900" lon="120.06918168"><ele>-21.547</ele><time>2026-09-17T10:58:01Z</time><sat>7</sat></trkpt>
  <trkpt lat="30.30261597" lon="120.06911985"><ele>-22.991</ele><time>2026-09-17T10:58:04Z</time><sat>7</sat></trkpt>
  <trkpt lat="30.30261365" lon="120.06928298"><ele>-15.752</ele><time>2026-09-17T10:58:07Z</time><sat>6</sat></trkpt>
  <trkpt lat="30.30260700" lon="120.06935965"><ele>-16.852</ele><time>2026-09-17T10:58:10Z</time><sat>7</sat></trkpt>
  <trkpt lat="30.30258733" lon="120.06939514"><ele>-15.234</ele><time>2026-09-17T10:58:13Z</time><sat>8</sat></trkpt>
  <trkpt lat="30.30255599" lon="120.06939214"><ele>-14.019</ele><time>2026-09-17T10:58:16Z</time><sat>7</sat></trkpt>
  <trkpt lat="30.30253457" lon="120.06934917"><ele>-13.455</ele><time>2026-09-17T10:58:19Z</time><sat>5</sat></trkpt>
  <trkpt lat="30.30246229" lon="120.06935408"><ele>-12.213</ele><time>2026-09-17T10:58:22Z</time><sat>5</sat></trkpt>
  <trkpt lat="30.30244815" lon="120.06933284"><ele>-12.423</ele><time>2026-09-17T10:58:25Z</time><sat>6</sat></trkpt>
  <trkpt lat="30.30245271" lon="120.06933658"><ele>-12.095</ele><time>2026-09-17T10:58:28Z</time><sat>6</sat></trkpt>
  <trkpt lat="30.30243486" lon="120.06935039"><ele>-11.800</ele><time>2026-09-17T10:58:31Z</time><sat>6</sat></trkpt>
  <trkpt lat="30.30241887" lon="120.06937430"><ele>-11.176</ele><time>2026-09-17T10:58:34Z</time><sat>5</sat></trkpt>
  <trkpt lat="30.30241847" lon="120.06940606"><ele>-6.869</ele><time>2026-09-17T10:58:37Z</time><sat>6</sat></trkpt>
  <trkpt lat="30.30242821" lon="120.06946288"><ele>5.930</ele><time>2026-09-17T10:58:40Z</time><sat>9</sat></trkpt>
  <trkpt lat="30.30242853" lon="120.06937095"><ele>8.437</ele><time>2026-09-17T10:58:43Z</time><sat>8</sat></trkpt>
  <trkpt lat="30.30243600" lon="120.06933105"><ele>7.434</ele><time>2026-09-17T10:58:46Z</time><sat>7</sat></trkpt>
  <trkpt lat="30.30244301" lon="120.06936629"><ele>6.089</ele><time>2026-09-17T10:58:49Z</time><sat>10</sat></trkpt>
  <trkpt lat="30.30244017" lon="120.06938652"><ele>6.505</ele><time>2026-09-17T10:58:52Z</time><sat>9</sat></trkpt>
  <trkpt lat="30.30243608" lon="120.06939733"><ele>6.494</ele><time>2026-09-17T10:58:55Z</time><sat>5</sat></trkpt>
  <trkpt lat="30.30248423" lon="120.06937890"><ele>6.222</ele><time>2026-09-17T10:58:58Z</time><sat>5</sat></trkpt>
  <trkpt lat="30.30248719" lon="120.06937481"><ele>6.531</ele><time>2026-09-17T10:59:01Z</time><sat>7</sat></trkpt>
  <trkpt lat="30.30250103" lon="120.06935795"><ele>7.406</ele><time>2026-09-17T10:59:04Z</time><sat>7</sat></trkpt>
  <trkpt lat="30.30252182" lon="120.06934576"><ele>7.017</ele><time>2026-09-17T10:59:07Z</time><sat>6</sat></trkpt>
  <trkpt lat="30.30253928" lon="120.06932352"><ele>6.671</ele><time>2026-09-17T10:59:10Z</time><sat>5</sat></trkpt>
  <trkpt lat="30.30254317" lon="120.06932327"><ele>7.832</ele><time>2026-09-17T10:59:13Z</time><sat>7</sat></trkpt>
  <trkpt lat="30.30252638" lon="120.06930112"><ele>9.426</ele><time>2026-09-17T10:59:16Z</time><sat>7</sat></trkpt>
  <trkpt lat="30.30250242" lon="120.06931823"><ele>10.085</ele><time>2026-09-17T10:59:19Z</time><sat>8</sat></trkpt>
  <trkpt lat="30.30249578" lon="120.06935539"><ele>9.987</ele><time>2026-09-17T10:59:22Z</time><sat>8</sat></trkpt>
  <trkpt lat="30.30250122" lon="120.06933309"><ele>10.814</ele><time>2026-09-17T10:59:25Z</time><sat>7</sat></trkpt>
  <trkpt lat="30.30249233" lon="120.06928840"><ele>13.834</ele><time>2026-09-17T10:59:28Z</time><sat>6</sat></trkpt>
  <trkpt lat="30.30247499" lon="120.06924239"><ele>17.348</ele><time>2026-09-17T10:59:31Z</time><sat>6</sat></trkpt>
  <trkpt lat="30.30245575" lon="120.06926565"><ele>23.732</ele><time>2026-09-17T10:59:34Z</time><sat>6</sat></trkpt>
  <trkpt lat="30.30244703" lon="120.06926459"><ele>24.178</ele><time>2026-09-17T10:59:37Z</time><sat>7</sat></trkpt>
  <trkpt lat="30.30240910" lon="120.06927165"><ele>29.942</ele><time>2026-09-17T10:59:40Z</time><sat>7</sat></trkpt>
  <trkpt lat="30.30238392" lon="120.06927291"><ele>29.944</ele><time>2026-09-17T10:59:43Z</time><sat>6</sat></trkpt>
  <trkpt lat="30.30236789" lon="120.06931726"><ele>30.246</ele><time>2026-09-17T10:59:46Z</time><sat>6</sat></trkpt>
  <trkpt lat="30.30236516" lon="120.06935687"><ele>32.565</ele><time>2026-09-17T10:59:49Z</time><sat>11</sat></trkpt>
  <trkpt lat="30.30235903" lon="120.06934079"><ele>36.400</ele><time>2026-09-17T10:59:52Z</time><sat>10</sat></trkpt>
  <trkpt lat="30.30232890" lon="120.06931752"><ele>38.416</ele><time>2026-09-17T10:59:55Z</time><sat>8</sat></trkpt>
  <trkpt lat="30.30230468" lon="120.06928936"><ele>40.320</ele><time>2026-09-17T10:59:58Z</time><sat>9</sat></trkpt>
  <trkpt lat="30.30231829" lon="120.06921307"><ele>41.231</ele><time>2026-09-17T11:00:01Z</time><sat>9</sat></trkpt>
  <trkpt lat="30.30231333" lon="120.06917299"><ele>42.373</ele><time>2026-09-17T11:00:04Z</time><sat>9</sat></trkpt>
  <trkpt lat="30.30231003" lon="120.06916627"><ele>36.676</ele><time>2026-09-17T11:00:07Z</time><sat>7</sat></trkpt>
  <trkpt lat="30.30229195" lon="120.06919064"><ele>38.447</ele><time>2026-09-17T11:00:10Z</time><sat>8</sat></trkpt>
  <trkpt lat="30.30226289" lon="120.06918543"><ele>38.220</ele><time>2026-09-17T11:00:13Z</time><sat>11</sat></trkpt>
  <trkpt lat="30.30206876" lon="120.06936068"><ele>43.816</ele><time>2026-09-17T11:00:16Z</time><sat>11</sat></trkpt>
  <trkpt lat="30.30207260" lon="120.06936715"><ele>45.534</ele><time>2026-09-17T11:00:19Z</time><sat>6</sat></trkpt>
  <trkpt lat="30.30207214" lon="120.06940471"><ele>47.741</ele><time>2026-09-17T11:00:22Z</time><sat>4</sat></trkpt>
  <trkpt lat="30.30206938" lon="120.06937498"><ele>47.887</ele><time>2026-09-17T11:00:25Z</time><sat>9</sat></trkpt>
  <trkpt lat="30.30205705" lon="120.06946076"><ele>45.481</ele><time>2026-09-17T11:00:28Z</time><sat>11</sat></trkpt>
  <trkpt lat="30.30220921" lon="120.06955852"><ele>46.491</ele><time>2026-09-17T11:00:31Z</time><sat>7</sat></trkpt>
  <trkpt lat="30.30218046" lon="120.06959274"><ele>46.883</ele><time>2026-09-17T11:00:34Z</time><sat>6</sat></trkpt>
  <trkpt lat="30.30221635" lon="120.06956863"><ele>46.872</ele><time>2026-09-17T11:00:37Z</time><sat>5</sat></trkpt>
  <trkpt lat="30.30217556" lon="120.06954881"><ele>46.027</ele><time>2026-09-17T11:00:40Z</time><sat>6</sat></trkpt>
  <trkpt lat="30.30215243" lon="120.06949793"><ele>45.581</ele><time>2026-09-17T11:00:43Z</time><sat>7</sat></trkpt>
  <trkpt lat="30.30218486" lon="120.06946912"><ele>41.223</ele><time>2026-09-17T11:00:46Z</time><sat>6</sat></trkpt>
  <trkpt lat="30.30224381" lon="120.06944885"><ele>41.143</ele><time>2026-09-17T11:00:49Z</time><sat>7</sat></trkpt>
  <trkpt lat="30.30227858" lon="120.06938169"><ele>41.915</ele><time>2026-09-17T11:00:52Z</time><sat>10</sat></trkpt>
  <trkpt lat="30.30228149" lon="120.06937131"><ele>42.348</ele><time>2026-09-17T11:00:55Z</time><sat>9</sat></trkpt>
  <trkpt lat="30.30227979" lon="120.06922303"><ele>26.791</ele><time>2026-09-17T11:00:58Z</time><sat>7</sat></trkpt>
  <trkpt lat="30.30229862" lon="120.06905648"><ele>22.693</ele><time>2026-09-17T11:01:01Z</time><sat>9</sat></trkpt>
  <trkpt lat="30.30231060" lon="120.06900832"><ele>17.499</ele><time>2026-09-17T11:01:04Z</time><sat>8</sat></trkpt>
  <trkpt lat="30.30232834" lon="120.06906281"><ele>19.208</ele><time>2026-09-17T11:01:07Z</time><sat>8</sat></trkpt>
  <trkpt lat="30.30231787" lon="120.06911461"><ele>20.039</ele><time>2026-09-17T11:01:10Z</time><sat>9</sat></trkpt>
  <trkpt lat="30.30231896" lon="120.06913633"><ele>20.528</ele><time>2026-09-17T11:01:13Z</time><sat>8</sat></trkpt>
  <trkpt lat="30.30232872" lon="120.06909417"><ele>20.479</ele><time>2026-09-17T11:01:16Z</time><sat>8</sat></trkpt>
  <trkpt lat="30.30234286" lon="120.06907128"><ele>21.214</ele><time>2026-09-17T11:01:19Z</time><sat>9</sat></trkpt>
  <trkpt lat="30.30235346" lon="120.06906981"><ele>19.864</ele><time>2026-09-17T11:01:22Z</time><sat>9</sat></trkpt>
  <trkpt lat="30.30224887" lon="120.06913769"><ele>21.165</ele><time>2026-09-17T11:01:25Z</time><sat>7</sat></trkpt>
  <trkpt lat="30.30220071" lon="120.06918685"><ele>20.700</ele><time>2026-09-17T11:01:28Z</time><sat>6</sat></trkpt>
  <trkpt lat="30.30212092" lon="120.06940828"><ele>21.624</ele><time>2026-09-17T11:01:31Z</time><sat>5</sat></trkpt>
  <trkpt lat="30.30233431" lon="120.06917059"><ele>22.231</ele><time>2026-09-17T11:01:34Z</time><sat>5</sat></trkpt>
  <trkpt lat="30.30235335" lon="120.06913838"><ele>22.143</ele><time>2026-09-17T11:01:37Z</time><sat>4</sat></trkpt>
  <trkpt lat="30.30236520" lon="120.06911500"><ele>22.444</ele><time>2026-09-17T11:01:40Z</time><sat>5</sat></trkpt>
  <trkpt lat="30.30236922" lon="120.06907081"><ele>23.152</ele><time>2026-09-17T11:01:43Z</time><sat>6</sat></trkpt>
  <trkpt lat="30.30237558" lon="120.06910920"><ele>23.125</ele><time>2026-09-17T11:01:46Z</time><sat>6</sat></trkpt>
  <trkpt lat="30.30236762" lon="120.06915060"><ele>23.129</ele><time>2026-09-17T11:01:49Z</time><sat>6</sat></trkpt>
  <trkpt lat="30.30233074" lon="120.06912736"><ele>22.612</ele><time>2026-09-17T11:01:52Z</time><sat>6</sat></trkpt>
  <trkpt lat="30.30231122" lon="120.06912464"><ele>22.930</ele><time>2026-09-17T11:01:55Z</time><sat>7</sat></trkpt>
  <trkpt lat="30.30230904" lon="120.06917743"><ele>22.771</ele><time>2026-09-17T11:01:58Z</time><sat>9</sat></trkpt>
  <trkpt lat="30.30230012" lon="120.06918018"><ele>22.842</ele><time>2026-09-17T11:02:01Z</time><sat>8</sat></trkpt>
  <trkpt lat="30.30230231" lon="120.06913967"><ele>22.650</ele><time>2026-09-17T11:02:04Z</time><sat>7</sat></trkpt>
  <trkpt lat="30.30228005" lon="120.06911730"><ele>22.443</ele><time>2026-09-17T11:02:07Z</time><sat>5</sat></trkpt>
  <trkpt lat="30.30230729" lon="120.06917431"><ele>19.553</ele><time>2026-09-17T11:02:10Z</time><sat>7</sat></trkpt>
  <trkpt lat="30.30233203" lon="120.06922339"><ele>18.258</ele><time>2026-09-17T11:02:13Z</time><sat>8</sat></trkpt>
  <trkpt lat="30.30233024" lon="120.06921084"><ele>17.342</ele><time>2026-09-17T11:02:16Z</time><sat>8</sat></trkpt>
  <trkpt lat="30.30233972" lon="120.06917659"><ele>16.387</ele><time>2026-09-17T11:02:19Z</time><sat>10</sat></trkpt>
  <trkpt lat="30.30235442" lon="120.06918430"><ele>15.854</ele><time>2026-09-17T11:02:22Z</time><sat>11</sat></trkpt>
  <trkpt lat="30.30234545" lon="120.06920161"><ele>16.980</ele><time>2026-09-17T11:02:25Z</time><sat>9</sat></trkpt>
  <trkpt lat="30.30234102" lon="120.06917159"><ele>16.287</ele><time>2026-09-17T11:02:28Z</time><sat>7</sat></trkpt>
  <trkpt lat="30.30235960" lon="120.06907575"><ele>16.375</ele><time>2026-09-17T11:02:31Z</time><sat>6</sat></trkpt>
  <trkpt lat="30.30229014" lon="120.06898762"><ele>15.865</ele><time>2026-09-17T11:02:34Z</time><sat>8</sat></trkpt>
  <trkpt lat="30.30231338" lon="120.06901414"><ele>15.830</ele><time>2026-09-17T11:02:37Z</time><sat>7</sat></trkpt>
  <trkpt lat="30.30232730" lon="120.06905420"><ele>17.186</ele><time>2026-09-17T11:02:40Z</time><sat>6</sat></trkpt>
  <trkpt lat="30.30234239" lon="120.06908990"><ele>17.058</ele><time>2026-09-17T11:02:43Z</time><sat>8</sat></trkpt>
  <trkpt lat="30.30233229" lon="120.06911458"><ele>16.243</ele><time>2026-09-17T11:02:46Z</time><sat>8</sat></trkpt>
  <trkpt lat="30.30233969" lon="120.06914055"><ele>15.900</ele><time>2026-09-17T11:02:49Z</time><sat>6</sat></trkpt>
  <trkpt lat="30.30235157" lon="120.06912166"><ele>15.325</ele><time>2026-09-17T11:02:52Z</time><sat>5</sat></trkpt>
  <trkpt lat="30.30235182" lon="120.06913308"><ele>14.703</ele><time>2026-09-17T11:02:55Z</time><sat>7</sat></trkpt>
  <trkpt lat="30.30233296" lon="120.06916227"><ele>14.637</ele><time>2026-09-17T11:02:58Z</time><sat>7</sat></trkpt>
  <trkpt lat="30.30231490" lon="120.06918268"><ele>13.735</ele><time>2026-09-17T11:03:01Z</time><sat>5</sat></trkpt>
  <trkpt lat="30.30231340" lon="120.06912893"><ele>13.451</ele><time>2026-09-17T11:03:04Z</time><sat>6</sat></trkpt>
  <trkpt lat="30.30231355" lon="120.06908259"><ele>12.956</ele><time>2026-09-17T11:03:07Z</time><sat>6</sat></trkpt>
  <trkpt lat="30.30234650" lon="120.06914056"><ele>14.485</ele><time>2026-09-17T11:03:10Z</time><sat>6</sat></trkpt>
  <trkpt lat="30.30239629" lon="120.06916664"><ele>13.695</ele><time>2026-09-17T11:03:13Z</time><sat>6</sat></trkpt>
  <trkpt lat="30.30241238" lon="120.06920576"><ele>8.210</ele><time>2026-09-17T11:03:16Z</time><sat>6</sat></trkpt>
  <trkpt lat="30.30241167" lon="120.06917928"><ele>4.644</ele><time>2026-09-17T11:03:19Z</time><sat>7</sat></trkpt>
  <trkpt lat="30.30241817" lon="120.06916573"><ele>0.827</ele><time>2026-09-17T11:03:22Z</time><sat>7</sat></trkpt>
  <trkpt lat="30.30242161" lon="120.06916234"><ele>0.495</ele><time>2026-09-17T11:03:25Z</time><sat>9</sat></trkpt>
  <trkpt lat="30.30242371" lon="120.06916391"><ele>0.499</ele><time>2026-09-17T11:03:28Z</time><sat>9</sat></trkpt>
  <trkpt lat="30.30242389" lon="120.06916415"><ele>0.406</ele><time>2026-09-17T11:03:31Z</time><sat>8</sat></trkpt>
  <trkpt lat="30.30242053" lon="120.06916010"><ele>0.298</ele><time>2026-09-17T11:03:34Z</time><sat>9</sat></trkpt>
  <trkpt lat="30.30242808" lon="120.06916851"><ele>-1.887</ele><time>2026-09-17T11:03:37Z</time><sat>8</sat></trkpt>
  <trkpt lat="30.30243464" lon="120.06917607"><ele>-4.046</ele><time>2026-09-17T11:03:40Z</time><sat>9</sat></trkpt>
  <trkpt lat="30.30243456" lon="120.06917593"><ele>-3.911</ele><time>2026-09-17T11:03:43Z</time><sat>9</sat></trkpt>
  <trkpt lat="30.30243268" lon="120.06917293"><ele>-4.178</ele><time>2026-09-17T11:03:46Z</time><sat>9</sat></trkpt>
  <trkpt lat="30.30242911" lon="120.06916892"><ele>-3.841</ele><time>2026-09-17T11:03:49Z</time><sat>8</sat></trkpt>
  <trkpt lat="30.30243119" lon="120.06917135"><ele>-4.676</ele><time>2026-09-17T11:03:52Z</time><sat>7</sat></trkpt>
  <trkpt lat="30.30243197" lon="120.06917225"><ele>-4.643</ele><time>2026-09-17T11:03:55Z</time><sat>9</sat></trkpt>
  <trkpt lat="30.30242816" lon="120.06916873"><ele>-3.443</ele><time>2026-09-17T11:03:58Z</time><sat>10</sat></trkpt>
  <trkpt lat="30.30242582" lon="120.06916623"><ele>-2.677</ele><time>2026-09-17T11:04:01Z</time><sat>10</sat></trkpt>
  <trkpt lat="30.30242631" lon="120.06916713"><ele>-2.845</ele><time>2026-09-17T11:04:04Z</time><sat>11</sat></trkpt>
  <trkpt lat="30.30242635" lon="120.06916728"><ele>-2.818</ele><time>2026-09-17T11:04:07Z</time><sat>12</sat></trkpt>
  <trkpt lat="30.30242466" lon="120.06916556"><ele>-2.229</ele><time>2026-09-17T11:04:10Z</time><sat>6</sat></trkpt>
  <trkpt lat="30.30242452" lon="120.06916531"><ele>-1.942</ele><time>2026-09-17T11:04:13Z</time><sat>4</sat></trkpt>
  <trkpt lat="30.30242513" lon="120.06916680"><ele>-2.125</ele><time>2026-09-17T11:04:16Z</time><sat>8</sat></trkpt>
  <trkpt lat="30.30242509" lon="120.06916670"><ele>-2.124</ele><time>2026-09-17T11:04:19Z</time><sat>9</sat></trkpt>
  <trkpt lat="30.30242191" lon="120.06916282"><ele>-1.180</ele><time>2026-09-17T11:04:22Z</time><sat>5</sat></trkpt>
  <trkpt lat="30.30242168" lon="120.06916217"><ele>-1.054</ele><time>2026-09-17T11:04:25Z</time><sat>6</sat></trkpt>
  <trkpt lat="30.30242167" lon="120.06916202"><ele>-1.052</ele><time>2026-09-17T11:04:28Z</time><sat>7</sat></trkpt>
  <trkpt lat="30.30242141" lon="120.06916148"><ele>-1.043</ele><time>2026-09-17T11:04:31Z</time><sat>6</sat></trkpt>
  <trkpt lat="30.30241952" lon="120.06915971"><ele>-0.882</ele><time>2026-09-17T11:04:34Z</time><sat>6</sat></trkpt>
  <trkpt lat="30.30241716" lon="120.06915765"><ele>-0.683</ele><time>2026-09-17T11:04:37Z</time><sat>9</sat></trkpt>
  <trkpt lat="30.30241680" lon="120.06915727"><ele>-0.531</ele><time>2026-09-17T11:04:40Z</time><sat>10</sat></trkpt>
  <trkpt lat="30.30241695" lon="120.06915688"><ele>-0.647</ele><time>2026-09-17T11:04:43Z</time><sat>9</sat></trkpt>
  <trkpt lat="30.30241986" lon="120.06916199"><ele>-1.074</ele><time>2026-09-17T11:04:46Z</time><sat>9</sat></trkpt>
  <trkpt lat="30.30242105" lon="120.06916415"><ele>-1.249</ele><time>2026-09-17T11:04:49Z</time><sat>6</sat></trkpt>
  <trkpt lat="30.30242109" lon="120.06916425"><ele>-1.250</ele><time>2026-09-17T11:04:52Z</time><sat>7</sat></trkpt>
  <trkpt lat="30.30242127" lon="120.06916446"><ele>-1.236</ele><time>2026-09-17T11:04:55Z</time><sat>8</sat></trkpt>
  <trkpt lat="30.30242126" lon="120.06916447"><ele>-1.123</ele><time>2026-09-17T11:04:58Z</time><sat>9</sat></trkpt>
  <trkpt lat="30.30242124" lon="120.06916446"><ele>-1.122</ele><time>2026-09-17T11:05:01Z</time><sat>8</sat></trkpt>
  <trkpt lat="30.30242120" lon="120.06916441"><ele>-1.125</ele><time>2026-09-17T11:05:04Z</time><sat>6</sat></trkpt>
  <trkpt lat="30.30242117" lon="120.06916404"><ele>-1.130</ele><time>2026-09-17T11:05:07Z</time><sat>6</sat></trkpt>
  <trkpt lat="30.30242109" lon="120.06916389"><ele>-0.985</ele><time>2026-09-17T11:05:10Z</time><sat>7</sat></trkpt>
  <trkpt lat="30.30242062" lon="120.06916335"><ele>-0.670</ele><time>2026-09-17T11:05:13Z</time><sat>9</sat></trkpt>
  <trkpt lat="30.30242052" lon="120.06916334"><ele>-0.512</ele><time>2026-09-17T11:05:16Z</time><sat>9</sat></trkpt>
  <trkpt lat="30.30242022" lon="120.06916276"><ele>-0.437</ele><time>2026-09-17T11:05:19Z</time><sat>9</sat></trkpt>
  <trkpt lat="30.30242025" lon="120.06916272"><ele>-0.449</ele><time>2026-09-17T11:05:22Z</time><sat>8</sat></trkpt>
  <trkpt lat="30.30242026" lon="120.06916273"><ele>-0.459</ele><time>2026-09-17T11:05:25Z</time><sat>6</sat></trkpt>
  <trkpt lat="30.30242032" lon="120.06916280"><ele>-0.442</ele><time>2026-09-17T11:05:28Z</time><sat>8</sat></trkpt>
  <trkpt lat="30.30242067" lon="120.06916317"><ele>-0.500</ele><time>2026-09-17T11:05:31Z</time><sat>7</sat></trkpt>
  <trkpt lat="30.30242069" lon="120.06916318"><ele>-0.489</ele><time>2026-09-17T11:05:34Z</time><sat>7</sat></trkpt>
  <trkpt lat="30.30242057" lon="120.06916296"><ele>-0.469</ele><time>2026-09-17T11:05:37Z</time><sat>9</sat></trkpt>
  <trkpt lat="30.30242057" lon="120.06916296"><ele>-0.463</ele><time>2026-09-17T11:05:40Z</time><sat>9</sat></trkpt>
  <trkpt lat="30.30242129" lon="120.06916386"><ele>-0.701</ele><time>2026-09-17T11:05:43Z</time><sat>8</sat></trkpt>
  <trkpt lat="30.30242097" lon="120.06916391"><ele>-0.619</ele><time>2026-09-17T11:05:46Z</time><sat>6</sat></trkpt>
  <trkpt lat="30.30242080" lon="120.06916379"><ele>-0.609</ele><time>2026-09-17T11:05:49Z</time><sat>9</sat></trkpt>
  <trkpt lat="30.30242077" lon="120.06916377"><ele>-0.612</ele><time>2026-09-17T11:05:52Z</time><sat>9</sat></trkpt>
  <trkpt lat="30.30242077" lon="120.06916379"><ele>-0.601</ele><time>2026-09-17T11:05:55Z</time><sat>7</sat></trkpt>
  <trkpt lat="30.30242077" lon="120.06916379"><ele>-0.599</ele><time>2026-09-17T11:05:58Z</time><sat>6</sat></trkpt>
  <trkpt lat="30.30242087" lon="120.06916384"><ele>-0.587</ele><time>2026-09-17T11:06:01Z</time><sat>5</sat></trkpt>
  <trkpt lat="30.30242087" lon="120.06916384"><ele>-0.584</ele><time>2026-09-17T11:06:04Z</time><sat>6</sat></trkpt>
  <trkpt lat="30.30242091" lon="120.06916387"><ele>-0.576</ele><time>2026-09-17T11:06:07Z</time><sat>6</sat></trkpt>
  <trkpt lat="30.30242097" lon="120.06916395"><ele>-0.519</ele><time>2026-09-17T11:06:10Z</time><sat>6</sat></trkpt>
  <trkpt lat="30.30242077" lon="120.06916359"><ele>-0.440</ele><time>2026-09-17T11:06:13Z</time><sat>6</sat></trkpt>
  <trkpt lat="30.30242078" lon="120.06916373"><ele>-0.443</ele><time>2026-09-17T11:06:16Z</time><sat>6</sat></trkpt>
  <trkpt lat="30.30242081" lon="120.06916382"><ele>-0.448</ele><time>2026-09-17T11:06:19Z</time><sat>7</sat></trkpt>
  <trkpt lat="30.30242089" lon="120.06916386"><ele>-0.488</ele><time>2026-09-17T11:06:22Z</time><sat>7</sat></trkpt>
  <trkpt lat="30.30242024" lon="120.06916282"><ele>-0.206</ele><time>2026-09-17T11:06:25Z</time><sat>8</sat></trkpt>
  <trkpt lat="30.30242066" lon="120.06916382"><ele>-0.423</ele><time>2026-09-17T11:06:28Z</time><sat>9</sat></trkpt>
  <trkpt lat="30.30242005" lon="120.06916271"><ele>0.077</ele><time>2026-09-17T11:06:31Z</time><sat>9</sat></trkpt>
  <trkpt lat="30.30241910" lon="120.06916181"><ele>0.363</ele><time>2026-09-17T11:06:34Z</time><sat>8</sat></trkpt>
  <trkpt lat="30.30241928" lon="120.06916223"><ele>0.282</ele><time>2026-09-17T11:06:37Z</time><sat>7</sat></trkpt>
  <trkpt lat="30.30241914" lon="120.06916214"><ele>0.317</ele><time>2026-09-17T11:06:40Z</time><sat>9</sat></trkpt>
  <trkpt lat="30.30241910" lon="120.06916195"><ele>0.441</ele><time>2026-09-17T11:06:43Z</time><sat>9</sat></trkpt>
  <trkpt lat="30.30241988" lon="120.06916274"><ele>0.157</ele><time>2026-09-17T11:06:46Z</time><sat>10</sat></trkpt>
  <trkpt lat="30.30241990" lon="120.06916275"><ele>0.159</ele><time>2026-09-17T11:06:49Z</time><sat>10</sat></trkpt>
  <trkpt lat="30.30241989" lon="120.06916275"><ele>0.160</ele><time>2026-09-17T11:06:52Z</time><sat>7</sat></trkpt>
  <trkpt lat="30.30241979" lon="120.06916254"><ele>0.205</ele><time>2026-09-17T11:06:55Z</time><sat>4</sat></trkpt>
  <trkpt lat="30.30241978" lon="120.06916252"><ele>0.204</ele><time>2026-09-17T11:06:58Z</time><sat>5</sat></trkpt>
  <trkpt lat="30.30241962" lon="120.06916232"><ele>0.271</ele><time>2026-09-17T11:07:01Z</time><sat>5</sat></trkpt>
  <trkpt lat="30.30241957" lon="120.06916226"><ele>0.271</ele><time>2026-09-17T11:07:04Z</time><sat>5</sat></trkpt>
  <trkpt lat="30.30241920" lon="120.06916181"><ele>0.423</ele><time>2026-09-17T11:07:07Z</time><sat>5</sat></trkpt>
  <trkpt lat="30.30241911" lon="120.06916172"><ele>0.422</ele><time>2026-09-17T11:07:10Z</time><sat>4</sat></trkpt>
  <trkpt lat="30.30241914" lon="120.06916173"><ele>0.392</ele><time>2026-09-17T11:07:13Z</time><sat>5</sat></trkpt>
  <trkpt lat="30.30241914" lon="120.06916169"><ele>0.388</ele><time>2026-09-17T11:07:16Z</time><sat>6</sat></trkpt>
  <trkpt lat="30.30241901" lon="120.06916146"><ele>0.445</ele><time>2026-09-17T11:07:19Z</time><sat>6</sat></trkpt>
  <trkpt lat="30.30241898" lon="120.06916143"><ele>0.457</ele><time>2026-09-17T11:07:22Z</time><sat>5</sat></trkpt>
  <trkpt lat="30.30241909" lon="120.06916151"><ele>0.394</ele><time>2026-09-17T11:07:25Z</time><sat>6</sat></trkpt>
  <trkpt lat="30.30241907" lon="120.06916142"><ele>0.390</ele><time>2026-09-17T11:07:28Z</time><sat>5</sat></trkpt>
  <trkpt lat="30.30241907" lon="120.06916143"><ele>0.391</ele><time>2026-09-17T11:07:31Z</time><sat>5</sat></trkpt>
  <trkpt lat="30.30241905" lon="120.06916140"><ele>0.390</ele><time>2026-09-17T11:07:34Z</time><sat>3</sat></trkpt>
  <trkpt lat="30.30241905" lon="120.06916138"><ele>0.390</ele><time>2026-09-17T11:07:37Z</time><sat>3</sat></trkpt>
  <trkpt lat="30.30241904" lon="120.06916136"><ele>0.393</ele><time>2026-09-17T11:07:40Z</time><sat>4</sat></trkpt>
  <trkpt lat="30.30241904" lon="120.06916135"><ele>0.397</ele><time>2026-09-17T11:07:43Z</time><sat>4</sat></trkpt>
  <trkpt lat="30.30241356" lon="120.06916185"><ele>1.586</ele><time>2026-09-17T11:08:05Z</time><sat>2</sat></trkpt>
  <trkpt lat="30.30241331" lon="120.06916174"><ele>1.596</ele><time>2026-09-17T11:08:08Z</time><sat>5</sat></trkpt>
  <trkpt lat="30.30241333" lon="120.06916178"><ele>1.585</ele><time>2026-09-17T11:08:11Z</time><sat>7</sat></trkpt>
  <trkpt lat="30.30241334" lon="120.06916179"><ele>1.585</ele><time>2026-09-17T11:08:14Z</time><sat>6</sat></trkpt>
  <trkpt lat="30.30241344" lon="120.06916190"><ele>1.567</ele><time>2026-09-17T11:08:17Z</time><sat>3</sat></trkpt>
  <trkpt lat="30.30241339" lon="120.06916185"><ele>1.591</ele><time>2026-09-17T11:08:20Z</time><sat>3</sat></trkpt>
  <trkpt lat="30.30241341" lon="120.06916188"><ele>1.567</ele><time>2026-09-17T11:08:23Z</time><sat>5</sat></trkpt>
  <trkpt lat="30.30241354" lon="120.06916201"><ele>1.529</ele><time>2026-09-17T11:08:26Z</time><sat>5</sat></trkpt>
  <trkpt lat="30.30241364" lon="120.06916223"><ele>1.490</ele><time>2026-09-17T11:08:29Z</time><sat>5</sat></trkpt>
  <trkpt lat="30.30241370" lon="120.06916229"><ele>1.489</ele><time>2026-09-17T11:08:32Z</time><sat>4</sat></trkpt>
  <trkpt lat="30.30241434" lon="120.06916318"><ele>1.245</ele><time>2026-09-17T11:08:35Z</time><sat>4</sat></trkpt>
  <trkpt lat="30.30241461" lon="120.06916350"><ele>1.262</ele><time>2026-09-17T11:08:38Z</time><sat>6</sat></trkpt>
  <trkpt lat="30.30241459" lon="120.06916339"><ele>1.297</ele><time>2026-09-17T11:08:41Z</time><sat>8</sat></trkpt>
  <trkpt lat="30.30241439" lon="120.06916317"><ele>1.348</ele><time>2026-09-17T11:08:44Z</time><sat>7</sat></trkpt>
  <trkpt lat="30.30241691" lon="120.06916721"><ele>0.145</ele><time>2026-09-17T11:08:47Z</time><sat>5</sat></trkpt>
  <trkpt lat="30.30241806" lon="120.06916896"><ele>0.040</ele><time>2026-09-17T11:08:50Z</time><sat>8</sat></trkpt>
  <trkpt lat="30.30241822" lon="120.06916916"><ele>0.028</ele><time>2026-09-17T11:08:53Z</time><sat>6</sat></trkpt>
  <trkpt lat="30.30241818" lon="120.06916892"><ele>0.090</ele><time>2026-09-17T11:08:56Z</time><sat>3</sat></trkpt>
  <trkpt lat="30.30241828" lon="120.06916888"><ele>0.114</ele><time>2026-09-17T11:08:59Z</time><sat>8</sat></trkpt>
  <trkpt lat="30.30241831" lon="120.06916880"><ele>0.111</ele><time>2026-09-17T11:09:02Z</time><sat>8</sat></trkpt>
  <trkpt lat="30.30241838" lon="120.06916889"><ele>0.100</ele><time>2026-09-17T11:09:05Z</time><sat>8</sat></trkpt>
  <trkpt lat="30.30241828" lon="120.06916885"><ele>0.114</ele><time>2026-09-17T11:09:08Z</time><sat>6</sat></trkpt>
  <trkpt lat="30.30241865" lon="120.06916953"><ele>0.072</ele><time>2026-09-17T11:09:11Z</time><sat>7</sat></trkpt>
  <trkpt lat="30.30241866" lon="120.06916953"><ele>0.075</ele><time>2026-09-17T11:09:14Z</time><sat>8</sat></trkpt>
  <trkpt lat="30.30241865" lon="120.06916951"><ele>0.082</ele><time>2026-09-17T11:09:17Z</time><sat>8</sat></trkpt>
  <trkpt lat="30.30241864" lon="120.06916950"><ele>0.084</ele><time>2026-09-17T11:09:20Z</time><sat>5</sat></trkpt>
  <trkpt lat="30.30241864" lon="120.06916950"><ele>0.087</ele><time>2026-09-17T11:09:23Z</time><sat>4</sat></trkpt>
  <trkpt lat="30.30241866" lon="120.06916953"><ele>0.081</ele><time>2026-09-17T11:09:26Z</time><sat>3</sat></trkpt>
  <trkpt lat="30.30241866" lon="120.06916953"><ele>0.084</ele><time>2026-09-17T11:09:29Z</time><sat>4</sat></trkpt>
  <trkpt lat="30.30241865" lon="120.06916952"><ele>0.083</ele><time>2026-09-17T11:09:32Z</time><sat>5</sat></trkpt>
  <trkpt lat="30.30241869" lon="120.06916956"><ele>0.067</ele><time>2026-09-17T11:09:35Z</time><sat>5</sat></trkpt>
  <trkpt lat="30.30241869" lon="120.06916955"><ele>0.042</ele><time>2026-09-17T11:09:38Z</time><sat>5</sat></trkpt>
  <trkpt lat="30.30241867" lon="120.06916951"><ele>0.033</ele><time>2026-09-17T11:09:41Z</time><sat>6</sat></trkpt>
  <trkpt lat="30.30241865" lon="120.06916953"><ele>0.051</ele><time>2026-09-17T11:09:44Z</time><sat>6</sat></trkpt>
  <trkpt lat="30.30241869" lon="120.06916957"><ele>0.031</ele><time>2026-09-17T11:09:47Z</time><sat>6</sat></trkpt>
  <trkpt lat="30.30241869" lon="120.06916959"><ele>0.049</ele><time>2026-09-17T11:09:50Z</time><sat>6</sat></trkpt>
  <trkpt lat="30.30241876" lon="120.06916967"><ele>0.029</ele><time>2026-09-17T11:09:53Z</time><sat>6</sat></trkpt>
  <trkpt lat="30.30241855" lon="120.06916964"><ele>0.108</ele><time>2026-09-17T11:09:56Z</time><sat>6</sat></trkpt>
  <trkpt lat="30.30241855" lon="120.06916967"><ele>0.087</ele><time>2026-09-17T11:09:59Z</time><sat>7</sat></trkpt>
  <trkpt lat="30.30241858" lon="120.06916967"><ele>0.070</ele><time>2026-09-17T11:10:02Z</time><sat>7</sat></trkpt>
  <trkpt lat="30.30241842" lon="120.06916975"><ele>0.221</ele><time>2026-09-17T11:10:05Z</time><sat>7</sat></trkpt>
  <trkpt lat="30.30241836" lon="120.06916977"><ele>0.220</ele><time>2026-09-17T11:10:08Z</time><sat>7</sat></trkpt>
  <trkpt lat="30.30241837" lon="120.06916980"><ele>0.216</ele><time>2026-09-17T11:10:11Z</time><sat>5</sat></trkpt>
  <trkpt lat="30.30241833" lon="120.06916980"><ele>0.236</ele><time>2026-09-17T11:10:14Z</time><sat>7</sat></trkpt>
  <trkpt lat="30.30241801" lon="120.06916985"><ele>0.482</ele><time>2026-09-17T11:10:17Z</time><sat>9</sat></trkpt>
  <trkpt lat="30.30241810" lon="120.06917006"><ele>0.375</ele><time>2026-09-17T11:10:20Z</time><sat>8</sat></trkpt>
  <trkpt lat="30.30241787" lon="120.06917006"><ele>0.467</ele><time>2026-09-17T11:10:23Z</time><sat>9</sat></trkpt>
  <trkpt lat="30.30241783" lon="120.06917023"><ele>0.517</ele><time>2026-09-17T11:10:26Z</time><sat>10</sat></trkpt>
  <trkpt lat="30.30241801" lon="120.06917056"><ele>0.512</ele><time>2026-09-17T11:10:29Z</time><sat>10</sat></trkpt>
  <trkpt lat="30.30240800" lon="120.06916528"><ele>4.233</ele><time>2026-09-17T11:10:32Z</time><sat>9</sat></trkpt>
  <trkpt lat="30.30240744" lon="120.06916503"><ele>4.367</ele><time>2026-09-17T11:10:35Z</time><sat>9</sat></trkpt>
  <trkpt lat="30.30240711" lon="120.06916489"><ele>4.455</ele><time>2026-09-17T11:10:38Z</time><sat>11</sat></trkpt>
  <trkpt lat="30.30240658" lon="120.06916492"><ele>4.762</ele><time>2026-09-17T11:10:41Z</time><sat>11</sat></trkpt>
  <trkpt lat="30.30240641" lon="120.06916488"><ele>4.739</ele><time>2026-09-17T11:10:44Z</time><sat>9</sat></trkpt>
  <trkpt lat="30.30240398" lon="120.06916358"><ele>5.496</ele><time>2026-09-17T11:10:47Z</time><sat>8</sat></trkpt>
  <trkpt lat="30.30240376" lon="120.06916348"><ele>5.524</ele><time>2026-09-17T11:10:50Z</time><sat>10</sat></trkpt>
  <trkpt lat="30.30239326" lon="120.06915756"><ele>9.380</ele><time>2026-09-17T11:10:53Z</time><sat>10</sat></trkpt>
  <trkpt lat="30.30238747" lon="120.06915434"><ele>12.096</ele><time>2026-09-17T11:10:56Z</time><sat>9</sat></trkpt>
  <trkpt lat="30.30238491" lon="120.06915288"><ele>12.433</ele><time>2026-09-17T11:10:59Z</time><sat>9</sat></trkpt>
  <trkpt lat="30.30238480" lon="120.06915284"><ele>12.454</ele><time>2026-09-17T11:11:02Z</time><sat>10</sat></trkpt>
  <trkpt lat="30.30238458" lon="120.06915257"><ele>12.580</ele><time>2026-09-17T11:11:05Z</time><sat>10</sat></trkpt>
  <trkpt lat="30.30238386" lon="120.06915220"><ele>12.858</ele><time>2026-09-17T11:11:08Z</time><sat>8</sat></trkpt>
  <trkpt lat="30.30238336" lon="120.06915204"><ele>12.961</ele><time>2026-09-17T11:11:11Z</time><sat>10</sat></trkpt>
  <trkpt lat="30.30238332" lon="120.06915203"><ele>12.977</ele><time>2026-09-17T11:11:14Z</time><sat>8</sat></trkpt>
  <trkpt lat="30.30238346" lon="120.06915223"><ele>12.943</ele><time>2026-09-17T11:11:17Z</time><sat>7</sat></trkpt>
  <trkpt lat="30.30238321" lon="120.06915210"><ele>13.060</ele><time>2026-09-17T11:11:20Z</time><sat>9</sat></trkpt>
  <trkpt lat="30.30238330" lon="120.06915215"><ele>13.061</ele><time>2026-09-17T11:11:23Z</time><sat>10</sat></trkpt>
  <trkpt lat="30.30238339" lon="120.06915217"><ele>13.075</ele><time>2026-09-17T11:11:26Z</time><sat>8</sat></trkpt>
  <trkpt lat="30.30238360" lon="120.06915247"><ele>12.996</ele><time>2026-09-17T11:11:29Z</time><sat>9</sat></trkpt>
  <trkpt lat="30.30238480" lon="120.06915439"><ele>12.703</ele><time>2026-09-17T11:11:32Z</time><sat>10</sat></trkpt>
  <trkpt lat="30.30238508" lon="120.06915480"><ele>12.609</ele><time>2026-09-17T11:11:35Z</time><sat>11</sat></trkpt>
  <trkpt lat="30.30238505" lon="120.06915480"><ele>12.620</ele><time>2026-09-17T11:11:38Z</time><sat>12</sat></trkpt>
  <trkpt lat="30.30238503" lon="120.06915479"><ele>12.629</ele><time>2026-09-17T11:11:41Z</time><sat>10</sat></trkpt>
  <trkpt lat="30.30238677" lon="120.06915845"><ele>11.952</ele><time>2026-09-17T11:11:44Z</time><sat>8</sat></trkpt>
  <trkpt lat="30.30238694" lon="120.06915876"><ele>11.876</ele><time>2026-09-17T11:11:47Z</time><sat>12</sat></trkpt>
  <trkpt lat="30.30238699" lon="120.06915884"><ele>11.878</ele><time>2026-09-17T11:11:50Z</time><sat>14</sat></trkpt>
  <trkpt lat="30.30238698" lon="120.06915894"><ele>11.869</ele><time>2026-09-17T11:11:53Z</time><sat>8</sat></trkpt>
  <trkpt lat="30.30238700" lon="120.06915901"><ele>11.868</ele><time>2026-09-17T11:11:56Z</time><sat>9</sat></trkpt>
  <trkpt lat="30.30238713" lon="120.06915911"><ele>11.872</ele><time>2026-09-17T11:11:59Z</time><sat>10</sat></trkpt>
  <trkpt lat="30.30238750" lon="120.06915921"><ele>11.879</ele><time>2026-09-17T11:12:02Z</time><sat>9</sat></trkpt>
  <trkpt lat="30.30238758" lon="120.06915931"><ele>11.883</ele><time>2026-09-17T11:12:05Z</time><sat>11</sat></trkpt>
  <trkpt lat="30.30238775" lon="120.06915957"><ele>11.841</ele><time>2026-09-17T11:12:08Z</time><sat>11</sat></trkpt>
  <trkpt lat="30.30238777" lon="120.06915960"><ele>11.848</ele><time>2026-09-17T11:12:11Z</time><sat>9</sat></trkpt>
  <trkpt lat="30.30238796" lon="120.06915995"><ele>11.789</ele><time>2026-09-17T11:12:14Z</time><sat>8</sat></trkpt>
  <trkpt lat="30.30238807" lon="120.06916016"><ele>11.761</ele><time>2026-09-17T11:12:17Z</time><sat>8</sat></trkpt>
  <trkpt lat="30.30238765" lon="120.06915970"><ele>11.891</ele><time>2026-09-17T11:12:20Z</time><sat>7</sat></trkpt>
  <trkpt lat="30.30238681" lon="120.06915950"><ele>12.284</ele><time>2026-09-17T11:12:23Z</time><sat>8</sat></trkpt>
  <trkpt lat="30.30238688" lon="120.06915958"><ele>12.285</ele><time>2026-09-17T11:12:26Z</time><sat>10</sat></trkpt>
  <trkpt lat="30.30238681" lon="120.06915952"><ele>12.306</ele><time>2026-09-17T11:12:29Z</time><sat>8</sat></trkpt>
  <trkpt lat="30.30238652" lon="120.06915943"><ele>12.402</ele><time>2026-09-17T11:12:32Z</time><sat>6</sat></trkpt>
  <trkpt lat="30.30238703" lon="120.06916017"><ele>12.223</ele><time>2026-09-17T11:12:35Z</time><sat>9</sat></trkpt>
  <trkpt lat="30.30238722" lon="120.06916043"><ele>12.229</ele><time>2026-09-17T11:12:38Z</time><sat>8</sat></trkpt>
  <trkpt lat="30.30238694" lon="120.06916032"><ele>12.369</ele><time>2026-09-17T11:12:41Z</time><sat>8</sat></trkpt>
  <trkpt lat="30.30238674" lon="120.06916038"><ele>12.507</ele><time>2026-09-17T11:12:44Z</time><sat>9</sat></trkpt>
  <trkpt lat="30.30238732" lon="120.06916114"><ele>12.298</ele><time>2026-09-17T11:12:47Z</time><sat>8</sat></trkpt>
  <trkpt lat="30.30238722" lon="120.06916133"><ele>12.479</ele><time>2026-09-17T11:12:50Z</time><sat>10</sat></trkpt>
  <trkpt lat="30.30238528" lon="120.06916039"><ele>13.163</ele><time>2026-09-17T11:12:53Z</time><sat>13</sat></trkpt>
  <trkpt lat="30.30238530" lon="120.06916041"><ele>13.157</ele><time>2026-09-17T11:12:56Z</time><sat>13</sat></trkpt>
  <trkpt lat="30.30238674" lon="120.06916231"><ele>12.684</ele><time>2026-09-17T11:12:59Z</time><sat>10</sat></trkpt>
  <trkpt lat="30.30238313" lon="120.06916177"><ele>14.248</ele><time>2026-09-17T11:13:02Z</time><sat>9</sat></trkpt>
  <trkpt lat="30.30238295" lon="120.06916179"><ele>14.224</ele><time>2026-09-17T11:13:05Z</time><sat>12</sat></trkpt>
  <trkpt lat="30.30238298" lon="120.06916185"><ele>14.211</ele><time>2026-09-17T11:13:08Z</time><sat>11</sat></trkpt>
  <trkpt lat="30.30238298" lon="120.06916185"><ele>14.216</ele><time>2026-09-17T11:13:11Z</time><sat>9</sat></trkpt>
  <trkpt lat="30.30238220" lon="120.06916066"><ele>14.556</ele><time>2026-09-17T11:13:14Z</time><sat>8</sat></trkpt>
  <trkpt lat="30.30238212" lon="120.06916052"><ele>14.563</ele><time>2026-09-17T11:13:17Z</time><sat>11</sat></trkpt>
  <trkpt lat="30.30238212" lon="120.06916054"><ele>14.564</ele><time>2026-09-17T11:13:20Z</time><sat>12</sat></trkpt>
  <trkpt lat="30.30238213" lon="120.06916056"><ele>14.562</ele><time>2026-09-17T11:13:23Z</time><sat>10</sat></trkpt>
  <trkpt lat="30.30238212" lon="120.06916059"><ele>14.566</ele><time>2026-09-17T11:13:26Z</time><sat>8</sat></trkpt>
  <trkpt lat="30.30238211" lon="120.06916060"><ele>14.565</ele><time>2026-09-17T11:13:29Z</time><sat>8</sat></trkpt>
  <trkpt lat="30.30238217" lon="120.06916070"><ele>14.557</ele><time>2026-09-17T11:13:32Z</time><sat>8</sat></trkpt>
  <trkpt lat="30.30238222" lon="120.06916083"><ele>14.547</ele><time>2026-09-17T11:13:35Z</time><sat>8</sat></trkpt>
  <trkpt lat="30.30238224" lon="120.06916090"><ele>14.548</ele><time>2026-09-17T11:13:38Z</time><sat>8</sat></trkpt>
  <trkpt lat="30.30238222" lon="120.06916089"><ele>14.552</ele><time>2026-09-17T11:13:41Z</time><sat>11</sat></trkpt>
  <trkpt lat="30.30238222" lon="120.06916093"><ele>14.562</ele><time>2026-09-17T11:13:44Z</time><sat>10</sat></trkpt>
  <trkpt lat="30.30238211" lon="120.06916087"><ele>14.567</ele><time>2026-09-17T11:13:47Z</time><sat>7</sat></trkpt>
  <trkpt lat="30.30238197" lon="120.06916080"><ele>14.584</ele><time>2026-09-17T11:13:50Z</time><sat>8</sat></trkpt>
  <trkpt lat="30.30238162" lon="120.06916058"><ele>14.621</ele><time>2026-09-17T11:13:53Z</time><sat>10</sat></trkpt>
  <trkpt lat="30.30238158" lon="120.06916058"><ele>14.642</ele><time>2026-09-17T11:13:56Z</time><sat>10</sat></trkpt>
  <trkpt lat="30.30238297" lon="120.06916207"><ele>14.263</ele><time>2026-09-17T11:13:59Z</time><sat>10</sat></trkpt>
  <trkpt lat="30.30238303" lon="120.06916210"><ele>14.282</ele><time>2026-09-17T11:14:02Z</time><sat>11</sat></trkpt>
  <trkpt lat="30.30238296" lon="120.06916213"><ele>14.284</ele><time>2026-09-17T11:14:05Z</time><sat>9</sat></trkpt>
  <trkpt lat="30.30238294" lon="120.06916223"><ele>14.277</ele><time>2026-09-17T11:14:08Z</time><sat>10</sat></trkpt>
  <trkpt lat="30.30238284" lon="120.06916223"><ele>14.276</ele><time>2026-09-17T11:14:11Z</time><sat>9</sat></trkpt>
  <trkpt lat="30.30238355" lon="120.06916315"><ele>14.125</ele><time>2026-09-17T11:14:14Z</time><sat>10</sat></trkpt>
  <trkpt lat="30.30238340" lon="120.06916307"><ele>14.176</ele><time>2026-09-17T11:14:17Z</time><sat>10</sat></trkpt>
  <trkpt lat="30.30238348" lon="120.06916295"><ele>14.265</ele><time>2026-09-17T11:14:20Z</time><sat>12</sat></trkpt>
  <trkpt lat="30.30238378" lon="120.06916317"><ele>14.310</ele><time>2026-09-17T11:14:23Z</time><sat>11</sat></trkpt>
  <trkpt lat="30.30238399" lon="120.06916338"><ele>14.290</ele><time>2026-09-17T11:14:26Z</time><sat>11</sat></trkpt>
  <trkpt lat="30.30238403" lon="120.06916343"><ele>14.313</ele><time>2026-09-17T11:14:29Z</time><sat>11</sat></trkpt>
  <trkpt lat="30.30238408" lon="120.06916351"><ele>14.303</ele><time>2026-09-17T11:14:32Z</time><sat>10</sat></trkpt>
  <trkpt lat="30.30238472" lon="120.06916429"><ele>14.118</ele><time>2026-09-17T11:14:35Z</time><sat>10</sat></trkpt>
  <trkpt lat="30.30238478" lon="120.06916440"><ele>14.089</ele><time>2026-09-17T11:14:38Z</time><sat>10</sat></trkpt>
  <trkpt lat="30.30238487" lon="120.06916453"><ele>14.133</ele><time>2026-09-17T11:14:41Z</time><sat>10</sat></trkpt>
  <trkpt lat="30.30238488" lon="120.06916452"><ele>14.181</ele><time>2026-09-17T11:14:44Z</time><sat>9</sat></trkpt>
  <trkpt lat="30.30238520" lon="120.06916479"><ele>14.139</ele><time>2026-09-17T11:14:47Z</time><sat>8</sat></trkpt>
  <trkpt lat="30.30238522" lon="120.06916485"><ele>14.119</ele><time>2026-09-17T11:14:50Z</time><sat>9</sat></trkpt>
  <trkpt lat="30.30238579" lon="120.06916540"><ele>13.859</ele><time>2026-09-17T11:14:53Z</time><sat>10</sat></trkpt>
  <trkpt lat="30.30238604" lon="120.06916561"><ele>13.803</ele><time>2026-09-17T11:14:56Z</time><sat>9</sat></trkpt>
  <trkpt lat="30.30238627" lon="120.06916585"><ele>13.733</ele><time>2026-09-17T11:14:59Z</time><sat>8</sat></trkpt>
  <trkpt lat="30.30238594" lon="120.06916529"><ele>13.727</ele><time>2026-09-17T11:15:02Z</time><sat>11</sat></trkpt>
  <trkpt lat="30.30238578" lon="120.06916518"><ele>13.739</ele><time>2026-09-17T11:15:05Z</time><sat>12</sat></trkpt>
  <trkpt lat="30.30238639" lon="120.06916622"><ele>13.256</ele><time>2026-09-17T11:15:08Z</time><sat>8</sat></trkpt>
  <trkpt lat="30.30238660" lon="120.06916667"><ele>13.231</ele><time>2026-09-17T11:15:11Z</time><sat>9</sat></trkpt>
  <trkpt lat="30.30238650" lon="120.06916652"><ele>13.084</ele><time>2026-09-17T11:15:14Z</time><sat>12</sat></trkpt>
  <trkpt lat="30.30238629" lon="120.06916632"><ele>13.059</ele><time>2026-09-17T11:15:17Z</time><sat>12</sat></trkpt>
  <trkpt lat="30.30238682" lon="120.06916711"><ele>12.759</ele><time>2026-09-17T11:15:20Z</time><sat>9</sat></trkpt>
  <trkpt lat="30.30238793" lon="120.06916838"><ele>12.442</ele><time>2026-09-17T11:15:23Z</time><sat>10</sat></trkpt>
  <trkpt lat="30.30238807" lon="120.06916856"><ele>12.429</ele><time>2026-09-17T11:15:26Z</time><sat>11</sat></trkpt>
  <trkpt lat="30.30238818" lon="120.06916867"><ele>12.457</ele><time>2026-09-17T11:15:29Z</time><sat>11</sat></trkpt>
  <trkpt lat="30.30238809" lon="120.06916861"><ele>12.445</ele><time>2026-09-17T11:15:32Z</time><sat>11</sat></trkpt>
  <trkpt lat="30.30238814" lon="120.06916866"><ele>12.467</ele><time>2026-09-17T11:15:35Z</time><sat>12</sat></trkpt>
  <trkpt lat="30.30238781" lon="120.06916841"><ele>12.380</ele><time>2026-09-17T11:15:38Z</time><sat>9</sat></trkpt>
  <trkpt lat="30.30238735" lon="120.06916806"><ele>12.330</ele><time>2026-09-17T11:15:41Z</time><sat>8</sat></trkpt>
  <trkpt lat="30.30238728" lon="120.06916805"><ele>12.331</ele><time>2026-09-17T11:15:44Z</time><sat>9</sat></trkpt>
  <trkpt lat="30.30238727" lon="120.06916805"><ele>12.284</ele><time>2026-09-17T11:15:47Z</time><sat>9</sat></trkpt>
  <trkpt lat="30.30238748" lon="120.06916840"><ele>12.221</ele><time>2026-09-17T11:15:50Z</time><sat>8</sat></trkpt>
  <trkpt lat="30.30238749" lon="120.06916842"><ele>12.220</ele><time>2026-09-17T11:15:53Z</time><sat>10</sat></trkpt>
  <trkpt lat="30.30238768" lon="120.06916859"><ele>12.201</ele><time>2026-09-17T11:15:56Z</time><sat>12</sat></trkpt>
  <trkpt lat="30.30238768" lon="120.06916860"><ele>12.131</ele><time>2026-09-17T11:15:59Z</time><sat>8</sat></trkpt>
  <trkpt lat="30.30238780" lon="120.06916878"><ele>12.027</ele><time>2026-09-17T11:16:02Z</time><sat>6</sat></trkpt>
  <trkpt lat="30.30238779" lon="120.06916881"><ele>11.995</ele><time>2026-09-17T11:16:05Z</time><sat>9</sat></trkpt>
  <trkpt lat="30.30238771" lon="120.06916887"><ele>11.957</ele><time>2026-09-17T11:16:08Z</time><sat>10</sat></trkpt>
  <trkpt lat="30.30238766" lon="120.06916894"><ele>11.910</ele><time>2026-09-17T11:16:11Z</time><sat>9</sat></trkpt>
  <trkpt lat="30.30238812" lon="120.06916956"><ele>11.751</ele><time>2026-09-17T11:16:14Z</time><sat>9</sat></trkpt>
  <trkpt lat="30.30238818" lon="120.06916968"><ele>11.725</ele><time>2026-09-17T11:16:17Z</time><sat>13</sat></trkpt>
  <trkpt lat="30.30238817" lon="120.06916969"><ele>11.701</ele><time>2026-09-17T11:16:20Z</time><sat>13</sat></trkpt>
  <trkpt lat="30.30238815" lon="120.06916969"><ele>11.683</ele><time>2026-09-17T11:16:23Z</time><sat>8</sat></trkpt>
  <trkpt lat="30.30238855" lon="120.06917012"><ele>11.411</ele><time>2026-09-17T11:16:26Z</time><sat>7</sat></trkpt>
  <trkpt lat="30.30238866" lon="120.06917025"><ele>11.393</ele><time>2026-09-17T11:16:29Z</time><sat>8</sat></trkpt>
  <trkpt lat="30.30238855" lon="120.06917016"><ele>11.386</ele><time>2026-09-17T11:16:32Z</time><sat>10</sat></trkpt>
  <trkpt lat="30.30238853" lon="120.06917015"><ele>11.406</ele><time>2026-09-17T11:16:35Z</time><sat>7</sat></trkpt>
  <trkpt lat="30.30238854" lon="120.06917017"><ele>11.407</ele><time>2026-09-17T11:16:38Z</time><sat>6</sat></trkpt>
  <trkpt lat="30.30238853" lon="120.06917019"><ele>11.401</ele><time>2026-09-17T11:16:41Z</time><sat>7</sat></trkpt>
  <trkpt lat="30.30238852" lon="120.06917018"><ele>11.374</ele><time>2026-09-17T11:16:44Z</time><sat>7</sat></trkpt>
  <trkpt lat="30.30238849" lon="120.06917018"><ele>11.393</ele><time>2026-09-17T11:16:47Z</time><sat>7</sat></trkpt>
  <trkpt lat="30.30238852" lon="120.06917022"><ele>11.381</ele><time>2026-09-17T11:16:50Z</time><sat>4</sat></trkpt>
  <trkpt lat="30.30238852" lon="120.06917022"><ele>11.379</ele><time>2026-09-17T11:16:53Z</time><sat>5</sat></trkpt>
  <trkpt lat="30.30238851" lon="120.06917022"><ele>11.379</ele><time>2026-09-17T11:16:56Z</time><sat>6</sat></trkpt>
  <trkpt lat="30.30238851" lon="120.06917023"><ele>11.379</ele><time>2026-09-17T11:16:59Z</time><sat>4</sat></trkpt>
  <trkpt lat="30.30238854" lon="120.06917029"><ele>11.364</ele><time>2026-09-17T11:17:02Z</time><sat>5</sat></trkpt>
  <trkpt lat="30.30238854" lon="120.06917029"><ele>11.364</ele><time>2026-09-17T11:17:05Z</time><sat>7</sat></trkpt>
  <trkpt lat="30.30238845" lon="120.06917007"><ele>11.586</ele><time>2026-09-17T11:17:08Z</time><sat>6</sat></trkpt>
  <trkpt lat="30.30238846" lon="120.06917008"><ele>11.585</ele><time>2026-09-17T11:17:11Z</time><sat>6</sat></trkpt>
  <trkpt lat="30.30238831" lon="120.06916969"><ele>11.999</ele><time>2026-09-17T11:17:14Z</time><sat>5</sat></trkpt>
  <trkpt lat="30.30239193" lon="120.06917591"><ele>11.185</ele><time>2026-09-17T11:17:17Z</time><sat>8</sat></trkpt>
  <trkpt lat="30.30239321" lon="120.06917811"><ele>11.195</ele><time>2026-09-17T11:17:20Z</time><sat>9</sat></trkpt>
  <trkpt lat="30.30239406" lon="120.06917886"><ele>10.950</ele><time>2026-09-17T11:17:23Z</time><sat>4</sat></trkpt>
  <trkpt lat="30.30239434" lon="120.06917942"><ele>10.909</ele><time>2026-09-17T11:17:26Z</time><sat>6</sat></trkpt>
  <trkpt lat="30.30239470" lon="120.06918019"><ele>10.855</ele><time>2026-09-17T11:17:29Z</time><sat>10</sat></trkpt>
  <trkpt lat="30.30239479" lon="120.06918037"><ele>10.871</ele><time>2026-09-17T11:17:32Z</time><sat>8</sat></trkpt>
  <trkpt lat="30.30239491" lon="120.06918061"><ele>10.854</ele><time>2026-09-17T11:17:35Z</time><sat>7</sat></trkpt>
  <trkpt lat="30.30239512" lon="120.06918107"><ele>10.824</ele><time>2026-09-17T11:17:38Z</time><sat>9</sat></trkpt>
  <trkpt lat="30.30239512" lon="120.06918108"><ele>10.824</ele><time>2026-09-17T11:17:41Z</time><sat>7</sat></trkpt>
  <trkpt lat="30.30239537" lon="120.06918157"><ele>10.782</ele><time>2026-09-17T11:17:44Z</time><sat>5</sat></trkpt>
  <trkpt lat="30.30239555" lon="120.06918191"><ele>10.766</ele><time>2026-09-17T11:17:47Z</time><sat>7</sat></trkpt>
  <trkpt lat="30.30239574" lon="120.06918227"><ele>10.767</ele><time>2026-09-17T11:17:50Z</time><sat>9</sat></trkpt>
  <trkpt lat="30.30239595" lon="120.06918266"><ele>10.754</ele><time>2026-09-17T11:17:53Z</time><sat>8</sat></trkpt>
  <trkpt lat="30.30239605" lon="120.06918281"><ele>10.734</ele><time>2026-09-17T11:17:56Z</time><sat>8</sat></trkpt>
  <trkpt lat="30.30239611" lon="120.06918287"><ele>10.724</ele><time>2026-09-17T11:17:59Z</time><sat>10</sat></trkpt>
  <trkpt lat="30.30239618" lon="120.06918291"><ele>10.714</ele><time>2026-09-17T11:18:02Z</time><sat>10</sat></trkpt>
  <trkpt lat="30.30239621" lon="120.06918291"><ele>10.702</ele><time>2026-09-17T11:18:05Z</time><sat>8</sat></trkpt>
  <trkpt lat="30.30239622" lon="120.06918291"><ele>10.689</ele><time>2026-09-17T11:18:08Z</time><sat>6</sat></trkpt>
  <trkpt lat="30.30239631" lon="120.06918306"><ele>10.671</ele><time>2026-09-17T11:18:11Z</time><sat>7</sat></trkpt>
  <trkpt lat="30.30239637" lon="120.06918314"><ele>10.664</ele><time>2026-09-17T11:18:14Z</time><sat>10</sat></trkpt>
  <trkpt lat="30.30239640" lon="120.06918319"><ele>10.670</ele><time>2026-09-17T11:18:17Z</time><sat>7</sat></trkpt>
  <trkpt lat="30.30239648" lon="120.06918327"><ele>10.658</ele><time>2026-09-17T11:18:20Z</time><sat>8</sat></trkpt>
  <trkpt lat="30.30239648" lon="120.06918327"><ele>10.650</ele><time>2026-09-17T11:18:23Z</time><sat>10</sat></trkpt>
  <trkpt lat="30.30239648" lon="120.06918327"><ele>10.644</ele><time>2026-09-17T11:18:26Z</time><sat>9</sat></trkpt>
  <trkpt lat="30.30239658" lon="120.06918340"><ele>10.646</ele><time>2026-09-17T11:18:29Z</time><sat>8</sat></trkpt>
  <trkpt lat="30.30239672" lon="120.06918367"><ele>10.639</ele><time>2026-09-17T11:18:32Z</time><sat>8</sat></trkpt>
  <trkpt lat="30.30239684" lon="120.06918386"><ele>10.643</ele><time>2026-09-17T11:18:35Z</time><sat>9</sat></trkpt>
  <trkpt lat="30.30239688" lon="120.06918391"><ele>10.637</ele><time>2026-09-17T11:18:38Z</time><sat>9</sat></trkpt>
  <trkpt lat="30.30239693" lon="120.06918397"><ele>10.625</ele><time>2026-09-17T11:18:41Z</time><sat>9</sat></trkpt>
  <trkpt lat="30.30239698" lon="120.06918404"><ele>10.619</ele><time>2026-09-17T11:18:44Z</time><sat>10</sat></trkpt>
  <trkpt lat="30.30239705" lon="120.06918411"><ele>10.602</ele><time>2026-09-17T11:18:47Z</time><sat>9</sat></trkpt>
  <trkpt lat="30.30239711" lon="120.06918421"><ele>10.595</ele><time>2026-09-17T11:18:50Z</time><sat>11</sat></trkpt>
  <trkpt lat="30.30239710" lon="120.06918423"><ele>10.591</ele><time>2026-09-17T11:18:53Z</time><sat>8</sat></trkpt>
  <trkpt lat="30.30239711" lon="120.06918426"><ele>10.587</ele><time>2026-09-17T11:18:56Z</time><sat>8</sat></trkpt>
  <trkpt lat="30.30239713" lon="120.06918429"><ele>10.587</ele><time>2026-09-17T11:18:59Z</time><sat>10</sat></trkpt>
  <trkpt lat="30.30239721" lon="120.06918438"><ele>10.567</ele><time>2026-09-17T11:19:02Z</time><sat>10</sat></trkpt>
  <trkpt lat="30.30239723" lon="120.06918440"><ele>10.569</ele><time>2026-09-17T11:19:05Z</time><sat>9</sat></trkpt>
  <trkpt lat="30.30239724" lon="120.06918440"><ele>10.566</ele><time>2026-09-17T11:19:08Z</time><sat>10</sat></trkpt>
  <trkpt lat="30.30239726" lon="120.06918441"><ele>10.560</ele><time>2026-09-17T11:19:11Z</time><sat>10</sat></trkpt>
  <trkpt lat="30.30239709" lon="120.06918423"><ele>10.614</ele><time>2026-09-17T11:19:14Z</time><sat>8</sat></trkpt>
  <trkpt lat="30.30239705" lon="120.06918418"><ele>10.610</ele><time>2026-09-17T11:19:17Z</time><sat>11</sat></trkpt>
  <trkpt lat="30.30239705" lon="120.06918417"><ele>10.610</ele><time>2026-09-17T11:19:20Z</time><sat>12</sat></trkpt>
  <trkpt lat="30.30239705" lon="120.06918415"><ele>10.611</ele><time>2026-09-17T11:19:23Z</time><sat>9</sat></trkpt>
  <trkpt lat="30.30239704" lon="120.06918415"><ele>10.612</ele><time>2026-09-17T11:19:26Z</time><sat>7</sat></trkpt>
  <trkpt lat="30.30239702" lon="120.06918416"><ele>10.614</ele><time>2026-09-17T11:19:29Z</time><sat>4</sat></trkpt>
  <trkpt lat="30.30239704" lon="120.06918418"><ele>10.615</ele><time>2026-09-17T11:19:32Z</time><sat>3</sat></trkpt>
  <trkpt lat="30.30239708" lon="120.06918422"><ele>10.604</ele><time>2026-09-17T11:19:35Z</time><sat>5</sat></trkpt>
  <trkpt lat="30.30239711" lon="120.06918425"><ele>10.600</ele><time>2026-09-17T11:19:38Z</time><sat>7</sat></trkpt>
  <trkpt lat="30.30239712" lon="120.06918426"><ele>10.599</ele><time>2026-09-17T11:19:41Z</time><sat>7</sat></trkpt>
  <trkpt lat="30.30239713" lon="120.06918427"><ele>10.598</ele><time>2026-09-17T11:19:44Z</time><sat>5</sat></trkpt>
  <trkpt lat="30.30239713" lon="120.06918429"><ele>10.597</ele><time>2026-09-17T11:19:47Z</time><sat>3</sat></trkpt>
  <trkpt lat="30.30239714" lon="120.06918430"><ele>10.596</ele><time>2026-09-17T11:19:50Z</time><sat>6</sat></trkpt>
  <trkpt lat="30.30239716" lon="120.06918432"><ele>10.592</ele><time>2026-09-17T11:19:53Z</time><sat>7</sat></trkpt>
  <trkpt lat="30.30239717" lon="120.06918433"><ele>10.591</ele><time>2026-09-17T11:19:56Z</time><sat>6</sat></trkpt>
  <trkpt lat="30.30239717" lon="120.06918434"><ele>10.591</ele><time>2026-09-17T11:19:59Z</time><sat>5</sat></trkpt>
  <trkpt lat="30.30239717" lon="120.06918433"><ele>10.591</ele><time>2026-09-17T11:20:02Z</time><sat>5</sat></trkpt>
  <trkpt lat="30.30239717" lon="120.06918433"><ele>10.591</ele><time>2026-09-17T11:20:05Z</time><sat>5</sat></trkpt>
  <trkpt lat="30.30239717" lon="120.06918433"><ele>10.590</ele><time>2026-09-17T11:20:08Z</time><sat>5</sat></trkpt>
  <trkpt lat="30.30239718" lon="120.06918434"><ele>10.589</ele><time>2026-09-17T11:20:11Z</time><sat>6</sat></trkpt>
  <trkpt lat="30.30239718" lon="120.06918435"><ele>10.589</ele><time>2026-09-17T11:20:14Z</time><sat>6</sat></trkpt>
  <trkpt lat="30.30239719" lon="120.06918436"><ele>10.590</ele><time>2026-09-17T11:20:17Z</time><sat>6</sat></trkpt>
  <trkpt lat="30.30239719" lon="120.06918437"><ele>10.587</ele><time>2026-09-17T11:20:20Z</time><sat>8</sat></trkpt>
  <trkpt lat="30.30239719" lon="120.06918438"><ele>10.586</ele><time>2026-09-17T11:20:23Z</time><sat>8</sat></trkpt>
  <trkpt lat="30.30239725" lon="120.06918452"><ele>10.577</ele><time>2026-09-17T11:20:26Z</time><sat>6</sat></trkpt>
  <trkpt lat="30.30239725" lon="120.06918454"><ele>10.578</ele><time>2026-09-17T11:20:29Z</time><sat>7</sat></trkpt>
  <trkpt lat="30.30239728" lon="120.06918457"><ele>10.569</ele><time>2026-09-17T11:20:32Z</time><sat>8</sat></trkpt>
  <trkpt lat="30.30239729" lon="120.06918459"><ele>10.567</ele><time>2026-09-17T11:20:35Z</time><sat>7</sat></trkpt>
  <trkpt lat="30.30239727" lon="120.06918458"><ele>10.571</ele><time>2026-09-17T11:20:38Z</time><sat>7</sat></trkpt>
  <trkpt lat="30.30239726" lon="120.06918458"><ele>10.571</ele><time>2026-09-17T11:20:41Z</time><sat>6</sat></trkpt>
  <trkpt lat="30.30239727" lon="120.06918459"><ele>10.571</ele><time>2026-09-17T11:20:44Z</time><sat>5</sat></trkpt>
  <trkpt lat="30.30239729" lon="120.06918462"><ele>10.565</ele><time>2026-09-17T11:20:47Z</time><sat>8</sat></trkpt>
  <trkpt lat="30.30239729" lon="120.06918462"><ele>10.566</ele><time>2026-09-17T11:20:50Z</time><sat>8</sat></trkpt>
  <trkpt lat="30.30239733" lon="120.06918466"><ele>10.555</ele><time>2026-09-17T11:20:53Z</time><sat>5</sat></trkpt>
  <trkpt lat="30.30239734" lon="120.06918467"><ele>10.555</ele><time>2026-09-17T11:20:56Z</time><sat>6</sat></trkpt>
  <trkpt lat="30.30239734" lon="120.06918467"><ele>10.555</ele><time>2026-09-17T11:20:59Z</time><sat>5</sat></trkpt>
  <trkpt lat="30.30239734" lon="120.06918467"><ele>10.555</ele><time>2026-09-17T11:21:02Z</time><sat>2</sat></trkpt>
  <trkpt lat="30.30239732" lon="120.06918465"><ele>10.559</ele><time>2026-09-17T11:21:05Z</time><sat>2</sat></trkpt>
  <trkpt lat="30.30239730" lon="120.06918463"><ele>10.557</ele><time>2026-09-17T11:21:08Z</time><sat>5</sat></trkpt>
  <trkpt lat="30.30239730" lon="120.06918463"><ele>10.559</ele><time>2026-09-17T11:21:11Z</time><sat>5</sat></trkpt>
  <trkpt lat="30.30239730" lon="120.06918462"><ele>10.559</ele><time>2026-09-17T11:21:14Z</time><sat>3</sat></trkpt>
  <trkpt lat="30.30239729" lon="120.06918461"><ele>10.562</ele><time>2026-09-17T11:21:17Z</time><sat>3</sat></trkpt>
  <trkpt lat="30.30239731" lon="120.06918463"><ele>10.563</ele><time>2026-09-17T11:21:20Z</time><sat>6</sat></trkpt>
  <trkpt lat="30.30239731" lon="120.06918465"><ele>10.563</ele><time>2026-09-17T11:21:23Z</time><sat>6</sat></trkpt>
  <trkpt lat="30.30239730" lon="120.06918468"><ele>10.562</ele><time>2026-09-17T11:21:26Z</time><sat>7</sat></trkpt>
  <trkpt lat="30.30239730" lon="120.06918468"><ele>10.562</ele><time>2026-09-17T11:21:29Z</time><sat>6</sat></trkpt>
  <trkpt lat="30.30239731" lon="120.06918469"><ele>10.563</ele><time>2026-09-17T11:21:32Z</time><sat>3</sat></trkpt>
  <trkpt lat="30.30239731" lon="120.06918472"><ele>10.563</ele><time>2026-09-17T11:21:35Z</time><sat>4</sat></trkpt>
  <trkpt lat="30.30239731" lon="120.06918473"><ele>10.561</ele><time>2026-09-17T11:21:38Z</time><sat>6</sat></trkpt>
  <trkpt lat="30.30239732" lon="120.06918475"><ele>10.559</ele><time>2026-09-17T11:21:41Z</time><sat>5</sat></trkpt>
  <trkpt lat="30.30239732" lon="120.06918477"><ele>10.561</ele><time>2026-09-17T11:21:44Z</time><sat>5</sat></trkpt>
  <trkpt lat="30.30239732" lon="120.06918479"><ele>10.561</ele><time>2026-09-17T11:21:47Z</time><sat>5</sat></trkpt>
  <trkpt lat="30.30239731" lon="120.06918480"><ele>10.567</ele><time>2026-09-17T11:21:50Z</time><sat>6</sat></trkpt>
  <trkpt lat="30.30239731" lon="120.06918480"><ele>10.569</ele><time>2026-09-17T11:21:53Z</time><sat>6</sat></trkpt>
  <trkpt lat="30.30239730" lon="120.06918478"><ele>10.572</ele><time>2026-09-17T11:21:56Z</time><sat>5</sat></trkpt>
  <trkpt lat="30.30239730" lon="120.06918478"><ele>10.573</ele><time>2026-09-17T11:21:59Z</time><sat>5</sat></trkpt>
  <trkpt lat="30.30239729" lon="120.06918478"><ele>10.574</ele><time>2026-09-17T11:22:02Z</time><sat>6</sat></trkpt>
  <trkpt lat="30.30239850" lon="120.06918609"><ele>10.136</ele><time>2026-09-17T11:22:05Z</time><sat>6</sat></trkpt>
  <trkpt lat="30.30239859" lon="120.06918620"><ele>10.133</ele><time>2026-09-17T11:22:08Z</time><sat>6</sat></trkpt>
  <trkpt lat="30.30239861" lon="120.06918624"><ele>10.131</ele><time>2026-09-17T11:22:11Z</time><sat>6</sat></trkpt>
  <trkpt lat="30.30239863" lon="120.06918627"><ele>10.125</ele><time>2026-09-17T11:22:14Z</time><sat>6</sat></trkpt>
  <trkpt lat="30.30239860" lon="120.06918625"><ele>10.135</ele><time>2026-09-17T11:22:17Z</time><sat>5</sat></trkpt>
  <trkpt lat="30.30239862" lon="120.06918627"><ele>10.126</ele><time>2026-09-17T11:22:20Z</time><sat>5</sat></trkpt>
  <trkpt lat="30.30239884" lon="120.06918653"><ele>10.035</ele><time>2026-09-17T11:22:23Z</time><sat>6</sat></trkpt>
  <trkpt lat="30.30239899" lon="120.06918672"><ele>10.011</ele><time>2026-09-17T11:22:26Z</time><sat>9</sat></trkpt>
  <trkpt lat="30.30239894" lon="120.06918672"><ele>10.024</ele><time>2026-09-17T11:22:29Z</time><sat>10</sat></trkpt>
  <trkpt lat="30.30239891" lon="120.06918674"><ele>10.010</ele><time>2026-09-17T11:22:32Z</time><sat>6</sat></trkpt>
  <trkpt lat="30.30239901" lon="120.06918682"><ele>9.997</ele><time>2026-09-17T11:22:35Z</time><sat>6</sat></trkpt>
  <trkpt lat="30.30239894" lon="120.06918682"><ele>10.049</ele><time>2026-09-17T11:22:38Z</time><sat>8</sat></trkpt>
  <trkpt lat="30.30239881" lon="120.06918675"><ele>10.126</ele><time>2026-09-17T11:22:41Z</time><sat>9</sat></trkpt>
  <trkpt lat="30.30239877" lon="120.06918674"><ele>10.144</ele><time>2026-09-17T11:22:44Z</time><sat>7</sat></trkpt>
  <trkpt lat="30.30239869" lon="120.06918668"><ele>10.190</ele><time>2026-09-17T11:22:47Z</time><sat>7</sat></trkpt>
  <trkpt lat="30.30239864" lon="120.06918666"><ele>10.232</ele><time>2026-09-17T11:22:50Z</time><sat>8</sat></trkpt>
  <trkpt lat="30.30239861" lon="120.06918667"><ele>10.247</ele><time>2026-09-17T11:22:53Z</time><sat>9</sat></trkpt>
  <trkpt lat="30.30239855" lon="120.06918664"><ele>10.272</ele><time>2026-09-17T11:22:56Z</time><sat>9</sat></trkpt>
  <trkpt lat="30.30239854" lon="120.06918668"><ele>10.286</ele><time>2026-09-17T11:22:59Z</time><sat>7</sat></trkpt>
  <trkpt lat="30.30239859" lon="120.06918672"><ele>10.257</ele><time>2026-09-17T11:23:02Z</time><sat>8</sat></trkpt>
  <trkpt lat="30.30239855" lon="120.06918667"><ele>10.190</ele><time>2026-09-17T11:23:05Z</time><sat>9</sat></trkpt>
  <trkpt lat="30.30239850" lon="120.06918669"><ele>10.223</ele><time>2026-09-17T11:23:08Z</time><sat>7</sat></trkpt>
  <trkpt lat="30.30239825" lon="120.06918655"><ele>10.229</ele><time>2026-09-17T11:23:11Z</time><sat>7</sat></trkpt>
  <trkpt lat="30.30239821" lon="120.06918652"><ele>10.186</ele><time>2026-09-17T11:23:14Z</time><sat>10</sat></trkpt>
  <trkpt lat="30.30239818" lon="120.06918653"><ele>10.182</ele><time>2026-09-17T11:23:17Z</time><sat>10</sat></trkpt>
  <trkpt lat="30.30239818" lon="120.06918658"><ele>10.174</ele><time>2026-09-17T11:23:20Z</time><sat>6</sat></trkpt>
  <trkpt lat="30.30239817" lon="120.06918662"><ele>10.187</ele><time>2026-09-17T11:23:23Z</time><sat>6</sat></trkpt>
  <trkpt lat="30.30239816" lon="120.06918669"><ele>10.202</ele><time>2026-09-17T11:23:26Z</time><sat>6</sat></trkpt>
  <trkpt lat="30.30239816" lon="120.06918672"><ele>10.201</ele><time>2026-09-17T11:23:29Z</time><sat>9</sat></trkpt>
  <trkpt lat="30.30239816" lon="120.06918674"><ele>10.204</ele><time>2026-09-17T11:23:32Z</time><sat>9</sat></trkpt>
  <trkpt lat="30.30239814" lon="120.06918674"><ele>10.215</ele><time>2026-09-17T11:23:35Z</time><sat>7</sat></trkpt>
  <trkpt lat="30.30239813" lon="120.06918675"><ele>10.222</ele><time>2026-09-17T11:23:38Z</time><sat>7</sat></trkpt>
  <trkpt lat="30.30239813" lon="120.06918674"><ele>10.211</ele><time>2026-09-17T11:23:41Z</time><sat>9</sat></trkpt>
  <trkpt lat="30.30239811" lon="120.06918676"><ele>10.221</ele><time>2026-09-17T11:23:44Z</time><sat>7</sat></trkpt>
  <trkpt lat="30.30239810" lon="120.06918625"><ele>10.853</ele><time>2026-09-17T11:23:47Z</time><sat>6</sat></trkpt>
  <trkpt lat="30.30239809" lon="120.06918601"><ele>11.182</ele><time>2026-09-17T11:23:50Z</time><sat>9</sat></trkpt>
  <trkpt lat="30.30239809" lon="120.06918565"><ele>11.645</ele><time>2026-09-17T11:23:53Z</time><sat>12</sat></trkpt>
  <trkpt lat="30.30239787" lon="120.06918512"><ele>12.176</ele><time>2026-09-17T11:23:56Z</time><sat>13</sat></trkpt>
  <trkpt lat="30.30239897" lon="120.06918614"><ele>11.995</ele><time>2026-09-17T11:23:59Z</time><sat>11</sat></trkpt>
  <trkpt lat="30.30239897" lon="120.06918581"><ele>12.523</ele><time>2026-09-17T11:24:02Z</time><sat>10</sat></trkpt>
  <trkpt lat="30.30239897" lon="120.06918578"><ele>12.556</ele><time>2026-09-17T11:24:05Z</time><sat>9</sat></trkpt>
  <trkpt lat="30.30239963" lon="120.06918632"><ele>12.487</ele><time>2026-09-17T11:24:08Z</time><sat>11</sat></trkpt>
  <trkpt lat="30.30239966" lon="120.06918636"><ele>12.487</ele><time>2026-09-17T11:24:11Z</time><sat>12</sat></trkpt>
  <trkpt lat="30.30239965" lon="120.06918636"><ele>12.487</ele><time>2026-09-17T11:24:14Z</time><sat>9</sat></trkpt>
  <trkpt lat="30.30239966" lon="120.06918636"><ele>12.484</ele><time>2026-09-17T11:24:17Z</time><sat>7</sat></trkpt>
  <trkpt lat="30.30239967" lon="120.06918637"><ele>12.480</ele><time>2026-09-17T11:24:20Z</time><sat>9</sat></trkpt>
  <trkpt lat="30.30239970" lon="120.06918639"><ele>12.475</ele><time>2026-09-17T11:24:23Z</time><sat>8</sat></trkpt>
  <trkpt lat="30.30239974" lon="120.06918644"><ele>12.463</ele><time>2026-09-17T11:24:26Z</time><sat>10</sat></trkpt>
  <trkpt lat="30.30239980" lon="120.06918650"><ele>12.447</ele><time>2026-09-17T11:24:29Z</time><sat>8</sat></trkpt>
  <trkpt lat="30.30239984" lon="120.06918656"><ele>12.443</ele><time>2026-09-17T11:24:32Z</time><sat>6</sat></trkpt>
  <trkpt lat="30.30240008" lon="120.06918683"><ele>12.370</ele><time>2026-09-17T11:24:35Z</time><sat>9</sat></trkpt>
  <trkpt lat="30.30240004" lon="120.06918680"><ele>12.389</ele><time>2026-09-17T11:24:38Z</time><sat>13</sat></trkpt>
  <trkpt lat="30.30240009" lon="120.06918684"><ele>12.375</ele><time>2026-09-17T11:24:41Z</time><sat>12</sat></trkpt>
  <trkpt lat="30.30240024" lon="120.06918692"><ele>12.343</ele><time>2026-09-17T11:24:44Z</time><sat>10</sat></trkpt>
  <trkpt lat="30.30240023" lon="120.06918694"><ele>12.350</ele><time>2026-09-17T11:24:47Z</time><sat>10</sat></trkpt>
  <trkpt lat="30.30240030" lon="120.06918699"><ele>12.333</ele><time>2026-09-17T11:24:50Z</time><sat>12</sat></trkpt>
  <trkpt lat="30.30240038" lon="120.06918706"><ele>12.314</ele><time>2026-09-17T11:24:53Z</time><sat>13</sat></trkpt>
  <trkpt lat="30.30240043" lon="120.06918712"><ele>12.307</ele><time>2026-09-17T11:24:56Z</time><sat>13</sat></trkpt>
  <trkpt lat="30.30240046" lon="120.06918715"><ele>12.319</ele><time>2026-09-17T11:24:59Z</time><sat>10</sat></trkpt>
  <trkpt lat="30.30240069" lon="120.06918739"><ele>12.259</ele><time>2026-09-17T11:25:02Z</time><sat>10</sat></trkpt>
  <trkpt lat="30.30240077" lon="120.06918749"><ele>12.234</ele><time>2026-09-17T11:25:05Z</time><sat>13</sat></trkpt>
  <trkpt lat="30.30240084" lon="120.06918757"><ele>12.217</ele><time>2026-09-17T11:25:08Z</time><sat>14</sat></trkpt>
  <trkpt lat="30.30240094" lon="120.06918768"><ele>12.186</ele><time>2026-09-17T11:25:11Z</time><sat>10</sat></trkpt>
  <trkpt lat="30.30240102" lon="120.06918778"><ele>12.163</ele><time>2026-09-17T11:25:14Z</time><sat>8</sat></trkpt>
  <trkpt lat="30.30240104" lon="120.06918785"><ele>12.169</ele><time>2026-09-17T11:25:17Z</time><sat>11</sat></trkpt>
  <trkpt lat="30.30240116" lon="120.06918798"><ele>12.137</ele><time>2026-09-17T11:25:20Z</time><sat>12</sat></trkpt>
  <trkpt lat="30.30240121" lon="120.06918804"><ele>12.125</ele><time>2026-09-17T11:25:23Z</time><sat>9</sat></trkpt>
  <trkpt lat="30.30240126" lon="120.06918810"><ele>12.114</ele><time>2026-09-17T11:25:26Z</time><sat>9</sat></trkpt>
  <trkpt lat="30.30240152" lon="120.06918829"><ele>12.003</ele><time>2026-09-17T11:25:29Z</time><sat>10</sat></trkpt>
  <trkpt lat="30.30240164" lon="120.06918841"><ele>11.969</ele><time>2026-09-17T11:25:32Z</time><sat>10</sat></trkpt>
  <trkpt lat="30.30240171" lon="120.06918850"><ele>11.953</ele><time>2026-09-17T11:25:35Z</time><sat>8</sat></trkpt>
  <trkpt lat="30.30240176" lon="120.06918855"><ele>11.945</ele><time>2026-09-17T11:25:38Z</time><sat>9</sat></trkpt>
  <trkpt lat="30.30240115" lon="120.06918826"><ele>12.243</ele><time>2026-09-17T11:25:41Z</time><sat>11</sat></trkpt>
  <trkpt lat="30.30240117" lon="120.06918831"><ele>12.232</ele><time>2026-09-17T11:25:44Z</time><sat>9</sat></trkpt>
  <trkpt lat="30.30240118" lon="120.06918832"><ele>12.230</ele><time>2026-09-17T11:25:47Z</time><sat>9</sat></trkpt>
  <trkpt lat="30.30240117" lon="120.06918832"><ele>12.235</ele><time>2026-09-17T11:25:50Z</time><sat>9</sat></trkpt>
  <trkpt lat="30.30240120" lon="120.06918835"><ele>12.223</ele><time>2026-09-17T11:25:53Z</time><sat>8</sat></trkpt>
  <trkpt lat="30.30240121" lon="120.06918835"><ele>12.220</ele><time>2026-09-17T11:25:56Z</time><sat>5</sat></trkpt>
  <trkpt lat="30.30240122" lon="120.06918836"><ele>12.221</ele><time>2026-09-17T11:25:59Z</time><sat>6</sat></trkpt>
  <trkpt lat="30.30240126" lon="120.06918841"><ele>12.211</ele><time>2026-09-17T11:26:02Z</time><sat>7</sat></trkpt>
  <trkpt lat="30.30240128" lon="120.06918841"><ele>12.223</ele><time>2026-09-17T11:26:05Z</time><sat>6</sat></trkpt>
  <trkpt lat="30.30240142" lon="120.06918854"><ele>12.190</ele><time>2026-09-17T11:26:08Z</time><sat>6</sat></trkpt>
  <trkpt lat="30.30240144" lon="120.06918856"><ele>12.184</ele><time>2026-09-17T11:26:11Z</time><sat>8</sat></trkpt>
  <trkpt lat="30.30240209" lon="120.06918917"><ele>11.980</ele><time>2026-09-17T11:26:14Z</time><sat>10</sat></trkpt>
  <trkpt lat="30.30240248" lon="120.06918958"><ele>11.902</ele><time>2026-09-17T11:26:17Z</time><sat>9</sat></trkpt>
  <trkpt lat="30.30240278" lon="120.06918988"><ele>11.797</ele><time>2026-09-17T11:26:20Z</time><sat>11</sat></trkpt>
  <trkpt lat="30.30240286" lon="120.06918995"><ele>11.798</ele><time>2026-09-17T11:26:23Z</time><sat>9</sat></trkpt>
  <trkpt lat="30.30240288" lon="120.06918998"><ele>11.792</ele><time>2026-09-17T11:26:26Z</time><sat>7</sat></trkpt>
  <trkpt lat="30.30240289" lon="120.06919000"><ele>11.782</ele><time>2026-09-17T11:26:29Z</time><sat>6</sat></trkpt>
  <trkpt lat="30.30240296" lon="120.06919007"><ele>11.761</ele><time>2026-09-17T11:26:32Z</time><sat>9</sat></trkpt>
  <trkpt lat="30.30240290" lon="120.06919006"><ele>11.788</ele><time>2026-09-17T11:26:35Z</time><sat>10</sat></trkpt>
  <trkpt lat="30.30240293" lon="120.06919017"><ele>11.779</ele><time>2026-09-17T11:26:38Z</time><sat>9</sat></trkpt>
  <trkpt lat="30.30240293" lon="120.06919026"><ele>11.802</ele><time>2026-09-17T11:26:41Z</time><sat>7</sat></trkpt>
  <trkpt lat="30.30240296" lon="120.06919037"><ele>11.792</ele><time>2026-09-17T11:26:44Z</time><sat>8</sat></trkpt>
  <trkpt lat="30.30240299" lon="120.06919046"><ele>11.785</ele><time>2026-09-17T11:26:47Z</time><sat>6</sat></trkpt>
  <trkpt lat="30.30240300" lon="120.06919047"><ele>11.781</ele><time>2026-09-17T11:26:50Z</time><sat>7</sat></trkpt>
  <trkpt lat="30.30240301" lon="120.06919047"><ele>11.777</ele><time>2026-09-17T11:26:53Z</time><sat>8</sat></trkpt>
  <trkpt lat="30.30240306" lon="120.06919062"><ele>11.765</ele><time>2026-09-17T11:26:56Z</time><sat>5</sat></trkpt>
  <trkpt lat="30.30240310" lon="120.06919073"><ele>11.756</ele><time>2026-09-17T11:26:59Z</time><sat>4</sat></trkpt>
  <trkpt lat="30.30240312" lon="120.06919074"><ele>11.755</ele><time>2026-09-17T11:27:02Z</time><sat>5</sat></trkpt>
  <trkpt lat="30.30240317" lon="120.06919094"><ele>11.749</ele><time>2026-09-17T11:27:05Z</time><sat>7</sat></trkpt>
  <trkpt lat="30.30240319" lon="120.06919103"><ele>11.751</ele><time>2026-09-17T11:27:08Z</time><sat>6</sat></trkpt>
  <trkpt lat="30.30240321" lon="120.06919104"><ele>11.760</ele><time>2026-09-17T11:27:11Z</time><sat>7</sat></trkpt>
  <trkpt lat="30.30240323" lon="120.06919103"><ele>11.770</ele><time>2026-09-17T11:27:14Z</time><sat>8</sat></trkpt>
  <trkpt lat="30.30240331" lon="120.06919112"><ele>11.772</ele><time>2026-09-17T11:27:17Z</time><sat>7</sat></trkpt>
  <trkpt lat="30.30240336" lon="120.06919114"><ele>11.751</ele><time>2026-09-17T11:27:20Z</time><sat>7</sat></trkpt>
  <trkpt lat="30.30240330" lon="120.06919114"><ele>11.751</ele><time>2026-09-17T11:27:23Z</time><sat>6</sat></trkpt>
  <trkpt lat="30.30240316" lon="120.06919106"><ele>11.783</ele><time>2026-09-17T11:27:26Z</time><sat>7</sat></trkpt>
  <trkpt lat="30.30240323" lon="120.06919110"><ele>11.765</ele><time>2026-09-17T11:27:29Z</time><sat>8</sat></trkpt>
  <trkpt lat="30.30240327" lon="120.06919111"><ele>11.722</ele><time>2026-09-17T11:27:32Z</time><sat>6</sat></trkpt>
  <trkpt lat="30.30240328" lon="120.06919111"><ele>11.717</ele><time>2026-09-17T11:27:35Z</time><sat>6</sat></trkpt>
  <trkpt lat="30.30240328" lon="120.06919115"><ele>11.719</ele><time>2026-09-17T11:27:38Z</time><sat>5</sat></trkpt>
  <trkpt lat="30.30240328" lon="120.06919122"><ele>11.724</ele><time>2026-09-17T11:27:41Z</time><sat>7</sat></trkpt>
  <trkpt lat="30.30240329" lon="120.06919123"><ele>11.724</ele><time>2026-09-17T11:27:44Z</time><sat>7</sat></trkpt>
  <trkpt lat="30.30240329" lon="120.06919125"><ele>11.727</ele><time>2026-09-17T11:27:47Z</time><sat>6</sat></trkpt>
  <trkpt lat="30.30240329" lon="120.06919126"><ele>11.728</ele><time>2026-09-17T11:27:50Z</time><sat>6</sat></trkpt>
  <trkpt lat="30.30240329" lon="120.06919129"><ele>11.731</ele><time>2026-09-17T11:27:53Z</time><sat>6</sat></trkpt>
  <trkpt lat="30.30240328" lon="120.06919134"><ele>11.734</ele><time>2026-09-17T11:27:56Z</time><sat>4</sat></trkpt>
  <trkpt lat="30.30240328" lon="120.06919141"><ele>11.732</ele><time>2026-09-17T11:27:59Z</time><sat>6</sat></trkpt>
  <trkpt lat="30.30240329" lon="120.06919142"><ele>11.728</ele><time>2026-09-17T11:28:02Z</time><sat>7</sat></trkpt>
  <trkpt lat="30.30240329" lon="120.06919144"><ele>11.728</ele><time>2026-09-17T11:28:05Z</time><sat>6</sat></trkpt>
  <trkpt lat="30.30240329" lon="120.06919145"><ele>11.729</ele><time>2026-09-17T11:28:08Z</time><sat>4</sat></trkpt>
  <trkpt lat="30.30240329" lon="120.06919146"><ele>11.727</ele><time>2026-09-17T11:28:11Z</time><sat>5</sat></trkpt>
  <trkpt lat="30.30240329" lon="120.06919147"><ele>11.734</ele><time>2026-09-17T11:28:14Z</time><sat>6</sat></trkpt>
  <trkpt lat="30.30240330" lon="120.06919147"><ele>11.717</ele><time>2026-09-17T11:28:17Z</time><sat>6</sat></trkpt>
  <trkpt lat="30.30240330" lon="120.06919147"><ele>11.717</ele><time>2026-09-17T11:28:20Z</time><sat>5</sat></trkpt>
  <trkpt lat="30.30240333" lon="120.06919144"><ele>11.689</ele><time>2026-09-17T11:28:23Z</time><sat>6</sat></trkpt>
  <trkpt lat="30.30240333" lon="120.06919142"><ele>11.680</ele><time>2026-09-17T11:28:26Z</time><sat>8</sat></trkpt>
  <trkpt lat="30.30240335" lon="120.06919143"><ele>11.655</ele><time>2026-09-17T11:28:29Z</time><sat>7</sat></trkpt>
  <trkpt lat="30.30240159" lon="120.06919064"><ele>12.376</ele><time>2026-09-17T11:28:32Z</time><sat>7</sat></trkpt>
  <trkpt lat="30.30240126" lon="120.06919051"><ele>12.370</ele><time>2026-09-17T11:28:35Z</time><sat>9</sat></trkpt>
  <trkpt lat="30.30240126" lon="120.06919051"><ele>12.372</ele><time>2026-09-17T11:28:38Z</time><sat>10</sat></trkpt>
  <trkpt lat="30.30240084" lon="120.06919040"><ele>12.533</ele><time>2026-09-17T11:28:41Z</time><sat>7</sat></trkpt>
  <trkpt lat="30.30240141" lon="120.06919074"><ele>12.373</ele><time>2026-09-17T11:28:44Z</time><sat>8</sat></trkpt>
  <trkpt lat="30.30240141" lon="120.06919071"><ele>12.360</ele><time>2026-09-17T11:28:47Z</time><sat>9</sat></trkpt>
  <trkpt lat="30.30240141" lon="120.06919070"><ele>12.361</ele><time>2026-09-17T11:28:50Z</time><sat>8</sat></trkpt>
  <trkpt lat="30.30240130" lon="120.06919068"><ele>12.406</ele><time>2026-09-17T11:28:53Z</time><sat>6</sat></trkpt>
  <trkpt lat="30.30240144" lon="120.06919080"><ele>12.396</ele><time>2026-09-17T11:28:56Z</time><sat>8</sat></trkpt>
  <trkpt lat="30.30240140" lon="120.06919077"><ele>12.389</ele><time>2026-09-17T11:28:59Z</time><sat>10</sat></trkpt>
  <trkpt lat="30.30240141" lon="120.06919078"><ele>12.394</ele><time>2026-09-17T11:29:02Z</time><sat>8</sat></trkpt>
  <trkpt lat="30.30240141" lon="120.06919079"><ele>12.390</ele><time>2026-09-17T11:29:05Z</time><sat>6</sat></trkpt>
  <trkpt lat="30.30240143" lon="120.06919082"><ele>12.395</ele><time>2026-09-17T11:29:08Z</time><sat>8</sat></trkpt>
  <trkpt lat="30.30240144" lon="120.06919084"><ele>12.395</ele><time>2026-09-17T11:29:11Z</time><sat>8</sat></trkpt>
  <trkpt lat="30.30240149" lon="120.06919092"><ele>12.382</ele><time>2026-09-17T11:29:14Z</time><sat>10</sat></trkpt>
  <trkpt lat="30.30240152" lon="120.06919100"><ele>12.387</ele><time>2026-09-17T11:29:17Z</time><sat>9</sat></trkpt>
  <trkpt lat="30.30240152" lon="120.06919102"><ele>12.387</ele><time>2026-09-17T11:29:20Z</time><sat>8</sat></trkpt>
  <trkpt lat="30.30240157" lon="120.06919107"><ele>12.369</ele><time>2026-09-17T11:29:23Z</time><sat>8</sat></trkpt>
  <trkpt lat="30.30240159" lon="120.06919110"><ele>12.378</ele><time>2026-09-17T11:29:26Z</time><sat>9</sat></trkpt>
  <trkpt lat="30.30240161" lon="120.06919114"><ele>12.372</ele><time>2026-09-17T11:29:29Z</time><sat>10</sat></trkpt>
  <trkpt lat="30.30240134" lon="120.06919106"><ele>12.418</ele><time>2026-09-17T11:29:32Z</time><sat>8</sat></trkpt>
  <trkpt lat="30.30240129" lon="120.06919106"><ele>12.413</ele><time>2026-09-17T11:29:35Z</time><sat>7</sat></trkpt>
  <trkpt lat="30.30240132" lon="120.06919109"><ele>12.403</ele><time>2026-09-17T11:29:38Z</time><sat>8</sat></trkpt>
  <trkpt lat="30.30240134" lon="120.06919110"><ele>12.398</ele><time>2026-09-17T11:29:41Z</time><sat>9</sat></trkpt>
  <trkpt lat="30.30240135" lon="120.06919111"><ele>12.397</ele><time>2026-09-17T11:29:44Z</time><sat>9</sat></trkpt>
  <trkpt lat="30.30240137" lon="120.06919114"><ele>12.388</ele><time>2026-09-17T11:29:47Z</time><sat>7</sat></trkpt>
  <trkpt lat="30.30240140" lon="120.06919118"><ele>12.378</ele><time>2026-09-17T11:29:50Z</time><sat>7</sat></trkpt>
  <trkpt lat="30.30240145" lon="120.06919124"><ele>12.366</ele><time>2026-09-17T11:29:53Z</time><sat>8</sat></trkpt>
  <trkpt lat="30.30240156" lon="120.06919136"><ele>12.326</ele><time>2026-09-17T11:29:56Z</time><sat>9</sat></trkpt>
  <trkpt lat="30.30240162" lon="120.06919143"><ele>12.318</ele><time>2026-09-17T11:29:59Z</time><sat>8</sat></trkpt>
  <trkpt lat="30.30240167" lon="120.06919150"><ele>12.298</ele><time>2026-09-17T11:30:02Z</time><sat>7</sat></trkpt>
  <trkpt lat="30.30240174" lon="120.06919158"><ele>12.282</ele><time>2026-09-17T11:30:05Z</time><sat>8</sat></trkpt>
  <trkpt lat="30.30240148" lon="120.06919125"><ele>12.392</ele><time>2026-09-17T11:30:08Z</time><sat>8</sat></trkpt>
  <trkpt lat="30.30240148" lon="120.06919125"><ele>12.361</ele><time>2026-09-17T11:30:11Z</time><sat>7</sat></trkpt>
  <trkpt lat="30.30240151" lon="120.06919130"><ele>12.360</ele><time>2026-09-17T11:30:14Z</time><sat>7</sat></trkpt>
  <trkpt lat="30.30240151" lon="120.06919131"><ele>12.357</ele><time>2026-09-17T11:30:17Z</time><sat>9</sat></trkpt>
  <trkpt lat="30.30240153" lon="120.06919133"><ele>12.360</ele><time>2026-09-17T11:30:20Z</time><sat>8</sat></trkpt>
  <trkpt lat="30.30240273" lon="120.06919286"><ele>11.874</ele><time>2026-09-17T11:30:23Z</time><sat>8</sat></trkpt>
  <trkpt lat="30.30240318" lon="120.06919343"><ele>11.848</ele><time>2026-09-17T11:30:26Z</time><sat>9</sat></trkpt>
  <trkpt lat="30.30240323" lon="120.06919348"><ele>11.837</ele><time>2026-09-17T11:30:29Z</time><sat>8</sat></trkpt>
  <trkpt lat="30.30240399" lon="120.06919444"><ele>11.591</ele><time>2026-09-17T11:30:32Z</time><sat>8</sat></trkpt>
  <trkpt lat="30.30240430" lon="120.06919480"><ele>11.506</ele><time>2026-09-17T11:30:35Z</time><sat>10</sat></trkpt>
  <trkpt lat="30.30240442" lon="120.06919493"><ele>11.500</ele><time>2026-09-17T11:30:38Z</time><sat>8</sat></trkpt>
  <trkpt lat="30.30240451" lon="120.06919501"><ele>11.485</ele><time>2026-09-17T11:30:41Z</time><sat>8</sat></trkpt>
  <trkpt lat="30.30240444" lon="120.06919490"><ele>11.509</ele><time>2026-09-17T11:30:44Z</time><sat>9</sat></trkpt>
  <trkpt lat="30.30240432" lon="120.06919473"><ele>11.576</ele><time>2026-09-17T11:30:47Z</time><sat>9</sat></trkpt>
  <trkpt lat="30.30240431" lon="120.06919468"><ele>11.578</ele><time>2026-09-17T11:30:50Z</time><sat>7</sat></trkpt>
  <trkpt lat="30.30240440" lon="120.06919475"><ele>11.569</ele><time>2026-09-17T11:30:53Z</time><sat>8</sat></trkpt>
  <trkpt lat="30.30240509" lon="120.06919559"><ele>11.384</ele><time>2026-09-17T11:30:56Z</time><sat>9</sat></trkpt>
  <trkpt lat="30.30240524" lon="120.06919573"><ele>11.376</ele><time>2026-09-17T11:30:59Z</time><sat>8</sat></trkpt>
  <trkpt lat="30.30240532" lon="120.06919579"><ele>11.370</ele><time>2026-09-17T11:31:02Z</time><sat>6</sat></trkpt>
  <trkpt lat="30.30240538" lon="120.06919590"><ele>11.352</ele><time>2026-09-17T11:31:05Z</time><sat>5</sat></trkpt>
  <trkpt lat="30.30240557" lon="120.06919611"><ele>11.323</ele><time>2026-09-17T11:31:08Z</time><sat>7</sat></trkpt>
  <trkpt lat="30.30240558" lon="120.06919611"><ele>11.328</ele><time>2026-09-17T11:31:11Z</time><sat>9</sat></trkpt>
  <trkpt lat="30.30240559" lon="120.06919612"><ele>11.323</ele><time>2026-09-17T11:31:14Z</time><sat>9</sat></trkpt>
  <trkpt lat="30.30240562" lon="120.06919614"><ele>11.327</ele><time>2026-09-17T11:31:17Z</time><sat>8</sat></trkpt>
  <trkpt lat="30.30240563" lon="120.06919615"><ele>11.326</ele><time>2026-09-17T11:31:20Z</time><sat>8</sat></trkpt>
  <trkpt lat="30.30240565" lon="120.06919618"><ele>11.325</ele><time>2026-09-17T11:31:23Z</time><sat>8</sat></trkpt>
  <trkpt lat="30.30240572" lon="120.06919624"><ele>11.324</ele><time>2026-09-17T11:31:26Z</time><sat>9</sat></trkpt>
  <trkpt lat="30.30240578" lon="120.06919629"><ele>11.324</ele><time>2026-09-17T11:31:29Z</time><sat>8</sat></trkpt>
  <trkpt lat="30.30240582" lon="120.06919632"><ele>11.329</ele><time>2026-09-17T11:31:32Z</time><sat>7</sat></trkpt>
  <trkpt lat="30.30240585" lon="120.06919635"><ele>11.326</ele><time>2026-09-17T11:31:35Z</time><sat>7</sat></trkpt>
  <trkpt lat="30.30240586" lon="120.06919636"><ele>11.317</ele><time>2026-09-17T11:31:38Z</time><sat>9</sat></trkpt>
  <trkpt lat="30.30240588" lon="120.06919639"><ele>11.308</ele><time>2026-09-17T11:31:41Z</time><sat>9</sat></trkpt>
  <trkpt lat="30.30240590" lon="120.06919640"><ele>11.309</ele><time>2026-09-17T11:31:44Z</time><sat>7</sat></trkpt>
  <trkpt lat="30.30240591" lon="120.06919641"><ele>11.308</ele><time>2026-09-17T11:31:47Z</time><sat>9</sat></trkpt>
  <trkpt lat="30.30240591" lon="120.06919640"><ele>11.307</ele><time>2026-09-17T11:31:50Z</time><sat>10</sat></trkpt>
  <trkpt lat="30.30240591" lon="120.06919640"><ele>11.301</ele><time>2026-09-17T11:31:53Z</time><sat>10</sat></trkpt>
  <trkpt lat="30.30240593" lon="120.06919641"><ele>11.296</ele><time>2026-09-17T11:31:56Z</time><sat>10</sat></trkpt>
  <trkpt lat="30.30240596" lon="120.06919644"><ele>11.286</ele><time>2026-09-17T11:31:59Z</time><sat>10</sat></trkpt>
  <trkpt lat="30.30240603" lon="120.06919650"><ele>11.266</ele><time>2026-09-17T11:32:02Z</time><sat>10</sat></trkpt>
  <trkpt lat="30.30240608" lon="120.06919654"><ele>11.251</ele><time>2026-09-17T11:32:05Z</time><sat>10</sat></trkpt>
  <trkpt lat="30.30240613" lon="120.06919658"><ele>11.238</ele><time>2026-09-17T11:32:08Z</time><sat>10</sat></trkpt>
  <trkpt lat="30.30240615" lon="120.06919661"><ele>11.236</ele><time>2026-09-17T11:32:11Z</time><sat>12</sat></trkpt>
  <trkpt lat="30.30240617" lon="120.06919661"><ele>11.234</ele><time>2026-09-17T11:32:14Z</time><sat>12</sat></trkpt>
  <trkpt lat="30.30240628" lon="120.06919675"><ele>11.161</ele><time>2026-09-17T11:32:17Z</time><sat>9</sat></trkpt>
  <trkpt lat="30.30240654" lon="120.06919706"><ele>11.033</ele><time>2026-09-17T11:32:20Z</time><sat>9</sat></trkpt>
  <trkpt lat="30.30240673" lon="120.06919729"><ele>10.925</ele><time>2026-09-17T11:32:23Z</time><sat>12</sat></trkpt>
  <trkpt lat="30.30240683" lon="120.06919741"><ele>10.890</ele><time>2026-09-17T11:32:26Z</time><sat>11</sat></trkpt>
  <trkpt lat="30.30240692" lon="120.06919752"><ele>10.847</ele><time>2026-09-17T11:32:29Z</time><sat>10</sat></trkpt>
  <trkpt lat="30.30240703" lon="120.06919765"><ele>10.790</ele><time>2026-09-17T11:32:32Z</time><sat>10</sat></trkpt>
  <trkpt lat="30.30240713" lon="120.06919775"><ele>10.746</ele><time>2026-09-17T11:32:35Z</time><sat>9</sat></trkpt>
  <trkpt lat="30.30240714" lon="120.06919777"><ele>10.742</ele><time>2026-09-17T11:32:38Z</time><sat>9</sat></trkpt>
  <trkpt lat="30.30240717" lon="120.06919780"><ele>10.727</ele><time>2026-09-17T11:32:41Z</time><sat>8</sat></trkpt>
  <trkpt lat="30.30240719" lon="120.06919783"><ele>10.718</ele><time>2026-09-17T11:32:44Z</time><sat>8</sat></trkpt>
  <trkpt lat="30.30240716" lon="120.06919779"><ele>10.739</ele><time>2026-09-17T11:32:47Z</time><sat>10</sat></trkpt>
  <trkpt lat="30.30240716" lon="120.06919779"><ele>10.739</ele><time>2026-09-17T11:32:50Z</time><sat>9</sat></trkpt>
  <trkpt lat="30.30240717" lon="120.06919783"><ele>10.760</ele><time>2026-09-17T11:32:53Z</time><sat>8</sat></trkpt>
  <trkpt lat="30.30240722" lon="120.06919789"><ele>10.780</ele><time>2026-09-17T11:32:56Z</time><sat>10</sat></trkpt>
  <trkpt lat="30.30240736" lon="120.06919811"><ele>10.834</ele><time>2026-09-17T11:32:59Z</time><sat>11</sat></trkpt>
  <trkpt lat="30.30240753" lon="120.06919835"><ele>10.912</ele><time>2026-09-17T11:33:02Z</time><sat>8</sat></trkpt>
  <trkpt lat="30.30240792" lon="120.06919888"><ele>11.015</ele><time>2026-09-17T11:33:05Z</time><sat>7</sat></trkpt>
  <trkpt lat="30.30240805" lon="120.06919905"><ele>11.033</ele><time>2026-09-17T11:33:08Z</time><sat>9</sat></trkpt>
  <trkpt lat="30.30240818" lon="120.06919922"><ele>11.071</ele><time>2026-09-17T11:33:11Z</time><sat>8</sat></trkpt>
  <trkpt lat="30.30240827" lon="120.06919934"><ele>11.087</ele><time>2026-09-17T11:33:14Z</time><sat>5</sat></trkpt>
  <trkpt lat="30.30240859" lon="120.06919979"><ele>11.195</ele><time>2026-09-17T11:33:17Z</time><sat>5</sat></trkpt>
  <trkpt lat="30.30240906" lon="120.06920036"><ele>11.228</ele><time>2026-09-17T11:33:20Z</time><sat>8</sat></trkpt>
  <trkpt lat="30.30240936" lon="120.06920073"><ele>11.269</ele><time>2026-09-17T11:33:23Z</time><sat>10</sat></trkpt>
  <trkpt lat="30.30240945" lon="120.06920083"><ele>11.251</ele><time>2026-09-17T11:33:26Z</time><sat>6</sat></trkpt>
  <trkpt lat="30.30240953" lon="120.06920093"><ele>11.241</ele><time>2026-09-17T11:33:29Z</time><sat>6</sat></trkpt>
  <trkpt lat="30.30240963" lon="120.06920105"><ele>11.252</ele><time>2026-09-17T11:33:32Z</time><sat>10</sat></trkpt>
  <trkpt lat="30.30240997" lon="120.06920147"><ele>11.319</ele><time>2026-09-17T11:33:35Z</time><sat>8</sat></trkpt>
  <trkpt lat="30.30241032" lon="120.06920189"><ele>11.335</ele><time>2026-09-17T11:33:38Z</time><sat>5</sat></trkpt>
  <trkpt lat="30.30241055" lon="120.06920216"><ele>11.360</ele><time>2026-09-17T11:33:41Z</time><sat>5</sat></trkpt>
  <trkpt lat="30.30241063" lon="120.06920222"><ele>11.353</ele><time>2026-09-17T11:33:44Z</time><sat>5</sat></trkpt>
  <trkpt lat="30.30241076" lon="120.06920237"><ele>11.434</ele><time>2026-09-17T11:33:47Z</time><sat>6</sat></trkpt>
  <trkpt lat="30.30241089" lon="120.06920248"><ele>11.391</ele><time>2026-09-17T11:33:50Z</time><sat>7</sat></trkpt>
  <trkpt lat="30.30241094" lon="120.06920233"><ele>11.396</ele><time>2026-09-17T11:33:53Z</time><sat>9</sat></trkpt>
  <trkpt lat="30.30241099" lon="120.06920236"><ele>11.381</ele><time>2026-09-17T11:33:56Z</time><sat>9</sat></trkpt>
  <trkpt lat="30.30241102" lon="120.06920237"><ele>11.375</ele><time>2026-09-17T11:33:59Z</time><sat>6</sat></trkpt>
  <trkpt lat="30.30241107" lon="120.06920242"><ele>11.362</ele><time>2026-09-17T11:34:02Z</time><sat>5</sat></trkpt>
  <trkpt lat="30.30241108" lon="120.06920227"><ele>11.354</ele><time>2026-09-17T11:34:05Z</time><sat>8</sat></trkpt>
  <trkpt lat="30.30241106" lon="120.06920210"><ele>11.361</ele><time>2026-09-17T11:34:08Z</time><sat>9</sat></trkpt>
  <trkpt lat="30.30241111" lon="120.06920215"><ele>11.342</ele><time>2026-09-17T11:34:11Z</time><sat>6</sat></trkpt>
  <trkpt lat="30.30241123" lon="120.06920224"><ele>11.302</ele><time>2026-09-17T11:34:14Z</time><sat>6</sat></trkpt>
  <trkpt lat="30.30241139" lon="120.06920241"><ele>11.251</ele><time>2026-09-17T11:34:17Z</time><sat>7</sat></trkpt>
  <trkpt lat="30.30241152" lon="120.06920243"><ele>11.198</ele><time>2026-09-17T11:34:20Z</time><sat>7</sat></trkpt>
  <trkpt lat="30.30241173" lon="120.06920263"><ele>11.123</ele><time>2026-09-17T11:34:23Z</time><sat>8</sat></trkpt>
  <trkpt lat="30.30241199" lon="120.06920292"><ele>11.044</ele><time>2026-09-17T11:34:26Z</time><sat>9</sat></trkpt>
  <trkpt lat="30.30241211" lon="120.06920306"><ele>11.007</ele><time>2026-09-17T11:34:29Z</time><sat>9</sat></trkpt>
  <trkpt lat="30.30241220" lon="120.06920318"><ele>10.998</ele><time>2026-09-17T11:34:32Z</time><sat>9</sat></trkpt>
  <trkpt lat="30.30241239" lon="120.06920338"><ele>10.931</ele><time>2026-09-17T11:34:35Z</time><sat>8</sat></trkpt>
  <trkpt lat="30.30241258" lon="120.06920359"><ele>10.872</ele><time>2026-09-17T11:34:38Z</time><sat>7</sat></trkpt>
  <trkpt lat="30.30241269" lon="120.06920370"><ele>10.835</ele><time>2026-09-17T11:34:41Z</time><sat>6</sat></trkpt>
  <trkpt lat="30.30241285" lon="120.06920386"><ele>10.782</ele><time>2026-09-17T11:34:44Z</time><sat>8</sat></trkpt>
  <trkpt lat="30.30241304" lon="120.06920406"><ele>10.722</ele><time>2026-09-17T11:34:47Z</time><sat>5</sat></trkpt>
  <trkpt lat="30.30241317" lon="120.06920420"><ele>10.674</ele><time>2026-09-17T11:34:50Z</time><sat>4</sat></trkpt>
  <trkpt lat="30.30241334" lon="120.06920438"><ele>10.618</ele><time>2026-09-17T11:34:53Z</time><sat>8</sat></trkpt>
  <trkpt lat="30.30241381" lon="120.06920483"><ele>10.568</ele><time>2026-09-17T11:34:56Z</time><sat>8</sat></trkpt>
  <trkpt lat="30.30241409" lon="120.06920510"><ele>10.549</ele><time>2026-09-17T11:34:59Z</time><sat>6</sat></trkpt>
  <trkpt lat="30.30241413" lon="120.06920512"><ele>10.509</ele><time>2026-09-17T11:35:02Z</time><sat>10</sat></trkpt>
  <trkpt lat="30.30241423" lon="120.06920522"><ele>10.464</ele><time>2026-09-17T11:35:05Z</time><sat>11</sat></trkpt>
  <trkpt lat="30.30241417" lon="120.06920517"><ele>10.459</ele><time>2026-09-17T11:35:08Z</time><sat>8</sat></trkpt>
  <trkpt lat="30.30241424" lon="120.06920524"><ele>10.436</ele><time>2026-09-17T11:35:11Z</time><sat>5</sat></trkpt>
  <trkpt lat="30.30241432" lon="120.06920533"><ele>10.412</ele><time>2026-09-17T11:35:14Z</time><sat>7</sat></trkpt>
  <trkpt lat="30.30241435" lon="120.06920538"><ele>10.406</ele><time>2026-09-17T11:35:17Z</time><sat>8</sat></trkpt>
  <trkpt lat="30.30241429" lon="120.06920534"><ele>10.409</ele><time>2026-09-17T11:35:20Z</time><sat>8</sat></trkpt>
  <trkpt lat="30.30241431" lon="120.06920537"><ele>10.408</ele><time>2026-09-17T11:35:23Z</time><sat>6</sat></trkpt>
  <trkpt lat="30.30241433" lon="120.06920540"><ele>10.413</ele><time>2026-09-17T11:35:26Z</time><sat>8</sat></trkpt>
  <trkpt lat="30.30241454" lon="120.06920561"><ele>10.412</ele><time>2026-09-17T11:35:29Z</time><sat>7</sat></trkpt>
  <trkpt lat="30.30241452" lon="120.06920559"><ele>10.392</ele><time>2026-09-17T11:35:32Z</time><sat>7</sat></trkpt>
  <trkpt lat="30.30241463" lon="120.06920570"><ele>10.375</ele><time>2026-09-17T11:35:35Z</time><sat>8</sat></trkpt>
  <trkpt lat="30.30241469" lon="120.06920577"><ele>10.354</ele><time>2026-09-17T11:35:38Z</time><sat>6</sat></trkpt>
  <trkpt lat="30.30241473" lon="120.06920581"><ele>10.348</ele><time>2026-09-17T11:35:41Z</time><sat>7</sat></trkpt>
  <trkpt lat="30.30241508" lon="120.06920615"><ele>10.341</ele><time>2026-09-17T11:35:44Z</time><sat>8</sat></trkpt>
  <trkpt lat="30.30241547" lon="120.06920654"><ele>10.324</ele><time>2026-09-17T11:35:47Z</time><sat>7</sat></trkpt>
  <trkpt lat="30.30241556" lon="120.06920662"><ele>10.322</ele><time>2026-09-17T11:35:50Z</time><sat>6</sat></trkpt>
  <trkpt lat="30.30241575" lon="120.06920682"><ele>10.318</ele><time>2026-09-17T11:35:53Z</time><sat>8</sat></trkpt>
  <trkpt lat="30.30241580" lon="120.06920688"><ele>10.304</ele><time>2026-09-17T11:35:56Z</time><sat>10</sat></trkpt>
  <trkpt lat="30.30241610" lon="120.06920718"><ele>10.311</ele><time>2026-09-17T11:35:59Z</time><sat>10</sat></trkpt>
  <trkpt lat="30.30241632" lon="120.06920740"><ele>10.311</ele><time>2026-09-17T11:36:02Z</time><sat>9</sat></trkpt>
  <trkpt lat="30.30241634" lon="120.06920743"><ele>10.307</ele><time>2026-09-17T11:36:05Z</time><sat>9</sat></trkpt>
  <trkpt lat="30.30241633" lon="120.06920742"><ele>10.314</ele><time>2026-09-17T11:36:08Z</time><sat>10</sat></trkpt>
  <trkpt lat="30.30241633" lon="120.06920742"><ele>10.318</ele><time>2026-09-17T11:36:11Z</time><sat>10</sat></trkpt>
  <trkpt lat="30.30241643" lon="120.06920754"><ele>10.330</ele><time>2026-09-17T11:36:14Z</time><sat>8</sat></trkpt>
  <trkpt lat="30.30241650" lon="120.06920763"><ele>10.322</ele><time>2026-09-17T11:36:17Z</time><sat>8</sat></trkpt>
  <trkpt lat="30.30241640" lon="120.06920755"><ele>10.321</ele><time>2026-09-17T11:36:20Z</time><sat>9</sat></trkpt>
  <trkpt lat="30.30241639" lon="120.06920755"><ele>10.307</ele><time>2026-09-17T11:36:23Z</time><sat>8</sat></trkpt>
  <trkpt lat="30.30241636" lon="120.06920752"><ele>10.305</ele><time>2026-09-17T11:36:26Z</time><sat>9</sat></trkpt>
  <trkpt lat="30.30241630" lon="120.06920746"><ele>10.309</ele><time>2026-09-17T11:36:29Z</time><sat>8</sat></trkpt>
  <trkpt lat="30.30241619" lon="120.06920737"><ele>10.332</ele><time>2026-09-17T11:36:32Z</time><sat>8</sat></trkpt>
  <trkpt lat="30.30241621" lon="120.06920740"><ele>10.334</ele><time>2026-09-17T11:36:35Z</time><sat>9</sat></trkpt>
  <trkpt lat="30.30241619" lon="120.06920738"><ele>10.412</ele><time>2026-09-17T11:36:38Z</time><sat>10</sat></trkpt>
  <trkpt lat="30.30241628" lon="120.06920746"><ele>10.416</ele><time>2026-09-17T11:36:41Z</time><sat>9</sat></trkpt>
  <trkpt lat="30.30241622" lon="120.06920743"><ele>10.459</ele><time>2026-09-17T11:36:44Z</time><sat>7</sat></trkpt>
  <trkpt lat="30.30241626" lon="120.06920750"><ele>10.533</ele><time>2026-09-17T11:36:47Z</time><sat>7</sat></trkpt>
  <trkpt lat="30.30241629" lon="120.06920758"><ele>10.634</ele><time>2026-09-17T11:36:50Z</time><sat>8</sat></trkpt>
  <trkpt lat="30.30241629" lon="120.06920760"><ele>10.645</ele><time>2026-09-17T11:36:53Z</time><sat>6</sat></trkpt>
  <trkpt lat="30.30241630" lon="120.06920762"><ele>10.648</ele><time>2026-09-17T11:36:56Z</time><sat>6</sat></trkpt>
  <trkpt lat="30.30241629" lon="120.06920767"><ele>10.788</ele><time>2026-09-17T11:36:59Z</time><sat>7</sat></trkpt>
  <trkpt lat="30.30241628" lon="120.06920769"><ele>10.819</ele><time>2026-09-17T11:37:02Z</time><sat>9</sat></trkpt>
  <trkpt lat="30.30241625" lon="120.06920772"><ele>10.968</ele><time>2026-09-17T11:37:05Z</time><sat>8</sat></trkpt>
  <trkpt lat="30.30241624" lon="120.06920775"><ele>11.009</ele><time>2026-09-17T11:37:08Z</time><sat>4</sat></trkpt>
  <trkpt lat="30.30241623" lon="120.06920777"><ele>11.073</ele><time>2026-09-17T11:37:11Z</time><sat>6</sat></trkpt>
  <trkpt lat="30.30241622" lon="120.06920779"><ele>11.112</ele><time>2026-09-17T11:37:14Z</time><sat>6</sat></trkpt>
  <trkpt lat="30.30241621" lon="120.06920781"><ele>11.148</ele><time>2026-09-17T11:37:17Z</time><sat>5</sat></trkpt>
  <trkpt lat="30.30241620" lon="120.06920784"><ele>11.211</ele><time>2026-09-17T11:37:20Z</time><sat>7</sat></trkpt>
  <trkpt lat="30.30241619" lon="120.06920785"><ele>11.246</ele><time>2026-09-17T11:37:23Z</time><sat>8</sat></trkpt>
  <trkpt lat="30.30241619" lon="120.06920787"><ele>11.289</ele><time>2026-09-17T11:37:26Z</time><sat>6</sat></trkpt>
  <trkpt lat="30.30241622" lon="120.06920795"><ele>11.376</ele><time>2026-09-17T11:37:29Z</time><sat>4</sat></trkpt>
  <trkpt lat="30.30241623" lon="120.06920798"><ele>11.418</ele><time>2026-09-17T11:37:32Z</time><sat>7</sat></trkpt>
  <trkpt lat="30.30241627" lon="120.06920807"><ele>11.509</ele><time>2026-09-17T11:37:35Z</time><sat>10</sat></trkpt>
  <trkpt lat="30.30241628" lon="120.06920809"><ele>11.520</ele><time>2026-09-17T11:37:38Z</time><sat>8</sat></trkpt>
  <trkpt lat="30.30241636" lon="120.06920828"><ele>11.659</ele><time>2026-09-17T11:37:41Z</time><sat>7</sat></trkpt>
  <trkpt lat="30.30241644" lon="120.06920843"><ele>11.843</ele><time>2026-09-17T11:37:44Z</time><sat>7</sat></trkpt>
  <trkpt lat="30.30241654" lon="120.06920864"><ele>12.021</ele><time>2026-09-17T11:37:47Z</time><sat>8</sat></trkpt>
  <trkpt lat="30.30241662" lon="120.06920882"><ele>12.211</ele><time>2026-09-17T11:37:50Z</time><sat>8</sat></trkpt>
  <trkpt lat="30.30241673" lon="120.06920907"><ele>12.414</ele><time>2026-09-17T11:37:53Z</time><sat>6</sat></trkpt>
  <trkpt lat="30.30241681" lon="120.06920923"><ele>12.600</ele><time>2026-09-17T11:37:56Z</time><sat>7</sat></trkpt>
  <trkpt lat="30.30241685" lon="120.06920932"><ele>12.699</ele><time>2026-09-17T11:37:59Z</time><sat>9</sat></trkpt>
  <trkpt lat="30.30241687" lon="120.06920935"><ele>12.737</ele><time>2026-09-17T11:38:02Z</time><sat>7</sat></trkpt>
  <trkpt lat="30.30241691" lon="120.06920943"><ele>12.784</ele><time>2026-09-17T11:38:05Z</time><sat>5</sat></trkpt>
  <trkpt lat="30.30241692" lon="120.06920944"><ele>12.803</ele><time>2026-09-17T11:38:08Z</time><sat>8</sat></trkpt>
  <trkpt lat="30.30241609" lon="120.06920959"><ele>13.198</ele><time>2026-09-17T11:38:11Z</time><sat>9</sat></trkpt>
  <trkpt lat="30.30241608" lon="120.06920968"><ele>13.225</ele><time>2026-09-17T11:38:14Z</time><sat>11</sat></trkpt>
  <trkpt lat="30.30241611" lon="120.06920977"><ele>13.284</ele><time>2026-09-17T11:38:17Z</time><sat>10</sat></trkpt>
  <trkpt lat="30.30241614" lon="120.06920984"><ele>13.366</ele><time>2026-09-17T11:38:20Z</time><sat>8</sat></trkpt>
  <trkpt lat="30.30241614" lon="120.06920985"><ele>13.379</ele><time>2026-09-17T11:38:23Z</time><sat>10</sat></trkpt>
  <trkpt lat="30.30241613" lon="120.06920985"><ele>13.377</ele><time>2026-09-17T11:38:26Z</time><sat>8</sat></trkpt>
  <trkpt lat="30.30241613" lon="120.06920985"><ele>13.377</ele><time>2026-09-17T11:38:29Z</time><sat>2</sat></trkpt>
  <trkpt lat="30.30241613" lon="120.06920985"><ele>13.376</ele><time>2026-09-17T11:38:32Z</time><sat>2</sat></trkpt>
  <trkpt lat="30.30241614" lon="120.06920985"><ele>13.360</ele><time>2026-09-17T11:38:35Z</time><sat>3</sat></trkpt>
  <trkpt lat="30.30241612" lon="120.06920986"><ele>13.425</ele><time>2026-09-17T11:38:38Z</time><sat>3</sat></trkpt>
  <trkpt lat="30.30241611" lon="120.06920987"><ele>13.450</ele><time>2026-09-17T11:38:52Z</time><sat>6</sat></trkpt>
  <trkpt lat="30.30242983" lon="120.06934938"><ele>3.531</ele><time>2026-09-17T11:38:55Z</time><sat>5</sat></trkpt>
  <trkpt lat="30.30241612" lon="120.06920987"><ele>13.450</ele><time>2026-09-17T11:38:58Z</time><sat>4</sat></trkpt>
  <trkpt lat="30.30241611" lon="120.06920988"><ele>13.461</ele><time>2026-09-17T11:39:01Z</time><sat>2</sat></trkpt>
  <trkpt lat="30.30241611" lon="120.06920988"><ele>13.467</ele><time>2026-09-17T11:39:04Z</time><sat>4</sat></trkpt>
  <trkpt lat="30.30241611" lon="120.06920988"><ele>13.475</ele><time>2026-09-17T11:39:07Z</time><sat>3</sat></trkpt>
  <trkpt lat="30.30241611" lon="120.06920988"><ele>13.479</ele><time>2026-09-17T11:39:10Z</time><sat>4</sat></trkpt>
  <trkpt lat="30.30241611" lon="120.06920988"><ele>13.479</ele><time>2026-09-17T11:39:13Z</time><sat>4</sat></trkpt>
  <trkpt lat="30.30241611" lon="120.06920988"><ele>13.479</ele><time>2026-09-17T11:39:16Z</time><sat>5</sat></trkpt>
  <trkpt lat="30.30241611" lon="120.06920988"><ele>13.480</ele><time>2026-09-17T11:39:19Z</time><sat>4</sat></trkpt>
  <trkpt lat="30.30241612" lon="120.06920988"><ele>13.480</ele><time>2026-09-17T11:39:22Z</time><sat>3</sat></trkpt>
  <trkpt lat="30.30241612" lon="120.06920989"><ele>13.501</ele><time>2026-09-17T11:39:25Z</time><sat>3</sat></trkpt>
  <trkpt lat="30.30241612" lon="120.06920989"><ele>13.500</ele><time>2026-09-17T11:39:28Z</time><sat>4</sat></trkpt>
  <trkpt lat="30.30241615" lon="120.06920996"><ele>13.612</ele><time>2026-09-17T11:39:31Z</time><sat>4</sat></trkpt>
  <trkpt lat="30.30241616" lon="120.06920998"><ele>13.614</ele><time>2026-09-17T11:39:34Z</time><sat>4</sat></trkpt>
  <trkpt lat="30.30241616" lon="120.06920998"><ele>13.613</ele><time>2026-09-17T11:39:37Z</time><sat>4</sat></trkpt>
  <trkpt lat="30.30241616" lon="120.06920999"><ele>13.613</ele><time>2026-09-17T11:39:40Z</time><sat>4</sat></trkpt>
  <trkpt lat="30.30241616" lon="120.06921001"><ele>13.627</ele><time>2026-09-17T11:39:43Z</time><sat>5</sat></trkpt>
  <trkpt lat="30.30241617" lon="120.06921001"><ele>13.634</ele><time>2026-09-17T11:39:46Z</time><sat>5</sat></trkpt>
  <trkpt lat="30.30241617" lon="120.06921001"><ele>13.635</ele><time>2026-09-17T11:39:49Z</time><sat>4</sat></trkpt>
  <trkpt lat="30.30241616" lon="120.06921002"><ele>13.640</ele><time>2026-09-17T11:39:52Z</time><sat>4</sat></trkpt>
  <trkpt lat="30.30241617" lon="120.06921003"><ele>13.660</ele><time>2026-09-17T11:39:55Z</time><sat>4</sat></trkpt>
  <trkpt lat="30.30241617" lon="120.06921003"><ele>13.660</ele><time>2026-09-17T11:39:58Z</time><sat>4</sat></trkpt>
  <trkpt lat="30.30241617" lon="120.06921003"><ele>13.659</ele><time>2026-09-17T11:40:01Z</time><sat>3</sat></trkpt>
  <trkpt lat="30.30241617" lon="120.06921003"><ele>13.654</ele><time>2026-09-17T11:40:05Z</time><sat>3</sat></trkpt>
  <trkpt lat="30.30241616" lon="120.06921004"><ele>13.649</ele><time>2026-09-17T11:40:10Z</time><sat>3</sat></trkpt>
  <trkpt lat="30.30241616" lon="120.06921004"><ele>13.649</ele><time>2026-09-17T11:40:13Z</time><sat>5</sat></trkpt>
  <trkpt lat="30.30241616" lon="120.06921004"><ele>13.650</ele><time>2026-09-17T11:40:16Z</time><sat>4</sat></trkpt>
  <trkpt lat="30.30241617" lon="120.06921004"><ele>13.650</ele><time>2026-09-17T11:40:19Z</time><sat>4</sat></trkpt>
  <trkpt lat="30.30241616" lon="120.06921004"><ele>13.650</ele><time>2026-09-17T11:40:22Z</time><sat>5</sat></trkpt>
  <trkpt lat="30.30241616" lon="120.06921004"><ele>13.650</ele><time>2026-09-17T11:40:25Z</time><sat>7</sat></trkpt>
  <trkpt lat="30.30241617" lon="120.06921005"><ele>13.648</ele><time>2026-09-17T11:40:28Z</time><sat>6</sat></trkpt>
  <trkpt lat="30.30241619" lon="120.06921006"><ele>13.649</ele><time>2026-09-17T11:40:31Z</time><sat>6</sat></trkpt>
  <trkpt lat="30.30241619" lon="120.06921008"><ele>13.647</ele><time>2026-09-17T11:40:34Z</time><sat>7</sat></trkpt>
  <trkpt lat="30.30241619" lon="120.06921008"><ele>13.647</ele><time>2026-09-17T11:40:37Z</time><sat>6</sat></trkpt>
  <trkpt lat="30.30241620" lon="120.06921008"><ele>13.647</ele><time>2026-09-17T11:40:40Z</time><sat>4</sat></trkpt>
  <trkpt lat="30.30241620" lon="120.06921008"><ele>13.647</ele><time>2026-09-17T11:40:43Z</time><sat>5</sat></trkpt>
  <trkpt lat="30.30241620" lon="120.06921008"><ele>13.647</ele><time>2026-09-17T11:40:46Z</time><sat>6</sat></trkpt>
  <trkpt lat="30.30241620" lon="120.06921009"><ele>13.646</ele><time>2026-09-17T11:40:49Z</time><sat>5</sat></trkpt>
  <trkpt lat="30.30241619" lon="120.06921009"><ele>13.647</ele><time>2026-09-17T11:40:52Z</time><sat>5</sat></trkpt>
  <trkpt lat="30.30241619" lon="120.06921009"><ele>13.647</ele><time>2026-09-17T11:40:55Z</time><sat>6</sat></trkpt>
  <trkpt lat="30.30241619" lon="120.06921009"><ele>13.647</ele><time>2026-09-17T11:40:58Z</time><sat>5</sat></trkpt>
  <trkpt lat="30.30241619" lon="120.06921009"><ele>13.647</ele><time>2026-09-17T11:41:01Z</time><sat>2</sat></trkpt>
  <trkpt lat="30.30241619" lon="120.06921010"><ele>13.647</ele><time>2026-09-17T11:41:04Z</time><sat>5</sat></trkpt>
  <trkpt lat="30.30241619" lon="120.06921010"><ele>13.647</ele><time>2026-09-17T11:41:07Z</time><sat>5</sat></trkpt>
  <trkpt lat="30.30241619" lon="120.06921010"><ele>13.647</ele><time>2026-09-17T11:41:10Z</time><sat>2</sat></trkpt>
  <trkpt lat="30.30241619" lon="120.06921009"><ele>13.648</ele><time>2026-09-17T11:41:13Z</time><sat>2</sat></trkpt>
  <trkpt lat="30.30241619" lon="120.06921010"><ele>13.647</ele><time>2026-09-17T11:41:16Z</time><sat>7</sat></trkpt>
  <trkpt lat="30.30241619" lon="120.06921010"><ele>13.647</ele><time>2026-09-17T11:41:19Z</time><sat>8</sat></trkpt>
  <trkpt lat="30.30241620" lon="120.06921011"><ele>13.647</ele><time>2026-09-17T11:41:22Z</time><sat>5</sat></trkpt>
  <trkpt lat="30.30241620" lon="120.06921011"><ele>13.647</ele><time>2026-09-17T11:41:25Z</time><sat>5</sat></trkpt>
  <trkpt lat="30.30241620" lon="120.06921011"><ele>13.647</ele><time>2026-09-17T11:41:28Z</time><sat>5</sat></trkpt>
  <trkpt lat="30.30241619" lon="120.06921011"><ele>13.647</ele><time>2026-09-17T11:41:31Z</time><sat>3</sat></trkpt>
  <trkpt lat="30.30241619" lon="120.06921011"><ele>13.647</ele><time>2026-09-17T11:41:34Z</time><sat>3</sat></trkpt>
  <trkpt lat="30.30246844" lon="120.06925154"><ele>0.628</ele><time>2026-09-17T11:41:37Z</time><sat>3</sat></trkpt>
  <trkpt lat="30.30241619" lon="120.06921011"><ele>13.647</ele><time>2026-09-17T11:41:40Z</time><sat>2</sat></trkpt>
  <trkpt lat="30.30241619" lon="120.06921011"><ele>13.646</ele><time>2026-09-17T11:41:44Z</time><sat>2</sat></trkpt>
  <trkpt lat="30.30241150" lon="120.06921093"><ele>14.523</ele><time>2026-09-17T11:42:26Z</time><sat>5</sat></trkpt>
  <trkpt lat="30.30241147" lon="120.06921094"><ele>14.528</ele><time>2026-09-17T11:42:29Z</time><sat>7</sat></trkpt>
  <trkpt lat="30.30241163" lon="120.06921100"><ele>14.527</ele><time>2026-09-17T11:42:32Z</time><sat>8</sat></trkpt>
  <trkpt lat="30.30241164" lon="120.06921101"><ele>14.530</ele><time>2026-09-17T11:42:35Z</time><sat>7</sat></trkpt>
  <trkpt lat="30.30241153" lon="120.06921099"><ele>14.539</ele><time>2026-09-17T11:42:38Z</time><sat>9</sat></trkpt>
  <trkpt lat="30.30241151" lon="120.06921099"><ele>14.540</ele><time>2026-09-17T11:42:41Z</time><sat>9</sat></trkpt>
  <trkpt lat="30.30241148" lon="120.06921099"><ele>14.543</ele><time>2026-09-17T11:42:44Z</time><sat>8</sat></trkpt>
  <trkpt lat="30.30241146" lon="120.06921100"><ele>14.544</ele><time>2026-09-17T11:42:47Z</time><sat>9</sat></trkpt>
  <trkpt lat="30.30241144" lon="120.06921098"><ele>14.547</ele><time>2026-09-17T11:42:50Z</time><sat>10</sat></trkpt>
  <trkpt lat="30.30241141" lon="120.06921098"><ele>14.549</ele><time>2026-09-17T11:42:53Z</time><sat>7</sat></trkpt>
  <trkpt lat="30.30241140" lon="120.06921098"><ele>14.550</ele><time>2026-09-17T11:42:56Z</time><sat>6</sat></trkpt>
  <trkpt lat="30.30241139" lon="120.06921098"><ele>14.550</ele><time>2026-09-17T11:42:59Z</time><sat>6</sat></trkpt>
  <trkpt lat="30.30241136" lon="120.06921098"><ele>14.552</ele><time>2026-09-17T11:43:02Z</time><sat>5</sat></trkpt>
  <trkpt lat="30.30241135" lon="120.06921098"><ele>14.552</ele><time>2026-09-17T11:43:05Z</time><sat>6</sat></trkpt>
  <trkpt lat="30.30241133" lon="120.06921099"><ele>14.554</ele><time>2026-09-17T11:43:08Z</time><sat>5</sat></trkpt>
  <trkpt lat="30.30241133" lon="120.06921098"><ele>14.555</ele><time>2026-09-17T11:43:11Z</time><sat>4</sat></trkpt>
  <trkpt lat="30.30241133" lon="120.06921098"><ele>14.555</ele><time>2026-09-17T11:43:14Z</time><sat>5</sat></trkpt>
  <trkpt lat="30.30241133" lon="120.06921098"><ele>14.555</ele><time>2026-09-17T11:43:17Z</time><sat>4</sat></trkpt>
  <trkpt lat="30.30241133" lon="120.06921098"><ele>14.556</ele><time>2026-09-17T11:43:20Z</time><sat>3</sat></trkpt>
  <trkpt lat="30.30241133" lon="120.06921097"><ele>14.557</ele><time>2026-09-17T11:43:23Z</time><sat>4</sat></trkpt>
  <trkpt lat="30.30241131" lon="120.06921097"><ele>14.559</ele><time>2026-09-17T11:43:26Z</time><sat>4</sat></trkpt>
  <trkpt lat="30.30241130" lon="120.06921098"><ele>14.559</ele><time>2026-09-17T11:43:29Z</time><sat>4</sat></trkpt>
  <trkpt lat="30.30241130" lon="120.06921098"><ele>14.560</ele><time>2026-09-17T11:43:32Z</time><sat>5</sat></trkpt>
  <trkpt lat="30.30241129" lon="120.06921099"><ele>14.560</ele><time>2026-09-17T11:43:35Z</time><sat>4</sat></trkpt>
  <trkpt lat="30.30241128" lon="120.06921099"><ele>14.560</ele><time>2026-09-17T11:43:38Z</time><sat>3</sat></trkpt>
  <trkpt lat="30.30241128" lon="120.06921100"><ele>14.561</ele><time>2026-09-17T11:43:41Z</time><sat>3</sat></trkpt>
  <trkpt lat="30.30206414" lon="120.06946512"><ele>40.559</ele><time>2026-09-17T11:45:18Z</time><sat>4</sat></trkpt>
  <trkpt lat="30.30209281" lon="120.06946437"><ele>44.288</ele><time>2026-09-17T11:45:21Z</time><sat>2</sat></trkpt>
  <trkpt lat="30.30211328" lon="120.06947736"><ele>49.405</ele><time>2026-09-17T11:45:27Z</time></trkpt>
  <trkpt lat="30.30214037" lon="120.06947228"><ele>53.036</ele><time>2026-09-17T11:45:31Z</time><sat>5</sat></trkpt>
  <trkpt lat="30.30214184" lon="120.06946842"><ele>52.737</ele><time>2026-09-17T11:45:34Z</time><sat>5</sat></trkpt>
  <trkpt lat="30.30214161" lon="120.06946839"><ele>52.712</ele><time>2026-09-17T11:45:37Z</time><sat>5</sat></trkpt>
  <trkpt lat="30.30226650" lon="120.06952169"><ele>47.539</ele><time>2026-09-17T11:45:40Z</time><sat>3</sat></trkpt>
  <trkpt lat="30.30214659" lon="120.06946635"><ele>53.518</ele><time>2026-09-17T11:45:43Z</time><sat>3</sat></trkpt>
  <trkpt lat="30.30215176" lon="120.06946121"><ele>55.231</ele><time>2026-09-17T11:45:46Z</time><sat>4</sat></trkpt>
  <trkpt lat="30.30216431" lon="120.06944896"><ele>58.036</ele><time>2026-09-17T11:45:49Z</time><sat>6</sat></trkpt>
  <trkpt lat="30.30217317" lon="120.06944321"><ele>59.548</ele><time>2026-09-17T11:45:52Z</time><sat>4</sat></trkpt>
  <trkpt lat="30.30217151" lon="120.06944121"><ele>60.808</ele><time>2026-09-17T11:45:55Z</time><sat>4</sat></trkpt>
  <trkpt lat="30.30217096" lon="120.06944058"><ele>60.623</ele><time>2026-09-17T11:45:58Z</time><sat>5</sat></trkpt>
  <trkpt lat="30.30217676" lon="120.06943649"><ele>62.050</ele><time>2026-09-17T11:46:01Z</time><sat>6</sat></trkpt>
  <trkpt lat="30.30217897" lon="120.06943727"><ele>64.143</ele><time>2026-09-17T11:46:04Z</time><sat>6</sat></trkpt>
  <trkpt lat="30.30218163" lon="120.06943641"><ele>66.106</ele><time>2026-09-17T11:46:07Z</time><sat>6</sat></trkpt>
  <trkpt lat="30.30217887" lon="120.06943810"><ele>64.210</ele><time>2026-09-17T11:46:10Z</time><sat>4</sat></trkpt>
  <trkpt lat="30.30217741" lon="120.06943804"><ele>62.733</ele><time>2026-09-17T11:46:13Z</time><sat>4</sat></trkpt>
  <trkpt lat="30.30217752" lon="120.06943907"><ele>62.589</ele><time>2026-09-17T11:46:16Z</time><sat>6</sat></trkpt>
  <trkpt lat="30.30217647" lon="120.06943690"><ele>62.812</ele><time>2026-09-17T11:46:19Z</time><sat>7</sat></trkpt>
  <trkpt lat="30.30217570" lon="120.06943663"><ele>62.869</ele><time>2026-09-17T11:46:22Z</time><sat>6</sat></trkpt>
  <trkpt lat="30.30217625" lon="120.06943640"><ele>62.840</ele><time>2026-09-17T11:46:25Z</time><sat>7</sat></trkpt>
  <trkpt lat="30.30217894" lon="120.06943559"><ele>63.051</ele><time>2026-09-17T11:46:28Z</time><sat>7</sat></trkpt>
  <trkpt lat="30.30217950" lon="120.06943332"><ele>63.015</ele><time>2026-09-17T11:46:31Z</time><sat>6</sat></trkpt>
  <trkpt lat="30.30217864" lon="120.06943016"><ele>62.818</ele><time>2026-09-17T11:46:34Z</time><sat>5</sat></trkpt>
  <trkpt lat="30.30218072" lon="120.06943442"><ele>63.137</ele><time>2026-09-17T11:46:37Z</time><sat>8</sat></trkpt>
  <trkpt lat="30.30218189" lon="120.06944474"><ele>62.971</ele><time>2026-09-17T11:46:40Z</time><sat>7</sat></trkpt>
  <trkpt lat="30.30218221" lon="120.06944532"><ele>63.029</ele><time>2026-09-17T11:46:43Z</time><sat>6</sat></trkpt>
  <trkpt lat="30.30218069" lon="120.06944215"><ele>62.793</ele><time>2026-09-17T11:46:46Z</time><sat>7</sat></trkpt>
  <trkpt lat="30.30218210" lon="120.06944554"><ele>63.284</ele><time>2026-09-17T11:46:49Z</time><sat>8</sat></trkpt>
  <trkpt lat="30.30218189" lon="120.06944936"><ele>63.025</ele><time>2026-09-17T11:46:52Z</time><sat>8</sat></trkpt>
  <trkpt lat="30.30218201" lon="120.06944953"><ele>63.037</ele><time>2026-09-17T11:46:55Z</time><sat>7</sat></trkpt>
  <trkpt lat="30.30218203" lon="120.06944958"><ele>63.040</ele><time>2026-09-17T11:46:58Z</time><sat>7</sat></trkpt>
  <trkpt lat="30.30218157" lon="120.06944931"><ele>63.074</ele><time>2026-09-17T11:47:01Z</time><sat>5</sat></trkpt>
  <trkpt lat="30.30218163" lon="120.06944999"><ele>63.033</ele><time>2026-09-17T11:47:04Z</time><sat>7</sat></trkpt>
  <trkpt lat="30.30218179" lon="120.06944914"><ele>63.106</ele><time>2026-09-17T11:47:07Z</time><sat>10</sat></trkpt>
  <trkpt lat="30.30218640" lon="120.06945104"><ele>62.302</ele><time>2026-09-17T11:47:10Z</time><sat>8</sat></trkpt>
  <trkpt lat="30.30218645" lon="120.06945108"><ele>62.403</ele><time>2026-09-17T11:47:13Z</time><sat>9</sat></trkpt>
  <trkpt lat="30.30218681" lon="120.06945224"><ele>62.719</ele><time>2026-09-17T11:47:16Z</time><sat>7</sat></trkpt>
  <trkpt lat="30.30218671" lon="120.06944906"><ele>62.998</ele><time>2026-09-17T11:47:19Z</time><sat>8</sat></trkpt>
  <trkpt lat="30.30218659" lon="120.06944920"><ele>63.010</ele><time>2026-09-17T11:47:22Z</time><sat>7</sat></trkpt>
  <trkpt lat="30.30218669" lon="120.06944936"><ele>63.025</ele><time>2026-09-17T11:47:25Z</time><sat>9</sat></trkpt>
  <trkpt lat="30.30218662" lon="120.06944945"><ele>63.036</ele><time>2026-09-17T11:47:28Z</time><sat>8</sat></trkpt>
  <trkpt lat="30.30218671" lon="120.06945049"><ele>62.939</ele><time>2026-09-17T11:47:31Z</time><sat>6</sat></trkpt>
  <trkpt lat="30.30218918" lon="120.06945150"><ele>62.480</ele><time>2026-09-17T11:47:34Z</time><sat>7</sat></trkpt>
  <trkpt lat="30.30218919" lon="120.06945144"><ele>62.484</ele><time>2026-09-17T11:47:37Z</time><sat>9</sat></trkpt>
  <trkpt lat="30.30218916" lon="120.06945135"><ele>62.502</ele><time>2026-09-17T11:47:40Z</time><sat>6</sat></trkpt>
  <trkpt lat="30.30218942" lon="120.06944919"><ele>62.624</ele><time>2026-09-17T11:47:43Z</time><sat>5</sat></trkpt>
  <trkpt lat="30.30218749" lon="120.06944843"><ele>63.022</ele><time>2026-09-17T11:47:46Z</time><sat>7</sat></trkpt>
  <trkpt lat="30.30219328" lon="120.06942777"><ele>60.118</ele><time>2026-09-17T11:47:49Z</time><sat>9</sat></trkpt>
  <trkpt lat="30.30219308" lon="120.06942565"><ele>60.252</ele><time>2026-09-17T11:47:52Z</time><sat>7</sat></trkpt>
  <trkpt lat="30.30219299" lon="120.06942567"><ele>60.277</ele><time>2026-09-17T11:47:55Z</time><sat>6</sat></trkpt>
  <trkpt lat="30.30219301" lon="120.06942571"><ele>60.279</ele><time>2026-09-17T11:47:58Z</time><sat>7</sat></trkpt>
  <trkpt lat="30.30219578" lon="120.06941180"><ele>58.959</ele><time>2026-09-17T11:48:01Z</time><sat>6</sat></trkpt>
  <trkpt lat="30.30219608" lon="120.06941171"><ele>58.915</ele><time>2026-09-17T11:48:04Z</time><sat>5</sat></trkpt>
  <trkpt lat="30.30219608" lon="120.06941170"><ele>58.917</ele><time>2026-09-17T11:48:07Z</time><sat>7</sat></trkpt>
  <trkpt lat="30.30222259" lon="120.06941776"><ele>53.152</ele><time>2026-09-17T11:48:10Z</time><sat>4</sat></trkpt>
  <trkpt lat="30.30222524" lon="120.06941064"><ele>52.477</ele><time>2026-09-17T11:48:13Z</time><sat>5</sat></trkpt>
  <trkpt lat="30.30222303" lon="120.06941020"><ele>52.979</ele><time>2026-09-17T11:48:16Z</time><sat>7</sat></trkpt>
  <trkpt lat="30.30222312" lon="120.06941024"><ele>52.973</ele><time>2026-09-17T11:48:19Z</time><sat>6</sat></trkpt>
  <trkpt lat="30.30222315" lon="120.06941026"><ele>52.966</ele><time>2026-09-17T11:48:22Z</time><sat>4</sat></trkpt>
  <trkpt lat="30.30222644" lon="120.06940795"><ele>52.136</ele><time>2026-09-17T11:48:25Z</time><sat>5</sat></trkpt>
  <trkpt lat="30.30222649" lon="120.06940794"><ele>52.104</ele><time>2026-09-17T11:48:28Z</time><sat>8</sat></trkpt>
  <trkpt lat="30.30222667" lon="120.06940808"><ele>52.069</ele><time>2026-09-17T11:48:31Z</time><sat>6</sat></trkpt>
  <trkpt lat="30.30222679" lon="120.06940814"><ele>52.063</ele><time>2026-09-17T11:48:34Z</time><sat>3</sat></trkpt>
  <trkpt lat="30.30222792" lon="120.06940707"><ele>51.806</ele><time>2026-09-17T11:48:37Z</time><sat>5</sat></trkpt>
  <trkpt lat="30.30222789" lon="120.06940707"><ele>51.819</ele><time>2026-09-17T11:48:40Z</time><sat>6</sat></trkpt>
  <trkpt lat="30.30222806" lon="120.06940720"><ele>51.822</ele><time>2026-09-17T11:48:43Z</time><sat>6</sat></trkpt>
  <trkpt lat="30.30222809" lon="120.06940721"><ele>51.814</ele><time>2026-09-17T11:48:46Z</time><sat>4</sat></trkpt>
  <trkpt lat="30.30222832" lon="120.06940735"><ele>51.784</ele><time>2026-09-17T11:48:49Z</time><sat>3</sat></trkpt>
  <trkpt lat="30.30222832" lon="120.06940734"><ele>51.783</ele><time>2026-09-17T11:48:52Z</time><sat>5</sat></trkpt>
  <trkpt lat="30.30222821" lon="120.06940750"><ele>51.799</ele><time>2026-09-17T11:48:55Z</time><sat>4</sat></trkpt>
  <trkpt lat="30.30222821" lon="120.06940750"><ele>51.799</ele><time>2026-09-17T11:48:58Z</time><sat>4</sat></trkpt>
  <trkpt lat="30.30222821" lon="120.06940750"><ele>51.799</ele><time>2026-09-17T11:49:01Z</time><sat>4</sat></trkpt>
  <trkpt lat="30.30219357" lon="120.06942702"><ele>57.726</ele><time>2026-09-17T11:49:23Z</time><sat>3</sat></trkpt>
  <trkpt lat="30.30214987" lon="120.06945335"><ele>65.345</ele><time>2026-09-17T11:49:44Z</time><sat>2</sat></trkpt>
  <trkpt lat="30.30214987" lon="120.06945336"><ele>65.348</ele><time>2026-09-17T11:49:47Z</time><sat>4</sat></trkpt>
  <trkpt lat="30.30214987" lon="120.06945339"><ele>65.343</ele><time>2026-09-17T11:49:52Z</time><sat>4</sat></trkpt>
  <trkpt lat="30.30214950" lon="120.06945343"><ele>65.223</ele><time>2026-09-17T11:49:56Z</time><sat>3</sat></trkpt>
  <trkpt lat="30.30214934" lon="120.06945337"><ele>65.180</ele><time>2026-09-17T11:49:59Z</time><sat>4</sat></trkpt>
  <trkpt lat="30.30214924" lon="120.06945340"><ele>65.143</ele><time>2026-09-17T11:50:02Z</time><sat>5</sat></trkpt>
  <trkpt lat="30.30214969" lon="120.06945355"><ele>65.285</ele><time>2026-09-17T11:50:05Z</time><sat>4</sat></trkpt>
  <trkpt lat="30.30214923" lon="120.06944976"><ele>65.164</ele><time>2026-09-17T11:50:08Z</time><sat>4</sat></trkpt>
  <trkpt lat="30.30214948" lon="120.06945074"><ele>65.231</ele><time>2026-09-17T11:50:11Z</time><sat>5</sat></trkpt>
  <trkpt lat="30.30214949" lon="120.06945073"><ele>65.234</ele><time>2026-09-17T11:50:14Z</time><sat>6</sat></trkpt>
  <trkpt lat="30.30214949" lon="120.06945074"><ele>65.234</ele><time>2026-09-17T11:50:17Z</time><sat>5</sat></trkpt>
  <trkpt lat="30.30214897" lon="120.06944673"><ele>65.094</ele><time>2026-09-17T11:50:20Z</time><sat>3</sat></trkpt>
  <trkpt lat="30.30214914" lon="120.06944682"><ele>65.107</ele><time>2026-09-17T11:50:23Z</time><sat>6</sat></trkpt>
  <trkpt lat="30.30214823" lon="120.06944330"><ele>64.845</ele><time>2026-09-17T11:50:26Z</time><sat>6</sat></trkpt>
  <trkpt lat="30.30214834" lon="120.06944326"><ele>64.876</ele><time>2026-09-17T11:50:29Z</time><sat>5</sat></trkpt>
  <trkpt lat="30.30214827" lon="120.06944293"><ele>64.857</ele><time>2026-09-17T11:50:32Z</time><sat>5</sat></trkpt>
  <trkpt lat="30.30214780" lon="120.06944301"><ele>65.352</ele><time>2026-09-17T11:50:35Z</time><sat>5</sat></trkpt>
  <trkpt lat="30.30214793" lon="120.06944298"><ele>65.410</ele><time>2026-09-17T11:50:38Z</time><sat>7</sat></trkpt>
  <trkpt lat="30.30215159" lon="120.06944219"><ele>62.511</ele><time>2026-09-17T11:50:41Z</time><sat>7</sat></trkpt>
  <trkpt lat="30.30215167" lon="120.06944247"><ele>62.664</ele><time>2026-09-17T11:50:44Z</time><sat>7</sat></trkpt>
  <trkpt lat="30.30215141" lon="120.06944268"><ele>63.089</ele><time>2026-09-17T11:50:47Z</time><sat>7</sat></trkpt>
  <trkpt lat="30.30215183" lon="120.06944268"><ele>62.890</ele><time>2026-09-17T11:50:50Z</time><sat>8</sat></trkpt>
  <trkpt lat="30.30215192" lon="120.06944273"><ele>62.961</ele><time>2026-09-17T11:50:53Z</time><sat>7</sat></trkpt>
  <trkpt lat="30.30215226" lon="120.06944295"><ele>63.032</ele><time>2026-09-17T11:50:56Z</time><sat>5</sat></trkpt>
  <trkpt lat="30.30215496" lon="120.06944626"><ele>61.626</ele><time>2026-09-17T11:50:59Z</time><sat>6</sat></trkpt>
  <trkpt lat="30.30215508" lon="120.06944634"><ele>61.728</ele><time>2026-09-17T11:51:02Z</time><sat>9</sat></trkpt>
  <trkpt lat="30.30215554" lon="120.06944637"><ele>61.413</ele><time>2026-09-17T11:51:05Z</time><sat>7</sat></trkpt>
  <trkpt lat="30.30215577" lon="120.06944660"><ele>61.533</ele><time>2026-09-17T11:51:08Z</time><sat>5</sat></trkpt>
  <trkpt lat="30.30215707" lon="120.06944831"><ele>61.062</ele><time>2026-09-17T11:51:11Z</time><sat>6</sat></trkpt>
  <trkpt lat="30.30215712" lon="120.06944836"><ele>61.184</ele><time>2026-09-17T11:51:14Z</time><sat>7</sat></trkpt>
  <trkpt lat="30.30215720" lon="120.06944841"><ele>61.262</ele><time>2026-09-17T11:51:17Z</time><sat>6</sat></trkpt>
  <trkpt lat="30.30215740" lon="120.06944855"><ele>61.370</ele><time>2026-09-17T11:51:20Z</time><sat>5</sat></trkpt>
  <trkpt lat="30.30215966" lon="120.06945093"><ele>60.518</ele><time>2026-09-17T11:51:23Z</time><sat>6</sat></trkpt>
  <trkpt lat="30.30215974" lon="120.06945100"><ele>60.604</ele><time>2026-09-17T11:51:26Z</time><sat>8</sat></trkpt>
  <trkpt lat="30.30215982" lon="120.06945107"><ele>60.684</ele><time>2026-09-17T11:51:29Z</time><sat>7</sat></trkpt>
  <trkpt lat="30.30215991" lon="120.06945113"><ele>60.757</ele><time>2026-09-17T11:51:32Z</time><sat>5</sat></trkpt>
  <trkpt lat="30.30216001" lon="120.06945103"><ele>60.935</ele><time>2026-09-17T11:51:35Z</time><sat>4</sat></trkpt>
  <trkpt lat="30.30216005" lon="120.06945106"><ele>60.974</ele><time>2026-09-17T11:51:38Z</time><sat>4</sat></trkpt>
  <trkpt lat="30.30216006" lon="120.06945107"><ele>61.000</ele><time>2026-09-17T11:51:41Z</time><sat>6</sat></trkpt>
  <trkpt lat="30.30216015" lon="120.06945114"><ele>61.093</ele><time>2026-09-17T11:51:44Z</time><sat>5</sat></trkpt>
  <trkpt lat="30.30216023" lon="120.06945120"><ele>61.164</ele><time>2026-09-17T11:51:47Z</time><sat>3</sat></trkpt>
  <trkpt lat="30.30216224" lon="120.06945358"><ele>60.402</ele><time>2026-09-17T11:51:50Z</time><sat>4</sat></trkpt>
  <trkpt lat="30.30216234" lon="120.06945369"><ele>60.463</ele><time>2026-09-17T11:51:53Z</time><sat>6</sat></trkpt>
  <trkpt lat="30.30216316" lon="120.06945461"><ele>60.241</ele><time>2026-09-17T11:51:56Z</time><sat>7</sat></trkpt>
  <trkpt lat="30.30216328" lon="120.06945476"><ele>60.314</ele><time>2026-09-17T11:51:59Z</time><sat>7</sat></trkpt>
  <trkpt lat="30.30216338" lon="120.06945488"><ele>60.369</ele><time>2026-09-17T11:52:02Z</time><sat>7</sat></trkpt>
  <trkpt lat="30.30216573" lon="120.06945771"><ele>59.452</ele><time>2026-09-17T11:52:05Z</time><sat>5</sat></trkpt>
  <trkpt lat="30.30216587" lon="120.06945780"><ele>59.495</ele><time>2026-09-17T11:52:08Z</time><sat>6</sat></trkpt>
  <trkpt lat="30.30216601" lon="120.06945803"><ele>59.574</ele><time>2026-09-17T11:52:11Z</time><sat>7</sat></trkpt>
  <trkpt lat="30.30216620" lon="120.06945819"><ele>59.646</ele><time>2026-09-17T11:52:14Z</time><sat>6</sat></trkpt>
  <trkpt lat="30.30216798" lon="120.06946027"><ele>59.070</ele><time>2026-09-17T11:52:17Z</time><sat>4</sat></trkpt>
  <trkpt lat="30.30216813" lon="120.06946042"><ele>59.134</ele><time>2026-09-17T11:52:20Z</time><sat>7</sat></trkpt>
  <trkpt lat="30.30216831" lon="120.06946053"><ele>59.200</ele><time>2026-09-17T11:52:23Z</time><sat>7</sat></trkpt>
  <trkpt lat="30.30216850" lon="120.06946071"><ele>59.285</ele><time>2026-09-17T11:52:26Z</time><sat>4</sat></trkpt>
  <trkpt lat="30.30217005" lon="120.06946248"><ele>58.827</ele><time>2026-09-17T11:52:29Z</time><sat>4</sat></trkpt>
  <trkpt lat="30.30217026" lon="120.06946268"><ele>58.906</ele><time>2026-09-17T11:52:32Z</time><sat>4</sat></trkpt>
  <trkpt lat="30.30217047" lon="120.06946285"><ele>58.990</ele><time>2026-09-17T11:52:35Z</time><sat>4</sat></trkpt>
  <trkpt lat="30.30217073" lon="120.06946308"><ele>59.072</ele><time>2026-09-17T11:52:38Z</time><sat>4</sat></trkpt>
  <trkpt lat="30.30217175" lon="120.06946423"><ele>58.924</ele><time>2026-09-17T11:52:41Z</time><sat>5</sat></trkpt>
  <trkpt lat="30.30217209" lon="120.06946452"><ele>59.019</ele><time>2026-09-17T11:52:44Z</time><sat>5</sat></trkpt>
  <trkpt lat="30.30217234" lon="120.06946473"><ele>59.105</ele><time>2026-09-17T11:52:47Z</time><sat>5</sat></trkpt>
  <trkpt lat="30.30217267" lon="120.06946282"><ele>59.166</ele><time>2026-09-17T11:52:50Z</time><sat>7</sat></trkpt>
  <trkpt lat="30.30217312" lon="120.06946327"><ele>59.180</ele><time>2026-09-17T11:52:53Z</time><sat>7</sat></trkpt>
  <trkpt lat="30.30217387" lon="120.06946348"><ele>59.156</ele><time>2026-09-17T11:52:56Z</time><sat>6</sat></trkpt>
  <trkpt lat="30.30217469" lon="120.06946436"><ele>59.139</ele><time>2026-09-17T11:52:59Z</time><sat>6</sat></trkpt>
  <trkpt lat="30.30217497" lon="120.06946461"><ele>59.194</ele><time>2026-09-17T11:53:02Z</time><sat>7</sat></trkpt>
  <trkpt lat="30.30217532" lon="120.06946487"><ele>59.275</ele><time>2026-09-17T11:53:05Z</time><sat>6</sat></trkpt>
  <trkpt lat="30.30217553" lon="120.06946490"><ele>59.327</ele><time>2026-09-17T11:53:08Z</time><sat>5</sat></trkpt>
  <trkpt lat="30.30217580" lon="120.06946503"><ele>59.414</ele><time>2026-09-17T11:53:11Z</time><sat>5</sat></trkpt>
  <trkpt lat="30.30217605" lon="120.06946520"><ele>59.485</ele><time>2026-09-17T11:53:14Z</time><sat>4</sat></trkpt>
  <trkpt lat="30.30217628" lon="120.06946538"><ele>59.540</ele><time>2026-09-17T11:53:17Z</time><sat>5</sat></trkpt>
  <trkpt lat="30.30217648" lon="120.06946545"><ele>59.610</ele><time>2026-09-17T11:53:20Z</time><sat>7</sat></trkpt>
  <trkpt lat="30.30217675" lon="120.06946560"><ele>59.692</ele><time>2026-09-17T11:53:23Z</time><sat>5</sat></trkpt>
  <trkpt lat="30.30217693" lon="120.06946559"><ele>59.768</ele><time>2026-09-17T11:53:26Z</time><sat>2</sat></trkpt>
  <trkpt lat="30.30217713" lon="120.06946535"><ele>59.900</ele><time>2026-09-17T11:53:29Z</time><sat>4</sat></trkpt>
  <trkpt lat="30.30217734" lon="120.06946524"><ele>59.903</ele><time>2026-09-17T11:53:32Z</time><sat>7</sat></trkpt>
  <trkpt lat="30.30217759" lon="120.06946523"><ele>60.020</ele><time>2026-09-17T11:53:35Z</time><sat>6</sat></trkpt>
  <trkpt lat="30.30217780" lon="120.06946522"><ele>60.109</ele><time>2026-09-17T11:53:38Z</time><sat>5</sat></trkpt>
  <trkpt lat="30.30217800" lon="120.06946529"><ele>60.187</ele><time>2026-09-17T11:53:41Z</time><sat>6</sat></trkpt>
  <trkpt lat="30.30217816" lon="120.06946533"><ele>60.252</ele><time>2026-09-17T11:53:44Z</time><sat>5</sat></trkpt>
  <trkpt lat="30.30217831" lon="120.06946540"><ele>60.295</ele><time>2026-09-17T11:53:47Z</time><sat>4</sat></trkpt>
  <trkpt lat="30.30217847" lon="120.06946537"><ele>60.376</ele><time>2026-09-17T11:53:50Z</time><sat>5</sat></trkpt>
  <trkpt lat="30.30217857" lon="120.06946539"><ele>60.420</ele><time>2026-09-17T11:53:53Z</time><sat>4</sat></trkpt>
  <trkpt lat="30.30217935" lon="120.06946416"><ele>60.183</ele><time>2026-09-17T11:53:56Z</time><sat>4</sat></trkpt>
  <trkpt lat="30.30217984" lon="120.06946356"><ele>59.942</ele><time>2026-09-17T11:53:59Z</time><sat>6</sat></trkpt>
  <trkpt lat="30.30218004" lon="120.06946347"><ele>59.806</ele><time>2026-09-17T11:54:02Z</time><sat>7</sat></trkpt>
  <trkpt lat="30.30218016" lon="120.06946335"><ele>59.823</ele><time>2026-09-17T11:54:05Z</time><sat>5</sat></trkpt>
  <trkpt lat="30.30218137" lon="120.06946090"><ele>59.159</ele><time>2026-09-17T11:54:08Z</time><sat>5</sat></trkpt>
  <trkpt lat="30.30218361" lon="120.06945682"><ele>57.476</ele><time>2026-09-17T11:54:11Z</time><sat>8</sat></trkpt>
  <trkpt lat="30.30218409" lon="120.06945559"><ele>57.168</ele><time>2026-09-17T11:54:14Z</time><sat>13</sat></trkpt>
  <trkpt lat="30.30218433" lon="120.06945539"><ele>57.161</ele><time>2026-09-17T11:54:17Z</time><sat>11</sat></trkpt>
  <trkpt lat="30.30218514" lon="120.06945397"><ele>56.805</ele><time>2026-09-17T11:54:20Z</time><sat>6</sat></trkpt>
  <trkpt lat="30.30218660" lon="120.06945143"><ele>55.733</ele><time>2026-09-17T11:54:23Z</time><sat>7</sat></trkpt>
  <trkpt lat="30.30218705" lon="120.06945092"><ele>55.621</ele><time>2026-09-17T11:54:26Z</time><sat>10</sat></trkpt>
  <trkpt lat="30.30218735" lon="120.06945060"><ele>55.622</ele><time>2026-09-17T11:54:29Z</time><sat>7</sat></trkpt>
  <trkpt lat="30.30218760" lon="120.06945038"><ele>55.604</ele><time>2026-09-17T11:54:32Z</time><sat>5</sat></trkpt>
  <trkpt lat="30.30218822" lon="120.06944927"><ele>55.075</ele><time>2026-09-17T11:54:35Z</time><sat>7</sat></trkpt>
  <trkpt lat="30.30218847" lon="120.06944907"><ele>55.046</ele><time>2026-09-17T11:54:38Z</time><sat>8</sat></trkpt>
  <trkpt lat="30.30218862" lon="120.06944881"><ele>54.983</ele><time>2026-09-17T11:54:41Z</time><sat>6</sat></trkpt>
  <trkpt lat="30.30218871" lon="120.06944871"><ele>54.938</ele><time>2026-09-17T11:54:44Z</time><sat>8</sat></trkpt>
  <trkpt lat="30.30218948" lon="120.06944724"><ele>54.281</ele><time>2026-09-17T11:54:47Z</time><sat>7</sat></trkpt>
  <trkpt lat="30.30218959" lon="120.06944713"><ele>54.197</ele><time>2026-09-17T11:54:50Z</time><sat>7</sat></trkpt>
  <trkpt lat="30.30218980" lon="120.06944688"><ele>54.185</ele><time>2026-09-17T11:54:53Z</time><sat>9</sat></trkpt>
  <trkpt lat="30.30219000" lon="120.06944669"><ele>54.150</ele><time>2026-09-17T11:54:56Z</time><sat>9</sat></trkpt>
  <trkpt lat="30.30219072" lon="120.06944550"><ele>53.579</ele><time>2026-09-17T11:54:59Z</time><sat>7</sat></trkpt>
  <trkpt lat="30.30219078" lon="120.06944532"><ele>53.493</ele><time>2026-09-17T11:55:02Z</time><sat>6</sat></trkpt>
  <trkpt lat="30.30219124" lon="120.06944425"><ele>53.235</ele><time>2026-09-17T11:55:05Z</time><sat>8</sat></trkpt>
  <trkpt lat="30.30219313" lon="120.06943995"><ele>51.911</ele><time>2026-09-17T11:55:08Z</time><sat>10</sat></trkpt>
  <trkpt lat="30.30219340" lon="120.06943846"><ele>51.503</ele><time>2026-09-17T11:55:11Z</time><sat>9</sat></trkpt>
  <trkpt lat="30.30219546" lon="120.06943347"><ele>50.057</ele><time>2026-09-17T11:55:14Z</time><sat>7</sat></trkpt>
  <trkpt lat="30.30219569" lon="120.06943306"><ele>50.002</ele><time>2026-09-17T11:55:17Z</time><sat>10</sat></trkpt>
  <trkpt lat="30.30219680" lon="120.06943055"><ele>49.234</ele><time>2026-09-17T11:55:20Z</time><sat>10</sat></trkpt>
  <trkpt lat="30.30219965" lon="120.06942361"><ele>47.057</ele><time>2026-09-17T11:55:23Z</time><sat>10</sat></trkpt>
  <trkpt lat="30.30220033" lon="120.06942039"><ele>46.137</ele><time>2026-09-17T11:55:26Z</time><sat>10</sat></trkpt>
  <trkpt lat="30.30220053" lon="120.06942000"><ele>46.033</ele><time>2026-09-17T11:55:29Z</time><sat>11</sat></trkpt>
  <trkpt lat="30.30220056" lon="120.06942008"><ele>46.070</ele><time>2026-09-17T11:55:32Z</time><sat>9</sat></trkpt>
  <trkpt lat="30.30220112" lon="120.06941907"><ele>45.793</ele><time>2026-09-17T11:55:35Z</time><sat>7</sat></trkpt>
  <trkpt lat="30.30220144" lon="120.06941858"><ele>45.759</ele><time>2026-09-17T11:55:38Z</time><sat>9</sat></trkpt>
  <trkpt lat="30.30220174" lon="120.06941807"><ele>45.733</ele><time>2026-09-17T11:55:41Z</time><sat>12</sat></trkpt>
  <trkpt lat="30.30220232" lon="120.06941705"><ele>45.462</ele><time>2026-09-17T11:55:44Z</time><sat>10</sat></trkpt>
  <trkpt lat="30.30220297" lon="120.06941594"><ele>45.214</ele><time>2026-09-17T11:55:47Z</time><sat>9</sat></trkpt>
  <trkpt lat="30.30220363" lon="120.06941493"><ele>44.990</ele><time>2026-09-17T11:55:50Z</time><sat>9</sat></trkpt>
  <trkpt lat="30.30220384" lon="120.06941463"><ele>44.979</ele><time>2026-09-17T11:55:53Z</time><sat>8</sat></trkpt>
  <trkpt lat="30.30220425" lon="120.06941397"><ele>45.016</ele><time>2026-09-17T11:55:56Z</time><sat>8</sat></trkpt>
  <trkpt lat="30.30220461" lon="120.06941338"><ele>45.026</ele><time>2026-09-17T11:55:59Z</time><sat>8</sat></trkpt>
  <trkpt lat="30.30220498" lon="120.06941288"><ele>45.051</ele><time>2026-09-17T11:56:02Z</time><sat>8</sat></trkpt>
  <trkpt lat="30.30220541" lon="120.06941234"><ele>45.051</ele><time>2026-09-17T11:56:05Z</time><sat>9</sat></trkpt>
  <trkpt lat="30.30220575" lon="120.06941189"><ele>45.018</ele><time>2026-09-17T11:56:08Z</time><sat>8</sat></trkpt>
  <trkpt lat="30.30220608" lon="120.06941151"><ele>45.046</ele><time>2026-09-17T11:56:11Z</time><sat>10</sat></trkpt>
  <trkpt lat="30.30220631" lon="120.06941118"><ele>45.072</ele><time>2026-09-17T11:56:14Z</time><sat>11</sat></trkpt>
  <trkpt lat="30.30220648" lon="120.06941095"><ele>45.107</ele><time>2026-09-17T11:56:17Z</time><sat>8</sat></trkpt>
  <trkpt lat="30.30220670" lon="120.06941070"><ele>45.134</ele><time>2026-09-17T11:56:20Z</time><sat>6</sat></trkpt>
  <trkpt lat="30.30220684" lon="120.06941048"><ele>45.160</ele><time>2026-09-17T11:56:23Z</time><sat>9</sat></trkpt>
  <trkpt lat="30.30220691" lon="120.06941030"><ele>45.165</ele><time>2026-09-17T11:56:26Z</time><sat>10</sat></trkpt>
  <trkpt lat="30.30220531" lon="120.06941065"><ele>45.661</ele><time>2026-09-17T11:56:29Z</time><sat>7</sat></trkpt>
  <trkpt lat="30.30220544" lon="120.06941054"><ele>45.663</ele><time>2026-09-17T11:56:32Z</time><sat>9</sat></trkpt>
  <trkpt lat="30.30220553" lon="120.06941049"><ele>45.675</ele><time>2026-09-17T11:56:35Z</time><sat>10</sat></trkpt>
  <trkpt lat="30.30220560" lon="120.06941043"><ele>45.692</ele><time>2026-09-17T11:56:38Z</time><sat>9</sat></trkpt>
  <trkpt lat="30.30220575" lon="120.06941024"><ele>45.719</ele><time>2026-09-17T11:56:41Z</time><sat>7</sat></trkpt>
  <trkpt lat="30.30220587" lon="120.06941006"><ele>45.740</ele><time>2026-09-17T11:56:44Z</time><sat>7</sat></trkpt>
  <trkpt lat="30.30220593" lon="120.06940997"><ele>45.745</ele><time>2026-09-17T11:56:47Z</time><sat>8</sat></trkpt>
  <trkpt lat="30.30220596" lon="120.06940991"><ele>45.759</ele><time>2026-09-17T11:56:50Z</time><sat>8</sat></trkpt>
  <trkpt lat="30.30220598" lon="120.06940988"><ele>45.759</ele><time>2026-09-17T11:56:53Z</time><sat>6</sat></trkpt>
  <trkpt lat="30.30220600" lon="120.06940986"><ele>45.760</ele><time>2026-09-17T11:56:56Z</time><sat>4</sat></trkpt>
  <trkpt lat="30.30220603" lon="120.06940987"><ele>45.763</ele><time>2026-09-17T11:56:59Z</time><sat>7</sat></trkpt>
  <trkpt lat="30.30220606" lon="120.06940984"><ele>45.769</ele><time>2026-09-17T11:57:02Z</time><sat>9</sat></trkpt>
  <trkpt lat="30.30220593" lon="120.06941013"><ele>45.923</ele><time>2026-09-17T11:57:05Z</time><sat>7</sat></trkpt>
  <trkpt lat="30.30220592" lon="120.06941012"><ele>45.927</ele><time>2026-09-17T11:57:08Z</time><sat>6</sat></trkpt>
  <trkpt lat="30.30220591" lon="120.06941009"><ele>45.927</ele><time>2026-09-17T11:57:11Z</time><sat>9</sat></trkpt>
  <trkpt lat="30.30220593" lon="120.06941007"><ele>45.922</ele><time>2026-09-17T11:57:14Z</time><sat>8</sat></trkpt>
  <trkpt lat="30.30220583" lon="120.06941027"><ele>46.030</ele><time>2026-09-17T11:57:17Z</time><sat>7</sat></trkpt>
  <trkpt lat="30.30220619" lon="120.06941021"><ele>45.986</ele><time>2026-09-17T11:57:20Z</time><sat>9</sat></trkpt>
  <trkpt lat="30.30220624" lon="120.06941015"><ele>45.986</ele><time>2026-09-17T11:57:23Z</time><sat>9</sat></trkpt>
  <trkpt lat="30.30220630" lon="120.06941010"><ele>46.002</ele><time>2026-09-17T11:57:26Z</time><sat>7</sat></trkpt>
  <trkpt lat="30.30220644" lon="120.06941006"><ele>46.050</ele><time>2026-09-17T11:57:29Z</time><sat>6</sat></trkpt>
  <trkpt lat="30.30220674" lon="120.06940985"><ele>46.103</ele><time>2026-09-17T11:57:32Z</time><sat>9</sat></trkpt>
  <trkpt lat="30.30220684" lon="120.06940976"><ele>46.112</ele><time>2026-09-17T11:57:35Z</time><sat>9</sat></trkpt>
  <trkpt lat="30.30220740" lon="120.06940894"><ele>45.824</ele><time>2026-09-17T11:57:38Z</time><sat>5</sat></trkpt>
  <trkpt lat="30.30220736" lon="120.06940925"><ele>45.994</ele><time>2026-09-17T11:57:41Z</time><sat>6</sat></trkpt>
  <trkpt lat="30.30220736" lon="120.06940925"><ele>45.986</ele><time>2026-09-17T11:57:44Z</time><sat>9</sat></trkpt>
  <trkpt lat="30.30220772" lon="120.06940910"><ele>46.282</ele><time>2026-09-17T11:57:47Z</time><sat>10</sat></trkpt>
  <trkpt lat="30.30220773" lon="120.06940906"><ele>46.290</ele><time>2026-09-17T11:57:50Z</time><sat>9</sat></trkpt>
  <trkpt lat="30.30220782" lon="120.06940871"><ele>46.115</ele><time>2026-09-17T11:57:53Z</time><sat>4</sat></trkpt>
  <trkpt lat="30.30220783" lon="120.06940863"><ele>46.124</ele><time>2026-09-17T11:57:56Z</time><sat>8</sat></trkpt>
  <trkpt lat="30.30220784" lon="120.06940846"><ele>46.150</ele><time>2026-09-17T11:57:59Z</time><sat>11</sat></trkpt>
  <trkpt lat="30.30220784" lon="120.06940842"><ele>46.157</ele><time>2026-09-17T11:58:02Z</time><sat>5</sat></trkpt>
  <trkpt lat="30.30220787" lon="120.06940833"><ele>46.161</ele><time>2026-09-17T11:58:05Z</time><sat>2</sat></trkpt>
  <trkpt lat="30.30220788" lon="120.06940833"><ele>46.164</ele><time>2026-09-17T11:58:08Z</time><sat>6</sat></trkpt>
  <trkpt lat="30.30220789" lon="120.06940827"><ele>46.164</ele><time>2026-09-17T11:58:11Z</time><sat>8</sat></trkpt>
  <trkpt lat="30.30220791" lon="120.06940826"><ele>46.165</ele><time>2026-09-17T11:58:14Z</time><sat>5</sat></trkpt>
  <trkpt lat="30.30220793" lon="120.06940829"><ele>46.161</ele><time>2026-09-17T11:58:17Z</time><sat>5</sat></trkpt>
  <trkpt lat="30.30220796" lon="120.06940825"><ele>46.159</ele><time>2026-09-17T11:58:20Z</time><sat>5</sat></trkpt>
  <trkpt lat="30.30220921" lon="120.06940809"><ele>47.119</ele><time>2026-09-17T11:58:23Z</time><sat>7</sat></trkpt>
  <trkpt lat="30.30220922" lon="120.06940808"><ele>47.118</ele><time>2026-09-17T11:58:26Z</time><sat>7</sat></trkpt>
  <trkpt lat="30.30220926" lon="120.06940810"><ele>47.103</ele><time>2026-09-17T11:58:29Z</time><sat>5</sat></trkpt>
  <trkpt lat="30.30220928" lon="120.06940811"><ele>47.099</ele><time>2026-09-17T11:58:32Z</time><sat>5</sat></trkpt>
  <trkpt lat="30.30220991" lon="120.06940804"><ele>47.594</ele><time>2026-09-17T11:58:35Z</time><sat>6</sat></trkpt>
  <trkpt lat="30.30220993" lon="120.06940801"><ele>47.586</ele><time>2026-09-17T11:58:38Z</time><sat>7</sat></trkpt>
  <trkpt lat="30.30221002" lon="120.06940805"><ele>47.568</ele><time>2026-09-17T11:58:41Z</time><sat>5</sat></trkpt>
  <trkpt lat="30.30221008" lon="120.06940796"><ele>47.550</ele><time>2026-09-17T11:58:44Z</time><sat>4</sat></trkpt>
  <trkpt lat="30.30220955" lon="120.06940801"><ele>47.146</ele><time>2026-09-17T11:58:47Z</time><sat>4</sat></trkpt>
  <trkpt lat="30.30220956" lon="120.06940801"><ele>47.151</ele><time>2026-09-17T11:58:50Z</time><sat>5</sat></trkpt>
  <trkpt lat="30.30220959" lon="120.06940796"><ele>47.151</ele><time>2026-09-17T11:58:53Z</time><sat>5</sat></trkpt>
  <trkpt lat="30.30220962" lon="120.06940791"><ele>47.153</ele><time>2026-09-17T11:58:56Z</time><sat>4</sat></trkpt>
  <trkpt lat="30.30221062" lon="120.06940432"><ele>46.772</ele><time>2026-09-17T11:58:59Z</time><sat>5</sat></trkpt>
  <trkpt lat="30.30221069" lon="120.06940421"><ele>46.765</ele><time>2026-09-17T11:59:02Z</time><sat>5</sat></trkpt>
  <trkpt lat="30.30221184" lon="120.06940025"><ele>46.508</ele><time>2026-09-17T11:59:05Z</time><sat>6</sat></trkpt>
  <trkpt lat="30.30221195" lon="120.06940000"><ele>46.492</ele><time>2026-09-17T11:59:08Z</time><sat>8</sat></trkpt>
  <trkpt lat="30.30221201" lon="120.06939993"><ele>46.491</ele><time>2026-09-17T11:59:11Z</time><sat>9</sat></trkpt>
  <trkpt lat="30.30221198" lon="120.06939915"><ele>46.489</ele><time>2026-09-17T11:59:14Z</time><sat>6</sat></trkpt>
  <trkpt lat="30.30221261" lon="120.06940087"><ele>46.506</ele><time>2026-09-17T11:59:17Z</time><sat>6</sat></trkpt>
  <trkpt lat="30.30221276" lon="120.06940070"><ele>46.502</ele><time>2026-09-17T11:59:20Z</time><sat>9</sat></trkpt>
  <trkpt lat="30.30221295" lon="120.06940075"><ele>46.508</ele><time>2026-09-17T11:59:23Z</time><sat>9</sat></trkpt>
  <trkpt lat="30.30221283" lon="120.06940006"><ele>46.549</ele><time>2026-09-17T11:59:26Z</time><sat>8</sat></trkpt>
  <trkpt lat="30.30221327" lon="120.06939988"><ele>46.490</ele><time>2026-09-17T11:59:29Z</time><sat>9</sat></trkpt>
  <trkpt lat="30.30221366" lon="120.06939925"><ele>46.438</ele><time>2026-09-17T11:59:32Z</time><sat>11</sat></trkpt>
  <trkpt lat="30.30221368" lon="120.06939917"><ele>46.449</ele><time>2026-09-17T11:59:35Z</time><sat>9</sat></trkpt>
  <trkpt lat="30.30221408" lon="120.06939861"><ele>46.391</ele><time>2026-09-17T11:59:38Z</time><sat>7</sat></trkpt>
  <trkpt lat="30.30221474" lon="120.06939699"><ele>46.268</ele><time>2026-09-17T11:59:41Z</time><sat>10</sat></trkpt>
  <trkpt lat="30.30221492" lon="120.06939691"><ele>46.251</ele><time>2026-09-17T11:59:44Z</time><sat>12</sat></trkpt>
  <trkpt lat="30.30221492" lon="120.06939685"><ele>46.245</ele><time>2026-09-17T11:59:47Z</time><sat>10</sat></trkpt>
  <trkpt lat="30.30221497" lon="120.06939670"><ele>46.248</ele><time>2026-09-17T11:59:50Z</time><sat>5</sat></trkpt>
  <trkpt lat="30.30221516" lon="120.06939618"><ele>46.257</ele><time>2026-09-17T11:59:53Z</time><sat>4</sat></trkpt>
  <trkpt lat="30.30221534" lon="120.06939603"><ele>46.238</ele><time>2026-09-17T11:59:56Z</time><sat>10</sat></trkpt>
  <trkpt lat="30.30221542" lon="120.06939585"><ele>46.236</ele><time>2026-09-17T11:59:59Z</time><sat>10</sat></trkpt>
  <trkpt lat="30.30221578" lon="120.06939456"><ele>46.208</ele><time>2026-09-17T12:00:02Z</time><sat>6</sat></trkpt>
  <trkpt lat="30.30221626" lon="120.06939445"><ele>46.198</ele><time>2026-09-17T12:00:05Z</time><sat>10</sat></trkpt>
  <trkpt lat="30.30221687" lon="120.06939547"><ele>46.663</ele><time>2026-09-17T12:00:08Z</time><sat>12</sat></trkpt>
  <trkpt lat="30.30221706" lon="120.06939537"><ele>46.655</ele><time>2026-09-17T12:00:11Z</time><sat>9</sat></trkpt>
  <trkpt lat="30.30221737" lon="120.06939438"><ele>46.653</ele><time>2026-09-17T12:00:14Z</time><sat>7</sat></trkpt>
  <trkpt lat="30.30221759" lon="120.06939439"><ele>46.658</ele><time>2026-09-17T12:00:17Z</time><sat>9</sat></trkpt>
  <trkpt lat="30.30221749" lon="120.06939384"><ele>46.671</ele><time>2026-09-17T12:00:20Z</time><sat>8</sat></trkpt>
  <trkpt lat="30.30221753" lon="120.06939375"><ele>46.674</ele><time>2026-09-17T12:00:23Z</time><sat>8</sat></trkpt>
  <trkpt lat="30.30221754" lon="120.06939373"><ele>46.682</ele><time>2026-09-17T12:00:26Z</time><sat>7</sat></trkpt>
  <trkpt lat="30.30221696" lon="120.06939417"><ele>46.836</ele><time>2026-09-17T12:00:29Z</time><sat>7</sat></trkpt>
  <trkpt lat="30.30221699" lon="120.06939413"><ele>46.851</ele><time>2026-09-17T12:00:32Z</time><sat>8</sat></trkpt>
  <trkpt lat="30.30221705" lon="120.06939407"><ele>46.851</ele><time>2026-09-17T12:00:35Z</time><sat>10</sat></trkpt>
  <trkpt lat="30.30221709" lon="120.06939400"><ele>46.842</ele><time>2026-09-17T12:00:38Z</time><sat>7</sat></trkpt>
  <trkpt lat="30.30221712" lon="120.06939394"><ele>46.830</ele><time>2026-09-17T12:00:41Z</time><sat>7</sat></trkpt>
  <trkpt lat="30.30221711" lon="120.06939389"><ele>46.843</ele><time>2026-09-17T12:00:44Z</time><sat>7</sat></trkpt>
  <trkpt lat="30.30221792" lon="120.06939621"><ele>46.829</ele><time>2026-09-17T12:00:47Z</time><sat>6</sat></trkpt>
  <trkpt lat="30.30221795" lon="120.06939620"><ele>46.834</ele><time>2026-09-17T12:00:50Z</time><sat>8</sat></trkpt>
  <trkpt lat="30.30221890" lon="120.06939811"><ele>47.377</ele><time>2026-09-17T12:00:53Z</time><sat>8</sat></trkpt>
  <trkpt lat="30.30221894" lon="120.06939812"><ele>47.379</ele><time>2026-09-17T12:00:56Z</time><sat>8</sat></trkpt>
  <trkpt lat="30.30221898" lon="120.06939807"><ele>47.374</ele><time>2026-09-17T12:00:59Z</time><sat>9</sat></trkpt>
  <trkpt lat="30.30221903" lon="120.06939803"><ele>47.382</ele><time>2026-09-17T12:01:02Z</time><sat>7</sat></trkpt>
  <trkpt lat="30.30221856" lon="120.06939732"><ele>46.915</ele><time>2026-09-17T12:01:05Z</time><sat>7</sat></trkpt>
  <trkpt lat="30.30221856" lon="120.06939732"><ele>46.912</ele><time>2026-09-17T12:01:08Z</time><sat>11</sat></trkpt>
  <trkpt lat="30.30221956" lon="120.06939905"><ele>47.516</ele><time>2026-09-17T12:01:11Z</time><sat>9</sat></trkpt>
  <trkpt lat="30.30221962" lon="120.06939907"><ele>47.586</ele><time>2026-09-17T12:01:14Z</time><sat>4</sat></trkpt>
  <trkpt lat="30.30221967" lon="120.06939907"><ele>47.658</ele><time>2026-09-17T12:01:17Z</time><sat>6</sat></trkpt>
  <trkpt lat="30.30221970" lon="120.06939907"><ele>47.661</ele><time>2026-09-17T12:01:20Z</time><sat>7</sat></trkpt>
  <trkpt lat="30.30221970" lon="120.06939904"><ele>47.641</ele><time>2026-09-17T12:01:23Z</time><sat>6</sat></trkpt>
  <trkpt lat="30.30221977" lon="120.06939906"><ele>47.702</ele><time>2026-09-17T12:01:26Z</time><sat>5</sat></trkpt>
  <trkpt lat="30.30221990" lon="120.06939903"><ele>47.743</ele><time>2026-09-17T12:01:29Z</time><sat>7</sat></trkpt>
  <trkpt lat="30.30221994" lon="120.06939902"><ele>47.739</ele><time>2026-09-17T12:01:32Z</time><sat>7</sat></trkpt>
  <trkpt lat="30.30221995" lon="120.06939901"><ele>47.736</ele><time>2026-09-17T12:01:35Z</time><sat>5</sat></trkpt>
  <trkpt lat="30.30221989" lon="120.06939902"><ele>47.730</ele><time>2026-09-17T12:01:38Z</time><sat>5</sat></trkpt>
  <trkpt lat="30.30222000" lon="120.06939923"><ele>47.800</ele><time>2026-09-17T12:01:41Z</time><sat>8</sat></trkpt>
  <trkpt lat="30.30221942" lon="120.06939853"><ele>48.089</ele><time>2026-09-17T12:01:44Z</time><sat>6</sat></trkpt>
  <trkpt lat="30.30221959" lon="120.06939856"><ele>48.151</ele><time>2026-09-17T12:01:47Z</time><sat>5</sat></trkpt>
  <trkpt lat="30.30222004" lon="120.06939875"><ele>47.415</ele><time>2026-09-17T12:01:50Z</time><sat>8</sat></trkpt>
  <trkpt lat="30.30222117" lon="120.06939973"><ele>46.865</ele><time>2026-09-17T12:01:53Z</time><sat>11</sat></trkpt>
  <trkpt lat="30.30222122" lon="120.06939973"><ele>46.927</ele><time>2026-09-17T12:01:56Z</time><sat>11</sat></trkpt>
  <trkpt lat="30.30222101" lon="120.06939947"><ele>46.937</ele><time>2026-09-17T12:01:59Z</time><sat>8</sat></trkpt>
  <trkpt lat="30.30222104" lon="120.06939951"><ele>46.969</ele><time>2026-09-17T12:02:02Z</time><sat>6</sat></trkpt>
  <trkpt lat="30.30222115" lon="120.06939951"><ele>47.000</ele><time>2026-09-17T12:02:05Z</time><sat>7</sat></trkpt>
  <trkpt lat="30.30222112" lon="120.06939957"><ele>47.050</ele><time>2026-09-17T12:02:08Z</time><sat>7</sat></trkpt>
  <trkpt lat="30.30222119" lon="120.06939949"><ele>47.063</ele><time>2026-09-17T12:02:11Z</time><sat>7</sat></trkpt>
  <trkpt lat="30.30222141" lon="120.06939985"><ele>47.199</ele><time>2026-09-17T12:02:14Z</time><sat>7</sat></trkpt>
  <trkpt lat="30.30222135" lon="120.06939979"><ele>47.089</ele><time>2026-09-17T12:02:17Z</time><sat>7</sat></trkpt>
  <trkpt lat="30.30222159" lon="120.06939976"><ele>47.028</ele><time>2026-09-17T12:02:20Z</time><sat>7</sat></trkpt>
  <trkpt lat="30.30220028" lon="120.06941031"><ele>50.543</ele><time>2026-09-17T12:02:23Z</time><sat>9</sat></trkpt>
  <trkpt lat="30.30220049" lon="120.06941018"><ele>50.473</ele><time>2026-09-17T12:02:26Z</time><sat>8</sat></trkpt>
  <trkpt lat="30.30220062" lon="120.06941028"><ele>50.528</ele><time>2026-09-17T12:02:29Z</time><sat>5</sat></trkpt>
  <trkpt lat="30.30220085" lon="120.06941016"><ele>50.530</ele><time>2026-09-17T12:02:32Z</time><sat>5</sat></trkpt>
  <trkpt lat="30.30220108" lon="120.06941016"><ele>50.592</ele><time>2026-09-17T12:02:35Z</time><sat>8</sat></trkpt>
  <trkpt lat="30.30220116" lon="120.06941008"><ele>50.577</ele><time>2026-09-17T12:02:38Z</time><sat>8</sat></trkpt>
  <trkpt lat="30.30220145" lon="120.06940998"><ele>50.545</ele><time>2026-09-17T12:02:41Z</time><sat>7</sat></trkpt>
  <trkpt lat="30.30220146" lon="120.06940991"><ele>50.536</ele><time>2026-09-17T12:02:44Z</time><sat>7</sat></trkpt>
  <trkpt lat="30.30220148" lon="120.06940973"><ele>50.491</ele><time>2026-09-17T12:02:47Z</time><sat>9</sat></trkpt>
  <trkpt lat="30.30220155" lon="120.06940966"><ele>50.481</ele><time>2026-09-17T12:02:50Z</time><sat>9</sat></trkpt>
  <trkpt lat="30.30220157" lon="120.06940953"><ele>50.470</ele><time>2026-09-17T12:02:53Z</time><sat>6</sat></trkpt>
  <trkpt lat="30.30220165" lon="120.06940938"><ele>50.468</ele><time>2026-09-17T12:02:56Z</time><sat>5</sat></trkpt>
  <trkpt lat="30.30220165" lon="120.06940933"><ele>50.451</ele><time>2026-09-17T12:02:59Z</time><sat>8</sat></trkpt>
  <trkpt lat="30.30220161" lon="120.06940932"><ele>50.496</ele><time>2026-09-17T12:03:02Z</time><sat>8</sat></trkpt>
  <trkpt lat="30.30220158" lon="120.06940925"><ele>50.475</ele><time>2026-09-17T12:03:05Z</time><sat>5</sat></trkpt>
  <trkpt lat="30.30220159" lon="120.06940923"><ele>50.469</ele><time>2026-09-17T12:03:08Z</time><sat>4</sat></trkpt>
  <trkpt lat="30.30220160" lon="120.06940921"><ele>50.468</ele><time>2026-09-17T12:03:11Z</time><sat>6</sat></trkpt>
  <trkpt lat="30.30220158" lon="120.06940940"><ele>50.791</ele><time>2026-09-17T12:03:14Z</time><sat>6</sat></trkpt>
  <trkpt lat="30.30220165" lon="120.06940939"><ele>50.803</ele><time>2026-09-17T12:03:17Z</time><sat>6</sat></trkpt>
  <trkpt lat="30.30220170" lon="120.06940935"><ele>50.818</ele><time>2026-09-17T12:03:20Z</time><sat>7</sat></trkpt>
  <trkpt lat="30.30220174" lon="120.06940928"><ele>50.815</ele><time>2026-09-17T12:03:23Z</time><sat>7</sat></trkpt>
  <trkpt lat="30.30220176" lon="120.06940917"><ele>50.832</ele><time>2026-09-17T12:03:26Z</time><sat>8</sat></trkpt>
  <trkpt lat="30.30220179" lon="120.06940909"><ele>50.840</ele><time>2026-09-17T12:03:29Z</time><sat>8</sat></trkpt>
  <trkpt lat="30.30220187" lon="120.06940888"><ele>50.869</ele><time>2026-09-17T12:03:32Z</time><sat>8</sat></trkpt>
  <trkpt lat="30.30220195" lon="120.06940884"><ele>50.891</ele><time>2026-09-17T12:03:35Z</time><sat>9</sat></trkpt>
  <trkpt lat="30.30220209" lon="120.06940873"><ele>50.981</ele><time>2026-09-17T12:03:38Z</time><sat>8</sat></trkpt>
  <trkpt lat="30.30220222" lon="120.06940873"><ele>51.060</ele><time>2026-09-17T12:03:41Z</time><sat>6</sat></trkpt>
  <trkpt lat="30.30220239" lon="120.06940867"><ele>51.097</ele><time>2026-09-17T12:03:44Z</time><sat>7</sat></trkpt>
  <trkpt lat="30.30220253" lon="120.06940863"><ele>51.125</ele><time>2026-09-17T12:03:47Z</time><sat>8</sat></trkpt>
  <trkpt lat="30.30220256" lon="120.06940856"><ele>51.111</ele><time>2026-09-17T12:03:50Z</time><sat>6</sat></trkpt>
  <trkpt lat="30.30220267" lon="120.06940847"><ele>51.094</ele><time>2026-09-17T12:03:53Z</time><sat>7</sat></trkpt>
  <trkpt lat="30.30220270" lon="120.06940845"><ele>51.132</ele><time>2026-09-17T12:03:56Z</time><sat>7</sat></trkpt>
  <trkpt lat="30.30220273" lon="120.06940842"><ele>51.129</ele><time>2026-09-17T12:03:59Z</time><sat>5</sat></trkpt>
  <trkpt lat="30.30220288" lon="120.06940819"><ele>51.125</ele><time>2026-09-17T12:04:02Z</time><sat>7</sat></trkpt>
  <trkpt lat="30.30220293" lon="120.06940811"><ele>51.124</ele><time>2026-09-17T12:04:05Z</time><sat>7</sat></trkpt>
  <trkpt lat="30.30220307" lon="120.06940794"><ele>51.139</ele><time>2026-09-17T12:04:08Z</time><sat>7</sat></trkpt>
  <trkpt lat="30.30220313" lon="120.06940791"><ele>51.173</ele><time>2026-09-17T12:04:11Z</time><sat>8</sat></trkpt>
  <trkpt lat="30.30220327" lon="120.06940790"><ele>51.253</ele><time>2026-09-17T12:04:14Z</time><sat>8</sat></trkpt>
  <trkpt lat="30.30220334" lon="120.06940783"><ele>51.293</ele><time>2026-09-17T12:04:17Z</time><sat>5</sat></trkpt>
  <trkpt lat="30.30220338" lon="120.06940764"><ele>51.218</ele><time>2026-09-17T12:04:20Z</time><sat>6</sat></trkpt>
  <trkpt lat="30.30220339" lon="120.06940764"><ele>51.220</ele><time>2026-09-17T12:04:23Z</time><sat>8</sat></trkpt>
  <trkpt lat="30.30220341" lon="120.06940759"><ele>51.219</ele><time>2026-09-17T12:04:26Z</time><sat>6</sat></trkpt>
  <trkpt lat="30.30220350" lon="120.06940767"><ele>51.288</ele><time>2026-09-17T12:04:29Z</time><sat>7</sat></trkpt>
  <trkpt lat="30.30220364" lon="120.06940769"><ele>51.348</ele><time>2026-09-17T12:04:32Z</time><sat>7</sat></trkpt>
  <trkpt lat="30.30220368" lon="120.06940755"><ele>51.278</ele><time>2026-09-17T12:04:35Z</time><sat>7</sat></trkpt>
  <trkpt lat="30.30220376" lon="120.06940747"><ele>51.257</ele><time>2026-09-17T12:04:38Z</time><sat>7</sat></trkpt>
  <trkpt lat="30.30220387" lon="120.06940734"><ele>51.220</ele><time>2026-09-17T12:04:41Z</time><sat>9</sat></trkpt>
  <trkpt lat="30.30220399" lon="120.06940721"><ele>51.203</ele><time>2026-09-17T12:04:44Z</time><sat>8</sat></trkpt>
  <trkpt lat="30.30220409" lon="120.06940717"><ele>51.259</ele><time>2026-09-17T12:04:47Z</time><sat>9</sat></trkpt>
  <trkpt lat="30.30220429" lon="120.06940697"><ele>51.210</ele><time>2026-09-17T12:04:50Z</time><sat>9</sat></trkpt>
  <trkpt lat="30.30220447" lon="120.06940694"><ele>51.280</ele><time>2026-09-17T12:04:53Z</time><sat>10</sat></trkpt>
  <trkpt lat="30.30220448" lon="120.06940692"><ele>51.314</ele><time>2026-09-17T12:04:56Z</time><sat>9</sat></trkpt>
  <trkpt lat="30.30220460" lon="120.06940691"><ele>51.360</ele><time>2026-09-17T12:04:59Z</time><sat>8</sat></trkpt>
  <trkpt lat="30.30220469" lon="120.06940684"><ele>51.379</ele><time>2026-09-17T12:05:02Z</time><sat>6</sat></trkpt>
  <trkpt lat="30.30220475" lon="120.06940675"><ele>51.368</ele><time>2026-09-17T12:05:05Z</time><sat>8</sat></trkpt>
  <trkpt lat="30.30220477" lon="120.06940666"><ele>51.361</ele><time>2026-09-17T12:05:08Z</time><sat>8</sat></trkpt>
  <trkpt lat="30.30220493" lon="120.06940659"><ele>51.359</ele><time>2026-09-17T12:05:11Z</time><sat>7</sat></trkpt>
  <trkpt lat="30.30220503" lon="120.06940588"><ele>51.845</ele><time>2026-09-17T12:05:14Z</time><sat>8</sat></trkpt>
  <trkpt lat="30.30220501" lon="120.06940593"><ele>51.853</ele><time>2026-09-17T12:05:17Z</time><sat>11</sat></trkpt>
  <trkpt lat="30.30220501" lon="120.06940592"><ele>51.857</ele><time>2026-09-17T12:05:20Z</time><sat>11</sat></trkpt>
  <trkpt lat="30.30220507" lon="120.06940590"><ele>51.865</ele><time>2026-09-17T12:05:23Z</time><sat>7</sat></trkpt>
  <trkpt lat="30.30220494" lon="120.06940586"><ele>51.877</ele><time>2026-09-17T12:05:26Z</time><sat>7</sat></trkpt>
  <trkpt lat="30.30220493" lon="120.06940564"><ele>51.895</ele><time>2026-09-17T12:05:29Z</time><sat>9</sat></trkpt>
  <trkpt lat="30.30220505" lon="120.06940550"><ele>51.905</ele><time>2026-09-17T12:05:32Z</time><sat>9</sat></trkpt>
  <trkpt lat="30.30220518" lon="120.06940527"><ele>51.913</ele><time>2026-09-17T12:05:35Z</time><sat>7</sat></trkpt>
  <trkpt lat="30.30220530" lon="120.06940519"><ele>51.906</ele><time>2026-09-17T12:05:38Z</time><sat>6</sat></trkpt>
  <trkpt lat="30.30220540" lon="120.06940482"><ele>51.904</ele><time>2026-09-17T12:05:41Z</time><sat>7</sat></trkpt>
  <trkpt lat="30.30220576" lon="120.06940442"><ele>51.896</ele><time>2026-09-17T12:05:44Z</time><sat>9</sat></trkpt>
  <trkpt lat="30.30220605" lon="120.06940385"><ele>51.899</ele><time>2026-09-17T12:05:47Z</time><sat>8</sat></trkpt>
  <trkpt lat="30.30220617" lon="120.06940353"><ele>51.893</ele><time>2026-09-17T12:05:50Z</time><sat>8</sat></trkpt>
  <trkpt lat="30.30220629" lon="120.06940342"><ele>51.884</ele><time>2026-09-17T12:05:53Z</time><sat>10</sat></trkpt>
  <trkpt lat="30.30220662" lon="120.06940329"><ele>51.867</ele><time>2026-09-17T12:05:56Z</time><sat>8</sat></trkpt>
  <trkpt lat="30.30220685" lon="120.06940288"><ele>51.857</ele><time>2026-09-17T12:05:59Z</time><sat>8</sat></trkpt>
  <trkpt lat="30.30220698" lon="120.06940258"><ele>51.851</ele><time>2026-09-17T12:06:02Z</time><sat>9</sat></trkpt>
  <trkpt lat="30.30220719" lon="120.06940223"><ele>51.845</ele><time>2026-09-17T12:06:05Z</time><sat>11</sat></trkpt>
  <trkpt lat="30.30220723" lon="120.06940207"><ele>51.848</ele><time>2026-09-17T12:06:08Z</time><sat>9</sat></trkpt>
  <trkpt lat="30.30220731" lon="120.06940198"><ele>51.847</ele><time>2026-09-17T12:06:11Z</time><sat>8</sat></trkpt>
  <trkpt lat="30.30220743" lon="120.06940184"><ele>51.844</ele><time>2026-09-17T12:06:14Z</time><sat>7</sat></trkpt>
  <trkpt lat="30.30220770" lon="120.06940159"><ele>51.833</ele><time>2026-09-17T12:06:17Z</time><sat>8</sat></trkpt>
  <trkpt lat="30.30220796" lon="120.06940152"><ele>51.814</ele><time>2026-09-17T12:06:20Z</time><sat>10</sat></trkpt>
  <trkpt lat="30.30220818" lon="120.06940131"><ele>51.802</ele><time>2026-09-17T12:06:23Z</time><sat>11</sat></trkpt>
  <trkpt lat="30.30220842" lon="120.06940122"><ele>51.798</ele><time>2026-09-17T12:06:26Z</time><sat>10</sat></trkpt>
  <trkpt lat="30.30220855" lon="120.06940109"><ele>51.797</ele><time>2026-09-17T12:06:29Z</time><sat>8</sat></trkpt>
  <trkpt lat="30.30220894" lon="120.06940008"><ele>51.791</ele><time>2026-09-17T12:06:32Z</time><sat>9</sat></trkpt>
  <trkpt lat="30.30220913" lon="120.06940002"><ele>51.800</ele><time>2026-09-17T12:06:35Z</time><sat>9</sat></trkpt>
  <trkpt lat="30.30220929" lon="120.06939993"><ele>51.806</ele><time>2026-09-17T12:06:38Z</time><sat>8</sat></trkpt>
  <trkpt lat="30.30220973" lon="120.06939989"><ele>51.801</ele><time>2026-09-17T12:06:41Z</time><sat>8</sat></trkpt>
  <trkpt lat="30.30220997" lon="120.06939974"><ele>51.815</ele><time>2026-09-17T12:06:44Z</time><sat>9</sat></trkpt>
  <trkpt lat="30.30221005" lon="120.06939965"><ele>51.825</ele><time>2026-09-17T12:06:47Z</time><sat>10</sat></trkpt>
  <trkpt lat="30.30221012" lon="120.06939957"><ele>51.826</ele><time>2026-09-17T12:06:50Z</time><sat>10</sat></trkpt>
  <trkpt lat="30.30221031" lon="120.06939940"><ele>51.806</ele><time>2026-09-17T12:06:53Z</time><sat>8</sat></trkpt>
  <trkpt lat="30.30221081" lon="120.06939922"><ele>51.785</ele><time>2026-09-17T12:06:56Z</time><sat>7</sat></trkpt>
  <trkpt lat="30.30221104" lon="120.06939903"><ele>51.794</ele><time>2026-09-17T12:06:59Z</time><sat>9</sat></trkpt>
  <trkpt lat="30.30221148" lon="120.06939885"><ele>51.794</ele><time>2026-09-17T12:07:02Z</time><sat>10</sat></trkpt>
  <trkpt lat="30.30221170" lon="120.06939823"><ele>51.771</ele><time>2026-09-17T12:07:05Z</time><sat>9</sat></trkpt>
  <trkpt lat="30.30221190" lon="120.06939810"><ele>51.776</ele><time>2026-09-17T12:07:08Z</time><sat>8</sat></trkpt>
  <trkpt lat="30.30221197" lon="120.06939812"><ele>51.769</ele><time>2026-09-17T12:07:11Z</time><sat>8</sat></trkpt>
  <trkpt lat="30.30221204" lon="120.06939797"><ele>51.771</ele><time>2026-09-17T12:07:14Z</time><sat>9</sat></trkpt>
  <trkpt lat="30.30221209" lon="120.06939746"><ele>51.761</ele><time>2026-09-17T12:07:17Z</time><sat>9</sat></trkpt>
  <trkpt lat="30.30221239" lon="120.06939749"><ele>51.734</ele><time>2026-09-17T12:07:20Z</time><sat>7</sat></trkpt>
  <trkpt lat="30.30221248" lon="120.06939745"><ele>51.731</ele><time>2026-09-17T12:07:23Z</time><sat>8</sat></trkpt>
  <trkpt lat="30.30221264" lon="120.06939731"><ele>51.731</ele><time>2026-09-17T12:07:26Z</time><sat>8</sat></trkpt>
  <trkpt lat="30.30221253" lon="120.06939722"><ele>51.749</ele><time>2026-09-17T12:07:29Z</time><sat>7</sat></trkpt>
  <trkpt lat="30.30221284" lon="120.06939706"><ele>51.728</ele><time>2026-09-17T12:07:32Z</time><sat>6</sat></trkpt>
  <trkpt lat="30.30221300" lon="120.06939694"><ele>51.723</ele><time>2026-09-17T12:07:35Z</time><sat>8</sat></trkpt>
  <trkpt lat="30.30221316" lon="120.06939675"><ele>51.713</ele><time>2026-09-17T12:07:38Z</time><sat>9</sat></trkpt>
  <trkpt lat="30.30221340" lon="120.06939662"><ele>51.688</ele><time>2026-09-17T12:07:41Z</time><sat>8</sat></trkpt>
  <trkpt lat="30.30221383" lon="120.06939648"><ele>51.654</ele><time>2026-09-17T12:07:44Z</time><sat>9</sat></trkpt>
  <trkpt lat="30.30221413" lon="120.06939634"><ele>51.635</ele><time>2026-09-17T12:07:47Z</time><sat>11</sat></trkpt>
  <trkpt lat="30.30221445" lon="120.06939617"><ele>51.625</ele><time>2026-09-17T12:07:50Z</time><sat>12</sat></trkpt>
  <trkpt lat="30.30221486" lon="120.06939603"><ele>51.611</ele><time>2026-09-17T12:07:53Z</time><sat>10</sat></trkpt>
  <trkpt lat="30.30221528" lon="120.06939585"><ele>51.587</ele><time>2026-09-17T12:07:56Z</time><sat>9</sat></trkpt>
  <trkpt lat="30.30221549" lon="120.06939577"><ele>51.576</ele><time>2026-09-17T12:07:59Z</time><sat>9</sat></trkpt>
  <trkpt lat="30.30221621" lon="120.06939562"><ele>51.539</ele><time>2026-09-17T12:08:02Z</time><sat>8</sat></trkpt>
  <trkpt lat="30.30221673" lon="120.06939546"><ele>51.478</ele><time>2026-09-17T12:08:05Z</time><sat>9</sat></trkpt>
  <trkpt lat="30.30221717" lon="120.06939520"><ele>51.452</ele><time>2026-09-17T12:08:08Z</time><sat>9</sat></trkpt>
  <trkpt lat="30.30221724" lon="120.06939505"><ele>51.471</ele><time>2026-09-17T12:08:11Z</time><sat>9</sat></trkpt>
  <trkpt lat="30.30221729" lon="120.06939484"><ele>51.475</ele><time>2026-09-17T12:08:14Z</time><sat>9</sat></trkpt>
  <trkpt lat="30.30221737" lon="120.06939479"><ele>51.493</ele><time>2026-09-17T12:08:17Z</time><sat>9</sat></trkpt>
  <trkpt lat="30.30221767" lon="120.06939483"><ele>51.446</ele><time>2026-09-17T12:08:20Z</time><sat>9</sat></trkpt>
  <trkpt lat="30.30221768" lon="120.06939470"><ele>51.477</ele><time>2026-09-17T12:08:23Z</time><sat>9</sat></trkpt>
  <trkpt lat="30.30221791" lon="120.06939468"><ele>51.528</ele><time>2026-09-17T12:08:26Z</time><sat>10</sat></trkpt>
  <trkpt lat="30.30221807" lon="120.06939453"><ele>51.507</ele><time>2026-09-17T12:08:29Z</time><sat>8</sat></trkpt>
  <trkpt lat="30.30221822" lon="120.06939451"><ele>51.537</ele><time>2026-09-17T12:08:32Z</time><sat>9</sat></trkpt>
  <trkpt lat="30.30221859" lon="120.06939452"><ele>51.553</ele><time>2026-09-17T12:08:35Z</time><sat>11</sat></trkpt>
  <trkpt lat="30.30221861" lon="120.06939443"><ele>51.524</ele><time>2026-09-17T12:08:38Z</time><sat>11</sat></trkpt>
  <trkpt lat="30.30221878" lon="120.06939438"><ele>51.567</ele><time>2026-09-17T12:08:41Z</time><sat>9</sat></trkpt>
  <trkpt lat="30.30221897" lon="120.06939436"><ele>51.536</ele><time>2026-09-17T12:08:44Z</time><sat>7</sat></trkpt>
  <trkpt lat="30.30221917" lon="120.06939428"><ele>51.545</ele><time>2026-09-17T12:08:47Z</time><sat>7</sat></trkpt>
  <trkpt lat="30.30221954" lon="120.06939417"><ele>51.540</ele><time>2026-09-17T12:08:50Z</time><sat>8</sat></trkpt>
  <trkpt lat="30.30221962" lon="120.06939408"><ele>51.545</ele><time>2026-09-17T12:08:53Z</time><sat>7</sat></trkpt>
  <trkpt lat="30.30221999" lon="120.06939397"><ele>51.637</ele><time>2026-09-17T12:08:56Z</time><sat>6</sat></trkpt>
  <trkpt lat="30.30222026" lon="120.06939377"><ele>51.628</ele><time>2026-09-17T12:08:59Z</time><sat>7</sat></trkpt>
  <trkpt lat="30.30222070" lon="120.06939369"><ele>51.599</ele><time>2026-09-17T12:09:02Z</time><sat>8</sat></trkpt>
  <trkpt lat="30.30222144" lon="120.06939370"><ele>51.493</ele><time>2026-09-17T12:09:05Z</time><sat>8</sat></trkpt>
  <trkpt lat="30.30222170" lon="120.06939358"><ele>51.510</ele><time>2026-09-17T12:09:08Z</time><sat>6</sat></trkpt>
  <trkpt lat="30.30222216" lon="120.06939338"><ele>51.543</ele><time>2026-09-17T12:09:11Z</time><sat>8</sat></trkpt>
  <trkpt lat="30.30222249" lon="120.06939323"><ele>51.582</ele><time>2026-09-17T12:09:14Z</time><sat>9</sat></trkpt>
  <trkpt lat="30.30222271" lon="120.06939310"><ele>51.613</ele><time>2026-09-17T12:09:17Z</time><sat>6</sat></trkpt>
  <trkpt lat="30.30222301" lon="120.06939298"><ele>51.624</ele><time>2026-09-17T12:09:20Z</time><sat>4</sat></trkpt>
  <trkpt lat="30.30222308" lon="120.06939294"><ele>51.634</ele><time>2026-09-17T12:09:23Z</time><sat>7</sat></trkpt>
  <trkpt lat="30.30222314" lon="120.06939286"><ele>51.657</ele><time>2026-09-17T12:09:26Z</time><sat>7</sat></trkpt>
  <trkpt lat="30.30222320" lon="120.06939279"><ele>51.664</ele><time>2026-09-17T12:09:29Z</time><sat>5</sat></trkpt>
  <trkpt lat="30.30222323" lon="120.06939274"><ele>51.672</ele><time>2026-09-17T12:09:32Z</time><sat>6</sat></trkpt>
  <trkpt lat="30.30220539" lon="120.06940214"><ele>54.983</ele><time>2026-09-17T12:09:35Z</time><sat>6</sat></trkpt>
  <trkpt lat="30.30220539" lon="120.06940214"><ele>54.988</ele><time>2026-09-17T12:09:38Z</time><sat>3</sat></trkpt>
  <trkpt lat="30.30220532" lon="120.06940221"><ele>54.936</ele><time>2026-09-17T12:09:41Z</time><sat>2</sat></trkpt>
  <trkpt lat="30.30220554" lon="120.06940207"><ele>54.922</ele><time>2026-09-17T12:09:44Z</time><sat>2</sat></trkpt>
  <trkpt lat="30.30220544" lon="120.06940216"><ele>54.863</ele><time>2026-09-17T12:09:47Z</time><sat>4</sat></trkpt>
  <trkpt lat="30.30220562" lon="120.06940207"><ele>54.832</ele><time>2026-09-17T12:09:50Z</time><sat>5</sat></trkpt>
  <trkpt lat="30.30220560" lon="120.06940205"><ele>54.777</ele><time>2026-09-17T12:09:53Z</time><sat>6</sat></trkpt>
  <trkpt lat="30.30220563" lon="120.06940205"><ele>54.772</ele><time>2026-09-17T12:09:56Z</time><sat>6</sat></trkpt>
  <trkpt lat="30.30220571" lon="120.06940204"><ele>54.772</ele><time>2026-09-17T12:09:59Z</time><sat>6</sat></trkpt>
  <trkpt lat="30.30220575" lon="120.06940207"><ele>54.730</ele><time>2026-09-17T12:10:02Z</time><sat>5</sat></trkpt>
  <trkpt lat="30.30220611" lon="120.06940189"><ele>54.693</ele><time>2026-09-17T12:10:05Z</time><sat>5</sat></trkpt>
  <trkpt lat="30.30220625" lon="120.06940182"><ele>54.679</ele><time>2026-09-17T12:10:08Z</time><sat>6</sat></trkpt>
  <trkpt lat="30.30220639" lon="120.06940173"><ele>54.653</ele><time>2026-09-17T12:10:11Z</time><sat>6</sat></trkpt>
  <trkpt lat="30.30220639" lon="120.06940170"><ele>54.616</ele><time>2026-09-17T12:10:14Z</time><sat>5</sat></trkpt>
  <trkpt lat="30.30220634" lon="120.06940179"><ele>54.616</ele><time>2026-09-17T12:10:17Z</time><sat>5</sat></trkpt>
  <trkpt lat="30.30220619" lon="120.06940182"><ele>54.578</ele><time>2026-09-17T12:10:20Z</time><sat>6</sat></trkpt>
  <trkpt lat="30.30220599" lon="120.06940188"><ele>54.547</ele><time>2026-09-17T12:10:23Z</time><sat>6</sat></trkpt>
  <trkpt lat="30.30220597" lon="120.06940200"><ele>54.609</ele><time>2026-09-17T12:10:26Z</time><sat>6</sat></trkpt>
  <trkpt lat="30.30220578" lon="120.06940215"><ele>54.563</ele><time>2026-09-17T12:10:29Z</time><sat>5</sat></trkpt>
  <trkpt lat="30.30220560" lon="120.06940224"><ele>54.504</ele><time>2026-09-17T12:10:32Z</time><sat>5</sat></trkpt>
  <trkpt lat="30.30220551" lon="120.06940233"><ele>54.475</ele><time>2026-09-17T12:10:35Z</time><sat>6</sat></trkpt>
  <trkpt lat="30.30220557" lon="120.06940233"><ele>54.458</ele><time>2026-09-17T12:10:38Z</time><sat>6</sat></trkpt>
  <trkpt lat="30.30220547" lon="120.06940238"><ele>54.419</ele><time>2026-09-17T12:10:41Z</time><sat>5</sat></trkpt>
  <trkpt lat="30.30220537" lon="120.06940247"><ele>54.392</ele><time>2026-09-17T12:10:44Z</time><sat>6</sat></trkpt>
  <trkpt lat="30.30220531" lon="120.06940253"><ele>54.348</ele><time>2026-09-17T12:10:47Z</time><sat>5</sat></trkpt>
  <trkpt lat="30.30220554" lon="120.06940240"><ele>54.339</ele><time>2026-09-17T12:10:50Z</time><sat>4</sat></trkpt>
  <trkpt lat="30.30220591" lon="120.06940216"><ele>54.343</ele><time>2026-09-17T12:10:53Z</time><sat>4</sat></trkpt>
  <trkpt lat="30.30220630" lon="120.06940194"><ele>54.349</ele><time>2026-09-17T12:10:56Z</time><sat>5</sat></trkpt>
  <trkpt lat="30.30220672" lon="120.06940169"><ele>54.361</ele><time>2026-09-17T12:10:59Z</time><sat>4</sat></trkpt>
  <trkpt lat="30.30220706" lon="120.06940149"><ele>54.375</ele><time>2026-09-17T12:11:02Z</time><sat>4</sat></trkpt>
  <trkpt lat="30.30220746" lon="120.06940124"><ele>54.396</ele><time>2026-09-17T12:11:05Z</time><sat>5</sat></trkpt>
  <trkpt lat="30.30220797" lon="120.06940094"><ele>54.427</ele><time>2026-09-17T12:11:08Z</time><sat>5</sat></trkpt>
  <trkpt lat="30.30220842" lon="120.06940067"><ele>54.457</ele><time>2026-09-17T12:11:11Z</time><sat>4</sat></trkpt>
  <trkpt lat="30.30220875" lon="120.06940047"><ele>54.474</ele><time>2026-09-17T12:11:14Z</time><sat>3</sat></trkpt>
  <trkpt lat="30.30220889" lon="120.06940039"><ele>54.481</ele><time>2026-09-17T12:11:17Z</time><sat>4</sat></trkpt>
  <trkpt lat="30.30220907" lon="120.06940029"><ele>54.493</ele><time>2026-09-17T12:11:20Z</time><sat>5</sat></trkpt>
  <trkpt lat="30.30220922" lon="120.06940019"><ele>54.504</ele><time>2026-09-17T12:11:23Z</time><sat>4</sat></trkpt>
  <trkpt lat="30.30220927" lon="120.06940013"><ele>54.495</ele><time>2026-09-17T12:11:26Z</time><sat>3</sat></trkpt>
  <trkpt lat="30.30220936" lon="120.06940008"><ele>54.502</ele><time>2026-09-17T12:11:29Z</time><sat>5</sat></trkpt>
  <trkpt lat="30.30220933" lon="120.06940010"><ele>54.498</ele><time>2026-09-17T12:11:32Z</time><sat>5</sat></trkpt>
  <trkpt lat="30.30220927" lon="120.06940012"><ele>54.492</ele><time>2026-09-17T12:11:35Z</time><sat>4</sat></trkpt>
  <trkpt lat="30.30220937" lon="120.06940008"><ele>54.502</ele><time>2026-09-17T12:11:38Z</time><sat>4</sat></trkpt>
  <trkpt lat="30.30220937" lon="120.06940007"><ele>54.504</ele><time>2026-09-17T12:11:41Z</time><sat>5</sat></trkpt>
  <trkpt lat="30.30220940" lon="120.06940006"><ele>54.508</ele><time>2026-09-17T12:11:44Z</time><sat>4</sat></trkpt>
  <trkpt lat="30.30220951" lon="120.06940003"><ele>54.508</ele><time>2026-09-17T12:11:47Z</time><sat>2</sat></trkpt>
  <trkpt lat="30.30220965" lon="120.06939996"><ele>54.520</ele><time>2026-09-17T12:11:50Z</time><sat>6</sat></trkpt>
  <trkpt lat="30.30220972" lon="120.06939991"><ele>54.527</ele><time>2026-09-17T12:11:53Z</time><sat>6</sat></trkpt>
  <trkpt lat="30.30220985" lon="120.06939986"><ele>54.534</ele><time>2026-09-17T12:11:56Z</time><sat>5</sat></trkpt>
  <trkpt lat="30.30220987" lon="120.06939984"><ele>54.538</ele><time>2026-09-17T12:11:59Z</time><sat>7</sat></trkpt>
  <trkpt lat="30.30220992" lon="120.06939981"><ele>54.542</ele><time>2026-09-17T12:12:02Z</time><sat>6</sat></trkpt>
  <trkpt lat="30.30220996" lon="120.06939979"><ele>54.542</ele><time>2026-09-17T12:12:05Z</time><sat>4</sat></trkpt>
  <trkpt lat="30.30220998" lon="120.06939978"><ele>54.543</ele><time>2026-09-17T12:12:08Z</time><sat>5</sat></trkpt>
  <trkpt lat="30.30221003" lon="120.06939976"><ele>54.548</ele><time>2026-09-17T12:12:11Z</time><sat>5</sat></trkpt>
  <trkpt lat="30.30221007" lon="120.06939973"><ele>54.552</ele><time>2026-09-17T12:12:14Z</time><sat>3</sat></trkpt>
  <trkpt lat="30.30221013" lon="120.06939967"><ele>54.554</ele><time>2026-09-17T12:12:17Z</time><sat>3</sat></trkpt>
  <trkpt lat="30.30221030" lon="120.06939960"><ele>54.566</ele><time>2026-09-17T12:12:20Z</time><sat>4</sat></trkpt>
  <trkpt lat="30.30221035" lon="120.06939956"><ele>54.571</ele><time>2026-09-17T12:12:23Z</time><sat>4</sat></trkpt>
  <trkpt lat="30.30221044" lon="120.06939951"><ele>54.578</ele><time>2026-09-17T12:12:26Z</time><sat>3</sat></trkpt>
  <trkpt lat="30.30221039" lon="120.06939953"><ele>54.569</ele><time>2026-09-17T12:12:29Z</time><sat>3</sat></trkpt>
  <trkpt lat="30.30221041" lon="120.06939951"><ele>54.572</ele><time>2026-09-17T12:12:32Z</time><sat>4</sat></trkpt>
  <trkpt lat="30.30221043" lon="120.06939948"><ele>54.577</ele><time>2026-09-17T12:12:35Z</time><sat>4</sat></trkpt>
  <trkpt lat="30.30221047" lon="120.06939948"><ele>54.578</ele><time>2026-09-17T12:12:38Z</time><sat>4</sat></trkpt>
  <trkpt lat="30.30221046" lon="120.06939947"><ele>54.579</ele><time>2026-09-17T12:12:41Z</time><sat>4</sat></trkpt>
  <trkpt lat="30.30221050" lon="120.06939945"><ele>54.581</ele><time>2026-09-17T12:12:44Z</time><sat>4</sat></trkpt>
  <trkpt lat="30.30221045" lon="120.06939945"><ele>54.578</ele><time>2026-09-17T12:12:47Z</time><sat>6</sat></trkpt>
  <trkpt lat="30.30221047" lon="120.06939940"><ele>54.581</ele><time>2026-09-17T12:12:50Z</time><sat>7</sat></trkpt>
  <trkpt lat="30.30221047" lon="120.06939937"><ele>54.575</ele><time>2026-09-17T12:12:53Z</time><sat>9</sat></trkpt>
  <trkpt lat="30.30221047" lon="120.06939932"><ele>54.586</ele><time>2026-09-17T12:12:56Z</time><sat>9</sat></trkpt>
  <trkpt lat="30.30221049" lon="120.06939930"><ele>54.586</ele><time>2026-09-17T12:12:59Z</time><sat>7</sat></trkpt>
  <trkpt lat="30.30221049" lon="120.06939930"><ele>54.585</ele><time>2026-09-17T12:13:02Z</time><sat>7</sat></trkpt>
  <trkpt lat="30.30221051" lon="120.06939924"><ele>54.556</ele><time>2026-09-17T12:13:05Z</time><sat>7</sat></trkpt>
  <trkpt lat="30.30221051" lon="120.06939924"><ele>54.555</ele><time>2026-09-17T12:13:08Z</time><sat>8</sat></trkpt>
  <trkpt lat="30.30221052" lon="120.06939927"><ele>54.547</ele><time>2026-09-17T12:13:11Z</time><sat>8</sat></trkpt>
  <trkpt lat="30.30221054" lon="120.06939928"><ele>54.537</ele><time>2026-09-17T12:13:14Z</time><sat>4</sat></trkpt>
  <trkpt lat="30.30221056" lon="120.06939925"><ele>54.521</ele><time>2026-09-17T12:13:17Z</time><sat>5</sat></trkpt>
  <trkpt lat="30.30221087" lon="120.06939915"><ele>55.183</ele><time>2026-09-17T12:13:20Z</time><sat>8</sat></trkpt>
  <trkpt lat="30.30221089" lon="120.06939915"><ele>55.183</ele><time>2026-09-17T12:13:23Z</time><sat>9</sat></trkpt>
  <trkpt lat="30.30221095" lon="120.06939906"><ele>55.164</ele><time>2026-09-17T12:13:26Z</time><sat>7</sat></trkpt>
  <trkpt lat="30.30221095" lon="120.06939900"><ele>55.137</ele><time>2026-09-17T12:13:29Z</time><sat>6</sat></trkpt>
  <trkpt lat="30.30221100" lon="120.06939895"><ele>55.124</ele><time>2026-09-17T12:13:32Z</time><sat>8</sat></trkpt>
  <trkpt lat="30.30221104" lon="120.06939890"><ele>55.104</ele><time>2026-09-17T12:13:35Z</time><sat>7</sat></trkpt>
  <trkpt lat="30.30221151" lon="120.06939861"><ele>54.957</ele><time>2026-09-17T12:13:38Z</time><sat>6</sat></trkpt>
  <trkpt lat="30.30221155" lon="120.06939856"><ele>54.939</ele><time>2026-09-17T12:13:41Z</time><sat>8</sat></trkpt>
  <trkpt lat="30.30221160" lon="120.06939845"><ele>54.903</ele><time>2026-09-17T12:13:44Z</time><sat>8</sat></trkpt>
  <trkpt lat="30.30221162" lon="120.06939844"><ele>54.883</ele><time>2026-09-17T12:13:47Z</time><sat>7</sat></trkpt>
  <trkpt lat="30.30221314" lon="120.06939777"><ele>54.453</ele><time>2026-09-17T12:13:50Z</time><sat>8</sat></trkpt>
  <trkpt lat="30.30221321" lon="120.06939768"><ele>54.423</ele><time>2026-09-17T12:13:53Z</time><sat>7</sat></trkpt>
  <trkpt lat="30.30221398" lon="120.06939812"><ele>54.305</ele><time>2026-09-17T12:13:56Z</time><sat>5</sat></trkpt>
  <trkpt lat="30.30221402" lon="120.06939811"><ele>54.272</ele><time>2026-09-17T12:13:59Z</time><sat>6</sat></trkpt>
  <trkpt lat="30.30221292" lon="120.06939835"><ele>54.531</ele><time>2026-09-17T12:14:02Z</time><sat>8</sat></trkpt>
  <trkpt lat="30.30221333" lon="120.06939827"><ele>54.333</ele><time>2026-09-17T12:14:05Z</time><sat>7</sat></trkpt>
  <trkpt lat="30.30221340" lon="120.06939822"><ele>54.300</ele><time>2026-09-17T12:14:08Z</time><sat>7</sat></trkpt>
  <trkpt lat="30.30221335" lon="120.06939819"><ele>54.321</ele><time>2026-09-17T12:14:11Z</time><sat>7</sat></trkpt>
  <trkpt lat="30.30221588" lon="120.06939771"><ele>53.570</ele><time>2026-09-17T12:14:14Z</time><sat>5</sat></trkpt>
  <trkpt lat="30.30221591" lon="120.06939769"><ele>53.574</ele><time>2026-09-17T12:14:17Z</time><sat>7</sat></trkpt>
  <trkpt lat="30.30221591" lon="120.06939769"><ele>53.574</ele><time>2026-09-17T12:14:20Z</time><sat>7</sat></trkpt>
  <trkpt lat="30.30221592" lon="120.06939768"><ele>53.567</ele><time>2026-09-17T12:14:23Z</time><sat>3</sat></trkpt>
  <trkpt lat="30.30221643" lon="120.06939705"><ele>54.225</ele><time>2026-09-17T12:14:26Z</time><sat>2</sat></trkpt>
  <trkpt lat="30.30221676" lon="120.06939667"><ele>54.632</ele><time>2026-09-17T12:14:29Z</time><sat>4</sat></trkpt>
  <trkpt lat="30.30221710" lon="120.06939626"><ele>55.069</ele><time>2026-09-17T12:14:32Z</time><sat>4</sat></trkpt>
  <trkpt lat="30.30221713" lon="120.06939624"><ele>55.082</ele><time>2026-09-17T12:14:35Z</time><sat>3</sat></trkpt>
  <trkpt lat="30.30221706" lon="120.06939632"><ele>54.957</ele><time>2026-09-17T12:14:38Z</time><sat>4</sat></trkpt>
  <trkpt lat="30.30221709" lon="120.06939631"><ele>54.956</ele><time>2026-09-17T12:14:41Z</time><sat>5</sat></trkpt>
  <trkpt lat="30.30221728" lon="120.06939611"><ele>55.173</ele><time>2026-09-17T12:14:44Z</time><sat>5</sat></trkpt>
  <trkpt lat="30.30221731" lon="120.06939608"><ele>55.171</ele><time>2026-09-17T12:14:47Z</time><sat>5</sat></trkpt>
  <trkpt lat="30.30221739" lon="120.06939603"><ele>55.230</ele><time>2026-09-17T12:14:50Z</time><sat>4</sat></trkpt>
  <trkpt lat="30.30221741" lon="120.06939600"><ele>55.233</ele><time>2026-09-17T12:14:53Z</time><sat>7</sat></trkpt>
  <trkpt lat="30.30221737" lon="120.06939607"><ele>55.184</ele><time>2026-09-17T12:14:56Z</time><sat>7</sat></trkpt>
  <trkpt lat="30.30221733" lon="120.06939612"><ele>55.126</ele><time>2026-09-17T12:14:59Z</time><sat>5</sat></trkpt>
  <trkpt lat="30.30221737" lon="120.06939611"><ele>55.166</ele><time>2026-09-17T12:15:02Z</time><sat>6</sat></trkpt>
  <trkpt lat="30.30221744" lon="120.06939611"><ele>55.182</ele><time>2026-09-17T12:15:05Z</time><sat>7</sat></trkpt>
  <trkpt lat="30.30221746" lon="120.06939613"><ele>55.187</ele><time>2026-09-17T12:15:08Z</time><sat>6</sat></trkpt>
  <trkpt lat="30.30221754" lon="120.06939617"><ele>55.218</ele><time>2026-09-17T12:15:11Z</time><sat>4</sat></trkpt>
  <trkpt lat="30.30221759" lon="120.06939619"><ele>55.253</ele><time>2026-09-17T12:15:14Z</time><sat>6</sat></trkpt>
  <trkpt lat="30.30221767" lon="120.06939620"><ele>55.283</ele><time>2026-09-17T12:15:17Z</time><sat>7</sat></trkpt>
  <trkpt lat="30.30221778" lon="120.06939625"><ele>55.326</ele><time>2026-09-17T12:15:20Z</time><sat>5</sat></trkpt>
  <trkpt lat="30.30221784" lon="120.06939627"><ele>55.358</ele><time>2026-09-17T12:15:23Z</time><sat>5</sat></trkpt>
  <trkpt lat="30.30221793" lon="120.06939631"><ele>55.394</ele><time>2026-09-17T12:15:26Z</time><sat>7</sat></trkpt>
  <trkpt lat="30.30221800" lon="120.06939631"><ele>55.421</ele><time>2026-09-17T12:15:29Z</time><sat>7</sat></trkpt>
  <trkpt lat="30.30221809" lon="120.06939636"><ele>55.454</ele><time>2026-09-17T12:15:32Z</time><sat>5</sat></trkpt>
  <trkpt lat="30.30221811" lon="120.06939638"><ele>55.467</ele><time>2026-09-17T12:15:35Z</time><sat>6</sat></trkpt>
  <trkpt lat="30.30221811" lon="120.06939638"><ele>55.483</ele><time>2026-09-17T12:15:38Z</time><sat>6</sat></trkpt>
  <trkpt lat="30.30221832" lon="120.06939640"><ele>55.528</ele><time>2026-09-17T12:15:41Z</time><sat>6</sat></trkpt>
  <trkpt lat="30.30221844" lon="120.06939640"><ele>55.564</ele><time>2026-09-17T12:15:44Z</time><sat>7</sat></trkpt>
  <trkpt lat="30.30221856" lon="120.06939642"><ele>55.580</ele><time>2026-09-17T12:15:47Z</time><sat>7</sat></trkpt>
  <trkpt lat="30.30221873" lon="120.06939647"><ele>55.607</ele><time>2026-09-17T12:15:50Z</time><sat>5</sat></trkpt>
  <trkpt lat="30.30221880" lon="120.06939643"><ele>55.618</ele><time>2026-09-17T12:15:53Z</time><sat>5</sat></trkpt>
  <trkpt lat="30.30221881" lon="120.06939643"><ele>55.622</ele><time>2026-09-17T12:15:56Z</time><sat>7</sat></trkpt>
  <trkpt lat="30.30221885" lon="120.06939644"><ele>55.629</ele><time>2026-09-17T12:15:59Z</time><sat>8</sat></trkpt>
  <trkpt lat="30.30221887" lon="120.06939647"><ele>55.632</ele><time>2026-09-17T12:16:02Z</time><sat>4</sat></trkpt>
  <trkpt lat="30.30221891" lon="120.06939645"><ele>55.635</ele><time>2026-09-17T12:16:05Z</time><sat>4</sat></trkpt>
  <trkpt lat="30.30221892" lon="120.06939645"><ele>55.640</ele><time>2026-09-17T12:16:08Z</time><sat>5</sat></trkpt>
  <trkpt lat="30.30221863" lon="120.06939628"><ele>55.761</ele><time>2026-09-17T12:16:11Z</time><sat>5</sat></trkpt>
  <trkpt lat="30.30221870" lon="120.06939632"><ele>55.763</ele><time>2026-09-17T12:16:14Z</time><sat>5</sat></trkpt>
  <trkpt lat="30.30221874" lon="120.06939630"><ele>55.768</ele><time>2026-09-17T12:16:17Z</time><sat>5</sat></trkpt>
  <trkpt lat="30.30221877" lon="120.06939629"><ele>55.783</ele><time>2026-09-17T12:16:20Z</time><sat>5</sat></trkpt>
  <trkpt lat="30.30221881" lon="120.06939630"><ele>55.789</ele><time>2026-09-17T12:16:23Z</time><sat>5</sat></trkpt>
  <trkpt lat="30.30221895" lon="120.06939635"><ele>55.807</ele><time>2026-09-17T12:16:26Z</time><sat>6</sat></trkpt>
  <trkpt lat="30.30221905" lon="120.06939633"><ele>55.824</ele><time>2026-09-17T12:16:29Z</time><sat>7</sat></trkpt>
  <trkpt lat="30.30221905" lon="120.06939631"><ele>55.834</ele><time>2026-09-17T12:16:32Z</time><sat>7</sat></trkpt>
  <trkpt lat="30.30221908" lon="120.06939627"><ele>55.841</ele><time>2026-09-17T12:16:35Z</time><sat>6</sat></trkpt>
  <trkpt lat="30.30221920" lon="120.06939627"><ele>55.848</ele><time>2026-09-17T12:16:38Z</time><sat>7</sat></trkpt>
  <trkpt lat="30.30221929" lon="120.06939629"><ele>55.856</ele><time>2026-09-17T12:16:41Z</time><sat>8</sat></trkpt>
  <trkpt lat="30.30221946" lon="120.06939630"><ele>55.864</ele><time>2026-09-17T12:16:44Z</time><sat>9</sat></trkpt>
  <trkpt lat="30.30221964" lon="120.06939627"><ele>55.862</ele><time>2026-09-17T12:16:47Z</time><sat>8</sat></trkpt>
  <trkpt lat="30.30221981" lon="120.06939632"><ele>55.875</ele><time>2026-09-17T12:16:50Z</time><sat>8</sat></trkpt>
  <trkpt lat="30.30221995" lon="120.06939635"><ele>55.886</ele><time>2026-09-17T12:16:53Z</time><sat>7</sat></trkpt>
  <trkpt lat="30.30222002" lon="120.06939637"><ele>55.889</ele><time>2026-09-17T12:16:56Z</time><sat>6</sat></trkpt>
  <trkpt lat="30.30222014" lon="120.06939639"><ele>55.888</ele><time>2026-09-17T12:16:59Z</time><sat>6</sat></trkpt>
  <trkpt lat="30.30222013" lon="120.06939639"><ele>55.882</ele><time>2026-09-17T12:17:02Z</time><sat>9</sat></trkpt>
  <trkpt lat="30.30222006" lon="120.06939635"><ele>55.864</ele><time>2026-09-17T12:17:05Z</time><sat>9</sat></trkpt>
  <trkpt lat="30.30222004" lon="120.06939632"><ele>55.877</ele><time>2026-09-17T12:17:08Z</time><sat>6</sat></trkpt>
  <trkpt lat="30.30222017" lon="120.06939637"><ele>55.892</ele><time>2026-09-17T12:17:11Z</time><sat>6</sat></trkpt>
  <trkpt lat="30.30222030" lon="120.06939642"><ele>55.898</ele><time>2026-09-17T12:17:14Z</time><sat>6</sat></trkpt>
  <trkpt lat="30.30222032" lon="120.06939638"><ele>55.899</ele><time>2026-09-17T12:17:17Z</time><sat>7</sat></trkpt>
  <trkpt lat="30.30222031" lon="120.06939635"><ele>55.909</ele><time>2026-09-17T12:17:20Z</time><sat>7</sat></trkpt>
  <trkpt lat="30.30222034" lon="120.06939633"><ele>55.919</ele><time>2026-09-17T12:17:23Z</time><sat>6</sat></trkpt>
  <trkpt lat="30.30222058" lon="120.06939640"><ele>55.949</ele><time>2026-09-17T12:17:26Z</time><sat>5</sat></trkpt>
  <trkpt lat="30.30222088" lon="120.06939650"><ele>55.971</ele><time>2026-09-17T12:17:29Z</time><sat>7</sat></trkpt>
  <trkpt lat="30.30222089" lon="120.06939648"><ele>55.990</ele><time>2026-09-17T12:17:32Z</time><sat>7</sat></trkpt>
  <trkpt lat="30.30222091" lon="120.06939645"><ele>56.000</ele><time>2026-09-17T12:17:35Z</time><sat>6</sat></trkpt>
  <trkpt lat="30.30222095" lon="120.06939646"><ele>56.004</ele><time>2026-09-17T12:17:38Z</time><sat>6</sat></trkpt>
  <trkpt lat="30.30222122" lon="120.06939650"><ele>56.009</ele><time>2026-09-17T12:17:41Z</time><sat>6</sat></trkpt>
  <trkpt lat="30.30222127" lon="120.06939650"><ele>56.018</ele><time>2026-09-17T12:17:44Z</time><sat>8</sat></trkpt>
  <trkpt lat="30.30222121" lon="120.06939648"><ele>56.024</ele><time>2026-09-17T12:17:47Z</time><sat>7</sat></trkpt>
  <trkpt lat="30.30222132" lon="120.06939654"><ele>56.024</ele><time>2026-09-17T12:17:50Z</time><sat>8</sat></trkpt>
  <trkpt lat="30.30222134" lon="120.06939651"><ele>56.018</ele><time>2026-09-17T12:17:53Z</time><sat>7</sat></trkpt>
  <trkpt lat="30.30222138" lon="120.06939653"><ele>56.010</ele><time>2026-09-17T12:17:56Z</time><sat>7</sat></trkpt>
  <trkpt lat="30.30222135" lon="120.06939652"><ele>56.019</ele><time>2026-09-17T12:17:59Z</time><sat>7</sat></trkpt>
  <trkpt lat="30.30222133" lon="120.06939651"><ele>56.026</ele><time>2026-09-17T12:18:02Z</time><sat>5</sat></trkpt>
  <trkpt lat="30.30222129" lon="120.06939647"><ele>56.034</ele><time>2026-09-17T12:18:05Z</time><sat>5</sat></trkpt>
  <trkpt lat="30.30222139" lon="120.06939650"><ele>56.026</ele><time>2026-09-17T12:18:08Z</time><sat>6</sat></trkpt>
  <trkpt lat="30.30222145" lon="120.06939652"><ele>56.034</ele><time>2026-09-17T12:18:11Z</time><sat>8</sat></trkpt>
  <trkpt lat="30.30222163" lon="120.06939643"><ele>56.010</ele><time>2026-09-17T12:18:14Z</time><sat>6</sat></trkpt>
  <trkpt lat="30.30222166" lon="120.06939645"><ele>55.992</ele><time>2026-09-17T12:18:17Z</time><sat>6</sat></trkpt>
  <trkpt lat="30.30222172" lon="120.06939646"><ele>55.996</ele><time>2026-09-17T12:18:20Z</time><sat>8</sat></trkpt>
  <trkpt lat="30.30222166" lon="120.06939647"><ele>56.009</ele><time>2026-09-17T12:18:23Z</time><sat>7</sat></trkpt>
  <trkpt lat="30.30222169" lon="120.06939647"><ele>56.000</ele><time>2026-09-17T12:18:26Z</time><sat>6</sat></trkpt>
  <trkpt lat="30.30222170" lon="120.06939647"><ele>55.993</ele><time>2026-09-17T12:18:29Z</time><sat>7</sat></trkpt>
  <trkpt lat="30.30222164" lon="120.06939644"><ele>55.999</ele><time>2026-09-17T12:18:32Z</time><sat>7</sat></trkpt>
  <trkpt lat="30.30222169" lon="120.06939645"><ele>55.993</ele><time>2026-09-17T12:18:35Z</time><sat>7</sat></trkpt>
  <trkpt lat="30.30222168" lon="120.06939645"><ele>55.998</ele><time>2026-09-17T12:18:38Z</time><sat>9</sat></trkpt>
  <trkpt lat="30.30222163" lon="120.06939638"><ele>56.006</ele><time>2026-09-17T12:18:41Z</time><sat>9</sat></trkpt>
  <trkpt lat="30.30222167" lon="120.06939641"><ele>56.019</ele><time>2026-09-17T12:18:44Z</time><sat>7</sat></trkpt>
  <trkpt lat="30.30222182" lon="120.06939643"><ele>56.018</ele><time>2026-09-17T12:18:47Z</time><sat>7</sat></trkpt>
  <trkpt lat="30.30222184" lon="120.06939640"><ele>55.993</ele><time>2026-09-17T12:18:50Z</time><sat>8</sat></trkpt>
  <trkpt lat="30.30222210" lon="120.06939645"><ele>56.017</ele><time>2026-09-17T12:18:53Z</time><sat>10</sat></trkpt>
  <trkpt lat="30.30222220" lon="120.06939643"><ele>56.042</ele><time>2026-09-17T12:18:56Z</time><sat>6</sat></trkpt>
  <trkpt lat="30.30222222" lon="120.06939636"><ele>56.038</ele><time>2026-09-17T12:18:59Z</time><sat>5</sat></trkpt>
  <trkpt lat="30.30222234" lon="120.06939631"><ele>56.018</ele><time>2026-09-17T12:19:02Z</time><sat>8</sat></trkpt>
  <trkpt lat="30.30222245" lon="120.06939632"><ele>56.015</ele><time>2026-09-17T12:19:05Z</time><sat>9</sat></trkpt>
  <trkpt lat="30.30222261" lon="120.06939638"><ele>56.037</ele><time>2026-09-17T12:19:08Z</time><sat>7</sat></trkpt>
  <trkpt lat="30.30222261" lon="120.06939635"><ele>56.024</ele><time>2026-09-17T12:19:11Z</time><sat>6</sat></trkpt>
  <trkpt lat="30.30222266" lon="120.06939635"><ele>56.018</ele><time>2026-09-17T12:19:14Z</time><sat>8</sat></trkpt>
  <trkpt lat="30.30222267" lon="120.06939628"><ele>55.995</ele><time>2026-09-17T12:19:17Z</time><sat>9</sat></trkpt>
  <trkpt lat="30.30222269" lon="120.06939628"><ele>55.992</ele><time>2026-09-17T12:19:20Z</time><sat>7</sat></trkpt>
  <trkpt lat="30.30222274" lon="120.06939631"><ele>56.004</ele><time>2026-09-17T12:19:23Z</time><sat>7</sat></trkpt>
  <trkpt lat="30.30222275" lon="120.06939632"><ele>55.993</ele><time>2026-09-17T12:19:26Z</time><sat>8</sat></trkpt>
  <trkpt lat="30.30222279" lon="120.06939634"><ele>55.989</ele><time>2026-09-17T12:19:29Z</time><sat>6</sat></trkpt>
  <trkpt lat="30.30222284" lon="120.06939637"><ele>55.984</ele><time>2026-09-17T12:19:32Z</time><sat>4</sat></trkpt>
  <trkpt lat="30.30222283" lon="120.06939636"><ele>55.987</ele><time>2026-09-17T12:19:35Z</time><sat>6</sat></trkpt>
  <trkpt lat="30.30222285" lon="120.06939636"><ele>55.989</ele><time>2026-09-17T12:19:38Z</time><sat>6</sat></trkpt>
  <trkpt lat="30.30222287" lon="120.06939636"><ele>55.998</ele><time>2026-09-17T12:19:41Z</time><sat>4</sat></trkpt>
  <trkpt lat="30.30222286" lon="120.06939636"><ele>55.997</ele><time>2026-09-17T12:19:44Z</time><sat>6</sat></trkpt>
  <trkpt lat="30.30222286" lon="120.06939635"><ele>55.981</ele><time>2026-09-17T12:19:47Z</time><sat>8</sat></trkpt>
  <trkpt lat="30.30222285" lon="120.06939635"><ele>55.980</ele><time>2026-09-17T12:19:50Z</time><sat>6</sat></trkpt>
  <trkpt lat="30.30222285" lon="120.06939635"><ele>55.988</ele><time>2026-09-17T12:19:53Z</time><sat>6</sat></trkpt>
  <trkpt lat="30.30222285" lon="120.06939636"><ele>55.985</ele><time>2026-09-17T12:19:56Z</time><sat>6</sat></trkpt>
  <trkpt lat="30.30222287" lon="120.06939635"><ele>55.980</ele><time>2026-09-17T12:19:59Z</time><sat>6</sat></trkpt>
  <trkpt lat="30.30222284" lon="120.06939633"><ele>55.987</ele><time>2026-09-17T12:20:02Z</time><sat>6</sat></trkpt>
  <trkpt lat="30.30222283" lon="120.06939634"><ele>55.981</ele><time>2026-09-17T12:20:05Z</time><sat>4</sat></trkpt>
  <trkpt lat="30.30222278" lon="120.06939631"><ele>55.996</ele><time>2026-09-17T12:20:08Z</time><sat>4</sat></trkpt>
  <trkpt lat="30.30222278" lon="120.06939630"><ele>56.003</ele><time>2026-09-17T12:20:11Z</time><sat>5</sat></trkpt>
  <trkpt lat="30.30222277" lon="120.06939630"><ele>55.999</ele><time>2026-09-17T12:20:14Z</time><sat>4</sat></trkpt>
  <trkpt lat="30.30222279" lon="120.06939631"><ele>55.996</ele><time>2026-09-17T12:20:17Z</time><sat>3</sat></trkpt>
  <trkpt lat="30.30222279" lon="120.06939631"><ele>55.996</ele><time>2026-09-17T12:20:20Z</time><sat>5</sat></trkpt>
  <trkpt lat="30.30222280" lon="120.06939632"><ele>55.992</ele><time>2026-09-17T12:20:23Z</time><sat>5</sat></trkpt>
  <trkpt lat="30.30222286" lon="120.06939634"><ele>55.992</ele><time>2026-09-17T12:20:26Z</time><sat>2</sat></trkpt>
  <trkpt lat="30.30222287" lon="120.06939632"><ele>56.007</ele><time>2026-09-17T12:20:32Z</time></trkpt>
  <trkpt lat="30.30222285" lon="120.06939630"><ele>56.011</ele><time>2026-09-17T12:20:36Z</time><sat>5</sat></trkpt>
  <trkpt lat="30.30222287" lon="120.06939630"><ele>56.021</ele><time>2026-09-17T12:20:39Z</time><sat>5</sat></trkpt>
  <trkpt lat="30.30222288" lon="120.06939629"><ele>56.032</ele><time>2026-09-17T12:20:42Z</time><sat>5</sat></trkpt>
  <trkpt lat="30.30222289" lon="120.06939628"><ele>56.046</ele><time>2026-09-17T12:20:45Z</time><sat>5</sat></trkpt>
  <trkpt lat="30.30222294" lon="120.06939627"><ele>56.029</ele><time>2026-09-17T12:20:48Z</time><sat>5</sat></trkpt>
  <trkpt lat="30.30222294" lon="120.06939627"><ele>56.029</ele><time>2026-09-17T12:20:51Z</time><sat>7</sat></trkpt>
  <trkpt lat="30.30222295" lon="120.06939627"><ele>56.036</ele><time>2026-09-17T12:20:54Z</time><sat>3</sat></trkpt>
  <trkpt lat="30.30222295" lon="120.06939627"><ele>56.036</ele><time>2026-09-17T12:20:57Z</time><sat>4</sat></trkpt>
  <trkpt lat="30.30222311" lon="120.06939621"><ele>55.986</ele><time>2026-09-17T12:21:00Z</time><sat>4</sat></trkpt>
  <trkpt lat="30.30222311" lon="120.06939620"><ele>55.986</ele><time>2026-09-17T12:21:03Z</time><sat>4</sat></trkpt>
  <trkpt lat="30.30222311" lon="120.06939619"><ele>55.987</ele><time>2026-09-17T12:21:06Z</time><sat>5</sat></trkpt>
  <trkpt lat="30.30222311" lon="120.06939619"><ele>55.987</ele><time>2026-09-17T12:21:09Z</time><sat>4</sat></trkpt>
  <trkpt lat="30.30220920" lon="120.06940335"><ele>58.738</ele><time>2026-09-17T12:21:44Z</time><sat>4</sat></trkpt>
  <trkpt lat="30.30220922" lon="120.06940334"><ele>58.734</ele><time>2026-09-17T12:21:47Z</time><sat>5</sat></trkpt>
  <trkpt lat="30.30220923" lon="120.06940334"><ele>58.743</ele><time>2026-09-17T12:21:50Z</time><sat>4</sat></trkpt>
  <trkpt lat="30.30220925" lon="120.06940334"><ele>58.745</ele><time>2026-09-17T12:21:53Z</time><sat>4</sat></trkpt>
  <trkpt lat="30.30220925" lon="120.06940334"><ele>58.748</ele><time>2026-09-17T12:21:56Z</time><sat>4</sat></trkpt>
  <trkpt lat="30.30220925" lon="120.06940334"><ele>58.748</ele><time>2026-09-17T12:21:59Z</time><sat>4</sat></trkpt>
  <trkpt lat="30.30220926" lon="120.06940331"><ele>58.762</ele><time>2026-09-17T12:22:02Z</time><sat>4</sat></trkpt>
  <trkpt lat="30.30220926" lon="120.06940329"><ele>58.772</ele><time>2026-09-17T12:22:05Z</time><sat>5</sat></trkpt>
  <trkpt lat="30.30220925" lon="120.06940325"><ele>58.787</ele><time>2026-09-17T12:22:08Z</time><sat>5</sat></trkpt>
  <trkpt lat="30.30220926" lon="120.06940325"><ele>58.787</ele><time>2026-09-17T12:22:11Z</time><sat>5</sat></trkpt>
  <trkpt lat="30.30220926" lon="120.06940323"><ele>58.792</ele><time>2026-09-17T12:22:14Z</time><sat>4</sat></trkpt>
  <trkpt lat="30.30220924" lon="120.06940324"><ele>58.793</ele><time>2026-09-17T12:22:17Z</time><sat>4</sat></trkpt>
  <trkpt lat="30.30220926" lon="120.06940322"><ele>58.800</ele><time>2026-09-17T12:22:20Z</time><sat>4</sat></trkpt>
  <trkpt lat="30.30220926" lon="120.06940323"><ele>58.802</ele><time>2026-09-17T12:22:23Z</time><sat>5</sat></trkpt>
  <trkpt lat="30.30220924" lon="120.06940323"><ele>58.802</ele><time>2026-09-17T12:22:26Z</time><sat>5</sat></trkpt>
  <trkpt lat="30.30220897" lon="120.06940346"><ele>58.875</ele><time>2026-09-17T12:22:29Z</time><sat>3</sat></trkpt>
  <trkpt lat="30.30220897" lon="120.06940347"><ele>58.890</ele><time>2026-09-17T12:22:32Z</time><sat>4</sat></trkpt>
  <trkpt lat="30.30220897" lon="120.06940347"><ele>58.888</ele><time>2026-09-17T12:22:35Z</time><sat>4</sat></trkpt>
  <trkpt lat="30.30220898" lon="120.06940344"><ele>58.883</ele><time>2026-09-17T12:22:38Z</time><sat>3</sat></trkpt>
  <trkpt lat="30.30220898" lon="120.06940346"><ele>58.884</ele><time>2026-09-17T12:22:41Z</time><sat>5</sat></trkpt>
  <trkpt lat="30.30220898" lon="120.06940345"><ele>58.885</ele><time>2026-09-17T12:22:44Z</time><sat>6</sat></trkpt>
  <trkpt lat="30.30220892" lon="120.06940343"><ele>58.901</ele><time>2026-09-17T12:22:47Z</time><sat>3</sat></trkpt>
  <trkpt lat="30.30220879" lon="120.06940344"><ele>58.935</ele><time>2026-09-17T12:22:50Z</time><sat>3</sat></trkpt>
  <trkpt lat="30.30220881" lon="120.06940343"><ele>58.921</ele><time>2026-09-17T12:22:53Z</time><sat>6</sat></trkpt>
  <trkpt lat="30.30220878" lon="120.06940340"><ele>58.915</ele><time>2026-09-17T12:22:56Z</time><sat>4</sat></trkpt>
  <trkpt lat="30.30220870" lon="120.06940341"><ele>58.912</ele><time>2026-09-17T12:22:59Z</time><sat>2</sat></trkpt>
  <trkpt lat="30.30220836" lon="120.06940346"><ele>59.053</ele><time>2026-09-17T12:23:02Z</time><sat>5</sat></trkpt>
  <trkpt lat="30.30220837" lon="120.06940346"><ele>59.053</ele><time>2026-09-17T12:23:05Z</time><sat>5</sat></trkpt>
  <trkpt lat="30.30220831" lon="120.06940345"><ele>59.061</ele><time>2026-09-17T12:23:08Z</time><sat>3</sat></trkpt>
  <trkpt lat="30.30220829" lon="120.06940346"><ele>59.054</ele><time>2026-09-17T12:23:11Z</time><sat>8</sat></trkpt>
  <trkpt lat="30.30220829" lon="120.06940346"><ele>59.055</ele><time>2026-09-17T12:23:14Z</time><sat>8</sat></trkpt>
  <trkpt lat="30.30220805" lon="120.06940355"><ele>59.132</ele><time>2026-09-17T12:23:18Z</time><sat>2</sat></trkpt>
  <trkpt lat="30.30220804" lon="120.06940354"><ele>59.135</ele><time>2026-09-17T12:23:23Z</time><sat>5</sat></trkpt>
  <trkpt lat="30.30220804" lon="120.06940354"><ele>59.136</ele><time>2026-09-17T12:23:26Z</time><sat>6</sat></trkpt>
  <trkpt lat="30.30234098" lon="120.06876082"><ele>27.144</ele><time>2026-09-17T12:26:45Z</time><sat>4</sat></trkpt>
  <trkpt lat="30.30228921" lon="120.06876154"><ele>30.181</ele><time>2026-09-17T12:26:48Z</time><sat>4</sat></trkpt>
  <trkpt lat="30.30229245" lon="120.06876142"><ele>29.997</ele><time>2026-09-17T12:26:51Z</time><sat>5</sat></trkpt>
  <trkpt lat="30.30228959" lon="120.06876002"><ele>29.540</ele><time>2026-09-17T12:26:54Z</time><sat>4</sat></trkpt>
  <trkpt lat="30.30146837" lon="120.06888318"><ele>21.129</ele><time>2026-09-17T12:28:12Z</time><sat>31</sat></trkpt>
  <trkpt lat="30.30149863" lon="120.06885282"><ele>19.438</ele><time>2026-09-17T12:28:15Z</time><sat>34</sat></trkpt>
  <trkpt lat="30.30149317" lon="120.06879946"><ele>17.544</ele><time>2026-09-17T12:28:18Z</time><sat>33</sat></trkpt>
  <trkpt lat="30.30147980" lon="120.06876848"><ele>16.728</ele><time>2026-09-17T12:28:21Z</time><sat>33</sat></trkpt>
  <trkpt lat="30.30150109" lon="120.06873293"><ele>17.768</ele><time>2026-09-17T12:28:24Z</time><sat>33</sat></trkpt>
  <trkpt lat="30.30151387" lon="120.06869246"><ele>17.546</ele><time>2026-09-17T12:28:27Z</time><sat>38</sat></trkpt>
  <trkpt lat="30.30150989" lon="120.06864547"><ele>18.830</ele><time>2026-09-17T12:28:30Z</time><sat>38</sat></trkpt>
  <trkpt lat="30.30151045" lon="120.06860000"><ele>18.955</ele><time>2026-09-17T12:28:33Z</time><sat>39</sat></trkpt>
  <trkpt lat="30.30150491" lon="120.06855632"><ele>18.531</ele><time>2026-09-17T12:28:36Z</time><sat>38</sat></trkpt>
  <trkpt lat="30.30151166" lon="120.06850674"><ele>21.475</ele><time>2026-09-17T12:28:39Z</time><sat>37</sat></trkpt>
  <trkpt lat="30.30150222" lon="120.06845867"><ele>21.339</ele><time>2026-09-17T12:28:42Z</time><sat>37</sat></trkpt>
  <trkpt lat="30.30148978" lon="120.06842430"><ele>19.237</ele><time>2026-09-17T12:28:45Z</time><sat>39</sat></trkpt>
  <trkpt lat="30.30147793" lon="120.06838770"><ele>17.823</ele><time>2026-09-17T12:28:48Z</time><sat>39</sat></trkpt>
  <trkpt lat="30.30147529" lon="120.06834838"><ele>17.001</ele><time>2026-09-17T12:28:51Z</time><sat>39</sat></trkpt>
  <trkpt lat="30.30147395" lon="120.06830490"><ele>14.851</ele><time>2026-09-17T12:28:54Z</time><sat>39</sat></trkpt>
  <trkpt lat="30.30147286" lon="120.06826592"><ele>14.708</ele><time>2026-09-17T12:28:57Z</time><sat>37</sat></trkpt>
  <trkpt lat="30.30147238" lon="120.06822499"><ele>12.919</ele><time>2026-09-17T12:29:00Z</time><sat>36</sat></trkpt>
  <trkpt lat="30.30147351" lon="120.06818188"><ele>11.231</ele><time>2026-09-17T12:29:03Z</time><sat>36</sat></trkpt>
  <trkpt lat="30.30147557" lon="120.06813670"><ele>9.758</ele><time>2026-09-17T12:29:06Z</time><sat>36</sat></trkpt>
  <trkpt lat="30.30147499" lon="120.06809455"><ele>9.185</ele><time>2026-09-17T12:29:09Z</time><sat>38</sat></trkpt>
  <trkpt lat="30.30148308" lon="120.06804850"><ele>8.556</ele><time>2026-09-17T12:29:12Z</time><sat>37</sat></trkpt>
  <trkpt lat="30.30149305" lon="120.06800338"><ele>8.058</ele><time>2026-09-17T12:29:15Z</time><sat>34</sat></trkpt>
  <trkpt lat="30.30149664" lon="120.06795444"><ele>8.254</ele><time>2026-09-17T12:29:18Z</time><sat>35</sat></trkpt>
  <trkpt lat="30.30149879" lon="120.06790705"><ele>7.478</ele><time>2026-09-17T12:29:21Z</time><sat>36</sat></trkpt>
  <trkpt lat="30.30150862" lon="120.06785881"><ele>7.910</ele><time>2026-09-17T12:29:24Z</time><sat>37</sat></trkpt>
  <trkpt lat="30.30152094" lon="120.06781079"><ele>8.128</ele><time>2026-09-17T12:29:27Z</time><sat>37</sat></trkpt>
  <trkpt lat="30.30152811" lon="120.06775980"><ele>10.355</ele><time>2026-09-17T12:29:30Z</time><sat>37</sat></trkpt>
  <trkpt lat="30.30153023" lon="120.06771565"><ele>14.043</ele><time>2026-09-17T12:29:33Z</time><sat>36</sat></trkpt>
  <trkpt lat="30.30153650" lon="120.06767128"><ele>15.378</ele><time>2026-09-17T12:29:36Z</time><sat>37</sat></trkpt>
  <trkpt lat="30.30154424" lon="120.06762936"><ele>19.541</ele><time>2026-09-17T12:29:39Z</time><sat>35</sat></trkpt>
  <trkpt lat="30.30155674" lon="120.06758800"><ele>20.627</ele><time>2026-09-17T12:29:42Z</time><sat>34</sat></trkpt>
  <trkpt lat="30.30157447" lon="120.06754130"><ele>22.479</ele><time>2026-09-17T12:29:45Z</time><sat>34</sat></trkpt>
  <trkpt lat="30.30158097" lon="120.06748999"><ele>21.895</ele><time>2026-09-17T12:29:48Z</time><sat>34</sat></trkpt>
  <trkpt lat="30.30158650" lon="120.06743055"><ele>17.545</ele><time>2026-09-17T12:29:51Z</time><sat>35</sat></trkpt>
  <trkpt lat="30.30158797" lon="120.06738118"><ele>18.167</ele><time>2026-09-17T12:29:54Z</time><sat>35</sat></trkpt>
  <trkpt lat="30.30158997" lon="120.06733454"><ele>18.458</ele><time>2026-09-17T12:29:57Z</time><sat>34</sat></trkpt>
  <trkpt lat="30.30158787" lon="120.06728474"><ele>17.461</ele><time>2026-09-17T12:30:00Z</time><sat>33</sat></trkpt>
  <trkpt lat="30.30158828" lon="120.06723671"><ele>18.768</ele><time>2026-09-17T12:30:03Z</time><sat>34</sat></trkpt>
  <trkpt lat="30.30157886" lon="120.06718936"><ele>15.805</ele><time>2026-09-17T12:30:06Z</time><sat>34</sat></trkpt>
  <trkpt lat="30.30156497" lon="120.06714528"><ele>14.445</ele><time>2026-09-17T12:30:09Z</time><sat>35</sat></trkpt>
  <trkpt lat="30.30154100" lon="120.06710450"><ele>16.095</ele><time>2026-09-17T12:30:12Z</time><sat>35</sat></trkpt>
  <trkpt lat="30.30153103" lon="120.06706281"><ele>16.463</ele><time>2026-09-17T12:30:15Z</time><sat>36</sat></trkpt>
  <trkpt lat="30.30153803" lon="120.06702506"><ele>15.688</ele><time>2026-09-17T12:30:18Z</time><sat>35</sat></trkpt>
  <trkpt lat="30.30152725" lon="120.06699434"><ele>15.367</ele><time>2026-09-17T12:30:21Z</time><sat>35</sat></trkpt>
  <trkpt lat="30.30155106" lon="120.06698001"><ele>13.949</ele><time>2026-09-17T12:30:24Z</time><sat>39</sat></trkpt>
  <trkpt lat="30.30157246" lon="120.06697138"><ele>12.077</ele><time>2026-09-17T12:30:27Z</time><sat>38</sat></trkpt>
  <trkpt lat="30.30159722" lon="120.06695285"><ele>11.736</ele><time>2026-09-17T12:30:30Z</time><sat>37</sat></trkpt>
  <trkpt lat="30.30160132" lon="120.06692429"><ele>12.952</ele><time>2026-09-17T12:30:33Z</time><sat>37</sat></trkpt>
  <trkpt lat="30.30165230" lon="120.06687405"><ele>12.052</ele><time>2026-09-17T12:30:38Z</time><sat>34</sat></trkpt>
  <trkpt lat="30.30168204" lon="120.06683950"><ele>11.508</ele><time>2026-09-17T12:30:41Z</time><sat>35</sat></trkpt>
  <trkpt lat="30.30172267" lon="120.06682361"><ele>11.311</ele><time>2026-09-17T12:30:44Z</time><sat>35</sat></trkpt>
  <trkpt lat="30.30175198" lon="120.06679937"><ele>10.997</ele><time>2026-09-17T12:30:47Z</time><sat>35</sat></trkpt>
  <trkpt lat="30.30178437" lon="120.06677408"><ele>11.010</ele><time>2026-09-17T12:30:50Z</time><sat>36</sat></trkpt>
  <trkpt lat="30.30181868" lon="120.06674567"><ele>10.995</ele><time>2026-09-17T12:30:53Z</time><sat>36</sat></trkpt>
  <trkpt lat="30.30185189" lon="120.06672405"><ele>10.404</ele><time>2026-09-17T12:30:56Z</time><sat>37</sat></trkpt>
  <trkpt lat="30.30188190" lon="120.06670942"><ele>10.515</ele><time>2026-09-17T12:30:59Z</time><sat>36</sat></trkpt>
  <trkpt lat="30.30190995" lon="120.06668864"><ele>9.871</ele><time>2026-09-17T12:31:02Z</time><sat>37</sat></trkpt>
  <trkpt lat="30.30194066" lon="120.06666471"><ele>9.896</ele><time>2026-09-17T12:31:05Z</time><sat>36</sat></trkpt>
  <trkpt lat="30.30197519" lon="120.06664224"><ele>10.091</ele><time>2026-09-17T12:31:08Z</time><sat>32</sat></trkpt>
  <trkpt lat="30.30200600" lon="120.06661830"><ele>8.996</ele><time>2026-09-17T12:31:11Z</time><sat>34</sat></trkpt>
  <trkpt lat="30.30203892" lon="120.06659123"><ele>9.097</ele><time>2026-09-17T12:31:14Z</time><sat>35</sat></trkpt>
  <trkpt lat="30.30206237" lon="120.06655466"><ele>7.741</ele><time>2026-09-17T12:31:17Z</time><sat>34</sat></trkpt>
  <trkpt lat="30.30209379" lon="120.06652346"><ele>5.691</ele><time>2026-09-17T12:31:20Z</time><sat>32</sat></trkpt>
  <trkpt lat="30.30213561" lon="120.06650645"><ele>9.037</ele><time>2026-09-17T12:31:23Z</time><sat>33</sat></trkpt>
  <trkpt lat="30.30216151" lon="120.06647674"><ele>8.933</ele><time>2026-09-17T12:31:26Z</time><sat>33</sat></trkpt>
  <trkpt lat="30.30221292" lon="120.06645261"><ele>7.986</ele><time>2026-09-17T12:31:29Z</time><sat>32</sat></trkpt>
  <trkpt lat="30.30225118" lon="120.06645301"><ele>8.095</ele><time>2026-09-17T12:31:32Z</time><sat>31</sat></trkpt>
  <trkpt lat="30.30228606" lon="120.06645866"><ele>6.563</ele><time>2026-09-17T12:31:35Z</time><sat>26</sat></trkpt>
  <trkpt lat="30.30233665" lon="120.06646270"><ele>5.220</ele><time>2026-09-17T12:31:38Z</time><sat>26</sat></trkpt>
  <trkpt lat="30.30238269" lon="120.06648399"><ele>5.156</ele><time>2026-09-17T12:31:41Z</time><sat>21</sat></trkpt>
  <trkpt lat="30.30241729" lon="120.06647329"><ele>4.530</ele><time>2026-09-17T12:31:44Z</time><sat>25</sat></trkpt>
  <trkpt lat="30.30239704" lon="120.06644919"><ele>5.654</ele><time>2026-09-17T12:31:47Z</time><sat>28</sat></trkpt>
  <trkpt lat="30.30241093" lon="120.06644068"><ele>5.864</ele><time>2026-09-17T12:31:50Z</time><sat>26</sat></trkpt>
  <trkpt lat="30.30242183" lon="120.06644640"><ele>5.721</ele><time>2026-09-17T12:31:53Z</time><sat>27</sat></trkpt>
  <trkpt lat="30.30241881" lon="120.06648782"><ele>8.036</ele><time>2026-09-17T12:31:56Z</time><sat>27</sat></trkpt>
  <trkpt lat="30.30241887" lon="120.06653276"><ele>9.275</ele><time>2026-09-17T12:31:59Z</time><sat>27</sat></trkpt>
  <trkpt lat="30.30241883" lon="120.06657651"><ele>10.438</ele><time>2026-09-17T12:32:02Z</time><sat>28</sat></trkpt>
  <trkpt lat="30.30240846" lon="120.06662531"><ele>12.389</ele><time>2026-09-17T12:32:05Z</time><sat>27</sat></trkpt>
  <trkpt lat="30.30241660" lon="120.06667575"><ele>13.143</ele><time>2026-09-17T12:32:08Z</time><sat>25</sat></trkpt>
  <trkpt lat="30.30244261" lon="120.06672633"><ele>17.449</ele><time>2026-09-17T12:32:11Z</time><sat>28</sat></trkpt>
  <trkpt lat="30.30246948" lon="120.06675523"><ele>17.447</ele><time>2026-09-17T12:32:14Z</time><sat>29</sat></trkpt>
  <trkpt lat="30.30251359" lon="120.06678494"><ele>17.733</ele><time>2026-09-17T12:32:17Z</time><sat>31</sat></trkpt>
  <trkpt lat="30.30254075" lon="120.06682169"><ele>16.932</ele><time>2026-09-17T12:32:20Z</time><sat>32</sat></trkpt>
  <trkpt lat="30.30257395" lon="120.06682470"><ele>15.184</ele><time>2026-09-17T12:32:23Z</time><sat>29</sat></trkpt>
  <trkpt lat="30.30260466" lon="120.06681768"><ele>13.709</ele><time>2026-09-17T12:32:26Z</time><sat>23</sat></trkpt>
  <trkpt lat="30.30259948" lon="120.06680274"><ele>14.891</ele><time>2026-09-17T12:32:29Z</time><sat>21</sat></trkpt>
  <trkpt lat="30.30259994" lon="120.06680185"><ele>14.397</ele><time>2026-09-17T12:32:32Z</time><sat>18</sat></trkpt>
  <trkpt lat="30.30260477" lon="120.06679251"><ele>14.491</ele><time>2026-09-17T12:32:35Z</time><sat>16</sat></trkpt>
  <trkpt lat="30.30260930" lon="120.06684090"><ele>12.574</ele><time>2026-09-17T12:32:38Z</time><sat>17</sat></trkpt>
  <trkpt lat="30.30256711" lon="120.06690649"><ele>10.037</ele><time>2026-09-17T12:32:41Z</time><sat>16</sat></trkpt>
  <trkpt lat="30.30253271" lon="120.06693285"><ele>10.629</ele><time>2026-09-17T12:32:44Z</time><sat>13</sat></trkpt>
  <trkpt lat="30.30250409" lon="120.06695558"><ele>10.459</ele><time>2026-09-17T12:32:47Z</time><sat>18</sat></trkpt>
  <trkpt lat="30.30244579" lon="120.06698214"><ele>10.122</ele><time>2026-09-17T12:32:51Z</time><sat>21</sat></trkpt>
  <trkpt lat="30.30241300" lon="120.06700742"><ele>10.122</ele><time>2026-09-17T12:32:54Z</time><sat>14</sat></trkpt>
  <trkpt lat="30.30239943" lon="120.06706231"><ele>5.550</ele><time>2026-09-17T12:32:57Z</time><sat>7</sat></trkpt>
  <trkpt lat="30.30250545" lon="120.06702960"><ele>1.173</ele><time>2026-09-17T12:33:00Z</time><sat>7</sat></trkpt>
  <trkpt lat="30.30254974" lon="120.06703379"><ele>-2.203</ele><time>2026-09-17T12:33:03Z</time><sat>9</sat></trkpt>
  <trkpt lat="30.30263245" lon="120.06699858"><ele>-8.735</ele><time>2026-09-17T12:33:06Z</time><sat>8</sat></trkpt>
  <trkpt lat="30.30274998" lon="120.06695080"><ele>-9.016</ele><time>2026-09-17T12:33:09Z</time><sat>14</sat></trkpt>
  <trkpt lat="30.30278824" lon="120.06692047"><ele>-6.951</ele><time>2026-09-17T12:33:12Z</time><sat>20</sat></trkpt>
  <trkpt lat="30.30280854" lon="120.06683921"><ele>-4.158</ele><time>2026-09-17T12:33:15Z</time><sat>20</sat></trkpt>
  <trkpt lat="30.30281116" lon="120.06680312"><ele>-2.900</ele><time>2026-09-17T12:33:18Z</time><sat>16</sat></trkpt>
  <trkpt lat="30.30281340" lon="120.06678482"><ele>-0.314</ele><time>2026-09-17T12:33:21Z</time><sat>21</sat></trkpt>
  <trkpt lat="30.30277597" lon="120.06671082"><ele>5.076</ele><time>2026-09-17T12:33:24Z</time><sat>24</sat></trkpt>
  <trkpt lat="30.30271522" lon="120.06660688"><ele>6.151</ele><time>2026-09-17T12:33:27Z</time><sat>26</sat></trkpt>
  <trkpt lat="30.30267321" lon="120.06655122"><ele>6.469</ele><time>2026-09-17T12:33:30Z</time><sat>29</sat></trkpt>
  <trkpt lat="30.30262102" lon="120.06651841"><ele>7.215</ele><time>2026-09-17T12:33:33Z</time><sat>33</sat></trkpt>
  <trkpt lat="30.30257917" lon="120.06652271"><ele>5.282</ele><time>2026-09-17T12:33:36Z</time><sat>33</sat></trkpt>
  <trkpt lat="30.30253138" lon="120.06651975"><ele>6.468</ele><time>2026-09-17T12:33:39Z</time><sat>30</sat></trkpt>
  <trkpt lat="30.30248651" lon="120.06649794"><ele>7.552</ele><time>2026-09-17T12:33:42Z</time><sat>27</sat></trkpt>
  <trkpt lat="30.30243628" lon="120.06647757"><ele>8.522</ele><time>2026-09-17T12:33:45Z</time><sat>27</sat></trkpt>
  <trkpt lat="30.30239010" lon="120.06645511"><ele>8.499</ele><time>2026-09-17T12:33:48Z</time><sat>27</sat></trkpt>
  <trkpt lat="30.30235097" lon="120.06644313"><ele>8.896</ele><time>2026-09-17T12:33:51Z</time><sat>26</sat></trkpt>
  <trkpt lat="30.30231588" lon="120.06643787"><ele>8.849</ele><time>2026-09-17T12:33:54Z</time><sat>25</sat></trkpt>
  <trkpt lat="30.30227664" lon="120.06643961"><ele>8.702</ele><time>2026-09-17T12:33:57Z</time><sat>24</sat></trkpt>
  <trkpt lat="30.30223967" lon="120.06644868"><ele>9.264</ele><time>2026-09-17T12:34:00Z</time><sat>26</sat></trkpt>
  <trkpt lat="30.30219474" lon="120.06646409"><ele>11.149</ele><time>2026-09-17T12:34:03Z</time><sat>27</sat></trkpt>
  <trkpt lat="30.30216386" lon="120.06649199"><ele>10.693</ele><time>2026-09-17T12:34:06Z</time><sat>27</sat></trkpt>
  <trkpt lat="30.30213231" lon="120.06652279"><ele>11.285</ele><time>2026-09-17T12:34:09Z</time><sat>31</sat></trkpt>
  <trkpt lat="30.30212112" lon="120.06656533"><ele>12.426</ele><time>2026-09-17T12:34:12Z</time><sat>36</sat></trkpt>
  <trkpt lat="30.30215290" lon="120.06660201"><ele>12.647</ele><time>2026-09-17T12:34:15Z</time><sat>36</sat></trkpt>
  <trkpt lat="30.30216604" lon="120.06664505"><ele>13.090</ele><time>2026-09-17T12:34:18Z</time><sat>36</sat></trkpt>
  <trkpt lat="30.30216944" lon="120.06668500"><ele>12.732</ele><time>2026-09-17T12:34:21Z</time><sat>35</sat></trkpt>
  <trkpt lat="30.30217157" lon="120.06672954"><ele>13.343</ele><time>2026-09-17T12:34:24Z</time><sat>32</sat></trkpt>
  <trkpt lat="30.30217418" lon="120.06677245"><ele>13.743</ele><time>2026-09-17T12:34:27Z</time><sat>34</sat></trkpt>
  <trkpt lat="30.30217406" lon="120.06681640"><ele>14.011</ele><time>2026-09-17T12:34:30Z</time><sat>34</sat></trkpt>
  <trkpt lat="30.30217750" lon="120.06686100"><ele>14.098</ele><time>2026-09-17T12:34:33Z</time><sat>35</sat></trkpt>
  <trkpt lat="30.30217532" lon="120.06689994"><ele>14.174</ele><time>2026-09-17T12:34:36Z</time><sat>36</sat></trkpt>
  <trkpt lat="30.30217314" lon="120.06694233"><ele>14.558</ele><time>2026-09-17T12:34:39Z</time><sat>35</sat></trkpt>
  <trkpt lat="30.30217091" lon="120.06698397"><ele>14.049</ele><time>2026-09-17T12:34:42Z</time><sat>34</sat></trkpt>
  <trkpt lat="30.30216993" lon="120.06702724"><ele>13.845</ele><time>2026-09-17T12:34:45Z</time><sat>34</sat></trkpt>
  <trkpt lat="30.30217177" lon="120.06707364"><ele>13.614</ele><time>2026-09-17T12:34:48Z</time><sat>35</sat></trkpt>
  <trkpt lat="30.30217122" lon="120.06712533"><ele>13.708</ele><time>2026-09-17T12:34:51Z</time><sat>35</sat></trkpt>
  <trkpt lat="30.30216246" lon="120.06716911"><ele>13.747</ele><time>2026-09-17T12:34:54Z</time><sat>37</sat></trkpt>
  <trkpt lat="30.30215593" lon="120.06721786"><ele>14.772</ele><time>2026-09-17T12:34:57Z</time><sat>36</sat></trkpt>
  <trkpt lat="30.30213401" lon="120.06725945"><ele>15.151</ele><time>2026-09-17T12:35:00Z</time><sat>38</sat></trkpt>
  <trkpt lat="30.30211017" lon="120.06729391"><ele>15.340</ele><time>2026-09-17T12:35:03Z</time><sat>38</sat></trkpt>
  <trkpt lat="30.30209517" lon="120.06732843"><ele>14.562</ele><time>2026-09-17T12:35:06Z</time><sat>38</sat></trkpt>
  <trkpt lat="30.30208426" lon="120.06736227"><ele>14.581</ele><time>2026-09-17T12:35:09Z</time><sat>39</sat></trkpt>
  <trkpt lat="30.30207570" lon="120.06740212"><ele>15.265</ele><time>2026-09-17T12:35:12Z</time><sat>37</sat></trkpt>
  <trkpt lat="30.30204035" lon="120.06741864"><ele>15.190</ele><time>2026-09-17T12:35:15Z</time><sat>37</sat></trkpt>
  <trkpt lat="30.30200108" lon="120.06740826"><ele>14.771</ele><time>2026-09-17T12:35:18Z</time><sat>38</sat></trkpt>
  <trkpt lat="30.30195716" lon="120.06739327"><ele>14.650</ele><time>2026-09-17T12:35:21Z</time><sat>37</sat></trkpt>
  <trkpt lat="30.30191650" lon="120.06737756"><ele>14.831</ele><time>2026-09-17T12:35:24Z</time><sat>36</sat></trkpt>
  <trkpt lat="30.30187931" lon="120.06739073"><ele>15.320</ele><time>2026-09-17T12:35:27Z</time><sat>32</sat></trkpt>
  <trkpt lat="30.30187169" lon="120.06744010"><ele>12.970</ele><time>2026-09-17T12:35:30Z</time><sat>31</sat></trkpt>
  <trkpt lat="30.30186487" lon="120.06748443"><ele>11.337</ele><time>2026-09-17T12:35:33Z</time><sat>31</sat></trkpt>
  <trkpt lat="30.30185966" lon="120.06752960"><ele>10.733</ele><time>2026-09-17T12:35:36Z</time><sat>27</sat></trkpt>
  <trkpt lat="30.30184759" lon="120.06757247"><ele>8.922</ele><time>2026-09-17T12:35:39Z</time><sat>27</sat></trkpt>
  <trkpt lat="30.30182594" lon="120.06760982"><ele>7.174</ele><time>2026-09-17T12:35:42Z</time><sat>29</sat></trkpt>
  <trkpt lat="30.30179474" lon="120.06762677"><ele>6.290</ele><time>2026-09-17T12:35:45Z</time><sat>28</sat></trkpt>
  <trkpt lat="30.30176556" lon="120.06762582"><ele>7.194</ele><time>2026-09-17T12:35:48Z</time><sat>27</sat></trkpt>
  <trkpt lat="30.30174595" lon="120.06763357"><ele>8.446</ele><time>2026-09-17T12:35:51Z</time><sat>30</sat></trkpt>
  <trkpt lat="30.30176166" lon="120.06762602"><ele>8.477</ele><time>2026-09-17T12:35:54Z</time><sat>30</sat></trkpt>
  <trkpt lat="30.30174725" lon="120.06766045"><ele>10.191</ele><time>2026-09-17T12:35:57Z</time><sat>30</sat></trkpt>
  <trkpt lat="30.30178129" lon="120.06769251"><ele>10.499</ele><time>2026-09-17T12:36:00Z</time><sat>30</sat></trkpt>
  <trkpt lat="30.30184870" lon="120.06772773"><ele>11.418</ele><time>2026-09-17T12:36:03Z</time><sat>32</sat></trkpt>
  <trkpt lat="30.30191481" lon="120.06773839"><ele>8.246</ele><time>2026-09-17T12:36:06Z</time><sat>32</sat></trkpt>
  <trkpt lat="30.30196656" lon="120.06777474"><ele>10.613</ele><time>2026-09-17T12:36:09Z</time><sat>35</sat></trkpt>
  <trkpt lat="30.30200176" lon="120.06780373"><ele>13.295</ele><time>2026-09-17T12:36:12Z</time><sat>36</sat></trkpt>
  <trkpt lat="30.30199081" lon="120.06781841"><ele>13.455</ele><time>2026-09-17T12:36:15Z</time><sat>36</sat></trkpt>
  <trkpt lat="30.30197320" lon="120.06782798"><ele>13.611</ele><time>2026-09-17T12:36:18Z</time><sat>24</sat></trkpt>
  <trkpt lat="30.30197372" lon="120.06782840"><ele>13.613</ele><time>2026-09-17T12:36:21Z</time><sat>7</sat></trkpt>
  <trkpt lat="30.30197386" lon="120.06782852"><ele>13.615</ele><time>2026-09-17T12:36:24Z</time></trkpt>
  <trkpt lat="30.30197250" lon="120.06783977"><ele>13.587</ele><time>2026-09-17T12:36:27Z</time></trkpt>
  <trkpt lat="30.30197181" lon="120.06784542"><ele>13.568</ele><time>2026-09-17T12:36:30Z</time><sat>1</sat></trkpt>
  <trkpt lat="30.30197158" lon="120.06784738"><ele>13.569</ele><time>2026-09-17T12:36:33Z</time><sat>1</sat></trkpt>
  <trkpt lat="30.30197157" lon="120.06784742"><ele>13.569</ele><time>2026-09-17T12:36:36Z</time></trkpt>
  <trkpt lat="30.30197157" lon="120.06784742"><ele>13.569</ele><time>2026-09-17T12:36:39Z</time></trkpt>
  <trkpt lat="30.30197157" lon="120.06784742"><ele>13.569</ele><time>2026-09-17T12:36:42Z</time></trkpt>
  <trkpt lat="30.30197157" lon="120.06784742"><ele>13.569</ele><time>2026-09-17T12:36:45Z</time></trkpt>
  <trkpt lat="30.30197157" lon="120.06784742"><ele>13.569</ele><time>2026-09-17T12:36:48Z</time></trkpt>
  <trkpt lat="30.30197157" lon="120.06784742"><ele>13.569</ele><time>2026-09-17T12:36:51Z</time></trkpt>
  <trkpt lat="30.30197157" lon="120.06784742"><ele>13.569</ele><time>2026-09-17T12:36:54Z</time></trkpt>
  <trkpt lat="30.30197157" lon="120.06784742"><ele>13.569</ele><time>2026-09-17T12:36:57Z</time></trkpt>
  <trkpt lat="30.30197157" lon="120.06784742"><ele>13.569</ele><time>2026-09-17T12:37:00Z</time></trkpt>
  <trkpt lat="30.30197157" lon="120.06784742"><ele>13.569</ele><time>2026-09-17T12:37:03Z</time></trkpt>
  <trkpt lat="30.30197157" lon="120.06784742"><ele>13.569</ele><time>2026-09-17T12:37:06Z</time></trkpt>
  <trkpt lat="30.30197157" lon="120.06784742"><ele>13.569</ele><time>2026-09-17T12:37:09Z</time></trkpt>
  <trkpt lat="30.30197157" lon="120.06784742"><ele>13.569</ele><time>2026-09-17T12:37:12Z</time></trkpt>
  <trkpt lat="30.30216765" lon="120.06779399"><ele>17.839</ele><time>2026-09-17T12:38:53Z</time><sat>28</sat></trkpt>
  <trkpt lat="30.30224872" lon="120.06776827"><ele>18.713</ele><time>2026-09-17T12:38:56Z</time><sat>30</sat></trkpt>
  <trkpt lat="30.30221255" lon="120.06771552"><ele>13.638</ele><time>2026-09-17T12:38:59Z</time><sat>31</sat></trkpt>
  <trkpt lat="30.30218896" lon="120.06767753"><ele>13.584</ele><time>2026-09-17T12:39:02Z</time><sat>30</sat></trkpt>
  <trkpt lat="30.30216990" lon="120.06762075"><ele>8.643</ele><time>2026-09-17T12:39:05Z</time><sat>30</sat></trkpt>
  <trkpt lat="30.30213473" lon="120.06759835"><ele>8.638</ele><time>2026-09-17T12:39:08Z</time><sat>28</sat></trkpt>
  <trkpt lat="30.30208553" lon="120.06761250"><ele>7.512</ele><time>2026-09-17T12:39:11Z</time><sat>27</sat></trkpt>
  <trkpt lat="30.30203493" lon="120.06762312"><ele>7.400</ele><time>2026-09-17T12:39:14Z</time><sat>27</sat></trkpt>
  <trkpt lat="30.30202802" lon="120.06760635"><ele>7.898</ele><time>2026-09-17T12:39:17Z</time><sat>22</sat></trkpt>
  <trkpt lat="30.30203073" lon="120.06760193"><ele>7.903</ele><time>2026-09-17T12:39:20Z</time><sat>17</sat></trkpt>
  <trkpt lat="30.30203702" lon="120.06759683"><ele>5.478</ele><time>2026-09-17T12:39:23Z</time><sat>18</sat></trkpt>
  <trkpt lat="30.30203780" lon="120.06759621"><ele>5.478</ele><time>2026-09-17T12:39:26Z</time><sat>13</sat></trkpt>
  <trkpt lat="30.30203788" lon="120.06759614"><ele>5.478</ele><time>2026-09-17T12:39:29Z</time><sat>3</sat></trkpt>
  <trkpt lat="30.30203788" lon="120.06759614"><ele>5.478</ele><time>2026-09-17T12:39:32Z</time></trkpt>
  <trkpt lat="30.30203788" lon="120.06759614"><ele>5.478</ele><time>2026-09-17T12:39:35Z</time></trkpt>
  <trkpt lat="30.30203788" lon="120.06759614"><ele>5.478</ele><time>2026-09-17T12:39:38Z</time></trkpt>
  <trkpt lat="30.30203788" lon="120.06759614"><ele>5.478</ele><time>2026-09-17T12:39:41Z</time></trkpt>
  <trkpt lat="30.30203788" lon="120.06759614"><ele>5.478</ele><time>2026-09-17T12:39:44Z</time></trkpt>
  <trkpt lat="30.30203788" lon="120.06759614"><ele>5.478</ele><time>2026-09-17T12:39:47Z</time></trkpt>
  <trkpt lat="30.30203788" lon="120.06759614"><ele>5.478</ele><time>2026-09-17T12:39:50Z</time></trkpt>
  <trkpt lat="30.30203788" lon="120.06759614"><ele>5.478</ele><time>2026-09-17T12:39:53Z</time></trkpt>
  <trkpt lat="30.30203788" lon="120.06759614"><ele>5.478</ele><time>2026-09-17T12:39:56Z</time></trkpt>
  <trkpt lat="30.30202841" lon="120.06761615"><ele>5.085</ele><time>2026-09-17T12:39:59Z</time></trkpt>
  <trkpt lat="30.30201842" lon="120.06763684"><ele>4.765</ele><time>2026-09-17T12:40:02Z</time><sat>1</sat></trkpt>
  <trkpt lat="30.30201718" lon="120.06764090"><ele>4.742</ele><time>2026-09-17T12:40:05Z</time><sat>3</sat></trkpt>
  <trkpt lat="30.30201477" lon="120.06764361"><ele>4.644</ele><time>2026-09-17T12:40:08Z</time><sat>4</sat></trkpt>
  <trkpt lat="30.30201411" lon="120.06764383"><ele>4.611</ele><time>2026-09-17T12:40:11Z</time><sat>6</sat></trkpt>
  <trkpt lat="30.30201393" lon="120.06764391"><ele>4.611</ele><time>2026-09-17T12:40:14Z</time><sat>4</sat></trkpt>
  <trkpt lat="30.30201472" lon="120.06764507"><ele>4.646</ele><time>2026-09-17T12:40:17Z</time><sat>1</sat></trkpt>
  <trkpt lat="30.30194058" lon="120.06780678"><ele>5.510</ele><time>2026-09-17T12:42:16Z</time><sat>3</sat></trkpt>
  <trkpt lat="30.30195948" lon="120.06783544"><ele>5.899</ele><time>2026-09-17T12:42:37Z</time><sat>3</sat></trkpt>
  <trkpt lat="30.30195511" lon="120.06783545"><ele>4.441</ele><time>2026-09-17T12:42:56Z</time><sat>5</sat></trkpt>
  <trkpt lat="30.30195368" lon="120.06783937"><ele>4.428</ele><time>2026-09-17T12:42:59Z</time><sat>4</sat></trkpt>
  <trkpt lat="30.30195271" lon="120.06783982"><ele>4.327</ele><time>2026-09-17T12:43:02Z</time><sat>5</sat></trkpt>
  <trkpt lat="30.30195334" lon="120.06783955"><ele>4.342</ele><time>2026-09-17T12:43:05Z</time><sat>4</sat></trkpt>
  <trkpt lat="30.30195254" lon="120.06783368"><ele>4.370</ele><time>2026-09-17T12:43:12Z</time></trkpt>
  <trkpt lat="30.30195154" lon="120.06783482"><ele>4.330</ele><time>2026-09-17T12:43:16Z</time><sat>5</sat></trkpt>
  <trkpt lat="30.30195110" lon="120.06783595"><ele>4.186</ele><time>2026-09-17T12:43:19Z</time><sat>5</sat></trkpt>
  <trkpt lat="30.30200609" lon="120.06780954"><ele>7.269</ele><time>2026-09-17T13:04:33Z</time><sat>2</sat></trkpt>
  <trkpt lat="30.30196012" lon="120.06780250"><ele>9.738</ele><time>2026-09-17T13:08:24Z</time><sat>2</sat></trkpt>
  <trkpt lat="30.30201128" lon="120.06786820"><ele>-4.439</ele><time>2026-09-17T13:08:45Z</time><sat>5</sat></trkpt>
  <trkpt lat="30.30218547" lon="120.06797844"><ele>-7.870</ele><time>2026-09-17T13:08:48Z</time><sat>3</sat></trkpt>
  <trkpt lat="30.30229100" lon="120.06801615"><ele>-9.970</ele><time>2026-09-17T13:08:51Z</time><sat>3</sat></trkpt>
  <trkpt lat="30.30203253" lon="120.06792014"><ele>-19.141</ele><time>2026-09-17T13:09:12Z</time><sat>3</sat></trkpt>
  <trkpt lat="30.30219775" lon="120.06812424"><ele>-19.457</ele><time>2026-09-17T13:09:15Z</time><sat>3</sat></trkpt>
  <trkpt lat="30.30209310" lon="120.06790119"><ele>-18.033</ele><time>2026-09-17T13:09:36Z</time><sat>3</sat></trkpt>
  <trkpt lat="30.30205787" lon="120.06794140"><ele>-9.890</ele><time>2026-09-17T13:09:39Z</time><sat>3</sat></trkpt>
  <trkpt lat="30.30210510" lon="120.06785872"><ele>-9.843</ele><time>2026-09-17T13:09:42Z</time><sat>5</sat></trkpt>
  <trkpt lat="30.30215187" lon="120.06787438"><ele>-7.602</ele><time>2026-09-17T13:09:45Z</time><sat>5</sat></trkpt>
  <trkpt lat="30.30214609" lon="120.06784048"><ele>-5.952</ele><time>2026-09-17T13:09:48Z</time><sat>4</sat></trkpt>
  <trkpt lat="30.30204673" lon="120.06782244"><ele>-5.778</ele><time>2026-09-17T13:09:51Z</time><sat>4</sat></trkpt>
  <trkpt lat="30.30203416" lon="120.06780528"><ele>-6.162</ele><time>2026-09-17T13:09:54Z</time><sat>4</sat></trkpt>
  <trkpt lat="30.30202535" lon="120.06783746"><ele>-5.578</ele><time>2026-09-17T13:09:57Z</time><sat>3</sat></trkpt>
  <trkpt lat="30.30203063" lon="120.06786563"><ele>-5.331</ele><time>2026-09-17T13:10:00Z</time><sat>4</sat></trkpt>
  <trkpt lat="30.30203631" lon="120.06789964"><ele>-5.189</ele><time>2026-09-17T13:10:03Z</time><sat>4</sat></trkpt>
  <trkpt lat="30.30209833" lon="120.06781991"><ele>-5.485</ele><time>2026-09-17T13:10:06Z</time><sat>4</sat></trkpt>
  <trkpt lat="30.30211084" lon="120.06779484"><ele>-5.254</ele><time>2026-09-17T13:10:09Z</time><sat>4</sat></trkpt>
  <trkpt lat="30.30210885" lon="120.06756013"><ele>-11.336</ele><time>2026-09-17T13:10:45Z</time><sat>4</sat></trkpt>
  <trkpt lat="30.30210356" lon="120.06763043"><ele>-8.231</ele><time>2026-09-17T13:10:48Z</time><sat>4</sat></trkpt>
  <trkpt lat="30.30210823" lon="120.06771604"><ele>-12.407</ele><time>2026-09-17T13:10:51Z</time><sat>4</sat></trkpt>
  <trkpt lat="30.30210561" lon="120.06774895"><ele>-12.434</ele><time>2026-09-17T13:10:54Z</time><sat>4</sat></trkpt>
  <trkpt lat="30.30206527" lon="120.06779623"><ele>-11.930</ele><time>2026-09-17T13:10:57Z</time><sat>5</sat></trkpt>
  <trkpt lat="30.30210279" lon="120.06776460"><ele>-12.753</ele><time>2026-09-17T13:11:00Z</time><sat>4</sat></trkpt>
  <trkpt lat="30.30210147" lon="120.06781330"><ele>-19.190</ele><time>2026-09-17T13:11:03Z</time><sat>3</sat></trkpt>
  <trkpt lat="30.30219543" lon="120.06783033"><ele>-18.713</ele><time>2026-09-17T13:11:06Z</time><sat>4</sat></trkpt>
  <trkpt lat="30.30197004" lon="120.06784077"><ele>2.241</ele><time>2026-09-17T13:15:18Z</time><sat>2</sat></trkpt>
  <trkpt lat="30.30194535" lon="120.06779805"><ele>-0.837</ele><time>2026-09-17T13:15:39Z</time><sat>2</sat></trkpt>
  <trkpt lat="30.30193287" lon="120.06776598"><ele>0.451</ele><time>2026-09-17T13:15:44Z</time></trkpt>
  <trkpt lat="30.30194304" lon="120.06778346"><ele>1.582</ele><time>2026-09-17T13:15:48Z</time><sat>2</sat></trkpt>
  <trkpt lat="30.30195690" lon="120.06781034"><ele>5.897</ele><time>2026-09-17T13:15:51Z</time><sat>2</sat></trkpt>
  <trkpt lat="30.30152323" lon="120.06856312"><ele>17.382</ele><time>2026-09-17T13:29:35Z</time><sat>37</sat></trkpt>
  <trkpt lat="30.30144998" lon="120.06859747"><ele>16.647</ele><time>2026-09-17T13:29:38Z</time><sat>39</sat></trkpt>
  <trkpt lat="30.30145186" lon="120.06860052"><ele>14.872</ele><time>2026-09-17T13:29:41Z</time><sat>40</sat></trkpt>
  <trkpt lat="30.30146316" lon="120.06861055"><ele>15.513</ele><time>2026-09-17T13:29:44Z</time><sat>40</sat></trkpt>
  <trkpt lat="30.30144242" lon="120.06862087"><ele>16.430</ele><time>2026-09-17T13:29:47Z</time><sat>40</sat></trkpt>
  <trkpt lat="30.30143286" lon="120.06864317"><ele>17.083</ele><time>2026-09-17T13:29:50Z</time><sat>39</sat></trkpt>
  <trkpt lat="30.30138264" lon="120.06866399"><ele>17.134</ele><time>2026-09-17T13:29:53Z</time><sat>40</sat></trkpt>
  <trkpt lat="30.30126742" lon="120.06871318"><ele>14.725</ele><time>2026-09-17T13:29:56Z</time><sat>40</sat></trkpt>
  <trkpt lat="30.30112602" lon="120.06879642"><ele>14.230</ele><time>2026-09-17T13:29:59Z</time><sat>39</sat></trkpt>
  <trkpt lat="30.30097079" lon="120.06888895"><ele>15.204</ele><time>2026-09-17T13:30:02Z</time><sat>39</sat></trkpt>
  <trkpt lat="30.30082323" lon="120.06897437"><ele>15.796</ele><time>2026-09-17T13:30:05Z</time><sat>39</sat></trkpt>
  <trkpt lat="30.30068592" lon="120.06904306"><ele>15.366</ele><time>2026-09-17T13:30:08Z</time><sat>38</sat></trkpt>
  <trkpt lat="30.30054218" lon="120.06912328"><ele>15.230</ele><time>2026-09-17T13:30:11Z</time><sat>39</sat></trkpt>
  <trkpt lat="30.30040840" lon="120.06920227"><ele>14.684</ele><time>2026-09-17T13:30:14Z</time><sat>38</sat></trkpt>
  <trkpt lat="30.30029052" lon="120.06927671"><ele>15.358</ele><time>2026-09-17T13:30:17Z</time><sat>41</sat></trkpt>
  <trkpt lat="30.30017173" lon="120.06932396"><ele>16.160</ele><time>2026-09-17T13:30:20Z</time><sat>40</sat></trkpt>
  <trkpt lat="30.30004774" lon="120.06937381"><ele>15.491</ele><time>2026-09-17T13:30:23Z</time><sat>40</sat></trkpt>
  <trkpt lat="30.29992721" lon="120.06942870"><ele>14.001</ele><time>2026-09-17T13:30:26Z</time><sat>41</sat></trkpt>
  <trkpt lat="30.29982452" lon="120.06953686"><ele>14.755</ele><time>2026-09-17T13:30:29Z</time><sat>40</sat></trkpt>
  <trkpt lat="30.29975368" lon="120.06966122"><ele>13.877</ele><time>2026-09-17T13:30:32Z</time><sat>40</sat></trkpt>
  <trkpt lat="30.29970511" lon="120.06980495"><ele>13.484</ele><time>2026-09-17T13:30:35Z</time><sat>41</sat></trkpt>
  <trkpt lat="30.29969103" lon="120.06995457"><ele>12.044</ele><time>2026-09-17T13:30:38Z</time><sat>42</sat></trkpt>
  <trkpt lat="30.29968961" lon="120.07009003"><ele>11.858</ele><time>2026-09-17T13:30:41Z</time><sat>42</sat></trkpt>
  <trkpt lat="30.29969582" lon="120.07016875"><ele>11.730</ele><time>2026-09-17T13:30:44Z</time><sat>42</sat></trkpt>
  <trkpt lat="30.29973515" lon="120.07026693"><ele>11.586</ele><time>2026-09-17T13:30:47Z</time><sat>41</sat></trkpt>
  <trkpt lat="30.29973444" lon="120.07031713"><ele>12.053</ele><time>2026-09-17T13:30:50Z</time><sat>41</sat></trkpt>
  <trkpt lat="30.29973583" lon="120.07031391"><ele>11.638</ele><time>2026-09-17T13:30:53Z</time><sat>42</sat></trkpt>
  <trkpt lat="30.29974396" lon="120.07031442"><ele>10.175</ele><time>2026-09-17T13:30:56Z</time><sat>41</sat></trkpt>
  <trkpt lat="30.29977874" lon="120.07038061"><ele>10.034</ele><time>2026-09-17T13:30:59Z</time><sat>40</sat></trkpt>
  <trkpt lat="30.29979958" lon="120.07057250"><ele>9.228</ele><time>2026-09-17T13:31:02Z</time><sat>40</sat></trkpt>
  <trkpt lat="30.29979948" lon="120.07081875"><ele>9.359</ele><time>2026-09-17T13:31:05Z</time><sat>39</sat></trkpt>
  <trkpt lat="30.29979576" lon="120.07104752"><ele>10.514</ele><time>2026-09-17T13:31:08Z</time><sat>39</sat></trkpt>
  <trkpt lat="30.29979261" lon="120.07121244"><ele>11.535</ele><time>2026-09-17T13:31:11Z</time><sat>39</sat></trkpt>
  <trkpt lat="30.29978991" lon="120.07139977"><ele>12.699</ele><time>2026-09-17T13:31:14Z</time><sat>38</sat></trkpt>
  <trkpt lat="30.29976072" lon="120.07166033"><ele>13.407</ele><time>2026-09-17T13:31:17Z</time><sat>35</sat></trkpt>
  <trkpt lat="30.29969566" lon="120.07192952"><ele>14.817</ele><time>2026-09-17T13:31:20Z</time><sat>37</sat></trkpt>
  <trkpt lat="30.29961473" lon="120.07220491"><ele>15.993</ele><time>2026-09-17T13:31:23Z</time><sat>34</sat></trkpt>
  <trkpt lat="30.29953583" lon="120.07247140"><ele>15.923</ele><time>2026-09-17T13:31:26Z</time><sat>36</sat></trkpt>
  <trkpt lat="30.29945687" lon="120.07272254"><ele>14.672</ele><time>2026-09-17T13:31:29Z</time><sat>35</sat></trkpt>
  <trkpt lat="30.29938509" lon="120.07302975"><ele>14.481</ele><time>2026-09-17T13:31:32Z</time><sat>37</sat></trkpt>
  <trkpt lat="30.29933523" lon="120.07335175"><ele>15.120</ele><time>2026-09-17T13:31:35Z</time><sat>37</sat></trkpt>
  <trkpt lat="30.29931659" lon="120.07364991"><ele>14.421</ele><time>2026-09-17T13:31:38Z</time><sat>36</sat></trkpt>
  <trkpt lat="30.29931985" lon="120.07396516"><ele>14.081</ele><time>2026-09-17T13:31:41Z</time><sat>34</sat></trkpt>
  <trkpt lat="30.29932204" lon="120.07425109"><ele>13.471</ele><time>2026-09-17T13:31:44Z</time><sat>36</sat></trkpt>
  <trkpt lat="30.29932209" lon="120.07455384"><ele>13.559</ele><time>2026-09-17T13:31:47Z</time><sat>36</sat></trkpt>
  <trkpt lat="30.29931716" lon="120.07481769"><ele>12.215</ele><time>2026-09-17T13:31:50Z</time><sat>37</sat></trkpt>
  <trkpt lat="30.29931606" lon="120.07505949"><ele>13.455</ele><time>2026-09-17T13:31:53Z</time><sat>37</sat></trkpt>
  <trkpt lat="30.29932040" lon="120.07530889"><ele>14.482</ele><time>2026-09-17T13:31:56Z</time><sat>36</sat></trkpt>
  <trkpt lat="30.29929805" lon="120.07551064"><ele>14.242</ele><time>2026-09-17T13:31:59Z</time><sat>37</sat></trkpt>
  <trkpt lat="30.29929204" lon="120.07563522"><ele>13.734</ele><time>2026-09-17T13:32:02Z</time><sat>37</sat></trkpt>
  <trkpt lat="30.29929353" lon="120.07565714"><ele>14.099</ele><time>2026-09-17T13:32:05Z</time><sat>36</sat></trkpt>
  <trkpt lat="30.29929327" lon="120.07565930"><ele>14.250</ele><time>2026-09-17T13:32:08Z</time><sat>32</sat></trkpt>
  <trkpt lat="30.29928934" lon="120.07566043"><ele>14.265</ele><time>2026-09-17T13:32:11Z</time><sat>25</sat></trkpt>
  <trkpt lat="30.29928831" lon="120.07566015"><ele>14.344</ele><time>2026-09-17T13:32:14Z</time><sat>33</sat></trkpt>
  <trkpt lat="30.29928820" lon="120.07565982"><ele>14.386</ele><time>2026-09-17T13:32:17Z</time><sat>34</sat></trkpt>
  <trkpt lat="30.29929580" lon="120.07566651"><ele>14.942</ele><time>2026-09-17T13:32:20Z</time><sat>33</sat></trkpt>
  <trkpt lat="30.29932027" lon="120.07584759"><ele>14.673</ele><time>2026-09-17T13:32:23Z</time><sat>33</sat></trkpt>
  <trkpt lat="30.29932704" lon="120.07601918"><ele>11.694</ele><time>2026-09-17T13:32:26Z</time><sat>35</sat></trkpt>
  <trkpt lat="30.29932411" lon="120.07625373"><ele>13.735</ele><time>2026-09-17T13:32:29Z</time><sat>36</sat></trkpt>
  <trkpt lat="30.29932867" lon="120.07651074"><ele>13.353</ele><time>2026-09-17T13:32:32Z</time><sat>37</sat></trkpt>
  <trkpt lat="30.29932892" lon="120.07677044"><ele>13.402</ele><time>2026-09-17T13:32:35Z</time><sat>37</sat></trkpt>
  <trkpt lat="30.29932987" lon="120.07707027"><ele>12.648</ele><time>2026-09-17T13:32:38Z</time><sat>37</sat></trkpt>
  <trkpt lat="30.29932853" lon="120.07740358"><ele>12.382</ele><time>2026-09-17T13:32:41Z</time><sat>36</sat></trkpt>
  <trkpt lat="30.29932810" lon="120.07773475"><ele>11.709</ele><time>2026-09-17T13:32:44Z</time><sat>38</sat></trkpt>
  <trkpt lat="30.29932496" lon="120.07802282"><ele>11.275</ele><time>2026-09-17T13:32:47Z</time><sat>40</sat></trkpt>
  <trkpt lat="30.29932063" lon="120.07829784"><ele>10.705</ele><time>2026-09-17T13:32:50Z</time><sat>39</sat></trkpt>
  <trkpt lat="30.29931438" lon="120.07862937"><ele>10.704</ele><time>2026-09-17T13:32:53Z</time><sat>38</sat></trkpt>
  <trkpt lat="30.29931191" lon="120.07896559"><ele>10.514</ele><time>2026-09-17T13:32:56Z</time><sat>37</sat></trkpt>
  <trkpt lat="30.29930644" lon="120.07925861"><ele>10.910</ele><time>2026-09-17T13:32:59Z</time><sat>34</sat></trkpt>
  <trkpt lat="30.29930739" lon="120.07950010"><ele>10.761</ele><time>2026-09-17T13:33:02Z</time><sat>30</sat></trkpt>
  <trkpt lat="30.29930364" lon="120.07972969"><ele>11.323</ele><time>2026-09-17T13:33:05Z</time><sat>33</sat></trkpt>
  <trkpt lat="30.29930036" lon="120.07997278"><ele>11.420</ele><time>2026-09-17T13:33:08Z</time><sat>33</sat></trkpt>
  <trkpt lat="30.29925157" lon="120.08017693"><ele>11.243</ele><time>2026-09-17T13:33:11Z</time><sat>34</sat></trkpt>
  <trkpt lat="30.29925488" lon="120.08033401"><ele>11.511</ele><time>2026-09-17T13:33:14Z</time><sat>31</sat></trkpt>
  <trkpt lat="30.29926336" lon="120.08034455"><ele>10.358</ele><time>2026-09-17T13:33:17Z</time><sat>31</sat></trkpt>
  <trkpt lat="30.29926226" lon="120.08034684"><ele>9.714</ele><time>2026-09-17T13:33:20Z</time><sat>30</sat></trkpt>
  <trkpt lat="30.29926814" lon="120.08035054"><ele>11.000</ele><time>2026-09-17T13:33:23Z</time><sat>27</sat></trkpt>
  <trkpt lat="30.29929034" lon="120.08034154"><ele>11.448</ele><time>2026-09-17T13:33:26Z</time><sat>29</sat></trkpt>
  <trkpt lat="30.29929069" lon="120.08034333"><ele>11.680</ele><time>2026-09-17T13:33:29Z</time><sat>29</sat></trkpt>
  <trkpt lat="30.29929589" lon="120.08034938"><ele>10.663</ele><time>2026-09-17T13:33:32Z</time><sat>28</sat></trkpt>
  <trkpt lat="30.29929288" lon="120.08040169"><ele>9.811</ele><time>2026-09-17T13:33:35Z</time><sat>29</sat></trkpt>
  <trkpt lat="30.29930896" lon="120.08050060"><ele>9.304</ele><time>2026-09-17T13:33:38Z</time><sat>30</sat></trkpt>
  <trkpt lat="30.29931677" lon="120.08064350"><ele>9.404</ele><time>2026-09-17T13:33:41Z</time><sat>30</sat></trkpt>
  <trkpt lat="30.29931809" lon="120.08083797"><ele>9.097</ele><time>2026-09-17T13:33:44Z</time><sat>30</sat></trkpt>
  <trkpt lat="30.29931765" lon="120.08106901"><ele>8.573</ele><time>2026-09-17T13:33:47Z</time><sat>30</sat></trkpt>
  <trkpt lat="30.29930783" lon="120.08131390"><ele>8.395</ele><time>2026-09-17T13:33:50Z</time><sat>31</sat></trkpt>
  <trkpt lat="30.29930986" lon="120.08154873"><ele>7.596</ele><time>2026-09-17T13:33:53Z</time><sat>30</sat></trkpt>
  <trkpt lat="30.29929887" lon="120.08177334"><ele>8.147</ele><time>2026-09-17T13:33:56Z</time><sat>29</sat></trkpt>
  <trkpt lat="30.29929410" lon="120.08203302"><ele>8.897</ele><time>2026-09-17T13:33:59Z</time><sat>30</sat></trkpt>
  <trkpt lat="30.29929800" lon="120.08230882"><ele>8.703</ele><time>2026-09-17T13:34:02Z</time><sat>31</sat></trkpt>
  <trkpt lat="30.29929794" lon="120.08253614"><ele>7.497</ele><time>2026-09-17T13:34:05Z</time><sat>32</sat></trkpt>
  <trkpt lat="30.29931244" lon="120.08273250"><ele>11.287</ele><time>2026-09-17T13:34:08Z</time><sat>32</sat></trkpt>
  <trkpt lat="30.29930558" lon="120.08292258"><ele>9.989</ele><time>2026-09-17T13:34:11Z</time><sat>34</sat></trkpt>
  <trkpt lat="30.29929740" lon="120.08311686"><ele>10.039</ele><time>2026-09-17T13:34:14Z</time><sat>38</sat></trkpt>
  <trkpt lat="30.29929296" lon="120.08328199"><ele>10.054</ele><time>2026-09-17T13:34:17Z</time><sat>40</sat></trkpt>
  <trkpt lat="30.29928843" lon="120.08347686"><ele>10.227</ele><time>2026-09-17T13:34:20Z</time><sat>39</sat></trkpt>
  <trkpt lat="30.29928799" lon="120.08371141"><ele>10.422</ele><time>2026-09-17T13:34:23Z</time><sat>35</sat></trkpt>
  <trkpt lat="30.29929598" lon="120.08396711"><ele>11.328</ele><time>2026-09-17T13:34:26Z</time><sat>36</sat></trkpt>
  <trkpt lat="30.29929780" lon="120.08421037"><ele>11.738</ele><time>2026-09-17T13:34:29Z</time><sat>35</sat></trkpt>
  <trkpt lat="30.29929114" lon="120.08442895"><ele>11.508</ele><time>2026-09-17T13:34:32Z</time><sat>31</sat></trkpt>
  <trkpt lat="30.29929115" lon="120.08459653"><ele>11.187</ele><time>2026-09-17T13:34:35Z</time><sat>26</sat></trkpt>
  <trkpt lat="30.29929520" lon="120.08469109"><ele>11.132</ele><time>2026-09-17T13:34:38Z</time><sat>26</sat></trkpt>
  <trkpt lat="30.29929085" lon="120.08472149"><ele>11.063</ele><time>2026-09-17T13:34:41Z</time><sat>29</sat></trkpt>
  <trkpt lat="30.29927978" lon="120.08471565"><ele>10.111</ele><time>2026-09-17T13:34:44Z</time><sat>27</sat></trkpt>
  <trkpt lat="30.29928128" lon="120.08471285"><ele>11.107</ele><time>2026-09-17T13:34:47Z</time><sat>25</sat></trkpt>
  <trkpt lat="30.29928264" lon="120.08470774"><ele>10.732</ele><time>2026-09-17T13:34:50Z</time><sat>26</sat></trkpt>
  <trkpt lat="30.29927882" lon="120.08470385"><ele>10.486</ele><time>2026-09-17T13:34:53Z</time><sat>25</sat></trkpt>
  <trkpt lat="30.29928159" lon="120.08470544"><ele>10.892</ele><time>2026-09-17T13:34:56Z</time><sat>29</sat></trkpt>
  <trkpt lat="30.29928087" lon="120.08470596"><ele>11.283</ele><time>2026-09-17T13:34:59Z</time><sat>28</sat></trkpt>
  <trkpt lat="30.29928166" lon="120.08470622"><ele>10.943</ele><time>2026-09-17T13:35:02Z</time><sat>26</sat></trkpt>
  <trkpt lat="30.29928115" lon="120.08470663"><ele>10.969</ele><time>2026-09-17T13:35:05Z</time><sat>27</sat></trkpt>
  <trkpt lat="30.29928475" lon="120.08475625"><ele>10.507</ele><time>2026-09-17T13:35:08Z</time><sat>29</sat></trkpt>
  <trkpt lat="30.29929228" lon="120.08491238"><ele>14.328</ele><time>2026-09-17T13:35:11Z</time><sat>29</sat></trkpt>
  <trkpt lat="30.29931348" lon="120.08509031"><ele>13.043</ele><time>2026-09-17T13:35:14Z</time><sat>28</sat></trkpt>
  <trkpt lat="30.29930648" lon="120.08527130"><ele>12.910</ele><time>2026-09-17T13:35:17Z</time><sat>28</sat></trkpt>
  <trkpt lat="30.29930437" lon="120.08545171"><ele>12.005</ele><time>2026-09-17T13:35:20Z</time><sat>32</sat></trkpt>
  <trkpt lat="30.29930266" lon="120.08562713"><ele>13.818</ele><time>2026-09-17T13:35:23Z</time><sat>31</sat></trkpt>
  <trkpt lat="30.29934354" lon="120.08572158"><ele>11.484</ele><time>2026-09-17T13:35:26Z</time><sat>35</sat></trkpt>
  <trkpt lat="30.29940786" lon="120.08571363"><ele>10.367</ele><time>2026-09-17T13:35:29Z</time><sat>37</sat></trkpt>
  <trkpt lat="30.29948594" lon="120.08563302"><ele>11.499</ele><time>2026-09-17T13:35:32Z</time><sat>36</sat></trkpt>
  <trkpt lat="30.29959186" lon="120.08550789"><ele>12.156</ele><time>2026-09-17T13:35:35Z</time><sat>37</sat></trkpt>
  <trkpt lat="30.29969094" lon="120.08540004"><ele>12.446</ele><time>2026-09-17T13:35:38Z</time><sat>38</sat></trkpt>
  <trkpt lat="30.29979365" lon="120.08536694"><ele>12.864</ele><time>2026-09-17T13:35:41Z</time><sat>36</sat></trkpt>
  <trkpt lat="30.29991037" lon="120.08540512"><ele>12.767</ele><time>2026-09-17T13:35:44Z</time><sat>33</sat></trkpt>
  <trkpt lat="30.30007336" lon="120.08542595"><ele>13.486</ele><time>2026-09-17T13:35:47Z</time><sat>34</sat></trkpt>
  <trkpt lat="30.30025935" lon="120.08548708"><ele>12.399</ele><time>2026-09-17T13:35:50Z</time><sat>36</sat></trkpt>
  <trkpt lat="30.30045875" lon="120.08550965"><ele>12.605</ele><time>2026-09-17T13:35:53Z</time><sat>34</sat></trkpt>
  <trkpt lat="30.30063548" lon="120.08552198"><ele>12.933</ele><time>2026-09-17T13:35:56Z</time><sat>35</sat></trkpt>
  <trkpt lat="30.30079948" lon="120.08554120"><ele>13.729</ele><time>2026-09-17T13:35:59Z</time><sat>33</sat></trkpt>
  <trkpt lat="30.30093711" lon="120.08556251"><ele>16.302</ele><time>2026-09-17T13:36:02Z</time><sat>32</sat></trkpt>
  <trkpt lat="30.30107702" lon="120.08558816"><ele>15.697</ele><time>2026-09-17T13:36:05Z</time><sat>28</sat></trkpt>
  <trkpt lat="30.30125787" lon="120.08562078"><ele>15.366</ele><time>2026-09-17T13:36:08Z</time><sat>31</sat></trkpt>
  <trkpt lat="30.30148410" lon="120.08562383"><ele>15.564</ele><time>2026-09-17T13:36:11Z</time><sat>33</sat></trkpt>
  <trkpt lat="30.30172781" lon="120.08565479"><ele>14.557</ele><time>2026-09-17T13:36:14Z</time><sat>35</sat></trkpt>
  <trkpt lat="30.30194807" lon="120.08568681"><ele>14.921</ele><time>2026-09-17T13:36:17Z</time><sat>34</sat></trkpt>
  <trkpt lat="30.30217036" lon="120.08571508"><ele>14.981</ele><time>2026-09-17T13:36:20Z</time><sat>32</sat></trkpt>
  <trkpt lat="30.30237076" lon="120.08573229"><ele>16.337</ele><time>2026-09-17T13:36:23Z</time><sat>34</sat></trkpt>
  <trkpt lat="30.30255493" lon="120.08572433"><ele>17.236</ele><time>2026-09-17T13:36:26Z</time><sat>33</sat></trkpt>
  <trkpt lat="30.30277005" lon="120.08571249"><ele>16.510</ele><time>2026-09-17T13:36:29Z</time><sat>35</sat></trkpt>
  <trkpt lat="30.30298615" lon="120.08571847"><ele>16.670</ele><time>2026-09-17T13:36:32Z</time><sat>35</sat></trkpt>
  <trkpt lat="30.30314682" lon="120.08571332"><ele>17.253</ele><time>2026-09-17T13:36:35Z</time><sat>37</sat></trkpt>
  <trkpt lat="30.30320002" lon="120.08570033"><ele>15.680</ele><time>2026-09-17T13:36:38Z</time><sat>39</sat></trkpt>
  <trkpt lat="30.30320260" lon="120.08570577"><ele>14.937</ele><time>2026-09-17T13:36:41Z</time><sat>39</sat></trkpt>
  <trkpt lat="30.30320690" lon="120.08570821"><ele>15.085</ele><time>2026-09-17T13:36:44Z</time><sat>37</sat></trkpt>
  <trkpt lat="30.30320917" lon="120.08570850"><ele>15.265</ele><time>2026-09-17T13:36:47Z</time><sat>32</sat></trkpt>
  <trkpt lat="30.30320888" lon="120.08571118"><ele>14.839</ele><time>2026-09-17T13:36:50Z</time><sat>31</sat></trkpt>
  <trkpt lat="30.30320727" lon="120.08571245"><ele>15.748</ele><time>2026-09-17T13:36:53Z</time><sat>36</sat></trkpt>
  <trkpt lat="30.30320755" lon="120.08571724"><ele>16.133</ele><time>2026-09-17T13:36:56Z</time><sat>36</sat></trkpt>
  <trkpt lat="30.30320764" lon="120.08572119"><ele>15.858</ele><time>2026-09-17T13:36:59Z</time><sat>36</sat></trkpt>
  <trkpt lat="30.30320813" lon="120.08572638"><ele>15.245</ele><time>2026-09-17T13:37:02Z</time><sat>36</sat></trkpt>
  <trkpt lat="30.30320907" lon="120.08572704"><ele>15.477</ele><time>2026-09-17T13:37:05Z</time><sat>33</sat></trkpt>
  <trkpt lat="30.30320887" lon="120.08572734"><ele>15.570</ele><time>2026-09-17T13:37:08Z</time><sat>36</sat></trkpt>
  <trkpt lat="30.30320888" lon="120.08572746"><ele>15.709</ele><time>2026-09-17T13:37:11Z</time><sat>38</sat></trkpt>
  <trkpt lat="30.30320878" lon="120.08572790"><ele>15.828</ele><time>2026-09-17T13:37:14Z</time><sat>38</sat></trkpt>
  <trkpt lat="30.30321223" lon="120.08572678"><ele>15.844</ele><time>2026-09-17T13:37:17Z</time><sat>38</sat></trkpt>
  <trkpt lat="30.30326417" lon="120.08571228"><ele>15.591</ele><time>2026-09-17T13:37:20Z</time><sat>38</sat></trkpt>
  <trkpt lat="30.30338038" lon="120.08567562"><ele>15.402</ele><time>2026-09-17T13:37:23Z</time><sat>38</sat></trkpt>
  <trkpt lat="30.30356947" lon="120.08562957"><ele>15.067</ele><time>2026-09-17T13:37:26Z</time><sat>39</sat></trkpt>
  <trkpt lat="30.30379926" lon="120.08559911"><ele>13.776</ele><time>2026-09-17T13:37:29Z</time><sat>38</sat></trkpt>
  <trkpt lat="30.30401605" lon="120.08558262"><ele>14.410</ele><time>2026-09-17T13:37:32Z</time><sat>38</sat></trkpt>
  <trkpt lat="30.30415232" lon="120.08555471"><ele>13.873</ele><time>2026-09-17T13:37:35Z</time><sat>33</sat></trkpt>
  <trkpt lat="30.30417474" lon="120.08555055"><ele>13.920</ele><time>2026-09-17T13:37:38Z</time><sat>30</sat></trkpt>
  <trkpt lat="30.30417671" lon="120.08554989"><ele>13.565</ele><time>2026-09-17T13:37:41Z</time><sat>30</sat></trkpt>
  <trkpt lat="30.30423220" lon="120.08552784"><ele>13.602</ele><time>2026-09-17T13:37:44Z</time><sat>32</sat></trkpt>
  <trkpt lat="30.30432599" lon="120.08548232"><ele>13.228</ele><time>2026-09-17T13:37:47Z</time><sat>33</sat></trkpt>
  <trkpt lat="30.30443097" lon="120.08543907"><ele>13.262</ele><time>2026-09-17T13:37:50Z</time><sat>33</sat></trkpt>
  <trkpt lat="30.30455845" lon="120.08540202"><ele>13.356</ele><time>2026-09-17T13:37:53Z</time><sat>30</sat></trkpt>
  <trkpt lat="30.30470890" lon="120.08535977"><ele>13.464</ele><time>2026-09-17T13:37:56Z</time><sat>30</sat></trkpt>
  <trkpt lat="30.30488268" lon="120.08529888"><ele>14.001</ele><time>2026-09-17T13:37:59Z</time><sat>33</sat></trkpt>
  <trkpt lat="30.30508063" lon="120.08522824"><ele>14.401</ele><time>2026-09-17T13:38:02Z</time><sat>27</sat></trkpt>
  <trkpt lat="30.30527188" lon="120.08515801"><ele>14.717</ele><time>2026-09-17T13:38:05Z</time><sat>27</sat></trkpt>
  <trkpt lat="30.30543760" lon="120.08509165"><ele>14.774</ele><time>2026-09-17T13:38:08Z</time><sat>31</sat></trkpt>
  <trkpt lat="30.30559979" lon="120.08502425"><ele>14.840</ele><time>2026-09-17T13:38:11Z</time><sat>29</sat></trkpt>
  <trkpt lat="30.30576800" lon="120.08494787"><ele>15.107</ele><time>2026-09-17T13:38:14Z</time><sat>31</sat></trkpt>
  <trkpt lat="30.30595729" lon="120.08485838"><ele>15.019</ele><time>2026-09-17T13:38:17Z</time><sat>34</sat></trkpt>
  <trkpt lat="30.30615980" lon="120.08475281"><ele>15.430</ele><time>2026-09-17T13:38:20Z</time><sat>33</sat></trkpt>
  <trkpt lat="30.30636204" lon="120.08463924"><ele>15.519</ele><time>2026-09-17T13:38:23Z</time><sat>28</sat></trkpt>
  <trkpt lat="30.30653870" lon="120.08452512"><ele>15.142</ele><time>2026-09-17T13:38:26Z</time><sat>29</sat></trkpt>
  <trkpt lat="30.30666387" lon="120.08444847"><ele>15.179</ele><time>2026-09-17T13:38:29Z</time><sat>32</sat></trkpt>
  <trkpt lat="30.30675769" lon="120.08444337"><ele>15.365</ele><time>2026-09-17T13:38:32Z</time><sat>32</sat></trkpt>
  <trkpt lat="30.30680925" lon="120.08451700"><ele>15.517</ele><time>2026-09-17T13:38:35Z</time><sat>35</sat></trkpt>
  <trkpt lat="30.30681218" lon="120.08464219"><ele>15.182</ele><time>2026-09-17T13:38:38Z</time><sat>35</sat></trkpt>
  <trkpt lat="30.30680039" lon="120.08477976"><ele>14.924</ele><time>2026-09-17T13:38:41Z</time><sat>33</sat></trkpt>
  <trkpt lat="30.30679749" lon="120.08490849"><ele>14.928</ele><time>2026-09-17T13:38:44Z</time><sat>30</sat></trkpt>
  <trkpt lat="30.30679756" lon="120.08499733"><ele>14.934</ele><time>2026-09-17T13:38:47Z</time><sat>23</sat></trkpt>
  <trkpt lat="30.30679767" lon="120.08501190"><ele>14.755</ele><time>2026-09-17T13:38:50Z</time><sat>30</sat></trkpt>
  <trkpt lat="30.30679765" lon="120.08501188"><ele>14.757</ele><time>2026-09-17T13:38:53Z</time><sat>28</sat></trkpt>
  <trkpt lat="30.30679765" lon="120.08501188"><ele>14.757</ele><time>2026-09-17T13:38:56Z</time><sat>35</sat></trkpt>
  <trkpt lat="30.30679765" lon="120.08501188"><ele>14.757</ele><time>2026-09-17T13:38:59Z</time><sat>29</sat></trkpt>
  <trkpt lat="30.30679765" lon="120.08501188"><ele>14.757</ele><time>2026-09-17T13:39:02Z</time><sat>27</sat></trkpt>
  <trkpt lat="30.30679765" lon="120.08501188"><ele>14.757</ele><time>2026-09-17T13:39:05Z</time><sat>24</sat></trkpt>
  <trkpt lat="30.30679765" lon="120.08501188"><ele>14.757</ele><time>2026-09-17T13:39:08Z</time><sat>30</sat></trkpt>
  <trkpt lat="30.30679765" lon="120.08501188"><ele>14.757</ele><time>2026-09-17T13:39:11Z</time><sat>28</sat></trkpt>
  <trkpt lat="30.30679344" lon="120.08501218"><ele>13.908</ele><time>2026-09-17T13:39:14Z</time><sat>27</sat></trkpt>
  <trkpt lat="30.30681522" lon="120.08500911"><ele>14.103</ele><time>2026-09-17T13:39:20Z</time><sat>35</sat></trkpt>
  <trkpt lat="30.30681548" lon="120.08498481"><ele>13.344</ele><time>2026-09-17T13:39:23Z</time><sat>35</sat></trkpt>
  <trkpt lat="30.30681390" lon="120.08499379"><ele>11.554</ele><time>2026-09-17T13:39:26Z</time><sat>35</sat></trkpt>
  <trkpt lat="30.30681078" lon="120.08500125"><ele>12.260</ele><time>2026-09-17T13:39:29Z</time><sat>35</sat></trkpt>
  <trkpt lat="30.30682357" lon="120.08500599"><ele>12.471</ele><time>2026-09-17T13:39:32Z</time><sat>35</sat></trkpt>
  <trkpt lat="30.30682011" lon="120.08500891"><ele>12.208</ele><time>2026-09-17T13:39:35Z</time><sat>35</sat></trkpt>
  <trkpt lat="30.30681559" lon="120.08502260"><ele>11.825</ele><time>2026-09-17T13:39:38Z</time><sat>35</sat></trkpt>
  <trkpt lat="30.30682743" lon="120.08509782"><ele>11.781</ele><time>2026-09-17T13:39:41Z</time><sat>35</sat></trkpt>
  <trkpt lat="30.30684917" lon="120.08520123"><ele>12.023</ele><time>2026-09-17T13:39:44Z</time><sat>35</sat></trkpt>
  <trkpt lat="30.30684544" lon="120.08535710"><ele>11.345</ele><time>2026-09-17T13:39:47Z</time><sat>35</sat></trkpt>
  <trkpt lat="30.30684846" lon="120.08552191"><ele>10.991</ele><time>2026-09-17T13:39:50Z</time><sat>35</sat></trkpt>
  <trkpt lat="30.30684452" lon="120.08571299"><ele>10.618</ele><time>2026-09-17T13:39:53Z</time><sat>35</sat></trkpt>
  <trkpt lat="30.30684231" lon="120.08593565"><ele>10.640</ele><time>2026-09-17T13:39:56Z</time><sat>35</sat></trkpt>
  <trkpt lat="30.30684382" lon="120.08616249"><ele>11.092</ele><time>2026-09-17T13:39:59Z</time><sat>35</sat></trkpt>
  <trkpt lat="30.30684852" lon="120.08637238"><ele>11.539</ele><time>2026-09-17T13:40:02Z</time><sat>35</sat></trkpt>
  <trkpt lat="30.30689131" lon="120.08650223"><ele>11.710</ele><time>2026-09-17T13:40:05Z</time><sat>35</sat></trkpt>
  <trkpt lat="30.30697837" lon="120.08656002"><ele>10.791</ele><time>2026-09-17T13:40:08Z</time><sat>35</sat></trkpt>
  <trkpt lat="30.30707869" lon="120.08661010"><ele>11.016</ele><time>2026-09-17T13:40:11Z</time><sat>37</sat></trkpt>
  <trkpt lat="30.30713905" lon="120.08672520"><ele>11.340</ele><time>2026-09-17T13:40:14Z</time><sat>37</sat></trkpt>
  <trkpt lat="30.30713911" lon="120.08682454"><ele>11.116</ele><time>2026-09-17T13:40:17Z</time><sat>37</sat></trkpt>
  <trkpt lat="30.30713417" lon="120.08686357"><ele>10.797</ele><time>2026-09-17T13:40:20Z</time><sat>37</sat></trkpt>
  <trkpt lat="30.30713962" lon="120.08695926"><ele>10.123</ele><time>2026-09-17T13:40:23Z</time><sat>37</sat></trkpt>
  <trkpt lat="30.30712740" lon="120.08712087"><ele>10.058</ele><time>2026-09-17T13:40:26Z</time><sat>37</sat></trkpt>
  <trkpt lat="30.30712445" lon="120.08730330"><ele>10.318</ele><time>2026-09-17T13:40:29Z</time><sat>37</sat></trkpt>
  <trkpt lat="30.30711974" lon="120.08742704"><ele>10.676</ele><time>2026-09-17T13:40:32Z</time><sat>37</sat></trkpt>
  <trkpt lat="30.30710566" lon="120.08749132"><ele>11.208</ele><time>2026-09-17T13:40:35Z</time><sat>37</sat></trkpt>
  <trkpt lat="30.30705875" lon="120.08755075"><ele>11.834</ele><time>2026-09-17T13:40:38Z</time><sat>37</sat></trkpt>
  <trkpt lat="30.30695522" lon="120.08757275"><ele>12.046</ele><time>2026-09-17T13:40:41Z</time><sat>37</sat></trkpt>
  <trkpt lat="30.30666378" lon="120.08755515"><ele>11.392</ele><time>2026-09-17T13:40:46Z</time><sat>37</sat></trkpt>
  <trkpt lat="30.30642051" lon="120.08757574"><ele>11.360</ele><time>2026-09-17T13:40:49Z</time><sat>37</sat></trkpt>
  <trkpt lat="30.30613090" lon="120.08758607"><ele>10.406</ele><time>2026-09-17T13:40:52Z</time><sat>37</sat></trkpt>
  <trkpt lat="30.30581486" lon="120.08759567"><ele>10.225</ele><time>2026-09-17T13:40:55Z</time><sat>37</sat></trkpt>
  <trkpt lat="30.30547216" lon="120.08759869"><ele>9.927</ele><time>2026-09-17T13:40:58Z</time><sat>37</sat></trkpt>
  <trkpt lat="30.30512668" lon="120.08759649"><ele>9.618</ele><time>2026-09-17T13:41:01Z</time><sat>37</sat></trkpt>
  <trkpt lat="30.30477664" lon="120.08759303"><ele>10.228</ele><time>2026-09-17T13:41:04Z</time><sat>37</sat></trkpt>
  <trkpt lat="30.30443854" lon="120.08759560"><ele>10.534</ele><time>2026-09-17T13:41:07Z</time><sat>37</sat></trkpt>
  <trkpt lat="30.30413665" lon="120.08759576"><ele>9.764</ele><time>2026-09-17T13:41:10Z</time><sat>37</sat></trkpt>
  <trkpt lat="30.30381928" lon="120.08759669"><ele>10.112</ele><time>2026-09-17T13:41:13Z</time><sat>37</sat></trkpt>
  <trkpt lat="30.30348098" lon="120.08759788"><ele>9.767</ele><time>2026-09-17T13:41:16Z</time><sat>37</sat></trkpt>
  <trkpt lat="30.30301965" lon="120.08758945"><ele>8.564</ele><time>2026-09-17T13:41:20Z</time><sat>35</sat></trkpt>
  <trkpt lat="30.30261424" lon="120.08758278"><ele>8.805</ele><time>2026-09-17T13:41:24Z</time><sat>33</sat></trkpt>
  <trkpt lat="30.30236262" lon="120.08759497"><ele>9.201</ele><time>2026-09-17T13:41:27Z</time><sat>32</sat></trkpt>
  <trkpt lat="30.30209485" lon="120.08760258"><ele>8.613</ele><time>2026-09-17T13:41:30Z</time><sat>32</sat></trkpt>
  <trkpt lat="30.30179337" lon="120.08764251"><ele>8.978</ele><time>2026-09-17T13:41:33Z</time><sat>34</sat></trkpt>
  <trkpt lat="30.30146979" lon="120.08766624"><ele>8.042</ele><time>2026-09-17T13:41:36Z</time><sat>35</sat></trkpt>
  <trkpt lat="30.30113008" lon="120.08768590"><ele>7.599</ele><time>2026-09-17T13:41:39Z</time><sat>34</sat></trkpt>
  <trkpt lat="30.30079757" lon="120.08769990"><ele>6.991</ele><time>2026-09-17T13:41:42Z</time><sat>32</sat></trkpt>
  <trkpt lat="30.30046466" lon="120.08772217"><ele>6.315</ele><time>2026-09-17T13:41:45Z</time><sat>33</sat></trkpt>
  <trkpt lat="30.30016467" lon="120.08774461"><ele>6.674</ele><time>2026-09-17T13:41:48Z</time><sat>32</sat></trkpt>
  <trkpt lat="30.29990851" lon="120.08775654"><ele>7.201</ele><time>2026-09-17T13:41:51Z</time><sat>30</sat></trkpt>
  <trkpt lat="30.29971642" lon="120.08777149"><ele>7.296</ele><time>2026-09-17T13:41:54Z</time><sat>32</sat></trkpt>
  <trkpt lat="30.29959210" lon="120.08778179"><ele>7.251</ele><time>2026-09-17T13:41:57Z</time><sat>31</sat></trkpt>
  <trkpt lat="30.29951060" lon="120.08778815"><ele>7.572</ele><time>2026-09-17T13:42:00Z</time><sat>32</sat></trkpt>
  <trkpt lat="30.29945601" lon="120.08779279"><ele>7.800</ele><time>2026-09-17T13:42:03Z</time><sat>35</sat></trkpt>
  <trkpt lat="30.29928995" lon="120.08780040"><ele>7.921</ele><time>2026-09-17T13:42:06Z</time><sat>35</sat></trkpt>
  <trkpt lat="30.29904682" lon="120.08780578"><ele>8.608</ele><time>2026-09-17T13:42:09Z</time><sat>35</sat></trkpt>
  <trkpt lat="30.29875996" lon="120.08780100"><ele>8.386</ele><time>2026-09-17T13:42:12Z</time><sat>35</sat></trkpt>
  <trkpt lat="30.29844489" lon="120.08781513"><ele>8.322</ele><time>2026-09-17T13:42:15Z</time><sat>32</sat></trkpt>
  <trkpt lat="30.29815694" lon="120.08783289"><ele>8.866</ele><time>2026-09-17T13:42:18Z</time><sat>31</sat></trkpt>
  <trkpt lat="30.29794240" lon="120.08784870"><ele>9.356</ele><time>2026-09-17T13:42:21Z</time><sat>31</sat></trkpt>
  <trkpt lat="30.29783133" lon="120.08785434"><ele>9.734</ele><time>2026-09-17T13:42:24Z</time><sat>29</sat></trkpt>
  <trkpt lat="30.29780732" lon="120.08785638"><ele>10.373</ele><time>2026-09-17T13:42:27Z</time><sat>34</sat></trkpt>
  <trkpt lat="30.29780478" lon="120.08785297"><ele>10.279</ele><time>2026-09-17T13:42:30Z</time><sat>33</sat></trkpt>
  <trkpt lat="30.29780068" lon="120.08784967"><ele>10.157</ele><time>2026-09-17T13:42:33Z</time><sat>32</sat></trkpt>
  <trkpt lat="30.29776504" lon="120.08785107"><ele>10.404</ele><time>2026-09-17T13:42:36Z</time><sat>33</sat></trkpt>
  <trkpt lat="30.29766009" lon="120.08785949"><ele>10.395</ele><time>2026-09-17T13:42:39Z</time><sat>32</sat></trkpt>
  <trkpt lat="30.29749889" lon="120.08786765"><ele>10.658</ele><time>2026-09-17T13:42:42Z</time><sat>29</sat></trkpt>
  <trkpt lat="30.29734534" lon="120.08788739"><ele>10.998</ele><time>2026-09-17T13:42:45Z</time><sat>32</sat></trkpt>
  <trkpt lat="30.29720395" lon="120.08794799"><ele>12.086</ele><time>2026-09-17T13:42:48Z</time><sat>39</sat></trkpt>
  <trkpt lat="30.29710899" lon="120.08805396"><ele>12.425</ele><time>2026-09-17T13:42:51Z</time><sat>40</sat></trkpt>
  <trkpt lat="30.29709891" lon="120.08822848"><ele>13.163</ele><time>2026-09-17T13:42:54Z</time><sat>39</sat></trkpt>
  <trkpt lat="30.29708879" lon="120.08848502"><ele>12.517</ele><time>2026-09-17T13:42:57Z</time><sat>40</sat></trkpt>
  <trkpt lat="30.29707732" lon="120.08881147"><ele>11.696</ele><time>2026-09-17T13:43:00Z</time><sat>39</sat></trkpt>
  <trkpt lat="30.29707283" lon="120.08918609"><ele>11.399</ele><time>2026-09-17T13:43:03Z</time><sat>36</sat></trkpt>
  <trkpt lat="30.29707407" lon="120.08957378"><ele>10.839</ele><time>2026-09-17T13:43:06Z</time><sat>37</sat></trkpt>
  <trkpt lat="30.29707756" lon="120.08996522"><ele>10.236</ele><time>2026-09-17T13:43:09Z</time><sat>34</sat></trkpt>
  <trkpt lat="30.29708043" lon="120.09036316"><ele>10.216</ele><time>2026-09-17T13:43:12Z</time><sat>31</sat></trkpt>
  <trkpt lat="30.29708779" lon="120.09075013"><ele>10.732</ele><time>2026-09-17T13:43:15Z</time><sat>31</sat></trkpt>
  <trkpt lat="30.29708705" lon="120.09112991"><ele>10.235</ele><time>2026-09-17T13:43:18Z</time><sat>32</sat></trkpt>
  <trkpt lat="30.29708238" lon="120.09152068"><ele>8.425</ele><time>2026-09-17T13:43:21Z</time><sat>32</sat></trkpt>
  <trkpt lat="30.29708020" lon="120.09190787"><ele>6.185</ele><time>2026-09-17T13:43:24Z</time><sat>31</sat></trkpt>
  <trkpt lat="30.29707485" lon="120.09231080"><ele>4.097</ele><time>2026-09-17T13:43:27Z</time><sat>31</sat></trkpt>
  <trkpt lat="30.29708597" lon="120.09272451"><ele>4.679</ele><time>2026-09-17T13:43:30Z</time><sat>28</sat></trkpt>
  <trkpt lat="30.29578388" lon="120.10332284"><ele>7.069</ele><time>2026-09-17T13:44:45Z</time><sat>33</sat></trkpt>
  <trkpt lat="30.29578681" lon="120.10373076"><ele>8.473</ele><time>2026-09-17T13:44:48Z</time><sat>35</sat></trkpt>
  <trkpt lat="30.29579625" lon="120.10414041"><ele>10.160</ele><time>2026-09-17T13:44:51Z</time><sat>35</sat></trkpt>
  <trkpt lat="30.29580760" lon="120.10454134"><ele>10.525</ele><time>2026-09-17T13:44:54Z</time><sat>35</sat></trkpt>
  <trkpt lat="30.29581225" lon="120.10495663"><ele>10.539</ele><time>2026-09-17T13:44:57Z</time><sat>37</sat></trkpt>
  <trkpt lat="30.29581449" lon="120.10537021"><ele>10.971</ele><time>2026-09-17T13:45:00Z</time><sat>37</sat></trkpt>
  <trkpt lat="30.29581732" lon="120.10577433"><ele>11.113</ele><time>2026-09-17T13:45:03Z</time><sat>37</sat></trkpt>
  <trkpt lat="30.29582237" lon="120.10617321"><ele>11.365</ele><time>2026-09-17T13:45:06Z</time><sat>33</sat></trkpt>
  <trkpt lat="30.29582365" lon="120.10657554"><ele>11.163</ele><time>2026-09-17T13:45:09Z</time><sat>32</sat></trkpt>
  <trkpt lat="30.29582386" lon="120.10696752"><ele>11.570</ele><time>2026-09-17T13:45:12Z</time><sat>34</sat></trkpt>
  <trkpt lat="30.29579772" lon="120.10738247"><ele>11.650</ele><time>2026-09-17T13:45:15Z</time><sat>35</sat></trkpt>
  <trkpt lat="30.29579293" lon="120.10779616"><ele>12.302</ele><time>2026-09-17T13:45:18Z</time><sat>32</sat></trkpt>
  <trkpt lat="30.29579923" lon="120.10818323"><ele>12.956</ele><time>2026-09-17T13:45:21Z</time><sat>34</sat></trkpt>
  <trkpt lat="30.29580977" lon="120.10853110"><ele>13.365</ele><time>2026-09-17T13:45:24Z</time><sat>32</sat></trkpt>
  <trkpt lat="30.29582100" lon="120.10884777"><ele>13.509</ele><time>2026-09-17T13:45:27Z</time><sat>34</sat></trkpt>
  <trkpt lat="30.29582545" lon="120.10918318"><ele>13.375</ele><time>2026-09-17T13:45:30Z</time><sat>35</sat></trkpt>
  <trkpt lat="30.29582370" lon="120.10955261"><ele>13.423</ele><time>2026-09-17T13:45:33Z</time><sat>38</sat></trkpt>
  <trkpt lat="30.29582157" lon="120.10993686"><ele>13.063</ele><time>2026-09-17T13:45:36Z</time><sat>36</sat></trkpt>
  <trkpt lat="30.29581762" lon="120.11033415"><ele>12.724</ele><time>2026-09-17T13:45:39Z</time><sat>37</sat></trkpt>
  <trkpt lat="30.29581288" lon="120.11073186"><ele>12.265</ele><time>2026-09-17T13:45:42Z</time><sat>37</sat></trkpt>
  <trkpt lat="30.29580683" lon="120.11113227"><ele>12.994</ele><time>2026-09-17T13:45:45Z</time><sat>37</sat></trkpt>
  <trkpt lat="30.29582698" lon="120.11152337"><ele>13.677</ele><time>2026-09-17T13:45:48Z</time><sat>36</sat></trkpt>
  <trkpt lat="30.29585353" lon="120.11191425"><ele>14.013</ele><time>2026-09-17T13:45:51Z</time><sat>34</sat></trkpt>
  <trkpt lat="30.29588238" lon="120.11228392"><ele>14.284</ele><time>2026-09-17T13:45:54Z</time><sat>26</sat></trkpt>
  <trkpt lat="30.29589457" lon="120.11263799"><ele>14.638</ele><time>2026-09-17T13:45:57Z</time><sat>26</sat></trkpt>
  <trkpt lat="30.29591166" lon="120.11295920"><ele>15.409</ele><time>2026-09-17T13:46:00Z</time><sat>26</sat></trkpt>
  <trkpt lat="30.29593297" lon="120.11324159"><ele>15.622</ele><time>2026-09-17T13:46:03Z</time><sat>28</sat></trkpt>
  <trkpt lat="30.29595552" lon="120.11344016"><ele>15.446</ele><time>2026-09-17T13:46:06Z</time><sat>28</sat></trkpt>
  <trkpt lat="30.29597071" lon="120.11354398"><ele>15.584</ele><time>2026-09-17T13:46:09Z</time><sat>27</sat></trkpt>
  <trkpt lat="30.29597845" lon="120.11362107"><ele>15.647</ele><time>2026-09-17T13:46:12Z</time><sat>28</sat></trkpt>
  <trkpt lat="30.29594465" lon="120.11370646"><ele>15.063</ele><time>2026-09-17T13:46:15Z</time><sat>29</sat></trkpt>
  <trkpt lat="30.29579645" lon="120.11373598"><ele>15.682</ele><time>2026-09-17T13:46:18Z</time><sat>33</sat></trkpt>
  <trkpt lat="30.29559789" lon="120.11374676"><ele>16.085</ele><time>2026-09-17T13:46:21Z</time><sat>35</sat></trkpt>
  <trkpt lat="30.29535783" lon="120.11376225"><ele>16.910</ele><time>2026-09-17T13:46:24Z</time><sat>35</sat></trkpt>
  <trkpt lat="30.29507726" lon="120.11378617"><ele>16.591</ele><time>2026-09-17T13:46:27Z</time><sat>30</sat></trkpt>
  <trkpt lat="30.29477980" lon="120.11382783"><ele>16.675</ele><time>2026-09-17T13:46:30Z</time><sat>28</sat></trkpt>
  <trkpt lat="30.29446848" lon="120.11385970"><ele>14.857</ele><time>2026-09-17T13:46:33Z</time><sat>35</sat></trkpt>
  <trkpt lat="30.29414440" lon="120.11388766"><ele>13.739</ele><time>2026-09-17T13:46:36Z</time><sat>37</sat></trkpt>
  <trkpt lat="30.29381685" lon="120.11391442"><ele>13.506</ele><time>2026-09-17T13:46:39Z</time><sat>35</sat></trkpt>
  <trkpt lat="30.29348901" lon="120.11394521"><ele>12.646</ele><time>2026-09-17T13:46:42Z</time><sat>34</sat></trkpt>
  <trkpt lat="30.29315193" lon="120.11396887"><ele>12.757</ele><time>2026-09-17T13:46:45Z</time><sat>32</sat></trkpt>
  <trkpt lat="30.29281719" lon="120.11399169"><ele>13.574</ele><time>2026-09-17T13:46:48Z</time><sat>29</sat></trkpt>
  <trkpt lat="30.29249758" lon="120.11401665"><ele>13.985</ele><time>2026-09-17T13:46:51Z</time><sat>28</sat></trkpt>
  <trkpt lat="30.29220382" lon="120.11403857"><ele>14.027</ele><time>2026-09-17T13:46:54Z</time><sat>23</sat></trkpt>
  <trkpt lat="30.29192678" lon="120.11407386"><ele>14.372</ele><time>2026-09-17T13:46:57Z</time><sat>25</sat></trkpt>
  <trkpt lat="30.29162166" lon="120.11410865"><ele>14.395</ele><time>2026-09-17T13:47:00Z</time><sat>25</sat></trkpt>
  <trkpt lat="30.29129231" lon="120.11413372"><ele>14.002</ele><time>2026-09-17T13:47:03Z</time><sat>25</sat></trkpt>
  <trkpt lat="30.29097819" lon="120.11415306"><ele>14.656</ele><time>2026-09-17T13:47:06Z</time><sat>26</sat></trkpt>
  <trkpt lat="30.29068120" lon="120.11415600"><ele>14.880</ele><time>2026-09-17T13:47:09Z</time><sat>29</sat></trkpt>
  <trkpt lat="30.29044963" lon="120.11416581"><ele>13.533</ele><time>2026-09-17T13:47:12Z</time><sat>33</sat></trkpt>
  <trkpt lat="30.29027907" lon="120.11417155"><ele>12.731</ele><time>2026-09-17T13:47:15Z</time><sat>32</sat></trkpt>
  <trkpt lat="30.29019116" lon="120.11418161"><ele>12.611</ele><time>2026-09-17T13:47:18Z</time><sat>29</sat></trkpt>
  <trkpt lat="30.29017164" lon="120.11418501"><ele>12.612</ele><time>2026-09-17T13:47:21Z</time><sat>33</sat></trkpt>
  <trkpt lat="30.29016784" lon="120.11418572"><ele>12.441</ele><time>2026-09-17T13:47:24Z</time><sat>35</sat></trkpt>
  <trkpt lat="30.29016732" lon="120.11418411"><ele>12.094</ele><time>2026-09-17T13:47:27Z</time><sat>33</sat></trkpt>
  <trkpt lat="30.29016767" lon="120.11418543"><ele>12.058</ele><time>2026-09-17T13:47:30Z</time><sat>33</sat></trkpt>
  <trkpt lat="30.29016757" lon="120.11418616"><ele>12.095</ele><time>2026-09-17T13:47:33Z</time><sat>34</sat></trkpt>
  <trkpt lat="30.29016714" lon="120.11418633"><ele>12.101</ele><time>2026-09-17T13:47:36Z</time><sat>33</sat></trkpt>
  <trkpt lat="30.29016673" lon="120.11418665"><ele>12.122</ele><time>2026-09-17T13:47:39Z</time><sat>32</sat></trkpt>
  <trkpt lat="30.29016622" lon="120.11418689"><ele>12.134</ele><time>2026-09-17T13:47:42Z</time><sat>34</sat></trkpt>
  <trkpt lat="30.29016572" lon="120.11418707"><ele>12.150</ele><time>2026-09-17T13:47:45Z</time><sat>34</sat></trkpt>
  <trkpt lat="30.29016546" lon="120.11418731"><ele>12.188</ele><time>2026-09-17T13:47:48Z</time><sat>32</sat></trkpt>
  <trkpt lat="30.29016535" lon="120.11418736"><ele>12.187</ele><time>2026-09-17T13:47:51Z</time><sat>33</sat></trkpt>
  <trkpt lat="30.29016529" lon="120.11418736"><ele>12.186</ele><time>2026-09-17T13:47:54Z</time><sat>31</sat></trkpt>
  <trkpt lat="30.29016522" lon="120.11418735"><ele>12.186</ele><time>2026-09-17T13:47:57Z</time><sat>24</sat></trkpt>
  <trkpt lat="30.29016512" lon="120.11418744"><ele>12.196</ele><time>2026-09-17T13:48:00Z</time><sat>24</sat></trkpt>
  <trkpt lat="30.29016502" lon="120.11418754"><ele>12.204</ele><time>2026-09-17T13:48:03Z</time><sat>28</sat></trkpt>
  <trkpt lat="30.29016490" lon="120.11418769"><ele>12.225</ele><time>2026-09-17T13:48:06Z</time><sat>29</sat></trkpt>
  <trkpt lat="30.29016484" lon="120.11418809"><ele>12.271</ele><time>2026-09-17T13:48:09Z</time><sat>30</sat></trkpt>
  <trkpt lat="30.29016477" lon="120.11418818"><ele>12.280</ele><time>2026-09-17T13:48:12Z</time><sat>33</sat></trkpt>
  <trkpt lat="30.29016474" lon="120.11418819"><ele>12.279</ele><time>2026-09-17T13:48:15Z</time><sat>32</sat></trkpt>
  <trkpt lat="30.29016471" lon="120.11418819"><ele>12.281</ele><time>2026-09-17T13:48:18Z</time><sat>31</sat></trkpt>
  <trkpt lat="30.29016469" lon="120.11418818"><ele>12.280</ele><time>2026-09-17T13:48:21Z</time><sat>28</sat></trkpt>
  <trkpt lat="30.29016467" lon="120.11418819"><ele>12.280</ele><time>2026-09-17T13:48:24Z</time><sat>28</sat></trkpt>
  <trkpt lat="30.29016465" lon="120.11418819"><ele>12.281</ele><time>2026-09-17T13:48:27Z</time><sat>27</sat></trkpt>
  <trkpt lat="30.29016461" lon="120.11418820"><ele>12.280</ele><time>2026-09-17T13:48:30Z</time><sat>28</sat></trkpt>
  <trkpt lat="30.29016458" lon="120.11418820"><ele>12.279</ele><time>2026-09-17T13:48:33Z</time><sat>31</sat></trkpt>
  <trkpt lat="30.29016454" lon="120.11418821"><ele>12.279</ele><time>2026-09-17T13:48:36Z</time><sat>31</sat></trkpt>
  <trkpt lat="30.29016451" lon="120.11418821"><ele>12.280</ele><time>2026-09-17T13:48:39Z</time><sat>28</sat></trkpt>
  <trkpt lat="30.29016449" lon="120.11418821"><ele>12.280</ele><time>2026-09-17T13:48:42Z</time><sat>29</sat></trkpt>
  <trkpt lat="30.29016448" lon="120.11418827"><ele>12.286</ele><time>2026-09-17T13:48:45Z</time><sat>29</sat></trkpt>
  <trkpt lat="30.29016453" lon="120.11418829"><ele>12.271</ele><time>2026-09-17T13:48:48Z</time><sat>31</sat></trkpt>
  <trkpt lat="30.29016453" lon="120.11418832"><ele>12.279</ele><time>2026-09-17T13:48:51Z</time><sat>32</sat></trkpt>
  <trkpt lat="30.29016453" lon="120.11418831"><ele>12.273</ele><time>2026-09-17T13:48:54Z</time><sat>31</sat></trkpt>
  <trkpt lat="30.29011953" lon="120.11418094"><ele>11.546</ele><time>2026-09-17T13:48:57Z</time><sat>31</sat></trkpt>
  <trkpt lat="30.28987082" lon="120.11419226"><ele>10.654</ele><time>2026-09-17T13:49:01Z</time><sat>36</sat></trkpt>
  <trkpt lat="30.28965504" lon="120.11419695"><ele>10.972</ele><time>2026-09-17T13:49:04Z</time><sat>38</sat></trkpt>
  <trkpt lat="30.28938961" lon="120.11420285"><ele>10.390</ele><time>2026-09-17T13:49:07Z</time><sat>38</sat></trkpt>
  <trkpt lat="30.28908193" lon="120.11421931"><ele>8.955</ele><time>2026-09-17T13:49:10Z</time><sat>38</sat></trkpt>
  <trkpt lat="30.28874487" lon="120.11424393"><ele>7.805</ele><time>2026-09-17T13:49:13Z</time><sat>34</sat></trkpt>
  <trkpt lat="30.28839425" lon="120.11425678"><ele>8.397</ele><time>2026-09-17T13:49:16Z</time><sat>35</sat></trkpt>
  <trkpt lat="30.28803286" lon="120.11428248"><ele>8.861</ele><time>2026-09-17T13:49:19Z</time><sat>34</sat></trkpt>
  <trkpt lat="30.28769946" lon="120.11431186"><ele>8.390</ele><time>2026-09-17T13:49:22Z</time><sat>30</sat></trkpt>
  <trkpt lat="30.28743757" lon="120.11433100"><ele>7.914</ele><time>2026-09-17T13:49:25Z</time><sat>30</sat></trkpt>
  <trkpt lat="30.28726928" lon="120.11434665"><ele>8.633</ele><time>2026-09-17T13:49:28Z</time><sat>32</sat></trkpt>
  <trkpt lat="30.28710967" lon="120.11436619"><ele>8.889</ele><time>2026-09-17T13:49:31Z</time><sat>35</sat></trkpt>
  <trkpt lat="30.28687136" lon="120.11439515"><ele>9.325</ele><time>2026-09-17T13:49:34Z</time><sat>37</sat></trkpt>
  <trkpt lat="30.28657572" lon="120.11441845"><ele>10.637</ele><time>2026-09-17T13:49:37Z</time><sat>37</sat></trkpt>
  <trkpt lat="30.28625683" lon="120.11444357"><ele>10.695</ele><time>2026-09-17T13:49:40Z</time><sat>35</sat></trkpt>
  <trkpt lat="30.28592420" lon="120.11447633"><ele>11.518</ele><time>2026-09-17T13:49:43Z</time><sat>34</sat></trkpt>
  <trkpt lat="30.28561408" lon="120.11449938"><ele>12.317</ele><time>2026-09-17T13:49:46Z</time><sat>34</sat></trkpt>
  <trkpt lat="30.28534389" lon="120.11450975"><ele>12.132</ele><time>2026-09-17T13:49:49Z</time><sat>36</sat></trkpt>
  <trkpt lat="30.28514783" lon="120.11452896"><ele>13.457</ele><time>2026-09-17T13:49:52Z</time><sat>38</sat></trkpt>
  <trkpt lat="30.28502254" lon="120.11453760"><ele>14.786</ele><time>2026-09-17T13:49:55Z</time><sat>36</sat></trkpt>
  <trkpt lat="30.28498096" lon="120.11455090"><ele>14.466</ele><time>2026-09-17T13:49:58Z</time><sat>34</sat></trkpt>
  <trkpt lat="30.28497366" lon="120.11455673"><ele>15.164</ele><time>2026-09-17T13:50:01Z</time><sat>36</sat></trkpt>
  <trkpt lat="30.28497090" lon="120.11456163"><ele>15.134</ele><time>2026-09-17T13:50:04Z</time><sat>36</sat></trkpt>
  <trkpt lat="30.28497219" lon="120.11456682"><ele>15.123</ele><time>2026-09-17T13:50:07Z</time><sat>36</sat></trkpt>
  <trkpt lat="30.28497099" lon="120.11456829"><ele>14.781</ele><time>2026-09-17T13:50:10Z</time><sat>35</sat></trkpt>
  <trkpt lat="30.28496869" lon="120.11457115"><ele>15.126</ele><time>2026-09-17T13:50:14Z</time><sat>36</sat></trkpt>
  <trkpt lat="30.28496752" lon="120.11457216"><ele>15.377</ele><time>2026-09-17T13:50:17Z</time><sat>36</sat></trkpt>
  <trkpt lat="30.28496667" lon="120.11457274"><ele>15.506</ele><time>2026-09-17T13:50:20Z</time><sat>37</sat></trkpt>
  <trkpt lat="30.28496605" lon="120.11457378"><ele>15.719</ele><time>2026-09-17T13:50:23Z</time><sat>38</sat></trkpt>
  <trkpt lat="30.28496576" lon="120.11457389"><ele>15.760</ele><time>2026-09-17T13:50:26Z</time><sat>37</sat></trkpt>
  <trkpt lat="30.28496611" lon="120.11457483"><ele>16.104</ele><time>2026-09-17T13:50:29Z</time><sat>35</sat></trkpt>
  <trkpt lat="30.28496622" lon="120.11457518"><ele>16.168</ele><time>2026-09-17T13:50:32Z</time><sat>35</sat></trkpt>
  <trkpt lat="30.28496642" lon="120.11457554"><ele>16.227</ele><time>2026-09-17T13:50:35Z</time><sat>36</sat></trkpt>
  <trkpt lat="30.28496649" lon="120.11457561"><ele>16.239</ele><time>2026-09-17T13:50:38Z</time><sat>31</sat></trkpt>
  <trkpt lat="30.28496636" lon="120.11457595"><ele>16.326</ele><time>2026-09-17T13:50:41Z</time><sat>31</sat></trkpt>
  <trkpt lat="30.28495046" lon="120.11458138"><ele>18.092</ele><time>2026-09-17T13:50:44Z</time><sat>32</sat></trkpt>
  <trkpt lat="30.28483733" lon="120.11456040"><ele>15.962</ele><time>2026-09-17T13:50:47Z</time><sat>34</sat></trkpt>
  <trkpt lat="30.28465481" lon="120.11456939"><ele>15.570</ele><time>2026-09-17T13:50:50Z</time><sat>36</sat></trkpt>
  <trkpt lat="30.28441871" lon="120.11459286"><ele>15.957</ele><time>2026-09-17T13:50:53Z</time><sat>36</sat></trkpt>
  <trkpt lat="30.28414727" lon="120.11462381"><ele>14.288</ele><time>2026-09-17T13:50:56Z</time><sat>34</sat></trkpt>
  <trkpt lat="30.28386102" lon="120.11464857"><ele>14.250</ele><time>2026-09-17T13:50:59Z</time><sat>36</sat></trkpt>
  <trkpt lat="30.28356467" lon="120.11467253"><ele>14.820</ele><time>2026-09-17T13:51:02Z</time><sat>36</sat></trkpt>
  <trkpt lat="30.28324712" lon="120.11469815"><ele>15.153</ele><time>2026-09-17T13:51:05Z</time><sat>36</sat></trkpt>
  <trkpt lat="30.28290804" lon="120.11471134"><ele>14.676</ele><time>2026-09-17T13:51:08Z</time><sat>36</sat></trkpt>
  <trkpt lat="30.28255517" lon="120.11473705"><ele>14.264</ele><time>2026-09-17T13:51:11Z</time><sat>35</sat></trkpt>
  <trkpt lat="30.28220205" lon="120.11476815"><ele>14.339</ele><time>2026-09-17T13:51:14Z</time><sat>37</sat></trkpt>
  <trkpt lat="30.28185023" lon="120.11479416"><ele>14.476</ele><time>2026-09-17T13:51:17Z</time><sat>37</sat></trkpt>
  <trkpt lat="30.28150238" lon="120.11482402"><ele>13.311</ele><time>2026-09-17T13:51:20Z</time><sat>39</sat></trkpt>
  <trkpt lat="30.28118390" lon="120.11486037"><ele>14.383</ele><time>2026-09-17T13:51:23Z</time><sat>37</sat></trkpt>
  <trkpt lat="30.28084333" lon="120.11488998"><ele>15.738</ele><time>2026-09-17T13:51:26Z</time><sat>36</sat></trkpt>
  <trkpt lat="30.28049004" lon="120.11491315"><ele>16.869</ele><time>2026-09-17T13:51:29Z</time><sat>36</sat></trkpt>
  <trkpt lat="30.28015580" lon="120.11492757"><ele>14.700</ele><time>2026-09-17T13:51:32Z</time><sat>35</sat></trkpt>
  <trkpt lat="30.27983424" lon="120.11494772"><ele>14.704</ele><time>2026-09-17T13:51:35Z</time><sat>37</sat></trkpt>
  <trkpt lat="30.27955324" lon="120.11496356"><ele>14.450</ele><time>2026-09-17T13:51:38Z</time><sat>38</sat></trkpt>
  <trkpt lat="30.27932112" lon="120.11498209"><ele>13.070</ele><time>2026-09-17T13:51:41Z</time><sat>37</sat></trkpt>
  <trkpt lat="30.27915431" lon="120.11500451"><ele>12.140</ele><time>2026-09-17T13:51:44Z</time><sat>38</sat></trkpt>
  <trkpt lat="30.27909023" lon="120.11501103"><ele>12.053</ele><time>2026-09-17T13:51:47Z</time><sat>36</sat></trkpt>
  <trkpt lat="30.27908846" lon="120.11502525"><ele>11.743</ele><time>2026-09-17T13:51:50Z</time><sat>37</sat></trkpt>
  <trkpt lat="30.27908785" lon="120.11503672"><ele>11.602</ele><time>2026-09-17T13:51:53Z</time><sat>34</sat></trkpt>
  <trkpt lat="30.27908681" lon="120.11504655"><ele>11.846</ele><time>2026-09-17T13:51:56Z</time><sat>35</sat></trkpt>
  <trkpt lat="30.27908263" lon="120.11505095"><ele>11.900</ele><time>2026-09-17T13:51:59Z</time><sat>36</sat></trkpt>
  <trkpt lat="30.27908104" lon="120.11505376"><ele>12.021</ele><time>2026-09-17T13:52:02Z</time><sat>35</sat></trkpt>
  <trkpt lat="30.27908067" lon="120.11505460"><ele>12.064</ele><time>2026-09-17T13:52:05Z</time><sat>36</sat></trkpt>
  <trkpt lat="30.27908064" lon="120.11505485"><ele>12.087</ele><time>2026-09-17T13:52:08Z</time><sat>36</sat></trkpt>
  <trkpt lat="30.27908054" lon="120.11505487"><ele>12.069</ele><time>2026-09-17T13:52:11Z</time><sat>36</sat></trkpt>
  <trkpt lat="30.27908070" lon="120.11505497"><ele>12.058</ele><time>2026-09-17T13:52:14Z</time><sat>35</sat></trkpt>
  <trkpt lat="30.27908066" lon="120.11505488"><ele>12.035</ele><time>2026-09-17T13:52:17Z</time><sat>33</sat></trkpt>
  <trkpt lat="30.27908071" lon="120.11505498"><ele>12.027</ele><time>2026-09-17T13:52:20Z</time><sat>33</sat></trkpt>
  <trkpt lat="30.27908079" lon="120.11505518"><ele>12.033</ele><time>2026-09-17T13:52:23Z</time><sat>35</sat></trkpt>
  <trkpt lat="30.27908074" lon="120.11505547"><ele>12.074</ele><time>2026-09-17T13:52:26Z</time><sat>34</sat></trkpt>
  <trkpt lat="30.27908319" lon="120.11505692"><ele>12.777</ele><time>2026-09-17T13:52:31Z</time><sat>25</sat></trkpt>
  <trkpt lat="30.27908815" lon="120.11506208"><ele>13.009</ele><time>2026-09-17T13:52:34Z</time><sat>21</sat></trkpt>
  <trkpt lat="30.27905734" lon="120.11507328"><ele>12.886</ele><time>2026-09-17T13:52:37Z</time><sat>24</sat></trkpt>
  <trkpt lat="30.27895488" lon="120.11509052"><ele>12.714</ele><time>2026-09-17T13:52:40Z</time><sat>29</sat></trkpt>
  <trkpt lat="30.27882228" lon="120.11509795"><ele>12.850</ele><time>2026-09-17T13:52:43Z</time><sat>29</sat></trkpt>
  <trkpt lat="30.27866069" lon="120.11512233"><ele>12.681</ele><time>2026-09-17T13:52:46Z</time><sat>27</sat></trkpt>
  <trkpt lat="30.27843128" lon="120.11511965"><ele>10.006</ele><time>2026-09-17T13:52:49Z</time><sat>31</sat></trkpt>
  <trkpt lat="30.27814891" lon="120.11515805"><ele>10.759</ele><time>2026-09-17T13:52:52Z</time><sat>32</sat></trkpt>
  <trkpt lat="30.27782227" lon="120.11518401"><ele>10.249</ele><time>2026-09-17T13:52:55Z</time><sat>31</sat></trkpt>
  <trkpt lat="30.27754903" lon="120.11520276"><ele>10.435</ele><time>2026-09-17T13:52:58Z</time><sat>31</sat></trkpt>
  <trkpt lat="30.27730819" lon="120.11521653"><ele>11.492</ele><time>2026-09-17T13:53:01Z</time><sat>27</sat></trkpt>
  <trkpt lat="30.27702961" lon="120.11523212"><ele>11.914</ele><time>2026-09-17T13:53:04Z</time><sat>27</sat></trkpt>
  <trkpt lat="30.27679432" lon="120.11524832"><ele>13.295</ele><time>2026-09-17T13:53:07Z</time><sat>28</sat></trkpt>
  <trkpt lat="30.27653630" lon="120.11528263"><ele>15.388</ele><time>2026-09-17T13:53:10Z</time><sat>36</sat></trkpt>
  <trkpt lat="30.27621272" lon="120.11528021"><ele>15.766</ele><time>2026-09-17T13:53:13Z</time><sat>37</sat></trkpt>
  <trkpt lat="30.27585588" lon="120.11528830"><ele>12.838</ele><time>2026-09-17T13:53:16Z</time><sat>37</sat></trkpt>
  <trkpt lat="30.27550227" lon="120.11530990"><ele>10.685</ele><time>2026-09-17T13:53:19Z</time><sat>36</sat></trkpt>
  <trkpt lat="30.27513722" lon="120.11535241"><ele>10.362</ele><time>2026-09-17T13:53:22Z</time><sat>36</sat></trkpt>
  <trkpt lat="30.27478330" lon="120.11538314"><ele>10.909</ele><time>2026-09-17T13:53:25Z</time><sat>36</sat></trkpt>
  <trkpt lat="30.27450246" lon="120.11539599"><ele>10.308</ele><time>2026-09-17T13:53:28Z</time><sat>37</sat></trkpt>
  <trkpt lat="30.27431679" lon="120.11546848"><ele>9.559</ele><time>2026-09-17T13:53:31Z</time><sat>38</sat></trkpt>
  <trkpt lat="30.27421183" lon="120.11560549"><ele>9.883</ele><time>2026-09-17T13:53:34Z</time><sat>37</sat></trkpt>
  <trkpt lat="30.27417062" lon="120.11579934"><ele>9.700</ele><time>2026-09-17T13:53:37Z</time><sat>36</sat></trkpt>
  <trkpt lat="30.27417133" lon="120.11604309"><ele>9.387</ele><time>2026-09-17T13:53:40Z</time><sat>36</sat></trkpt>
  <trkpt lat="30.27417972" lon="120.11633532"><ele>9.504</ele><time>2026-09-17T13:53:43Z</time><sat>35</sat></trkpt>
  <trkpt lat="30.27418817" lon="120.11668559"><ele>8.862</ele><time>2026-09-17T13:53:46Z</time><sat>34</sat></trkpt>
  <trkpt lat="30.27419825" lon="120.11706416"><ele>8.397</ele><time>2026-09-17T13:53:49Z</time><sat>37</sat></trkpt>
  <trkpt lat="30.27419428" lon="120.11741623"><ele>8.207</ele><time>2026-09-17T13:53:52Z</time><sat>37</sat></trkpt>
  <trkpt lat="30.27418453" lon="120.11772424"><ele>8.404</ele><time>2026-09-17T13:53:55Z</time><sat>35</sat></trkpt>
  <trkpt lat="30.27420034" lon="120.11796566"><ele>7.890</ele><time>2026-09-17T13:53:58Z</time><sat>35</sat></trkpt>
  <trkpt lat="30.27421102" lon="120.11821951"><ele>7.141</ele><time>2026-09-17T13:54:01Z</time><sat>39</sat></trkpt>
  <trkpt lat="30.27423854" lon="120.11856653"><ele>8.181</ele><time>2026-09-17T13:54:04Z</time><sat>38</sat></trkpt>
  <trkpt lat="30.27424002" lon="120.11886469"><ele>8.577</ele><time>2026-09-17T13:54:07Z</time><sat>37</sat></trkpt>
  <trkpt lat="30.27424368" lon="120.11905640"><ele>8.823</ele><time>2026-09-17T13:54:10Z</time><sat>38</sat></trkpt>
  <trkpt lat="30.27421618" lon="120.11916660"><ele>10.262</ele><time>2026-09-17T13:54:13Z</time><sat>36</sat></trkpt>
  <trkpt lat="30.27418012" lon="120.11920162"><ele>10.732</ele><time>2026-09-17T13:54:16Z</time><sat>36</sat></trkpt>
  <trkpt lat="30.27414295" lon="120.11921278"><ele>11.030</ele><time>2026-09-17T13:54:19Z</time><sat>36</sat></trkpt>
  <trkpt lat="30.27404583" lon="120.11917620"><ele>10.329</ele><time>2026-09-17T13:54:22Z</time><sat>37</sat></trkpt>
  <trkpt lat="30.27386994" lon="120.11909746"><ele>9.799</ele><time>2026-09-17T13:54:25Z</time><sat>38</sat></trkpt>
  <trkpt lat="30.27365985" lon="120.11894606"><ele>9.871</ele><time>2026-09-17T13:54:28Z</time><sat>38</sat></trkpt>
  <trkpt lat="30.27344825" lon="120.11879522"><ele>8.827</ele><time>2026-09-17T13:54:31Z</time><sat>38</sat></trkpt>
  <trkpt lat="30.27328357" lon="120.11866825"><ele>8.439</ele><time>2026-09-17T13:54:34Z</time><sat>38</sat></trkpt>
  <trkpt lat="30.27318397" lon="120.11859754"><ele>7.879</ele><time>2026-09-17T13:54:37Z</time><sat>36</sat></trkpt>
  <trkpt lat="30.27317096" lon="120.11859013"><ele>6.803</ele><time>2026-09-17T13:54:40Z</time><sat>37</sat></trkpt>
  <trkpt lat="30.27316717" lon="120.11859054"><ele>6.623</ele><time>2026-09-17T13:54:43Z</time><sat>37</sat></trkpt>
  <trkpt lat="30.27316412" lon="120.11858939"><ele>6.693</ele><time>2026-09-17T13:54:46Z</time><sat>36</sat></trkpt>
  <trkpt lat="30.27316423" lon="120.11858944"><ele>6.807</ele><time>2026-09-17T13:54:49Z</time><sat>35</sat></trkpt>
  <trkpt lat="30.27316502" lon="120.11858958"><ele>6.980</ele><time>2026-09-17T13:54:52Z</time><sat>36</sat></trkpt>
  <trkpt lat="30.27316517" lon="120.11858958"><ele>7.034</ele><time>2026-09-17T13:54:55Z</time><sat>37</sat></trkpt>
  <trkpt lat="30.27312388" lon="120.11855369"><ele>7.246</ele><time>2026-09-17T13:54:58Z</time><sat>37</sat></trkpt>
  <trkpt lat="30.27301673" lon="120.11847186"><ele>7.870</ele><time>2026-09-17T13:55:01Z</time><sat>36</sat></trkpt>
  <trkpt lat="30.27288826" lon="120.11838030"><ele>8.434</ele><time>2026-09-17T13:55:04Z</time><sat>36</sat></trkpt>
  <trkpt lat="30.27274990" lon="120.11837405"><ele>8.930</ele><time>2026-09-17T13:55:07Z</time><sat>37</sat></trkpt>
  <trkpt lat="30.27262589" lon="120.11848276"><ele>8.347</ele><time>2026-09-17T13:55:10Z</time><sat>35</sat></trkpt>
  <trkpt lat="30.27251243" lon="120.11868547"><ele>8.482</ele><time>2026-09-17T13:55:13Z</time><sat>32</sat></trkpt>
  <trkpt lat="30.27238760" lon="120.11892213"><ele>8.964</ele><time>2026-09-17T13:55:16Z</time><sat>31</sat></trkpt>
  <trkpt lat="30.27226031" lon="120.11915857"><ele>8.969</ele><time>2026-09-17T13:55:19Z</time><sat>28</sat></trkpt>
  <trkpt lat="30.27214012" lon="120.11937376"><ele>9.104</ele><time>2026-09-17T13:55:22Z</time><sat>29</sat></trkpt>
  <trkpt lat="30.27205629" lon="120.11952826"><ele>9.216</ele><time>2026-09-17T13:55:25Z</time><sat>32</sat></trkpt>
  <trkpt lat="30.27201510" lon="120.11960685"><ele>9.438</ele><time>2026-09-17T13:55:28Z</time><sat>33</sat></trkpt>
  <trkpt lat="30.27200938" lon="120.11961829"><ele>9.454</ele><time>2026-09-17T13:55:31Z</time><sat>32</sat></trkpt>
  <trkpt lat="30.27197868" lon="120.11967350"><ele>9.567</ele><time>2026-09-17T13:55:34Z</time><sat>31</sat></trkpt>
  <trkpt lat="30.27194417" lon="120.11972644"><ele>9.255</ele><time>2026-09-17T13:55:37Z</time><sat>33</sat></trkpt>
  <trkpt lat="30.27191554" lon="120.11976132"><ele>8.550</ele><time>2026-09-17T13:55:40Z</time><sat>31</sat></trkpt>
  <trkpt lat="30.27188026" lon="120.11978222"><ele>8.827</ele><time>2026-09-17T13:55:43Z</time><sat>26</sat></trkpt>
  <trkpt lat="30.27182708" lon="120.11978419"><ele>9.566</ele><time>2026-09-17T13:55:46Z</time><sat>27</sat></trkpt>
  <trkpt lat="30.27176789" lon="120.11975766"><ele>9.317</ele><time>2026-09-17T13:55:49Z</time><sat>30</sat></trkpt>
  <trkpt lat="30.27170356" lon="120.11972902"><ele>10.086</ele><time>2026-09-17T13:55:52Z</time><sat>32</sat></trkpt>
  <trkpt lat="30.27163107" lon="120.11969813"><ele>10.379</ele><time>2026-09-17T13:55:55Z</time><sat>33</sat></trkpt>
  <trkpt lat="30.27158947" lon="120.11968158"><ele>10.600</ele><time>2026-09-17T13:55:58Z</time><sat>33</sat></trkpt>
  <trkpt lat="30.27154339" lon="120.11966396"><ele>10.710</ele><time>2026-09-17T13:56:01Z</time><sat>30</sat></trkpt>
  <trkpt lat="30.27143878" lon="120.11962872"><ele>10.999</ele><time>2026-09-17T13:56:04Z</time><sat>30</sat></trkpt>
  <trkpt lat="30.27128883" lon="120.11959140"><ele>10.086</ele><time>2026-09-17T13:56:07Z</time><sat>34</sat></trkpt>
  <trkpt lat="30.27113210" lon="120.11953353"><ele>10.634</ele><time>2026-09-17T13:56:10Z</time><sat>33</sat></trkpt>
  <trkpt lat="30.27098311" lon="120.11948286"><ele>11.028</ele><time>2026-09-17T13:56:13Z</time><sat>29</sat></trkpt>
  <trkpt lat="30.27084557" lon="120.11942922"><ele>11.323</ele><time>2026-09-17T13:56:16Z</time><sat>31</sat></trkpt>
  <trkpt lat="30.27070021" lon="120.11937438"><ele>11.481</ele><time>2026-09-17T13:56:19Z</time><sat>32</sat></trkpt>
  <trkpt lat="30.27055584" lon="120.11931955"><ele>11.247</ele><time>2026-09-17T13:56:22Z</time><sat>30</sat></trkpt>
  <trkpt lat="30.27042165" lon="120.11926501"><ele>11.752</ele><time>2026-09-17T13:56:25Z</time><sat>31</sat></trkpt>
  <trkpt lat="30.27029874" lon="120.11921800"><ele>13.076</ele><time>2026-09-17T13:56:28Z</time><sat>33</sat></trkpt>
  <trkpt lat="30.27017380" lon="120.11917997"><ele>15.231</ele><time>2026-09-17T13:56:31Z</time><sat>34</sat></trkpt>
  <trkpt lat="30.27000918" lon="120.11911521"><ele>16.314</ele><time>2026-09-17T13:56:34Z</time><sat>34</sat></trkpt>
  <trkpt lat="30.26983089" lon="120.11905085"><ele>17.154</ele><time>2026-09-17T13:56:37Z</time><sat>33</sat></trkpt>
  <trkpt lat="30.26967656" lon="120.11900320"><ele>18.024</ele><time>2026-09-17T13:56:40Z</time><sat>31</sat></trkpt>
  <trkpt lat="30.26953128" lon="120.11894976"><ele>18.477</ele><time>2026-09-17T13:56:43Z</time><sat>30</sat></trkpt>
  <trkpt lat="30.26936393" lon="120.11888975"><ele>18.699</ele><time>2026-09-17T13:56:46Z</time><sat>29</sat></trkpt>
  <trkpt lat="30.26916557" lon="120.11881414"><ele>19.016</ele><time>2026-09-17T13:56:49Z</time><sat>29</sat></trkpt>
  <trkpt lat="30.26898438" lon="120.11875009"><ele>18.651</ele><time>2026-09-17T13:56:52Z</time><sat>27</sat></trkpt>
  <trkpt lat="30.26884865" lon="120.11870008"><ele>19.096</ele><time>2026-09-17T13:56:55Z</time><sat>28</sat></trkpt>
  <trkpt lat="30.26873927" lon="120.11865340"><ele>18.302</ele><time>2026-09-17T13:56:58Z</time><sat>30</sat></trkpt>
  <trkpt lat="30.26864786" lon="120.11862781"><ele>18.499</ele><time>2026-09-17T13:57:01Z</time><sat>33</sat></trkpt>
  <trkpt lat="30.26856888" lon="120.11864642"><ele>18.042</ele><time>2026-09-17T13:57:04Z</time><sat>33</sat></trkpt>
  <trkpt lat="30.26854557" lon="120.11869986"><ele>18.379</ele><time>2026-09-17T13:57:07Z</time><sat>34</sat></trkpt>
  <trkpt lat="30.26854335" lon="120.11876122"><ele>17.621</ele><time>2026-09-17T13:57:10Z</time><sat>34</sat></trkpt>
  <trkpt lat="30.26852052" lon="120.11888776"><ele>17.560</ele><time>2026-09-17T13:57:13Z</time><sat>34</sat></trkpt>
  <trkpt lat="30.26847891" lon="120.11904693"><ele>16.705</ele><time>2026-09-17T13:57:16Z</time><sat>34</sat></trkpt>
  <trkpt lat="30.26843949" lon="120.11920960"><ele>15.581</ele><time>2026-09-17T13:57:19Z</time><sat>33</sat></trkpt>
  <trkpt lat="30.26839754" lon="120.11934928"><ele>14.817</ele><time>2026-09-17T13:57:22Z</time><sat>33</sat></trkpt>
  <trkpt lat="30.26835589" lon="120.11946445"><ele>13.781</ele><time>2026-09-17T13:57:25Z</time><sat>29</sat></trkpt>
  <trkpt lat="30.26832855" lon="120.11954786"><ele>13.669</ele><time>2026-09-17T13:57:28Z</time><sat>29</sat></trkpt>
  <trkpt lat="30.26832037" lon="120.11960271"><ele>13.542</ele><time>2026-09-17T13:57:31Z</time><sat>32</sat></trkpt>
  <trkpt lat="30.26831981" lon="120.11963825"><ele>13.777</ele><time>2026-09-17T13:57:34Z</time><sat>34</sat></trkpt>
  <trkpt lat="30.26832699" lon="120.11966430"><ele>13.656</ele><time>2026-09-17T13:57:37Z</time><sat>34</sat></trkpt>
  <trkpt lat="30.26834423" lon="120.11970614"><ele>12.218</ele><time>2026-09-17T13:57:40Z</time><sat>34</sat></trkpt>
  <trkpt lat="30.26837001" lon="120.11974443"><ele>10.459</ele><time>2026-09-17T13:57:43Z</time><sat>34</sat></trkpt>
  <trkpt lat="30.26839259" lon="120.11975716"><ele>10.531</ele><time>2026-09-17T13:57:46Z</time><sat>34</sat></trkpt>
  <trkpt lat="30.26840120" lon="120.11974488"><ele>13.609</ele><time>2026-09-17T13:57:49Z</time><sat>36</sat></trkpt>
  <trkpt lat="30.26840529" lon="120.11971038"><ele>15.163</ele><time>2026-09-17T13:57:52Z</time><sat>35</sat></trkpt>
  <trkpt lat="30.26841324" lon="120.11969382"><ele>15.170</ele><time>2026-09-17T13:57:55Z</time><sat>38</sat></trkpt>
  <trkpt lat="30.26841606" lon="120.11968934"><ele>15.195</ele><time>2026-09-17T13:57:58Z</time><sat>39</sat></trkpt>
  <trkpt lat="30.26842439" lon="120.11967045"><ele>15.048</ele><time>2026-09-17T13:58:01Z</time><sat>39</sat></trkpt>
  <trkpt lat="30.26842778" lon="120.11965229"><ele>14.959</ele><time>2026-09-17T13:58:04Z</time><sat>39</sat></trkpt>
  <trkpt lat="30.26842745" lon="120.11965167"><ele>15.257</ele><time>2026-09-17T13:58:07Z</time><sat>39</sat></trkpt>
  <trkpt lat="30.26842614" lon="120.11965438"><ele>14.710</ele><time>2026-09-17T13:58:10Z</time><sat>39</sat></trkpt>
  <trkpt lat="30.26841432" lon="120.11967498"><ele>15.443</ele><time>2026-09-17T13:58:13Z</time><sat>39</sat></trkpt>
  <trkpt lat="30.26840088" lon="120.11969131"><ele>14.675</ele><time>2026-09-17T13:58:16Z</time><sat>38</sat></trkpt>
  <trkpt lat="30.26839576" lon="120.11970640"><ele>14.962</ele><time>2026-09-17T13:58:19Z</time><sat>38</sat></trkpt>
  <trkpt lat="30.26839308" lon="120.11971206"><ele>14.725</ele><time>2026-09-17T13:58:22Z</time><sat>39</sat></trkpt>
  <trkpt lat="30.26838661" lon="120.11971846"><ele>13.846</ele><time>2026-09-17T13:58:25Z</time><sat>39</sat></trkpt>
  <trkpt lat="30.26838653" lon="120.11972679"><ele>13.683</ele><time>2026-09-17T13:58:28Z</time><sat>38</sat></trkpt>
  <trkpt lat="30.26838774" lon="120.11972898"><ele>13.047</ele><time>2026-09-17T13:58:31Z</time><sat>38</sat></trkpt>
  <trkpt lat="30.26838704" lon="120.11972894"><ele>12.955</ele><time>2026-09-17T13:58:34Z</time><sat>38</sat></trkpt>
  <trkpt lat="30.26838673" lon="120.11972912"><ele>12.940</ele><time>2026-09-17T13:58:37Z</time><sat>35</sat></trkpt>
  <trkpt lat="30.26838714" lon="120.11972800"><ele>12.994</ele><time>2026-09-17T13:58:40Z</time><sat>20</sat></trkpt>
  <trkpt lat="30.26838766" lon="120.11972777"><ele>12.945</ele><time>2026-09-17T13:58:43Z</time><sat>30</sat></trkpt>
  <trkpt lat="30.26838758" lon="120.11972790"><ele>12.980</ele><time>2026-09-17T13:58:46Z</time><sat>35</sat></trkpt>
  <trkpt lat="30.26838650" lon="120.11972777"><ele>12.927</ele><time>2026-09-17T13:58:49Z</time><sat>35</sat></trkpt>
  <trkpt lat="30.26838570" lon="120.11972994"><ele>12.841</ele><time>2026-09-17T13:58:52Z</time><sat>34</sat></trkpt>
  <trkpt lat="30.26839923" lon="120.11973950"><ele>12.408</ele><time>2026-09-17T13:58:55Z</time><sat>37</sat></trkpt>
  <trkpt lat="30.26842622" lon="120.11974911"><ele>14.514</ele><time>2026-09-17T13:58:58Z</time><sat>39</sat></trkpt>
  <trkpt lat="30.26843294" lon="120.11975868"><ele>14.575</ele><time>2026-09-17T13:59:01Z</time><sat>38</sat></trkpt>
  <trkpt lat="30.26844230" lon="120.11975510"><ele>14.802</ele><time>2026-09-17T13:59:04Z</time><sat>37</sat></trkpt>
  <trkpt lat="30.26844867" lon="120.11974506"><ele>13.570</ele><time>2026-09-17T13:59:07Z</time><sat>37</sat></trkpt>
  <trkpt lat="30.26845311" lon="120.11973963"><ele>13.245</ele><time>2026-09-17T13:59:10Z</time><sat>38</sat></trkpt>
  <trkpt lat="30.26846757" lon="120.11969646"><ele>12.963</ele><time>2026-09-17T13:59:13Z</time><sat>38</sat></trkpt>
  <trkpt lat="30.26848710" lon="120.11964815"><ele>12.427</ele><time>2026-09-17T13:59:16Z</time><sat>37</sat></trkpt>
  <trkpt lat="30.26849890" lon="120.11959753"><ele>12.446</ele><time>2026-09-17T13:59:19Z</time><sat>37</sat></trkpt>
  <trkpt lat="30.26852797" lon="120.11955437"><ele>14.462</ele><time>2026-09-17T13:59:22Z</time><sat>37</sat></trkpt>
  <trkpt lat="30.26853929" lon="120.11952387"><ele>14.490</ele><time>2026-09-17T13:59:25Z</time><sat>37</sat></trkpt>
  <trkpt lat="30.26853970" lon="120.11948936"><ele>14.187</ele><time>2026-09-17T13:59:28Z</time><sat>40</sat></trkpt>
  <trkpt lat="30.26853961" lon="120.11946071"><ele>13.673</ele><time>2026-09-17T13:59:31Z</time><sat>40</sat></trkpt>
  <trkpt lat="30.26854666" lon="120.11943121"><ele>14.127</ele><time>2026-09-17T13:59:34Z</time><sat>39</sat></trkpt>
  <trkpt lat="30.26855719" lon="120.11940754"><ele>13.764</ele><time>2026-09-17T13:59:37Z</time><sat>38</sat></trkpt>
  <trkpt lat="30.26857044" lon="120.11939122"><ele>14.172</ele><time>2026-09-17T13:59:40Z</time><sat>38</sat></trkpt>
  <trkpt lat="30.26859552" lon="120.11937205"><ele>14.976</ele><time>2026-09-17T13:59:43Z</time><sat>37</sat></trkpt>
  <trkpt lat="30.26861021" lon="120.11934027"><ele>13.903</ele><time>2026-09-17T13:59:46Z</time><sat>38</sat></trkpt>
  <trkpt lat="30.26862127" lon="120.11930624"><ele>14.456</ele><time>2026-09-17T13:59:49Z</time><sat>39</sat></trkpt>
  <trkpt lat="30.26863043" lon="120.11927202"><ele>14.479</ele><time>2026-09-17T13:59:52Z</time><sat>38</sat></trkpt>
  <trkpt lat="30.26863621" lon="120.11923568"><ele>14.172</ele><time>2026-09-17T13:59:55Z</time><sat>37</sat></trkpt>
  <trkpt lat="30.26864713" lon="120.11920379"><ele>14.512</ele><time>2026-09-17T13:59:58Z</time><sat>37</sat></trkpt>
  <trkpt lat="30.26866362" lon="120.11916734"><ele>15.465</ele><time>2026-09-17T14:00:01Z</time><sat>36</sat></trkpt>
  <trkpt lat="30.26867492" lon="120.11913343"><ele>15.922</ele><time>2026-09-17T14:00:04Z</time><sat>39</sat></trkpt>
  <trkpt lat="30.26867720" lon="120.11909947"><ele>16.764</ele><time>2026-09-17T14:00:07Z</time><sat>39</sat></trkpt>
  <trkpt lat="30.26868374" lon="120.11906395"><ele>17.307</ele><time>2026-09-17T14:00:10Z</time><sat>39</sat></trkpt>
  <trkpt lat="30.26868279" lon="120.11902659"><ele>17.491</ele><time>2026-09-17T14:00:13Z</time><sat>38</sat></trkpt>
  <trkpt lat="30.26869023" lon="120.11899273"><ele>18.083</ele><time>2026-09-17T14:00:16Z</time><sat>37</sat></trkpt>
  <trkpt lat="30.26870916" lon="120.11896569"><ele>17.822</ele><time>2026-09-17T14:00:19Z</time><sat>40</sat></trkpt>
  <trkpt lat="30.26871967" lon="120.11893289"><ele>17.968</ele><time>2026-09-17T14:00:22Z</time><sat>39</sat></trkpt>
  <trkpt lat="30.26873314" lon="120.11890491"><ele>16.571</ele><time>2026-09-17T14:00:25Z</time><sat>36</sat></trkpt>
  <trkpt lat="30.26874333" lon="120.11888564"><ele>16.816</ele><time>2026-09-17T14:00:28Z</time><sat>35</sat></trkpt>
  <trkpt lat="30.26875442" lon="120.11890980"><ele>16.776</ele><time>2026-09-17T14:00:31Z</time><sat>37</sat></trkpt>
  <trkpt lat="30.26875465" lon="120.11891054"><ele>17.825</ele><time>2026-09-17T14:00:34Z</time><sat>39</sat></trkpt>
  <trkpt lat="30.26878044" lon="120.11890770"><ele>17.277</ele><time>2026-09-17T14:00:37Z</time><sat>37</sat></trkpt>
  <trkpt lat="30.26878991" lon="120.11887334"><ele>17.952</ele><time>2026-09-17T14:00:40Z</time><sat>38</sat></trkpt>
  <trkpt lat="30.26879125" lon="120.11882685"><ele>16.845</ele><time>2026-09-17T14:00:43Z</time><sat>37</sat></trkpt>
  <trkpt lat="30.26876971" lon="120.11879068"><ele>16.149</ele><time>2026-09-17T14:00:46Z</time><sat>36</sat></trkpt>
  <trkpt lat="30.26874376" lon="120.11875544"><ele>16.092</ele><time>2026-09-17T14:00:49Z</time><sat>35</sat></trkpt>
  <trkpt lat="30.26871698" lon="120.11872331"><ele>16.460</ele><time>2026-09-17T14:00:52Z</time><sat>37</sat></trkpt>
  <trkpt lat="30.26869659" lon="120.11869337"><ele>17.303</ele><time>2026-09-17T14:00:55Z</time><sat>37</sat></trkpt>
  <trkpt lat="30.26866721" lon="120.11868375"><ele>17.943</ele><time>2026-09-17T14:00:58Z</time><sat>37</sat></trkpt>
  <trkpt lat="30.26864023" lon="120.11866950"><ele>17.889</ele><time>2026-09-17T14:01:01Z</time><sat>36</sat></trkpt>
  <trkpt lat="30.26862111" lon="120.11864349"><ele>18.097</ele><time>2026-09-17T14:01:04Z</time><sat>35</sat></trkpt>
  <trkpt lat="30.26861888" lon="120.11860816"><ele>17.689</ele><time>2026-09-17T14:01:07Z</time><sat>38</sat></trkpt>
  <trkpt lat="30.26862304" lon="120.11857837"><ele>17.907</ele><time>2026-09-17T14:01:10Z</time><sat>37</sat></trkpt>
  <trkpt lat="30.26861525" lon="120.11854771"><ele>17.547</ele><time>2026-09-17T14:01:13Z</time><sat>37</sat></trkpt>
  <trkpt lat="30.26859829" lon="120.11852372"><ele>15.867</ele><time>2026-09-17T14:01:16Z</time><sat>37</sat></trkpt>
  <trkpt lat="30.26856331" lon="120.11850807"><ele>16.642</ele><time>2026-09-17T14:01:19Z</time><sat>36</sat></trkpt>
  <trkpt lat="30.26853261" lon="120.11849232"><ele>16.507</ele><time>2026-09-17T14:01:22Z</time><sat>37</sat></trkpt>
  <trkpt lat="30.26850570" lon="120.11847599"><ele>17.092</ele><time>2026-09-17T14:01:25Z</time><sat>39</sat></trkpt>
  <trkpt lat="30.26847910" lon="120.11846482"><ele>16.578</ele><time>2026-09-17T14:01:28Z</time><sat>38</sat></trkpt>
  <trkpt lat="30.26844604" lon="120.11845819"><ele>16.178</ele><time>2026-09-17T14:01:31Z</time><sat>36</sat></trkpt>
  <trkpt lat="30.26841596" lon="120.11844673"><ele>16.111</ele><time>2026-09-17T14:01:34Z</time><sat>35</sat></trkpt>
  <trkpt lat="30.26838894" lon="120.11843624"><ele>16.073</ele><time>2026-09-17T14:01:37Z</time><sat>36</sat></trkpt>
  <trkpt lat="30.26836544" lon="120.11842561"><ele>16.459</ele><time>2026-09-17T14:01:40Z</time><sat>35</sat></trkpt>
  <trkpt lat="30.26834144" lon="120.11841882"><ele>16.744</ele><time>2026-09-17T14:01:43Z</time><sat>35</sat></trkpt>
  <trkpt lat="30.26831822" lon="120.11840422"><ele>16.294</ele><time>2026-09-17T14:01:46Z</time><sat>33</sat></trkpt>
  <trkpt lat="30.26829794" lon="120.11839156"><ele>16.098</ele><time>2026-09-17T14:01:49Z</time><sat>33</sat></trkpt>
  <trkpt lat="30.26827329" lon="120.11837595"><ele>15.694</ele><time>2026-09-17T14:01:52Z</time><sat>33</sat></trkpt>
  <trkpt lat="30.26824913" lon="120.11836165"><ele>16.657</ele><time>2026-09-17T14:01:55Z</time><sat>33</sat></trkpt>
  <trkpt lat="30.26822018" lon="120.11834675"><ele>18.683</ele><time>2026-09-17T14:01:58Z</time><sat>32</sat></trkpt>
  <trkpt lat="30.26818619" lon="120.11834909"><ele>18.896</ele><time>2026-09-17T14:02:01Z</time><sat>34</sat></trkpt>
  <trkpt lat="30.26815644" lon="120.11835495"><ele>18.478</ele><time>2026-09-17T14:02:04Z</time><sat>34</sat></trkpt>
  <trkpt lat="30.26812789" lon="120.11834684"><ele>16.978</ele><time>2026-09-17T14:02:07Z</time><sat>32</sat></trkpt>
  <trkpt lat="30.26810281" lon="120.11833378"><ele>17.454</ele><time>2026-09-17T14:02:10Z</time><sat>33</sat></trkpt>
  <trkpt lat="30.26809916" lon="120.11830569"><ele>16.675</ele><time>2026-09-17T14:02:13Z</time><sat>33</sat></trkpt>
  <trkpt lat="30.26810489" lon="120.11826911"><ele>18.119</ele><time>2026-09-17T14:02:16Z</time><sat>33</sat></trkpt>
  <trkpt lat="30.26810729" lon="120.11824097"><ele>20.034</ele><time>2026-09-17T14:02:19Z</time><sat>34</sat></trkpt>
  <trkpt lat="30.26811087" lon="120.11821157"><ele>21.057</ele><time>2026-09-17T14:02:22Z</time><sat>32</sat></trkpt>
  <trkpt lat="30.26811975" lon="120.11818443"><ele>19.528</ele><time>2026-09-17T14:02:25Z</time><sat>30</sat></trkpt>
  <trkpt lat="30.26812912" lon="120.11815856"><ele>18.307</ele><time>2026-09-17T14:02:28Z</time><sat>30</sat></trkpt>
  <trkpt lat="30.26813744" lon="120.11814351"><ele>17.133</ele><time>2026-09-17T14:02:31Z</time><sat>29</sat></trkpt>
  <trkpt lat="30.26813659" lon="120.11814414"><ele>17.059</ele><time>2026-09-17T14:02:34Z</time><sat>26</sat></trkpt>
  <trkpt lat="30.26813628" lon="120.11816433"><ele>17.604</ele><time>2026-09-17T14:02:37Z</time><sat>28</sat></trkpt>
  <trkpt lat="30.26815033" lon="120.11819651"><ele>18.074</ele><time>2026-09-17T14:02:40Z</time><sat>26</sat></trkpt>
  <trkpt lat="30.26816779" lon="120.11823160"><ele>18.352</ele><time>2026-09-17T14:02:43Z</time><sat>16</sat></trkpt>
  <trkpt lat="30.26823406" lon="120.11819709"><ele>17.422</ele><time>2026-09-17T14:02:46Z</time><sat>15</sat></trkpt>
  <trkpt lat="30.26826045" lon="120.11816123"><ele>14.192</ele><time>2026-09-17T14:02:49Z</time><sat>15</sat></trkpt>
  <trkpt lat="30.26826541" lon="120.11811207"><ele>11.642</ele><time>2026-09-17T14:02:52Z</time><sat>19</sat></trkpt>
  <trkpt lat="30.26824408" lon="120.11802085"><ele>15.356</ele><time>2026-09-17T14:02:55Z</time><sat>29</sat></trkpt>
  <trkpt lat="30.26822353" lon="120.11794994"><ele>16.712</ele><time>2026-09-17T14:02:58Z</time><sat>31</sat></trkpt>
  <trkpt lat="30.26821384" lon="120.11791858"><ele>17.267</ele><time>2026-09-17T14:03:01Z</time><sat>32</sat></trkpt>
  <trkpt lat="30.26821233" lon="120.11791273"><ele>17.306</ele><time>2026-09-17T14:03:06Z</time><sat>13</sat></trkpt>
  <trkpt lat="30.26821422" lon="120.11795369"><ele>16.739</ele><time>2026-09-17T14:03:09Z</time></trkpt>
  <trkpt lat="30.26822952" lon="120.11794957"><ele>18.824</ele><time>2026-09-17T14:03:12Z</time><sat>12</sat></trkpt>
  <trkpt lat="30.26819592" lon="120.11793504"><ele>18.813</ele><time>2026-09-17T14:03:15Z</time><sat>22</sat></trkpt>
  <trkpt lat="30.26819201" lon="120.11793719"><ele>17.422</ele><time>2026-09-17T14:03:18Z</time><sat>20</sat></trkpt>
  <trkpt lat="30.26819594" lon="120.11793801"><ele>18.441</ele><time>2026-09-17T14:03:21Z</time><sat>30</sat></trkpt>
  <trkpt lat="30.26819355" lon="120.11792600"><ele>19.969</ele><time>2026-09-17T14:03:24Z</time><sat>32</sat></trkpt>
  <trkpt lat="30.26821053" lon="120.11793534"><ele>20.932</ele><time>2026-09-17T14:03:27Z</time><sat>31</sat></trkpt>
  <trkpt lat="30.26819997" lon="120.11801078"><ele>15.338</ele><time>2026-09-17T14:03:30Z</time><sat>26</sat></trkpt>
  <trkpt lat="30.26820264" lon="120.11806303"><ele>15.702</ele><time>2026-09-17T14:03:33Z</time><sat>14</sat></trkpt>
  <trkpt lat="30.26820677" lon="120.11810225"><ele>14.286</ele><time>2026-09-17T14:03:36Z</time><sat>13</sat></trkpt>
  <trkpt lat="30.26817076" lon="120.11810607"><ele>14.659</ele><time>2026-09-17T14:03:39Z</time><sat>20</sat></trkpt>
  <trkpt lat="30.26817500" lon="120.11812055"><ele>14.997</ele><time>2026-09-17T14:03:42Z</time><sat>21</sat></trkpt>
  <trkpt lat="30.26817579" lon="120.11812263"><ele>14.999</ele><time>2026-09-17T14:03:45Z</time><sat>13</sat></trkpt>
  <trkpt lat="30.26818693" lon="120.11809794"><ele>15.067</ele><time>2026-09-17T14:03:48Z</time><sat>2</sat></trkpt>
  <trkpt lat="30.26817871" lon="120.11804454"><ele>15.797</ele><time>2026-09-17T14:03:51Z</time><sat>6</sat></trkpt>
  <trkpt lat="30.26817304" lon="120.11803097"><ele>15.797</ele><time>2026-09-17T14:03:54Z</time><sat>8</sat></trkpt>
  <trkpt lat="30.26817240" lon="120.11802944"><ele>15.797</ele><time>2026-09-17T14:03:57Z</time><sat>2</sat></trkpt>
  <trkpt lat="30.26817239" lon="120.11802942"><ele>15.797</ele><time>2026-09-17T14:04:00Z</time></trkpt>
  <trkpt lat="30.26817239" lon="120.11802942"><ele>15.797</ele><time>2026-09-17T14:04:03Z</time></trkpt>
  <trkpt lat="30.26817239" lon="120.11802942"><ele>15.797</ele><time>2026-09-17T14:04:06Z</time></trkpt>
  <trkpt lat="30.26817239" lon="120.11802942"><ele>15.797</ele><time>2026-09-17T14:04:09Z</time></trkpt>
  <trkpt lat="30.26817239" lon="120.11802942"><ele>15.797</ele><time>2026-09-17T14:04:12Z</time></trkpt>
  <trkpt lat="30.26817239" lon="120.11802942"><ele>15.797</ele><time>2026-09-17T14:04:15Z</time></trkpt>
  <trkpt lat="30.26817239" lon="120.11802942"><ele>15.797</ele><time>2026-09-17T14:04:18Z</time></trkpt>
  <trkpt lat="30.26817239" lon="120.11802942"><ele>15.797</ele><time>2026-09-17T14:04:21Z</time></trkpt>
  <trkpt lat="30.26817239" lon="120.11802942"><ele>15.797</ele><time>2026-09-17T14:04:24Z</time></trkpt>
  <trkpt lat="30.26817239" lon="120.11802942"><ele>15.797</ele><time>2026-09-17T14:04:27Z</time></trkpt>
  <trkpt lat="30.26817239" lon="120.11802942"><ele>15.797</ele><time>2026-09-17T14:04:30Z</time></trkpt>
  <trkpt lat="30.26817239" lon="120.11802942"><ele>15.797</ele><time>2026-09-17T14:04:33Z</time></trkpt>
  <trkpt lat="30.26817239" lon="120.11802942"><ele>15.797</ele><time>2026-09-17T14:04:36Z</time></trkpt>
  <trkpt lat="30.26817239" lon="120.11802942"><ele>15.797</ele><time>2026-09-17T14:04:39Z</time></trkpt>
  <trkpt lat="30.26817239" lon="120.11802942"><ele>15.797</ele><time>2026-09-17T14:04:42Z</time></trkpt>
  <trkpt lat="30.26817239" lon="120.11802942"><ele>15.797</ele><time>2026-09-17T14:04:45Z</time></trkpt>
  <trkpt lat="30.26817239" lon="120.11802942"><ele>15.797</ele><time>2026-09-17T14:04:48Z</time></trkpt>
  <trkpt lat="30.26899059" lon="120.11799321"><ele>24.490</ele><time>2026-09-17T14:05:03Z</time><sat>10</sat></trkpt>
  <trkpt lat="30.26887699" lon="120.11804127"><ele>25.066</ele><time>2026-09-17T14:05:06Z</time><sat>9</sat></trkpt>
  <trkpt lat="30.26884826" lon="120.11808220"><ele>25.724</ele><time>2026-09-17T14:05:09Z</time><sat>7</sat></trkpt>
  <trkpt lat="30.26883146" lon="120.11811154"><ele>25.967</ele><time>2026-09-17T14:05:12Z</time><sat>8</sat></trkpt>
  <trkpt lat="30.26881657" lon="120.11813380"><ele>25.992</ele><time>2026-09-17T14:05:15Z</time><sat>7</sat></trkpt>
  <trkpt lat="30.26881901" lon="120.11809745"><ele>25.108</ele><time>2026-09-17T14:05:18Z</time><sat>6</sat></trkpt>
  <trkpt lat="30.26880992" lon="120.11809063"><ele>25.223</ele><time>2026-09-17T14:05:21Z</time><sat>8</sat></trkpt>
  <trkpt lat="30.26881566" lon="120.11806743"><ele>24.410</ele><time>2026-09-17T14:05:24Z</time><sat>10</sat></trkpt>
  <trkpt lat="30.26881656" lon="120.11805939"><ele>24.155</ele><time>2026-09-17T14:05:27Z</time><sat>10</sat></trkpt>
  <trkpt lat="30.26881738" lon="120.11803619"><ele>23.547</ele><time>2026-09-17T14:05:30Z</time><sat>8</sat></trkpt>
  <trkpt lat="30.26882108" lon="120.11803125"><ele>23.302</ele><time>2026-09-17T14:05:33Z</time><sat>8</sat></trkpt>
  <trkpt lat="30.26882088" lon="120.11803087"><ele>23.266</ele><time>2026-09-17T14:05:36Z</time><sat>7</sat></trkpt>
  <trkpt lat="30.26882069" lon="120.11803127"><ele>23.261</ele><time>2026-09-17T14:05:39Z</time><sat>9</sat></trkpt>
  <trkpt lat="30.26882060" lon="120.11803136"><ele>23.277</ele><time>2026-09-17T14:05:42Z</time><sat>7</sat></trkpt>
  <trkpt lat="30.26882279" lon="120.11803205"><ele>23.205</ele><time>2026-09-17T14:05:45Z</time><sat>7</sat></trkpt>
  <trkpt lat="30.26882377" lon="120.11803315"><ele>22.936</ele><time>2026-09-17T14:05:48Z</time><sat>7</sat></trkpt>
  <trkpt lat="30.26882191" lon="120.11803774"><ele>22.803</ele><time>2026-09-17T14:05:51Z</time><sat>9</sat></trkpt>
  <trkpt lat="30.26882065" lon="120.11804087"><ele>22.721</ele><time>2026-09-17T14:05:54Z</time><sat>5</sat></trkpt>
  <trkpt lat="30.26881859" lon="120.11804442"><ele>22.635</ele><time>2026-09-17T14:05:57Z</time><sat>4</sat></trkpt>
  <trkpt lat="30.26882230" lon="120.11803912"><ele>22.262</ele><time>2026-09-17T14:06:00Z</time><sat>6</sat></trkpt>
  <trkpt lat="30.26882051" lon="120.11804228"><ele>22.192</ele><time>2026-09-17T14:06:03Z</time><sat>7</sat></trkpt>
  <trkpt lat="30.26881902" lon="120.11804456"><ele>22.190</ele><time>2026-09-17T14:06:06Z</time><sat>5</sat></trkpt>
  <trkpt lat="30.26881870" lon="120.11804535"><ele>22.168</ele><time>2026-09-17T14:06:09Z</time><sat>5</sat></trkpt>
  <trkpt lat="30.26881663" lon="120.11804840"><ele>22.278</ele><time>2026-09-17T14:06:12Z</time><sat>5</sat></trkpt>
  <trkpt lat="30.26880969" lon="120.11805931"><ele>22.679</ele><time>2026-09-17T14:06:15Z</time><sat>6</sat></trkpt>
  <trkpt lat="30.26880602" lon="120.11806343"><ele>22.840</ele><time>2026-09-17T14:06:18Z</time><sat>6</sat></trkpt>
  <trkpt lat="30.26880427" lon="120.11806566"><ele>22.866</ele><time>2026-09-17T14:06:21Z</time><sat>7</sat></trkpt>
  <trkpt lat="30.26880280" lon="120.11806796"><ele>22.949</ele><time>2026-09-17T14:06:24Z</time><sat>7</sat></trkpt>
  <trkpt lat="30.26879929" lon="120.11806893"><ele>23.028</ele><time>2026-09-17T14:06:27Z</time><sat>5</sat></trkpt>
  <trkpt lat="30.26879343" lon="120.11806883"><ele>23.060</ele><time>2026-09-17T14:06:30Z</time><sat>6</sat></trkpt>
  <trkpt lat="30.26879294" lon="120.11806960"><ele>23.055</ele><time>2026-09-17T14:06:33Z</time><sat>5</sat></trkpt>
  <trkpt lat="30.26879208" lon="120.11807068"><ele>23.017</ele><time>2026-09-17T14:06:36Z</time><sat>5</sat></trkpt>
  <trkpt lat="30.26879120" lon="120.11807175"><ele>23.033</ele><time>2026-09-17T14:06:39Z</time><sat>6</sat></trkpt>
  <trkpt lat="30.26879291" lon="120.11807451"><ele>23.060</ele><time>2026-09-17T14:06:42Z</time><sat>6</sat></trkpt>
  <trkpt lat="30.26879186" lon="120.11807553"><ele>23.053</ele><time>2026-09-17T14:06:45Z</time><sat>6</sat></trkpt>
  <trkpt lat="30.26879136" lon="120.11807602"><ele>23.029</ele><time>2026-09-17T14:06:48Z</time><sat>5</sat></trkpt>
  <trkpt lat="30.26879010" lon="120.11807723"><ele>23.016</ele><time>2026-09-17T14:06:51Z</time><sat>6</sat></trkpt>
  <trkpt lat="30.26879029" lon="120.11807734"><ele>23.027</ele><time>2026-09-17T14:06:54Z</time><sat>6</sat></trkpt>
  <trkpt lat="30.26879011" lon="120.11807735"><ele>23.023</ele><time>2026-09-17T14:06:57Z</time><sat>6</sat></trkpt>
  <trkpt lat="30.26878984" lon="120.11807732"><ele>23.021</ele><time>2026-09-17T14:07:00Z</time><sat>4</sat></trkpt>
  <trkpt lat="30.26878956" lon="120.11807732"><ele>22.968</ele><time>2026-09-17T14:07:03Z</time><sat>5</sat></trkpt>
  <trkpt lat="30.26878920" lon="120.11807734"><ele>22.899</ele><time>2026-09-17T14:07:06Z</time><sat>5</sat></trkpt>
  <trkpt lat="30.26878863" lon="120.11807736"><ele>22.849</ele><time>2026-09-17T14:07:09Z</time><sat>4</sat></trkpt>
  <trkpt lat="30.26878800" lon="120.11807737"><ele>22.828</ele><time>2026-09-17T14:07:12Z</time><sat>4</sat></trkpt>
  <trkpt lat="30.26878762" lon="120.11807739"><ele>22.776</ele><time>2026-09-17T14:07:15Z</time><sat>5</sat></trkpt>
  <trkpt lat="30.26878730" lon="120.11807739"><ele>22.719</ele><time>2026-09-17T14:07:18Z</time><sat>5</sat></trkpt>
  <trkpt lat="30.26878668" lon="120.11807741"><ele>22.719</ele><time>2026-09-17T14:07:21Z</time><sat>4</sat></trkpt>
  <trkpt lat="30.26878667" lon="120.11807719"><ele>22.669</ele><time>2026-09-17T14:07:24Z</time><sat>4</sat></trkpt>
  <trkpt lat="30.26876182" lon="120.11807222"><ele>21.930</ele><time>2026-09-17T14:07:27Z</time><sat>6</sat></trkpt>
  <trkpt lat="30.26876202" lon="120.11807175"><ele>21.864</ele><time>2026-09-17T14:07:30Z</time><sat>7</sat></trkpt>
  <trkpt lat="30.26876178" lon="120.11807175"><ele>21.830</ele><time>2026-09-17T14:07:33Z</time><sat>6</sat></trkpt>
  <trkpt lat="30.26876156" lon="120.11807173"><ele>21.805</ele><time>2026-09-17T14:07:36Z</time><sat>5</sat></trkpt>
  <trkpt lat="30.26874480" lon="120.11806839"><ele>21.331</ele><time>2026-09-17T14:07:39Z</time><sat>5</sat></trkpt>
  <trkpt lat="30.26874449" lon="120.11806831"><ele>21.341</ele><time>2026-09-17T14:07:42Z</time><sat>6</sat></trkpt>
  <trkpt lat="30.26874397" lon="120.11806833"><ele>21.309</ele><time>2026-09-17T14:07:45Z</time><sat>5</sat></trkpt>
  <trkpt lat="30.26874344" lon="120.11806831"><ele>21.275</ele><time>2026-09-17T14:07:48Z</time><sat>4</sat></trkpt>
  <trkpt lat="30.26874327" lon="120.11806830"><ele>21.265</ele><time>2026-09-17T14:07:51Z</time><sat>5</sat></trkpt>
  <trkpt lat="30.26874275" lon="120.11806830"><ele>21.270</ele><time>2026-09-17T14:07:54Z</time><sat>5</sat></trkpt>
  <trkpt lat="30.26874230" lon="120.11806831"><ele>21.254</ele><time>2026-09-17T14:07:57Z</time><sat>4</sat></trkpt>
  <trkpt lat="30.26874229" lon="120.11806833"><ele>21.253</ele><time>2026-09-17T14:08:00Z</time><sat>4</sat></trkpt>
  <trkpt lat="30.26874201" lon="120.11806832"><ele>21.273</ele><time>2026-09-17T14:08:03Z</time><sat>5</sat></trkpt>
  <trkpt lat="30.26874184" lon="120.11806833"><ele>21.251</ele><time>2026-09-17T14:08:06Z</time><sat>5</sat></trkpt>
  <trkpt lat="30.26874252" lon="120.11806853"><ele>21.211</ele><time>2026-09-17T14:08:09Z</time><sat>4</sat></trkpt>
  <trkpt lat="30.26874226" lon="120.11806852"><ele>21.231</ele><time>2026-09-17T14:08:12Z</time><sat>5</sat></trkpt>
  <trkpt lat="30.26874180" lon="120.11806857"><ele>21.201</ele><time>2026-09-17T14:08:15Z</time><sat>5</sat></trkpt>
  <trkpt lat="30.26874153" lon="120.11806859"><ele>21.199</ele><time>2026-09-17T14:08:18Z</time><sat>4</sat></trkpt>
  <trkpt lat="30.26874526" lon="120.11806968"><ele>21.086</ele><time>2026-09-17T14:08:21Z</time><sat>3</sat></trkpt>
  <trkpt lat="30.26874490" lon="120.11806973"><ele>21.091</ele><time>2026-09-17T14:08:24Z</time><sat>6</sat></trkpt>
  <trkpt lat="30.26874436" lon="120.11806979"><ele>21.092</ele><time>2026-09-17T14:08:27Z</time><sat>6</sat></trkpt>
  <trkpt lat="30.26874405" lon="120.11806983"><ele>21.085</ele><time>2026-09-17T14:08:30Z</time><sat>5</sat></trkpt>
  <trkpt lat="30.26874373" lon="120.11806986"><ele>21.090</ele><time>2026-09-17T14:08:33Z</time><sat>5</sat></trkpt>
  <trkpt lat="30.26874370" lon="120.11806984"><ele>21.113</ele><time>2026-09-17T14:08:36Z</time><sat>4</sat></trkpt>
  <trkpt lat="30.26874338" lon="120.11806987"><ele>21.116</ele><time>2026-09-17T14:08:39Z</time><sat>4</sat></trkpt>
  <trkpt lat="30.26874306" lon="120.11806990"><ele>21.107</ele><time>2026-09-17T14:08:42Z</time><sat>4</sat></trkpt>
  <trkpt lat="30.26874274" lon="120.11806983"><ele>21.109</ele><time>2026-09-17T14:08:45Z</time><sat>4</sat></trkpt>
  <trkpt lat="30.26874240" lon="120.11806984"><ele>21.107</ele><time>2026-09-17T14:08:48Z</time><sat>5</sat></trkpt>
  <trkpt lat="30.26874227" lon="120.11806989"><ele>21.095</ele><time>2026-09-17T14:08:51Z</time><sat>5</sat></trkpt>
  <trkpt lat="30.26874206" lon="120.11806998"><ele>21.085</ele><time>2026-09-17T14:08:54Z</time><sat>5</sat></trkpt>
  <trkpt lat="30.26874190" lon="120.11807001"><ele>21.079</ele><time>2026-09-17T14:08:57Z</time><sat>5</sat></trkpt>
  <trkpt lat="30.26874174" lon="120.11807002"><ele>21.075</ele><time>2026-09-17T14:09:00Z</time><sat>5</sat></trkpt>
  <trkpt lat="30.26874169" lon="120.11807001"><ele>21.081</ele><time>2026-09-17T14:09:03Z</time><sat>6</sat></trkpt>
  <trkpt lat="30.26874159" lon="120.11806999"><ele>21.082</ele><time>2026-09-17T14:09:06Z</time><sat>6</sat></trkpt>
  <trkpt lat="30.26874159" lon="120.11806999"><ele>21.084</ele><time>2026-09-17T14:09:09Z</time><sat>5</sat></trkpt>
  <trkpt lat="30.26874147" lon="120.11807002"><ele>21.063</ele><time>2026-09-17T14:09:12Z</time><sat>5</sat></trkpt>
  <trkpt lat="30.26874150" lon="120.11807001"><ele>21.068</ele><time>2026-09-17T14:09:15Z</time><sat>5</sat></trkpt>
  <trkpt lat="30.26874150" lon="120.11807001"><ele>21.068</ele><time>2026-09-17T14:09:18Z</time><sat>5</sat></trkpt>
  <trkpt lat="30.26874149" lon="120.11807000"><ele>21.066</ele><time>2026-09-17T14:09:21Z</time><sat>4</sat></trkpt>
  <trkpt lat="30.26874760" lon="120.11807140"><ele>21.224</ele><time>2026-09-17T14:09:24Z</time><sat>3</sat></trkpt>
  <trkpt lat="30.26874761" lon="120.11807140"><ele>21.224</ele><time>2026-09-17T14:09:27Z</time><sat>3</sat></trkpt>
  <trkpt lat="30.26874761" lon="120.11807140"><ele>21.224</ele><time>2026-09-17T14:09:30Z</time><sat>4</sat></trkpt>
  <trkpt lat="30.26875074" lon="120.11807335"><ele>21.366</ele><time>2026-09-17T14:09:51Z</time><sat>2</sat></trkpt>
  <trkpt lat="30.26875072" lon="120.11807338"><ele>21.362</ele><time>2026-09-17T14:09:54Z</time><sat>2</sat></trkpt>
  <trkpt lat="30.26875201" lon="120.11807349"><ele>21.198</ele><time>2026-09-17T14:09:57Z</time><sat>3</sat></trkpt>
  <trkpt lat="30.26875204" lon="120.11807349"><ele>21.199</ele><time>2026-09-17T14:10:00Z</time><sat>5</sat></trkpt>
  <trkpt lat="30.26875235" lon="120.11807393"><ele>21.154</ele><time>2026-09-17T14:10:03Z</time><sat>5</sat></trkpt>
  <trkpt lat="30.26875257" lon="120.11807405"><ele>21.135</ele><time>2026-09-17T14:10:06Z</time><sat>5</sat></trkpt>
  <trkpt lat="30.26875313" lon="120.11807409"><ele>21.064</ele><time>2026-09-17T14:10:09Z</time><sat>5</sat></trkpt>
  <trkpt lat="30.26875335" lon="120.11807418"><ele>21.046</ele><time>2026-09-17T14:10:12Z</time><sat>6</sat></trkpt>
  <trkpt lat="30.26875353" lon="120.11807377"><ele>21.019</ele><time>2026-09-17T14:10:15Z</time><sat>6</sat></trkpt>
  <trkpt lat="30.26875362" lon="120.11807383"><ele>21.003</ele><time>2026-09-17T14:10:18Z</time><sat>5</sat></trkpt>
  <trkpt lat="30.26875163" lon="120.11807355"><ele>21.485</ele><time>2026-09-17T14:10:50Z</time><sat>5</sat></trkpt>
  <trkpt lat="30.26875172" lon="120.11807362"><ele>21.463</ele><time>2026-09-17T14:10:53Z</time><sat>5</sat></trkpt>
  <trkpt lat="30.26875177" lon="120.11807366"><ele>21.452</ele><time>2026-09-17T14:10:56Z</time><sat>4</sat></trkpt>
  <trkpt lat="30.26875180" lon="120.11807369"><ele>21.436</ele><time>2026-09-17T14:10:59Z</time><sat>6</sat></trkpt>
  <trkpt lat="30.26875196" lon="120.11807386"><ele>21.353</ele><time>2026-09-17T14:11:02Z</time><sat>5</sat></trkpt>
  <trkpt lat="30.26875194" lon="120.11807388"><ele>21.321</ele><time>2026-09-17T14:11:05Z</time><sat>6</sat></trkpt>
  <trkpt lat="30.26875193" lon="120.11807385"><ele>21.301</ele><time>2026-09-17T14:11:08Z</time><sat>7</sat></trkpt>
  <trkpt lat="30.26875189" lon="120.11807386"><ele>21.255</ele><time>2026-09-17T14:11:11Z</time><sat>5</sat></trkpt>
  <trkpt lat="30.26875238" lon="120.11807436"><ele>21.056</ele><time>2026-09-17T14:11:14Z</time><sat>5</sat></trkpt>
  <trkpt lat="30.26875234" lon="120.11807429"><ele>21.037</ele><time>2026-09-17T14:11:17Z</time><sat>6</sat></trkpt>
  <trkpt lat="30.26875233" lon="120.11807427"><ele>21.008</ele><time>2026-09-17T14:11:20Z</time><sat>6</sat></trkpt>
  <trkpt lat="30.26875233" lon="120.11807427"><ele>20.994</ele><time>2026-09-17T14:11:23Z</time><sat>5</sat></trkpt>
  <trkpt lat="30.26875235" lon="120.11807432"><ele>20.972</ele><time>2026-09-17T14:11:26Z</time><sat>5</sat></trkpt>
  <trkpt lat="30.26875235" lon="120.11807429"><ele>20.959</ele><time>2026-09-17T14:11:29Z</time><sat>5</sat></trkpt>
  <trkpt lat="30.26875136" lon="120.11807423"><ele>21.103</ele><time>2026-09-17T14:11:32Z</time><sat>5</sat></trkpt>
  <trkpt lat="30.26875129" lon="120.11807415"><ele>21.066</ele><time>2026-09-17T14:11:35Z</time><sat>7</sat></trkpt>
  <trkpt lat="30.26875128" lon="120.11807410"><ele>21.055</ele><time>2026-09-17T14:11:38Z</time><sat>6</sat></trkpt>
  <trkpt lat="30.26875132" lon="120.11807405"><ele>21.053</ele><time>2026-09-17T14:11:41Z</time><sat>4</sat></trkpt>
  <trkpt lat="30.26875325" lon="120.11807422"><ele>20.689</ele><time>2026-09-17T14:11:44Z</time><sat>5</sat></trkpt>
  <trkpt lat="30.26875401" lon="120.11807431"><ele>20.528</ele><time>2026-09-17T14:11:47Z</time><sat>7</sat></trkpt>
  <trkpt lat="30.26875402" lon="120.11807424"><ele>20.519</ele><time>2026-09-17T14:11:50Z</time><sat>6</sat></trkpt>
  <trkpt lat="30.26875405" lon="120.11807422"><ele>20.499</ele><time>2026-09-17T14:11:53Z</time><sat>5</sat></trkpt>
  <trkpt lat="30.26875409" lon="120.11807421"><ele>20.502</ele><time>2026-09-17T14:11:56Z</time><sat>5</sat></trkpt>
  <trkpt lat="30.26875409" lon="120.11807418"><ele>20.495</ele><time>2026-09-17T14:11:59Z</time><sat>6</sat></trkpt>
  <trkpt lat="30.26875369" lon="120.11807414"><ele>20.541</ele><time>2026-09-17T14:12:02Z</time><sat>5</sat></trkpt>
  <trkpt lat="30.26875368" lon="120.11807414"><ele>20.528</ele><time>2026-09-17T14:12:05Z</time><sat>6</sat></trkpt>
  <trkpt lat="30.26875352" lon="120.11807413"><ele>20.524</ele><time>2026-09-17T14:12:08Z</time><sat>6</sat></trkpt>
  <trkpt lat="30.26875344" lon="120.11807412"><ele>20.484</ele><time>2026-09-17T14:12:11Z</time><sat>6</sat></trkpt>
  <trkpt lat="30.26875355" lon="120.11807421"><ele>20.408</ele><time>2026-09-17T14:12:14Z</time><sat>6</sat></trkpt>
  <trkpt lat="30.26875353" lon="120.11807421"><ele>20.385</ele><time>2026-09-17T14:12:17Z</time><sat>5</sat></trkpt>
  <trkpt lat="30.26875354" lon="120.11807421"><ele>20.383</ele><time>2026-09-17T14:12:20Z</time><sat>5</sat></trkpt>
  <trkpt lat="30.26875312" lon="120.11807330"><ele>20.125</ele><time>2026-09-17T14:12:23Z</time><sat>4</sat></trkpt>
  <trkpt lat="30.26875310" lon="120.11807329"><ele>20.127</ele><time>2026-09-17T14:12:26Z</time><sat>7</sat></trkpt>
  <trkpt lat="30.26875311" lon="120.11807330"><ele>20.123</ele><time>2026-09-17T14:12:29Z</time><sat>8</sat></trkpt>
  <trkpt lat="30.26875311" lon="120.11807329"><ele>20.114</ele><time>2026-09-17T14:12:32Z</time><sat>5</sat></trkpt>
  <trkpt lat="30.26875342" lon="120.11807332"><ele>20.017</ele><time>2026-09-17T14:12:35Z</time><sat>4</sat></trkpt>
  <trkpt lat="30.26875342" lon="120.11807332"><ele>20.017</ele><time>2026-09-17T14:12:38Z</time><sat>5</sat></trkpt>
  <trkpt lat="30.26875344" lon="120.11807333"><ele>20.008</ele><time>2026-09-17T14:12:41Z</time><sat>5</sat></trkpt>
  <trkpt lat="30.26875265" lon="120.11807413"><ele>20.260</ele><time>2026-09-17T14:13:48Z</time><sat>5</sat></trkpt>
  <trkpt lat="30.26875264" lon="120.11807413"><ele>20.261</ele><time>2026-09-17T14:13:51Z</time><sat>4</sat></trkpt>
  <trkpt lat="30.26875268" lon="120.11807412"><ele>20.282</ele><time>2026-09-17T14:13:54Z</time><sat>6</sat></trkpt>
  <trkpt lat="30.26875269" lon="120.11807411"><ele>20.280</ele><time>2026-09-17T14:13:57Z</time><sat>5</sat></trkpt>
  <trkpt lat="30.26875264" lon="120.11807407"><ele>20.299</ele><time>2026-09-17T14:14:00Z</time><sat>4</sat></trkpt>
  <trkpt lat="30.26875262" lon="120.11807395"><ele>20.309</ele><time>2026-09-17T14:14:03Z</time><sat>6</sat></trkpt>
  <trkpt lat="30.26875262" lon="120.11807396"><ele>20.299</ele><time>2026-09-17T14:14:06Z</time><sat>7</sat></trkpt>
  <trkpt lat="30.26875262" lon="120.11807394"><ele>20.303</ele><time>2026-09-17T14:14:09Z</time><sat>5</sat></trkpt>
  <trkpt lat="30.26875262" lon="120.11807394"><ele>20.303</ele><time>2026-09-17T14:14:12Z</time><sat>4</sat></trkpt>
  <trkpt lat="30.26875261" lon="120.11807396"><ele>20.295</ele><time>2026-09-17T14:14:15Z</time><sat>6</sat></trkpt>
  <trkpt lat="30.26875261" lon="120.11807396"><ele>20.291</ele><time>2026-09-17T14:14:18Z</time><sat>6</sat></trkpt>
  <trkpt lat="30.26875263" lon="120.11807393"><ele>20.277</ele><time>2026-09-17T14:14:24Z</time></trkpt>
  <trkpt lat="30.26875263" lon="120.11807394"><ele>20.272</ele><time>2026-09-17T14:14:28Z</time><sat>6</sat></trkpt>
  <trkpt lat="30.26875262" lon="120.11807394"><ele>20.262</ele><time>2026-09-17T14:14:31Z</time><sat>6</sat></trkpt>
  <trkpt lat="30.26875258" lon="120.11807394"><ele>20.240</ele><time>2026-09-17T14:14:52Z</time><sat>6</sat></trkpt>
  <trkpt lat="30.26875259" lon="120.11807394"><ele>20.243</ele><time>2026-09-17T14:14:55Z</time><sat>3</sat></trkpt>
  <trkpt lat="30.26875258" lon="120.11807394"><ele>20.244</ele><time>2026-09-17T14:14:58Z</time><sat>3</sat></trkpt>
  <trkpt lat="30.26875259" lon="120.11807394"><ele>20.248</ele><time>2026-09-17T14:15:01Z</time><sat>6</sat></trkpt>
  <trkpt lat="30.26875258" lon="120.11807394"><ele>20.246</ele><time>2026-09-17T14:15:04Z</time><sat>6</sat></trkpt>
  <trkpt lat="30.26875257" lon="120.11807394"><ele>20.242</ele><time>2026-09-17T14:15:07Z</time><sat>3</sat></trkpt>
  <trkpt lat="30.26875226" lon="120.11807530"><ele>20.177</ele><time>2026-09-17T14:15:46Z</time><sat>3</sat></trkpt>
  <trkpt lat="30.26875224" lon="120.11807531"><ele>20.164</ele><time>2026-09-17T14:15:49Z</time><sat>3</sat></trkpt>
  <trkpt lat="30.26875223" lon="120.11807530"><ele>20.158</ele><time>2026-09-17T14:15:53Z</time><sat>3</sat></trkpt>
  <trkpt lat="30.26875223" lon="120.11807530"><ele>20.156</ele><time>2026-09-17T14:15:58Z</time><sat>5</sat></trkpt>
  <trkpt lat="30.26875221" lon="120.11807531"><ele>20.144</ele><time>2026-09-17T14:16:01Z</time><sat>4</sat></trkpt>
  <trkpt lat="30.26875220" lon="120.11807530"><ele>20.152</ele><time>2026-09-17T14:16:04Z</time><sat>4</sat></trkpt>
  <trkpt lat="30.26875222" lon="120.11807530"><ele>20.162</ele><time>2026-09-17T14:16:07Z</time><sat>5</sat></trkpt>
  <trkpt lat="30.26875216" lon="120.11807530"><ele>20.128</ele><time>2026-09-17T14:16:10Z</time><sat>5</sat></trkpt>
  <trkpt lat="30.26875214" lon="120.11807530"><ele>20.121</ele><time>2026-09-17T14:16:13Z</time><sat>4</sat></trkpt>
  <trkpt lat="30.26875215" lon="120.11807529"><ele>20.128</ele><time>2026-09-17T14:16:16Z</time><sat>5</sat></trkpt>
  <trkpt lat="30.26875215" lon="120.11807529"><ele>20.127</ele><time>2026-09-17T14:16:19Z</time><sat>5</sat></trkpt>
  <trkpt lat="30.26875229" lon="120.11807527"><ele>20.113</ele><time>2026-09-17T14:16:22Z</time><sat>4</sat></trkpt>
  <trkpt lat="30.26875230" lon="120.11807527"><ele>20.115</ele><time>2026-09-17T14:16:25Z</time><sat>5</sat></trkpt>
  <trkpt lat="30.26875228" lon="120.11807527"><ele>20.101</ele><time>2026-09-17T14:16:28Z</time><sat>6</sat></trkpt>
  <trkpt lat="30.26875226" lon="120.11807527"><ele>20.094</ele><time>2026-09-17T14:16:31Z</time><sat>5</sat></trkpt>
  <trkpt lat="30.26875225" lon="120.11807527"><ele>20.086</ele><time>2026-09-17T14:16:34Z</time><sat>4</sat></trkpt>
  <trkpt lat="30.26875222" lon="120.11807527"><ele>20.069</ele><time>2026-09-17T14:16:39Z</time><sat>3</sat></trkpt>
  <trkpt lat="30.26875215" lon="120.11807528"><ele>20.043</ele><time>2026-09-17T14:16:43Z</time><sat>5</sat></trkpt>
  <trkpt lat="30.26874955" lon="120.11807436"><ele>19.923</ele><time>2026-09-17T14:17:46Z</time><sat>3</sat></trkpt>
  <trkpt lat="30.26874955" lon="120.11807436"><ele>19.923</ele><time>2026-09-17T14:17:53Z</time></trkpt>
  <trkpt lat="30.26874956" lon="120.11807436"><ele>19.924</ele><time>2026-09-17T14:17:57Z</time><sat>5</sat></trkpt>
  <trkpt lat="30.26874955" lon="120.11807437"><ele>19.921</ele><time>2026-09-17T14:18:00Z</time><sat>6</sat></trkpt>
  <trkpt lat="30.26874955" lon="120.11807441"><ele>19.926</ele><time>2026-09-17T14:18:03Z</time><sat>5</sat></trkpt>
  <trkpt lat="30.26874790" lon="120.11807182"><ele>19.783</ele><time>2026-09-17T14:18:06Z</time><sat>5</sat></trkpt>
  <trkpt lat="30.26874578" lon="120.11806955"><ele>19.648</ele><time>2026-09-17T14:18:09Z</time><sat>8</sat></trkpt>
  <trkpt lat="30.26874576" lon="120.11806948"><ele>19.630</ele><time>2026-09-17T14:18:12Z</time><sat>7</sat></trkpt>
  <trkpt lat="30.26874461" lon="120.11806823"><ele>19.554</ele><time>2026-09-17T14:18:15Z</time><sat>6</sat></trkpt>
  <trkpt lat="30.26874449" lon="120.11806876"><ele>19.574</ele><time>2026-09-17T14:18:18Z</time><sat>5</sat></trkpt>
  <trkpt lat="30.26874289" lon="120.11806712"><ele>19.460</ele><time>2026-09-17T14:18:21Z</time><sat>8</sat></trkpt>
  <trkpt lat="30.26874286" lon="120.11806706"><ele>19.452</ele><time>2026-09-17T14:18:24Z</time><sat>9</sat></trkpt>
  <trkpt lat="30.26874276" lon="120.11806732"><ele>19.442</ele><time>2026-09-17T14:18:27Z</time><sat>6</sat></trkpt>
  <trkpt lat="30.26874153" lon="120.11806654"><ele>19.370</ele><time>2026-09-17T14:18:30Z</time><sat>4</sat></trkpt>
  <trkpt lat="30.26874153" lon="120.11806654"><ele>19.371</ele><time>2026-09-17T14:18:33Z</time><sat>5</sat></trkpt>
  <trkpt lat="30.26874148" lon="120.11806649"><ele>19.340</ele><time>2026-09-17T14:18:36Z</time><sat>5</sat></trkpt>
  <trkpt lat="30.26874149" lon="120.11806642"><ele>19.347</ele><time>2026-09-17T14:18:39Z</time><sat>3</sat></trkpt>
  <trkpt lat="30.26873997" lon="120.11806504"><ele>19.248</ele><time>2026-09-17T14:18:42Z</time><sat>4</sat></trkpt>
  <trkpt lat="30.26873997" lon="120.11806502"><ele>19.252</ele><time>2026-09-17T14:18:45Z</time><sat>5</sat></trkpt>
  <trkpt lat="30.26873676" lon="120.11806164"><ele>19.017</ele><time>2026-09-17T14:18:48Z</time><sat>6</sat></trkpt>
  <trkpt lat="30.26873673" lon="120.11806158"><ele>19.003</ele><time>2026-09-17T14:18:51Z</time><sat>9</sat></trkpt>
  <trkpt lat="30.26873674" lon="120.11806159"><ele>19.006</ele><time>2026-09-17T14:18:54Z</time><sat>8</sat></trkpt>
  <trkpt lat="30.26873553" lon="120.11806034"><ele>18.930</ele><time>2026-09-17T14:18:57Z</time><sat>5</sat></trkpt>
  <trkpt lat="30.26873505" lon="120.11805975"><ele>18.876</ele><time>2026-09-17T14:19:00Z</time><sat>6</sat></trkpt>
  <trkpt lat="30.26873500" lon="120.11805970"><ele>18.864</ele><time>2026-09-17T14:19:03Z</time><sat>7</sat></trkpt>
  <trkpt lat="30.26873501" lon="120.11805972"><ele>18.872</ele><time>2026-09-17T14:19:06Z</time><sat>7</sat></trkpt>
  <trkpt lat="30.26873337" lon="120.11805826"><ele>18.747</ele><time>2026-09-17T14:19:09Z</time><sat>6</sat></trkpt>
  <trkpt lat="30.26873340" lon="120.11805827"><ele>18.762</ele><time>2026-09-17T14:19:12Z</time><sat>7</sat></trkpt>
  <trkpt lat="30.26873278" lon="120.11805768"><ele>18.705</ele><time>2026-09-17T14:19:15Z</time><sat>7</sat></trkpt>
  <trkpt lat="30.26873276" lon="120.11805763"><ele>18.710</ele><time>2026-09-17T14:19:18Z</time><sat>7</sat></trkpt>
  <trkpt lat="30.26873186" lon="120.11805666"><ele>18.656</ele><time>2026-09-17T14:19:21Z</time><sat>7</sat></trkpt>
  <trkpt lat="30.26872738" lon="120.11805313"><ele>18.358</ele><time>2026-09-17T14:19:24Z</time><sat>6</sat></trkpt>
  <trkpt lat="30.26872662" lon="120.11805225"><ele>18.311</ele><time>2026-09-17T14:19:27Z</time><sat>8</sat></trkpt>
  <trkpt lat="30.26872520" lon="120.11805070"><ele>18.228</ele><time>2026-09-17T14:19:30Z</time><sat>8</sat></trkpt>
  <trkpt lat="30.26872442" lon="120.11804986"><ele>18.174</ele><time>2026-09-17T14:19:33Z</time><sat>7</sat></trkpt>
  <trkpt lat="30.26872330" lon="120.11804939"><ele>18.131</ele><time>2026-09-17T14:19:36Z</time><sat>8</sat></trkpt>
  <trkpt lat="30.26872330" lon="120.11804936"><ele>18.139</ele><time>2026-09-17T14:19:39Z</time><sat>8</sat></trkpt>
  <trkpt lat="30.26872184" lon="120.11804783"><ele>18.031</ele><time>2026-09-17T14:19:42Z</time><sat>6</sat></trkpt>
  <trkpt lat="30.26872160" lon="120.11804754"><ele>18.021</ele><time>2026-09-17T14:19:45Z</time><sat>7</sat></trkpt>
  <trkpt lat="30.26872132" lon="120.11804671"><ele>17.983</ele><time>2026-09-17T14:19:48Z</time><sat>9</sat></trkpt>
  <trkpt lat="30.26872069" lon="120.11804605"><ele>17.941</ele><time>2026-09-17T14:19:51Z</time><sat>8</sat></trkpt>
  <trkpt lat="30.26872061" lon="120.11804589"><ele>17.943</ele><time>2026-09-17T14:19:54Z</time><sat>8</sat></trkpt>
  <trkpt lat="30.26872057" lon="120.11804577"><ele>17.948</ele><time>2026-09-17T14:19:57Z</time><sat>7</sat></trkpt>
  <trkpt lat="30.26872018" lon="120.11804526"><ele>17.930</ele><time>2026-09-17T14:20:00Z</time><sat>5</sat></trkpt>
  <trkpt lat="30.26872016" lon="120.11804524"><ele>17.931</ele><time>2026-09-17T14:20:03Z</time><sat>6</sat></trkpt>
  <trkpt lat="30.26872016" lon="120.11804520"><ele>17.938</ele><time>2026-09-17T14:20:06Z</time><sat>8</sat></trkpt>
  <trkpt lat="30.26872006" lon="120.11804503"><ele>17.934</ele><time>2026-09-17T14:20:09Z</time><sat>7</sat></trkpt>
  <trkpt lat="30.26871943" lon="120.11804431"><ele>17.890</ele><time>2026-09-17T14:20:12Z</time><sat>5</sat></trkpt>
  <trkpt lat="30.26871944" lon="120.11804428"><ele>17.891</ele><time>2026-09-17T14:20:15Z</time><sat>5</sat></trkpt>
  <trkpt lat="30.26871940" lon="120.11804420"><ele>17.889</ele><time>2026-09-17T14:20:18Z</time><sat>8</sat></trkpt>
  <trkpt lat="30.26871934" lon="120.11804413"><ele>17.883</ele><time>2026-09-17T14:20:21Z</time><sat>8</sat></trkpt>
  <trkpt lat="30.26871888" lon="120.11804363"><ele>17.847</ele><time>2026-09-17T14:20:24Z</time><sat>4</sat></trkpt>
  <trkpt lat="30.26871884" lon="120.11804356"><ele>17.845</ele><time>2026-09-17T14:20:27Z</time><sat>4</sat></trkpt>
  <trkpt lat="30.26871877" lon="120.11804343"><ele>17.844</ele><time>2026-09-17T14:20:30Z</time><sat>8</sat></trkpt>
  <trkpt lat="30.26871872" lon="120.11804336"><ele>17.842</ele><time>2026-09-17T14:20:33Z</time><sat>8</sat></trkpt>
  <trkpt lat="30.26871849" lon="120.11804312"><ele>17.823</ele><time>2026-09-17T14:20:36Z</time><sat>4</sat></trkpt>
  <trkpt lat="30.26871848" lon="120.11804306"><ele>17.826</ele><time>2026-09-17T14:20:39Z</time><sat>7</sat></trkpt>
  <trkpt lat="30.26871841" lon="120.11804298"><ele>17.822</ele><time>2026-09-17T14:20:42Z</time><sat>8</sat></trkpt>
  <trkpt lat="30.26871842" lon="120.11804300"><ele>17.817</ele><time>2026-09-17T14:20:45Z</time><sat>7</sat></trkpt>
  <trkpt lat="30.26871821" lon="120.11804280"><ele>17.801</ele><time>2026-09-17T14:20:48Z</time><sat>6</sat></trkpt>
  <trkpt lat="30.26871821" lon="120.11804281"><ele>17.802</ele><time>2026-09-17T14:20:51Z</time><sat>7</sat></trkpt>
  <trkpt lat="30.26871819" lon="120.11804279"><ele>17.799</ele><time>2026-09-17T14:20:54Z</time><sat>8</sat></trkpt>
  <trkpt lat="30.26871820" lon="120.11804282"><ele>17.794</ele><time>2026-09-17T14:20:57Z</time><sat>6</sat></trkpt>
  <trkpt lat="30.26871818" lon="120.11804281"><ele>17.785</ele><time>2026-09-17T14:21:00Z</time><sat>5</sat></trkpt>
  <trkpt lat="30.26871819" lon="120.11804285"><ele>17.782</ele><time>2026-09-17T14:21:03Z</time><sat>5</sat></trkpt>
  <trkpt lat="30.26871817" lon="120.11804284"><ele>17.781</ele><time>2026-09-17T14:21:06Z</time><sat>4</sat></trkpt>
  <trkpt lat="30.26871817" lon="120.11804286"><ele>17.772</ele><time>2026-09-17T14:21:09Z</time><sat>7</sat></trkpt>
  <trkpt lat="30.26871818" lon="120.11804286"><ele>17.789</ele><time>2026-09-17T14:21:12Z</time><sat>8</sat></trkpt>
  <trkpt lat="30.26871821" lon="120.11804284"><ele>17.809</ele><time>2026-09-17T14:21:15Z</time><sat>6</sat></trkpt>
  <trkpt lat="30.26871813" lon="120.11804276"><ele>17.801</ele><time>2026-09-17T14:21:18Z</time><sat>5</sat></trkpt>
  <trkpt lat="30.26871814" lon="120.11804275"><ele>17.806</ele><time>2026-09-17T14:21:21Z</time><sat>7</sat></trkpt>
  <trkpt lat="30.26871814" lon="120.11804275"><ele>17.806</ele><time>2026-09-17T14:21:24Z</time><sat>8</sat></trkpt>
  <trkpt lat="30.26871812" lon="120.11804276"><ele>17.807</ele><time>2026-09-17T14:21:27Z</time><sat>6</sat></trkpt>
  <trkpt lat="30.26871802" lon="120.11804266"><ele>17.786</ele><time>2026-09-17T14:21:30Z</time><sat>5</sat></trkpt>
  <trkpt lat="30.26871800" lon="120.11804267"><ele>17.771</ele><time>2026-09-17T14:21:33Z</time><sat>7</sat></trkpt>
  <trkpt lat="30.26871797" lon="120.11804266"><ele>17.755</ele><time>2026-09-17T14:21:36Z</time><sat>7</sat></trkpt>
  <trkpt lat="30.26871795" lon="120.11804266"><ele>17.743</ele><time>2026-09-17T14:21:39Z</time><sat>5</sat></trkpt>
  <trkpt lat="30.26871796" lon="120.11804266"><ele>17.733</ele><time>2026-09-17T14:21:42Z</time><sat>5</sat></trkpt>
  <trkpt lat="30.26871796" lon="120.11804267"><ele>17.729</ele><time>2026-09-17T14:21:45Z</time><sat>7</sat></trkpt>
  <trkpt lat="30.26871795" lon="120.11804268"><ele>17.719</ele><time>2026-09-17T14:21:48Z</time><sat>7</sat></trkpt>
  <trkpt lat="30.26871784" lon="120.11804257"><ele>17.767</ele><time>2026-09-17T14:21:51Z</time><sat>4</sat></trkpt>
  <trkpt lat="30.26871782" lon="120.11804258"><ele>17.752</ele><time>2026-09-17T14:21:54Z</time><sat>6</sat></trkpt>
  <trkpt lat="30.26871781" lon="120.11804254"><ele>17.740</ele><time>2026-09-17T14:21:57Z</time><sat>7</sat></trkpt>
  <trkpt lat="30.26871780" lon="120.11804252"><ele>17.744</ele><time>2026-09-17T14:22:00Z</time><sat>5</sat></trkpt>
  <trkpt lat="30.26871780" lon="120.11804251"><ele>17.745</ele><time>2026-09-17T14:22:03Z</time><sat>3</sat></trkpt>
  <trkpt lat="30.26871776" lon="120.11804250"><ele>17.723</ele><time>2026-09-17T14:22:06Z</time><sat>5</sat></trkpt>
  <trkpt lat="30.26871778" lon="120.11804250"><ele>17.737</ele><time>2026-09-17T14:22:09Z</time><sat>6</sat></trkpt>
  <trkpt lat="30.26871779" lon="120.11804251"><ele>17.751</ele><time>2026-09-17T14:22:12Z</time><sat>5</sat></trkpt>
  <trkpt lat="30.26871780" lon="120.11804250"><ele>17.761</ele><time>2026-09-17T14:22:15Z</time><sat>5</sat></trkpt>
  <trkpt lat="30.26871781" lon="120.11804249"><ele>17.772</ele><time>2026-09-17T14:22:18Z</time><sat>6</sat></trkpt>
  <trkpt lat="30.26871779" lon="120.11804248"><ele>17.770</ele><time>2026-09-17T14:22:21Z</time><sat>5</sat></trkpt>
  <trkpt lat="30.26871777" lon="120.11804249"><ele>17.766</ele><time>2026-09-17T14:22:24Z</time><sat>7</sat></trkpt>
  <trkpt lat="30.26871787" lon="120.11804221"><ele>17.762</ele><time>2026-09-17T14:22:27Z</time><sat>7</sat></trkpt>
  <trkpt lat="30.26871786" lon="120.11804221"><ele>17.757</ele><time>2026-09-17T14:22:30Z</time><sat>6</sat></trkpt>
  <trkpt lat="30.26871784" lon="120.11804220"><ele>17.758</ele><time>2026-09-17T14:22:33Z</time><sat>6</sat></trkpt>
  <trkpt lat="30.26871782" lon="120.11804217"><ele>17.753</ele><time>2026-09-17T14:22:36Z</time><sat>7</sat></trkpt>
  <trkpt lat="30.26871781" lon="120.11804216"><ele>17.755</ele><time>2026-09-17T14:22:39Z</time><sat>7</sat></trkpt>
  <trkpt lat="30.26871780" lon="120.11804215"><ele>17.758</ele><time>2026-09-17T14:22:42Z</time><sat>7</sat></trkpt>
  <trkpt lat="30.26871782" lon="120.11804216"><ele>17.763</ele><time>2026-09-17T14:22:45Z</time><sat>6</sat></trkpt>
  <trkpt lat="30.26871782" lon="120.11804216"><ele>17.763</ele><time>2026-09-17T14:22:48Z</time><sat>5</sat></trkpt>
  <trkpt lat="30.26871781" lon="120.11804216"><ele>17.767</ele><time>2026-09-17T14:22:51Z</time><sat>6</sat></trkpt>
  <trkpt lat="30.26871781" lon="120.11804215"><ele>17.775</ele><time>2026-09-17T14:22:54Z</time><sat>7</sat></trkpt>
  <trkpt lat="30.26871780" lon="120.11804215"><ele>17.772</ele><time>2026-09-17T14:22:57Z</time><sat>5</sat></trkpt>
  <trkpt lat="30.26871780" lon="120.11804215"><ele>17.775</ele><time>2026-09-17T14:23:00Z</time><sat>6</sat></trkpt>
  <trkpt lat="30.26871753" lon="120.11804223"><ele>17.847</ele><time>2026-09-17T14:23:03Z</time><sat>7</sat></trkpt>
  <trkpt lat="30.26871754" lon="120.11804222"><ele>17.850</ele><time>2026-09-17T14:23:06Z</time><sat>7</sat></trkpt>
  <trkpt lat="30.26871753" lon="120.11804220"><ele>17.852</ele><time>2026-09-17T14:23:09Z</time><sat>5</sat></trkpt>
  <trkpt lat="30.26871753" lon="120.11804217"><ele>17.850</ele><time>2026-09-17T14:23:12Z</time><sat>5</sat></trkpt>
  <trkpt lat="30.26871750" lon="120.11804215"><ele>17.846</ele><time>2026-09-17T14:23:15Z</time><sat>7</sat></trkpt>
  <trkpt lat="30.26871748" lon="120.11804215"><ele>17.848</ele><time>2026-09-17T14:23:18Z</time><sat>7</sat></trkpt>
  <trkpt lat="30.26871747" lon="120.11804215"><ele>17.852</ele><time>2026-09-17T14:23:21Z</time><sat>5</sat></trkpt>
  <trkpt lat="30.26871746" lon="120.11804214"><ele>17.851</ele><time>2026-09-17T14:23:24Z</time><sat>5</sat></trkpt>
  <trkpt lat="30.26871746" lon="120.11804212"><ele>17.853</ele><time>2026-09-17T14:23:27Z</time><sat>7</sat></trkpt>
  <trkpt lat="30.26871745" lon="120.11804212"><ele>17.852</ele><time>2026-09-17T14:23:30Z</time><sat>6</sat></trkpt>
  <trkpt lat="30.26871744" lon="120.11804211"><ele>17.851</ele><time>2026-09-17T14:23:33Z</time><sat>5</sat></trkpt>
  <trkpt lat="30.26871744" lon="120.11804210"><ele>17.853</ele><time>2026-09-17T14:23:36Z</time><sat>6</sat></trkpt>
  <trkpt lat="30.26871743" lon="120.11804210"><ele>17.850</ele><time>2026-09-17T14:23:39Z</time><sat>6</sat></trkpt>
  <trkpt lat="30.26871743" lon="120.11804210"><ele>17.847</ele><time>2026-09-17T14:23:42Z</time><sat>6</sat></trkpt>
  <trkpt lat="30.26871743" lon="120.11804210"><ele>17.848</ele><time>2026-09-17T14:23:45Z</time><sat>5</sat></trkpt>
  <trkpt lat="30.26871743" lon="120.11804210"><ele>17.850</ele><time>2026-09-17T14:23:48Z</time><sat>5</sat></trkpt>
  <trkpt lat="30.26871741" lon="120.11804210"><ele>17.842</ele><time>2026-09-17T14:23:51Z</time><sat>4</sat></trkpt>
  <trkpt lat="30.26871741" lon="120.11804210"><ele>17.836</ele><time>2026-09-17T14:23:54Z</time><sat>4</sat></trkpt>
  <trkpt lat="30.26871751" lon="120.11804159"><ele>17.792</ele><time>2026-09-17T14:23:57Z</time><sat>5</sat></trkpt>
  <trkpt lat="30.26871753" lon="120.11804158"><ele>17.797</ele><time>2026-09-17T14:24:00Z</time><sat>7</sat></trkpt>
  <trkpt lat="30.26871753" lon="120.11804159"><ele>17.800</ele><time>2026-09-17T14:24:03Z</time><sat>7</sat></trkpt>
  <trkpt lat="30.26871752" lon="120.11804159"><ele>17.792</ele><time>2026-09-17T14:24:06Z</time><sat>5</sat></trkpt>
  <trkpt lat="30.26871735" lon="120.11804249"><ele>17.865</ele><time>2026-09-17T14:24:09Z</time><sat>6</sat></trkpt>
  <trkpt lat="30.26871733" lon="120.11804250"><ele>17.852</ele><time>2026-09-17T14:24:12Z</time><sat>7</sat></trkpt>
  <trkpt lat="30.26871734" lon="120.11804252"><ele>17.865</ele><time>2026-09-17T14:24:15Z</time><sat>6</sat></trkpt>
  <trkpt lat="30.26871734" lon="120.11804253"><ele>17.863</ele><time>2026-09-17T14:24:18Z</time><sat>5</sat></trkpt>
  <trkpt lat="30.26871735" lon="120.11804254"><ele>17.874</ele><time>2026-09-17T14:24:21Z</time><sat>5</sat></trkpt>
  <trkpt lat="30.26871734" lon="120.11804256"><ele>17.862</ele><time>2026-09-17T14:24:24Z</time><sat>5</sat></trkpt>
  <trkpt lat="30.26871734" lon="120.11804257"><ele>17.867</ele><time>2026-09-17T14:24:27Z</time><sat>5</sat></trkpt>
  <trkpt lat="30.26871734" lon="120.11804259"><ele>17.867</ele><time>2026-09-17T14:24:30Z</time><sat>5</sat></trkpt>
  <trkpt lat="30.26871734" lon="120.11804259"><ele>17.868</ele><time>2026-09-17T14:24:33Z</time><sat>5</sat></trkpt>
  <trkpt lat="30.26871734" lon="120.11804259"><ele>17.865</ele><time>2026-09-17T14:24:36Z</time><sat>4</sat></trkpt>
  <trkpt lat="30.26871733" lon="120.11804259"><ele>17.851</ele><time>2026-09-17T14:24:39Z</time><sat>5</sat></trkpt>
  <trkpt lat="30.26871732" lon="120.11804259"><ele>17.852</ele><time>2026-09-17T14:24:42Z</time><sat>5</sat></trkpt>
  <trkpt lat="30.26871733" lon="120.11804260"><ele>17.856</ele><time>2026-09-17T14:24:45Z</time><sat>5</sat></trkpt>
  <trkpt lat="30.26871734" lon="120.11804260"><ele>17.860</ele><time>2026-09-17T14:24:48Z</time><sat>5</sat></trkpt>
  <trkpt lat="30.26871734" lon="120.11804259"><ele>17.853</ele><time>2026-09-17T14:24:51Z</time><sat>6</sat></trkpt>
  <trkpt lat="30.26871737" lon="120.11804253"><ele>17.861</ele><time>2026-09-17T14:24:54Z</time><sat>6</sat></trkpt>
  <trkpt lat="30.26871739" lon="120.11804249"><ele>17.861</ele><time>2026-09-17T14:24:57Z</time><sat>6</sat></trkpt>
  <trkpt lat="30.26871738" lon="120.11804247"><ele>17.847</ele><time>2026-09-17T14:25:00Z</time><sat>6</sat></trkpt>
  <trkpt lat="30.26871738" lon="120.11804247"><ele>17.842</ele><time>2026-09-17T14:25:03Z</time><sat>6</sat></trkpt>
  <trkpt lat="30.26871739" lon="120.11804246"><ele>17.850</ele><time>2026-09-17T14:25:06Z</time><sat>5</sat></trkpt>
  <trkpt lat="30.26871739" lon="120.11804243"><ele>17.843</ele><time>2026-09-17T14:25:09Z</time><sat>4</sat></trkpt>
  <trkpt lat="30.26871738" lon="120.11804244"><ele>17.837</ele><time>2026-09-17T14:25:12Z</time><sat>5</sat></trkpt>
  <trkpt lat="30.26871739" lon="120.11804244"><ele>17.845</ele><time>2026-09-17T14:25:15Z</time><sat>5</sat></trkpt>
  <trkpt lat="30.26871739" lon="120.11804243"><ele>17.844</ele><time>2026-09-17T14:25:18Z</time><sat>5</sat></trkpt>
  <trkpt lat="30.26871742" lon="120.11804243"><ele>17.857</ele><time>2026-09-17T14:25:21Z</time><sat>5</sat></trkpt>
  <trkpt lat="30.26871742" lon="120.11804242"><ele>17.862</ele><time>2026-09-17T14:25:24Z</time><sat>4</sat></trkpt>
  <trkpt lat="30.26872020" lon="120.11804268"><ele>17.948</ele><time>2026-09-17T14:25:48Z</time><sat>4</sat></trkpt>
  <trkpt lat="30.26872019" lon="120.11804268"><ele>17.945</ele><time>2026-09-17T14:25:51Z</time><sat>5</sat></trkpt>
  <trkpt lat="30.26872020" lon="120.11804268"><ele>17.950</ele><time>2026-09-17T14:25:54Z</time><sat>5</sat></trkpt>
  <trkpt lat="30.26872018" lon="120.11804268"><ele>17.950</ele><time>2026-09-17T14:25:57Z</time><sat>5</sat></trkpt>
  <trkpt lat="30.26872018" lon="120.11804270"><ele>17.966</ele><time>2026-09-17T14:26:00Z</time><sat>6</sat></trkpt>
  <trkpt lat="30.26872013" lon="120.11804281"><ele>17.965</ele><time>2026-09-17T14:26:03Z</time><sat>6</sat></trkpt>
  <trkpt lat="30.26872009" lon="120.11804301"><ele>17.973</ele><time>2026-09-17T14:26:06Z</time><sat>6</sat></trkpt>
  <trkpt lat="30.26872011" lon="120.11804294"><ele>17.977</ele><time>2026-09-17T14:26:09Z</time><sat>6</sat></trkpt>
  <trkpt lat="30.26872010" lon="120.11804292"><ele>17.972</ele><time>2026-09-17T14:26:12Z</time><sat>7</sat></trkpt>
  <trkpt lat="30.26872009" lon="120.11804294"><ele>17.978</ele><time>2026-09-17T14:26:15Z</time><sat>7</sat></trkpt>
  <trkpt lat="30.26872007" lon="120.11804296"><ele>17.973</ele><time>2026-09-17T14:26:18Z</time><sat>7</sat></trkpt>
  <trkpt lat="30.26872007" lon="120.11804294"><ele>17.971</ele><time>2026-09-17T14:26:21Z</time><sat>7</sat></trkpt>
  <trkpt lat="30.26872007" lon="120.11804294"><ele>17.974</ele><time>2026-09-17T14:26:24Z</time><sat>8</sat></trkpt>
  <trkpt lat="30.26872009" lon="120.11804293"><ele>17.985</ele><time>2026-09-17T14:26:27Z</time><sat>8</sat></trkpt>
  <trkpt lat="30.26872007" lon="120.11804292"><ele>17.980</ele><time>2026-09-17T14:26:30Z</time><sat>8</sat></trkpt>
  <trkpt lat="30.26872007" lon="120.11804292"><ele>17.982</ele><time>2026-09-17T14:26:33Z</time><sat>8</sat></trkpt>
  <trkpt lat="30.26872002" lon="120.11804293"><ele>18.001</ele><time>2026-09-17T14:26:36Z</time><sat>9</sat></trkpt>
  <trkpt lat="30.26872002" lon="120.11804292"><ele>18.002</ele><time>2026-09-17T14:26:39Z</time><sat>8</sat></trkpt>
  <trkpt lat="30.26872002" lon="120.11804293"><ele>18.004</ele><time>2026-09-17T14:26:42Z</time><sat>7</sat></trkpt>
  <trkpt lat="30.26871999" lon="120.11804294"><ele>17.999</ele><time>2026-09-17T14:26:45Z</time><sat>7</sat></trkpt>
  <trkpt lat="30.26871997" lon="120.11804295"><ele>17.996</ele><time>2026-09-17T14:26:48Z</time><sat>7</sat></trkpt>
  <trkpt lat="30.26871998" lon="120.11804303"><ele>18.011</ele><time>2026-09-17T14:26:51Z</time><sat>6</sat></trkpt>
  <trkpt lat="30.26872002" lon="120.11804296"><ele>18.029</ele><time>2026-09-17T14:26:54Z</time><sat>6</sat></trkpt>
  <trkpt lat="30.26871998" lon="120.11804311"><ele>18.035</ele><time>2026-09-17T14:26:57Z</time><sat>7</sat></trkpt>
  <trkpt lat="30.26872000" lon="120.11804312"><ele>18.043</ele><time>2026-09-17T14:27:00Z</time><sat>7</sat></trkpt>
  <trkpt lat="30.26871999" lon="120.11804313"><ele>18.048</ele><time>2026-09-17T14:27:03Z</time><sat>6</sat></trkpt>
  <trkpt lat="30.26872001" lon="120.11804312"><ele>18.053</ele><time>2026-09-17T14:27:06Z</time><sat>6</sat></trkpt>
  <trkpt lat="30.26871999" lon="120.11804314"><ele>18.047</ele><time>2026-09-17T14:27:09Z</time><sat>7</sat></trkpt>
  <trkpt lat="30.26871996" lon="120.11804317"><ele>18.038</ele><time>2026-09-17T14:27:12Z</time><sat>6</sat></trkpt>
  <trkpt lat="30.26871996" lon="120.11804313"><ele>18.035</ele><time>2026-09-17T14:27:15Z</time><sat>5</sat></trkpt>
  <trkpt lat="30.26871993" lon="120.11804321"><ele>18.037</ele><time>2026-09-17T14:27:18Z</time><sat>5</sat></trkpt>
  <trkpt lat="30.26871995" lon="120.11804316"><ele>18.038</ele><time>2026-09-17T14:27:21Z</time><sat>5</sat></trkpt>
  <trkpt lat="30.26871993" lon="120.11804323"><ele>18.038</ele><time>2026-09-17T14:27:24Z</time><sat>6</sat></trkpt>
  <trkpt lat="30.26871996" lon="120.11804318"><ele>18.043</ele><time>2026-09-17T14:27:27Z</time><sat>6</sat></trkpt>
  <trkpt lat="30.26871994" lon="120.11804323"><ele>18.047</ele><time>2026-09-17T14:27:30Z</time><sat>5</sat></trkpt>
  <trkpt lat="30.26871998" lon="120.11804321"><ele>18.061</ele><time>2026-09-17T14:27:33Z</time><sat>5</sat></trkpt>
  <trkpt lat="30.26871994" lon="120.11804346"><ele>18.077</ele><time>2026-09-17T14:27:36Z</time><sat>6</sat></trkpt>
  <trkpt lat="30.26871998" lon="120.11804336"><ele>18.079</ele><time>2026-09-17T14:27:39Z</time><sat>6</sat></trkpt>
  <trkpt lat="30.26871994" lon="120.11804355"><ele>18.090</ele><time>2026-09-17T14:27:42Z</time><sat>6</sat></trkpt>
  <trkpt lat="30.26871990" lon="120.11804368"><ele>18.101</ele><time>2026-09-17T14:27:45Z</time><sat>6</sat></trkpt>
  <trkpt lat="30.26871987" lon="120.11804376"><ele>18.099</ele><time>2026-09-17T14:27:48Z</time><sat>6</sat></trkpt>
  <trkpt lat="30.26871991" lon="120.11804366"><ele>18.104</ele><time>2026-09-17T14:27:51Z</time><sat>5</sat></trkpt>
  <trkpt lat="30.26871987" lon="120.11804374"><ele>18.098</ele><time>2026-09-17T14:27:54Z</time><sat>6</sat></trkpt>
  <trkpt lat="30.26871986" lon="120.11804377"><ele>18.097</ele><time>2026-09-17T14:27:57Z</time><sat>6</sat></trkpt>
  <trkpt lat="30.26871987" lon="120.11804384"><ele>18.110</ele><time>2026-09-17T14:28:00Z</time><sat>6</sat></trkpt>
  <trkpt lat="30.26871985" lon="120.11804382"><ele>18.106</ele><time>2026-09-17T14:28:03Z</time><sat>6</sat></trkpt>
  <trkpt lat="30.26871981" lon="120.11804396"><ele>18.112</ele><time>2026-09-17T14:28:06Z</time><sat>6</sat></trkpt>
  <trkpt lat="30.26871980" lon="120.11804394"><ele>18.113</ele><time>2026-09-17T14:28:09Z</time><sat>6</sat></trkpt>
  <trkpt lat="30.26871978" lon="120.11804403"><ele>18.115</ele><time>2026-09-17T14:28:12Z</time><sat>7</sat></trkpt>
  <trkpt lat="30.26871973" lon="120.11804420"><ele>18.126</ele><time>2026-09-17T14:28:15Z</time><sat>7</sat></trkpt>
  <trkpt lat="30.26871972" lon="120.11804426"><ele>18.135</ele><time>2026-09-17T14:28:18Z</time><sat>6</sat></trkpt>
  <trkpt lat="30.26871969" lon="120.11804433"><ele>18.140</ele><time>2026-09-17T14:28:21Z</time><sat>6</sat></trkpt>
  <trkpt lat="30.26871964" lon="120.11804456"><ele>18.143</ele><time>2026-09-17T14:28:24Z</time><sat>7</sat></trkpt>
  <trkpt lat="30.26871967" lon="120.11804449"><ele>18.150</ele><time>2026-09-17T14:28:27Z</time><sat>7</sat></trkpt>
  <trkpt lat="30.26871966" lon="120.11804455"><ele>18.153</ele><time>2026-09-17T14:28:30Z</time><sat>6</sat></trkpt>
  <trkpt lat="30.26871962" lon="120.11804467"><ele>18.156</ele><time>2026-09-17T14:28:33Z</time><sat>6</sat></trkpt>
  <trkpt lat="30.26871958" lon="120.11804479"><ele>18.158</ele><time>2026-09-17T14:28:36Z</time><sat>7</sat></trkpt>
  <trkpt lat="30.26871960" lon="120.11804476"><ele>18.167</ele><time>2026-09-17T14:28:39Z</time><sat>7</sat></trkpt>
  <trkpt lat="30.26871957" lon="120.11804480"><ele>18.172</ele><time>2026-09-17T14:28:42Z</time><sat>6</sat></trkpt>
  <trkpt lat="30.26871956" lon="120.11804487"><ele>18.177</ele><time>2026-09-17T14:28:45Z</time><sat>7</sat></trkpt>
  <trkpt lat="30.26871953" lon="120.11804496"><ele>18.183</ele><time>2026-09-17T14:28:48Z</time><sat>7</sat></trkpt>
  <trkpt lat="30.26871949" lon="120.11804503"><ele>18.178</ele><time>2026-09-17T14:28:51Z</time><sat>7</sat></trkpt>
  <trkpt lat="30.26871947" lon="120.11804507"><ele>18.178</ele><time>2026-09-17T14:28:54Z</time><sat>7</sat></trkpt>
  <trkpt lat="30.26871947" lon="120.11804505"><ele>18.179</ele><time>2026-09-17T14:28:57Z</time><sat>7</sat></trkpt>
  <trkpt lat="30.26871945" lon="120.11804510"><ele>18.182</ele><time>2026-09-17T14:29:00Z</time><sat>7</sat></trkpt>
  <trkpt lat="30.26871946" lon="120.11804508"><ele>18.184</ele><time>2026-09-17T14:29:03Z</time><sat>7</sat></trkpt>
  <trkpt lat="30.26871943" lon="120.11804514"><ele>18.185</ele><time>2026-09-17T14:29:06Z</time><sat>7</sat></trkpt>
  <trkpt lat="30.26871942" lon="120.11804518"><ele>18.192</ele><time>2026-09-17T14:29:09Z</time><sat>7</sat></trkpt>
  <trkpt lat="30.26871941" lon="120.11804522"><ele>18.196</ele><time>2026-09-17T14:29:12Z</time><sat>8</sat></trkpt>
  <trkpt lat="30.26871940" lon="120.11804525"><ele>18.199</ele><time>2026-09-17T14:29:15Z</time><sat>8</sat></trkpt>
  <trkpt lat="30.26871938" lon="120.11804544"><ele>18.219</ele><time>2026-09-17T14:29:18Z</time><sat>7</sat></trkpt>
  <trkpt lat="30.26871937" lon="120.11804546"><ele>18.216</ele><time>2026-09-17T14:29:21Z</time><sat>6</sat></trkpt>
  <trkpt lat="30.26871935" lon="120.11804551"><ele>18.215</ele><time>2026-09-17T14:29:24Z</time><sat>6</sat></trkpt>
  <trkpt lat="30.26871934" lon="120.11804552"><ele>18.215</ele><time>2026-09-17T14:29:27Z</time><sat>7</sat></trkpt>
  <trkpt lat="30.26871932" lon="120.11804558"><ele>18.218</ele><time>2026-09-17T14:29:30Z</time><sat>8</sat></trkpt>
  <trkpt lat="30.26871929" lon="120.11804552"><ele>18.208</ele><time>2026-09-17T14:29:33Z</time><sat>7</sat></trkpt>
  <trkpt lat="30.26871926" lon="120.11804557"><ele>18.214</ele><time>2026-09-17T14:29:36Z</time><sat>7</sat></trkpt>
  <trkpt lat="30.26871911" lon="120.11804559"><ele>18.209</ele><time>2026-09-17T14:29:39Z</time><sat>8</sat></trkpt>
  <trkpt lat="30.26871909" lon="120.11804566"><ele>18.212</ele><time>2026-09-17T14:29:42Z</time><sat>8</sat></trkpt>
  <trkpt lat="30.26871913" lon="120.11804558"><ele>18.210</ele><time>2026-09-17T14:29:45Z</time><sat>7</sat></trkpt>
  <trkpt lat="30.26871911" lon="120.11804559"><ele>18.210</ele><time>2026-09-17T14:29:48Z</time><sat>6</sat></trkpt>
  <trkpt lat="30.26871910" lon="120.11804563"><ele>18.214</ele><time>2026-09-17T14:29:51Z</time><sat>6</sat></trkpt>
  <trkpt lat="30.26871910" lon="120.11804563"><ele>18.213</ele><time>2026-09-17T14:29:54Z</time><sat>8</sat></trkpt>
  <trkpt lat="30.26871908" lon="120.11804560"><ele>18.212</ele><time>2026-09-17T14:29:57Z</time><sat>8</sat></trkpt>
  <trkpt lat="30.26871909" lon="120.11804560"><ele>18.210</ele><time>2026-09-17T14:30:00Z</time><sat>7</sat></trkpt>
  <trkpt lat="30.26871908" lon="120.11804560"><ele>18.215</ele><time>2026-09-17T14:30:03Z</time><sat>7</sat></trkpt>
  <trkpt lat="30.26871907" lon="120.11804561"><ele>18.223</ele><time>2026-09-17T14:30:06Z</time><sat>8</sat></trkpt>
  <trkpt lat="30.26871908" lon="120.11804561"><ele>18.224</ele><time>2026-09-17T14:30:09Z</time><sat>8</sat></trkpt>
  <trkpt lat="30.26871908" lon="120.11804561"><ele>18.230</ele><time>2026-09-17T14:30:12Z</time><sat>6</sat></trkpt>
  <trkpt lat="30.26871905" lon="120.11804562"><ele>18.224</ele><time>2026-09-17T14:30:15Z</time><sat>6</sat></trkpt>
  <trkpt lat="30.26871904" lon="120.11804575"><ele>18.254</ele><time>2026-09-17T14:30:18Z</time><sat>8</sat></trkpt>
  <trkpt lat="30.26871904" lon="120.11804573"><ele>18.255</ele><time>2026-09-17T14:30:21Z</time><sat>9</sat></trkpt>
  <trkpt lat="30.26871906" lon="120.11804571"><ele>18.260</ele><time>2026-09-17T14:30:24Z</time><sat>7</sat></trkpt>
  <trkpt lat="30.26871906" lon="120.11804567"><ele>18.263</ele><time>2026-09-17T14:30:27Z</time><sat>6</sat></trkpt>
  <trkpt lat="30.26871901" lon="120.11804566"><ele>18.259</ele><time>2026-09-17T14:30:30Z</time><sat>7</sat></trkpt>
  <trkpt lat="30.26871894" lon="120.11804563"><ele>18.252</ele><time>2026-09-17T14:30:33Z</time><sat>9</sat></trkpt>
  <trkpt lat="30.26871892" lon="120.11804562"><ele>18.251</ele><time>2026-09-17T14:30:36Z</time><sat>8</sat></trkpt>
  <trkpt lat="30.26871890" lon="120.11804560"><ele>18.247</ele><time>2026-09-17T14:30:39Z</time><sat>6</sat></trkpt>
  <trkpt lat="30.26871884" lon="120.11804621"><ele>18.298</ele><time>2026-09-17T14:30:42Z</time><sat>7</sat></trkpt>
  <trkpt lat="30.26871881" lon="120.11804622"><ele>18.289</ele><time>2026-09-17T14:30:45Z</time><sat>9</sat></trkpt>
  <trkpt lat="30.26871881" lon="120.11804621"><ele>18.289</ele><time>2026-09-17T14:30:48Z</time><sat>7</sat></trkpt>
  <trkpt lat="30.26871878" lon="120.11804619"><ele>18.286</ele><time>2026-09-17T14:30:51Z</time><sat>6</sat></trkpt>
  <trkpt lat="30.26871883" lon="120.11804615"><ele>18.305</ele><time>2026-09-17T14:30:54Z</time><sat>6</sat></trkpt>
  <trkpt lat="30.26871888" lon="120.11804611"><ele>18.323</ele><time>2026-09-17T14:30:57Z</time><sat>7</sat></trkpt>
  <trkpt lat="30.26871891" lon="120.11804609"><ele>18.337</ele><time>2026-09-17T14:31:00Z</time><sat>8</sat></trkpt>
  <trkpt lat="30.26871887" lon="120.11804606"><ele>18.335</ele><time>2026-09-17T14:31:03Z</time><sat>7</sat></trkpt>
  <trkpt lat="30.26871887" lon="120.11804604"><ele>18.327</ele><time>2026-09-17T14:31:06Z</time><sat>6</sat></trkpt>
  <trkpt lat="30.26871887" lon="120.11804604"><ele>18.327</ele><time>2026-09-17T14:31:09Z</time><sat>8</sat></trkpt>
  <trkpt lat="30.26871885" lon="120.11804611"><ele>18.329</ele><time>2026-09-17T14:31:12Z</time><sat>8</sat></trkpt>
  <trkpt lat="30.26871885" lon="120.11804612"><ele>18.332</ele><time>2026-09-17T14:31:15Z</time><sat>7</sat></trkpt>
  <trkpt lat="30.26871885" lon="120.11804612"><ele>18.336</ele><time>2026-09-17T14:31:18Z</time><sat>7</sat></trkpt>
  <trkpt lat="30.26871885" lon="120.11804614"><ele>18.340</ele><time>2026-09-17T14:31:21Z</time><sat>7</sat></trkpt>
  <trkpt lat="30.26871883" lon="120.11804614"><ele>18.338</ele><time>2026-09-17T14:31:24Z</time><sat>7</sat></trkpt>
  <trkpt lat="30.26871885" lon="120.11804595"><ele>18.329</ele><time>2026-09-17T14:31:27Z</time><sat>5</sat></trkpt>
  <trkpt lat="30.26871887" lon="120.11804596"><ele>18.339</ele><time>2026-09-17T14:31:30Z</time><sat>6</sat></trkpt>
  <trkpt lat="30.26871889" lon="120.11804586"><ele>18.345</ele><time>2026-09-17T14:31:33Z</time><sat>8</sat></trkpt>
  <trkpt lat="30.26871886" lon="120.11804587"><ele>18.347</ele><time>2026-09-17T14:31:36Z</time><sat>8</sat></trkpt>
  <trkpt lat="30.26871887" lon="120.11804577"><ele>18.344</ele><time>2026-09-17T14:31:39Z</time><sat>6</sat></trkpt>
  <trkpt lat="30.26871888" lon="120.11804573"><ele>18.343</ele><time>2026-09-17T14:31:42Z</time><sat>5</sat></trkpt>
  <trkpt lat="30.26871888" lon="120.11804569"><ele>18.345</ele><time>2026-09-17T14:31:45Z</time><sat>6</sat></trkpt>
  <trkpt lat="30.26871889" lon="120.11804565"><ele>18.346</ele><time>2026-09-17T14:31:48Z</time><sat>7</sat></trkpt>
  <trkpt lat="30.26871886" lon="120.11804565"><ele>18.348</ele><time>2026-09-17T14:31:51Z</time><sat>7</sat></trkpt>
  <trkpt lat="30.26871887" lon="120.11804565"><ele>18.351</ele><time>2026-09-17T14:31:54Z</time><sat>7</sat></trkpt>
  <trkpt lat="30.26871887" lon="120.11804563"><ele>18.353</ele><time>2026-09-17T14:31:57Z</time><sat>6</sat></trkpt>
  <trkpt lat="30.26871888" lon="120.11804563"><ele>18.351</ele><time>2026-09-17T14:32:00Z</time><sat>6</sat></trkpt>
  <trkpt lat="30.26871888" lon="120.11804562"><ele>18.350</ele><time>2026-09-17T14:32:03Z</time><sat>7</sat></trkpt>
  <trkpt lat="30.26871887" lon="120.11804562"><ele>18.350</ele><time>2026-09-17T14:32:06Z</time><sat>8</sat></trkpt>
  <trkpt lat="30.26871887" lon="120.11804562"><ele>18.351</ele><time>2026-09-17T14:32:09Z</time><sat>7</sat></trkpt>
  <trkpt lat="30.26871883" lon="120.11804561"><ele>18.342</ele><time>2026-09-17T14:32:12Z</time><sat>7</sat></trkpt>
  <trkpt lat="30.26871883" lon="120.11804562"><ele>18.345</ele><time>2026-09-17T14:32:15Z</time><sat>7</sat></trkpt>
  <trkpt lat="30.26871883" lon="120.11804562"><ele>18.344</ele><time>2026-09-17T14:32:18Z</time><sat>7</sat></trkpt>
  <trkpt lat="30.26871883" lon="120.11804561"><ele>18.345</ele><time>2026-09-17T14:32:21Z</time><sat>7</sat></trkpt>
  <trkpt lat="30.26871883" lon="120.11804561"><ele>18.345</ele><time>2026-09-17T14:32:24Z</time><sat>6</sat></trkpt>
  <trkpt lat="30.26871882" lon="120.11804562"><ele>18.348</ele><time>2026-09-17T14:32:27Z</time><sat>4</sat></trkpt>
  <trkpt lat="30.26871881" lon="120.11804563"><ele>18.347</ele><time>2026-09-17T14:32:30Z</time><sat>5</sat></trkpt>
  <trkpt lat="30.26871882" lon="120.11804562"><ele>18.354</ele><time>2026-09-17T14:32:33Z</time><sat>7</sat></trkpt>
  <trkpt lat="30.26871882" lon="120.11804560"><ele>18.352</ele><time>2026-09-17T14:32:36Z</time><sat>6</sat></trkpt>
  <trkpt lat="30.26871881" lon="120.11804560"><ele>18.349</ele><time>2026-09-17T14:32:39Z</time><sat>5</sat></trkpt>
  <trkpt lat="30.26871880" lon="120.11804559"><ele>18.350</ele><time>2026-09-17T14:32:42Z</time><sat>6</sat></trkpt>
  <trkpt lat="30.26871881" lon="120.11804558"><ele>18.352</ele><time>2026-09-17T14:32:45Z</time><sat>7</sat></trkpt>
  <trkpt lat="30.26871880" lon="120.11804562"><ele>18.351</ele><time>2026-09-17T14:32:48Z</time><sat>6</sat></trkpt>
  <trkpt lat="30.26871876" lon="120.11804563"><ele>18.338</ele><time>2026-09-17T14:32:51Z</time><sat>5</sat></trkpt>
  <trkpt lat="30.26871876" lon="120.11804559"><ele>18.340</ele><time>2026-09-17T14:32:54Z</time><sat>5</sat></trkpt>
  <trkpt lat="30.26871876" lon="120.11804559"><ele>18.339</ele><time>2026-09-17T14:32:57Z</time><sat>6</sat></trkpt>
  <trkpt lat="30.26871878" lon="120.11804552"><ele>18.340</ele><time>2026-09-17T14:33:00Z</time><sat>6</sat></trkpt>
  <trkpt lat="30.26871878" lon="120.11804549"><ele>18.338</ele><time>2026-09-17T14:33:03Z</time><sat>4</sat></trkpt>
  <trkpt lat="30.26871878" lon="120.11804542"><ele>18.335</ele><time>2026-09-17T14:33:06Z</time><sat>5</sat></trkpt>
  <trkpt lat="30.26871877" lon="120.11804541"><ele>18.332</ele><time>2026-09-17T14:33:09Z</time><sat>7</sat></trkpt>
  <trkpt lat="30.26871878" lon="120.11804537"><ele>18.331</ele><time>2026-09-17T14:33:12Z</time><sat>7</sat></trkpt>
  <trkpt lat="30.26871877" lon="120.11804538"><ele>18.331</ele><time>2026-09-17T14:33:15Z</time><sat>5</sat></trkpt>
  <trkpt lat="30.26871876" lon="120.11804539"><ele>18.329</ele><time>2026-09-17T14:33:18Z</time><sat>5</sat></trkpt>
  <trkpt lat="30.26871875" lon="120.11804538"><ele>18.328</ele><time>2026-09-17T14:33:21Z</time><sat>6</sat></trkpt>
  <trkpt lat="30.26871875" lon="120.11804538"><ele>18.329</ele><time>2026-09-17T14:33:24Z</time><sat>5</sat></trkpt>
  <trkpt lat="30.26871875" lon="120.11804538"><ele>18.331</ele><time>2026-09-17T14:33:27Z</time><sat>5</sat></trkpt>
  <trkpt lat="30.26871875" lon="120.11804538"><ele>18.332</ele><time>2026-09-17T14:33:30Z</time><sat>5</sat></trkpt>
  <trkpt lat="30.26871873" lon="120.11804538"><ele>18.337</ele><time>2026-09-17T14:33:33Z</time><sat>4</sat></trkpt>
  <trkpt lat="30.26871874" lon="120.11804538"><ele>18.339</ele><time>2026-09-17T14:33:36Z</time><sat>5</sat></trkpt>
  <trkpt lat="30.26871875" lon="120.11804537"><ele>18.342</ele><time>2026-09-17T14:33:39Z</time><sat>6</sat></trkpt>
  <trkpt lat="30.26871874" lon="120.11804538"><ele>18.348</ele><time>2026-09-17T14:33:42Z</time><sat>6</sat></trkpt>
  <trkpt lat="30.26871876" lon="120.11804537"><ele>18.355</ele><time>2026-09-17T14:33:45Z</time><sat>5</sat></trkpt>
  <trkpt lat="30.26871879" lon="120.11804536"><ele>18.361</ele><time>2026-09-17T14:33:48Z</time><sat>5</sat></trkpt>
  <trkpt lat="30.26871879" lon="120.11804536"><ele>18.365</ele><time>2026-09-17T14:33:51Z</time><sat>4</sat></trkpt>
  <trkpt lat="30.26871878" lon="120.11804537"><ele>18.368</ele><time>2026-09-17T14:33:54Z</time><sat>5</sat></trkpt>
  <trkpt lat="30.26871878" lon="120.11804537"><ele>18.374</ele><time>2026-09-17T14:33:57Z</time><sat>5</sat></trkpt>
  <trkpt lat="30.26871878" lon="120.11804536"><ele>18.373</ele><time>2026-09-17T14:34:00Z</time><sat>6</sat></trkpt>
  <trkpt lat="30.26871879" lon="120.11804536"><ele>18.378</ele><time>2026-09-17T14:34:03Z</time><sat>6</sat></trkpt>
  <trkpt lat="30.26871879" lon="120.11804536"><ele>18.380</ele><time>2026-09-17T14:34:06Z</time><sat>6</sat></trkpt>
  <trkpt lat="30.26871880" lon="120.11804536"><ele>18.380</ele><time>2026-09-17T14:34:09Z</time><sat>6</sat></trkpt>
  <trkpt lat="30.26871880" lon="120.11804536"><ele>18.380</ele><time>2026-09-17T14:34:12Z</time><sat>6</sat></trkpt>
  <trkpt lat="30.26871880" lon="120.11804534"><ele>18.380</ele><time>2026-09-17T14:34:15Z</time><sat>7</sat></trkpt>
  <trkpt lat="30.26871880" lon="120.11804534"><ele>18.380</ele><time>2026-09-17T14:34:18Z</time><sat>5</sat></trkpt>
  <trkpt lat="30.26871879" lon="120.11804534"><ele>18.378</ele><time>2026-09-17T14:34:21Z</time><sat>5</sat></trkpt>
  <trkpt lat="30.26871879" lon="120.11804535"><ele>18.379</ele><time>2026-09-17T14:34:24Z</time><sat>5</sat></trkpt>
  <trkpt lat="30.26871879" lon="120.11804535"><ele>18.378</ele><time>2026-09-17T14:34:27Z</time><sat>6</sat></trkpt>
  <trkpt lat="30.26871879" lon="120.11804535"><ele>18.379</ele><time>2026-09-17T14:34:30Z</time><sat>5</sat></trkpt>
  <trkpt lat="30.26871879" lon="120.11804536"><ele>18.377</ele><time>2026-09-17T14:34:33Z</time><sat>4</sat></trkpt>
  <trkpt lat="30.26871879" lon="120.11804536"><ele>18.377</ele><time>2026-09-17T14:34:36Z</time><sat>5</sat></trkpt>
  <trkpt lat="30.26871879" lon="120.11804535"><ele>18.380</ele><time>2026-09-17T14:34:39Z</time><sat>6</sat></trkpt>
  <trkpt lat="30.26871879" lon="120.11804535"><ele>18.380</ele><time>2026-09-17T14:34:42Z</time><sat>5</sat></trkpt>
  <trkpt lat="30.26871878" lon="120.11804535"><ele>18.379</ele><time>2026-09-17T14:34:45Z</time><sat>4</sat></trkpt>
  <trkpt lat="30.26871878" lon="120.11804535"><ele>18.379</ele><time>2026-09-17T14:34:48Z</time><sat>4</sat></trkpt>
  <trkpt lat="30.26871878" lon="120.11804535"><ele>18.380</ele><time>2026-09-17T14:34:51Z</time><sat>6</sat></trkpt>
  <trkpt lat="30.26871877" lon="120.11804534"><ele>18.384</ele><time>2026-09-17T14:34:54Z</time><sat>5</sat></trkpt>
  <trkpt lat="30.26871877" lon="120.11804534"><ele>18.385</ele><time>2026-09-17T14:34:57Z</time><sat>5</sat></trkpt>
  <trkpt lat="30.26871877" lon="120.11804533"><ele>18.385</ele><time>2026-09-17T14:35:00Z</time><sat>5</sat></trkpt>
  <trkpt lat="30.26871877" lon="120.11804533"><ele>18.384</ele><time>2026-09-17T14:35:03Z</time><sat>4</sat></trkpt>
  <trkpt lat="30.26872037" lon="120.11804561"><ele>18.420</ele><time>2026-09-17T14:35:48Z</time><sat>5</sat></trkpt>
  <trkpt lat="30.26872280" lon="120.11804603"><ele>18.481</ele><time>2026-09-17T14:36:26Z</time><sat>3</sat></trkpt>
  <trkpt lat="30.26872280" lon="120.11804603"><ele>18.484</ele><time>2026-09-17T14:36:29Z</time><sat>3</sat></trkpt>
  <trkpt lat="30.26872280" lon="120.11804603"><ele>18.483</ele><time>2026-09-17T14:36:33Z</time><sat>4</sat></trkpt>
  <trkpt lat="30.26872469" lon="120.11804651"><ele>18.539</ele><time>2026-09-17T14:36:53Z</time><sat>3</sat></trkpt>
  <trkpt lat="30.26872469" lon="120.11804651"><ele>18.539</ele><time>2026-09-17T14:36:56Z</time><sat>4</sat></trkpt>
  <trkpt lat="30.26872469" lon="120.11804651"><ele>18.539</ele><time>2026-09-17T14:36:59Z</time><sat>4</sat></trkpt>
  <trkpt lat="30.26872618" lon="120.11804696"><ele>18.602</ele><time>2026-09-17T14:37:18Z</time><sat>4</sat></trkpt>
  <trkpt lat="30.26872618" lon="120.11804696"><ele>18.604</ele><time>2026-09-17T14:37:21Z</time><sat>4</sat></trkpt>
  <trkpt lat="30.26872618" lon="120.11804696"><ele>18.604</ele><time>2026-09-17T14:37:25Z</time><sat>3</sat></trkpt>
  <trkpt lat="30.26872617" lon="120.11804697"><ele>18.608</ele><time>2026-09-17T14:37:30Z</time><sat>5</sat></trkpt>
  <trkpt lat="30.26872617" lon="120.11804697"><ele>18.607</ele><time>2026-09-17T14:37:33Z</time><sat>5</sat></trkpt>
  <trkpt lat="30.26872617" lon="120.11804697"><ele>18.612</ele><time>2026-09-17T14:37:36Z</time><sat>4</sat></trkpt>
  <trkpt lat="30.26872616" lon="120.11804697"><ele>18.614</ele><time>2026-09-17T14:37:39Z</time><sat>6</sat></trkpt>
  <trkpt lat="30.26872616" lon="120.11804697"><ele>18.615</ele><time>2026-09-17T14:37:42Z</time><sat>8</sat></trkpt>
  <trkpt lat="30.26872616" lon="120.11804698"><ele>18.618</ele><time>2026-09-17T14:37:45Z</time><sat>6</sat></trkpt>
  <trkpt lat="30.26872616" lon="120.11804698"><ele>18.619</ele><time>2026-09-17T14:37:48Z</time><sat>5</sat></trkpt>
  <trkpt lat="30.26872615" lon="120.11804697"><ele>18.625</ele><time>2026-09-17T14:37:51Z</time><sat>6</sat></trkpt>
  <trkpt lat="30.26872615" lon="120.11804699"><ele>18.622</ele><time>2026-09-17T14:37:54Z</time><sat>5</sat></trkpt>
  <trkpt lat="30.26872614" lon="120.11804699"><ele>18.625</ele><time>2026-09-17T14:37:57Z</time><sat>5</sat></trkpt>
  <trkpt lat="30.26872613" lon="120.11804698"><ele>18.631</ele><time>2026-09-17T14:38:00Z</time><sat>8</sat></trkpt>
  <trkpt lat="30.26872612" lon="120.11804698"><ele>18.634</ele><time>2026-09-17T14:38:03Z</time><sat>8</sat></trkpt>
  <trkpt lat="30.26872612" lon="120.11804699"><ele>18.637</ele><time>2026-09-17T14:38:06Z</time><sat>6</sat></trkpt>
  <trkpt lat="30.26872612" lon="120.11804699"><ele>18.634</ele><time>2026-09-17T14:38:09Z</time><sat>5</sat></trkpt>
  <trkpt lat="30.26872611" lon="120.11804699"><ele>18.636</ele><time>2026-09-17T14:38:12Z</time><sat>6</sat></trkpt>
  <trkpt lat="30.26872612" lon="120.11804699"><ele>18.635</ele><time>2026-09-17T14:38:15Z</time><sat>5</sat></trkpt>
  <trkpt lat="30.26872611" lon="120.11804699"><ele>18.635</ele><time>2026-09-17T14:38:18Z</time><sat>5</sat></trkpt>
  <trkpt lat="30.26872609" lon="120.11804699"><ele>18.657</ele><time>2026-09-17T14:38:21Z</time><sat>5</sat></trkpt>
  <trkpt lat="30.26872590" lon="120.11804679"><ele>18.726</ele><time>2026-09-17T14:38:24Z</time><sat>6</sat></trkpt>
  <trkpt lat="30.26872590" lon="120.11804679"><ele>18.727</ele><time>2026-09-17T14:38:27Z</time><sat>7</sat></trkpt>
  <trkpt lat="30.26872590" lon="120.11804679"><ele>18.728</ele><time>2026-09-17T14:38:30Z</time><sat>4</sat></trkpt>
  <trkpt lat="30.26872590" lon="120.11804679"><ele>18.727</ele><time>2026-09-17T14:38:33Z</time><sat>4</sat></trkpt>
  <trkpt lat="30.26872568" lon="120.11804655"><ele>18.808</ele><time>2026-09-17T14:38:36Z</time><sat>7</sat></trkpt>
  <trkpt lat="30.26872568" lon="120.11804655"><ele>18.807</ele><time>2026-09-17T14:38:39Z</time><sat>7</sat></trkpt>
  <trkpt lat="30.26872568" lon="120.11804655"><ele>18.807</ele><time>2026-09-17T14:38:42Z</time><sat>3</sat></trkpt>
  <trkpt lat="30.26872524" lon="120.11804593"><ele>18.948</ele><time>2026-09-17T14:39:05Z</time><sat>4</sat></trkpt>
  <trkpt lat="30.26872533" lon="120.11804602"><ele>18.910</ele><time>2026-09-17T14:39:09Z</time><sat>2</sat></trkpt>
  <trkpt lat="30.26872533" lon="120.11804602"><ele>18.912</ele><time>2026-09-17T14:39:14Z</time><sat>5</sat></trkpt>
  <trkpt lat="30.26872533" lon="120.11804602"><ele>18.912</ele><time>2026-09-17T14:39:17Z</time><sat>5</sat></trkpt>
  <trkpt lat="30.26872537" lon="120.11804606"><ele>18.899</ele><time>2026-09-17T14:39:20Z</time><sat>4</sat></trkpt>
  <trkpt lat="30.26872520" lon="120.11804570"><ele>18.907</ele><time>2026-09-17T14:39:41Z</time><sat>5</sat></trkpt>
  <trkpt lat="30.26872503" lon="120.11804550"><ele>18.991</ele><time>2026-09-17T14:39:44Z</time><sat>4</sat></trkpt>
  <trkpt lat="30.26872501" lon="120.11804547"><ele>18.980</ele><time>2026-09-17T14:39:47Z</time><sat>5</sat></trkpt>
  <trkpt lat="30.26872499" lon="120.11804544"><ele>18.956</ele><time>2026-09-17T14:39:50Z</time><sat>5</sat></trkpt>
  <trkpt lat="30.26872497" lon="120.11804543"><ele>18.966</ele><time>2026-09-17T14:39:53Z</time><sat>4</sat></trkpt>
  <trkpt lat="30.26872633" lon="120.11804492"><ele>18.805</ele><time>2026-09-17T14:40:14Z</time><sat>5</sat></trkpt>
  <trkpt lat="30.26872633" lon="120.11804492"><ele>18.806</ele><time>2026-09-17T14:40:17Z</time><sat>4</sat></trkpt>
  <trkpt lat="30.26872586" lon="120.11804499"><ele>18.871</ele><time>2026-09-17T14:40:21Z</time><sat>3</sat></trkpt>
  <trkpt lat="30.26872643" lon="120.11804489"><ele>18.794</ele><time>2026-09-17T14:41:02Z</time><sat>4</sat></trkpt>
  <trkpt lat="30.26872644" lon="120.11804490"><ele>18.794</ele><time>2026-09-17T14:41:05Z</time><sat>4</sat></trkpt>
  <trkpt lat="30.26872644" lon="120.11804489"><ele>18.791</ele><time>2026-09-17T14:41:08Z</time><sat>5</sat></trkpt>
  <trkpt lat="30.26872602" lon="120.11804495"><ele>18.852</ele><time>2026-09-17T14:41:11Z</time><sat>5</sat></trkpt>
  <trkpt lat="30.26872602" lon="120.11804494"><ele>18.855</ele><time>2026-09-17T14:41:14Z</time><sat>5</sat></trkpt>
  <trkpt lat="30.26872604" lon="120.11804493"><ele>18.852</ele><time>2026-09-17T14:41:17Z</time><sat>6</sat></trkpt>
  <trkpt lat="30.26872606" lon="120.11804494"><ele>18.865</ele><time>2026-09-17T14:41:20Z</time><sat>5</sat></trkpt>
  <trkpt lat="30.26872557" lon="120.11804500"><ele>18.949</ele><time>2026-09-17T14:41:23Z</time><sat>5</sat></trkpt>
  <trkpt lat="30.26872553" lon="120.11804510"><ele>18.957</ele><time>2026-09-17T14:41:26Z</time><sat>6</sat></trkpt>
  <trkpt lat="30.26872554" lon="120.11804503"><ele>18.937</ele><time>2026-09-17T14:41:29Z</time><sat>6</sat></trkpt>
  <trkpt lat="30.26872554" lon="120.11804503"><ele>18.937</ele><time>2026-09-17T14:41:32Z</time><sat>5</sat></trkpt>
  <trkpt lat="30.26872497" lon="120.11804513"><ele>19.016</ele><time>2026-09-17T14:41:35Z</time><sat>5</sat></trkpt>
  <trkpt lat="30.26872493" lon="120.11804513"><ele>19.028</ele><time>2026-09-17T14:41:38Z</time><sat>5</sat></trkpt>
  <trkpt lat="30.26872491" lon="120.11804513"><ele>19.036</ele><time>2026-09-17T14:41:41Z</time><sat>4</sat></trkpt>
  <trkpt lat="30.26872491" lon="120.11804512"><ele>19.036</ele><time>2026-09-17T14:41:44Z</time><sat>4</sat></trkpt>
  <trkpt lat="30.26873772" lon="120.11802514"><ele>31.213</ele><time>2026-09-17T14:44:57Z</time><sat>2</sat></trkpt>
  <trkpt lat="30.26873750" lon="120.11802719"><ele>31.255</ele><time>2026-09-17T14:45:00Z</time><sat>4</sat></trkpt>
  <trkpt lat="30.26873751" lon="120.11802733"><ele>31.250</ele><time>2026-09-17T14:45:03Z</time><sat>5</sat></trkpt>
  <trkpt lat="30.26873928" lon="120.11803489"><ele>31.380</ele><time>2026-09-17T14:45:24Z</time><sat>3</sat></trkpt>
  <trkpt lat="30.26874004" lon="120.11803804"><ele>31.031</ele><time>2026-09-17T14:45:45Z</time><sat>3</sat></trkpt>
  <trkpt lat="30.26874530" lon="120.11808509"><ele>35.171</ele><time>2026-09-17T14:47:41Z</time><sat>3</sat></trkpt>
  <trkpt lat="30.26874686" lon="120.11808457"><ele>35.083</ele><time>2026-09-17T14:48:23Z</time><sat>3</sat></trkpt>
  <trkpt lat="30.26874710" lon="120.11808471"><ele>35.050</ele><time>2026-09-17T14:48:52Z</time><sat>3</sat></trkpt>
  <trkpt lat="30.26874710" lon="120.11808467"><ele>35.061</ele><time>2026-09-17T14:48:55Z</time><sat>3</sat></trkpt>
  <trkpt lat="30.26875160" lon="120.11806904"><ele>43.382</ele><time>2026-09-17T14:49:13Z</time><sat>3</sat></trkpt>
  <trkpt lat="30.26874741" lon="120.11808195"><ele>35.345</ele><time>2026-09-17T14:49:19Z</time></trkpt>
  <trkpt lat="30.26874748" lon="120.11807692"><ele>36.740</ele><time>2026-09-17T14:49:56Z</time><sat>5</sat></trkpt>
  <trkpt lat="30.26874082" lon="120.11807816"><ele>49.051</ele><time>2026-09-17T14:50:19Z</time><sat>5</sat></trkpt>
  <trkpt lat="30.26874785" lon="120.11807384"><ele>36.456</ele><time>2026-09-17T14:50:22Z</time><sat>4</sat></trkpt>
  <trkpt lat="30.26874805" lon="120.11807332"><ele>35.506</ele><time>2026-09-17T14:50:25Z</time><sat>3</sat></trkpt>
  <trkpt lat="30.26874828" lon="120.11807309"><ele>34.483</ele><time>2026-09-17T14:50:28Z</time><sat>5</sat></trkpt>
  <trkpt lat="30.26874847" lon="120.11807234"><ele>33.630</ele><time>2026-09-17T14:50:31Z</time><sat>7</sat></trkpt>
  <trkpt lat="30.26874861" lon="120.11807194"><ele>33.321</ele><time>2026-09-17T14:50:34Z</time><sat>7</sat></trkpt>
  <trkpt lat="30.26874683" lon="120.11807085"><ele>30.828</ele><time>2026-09-17T14:50:37Z</time><sat>6</sat></trkpt>
  <trkpt lat="30.26874683" lon="120.11807137"><ele>30.632</ele><time>2026-09-17T14:50:40Z</time><sat>7</sat></trkpt>
  <trkpt lat="30.26874711" lon="120.11807042"><ele>29.841</ele><time>2026-09-17T14:50:43Z</time><sat>7</sat></trkpt>
  <trkpt lat="30.26874698" lon="120.11807154"><ele>30.210</ele><time>2026-09-17T14:50:46Z</time><sat>7</sat></trkpt>
  <trkpt lat="30.26874700" lon="120.11807139"><ele>30.273</ele><time>2026-09-17T14:50:49Z</time><sat>6</sat></trkpt>
  <trkpt lat="30.26874725" lon="120.11806999"><ele>30.664</ele><time>2026-09-17T14:50:52Z</time><sat>6</sat></trkpt>
  <trkpt lat="30.26874725" lon="120.11807012"><ele>30.610</ele><time>2026-09-17T14:50:55Z</time><sat>5</sat></trkpt>
  <trkpt lat="30.26874727" lon="120.11806997"><ele>30.687</ele><time>2026-09-17T14:50:58Z</time><sat>2</sat></trkpt>
  <trkpt lat="30.26874730" lon="120.11806980"><ele>30.738</ele><time>2026-09-17T14:51:01Z</time><sat>4</sat></trkpt>
  <trkpt lat="30.26874734" lon="120.11806959"><ele>30.799</ele><time>2026-09-17T14:51:04Z</time><sat>7</sat></trkpt>
  <trkpt lat="30.26874729" lon="120.11807002"><ele>30.660</ele><time>2026-09-17T14:51:07Z</time><sat>5</sat></trkpt>
  <trkpt lat="30.26874731" lon="120.11807008"><ele>30.663</ele><time>2026-09-17T14:51:10Z</time><sat>3</sat></trkpt>
  <trkpt lat="30.26874731" lon="120.11807011"><ele>30.667</ele><time>2026-09-17T14:51:13Z</time><sat>6</sat></trkpt>
  <trkpt lat="30.26874730" lon="120.11807014"><ele>30.681</ele><time>2026-09-17T14:51:16Z</time><sat>7</sat></trkpt>
  <trkpt lat="30.26874729" lon="120.11807001"><ele>30.738</ele><time>2026-09-17T14:51:19Z</time><sat>5</sat></trkpt>
  <trkpt lat="30.26874728" lon="120.11807003"><ele>30.781</ele><time>2026-09-17T14:51:22Z</time><sat>4</sat></trkpt>
  <trkpt lat="30.26874729" lon="120.11807003"><ele>30.776</ele><time>2026-09-17T14:51:25Z</time><sat>6</sat></trkpt>
  <trkpt lat="30.26874729" lon="120.11806992"><ele>30.790</ele><time>2026-09-17T14:51:28Z</time><sat>6</sat></trkpt>
  <trkpt lat="30.26874728" lon="120.11806986"><ele>30.812</ele><time>2026-09-17T14:51:31Z</time><sat>6</sat></trkpt>
  <trkpt lat="30.26874730" lon="120.11806936"><ele>30.887</ele><time>2026-09-17T14:51:34Z</time><sat>6</sat></trkpt>
  <trkpt lat="30.26874729" lon="120.11806921"><ele>30.938</ele><time>2026-09-17T14:51:37Z</time><sat>4</sat></trkpt>
  <trkpt lat="30.26874728" lon="120.11806913"><ele>30.962</ele><time>2026-09-17T14:51:40Z</time><sat>4</sat></trkpt>
  <trkpt lat="30.26874727" lon="120.11806919"><ele>30.995</ele><time>2026-09-17T14:51:43Z</time><sat>6</sat></trkpt>
  <trkpt lat="30.26874725" lon="120.11806921"><ele>31.047</ele><time>2026-09-17T14:51:46Z</time><sat>7</sat></trkpt>
  <trkpt lat="30.26874724" lon="120.11806916"><ele>31.108</ele><time>2026-09-17T14:51:49Z</time><sat>5</sat></trkpt>
  <trkpt lat="30.26874722" lon="120.11806919"><ele>31.141</ele><time>2026-09-17T14:51:52Z</time><sat>5</sat></trkpt>
  <trkpt lat="30.26874722" lon="120.11806917"><ele>31.179</ele><time>2026-09-17T14:51:55Z</time><sat>6</sat></trkpt>
  <trkpt lat="30.26874719" lon="120.11806923"><ele>31.223</ele><time>2026-09-17T14:51:58Z</time><sat>6</sat></trkpt>
  <trkpt lat="30.26874718" lon="120.11806920"><ele>31.271</ele><time>2026-09-17T14:52:01Z</time><sat>5</sat></trkpt>
  <trkpt lat="30.26874717" lon="120.11806920"><ele>31.314</ele><time>2026-09-17T14:52:04Z</time><sat>5</sat></trkpt>
  <trkpt lat="30.26874717" lon="120.11806922"><ele>31.312</ele><time>2026-09-17T14:52:07Z</time><sat>6</sat></trkpt>
  <trkpt lat="30.26874561" lon="120.11806685"><ele>29.665</ele><time>2026-09-17T14:52:10Z</time><sat>6</sat></trkpt>
  <trkpt lat="30.26874559" lon="120.11806684"><ele>29.691</ele><time>2026-09-17T14:52:13Z</time><sat>6</sat></trkpt>
  <trkpt lat="30.26874557" lon="120.11806678"><ele>29.772</ele><time>2026-09-17T14:52:16Z</time><sat>7</sat></trkpt>
  <trkpt lat="30.26874557" lon="120.11806680"><ele>29.795</ele><time>2026-09-17T14:52:19Z</time><sat>6</sat></trkpt>
  <trkpt lat="30.26874556" lon="120.11806681"><ele>29.823</ele><time>2026-09-17T14:52:22Z</time><sat>6</sat></trkpt>
  <trkpt lat="30.26874555" lon="120.11806679"><ele>29.892</ele><time>2026-09-17T14:52:25Z</time><sat>6</sat></trkpt>
  <trkpt lat="30.26874554" lon="120.11806678"><ele>29.894</ele><time>2026-09-17T14:52:28Z</time><sat>6</sat></trkpt>
  <trkpt lat="30.26874553" lon="120.11806677"><ele>29.914</ele><time>2026-09-17T14:52:31Z</time><sat>5</sat></trkpt>
  <trkpt lat="30.26874553" lon="120.11806678"><ele>29.924</ele><time>2026-09-17T14:52:34Z</time><sat>5</sat></trkpt>
  <trkpt lat="30.26874552" lon="120.11806680"><ele>29.945</ele><time>2026-09-17T14:52:37Z</time><sat>6</sat></trkpt>
  <trkpt lat="30.26874553" lon="120.11806680"><ele>29.928</ele><time>2026-09-17T14:52:40Z</time><sat>5</sat></trkpt>
  <trkpt lat="30.26874552" lon="120.11806680"><ele>29.927</ele><time>2026-09-17T14:52:43Z</time><sat>4</sat></trkpt>
  <trkpt lat="30.26874551" lon="120.11806679"><ele>29.885</ele><time>2026-09-17T14:52:46Z</time><sat>3</sat></trkpt>
  <trkpt lat="30.26874551" lon="120.11806678"><ele>29.891</ele><time>2026-09-17T14:52:49Z</time><sat>4</sat></trkpt>
  <trkpt lat="30.26874389" lon="120.11806238"><ele>29.890</ele><time>2026-09-17T14:53:12Z</time><sat>3</sat></trkpt>
  <trkpt lat="30.26874424" lon="120.11806353"><ele>30.148</ele><time>2026-09-17T14:53:15Z</time><sat>4</sat></trkpt>
  <trkpt lat="30.26874425" lon="120.11806343"><ele>30.161</ele><time>2026-09-17T14:53:18Z</time><sat>5</sat></trkpt>
  <trkpt lat="30.26874425" lon="120.11806340"><ele>30.160</ele><time>2026-09-17T14:53:21Z</time><sat>4</sat></trkpt>
  <trkpt lat="30.26874049" lon="120.11805335"><ele>29.573</ele><time>2026-09-17T14:53:42Z</time><sat>4</sat></trkpt>
  <trkpt lat="30.26874049" lon="120.11805339"><ele>29.602</ele><time>2026-09-17T14:53:45Z</time><sat>4</sat></trkpt>
  <trkpt lat="30.26874047" lon="120.11805340"><ele>29.665</ele><time>2026-09-17T14:53:48Z</time><sat>3</sat></trkpt>
  <trkpt lat="30.26873864" lon="120.11804828"><ele>29.786</ele><time>2026-09-17T14:53:51Z</time><sat>3</sat></trkpt>
  <trkpt lat="30.26873859" lon="120.11804815"><ele>29.854</ele><time>2026-09-17T14:53:54Z</time><sat>5</sat></trkpt>
  <trkpt lat="30.26873696" lon="120.11804679"><ele>28.277</ele><time>2026-09-17T14:53:57Z</time><sat>5</sat></trkpt>
  <trkpt lat="30.26873686" lon="120.11804652"><ele>28.328</ele><time>2026-09-17T14:54:00Z</time><sat>3</sat></trkpt>
  <trkpt lat="30.26873699" lon="120.11804682"><ele>28.222</ele><time>2026-09-17T14:54:03Z</time><sat>3</sat></trkpt>
  <trkpt lat="30.26873691" lon="120.11804665"><ele>28.305</ele><time>2026-09-17T14:54:06Z</time><sat>5</sat></trkpt>
  <trkpt lat="30.26873686" lon="120.11804651"><ele>28.353</ele><time>2026-09-17T14:54:09Z</time><sat>5</sat></trkpt>
  <trkpt lat="30.26873680" lon="120.11804622"><ele>28.070</ele><time>2026-09-17T14:54:12Z</time><sat>3</sat></trkpt>
  <trkpt lat="30.26873674" lon="120.11804614"><ele>28.167</ele><time>2026-09-17T14:54:15Z</time><sat>4</sat></trkpt>
  <trkpt lat="30.26873583" lon="120.11804327"><ele>27.510</ele><time>2026-09-17T14:54:20Z</time><sat>3</sat></trkpt>
  <trkpt lat="30.26873576" lon="120.11804302"><ele>27.455</ele><time>2026-09-17T14:54:24Z</time><sat>5</sat></trkpt>
  <trkpt lat="30.26873573" lon="120.11804297"><ele>27.508</ele><time>2026-09-17T14:54:27Z</time><sat>5</sat></trkpt>
  <trkpt lat="30.26873572" lon="120.11804291"><ele>27.313</ele><time>2026-09-17T14:54:30Z</time><sat>4</sat></trkpt>
  <trkpt lat="30.26873531" lon="120.11804159"><ele>27.039</ele><time>2026-09-17T14:54:33Z</time><sat>4</sat></trkpt>
  <trkpt lat="30.26873524" lon="120.11804143"><ele>26.903</ele><time>2026-09-17T14:54:36Z</time><sat>5</sat></trkpt>
  <trkpt lat="30.26873521" lon="120.11804134"><ele>26.917</ele><time>2026-09-17T14:54:39Z</time><sat>6</sat></trkpt>
  <trkpt lat="30.26873523" lon="120.11804124"><ele>26.565</ele><time>2026-09-17T14:54:42Z</time><sat>5</sat></trkpt>
  <trkpt lat="30.26873438" lon="120.11803848"><ele>25.879</ele><time>2026-09-17T14:54:45Z</time><sat>3</sat></trkpt>
  <trkpt lat="30.26873436" lon="120.11803837"><ele>25.866</ele><time>2026-09-17T14:54:48Z</time><sat>5</sat></trkpt>
  <trkpt lat="30.26873435" lon="120.11803833"><ele>25.871</ele><time>2026-09-17T14:54:51Z</time><sat>5</sat></trkpt>
  <trkpt lat="30.26873433" lon="120.11803827"><ele>25.868</ele><time>2026-09-17T14:54:54Z</time><sat>4</sat></trkpt>
  <trkpt lat="30.26873309" lon="120.11803421"><ele>26.070</ele><time>2026-09-17T14:54:57Z</time><sat>3</sat></trkpt>
  <trkpt lat="30.26873306" lon="120.11803407"><ele>26.086</ele><time>2026-09-17T14:55:00Z</time><sat>6</sat></trkpt>
  <trkpt lat="30.26873306" lon="120.11803409"><ele>26.074</ele><time>2026-09-17T14:55:03Z</time><sat>6</sat></trkpt>
  <trkpt lat="30.26873306" lon="120.11803409"><ele>26.077</ele><time>2026-09-17T14:55:06Z</time><sat>3</sat></trkpt>
  <trkpt lat="30.26873302" lon="120.11803389"><ele>26.189</ele><time>2026-09-17T14:55:09Z</time><sat>4</sat></trkpt>
  <trkpt lat="30.26873302" lon="120.11803390"><ele>26.196</ele><time>2026-09-17T14:55:12Z</time><sat>5</sat></trkpt>
  <trkpt lat="30.26873300" lon="120.11803385"><ele>26.205</ele><time>2026-09-17T14:55:15Z</time><sat>5</sat></trkpt>
  <trkpt lat="30.26873300" lon="120.11803385"><ele>26.205</ele><time>2026-09-17T14:55:18Z</time><sat>4</sat></trkpt>
  <trkpt lat="30.26873363" lon="120.11803515"><ele>26.458</ele><time>2026-09-17T14:55:39Z</time><sat>3</sat></trkpt>
  <trkpt lat="30.26873363" lon="120.11803518"><ele>26.453</ele><time>2026-09-17T14:55:42Z</time><sat>4</sat></trkpt>
  <trkpt lat="30.26873362" lon="120.11803519"><ele>26.465</ele><time>2026-09-17T14:55:45Z</time><sat>6</sat></trkpt>
  <trkpt lat="30.26873362" lon="120.11803517"><ele>26.510</ele><time>2026-09-17T14:55:48Z</time><sat>6</sat></trkpt>
  <trkpt lat="30.26873361" lon="120.11803516"><ele>26.539</ele><time>2026-09-17T14:55:51Z</time><sat>6</sat></trkpt>
  <trkpt lat="30.26873364" lon="120.11803524"><ele>26.660</ele><time>2026-09-17T14:55:54Z</time><sat>5</sat></trkpt>
  <trkpt lat="30.26873362" lon="120.11803519"><ele>26.688</ele><time>2026-09-17T14:55:57Z</time><sat>6</sat></trkpt>
  <trkpt lat="30.26873362" lon="120.11803525"><ele>26.660</ele><time>2026-09-17T14:56:00Z</time><sat>6</sat></trkpt>
  <trkpt lat="30.26873361" lon="120.11803525"><ele>26.682</ele><time>2026-09-17T14:56:03Z</time><sat>5</sat></trkpt>
  <trkpt lat="30.26873347" lon="120.11803481"><ele>26.571</ele><time>2026-09-17T14:56:06Z</time><sat>7</sat></trkpt>
  <trkpt lat="30.26873346" lon="120.11803489"><ele>26.570</ele><time>2026-09-17T14:56:09Z</time><sat>8</sat></trkpt>
  <trkpt lat="30.26873345" lon="120.11803494"><ele>26.570</ele><time>2026-09-17T14:56:12Z</time><sat>5</sat></trkpt>
  <trkpt lat="30.26873342" lon="120.11803499"><ele>26.387</ele><time>2026-09-17T14:56:15Z</time><sat>5</sat></trkpt>
  <trkpt lat="30.26873289" lon="120.11803460"><ele>25.805</ele><time>2026-09-17T14:56:18Z</time><sat>7</sat></trkpt>
  <trkpt lat="30.26873287" lon="120.11803462"><ele>25.816</ele><time>2026-09-17T14:56:21Z</time><sat>8</sat></trkpt>
  <trkpt lat="30.26873283" lon="120.11803454"><ele>25.763</ele><time>2026-09-17T14:56:24Z</time><sat>7</sat></trkpt>
  <trkpt lat="30.26873160" lon="120.11803345"><ele>24.420</ele><time>2026-09-17T14:56:27Z</time><sat>5</sat></trkpt>
  <trkpt lat="30.26873154" lon="120.11803335"><ele>24.421</ele><time>2026-09-17T14:56:30Z</time><sat>8</sat></trkpt>
  <trkpt lat="30.26873144" lon="120.11803327"><ele>24.246</ele><time>2026-09-17T14:56:33Z</time><sat>8</sat></trkpt>
  <trkpt lat="30.26873138" lon="120.11803319"><ele>24.295</ele><time>2026-09-17T14:56:36Z</time><sat>5</sat></trkpt>
  <trkpt lat="30.26873010" lon="120.11803208"><ele>22.963</ele><time>2026-09-17T14:56:39Z</time><sat>6</sat></trkpt>
  <trkpt lat="30.26873012" lon="120.11803214"><ele>22.976</ele><time>2026-09-17T14:56:42Z</time><sat>7</sat></trkpt>
  <trkpt lat="30.26873003" lon="120.11803211"><ele>22.791</ele><time>2026-09-17T14:56:45Z</time><sat>6</sat></trkpt>
  <trkpt lat="30.26872999" lon="120.11803213"><ele>22.622</ele><time>2026-09-17T14:56:48Z</time><sat>5</sat></trkpt>
  <trkpt lat="30.26873001" lon="120.11803221"><ele>22.609</ele><time>2026-09-17T14:56:51Z</time><sat>6</sat></trkpt>
  <trkpt lat="30.26872999" lon="120.11803218"><ele>22.612</ele><time>2026-09-17T14:56:54Z</time><sat>7</sat></trkpt>
  <trkpt lat="30.26873001" lon="120.11803223"><ele>22.615</ele><time>2026-09-17T14:56:57Z</time><sat>6</sat></trkpt>
  <trkpt lat="30.26872998" lon="120.11803218"><ele>22.618</ele><time>2026-09-17T14:57:00Z</time><sat>4</sat></trkpt>
  <trkpt lat="30.26872998" lon="120.11803217"><ele>22.621</ele><time>2026-09-17T14:57:03Z</time><sat>5</sat></trkpt>
  <trkpt lat="30.26872998" lon="120.11803216"><ele>22.630</ele><time>2026-09-17T14:57:06Z</time><sat>6</sat></trkpt>
  <trkpt lat="30.26872998" lon="120.11803217"><ele>22.634</ele><time>2026-09-17T14:57:09Z</time><sat>4</sat></trkpt>
  <trkpt lat="30.26872865" lon="120.11803101"><ele>21.212</ele><time>2026-09-17T14:57:12Z</time><sat>3</sat></trkpt>
  <trkpt lat="30.26872865" lon="120.11803099"><ele>21.210</ele><time>2026-09-17T14:57:15Z</time><sat>6</sat></trkpt>
  <trkpt lat="30.26872867" lon="120.11803104"><ele>21.219</ele><time>2026-09-17T14:57:18Z</time><sat>7</sat></trkpt>
  <trkpt lat="30.26872867" lon="120.11803104"><ele>21.230</ele><time>2026-09-17T14:57:21Z</time><sat>3</sat></trkpt>
  <trkpt lat="30.26872758" lon="120.11803009"><ele>20.083</ele><time>2026-09-17T14:57:24Z</time><sat>5</sat></trkpt>
  <trkpt lat="30.26872758" lon="120.11803011"><ele>20.088</ele><time>2026-09-17T14:57:27Z</time><sat>6</sat></trkpt>
  <trkpt lat="30.26872758" lon="120.11803008"><ele>20.094</ele><time>2026-09-17T14:57:30Z</time><sat>4</sat></trkpt>
  <trkpt lat="30.26872758" lon="120.11803008"><ele>20.090</ele><time>2026-09-17T14:57:33Z</time><sat>3</sat></trkpt>
  <trkpt lat="30.26872759" lon="120.11803010"><ele>20.084</ele><time>2026-09-17T14:57:36Z</time><sat>6</sat></trkpt>
  <trkpt lat="30.26872778" lon="120.11802982"><ele>20.053</ele><time>2026-09-17T14:57:39Z</time><sat>5</sat></trkpt>
  <trkpt lat="30.26872778" lon="120.11802981"><ele>20.059</ele><time>2026-09-17T14:57:42Z</time><sat>4</sat></trkpt>
  <trkpt lat="30.26872778" lon="120.11802977"><ele>20.058</ele><time>2026-09-17T14:57:45Z</time><sat>5</sat></trkpt>
  <trkpt lat="30.26872778" lon="120.11802977"><ele>20.058</ele><time>2026-09-17T14:57:48Z</time><sat>6</sat></trkpt>
  <trkpt lat="30.26872692" lon="120.11803096"><ele>20.252</ele><time>2026-09-17T14:57:51Z</time><sat>3</sat></trkpt>
  <trkpt lat="30.26872597" lon="120.11803034"><ele>19.363</ele><time>2026-09-17T14:57:54Z</time><sat>4</sat></trkpt>
  <trkpt lat="30.26872597" lon="120.11803033"><ele>19.365</ele><time>2026-09-17T14:57:57Z</time><sat>6</sat></trkpt>
  <trkpt lat="30.26872598" lon="120.11803035"><ele>19.388</ele><time>2026-09-17T14:58:00Z</time><sat>5</sat></trkpt>
  <trkpt lat="30.26872550" lon="120.11803094"><ele>19.425</ele><time>2026-09-17T14:58:03Z</time><sat>4</sat></trkpt>
  <trkpt lat="30.26872551" lon="120.11803099"><ele>19.445</ele><time>2026-09-17T14:58:06Z</time><sat>5</sat></trkpt>
  <trkpt lat="30.26872553" lon="120.11803114"><ele>19.489</ele><time>2026-09-17T14:58:09Z</time><sat>4</sat></trkpt>
  <trkpt lat="30.26872533" lon="120.11803053"><ele>19.927</ele><time>2026-09-17T14:58:12Z</time><sat>4</sat></trkpt>
  <trkpt lat="30.26872569" lon="120.11803006"><ele>19.839</ele><time>2026-09-17T14:58:15Z</time><sat>5</sat></trkpt>
  <trkpt lat="30.26872568" lon="120.11803002"><ele>19.827</ele><time>2026-09-17T14:58:18Z</time><sat>5</sat></trkpt>
  <trkpt lat="30.26872568" lon="120.11802998"><ele>19.842</ele><time>2026-09-17T14:58:21Z</time><sat>4</sat></trkpt>
  <trkpt lat="30.26872519" lon="120.11803188"><ele>20.186</ele><time>2026-09-17T14:58:43Z</time><sat>5</sat></trkpt>
  <trkpt lat="30.26872461" lon="120.11803309"><ele>20.561</ele><time>2026-09-17T14:58:46Z</time><sat>4</sat></trkpt>
  <trkpt lat="30.26872460" lon="120.11803313"><ele>20.564</ele><time>2026-09-17T14:58:49Z</time><sat>7</sat></trkpt>
  <trkpt lat="30.26872460" lon="120.11803325"><ele>20.562</ele><time>2026-09-17T14:58:52Z</time><sat>8</sat></trkpt>
  <trkpt lat="30.26872459" lon="120.11803327"><ele>20.462</ele><time>2026-09-17T14:58:55Z</time><sat>5</sat></trkpt>
  <trkpt lat="30.26872526" lon="120.11803172"><ele>20.068</ele><time>2026-09-17T14:58:58Z</time><sat>6</sat></trkpt>
  <trkpt lat="30.26872526" lon="120.11803171"><ele>20.020</ele><time>2026-09-17T14:59:01Z</time><sat>6</sat></trkpt>
  <trkpt lat="30.26872527" lon="120.11803170"><ele>19.997</ele><time>2026-09-17T14:59:04Z</time><sat>7</sat></trkpt>
  <trkpt lat="30.26872527" lon="120.11803172"><ele>20.031</ele><time>2026-09-17T14:59:07Z</time><sat>7</sat></trkpt>
  <trkpt lat="30.26872507" lon="120.11803213"><ele>20.162</ele><time>2026-09-17T14:59:10Z</time><sat>7</sat></trkpt>
  <trkpt lat="30.26872507" lon="120.11803213"><ele>20.158</ele><time>2026-09-17T14:59:13Z</time><sat>7</sat></trkpt>
  <trkpt lat="30.26872507" lon="120.11803213"><ele>20.157</ele><time>2026-09-17T14:59:16Z</time><sat>6</sat></trkpt>
  <trkpt lat="30.26872507" lon="120.11803212"><ele>20.164</ele><time>2026-09-17T14:59:19Z</time><sat>5</sat></trkpt>
  <trkpt lat="30.26872435" lon="120.11803107"><ele>19.270</ele><time>2026-09-17T14:59:22Z</time><sat>6</sat></trkpt>
  <trkpt lat="30.26872435" lon="120.11803104"><ele>19.283</ele><time>2026-09-17T14:59:25Z</time><sat>7</sat></trkpt>
  <trkpt lat="30.26872434" lon="120.11803100"><ele>19.280</ele><time>2026-09-17T14:59:28Z</time><sat>6</sat></trkpt>
  <trkpt lat="30.26872433" lon="120.11803096"><ele>19.289</ele><time>2026-09-17T14:59:31Z</time><sat>5</sat></trkpt>
  <trkpt lat="30.26872432" lon="120.11803090"><ele>19.241</ele><time>2026-09-17T14:59:34Z</time><sat>6</sat></trkpt>
  <trkpt lat="30.26872431" lon="120.11803080"><ele>19.243</ele><time>2026-09-17T14:59:37Z</time><sat>7</sat></trkpt>
  <trkpt lat="30.26872430" lon="120.11803079"><ele>19.246</ele><time>2026-09-17T14:59:40Z</time><sat>6</sat></trkpt>
  <trkpt lat="30.26872428" lon="120.11803068"><ele>19.228</ele><time>2026-09-17T14:59:43Z</time><sat>5</sat></trkpt>
  <trkpt lat="30.26872428" lon="120.11803067"><ele>19.221</ele><time>2026-09-17T14:59:46Z</time><sat>6</sat></trkpt>
  <trkpt lat="30.26872389" lon="120.11802949"><ele>19.732</ele><time>2026-09-17T14:59:49Z</time><sat>5</sat></trkpt>
  <trkpt lat="30.26872389" lon="120.11802949"><ele>19.718</ele><time>2026-09-17T14:59:52Z</time><sat>5</sat></trkpt>
  <trkpt lat="30.26872389" lon="120.11802949"><ele>19.712</ele><time>2026-09-17T14:59:55Z</time><sat>5</sat></trkpt>
  <trkpt lat="30.26872389" lon="120.11802950"><ele>19.704</ele><time>2026-09-17T14:59:58Z</time><sat>5</sat></trkpt>
  <trkpt lat="30.26872407" lon="120.11803006"><ele>19.456</ele><time>2026-09-17T15:00:01Z</time><sat>5</sat></trkpt>
  <trkpt lat="30.26872407" lon="120.11803008"><ele>19.463</ele><time>2026-09-17T15:00:04Z</time><sat>5</sat></trkpt>
  <trkpt lat="30.26872408" lon="120.11803011"><ele>19.468</ele><time>2026-09-17T15:00:07Z</time><sat>4</sat></trkpt>
  <trkpt lat="30.26872408" lon="120.11803014"><ele>19.448</ele><time>2026-09-17T15:00:10Z</time><sat>6</sat></trkpt>
  <trkpt lat="30.26872385" lon="120.11802937"><ele>19.667</ele><time>2026-09-17T15:00:13Z</time><sat>6</sat></trkpt>
  <trkpt lat="30.26872385" lon="120.11802941"><ele>19.731</ele><time>2026-09-17T15:00:16Z</time><sat>6</sat></trkpt>
  <trkpt lat="30.26872385" lon="120.11802941"><ele>19.720</ele><time>2026-09-17T15:00:19Z</time><sat>6</sat></trkpt>
  <trkpt lat="30.26872385" lon="120.11802944"><ele>19.690</ele><time>2026-09-17T15:00:22Z</time><sat>6</sat></trkpt>
  <trkpt lat="30.26872389" lon="120.11802950"><ele>19.821</ele><time>2026-09-17T15:00:25Z</time><sat>6</sat></trkpt>
  <trkpt lat="30.26872391" lon="120.11802950"><ele>19.911</ele><time>2026-09-17T15:00:28Z</time><sat>5</sat></trkpt>
  <trkpt lat="30.26872393" lon="120.11802951"><ele>20.005</ele><time>2026-09-17T15:00:31Z</time><sat>5</sat></trkpt>
  <trkpt lat="30.26872395" lon="120.11802953"><ele>20.059</ele><time>2026-09-17T15:00:34Z</time><sat>6</sat></trkpt>
  <trkpt lat="30.26872392" lon="120.11802958"><ele>19.893</ele><time>2026-09-17T15:00:37Z</time><sat>7</sat></trkpt>
  <trkpt lat="30.26872393" lon="120.11802957"><ele>19.901</ele><time>2026-09-17T15:00:40Z</time><sat>7</sat></trkpt>
  <trkpt lat="30.26872391" lon="120.11802954"><ele>19.904</ele><time>2026-09-17T15:00:43Z</time><sat>5</sat></trkpt>
  <trkpt lat="30.26872392" lon="120.11802953"><ele>19.950</ele><time>2026-09-17T15:00:46Z</time><sat>7</sat></trkpt>
  <trkpt lat="30.26872392" lon="120.11802958"><ele>19.898</ele><time>2026-09-17T15:00:49Z</time><sat>7</sat></trkpt>
  <trkpt lat="30.26872394" lon="120.11802961"><ele>19.949</ele><time>2026-09-17T15:00:52Z</time><sat>5</sat></trkpt>
  <trkpt lat="30.26872394" lon="120.11802962"><ele>19.934</ele><time>2026-09-17T15:00:55Z</time><sat>6</sat></trkpt>
  <trkpt lat="30.26872394" lon="120.11802965"><ele>19.931</ele><time>2026-09-17T15:00:58Z</time><sat>7</sat></trkpt>
  <trkpt lat="30.26872404" lon="120.11802987"><ele>19.780</ele><time>2026-09-17T15:01:01Z</time><sat>7</sat></trkpt>
  <trkpt lat="30.26872405" lon="120.11802986"><ele>19.768</ele><time>2026-09-17T15:01:04Z</time><sat>7</sat></trkpt>
  <trkpt lat="30.26872405" lon="120.11802985"><ele>19.779</ele><time>2026-09-17T15:01:07Z</time><sat>8</sat></trkpt>
  <trkpt lat="30.26872364" lon="120.11802876"><ele>19.990</ele><time>2026-09-17T15:01:10Z</time><sat>6</sat></trkpt>
  <trkpt lat="30.26872360" lon="120.11802888"><ele>19.951</ele><time>2026-09-17T15:01:13Z</time><sat>7</sat></trkpt>
  <trkpt lat="30.26872360" lon="120.11802886"><ele>19.959</ele><time>2026-09-17T15:01:16Z</time><sat>9</sat></trkpt>
  <trkpt lat="30.26872360" lon="120.11802887"><ele>19.952</ele><time>2026-09-17T15:01:19Z</time><sat>7</sat></trkpt>
  <trkpt lat="30.26872334" lon="120.11802814"><ele>20.142</ele><time>2026-09-17T15:01:22Z</time><sat>6</sat></trkpt>
  <trkpt lat="30.26872320" lon="120.11802753"><ele>20.846</ele><time>2026-09-17T15:01:25Z</time><sat>6</sat></trkpt>
  <trkpt lat="30.26872319" lon="120.11802750"><ele>20.869</ele><time>2026-09-17T15:01:28Z</time><sat>7</sat></trkpt>
  <trkpt lat="30.26872320" lon="120.11802757"><ele>20.809</ele><time>2026-09-17T15:01:31Z</time><sat>8</sat></trkpt>
  <trkpt lat="30.26872324" lon="120.11802754"><ele>20.860</ele><time>2026-09-17T15:01:34Z</time><sat>7</sat></trkpt>
  <trkpt lat="30.26872324" lon="120.11802753"><ele>20.881</ele><time>2026-09-17T15:01:37Z</time><sat>5</sat></trkpt>
  <trkpt lat="30.26872322" lon="120.11802756"><ele>20.794</ele><time>2026-09-17T15:01:40Z</time><sat>4</sat></trkpt>
  <trkpt lat="30.26872322" lon="120.11802762"><ele>20.739</ele><time>2026-09-17T15:01:43Z</time><sat>5</sat></trkpt>
  <trkpt lat="30.26872322" lon="120.11802760"><ele>20.756</ele><time>2026-09-17T15:01:46Z</time><sat>5</sat></trkpt>
  <trkpt lat="30.26872322" lon="120.11802761"><ele>20.750</ele><time>2026-09-17T15:01:49Z</time><sat>5</sat></trkpt>
  <trkpt lat="30.26872322" lon="120.11802753"><ele>20.756</ele><time>2026-09-17T15:01:52Z</time><sat>4</sat></trkpt>
  <trkpt lat="30.26872322" lon="120.11802755"><ele>20.742</ele><time>2026-09-17T15:01:55Z</time><sat>5</sat></trkpt>
  <trkpt lat="30.26872322" lon="120.11802753"><ele>20.762</ele><time>2026-09-17T15:01:58Z</time><sat>6</sat></trkpt>
  <trkpt lat="30.26872322" lon="120.11802751"><ele>20.777</ele><time>2026-09-17T15:02:01Z</time><sat>5</sat></trkpt>
  <trkpt lat="30.26872321" lon="120.11802749"><ele>20.749</ele><time>2026-09-17T15:02:04Z</time><sat>5</sat></trkpt>
  <trkpt lat="30.26872321" lon="120.11802747"><ele>20.786</ele><time>2026-09-17T15:02:07Z</time><sat>6</sat></trkpt>
  <trkpt lat="30.26872322" lon="120.11802749"><ele>20.750</ele><time>2026-09-17T15:02:10Z</time><sat>7</sat></trkpt>
  <trkpt lat="30.26872323" lon="120.11802753"><ele>20.710</ele><time>2026-09-17T15:02:13Z</time><sat>7</sat></trkpt>
  <trkpt lat="30.26872321" lon="120.11802766"><ele>20.690</ele><time>2026-09-17T15:02:16Z</time><sat>7</sat></trkpt>
  <trkpt lat="30.26872321" lon="120.11802767"><ele>20.681</ele><time>2026-09-17T15:02:19Z</time><sat>5</sat></trkpt>
  <trkpt lat="30.26872312" lon="120.11802750"><ele>20.815</ele><time>2026-09-17T15:02:22Z</time><sat>4</sat></trkpt>
  <trkpt lat="30.26872312" lon="120.11802749"><ele>20.815</ele><time>2026-09-17T15:02:25Z</time><sat>7</sat></trkpt>
  <trkpt lat="30.26872312" lon="120.11802749"><ele>20.815</ele><time>2026-09-17T15:02:28Z</time><sat>7</sat></trkpt>
  <trkpt lat="30.26872312" lon="120.11802744"><ele>20.832</ele><time>2026-09-17T15:02:31Z</time><sat>4</sat></trkpt>
  <trkpt lat="30.26872298" lon="120.11802716"><ele>21.053</ele><time>2026-09-17T15:02:34Z</time><sat>4</sat></trkpt>
  <trkpt lat="30.26872294" lon="120.11802705"><ele>21.128</ele><time>2026-09-17T15:02:37Z</time><sat>6</sat></trkpt>
  <trkpt lat="30.26872294" lon="120.11802704"><ele>21.140</ele><time>2026-09-17T15:02:40Z</time><sat>7</sat></trkpt>
  <trkpt lat="30.26872294" lon="120.11802695"><ele>21.174</ele><time>2026-09-17T15:02:43Z</time><sat>6</sat></trkpt>
  <trkpt lat="30.26872243" lon="120.11802614"><ele>21.917</ele><time>2026-09-17T15:02:46Z</time><sat>5</sat></trkpt>
  <trkpt lat="30.26872242" lon="120.11802609"><ele>21.947</ele><time>2026-09-17T15:02:49Z</time><sat>5</sat></trkpt>
  <trkpt lat="30.26872241" lon="120.11802608"><ele>21.948</ele><time>2026-09-17T15:02:52Z</time><sat>7</sat></trkpt>
  <trkpt lat="30.26872241" lon="120.11802609"><ele>21.940</ele><time>2026-09-17T15:02:55Z</time><sat>6</sat></trkpt>
  <trkpt lat="30.26872216" lon="120.11802565"><ele>22.302</ele><time>2026-09-17T15:02:58Z</time><sat>5</sat></trkpt>
  <trkpt lat="30.26872215" lon="120.11802548"><ele>22.370</ele><time>2026-09-17T15:03:01Z</time><sat>6</sat></trkpt>
  <trkpt lat="30.26872214" lon="120.11802537"><ele>22.417</ele><time>2026-09-17T15:03:04Z</time><sat>6</sat></trkpt>
  <trkpt lat="30.26872214" lon="120.11802537"><ele>22.415</ele><time>2026-09-17T15:03:07Z</time><sat>4</sat></trkpt>
  <trkpt lat="30.26872197" lon="120.11802537"><ele>22.556</ele><time>2026-09-17T15:03:10Z</time><sat>4</sat></trkpt>
  <trkpt lat="30.26872196" lon="120.11802535"><ele>22.570</ele><time>2026-09-17T15:03:13Z</time><sat>5</sat></trkpt>
  <trkpt lat="30.26872196" lon="120.11802535"><ele>22.571</ele><time>2026-09-17T15:03:16Z</time><sat>5</sat></trkpt>
  <trkpt lat="30.26872196" lon="120.11802535"><ele>22.571</ele><time>2026-09-17T15:03:19Z</time><sat>3</sat></trkpt>
  <trkpt lat="30.26872195" lon="120.11802546"><ele>22.537</ele><time>2026-09-17T15:03:22Z</time><sat>2</sat></trkpt>
  <trkpt lat="30.26872195" lon="120.11802551"><ele>22.532</ele><time>2026-09-17T15:03:25Z</time><sat>3</sat></trkpt>
  <trkpt lat="30.26872194" lon="120.11802559"><ele>22.508</ele><time>2026-09-17T15:03:28Z</time><sat>5</sat></trkpt>
  <trkpt lat="30.26872290" lon="120.11802616"><ele>22.516</ele><time>2026-09-17T15:03:51Z</time><sat>3</sat></trkpt>
  <trkpt lat="30.26872292" lon="120.11802615"><ele>22.507</ele><time>2026-09-17T15:03:54Z</time><sat>3</sat></trkpt>
  <trkpt lat="30.26872292" lon="120.11802613"><ele>22.508</ele><time>2026-09-17T15:03:57Z</time><sat>4</sat></trkpt>
  <trkpt lat="30.26872291" lon="120.11802611"><ele>22.531</ele><time>2026-09-17T15:04:00Z</time><sat>6</sat></trkpt>
  <trkpt lat="30.26872290" lon="120.11802608"><ele>22.556</ele><time>2026-09-17T15:04:03Z</time><sat>5</sat></trkpt>
  <trkpt lat="30.26872289" lon="120.11802606"><ele>22.559</ele><time>2026-09-17T15:04:06Z</time><sat>5</sat></trkpt>
  <trkpt lat="30.26872289" lon="120.11802605"><ele>22.568</ele><time>2026-09-17T15:04:09Z</time><sat>8</sat></trkpt>
  <trkpt lat="30.26872289" lon="120.11802605"><ele>22.568</ele><time>2026-09-17T15:04:12Z</time><sat>9</sat></trkpt>
  <trkpt lat="30.26872289" lon="120.11802605"><ele>22.566</ele><time>2026-09-17T15:04:15Z</time><sat>6</sat></trkpt>
  <trkpt lat="30.26872288" lon="120.11802607"><ele>22.545</ele><time>2026-09-17T15:04:18Z</time><sat>5</sat></trkpt>
  <trkpt lat="30.26872274" lon="120.11802587"><ele>22.760</ele><time>2026-09-17T15:04:21Z</time><sat>7</sat></trkpt>
  <trkpt lat="30.26872274" lon="120.11802583"><ele>22.773</ele><time>2026-09-17T15:04:24Z</time><sat>9</sat></trkpt>
  <trkpt lat="30.26872233" lon="120.11802517"><ele>23.437</ele><time>2026-09-17T15:04:27Z</time><sat>9</sat></trkpt>
  <trkpt lat="30.26872230" lon="120.11802509"><ele>23.491</ele><time>2026-09-17T15:04:30Z</time><sat>7</sat></trkpt>
  <trkpt lat="30.26872226" lon="120.11802500"><ele>23.571</ele><time>2026-09-17T15:04:33Z</time><sat>7</sat></trkpt>
  <trkpt lat="30.26872240" lon="120.11802521"><ele>23.362</ele><time>2026-09-17T15:04:36Z</time><sat>10</sat></trkpt>
  <trkpt lat="30.26872238" lon="120.11802513"><ele>23.420</ele><time>2026-09-17T15:04:39Z</time><sat>9</sat></trkpt>
  <trkpt lat="30.26872215" lon="120.11802501"><ele>23.849</ele><time>2026-09-17T15:04:42Z</time><sat>7</sat></trkpt>
  <trkpt lat="30.26872207" lon="120.11802495"><ele>23.982</ele><time>2026-09-17T15:04:45Z</time><sat>5</sat></trkpt>
  <trkpt lat="30.26872194" lon="120.11802485"><ele>24.224</ele><time>2026-09-17T15:04:48Z</time><sat>6</sat></trkpt>
  <trkpt lat="30.26872194" lon="120.11802485"><ele>24.223</ele><time>2026-09-17T15:04:51Z</time><sat>6</sat></trkpt>
  <trkpt lat="30.26872193" lon="120.11802484"><ele>24.237</ele><time>2026-09-17T15:04:54Z</time><sat>5</sat></trkpt>
  <trkpt lat="30.26872193" lon="120.11802484"><ele>24.237</ele><time>2026-09-17T15:04:57Z</time><sat>4</sat></trkpt>
  <trkpt lat="30.26872193" lon="120.11802484"><ele>24.243</ele><time>2026-09-17T15:05:00Z</time><sat>3</sat></trkpt>
  <trkpt lat="30.26872193" lon="120.11802484"><ele>24.241</ele><time>2026-09-17T15:05:03Z</time><sat>4</sat></trkpt>
  <trkpt lat="30.26872186" lon="120.11802480"><ele>24.371</ele><time>2026-09-17T15:05:06Z</time><sat>5</sat></trkpt>
  <trkpt lat="30.26872168" lon="120.11802465"><ele>24.710</ele><time>2026-09-17T15:05:09Z</time><sat>4</sat></trkpt>
  <trkpt lat="30.26872164" lon="120.11802460"><ele>24.586</ele><time>2026-09-17T15:05:12Z</time><sat>4</sat></trkpt>
  <trkpt lat="30.26872162" lon="120.11802458"><ele>24.552</ele><time>2026-09-17T15:05:15Z</time><sat>5</sat></trkpt>
  <trkpt lat="30.26872159" lon="120.11802454"><ele>24.505</ele><time>2026-09-17T15:05:18Z</time><sat>4</sat></trkpt>
  <trkpt lat="30.26872156" lon="120.11802447"><ele>24.428</ele><time>2026-09-17T15:05:21Z</time><sat>5</sat></trkpt>
  <trkpt lat="30.26872155" lon="120.11802442"><ele>24.466</ele><time>2026-09-17T15:05:24Z</time><sat>5</sat></trkpt>
  <trkpt lat="30.26872155" lon="120.11802444"><ele>24.460</ele><time>2026-09-17T15:05:27Z</time><sat>5</sat></trkpt>
  <trkpt lat="30.26872153" lon="120.11802454"><ele>24.442</ele><time>2026-09-17T15:05:30Z</time><sat>4</sat></trkpt>
  <trkpt lat="30.26872153" lon="120.11802453"><ele>24.452</ele><time>2026-09-17T15:05:33Z</time><sat>5</sat></trkpt>
  <trkpt lat="30.26872153" lon="120.11802453"><ele>24.449</ele><time>2026-09-17T15:05:36Z</time><sat>6</sat></trkpt>
  <trkpt lat="30.26872152" lon="120.11802464"><ele>24.410</ele><time>2026-09-17T15:05:39Z</time><sat>6</sat></trkpt>
  <trkpt lat="30.26872152" lon="120.11802466"><ele>24.405</ele><time>2026-09-17T15:05:42Z</time><sat>6</sat></trkpt>
  <trkpt lat="30.26872152" lon="120.11802462"><ele>24.420</ele><time>2026-09-17T15:05:45Z</time><sat>5</sat></trkpt>
  <trkpt lat="30.26872153" lon="120.11802460"><ele>24.419</ele><time>2026-09-17T15:05:48Z</time><sat>5</sat></trkpt>
  <trkpt lat="30.26872152" lon="120.11802464"><ele>24.402</ele><time>2026-09-17T15:05:51Z</time><sat>5</sat></trkpt>
  <trkpt lat="30.26872153" lon="120.11802456"><ele>24.431</ele><time>2026-09-17T15:05:54Z</time><sat>5</sat></trkpt>
  <trkpt lat="30.26872152" lon="120.11802460"><ele>24.412</ele><time>2026-09-17T15:05:57Z</time><sat>5</sat></trkpt>
  <trkpt lat="30.26872100" lon="120.11802392"><ele>23.784</ele><time>2026-09-17T15:06:00Z</time><sat>5</sat></trkpt>
  <trkpt lat="30.26872100" lon="120.11802389"><ele>23.778</ele><time>2026-09-17T15:06:03Z</time><sat>4</sat></trkpt>
  <trkpt lat="30.26872035" lon="120.11802302"><ele>22.998</ele><time>2026-09-17T15:06:06Z</time><sat>4</sat></trkpt>
  <trkpt lat="30.26872035" lon="120.11802302"><ele>22.999</ele><time>2026-09-17T15:06:09Z</time><sat>6</sat></trkpt>
  <trkpt lat="30.26872035" lon="120.11802303"><ele>23.009</ele><time>2026-09-17T15:06:12Z</time><sat>5</sat></trkpt>
  <trkpt lat="30.26871996" lon="120.11802250"><ele>22.537</ele><time>2026-09-17T15:06:15Z</time><sat>3</sat></trkpt>
  <trkpt lat="30.26871994" lon="120.11802247"><ele>22.509</ele><time>2026-09-17T15:06:18Z</time><sat>5</sat></trkpt>
  <trkpt lat="30.26871994" lon="120.11802246"><ele>22.509</ele><time>2026-09-17T15:06:21Z</time><sat>4</sat></trkpt>
  <trkpt lat="30.26871954" lon="120.11802189"><ele>22.983</ele><time>2026-09-17T15:06:44Z</time><sat>3</sat></trkpt>
  <trkpt lat="30.26871943" lon="120.11802177"><ele>23.052</ele><time>2026-09-17T15:06:47Z</time><sat>4</sat></trkpt>
  <trkpt lat="30.26871929" lon="120.11802158"><ele>23.208</ele><time>2026-09-17T15:06:50Z</time><sat>6</sat></trkpt>
  <trkpt lat="30.26871923" lon="120.11802152"><ele>23.251</ele><time>2026-09-17T15:06:53Z</time><sat>6</sat></trkpt>
  <trkpt lat="30.26871921" lon="120.11802149"><ele>23.268</ele><time>2026-09-17T15:06:56Z</time><sat>6</sat></trkpt>
  <trkpt lat="30.26871917" lon="120.11802145"><ele>23.300</ele><time>2026-09-17T15:06:59Z</time><sat>5</sat></trkpt>
  <trkpt lat="30.26871916" lon="120.11802143"><ele>23.314</ele><time>2026-09-17T15:07:02Z</time><sat>6</sat></trkpt>
  <trkpt lat="30.26871916" lon="120.11802143"><ele>23.321</ele><time>2026-09-17T15:07:05Z</time><sat>7</sat></trkpt>
  <trkpt lat="30.26871916" lon="120.11802144"><ele>23.335</ele><time>2026-09-17T15:07:08Z</time><sat>5</sat></trkpt>
  <trkpt lat="30.26871915" lon="120.11802142"><ele>23.325</ele><time>2026-09-17T15:07:11Z</time><sat>6</sat></trkpt>
  <trkpt lat="30.26871915" lon="120.11802142"><ele>23.333</ele><time>2026-09-17T15:07:14Z</time><sat>7</sat></trkpt>
  <trkpt lat="30.26871915" lon="120.11802142"><ele>23.338</ele><time>2026-09-17T15:07:17Z</time><sat>6</sat></trkpt>
  <trkpt lat="30.26871914" lon="120.11802138"><ele>23.394</ele><time>2026-09-17T15:07:20Z</time><sat>3</sat></trkpt>
  <trkpt lat="30.26871913" lon="120.11802137"><ele>23.407</ele><time>2026-09-17T15:07:23Z</time><sat>3</sat></trkpt>
  <trkpt lat="30.26871913" lon="120.11802137"><ele>23.407</ele><time>2026-09-17T15:07:26Z</time><sat>6</sat></trkpt>
  <trkpt lat="30.26871913" lon="120.11802136"><ele>23.424</ele><time>2026-09-17T15:07:29Z</time><sat>6</sat></trkpt>
  <trkpt lat="30.26871971" lon="120.11802173"><ele>23.445</ele><time>2026-09-17T15:07:50Z</time><sat>2</sat></trkpt>
  <trkpt lat="30.26871971" lon="120.11802173"><ele>23.453</ele><time>2026-09-17T15:07:53Z</time><sat>2</sat></trkpt>
  <trkpt lat="30.26871968" lon="120.11802182"><ele>23.351</ele><time>2026-09-17T15:08:15Z</time><sat>5</sat></trkpt>
  <trkpt lat="30.26871968" lon="120.11802179"><ele>23.358</ele><time>2026-09-17T15:08:18Z</time><sat>6</sat></trkpt>
  <trkpt lat="30.26871968" lon="120.11802179"><ele>23.358</ele><time>2026-09-17T15:08:21Z</time><sat>5</sat></trkpt>
  <trkpt lat="30.26872016" lon="120.11802215"><ele>23.401</ele><time>2026-09-17T15:08:42Z</time><sat>3</sat></trkpt>
  <trkpt lat="30.26872015" lon="120.11802214"><ele>23.412</ele><time>2026-09-17T15:08:45Z</time><sat>3</sat></trkpt>
  <trkpt lat="30.26872015" lon="120.11802213"><ele>23.418</ele><time>2026-09-17T15:08:48Z</time><sat>3</sat></trkpt>
  <trkpt lat="30.26872015" lon="120.11802213"><ele>23.425</ele><time>2026-09-17T15:08:51Z</time><sat>3</sat></trkpt>
  <trkpt lat="30.26869103" lon="120.11803309"><ele>38.051</ele><time>2026-09-17T15:09:14Z</time><sat>2</sat></trkpt>
  <trkpt lat="30.26869182" lon="120.11803211"><ele>37.985</ele><time>2026-09-17T15:09:17Z</time><sat>3</sat></trkpt>
  <trkpt lat="30.26870187" lon="120.11803710"><ele>42.061</ele><time>2026-09-17T15:09:38Z</time><sat>3</sat></trkpt>
  <trkpt lat="30.26870105" lon="120.11803606"><ele>41.716</ele><time>2026-09-17T15:09:41Z</time><sat>5</sat></trkpt>
  <trkpt lat="30.26870208" lon="120.11802835"><ele>36.826</ele><time>2026-09-17T15:09:44Z</time><sat>4</sat></trkpt>
  <trkpt lat="30.26870319" lon="120.11802760"><ele>35.650</ele><time>2026-09-17T15:09:47Z</time><sat>4</sat></trkpt>
  <trkpt lat="30.26872146" lon="120.11803217"><ele>36.049</ele><time>2026-09-17T15:10:08Z</time><sat>3</sat></trkpt>
  <trkpt lat="30.26872147" lon="120.11803214"><ele>36.035</ele><time>2026-09-17T15:10:11Z</time><sat>5</sat></trkpt>
  <trkpt lat="30.26874950" lon="120.11797364"><ele>27.699</ele><time>2026-09-17T15:10:14Z</time><sat>4</sat></trkpt>
  <trkpt lat="30.26873288" lon="120.11804074"><ele>36.239</ele><time>2026-09-17T15:10:55Z</time><sat>4</sat></trkpt>
  <trkpt lat="30.26873346" lon="120.11803948"><ele>36.485</ele><time>2026-09-17T15:11:18Z</time><sat>5</sat></trkpt>
  <trkpt lat="30.26873347" lon="120.11803949"><ele>36.482</ele><time>2026-09-17T15:11:21Z</time><sat>4</sat></trkpt>
  <trkpt lat="30.26873341" lon="120.11803917"><ele>36.712</ele><time>2026-09-17T15:11:24Z</time><sat>3</sat></trkpt>
  <trkpt lat="30.26873344" lon="120.11803923"><ele>36.692</ele><time>2026-09-17T15:11:27Z</time><sat>4</sat></trkpt>
  <trkpt lat="30.26873331" lon="120.11803900"><ele>36.849</ele><time>2026-09-17T15:11:30Z</time><sat>6</sat></trkpt>
  <trkpt lat="30.26873253" lon="120.11803860"><ele>36.991</ele><time>2026-09-17T15:11:33Z</time><sat>5</sat></trkpt>
  <trkpt lat="30.26873239" lon="120.11803832"><ele>37.144</ele><time>2026-09-17T15:11:36Z</time><sat>7</sat></trkpt>
  <trkpt lat="30.26873206" lon="120.11803839"><ele>37.137</ele><time>2026-09-17T15:11:39Z</time><sat>7</sat></trkpt>
  <trkpt lat="30.26873204" lon="120.11803847"><ele>37.127</ele><time>2026-09-17T15:11:42Z</time><sat>5</sat></trkpt>
  <trkpt lat="30.26873120" lon="120.11803835"><ele>37.495</ele><time>2026-09-17T15:11:45Z</time><sat>5</sat></trkpt>
  <trkpt lat="30.26873120" lon="120.11803835"><ele>37.493</ele><time>2026-09-17T15:11:48Z</time><sat>5</sat></trkpt>
  <trkpt lat="30.26873105" lon="120.11803837"><ele>37.513</ele><time>2026-09-17T15:11:51Z</time><sat>6</sat></trkpt>
  <trkpt lat="30.26873081" lon="120.11803909"><ele>37.552</ele><time>2026-09-17T15:11:54Z</time><sat>4</sat></trkpt>
  <trkpt lat="30.26873051" lon="120.11803891"><ele>37.665</ele><time>2026-09-17T15:11:57Z</time><sat>6</sat></trkpt>
  <trkpt lat="30.26873054" lon="120.11803884"><ele>37.719</ele><time>2026-09-17T15:12:00Z</time><sat>6</sat></trkpt>
  <trkpt lat="30.26873053" lon="120.11803849"><ele>37.640</ele><time>2026-09-17T15:12:03Z</time><sat>7</sat></trkpt>
  <trkpt lat="30.26873054" lon="120.11803842"><ele>37.605</ele><time>2026-09-17T15:12:06Z</time><sat>6</sat></trkpt>
  <trkpt lat="30.26873043" lon="120.11803832"><ele>37.644</ele><time>2026-09-17T15:12:09Z</time><sat>6</sat></trkpt>
  <trkpt lat="30.26873040" lon="120.11803868"><ele>37.612</ele><time>2026-09-17T15:12:12Z</time><sat>7</sat></trkpt>
  <trkpt lat="30.26873041" lon="120.11803853"><ele>37.606</ele><time>2026-09-17T15:12:15Z</time><sat>6</sat></trkpt>
  <trkpt lat="30.26873037" lon="120.11803877"><ele>37.608</ele><time>2026-09-17T15:12:18Z</time><sat>6</sat></trkpt>
  <trkpt lat="30.26873027" lon="120.11803864"><ele>37.608</ele><time>2026-09-17T15:12:21Z</time><sat>7</sat></trkpt>
  <trkpt lat="30.26873025" lon="120.11803896"><ele>37.630</ele><time>2026-09-17T15:12:24Z</time><sat>7</sat></trkpt>
  <trkpt lat="30.26873028" lon="120.11803904"><ele>37.661</ele><time>2026-09-17T15:12:27Z</time><sat>6</sat></trkpt>
  <trkpt lat="30.26873029" lon="120.11803921"><ele>37.659</ele><time>2026-09-17T15:12:30Z</time><sat>6</sat></trkpt>
  <trkpt lat="30.26873021" lon="120.11803930"><ele>37.702</ele><time>2026-09-17T15:12:33Z</time><sat>7</sat></trkpt>
  <trkpt lat="30.26873018" lon="120.11803940"><ele>37.692</ele><time>2026-09-17T15:12:36Z</time><sat>7</sat></trkpt>
  <trkpt lat="30.26873016" lon="120.11804002"><ele>37.674</ele><time>2026-09-17T15:12:39Z</time><sat>6</sat></trkpt>
  <trkpt lat="30.26873015" lon="120.11804012"><ele>37.674</ele><time>2026-09-17T15:12:42Z</time><sat>6</sat></trkpt>
  <trkpt lat="30.26873003" lon="120.11804008"><ele>37.705</ele><time>2026-09-17T15:12:45Z</time><sat>6</sat></trkpt>
  <trkpt lat="30.26873003" lon="120.11804012"><ele>37.714</ele><time>2026-09-17T15:12:48Z</time><sat>5</sat></trkpt>
  <trkpt lat="30.26873004" lon="120.11803990"><ele>37.693</ele><time>2026-09-17T15:12:51Z</time><sat>5</sat></trkpt>
  <trkpt lat="30.26873004" lon="120.11803984"><ele>37.689</ele><time>2026-09-17T15:12:54Z</time><sat>8</sat></trkpt>
  <trkpt lat="30.26873006" lon="120.11804010"><ele>37.710</ele><time>2026-09-17T15:12:57Z</time><sat>8</sat></trkpt>
  <trkpt lat="30.26873008" lon="120.11804080"><ele>37.758</ele><time>2026-09-17T15:13:00Z</time><sat>5</sat></trkpt>
  <trkpt lat="30.26872999" lon="120.11804092"><ele>37.975</ele><time>2026-09-17T15:13:03Z</time><sat>6</sat></trkpt>
  <trkpt lat="30.26872996" lon="120.11804075"><ele>37.915</ele><time>2026-09-17T15:13:06Z</time><sat>7</sat></trkpt>
  <trkpt lat="30.26872997" lon="120.11804119"><ele>37.959</ele><time>2026-09-17T15:13:09Z</time><sat>6</sat></trkpt>
  <trkpt lat="30.26872997" lon="120.11804119"><ele>37.951</ele><time>2026-09-17T15:13:12Z</time><sat>5</sat></trkpt>
  <trkpt lat="30.26872996" lon="120.11804123"><ele>37.925</ele><time>2026-09-17T15:13:15Z</time><sat>6</sat></trkpt>
  <trkpt lat="30.26872993" lon="120.11804139"><ele>37.899</ele><time>2026-09-17T15:13:18Z</time><sat>6</sat></trkpt>
  <trkpt lat="30.26872997" lon="120.11804147"><ele>37.917</ele><time>2026-09-17T15:13:21Z</time><sat>5</sat></trkpt>
  <trkpt lat="30.26872995" lon="120.11804181"><ele>37.872</ele><time>2026-09-17T15:13:24Z</time><sat>6</sat></trkpt>
  <trkpt lat="30.26872991" lon="120.11804208"><ele>37.792</ele><time>2026-09-17T15:13:27Z</time><sat>7</sat></trkpt>
  <trkpt lat="30.26872984" lon="120.11804179"><ele>37.748</ele><time>2026-09-17T15:13:30Z</time><sat>7</sat></trkpt>
  <trkpt lat="30.26872979" lon="120.11804189"><ele>37.720</ele><time>2026-09-17T15:13:33Z</time><sat>7</sat></trkpt>
  <trkpt lat="30.26872977" lon="120.11804155"><ele>37.702</ele><time>2026-09-17T15:13:36Z</time><sat>4</sat></trkpt>
  <trkpt lat="30.26872976" lon="120.11804135"><ele>37.637</ele><time>2026-09-17T15:13:39Z</time><sat>5</sat></trkpt>
  <trkpt lat="30.26872976" lon="120.11804144"><ele>37.625</ele><time>2026-09-17T15:13:42Z</time><sat>8</sat></trkpt>
  <trkpt lat="30.26872971" lon="120.11804143"><ele>37.606</ele><time>2026-09-17T15:13:45Z</time><sat>8</sat></trkpt>
  <trkpt lat="30.26872972" lon="120.11804134"><ele>37.607</ele><time>2026-09-17T15:13:48Z</time><sat>7</sat></trkpt>
  <trkpt lat="30.26872972" lon="120.11804132"><ele>37.606</ele><time>2026-09-17T15:13:51Z</time><sat>7</sat></trkpt>
  <trkpt lat="30.26872972" lon="120.11804131"><ele>37.609</ele><time>2026-09-17T15:13:54Z</time><sat>7</sat></trkpt>
  <trkpt lat="30.26872972" lon="120.11804132"><ele>37.611</ele><time>2026-09-17T15:13:57Z</time><sat>6</sat></trkpt>
  <trkpt lat="30.26872971" lon="120.11804134"><ele>37.599</ele><time>2026-09-17T15:14:00Z</time><sat>4</sat></trkpt>
  <trkpt lat="30.26872971" lon="120.11804132"><ele>37.594</ele><time>2026-09-17T15:14:03Z</time><sat>5</sat></trkpt>
  <trkpt lat="30.26872971" lon="120.11804130"><ele>37.607</ele><time>2026-09-17T15:14:06Z</time><sat>7</sat></trkpt>
  <trkpt lat="30.26872972" lon="120.11804129"><ele>37.613</ele><time>2026-09-17T15:14:09Z</time><sat>6</sat></trkpt>
  <trkpt lat="30.26872971" lon="120.11804135"><ele>37.593</ele><time>2026-09-17T15:14:12Z</time><sat>4</sat></trkpt>
  <trkpt lat="30.26872920" lon="120.11804041"><ele>37.271</ele><time>2026-09-17T15:14:15Z</time><sat>6</sat></trkpt>
  <trkpt lat="30.26872919" lon="120.11804038"><ele>37.233</ele><time>2026-09-17T15:14:18Z</time><sat>8</sat></trkpt>
  <trkpt lat="30.26872916" lon="120.11804036"><ele>37.193</ele><time>2026-09-17T15:14:21Z</time><sat>6</sat></trkpt>
  <trkpt lat="30.26872916" lon="120.11804040"><ele>37.174</ele><time>2026-09-17T15:14:24Z</time><sat>5</sat></trkpt>
  <trkpt lat="30.26872914" lon="120.11804045"><ele>37.155</ele><time>2026-09-17T15:14:27Z</time><sat>5</sat></trkpt>
  <trkpt lat="30.26872912" lon="120.11804047"><ele>37.181</ele><time>2026-09-17T15:14:30Z</time><sat>5</sat></trkpt>
  <trkpt lat="30.26872911" lon="120.11804048"><ele>37.172</ele><time>2026-09-17T15:14:33Z</time><sat>5</sat></trkpt>
  <trkpt lat="30.26872910" lon="120.11804052"><ele>37.152</ele><time>2026-09-17T15:14:36Z</time><sat>4</sat></trkpt>
  <trkpt lat="30.26872907" lon="120.11804055"><ele>37.105</ele><time>2026-09-17T15:14:39Z</time><sat>4</sat></trkpt>
  <trkpt lat="30.26872908" lon="120.11804058"><ele>37.118</ele><time>2026-09-17T15:14:42Z</time><sat>5</sat></trkpt>
  <trkpt lat="30.26872909" lon="120.11804056"><ele>37.137</ele><time>2026-09-17T15:14:45Z</time><sat>5</sat></trkpt>
  <trkpt lat="30.26872910" lon="120.11804058"><ele>37.155</ele><time>2026-09-17T15:14:48Z</time><sat>4</sat></trkpt>
  <trkpt lat="30.26872909" lon="120.11804059"><ele>37.114</ele><time>2026-09-17T15:14:55Z</time></trkpt>
  <trkpt lat="30.26872911" lon="120.11804070"><ele>37.116</ele><time>2026-09-17T15:14:59Z</time><sat>5</sat></trkpt>
  <trkpt lat="30.26872925" lon="120.11804087"><ele>37.211</ele><time>2026-09-17T15:15:02Z</time><sat>5</sat></trkpt>
  <trkpt lat="30.26872922" lon="120.11804087"><ele>37.192</ele><time>2026-09-17T15:15:05Z</time><sat>5</sat></trkpt>
  <trkpt lat="30.26872921" lon="120.11804114"><ele>36.999</ele><time>2026-09-17T15:15:08Z</time><sat>5</sat></trkpt>
  <trkpt lat="30.26872921" lon="120.11804114"><ele>36.983</ele><time>2026-09-17T15:15:11Z</time><sat>6</sat></trkpt>
  <trkpt lat="30.26872921" lon="120.11804114"><ele>36.983</ele><time>2026-09-17T15:15:14Z</time><sat>6</sat></trkpt>
  <trkpt lat="30.26872920" lon="120.11804118"><ele>36.969</ele><time>2026-09-17T15:15:17Z</time><sat>5</sat></trkpt>
  <trkpt lat="30.26872922" lon="120.11804143"><ele>36.816</ele><time>2026-09-17T15:15:20Z</time><sat>5</sat></trkpt>
  <trkpt lat="30.26872921" lon="120.11804143"><ele>36.808</ele><time>2026-09-17T15:15:23Z</time><sat>6</sat></trkpt>
  <trkpt lat="30.26872921" lon="120.11804143"><ele>36.806</ele><time>2026-09-17T15:15:26Z</time><sat>6</sat></trkpt>
  <trkpt lat="30.26872921" lon="120.11804143"><ele>36.806</ele><time>2026-09-17T15:15:29Z</time><sat>5</sat></trkpt>
  <trkpt lat="30.26872884" lon="120.11804065"><ele>36.599</ele><time>2026-09-17T15:15:32Z</time><sat>3</sat></trkpt>
  <trkpt lat="30.26873406" lon="120.11804567"><ele>36.924</ele><time>2026-09-17T15:16:06Z</time><sat>5</sat></trkpt>
  <trkpt lat="30.26873409" lon="120.11804616"><ele>36.578</ele><time>2026-09-17T15:16:09Z</time><sat>3</sat></trkpt>
  <trkpt lat="30.26873411" lon="120.11804651"><ele>36.334</ele><time>2026-09-17T15:16:12Z</time><sat>5</sat></trkpt>
  <trkpt lat="30.26873411" lon="120.11804672"><ele>36.188</ele><time>2026-09-17T15:16:15Z</time><sat>6</sat></trkpt>
  <trkpt lat="30.26873396" lon="120.11804608"><ele>36.264</ele><time>2026-09-17T15:16:18Z</time><sat>6</sat></trkpt>
  <trkpt lat="30.26873397" lon="120.11804613"><ele>36.249</ele><time>2026-09-17T15:16:21Z</time><sat>9</sat></trkpt>
  <trkpt lat="30.26873371" lon="120.11804548"><ele>36.003</ele><time>2026-09-17T15:16:24Z</time><sat>8</sat></trkpt>
  <trkpt lat="30.26873229" lon="120.11804296"><ele>34.432</ele><time>2026-09-17T15:16:27Z</time><sat>7</sat></trkpt>
  <trkpt lat="30.26873090" lon="120.11803987"><ele>33.199</ele><time>2026-09-17T15:16:30Z</time><sat>7</sat></trkpt>
  <trkpt lat="30.26872726" lon="120.11803190"><ele>29.670</ele><time>2026-09-17T15:16:33Z</time><sat>7</sat></trkpt>
  <trkpt lat="30.26872698" lon="120.11803137"><ele>29.433</ele><time>2026-09-17T15:16:36Z</time><sat>8</sat></trkpt>
  <trkpt lat="30.26872682" lon="120.11803089"><ele>29.225</ele><time>2026-09-17T15:16:39Z</time><sat>8</sat></trkpt>
  <trkpt lat="30.26872691" lon="120.11803133"><ele>29.450</ele><time>2026-09-17T15:16:42Z</time><sat>6</sat></trkpt>
  <trkpt lat="30.26872548" lon="120.11802802"><ele>28.155</ele><time>2026-09-17T15:16:45Z</time><sat>7</sat></trkpt>
  <trkpt lat="30.26872546" lon="120.11802797"><ele>28.147</ele><time>2026-09-17T15:16:48Z</time><sat>8</sat></trkpt>
  <trkpt lat="30.26872452" lon="120.11802576"><ele>27.250</ele><time>2026-09-17T15:16:51Z</time><sat>8</sat></trkpt>
  <trkpt lat="30.26872443" lon="120.11802552"><ele>27.186</ele><time>2026-09-17T15:16:54Z</time><sat>8</sat></trkpt>
  <trkpt lat="30.26872410" lon="120.11802473"><ele>26.856</ele><time>2026-09-17T15:16:57Z</time><sat>6</sat></trkpt>
  <trkpt lat="30.26872399" lon="120.11802444"><ele>26.795</ele><time>2026-09-17T15:17:00Z</time><sat>5</sat></trkpt>
  <trkpt lat="30.26872391" lon="120.11802430"><ele>26.732</ele><time>2026-09-17T15:17:03Z</time><sat>7</sat></trkpt>
  <trkpt lat="30.26872397" lon="120.11802446"><ele>26.741</ele><time>2026-09-17T15:17:06Z</time><sat>7</sat></trkpt>
  <trkpt lat="30.26872420" lon="120.11802509"><ele>26.831</ele><time>2026-09-17T15:17:09Z</time><sat>5</sat></trkpt>
  <trkpt lat="30.26872649" lon="120.11802724"><ele>26.244</ele><time>2026-09-17T15:17:30Z</time><sat>4</sat></trkpt>
  <trkpt lat="30.26872648" lon="120.11802723"><ele>26.224</ele><time>2026-09-17T15:17:33Z</time><sat>5</sat></trkpt>
  <trkpt lat="30.26872649" lon="120.11802726"><ele>26.226</ele><time>2026-09-17T15:17:36Z</time><sat>4</sat></trkpt>
  <trkpt lat="30.26872639" lon="120.11802701"><ele>26.170</ele><time>2026-09-17T15:17:39Z</time><sat>3</sat></trkpt>
  <trkpt lat="30.26872635" lon="120.11802692"><ele>26.140</ele><time>2026-09-17T15:17:46Z</time></trkpt>
  <trkpt lat="30.26872634" lon="120.11802690"><ele>26.141</ele><time>2026-09-17T15:17:50Z</time><sat>6</sat></trkpt>
  <trkpt lat="30.26872634" lon="120.11802690"><ele>26.145</ele><time>2026-09-17T15:17:53Z</time><sat>5</sat></trkpt>
  <trkpt lat="30.26872634" lon="120.11802690"><ele>26.146</ele><time>2026-09-17T15:17:57Z</time><sat>4</sat></trkpt>
  <trkpt lat="30.26872634" lon="120.11802689"><ele>26.145</ele><time>2026-09-17T15:18:02Z</time><sat>5</sat></trkpt>
  <trkpt lat="30.26872634" lon="120.11802689"><ele>26.146</ele><time>2026-09-17T15:18:05Z</time><sat>6</sat></trkpt>
  <trkpt lat="30.26872634" lon="120.11802689"><ele>26.141</ele><time>2026-09-17T15:18:08Z</time><sat>7</sat></trkpt>
  <trkpt lat="30.26872633" lon="120.11802685"><ele>26.137</ele><time>2026-09-17T15:18:11Z</time><sat>6</sat></trkpt>
  <trkpt lat="30.26872633" lon="120.11802684"><ele>26.132</ele><time>2026-09-17T15:18:14Z</time><sat>5</sat></trkpt>
  <trkpt lat="30.26872630" lon="120.11802679"><ele>26.116</ele><time>2026-09-17T15:18:17Z</time><sat>6</sat></trkpt>
  <trkpt lat="30.26872630" lon="120.11802679"><ele>26.115</ele><time>2026-09-17T15:18:20Z</time><sat>6</sat></trkpt>
  <trkpt lat="30.26872630" lon="120.11802680"><ele>26.121</ele><time>2026-09-17T15:18:23Z</time><sat>7</sat></trkpt>
  <trkpt lat="30.26872629" lon="120.11802678"><ele>26.117</ele><time>2026-09-17T15:18:26Z</time><sat>5</sat></trkpt>
  <trkpt lat="30.26872654" lon="120.11802716"><ele>26.118</ele><time>2026-09-17T15:18:29Z</time><sat>7</sat></trkpt>
  <trkpt lat="30.26872654" lon="120.11802713"><ele>26.132</ele><time>2026-09-17T15:18:32Z</time><sat>9</sat></trkpt>
  <trkpt lat="30.26872652" lon="120.11802708"><ele>26.129</ele><time>2026-09-17T15:18:35Z</time><sat>7</sat></trkpt>
  <trkpt lat="30.26872652" lon="120.11802708"><ele>26.126</ele><time>2026-09-17T15:18:38Z</time><sat>4</sat></trkpt>
  <trkpt lat="30.26872652" lon="120.11802708"><ele>26.127</ele><time>2026-09-17T15:18:41Z</time><sat>4</sat></trkpt>
  <trkpt lat="30.26872651" lon="120.11802707"><ele>26.150</ele><time>2026-09-17T15:18:44Z</time><sat>4</sat></trkpt>
  <trkpt lat="30.26872650" lon="120.11802705"><ele>26.145</ele><time>2026-09-17T15:18:47Z</time><sat>4</sat></trkpt>
  <trkpt lat="30.26872749" lon="120.11802679"><ele>26.175</ele><time>2026-09-17T15:19:10Z</time><sat>6</sat></trkpt>
  <trkpt lat="30.26872749" lon="120.11802678"><ele>26.164</ele><time>2026-09-17T15:19:13Z</time><sat>5</sat></trkpt>
  <trkpt lat="30.26872749" lon="120.11802678"><ele>26.158</ele><time>2026-09-17T15:19:16Z</time><sat>4</sat></trkpt>
  <trkpt lat="30.26872749" lon="120.11802678"><ele>26.165</ele><time>2026-09-17T15:19:19Z</time><sat>4</sat></trkpt>
  <trkpt lat="30.26872748" lon="120.11802676"><ele>26.156</ele><time>2026-09-17T15:19:22Z</time><sat>6</sat></trkpt>
  <trkpt lat="30.26872748" lon="120.11802675"><ele>26.158</ele><time>2026-09-17T15:19:25Z</time><sat>6</sat></trkpt>
  <trkpt lat="30.26872749" lon="120.11802676"><ele>26.162</ele><time>2026-09-17T15:19:28Z</time><sat>6</sat></trkpt>
  <trkpt lat="30.26872749" lon="120.11802676"><ele>26.167</ele><time>2026-09-17T15:19:31Z</time><sat>6</sat></trkpt>
  <trkpt lat="30.26872744" lon="120.11802666"><ele>26.137</ele><time>2026-09-17T15:19:34Z</time><sat>6</sat></trkpt>
  <trkpt lat="30.26872744" lon="120.11802664"><ele>26.141</ele><time>2026-09-17T15:19:37Z</time><sat>6</sat></trkpt>
  <trkpt lat="30.26872743" lon="120.11802660"><ele>26.136</ele><time>2026-09-17T15:19:40Z</time><sat>7</sat></trkpt>
  <trkpt lat="30.26872741" lon="120.11802657"><ele>26.129</ele><time>2026-09-17T15:19:43Z</time><sat>7</sat></trkpt>
  <trkpt lat="30.26872743" lon="120.11802658"><ele>26.131</ele><time>2026-09-17T15:19:46Z</time><sat>4</sat></trkpt>
  <trkpt lat="30.26872744" lon="120.11802661"><ele>26.135</ele><time>2026-09-17T15:19:49Z</time><sat>5</sat></trkpt>
  <trkpt lat="30.26872747" lon="120.11802665"><ele>26.143</ele><time>2026-09-17T15:19:52Z</time><sat>6</sat></trkpt>
  <trkpt lat="30.26872747" lon="120.11802660"><ele>26.127</ele><time>2026-09-17T15:19:57Z</time><sat>3</sat></trkpt>
  <trkpt lat="30.26872749" lon="120.11802663"><ele>26.121</ele><time>2026-09-17T15:20:01Z</time><sat>5</sat></trkpt>
  <trkpt lat="30.26872748" lon="120.11802660"><ele>26.110</ele><time>2026-09-17T15:20:04Z</time><sat>5</sat></trkpt>
  <trkpt lat="30.26872747" lon="120.11802657"><ele>26.103</ele><time>2026-09-17T15:20:07Z</time><sat>5</sat></trkpt>
  <trkpt lat="30.26872747" lon="120.11802657"><ele>26.103</ele><time>2026-09-17T15:20:10Z</time><sat>5</sat></trkpt>
  <trkpt lat="30.26872747" lon="120.11802657"><ele>26.103</ele><time>2026-09-17T15:20:13Z</time><sat>3</sat></trkpt>
  <trkpt lat="30.26872748" lon="120.11802657"><ele>26.105</ele><time>2026-09-17T15:20:16Z</time><sat>5</sat></trkpt>
  <trkpt lat="30.26872747" lon="120.11802653"><ele>26.107</ele><time>2026-09-17T15:20:19Z</time><sat>6</sat></trkpt>
  <trkpt lat="30.26872747" lon="120.11802653"><ele>26.104</ele><time>2026-09-17T15:20:22Z</time><sat>6</sat></trkpt>
  <trkpt lat="30.26872747" lon="120.11802654"><ele>26.108</ele><time>2026-09-17T15:20:25Z</time><sat>8</sat></trkpt>
  <trkpt lat="30.26872749" lon="120.11802654"><ele>26.078</ele><time>2026-09-17T15:20:28Z</time><sat>6</sat></trkpt>
  <trkpt lat="30.26872748" lon="120.11802652"><ele>26.086</ele><time>2026-09-17T15:20:31Z</time><sat>6</sat></trkpt>
  <trkpt lat="30.26872748" lon="120.11802653"><ele>26.102</ele><time>2026-09-17T15:20:34Z</time><sat>7</sat></trkpt>
  <trkpt lat="30.26872748" lon="120.11802651"><ele>26.121</ele><time>2026-09-17T15:20:37Z</time><sat>7</sat></trkpt>
  <trkpt lat="30.26872745" lon="120.11802640"><ele>26.109</ele><time>2026-09-17T15:20:40Z</time><sat>6</sat></trkpt>
  <trkpt lat="30.26872904" lon="120.11802480"><ele>26.164</ele><time>2026-09-17T15:20:45Z</time><sat>7</sat></trkpt>
 </trkseg>
</trk>

</gpx>
 