<?xml version="1.0" encoding="UTF-8"?>
<!-- Created with BasicAirData GPS Logger for Android - ver. 3.3.0 -->
<!-- Track 385 = 6060 TrackPoints + 0 Placemarks -->

<!-- Track Statistics (based on Total Time | Time in Movement): -->
<!--  Distance = 18.7 公里 -->
<!--  Duration = 05:55:43 | 01:06:45 -->
<!--  Altitude Gap = 49 米 -->
<!--  Max Speed = 70 公里/时 -->
<!--  Avg Speed = 3.2 | 16.8 公里/时 -->
<!--  Direction = 175° -->
<!--  Activity = car -->
<!--  Altitudes = Corrected using EGM96 grid (bilinear interpolation) -->

<gpx version="1.1"
     creator="BasicAirData GPS Logger 3.3.0"
     xmlns="http://www.topografix.com/GPX/1/1"
     xmlns:xsi="http://www.w3.org/2001/XMLSchema-instance"
     xsi:schemaLocation="http://www.topografix.com/GPX/1/1 http://www.topografix.com/GPX/1/1/gpx.xsd">
<metadata> 
 <name>GPS Logger 20260425-094402</name>
 <time>2026-08-05T14:29:19Z</time>
 <keywords>car</keywords>
 <bounds minlat="30.26945038" minlon="120.06814745" maxlat="30.30880077" maxlon="120.12095141" />
</metadata>

<trk>
 <name>轨迹 20260425-094402</name>
 <trkseg>
  <trkpt lat="30.27157210" lon="120.12047526"><ele>9.883</ele><time>2026-04-25T01:44:02Z</time><sat>27</sat></trkpt>
  <trkpt lat="30.27166253" lon="120.12036403"><ele>10.837</ele><time>2026-04-25T01:44:05Z</time><sat>27</sat></trkpt>
  <trkpt lat="30.27181630" lon="120.12015361"><ele>14.279</ele><time>2026-04-25T01:44:08Z</time><sat>28</sat></trkpt>
  <trkpt lat="30.27193858" lon="120.11987217"><ele>13.146</ele><time>2026-04-25T01:44:11Z</time><sat>31</sat></trkpt>
  <trkpt lat="30.27208265" lon="120.11958688"><ele>13.295</ele><time>2026-04-25T01:44:14Z</time><sat>31</sat></trkpt>
  <trkpt lat="30.27225056" lon="120.11927011"><ele>13.715</ele><time>2026-04-25T01:44:17Z</time><sat>31</sat></trkpt>
  <trkpt lat="30.27242178" lon="120.11896745"><ele>12.144</ele><time>2026-04-25T01:44:20Z</time><sat>29</sat></trkpt>
  <trkpt lat="30.27257510" lon="120.11872469"><ele>11.414</ele><time>2026-04-25T01:44:23Z</time><sat>31</sat></trkpt>
  <trkpt lat="30.27266369" lon="120.11856351"><ele>10.607</ele><time>2026-04-25T01:44:26Z</time><sat>31</sat></trkpt>
  <trkpt lat="30.27271492" lon="120.11846111"><ele>10.525</ele><time>2026-04-25T01:44:29Z</time><sat>29</sat></trkpt>
  <trkpt lat="30.27279604" lon="120.11840712"><ele>9.617</ele><time>2026-04-25T01:44:32Z</time><sat>30</sat></trkpt>
  <trkpt lat="30.27292952" lon="120.11850336"><ele>8.563</ele><time>2026-04-25T01:44:35Z</time><sat>33</sat></trkpt>
  <trkpt lat="30.27309770" lon="120.11862658"><ele>8.539</ele><time>2026-04-25T01:44:38Z</time><sat>34</sat></trkpt>
  <trkpt lat="30.27326628" lon="120.11875277"><ele>7.952</ele><time>2026-04-25T01:44:41Z</time><sat>30</sat></trkpt>
  <trkpt lat="30.27348172" lon="120.11889531"><ele>6.780</ele><time>2026-04-25T01:44:44Z</time><sat>28</sat></trkpt>
  <trkpt lat="30.27369079" lon="120.11901490"><ele>6.183</ele><time>2026-04-25T01:44:47Z</time><sat>29</sat></trkpt>
  <trkpt lat="30.27386146" lon="120.11915388"><ele>5.401</ele><time>2026-04-25T01:44:50Z</time><sat>29</sat></trkpt>
  <trkpt lat="30.27391391" lon="120.11919372"><ele>6.300</ele><time>2026-04-25T01:44:53Z</time><sat>28</sat></trkpt>
  <trkpt lat="30.27392188" lon="120.11918772"><ele>5.564</ele><time>2026-04-25T01:44:56Z</time><sat>29</sat></trkpt>
  <trkpt lat="30.27391888" lon="120.11918165"><ele>5.461</ele><time>2026-04-25T01:44:59Z</time><sat>29</sat></trkpt>
  <trkpt lat="30.27391815" lon="120.11918179"><ele>5.454</ele><time>2026-04-25T01:45:02Z</time><sat>28</sat></trkpt>
  <trkpt lat="30.27392829" lon="120.11921369"><ele>1.701</ele><time>2026-04-25T01:45:05Z</time><sat>30</sat></trkpt>
  <trkpt lat="30.27392332" lon="120.11922639"><ele>-2.519</ele><time>2026-04-25T01:45:08Z</time><sat>32</sat></trkpt>
  <trkpt lat="30.27392927" lon="120.11923450"><ele>-3.313</ele><time>2026-04-25T01:45:11Z</time><sat>29</sat></trkpt>
  <trkpt lat="30.27392726" lon="120.11923378"><ele>-3.170</ele><time>2026-04-25T01:45:14Z</time><sat>29</sat></trkpt>
  <trkpt lat="30.27392716" lon="120.11923623"><ele>-2.237</ele><time>2026-04-25T01:45:17Z</time><sat>29</sat></trkpt>
  <trkpt lat="30.27392810" lon="120.11923472"><ele>-1.977</ele><time>2026-04-25T01:45:20Z</time><sat>29</sat></trkpt>
  <trkpt lat="30.27392720" lon="120.11923325"><ele>-1.758</ele><time>2026-04-25T01:45:23Z</time><sat>29</sat></trkpt>
  <trkpt lat="30.27392710" lon="120.11923311"><ele>-1.703</ele><time>2026-04-25T01:45:26Z</time><sat>29</sat></trkpt>
  <trkpt lat="30.27392669" lon="120.11922564"><ele>-0.202</ele><time>2026-04-25T01:45:29Z</time><sat>31</sat></trkpt>
  <trkpt lat="30.27392847" lon="120.11922307"><ele>0.388</ele><time>2026-04-25T01:45:32Z</time><sat>30</sat></trkpt>
  <trkpt lat="30.27392664" lon="120.11922259"><ele>0.541</ele><time>2026-04-25T01:45:35Z</time><sat>29</sat></trkpt>
  <trkpt lat="30.27392569" lon="120.11922038"><ele>1.006</ele><time>2026-04-25T01:45:38Z</time><sat>29</sat></trkpt>
  <trkpt lat="30.27392457" lon="120.11922154"><ele>1.181</ele><time>2026-04-25T01:45:41Z</time><sat>29</sat></trkpt>
  <trkpt lat="30.27392430" lon="120.11921842"><ele>1.898</ele><time>2026-04-25T01:45:44Z</time><sat>31</sat></trkpt>
  <trkpt lat="30.27392669" lon="120.11922144"><ele>2.170</ele><time>2026-04-25T01:45:47Z</time><sat>31</sat></trkpt>
  <trkpt lat="30.27392959" lon="120.11922167"><ele>2.927</ele><time>2026-04-25T01:45:50Z</time><sat>32</sat></trkpt>
  <trkpt lat="30.27392951" lon="120.11922080"><ele>4.063</ele><time>2026-04-25T01:45:53Z</time><sat>31</sat></trkpt>
  <trkpt lat="30.27392912" lon="120.11921906"><ele>4.278</ele><time>2026-04-25T01:45:56Z</time><sat>30</sat></trkpt>
  <trkpt lat="30.27392904" lon="120.11921880"><ele>4.294</ele><time>2026-04-25T01:45:59Z</time><sat>29</sat></trkpt>
  <trkpt lat="30.27392903" lon="120.11921874"><ele>4.305</ele><time>2026-04-25T01:46:02Z</time><sat>29</sat></trkpt>
  <trkpt lat="30.27392917" lon="120.11921862"><ele>4.317</ele><time>2026-04-25T01:46:05Z</time><sat>29</sat></trkpt>
  <trkpt lat="30.27392927" lon="120.11921855"><ele>4.317</ele><time>2026-04-25T01:46:08Z</time><sat>29</sat></trkpt>
  <trkpt lat="30.27392930" lon="120.11921858"><ele>4.321</ele><time>2026-04-25T01:46:11Z</time><sat>29</sat></trkpt>
  <trkpt lat="30.27392912" lon="120.11921852"><ele>4.383</ele><time>2026-04-25T01:46:14Z</time><sat>28</sat></trkpt>
  <trkpt lat="30.27392888" lon="120.11921839"><ele>4.453</ele><time>2026-04-25T01:46:17Z</time><sat>29</sat></trkpt>
  <trkpt lat="30.27392900" lon="120.11921797"><ele>4.442</ele><time>2026-04-25T01:46:20Z</time><sat>30</sat></trkpt>
  <trkpt lat="30.27392904" lon="120.11921769"><ele>4.496</ele><time>2026-04-25T01:46:23Z</time><sat>32</sat></trkpt>
  <trkpt lat="30.27392916" lon="120.11921756"><ele>4.547</ele><time>2026-04-25T01:46:26Z</time><sat>30</sat></trkpt>
  <trkpt lat="30.27392917" lon="120.11921748"><ele>4.579</ele><time>2026-04-25T01:46:29Z</time><sat>31</sat></trkpt>
  <trkpt lat="30.27392908" lon="120.11921741"><ele>4.618</ele><time>2026-04-25T01:46:32Z</time><sat>31</sat></trkpt>
  <trkpt lat="30.27392905" lon="120.11921735"><ele>4.678</ele><time>2026-04-25T01:46:35Z</time><sat>31</sat></trkpt>
  <trkpt lat="30.27393583" lon="120.11922222"><ele>4.398</ele><time>2026-04-25T01:46:38Z</time><sat>31</sat></trkpt>
  <trkpt lat="30.27394092" lon="120.11922352"><ele>4.279</ele><time>2026-04-25T01:46:41Z</time><sat>31</sat></trkpt>
  <trkpt lat="30.27394388" lon="120.11922699"><ele>4.151</ele><time>2026-04-25T01:46:44Z</time><sat>31</sat></trkpt>
  <trkpt lat="30.27395066" lon="120.11923085"><ele>4.096</ele><time>2026-04-25T01:46:47Z</time><sat>30</sat></trkpt>
  <trkpt lat="30.27401754" lon="120.11928053"><ele>3.811</ele><time>2026-04-25T01:46:50Z</time><sat>31</sat></trkpt>
  <trkpt lat="30.27408349" lon="120.11932845"><ele>3.914</ele><time>2026-04-25T01:46:53Z</time><sat>32</sat></trkpt>
  <trkpt lat="30.27418858" lon="120.11938938"><ele>4.868</ele><time>2026-04-25T01:46:56Z</time><sat>30</sat></trkpt>
  <trkpt lat="30.27430789" lon="120.11940788"><ele>5.536</ele><time>2026-04-25T01:46:59Z</time><sat>33</sat></trkpt>
  <trkpt lat="30.27442120" lon="120.11937200"><ele>5.172</ele><time>2026-04-25T01:47:02Z</time><sat>34</sat></trkpt>
  <trkpt lat="30.27449396" lon="120.11930728"><ele>4.970</ele><time>2026-04-25T01:47:05Z</time><sat>34</sat></trkpt>
  <trkpt lat="30.27456069" lon="120.11911254"><ele>5.757</ele><time>2026-04-25T01:47:08Z</time><sat>32</sat></trkpt>
  <trkpt lat="30.27461870" lon="120.11879819"><ele>6.295</ele><time>2026-04-25T01:47:11Z</time><sat>32</sat></trkpt>
  <trkpt lat="30.27463376" lon="120.11842411"><ele>6.682</ele><time>2026-04-25T01:47:14Z</time><sat>32</sat></trkpt>
  <trkpt lat="30.27464648" lon="120.11811945"><ele>6.485</ele><time>2026-04-25T01:47:17Z</time><sat>32</sat></trkpt>
  <trkpt lat="30.27465641" lon="120.11780501"><ele>6.839</ele><time>2026-04-25T01:47:20Z</time><sat>30</sat></trkpt>
  <trkpt lat="30.27466883" lon="120.11748654"><ele>8.100</ele><time>2026-04-25T01:47:23Z</time><sat>30</sat></trkpt>
  <trkpt lat="30.27466328" lon="120.11717381"><ele>8.614</ele><time>2026-04-25T01:47:26Z</time><sat>31</sat></trkpt>
  <trkpt lat="30.27463433" lon="120.11616955"><ele>7.190</ele><time>2026-04-25T01:47:35Z</time><sat>32</sat></trkpt>
  <trkpt lat="30.27461776" lon="120.11586518"><ele>7.281</ele><time>2026-04-25T01:47:38Z</time><sat>32</sat></trkpt>
  <trkpt lat="30.27461365" lon="120.11566802"><ele>5.560</ele><time>2026-04-25T01:47:41Z</time><sat>32</sat></trkpt>
  <trkpt lat="30.27461666" lon="120.11554052"><ele>5.377</ele><time>2026-04-25T01:47:44Z</time><sat>33</sat></trkpt>
  <trkpt lat="30.27462785" lon="120.11550946"><ele>5.678</ele><time>2026-04-25T01:47:47Z</time><sat>33</sat></trkpt>
  <trkpt lat="30.27463103" lon="120.11550414"><ele>5.422</ele><time>2026-04-25T01:47:50Z</time><sat>33</sat></trkpt>
  <trkpt lat="30.27476345" lon="120.11545417"><ele>3.902</ele><time>2026-04-25T01:47:53Z</time><sat>33</sat></trkpt>
  <trkpt lat="30.27506173" lon="120.11540893"><ele>3.604</ele><time>2026-04-25T01:47:56Z</time><sat>34</sat></trkpt>
  <trkpt lat="30.27538935" lon="120.11537562"><ele>4.519</ele><time>2026-04-25T01:47:59Z</time><sat>34</sat></trkpt>
  <trkpt lat="30.27566868" lon="120.11535241"><ele>4.670</ele><time>2026-04-25T01:48:02Z</time><sat>34</sat></trkpt>
  <trkpt lat="30.27579584" lon="120.11534050"><ele>4.916</ele><time>2026-04-25T01:48:05Z</time><sat>34</sat></trkpt>
  <trkpt lat="30.27585368" lon="120.11533254"><ele>5.266</ele><time>2026-04-25T01:48:08Z</time><sat>34</sat></trkpt>
  <trkpt lat="30.27588273" lon="120.11533383"><ele>5.242</ele><time>2026-04-25T01:48:11Z</time><sat>34</sat></trkpt>
  <trkpt lat="30.27593666" lon="120.11532640"><ele>5.239</ele><time>2026-04-25T01:48:14Z</time><sat>34</sat></trkpt>
  <trkpt lat="30.27605105" lon="120.11531458"><ele>5.291</ele><time>2026-04-25T01:48:17Z</time><sat>34</sat></trkpt>
  <trkpt lat="30.27620079" lon="120.11529745"><ele>5.599</ele><time>2026-04-25T01:48:20Z</time><sat>34</sat></trkpt>
  <trkpt lat="30.27638475" lon="120.11528751"><ele>5.755</ele><time>2026-04-25T01:48:23Z</time><sat>34</sat></trkpt>
  <trkpt lat="30.27656416" lon="120.11528398"><ele>5.354</ele><time>2026-04-25T01:48:26Z</time><sat>34</sat></trkpt>
  <trkpt lat="30.27675208" lon="120.11527850"><ele>5.019</ele><time>2026-04-25T01:48:29Z</time><sat>34</sat></trkpt>
  <trkpt lat="30.27697742" lon="120.11526523"><ele>5.158</ele><time>2026-04-25T01:48:32Z</time><sat>34</sat></trkpt>
  <trkpt lat="30.27717558" lon="120.11524766"><ele>5.045</ele><time>2026-04-25T01:48:35Z</time><sat>34</sat></trkpt>
  <trkpt lat="30.27734139" lon="120.11523525"><ele>6.161</ele><time>2026-04-25T01:48:38Z</time><sat>34</sat></trkpt>
  <trkpt lat="30.27745504" lon="120.11522724"><ele>6.575</ele><time>2026-04-25T01:48:41Z</time><sat>34</sat></trkpt>
  <trkpt lat="30.27761801" lon="120.11523086"><ele>5.686</ele><time>2026-04-25T01:48:44Z</time><sat>34</sat></trkpt>
  <trkpt lat="30.27781276" lon="120.11522972"><ele>5.636</ele><time>2026-04-25T01:48:47Z</time><sat>34</sat></trkpt>
  <trkpt lat="30.27797218" lon="120.11521904"><ele>5.491</ele><time>2026-04-25T01:48:50Z</time><sat>34</sat></trkpt>
  <trkpt lat="30.27801070" lon="120.11521834"><ele>5.800</ele><time>2026-04-25T01:48:53Z</time><sat>34</sat></trkpt>
  <trkpt lat="30.27799864" lon="120.11520656"><ele>6.603</ele><time>2026-04-25T01:48:56Z</time><sat>34</sat></trkpt>
  <trkpt lat="30.27799504" lon="120.11520182"><ele>7.676</ele><time>2026-04-25T01:48:59Z</time><sat>34</sat></trkpt>
  <trkpt lat="30.27799397" lon="120.11520387"><ele>8.624</ele><time>2026-04-25T01:49:02Z</time><sat>35</sat></trkpt>
  <trkpt lat="30.27799174" lon="120.11520609"><ele>9.692</ele><time>2026-04-25T01:49:05Z</time><sat>35</sat></trkpt>
  <trkpt lat="30.27798224" lon="120.11520335"><ele>10.498</ele><time>2026-04-25T01:49:08Z</time><sat>35</sat></trkpt>
  <trkpt lat="30.27797742" lon="120.11520458"><ele>9.646</ele><time>2026-04-25T01:49:11Z</time><sat>35</sat></trkpt>
  <trkpt lat="30.27797306" lon="120.11520476"><ele>9.312</ele><time>2026-04-25T01:49:14Z</time><sat>35</sat></trkpt>
  <trkpt lat="30.27796971" lon="120.11520248"><ele>9.852</ele><time>2026-04-25T01:49:17Z</time><sat>35</sat></trkpt>
  <trkpt lat="30.27796813" lon="120.11520195"><ele>10.354</ele><time>2026-04-25T01:49:20Z</time><sat>35</sat></trkpt>
  <trkpt lat="30.27796774" lon="120.11520191"><ele>10.471</ele><time>2026-04-25T01:49:23Z</time><sat>35</sat></trkpt>
  <trkpt lat="30.27796737" lon="120.11520194"><ele>10.572</ele><time>2026-04-25T01:49:26Z</time><sat>35</sat></trkpt>
  <trkpt lat="30.27796739" lon="120.11520158"><ele>10.491</ele><time>2026-04-25T01:49:29Z</time><sat>35</sat></trkpt>
  <trkpt lat="30.27796714" lon="120.11520158"><ele>10.538</ele><time>2026-04-25T01:49:32Z</time><sat>35</sat></trkpt>
  <trkpt lat="30.27796692" lon="120.11520151"><ele>10.613</ele><time>2026-04-25T01:49:35Z</time><sat>35</sat></trkpt>
  <trkpt lat="30.27800997" lon="120.11521072"><ele>10.060</ele><time>2026-04-25T01:49:38Z</time><sat>35</sat></trkpt>
  <trkpt lat="30.27812194" lon="120.11520621"><ele>9.941</ele><time>2026-04-25T01:49:41Z</time><sat>34</sat></trkpt>
  <trkpt lat="30.27826833" lon="120.11520130"><ele>9.514</ele><time>2026-04-25T01:49:44Z</time><sat>34</sat></trkpt>
  <trkpt lat="30.27842161" lon="120.11518740"><ele>9.760</ele><time>2026-04-25T01:49:47Z</time><sat>34</sat></trkpt>
  <trkpt lat="30.27859766" lon="120.11517493"><ele>9.912</ele><time>2026-04-25T01:49:50Z</time><sat>34</sat></trkpt>
  <trkpt lat="30.27881786" lon="120.11515960"><ele>9.095</ele><time>2026-04-25T01:49:53Z</time><sat>34</sat></trkpt>
  <trkpt lat="30.27907035" lon="120.11513990"><ele>8.599</ele><time>2026-04-25T01:49:56Z</time><sat>34</sat></trkpt>
  <trkpt lat="30.27934497" lon="120.11511401"><ele>9.452</ele><time>2026-04-25T01:49:59Z</time><sat>34</sat></trkpt>
  <trkpt lat="30.27961920" lon="120.11508275"><ele>9.836</ele><time>2026-04-25T01:50:02Z</time><sat>34</sat></trkpt>
  <trkpt lat="30.27987903" lon="120.11506405"><ele>9.551</ele><time>2026-04-25T01:50:05Z</time><sat>30</sat></trkpt>
  <trkpt lat="30.28012827" lon="120.11504168"><ele>9.534</ele><time>2026-04-25T01:50:08Z</time><sat>29</sat></trkpt>
  <trkpt lat="30.28039314" lon="120.11502543"><ele>7.810</ele><time>2026-04-25T01:50:11Z</time><sat>31</sat></trkpt>
  <trkpt lat="30.28067601" lon="120.11500039"><ele>7.712</ele><time>2026-04-25T01:50:14Z</time><sat>31</sat></trkpt>
  <trkpt lat="30.28101332" lon="120.11497645"><ele>7.308</ele><time>2026-04-25T01:50:17Z</time><sat>30</sat></trkpt>
  <trkpt lat="30.28135171" lon="120.11494725"><ele>6.489</ele><time>2026-04-25T01:50:20Z</time><sat>31</sat></trkpt>
  <trkpt lat="30.28169700" lon="120.11491048"><ele>6.811</ele><time>2026-04-25T01:50:23Z</time><sat>32</sat></trkpt>
  <trkpt lat="30.28204448" lon="120.11487578"><ele>6.891</ele><time>2026-04-25T01:50:26Z</time><sat>33</sat></trkpt>
  <trkpt lat="30.28239089" lon="120.11484234"><ele>6.883</ele><time>2026-04-25T01:50:29Z</time><sat>28</sat></trkpt>
  <trkpt lat="30.28274374" lon="120.11481479"><ele>6.687</ele><time>2026-04-25T01:50:32Z</time><sat>30</sat></trkpt>
  <trkpt lat="30.28309880" lon="120.11479045"><ele>7.475</ele><time>2026-04-25T01:50:35Z</time><sat>31</sat></trkpt>
  <trkpt lat="30.28344834" lon="120.11477150"><ele>7.704</ele><time>2026-04-25T01:50:38Z</time><sat>29</sat></trkpt>
  <trkpt lat="30.28379785" lon="120.11475779"><ele>7.725</ele><time>2026-04-25T01:50:41Z</time><sat>30</sat></trkpt>
  <trkpt lat="30.28413012" lon="120.11473650"><ele>7.344</ele><time>2026-04-25T01:50:44Z</time><sat>30</sat></trkpt>
  <trkpt lat="30.28442508" lon="120.11471084"><ele>7.354</ele><time>2026-04-25T01:50:47Z</time><sat>31</sat></trkpt>
  <trkpt lat="30.28468504" lon="120.11467172"><ele>6.970</ele><time>2026-04-25T01:50:50Z</time><sat>33</sat></trkpt>
  <trkpt lat="30.28494257" lon="120.11465366"><ele>6.387</ele><time>2026-04-25T01:50:53Z</time><sat>33</sat></trkpt>
  <trkpt lat="30.28522172" lon="120.11463454"><ele>6.092</ele><time>2026-04-25T01:50:56Z</time><sat>32</sat></trkpt>
  <trkpt lat="30.28548065" lon="120.11461057"><ele>5.796</ele><time>2026-04-25T01:50:59Z</time><sat>29</sat></trkpt>
  <trkpt lat="30.28572842" lon="120.11459461"><ele>6.100</ele><time>2026-04-25T01:51:02Z</time><sat>29</sat></trkpt>
  <trkpt lat="30.28594694" lon="120.11458183"><ele>6.601</ele><time>2026-04-25T01:51:05Z</time><sat>28</sat></trkpt>
  <trkpt lat="30.28609949" lon="120.11456383"><ele>8.134</ele><time>2026-04-25T01:51:08Z</time><sat>28</sat></trkpt>
  <trkpt lat="30.28626141" lon="120.11455754"><ele>8.904</ele><time>2026-04-25T01:51:11Z</time><sat>29</sat></trkpt>
  <trkpt lat="30.28636489" lon="120.11456695"><ele>10.542</ele><time>2026-04-25T01:51:14Z</time><sat>27</sat></trkpt>
  <trkpt lat="30.28655711" lon="120.11457262"><ele>9.470</ele><time>2026-04-25T01:51:17Z</time><sat>27</sat></trkpt>
  <trkpt lat="30.28679229" lon="120.11456147"><ele>10.413</ele><time>2026-04-25T01:51:20Z</time><sat>27</sat></trkpt>
  <trkpt lat="30.28693451" lon="120.11457034"><ele>10.613</ele><time>2026-04-25T01:51:23Z</time><sat>26</sat></trkpt>
  <trkpt lat="30.28701682" lon="120.11455831"><ele>10.439</ele><time>2026-04-25T01:51:26Z</time><sat>27</sat></trkpt>
  <trkpt lat="30.28725131" lon="120.11448721"><ele>9.355</ele><time>2026-04-25T01:51:29Z</time><sat>27</sat></trkpt>
  <trkpt lat="30.28756664" lon="120.11441559"><ele>9.828</ele><time>2026-04-25T01:51:32Z</time><sat>29</sat></trkpt>
  <trkpt lat="30.28794225" lon="120.11437509"><ele>8.425</ele><time>2026-04-25T01:51:35Z</time><sat>28</sat></trkpt>
  <trkpt lat="30.28833684" lon="120.11435788"><ele>5.831</ele><time>2026-04-25T01:51:38Z</time><sat>28</sat></trkpt>
  <trkpt lat="30.28867272" lon="120.11435022"><ele>6.601</ele><time>2026-04-25T01:51:41Z</time><sat>29</sat></trkpt>
  <trkpt lat="30.28892628" lon="120.11434361"><ele>5.514</ele><time>2026-04-25T01:51:44Z</time><sat>27</sat></trkpt>
  <trkpt lat="30.28911286" lon="120.11435574"><ele>7.666</ele><time>2026-04-25T01:51:47Z</time><sat>28</sat></trkpt>
  <trkpt lat="30.28913833" lon="120.11433604"><ele>7.763</ele><time>2026-04-25T01:51:50Z</time><sat>31</sat></trkpt>
  <trkpt lat="30.28914106" lon="120.11433629"><ele>6.268</ele><time>2026-04-25T01:51:53Z</time><sat>30</sat></trkpt>
  <trkpt lat="30.28914441" lon="120.11434636"><ele>4.396</ele><time>2026-04-25T01:51:56Z</time><sat>30</sat></trkpt>
  <trkpt lat="30.28914433" lon="120.11434699"><ele>4.157</ele><time>2026-04-25T01:51:59Z</time><sat>30</sat></trkpt>
  <trkpt lat="30.28914472" lon="120.11434196"><ele>4.623</ele><time>2026-04-25T01:52:02Z</time><sat>28</sat></trkpt>
  <trkpt lat="30.28914471" lon="120.11434191"><ele>4.613</ele><time>2026-04-25T01:52:05Z</time><sat>28</sat></trkpt>
  <trkpt lat="30.28914426" lon="120.11434161"><ele>4.687</ele><time>2026-04-25T01:52:08Z</time><sat>29</sat></trkpt>
  <trkpt lat="30.28914421" lon="120.11434173"><ele>4.691</ele><time>2026-04-25T01:52:11Z</time><sat>30</sat></trkpt>
  <trkpt lat="30.28914414" lon="120.11434180"><ele>4.689</ele><time>2026-04-25T01:52:14Z</time><sat>32</sat></trkpt>
  <trkpt lat="30.28913987" lon="120.11433927"><ele>4.482</ele><time>2026-04-25T01:52:17Z</time><sat>30</sat></trkpt>
  <trkpt lat="30.28913969" lon="120.11434283"><ele>3.799</ele><time>2026-04-25T01:52:20Z</time><sat>30</sat></trkpt>
  <trkpt lat="30.28914046" lon="120.11434405"><ele>3.783</ele><time>2026-04-25T01:52:23Z</time><sat>29</sat></trkpt>
  <trkpt lat="30.28914194" lon="120.11434514"><ele>3.749</ele><time>2026-04-25T01:52:26Z</time><sat>28</sat></trkpt>
  <trkpt lat="30.28914199" lon="120.11434563"><ele>3.754</ele><time>2026-04-25T01:52:29Z</time><sat>28</sat></trkpt>
  <trkpt lat="30.28914204" lon="120.11434566"><ele>3.757</ele><time>2026-04-25T01:52:32Z</time><sat>28</sat></trkpt>
  <trkpt lat="30.28914204" lon="120.11434570"><ele>3.745</ele><time>2026-04-25T01:52:35Z</time><sat>29</sat></trkpt>
  <trkpt lat="30.28914251" lon="120.11434627"><ele>3.636</ele><time>2026-04-25T01:52:38Z</time><sat>28</sat></trkpt>
  <trkpt lat="30.28915441" lon="120.11434480"><ele>3.713</ele><time>2026-04-25T01:52:41Z</time><sat>29</sat></trkpt>
  <trkpt lat="30.28927826" lon="120.11433002"><ele>3.925</ele><time>2026-04-25T01:52:44Z</time><sat>29</sat></trkpt>
  <trkpt lat="30.28948131" lon="120.11431308"><ele>4.470</ele><time>2026-04-25T01:52:47Z</time><sat>31</sat></trkpt>
  <trkpt lat="30.28970333" lon="120.11430456"><ele>5.084</ele><time>2026-04-25T01:52:50Z</time><sat>33</sat></trkpt>
  <trkpt lat="30.28992275" lon="120.11430618"><ele>4.328</ele><time>2026-04-25T01:52:53Z</time><sat>32</sat></trkpt>
  <trkpt lat="30.29016675" lon="120.11429070"><ele>3.285</ele><time>2026-04-25T01:52:56Z</time><sat>32</sat></trkpt>
  <trkpt lat="30.29043321" lon="120.11426589"><ele>3.558</ele><time>2026-04-25T01:52:59Z</time><sat>32</sat></trkpt>
  <trkpt lat="30.29070388" lon="120.11424590"><ele>3.659</ele><time>2026-04-25T01:53:02Z</time><sat>31</sat></trkpt>
  <trkpt lat="30.29100055" lon="120.11420723"><ele>4.085</ele><time>2026-04-25T01:53:05Z</time><sat>31</sat></trkpt>
  <trkpt lat="30.29130782" lon="120.11416915"><ele>4.907</ele><time>2026-04-25T01:53:08Z</time><sat>32</sat></trkpt>
  <trkpt lat="30.29161999" lon="120.11413869"><ele>5.350</ele><time>2026-04-25T01:53:11Z</time><sat>31</sat></trkpt>
  <trkpt lat="30.29193379" lon="120.11411201"><ele>5.084</ele><time>2026-04-25T01:53:14Z</time><sat>31</sat></trkpt>
  <trkpt lat="30.29226543" lon="120.11409552"><ele>5.665</ele><time>2026-04-25T01:53:17Z</time><sat>28</sat></trkpt>
  <trkpt lat="30.29263672" lon="120.11406578"><ele>5.230</ele><time>2026-04-25T01:53:20Z</time><sat>27</sat></trkpt>
  <trkpt lat="30.29303340" lon="120.11403912"><ele>4.716</ele><time>2026-04-25T01:53:23Z</time><sat>28</sat></trkpt>
  <trkpt lat="30.29344248" lon="120.11401107"><ele>5.249</ele><time>2026-04-25T01:53:26Z</time><sat>28</sat></trkpt>
  <trkpt lat="30.29385444" lon="120.11398646"><ele>5.023</ele><time>2026-04-25T01:53:29Z</time><sat>28</sat></trkpt>
  <trkpt lat="30.29425603" lon="120.11395025"><ele>7.458</ele><time>2026-04-25T01:53:32Z</time><sat>33</sat></trkpt>
  <trkpt lat="30.29466311" lon="120.11392219"><ele>9.131</ele><time>2026-04-25T01:53:35Z</time><sat>34</sat></trkpt>
  <trkpt lat="30.29505294" lon="120.11388750"><ele>9.135</ele><time>2026-04-25T01:53:38Z</time><sat>33</sat></trkpt>
  <trkpt lat="30.29531509" lon="120.11384948"><ele>7.807</ele><time>2026-04-25T01:53:41Z</time><sat>34</sat></trkpt>
  <trkpt lat="30.29544682" lon="120.11383348"><ele>7.562</ele><time>2026-04-25T01:53:44Z</time><sat>32</sat></trkpt>
  <trkpt lat="30.29548064" lon="120.11383957"><ele>4.623</ele><time>2026-04-25T01:53:53Z</time><sat>30</sat></trkpt>
  <trkpt lat="30.29548622" lon="120.11384327"><ele>3.014</ele><time>2026-04-25T01:53:56Z</time><sat>30</sat></trkpt>
  <trkpt lat="30.29547955" lon="120.11384049"><ele>4.345</ele><time>2026-04-25T01:53:59Z</time><sat>29</sat></trkpt>
  <trkpt lat="30.29548021" lon="120.11383416"><ele>4.465</ele><time>2026-04-25T01:54:02Z</time><sat>29</sat></trkpt>
  <trkpt lat="30.29548012" lon="120.11383337"><ele>4.390</ele><time>2026-04-25T01:54:05Z</time><sat>29</sat></trkpt>
  <trkpt lat="30.29547858" lon="120.11383218"><ele>4.678</ele><time>2026-04-25T01:54:08Z</time><sat>29</sat></trkpt>
  <trkpt lat="30.29547753" lon="120.11383106"><ele>4.923</ele><time>2026-04-25T01:54:11Z</time><sat>29</sat></trkpt>
  <trkpt lat="30.29547716" lon="120.11383079"><ele>4.981</ele><time>2026-04-25T01:54:14Z</time><sat>30</sat></trkpt>
  <trkpt lat="30.29547668" lon="120.11383047"><ele>5.049</ele><time>2026-04-25T01:54:17Z</time><sat>30</sat></trkpt>
  <trkpt lat="30.29547615" lon="120.11383011"><ele>5.135</ele><time>2026-04-25T01:54:20Z</time><sat>29</sat></trkpt>
  <trkpt lat="30.29547548" lon="120.11382961"><ele>5.256</ele><time>2026-04-25T01:54:23Z</time><sat>29</sat></trkpt>
  <trkpt lat="30.29547481" lon="120.11382910"><ele>5.383</ele><time>2026-04-25T01:54:26Z</time><sat>29</sat></trkpt>
  <trkpt lat="30.29547411" lon="120.11382857"><ele>5.509</ele><time>2026-04-25T01:54:29Z</time><sat>29</sat></trkpt>
  <trkpt lat="30.29547340" lon="120.11382804"><ele>5.637</ele><time>2026-04-25T01:54:32Z</time><sat>29</sat></trkpt>
  <trkpt lat="30.29547263" lon="120.11382771"><ele>5.726</ele><time>2026-04-25T01:54:35Z</time><sat>28</sat></trkpt>
  <trkpt lat="30.29547204" lon="120.11382727"><ele>5.826</ele><time>2026-04-25T01:54:38Z</time><sat>29</sat></trkpt>
  <trkpt lat="30.29547172" lon="120.11382703"><ele>5.876</ele><time>2026-04-25T01:54:41Z</time><sat>29</sat></trkpt>
  <trkpt lat="30.29550134" lon="120.11382387"><ele>6.461</ele><time>2026-04-25T01:54:44Z</time><sat>29</sat></trkpt>
  <trkpt lat="30.29557279" lon="120.11382020"><ele>6.596</ele><time>2026-04-25T01:54:47Z</time><sat>31</sat></trkpt>
  <trkpt lat="30.29563851" lon="120.11381705"><ele>6.785</ele><time>2026-04-25T01:54:50Z</time><sat>31</sat></trkpt>
  <trkpt lat="30.29565682" lon="120.11381553"><ele>5.924</ele><time>2026-04-25T01:54:53Z</time><sat>31</sat></trkpt>
  <trkpt lat="30.29566492" lon="120.11382333"><ele>2.554</ele><time>2026-04-25T01:54:56Z</time><sat>31</sat></trkpt>
  <trkpt lat="30.29567351" lon="120.11382909"><ele>0.382</ele><time>2026-04-25T01:54:59Z</time><sat>31</sat></trkpt>
  <trkpt lat="30.29567574" lon="120.11383004"><ele>0.098</ele><time>2026-04-25T01:55:02Z</time><sat>31</sat></trkpt>
  <trkpt lat="30.29567479" lon="120.11383067"><ele>0.442</ele><time>2026-04-25T01:55:05Z</time><sat>29</sat></trkpt>
  <trkpt lat="30.29572667" lon="120.11382598"><ele>0.155</ele><time>2026-04-25T01:55:08Z</time><sat>30</sat></trkpt>
  <trkpt lat="30.29582908" lon="120.11381657"><ele>0.048</ele><time>2026-04-25T01:55:11Z</time><sat>31</sat></trkpt>
  <trkpt lat="30.29596066" lon="120.11379693"><ele>0.589</ele><time>2026-04-25T01:55:14Z</time><sat>31</sat></trkpt>
  <trkpt lat="30.29610241" lon="120.11372795"><ele>1.193</ele><time>2026-04-25T01:55:17Z</time><sat>32</sat></trkpt>
  <trkpt lat="30.29620878" lon="120.11360273"><ele>0.503</ele><time>2026-04-25T01:55:20Z</time><sat>31</sat></trkpt>
  <trkpt lat="30.29627287" lon="120.11346519"><ele>-0.065</ele><time>2026-04-25T01:55:23Z</time><sat>31</sat></trkpt>
  <trkpt lat="30.29623815" lon="120.11314416"><ele>0.826</ele><time>2026-04-25T01:55:26Z</time><sat>31</sat></trkpt>
  <trkpt lat="30.29621498" lon="120.11280095"><ele>-0.026</ele><time>2026-04-25T01:55:29Z</time><sat>32</sat></trkpt>
  <trkpt lat="30.29619511" lon="120.11238898"><ele>0.844</ele><time>2026-04-25T01:55:32Z</time><sat>30</sat></trkpt>
  <trkpt lat="30.29616099" lon="120.11197761"><ele>1.537</ele><time>2026-04-25T01:55:35Z</time><sat>30</sat></trkpt>
  <trkpt lat="30.29613046" lon="120.11156164"><ele>2.372</ele><time>2026-04-25T01:55:38Z</time><sat>31</sat></trkpt>
  <trkpt lat="30.29610730" lon="120.11114404"><ele>1.898</ele><time>2026-04-25T01:55:41Z</time><sat>31</sat></trkpt>
  <trkpt lat="30.29607290" lon="120.11071375"><ele>2.093</ele><time>2026-04-25T01:55:44Z</time><sat>31</sat></trkpt>
  <trkpt lat="30.29602824" lon="120.11027967"><ele>4.208</ele><time>2026-04-25T01:55:47Z</time><sat>32</sat></trkpt>
  <trkpt lat="30.29601892" lon="120.10983930"><ele>4.549</ele><time>2026-04-25T01:55:50Z</time><sat>32</sat></trkpt>
  <trkpt lat="30.29603171" lon="120.10943259"><ele>4.938</ele><time>2026-04-25T01:55:53Z</time><sat>32</sat></trkpt>
  <trkpt lat="30.29603007" lon="120.10916187"><ele>5.541</ele><time>2026-04-25T01:55:56Z</time><sat>32</sat></trkpt>
  <trkpt lat="30.29602439" lon="120.10910110"><ele>5.277</ele><time>2026-04-25T01:55:59Z</time><sat>32</sat></trkpt>
  <trkpt lat="30.29602849" lon="120.10909408"><ele>3.444</ele><time>2026-04-25T01:56:02Z</time><sat>32</sat></trkpt>
  <trkpt lat="30.29602931" lon="120.10909300"><ele>3.460</ele><time>2026-04-25T01:56:05Z</time><sat>32</sat></trkpt>
  <trkpt lat="30.29602582" lon="120.10905668"><ele>3.102</ele><time>2026-04-25T01:56:08Z</time><sat>33</sat></trkpt>
  <trkpt lat="30.29602387" lon="120.10887606"><ele>2.909</ele><time>2026-04-25T01:56:11Z</time><sat>33</sat></trkpt>
  <trkpt lat="30.29601909" lon="120.10861467"><ele>3.066</ele><time>2026-04-25T01:56:14Z</time><sat>33</sat></trkpt>
  <trkpt lat="30.29601189" lon="120.10828593"><ele>2.796</ele><time>2026-04-25T01:56:17Z</time><sat>35</sat></trkpt>
  <trkpt lat="30.29600772" lon="120.10790437"><ele>3.305</ele><time>2026-04-25T01:56:20Z</time><sat>29</sat></trkpt>
  <trkpt lat="30.29600069" lon="120.10749916"><ele>3.680</ele><time>2026-04-25T01:56:23Z</time><sat>30</sat></trkpt>
  <trkpt lat="30.29599946" lon="120.10709018"><ele>4.244</ele><time>2026-04-25T01:56:26Z</time><sat>29</sat></trkpt>
  <trkpt lat="30.29599499" lon="120.10667850"><ele>4.082</ele><time>2026-04-25T01:56:29Z</time><sat>26</sat></trkpt>
  <trkpt lat="30.29598912" lon="120.10626182"><ele>3.935</ele><time>2026-04-25T01:56:32Z</time><sat>27</sat></trkpt>
  <trkpt lat="30.29598239" lon="120.10589387"><ele>4.793</ele><time>2026-04-25T01:56:35Z</time><sat>29</sat></trkpt>
  <trkpt lat="30.29596900" lon="120.10554277"><ele>4.923</ele><time>2026-04-25T01:56:38Z</time><sat>27</sat></trkpt>
  <trkpt lat="30.29595359" lon="120.10515985"><ele>4.740</ele><time>2026-04-25T01:56:41Z</time><sat>26</sat></trkpt>
  <trkpt lat="30.29593316" lon="120.10478762"><ele>5.285</ele><time>2026-04-25T01:56:44Z</time><sat>28</sat></trkpt>
  <trkpt lat="30.29591343" lon="120.10445210"><ele>6.674</ele><time>2026-04-25T01:56:47Z</time><sat>28</sat></trkpt>
  <trkpt lat="30.29590848" lon="120.10404234"><ele>6.506</ele><time>2026-04-25T01:56:50Z</time><sat>30</sat></trkpt>
  <trkpt lat="30.29590129" lon="120.10356958"><ele>5.945</ele><time>2026-04-25T01:56:53Z</time><sat>30</sat></trkpt>
  <trkpt lat="30.29589571" lon="120.10308285"><ele>4.494</ele><time>2026-04-25T01:56:56Z</time><sat>30</sat></trkpt>
  <trkpt lat="30.29589078" lon="120.10258937"><ele>2.985</ele><time>2026-04-25T01:56:59Z</time><sat>25</sat></trkpt>
  <trkpt lat="30.29587851" lon="120.10210804"><ele>1.586</ele><time>2026-04-25T01:57:02Z</time><sat>26</sat></trkpt>
  <trkpt lat="30.29718566" lon="120.09123435"><ele>1.572</ele><time>2026-04-25T01:58:03Z</time></trkpt>
  <trkpt lat="30.29719104" lon="120.09076542"><ele>2.741</ele><time>2026-04-25T01:58:06Z</time><sat>24</sat></trkpt>
  <trkpt lat="30.29719621" lon="120.09030184"><ele>3.323</ele><time>2026-04-25T01:58:09Z</time><sat>31</sat></trkpt>
  <trkpt lat="30.29721222" lon="120.08989174"><ele>3.667</ele><time>2026-04-25T01:58:12Z</time><sat>31</sat></trkpt>
  <trkpt lat="30.29724746" lon="120.08949861"><ele>5.667</ele><time>2026-04-25T01:58:15Z</time><sat>31</sat></trkpt>
  <trkpt lat="30.29726951" lon="120.08912038"><ele>5.432</ele><time>2026-04-25T01:58:18Z</time><sat>31</sat></trkpt>
  <trkpt lat="30.29728068" lon="120.08874325"><ele>4.886</ele><time>2026-04-25T01:58:21Z</time><sat>31</sat></trkpt>
  <trkpt lat="30.29728640" lon="120.08838318"><ele>5.463</ele><time>2026-04-25T01:58:24Z</time><sat>31</sat></trkpt>
  <trkpt lat="30.29729443" lon="120.08812917"><ele>5.655</ele><time>2026-04-25T01:58:27Z</time><sat>31</sat></trkpt>
  <trkpt lat="30.29732438" lon="120.08797030"><ele>5.472</ele><time>2026-04-25T01:58:30Z</time><sat>31</sat></trkpt>
  <trkpt lat="30.29756382" lon="120.08793199"><ele>5.271</ele><time>2026-04-25T01:58:33Z</time><sat>33</sat></trkpt>
  <trkpt lat="30.29789655" lon="120.08791422"><ele>4.113</ele><time>2026-04-25T01:58:36Z</time><sat>33</sat></trkpt>
  <trkpt lat="30.29829222" lon="120.08787118"><ele>3.177</ele><time>2026-04-25T01:58:39Z</time><sat>33</sat></trkpt>
  <trkpt lat="30.29869156" lon="120.08783919"><ele>3.041</ele><time>2026-04-25T01:58:42Z</time><sat>33</sat></trkpt>
  <trkpt lat="30.29897828" lon="120.08782724"><ele>1.575</ele><time>2026-04-25T01:58:45Z</time><sat>33</sat></trkpt>
  <trkpt lat="30.29913854" lon="120.08782143"><ele>1.703</ele><time>2026-04-25T01:58:48Z</time><sat>33</sat></trkpt>
  <trkpt lat="30.29926632" lon="120.08781113"><ele>1.996</ele><time>2026-04-25T01:58:51Z</time><sat>31</sat></trkpt>
  <trkpt lat="30.29931496" lon="120.08778287"><ele>2.362</ele><time>2026-04-25T01:58:54Z</time><sat>31</sat></trkpt>
  <trkpt lat="30.29932989" lon="120.08773059"><ele>1.996</ele><time>2026-04-25T01:58:57Z</time><sat>31</sat></trkpt>
  <trkpt lat="30.29932920" lon="120.08770432"><ele>1.837</ele><time>2026-04-25T01:59:00Z</time><sat>30</sat></trkpt>
  <trkpt lat="30.29933106" lon="120.08766600"><ele>1.673</ele><time>2026-04-25T01:59:03Z</time><sat>30</sat></trkpt>
  <trkpt lat="30.29933197" lon="120.08761717"><ele>1.453</ele><time>2026-04-25T01:59:06Z</time><sat>30</sat></trkpt>
  <trkpt lat="30.29933370" lon="120.08760406"><ele>2.409</ele><time>2026-04-25T01:59:09Z</time><sat>32</sat></trkpt>
  <trkpt lat="30.29933294" lon="120.08757301"><ele>3.066</ele><time>2026-04-25T01:59:12Z</time><sat>32</sat></trkpt>
  <trkpt lat="30.29932497" lon="120.08750465"><ele>4.441</ele><time>2026-04-25T01:59:15Z</time><sat>32</sat></trkpt>
  <trkpt lat="30.29932102" lon="120.08744860"><ele>4.796</ele><time>2026-04-25T01:59:18Z</time><sat>32</sat></trkpt>
  <trkpt lat="30.29932242" lon="120.08742866"><ele>5.234</ele><time>2026-04-25T01:59:21Z</time><sat>33</sat></trkpt>
  <trkpt lat="30.29932475" lon="120.08736734"><ele>6.995</ele><time>2026-04-25T01:59:24Z</time><sat>31</sat></trkpt>
  <trkpt lat="30.29932583" lon="120.08733938"><ele>7.142</ele><time>2026-04-25T01:59:27Z</time><sat>31</sat></trkpt>
  <trkpt lat="30.29932433" lon="120.08720209"><ele>8.004</ele><time>2026-04-25T01:59:30Z</time><sat>32</sat></trkpt>
  <trkpt lat="30.29932414" lon="120.08709581"><ele>7.264</ele><time>2026-04-25T01:59:33Z</time><sat>31</sat></trkpt>
  <trkpt lat="30.29932606" lon="120.08705433"><ele>7.102</ele><time>2026-04-25T01:59:36Z</time><sat>31</sat></trkpt>
  <trkpt lat="30.29934808" lon="120.08684069"><ele>6.626</ele><time>2026-04-25T01:59:39Z</time><sat>31</sat></trkpt>
  <trkpt lat="30.29934616" lon="120.08657897"><ele>8.488</ele><time>2026-04-25T01:59:42Z</time><sat>31</sat></trkpt>
  <trkpt lat="30.29936417" lon="120.08624284"><ele>9.607</ele><time>2026-04-25T01:59:45Z</time><sat>31</sat></trkpt>
  <trkpt lat="30.29934708" lon="120.08589513"><ele>10.936</ele><time>2026-04-25T01:59:48Z</time><sat>32</sat></trkpt>
  <trkpt lat="30.29933687" lon="120.08555806"><ele>10.331</ele><time>2026-04-25T01:59:51Z</time><sat>32</sat></trkpt>
  <trkpt lat="30.29932814" lon="120.08526493"><ele>9.803</ele><time>2026-04-25T01:59:54Z</time><sat>32</sat></trkpt>
  <trkpt lat="30.29932029" lon="120.08498831"><ele>9.835</ele><time>2026-04-25T01:59:57Z</time><sat>32</sat></trkpt>
  <trkpt lat="30.29932065" lon="120.08470220"><ele>9.504</ele><time>2026-04-25T02:00:00Z</time><sat>32</sat></trkpt>
  <trkpt lat="30.29932272" lon="120.08442575"><ele>9.758</ele><time>2026-04-25T02:00:03Z</time><sat>31</sat></trkpt>
  <trkpt lat="30.29933061" lon="120.08415329"><ele>9.793</ele><time>2026-04-25T02:00:06Z</time><sat>31</sat></trkpt>
  <trkpt lat="30.29933307" lon="120.08389933"><ele>10.531</ele><time>2026-04-25T02:00:09Z</time><sat>29</sat></trkpt>
  <trkpt lat="30.29933258" lon="120.08368331"><ele>9.095</ele><time>2026-04-25T02:00:12Z</time><sat>29</sat></trkpt>
  <trkpt lat="30.29933593" lon="120.08344274"><ele>10.148</ele><time>2026-04-25T02:00:15Z</time><sat>29</sat></trkpt>
  <trkpt lat="30.29932813" lon="120.08314324"><ele>10.304</ele><time>2026-04-25T02:00:18Z</time><sat>30</sat></trkpt>
  <trkpt lat="30.29932479" lon="120.08288274"><ele>10.902</ele><time>2026-04-25T02:00:21Z</time><sat>30</sat></trkpt>
  <trkpt lat="30.29932846" lon="120.08264399"><ele>10.948</ele><time>2026-04-25T02:00:24Z</time><sat>33</sat></trkpt>
  <trkpt lat="30.29933442" lon="120.08239615"><ele>9.288</ele><time>2026-04-25T02:00:27Z</time><sat>32</sat></trkpt>
  <trkpt lat="30.29934549" lon="120.08213716"><ele>9.338</ele><time>2026-04-25T02:00:30Z</time><sat>33</sat></trkpt>
  <trkpt lat="30.29933013" lon="120.08189610"><ele>9.333</ele><time>2026-04-25T02:00:33Z</time><sat>32</sat></trkpt>
  <trkpt lat="30.29933236" lon="120.08162747"><ele>9.884</ele><time>2026-04-25T02:00:36Z</time><sat>29</sat></trkpt>
  <trkpt lat="30.29933692" lon="120.08135171"><ele>9.691</ele><time>2026-04-25T02:00:39Z</time><sat>29</sat></trkpt>
  <trkpt lat="30.29933503" lon="120.08109109"><ele>10.150</ele><time>2026-04-25T02:00:42Z</time><sat>30</sat></trkpt>
  <trkpt lat="30.29933872" lon="120.08083724"><ele>9.991</ele><time>2026-04-25T02:00:45Z</time><sat>26</sat></trkpt>
  <trkpt lat="30.29933157" lon="120.08058912"><ele>11.198</ele><time>2026-04-25T02:00:48Z</time><sat>27</sat></trkpt>
  <trkpt lat="30.29932208" lon="120.08035848"><ele>11.251</ele><time>2026-04-25T02:00:51Z</time><sat>26</sat></trkpt>
  <trkpt lat="30.29932180" lon="120.08016414"><ele>10.858</ele><time>2026-04-25T02:00:54Z</time><sat>28</sat></trkpt>
  <trkpt lat="30.29932254" lon="120.08006544"><ele>10.655</ele><time>2026-04-25T02:00:57Z</time><sat>31</sat></trkpt>
  <trkpt lat="30.29932543" lon="120.08003043"><ele>10.373</ele><time>2026-04-25T02:01:00Z</time><sat>29</sat></trkpt>
  <trkpt lat="30.29932987" lon="120.08003290"><ele>10.529</ele><time>2026-04-25T02:01:03Z</time><sat>31</sat></trkpt>
  <trkpt lat="30.29933249" lon="120.08003278"><ele>10.460</ele><time>2026-04-25T02:01:06Z</time><sat>28</sat></trkpt>
  <trkpt lat="30.29933537" lon="120.07998016"><ele>10.525</ele><time>2026-04-25T02:01:09Z</time><sat>30</sat></trkpt>
  <trkpt lat="30.29932941" lon="120.07983608"><ele>10.422</ele><time>2026-04-25T02:01:12Z</time><sat>32</sat></trkpt>
  <trkpt lat="30.29933128" lon="120.07973009"><ele>11.102</ele><time>2026-04-25T02:01:15Z</time><sat>33</sat></trkpt>
  <trkpt lat="30.29933661" lon="120.07958674"><ele>9.602</ele><time>2026-04-25T02:01:18Z</time><sat>33</sat></trkpt>
  <trkpt lat="30.29940210" lon="120.07946157"><ele>9.512</ele><time>2026-04-25T02:01:21Z</time><sat>32</sat></trkpt>
  <trkpt lat="30.29957739" lon="120.07942350"><ele>9.355</ele><time>2026-04-25T02:01:24Z</time><sat>32</sat></trkpt>
  <trkpt lat="30.29985013" lon="120.07942658"><ele>8.861</ele><time>2026-04-25T02:01:27Z</time><sat>34</sat></trkpt>
  <trkpt lat="30.30014219" lon="120.07943529"><ele>7.430</ele><time>2026-04-25T02:01:30Z</time><sat>34</sat></trkpt>
  <trkpt lat="30.30040582" lon="120.07943083"><ele>7.035</ele><time>2026-04-25T02:01:33Z</time><sat>32</sat></trkpt>
  <trkpt lat="30.30066941" lon="120.07943734"><ele>7.001</ele><time>2026-04-25T02:01:36Z</time><sat>34</sat></trkpt>
  <trkpt lat="30.30096374" lon="120.07943640"><ele>5.743</ele><time>2026-04-25T02:01:39Z</time><sat>35</sat></trkpt>
  <trkpt lat="30.30125008" lon="120.07943149"><ele>5.452</ele><time>2026-04-25T02:01:42Z</time><sat>36</sat></trkpt>
  <trkpt lat="30.30149530" lon="120.07942545"><ele>5.465</ele><time>2026-04-25T02:01:45Z</time><sat>35</sat></trkpt>
  <trkpt lat="30.30173634" lon="120.07941901"><ele>6.002</ele><time>2026-04-25T02:01:48Z</time><sat>31</sat></trkpt>
  <trkpt lat="30.30195701" lon="120.07942707"><ele>5.908</ele><time>2026-04-25T02:01:51Z</time><sat>30</sat></trkpt>
  <trkpt lat="30.30214823" lon="120.07943918"><ele>7.651</ele><time>2026-04-25T02:01:54Z</time><sat>33</sat></trkpt>
  <trkpt lat="30.30234974" lon="120.07943364"><ele>8.116</ele><time>2026-04-25T02:01:57Z</time><sat>35</sat></trkpt>
  <trkpt lat="30.30257572" lon="120.07944400"><ele>8.768</ele><time>2026-04-25T02:02:00Z</time><sat>35</sat></trkpt>
  <trkpt lat="30.30283182" lon="120.07944766"><ele>9.126</ele><time>2026-04-25T02:02:03Z</time><sat>33</sat></trkpt>
  <trkpt lat="30.30307023" lon="120.07945347"><ele>8.153</ele><time>2026-04-25T02:02:06Z</time><sat>29</sat></trkpt>
  <trkpt lat="30.30325893" lon="120.07944973"><ele>6.562</ele><time>2026-04-25T02:02:09Z</time><sat>29</sat></trkpt>
  <trkpt lat="30.30351567" lon="120.07943672"><ele>7.810</ele><time>2026-04-25T02:02:12Z</time><sat>32</sat></trkpt>
  <trkpt lat="30.30381566" lon="120.07942982"><ele>5.993</ele><time>2026-04-25T02:02:15Z</time><sat>31</sat></trkpt>
  <trkpt lat="30.30411231" lon="120.07943417"><ele>5.401</ele><time>2026-04-25T02:02:18Z</time><sat>29</sat></trkpt>
  <trkpt lat="30.30431586" lon="120.07944925"><ele>6.148</ele><time>2026-04-25T02:02:21Z</time><sat>33</sat></trkpt>
  <trkpt lat="30.30437393" lon="120.07946470"><ele>6.860</ele><time>2026-04-25T02:02:24Z</time><sat>34</sat></trkpt>
  <trkpt lat="30.30437031" lon="120.07946378"><ele>7.804</ele><time>2026-04-25T02:02:27Z</time><sat>35</sat></trkpt>
  <trkpt lat="30.30440953" lon="120.07947776"><ele>9.094</ele><time>2026-04-25T02:02:30Z</time><sat>35</sat></trkpt>
  <trkpt lat="30.30444276" lon="120.07960397"><ele>10.898</ele><time>2026-04-25T02:02:33Z</time><sat>35</sat></trkpt>
  <trkpt lat="30.30446827" lon="120.07977874"><ele>11.245</ele><time>2026-04-25T02:02:36Z</time><sat>33</sat></trkpt>
  <trkpt lat="30.30446265" lon="120.07992799"><ele>9.713</ele><time>2026-04-25T02:02:39Z</time><sat>30</sat></trkpt>
  <trkpt lat="30.30446419" lon="120.08008497"><ele>7.949</ele><time>2026-04-25T02:02:42Z</time><sat>27</sat></trkpt>
  <trkpt lat="30.30446736" lon="120.08024106"><ele>7.996</ele><time>2026-04-25T02:02:45Z</time><sat>23</sat></trkpt>
  <trkpt lat="30.30445885" lon="120.08034164"><ele>7.568</ele><time>2026-04-25T02:02:48Z</time><sat>24</sat></trkpt>
  <trkpt lat="30.30445017" lon="120.08046882"><ele>10.223</ele><time>2026-04-25T02:02:51Z</time><sat>33</sat></trkpt>
  <trkpt lat="30.30443587" lon="120.08057157"><ele>11.179</ele><time>2026-04-25T02:02:54Z</time><sat>35</sat></trkpt>
  <trkpt lat="30.30438891" lon="120.08064768"><ele>9.420</ele><time>2026-04-25T02:02:57Z</time><sat>34</sat></trkpt>
  <trkpt lat="30.30437556" lon="120.08072878"><ele>8.996</ele><time>2026-04-25T02:03:01Z</time><sat>35</sat></trkpt>
  <trkpt lat="30.30437375" lon="120.08077342"><ele>7.813</ele><time>2026-04-25T02:03:04Z</time><sat>34</sat></trkpt>
  <trkpt lat="30.30435905" lon="120.08081599"><ele>7.515</ele><time>2026-04-25T02:03:07Z</time><sat>35</sat></trkpt>
  <trkpt lat="30.30434403" lon="120.08084871"><ele>6.610</ele><time>2026-04-25T02:03:10Z</time><sat>35</sat></trkpt>
  <trkpt lat="30.30433146" lon="120.08086926"><ele>10.303</ele><time>2026-04-25T02:03:13Z</time><sat>35</sat></trkpt>
  <trkpt lat="30.30431502" lon="120.08088683"><ele>12.799</ele><time>2026-04-25T02:03:16Z</time><sat>36</sat></trkpt>
  <trkpt lat="30.30430765" lon="120.08090467"><ele>13.983</ele><time>2026-04-25T02:03:19Z</time><sat>36</sat></trkpt>
  <trkpt lat="30.30431006" lon="120.08092899"><ele>14.321</ele><time>2026-04-25T02:03:22Z</time><sat>37</sat></trkpt>
  <trkpt lat="30.30430273" lon="120.08093634"><ele>15.123</ele><time>2026-04-25T02:03:25Z</time><sat>33</sat></trkpt>
  <trkpt lat="30.30429926" lon="120.08093492"><ele>15.891</ele><time>2026-04-25T02:03:28Z</time><sat>29</sat></trkpt>
  <trkpt lat="30.30429474" lon="120.08092777"><ele>14.842</ele><time>2026-04-25T02:03:31Z</time><sat>20</sat></trkpt>
  <trkpt lat="30.30426215" lon="120.08096273"><ele>14.193</ele><time>2026-04-25T02:03:34Z</time><sat>24</sat></trkpt>
  <trkpt lat="30.30425500" lon="120.08096458"><ele>13.514</ele><time>2026-04-25T02:03:37Z</time><sat>29</sat></trkpt>
  <trkpt lat="30.30425111" lon="120.08096158"><ele>14.111</ele><time>2026-04-25T02:03:40Z</time><sat>30</sat></trkpt>
  <trkpt lat="30.30421469" lon="120.08097421"><ele>11.274</ele><time>2026-04-25T02:03:43Z</time><sat>25</sat></trkpt>
  <trkpt lat="30.30420619" lon="120.08099649"><ele>11.785</ele><time>2026-04-25T02:03:46Z</time><sat>30</sat></trkpt>
  <trkpt lat="30.30419827" lon="120.08100978"><ele>12.147</ele><time>2026-04-25T02:03:49Z</time><sat>32</sat></trkpt>
  <trkpt lat="30.30418815" lon="120.08102653"><ele>11.532</ele><time>2026-04-25T02:03:52Z</time><sat>22</sat></trkpt>
  <trkpt lat="30.30416715" lon="120.08101076"><ele>11.770</ele><time>2026-04-25T02:03:55Z</time><sat>15</sat></trkpt>
  <trkpt lat="30.30414271" lon="120.08099566"><ele>10.212</ele><time>2026-04-25T02:03:58Z</time><sat>21</sat></trkpt>
  <trkpt lat="30.30411061" lon="120.08099818"><ele>10.109</ele><time>2026-04-25T02:04:01Z</time><sat>24</sat></trkpt>
  <trkpt lat="30.30410271" lon="120.08100500"><ele>9.997</ele><time>2026-04-25T02:04:04Z</time><sat>18</sat></trkpt>
  <trkpt lat="30.30411325" lon="120.08101936"><ele>9.742</ele><time>2026-04-25T02:04:07Z</time><sat>12</sat></trkpt>
  <trkpt lat="30.30409478" lon="120.08101775"><ele>9.470</ele><time>2026-04-25T02:04:10Z</time><sat>19</sat></trkpt>
  <trkpt lat="30.30416493" lon="120.08102069"><ele>9.739</ele><time>2026-04-25T02:04:13Z</time><sat>21</sat></trkpt>
  <trkpt lat="30.30418708" lon="120.08102616"><ele>9.685</ele><time>2026-04-25T02:04:16Z</time><sat>19</sat></trkpt>
  <trkpt lat="30.30418743" lon="120.08102829"><ele>9.927</ele><time>2026-04-25T02:04:19Z</time><sat>21</sat></trkpt>
  <trkpt lat="30.30418985" lon="120.08102891"><ele>9.985</ele><time>2026-04-25T02:04:22Z</time><sat>19</sat></trkpt>
  <trkpt lat="30.30419114" lon="120.08102742"><ele>10.300</ele><time>2026-04-25T02:04:25Z</time><sat>17</sat></trkpt>
  <trkpt lat="30.30419135" lon="120.08102706"><ele>10.260</ele><time>2026-04-25T02:04:28Z</time><sat>17</sat></trkpt>
  <trkpt lat="30.30419115" lon="120.08102700"><ele>10.272</ele><time>2026-04-25T02:04:31Z</time><sat>19</sat></trkpt>
  <trkpt lat="30.30419108" lon="120.08102700"><ele>10.272</ele><time>2026-04-25T02:04:34Z</time><sat>15</sat></trkpt>
  <trkpt lat="30.30419108" lon="120.08102701"><ele>10.272</ele><time>2026-04-25T02:04:37Z</time><sat>7</sat></trkpt>
  <trkpt lat="30.30419089" lon="120.08102705"><ele>10.283</ele><time>2026-04-25T02:04:40Z</time><sat>2</sat></trkpt>
  <trkpt lat="30.30419055" lon="120.08102710"><ele>10.283</ele><time>2026-04-25T02:04:43Z</time><sat>5</sat></trkpt>
  <trkpt lat="30.30419046" lon="120.08102711"><ele>10.283</ele><time>2026-04-25T02:04:46Z</time><sat>6</sat></trkpt>
  <trkpt lat="30.30419044" lon="120.08102711"><ele>10.284</ele><time>2026-04-25T02:04:49Z</time><sat>3</sat></trkpt>
  <trkpt lat="30.30419287" lon="120.08102797"><ele>9.987</ele><time>2026-04-25T02:04:52Z</time><sat>2</sat></trkpt>
  <trkpt lat="30.30412039" lon="120.08124182"><ele>5.714</ele><time>2026-04-25T02:04:55Z</time><sat>11</sat></trkpt>
  <trkpt lat="30.30417736" lon="120.08134354"><ele>5.412</ele><time>2026-04-25T02:04:58Z</time><sat>23</sat></trkpt>
  <trkpt lat="30.30423389" lon="120.08132787"><ele>4.704</ele><time>2026-04-25T02:05:01Z</time><sat>24</sat></trkpt>
  <trkpt lat="30.30412349" lon="120.08105674"><ele>9.903</ele><time>2026-04-25T02:06:25Z</time><sat>10</sat></trkpt>
  <trkpt lat="30.30412176" lon="120.08105867"><ele>9.421</ele><time>2026-04-25T02:06:28Z</time><sat>14</sat></trkpt>
  <trkpt lat="30.30412684" lon="120.08105859"><ele>10.141</ele><time>2026-04-25T02:06:31Z</time><sat>15</sat></trkpt>
  <trkpt lat="30.30412849" lon="120.08105794"><ele>10.034</ele><time>2026-04-25T02:06:34Z</time><sat>12</sat></trkpt>
  <trkpt lat="30.30413039" lon="120.08105644"><ele>10.645</ele><time>2026-04-25T02:06:37Z</time><sat>12</sat></trkpt>
  <trkpt lat="30.30413125" lon="120.08105561"><ele>10.644</ele><time>2026-04-25T02:06:40Z</time><sat>10</sat></trkpt>
  <trkpt lat="30.30413161" lon="120.08105510"><ele>10.718</ele><time>2026-04-25T02:06:43Z</time><sat>14</sat></trkpt>
  <trkpt lat="30.30413118" lon="120.08105342"><ele>11.780</ele><time>2026-04-25T02:06:46Z</time><sat>14</sat></trkpt>
  <trkpt lat="30.30412600" lon="120.08105273"><ele>12.177</ele><time>2026-04-25T02:06:49Z</time><sat>14</sat></trkpt>
  <trkpt lat="30.30412430" lon="120.08105297"><ele>11.759</ele><time>2026-04-25T02:06:52Z</time><sat>17</sat></trkpt>
  <trkpt lat="30.30412363" lon="120.08105320"><ele>11.716</ele><time>2026-04-25T02:06:55Z</time><sat>16</sat></trkpt>
  <trkpt lat="30.30412324" lon="120.08105304"><ele>11.762</ele><time>2026-04-25T02:06:58Z</time><sat>13</sat></trkpt>
  <trkpt lat="30.30412327" lon="120.08105309"><ele>11.688</ele><time>2026-04-25T02:07:01Z</time><sat>14</sat></trkpt>
  <trkpt lat="30.30412267" lon="120.08105364"><ele>11.624</ele><time>2026-04-25T02:07:04Z</time><sat>12</sat></trkpt>
  <trkpt lat="30.30412065" lon="120.08105420"><ele>11.492</ele><time>2026-04-25T02:07:07Z</time><sat>14</sat></trkpt>
  <trkpt lat="30.30412493" lon="120.08105249"><ele>11.401</ele><time>2026-04-25T02:07:10Z</time><sat>14</sat></trkpt>
  <trkpt lat="30.30412580" lon="120.08105225"><ele>11.334</ele><time>2026-04-25T02:07:13Z</time><sat>15</sat></trkpt>
  <trkpt lat="30.30412508" lon="120.08105222"><ele>11.221</ele><time>2026-04-25T02:07:16Z</time><sat>15</sat></trkpt>
  <trkpt lat="30.30412202" lon="120.08105184"><ele>11.115</ele><time>2026-04-25T02:07:19Z</time><sat>15</sat></trkpt>
  <trkpt lat="30.30411583" lon="120.08105134"><ele>11.016</ele><time>2026-04-25T02:07:22Z</time><sat>12</sat></trkpt>
  <trkpt lat="30.30411408" lon="120.08105116"><ele>11.006</ele><time>2026-04-25T02:07:25Z</time><sat>12</sat></trkpt>
  <trkpt lat="30.30411865" lon="120.08105058"><ele>11.562</ele><time>2026-04-25T02:07:28Z</time><sat>14</sat></trkpt>
  <trkpt lat="30.30412355" lon="120.08105009"><ele>11.548</ele><time>2026-04-25T02:07:31Z</time><sat>13</sat></trkpt>
  <trkpt lat="30.30412525" lon="120.08105001"><ele>11.570</ele><time>2026-04-25T02:07:34Z</time><sat>12</sat></trkpt>
  <trkpt lat="30.30412666" lon="120.08105009"><ele>11.530</ele><time>2026-04-25T02:07:37Z</time><sat>12</sat></trkpt>
  <trkpt lat="30.30412718" lon="120.08105014"><ele>11.553</ele><time>2026-04-25T02:07:40Z</time><sat>14</sat></trkpt>
  <trkpt lat="30.30412813" lon="120.08105006"><ele>11.558</ele><time>2026-04-25T02:07:43Z</time><sat>14</sat></trkpt>
  <trkpt lat="30.30413029" lon="120.08104965"><ele>11.677</ele><time>2026-04-25T02:07:46Z</time><sat>13</sat></trkpt>
  <trkpt lat="30.30413131" lon="120.08104945"><ele>11.675</ele><time>2026-04-25T02:07:49Z</time><sat>11</sat></trkpt>
  <trkpt lat="30.30413189" lon="120.08104939"><ele>11.669</ele><time>2026-04-25T02:07:52Z</time><sat>13</sat></trkpt>
  <trkpt lat="30.30413214" lon="120.08104916"><ele>11.567</ele><time>2026-04-25T02:07:55Z</time><sat>13</sat></trkpt>
  <trkpt lat="30.30413263" lon="120.08104899"><ele>11.500</ele><time>2026-04-25T02:07:58Z</time><sat>11</sat></trkpt>
  <trkpt lat="30.30413291" lon="120.08104874"><ele>11.404</ele><time>2026-04-25T02:08:01Z</time><sat>10</sat></trkpt>
  <trkpt lat="30.30413314" lon="120.08104863"><ele>11.387</ele><time>2026-04-25T02:08:04Z</time><sat>12</sat></trkpt>
  <trkpt lat="30.30413339" lon="120.08104853"><ele>11.359</ele><time>2026-04-25T02:08:07Z</time><sat>14</sat></trkpt>
  <trkpt lat="30.30413381" lon="120.08104855"><ele>11.370</ele><time>2026-04-25T02:08:10Z</time><sat>12</sat></trkpt>
  <trkpt lat="30.30413384" lon="120.08104860"><ele>11.386</ele><time>2026-04-25T02:08:13Z</time><sat>13</sat></trkpt>
  <trkpt lat="30.30413392" lon="120.08104859"><ele>11.381</ele><time>2026-04-25T02:08:16Z</time><sat>15</sat></trkpt>
  <trkpt lat="30.30413408" lon="120.08104859"><ele>11.392</ele><time>2026-04-25T02:08:19Z</time><sat>15</sat></trkpt>
  <trkpt lat="30.30413417" lon="120.08104852"><ele>11.395</ele><time>2026-04-25T02:08:22Z</time><sat>11</sat></trkpt>
  <trkpt lat="30.30413414" lon="120.08104852"><ele>11.369</ele><time>2026-04-25T02:08:25Z</time><sat>11</sat></trkpt>
  <trkpt lat="30.30413399" lon="120.08104850"><ele>11.389</ele><time>2026-04-25T02:08:28Z</time><sat>14</sat></trkpt>
  <trkpt lat="30.30413389" lon="120.08104847"><ele>11.384</ele><time>2026-04-25T02:08:31Z</time><sat>17</sat></trkpt>
  <trkpt lat="30.30413396" lon="120.08104850"><ele>11.369</ele><time>2026-04-25T02:08:34Z</time><sat>12</sat></trkpt>
  <trkpt lat="30.30413413" lon="120.08104843"><ele>11.295</ele><time>2026-04-25T02:08:37Z</time><sat>13</sat></trkpt>
  <trkpt lat="30.30413318" lon="120.08104850"><ele>11.323</ele><time>2026-04-25T02:08:40Z</time><sat>16</sat></trkpt>
  <trkpt lat="30.30413353" lon="120.08104856"><ele>11.262</ele><time>2026-04-25T02:08:43Z</time><sat>15</sat></trkpt>
  <trkpt lat="30.30413366" lon="120.08104839"><ele>11.186</ele><time>2026-04-25T02:08:46Z</time><sat>12</sat></trkpt>
  <trkpt lat="30.30413376" lon="120.08104825"><ele>11.185</ele><time>2026-04-25T02:08:49Z</time><sat>15</sat></trkpt>
  <trkpt lat="30.30413359" lon="120.08104823"><ele>11.221</ele><time>2026-04-25T02:08:52Z</time><sat>18</sat></trkpt>
  <trkpt lat="30.30413125" lon="120.08104809"><ele>11.289</ele><time>2026-04-25T02:08:55Z</time><sat>15</sat></trkpt>
  <trkpt lat="30.30412945" lon="120.08104790"><ele>11.318</ele><time>2026-04-25T02:08:58Z</time><sat>13</sat></trkpt>
  <trkpt lat="30.30412900" lon="120.08104769"><ele>11.227</ele><time>2026-04-25T02:09:01Z</time><sat>15</sat></trkpt>
  <trkpt lat="30.30412862" lon="120.08104766"><ele>11.267</ele><time>2026-04-25T02:09:04Z</time><sat>17</sat></trkpt>
  <trkpt lat="30.30412860" lon="120.08104771"><ele>11.257</ele><time>2026-04-25T02:09:07Z</time><sat>13</sat></trkpt>
  <trkpt lat="30.30412883" lon="120.08104774"><ele>11.276</ele><time>2026-04-25T02:09:10Z</time><sat>12</sat></trkpt>
  <trkpt lat="30.30412960" lon="120.08104769"><ele>11.146</ele><time>2026-04-25T02:09:13Z</time><sat>12</sat></trkpt>
  <trkpt lat="30.30412972" lon="120.08104768"><ele>11.134</ele><time>2026-04-25T02:09:16Z</time><sat>12</sat></trkpt>
  <trkpt lat="30.30412980" lon="120.08104767"><ele>11.139</ele><time>2026-04-25T02:09:19Z</time><sat>10</sat></trkpt>
  <trkpt lat="30.30412963" lon="120.08104765"><ele>11.152</ele><time>2026-04-25T02:09:22Z</time><sat>11</sat></trkpt>
  <trkpt lat="30.30412961" lon="120.08104763"><ele>11.160</ele><time>2026-04-25T02:09:25Z</time><sat>12</sat></trkpt>
  <trkpt lat="30.30412956" lon="120.08104762"><ele>11.161</ele><time>2026-04-25T02:09:28Z</time><sat>11</sat></trkpt>
  <trkpt lat="30.30412956" lon="120.08104761"><ele>11.160</ele><time>2026-04-25T02:09:31Z</time><sat>12</sat></trkpt>
  <trkpt lat="30.30413311" lon="120.08104780"><ele>11.218</ele><time>2026-04-25T02:09:34Z</time><sat>13</sat></trkpt>
  <trkpt lat="30.30413617" lon="120.08104798"><ele>11.208</ele><time>2026-04-25T02:09:37Z</time><sat>15</sat></trkpt>
  <trkpt lat="30.30413691" lon="120.08104802"><ele>11.198</ele><time>2026-04-25T02:09:40Z</time><sat>12</sat></trkpt>
  <trkpt lat="30.30413782" lon="120.08104811"><ele>11.173</ele><time>2026-04-25T02:09:43Z</time><sat>9</sat></trkpt>
  <trkpt lat="30.30414004" lon="120.08104804"><ele>11.017</ele><time>2026-04-25T02:09:46Z</time><sat>13</sat></trkpt>
  <trkpt lat="30.30414252" lon="120.08104820"><ele>10.967</ele><time>2026-04-25T02:09:49Z</time><sat>14</sat></trkpt>
  <trkpt lat="30.30414300" lon="120.08104826"><ele>10.946</ele><time>2026-04-25T02:09:52Z</time><sat>13</sat></trkpt>
  <trkpt lat="30.30414327" lon="120.08104832"><ele>10.905</ele><time>2026-04-25T02:09:55Z</time><sat>12</sat></trkpt>
  <trkpt lat="30.30414344" lon="120.08104826"><ele>10.932</ele><time>2026-04-25T02:09:58Z</time><sat>14</sat></trkpt>
  <trkpt lat="30.30414442" lon="120.08104782"><ele>10.925</ele><time>2026-04-25T02:10:01Z</time><sat>13</sat></trkpt>
  <trkpt lat="30.30414495" lon="120.08104780"><ele>10.898</ele><time>2026-04-25T02:10:04Z</time><sat>15</sat></trkpt>
  <trkpt lat="30.30414523" lon="120.08104781"><ele>10.868</ele><time>2026-04-25T02:10:07Z</time><sat>16</sat></trkpt>
  <trkpt lat="30.30414553" lon="120.08104784"><ele>10.852</ele><time>2026-04-25T02:10:10Z</time><sat>13</sat></trkpt>
  <trkpt lat="30.30414543" lon="120.08104786"><ele>10.840</ele><time>2026-04-25T02:10:13Z</time><sat>13</sat></trkpt>
  <trkpt lat="30.30414529" lon="120.08104782"><ele>10.820</ele><time>2026-04-25T02:10:16Z</time><sat>14</sat></trkpt>
  <trkpt lat="30.30414543" lon="120.08104774"><ele>10.837</ele><time>2026-04-25T02:10:19Z</time><sat>14</sat></trkpt>
  <trkpt lat="30.30414562" lon="120.08104780"><ele>10.775</ele><time>2026-04-25T02:10:22Z</time><sat>14</sat></trkpt>
  <trkpt lat="30.30414594" lon="120.08104779"><ele>10.709</ele><time>2026-04-25T02:10:25Z</time><sat>15</sat></trkpt>
  <trkpt lat="30.30414599" lon="120.08104770"><ele>10.738</ele><time>2026-04-25T02:10:28Z</time><sat>14</sat></trkpt>
  <trkpt lat="30.30414636" lon="120.08104766"><ele>10.767</ele><time>2026-04-25T02:10:31Z</time><sat>13</sat></trkpt>
  <trkpt lat="30.30414653" lon="120.08104770"><ele>10.721</ele><time>2026-04-25T02:10:34Z</time><sat>12</sat></trkpt>
  <trkpt lat="30.30414659" lon="120.08104772"><ele>10.710</ele><time>2026-04-25T02:10:37Z</time><sat>13</sat></trkpt>
  <trkpt lat="30.30414669" lon="120.08104779"><ele>10.666</ele><time>2026-04-25T02:10:40Z</time><sat>13</sat></trkpt>
  <trkpt lat="30.30414703" lon="120.08104785"><ele>10.665</ele><time>2026-04-25T02:10:43Z</time><sat>11</sat></trkpt>
  <trkpt lat="30.30414714" lon="120.08104790"><ele>10.625</ele><time>2026-04-25T02:10:46Z</time><sat>11</sat></trkpt>
  <trkpt lat="30.30414723" lon="120.08104798"><ele>10.599</ele><time>2026-04-25T02:10:49Z</time><sat>11</sat></trkpt>
  <trkpt lat="30.30414693" lon="120.08104804"><ele>10.566</ele><time>2026-04-25T02:10:52Z</time><sat>11</sat></trkpt>
  <trkpt lat="30.30414691" lon="120.08104818"><ele>10.504</ele><time>2026-04-25T02:10:55Z</time><sat>13</sat></trkpt>
  <trkpt lat="30.30414704" lon="120.08104830"><ele>10.499</ele><time>2026-04-25T02:10:58Z</time><sat>13</sat></trkpt>
  <trkpt lat="30.30414711" lon="120.08104827"><ele>10.520</ele><time>2026-04-25T02:11:01Z</time><sat>13</sat></trkpt>
  <trkpt lat="30.30415165" lon="120.08104828"><ele>10.697</ele><time>2026-04-25T02:11:04Z</time><sat>12</sat></trkpt>
  <trkpt lat="30.30415261" lon="120.08104834"><ele>10.695</ele><time>2026-04-25T02:11:07Z</time><sat>14</sat></trkpt>
  <trkpt lat="30.30415268" lon="120.08104830"><ele>10.691</ele><time>2026-04-25T02:11:10Z</time><sat>13</sat></trkpt>
  <trkpt lat="30.30415300" lon="120.08104834"><ele>10.661</ele><time>2026-04-25T02:11:13Z</time><sat>11</sat></trkpt>
  <trkpt lat="30.30415319" lon="120.08104839"><ele>10.633</ele><time>2026-04-25T02:11:16Z</time><sat>13</sat></trkpt>
  <trkpt lat="30.30415318" lon="120.08104843"><ele>10.595</ele><time>2026-04-25T02:11:19Z</time><sat>12</sat></trkpt>
  <trkpt lat="30.30415316" lon="120.08104839"><ele>10.590</ele><time>2026-04-25T02:11:22Z</time><sat>9</sat></trkpt>
  <trkpt lat="30.30415315" lon="120.08104835"><ele>10.584</ele><time>2026-04-25T02:11:25Z</time><sat>10</sat></trkpt>
  <trkpt lat="30.30415311" lon="120.08104838"><ele>10.570</ele><time>2026-04-25T02:11:28Z</time><sat>11</sat></trkpt>
  <trkpt lat="30.30415315" lon="120.08104841"><ele>10.550</ele><time>2026-04-25T02:11:31Z</time><sat>12</sat></trkpt>
  <trkpt lat="30.30415315" lon="120.08104839"><ele>10.568</ele><time>2026-04-25T02:11:34Z</time><sat>8</sat></trkpt>
  <trkpt lat="30.30415303" lon="120.08104834"><ele>10.609</ele><time>2026-04-25T02:11:37Z</time><sat>10</sat></trkpt>
  <trkpt lat="30.30415301" lon="120.08104834"><ele>10.599</ele><time>2026-04-25T02:11:40Z</time><sat>14</sat></trkpt>
  <trkpt lat="30.30415305" lon="120.08104836"><ele>10.570</ele><time>2026-04-25T02:11:43Z</time><sat>13</sat></trkpt>
  <trkpt lat="30.30415305" lon="120.08104837"><ele>10.564</ele><time>2026-04-25T02:11:46Z</time><sat>10</sat></trkpt>
  <trkpt lat="30.30415307" lon="120.08104840"><ele>10.553</ele><time>2026-04-25T02:11:49Z</time><sat>13</sat></trkpt>
  <trkpt lat="30.30415309" lon="120.08104840"><ele>10.545</ele><time>2026-04-25T02:11:52Z</time><sat>15</sat></trkpt>
  <trkpt lat="30.30415312" lon="120.08104840"><ele>10.543</ele><time>2026-04-25T02:11:55Z</time><sat>11</sat></trkpt>
  <trkpt lat="30.30415312" lon="120.08104841"><ele>10.534</ele><time>2026-04-25T02:11:58Z</time><sat>9</sat></trkpt>
  <trkpt lat="30.30415313" lon="120.08104841"><ele>10.530</ele><time>2026-04-25T02:12:01Z</time><sat>11</sat></trkpt>
  <trkpt lat="30.30415308" lon="120.08104840"><ele>10.534</ele><time>2026-04-25T02:12:04Z</time><sat>14</sat></trkpt>
  <trkpt lat="30.30415309" lon="120.08104841"><ele>10.518</ele><time>2026-04-25T02:12:07Z</time><sat>11</sat></trkpt>
  <trkpt lat="30.30415316" lon="120.08104846"><ele>10.489</ele><time>2026-04-25T02:12:10Z</time><sat>8</sat></trkpt>
  <trkpt lat="30.30415318" lon="120.08104847"><ele>10.485</ele><time>2026-04-25T02:12:13Z</time><sat>14</sat></trkpt>
  <trkpt lat="30.30415321" lon="120.08104848"><ele>10.472</ele><time>2026-04-25T02:12:16Z</time><sat>14</sat></trkpt>
  <trkpt lat="30.30415329" lon="120.08104854"><ele>10.447</ele><time>2026-04-25T02:12:19Z</time><sat>10</sat></trkpt>
  <trkpt lat="30.30415330" lon="120.08104855"><ele>10.450</ele><time>2026-04-25T02:12:22Z</time><sat>12</sat></trkpt>
  <trkpt lat="30.30415342" lon="120.08104864"><ele>10.396</ele><time>2026-04-25T02:12:25Z</time><sat>13</sat></trkpt>
  <trkpt lat="30.30415343" lon="120.08104866"><ele>10.400</ele><time>2026-04-25T02:12:28Z</time><sat>11</sat></trkpt>
  <trkpt lat="30.30415333" lon="120.08104862"><ele>10.410</ele><time>2026-04-25T02:12:31Z</time><sat>13</sat></trkpt>
  <trkpt lat="30.30415331" lon="120.08104862"><ele>10.403</ele><time>2026-04-25T02:12:34Z</time><sat>15</sat></trkpt>
  <trkpt lat="30.30415380" lon="120.08104861"><ele>10.367</ele><time>2026-04-25T02:12:37Z</time><sat>13</sat></trkpt>
  <trkpt lat="30.30415377" lon="120.08104861"><ele>10.391</ele><time>2026-04-25T02:12:40Z</time><sat>12</sat></trkpt>
  <trkpt lat="30.30415372" lon="120.08104861"><ele>10.356</ele><time>2026-04-25T02:12:43Z</time><sat>14</sat></trkpt>
  <trkpt lat="30.30415229" lon="120.08104860"><ele>10.427</ele><time>2026-04-25T02:12:46Z</time><sat>14</sat></trkpt>
  <trkpt lat="30.30415163" lon="120.08104863"><ele>10.409</ele><time>2026-04-25T02:12:49Z</time><sat>12</sat></trkpt>
  <trkpt lat="30.30415099" lon="120.08104864"><ele>10.440</ele><time>2026-04-25T02:12:52Z</time><sat>11</sat></trkpt>
  <trkpt lat="30.30415070" lon="120.08104862"><ele>10.413</ele><time>2026-04-25T02:12:55Z</time><sat>13</sat></trkpt>
  <trkpt lat="30.30414956" lon="120.08104859"><ele>10.523</ele><time>2026-04-25T02:12:58Z</time><sat>12</sat></trkpt>
  <trkpt lat="30.30414819" lon="120.08104855"><ele>10.667</ele><time>2026-04-25T02:13:01Z</time><sat>13</sat></trkpt>
  <trkpt lat="30.30414758" lon="120.08104852"><ele>10.671</ele><time>2026-04-25T02:13:04Z</time><sat>14</sat></trkpt>
  <trkpt lat="30.30414743" lon="120.08104852"><ele>10.684</ele><time>2026-04-25T02:13:07Z</time><sat>12</sat></trkpt>
  <trkpt lat="30.30414622" lon="120.08104854"><ele>10.752</ele><time>2026-04-25T02:13:10Z</time><sat>14</sat></trkpt>
  <trkpt lat="30.30414565" lon="120.08104857"><ele>10.738</ele><time>2026-04-25T02:13:13Z</time><sat>16</sat></trkpt>
  <trkpt lat="30.30414568" lon="120.08104872"><ele>10.665</ele><time>2026-04-25T02:13:16Z</time><sat>15</sat></trkpt>
  <trkpt lat="30.30414582" lon="120.08104887"><ele>10.611</ele><time>2026-04-25T02:13:19Z</time><sat>11</sat></trkpt>
  <trkpt lat="30.30414597" lon="120.08104894"><ele>10.581</ele><time>2026-04-25T02:13:22Z</time><sat>12</sat></trkpt>
  <trkpt lat="30.30414718" lon="120.08104901"><ele>10.396</ele><time>2026-04-25T02:13:25Z</time><sat>13</sat></trkpt>
  <trkpt lat="30.30414737" lon="120.08104901"><ele>10.400</ele><time>2026-04-25T02:13:28Z</time><sat>9</sat></trkpt>
  <trkpt lat="30.30414746" lon="120.08104903"><ele>10.391</ele><time>2026-04-25T02:13:31Z</time><sat>10</sat></trkpt>
  <trkpt lat="30.30414752" lon="120.08104901"><ele>10.386</ele><time>2026-04-25T02:13:34Z</time><sat>9</sat></trkpt>
  <trkpt lat="30.30414757" lon="120.08104902"><ele>10.366</ele><time>2026-04-25T02:13:37Z</time><sat>11</sat></trkpt>
  <trkpt lat="30.30414754" lon="120.08104894"><ele>10.407</ele><time>2026-04-25T02:13:40Z</time><sat>12</sat></trkpt>
  <trkpt lat="30.30414754" lon="120.08104891"><ele>10.404</ele><time>2026-04-25T02:13:43Z</time><sat>10</sat></trkpt>
  <trkpt lat="30.30414761" lon="120.08104893"><ele>10.392</ele><time>2026-04-25T02:13:46Z</time><sat>11</sat></trkpt>
  <trkpt lat="30.30414752" lon="120.08104896"><ele>10.325</ele><time>2026-04-25T02:13:49Z</time><sat>12</sat></trkpt>
  <trkpt lat="30.30414746" lon="120.08104901"><ele>10.307</ele><time>2026-04-25T02:13:52Z</time><sat>12</sat></trkpt>
  <trkpt lat="30.30414761" lon="120.08104905"><ele>10.300</ele><time>2026-04-25T02:13:55Z</time><sat>12</sat></trkpt>
  <trkpt lat="30.30414762" lon="120.08104903"><ele>10.303</ele><time>2026-04-25T02:13:58Z</time><sat>13</sat></trkpt>
  <trkpt lat="30.30414750" lon="120.08104895"><ele>10.346</ele><time>2026-04-25T02:14:01Z</time><sat>14</sat></trkpt>
  <trkpt lat="30.30414745" lon="120.08104892"><ele>10.349</ele><time>2026-04-25T02:14:04Z</time><sat>14</sat></trkpt>
  <trkpt lat="30.30414746" lon="120.08104893"><ele>10.346</ele><time>2026-04-25T02:14:07Z</time><sat>12</sat></trkpt>
  <trkpt lat="30.30414747" lon="120.08104897"><ele>10.341</ele><time>2026-04-25T02:14:10Z</time><sat>10</sat></trkpt>
  <trkpt lat="30.30414739" lon="120.08104890"><ele>10.391</ele><time>2026-04-25T02:14:13Z</time><sat>12</sat></trkpt>
  <trkpt lat="30.30414719" lon="120.08104879"><ele>10.411</ele><time>2026-04-25T02:14:16Z</time><sat>14</sat></trkpt>
  <trkpt lat="30.30414711" lon="120.08104874"><ele>10.429</ele><time>2026-04-25T02:14:19Z</time><sat>12</sat></trkpt>
  <trkpt lat="30.30414686" lon="120.08104868"><ele>10.442</ele><time>2026-04-25T02:14:22Z</time><sat>11</sat></trkpt>
  <trkpt lat="30.30414675" lon="120.08104865"><ele>10.477</ele><time>2026-04-25T02:14:25Z</time><sat>12</sat></trkpt>
  <trkpt lat="30.30414673" lon="120.08104865"><ele>10.478</ele><time>2026-04-25T02:14:28Z</time><sat>12</sat></trkpt>
  <trkpt lat="30.30414670" lon="120.08104865"><ele>10.481</ele><time>2026-04-25T02:14:31Z</time><sat>12</sat></trkpt>
  <trkpt lat="30.30414671" lon="120.08104868"><ele>10.484</ele><time>2026-04-25T02:14:34Z</time><sat>12</sat></trkpt>
  <trkpt lat="30.30414665" lon="120.08104866"><ele>10.489</ele><time>2026-04-25T02:14:37Z</time><sat>10</sat></trkpt>
  <trkpt lat="30.30414661" lon="120.08104865"><ele>10.473</ele><time>2026-04-25T02:14:40Z</time><sat>10</sat></trkpt>
  <trkpt lat="30.30414662" lon="120.08104865"><ele>10.463</ele><time>2026-04-25T02:14:43Z</time><sat>13</sat></trkpt>
  <trkpt lat="30.30414664" lon="120.08104864"><ele>10.437</ele><time>2026-04-25T02:14:46Z</time><sat>11</sat></trkpt>
  <trkpt lat="30.30414662" lon="120.08104869"><ele>10.444</ele><time>2026-04-25T02:14:49Z</time><sat>8</sat></trkpt>
  <trkpt lat="30.30414660" lon="120.08104868"><ele>10.462</ele><time>2026-04-25T02:14:52Z</time><sat>10</sat></trkpt>
  <trkpt lat="30.30414628" lon="120.08104866"><ele>10.487</ele><time>2026-04-25T02:14:55Z</time><sat>9</sat></trkpt>
  <trkpt lat="30.30414606" lon="120.08104866"><ele>10.491</ele><time>2026-04-25T02:14:58Z</time><sat>9</sat></trkpt>
  <trkpt lat="30.30414605" lon="120.08104872"><ele>10.482</ele><time>2026-04-25T02:15:01Z</time><sat>10</sat></trkpt>
  <trkpt lat="30.30414592" lon="120.08104886"><ele>10.448</ele><time>2026-04-25T02:15:04Z</time><sat>11</sat></trkpt>
  <trkpt lat="30.30414586" lon="120.08104889"><ele>10.441</ele><time>2026-04-25T02:15:07Z</time><sat>10</sat></trkpt>
  <trkpt lat="30.30414570" lon="120.08104881"><ele>10.416</ele><time>2026-04-25T02:15:10Z</time><sat>10</sat></trkpt>
  <trkpt lat="30.30414565" lon="120.08104879"><ele>10.413</ele><time>2026-04-25T02:15:13Z</time><sat>11</sat></trkpt>
  <trkpt lat="30.30414541" lon="120.08104863"><ele>10.352</ele><time>2026-04-25T02:15:16Z</time><sat>11</sat></trkpt>
  <trkpt lat="30.30414502" lon="120.08104845"><ele>10.294</ele><time>2026-04-25T02:15:19Z</time><sat>11</sat></trkpt>
  <trkpt lat="30.30414468" lon="120.08104828"><ele>10.303</ele><time>2026-04-25T02:15:22Z</time><sat>11</sat></trkpt>
  <trkpt lat="30.30414466" lon="120.08104826"><ele>10.292</ele><time>2026-04-25T02:15:25Z</time><sat>12</sat></trkpt>
  <trkpt lat="30.30414465" lon="120.08104823"><ele>10.263</ele><time>2026-04-25T02:15:28Z</time><sat>11</sat></trkpt>
  <trkpt lat="30.30414476" lon="120.08104824"><ele>10.258</ele><time>2026-04-25T02:15:31Z</time><sat>9</sat></trkpt>
  <trkpt lat="30.30414474" lon="120.08104824"><ele>10.247</ele><time>2026-04-25T02:15:34Z</time><sat>10</sat></trkpt>
  <trkpt lat="30.30414452" lon="120.08104819"><ele>10.245</ele><time>2026-04-25T02:15:37Z</time><sat>12</sat></trkpt>
  <trkpt lat="30.30414440" lon="120.08104812"><ele>10.263</ele><time>2026-04-25T02:15:40Z</time><sat>12</sat></trkpt>
  <trkpt lat="30.30414429" lon="120.08104800"><ele>10.259</ele><time>2026-04-25T02:15:43Z</time><sat>12</sat></trkpt>
  <trkpt lat="30.30414433" lon="120.08104801"><ele>10.259</ele><time>2026-04-25T02:15:46Z</time><sat>11</sat></trkpt>
  <trkpt lat="30.30414437" lon="120.08104801"><ele>10.245</ele><time>2026-04-25T02:15:49Z</time><sat>13</sat></trkpt>
  <trkpt lat="30.30414440" lon="120.08104803"><ele>10.212</ele><time>2026-04-25T02:15:52Z</time><sat>13</sat></trkpt>
  <trkpt lat="30.30414444" lon="120.08104804"><ele>10.190</ele><time>2026-04-25T02:15:55Z</time><sat>8</sat></trkpt>
  <trkpt lat="30.30414441" lon="120.08104805"><ele>10.189</ele><time>2026-04-25T02:15:58Z</time><sat>8</sat></trkpt>
  <trkpt lat="30.30414436" lon="120.08104803"><ele>10.192</ele><time>2026-04-25T02:16:01Z</time><sat>13</sat></trkpt>
  <trkpt lat="30.30414436" lon="120.08104803"><ele>10.192</ele><time>2026-04-25T02:16:04Z</time><sat>14</sat></trkpt>
  <trkpt lat="30.30414433" lon="120.08104802"><ele>10.190</ele><time>2026-04-25T02:16:07Z</time><sat>8</sat></trkpt>
  <trkpt lat="30.30414444" lon="120.08104808"><ele>10.211</ele><time>2026-04-25T02:16:10Z</time><sat>9</sat></trkpt>
  <trkpt lat="30.30414454" lon="120.08104814"><ele>10.204</ele><time>2026-04-25T02:16:13Z</time><sat>13</sat></trkpt>
  <trkpt lat="30.30414456" lon="120.08104818"><ele>10.184</ele><time>2026-04-25T02:16:16Z</time><sat>16</sat></trkpt>
  <trkpt lat="30.30414458" lon="120.08104817"><ele>10.195</ele><time>2026-04-25T02:16:19Z</time><sat>13</sat></trkpt>
  <trkpt lat="30.30414456" lon="120.08104814"><ele>10.185</ele><time>2026-04-25T02:16:22Z</time><sat>11</sat></trkpt>
  <trkpt lat="30.30414438" lon="120.08104796"><ele>10.217</ele><time>2026-04-25T02:16:25Z</time><sat>14</sat></trkpt>
  <trkpt lat="30.30414433" lon="120.08104784"><ele>10.204</ele><time>2026-04-25T02:16:28Z</time><sat>15</sat></trkpt>
  <trkpt lat="30.30414395" lon="120.08104765"><ele>10.266</ele><time>2026-04-25T02:16:31Z</time><sat>15</sat></trkpt>
  <trkpt lat="30.30414376" lon="120.08104748"><ele>10.265</ele><time>2026-04-25T02:16:34Z</time><sat>16</sat></trkpt>
  <trkpt lat="30.30414381" lon="120.08104750"><ele>10.248</ele><time>2026-04-25T02:16:37Z</time><sat>15</sat></trkpt>
  <trkpt lat="30.30414390" lon="120.08104755"><ele>10.249</ele><time>2026-04-25T02:16:40Z</time><sat>14</sat></trkpt>
  <trkpt lat="30.30414393" lon="120.08104752"><ele>10.260</ele><time>2026-04-25T02:16:43Z</time><sat>14</sat></trkpt>
  <trkpt lat="30.30414394" lon="120.08104756"><ele>10.255</ele><time>2026-04-25T02:16:46Z</time><sat>14</sat></trkpt>
  <trkpt lat="30.30414403" lon="120.08104763"><ele>10.240</ele><time>2026-04-25T02:16:49Z</time><sat>14</sat></trkpt>
  <trkpt lat="30.30414394" lon="120.08104768"><ele>10.226</ele><time>2026-04-25T02:16:52Z</time><sat>13</sat></trkpt>
  <trkpt lat="30.30414389" lon="120.08104768"><ele>10.232</ele><time>2026-04-25T02:16:55Z</time><sat>14</sat></trkpt>
  <trkpt lat="30.30414406" lon="120.08104759"><ele>10.219</ele><time>2026-04-25T02:16:58Z</time><sat>15</sat></trkpt>
  <trkpt lat="30.30414407" lon="120.08104758"><ele>10.223</ele><time>2026-04-25T02:17:01Z</time><sat>16</sat></trkpt>
  <trkpt lat="30.30414401" lon="120.08104761"><ele>10.240</ele><time>2026-04-25T02:17:04Z</time><sat>13</sat></trkpt>
  <trkpt lat="30.30414399" lon="120.08104761"><ele>10.244</ele><time>2026-04-25T02:17:07Z</time><sat>12</sat></trkpt>
  <trkpt lat="30.30414431" lon="120.08104790"><ele>10.061</ele><time>2026-04-25T02:17:10Z</time><sat>15</sat></trkpt>
  <trkpt lat="30.30414433" lon="120.08104799"><ele>10.021</ele><time>2026-04-25T02:17:13Z</time><sat>15</sat></trkpt>
  <trkpt lat="30.30414433" lon="120.08104809"><ele>10.008</ele><time>2026-04-25T02:17:16Z</time><sat>15</sat></trkpt>
  <trkpt lat="30.30414440" lon="120.08104819"><ele>9.995</ele><time>2026-04-25T02:17:19Z</time><sat>15</sat></trkpt>
  <trkpt lat="30.30414428" lon="120.08104811"><ele>10.044</ele><time>2026-04-25T02:17:22Z</time><sat>13</sat></trkpt>
  <trkpt lat="30.30414421" lon="120.08104803"><ele>10.100</ele><time>2026-04-25T02:17:25Z</time><sat>15</sat></trkpt>
  <trkpt lat="30.30414421" lon="120.08104799"><ele>10.128</ele><time>2026-04-25T02:17:28Z</time><sat>17</sat></trkpt>
  <trkpt lat="30.30414420" lon="120.08104795"><ele>10.106</ele><time>2026-04-25T02:17:31Z</time><sat>15</sat></trkpt>
  <trkpt lat="30.30414457" lon="120.08104800"><ele>10.167</ele><time>2026-04-25T02:17:34Z</time><sat>12</sat></trkpt>
  <trkpt lat="30.30414468" lon="120.08104796"><ele>10.162</ele><time>2026-04-25T02:17:37Z</time><sat>14</sat></trkpt>
  <trkpt lat="30.30414463" lon="120.08104791"><ele>10.143</ele><time>2026-04-25T02:17:40Z</time><sat>17</sat></trkpt>
  <trkpt lat="30.30414465" lon="120.08104792"><ele>10.140</ele><time>2026-04-25T02:17:43Z</time><sat>13</sat></trkpt>
  <trkpt lat="30.30414498" lon="120.08104803"><ele>10.057</ele><time>2026-04-25T02:17:46Z</time><sat>11</sat></trkpt>
  <trkpt lat="30.30414498" lon="120.08104787"><ele>10.229</ele><time>2026-04-25T02:17:49Z</time><sat>15</sat></trkpt>
  <trkpt lat="30.30414477" lon="120.08104768"><ele>10.227</ele><time>2026-04-25T02:17:52Z</time><sat>16</sat></trkpt>
  <trkpt lat="30.30414479" lon="120.08104766"><ele>10.228</ele><time>2026-04-25T02:17:55Z</time><sat>14</sat></trkpt>
  <trkpt lat="30.30414476" lon="120.08104764"><ele>10.221</ele><time>2026-04-25T02:17:58Z</time><sat>16</sat></trkpt>
  <trkpt lat="30.30414470" lon="120.08104761"><ele>10.211</ele><time>2026-04-25T02:18:01Z</time><sat>17</sat></trkpt>
  <trkpt lat="30.30414470" lon="120.08104759"><ele>10.195</ele><time>2026-04-25T02:18:04Z</time><sat>13</sat></trkpt>
  <trkpt lat="30.30414518" lon="120.08104773"><ele>10.211</ele><time>2026-04-25T02:18:07Z</time><sat>9</sat></trkpt>
  <trkpt lat="30.30414524" lon="120.08104775"><ele>10.205</ele><time>2026-04-25T02:18:10Z</time><sat>13</sat></trkpt>
  <trkpt lat="30.30414495" lon="120.08104762"><ele>10.259</ele><time>2026-04-25T02:18:13Z</time><sat>15</sat></trkpt>
  <trkpt lat="30.30414461" lon="120.08104743"><ele>10.300</ele><time>2026-04-25T02:18:16Z</time><sat>14</sat></trkpt>
  <trkpt lat="30.30414419" lon="120.08104734"><ele>10.277</ele><time>2026-04-25T02:18:19Z</time><sat>10</sat></trkpt>
  <trkpt lat="30.30414411" lon="120.08104729"><ele>10.269</ele><time>2026-04-25T02:18:22Z</time><sat>14</sat></trkpt>
  <trkpt lat="30.30414418" lon="120.08104730"><ele>10.229</ele><time>2026-04-25T02:18:25Z</time><sat>17</sat></trkpt>
  <trkpt lat="30.30414419" lon="120.08104727"><ele>10.219</ele><time>2026-04-25T02:18:28Z</time><sat>12</sat></trkpt>
  <trkpt lat="30.30414367" lon="120.08104706"><ele>10.215</ele><time>2026-04-25T02:18:31Z</time><sat>9</sat></trkpt>
  <trkpt lat="30.30414355" lon="120.08104695"><ele>10.194</ele><time>2026-04-25T02:18:34Z</time><sat>15</sat></trkpt>
  <trkpt lat="30.30414352" lon="120.08104690"><ele>10.176</ele><time>2026-04-25T02:18:37Z</time><sat>18</sat></trkpt>
  <trkpt lat="30.30414352" lon="120.08104687"><ele>10.164</ele><time>2026-04-25T02:18:40Z</time><sat>13</sat></trkpt>
  <trkpt lat="30.30414321" lon="120.08104678"><ele>10.177</ele><time>2026-04-25T02:18:43Z</time><sat>12</sat></trkpt>
  <trkpt lat="30.30414309" lon="120.08104674"><ele>10.171</ele><time>2026-04-25T02:18:46Z</time><sat>16</sat></trkpt>
  <trkpt lat="30.30414308" lon="120.08104672"><ele>10.168</ele><time>2026-04-25T02:18:49Z</time><sat>18</sat></trkpt>
  <trkpt lat="30.30414307" lon="120.08104673"><ele>10.167</ele><time>2026-04-25T02:18:52Z</time><sat>15</sat></trkpt>
  <trkpt lat="30.30414306" lon="120.08104672"><ele>10.167</ele><time>2026-04-25T02:18:55Z</time><sat>14</sat></trkpt>
  <trkpt lat="30.30414297" lon="120.08104669"><ele>10.166</ele><time>2026-04-25T02:18:58Z</time><sat>16</sat></trkpt>
  <trkpt lat="30.30414294" lon="120.08104669"><ele>10.158</ele><time>2026-04-25T02:19:01Z</time><sat>16</sat></trkpt>
  <trkpt lat="30.30414295" lon="120.08104667"><ele>10.151</ele><time>2026-04-25T02:19:04Z</time><sat>14</sat></trkpt>
  <trkpt lat="30.30414265" lon="120.08104660"><ele>10.152</ele><time>2026-04-25T02:19:07Z</time><sat>13</sat></trkpt>
  <trkpt lat="30.30414257" lon="120.08104658"><ele>10.142</ele><time>2026-04-25T02:19:10Z</time><sat>15</sat></trkpt>
  <trkpt lat="30.30414257" lon="120.08104660"><ele>10.133</ele><time>2026-04-25T02:19:13Z</time><sat>16</sat></trkpt>
  <trkpt lat="30.30414249" lon="120.08104662"><ele>10.122</ele><time>2026-04-25T02:19:16Z</time><sat>13</sat></trkpt>
  <trkpt lat="30.30414200" lon="120.08104655"><ele>10.125</ele><time>2026-04-25T02:19:19Z</time><sat>12</sat></trkpt>
  <trkpt lat="30.30414203" lon="120.08104650"><ele>10.133</ele><time>2026-04-25T02:19:22Z</time><sat>14</sat></trkpt>
  <trkpt lat="30.30414208" lon="120.08104648"><ele>10.129</ele><time>2026-04-25T02:19:25Z</time><sat>15</sat></trkpt>
  <trkpt lat="30.30414205" lon="120.08104649"><ele>10.119</ele><time>2026-04-25T02:19:28Z</time><sat>15</sat></trkpt>
  <trkpt lat="30.30414218" lon="120.08104662"><ele>10.076</ele><time>2026-04-25T02:19:31Z</time><sat>16</sat></trkpt>
  <trkpt lat="30.30414216" lon="120.08104668"><ele>10.046</ele><time>2026-04-25T02:19:34Z</time><sat>16</sat></trkpt>
  <trkpt lat="30.30414202" lon="120.08104673"><ele>10.038</ele><time>2026-04-25T02:19:37Z</time><sat>15</sat></trkpt>
  <trkpt lat="30.30414197" lon="120.08104677"><ele>10.030</ele><time>2026-04-25T02:19:40Z</time><sat>13</sat></trkpt>
  <trkpt lat="30.30414232" lon="120.08104651"><ele>9.934</ele><time>2026-04-25T02:19:43Z</time><sat>14</sat></trkpt>
  <trkpt lat="30.30414268" lon="120.08104629"><ele>9.920</ele><time>2026-04-25T02:19:46Z</time><sat>14</sat></trkpt>
  <trkpt lat="30.30414272" lon="120.08104627"><ele>9.916</ele><time>2026-04-25T02:19:49Z</time><sat>11</sat></trkpt>
  <trkpt lat="30.30414273" lon="120.08104628"><ele>9.917</ele><time>2026-04-25T02:19:52Z</time><sat>13</sat></trkpt>
  <trkpt lat="30.30414273" lon="120.08104628"><ele>9.916</ele><time>2026-04-25T02:19:55Z</time><sat>11</sat></trkpt>
  <trkpt lat="30.30414270" lon="120.08104627"><ele>9.929</ele><time>2026-04-25T02:19:58Z</time><sat>7</sat></trkpt>
  <trkpt lat="30.30414263" lon="120.08104627"><ele>9.952</ele><time>2026-04-25T02:20:01Z</time><sat>8</sat></trkpt>
  <trkpt lat="30.30414260" lon="120.08104626"><ele>9.954</ele><time>2026-04-25T02:20:04Z</time><sat>11</sat></trkpt>
  <trkpt lat="30.30414261" lon="120.08104626"><ele>9.949</ele><time>2026-04-25T02:20:07Z</time><sat>14</sat></trkpt>
  <trkpt lat="30.30414261" lon="120.08104626"><ele>9.947</ele><time>2026-04-25T02:20:10Z</time><sat>13</sat></trkpt>
  <trkpt lat="30.30414259" lon="120.08104625"><ele>9.945</ele><time>2026-04-25T02:20:13Z</time><sat>12</sat></trkpt>
  <trkpt lat="30.30414254" lon="120.08104624"><ele>9.945</ele><time>2026-04-25T02:20:16Z</time><sat>14</sat></trkpt>
  <trkpt lat="30.30414251" lon="120.08104625"><ele>9.941</ele><time>2026-04-25T02:20:19Z</time><sat>14</sat></trkpt>
  <trkpt lat="30.30414250" lon="120.08104623"><ele>9.941</ele><time>2026-04-25T02:20:22Z</time><sat>14</sat></trkpt>
  <trkpt lat="30.30414249" lon="120.08104622"><ele>9.941</ele><time>2026-04-25T02:20:25Z</time><sat>17</sat></trkpt>
  <trkpt lat="30.30414247" lon="120.08104622"><ele>9.937</ele><time>2026-04-25T02:20:28Z</time><sat>18</sat></trkpt>
  <trkpt lat="30.30414246" lon="120.08104622"><ele>9.934</ele><time>2026-04-25T02:20:31Z</time><sat>14</sat></trkpt>
  <trkpt lat="30.30414246" lon="120.08104621"><ele>9.929</ele><time>2026-04-25T02:20:34Z</time><sat>12</sat></trkpt>
  <trkpt lat="30.30414246" lon="120.08104620"><ele>9.927</ele><time>2026-04-25T02:20:37Z</time><sat>16</sat></trkpt>
  <trkpt lat="30.30414249" lon="120.08104617"><ele>9.916</ele><time>2026-04-25T02:20:40Z</time><sat>18</sat></trkpt>
  <trkpt lat="30.30414251" lon="120.08104615"><ele>9.920</ele><time>2026-04-25T02:20:43Z</time><sat>16</sat></trkpt>
  <trkpt lat="30.30414248" lon="120.08104617"><ele>9.917</ele><time>2026-04-25T02:20:46Z</time><sat>14</sat></trkpt>
  <trkpt lat="30.30414249" lon="120.08104615"><ele>9.901</ele><time>2026-04-25T02:20:49Z</time><sat>16</sat></trkpt>
  <trkpt lat="30.30414247" lon="120.08104619"><ele>9.876</ele><time>2026-04-25T02:20:52Z</time><sat>16</sat></trkpt>
  <trkpt lat="30.30414254" lon="120.08104628"><ele>9.827</ele><time>2026-04-25T02:20:55Z</time><sat>16</sat></trkpt>
  <trkpt lat="30.30414262" lon="120.08104635"><ele>9.808</ele><time>2026-04-25T02:20:58Z</time><sat>15</sat></trkpt>
  <trkpt lat="30.30414273" lon="120.08104635"><ele>9.790</ele><time>2026-04-25T02:21:01Z</time><sat>14</sat></trkpt>
  <trkpt lat="30.30414286" lon="120.08104636"><ele>9.773</ele><time>2026-04-25T02:21:04Z</time><sat>15</sat></trkpt>
  <trkpt lat="30.30414287" lon="120.08104636"><ele>9.775</ele><time>2026-04-25T02:21:07Z</time><sat>13</sat></trkpt>
  <trkpt lat="30.30414291" lon="120.08104636"><ele>9.762</ele><time>2026-04-25T02:21:10Z</time><sat>15</sat></trkpt>
  <trkpt lat="30.30414291" lon="120.08104636"><ele>9.765</ele><time>2026-04-25T02:21:13Z</time><sat>14</sat></trkpt>
  <trkpt lat="30.30414294" lon="120.08104637"><ele>9.761</ele><time>2026-04-25T02:21:16Z</time><sat>12</sat></trkpt>
  <trkpt lat="30.30414298" lon="120.08104639"><ele>9.743</ele><time>2026-04-25T02:21:19Z</time><sat>11</sat></trkpt>
  <trkpt lat="30.30414311" lon="120.08104648"><ele>9.690</ele><time>2026-04-25T02:21:22Z</time><sat>15</sat></trkpt>
  <trkpt lat="30.30414315" lon="120.08104652"><ele>9.685</ele><time>2026-04-25T02:21:25Z</time><sat>14</sat></trkpt>
  <trkpt lat="30.30414323" lon="120.08104652"><ele>9.693</ele><time>2026-04-25T02:21:28Z</time><sat>11</sat></trkpt>
  <trkpt lat="30.30414343" lon="120.08104649"><ele>9.689</ele><time>2026-04-25T02:21:31Z</time><sat>10</sat></trkpt>
  <trkpt lat="30.30414369" lon="120.08104648"><ele>9.669</ele><time>2026-04-25T02:21:34Z</time><sat>12</sat></trkpt>
  <trkpt lat="30.30414384" lon="120.08104639"><ele>9.702</ele><time>2026-04-25T02:21:37Z</time><sat>15</sat></trkpt>
  <trkpt lat="30.30414399" lon="120.08104623"><ele>9.752</ele><time>2026-04-25T02:21:40Z</time><sat>12</sat></trkpt>
  <trkpt lat="30.30414401" lon="120.08104615"><ele>9.759</ele><time>2026-04-25T02:21:43Z</time><sat>10</sat></trkpt>
  <trkpt lat="30.30414401" lon="120.08104597"><ele>9.813</ele><time>2026-04-25T02:21:46Z</time><sat>11</sat></trkpt>
  <trkpt lat="30.30414417" lon="120.08104574"><ele>9.880</ele><time>2026-04-25T02:21:49Z</time><sat>11</sat></trkpt>
  <trkpt lat="30.30414431" lon="120.08104558"><ele>9.922</ele><time>2026-04-25T02:21:52Z</time><sat>10</sat></trkpt>
  <trkpt lat="30.30414438" lon="120.08104553"><ele>9.924</ele><time>2026-04-25T02:21:55Z</time><sat>10</sat></trkpt>
  <trkpt lat="30.30414434" lon="120.08104554"><ele>9.921</ele><time>2026-04-25T02:21:58Z</time><sat>10</sat></trkpt>
  <trkpt lat="30.30414433" lon="120.08104554"><ele>9.921</ele><time>2026-04-25T02:22:01Z</time><sat>11</sat></trkpt>
  <trkpt lat="30.30414434" lon="120.08104556"><ele>9.925</ele><time>2026-04-25T02:22:04Z</time><sat>11</sat></trkpt>
  <trkpt lat="30.30414423" lon="120.08104553"><ele>9.943</ele><time>2026-04-25T02:22:07Z</time><sat>10</sat></trkpt>
  <trkpt lat="30.30414419" lon="120.08104553"><ele>9.956</ele><time>2026-04-25T02:22:10Z</time><sat>13</sat></trkpt>
  <trkpt lat="30.30414422" lon="120.08104558"><ele>9.949</ele><time>2026-04-25T02:22:13Z</time><sat>14</sat></trkpt>
  <trkpt lat="30.30414422" lon="120.08104562"><ele>9.949</ele><time>2026-04-25T02:22:16Z</time><sat>12</sat></trkpt>
  <trkpt lat="30.30414329" lon="120.08104533"><ele>10.075</ele><time>2026-04-25T02:22:19Z</time><sat>8</sat></trkpt>
  <trkpt lat="30.30414302" lon="120.08104525"><ele>10.077</ele><time>2026-04-25T02:22:22Z</time><sat>10</sat></trkpt>
  <trkpt lat="30.30414297" lon="120.08104524"><ele>10.086</ele><time>2026-04-25T02:22:25Z</time><sat>13</sat></trkpt>
  <trkpt lat="30.30414294" lon="120.08104524"><ele>10.107</ele><time>2026-04-25T02:22:28Z</time><sat>11</sat></trkpt>
  <trkpt lat="30.30414271" lon="120.08104521"><ele>10.123</ele><time>2026-04-25T02:22:31Z</time><sat>9</sat></trkpt>
  <trkpt lat="30.30414268" lon="120.08104525"><ele>10.111</ele><time>2026-04-25T02:22:34Z</time><sat>11</sat></trkpt>
  <trkpt lat="30.30414266" lon="120.08104527"><ele>10.124</ele><time>2026-04-25T02:22:37Z</time><sat>14</sat></trkpt>
  <trkpt lat="30.30414265" lon="120.08104527"><ele>10.117</ele><time>2026-04-25T02:22:40Z</time><sat>13</sat></trkpt>
  <trkpt lat="30.30414307" lon="120.08104543"><ele>10.043</ele><time>2026-04-25T02:22:43Z</time><sat>11</sat></trkpt>
  <trkpt lat="30.30414407" lon="120.08104514"><ele>9.956</ele><time>2026-04-25T02:22:46Z</time><sat>12</sat></trkpt>
  <trkpt lat="30.30414433" lon="120.08104504"><ele>9.956</ele><time>2026-04-25T02:22:49Z</time><sat>13</sat></trkpt>
  <trkpt lat="30.30414436" lon="120.08104501"><ele>9.964</ele><time>2026-04-25T02:22:52Z</time><sat>11</sat></trkpt>
  <trkpt lat="30.30414432" lon="120.08104499"><ele>9.973</ele><time>2026-04-25T02:22:55Z</time><sat>11</sat></trkpt>
  <trkpt lat="30.30414429" lon="120.08104497"><ele>9.972</ele><time>2026-04-25T02:22:58Z</time><sat>12</sat></trkpt>
  <trkpt lat="30.30414426" lon="120.08104496"><ele>9.973</ele><time>2026-04-25T02:23:01Z</time><sat>13</sat></trkpt>
  <trkpt lat="30.30414425" lon="120.08104495"><ele>9.977</ele><time>2026-04-25T02:23:04Z</time><sat>10</sat></trkpt>
  <trkpt lat="30.30414427" lon="120.08104495"><ele>9.980</ele><time>2026-04-25T02:23:07Z</time><sat>10</sat></trkpt>
  <trkpt lat="30.30414431" lon="120.08104497"><ele>9.976</ele><time>2026-04-25T02:23:10Z</time><sat>14</sat></trkpt>
  <trkpt lat="30.30414430" lon="120.08104497"><ele>9.977</ele><time>2026-04-25T02:23:13Z</time><sat>14</sat></trkpt>
  <trkpt lat="30.30414430" lon="120.08104494"><ele>9.983</ele><time>2026-04-25T02:23:16Z</time><sat>12</sat></trkpt>
  <trkpt lat="30.30414434" lon="120.08104495"><ele>9.969</ele><time>2026-04-25T02:23:19Z</time><sat>12</sat></trkpt>
  <trkpt lat="30.30414438" lon="120.08104496"><ele>9.961</ele><time>2026-04-25T02:23:22Z</time><sat>13</sat></trkpt>
  <trkpt lat="30.30414436" lon="120.08104493"><ele>9.965</ele><time>2026-04-25T02:23:25Z</time><sat>13</sat></trkpt>
  <trkpt lat="30.30414435" lon="120.08104492"><ele>9.949</ele><time>2026-04-25T02:23:28Z</time><sat>12</sat></trkpt>
  <trkpt lat="30.30414431" lon="120.08104488"><ele>9.967</ele><time>2026-04-25T02:23:31Z</time><sat>13</sat></trkpt>
  <trkpt lat="30.30414431" lon="120.08104486"><ele>9.945</ele><time>2026-04-25T02:23:34Z</time><sat>14</sat></trkpt>
  <trkpt lat="30.30414439" lon="120.08104492"><ele>9.915</ele><time>2026-04-25T02:23:37Z</time><sat>15</sat></trkpt>
  <trkpt lat="30.30414448" lon="120.08104498"><ele>9.885</ele><time>2026-04-25T02:23:40Z</time><sat>11</sat></trkpt>
  <trkpt lat="30.30414446" lon="120.08104498"><ele>9.892</ele><time>2026-04-25T02:23:43Z</time><sat>10</sat></trkpt>
  <trkpt lat="30.30414438" lon="120.08104493"><ele>9.918</ele><time>2026-04-25T02:23:46Z</time><sat>12</sat></trkpt>
  <trkpt lat="30.30414424" lon="120.08104481"><ele>9.959</ele><time>2026-04-25T02:23:49Z</time><sat>13</sat></trkpt>
  <trkpt lat="30.30414408" lon="120.08104467"><ele>9.979</ele><time>2026-04-25T02:23:52Z</time><sat>11</sat></trkpt>
  <trkpt lat="30.30414394" lon="120.08104453"><ele>10.008</ele><time>2026-04-25T02:23:55Z</time><sat>10</sat></trkpt>
  <trkpt lat="30.30414380" lon="120.08104439"><ele>10.035</ele><time>2026-04-25T02:23:58Z</time><sat>14</sat></trkpt>
  <trkpt lat="30.30414369" lon="120.08104428"><ele>10.055</ele><time>2026-04-25T02:24:01Z</time><sat>18</sat></trkpt>
  <trkpt lat="30.30414361" lon="120.08104423"><ele>10.062</ele><time>2026-04-25T02:24:04Z</time><sat>15</sat></trkpt>
  <trkpt lat="30.30414362" lon="120.08104425"><ele>10.045</ele><time>2026-04-25T02:24:07Z</time><sat>15</sat></trkpt>
  <trkpt lat="30.30414357" lon="120.08104421"><ele>10.051</ele><time>2026-04-25T02:24:10Z</time><sat>14</sat></trkpt>
  <trkpt lat="30.30414364" lon="120.08104428"><ele>10.021</ele><time>2026-04-25T02:24:13Z</time><sat>16</sat></trkpt>
  <trkpt lat="30.30414369" lon="120.08104433"><ele>10.013</ele><time>2026-04-25T02:24:16Z</time><sat>16</sat></trkpt>
  <trkpt lat="30.30414372" lon="120.08104436"><ele>10.010</ele><time>2026-04-25T02:24:19Z</time><sat>13</sat></trkpt>
  <trkpt lat="30.30414370" lon="120.08104433"><ele>10.011</ele><time>2026-04-25T02:24:22Z</time><sat>14</sat></trkpt>
  <trkpt lat="30.30414364" lon="120.08104426"><ele>10.037</ele><time>2026-04-25T02:24:25Z</time><sat>14</sat></trkpt>
  <trkpt lat="30.30414351" lon="120.08104413"><ele>10.060</ele><time>2026-04-25T02:24:28Z</time><sat>12</sat></trkpt>
  <trkpt lat="30.30414342" lon="120.08104404"><ele>10.079</ele><time>2026-04-25T02:24:31Z</time><sat>11</sat></trkpt>
  <trkpt lat="30.30414339" lon="120.08104401"><ele>10.076</ele><time>2026-04-25T02:24:34Z</time><sat>12</sat></trkpt>
  <trkpt lat="30.30414336" lon="120.08104400"><ele>10.086</ele><time>2026-04-25T02:24:37Z</time><sat>15</sat></trkpt>
  <trkpt lat="30.30414333" lon="120.08104396"><ele>10.088</ele><time>2026-04-25T02:24:40Z</time><sat>14</sat></trkpt>
  <trkpt lat="30.30414337" lon="120.08104399"><ele>10.076</ele><time>2026-04-25T02:24:43Z</time><sat>12</sat></trkpt>
  <trkpt lat="30.30414337" lon="120.08104397"><ele>10.074</ele><time>2026-04-25T02:24:46Z</time><sat>13</sat></trkpt>
  <trkpt lat="30.30414335" lon="120.08104394"><ele>10.081</ele><time>2026-04-25T02:24:49Z</time><sat>15</sat></trkpt>
  <trkpt lat="30.30414328" lon="120.08104388"><ele>10.096</ele><time>2026-04-25T02:24:52Z</time><sat>12</sat></trkpt>
  <trkpt lat="30.30414320" lon="120.08104382"><ele>10.120</ele><time>2026-04-25T02:24:55Z</time><sat>12</sat></trkpt>
  <trkpt lat="30.30414312" lon="120.08104377"><ele>10.136</ele><time>2026-04-25T02:24:58Z</time><sat>12</sat></trkpt>
  <trkpt lat="30.30414307" lon="120.08104374"><ele>10.142</ele><time>2026-04-25T02:25:01Z</time><sat>13</sat></trkpt>
  <trkpt lat="30.30414306" lon="120.08104376"><ele>10.139</ele><time>2026-04-25T02:25:04Z</time><sat>12</sat></trkpt>
  <trkpt lat="30.30414308" lon="120.08104379"><ele>10.139</ele><time>2026-04-25T02:25:07Z</time><sat>11</sat></trkpt>
  <trkpt lat="30.30414310" lon="120.08104387"><ele>10.133</ele><time>2026-04-25T02:25:10Z</time><sat>11</sat></trkpt>
  <trkpt lat="30.30414316" lon="120.08104394"><ele>10.121</ele><time>2026-04-25T02:25:13Z</time><sat>12</sat></trkpt>
  <trkpt lat="30.30414318" lon="120.08104398"><ele>10.118</ele><time>2026-04-25T02:25:16Z</time><sat>12</sat></trkpt>
  <trkpt lat="30.30414324" lon="120.08104400"><ele>10.104</ele><time>2026-04-25T02:25:19Z</time><sat>11</sat></trkpt>
  <trkpt lat="30.30414319" lon="120.08104395"><ele>10.121</ele><time>2026-04-25T02:25:22Z</time><sat>11</sat></trkpt>
  <trkpt lat="30.30414315" lon="120.08104393"><ele>10.134</ele><time>2026-04-25T02:25:25Z</time><sat>11</sat></trkpt>
  <trkpt lat="30.30414306" lon="120.08104386"><ele>10.155</ele><time>2026-04-25T02:25:28Z</time><sat>8</sat></trkpt>
  <trkpt lat="30.30414292" lon="120.08104376"><ele>10.192</ele><time>2026-04-25T02:25:31Z</time><sat>8</sat></trkpt>
  <trkpt lat="30.30414284" lon="120.08104373"><ele>10.204</ele><time>2026-04-25T02:25:34Z</time><sat>9</sat></trkpt>
  <trkpt lat="30.30414285" lon="120.08104382"><ele>10.194</ele><time>2026-04-25T02:25:37Z</time><sat>10</sat></trkpt>
  <trkpt lat="30.30414291" lon="120.08104393"><ele>10.183</ele><time>2026-04-25T02:25:40Z</time><sat>14</sat></trkpt>
  <trkpt lat="30.30414302" lon="120.08104409"><ele>10.154</ele><time>2026-04-25T02:25:43Z</time><sat>15</sat></trkpt>
  <trkpt lat="30.30414313" lon="120.08104427"><ele>10.133</ele><time>2026-04-25T02:25:46Z</time><sat>13</sat></trkpt>
  <trkpt lat="30.30414312" lon="120.08104431"><ele>10.146</ele><time>2026-04-25T02:25:49Z</time><sat>13</sat></trkpt>
  <trkpt lat="30.30414316" lon="120.08104436"><ele>10.137</ele><time>2026-04-25T02:25:52Z</time><sat>14</sat></trkpt>
  <trkpt lat="30.30414319" lon="120.08104439"><ele>10.134</ele><time>2026-04-25T02:25:55Z</time><sat>15</sat></trkpt>
  <trkpt lat="30.30414319" lon="120.08104449"><ele>10.132</ele><time>2026-04-25T02:25:58Z</time><sat>11</sat></trkpt>
  <trkpt lat="30.30414323" lon="120.08104461"><ele>10.131</ele><time>2026-04-25T02:26:01Z</time><sat>14</sat></trkpt>
  <trkpt lat="30.30414326" lon="120.08104471"><ele>10.133</ele><time>2026-04-25T02:26:04Z</time><sat>15</sat></trkpt>
  <trkpt lat="30.30414328" lon="120.08104472"><ele>10.132</ele><time>2026-04-25T02:26:07Z</time><sat>13</sat></trkpt>
  <trkpt lat="30.30414329" lon="120.08104476"><ele>10.137</ele><time>2026-04-25T02:26:10Z</time><sat>12</sat></trkpt>
  <trkpt lat="30.30414329" lon="120.08104485"><ele>10.137</ele><time>2026-04-25T02:26:13Z</time><sat>13</sat></trkpt>
  <trkpt lat="30.30414330" lon="120.08104492"><ele>10.138</ele><time>2026-04-25T02:26:16Z</time><sat>16</sat></trkpt>
  <trkpt lat="30.30414325" lon="120.08104497"><ele>10.166</ele><time>2026-04-25T02:26:19Z</time><sat>17</sat></trkpt>
  <trkpt lat="30.30414326" lon="120.08104501"><ele>10.159</ele><time>2026-04-25T02:26:22Z</time><sat>14</sat></trkpt>
  <trkpt lat="30.30414325" lon="120.08104505"><ele>10.164</ele><time>2026-04-25T02:26:25Z</time><sat>11</sat></trkpt>
  <trkpt lat="30.30414329" lon="120.08104514"><ele>10.159</ele><time>2026-04-25T02:26:28Z</time><sat>14</sat></trkpt>
  <trkpt lat="30.30414331" lon="120.08104522"><ele>10.157</ele><time>2026-04-25T02:26:31Z</time><sat>17</sat></trkpt>
  <trkpt lat="30.30414330" lon="120.08104524"><ele>10.159</ele><time>2026-04-25T02:26:34Z</time><sat>14</sat></trkpt>
  <trkpt lat="30.30414325" lon="120.08104524"><ele>10.167</ele><time>2026-04-25T02:26:37Z</time><sat>11</sat></trkpt>
  <trkpt lat="30.30414328" lon="120.08104529"><ele>10.146</ele><time>2026-04-25T02:26:40Z</time><sat>16</sat></trkpt>
  <trkpt lat="30.30414333" lon="120.08104537"><ele>10.136</ele><time>2026-04-25T02:26:43Z</time><sat>17</sat></trkpt>
  <trkpt lat="30.30414336" lon="120.08104541"><ele>10.135</ele><time>2026-04-25T02:26:46Z</time><sat>14</sat></trkpt>
  <trkpt lat="30.30414334" lon="120.08104545"><ele>10.150</ele><time>2026-04-25T02:26:49Z</time><sat>13</sat></trkpt>
  <trkpt lat="30.30414334" lon="120.08104550"><ele>10.140</ele><time>2026-04-25T02:26:52Z</time><sat>17</sat></trkpt>
  <trkpt lat="30.30414337" lon="120.08104552"><ele>10.133</ele><time>2026-04-25T02:26:55Z</time><sat>18</sat></trkpt>
  <trkpt lat="30.30414338" lon="120.08104557"><ele>10.130</ele><time>2026-04-25T02:26:58Z</time><sat>15</sat></trkpt>
  <trkpt lat="30.30414337" lon="120.08104557"><ele>10.125</ele><time>2026-04-25T02:27:01Z</time><sat>13</sat></trkpt>
  <trkpt lat="30.30414339" lon="120.08104563"><ele>10.125</ele><time>2026-04-25T02:27:04Z</time><sat>14</sat></trkpt>
  <trkpt lat="30.30414340" lon="120.08104571"><ele>10.134</ele><time>2026-04-25T02:27:07Z</time><sat>17</sat></trkpt>
  <trkpt lat="30.30414340" lon="120.08104577"><ele>10.127</ele><time>2026-04-25T02:27:10Z</time><sat>15</sat></trkpt>
  <trkpt lat="30.30414343" lon="120.08104581"><ele>10.125</ele><time>2026-04-25T02:27:13Z</time><sat>13</sat></trkpt>
  <trkpt lat="30.30414328" lon="120.08104606"><ele>10.059</ele><time>2026-04-25T02:27:16Z</time><sat>15</sat></trkpt>
  <trkpt lat="30.30414307" lon="120.08104619"><ele>10.039</ele><time>2026-04-25T02:27:19Z</time><sat>20</sat></trkpt>
  <trkpt lat="30.30414286" lon="120.08104628"><ele>10.031</ele><time>2026-04-25T02:27:22Z</time><sat>18</sat></trkpt>
  <trkpt lat="30.30414248" lon="120.08104639"><ele>9.983</ele><time>2026-04-25T02:27:25Z</time><sat>16</sat></trkpt>
  <trkpt lat="30.30414232" lon="120.08104643"><ele>9.995</ele><time>2026-04-25T02:27:28Z</time><sat>16</sat></trkpt>
  <trkpt lat="30.30414231" lon="120.08104651"><ele>9.967</ele><time>2026-04-25T02:27:31Z</time><sat>15</sat></trkpt>
  <trkpt lat="30.30414243" lon="120.08104670"><ele>9.948</ele><time>2026-04-25T02:27:34Z</time><sat>15</sat></trkpt>
  <trkpt lat="30.30414247" lon="120.08104677"><ele>9.953</ele><time>2026-04-25T02:27:37Z</time><sat>16</sat></trkpt>
  <trkpt lat="30.30414249" lon="120.08104692"><ele>9.949</ele><time>2026-04-25T02:27:40Z</time><sat>15</sat></trkpt>
  <trkpt lat="30.30414254" lon="120.08104694"><ele>9.971</ele><time>2026-04-25T02:27:43Z</time><sat>15</sat></trkpt>
  <trkpt lat="30.30414262" lon="120.08104686"><ele>9.988</ele><time>2026-04-25T02:27:46Z</time><sat>16</sat></trkpt>
  <trkpt lat="30.30414261" lon="120.08104686"><ele>9.994</ele><time>2026-04-25T02:27:49Z</time><sat>19</sat></trkpt>
  <trkpt lat="30.30414262" lon="120.08104685"><ele>10.005</ele><time>2026-04-25T02:27:52Z</time><sat>17</sat></trkpt>
  <trkpt lat="30.30414270" lon="120.08104689"><ele>10.005</ele><time>2026-04-25T02:27:55Z</time><sat>13</sat></trkpt>
  <trkpt lat="30.30414274" lon="120.08104690"><ele>10.021</ele><time>2026-04-25T02:27:58Z</time><sat>17</sat></trkpt>
  <trkpt lat="30.30414265" lon="120.08104688"><ele>10.013</ele><time>2026-04-25T02:28:01Z</time><sat>20</sat></trkpt>
  <trkpt lat="30.30414254" lon="120.08104683"><ele>10.019</ele><time>2026-04-25T02:28:04Z</time><sat>16</sat></trkpt>
  <trkpt lat="30.30414244" lon="120.08104676"><ele>10.034</ele><time>2026-04-25T02:28:07Z</time><sat>13</sat></trkpt>
  <trkpt lat="30.30414237" lon="120.08104676"><ele>10.041</ele><time>2026-04-25T02:28:10Z</time><sat>17</sat></trkpt>
  <trkpt lat="30.30414233" lon="120.08104681"><ele>10.038</ele><time>2026-04-25T02:28:13Z</time><sat>18</sat></trkpt>
  <trkpt lat="30.30414234" lon="120.08104682"><ele>10.047</ele><time>2026-04-25T02:28:16Z</time><sat>16</sat></trkpt>
  <trkpt lat="30.30414246" lon="120.08104681"><ele>10.055</ele><time>2026-04-25T02:28:19Z</time><sat>15</sat></trkpt>
  <trkpt lat="30.30414251" lon="120.08104675"><ele>10.053</ele><time>2026-04-25T02:28:22Z</time><sat>13</sat></trkpt>
  <trkpt lat="30.30414256" lon="120.08104684"><ele>10.056</ele><time>2026-04-25T02:28:25Z</time><sat>19</sat></trkpt>
  <trkpt lat="30.30414263" lon="120.08104686"><ele>10.042</ele><time>2026-04-25T02:28:28Z</time><sat>19</sat></trkpt>
  <trkpt lat="30.30414267" lon="120.08104687"><ele>10.043</ele><time>2026-04-25T02:28:31Z</time><sat>15</sat></trkpt>
  <trkpt lat="30.30414267" lon="120.08104687"><ele>10.047</ele><time>2026-04-25T02:28:34Z</time><sat>13</sat></trkpt>
  <trkpt lat="30.30414268" lon="120.08104688"><ele>10.037</ele><time>2026-04-25T02:28:37Z</time><sat>14</sat></trkpt>
  <trkpt lat="30.30414268" lon="120.08104688"><ele>10.034</ele><time>2026-04-25T02:28:40Z</time><sat>12</sat></trkpt>
  <trkpt lat="30.30414268" lon="120.08104688"><ele>10.035</ele><time>2026-04-25T02:28:43Z</time><sat>14</sat></trkpt>
  <trkpt lat="30.30414263" lon="120.08104690"><ele>10.029</ele><time>2026-04-25T02:28:46Z</time><sat>14</sat></trkpt>
  <trkpt lat="30.30414262" lon="120.08104696"><ele>10.038</ele><time>2026-04-25T02:28:49Z</time><sat>15</sat></trkpt>
  <trkpt lat="30.30414264" lon="120.08104698"><ele>10.033</ele><time>2026-04-25T02:28:52Z</time><sat>20</sat></trkpt>
  <trkpt lat="30.30414269" lon="120.08104699"><ele>10.027</ele><time>2026-04-25T02:28:55Z</time><sat>18</sat></trkpt>
  <trkpt lat="30.30414266" lon="120.08104693"><ele>10.039</ele><time>2026-04-25T02:28:58Z</time><sat>15</sat></trkpt>
  <trkpt lat="30.30414267" lon="120.08104692"><ele>10.029</ele><time>2026-04-25T02:29:01Z</time><sat>16</sat></trkpt>
  <trkpt lat="30.30414270" lon="120.08104694"><ele>10.023</ele><time>2026-04-25T02:29:04Z</time><sat>16</sat></trkpt>
  <trkpt lat="30.30414275" lon="120.08104697"><ele>10.010</ele><time>2026-04-25T02:29:07Z</time><sat>14</sat></trkpt>
  <trkpt lat="30.30414285" lon="120.08104701"><ele>9.988</ele><time>2026-04-25T02:29:10Z</time><sat>13</sat></trkpt>
  <trkpt lat="30.30414289" lon="120.08104703"><ele>9.983</ele><time>2026-04-25T02:29:13Z</time><sat>14</sat></trkpt>
  <trkpt lat="30.30414292" lon="120.08104704"><ele>9.981</ele><time>2026-04-25T02:29:16Z</time><sat>13</sat></trkpt>
  <trkpt lat="30.30414292" lon="120.08104703"><ele>9.971</ele><time>2026-04-25T02:29:19Z</time><sat>12</sat></trkpt>
  <trkpt lat="30.30414295" lon="120.08104704"><ele>9.964</ele><time>2026-04-25T02:29:22Z</time><sat>14</sat></trkpt>
  <trkpt lat="30.30414298" lon="120.08104705"><ele>9.944</ele><time>2026-04-25T02:29:25Z</time><sat>14</sat></trkpt>
  <trkpt lat="30.30414303" lon="120.08104707"><ele>9.927</ele><time>2026-04-25T02:29:28Z</time><sat>12</sat></trkpt>
  <trkpt lat="30.30414306" lon="120.08104709"><ele>9.920</ele><time>2026-04-25T02:29:31Z</time><sat>14</sat></trkpt>
  <trkpt lat="30.30414305" lon="120.08104707"><ele>9.930</ele><time>2026-04-25T02:29:34Z</time><sat>15</sat></trkpt>
  <trkpt lat="30.30414305" lon="120.08104708"><ele>9.928</ele><time>2026-04-25T02:29:37Z</time><sat>14</sat></trkpt>
  <trkpt lat="30.30414308" lon="120.08104709"><ele>9.926</ele><time>2026-04-25T02:29:40Z</time><sat>11</sat></trkpt>
  <trkpt lat="30.30414325" lon="120.08104704"><ele>9.946</ele><time>2026-04-25T02:29:43Z</time><sat>12</sat></trkpt>
  <trkpt lat="30.30414340" lon="120.08104703"><ele>9.930</ele><time>2026-04-25T02:29:46Z</time><sat>16</sat></trkpt>
  <trkpt lat="30.30414340" lon="120.08104700"><ele>9.940</ele><time>2026-04-25T02:29:49Z</time><sat>14</sat></trkpt>
  <trkpt lat="30.30414340" lon="120.08104700"><ele>9.933</ele><time>2026-04-25T02:29:52Z</time><sat>15</sat></trkpt>
  <trkpt lat="30.30414341" lon="120.08104700"><ele>9.929</ele><time>2026-04-25T02:29:55Z</time><sat>16</sat></trkpt>
  <trkpt lat="30.30414340" lon="120.08104700"><ele>9.940</ele><time>2026-04-25T02:29:58Z</time><sat>17</sat></trkpt>
  <trkpt lat="30.30414340" lon="120.08104700"><ele>9.950</ele><time>2026-04-25T02:30:01Z</time><sat>12</sat></trkpt>
  <trkpt lat="30.30414341" lon="120.08104699"><ele>9.950</ele><time>2026-04-25T02:30:04Z</time><sat>7</sat></trkpt>
  <trkpt lat="30.30414341" lon="120.08104698"><ele>9.952</ele><time>2026-04-25T02:30:07Z</time><sat>14</sat></trkpt>
  <trkpt lat="30.30414342" lon="120.08104699"><ele>9.950</ele><time>2026-04-25T02:30:10Z</time><sat>17</sat></trkpt>
  <trkpt lat="30.30414344" lon="120.08104700"><ele>9.955</ele><time>2026-04-25T02:30:13Z</time><sat>9</sat></trkpt>
  <trkpt lat="30.30414344" lon="120.08104701"><ele>9.950</ele><time>2026-04-25T02:30:16Z</time><sat>8</sat></trkpt>
  <trkpt lat="30.30414345" lon="120.08104701"><ele>9.955</ele><time>2026-04-25T02:30:19Z</time><sat>12</sat></trkpt>
  <trkpt lat="30.30414344" lon="120.08104700"><ele>9.965</ele><time>2026-04-25T02:30:22Z</time><sat>13</sat></trkpt>
  <trkpt lat="30.30414342" lon="120.08104699"><ele>9.973</ele><time>2026-04-25T02:30:25Z</time><sat>10</sat></trkpt>
  <trkpt lat="30.30414340" lon="120.08104698"><ele>9.970</ele><time>2026-04-25T02:30:28Z</time><sat>7</sat></trkpt>
  <trkpt lat="30.30414340" lon="120.08104698"><ele>9.968</ele><time>2026-04-25T02:30:31Z</time><sat>8</sat></trkpt>
  <trkpt lat="30.30414340" lon="120.08104699"><ele>9.962</ele><time>2026-04-25T02:30:34Z</time><sat>11</sat></trkpt>
  <trkpt lat="30.30414340" lon="120.08104700"><ele>9.957</ele><time>2026-04-25T02:30:37Z</time><sat>10</sat></trkpt>
  <trkpt lat="30.30414343" lon="120.08104701"><ele>9.946</ele><time>2026-04-25T02:30:40Z</time><sat>9</sat></trkpt>
  <trkpt lat="30.30414346" lon="120.08104702"><ele>9.930</ele><time>2026-04-25T02:30:43Z</time><sat>8</sat></trkpt>
  <trkpt lat="30.30414349" lon="120.08104703"><ele>9.919</ele><time>2026-04-25T02:30:46Z</time><sat>9</sat></trkpt>
  <trkpt lat="30.30414349" lon="120.08104703"><ele>9.916</ele><time>2026-04-25T02:30:49Z</time><sat>9</sat></trkpt>
  <trkpt lat="30.30414350" lon="120.08104700"><ele>9.901</ele><time>2026-04-25T02:30:52Z</time><sat>8</sat></trkpt>
  <trkpt lat="30.30414350" lon="120.08104700"><ele>9.899</ele><time>2026-04-25T02:30:55Z</time><sat>12</sat></trkpt>
  <trkpt lat="30.30414350" lon="120.08104700"><ele>9.897</ele><time>2026-04-25T02:30:58Z</time><sat>14</sat></trkpt>
  <trkpt lat="30.30414352" lon="120.08104701"><ele>9.890</ele><time>2026-04-25T02:31:01Z</time><sat>14</sat></trkpt>
  <trkpt lat="30.30414352" lon="120.08104702"><ele>9.892</ele><time>2026-04-25T02:31:04Z</time><sat>12</sat></trkpt>
  <trkpt lat="30.30414353" lon="120.08104705"><ele>9.894</ele><time>2026-04-25T02:31:07Z</time><sat>11</sat></trkpt>
  <trkpt lat="30.30414355" lon="120.08104709"><ele>9.888</ele><time>2026-04-25T02:31:10Z</time><sat>12</sat></trkpt>
  <trkpt lat="30.30414358" lon="120.08104711"><ele>9.865</ele><time>2026-04-25T02:31:13Z</time><sat>12</sat></trkpt>
  <trkpt lat="30.30414359" lon="120.08104712"><ele>9.864</ele><time>2026-04-25T02:31:16Z</time><sat>15</sat></trkpt>
  <trkpt lat="30.30414360" lon="120.08104713"><ele>9.836</ele><time>2026-04-25T02:31:19Z</time><sat>12</sat></trkpt>
  <trkpt lat="30.30414358" lon="120.08104715"><ele>9.828</ele><time>2026-04-25T02:31:22Z</time><sat>14</sat></trkpt>
  <trkpt lat="30.30414356" lon="120.08104716"><ele>9.835</ele><time>2026-04-25T02:31:25Z</time><sat>15</sat></trkpt>
  <trkpt lat="30.30414357" lon="120.08104716"><ele>9.828</ele><time>2026-04-25T02:31:28Z</time><sat>15</sat></trkpt>
  <trkpt lat="30.30414358" lon="120.08104715"><ele>9.826</ele><time>2026-04-25T02:31:31Z</time><sat>14</sat></trkpt>
  <trkpt lat="30.30414356" lon="120.08104714"><ele>9.837</ele><time>2026-04-25T02:31:34Z</time><sat>14</sat></trkpt>
  <trkpt lat="30.30414358" lon="120.08104715"><ele>9.834</ele><time>2026-04-25T02:31:37Z</time><sat>16</sat></trkpt>
  <trkpt lat="30.30414360" lon="120.08104717"><ele>9.832</ele><time>2026-04-25T02:31:40Z</time><sat>16</sat></trkpt>
  <trkpt lat="30.30414361" lon="120.08104717"><ele>9.833</ele><time>2026-04-25T02:31:43Z</time><sat>13</sat></trkpt>
  <trkpt lat="30.30414362" lon="120.08104717"><ele>9.828</ele><time>2026-04-25T02:31:46Z</time><sat>12</sat></trkpt>
  <trkpt lat="30.30414366" lon="120.08104717"><ele>9.811</ele><time>2026-04-25T02:31:49Z</time><sat>14</sat></trkpt>
  <trkpt lat="30.30414368" lon="120.08104716"><ele>9.809</ele><time>2026-04-25T02:31:52Z</time><sat>12</sat></trkpt>
  <trkpt lat="30.30414367" lon="120.08104716"><ele>9.812</ele><time>2026-04-25T02:31:55Z</time><sat>12</sat></trkpt>
  <trkpt lat="30.30414367" lon="120.08104716"><ele>9.819</ele><time>2026-04-25T02:31:58Z</time><sat>12</sat></trkpt>
  <trkpt lat="30.30414371" lon="120.08104720"><ele>9.807</ele><time>2026-04-25T02:32:01Z</time><sat>13</sat></trkpt>
  <trkpt lat="30.30414372" lon="120.08104721"><ele>9.810</ele><time>2026-04-25T02:32:04Z</time><sat>12</sat></trkpt>
  <trkpt lat="30.30414373" lon="120.08104722"><ele>9.808</ele><time>2026-04-25T02:32:07Z</time><sat>12</sat></trkpt>
  <trkpt lat="30.30414372" lon="120.08104723"><ele>9.813</ele><time>2026-04-25T02:32:10Z</time><sat>12</sat></trkpt>
  <trkpt lat="30.30414376" lon="120.08104729"><ele>9.802</ele><time>2026-04-25T02:32:13Z</time><sat>11</sat></trkpt>
  <trkpt lat="30.30414380" lon="120.08104733"><ele>9.795</ele><time>2026-04-25T02:32:16Z</time><sat>11</sat></trkpt>
  <trkpt lat="30.30414379" lon="120.08104732"><ele>9.795</ele><time>2026-04-25T02:32:19Z</time><sat>12</sat></trkpt>
  <trkpt lat="30.30414380" lon="120.08104732"><ele>9.791</ele><time>2026-04-25T02:32:22Z</time><sat>12</sat></trkpt>
  <trkpt lat="30.30414380" lon="120.08104732"><ele>9.792</ele><time>2026-04-25T02:32:25Z</time><sat>10</sat></trkpt>
  <trkpt lat="30.30414380" lon="120.08104733"><ele>9.787</ele><time>2026-04-25T02:32:28Z</time><sat>5</sat></trkpt>
  <trkpt lat="30.30414384" lon="120.08104735"><ele>9.763</ele><time>2026-04-25T02:32:31Z</time><sat>10</sat></trkpt>
  <trkpt lat="30.30414391" lon="120.08104737"><ele>9.735</ele><time>2026-04-25T02:32:34Z</time><sat>12</sat></trkpt>
  <trkpt lat="30.30414395" lon="120.08104742"><ele>9.718</ele><time>2026-04-25T02:32:37Z</time><sat>11</sat></trkpt>
  <trkpt lat="30.30414401" lon="120.08104745"><ele>9.696</ele><time>2026-04-25T02:32:40Z</time><sat>13</sat></trkpt>
  <trkpt lat="30.30414407" lon="120.08104747"><ele>9.682</ele><time>2026-04-25T02:32:43Z</time><sat>15</sat></trkpt>
  <trkpt lat="30.30414411" lon="120.08104747"><ele>9.674</ele><time>2026-04-25T02:32:46Z</time><sat>13</sat></trkpt>
  <trkpt lat="30.30414415" lon="120.08104749"><ele>9.660</ele><time>2026-04-25T02:32:49Z</time><sat>13</sat></trkpt>
  <trkpt lat="30.30414418" lon="120.08104750"><ele>9.647</ele><time>2026-04-25T02:32:52Z</time><sat>13</sat></trkpt>
  <trkpt lat="30.30414423" lon="120.08104752"><ele>9.628</ele><time>2026-04-25T02:32:55Z</time><sat>11</sat></trkpt>
  <trkpt lat="30.30414428" lon="120.08104756"><ele>9.606</ele><time>2026-04-25T02:32:58Z</time><sat>10</sat></trkpt>
  <trkpt lat="30.30414430" lon="120.08104757"><ele>9.598</ele><time>2026-04-25T02:33:01Z</time><sat>14</sat></trkpt>
  <trkpt lat="30.30414432" lon="120.08104759"><ele>9.595</ele><time>2026-04-25T02:33:04Z</time><sat>11</sat></trkpt>
  <trkpt lat="30.30414434" lon="120.08104760"><ele>9.585</ele><time>2026-04-25T02:33:07Z</time><sat>9</sat></trkpt>
  <trkpt lat="30.30414435" lon="120.08104761"><ele>9.581</ele><time>2026-04-25T02:33:10Z</time><sat>13</sat></trkpt>
  <trkpt lat="30.30414435" lon="120.08104762"><ele>9.575</ele><time>2026-04-25T02:33:13Z</time><sat>13</sat></trkpt>
  <trkpt lat="30.30414438" lon="120.08104762"><ele>9.562</ele><time>2026-04-25T02:33:16Z</time><sat>9</sat></trkpt>
  <trkpt lat="30.30414439" lon="120.08104763"><ele>9.560</ele><time>2026-04-25T02:33:19Z</time><sat>8</sat></trkpt>
  <trkpt lat="30.30414440" lon="120.08104764"><ele>9.555</ele><time>2026-04-25T02:33:22Z</time><sat>11</sat></trkpt>
  <trkpt lat="30.30414445" lon="120.08104767"><ele>9.538</ele><time>2026-04-25T02:33:25Z</time><sat>10</sat></trkpt>
  <trkpt lat="30.30414450" lon="120.08104772"><ele>9.528</ele><time>2026-04-25T02:33:28Z</time><sat>9</sat></trkpt>
  <trkpt lat="30.30414466" lon="120.08104773"><ele>9.500</ele><time>2026-04-25T02:33:31Z</time><sat>10</sat></trkpt>
  <trkpt lat="30.30414482" lon="120.08104774"><ele>9.492</ele><time>2026-04-25T02:33:34Z</time><sat>14</sat></trkpt>
  <trkpt lat="30.30414486" lon="120.08104775"><ele>9.484</ele><time>2026-04-25T02:33:37Z</time><sat>12</sat></trkpt>
  <trkpt lat="30.30414489" lon="120.08104777"><ele>9.476</ele><time>2026-04-25T02:33:40Z</time><sat>12</sat></trkpt>
  <trkpt lat="30.30414488" lon="120.08104776"><ele>9.474</ele><time>2026-04-25T02:33:43Z</time><sat>11</sat></trkpt>
  <trkpt lat="30.30414489" lon="120.08104776"><ele>9.471</ele><time>2026-04-25T02:33:46Z</time><sat>12</sat></trkpt>
  <trkpt lat="30.30414492" lon="120.08104776"><ele>9.461</ele><time>2026-04-25T02:33:49Z</time><sat>12</sat></trkpt>
  <trkpt lat="30.30414492" lon="120.08104778"><ele>9.466</ele><time>2026-04-25T02:33:52Z</time><sat>9</sat></trkpt>
  <trkpt lat="30.30414491" lon="120.08104779"><ele>9.466</ele><time>2026-04-25T02:33:55Z</time><sat>10</sat></trkpt>
  <trkpt lat="30.30414492" lon="120.08104778"><ele>9.459</ele><time>2026-04-25T02:33:58Z</time><sat>11</sat></trkpt>
  <trkpt lat="30.30414494" lon="120.08104778"><ele>9.454</ele><time>2026-04-25T02:34:01Z</time><sat>12</sat></trkpt>
  <trkpt lat="30.30414495" lon="120.08104779"><ele>9.459</ele><time>2026-04-25T02:34:04Z</time><sat>11</sat></trkpt>
  <trkpt lat="30.30414493" lon="120.08104779"><ele>9.462</ele><time>2026-04-25T02:34:07Z</time><sat>15</sat></trkpt>
  <trkpt lat="30.30414497" lon="120.08104784"><ele>9.453</ele><time>2026-04-25T02:34:10Z</time><sat>17</sat></trkpt>
  <trkpt lat="30.30414499" lon="120.08104787"><ele>9.452</ele><time>2026-04-25T02:34:13Z</time><sat>14</sat></trkpt>
  <trkpt lat="30.30414500" lon="120.08104786"><ele>9.446</ele><time>2026-04-25T02:34:16Z</time><sat>10</sat></trkpt>
  <trkpt lat="30.30414502" lon="120.08104788"><ele>9.437</ele><time>2026-04-25T02:34:19Z</time><sat>14</sat></trkpt>
  <trkpt lat="30.30414506" lon="120.08104789"><ele>9.436</ele><time>2026-04-25T02:34:22Z</time><sat>14</sat></trkpt>
  <trkpt lat="30.30414551" lon="120.08104803"><ele>9.414</ele><time>2026-04-25T02:34:25Z</time><sat>13</sat></trkpt>
  <trkpt lat="30.30414560" lon="120.08104807"><ele>9.396</ele><time>2026-04-25T02:34:28Z</time><sat>14</sat></trkpt>
  <trkpt lat="30.30414565" lon="120.08104811"><ele>9.381</ele><time>2026-04-25T02:34:31Z</time><sat>15</sat></trkpt>
  <trkpt lat="30.30414575" lon="120.08104817"><ele>9.372</ele><time>2026-04-25T02:34:34Z</time><sat>15</sat></trkpt>
  <trkpt lat="30.30414582" lon="120.08104821"><ele>9.357</ele><time>2026-04-25T02:34:37Z</time><sat>16</sat></trkpt>
  <trkpt lat="30.30414586" lon="120.08104823"><ele>9.346</ele><time>2026-04-25T02:34:40Z</time><sat>14</sat></trkpt>
  <trkpt lat="30.30414590" lon="120.08104826"><ele>9.327</ele><time>2026-04-25T02:34:43Z</time><sat>12</sat></trkpt>
  <trkpt lat="30.30414591" lon="120.08104828"><ele>9.324</ele><time>2026-04-25T02:34:46Z</time><sat>13</sat></trkpt>
  <trkpt lat="30.30414591" lon="120.08104833"><ele>9.321</ele><time>2026-04-25T02:34:49Z</time><sat>16</sat></trkpt>
  <trkpt lat="30.30414593" lon="120.08104836"><ele>9.306</ele><time>2026-04-25T02:34:52Z</time><sat>16</sat></trkpt>
  <trkpt lat="30.30414608" lon="120.08104843"><ele>9.299</ele><time>2026-04-25T02:34:55Z</time><sat>14</sat></trkpt>
  <trkpt lat="30.30414614" lon="120.08104846"><ele>9.285</ele><time>2026-04-25T02:34:58Z</time><sat>15</sat></trkpt>
  <trkpt lat="30.30414535" lon="120.08104847"><ele>9.395</ele><time>2026-04-25T02:35:01Z</time><sat>18</sat></trkpt>
  <trkpt lat="30.30414469" lon="120.08104850"><ele>9.379</ele><time>2026-04-25T02:35:04Z</time><sat>15</sat></trkpt>
  <trkpt lat="30.30414465" lon="120.08104855"><ele>9.362</ele><time>2026-04-25T02:35:07Z</time><sat>13</sat></trkpt>
  <trkpt lat="30.30414466" lon="120.08104858"><ele>9.353</ele><time>2026-04-25T02:35:10Z</time><sat>14</sat></trkpt>
  <trkpt lat="30.30414408" lon="120.08104861"><ele>9.422</ele><time>2026-04-25T02:35:13Z</time><sat>14</sat></trkpt>
  <trkpt lat="30.30414355" lon="120.08104864"><ele>9.423</ele><time>2026-04-25T02:35:16Z</time><sat>15</sat></trkpt>
  <trkpt lat="30.30414351" lon="120.08104867"><ele>9.421</ele><time>2026-04-25T02:35:19Z</time><sat>15</sat></trkpt>
  <trkpt lat="30.30414352" lon="120.08104870"><ele>9.417</ele><time>2026-04-25T02:35:22Z</time><sat>14</sat></trkpt>
  <trkpt lat="30.30414346" lon="120.08104872"><ele>9.420</ele><time>2026-04-25T02:35:25Z</time><sat>15</sat></trkpt>
  <trkpt lat="30.30414339" lon="120.08104876"><ele>9.424</ele><time>2026-04-25T02:35:28Z</time><sat>13</sat></trkpt>
  <trkpt lat="30.30414340" lon="120.08104881"><ele>9.418</ele><time>2026-04-25T02:35:31Z</time><sat>12</sat></trkpt>
  <trkpt lat="30.30414341" lon="120.08104885"><ele>9.415</ele><time>2026-04-25T02:35:34Z</time><sat>13</sat></trkpt>
  <trkpt lat="30.30414273" lon="120.08104888"><ele>9.502</ele><time>2026-04-25T02:35:37Z</time><sat>13</sat></trkpt>
  <trkpt lat="30.30414211" lon="120.08104890"><ele>9.506</ele><time>2026-04-25T02:35:40Z</time><sat>13</sat></trkpt>
  <trkpt lat="30.30414201" lon="120.08104891"><ele>9.508</ele><time>2026-04-25T02:35:43Z</time><sat>12</sat></trkpt>
  <trkpt lat="30.30414202" lon="120.08104896"><ele>9.509</ele><time>2026-04-25T02:35:46Z</time><sat>13</sat></trkpt>
  <trkpt lat="30.30414203" lon="120.08104901"><ele>9.508</ele><time>2026-04-25T02:35:49Z</time><sat>12</sat></trkpt>
  <trkpt lat="30.30414204" lon="120.08104906"><ele>9.507</ele><time>2026-04-25T02:35:52Z</time><sat>12</sat></trkpt>
  <trkpt lat="30.30414205" lon="120.08104907"><ele>9.507</ele><time>2026-04-25T02:35:55Z</time><sat>12</sat></trkpt>
  <trkpt lat="30.30414206" lon="120.08104911"><ele>9.504</ele><time>2026-04-25T02:35:58Z</time><sat>12</sat></trkpt>
  <trkpt lat="30.30414207" lon="120.08104913"><ele>9.495</ele><time>2026-04-25T02:36:01Z</time><sat>14</sat></trkpt>
  <trkpt lat="30.30414211" lon="120.08104917"><ele>9.483</ele><time>2026-04-25T02:36:04Z</time><sat>12</sat></trkpt>
  <trkpt lat="30.30414212" lon="120.08104920"><ele>9.484</ele><time>2026-04-25T02:36:07Z</time><sat>10</sat></trkpt>
  <trkpt lat="30.30414212" lon="120.08104924"><ele>9.482</ele><time>2026-04-25T02:36:10Z</time><sat>10</sat></trkpt>
  <trkpt lat="30.30414213" lon="120.08104927"><ele>9.476</ele><time>2026-04-25T02:36:13Z</time><sat>10</sat></trkpt>
  <trkpt lat="30.30414214" lon="120.08104930"><ele>9.483</ele><time>2026-04-25T02:36:16Z</time><sat>9</sat></trkpt>
  <trkpt lat="30.30414214" lon="120.08104931"><ele>9.477</ele><time>2026-04-25T02:36:19Z</time><sat>10</sat></trkpt>
  <trkpt lat="30.30414214" lon="120.08104935"><ele>9.479</ele><time>2026-04-25T02:36:22Z</time><sat>14</sat></trkpt>
  <trkpt lat="30.30414215" lon="120.08104937"><ele>9.470</ele><time>2026-04-25T02:36:25Z</time><sat>14</sat></trkpt>
  <trkpt lat="30.30414217" lon="120.08104939"><ele>9.469</ele><time>2026-04-25T02:36:28Z</time><sat>15</sat></trkpt>
  <trkpt lat="30.30414217" lon="120.08104941"><ele>9.462</ele><time>2026-04-25T02:36:31Z</time><sat>14</sat></trkpt>
  <trkpt lat="30.30414217" lon="120.08104944"><ele>9.464</ele><time>2026-04-25T02:36:34Z</time><sat>14</sat></trkpt>
  <trkpt lat="30.30414217" lon="120.08104945"><ele>9.472</ele><time>2026-04-25T02:36:37Z</time><sat>13</sat></trkpt>
  <trkpt lat="30.30414216" lon="120.08104946"><ele>9.474</ele><time>2026-04-25T02:36:40Z</time><sat>12</sat></trkpt>
  <trkpt lat="30.30414216" lon="120.08104947"><ele>9.477</ele><time>2026-04-25T02:36:43Z</time><sat>13</sat></trkpt>
  <trkpt lat="30.30414214" lon="120.08104944"><ele>9.473</ele><time>2026-04-25T02:36:46Z</time><sat>16</sat></trkpt>
  <trkpt lat="30.30414214" lon="120.08104945"><ele>9.472</ele><time>2026-04-25T02:36:49Z</time><sat>15</sat></trkpt>
  <trkpt lat="30.30414215" lon="120.08104946"><ele>9.461</ele><time>2026-04-25T02:36:52Z</time><sat>12</sat></trkpt>
  <trkpt lat="30.30414217" lon="120.08104948"><ele>9.457</ele><time>2026-04-25T02:36:55Z</time><sat>15</sat></trkpt>
  <trkpt lat="30.30414216" lon="120.08104951"><ele>9.465</ele><time>2026-04-25T02:36:58Z</time><sat>14</sat></trkpt>
  <trkpt lat="30.30414216" lon="120.08104950"><ele>9.459</ele><time>2026-04-25T02:37:01Z</time><sat>13</sat></trkpt>
  <trkpt lat="30.30414217" lon="120.08104951"><ele>9.455</ele><time>2026-04-25T02:37:04Z</time><sat>18</sat></trkpt>
  <trkpt lat="30.30414218" lon="120.08104953"><ele>9.452</ele><time>2026-04-25T02:37:07Z</time><sat>18</sat></trkpt>
  <trkpt lat="30.30414219" lon="120.08104954"><ele>9.448</ele><time>2026-04-25T02:37:10Z</time><sat>12</sat></trkpt>
  <trkpt lat="30.30414217" lon="120.08104956"><ele>9.449</ele><time>2026-04-25T02:37:13Z</time><sat>13</sat></trkpt>
  <trkpt lat="30.30414217" lon="120.08104957"><ele>9.442</ele><time>2026-04-25T02:37:16Z</time><sat>16</sat></trkpt>
  <trkpt lat="30.30414217" lon="120.08104958"><ele>9.439</ele><time>2026-04-25T02:37:19Z</time><sat>14</sat></trkpt>
  <trkpt lat="30.30414201" lon="120.08104959"><ele>9.449</ele><time>2026-04-25T02:37:22Z</time><sat>11</sat></trkpt>
  <trkpt lat="30.30414196" lon="120.08104959"><ele>9.441</ele><time>2026-04-25T02:37:25Z</time><sat>14</sat></trkpt>
  <trkpt lat="30.30414198" lon="120.08104963"><ele>9.439</ele><time>2026-04-25T02:37:28Z</time><sat>16</sat></trkpt>
  <trkpt lat="30.30414199" lon="120.08104970"><ele>9.433</ele><time>2026-04-25T02:37:31Z</time><sat>13</sat></trkpt>
  <trkpt lat="30.30414197" lon="120.08104972"><ele>9.445</ele><time>2026-04-25T02:37:34Z</time><sat>13</sat></trkpt>
  <trkpt lat="30.30414195" lon="120.08104972"><ele>9.444</ele><time>2026-04-25T02:37:37Z</time><sat>17</sat></trkpt>
  <trkpt lat="30.30414196" lon="120.08104974"><ele>9.435</ele><time>2026-04-25T02:37:40Z</time><sat>18</sat></trkpt>
  <trkpt lat="30.30414200" lon="120.08104976"><ele>9.421</ele><time>2026-04-25T02:37:43Z</time><sat>16</sat></trkpt>
  <trkpt lat="30.30414204" lon="120.08104977"><ele>9.414</ele><time>2026-04-25T02:37:46Z</time><sat>14</sat></trkpt>
  <trkpt lat="30.30414203" lon="120.08104977"><ele>9.417</ele><time>2026-04-25T02:37:49Z</time><sat>15</sat></trkpt>
  <trkpt lat="30.30414204" lon="120.08104975"><ele>9.400</ele><time>2026-04-25T02:37:52Z</time><sat>18</sat></trkpt>
  <trkpt lat="30.30414205" lon="120.08104974"><ele>9.395</ele><time>2026-04-25T02:37:55Z</time><sat>17</sat></trkpt>
  <trkpt lat="30.30414208" lon="120.08104975"><ele>9.392</ele><time>2026-04-25T02:37:58Z</time><sat>14</sat></trkpt>
  <trkpt lat="30.30414201" lon="120.08104977"><ele>9.364</ele><time>2026-04-25T02:38:01Z</time><sat>15</sat></trkpt>
  <trkpt lat="30.30414197" lon="120.08104980"><ele>9.348</ele><time>2026-04-25T02:38:04Z</time><sat>14</sat></trkpt>
  <trkpt lat="30.30414197" lon="120.08104980"><ele>9.337</ele><time>2026-04-25T02:38:07Z</time><sat>15</sat></trkpt>
  <trkpt lat="30.30414198" lon="120.08104979"><ele>9.322</ele><time>2026-04-25T02:38:10Z</time><sat>12</sat></trkpt>
  <trkpt lat="30.30414204" lon="120.08104979"><ele>9.305</ele><time>2026-04-25T02:38:13Z</time><sat>10</sat></trkpt>
  <trkpt lat="30.30414207" lon="120.08104981"><ele>9.294</ele><time>2026-04-25T02:38:16Z</time><sat>14</sat></trkpt>
  <trkpt lat="30.30414210" lon="120.08104983"><ele>9.286</ele><time>2026-04-25T02:38:19Z</time><sat>11</sat></trkpt>
  <trkpt lat="30.30414213" lon="120.08104985"><ele>9.270</ele><time>2026-04-25T02:38:22Z</time><sat>13</sat></trkpt>
  <trkpt lat="30.30414214" lon="120.08104987"><ele>9.255</ele><time>2026-04-25T02:38:25Z</time><sat>14</sat></trkpt>
  <trkpt lat="30.30414212" lon="120.08104993"><ele>9.254</ele><time>2026-04-25T02:38:28Z</time><sat>13</sat></trkpt>
  <trkpt lat="30.30414213" lon="120.08104995"><ele>9.250</ele><time>2026-04-25T02:38:31Z</time><sat>15</sat></trkpt>
  <trkpt lat="30.30414217" lon="120.08104998"><ele>9.242</ele><time>2026-04-25T02:38:34Z</time><sat>17</sat></trkpt>
  <trkpt lat="30.30414218" lon="120.08105003"><ele>9.248</ele><time>2026-04-25T02:38:37Z</time><sat>15</sat></trkpt>
  <trkpt lat="30.30414217" lon="120.08105009"><ele>9.251</ele><time>2026-04-25T02:38:40Z</time><sat>14</sat></trkpt>
  <trkpt lat="30.30414218" lon="120.08105013"><ele>9.256</ele><time>2026-04-25T02:38:43Z</time><sat>16</sat></trkpt>
  <trkpt lat="30.30414218" lon="120.08105014"><ele>9.267</ele><time>2026-04-25T02:38:46Z</time><sat>18</sat></trkpt>
  <trkpt lat="30.30414216" lon="120.08105013"><ele>9.277</ele><time>2026-04-25T02:38:49Z</time><sat>15</sat></trkpt>
  <trkpt lat="30.30414215" lon="120.08105015"><ele>9.283</ele><time>2026-04-25T02:38:52Z</time><sat>10</sat></trkpt>
  <trkpt lat="30.30414216" lon="120.08105016"><ele>9.288</ele><time>2026-04-25T02:38:55Z</time><sat>12</sat></trkpt>
  <trkpt lat="30.30414216" lon="120.08105016"><ele>9.293</ele><time>2026-04-25T02:38:58Z</time><sat>16</sat></trkpt>
  <trkpt lat="30.30414217" lon="120.08105017"><ele>9.289</ele><time>2026-04-25T02:39:01Z</time><sat>15</sat></trkpt>
  <trkpt lat="30.30414216" lon="120.08105018"><ele>9.293</ele><time>2026-04-25T02:39:04Z</time><sat>12</sat></trkpt>
  <trkpt lat="30.30414215" lon="120.08105019"><ele>9.305</ele><time>2026-04-25T02:39:07Z</time><sat>13</sat></trkpt>
  <trkpt lat="30.30414216" lon="120.08105020"><ele>9.303</ele><time>2026-04-25T02:39:10Z</time><sat>13</sat></trkpt>
  <trkpt lat="30.30414217" lon="120.08105022"><ele>9.300</ele><time>2026-04-25T02:39:13Z</time><sat>15</sat></trkpt>
  <trkpt lat="30.30414218" lon="120.08105023"><ele>9.295</ele><time>2026-04-25T02:39:16Z</time><sat>13</sat></trkpt>
  <trkpt lat="30.30414219" lon="120.08105024"><ele>9.300</ele><time>2026-04-25T02:39:19Z</time><sat>13</sat></trkpt>
  <trkpt lat="30.30414220" lon="120.08105026"><ele>9.302</ele><time>2026-04-25T02:39:22Z</time><sat>13</sat></trkpt>
  <trkpt lat="30.30414222" lon="120.08105029"><ele>9.293</ele><time>2026-04-25T02:39:25Z</time><sat>11</sat></trkpt>
  <trkpt lat="30.30414225" lon="120.08105033"><ele>9.285</ele><time>2026-04-25T02:39:28Z</time><sat>10</sat></trkpt>
  <trkpt lat="30.30414228" lon="120.08105036"><ele>9.280</ele><time>2026-04-25T02:39:31Z</time><sat>11</sat></trkpt>
  <trkpt lat="30.30414142" lon="120.08105040"><ele>9.344</ele><time>2026-04-25T02:39:34Z</time><sat>13</sat></trkpt>
  <trkpt lat="30.30414117" lon="120.08105042"><ele>9.341</ele><time>2026-04-25T02:39:37Z</time><sat>16</sat></trkpt>
  <trkpt lat="30.30414113" lon="120.08105042"><ele>9.348</ele><time>2026-04-25T02:39:40Z</time><sat>15</sat></trkpt>
  <trkpt lat="30.30414113" lon="120.08105046"><ele>9.349</ele><time>2026-04-25T02:39:43Z</time><sat>11</sat></trkpt>
  <trkpt lat="30.30414143" lon="120.08105047"><ele>9.321</ele><time>2026-04-25T02:39:46Z</time><sat>16</sat></trkpt>
  <trkpt lat="30.30414156" lon="120.08105053"><ele>9.309</ele><time>2026-04-25T02:39:49Z</time><sat>17</sat></trkpt>
  <trkpt lat="30.30414162" lon="120.08105059"><ele>9.298</ele><time>2026-04-25T02:39:52Z</time><sat>15</sat></trkpt>
  <trkpt lat="30.30414167" lon="120.08105065"><ele>9.291</ele><time>2026-04-25T02:39:55Z</time><sat>14</sat></trkpt>
  <trkpt lat="30.30414088" lon="120.08105072"><ele>9.351</ele><time>2026-04-25T02:39:58Z</time><sat>15</sat></trkpt>
  <trkpt lat="30.30414068" lon="120.08105077"><ele>9.345</ele><time>2026-04-25T02:40:01Z</time><sat>14</sat></trkpt>
  <trkpt lat="30.30414066" lon="120.08105080"><ele>9.342</ele><time>2026-04-25T02:40:04Z</time><sat>13</sat></trkpt>
  <trkpt lat="30.30414067" lon="120.08105081"><ele>9.343</ele><time>2026-04-25T02:40:07Z</time><sat>16</sat></trkpt>
  <trkpt lat="30.30414189" lon="120.08105078"><ele>9.243</ele><time>2026-04-25T02:40:10Z</time><sat>16</sat></trkpt>
  <trkpt lat="30.30414224" lon="120.08105077"><ele>9.249</ele><time>2026-04-25T02:40:13Z</time><sat>16</sat></trkpt>
  <trkpt lat="30.30414229" lon="120.08105077"><ele>9.245</ele><time>2026-04-25T02:40:16Z</time><sat>10</sat></trkpt>
  <trkpt lat="30.30414231" lon="120.08105077"><ele>9.246</ele><time>2026-04-25T02:40:19Z</time><sat>12</sat></trkpt>
  <trkpt lat="30.30414233" lon="120.08105079"><ele>9.237</ele><time>2026-04-25T02:40:22Z</time><sat>17</sat></trkpt>
  <trkpt lat="30.30414235" lon="120.08105080"><ele>9.229</ele><time>2026-04-25T02:40:25Z</time><sat>14</sat></trkpt>
  <trkpt lat="30.30414239" lon="120.08105082"><ele>9.214</ele><time>2026-04-25T02:40:28Z</time><sat>9</sat></trkpt>
  <trkpt lat="30.30414242" lon="120.08105084"><ele>9.214</ele><time>2026-04-25T02:40:31Z</time><sat>11</sat></trkpt>
  <trkpt lat="30.30414242" lon="120.08105083"><ele>9.219</ele><time>2026-04-25T02:40:34Z</time><sat>16</sat></trkpt>
  <trkpt lat="30.30414242" lon="120.08105084"><ele>9.218</ele><time>2026-04-25T02:40:37Z</time><sat>15</sat></trkpt>
  <trkpt lat="30.30414244" lon="120.08105085"><ele>9.211</ele><time>2026-04-25T02:40:40Z</time><sat>12</sat></trkpt>
  <trkpt lat="30.30414244" lon="120.08105085"><ele>9.208</ele><time>2026-04-25T02:40:43Z</time><sat>13</sat></trkpt>
  <trkpt lat="30.30414244" lon="120.08105087"><ele>9.209</ele><time>2026-04-25T02:40:46Z</time><sat>16</sat></trkpt>
  <trkpt lat="30.30414246" lon="120.08105091"><ele>9.210</ele><time>2026-04-25T02:40:49Z</time><sat>16</sat></trkpt>
  <trkpt lat="30.30414250" lon="120.08105095"><ele>9.205</ele><time>2026-04-25T02:40:52Z</time><sat>12</sat></trkpt>
  <trkpt lat="30.30414250" lon="120.08105100"><ele>9.217</ele><time>2026-04-25T02:40:55Z</time><sat>13</sat></trkpt>
  <trkpt lat="30.30414253" lon="120.08105104"><ele>9.212</ele><time>2026-04-25T02:40:58Z</time><sat>15</sat></trkpt>
  <trkpt lat="30.30414254" lon="120.08105107"><ele>9.220</ele><time>2026-04-25T02:41:01Z</time><sat>14</sat></trkpt>
  <trkpt lat="30.30414254" lon="120.08105108"><ele>9.230</ele><time>2026-04-25T02:41:04Z</time><sat>13</sat></trkpt>
  <trkpt lat="30.30414253" lon="120.08105109"><ele>9.237</ele><time>2026-04-25T02:41:07Z</time><sat>12</sat></trkpt>
  <trkpt lat="30.30414251" lon="120.08105114"><ele>9.232</ele><time>2026-04-25T02:41:10Z</time><sat>10</sat></trkpt>
  <trkpt lat="30.30414248" lon="120.08105121"><ele>9.222</ele><time>2026-04-25T02:41:13Z</time><sat>11</sat></trkpt>
  <trkpt lat="30.30414246" lon="120.08105124"><ele>9.221</ele><time>2026-04-25T02:41:16Z</time><sat>12</sat></trkpt>
  <trkpt lat="30.30414245" lon="120.08105126"><ele>9.226</ele><time>2026-04-25T02:41:19Z</time><sat>13</sat></trkpt>
  <trkpt lat="30.30414245" lon="120.08105127"><ele>9.230</ele><time>2026-04-25T02:41:22Z</time><sat>12</sat></trkpt>
  <trkpt lat="30.30414246" lon="120.08105127"><ele>9.228</ele><time>2026-04-25T02:41:25Z</time><sat>13</sat></trkpt>
  <trkpt lat="30.30414246" lon="120.08105128"><ele>9.233</ele><time>2026-04-25T02:41:28Z</time><sat>14</sat></trkpt>
  <trkpt lat="30.30414246" lon="120.08105129"><ele>9.234</ele><time>2026-04-25T02:41:31Z</time><sat>10</sat></trkpt>
  <trkpt lat="30.30414244" lon="120.08105128"><ele>9.234</ele><time>2026-04-25T02:41:34Z</time><sat>12</sat></trkpt>
  <trkpt lat="30.30414244" lon="120.08105132"><ele>9.238</ele><time>2026-04-25T02:41:37Z</time><sat>13</sat></trkpt>
  <trkpt lat="30.30414246" lon="120.08105135"><ele>9.241</ele><time>2026-04-25T02:41:40Z</time><sat>14</sat></trkpt>
  <trkpt lat="30.30414245" lon="120.08105138"><ele>9.246</ele><time>2026-04-25T02:41:43Z</time><sat>13</sat></trkpt>
  <trkpt lat="30.30414244" lon="120.08105139"><ele>9.248</ele><time>2026-04-25T02:41:46Z</time><sat>14</sat></trkpt>
  <trkpt lat="30.30414244" lon="120.08105140"><ele>9.249</ele><time>2026-04-25T02:41:49Z</time><sat>12</sat></trkpt>
  <trkpt lat="30.30414245" lon="120.08105142"><ele>9.252</ele><time>2026-04-25T02:41:52Z</time><sat>12</sat></trkpt>
  <trkpt lat="30.30414244" lon="120.08105141"><ele>9.249</ele><time>2026-04-25T02:41:55Z</time><sat>14</sat></trkpt>
  <trkpt lat="30.30414244" lon="120.08105141"><ele>9.245</ele><time>2026-04-25T02:41:58Z</time><sat>15</sat></trkpt>
  <trkpt lat="30.30414246" lon="120.08105141"><ele>9.236</ele><time>2026-04-25T02:42:01Z</time><sat>16</sat></trkpt>
  <trkpt lat="30.30414247" lon="120.08105141"><ele>9.233</ele><time>2026-04-25T02:42:04Z</time><sat>14</sat></trkpt>
  <trkpt lat="30.30414249" lon="120.08105140"><ele>9.228</ele><time>2026-04-25T02:42:07Z</time><sat>14</sat></trkpt>
  <trkpt lat="30.30414249" lon="120.08105141"><ele>9.223</ele><time>2026-04-25T02:42:10Z</time><sat>18</sat></trkpt>
  <trkpt lat="30.30414248" lon="120.08105140"><ele>9.224</ele><time>2026-04-25T02:42:13Z</time><sat>17</sat></trkpt>
  <trkpt lat="30.30414248" lon="120.08105141"><ele>9.216</ele><time>2026-04-25T02:42:16Z</time><sat>15</sat></trkpt>
  <trkpt lat="30.30414248" lon="120.08105142"><ele>9.212</ele><time>2026-04-25T02:42:19Z</time><sat>16</sat></trkpt>
  <trkpt lat="30.30414247" lon="120.08105143"><ele>9.210</ele><time>2026-04-25T02:42:22Z</time><sat>17</sat></trkpt>
  <trkpt lat="30.30414251" lon="120.08105141"><ele>9.204</ele><time>2026-04-25T02:42:25Z</time><sat>13</sat></trkpt>
  <trkpt lat="30.30414253" lon="120.08105138"><ele>9.201</ele><time>2026-04-25T02:42:28Z</time><sat>14</sat></trkpt>
  <trkpt lat="30.30414256" lon="120.08105136"><ele>9.196</ele><time>2026-04-25T02:42:31Z</time><sat>17</sat></trkpt>
  <trkpt lat="30.30414258" lon="120.08105134"><ele>9.192</ele><time>2026-04-25T02:42:34Z</time><sat>18</sat></trkpt>
  <trkpt lat="30.30414260" lon="120.08105133"><ele>9.188</ele><time>2026-04-25T02:42:37Z</time><sat>14</sat></trkpt>
  <trkpt lat="30.30414259" lon="120.08105132"><ele>9.181</ele><time>2026-04-25T02:42:40Z</time><sat>10</sat></trkpt>
  <trkpt lat="30.30414261" lon="120.08105132"><ele>9.177</ele><time>2026-04-25T02:42:43Z</time><sat>13</sat></trkpt>
  <trkpt lat="30.30414262" lon="120.08105132"><ele>9.173</ele><time>2026-04-25T02:42:46Z</time><sat>15</sat></trkpt>
  <trkpt lat="30.30414259" lon="120.08105132"><ele>9.178</ele><time>2026-04-25T02:42:49Z</time><sat>12</sat></trkpt>
  <trkpt lat="30.30414259" lon="120.08105131"><ele>9.170</ele><time>2026-04-25T02:42:52Z</time><sat>14</sat></trkpt>
  <trkpt lat="30.30414259" lon="120.08105132"><ele>9.169</ele><time>2026-04-25T02:42:55Z</time><sat>17</sat></trkpt>
  <trkpt lat="30.30414259" lon="120.08105134"><ele>9.165</ele><time>2026-04-25T02:42:58Z</time><sat>16</sat></trkpt>
  <trkpt lat="30.30414259" lon="120.08105132"><ele>9.171</ele><time>2026-04-25T02:43:01Z</time><sat>16</sat></trkpt>
  <trkpt lat="30.30414259" lon="120.08105133"><ele>9.166</ele><time>2026-04-25T02:43:04Z</time><sat>16</sat></trkpt>
  <trkpt lat="30.30414262" lon="120.08105134"><ele>9.159</ele><time>2026-04-25T02:43:07Z</time><sat>16</sat></trkpt>
  <trkpt lat="30.30414261" lon="120.08105137"><ele>9.173</ele><time>2026-04-25T02:43:10Z</time><sat>17</sat></trkpt>
  <trkpt lat="30.30414263" lon="120.08105140"><ele>9.170</ele><time>2026-04-25T02:43:13Z</time><sat>12</sat></trkpt>
  <trkpt lat="30.30414263" lon="120.08105140"><ele>9.174</ele><time>2026-04-25T02:43:16Z</time><sat>12</sat></trkpt>
  <trkpt lat="30.30414263" lon="120.08105141"><ele>9.175</ele><time>2026-04-25T02:43:19Z</time><sat>16</sat></trkpt>
  <trkpt lat="30.30414263" lon="120.08105145"><ele>9.177</ele><time>2026-04-25T02:43:22Z</time><sat>16</sat></trkpt>
  <trkpt lat="30.30414263" lon="120.08105146"><ele>9.178</ele><time>2026-04-25T02:43:25Z</time><sat>13</sat></trkpt>
  <trkpt lat="30.30414266" lon="120.08105146"><ele>9.171</ele><time>2026-04-25T02:43:28Z</time><sat>16</sat></trkpt>
  <trkpt lat="30.30414269" lon="120.08105145"><ele>9.167</ele><time>2026-04-25T02:43:31Z</time><sat>20</sat></trkpt>
  <trkpt lat="30.30414272" lon="120.08105147"><ele>9.171</ele><time>2026-04-25T02:43:34Z</time><sat>19</sat></trkpt>
  <trkpt lat="30.30414269" lon="120.08105147"><ele>9.184</ele><time>2026-04-25T02:43:37Z</time><sat>17</sat></trkpt>
  <trkpt lat="30.30414266" lon="120.08105145"><ele>9.199</ele><time>2026-04-25T02:43:40Z</time><sat>18</sat></trkpt>
  <trkpt lat="30.30414264" lon="120.08105146"><ele>9.215</ele><time>2026-04-25T02:43:43Z</time><sat>19</sat></trkpt>
  <trkpt lat="30.30414261" lon="120.08105146"><ele>9.218</ele><time>2026-04-25T02:43:46Z</time><sat>16</sat></trkpt>
  <trkpt lat="30.30414262" lon="120.08105149"><ele>9.223</ele><time>2026-04-25T02:43:49Z</time><sat>16</sat></trkpt>
  <trkpt lat="30.30414263" lon="120.08105154"><ele>9.226</ele><time>2026-04-25T02:43:52Z</time><sat>18</sat></trkpt>
  <trkpt lat="30.30414263" lon="120.08105158"><ele>9.226</ele><time>2026-04-25T02:43:55Z</time><sat>17</sat></trkpt>
  <trkpt lat="30.30414263" lon="120.08105160"><ele>9.228</ele><time>2026-04-25T02:43:58Z</time><sat>16</sat></trkpt>
  <trkpt lat="30.30414263" lon="120.08105162"><ele>9.233</ele><time>2026-04-25T02:44:01Z</time><sat>15</sat></trkpt>
  <trkpt lat="30.30414263" lon="120.08105164"><ele>9.230</ele><time>2026-04-25T02:44:04Z</time><sat>14</sat></trkpt>
  <trkpt lat="30.30414263" lon="120.08105166"><ele>9.236</ele><time>2026-04-25T02:44:07Z</time><sat>15</sat></trkpt>
  <trkpt lat="30.30414264" lon="120.08105168"><ele>9.228</ele><time>2026-04-25T02:44:10Z</time><sat>17</sat></trkpt>
  <trkpt lat="30.30414265" lon="120.08105171"><ele>9.229</ele><time>2026-04-25T02:44:13Z</time><sat>15</sat></trkpt>
  <trkpt lat="30.30414265" lon="120.08105172"><ele>9.235</ele><time>2026-04-25T02:44:16Z</time><sat>13</sat></trkpt>
  <trkpt lat="30.30414266" lon="120.08105175"><ele>9.242</ele><time>2026-04-25T02:44:19Z</time><sat>12</sat></trkpt>
  <trkpt lat="30.30414268" lon="120.08105179"><ele>9.238</ele><time>2026-04-25T02:44:22Z</time><sat>16</sat></trkpt>
  <trkpt lat="30.30414270" lon="120.08105184"><ele>9.244</ele><time>2026-04-25T02:44:25Z</time><sat>16</sat></trkpt>
  <trkpt lat="30.30414272" lon="120.08105189"><ele>9.238</ele><time>2026-04-25T02:44:28Z</time><sat>11</sat></trkpt>
  <trkpt lat="30.30414273" lon="120.08105191"><ele>9.239</ele><time>2026-04-25T02:44:31Z</time><sat>12</sat></trkpt>
  <trkpt lat="30.30414206" lon="120.08105194"><ele>9.303</ele><time>2026-04-25T02:44:34Z</time><sat>15</sat></trkpt>
  <trkpt lat="30.30414159" lon="120.08105197"><ele>9.305</ele><time>2026-04-25T02:44:37Z</time><sat>16</sat></trkpt>
  <trkpt lat="30.30414153" lon="120.08105200"><ele>9.306</ele><time>2026-04-25T02:44:40Z</time><sat>11</sat></trkpt>
  <trkpt lat="30.30414173" lon="120.08105200"><ele>9.295</ele><time>2026-04-25T02:44:43Z</time><sat>11</sat></trkpt>
  <trkpt lat="30.30414146" lon="120.08105203"><ele>9.320</ele><time>2026-04-25T02:44:46Z</time><sat>14</sat></trkpt>
  <trkpt lat="30.30414138" lon="120.08105208"><ele>9.325</ele><time>2026-04-25T02:44:49Z</time><sat>13</sat></trkpt>
  <trkpt lat="30.30414137" lon="120.08105211"><ele>9.324</ele><time>2026-04-25T02:44:52Z</time><sat>11</sat></trkpt>
  <trkpt lat="30.30414138" lon="120.08105213"><ele>9.318</ele><time>2026-04-25T02:44:55Z</time><sat>12</sat></trkpt>
  <trkpt lat="30.30414138" lon="120.08105214"><ele>9.318</ele><time>2026-04-25T02:44:58Z</time><sat>13</sat></trkpt>
  <trkpt lat="30.30414138" lon="120.08105214"><ele>9.317</ele><time>2026-04-25T02:45:01Z</time><sat>12</sat></trkpt>
  <trkpt lat="30.30414138" lon="120.08105213"><ele>9.319</ele><time>2026-04-25T02:45:04Z</time><sat>12</sat></trkpt>
  <trkpt lat="30.30414138" lon="120.08105213"><ele>9.319</ele><time>2026-04-25T02:45:07Z</time><sat>16</sat></trkpt>
  <trkpt lat="30.30414138" lon="120.08105213"><ele>9.318</ele><time>2026-04-25T02:45:10Z</time><sat>15</sat></trkpt>
  <trkpt lat="30.30414140" lon="120.08105211"><ele>9.313</ele><time>2026-04-25T02:45:13Z</time><sat>13</sat></trkpt>
  <trkpt lat="30.30414141" lon="120.08105211"><ele>9.315</ele><time>2026-04-25T02:45:16Z</time><sat>13</sat></trkpt>
  <trkpt lat="30.30414143" lon="120.08105211"><ele>9.309</ele><time>2026-04-25T02:45:19Z</time><sat>14</sat></trkpt>
  <trkpt lat="30.30414145" lon="120.08105212"><ele>9.303</ele><time>2026-04-25T02:45:22Z</time><sat>15</sat></trkpt>
  <trkpt lat="30.30414147" lon="120.08105213"><ele>9.304</ele><time>2026-04-25T02:45:25Z</time><sat>14</sat></trkpt>
  <trkpt lat="30.30414144" lon="120.08105216"><ele>9.292</ele><time>2026-04-25T02:45:28Z</time><sat>13</sat></trkpt>
  <trkpt lat="30.30414141" lon="120.08105218"><ele>9.293</ele><time>2026-04-25T02:45:31Z</time><sat>14</sat></trkpt>
  <trkpt lat="30.30414141" lon="120.08105218"><ele>9.292</ele><time>2026-04-25T02:45:34Z</time><sat>16</sat></trkpt>
  <trkpt lat="30.30414142" lon="120.08105218"><ele>9.293</ele><time>2026-04-25T02:45:37Z</time><sat>16</sat></trkpt>
  <trkpt lat="30.30414142" lon="120.08105219"><ele>9.287</ele><time>2026-04-25T02:45:40Z</time><sat>15</sat></trkpt>
  <trkpt lat="30.30414139" lon="120.08105221"><ele>9.282</ele><time>2026-04-25T02:45:43Z</time><sat>15</sat></trkpt>
  <trkpt lat="30.30414134" lon="120.08105224"><ele>9.279</ele><time>2026-04-25T02:45:46Z</time><sat>13</sat></trkpt>
  <trkpt lat="30.30414131" lon="120.08105227"><ele>9.262</ele><time>2026-04-25T02:45:49Z</time><sat>16</sat></trkpt>
  <trkpt lat="30.30414121" lon="120.08105232"><ele>9.250</ele><time>2026-04-25T02:45:52Z</time><sat>19</sat></trkpt>
  <trkpt lat="30.30414115" lon="120.08105236"><ele>9.238</ele><time>2026-04-25T02:45:55Z</time><sat>16</sat></trkpt>
  <trkpt lat="30.30414108" lon="120.08105241"><ele>9.228</ele><time>2026-04-25T02:45:58Z</time><sat>12</sat></trkpt>
  <trkpt lat="30.30414106" lon="120.08105243"><ele>9.229</ele><time>2026-04-25T02:46:01Z</time><sat>16</sat></trkpt>
  <trkpt lat="30.30414106" lon="120.08105244"><ele>9.224</ele><time>2026-04-25T02:46:04Z</time><sat>17</sat></trkpt>
  <trkpt lat="30.30414097" lon="120.08105250"><ele>9.207</ele><time>2026-04-25T02:46:07Z</time><sat>12</sat></trkpt>
  <trkpt lat="30.30414091" lon="120.08105253"><ele>9.203</ele><time>2026-04-25T02:46:10Z</time><sat>12</sat></trkpt>
  <trkpt lat="30.30414080" lon="120.08105258"><ele>9.202</ele><time>2026-04-25T02:46:13Z</time><sat>16</sat></trkpt>
  <trkpt lat="30.30414079" lon="120.08105259"><ele>9.204</ele><time>2026-04-25T02:46:16Z</time><sat>18</sat></trkpt>
  <trkpt lat="30.30414079" lon="120.08105260"><ele>9.204</ele><time>2026-04-25T02:46:19Z</time><sat>14</sat></trkpt>
  <trkpt lat="30.30414083" lon="120.08105263"><ele>9.202</ele><time>2026-04-25T02:46:22Z</time><sat>11</sat></trkpt>
  <trkpt lat="30.30414086" lon="120.08105267"><ele>9.199</ele><time>2026-04-25T02:46:25Z</time><sat>14</sat></trkpt>
  <trkpt lat="30.30414088" lon="120.08105273"><ele>9.206</ele><time>2026-04-25T02:46:28Z</time><sat>16</sat></trkpt>
  <trkpt lat="30.30414089" lon="120.08105276"><ele>9.207</ele><time>2026-04-25T02:46:31Z</time><sat>13</sat></trkpt>
  <trkpt lat="30.30414092" lon="120.08105283"><ele>9.209</ele><time>2026-04-25T02:46:34Z</time><sat>12</sat></trkpt>
  <trkpt lat="30.30414093" lon="120.08105289"><ele>9.216</ele><time>2026-04-25T02:46:37Z</time><sat>14</sat></trkpt>
  <trkpt lat="30.30414094" lon="120.08105293"><ele>9.219</ele><time>2026-04-25T02:46:40Z</time><sat>15</sat></trkpt>
  <trkpt lat="30.30414096" lon="120.08105298"><ele>9.222</ele><time>2026-04-25T02:46:43Z</time><sat>14</sat></trkpt>
  <trkpt lat="30.30414099" lon="120.08105303"><ele>9.220</ele><time>2026-04-25T02:46:46Z</time><sat>15</sat></trkpt>
  <trkpt lat="30.30414097" lon="120.08105304"><ele>9.226</ele><time>2026-04-25T02:46:49Z</time><sat>14</sat></trkpt>
  <trkpt lat="30.30414099" lon="120.08105309"><ele>9.234</ele><time>2026-04-25T02:46:52Z</time><sat>12</sat></trkpt>
  <trkpt lat="30.30414096" lon="120.08105312"><ele>9.242</ele><time>2026-04-25T02:46:55Z</time><sat>14</sat></trkpt>
  <trkpt lat="30.30414089" lon="120.08105313"><ele>9.247</ele><time>2026-04-25T02:46:58Z</time><sat>15</sat></trkpt>
  <trkpt lat="30.30414084" lon="120.08105314"><ele>9.244</ele><time>2026-04-25T02:47:01Z</time><sat>14</sat></trkpt>
  <trkpt lat="30.30414083" lon="120.08105314"><ele>9.244</ele><time>2026-04-25T02:47:04Z</time><sat>13</sat></trkpt>
  <trkpt lat="30.30414085" lon="120.08105315"><ele>9.239</ele><time>2026-04-25T02:47:07Z</time><sat>10</sat></trkpt>
  <trkpt lat="30.30414084" lon="120.08105314"><ele>9.242</ele><time>2026-04-25T02:47:10Z</time><sat>10</sat></trkpt>
  <trkpt lat="30.30414085" lon="120.08105317"><ele>9.243</ele><time>2026-04-25T02:47:13Z</time><sat>13</sat></trkpt>
  <trkpt lat="30.30414085" lon="120.08105321"><ele>9.244</ele><time>2026-04-25T02:47:16Z</time><sat>14</sat></trkpt>
  <trkpt lat="30.30414085" lon="120.08105323"><ele>9.245</ele><time>2026-04-25T02:47:19Z</time><sat>15</sat></trkpt>
  <trkpt lat="30.30414087" lon="120.08105324"><ele>9.238</ele><time>2026-04-25T02:47:22Z</time><sat>14</sat></trkpt>
  <trkpt lat="30.30414090" lon="120.08105327"><ele>9.233</ele><time>2026-04-25T02:47:25Z</time><sat>13</sat></trkpt>
  <trkpt lat="30.30414091" lon="120.08105327"><ele>9.227</ele><time>2026-04-25T02:47:28Z</time><sat>13</sat></trkpt>
  <trkpt lat="30.30414092" lon="120.08105328"><ele>9.228</ele><time>2026-04-25T02:47:31Z</time><sat>14</sat></trkpt>
  <trkpt lat="30.30414094" lon="120.08105331"><ele>9.228</ele><time>2026-04-25T02:47:34Z</time><sat>12</sat></trkpt>
  <trkpt lat="30.30414096" lon="120.08105335"><ele>9.224</ele><time>2026-04-25T02:47:37Z</time><sat>13</sat></trkpt>
  <trkpt lat="30.30414097" lon="120.08105337"><ele>9.218</ele><time>2026-04-25T02:47:40Z</time><sat>12</sat></trkpt>
  <trkpt lat="30.30414100" lon="120.08105342"><ele>9.214</ele><time>2026-04-25T02:47:43Z</time><sat>13</sat></trkpt>
  <trkpt lat="30.30414105" lon="120.08105347"><ele>9.212</ele><time>2026-04-25T02:47:46Z</time><sat>12</sat></trkpt>
  <trkpt lat="30.30414106" lon="120.08105350"><ele>9.212</ele><time>2026-04-25T02:47:49Z</time><sat>14</sat></trkpt>
  <trkpt lat="30.30414107" lon="120.08105353"><ele>9.207</ele><time>2026-04-25T02:47:52Z</time><sat>15</sat></trkpt>
  <trkpt lat="30.30414108" lon="120.08105358"><ele>9.207</ele><time>2026-04-25T02:47:55Z</time><sat>12</sat></trkpt>
  <trkpt lat="30.30414107" lon="120.08105361"><ele>9.203</ele><time>2026-04-25T02:47:58Z</time><sat>13</sat></trkpt>
  <trkpt lat="30.30414106" lon="120.08105362"><ele>9.203</ele><time>2026-04-25T02:48:01Z</time><sat>13</sat></trkpt>
  <trkpt lat="30.30414107" lon="120.08105362"><ele>9.198</ele><time>2026-04-25T02:48:04Z</time><sat>12</sat></trkpt>
  <trkpt lat="30.30414117" lon="120.08105362"><ele>9.180</ele><time>2026-04-25T02:48:07Z</time><sat>12</sat></trkpt>
  <trkpt lat="30.30414123" lon="120.08105360"><ele>9.182</ele><time>2026-04-25T02:48:10Z</time><sat>12</sat></trkpt>
  <trkpt lat="30.30414123" lon="120.08105358"><ele>9.184</ele><time>2026-04-25T02:48:13Z</time><sat>12</sat></trkpt>
  <trkpt lat="30.30414122" lon="120.08105356"><ele>9.188</ele><time>2026-04-25T02:48:16Z</time><sat>14</sat></trkpt>
  <trkpt lat="30.30414121" lon="120.08105356"><ele>9.190</ele><time>2026-04-25T02:48:19Z</time><sat>13</sat></trkpt>
  <trkpt lat="30.30414121" lon="120.08105355"><ele>9.186</ele><time>2026-04-25T02:48:22Z</time><sat>12</sat></trkpt>
  <trkpt lat="30.30414122" lon="120.08105356"><ele>9.182</ele><time>2026-04-25T02:48:25Z</time><sat>11</sat></trkpt>
  <trkpt lat="30.30414123" lon="120.08105356"><ele>9.178</ele><time>2026-04-25T02:48:28Z</time><sat>13</sat></trkpt>
  <trkpt lat="30.30414127" lon="120.08105358"><ele>9.167</ele><time>2026-04-25T02:48:31Z</time><sat>12</sat></trkpt>
  <trkpt lat="30.30414127" lon="120.08105360"><ele>9.171</ele><time>2026-04-25T02:48:34Z</time><sat>12</sat></trkpt>
  <trkpt lat="30.30414126" lon="120.08105361"><ele>9.170</ele><time>2026-04-25T02:48:37Z</time><sat>12</sat></trkpt>
  <trkpt lat="30.30414127" lon="120.08105362"><ele>9.166</ele><time>2026-04-25T02:48:40Z</time><sat>15</sat></trkpt>
  <trkpt lat="30.30414128" lon="120.08105364"><ele>9.162</ele><time>2026-04-25T02:48:43Z</time><sat>11</sat></trkpt>
  <trkpt lat="30.30414130" lon="120.08105365"><ele>9.152</ele><time>2026-04-25T02:48:46Z</time><sat>9</sat></trkpt>
  <trkpt lat="30.30414132" lon="120.08105366"><ele>9.152</ele><time>2026-04-25T02:48:49Z</time><sat>11</sat></trkpt>
  <trkpt lat="30.30414133" lon="120.08105365"><ele>9.155</ele><time>2026-04-25T02:48:52Z</time><sat>14</sat></trkpt>
  <trkpt lat="30.30414134" lon="120.08105367"><ele>9.152</ele><time>2026-04-25T02:48:55Z</time><sat>12</sat></trkpt>
  <trkpt lat="30.30414126" lon="120.08105369"><ele>9.177</ele><time>2026-04-25T02:48:58Z</time><sat>14</sat></trkpt>
  <trkpt lat="30.30414121" lon="120.08105374"><ele>9.173</ele><time>2026-04-25T02:49:01Z</time><sat>15</sat></trkpt>
  <trkpt lat="30.30414099" lon="120.08105384"><ele>9.197</ele><time>2026-04-25T02:49:04Z</time><sat>14</sat></trkpt>
  <trkpt lat="30.30414097" lon="120.08105386"><ele>9.193</ele><time>2026-04-25T02:49:07Z</time><sat>14</sat></trkpt>
  <trkpt lat="30.30414100" lon="120.08105389"><ele>9.187</ele><time>2026-04-25T02:49:10Z</time><sat>14</sat></trkpt>
  <trkpt lat="30.30414100" lon="120.08105388"><ele>9.189</ele><time>2026-04-25T02:49:13Z</time><sat>12</sat></trkpt>
  <trkpt lat="30.30414109" lon="120.08105386"><ele>9.167</ele><time>2026-04-25T02:49:16Z</time><sat>11</sat></trkpt>
  <trkpt lat="30.30414121" lon="120.08105385"><ele>9.163</ele><time>2026-04-25T02:49:19Z</time><sat>13</sat></trkpt>
  <trkpt lat="30.30414123" lon="120.08105386"><ele>9.161</ele><time>2026-04-25T02:49:22Z</time><sat>13</sat></trkpt>
  <trkpt lat="30.30414123" lon="120.08105387"><ele>9.165</ele><time>2026-04-25T02:49:25Z</time><sat>11</sat></trkpt>
  <trkpt lat="30.30414121" lon="120.08105387"><ele>9.166</ele><time>2026-04-25T02:49:28Z</time><sat>11</sat></trkpt>
  <trkpt lat="30.30414118" lon="120.08105386"><ele>9.171</ele><time>2026-04-25T02:49:31Z</time><sat>8</sat></trkpt>
  <trkpt lat="30.30414115" lon="120.08105386"><ele>9.178</ele><time>2026-04-25T02:49:34Z</time><sat>9</sat></trkpt>
  <trkpt lat="30.30414113" lon="120.08105386"><ele>9.182</ele><time>2026-04-25T02:49:37Z</time><sat>12</sat></trkpt>
  <trkpt lat="30.30414113" lon="120.08105386"><ele>9.183</ele><time>2026-04-25T02:49:40Z</time><sat>10</sat></trkpt>
  <trkpt lat="30.30414109" lon="120.08105382"><ele>9.186</ele><time>2026-04-25T02:49:43Z</time><sat>9</sat></trkpt>
  <trkpt lat="30.30414106" lon="120.08105381"><ele>9.194</ele><time>2026-04-25T02:49:46Z</time><sat>9</sat></trkpt>
  <trkpt lat="30.30414103" lon="120.08105381"><ele>9.201</ele><time>2026-04-25T02:49:49Z</time><sat>10</sat></trkpt>
  <trkpt lat="30.30414103" lon="120.08105381"><ele>9.199</ele><time>2026-04-25T02:49:52Z</time><sat>11</sat></trkpt>
  <trkpt lat="30.30414105" lon="120.08105382"><ele>9.194</ele><time>2026-04-25T02:49:55Z</time><sat>12</sat></trkpt>
  <trkpt lat="30.30414103" lon="120.08105381"><ele>9.200</ele><time>2026-04-25T02:49:58Z</time><sat>12</sat></trkpt>
  <trkpt lat="30.30414101" lon="120.08105381"><ele>9.205</ele><time>2026-04-25T02:50:01Z</time><sat>13</sat></trkpt>
  <trkpt lat="30.30414101" lon="120.08105380"><ele>9.208</ele><time>2026-04-25T02:50:04Z</time><sat>13</sat></trkpt>
  <trkpt lat="30.30414100" lon="120.08105380"><ele>9.211</ele><time>2026-04-25T02:50:07Z</time><sat>7</sat></trkpt>
  <trkpt lat="30.30414100" lon="120.08105381"><ele>9.211</ele><time>2026-04-25T02:50:10Z</time><sat>7</sat></trkpt>
  <trkpt lat="30.30414100" lon="120.08105383"><ele>9.215</ele><time>2026-04-25T02:50:13Z</time><sat>11</sat></trkpt>
  <trkpt lat="30.30414100" lon="120.08105385"><ele>9.218</ele><time>2026-04-25T02:50:16Z</time><sat>13</sat></trkpt>
  <trkpt lat="30.30414100" lon="120.08105384"><ele>9.220</ele><time>2026-04-25T02:50:19Z</time><sat>10</sat></trkpt>
  <trkpt lat="30.30414101" lon="120.08105385"><ele>9.219</ele><time>2026-04-25T02:50:22Z</time><sat>10</sat></trkpt>
  <trkpt lat="30.30414102" lon="120.08105386"><ele>9.220</ele><time>2026-04-25T02:50:25Z</time><sat>13</sat></trkpt>
  <trkpt lat="30.30414103" lon="120.08105387"><ele>9.218</ele><time>2026-04-25T02:50:28Z</time><sat>12</sat></trkpt>
  <trkpt lat="30.30414103" lon="120.08105388"><ele>9.217</ele><time>2026-04-25T02:50:31Z</time><sat>9</sat></trkpt>
  <trkpt lat="30.30414104" lon="120.08105389"><ele>9.216</ele><time>2026-04-25T02:50:34Z</time><sat>10</sat></trkpt>
  <trkpt lat="30.30414104" lon="120.08105391"><ele>9.219</ele><time>2026-04-25T02:50:37Z</time><sat>12</sat></trkpt>
  <trkpt lat="30.30414105" lon="120.08105391"><ele>9.221</ele><time>2026-04-25T02:50:40Z</time><sat>13</sat></trkpt>
  <trkpt lat="30.30414104" lon="120.08105391"><ele>9.223</ele><time>2026-04-25T02:50:43Z</time><sat>13</sat></trkpt>
  <trkpt lat="30.30414104" lon="120.08105393"><ele>9.222</ele><time>2026-04-25T02:50:46Z</time><sat>14</sat></trkpt>
  <trkpt lat="30.30414107" lon="120.08105396"><ele>9.214</ele><time>2026-04-25T02:50:49Z</time><sat>14</sat></trkpt>
  <trkpt lat="30.30414107" lon="120.08105395"><ele>9.217</ele><time>2026-04-25T02:50:52Z</time><sat>12</sat></trkpt>
  <trkpt lat="30.30414107" lon="120.08105396"><ele>9.215</ele><time>2026-04-25T02:50:55Z</time><sat>8</sat></trkpt>
  <trkpt lat="30.30414082" lon="120.08105408"><ele>9.245</ele><time>2026-04-25T02:50:58Z</time><sat>10</sat></trkpt>
  <trkpt lat="30.30414074" lon="120.08105412"><ele>9.249</ele><time>2026-04-25T02:51:01Z</time><sat>14</sat></trkpt>
  <trkpt lat="30.30414074" lon="120.08105412"><ele>9.250</ele><time>2026-04-25T02:51:04Z</time><sat>15</sat></trkpt>
  <trkpt lat="30.30414076" lon="120.08105413"><ele>9.248</ele><time>2026-04-25T02:51:07Z</time><sat>10</sat></trkpt>
  <trkpt lat="30.30414058" lon="120.08105423"><ele>9.272</ele><time>2026-04-25T02:51:10Z</time><sat>10</sat></trkpt>
  <trkpt lat="30.30414054" lon="120.08105427"><ele>9.272</ele><time>2026-04-25T02:51:13Z</time><sat>17</sat></trkpt>
  <trkpt lat="30.30414054" lon="120.08105429"><ele>9.274</ele><time>2026-04-25T02:51:16Z</time><sat>16</sat></trkpt>
  <trkpt lat="30.30414054" lon="120.08105431"><ele>9.280</ele><time>2026-04-25T02:51:19Z</time><sat>13</sat></trkpt>
  <trkpt lat="30.30414053" lon="120.08105433"><ele>9.286</ele><time>2026-04-25T02:51:22Z</time><sat>13</sat></trkpt>
  <trkpt lat="30.30414052" lon="120.08105437"><ele>9.291</ele><time>2026-04-25T02:51:25Z</time><sat>15</sat></trkpt>
  <trkpt lat="30.30414051" lon="120.08105439"><ele>9.290</ele><time>2026-04-25T02:51:28Z</time><sat>13</sat></trkpt>
  <trkpt lat="30.30414051" lon="120.08105439"><ele>9.295</ele><time>2026-04-25T02:51:31Z</time><sat>15</sat></trkpt>
  <trkpt lat="30.30414049" lon="120.08105440"><ele>9.301</ele><time>2026-04-25T02:51:34Z</time><sat>17</sat></trkpt>
  <trkpt lat="30.30414049" lon="120.08105441"><ele>9.300</ele><time>2026-04-25T02:51:37Z</time><sat>13</sat></trkpt>
  <trkpt lat="30.30414049" lon="120.08105441"><ele>9.303</ele><time>2026-04-25T02:51:40Z</time><sat>13</sat></trkpt>
  <trkpt lat="30.30414050" lon="120.08105442"><ele>9.298</ele><time>2026-04-25T02:51:43Z</time><sat>18</sat></trkpt>
  <trkpt lat="30.30414050" lon="120.08105443"><ele>9.299</ele><time>2026-04-25T02:51:46Z</time><sat>18</sat></trkpt>
  <trkpt lat="30.30414050" lon="120.08105444"><ele>9.301</ele><time>2026-04-25T02:51:49Z</time><sat>15</sat></trkpt>
  <trkpt lat="30.30414050" lon="120.08105444"><ele>9.302</ele><time>2026-04-25T02:51:52Z</time><sat>15</sat></trkpt>
  <trkpt lat="30.30414052" lon="120.08105447"><ele>9.295</ele><time>2026-04-25T02:51:55Z</time><sat>14</sat></trkpt>
  <trkpt lat="30.30414053" lon="120.08105449"><ele>9.294</ele><time>2026-04-25T02:51:58Z</time><sat>12</sat></trkpt>
  <trkpt lat="30.30400995" lon="120.08107566"><ele>10.409</ele><time>2026-04-25T02:52:01Z</time><sat>15</sat></trkpt>
  <trkpt lat="30.30397019" lon="120.08108488"><ele>12.100</ele><time>2026-04-25T02:52:04Z</time><sat>18</sat></trkpt>
  <trkpt lat="30.30397897" lon="120.08108813"><ele>12.809</ele><time>2026-04-25T02:52:07Z</time><sat>16</sat></trkpt>
  <trkpt lat="30.30399831" lon="120.08108535"><ele>12.715</ele><time>2026-04-25T02:52:10Z</time><sat>10</sat></trkpt>
  <trkpt lat="30.30401155" lon="120.08108796"><ele>12.909</ele><time>2026-04-25T02:52:13Z</time><sat>14</sat></trkpt>
  <trkpt lat="30.30401964" lon="120.08109043"><ele>13.693</ele><time>2026-04-25T02:52:16Z</time><sat>18</sat></trkpt>
  <trkpt lat="30.30402654" lon="120.08108876"><ele>13.928</ele><time>2026-04-25T02:52:19Z</time><sat>15</sat></trkpt>
  <trkpt lat="30.30404836" lon="120.08108076"><ele>14.412</ele><time>2026-04-25T02:52:22Z</time><sat>12</sat></trkpt>
  <trkpt lat="30.30404985" lon="120.08107809"><ele>14.492</ele><time>2026-04-25T02:52:25Z</time><sat>15</sat></trkpt>
  <trkpt lat="30.30405472" lon="120.08107622"><ele>14.087</ele><time>2026-04-25T02:52:28Z</time><sat>15</sat></trkpt>
  <trkpt lat="30.30405904" lon="120.08107652"><ele>14.077</ele><time>2026-04-25T02:52:31Z</time><sat>11</sat></trkpt>
  <trkpt lat="30.30406509" lon="120.08107592"><ele>13.608</ele><time>2026-04-25T02:52:34Z</time><sat>10</sat></trkpt>
  <trkpt lat="30.30406988" lon="120.08107600"><ele>13.494</ele><time>2026-04-25T02:52:37Z</time><sat>12</sat></trkpt>
  <trkpt lat="30.30407182" lon="120.08107673"><ele>13.526</ele><time>2026-04-25T02:52:40Z</time><sat>13</sat></trkpt>
  <trkpt lat="30.30407173" lon="120.08107709"><ele>13.537</ele><time>2026-04-25T02:52:43Z</time><sat>11</sat></trkpt>
  <trkpt lat="30.30407125" lon="120.08107859"><ele>13.697</ele><time>2026-04-25T02:52:46Z</time><sat>9</sat></trkpt>
  <trkpt lat="30.30407050" lon="120.08107906"><ele>13.698</ele><time>2026-04-25T02:52:49Z</time><sat>13</sat></trkpt>
  <trkpt lat="30.30407008" lon="120.08107932"><ele>13.671</ele><time>2026-04-25T02:52:52Z</time><sat>15</sat></trkpt>
  <trkpt lat="30.30406875" lon="120.08107939"><ele>13.493</ele><time>2026-04-25T02:52:55Z</time><sat>10</sat></trkpt>
  <trkpt lat="30.30406661" lon="120.08108087"><ele>13.911</ele><time>2026-04-25T02:52:58Z</time><sat>13</sat></trkpt>
  <trkpt lat="30.30406670" lon="120.08108251"><ele>14.063</ele><time>2026-04-25T02:53:01Z</time><sat>18</sat></trkpt>
  <trkpt lat="30.30406695" lon="120.08108327"><ele>14.071</ele><time>2026-04-25T02:53:04Z</time><sat>17</sat></trkpt>
  <trkpt lat="30.30406889" lon="120.08108328"><ele>14.018</ele><time>2026-04-25T02:53:07Z</time><sat>15</sat></trkpt>
  <trkpt lat="30.30407036" lon="120.08108306"><ele>13.899</ele><time>2026-04-25T02:53:10Z</time><sat>17</sat></trkpt>
  <trkpt lat="30.30407063" lon="120.08108281"><ele>13.927</ele><time>2026-04-25T02:53:13Z</time><sat>15</sat></trkpt>
  <trkpt lat="30.30407138" lon="120.08108282"><ele>13.912</ele><time>2026-04-25T02:53:16Z</time><sat>15</sat></trkpt>
  <trkpt lat="30.30407147" lon="120.08108239"><ele>13.824</ele><time>2026-04-25T02:53:19Z</time><sat>15</sat></trkpt>
  <trkpt lat="30.30407126" lon="120.08108263"><ele>13.870</ele><time>2026-04-25T02:53:22Z</time><sat>15</sat></trkpt>
  <trkpt lat="30.30407097" lon="120.08108303"><ele>13.912</ele><time>2026-04-25T02:53:25Z</time><sat>14</sat></trkpt>
  <trkpt lat="30.30407080" lon="120.08108317"><ele>13.887</ele><time>2026-04-25T02:53:28Z</time><sat>15</sat></trkpt>
  <trkpt lat="30.30407066" lon="120.08108301"><ele>13.847</ele><time>2026-04-25T02:53:31Z</time><sat>13</sat></trkpt>
  <trkpt lat="30.30407037" lon="120.08108319"><ele>13.867</ele><time>2026-04-25T02:53:34Z</time><sat>12</sat></trkpt>
  <trkpt lat="30.30407033" lon="120.08108324"><ele>13.880</ele><time>2026-04-25T02:53:37Z</time><sat>14</sat></trkpt>
  <trkpt lat="30.30407051" lon="120.08108342"><ele>13.891</ele><time>2026-04-25T02:53:40Z</time><sat>14</sat></trkpt>
  <trkpt lat="30.30407047" lon="120.08108373"><ele>13.958</ele><time>2026-04-25T02:53:43Z</time><sat>13</sat></trkpt>
  <trkpt lat="30.30406977" lon="120.08108435"><ele>14.124</ele><time>2026-04-25T02:53:46Z</time><sat>13</sat></trkpt>
  <trkpt lat="30.30406920" lon="120.08108476"><ele>14.109</ele><time>2026-04-25T02:53:49Z</time><sat>13</sat></trkpt>
  <trkpt lat="30.30406793" lon="120.08108252"><ele>14.036</ele><time>2026-04-25T02:53:52Z</time><sat>14</sat></trkpt>
  <trkpt lat="30.30406777" lon="120.08108223"><ele>14.046</ele><time>2026-04-25T02:53:55Z</time><sat>12</sat></trkpt>
  <trkpt lat="30.30406763" lon="120.08108217"><ele>14.042</ele><time>2026-04-25T02:53:58Z</time><sat>12</sat></trkpt>
  <trkpt lat="30.30406635" lon="120.08108281"><ele>14.214</ele><time>2026-04-25T02:54:01Z</time><sat>11</sat></trkpt>
  <trkpt lat="30.30406594" lon="120.08108302"><ele>14.209</ele><time>2026-04-25T02:54:04Z</time><sat>15</sat></trkpt>
  <trkpt lat="30.30406560" lon="120.08108301"><ele>14.218</ele><time>2026-04-25T02:54:07Z</time><sat>14</sat></trkpt>
  <trkpt lat="30.30406531" lon="120.08108296"><ele>14.221</ele><time>2026-04-25T02:54:10Z</time><sat>8</sat></trkpt>
  <trkpt lat="30.30406513" lon="120.08108300"><ele>14.230</ele><time>2026-04-25T02:54:13Z</time><sat>10</sat></trkpt>
  <trkpt lat="30.30406506" lon="120.08108303"><ele>14.228</ele><time>2026-04-25T02:54:16Z</time><sat>14</sat></trkpt>
  <trkpt lat="30.30406221" lon="120.08108242"><ele>14.355</ele><time>2026-04-25T02:54:19Z</time><sat>13</sat></trkpt>
  <trkpt lat="30.30406125" lon="120.08108219"><ele>14.358</ele><time>2026-04-25T02:54:22Z</time><sat>11</sat></trkpt>
  <trkpt lat="30.30406091" lon="120.08108212"><ele>14.375</ele><time>2026-04-25T02:54:25Z</time><sat>14</sat></trkpt>
  <trkpt lat="30.30405872" lon="120.08108230"><ele>14.447</ele><time>2026-04-25T02:54:28Z</time><sat>13</sat></trkpt>
  <trkpt lat="30.30405799" lon="120.08108140"><ele>14.319</ele><time>2026-04-25T02:54:31Z</time><sat>13</sat></trkpt>
  <trkpt lat="30.30405776" lon="120.08108132"><ele>14.317</ele><time>2026-04-25T02:54:34Z</time><sat>14</sat></trkpt>
  <trkpt lat="30.30405801" lon="120.08108058"><ele>14.247</ele><time>2026-04-25T02:54:37Z</time><sat>14</sat></trkpt>
  <trkpt lat="30.30405653" lon="120.08108005"><ele>14.321</ele><time>2026-04-25T02:54:40Z</time><sat>15</sat></trkpt>
  <trkpt lat="30.30405634" lon="120.08107983"><ele>14.282</ele><time>2026-04-25T02:54:43Z</time><sat>14</sat></trkpt>
  <trkpt lat="30.30405622" lon="120.08107992"><ele>14.300</ele><time>2026-04-25T02:54:46Z</time><sat>15</sat></trkpt>
  <trkpt lat="30.30405610" lon="120.08108002"><ele>14.318</ele><time>2026-04-25T02:54:49Z</time><sat>13</sat></trkpt>
  <trkpt lat="30.30405475" lon="120.08107977"><ele>14.391</ele><time>2026-04-25T02:54:52Z</time><sat>14</sat></trkpt>
  <trkpt lat="30.30405431" lon="120.08107977"><ele>14.411</ele><time>2026-04-25T02:54:55Z</time><sat>14</sat></trkpt>
  <trkpt lat="30.30404844" lon="120.08107835"><ele>14.348</ele><time>2026-04-25T02:54:58Z</time><sat>12</sat></trkpt>
  <trkpt lat="30.30404781" lon="120.08107765"><ele>14.203</ele><time>2026-04-25T02:55:01Z</time><sat>13</sat></trkpt>
  <trkpt lat="30.30404700" lon="120.08107711"><ele>14.257</ele><time>2026-04-25T02:55:04Z</time><sat>18</sat></trkpt>
  <trkpt lat="30.30404713" lon="120.08107615"><ele>14.110</ele><time>2026-04-25T02:55:07Z</time><sat>17</sat></trkpt>
  <trkpt lat="30.30404696" lon="120.08107608"><ele>14.101</ele><time>2026-04-25T02:55:10Z</time><sat>13</sat></trkpt>
  <trkpt lat="30.30404742" lon="120.08107610"><ele>14.054</ele><time>2026-04-25T02:55:13Z</time><sat>14</sat></trkpt>
  <trkpt lat="30.30404719" lon="120.08107601"><ele>14.141</ele><time>2026-04-25T02:55:16Z</time><sat>17</sat></trkpt>
  <trkpt lat="30.30404714" lon="120.08107597"><ele>14.113</ele><time>2026-04-25T02:55:19Z</time><sat>16</sat></trkpt>
  <trkpt lat="30.30404835" lon="120.08107728"><ele>14.124</ele><time>2026-04-25T02:55:22Z</time><sat>16</sat></trkpt>
  <trkpt lat="30.30404978" lon="120.08107792"><ele>14.019</ele><time>2026-04-25T02:55:25Z</time><sat>17</sat></trkpt>
  <trkpt lat="30.30405020" lon="120.08107822"><ele>14.059</ele><time>2026-04-25T02:55:28Z</time><sat>18</sat></trkpt>
  <trkpt lat="30.30404967" lon="120.08107826"><ele>14.041</ele><time>2026-04-25T02:55:31Z</time><sat>16</sat></trkpt>
  <trkpt lat="30.30405292" lon="120.08107727"><ele>13.613</ele><time>2026-04-25T02:55:34Z</time><sat>14</sat></trkpt>
  <trkpt lat="30.30405242" lon="120.08107645"><ele>13.649</ele><time>2026-04-25T02:55:37Z</time><sat>15</sat></trkpt>
  <trkpt lat="30.30405100" lon="120.08107675"><ele>13.906</ele><time>2026-04-25T02:55:40Z</time><sat>18</sat></trkpt>
  <trkpt lat="30.30405023" lon="120.08107734"><ele>14.037</ele><time>2026-04-25T02:55:43Z</time><sat>18</sat></trkpt>
  <trkpt lat="30.30404478" lon="120.08107483"><ele>13.599</ele><time>2026-04-25T02:55:46Z</time><sat>16</sat></trkpt>
  <trkpt lat="30.30403997" lon="120.08107337"><ele>13.689</ele><time>2026-04-25T02:55:49Z</time><sat>16</sat></trkpt>
  <trkpt lat="30.30403921" lon="120.08107345"><ele>13.716</ele><time>2026-04-25T02:55:52Z</time><sat>18</sat></trkpt>
  <trkpt lat="30.30403839" lon="120.08107386"><ele>13.823</ele><time>2026-04-25T02:55:55Z</time><sat>17</sat></trkpt>
  <trkpt lat="30.30403643" lon="120.08107455"><ele>13.829</ele><time>2026-04-25T02:55:58Z</time><sat>14</sat></trkpt>
  <trkpt lat="30.30403592" lon="120.08107433"><ele>13.645</ele><time>2026-04-25T02:56:01Z</time><sat>18</sat></trkpt>
  <trkpt lat="30.30403539" lon="120.08107420"><ele>13.617</ele><time>2026-04-25T02:56:04Z</time><sat>16</sat></trkpt>
  <trkpt lat="30.30403517" lon="120.08107422"><ele>13.633</ele><time>2026-04-25T02:56:07Z</time><sat>14</sat></trkpt>
  <trkpt lat="30.30403673" lon="120.08107397"><ele>13.461</ele><time>2026-04-25T02:56:10Z</time><sat>15</sat></trkpt>
  <trkpt lat="30.30403684" lon="120.08107427"><ele>13.548</ele><time>2026-04-25T02:56:13Z</time><sat>18</sat></trkpt>
  <trkpt lat="30.30403668" lon="120.08107451"><ele>13.560</ele><time>2026-04-25T02:56:16Z</time><sat>17</sat></trkpt>
  <trkpt lat="30.30403731" lon="120.08107498"><ele>13.527</ele><time>2026-04-25T02:56:19Z</time><sat>14</sat></trkpt>
  <trkpt lat="30.30403712" lon="120.08107525"><ele>13.572</ele><time>2026-04-25T02:56:22Z</time><sat>12</sat></trkpt>
  <trkpt lat="30.30403705" lon="120.08107556"><ele>13.740</ele><time>2026-04-25T02:56:25Z</time><sat>14</sat></trkpt>
  <trkpt lat="30.30403607" lon="120.08107564"><ele>13.777</ele><time>2026-04-25T02:56:28Z</time><sat>16</sat></trkpt>
  <trkpt lat="30.30403596" lon="120.08107579"><ele>13.743</ele><time>2026-04-25T02:56:31Z</time><sat>12</sat></trkpt>
  <trkpt lat="30.30403555" lon="120.08107591"><ele>13.752</ele><time>2026-04-25T02:56:34Z</time><sat>14</sat></trkpt>
  <trkpt lat="30.30403511" lon="120.08107608"><ele>13.821</ele><time>2026-04-25T02:56:37Z</time><sat>15</sat></trkpt>
  <trkpt lat="30.30403634" lon="120.08107643"><ele>13.763</ele><time>2026-04-25T02:56:40Z</time><sat>14</sat></trkpt>
  <trkpt lat="30.30403658" lon="120.08107656"><ele>13.798</ele><time>2026-04-25T02:56:43Z</time><sat>13</sat></trkpt>
  <trkpt lat="30.30403670" lon="120.08107647"><ele>13.782</ele><time>2026-04-25T02:56:46Z</time><sat>13</sat></trkpt>
  <trkpt lat="30.30403680" lon="120.08107645"><ele>13.811</ele><time>2026-04-25T02:56:49Z</time><sat>14</sat></trkpt>
  <trkpt lat="30.30403687" lon="120.08107638"><ele>13.800</ele><time>2026-04-25T02:56:52Z</time><sat>17</sat></trkpt>
  <trkpt lat="30.30403608" lon="120.08107616"><ele>13.814</ele><time>2026-04-25T02:56:55Z</time><sat>15</sat></trkpt>
  <trkpt lat="30.30403602" lon="120.08107608"><ele>13.809</ele><time>2026-04-25T02:56:58Z</time><sat>13</sat></trkpt>
  <trkpt lat="30.30403594" lon="120.08107610"><ele>13.823</ele><time>2026-04-25T02:57:01Z</time><sat>15</sat></trkpt>
  <trkpt lat="30.30403591" lon="120.08107613"><ele>13.830</ele><time>2026-04-25T02:57:04Z</time><sat>16</sat></trkpt>
  <trkpt lat="30.30403619" lon="120.08107612"><ele>13.819</ele><time>2026-04-25T02:57:07Z</time><sat>16</sat></trkpt>
  <trkpt lat="30.30403449" lon="120.08107588"><ele>13.938</ele><time>2026-04-25T02:57:10Z</time><sat>12</sat></trkpt>
  <trkpt lat="30.30403326" lon="120.08107564"><ele>14.014</ele><time>2026-04-25T02:57:13Z</time><sat>12</sat></trkpt>
  <trkpt lat="30.30403250" lon="120.08107553"><ele>14.024</ele><time>2026-04-25T02:57:16Z</time><sat>17</sat></trkpt>
  <trkpt lat="30.30403319" lon="120.08107500"><ele>13.826</ele><time>2026-04-25T02:57:19Z</time><sat>17</sat></trkpt>
  <trkpt lat="30.30403326" lon="120.08107443"><ele>13.771</ele><time>2026-04-25T02:57:22Z</time><sat>13</sat></trkpt>
  <trkpt lat="30.30403240" lon="120.08107395"><ele>13.796</ele><time>2026-04-25T02:57:25Z</time><sat>13</sat></trkpt>
  <trkpt lat="30.30403349" lon="120.08107408"><ele>13.693</ele><time>2026-04-25T02:57:28Z</time><sat>15</sat></trkpt>
  <trkpt lat="30.30403458" lon="120.08107420"><ele>13.691</ele><time>2026-04-25T02:57:31Z</time><sat>13</sat></trkpt>
  <trkpt lat="30.30403481" lon="120.08107424"><ele>13.681</ele><time>2026-04-25T02:57:34Z</time><sat>12</sat></trkpt>
  <trkpt lat="30.30403497" lon="120.08107425"><ele>13.671</ele><time>2026-04-25T02:57:37Z</time><sat>13</sat></trkpt>
  <trkpt lat="30.30403531" lon="120.08107430"><ele>13.648</ele><time>2026-04-25T02:57:40Z</time><sat>13</sat></trkpt>
  <trkpt lat="30.30403569" lon="120.08107438"><ele>13.654</ele><time>2026-04-25T02:57:43Z</time><sat>11</sat></trkpt>
  <trkpt lat="30.30403575" lon="120.08107446"><ele>13.659</ele><time>2026-04-25T02:57:46Z</time><sat>10</sat></trkpt>
  <trkpt lat="30.30403573" lon="120.08107456"><ele>13.664</ele><time>2026-04-25T02:57:49Z</time><sat>11</sat></trkpt>
  <trkpt lat="30.30403561" lon="120.08107522"><ele>13.732</ele><time>2026-04-25T02:57:52Z</time><sat>10</sat></trkpt>
  <trkpt lat="30.30403611" lon="120.08107548"><ele>13.722</ele><time>2026-04-25T02:57:55Z</time><sat>12</sat></trkpt>
  <trkpt lat="30.30403626" lon="120.08107570"><ele>13.740</ele><time>2026-04-25T02:57:58Z</time><sat>12</sat></trkpt>
  <trkpt lat="30.30403656" lon="120.08107567"><ele>13.687</ele><time>2026-04-25T02:58:01Z</time><sat>10</sat></trkpt>
  <trkpt lat="30.30403615" lon="120.08107610"><ele>13.810</ele><time>2026-04-25T02:58:04Z</time><sat>9</sat></trkpt>
  <trkpt lat="30.30403610" lon="120.08107634"><ele>13.808</ele><time>2026-04-25T02:58:07Z</time><sat>13</sat></trkpt>
  <trkpt lat="30.30403594" lon="120.08107650"><ele>13.833</ele><time>2026-04-25T02:58:10Z</time><sat>11</sat></trkpt>
  <trkpt lat="30.30408780" lon="120.08107661"><ele>12.834</ele><time>2026-04-25T02:58:13Z</time><sat>12</sat></trkpt>
  <trkpt lat="30.30412019" lon="120.08105207"><ele>13.169</ele><time>2026-04-25T02:58:16Z</time><sat>10</sat></trkpt>
  <trkpt lat="30.30413835" lon="120.08105478"><ele>11.701</ele><time>2026-04-25T02:58:19Z</time><sat>13</sat></trkpt>
  <trkpt lat="30.30414362" lon="120.08105694"><ele>11.521</ele><time>2026-04-25T02:58:22Z</time><sat>14</sat></trkpt>
  <trkpt lat="30.30414706" lon="120.08105967"><ele>11.611</ele><time>2026-04-25T02:58:25Z</time><sat>10</sat></trkpt>
  <trkpt lat="30.30414676" lon="120.08105932"><ele>11.686</ele><time>2026-04-25T02:58:28Z</time><sat>9</sat></trkpt>
  <trkpt lat="30.30414299" lon="120.08105644"><ele>11.326</ele><time>2026-04-25T02:58:31Z</time><sat>9</sat></trkpt>
  <trkpt lat="30.30414003" lon="120.08105355"><ele>11.442</ele><time>2026-04-25T02:58:34Z</time><sat>12</sat></trkpt>
  <trkpt lat="30.30413978" lon="120.08105344"><ele>11.453</ele><time>2026-04-25T02:58:37Z</time><sat>13</sat></trkpt>
  <trkpt lat="30.30414204" lon="120.08105451"><ele>11.674</ele><time>2026-04-25T02:58:40Z</time><sat>9</sat></trkpt>
  <trkpt lat="30.30414110" lon="120.08105338"><ele>11.620</ele><time>2026-04-25T02:58:43Z</time><sat>5</sat></trkpt>
  <trkpt lat="30.30413969" lon="120.08105207"><ele>11.769</ele><time>2026-04-25T02:58:46Z</time><sat>8</sat></trkpt>
  <trkpt lat="30.30413966" lon="120.08105217"><ele>11.785</ele><time>2026-04-25T02:58:49Z</time><sat>10</sat></trkpt>
  <trkpt lat="30.30413981" lon="120.08105243"><ele>11.771</ele><time>2026-04-25T02:58:52Z</time><sat>7</sat></trkpt>
  <trkpt lat="30.30414069" lon="120.08105336"><ele>11.762</ele><time>2026-04-25T02:58:55Z</time><sat>5</sat></trkpt>
  <trkpt lat="30.30414057" lon="120.08105351"><ele>12.990</ele><time>2026-04-25T02:58:58Z</time><sat>7</sat></trkpt>
  <trkpt lat="30.30413860" lon="120.08105078"><ele>13.452</ele><time>2026-04-25T02:59:01Z</time><sat>10</sat></trkpt>
  <trkpt lat="30.30413919" lon="120.08105063"><ele>13.355</ele><time>2026-04-25T02:59:04Z</time><sat>10</sat></trkpt>
  <trkpt lat="30.30413811" lon="120.08105016"><ele>13.405</ele><time>2026-04-25T02:59:07Z</time><sat>11</sat></trkpt>
  <trkpt lat="30.30413554" lon="120.08104777"><ele>13.356</ele><time>2026-04-25T02:59:10Z</time><sat>13</sat></trkpt>
  <trkpt lat="30.30413468" lon="120.08104689"><ele>13.391</ele><time>2026-04-25T02:59:13Z</time><sat>14</sat></trkpt>
  <trkpt lat="30.30413484" lon="120.08104718"><ele>13.365</ele><time>2026-04-25T02:59:16Z</time><sat>11</sat></trkpt>
  <trkpt lat="30.30414543" lon="120.08105224"><ele>14.891</ele><time>2026-04-25T02:59:19Z</time><sat>13</sat></trkpt>
  <trkpt lat="30.30417758" lon="120.08106905"><ele>16.260</ele><time>2026-04-25T02:59:22Z</time><sat>14</sat></trkpt>
  <trkpt lat="30.30420808" lon="120.08107787"><ele>15.181</ele><time>2026-04-25T02:59:25Z</time><sat>14</sat></trkpt>
  <trkpt lat="30.30423099" lon="120.08109528"><ele>19.451</ele><time>2026-04-25T02:59:28Z</time><sat>11</sat></trkpt>
  <trkpt lat="30.30424599" lon="120.08110517"><ele>20.993</ele><time>2026-04-25T02:59:31Z</time><sat>10</sat></trkpt>
  <trkpt lat="30.30421324" lon="120.08111725"><ele>18.575</ele><time>2026-04-25T02:59:34Z</time><sat>13</sat></trkpt>
  <trkpt lat="30.30416790" lon="120.08112190"><ele>18.810</ele><time>2026-04-25T02:59:37Z</time><sat>14</sat></trkpt>
  <trkpt lat="30.30416098" lon="120.08111630"><ele>21.841</ele><time>2026-04-25T02:59:40Z</time><sat>11</sat></trkpt>
  <trkpt lat="30.30409962" lon="120.08113819"><ele>23.785</ele><time>2026-04-25T02:59:43Z</time><sat>11</sat></trkpt>
  <trkpt lat="30.30409345" lon="120.08113719"><ele>23.227</ele><time>2026-04-25T02:59:46Z</time><sat>11</sat></trkpt>
  <trkpt lat="30.30411728" lon="120.08112277"><ele>21.522</ele><time>2026-04-25T02:59:49Z</time><sat>13</sat></trkpt>
  <trkpt lat="30.30414663" lon="120.08111013"><ele>21.907</ele><time>2026-04-25T02:59:52Z</time><sat>10</sat></trkpt>
  <trkpt lat="30.30415350" lon="120.08110509"><ele>21.803</ele><time>2026-04-25T02:59:55Z</time><sat>13</sat></trkpt>
  <trkpt lat="30.30415414" lon="120.08110359"><ele>21.895</ele><time>2026-04-25T02:59:58Z</time><sat>12</sat></trkpt>
  <trkpt lat="30.30415310" lon="120.08110297"><ele>22.005</ele><time>2026-04-25T03:00:01Z</time><sat>10</sat></trkpt>
  <trkpt lat="30.30414993" lon="120.08110296"><ele>22.013</ele><time>2026-04-25T03:00:04Z</time><sat>11</sat></trkpt>
  <trkpt lat="30.30414891" lon="120.08110315"><ele>22.053</ele><time>2026-04-25T03:00:07Z</time><sat>12</sat></trkpt>
  <trkpt lat="30.30415038" lon="120.08110306"><ele>21.971</ele><time>2026-04-25T03:00:10Z</time><sat>12</sat></trkpt>
  <trkpt lat="30.30415181" lon="120.08110292"><ele>21.973</ele><time>2026-04-25T03:00:13Z</time><sat>12</sat></trkpt>
  <trkpt lat="30.30415419" lon="120.08110218"><ele>21.835</ele><time>2026-04-25T03:00:16Z</time><sat>11</sat></trkpt>
  <trkpt lat="30.30415499" lon="120.08110185"><ele>21.832</ele><time>2026-04-25T03:00:19Z</time><sat>12</sat></trkpt>
  <trkpt lat="30.30415385" lon="120.08110169"><ele>21.668</ele><time>2026-04-25T03:00:22Z</time><sat>12</sat></trkpt>
  <trkpt lat="30.30415393" lon="120.08110161"><ele>21.647</ele><time>2026-04-25T03:00:25Z</time><sat>11</sat></trkpt>
  <trkpt lat="30.30415843" lon="120.08109912"><ele>21.583</ele><time>2026-04-25T03:00:28Z</time><sat>10</sat></trkpt>
  <trkpt lat="30.30416065" lon="120.08109787"><ele>21.555</ele><time>2026-04-25T03:00:31Z</time><sat>12</sat></trkpt>
  <trkpt lat="30.30416089" lon="120.08109729"><ele>21.452</ele><time>2026-04-25T03:00:34Z</time><sat>13</sat></trkpt>
  <trkpt lat="30.30416122" lon="120.08109701"><ele>21.409</ele><time>2026-04-25T03:00:37Z</time><sat>12</sat></trkpt>
  <trkpt lat="30.30416136" lon="120.08109675"><ele>21.325</ele><time>2026-04-25T03:00:40Z</time><sat>11</sat></trkpt>
  <trkpt lat="30.30416160" lon="120.08109675"><ele>21.351</ele><time>2026-04-25T03:00:43Z</time><sat>13</sat></trkpt>
  <trkpt lat="30.30416067" lon="120.08109651"><ele>21.169</ele><time>2026-04-25T03:00:46Z</time><sat>14</sat></trkpt>
  <trkpt lat="30.30415897" lon="120.08109680"><ele>21.248</ele><time>2026-04-25T03:00:49Z</time><sat>13</sat></trkpt>
  <trkpt lat="30.30416023" lon="120.08109522"><ele>21.445</ele><time>2026-04-25T03:00:52Z</time><sat>12</sat></trkpt>
  <trkpt lat="30.30416127" lon="120.08109463"><ele>21.419</ele><time>2026-04-25T03:00:55Z</time><sat>12</sat></trkpt>
  <trkpt lat="30.30416059" lon="120.08109432"><ele>21.315</ele><time>2026-04-25T03:00:58Z</time><sat>13</sat></trkpt>
  <trkpt lat="30.30415901" lon="120.08109456"><ele>21.437</ele><time>2026-04-25T03:01:01Z</time><sat>13</sat></trkpt>
  <trkpt lat="30.30415714" lon="120.08109485"><ele>21.441</ele><time>2026-04-25T03:01:04Z</time><sat>12</sat></trkpt>
  <trkpt lat="30.30415809" lon="120.08109404"><ele>21.537</ele><time>2026-04-25T03:01:07Z</time><sat>13</sat></trkpt>
  <trkpt lat="30.30415681" lon="120.08109354"><ele>21.344</ele><time>2026-04-25T03:01:10Z</time><sat>14</sat></trkpt>
  <trkpt lat="30.30415595" lon="120.08109358"><ele>21.435</ele><time>2026-04-25T03:01:13Z</time><sat>15</sat></trkpt>
  <trkpt lat="30.30415481" lon="120.08109387"><ele>21.521</ele><time>2026-04-25T03:01:16Z</time><sat>13</sat></trkpt>
  <trkpt lat="30.30415290" lon="120.08109428"><ele>21.682</ele><time>2026-04-25T03:01:19Z</time><sat>13</sat></trkpt>
  <trkpt lat="30.30415189" lon="120.08109458"><ele>21.682</ele><time>2026-04-25T03:01:22Z</time><sat>15</sat></trkpt>
  <trkpt lat="30.30415197" lon="120.08109462"><ele>21.618</ele><time>2026-04-25T03:01:25Z</time><sat>13</sat></trkpt>
  <trkpt lat="30.30415158" lon="120.08109447"><ele>21.556</ele><time>2026-04-25T03:01:28Z</time><sat>13</sat></trkpt>
  <trkpt lat="30.30415125" lon="120.08109462"><ele>21.556</ele><time>2026-04-25T03:01:31Z</time><sat>13</sat></trkpt>
  <trkpt lat="30.30415084" lon="120.08109484"><ele>21.532</ele><time>2026-04-25T03:01:34Z</time><sat>14</sat></trkpt>
  <trkpt lat="30.30414886" lon="120.08109535"><ele>21.531</ele><time>2026-04-25T03:01:37Z</time><sat>14</sat></trkpt>
  <trkpt lat="30.30414762" lon="120.08109536"><ele>21.604</ele><time>2026-04-25T03:01:40Z</time><sat>13</sat></trkpt>
  <trkpt lat="30.30414892" lon="120.08109616"><ele>21.709</ele><time>2026-04-25T03:01:43Z</time><sat>13</sat></trkpt>
  <trkpt lat="30.30414837" lon="120.08109636"><ele>21.712</ele><time>2026-04-25T03:01:46Z</time><sat>13</sat></trkpt>
  <trkpt lat="30.30414961" lon="120.08109612"><ele>21.601</ele><time>2026-04-25T03:01:49Z</time><sat>14</sat></trkpt>
  <trkpt lat="30.30414864" lon="120.08109610"><ele>21.669</ele><time>2026-04-25T03:01:52Z</time><sat>14</sat></trkpt>
  <trkpt lat="30.30414874" lon="120.08109631"><ele>21.682</ele><time>2026-04-25T03:01:55Z</time><sat>13</sat></trkpt>
  <trkpt lat="30.30414860" lon="120.08109633"><ele>21.687</ele><time>2026-04-25T03:01:58Z</time><sat>13</sat></trkpt>
  <trkpt lat="30.30414848" lon="120.08109639"><ele>21.698</ele><time>2026-04-25T03:02:01Z</time><sat>14</sat></trkpt>
  <trkpt lat="30.30414762" lon="120.08109643"><ele>21.754</ele><time>2026-04-25T03:02:04Z</time><sat>13</sat></trkpt>
  <trkpt lat="30.30414756" lon="120.08109655"><ele>21.774</ele><time>2026-04-25T03:02:07Z</time><sat>13</sat></trkpt>
  <trkpt lat="30.30414746" lon="120.08109663"><ele>21.780</ele><time>2026-04-25T03:02:10Z</time><sat>13</sat></trkpt>
  <trkpt lat="30.30414731" lon="120.08109671"><ele>21.788</ele><time>2026-04-25T03:02:13Z</time><sat>13</sat></trkpt>
  <trkpt lat="30.30414669" lon="120.08109681"><ele>21.820</ele><time>2026-04-25T03:02:16Z</time><sat>12</sat></trkpt>
  <trkpt lat="30.30414658" lon="120.08109690"><ele>21.821</ele><time>2026-04-25T03:02:19Z</time><sat>12</sat></trkpt>
  <trkpt lat="30.30414652" lon="120.08109701"><ele>21.834</ele><time>2026-04-25T03:02:22Z</time><sat>13</sat></trkpt>
  <trkpt lat="30.30414654" lon="120.08109706"><ele>21.852</ele><time>2026-04-25T03:02:25Z</time><sat>14</sat></trkpt>
  <trkpt lat="30.30414664" lon="120.08109715"><ele>21.850</ele><time>2026-04-25T03:02:28Z</time><sat>13</sat></trkpt>
  <trkpt lat="30.30414669" lon="120.08109720"><ele>21.845</ele><time>2026-04-25T03:02:31Z</time><sat>13</sat></trkpt>
  <trkpt lat="30.30414596" lon="120.08109739"><ele>21.609</ele><time>2026-04-25T03:02:34Z</time><sat>12</sat></trkpt>
  <trkpt lat="30.30414568" lon="120.08109752"><ele>21.598</ele><time>2026-04-25T03:02:37Z</time><sat>12</sat></trkpt>
  <trkpt lat="30.30414562" lon="120.08109785"><ele>21.240</ele><time>2026-04-25T03:02:40Z</time><sat>14</sat></trkpt>
  <trkpt lat="30.30414556" lon="120.08109795"><ele>21.226</ele><time>2026-04-25T03:02:43Z</time><sat>15</sat></trkpt>
  <trkpt lat="30.30414556" lon="120.08109797"><ele>21.223</ele><time>2026-04-25T03:02:46Z</time><sat>14</sat></trkpt>
  <trkpt lat="30.30414498" lon="120.08109831"><ele>21.238</ele><time>2026-04-25T03:02:49Z</time><sat>12</sat></trkpt>
  <trkpt lat="30.30414484" lon="120.08109840"><ele>21.215</ele><time>2026-04-25T03:02:52Z</time><sat>13</sat></trkpt>
  <trkpt lat="30.30414483" lon="120.08109842"><ele>21.217</ele><time>2026-04-25T03:02:55Z</time><sat>15</sat></trkpt>
  <trkpt lat="30.30414484" lon="120.08109846"><ele>21.200</ele><time>2026-04-25T03:02:58Z</time><sat>11</sat></trkpt>
  <trkpt lat="30.30414470" lon="120.08109857"><ele>21.210</ele><time>2026-04-25T03:03:01Z</time><sat>10</sat></trkpt>
  <trkpt lat="30.30414464" lon="120.08109863"><ele>21.219</ele><time>2026-04-25T03:03:04Z</time><sat>12</sat></trkpt>
  <trkpt lat="30.30414460" lon="120.08109868"><ele>21.233</ele><time>2026-04-25T03:03:07Z</time><sat>12</sat></trkpt>
  <trkpt lat="30.30414455" lon="120.08109877"><ele>21.235</ele><time>2026-04-25T03:03:10Z</time><sat>11</sat></trkpt>
  <trkpt lat="30.30414672" lon="120.08109807"><ele>21.164</ele><time>2026-04-25T03:03:13Z</time><sat>12</sat></trkpt>
  <trkpt lat="30.30414695" lon="120.08109806"><ele>21.167</ele><time>2026-04-25T03:03:16Z</time><sat>11</sat></trkpt>
  <trkpt lat="30.30414697" lon="120.08109811"><ele>21.168</ele><time>2026-04-25T03:03:19Z</time><sat>11</sat></trkpt>
  <trkpt lat="30.30414691" lon="120.08109820"><ele>21.185</ele><time>2026-04-25T03:03:22Z</time><sat>11</sat></trkpt>
  <trkpt lat="30.30414684" lon="120.08109830"><ele>21.204</ele><time>2026-04-25T03:03:25Z</time><sat>11</sat></trkpt>
  <trkpt lat="30.30414706" lon="120.08109847"><ele>21.261</ele><time>2026-04-25T03:03:28Z</time><sat>9</sat></trkpt>
  <trkpt lat="30.30414711" lon="120.08109863"><ele>21.281</ele><time>2026-04-25T03:03:31Z</time><sat>10</sat></trkpt>
  <trkpt lat="30.30414777" lon="120.08109843"><ele>21.218</ele><time>2026-04-25T03:03:34Z</time><sat>13</sat></trkpt>
  <trkpt lat="30.30414866" lon="120.08109814"><ele>21.130</ele><time>2026-04-25T03:03:37Z</time><sat>13</sat></trkpt>
  <trkpt lat="30.30414775" lon="120.08109868"><ele>21.335</ele><time>2026-04-25T03:03:40Z</time><sat>11</sat></trkpt>
  <trkpt lat="30.30414062" lon="120.08110161"><ele>22.133</ele><time>2026-04-25T03:03:43Z</time><sat>12</sat></trkpt>
  <trkpt lat="30.30413502" lon="120.08110392"><ele>22.608</ele><time>2026-04-25T03:03:46Z</time><sat>13</sat></trkpt>
  <trkpt lat="30.30413194" lon="120.08110520"><ele>22.787</ele><time>2026-04-25T03:03:49Z</time><sat>13</sat></trkpt>
  <trkpt lat="30.30413126" lon="120.08110581"><ele>22.971</ele><time>2026-04-25T03:03:52Z</time><sat>11</sat></trkpt>
  <trkpt lat="30.30413025" lon="120.08110631"><ele>23.077</ele><time>2026-04-25T03:03:55Z</time><sat>11</sat></trkpt>
  <trkpt lat="30.30412929" lon="120.08110690"><ele>23.208</ele><time>2026-04-25T03:03:58Z</time><sat>14</sat></trkpt>
  <trkpt lat="30.30412859" lon="120.08110734"><ele>23.247</ele><time>2026-04-25T03:04:01Z</time><sat>12</sat></trkpt>
  <trkpt lat="30.30412843" lon="120.08110748"><ele>23.229</ele><time>2026-04-25T03:04:04Z</time><sat>11</sat></trkpt>
  <trkpt lat="30.30412835" lon="120.08110752"><ele>23.221</ele><time>2026-04-25T03:04:07Z</time><sat>14</sat></trkpt>
  <trkpt lat="30.30412834" lon="120.08110768"><ele>23.233</ele><time>2026-04-25T03:04:10Z</time><sat>13</sat></trkpt>
  <trkpt lat="30.30412827" lon="120.08110783"><ele>23.222</ele><time>2026-04-25T03:04:13Z</time><sat>12</sat></trkpt>
  <trkpt lat="30.30412836" lon="120.08110800"><ele>23.251</ele><time>2026-04-25T03:04:16Z</time><sat>13</sat></trkpt>
  <trkpt lat="30.30412842" lon="120.08110809"><ele>23.242</ele><time>2026-04-25T03:04:19Z</time><sat>15</sat></trkpt>
  <trkpt lat="30.30412963" lon="120.08110833"><ele>23.221</ele><time>2026-04-25T03:04:22Z</time><sat>12</sat></trkpt>
  <trkpt lat="30.30413301" lon="120.08110869"><ele>23.193</ele><time>2026-04-25T03:04:25Z</time><sat>11</sat></trkpt>
  <trkpt lat="30.30413397" lon="120.08110882"><ele>23.199</ele><time>2026-04-25T03:04:28Z</time><sat>15</sat></trkpt>
  <trkpt lat="30.30413413" lon="120.08110890"><ele>23.192</ele><time>2026-04-25T03:04:31Z</time><sat>16</sat></trkpt>
  <trkpt lat="30.30413282" lon="120.08110880"><ele>23.198</ele><time>2026-04-25T03:04:34Z</time><sat>11</sat></trkpt>
  <trkpt lat="30.30413225" lon="120.08110884"><ele>23.148</ele><time>2026-04-25T03:04:37Z</time><sat>11</sat></trkpt>
  <trkpt lat="30.30413096" lon="120.08110878"><ele>23.149</ele><time>2026-04-25T03:04:40Z</time><sat>15</sat></trkpt>
  <trkpt lat="30.30412954" lon="120.08110904"><ele>23.220</ele><time>2026-04-25T03:04:43Z</time><sat>16</sat></trkpt>
  <trkpt lat="30.30412837" lon="120.08110935"><ele>23.256</ele><time>2026-04-25T03:04:46Z</time><sat>15</sat></trkpt>
  <trkpt lat="30.30412599" lon="120.08111002"><ele>23.357</ele><time>2026-04-25T03:04:49Z</time><sat>15</sat></trkpt>
  <trkpt lat="30.30412343" lon="120.08111060"><ele>23.392</ele><time>2026-04-25T03:04:52Z</time><sat>17</sat></trkpt>
  <trkpt lat="30.30412306" lon="120.08111059"><ele>23.368</ele><time>2026-04-25T03:04:55Z</time><sat>19</sat></trkpt>
  <trkpt lat="30.30412297" lon="120.08111059"><ele>23.338</ele><time>2026-04-25T03:04:58Z</time><sat>16</sat></trkpt>
  <trkpt lat="30.30412247" lon="120.08111075"><ele>23.368</ele><time>2026-04-25T03:05:01Z</time><sat>12</sat></trkpt>
  <trkpt lat="30.30412405" lon="120.08111066"><ele>23.271</ele><time>2026-04-25T03:05:04Z</time><sat>13</sat></trkpt>
  <trkpt lat="30.30412466" lon="120.08111067"><ele>23.243</ele><time>2026-04-25T03:05:07Z</time><sat>16</sat></trkpt>
  <trkpt lat="30.30412479" lon="120.08111071"><ele>23.227</ele><time>2026-04-25T03:05:10Z</time><sat>14</sat></trkpt>
  <trkpt lat="30.30412478" lon="120.08111073"><ele>23.227</ele><time>2026-04-25T03:05:13Z</time><sat>12</sat></trkpt>
  <trkpt lat="30.30412598" lon="120.08111061"><ele>23.154</ele><time>2026-04-25T03:05:16Z</time><sat>13</sat></trkpt>
  <trkpt lat="30.30412634" lon="120.08111061"><ele>23.134</ele><time>2026-04-25T03:05:19Z</time><sat>16</sat></trkpt>
  <trkpt lat="30.30412645" lon="120.08111064"><ele>23.115</ele><time>2026-04-25T03:05:22Z</time><sat>14</sat></trkpt>
  <trkpt lat="30.30412653" lon="120.08111066"><ele>23.090</ele><time>2026-04-25T03:05:25Z</time><sat>11</sat></trkpt>
  <trkpt lat="30.30412751" lon="120.08111034"><ele>23.087</ele><time>2026-04-25T03:05:28Z</time><sat>11</sat></trkpt>
  <trkpt lat="30.30412779" lon="120.08111024"><ele>23.080</ele><time>2026-04-25T03:05:31Z</time><sat>12</sat></trkpt>
  <trkpt lat="30.30412784" lon="120.08111024"><ele>23.072</ele><time>2026-04-25T03:05:34Z</time><sat>12</sat></trkpt>
  <trkpt lat="30.30412714" lon="120.08111054"><ele>23.052</ele><time>2026-04-25T03:05:37Z</time><sat>10</sat></trkpt>
  <trkpt lat="30.30412705" lon="120.08111058"><ele>23.038</ele><time>2026-04-25T03:05:40Z</time><sat>10</sat></trkpt>
  <trkpt lat="30.30412701" lon="120.08111059"><ele>23.036</ele><time>2026-04-25T03:05:43Z</time><sat>11</sat></trkpt>
  <trkpt lat="30.30412698" lon="120.08111059"><ele>23.034</ele><time>2026-04-25T03:05:46Z</time><sat>10</sat></trkpt>
  <trkpt lat="30.30412636" lon="120.08111082"><ele>23.023</ele><time>2026-04-25T03:05:49Z</time><sat>11</sat></trkpt>
  <trkpt lat="30.30412622" lon="120.08111089"><ele>23.028</ele><time>2026-04-25T03:05:52Z</time><sat>12</sat></trkpt>
  <trkpt lat="30.30412617" lon="120.08111092"><ele>23.031</ele><time>2026-04-25T03:05:55Z</time><sat>12</sat></trkpt>
  <trkpt lat="30.30412613" lon="120.08111095"><ele>23.034</ele><time>2026-04-25T03:05:58Z</time><sat>12</sat></trkpt>
  <trkpt lat="30.30412615" lon="120.08111094"><ele>23.021</ele><time>2026-04-25T03:06:01Z</time><sat>14</sat></trkpt>
  <trkpt lat="30.30412614" lon="120.08111093"><ele>23.024</ele><time>2026-04-25T03:06:04Z</time><sat>13</sat></trkpt>
  <trkpt lat="30.30412615" lon="120.08111095"><ele>23.016</ele><time>2026-04-25T03:06:07Z</time><sat>10</sat></trkpt>
  <trkpt lat="30.30412615" lon="120.08111095"><ele>23.019</ele><time>2026-04-25T03:06:10Z</time><sat>13</sat></trkpt>
  <trkpt lat="30.30412613" lon="120.08111097"><ele>23.013</ele><time>2026-04-25T03:06:13Z</time><sat>13</sat></trkpt>
  <trkpt lat="30.30412610" lon="120.08111100"><ele>22.951</ele><time>2026-04-25T03:06:16Z</time><sat>12</sat></trkpt>
  <trkpt lat="30.30412607" lon="120.08111104"><ele>22.933</ele><time>2026-04-25T03:06:19Z</time><sat>13</sat></trkpt>
  <trkpt lat="30.30412610" lon="120.08111111"><ele>22.929</ele><time>2026-04-25T03:06:22Z</time><sat>15</sat></trkpt>
  <trkpt lat="30.30412609" lon="120.08111115"><ele>22.929</ele><time>2026-04-25T03:06:25Z</time><sat>15</sat></trkpt>
  <trkpt lat="30.30412591" lon="120.08111120"><ele>22.891</ele><time>2026-04-25T03:06:28Z</time><sat>14</sat></trkpt>
  <trkpt lat="30.30412575" lon="120.08111123"><ele>22.879</ele><time>2026-04-25T03:06:31Z</time><sat>15</sat></trkpt>
  <trkpt lat="30.30412576" lon="120.08111128"><ele>22.870</ele><time>2026-04-25T03:06:34Z</time><sat>13</sat></trkpt>
  <trkpt lat="30.30412575" lon="120.08111130"><ele>22.868</ele><time>2026-04-25T03:06:37Z</time><sat>14</sat></trkpt>
  <trkpt lat="30.30412581" lon="120.08111114"><ele>22.796</ele><time>2026-04-25T03:06:40Z</time><sat>14</sat></trkpt>
  <trkpt lat="30.30412584" lon="120.08111098"><ele>22.745</ele><time>2026-04-25T03:06:43Z</time><sat>16</sat></trkpt>
  <trkpt lat="30.30412594" lon="120.08111088"><ele>22.713</ele><time>2026-04-25T03:06:46Z</time><sat>17</sat></trkpt>
  <trkpt lat="30.30412596" lon="120.08111088"><ele>22.701</ele><time>2026-04-25T03:06:49Z</time><sat>14</sat></trkpt>
  <trkpt lat="30.30412595" lon="120.08111090"><ele>22.679</ele><time>2026-04-25T03:06:52Z</time><sat>11</sat></trkpt>
  <trkpt lat="30.30412596" lon="120.08111088"><ele>22.669</ele><time>2026-04-25T03:06:55Z</time><sat>13</sat></trkpt>
  <trkpt lat="30.30412597" lon="120.08111082"><ele>22.645</ele><time>2026-04-25T03:06:58Z</time><sat>15</sat></trkpt>
  <trkpt lat="30.30412597" lon="120.08111089"><ele>22.638</ele><time>2026-04-25T03:07:01Z</time><sat>12</sat></trkpt>
  <trkpt lat="30.30412582" lon="120.08111087"><ele>22.595</ele><time>2026-04-25T03:07:04Z</time><sat>14</sat></trkpt>
  <trkpt lat="30.30412572" lon="120.08111084"><ele>22.569</ele><time>2026-04-25T03:07:07Z</time><sat>16</sat></trkpt>
  <trkpt lat="30.30412573" lon="120.08111085"><ele>22.568</ele><time>2026-04-25T03:07:10Z</time><sat>16</sat></trkpt>
  <trkpt lat="30.30412572" lon="120.08111084"><ele>22.556</ele><time>2026-04-25T03:07:13Z</time><sat>14</sat></trkpt>
  <trkpt lat="30.30412570" lon="120.08111080"><ele>22.542</ele><time>2026-04-25T03:07:16Z</time><sat>15</sat></trkpt>
  <trkpt lat="30.30412592" lon="120.08111082"><ele>22.538</ele><time>2026-04-25T03:07:19Z</time><sat>14</sat></trkpt>
  <trkpt lat="30.30411989" lon="120.08111006"><ele>22.166</ele><time>2026-04-25T03:07:22Z</time><sat>16</sat></trkpt>
  <trkpt lat="30.30411789" lon="120.08110983"><ele>22.146</ele><time>2026-04-25T03:07:25Z</time><sat>14</sat></trkpt>
  <trkpt lat="30.30411754" lon="120.08110988"><ele>22.103</ele><time>2026-04-25T03:07:28Z</time><sat>16</sat></trkpt>
  <trkpt lat="30.30411739" lon="120.08110992"><ele>22.084</ele><time>2026-04-25T03:07:31Z</time><sat>15</sat></trkpt>
  <trkpt lat="30.30411712" lon="120.08110993"><ele>22.071</ele><time>2026-04-25T03:07:34Z</time><sat>14</sat></trkpt>
  <trkpt lat="30.30411708" lon="120.08110995"><ele>22.060</ele><time>2026-04-25T03:07:37Z</time><sat>13</sat></trkpt>
  <trkpt lat="30.30411701" lon="120.08110996"><ele>22.052</ele><time>2026-04-25T03:07:40Z</time><sat>15</sat></trkpt>
  <trkpt lat="30.30411691" lon="120.08110999"><ele>22.013</ele><time>2026-04-25T03:07:43Z</time><sat>15</sat></trkpt>
  <trkpt lat="30.30411685" lon="120.08111005"><ele>22.000</ele><time>2026-04-25T03:07:46Z</time><sat>15</sat></trkpt>
  <trkpt lat="30.30411678" lon="120.08111006"><ele>21.980</ele><time>2026-04-25T03:07:49Z</time><sat>14</sat></trkpt>
  <trkpt lat="30.30411677" lon="120.08111005"><ele>21.970</ele><time>2026-04-25T03:07:52Z</time><sat>15</sat></trkpt>
  <trkpt lat="30.30411672" lon="120.08111002"><ele>21.898</ele><time>2026-04-25T03:07:55Z</time><sat>15</sat></trkpt>
  <trkpt lat="30.30411665" lon="120.08110997"><ele>21.854</ele><time>2026-04-25T03:07:58Z</time><sat>16</sat></trkpt>
  <trkpt lat="30.30411699" lon="120.08110997"><ele>21.756</ele><time>2026-04-25T03:08:01Z</time><sat>17</sat></trkpt>
  <trkpt lat="30.30411694" lon="120.08111000"><ele>21.701</ele><time>2026-04-25T03:08:04Z</time><sat>17</sat></trkpt>
  <trkpt lat="30.30411681" lon="120.08110997"><ele>21.618</ele><time>2026-04-25T03:08:07Z</time><sat>13</sat></trkpt>
  <trkpt lat="30.30411676" lon="120.08110995"><ele>21.582</ele><time>2026-04-25T03:08:10Z</time><sat>11</sat></trkpt>
  <trkpt lat="30.30411676" lon="120.08110990"><ele>21.556</ele><time>2026-04-25T03:08:13Z</time><sat>13</sat></trkpt>
  <trkpt lat="30.30411677" lon="120.08110987"><ele>21.527</ele><time>2026-04-25T03:08:16Z</time><sat>12</sat></trkpt>
  <trkpt lat="30.30411678" lon="120.08110986"><ele>21.511</ele><time>2026-04-25T03:08:19Z</time><sat>12</sat></trkpt>
  <trkpt lat="30.30411680" lon="120.08110984"><ele>21.494</ele><time>2026-04-25T03:08:22Z</time><sat>12</sat></trkpt>
  <trkpt lat="30.30411683" lon="120.08110980"><ele>21.478</ele><time>2026-04-25T03:08:25Z</time><sat>10</sat></trkpt>
  <trkpt lat="30.30411689" lon="120.08110977"><ele>21.458</ele><time>2026-04-25T03:08:28Z</time><sat>11</sat></trkpt>
  <trkpt lat="30.30411696" lon="120.08110971"><ele>21.435</ele><time>2026-04-25T03:08:31Z</time><sat>12</sat></trkpt>
  <trkpt lat="30.30411700" lon="120.08110967"><ele>21.393</ele><time>2026-04-25T03:08:34Z</time><sat>13</sat></trkpt>
  <trkpt lat="30.30411717" lon="120.08110960"><ele>21.360</ele><time>2026-04-25T03:08:37Z</time><sat>13</sat></trkpt>
  <trkpt lat="30.30411733" lon="120.08110952"><ele>21.332</ele><time>2026-04-25T03:08:40Z</time><sat>11</sat></trkpt>
  <trkpt lat="30.30411745" lon="120.08110945"><ele>21.302</ele><time>2026-04-25T03:08:43Z</time><sat>13</sat></trkpt>
  <trkpt lat="30.30411748" lon="120.08110943"><ele>21.297</ele><time>2026-04-25T03:08:46Z</time><sat>12</sat></trkpt>
  <trkpt lat="30.30411749" lon="120.08110942"><ele>21.288</ele><time>2026-04-25T03:08:49Z</time><sat>10</sat></trkpt>
  <trkpt lat="30.30411751" lon="120.08110936"><ele>21.260</ele><time>2026-04-25T03:08:52Z</time><sat>10</sat></trkpt>
  <trkpt lat="30.30411778" lon="120.08110920"><ele>21.236</ele><time>2026-04-25T03:08:55Z</time><sat>11</sat></trkpt>
  <trkpt lat="30.30411803" lon="120.08110907"><ele>21.214</ele><time>2026-04-25T03:08:58Z</time><sat>12</sat></trkpt>
  <trkpt lat="30.30411807" lon="120.08110906"><ele>21.210</ele><time>2026-04-25T03:09:01Z</time><sat>11</sat></trkpt>
  <trkpt lat="30.30411818" lon="120.08110901"><ele>21.167</ele><time>2026-04-25T03:09:04Z</time><sat>11</sat></trkpt>
  <trkpt lat="30.30411830" lon="120.08110898"><ele>21.150</ele><time>2026-04-25T03:09:07Z</time><sat>12</sat></trkpt>
  <trkpt lat="30.30411894" lon="120.08110909"><ele>21.784</ele><time>2026-04-25T03:09:10Z</time><sat>14</sat></trkpt>
  <trkpt lat="30.30411945" lon="120.08110915"><ele>21.778</ele><time>2026-04-25T03:09:13Z</time><sat>14</sat></trkpt>
  <trkpt lat="30.30411955" lon="120.08110914"><ele>21.758</ele><time>2026-04-25T03:09:16Z</time><sat>11</sat></trkpt>
  <trkpt lat="30.30411963" lon="120.08110916"><ele>21.764</ele><time>2026-04-25T03:09:19Z</time><sat>12</sat></trkpt>
  <trkpt lat="30.30411952" lon="120.08110909"><ele>21.510</ele><time>2026-04-25T03:09:22Z</time><sat>14</sat></trkpt>
  <trkpt lat="30.30411937" lon="120.08110900"><ele>21.358</ele><time>2026-04-25T03:09:25Z</time><sat>13</sat></trkpt>
  <trkpt lat="30.30411937" lon="120.08110901"><ele>21.339</ele><time>2026-04-25T03:09:28Z</time><sat>11</sat></trkpt>
  <trkpt lat="30.30411935" lon="120.08110910"><ele>21.376</ele><time>2026-04-25T03:09:31Z</time><sat>11</sat></trkpt>
  <trkpt lat="30.30411931" lon="120.08110919"><ele>21.376</ele><time>2026-04-25T03:09:34Z</time><sat>14</sat></trkpt>
  <trkpt lat="30.30411932" lon="120.08110921"><ele>21.363</ele><time>2026-04-25T03:09:37Z</time><sat>13</sat></trkpt>
  <trkpt lat="30.30411935" lon="120.08110922"><ele>21.353</ele><time>2026-04-25T03:09:40Z</time><sat>11</sat></trkpt>
  <trkpt lat="30.30411939" lon="120.08110923"><ele>21.345</ele><time>2026-04-25T03:09:43Z</time><sat>13</sat></trkpt>
  <trkpt lat="30.30411944" lon="120.08110917"><ele>21.319</ele><time>2026-04-25T03:09:46Z</time><sat>14</sat></trkpt>
  <trkpt lat="30.30411946" lon="120.08110916"><ele>21.306</ele><time>2026-04-25T03:09:49Z</time><sat>12</sat></trkpt>
  <trkpt lat="30.30411952" lon="120.08110917"><ele>21.283</ele><time>2026-04-25T03:09:52Z</time><sat>11</sat></trkpt>
  <trkpt lat="30.30411962" lon="120.08110918"><ele>21.256</ele><time>2026-04-25T03:09:55Z</time><sat>14</sat></trkpt>
  <trkpt lat="30.30411971" lon="120.08110915"><ele>21.228</ele><time>2026-04-25T03:09:58Z</time><sat>14</sat></trkpt>
  <trkpt lat="30.30411974" lon="120.08110915"><ele>21.221</ele><time>2026-04-25T03:10:01Z</time><sat>9</sat></trkpt>
  <trkpt lat="30.30411977" lon="120.08110914"><ele>21.198</ele><time>2026-04-25T03:10:04Z</time><sat>11</sat></trkpt>
  <trkpt lat="30.30411979" lon="120.08110911"><ele>21.179</ele><time>2026-04-25T03:10:07Z</time><sat>11</sat></trkpt>
  <trkpt lat="30.30411983" lon="120.08110912"><ele>21.178</ele><time>2026-04-25T03:10:10Z</time><sat>10</sat></trkpt>
  <trkpt lat="30.30411997" lon="120.08110911"><ele>21.147</ele><time>2026-04-25T03:10:13Z</time><sat>11</sat></trkpt>
  <trkpt lat="30.30412003" lon="120.08110911"><ele>21.127</ele><time>2026-04-25T03:10:16Z</time><sat>12</sat></trkpt>
  <trkpt lat="30.30412008" lon="120.08110908"><ele>21.105</ele><time>2026-04-25T03:10:19Z</time><sat>11</sat></trkpt>
  <trkpt lat="30.30412011" lon="120.08110904"><ele>21.088</ele><time>2026-04-25T03:10:22Z</time><sat>11</sat></trkpt>
  <trkpt lat="30.30412013" lon="120.08110900"><ele>21.067</ele><time>2026-04-25T03:10:25Z</time><sat>11</sat></trkpt>
  <trkpt lat="30.30412016" lon="120.08110897"><ele>21.045</ele><time>2026-04-25T03:10:28Z</time><sat>7</sat></trkpt>
  <trkpt lat="30.30412018" lon="120.08110894"><ele>21.036</ele><time>2026-04-25T03:10:31Z</time><sat>8</sat></trkpt>
  <trkpt lat="30.30412020" lon="120.08110895"><ele>21.013</ele><time>2026-04-25T03:10:34Z</time><sat>12</sat></trkpt>
  <trkpt lat="30.30412021" lon="120.08110897"><ele>21.010</ele><time>2026-04-25T03:10:37Z</time><sat>11</sat></trkpt>
  <trkpt lat="30.30412039" lon="120.08110900"><ele>20.978</ele><time>2026-04-25T03:10:40Z</time><sat>10</sat></trkpt>
  <trkpt lat="30.30412045" lon="120.08110903"><ele>20.974</ele><time>2026-04-25T03:10:43Z</time><sat>12</sat></trkpt>
  <trkpt lat="30.30412096" lon="120.08110895"><ele>20.941</ele><time>2026-04-25T03:10:46Z</time><sat>15</sat></trkpt>
  <trkpt lat="30.30412103" lon="120.08110896"><ele>20.926</ele><time>2026-04-25T03:10:49Z</time><sat>16</sat></trkpt>
  <trkpt lat="30.30412104" lon="120.08110899"><ele>20.924</ele><time>2026-04-25T03:10:52Z</time><sat>15</sat></trkpt>
  <trkpt lat="30.30412102" lon="120.08110899"><ele>20.911</ele><time>2026-04-25T03:10:55Z</time><sat>10</sat></trkpt>
  <trkpt lat="30.30412241" lon="120.08110879"><ele>20.857</ele><time>2026-04-25T03:10:58Z</time><sat>6</sat></trkpt>
  <trkpt lat="30.30418613" lon="120.08109529"><ele>15.376</ele><time>2026-04-25T03:11:01Z</time><sat>10</sat></trkpt>
  <trkpt lat="30.30423366" lon="120.08109107"><ele>13.391</ele><time>2026-04-25T03:11:04Z</time><sat>14</sat></trkpt>
  <trkpt lat="30.30424613" lon="120.08107336"><ele>12.519</ele><time>2026-04-25T03:11:07Z</time><sat>12</sat></trkpt>
  <trkpt lat="30.30424745" lon="120.08107551"><ele>15.101</ele><time>2026-04-25T03:11:10Z</time><sat>12</sat></trkpt>
  <trkpt lat="30.30425858" lon="120.08112518"><ele>13.846</ele><time>2026-04-25T03:11:13Z</time><sat>11</sat></trkpt>
  <trkpt lat="30.30425329" lon="120.08114102"><ele>14.227</ele><time>2026-04-25T03:11:16Z</time><sat>12</sat></trkpt>
  <trkpt lat="30.30422970" lon="120.08112120"><ele>14.323</ele><time>2026-04-25T03:11:19Z</time><sat>11</sat></trkpt>
  <trkpt lat="30.30421613" lon="120.08113616"><ele>14.492</ele><time>2026-04-25T03:11:22Z</time><sat>11</sat></trkpt>
  <trkpt lat="30.30417952" lon="120.08113291"><ele>14.646</ele><time>2026-04-25T03:11:25Z</time><sat>12</sat></trkpt>
  <trkpt lat="30.30418149" lon="120.08111073"><ele>14.504</ele><time>2026-04-25T03:11:28Z</time><sat>14</sat></trkpt>
  <trkpt lat="30.30418491" lon="120.08109781"><ele>15.755</ele><time>2026-04-25T03:11:31Z</time><sat>13</sat></trkpt>
  <trkpt lat="30.30423026" lon="120.08109019"><ele>15.953</ele><time>2026-04-25T03:11:34Z</time><sat>13</sat></trkpt>
  <trkpt lat="30.30422731" lon="120.08110963"><ele>17.215</ele><time>2026-04-25T03:11:37Z</time><sat>12</sat></trkpt>
  <trkpt lat="30.30422409" lon="120.08110392"><ele>16.536</ele><time>2026-04-25T03:11:40Z</time><sat>10</sat></trkpt>
  <trkpt lat="30.30422684" lon="120.08110611"><ele>15.574</ele><time>2026-04-25T03:11:43Z</time><sat>12</sat></trkpt>
  <trkpt lat="30.30422725" lon="120.08111251"><ele>16.226</ele><time>2026-04-25T03:11:46Z</time><sat>11</sat></trkpt>
  <trkpt lat="30.30421914" lon="120.08111345"><ele>16.481</ele><time>2026-04-25T03:11:49Z</time><sat>9</sat></trkpt>
  <trkpt lat="30.30421659" lon="120.08111372"><ele>16.431</ele><time>2026-04-25T03:11:52Z</time><sat>9</sat></trkpt>
  <trkpt lat="30.30421632" lon="120.08111601"><ele>15.777</ele><time>2026-04-25T03:11:55Z</time><sat>11</sat></trkpt>
  <trkpt lat="30.30421658" lon="120.08111679"><ele>15.074</ele><time>2026-04-25T03:11:58Z</time><sat>10</sat></trkpt>
  <trkpt lat="30.30421291" lon="120.08111597"><ele>14.570</ele><time>2026-04-25T03:12:01Z</time><sat>9</sat></trkpt>
  <trkpt lat="30.30420442" lon="120.08111383"><ele>14.384</ele><time>2026-04-25T03:12:04Z</time><sat>11</sat></trkpt>
  <trkpt lat="30.30420101" lon="120.08111203"><ele>14.197</ele><time>2026-04-25T03:12:07Z</time><sat>11</sat></trkpt>
  <trkpt lat="30.30419900" lon="120.08111222"><ele>14.166</ele><time>2026-04-25T03:12:10Z</time><sat>11</sat></trkpt>
  <trkpt lat="30.30418967" lon="120.08111311"><ele>13.053</ele><time>2026-04-25T03:12:13Z</time><sat>12</sat></trkpt>
  <trkpt lat="30.30418495" lon="120.08111292"><ele>13.020</ele><time>2026-04-25T03:12:16Z</time><sat>15</sat></trkpt>
  <trkpt lat="30.30418971" lon="120.08111074"><ele>13.710</ele><time>2026-04-25T03:12:19Z</time><sat>16</sat></trkpt>
  <trkpt lat="30.30418966" lon="120.08111009"><ele>13.894</ele><time>2026-04-25T03:12:22Z</time><sat>12</sat></trkpt>
  <trkpt lat="30.30418830" lon="120.08110834"><ele>14.185</ele><time>2026-04-25T03:12:25Z</time><sat>15</sat></trkpt>
  <trkpt lat="30.30418848" lon="120.08110749"><ele>14.147</ele><time>2026-04-25T03:12:28Z</time><sat>14</sat></trkpt>
  <trkpt lat="30.30418783" lon="120.08110729"><ele>14.102</ele><time>2026-04-25T03:12:31Z</time><sat>12</sat></trkpt>
  <trkpt lat="30.30418515" lon="120.08110204"><ele>14.620</ele><time>2026-04-25T03:12:34Z</time><sat>10</sat></trkpt>
  <trkpt lat="30.30418328" lon="120.08110167"><ele>14.549</ele><time>2026-04-25T03:12:37Z</time><sat>14</sat></trkpt>
  <trkpt lat="30.30418982" lon="120.08109731"><ele>13.899</ele><time>2026-04-25T03:12:40Z</time><sat>13</sat></trkpt>
  <trkpt lat="30.30418883" lon="120.08109567"><ele>13.921</ele><time>2026-04-25T03:12:43Z</time><sat>15</sat></trkpt>
  <trkpt lat="30.30418899" lon="120.08109934"><ele>13.404</ele><time>2026-04-25T03:12:46Z</time><sat>16</sat></trkpt>
  <trkpt lat="30.30419251" lon="120.08110959"><ele>14.513</ele><time>2026-04-25T03:12:49Z</time><sat>17</sat></trkpt>
  <trkpt lat="30.30419802" lon="120.08111776"><ele>14.087</ele><time>2026-04-25T03:12:52Z</time><sat>13</sat></trkpt>
  <trkpt lat="30.30419782" lon="120.08111939"><ele>12.427</ele><time>2026-04-25T03:12:55Z</time><sat>12</sat></trkpt>
  <trkpt lat="30.30420332" lon="120.08111725"><ele>11.379</ele><time>2026-04-25T03:12:58Z</time><sat>12</sat></trkpt>
  <trkpt lat="30.30420548" lon="120.08112118"><ele>11.009</ele><time>2026-04-25T03:13:01Z</time><sat>16</sat></trkpt>
  <trkpt lat="30.30420098" lon="120.08111908"><ele>8.644</ele><time>2026-04-25T03:13:04Z</time><sat>15</sat></trkpt>
  <trkpt lat="30.30419945" lon="120.08111911"><ele>8.031</ele><time>2026-04-25T03:13:07Z</time><sat>14</sat></trkpt>
  <trkpt lat="30.30419808" lon="120.08111971"><ele>8.406</ele><time>2026-04-25T03:13:10Z</time><sat>14</sat></trkpt>
  <trkpt lat="30.30419454" lon="120.08111891"><ele>8.466</ele><time>2026-04-25T03:13:13Z</time><sat>15</sat></trkpt>
  <trkpt lat="30.30419477" lon="120.08111899"><ele>8.555</ele><time>2026-04-25T03:13:16Z</time><sat>16</sat></trkpt>
  <trkpt lat="30.30419474" lon="120.08111906"><ele>8.493</ele><time>2026-04-25T03:13:19Z</time><sat>16</sat></trkpt>
  <trkpt lat="30.30419343" lon="120.08111857"><ele>8.554</ele><time>2026-04-25T03:13:22Z</time><sat>12</sat></trkpt>
  <trkpt lat="30.30419169" lon="120.08111799"><ele>8.487</ele><time>2026-04-25T03:13:25Z</time><sat>12</sat></trkpt>
  <trkpt lat="30.30418930" lon="120.08111828"><ele>8.755</ele><time>2026-04-25T03:13:28Z</time><sat>14</sat></trkpt>
  <trkpt lat="30.30419194" lon="120.08111749"><ele>8.844</ele><time>2026-04-25T03:13:31Z</time><sat>11</sat></trkpt>
  <trkpt lat="30.30419325" lon="120.08111768"><ele>8.844</ele><time>2026-04-25T03:13:34Z</time><sat>12</sat></trkpt>
  <trkpt lat="30.30419333" lon="120.08111773"><ele>8.822</ele><time>2026-04-25T03:13:37Z</time><sat>13</sat></trkpt>
  <trkpt lat="30.30419347" lon="120.08111772"><ele>8.809</ele><time>2026-04-25T03:13:40Z</time><sat>7</sat></trkpt>
  <trkpt lat="30.30419286" lon="120.08111736"><ele>8.849</ele><time>2026-04-25T03:13:43Z</time><sat>6</sat></trkpt>
  <trkpt lat="30.30419115" lon="120.08111482"><ele>8.886</ele><time>2026-04-25T03:13:46Z</time><sat>12</sat></trkpt>
  <trkpt lat="30.30418845" lon="120.08111053"><ele>8.748</ele><time>2026-04-25T03:13:49Z</time><sat>13</sat></trkpt>
  <trkpt lat="30.30418476" lon="120.08110547"><ele>8.889</ele><time>2026-04-25T03:13:52Z</time><sat>9</sat></trkpt>
  <trkpt lat="30.30418101" lon="120.08110045"><ele>9.046</ele><time>2026-04-25T03:13:55Z</time><sat>8</sat></trkpt>
  <trkpt lat="30.30417875" lon="120.08109856"><ele>8.919</ele><time>2026-04-25T03:13:58Z</time><sat>9</sat></trkpt>
  <trkpt lat="30.30418072" lon="120.08109845"><ele>8.866</ele><time>2026-04-25T03:14:01Z</time><sat>9</sat></trkpt>
  <trkpt lat="30.30418014" lon="120.08109809"><ele>8.809</ele><time>2026-04-25T03:14:04Z</time><sat>10</sat></trkpt>
  <trkpt lat="30.30417974" lon="120.08109754"><ele>8.881</ele><time>2026-04-25T03:14:07Z</time><sat>11</sat></trkpt>
  <trkpt lat="30.30417919" lon="120.08109691"><ele>8.901</ele><time>2026-04-25T03:14:10Z</time><sat>10</sat></trkpt>
  <trkpt lat="30.30417861" lon="120.08109642"><ele>8.883</ele><time>2026-04-25T03:14:13Z</time><sat>11</sat></trkpt>
  <trkpt lat="30.30417840" lon="120.08109659"><ele>8.796</ele><time>2026-04-25T03:14:16Z</time><sat>12</sat></trkpt>
  <trkpt lat="30.30417822" lon="120.08109661"><ele>8.774</ele><time>2026-04-25T03:14:19Z</time><sat>13</sat></trkpt>
  <trkpt lat="30.30417791" lon="120.08109654"><ele>8.776</ele><time>2026-04-25T03:14:22Z</time><sat>11</sat></trkpt>
  <trkpt lat="30.30417756" lon="120.08109648"><ele>8.752</ele><time>2026-04-25T03:14:25Z</time><sat>10</sat></trkpt>
  <trkpt lat="30.30417749" lon="120.08109634"><ele>8.784</ele><time>2026-04-25T03:14:28Z</time><sat>11</sat></trkpt>
  <trkpt lat="30.30417704" lon="120.08109630"><ele>8.646</ele><time>2026-04-25T03:14:31Z</time><sat>12</sat></trkpt>
  <trkpt lat="30.30417658" lon="120.08109615"><ele>8.630</ele><time>2026-04-25T03:14:34Z</time><sat>13</sat></trkpt>
  <trkpt lat="30.30417647" lon="120.08109623"><ele>8.488</ele><time>2026-04-25T03:14:37Z</time><sat>13</sat></trkpt>
  <trkpt lat="30.30417583" lon="120.08109614"><ele>8.220</ele><time>2026-04-25T03:14:40Z</time><sat>13</sat></trkpt>
  <trkpt lat="30.30417407" lon="120.08109624"><ele>8.187</ele><time>2026-04-25T03:14:43Z</time><sat>14</sat></trkpt>
  <trkpt lat="30.30417537" lon="120.08109575"><ele>7.947</ele><time>2026-04-25T03:14:46Z</time><sat>13</sat></trkpt>
  <trkpt lat="30.30417685" lon="120.08109516"><ele>7.790</ele><time>2026-04-25T03:14:49Z</time><sat>12</sat></trkpt>
  <trkpt lat="30.30417651" lon="120.08109507"><ele>7.659</ele><time>2026-04-25T03:14:52Z</time><sat>14</sat></trkpt>
  <trkpt lat="30.30417636" lon="120.08109517"><ele>7.652</ele><time>2026-04-25T03:14:55Z</time><sat>17</sat></trkpt>
  <trkpt lat="30.30417563" lon="120.08109516"><ele>7.602</ele><time>2026-04-25T03:14:58Z</time><sat>16</sat></trkpt>
  <trkpt lat="30.30417516" lon="120.08109513"><ele>7.607</ele><time>2026-04-25T03:15:01Z</time><sat>12</sat></trkpt>
  <trkpt lat="30.30417499" lon="120.08109506"><ele>7.563</ele><time>2026-04-25T03:15:04Z</time><sat>10</sat></trkpt>
  <trkpt lat="30.30417493" lon="120.08109503"><ele>7.566</ele><time>2026-04-25T03:15:07Z</time><sat>13</sat></trkpt>
  <trkpt lat="30.30417539" lon="120.08109511"><ele>7.616</ele><time>2026-04-25T03:15:10Z</time><sat>13</sat></trkpt>
  <trkpt lat="30.30417554" lon="120.08109513"><ele>7.621</ele><time>2026-04-25T03:15:13Z</time><sat>11</sat></trkpt>
  <trkpt lat="30.30417468" lon="120.08109481"><ele>7.535</ele><time>2026-04-25T03:15:16Z</time><sat>12</sat></trkpt>
  <trkpt lat="30.30417392" lon="120.08109460"><ele>7.530</ele><time>2026-04-25T03:15:19Z</time><sat>18</sat></trkpt>
  <trkpt lat="30.30417401" lon="120.08109461"><ele>7.557</ele><time>2026-04-25T03:15:22Z</time><sat>17</sat></trkpt>
  <trkpt lat="30.30417354" lon="120.08109451"><ele>7.505</ele><time>2026-04-25T03:15:25Z</time><sat>9</sat></trkpt>
  <trkpt lat="30.30417404" lon="120.08109446"><ele>7.520</ele><time>2026-04-25T03:15:28Z</time><sat>13</sat></trkpt>
  <trkpt lat="30.30417436" lon="120.08109448"><ele>7.506</ele><time>2026-04-25T03:15:31Z</time><sat>17</sat></trkpt>
  <trkpt lat="30.30417411" lon="120.08109450"><ele>7.459</ele><time>2026-04-25T03:15:34Z</time><sat>15</sat></trkpt>
  <trkpt lat="30.30417357" lon="120.08109438"><ele>7.406</ele><time>2026-04-25T03:15:37Z</time><sat>12</sat></trkpt>
  <trkpt lat="30.30417334" lon="120.08109403"><ele>7.352</ele><time>2026-04-25T03:15:40Z</time><sat>13</sat></trkpt>
  <trkpt lat="30.30417335" lon="120.08109376"><ele>7.353</ele><time>2026-04-25T03:15:43Z</time><sat>16</sat></trkpt>
  <trkpt lat="30.30417411" lon="120.08109379"><ele>7.431</ele><time>2026-04-25T03:15:46Z</time><sat>15</sat></trkpt>
  <trkpt lat="30.30417332" lon="120.08109353"><ele>7.327</ele><time>2026-04-25T03:15:49Z</time><sat>14</sat></trkpt>
  <trkpt lat="30.30417241" lon="120.08109343"><ele>7.332</ele><time>2026-04-25T03:15:52Z</time><sat>15</sat></trkpt>
  <trkpt lat="30.30417184" lon="120.08109343"><ele>7.318</ele><time>2026-04-25T03:15:55Z</time><sat>13</sat></trkpt>
  <trkpt lat="30.30417178" lon="120.08109337"><ele>7.295</ele><time>2026-04-25T03:15:58Z</time><sat>16</sat></trkpt>
  <trkpt lat="30.30417155" lon="120.08109337"><ele>7.273</ele><time>2026-04-25T03:16:01Z</time><sat>16</sat></trkpt>
  <trkpt lat="30.30417113" lon="120.08109300"><ele>7.245</ele><time>2026-04-25T03:16:04Z</time><sat>13</sat></trkpt>
  <trkpt lat="30.30417026" lon="120.08109292"><ele>7.214</ele><time>2026-04-25T03:16:07Z</time><sat>11</sat></trkpt>
  <trkpt lat="30.30417004" lon="120.08109293"><ele>7.218</ele><time>2026-04-25T03:16:10Z</time><sat>15</sat></trkpt>
  <trkpt lat="30.30417005" lon="120.08109299"><ele>7.220</ele><time>2026-04-25T03:16:13Z</time><sat>16</sat></trkpt>
  <trkpt lat="30.30416944" lon="120.08109284"><ele>7.160</ele><time>2026-04-25T03:16:16Z</time><sat>13</sat></trkpt>
  <trkpt lat="30.30416885" lon="120.08109272"><ele>7.147</ele><time>2026-04-25T03:16:19Z</time><sat>11</sat></trkpt>
  <trkpt lat="30.30416873" lon="120.08109274"><ele>7.143</ele><time>2026-04-25T03:16:22Z</time><sat>15</sat></trkpt>
  <trkpt lat="30.30416866" lon="120.08109276"><ele>7.134</ele><time>2026-04-25T03:16:25Z</time><sat>15</sat></trkpt>
  <trkpt lat="30.30416847" lon="120.08109278"><ele>7.123</ele><time>2026-04-25T03:16:28Z</time><sat>12</sat></trkpt>
  <trkpt lat="30.30416832" lon="120.08109280"><ele>7.103</ele><time>2026-04-25T03:16:31Z</time><sat>11</sat></trkpt>
  <trkpt lat="30.30416828" lon="120.08109282"><ele>7.094</ele><time>2026-04-25T03:16:34Z</time><sat>16</sat></trkpt>
  <trkpt lat="30.30416813" lon="120.08109272"><ele>7.083</ele><time>2026-04-25T03:16:37Z</time><sat>16</sat></trkpt>
  <trkpt lat="30.30416814" lon="120.08109274"><ele>7.072</ele><time>2026-04-25T03:16:40Z</time><sat>13</sat></trkpt>
  <trkpt lat="30.30416261" lon="120.08109134"><ele>6.680</ele><time>2026-04-25T03:16:43Z</time><sat>12</sat></trkpt>
  <trkpt lat="30.30415946" lon="120.08109056"><ele>6.621</ele><time>2026-04-25T03:16:46Z</time><sat>15</sat></trkpt>
  <trkpt lat="30.30415861" lon="120.08109039"><ele>6.588</ele><time>2026-04-25T03:16:49Z</time><sat>14</sat></trkpt>
  <trkpt lat="30.30415805" lon="120.08109028"><ele>6.552</ele><time>2026-04-25T03:16:52Z</time><sat>11</sat></trkpt>
  <trkpt lat="30.30415765" lon="120.08109019"><ele>6.547</ele><time>2026-04-25T03:16:55Z</time><sat>12</sat></trkpt>
  <trkpt lat="30.30415708" lon="120.08109039"><ele>6.495</ele><time>2026-04-25T03:16:58Z</time><sat>13</sat></trkpt>
  <trkpt lat="30.30415681" lon="120.08109038"><ele>6.476</ele><time>2026-04-25T03:17:01Z</time><sat>13</sat></trkpt>
  <trkpt lat="30.30415668" lon="120.08109037"><ele>6.467</ele><time>2026-04-25T03:17:04Z</time><sat>12</sat></trkpt>
  <trkpt lat="30.30415656" lon="120.08109036"><ele>6.455</ele><time>2026-04-25T03:17:07Z</time><sat>11</sat></trkpt>
  <trkpt lat="30.30415653" lon="120.08109039"><ele>6.441</ele><time>2026-04-25T03:17:10Z</time><sat>10</sat></trkpt>
  <trkpt lat="30.30415643" lon="120.08109033"><ele>6.435</ele><time>2026-04-25T03:17:13Z</time><sat>10</sat></trkpt>
  <trkpt lat="30.30415636" lon="120.08109026"><ele>6.443</ele><time>2026-04-25T03:17:16Z</time><sat>9</sat></trkpt>
  <trkpt lat="30.30415635" lon="120.08109034"><ele>6.411</ele><time>2026-04-25T03:17:19Z</time><sat>10</sat></trkpt>
  <trkpt lat="30.30415634" lon="120.08109041"><ele>6.385</ele><time>2026-04-25T03:17:22Z</time><sat>11</sat></trkpt>
  <trkpt lat="30.30415630" lon="120.08109040"><ele>6.401</ele><time>2026-04-25T03:17:25Z</time><sat>11</sat></trkpt>
  <trkpt lat="30.30415609" lon="120.08109030"><ele>6.382</ele><time>2026-04-25T03:17:28Z</time><sat>11</sat></trkpt>
  <trkpt lat="30.30415611" lon="120.08109024"><ele>6.360</ele><time>2026-04-25T03:17:31Z</time><sat>14</sat></trkpt>
  <trkpt lat="30.30415616" lon="120.08109031"><ele>6.345</ele><time>2026-04-25T03:17:34Z</time><sat>17</sat></trkpt>
  <trkpt lat="30.30415611" lon="120.08109036"><ele>6.339</ele><time>2026-04-25T03:17:37Z</time><sat>14</sat></trkpt>
  <trkpt lat="30.30415596" lon="120.08109025"><ele>6.362</ele><time>2026-04-25T03:17:40Z</time><sat>13</sat></trkpt>
  <trkpt lat="30.30415586" lon="120.08109016"><ele>6.367</ele><time>2026-04-25T03:17:43Z</time><sat>15</sat></trkpt>
  <trkpt lat="30.30415582" lon="120.08109010"><ele>6.356</ele><time>2026-04-25T03:17:46Z</time><sat>13</sat></trkpt>
  <trkpt lat="30.30415577" lon="120.08109008"><ele>6.354</ele><time>2026-04-25T03:17:49Z</time><sat>10</sat></trkpt>
  <trkpt lat="30.30415576" lon="120.08109011"><ele>6.337</ele><time>2026-04-25T03:17:52Z</time><sat>12</sat></trkpt>
  <trkpt lat="30.30415579" lon="120.08109017"><ele>6.318</ele><time>2026-04-25T03:17:55Z</time><sat>13</sat></trkpt>
  <trkpt lat="30.30415581" lon="120.08109023"><ele>6.320</ele><time>2026-04-25T03:17:58Z</time><sat>12</sat></trkpt>
  <trkpt lat="30.30415582" lon="120.08109027"><ele>6.300</ele><time>2026-04-25T03:18:01Z</time><sat>11</sat></trkpt>
  <trkpt lat="30.30415585" lon="120.08109033"><ele>6.280</ele><time>2026-04-25T03:18:04Z</time><sat>10</sat></trkpt>
  <trkpt lat="30.30415585" lon="120.08109034"><ele>6.256</ele><time>2026-04-25T03:18:07Z</time><sat>9</sat></trkpt>
  <trkpt lat="30.30415587" lon="120.08109038"><ele>6.251</ele><time>2026-04-25T03:18:10Z</time><sat>10</sat></trkpt>
  <trkpt lat="30.30415590" lon="120.08109040"><ele>6.234</ele><time>2026-04-25T03:18:13Z</time><sat>12</sat></trkpt>
  <trkpt lat="30.30415591" lon="120.08109042"><ele>6.238</ele><time>2026-04-25T03:18:16Z</time><sat>9</sat></trkpt>
  <trkpt lat="30.30415594" lon="120.08109044"><ele>6.241</ele><time>2026-04-25T03:18:19Z</time><sat>8</sat></trkpt>
  <trkpt lat="30.30415597" lon="120.08109048"><ele>6.220</ele><time>2026-04-25T03:18:22Z</time><sat>10</sat></trkpt>
  <trkpt lat="30.30415598" lon="120.08109049"><ele>6.214</ele><time>2026-04-25T03:18:25Z</time><sat>12</sat></trkpt>
  <trkpt lat="30.30415601" lon="120.08109054"><ele>6.212</ele><time>2026-04-25T03:18:28Z</time><sat>8</sat></trkpt>
  <trkpt lat="30.30415602" lon="120.08109056"><ele>6.216</ele><time>2026-04-25T03:18:31Z</time><sat>9</sat></trkpt>
  <trkpt lat="30.30415605" lon="120.08109060"><ele>6.198</ele><time>2026-04-25T03:18:34Z</time><sat>11</sat></trkpt>
  <trkpt lat="30.30415605" lon="120.08109059"><ele>6.207</ele><time>2026-04-25T03:18:37Z</time><sat>12</sat></trkpt>
  <trkpt lat="30.30415606" lon="120.08109060"><ele>6.206</ele><time>2026-04-25T03:18:40Z</time><sat>7</sat></trkpt>
  <trkpt lat="30.30415606" lon="120.08109060"><ele>6.218</ele><time>2026-04-25T03:18:43Z</time><sat>6</sat></trkpt>
  <trkpt lat="30.30415606" lon="120.08109059"><ele>6.219</ele><time>2026-04-25T03:18:46Z</time><sat>11</sat></trkpt>
  <trkpt lat="30.30415606" lon="120.08109059"><ele>6.219</ele><time>2026-04-25T03:18:49Z</time><sat>13</sat></trkpt>
  <trkpt lat="30.30415606" lon="120.08109058"><ele>6.211</ele><time>2026-04-25T03:18:52Z</time><sat>10</sat></trkpt>
  <trkpt lat="30.30415607" lon="120.08109060"><ele>6.212</ele><time>2026-04-25T03:18:55Z</time><sat>9</sat></trkpt>
  <trkpt lat="30.30415610" lon="120.08109065"><ele>6.204</ele><time>2026-04-25T03:18:58Z</time><sat>12</sat></trkpt>
  <trkpt lat="30.30415609" lon="120.08109066"><ele>6.194</ele><time>2026-04-25T03:19:01Z</time><sat>12</sat></trkpt>
  <trkpt lat="30.30415607" lon="120.08109063"><ele>6.183</ele><time>2026-04-25T03:19:04Z</time><sat>13</sat></trkpt>
  <trkpt lat="30.30415607" lon="120.08109061"><ele>6.198</ele><time>2026-04-25T03:19:07Z</time><sat>10</sat></trkpt>
  <trkpt lat="30.30415606" lon="120.08109060"><ele>6.210</ele><time>2026-04-25T03:19:10Z</time><sat>11</sat></trkpt>
  <trkpt lat="30.30415606" lon="120.08109060"><ele>6.199</ele><time>2026-04-25T03:19:13Z</time><sat>11</sat></trkpt>
  <trkpt lat="30.30415605" lon="120.08109059"><ele>6.212</ele><time>2026-04-25T03:19:16Z</time><sat>10</sat></trkpt>
  <trkpt lat="30.30415604" lon="120.08109061"><ele>6.231</ele><time>2026-04-25T03:19:19Z</time><sat>10</sat></trkpt>
  <trkpt lat="30.30415605" lon="120.08109066"><ele>6.237</ele><time>2026-04-25T03:19:22Z</time><sat>10</sat></trkpt>
  <trkpt lat="30.30415605" lon="120.08109066"><ele>6.238</ele><time>2026-04-25T03:19:25Z</time><sat>12</sat></trkpt>
  <trkpt lat="30.30415584" lon="120.08109062"><ele>6.218</ele><time>2026-04-25T03:19:28Z</time><sat>13</sat></trkpt>
  <trkpt lat="30.30415583" lon="120.08109064"><ele>6.216</ele><time>2026-04-25T03:19:31Z</time><sat>10</sat></trkpt>
  <trkpt lat="30.30415585" lon="120.08109073"><ele>6.216</ele><time>2026-04-25T03:19:34Z</time><sat>11</sat></trkpt>
  <trkpt lat="30.30415589" lon="120.08109082"><ele>6.222</ele><time>2026-04-25T03:19:37Z</time><sat>11</sat></trkpt>
  <trkpt lat="30.30415544" lon="120.08109093"><ele>6.227</ele><time>2026-04-25T03:19:40Z</time><sat>11</sat></trkpt>
  <trkpt lat="30.30415389" lon="120.08109115"><ele>6.206</ele><time>2026-04-25T03:19:43Z</time><sat>13</sat></trkpt>
  <trkpt lat="30.30415320" lon="120.08109130"><ele>6.202</ele><time>2026-04-25T03:19:46Z</time><sat>13</sat></trkpt>
  <trkpt lat="30.30415274" lon="120.08109145"><ele>6.197</ele><time>2026-04-25T03:19:49Z</time><sat>14</sat></trkpt>
  <trkpt lat="30.30415269" lon="120.08109153"><ele>6.195</ele><time>2026-04-25T03:19:52Z</time><sat>13</sat></trkpt>
  <trkpt lat="30.30415231" lon="120.08109158"><ele>6.309</ele><time>2026-04-25T03:19:55Z</time><sat>11</sat></trkpt>
  <trkpt lat="30.30415229" lon="120.08109160"><ele>6.306</ele><time>2026-04-25T03:19:58Z</time><sat>13</sat></trkpt>
  <trkpt lat="30.30415228" lon="120.08109161"><ele>6.310</ele><time>2026-04-25T03:20:01Z</time><sat>13</sat></trkpt>
  <trkpt lat="30.30415235" lon="120.08109173"><ele>6.299</ele><time>2026-04-25T03:20:04Z</time><sat>13</sat></trkpt>
  <trkpt lat="30.30415206" lon="120.08109182"><ele>6.307</ele><time>2026-04-25T03:20:07Z</time><sat>14</sat></trkpt>
  <trkpt lat="30.30415205" lon="120.08109189"><ele>6.304</ele><time>2026-04-25T03:20:10Z</time><sat>16</sat></trkpt>
  <trkpt lat="30.30415207" lon="120.08109194"><ele>6.302</ele><time>2026-04-25T03:20:13Z</time><sat>14</sat></trkpt>
  <trkpt lat="30.30415211" lon="120.08109203"><ele>6.300</ele><time>2026-04-25T03:20:16Z</time><sat>13</sat></trkpt>
  <trkpt lat="30.30415213" lon="120.08109208"><ele>6.299</ele><time>2026-04-25T03:20:19Z</time><sat>13</sat></trkpt>
  <trkpt lat="30.30415214" lon="120.08109211"><ele>6.298</ele><time>2026-04-25T03:20:22Z</time><sat>13</sat></trkpt>
  <trkpt lat="30.30415216" lon="120.08109216"><ele>6.300</ele><time>2026-04-25T03:20:25Z</time><sat>13</sat></trkpt>
  <trkpt lat="30.30415218" lon="120.08109221"><ele>6.295</ele><time>2026-04-25T03:20:28Z</time><sat>9</sat></trkpt>
  <trkpt lat="30.30415219" lon="120.08109224"><ele>6.294</ele><time>2026-04-25T03:20:31Z</time><sat>10</sat></trkpt>
  <trkpt lat="30.30415278" lon="120.08109217"><ele>6.313</ele><time>2026-04-25T03:20:34Z</time><sat>12</sat></trkpt>
  <trkpt lat="30.30415287" lon="120.08109219"><ele>6.316</ele><time>2026-04-25T03:20:37Z</time><sat>11</sat></trkpt>
  <trkpt lat="30.30415291" lon="120.08109223"><ele>6.315</ele><time>2026-04-25T03:20:40Z</time><sat>9</sat></trkpt>
  <trkpt lat="30.30415294" lon="120.08109229"><ele>6.315</ele><time>2026-04-25T03:20:43Z</time><sat>10</sat></trkpt>
  <trkpt lat="30.30415345" lon="120.08109224"><ele>6.331</ele><time>2026-04-25T03:20:46Z</time><sat>13</sat></trkpt>
  <trkpt lat="30.30415370" lon="120.08109216"><ele>6.343</ele><time>2026-04-25T03:20:49Z</time><sat>13</sat></trkpt>
  <trkpt lat="30.30415376" lon="120.08109214"><ele>6.345</ele><time>2026-04-25T03:20:52Z</time><sat>10</sat></trkpt>
  <trkpt lat="30.30415380" lon="120.08109216"><ele>6.339</ele><time>2026-04-25T03:20:55Z</time><sat>9</sat></trkpt>
  <trkpt lat="30.30415385" lon="120.08109217"><ele>6.344</ele><time>2026-04-25T03:20:58Z</time><sat>11</sat></trkpt>
  <trkpt lat="30.30415382" lon="120.08109224"><ele>6.351</ele><time>2026-04-25T03:21:01Z</time><sat>12</sat></trkpt>
  <trkpt lat="30.30415381" lon="120.08109225"><ele>6.353</ele><time>2026-04-25T03:21:04Z</time><sat>11</sat></trkpt>
  <trkpt lat="30.30415342" lon="120.08109237"><ele>6.350</ele><time>2026-04-25T03:21:07Z</time><sat>9</sat></trkpt>
  <trkpt lat="30.30415334" lon="120.08109243"><ele>6.350</ele><time>2026-04-25T03:21:10Z</time><sat>11</sat></trkpt>
  <trkpt lat="30.30415336" lon="120.08109247"><ele>6.350</ele><time>2026-04-25T03:21:13Z</time><sat>12</sat></trkpt>
  <trkpt lat="30.30415339" lon="120.08109250"><ele>6.350</ele><time>2026-04-25T03:21:16Z</time><sat>12</sat></trkpt>
  <trkpt lat="30.30415328" lon="120.08109261"><ele>6.339</ele><time>2026-04-25T03:21:19Z</time><sat>12</sat></trkpt>
  <trkpt lat="30.30415320" lon="120.08109275"><ele>6.320</ele><time>2026-04-25T03:21:22Z</time><sat>12</sat></trkpt>
  <trkpt lat="30.30415323" lon="120.08109281"><ele>6.324</ele><time>2026-04-25T03:21:25Z</time><sat>14</sat></trkpt>
  <trkpt lat="30.30415325" lon="120.08109285"><ele>6.331</ele><time>2026-04-25T03:21:28Z</time><sat>12</sat></trkpt>
  <trkpt lat="30.30415319" lon="120.08109289"><ele>6.323</ele><time>2026-04-25T03:21:31Z</time><sat>12</sat></trkpt>
  <trkpt lat="30.30415316" lon="120.08109293"><ele>6.316</ele><time>2026-04-25T03:21:34Z</time><sat>14</sat></trkpt>
  <trkpt lat="30.30415317" lon="120.08109293"><ele>6.318</ele><time>2026-04-25T03:21:37Z</time><sat>11</sat></trkpt>
  <trkpt lat="30.30415319" lon="120.08109292"><ele>6.307</ele><time>2026-04-25T03:21:40Z</time><sat>12</sat></trkpt>
  <trkpt lat="30.30415333" lon="120.08109291"><ele>6.340</ele><time>2026-04-25T03:21:43Z</time><sat>14</sat></trkpt>
  <trkpt lat="30.30415352" lon="120.08109297"><ele>6.322</ele><time>2026-04-25T03:21:46Z</time><sat>17</sat></trkpt>
  <trkpt lat="30.30415352" lon="120.08109305"><ele>6.355</ele><time>2026-04-25T03:21:49Z</time><sat>16</sat></trkpt>
  <trkpt lat="30.30415353" lon="120.08109308"><ele>6.349</ele><time>2026-04-25T03:21:52Z</time><sat>15</sat></trkpt>
  <trkpt lat="30.30415308" lon="120.08109286"><ele>6.445</ele><time>2026-04-25T03:21:55Z</time><sat>15</sat></trkpt>
  <trkpt lat="30.30415269" lon="120.08109270"><ele>6.441</ele><time>2026-04-25T03:21:58Z</time><sat>13</sat></trkpt>
  <trkpt lat="30.30415273" lon="120.08109265"><ele>6.489</ele><time>2026-04-25T03:22:01Z</time><sat>14</sat></trkpt>
  <trkpt lat="30.30415272" lon="120.08109266"><ele>6.490</ele><time>2026-04-25T03:22:04Z</time><sat>14</sat></trkpt>
  <trkpt lat="30.30415215" lon="120.08109244"><ele>6.554</ele><time>2026-04-25T03:22:07Z</time><sat>12</sat></trkpt>
  <trkpt lat="30.30415149" lon="120.08109228"><ele>6.552</ele><time>2026-04-25T03:22:10Z</time><sat>13</sat></trkpt>
  <trkpt lat="30.30415141" lon="120.08109228"><ele>6.568</ele><time>2026-04-25T03:22:13Z</time><sat>15</sat></trkpt>
  <trkpt lat="30.30415123" lon="120.08109227"><ele>6.565</ele><time>2026-04-25T03:22:16Z</time><sat>17</sat></trkpt>
  <trkpt lat="30.30415145" lon="120.08109245"><ele>6.526</ele><time>2026-04-25T03:22:19Z</time><sat>14</sat></trkpt>
  <trkpt lat="30.30415172" lon="120.08109254"><ele>6.519</ele><time>2026-04-25T03:22:22Z</time><sat>13</sat></trkpt>
  <trkpt lat="30.30415151" lon="120.08109252"><ele>6.516</ele><time>2026-04-25T03:22:25Z</time><sat>14</sat></trkpt>
  <trkpt lat="30.30415137" lon="120.08109257"><ele>6.477</ele><time>2026-04-25T03:22:28Z</time><sat>16</sat></trkpt>
  <trkpt lat="30.30415223" lon="120.08109304"><ele>6.336</ele><time>2026-04-25T03:22:31Z</time><sat>15</sat></trkpt>
  <trkpt lat="30.30415259" lon="120.08109349"><ele>6.296</ele><time>2026-04-25T03:22:34Z</time><sat>16</sat></trkpt>
  <trkpt lat="30.30415258" lon="120.08109360"><ele>6.306</ele><time>2026-04-25T03:22:37Z</time><sat>19</sat></trkpt>
  <trkpt lat="30.30415245" lon="120.08109358"><ele>6.313</ele><time>2026-04-25T03:22:40Z</time><sat>19</sat></trkpt>
  <trkpt lat="30.30415233" lon="120.08109351"><ele>6.324</ele><time>2026-04-25T03:22:43Z</time><sat>16</sat></trkpt>
  <trkpt lat="30.30415277" lon="120.08109345"><ele>6.372</ele><time>2026-04-25T03:22:46Z</time><sat>16</sat></trkpt>
  <trkpt lat="30.30415282" lon="120.08109345"><ele>6.371</ele><time>2026-04-25T03:22:49Z</time><sat>16</sat></trkpt>
  <trkpt lat="30.30415274" lon="120.08109347"><ele>6.369</ele><time>2026-04-25T03:22:52Z</time><sat>17</sat></trkpt>
  <trkpt lat="30.30415275" lon="120.08109348"><ele>6.376</ele><time>2026-04-25T03:22:55Z</time><sat>16</sat></trkpt>
  <trkpt lat="30.30415271" lon="120.08109350"><ele>6.375</ele><time>2026-04-25T03:22:58Z</time><sat>15</sat></trkpt>
  <trkpt lat="30.30415271" lon="120.08109352"><ele>6.383</ele><time>2026-04-25T03:23:01Z</time><sat>15</sat></trkpt>
  <trkpt lat="30.30415257" lon="120.08109348"><ele>6.344</ele><time>2026-04-25T03:23:04Z</time><sat>13</sat></trkpt>
  <trkpt lat="30.30415228" lon="120.08109343"><ele>6.336</ele><time>2026-04-25T03:23:07Z</time><sat>15</sat></trkpt>
  <trkpt lat="30.30415212" lon="120.08109339"><ele>6.375</ele><time>2026-04-25T03:23:10Z</time><sat>15</sat></trkpt>
  <trkpt lat="30.30415203" lon="120.08109338"><ele>6.371</ele><time>2026-04-25T03:23:13Z</time><sat>12</sat></trkpt>
  <trkpt lat="30.30415196" lon="120.08109337"><ele>6.377</ele><time>2026-04-25T03:23:16Z</time><sat>13</sat></trkpt>
  <trkpt lat="30.30415190" lon="120.08109338"><ele>6.375</ele><time>2026-04-25T03:23:19Z</time><sat>14</sat></trkpt>
  <trkpt lat="30.30415172" lon="120.08109333"><ele>6.280</ele><time>2026-04-25T03:23:22Z</time><sat>14</sat></trkpt>
  <trkpt lat="30.30415156" lon="120.08109327"><ele>6.290</ele><time>2026-04-25T03:23:25Z</time><sat>14</sat></trkpt>
  <trkpt lat="30.30415148" lon="120.08109325"><ele>6.311</ele><time>2026-04-25T03:23:28Z</time><sat>14</sat></trkpt>
  <trkpt lat="30.30415135" lon="120.08109322"><ele>6.206</ele><time>2026-04-25T03:23:31Z</time><sat>13</sat></trkpt>
  <trkpt lat="30.30415134" lon="120.08109325"><ele>6.219</ele><time>2026-04-25T03:23:34Z</time><sat>13</sat></trkpt>
  <trkpt lat="30.30415142" lon="120.08109334"><ele>6.217</ele><time>2026-04-25T03:23:37Z</time><sat>15</sat></trkpt>
  <trkpt lat="30.30415143" lon="120.08109336"><ele>6.229</ele><time>2026-04-25T03:23:40Z</time><sat>15</sat></trkpt>
  <trkpt lat="30.30415140" lon="120.08109335"><ele>6.189</ele><time>2026-04-25T03:23:43Z</time><sat>14</sat></trkpt>
  <trkpt lat="30.30415145" lon="120.08109331"><ele>6.189</ele><time>2026-04-25T03:23:46Z</time><sat>15</sat></trkpt>
  <trkpt lat="30.30415145" lon="120.08109332"><ele>6.189</ele><time>2026-04-25T03:23:49Z</time><sat>16</sat></trkpt>
  <trkpt lat="30.30415127" lon="120.08109343"><ele>6.181</ele><time>2026-04-25T03:23:52Z</time><sat>13</sat></trkpt>
  <trkpt lat="30.30415026" lon="120.08109353"><ele>6.171</ele><time>2026-04-25T03:23:55Z</time><sat>15</sat></trkpt>
  <trkpt lat="30.30414999" lon="120.08109356"><ele>6.167</ele><time>2026-04-25T03:23:58Z</time><sat>12</sat></trkpt>
  <trkpt lat="30.30414997" lon="120.08109356"><ele>6.166</ele><time>2026-04-25T03:24:01Z</time><sat>13</sat></trkpt>
  <trkpt lat="30.30414998" lon="120.08109365"><ele>6.161</ele><time>2026-04-25T03:24:04Z</time><sat>14</sat></trkpt>
  <trkpt lat="30.30414983" lon="120.08109370"><ele>6.157</ele><time>2026-04-25T03:24:07Z</time><sat>14</sat></trkpt>
  <trkpt lat="30.30414980" lon="120.08109373"><ele>6.151</ele><time>2026-04-25T03:24:10Z</time><sat>15</sat></trkpt>
  <trkpt lat="30.30414975" lon="120.08109377"><ele>6.154</ele><time>2026-04-25T03:24:13Z</time><sat>11</sat></trkpt>
  <trkpt lat="30.30414974" lon="120.08109378"><ele>6.156</ele><time>2026-04-25T03:24:16Z</time><sat>14</sat></trkpt>
  <trkpt lat="30.30414975" lon="120.08109385"><ele>6.149</ele><time>2026-04-25T03:24:19Z</time><sat>15</sat></trkpt>
  <trkpt lat="30.30409812" lon="120.08112500"><ele>3.063</ele><time>2026-04-25T03:24:22Z</time><sat>13</sat></trkpt>
  <trkpt lat="30.30411347" lon="120.08114831"><ele>0.206</ele><time>2026-04-25T03:24:25Z</time><sat>16</sat></trkpt>
  <trkpt lat="30.30411903" lon="120.08115136"><ele>0.931</ele><time>2026-04-25T03:24:28Z</time><sat>18</sat></trkpt>
  <trkpt lat="30.30410962" lon="120.08113667"><ele>1.095</ele><time>2026-04-25T03:24:31Z</time><sat>14</sat></trkpt>
  <trkpt lat="30.30418078" lon="120.08112524"><ele>-0.496</ele><time>2026-04-25T03:24:34Z</time><sat>15</sat></trkpt>
  <trkpt lat="30.30421938" lon="120.08113304"><ele>3.168</ele><time>2026-04-25T03:24:37Z</time><sat>17</sat></trkpt>
  <trkpt lat="30.30422906" lon="120.08114420"><ele>5.572</ele><time>2026-04-25T03:24:40Z</time><sat>15</sat></trkpt>
  <trkpt lat="30.30423575" lon="120.08115076"><ele>6.186</ele><time>2026-04-25T03:24:43Z</time><sat>16</sat></trkpt>
  <trkpt lat="30.30423502" lon="120.08115258"><ele>5.868</ele><time>2026-04-25T03:24:46Z</time><sat>15</sat></trkpt>
  <trkpt lat="30.30423424" lon="120.08115318"><ele>5.590</ele><time>2026-04-25T03:24:49Z</time><sat>13</sat></trkpt>
  <trkpt lat="30.30423643" lon="120.08115324"><ele>4.539</ele><time>2026-04-25T03:24:52Z</time><sat>12</sat></trkpt>
  <trkpt lat="30.30424113" lon="120.08115304"><ele>4.274</ele><time>2026-04-25T03:24:55Z</time><sat>16</sat></trkpt>
  <trkpt lat="30.30424234" lon="120.08115296"><ele>4.328</ele><time>2026-04-25T03:24:58Z</time><sat>15</sat></trkpt>
  <trkpt lat="30.30424256" lon="120.08115296"><ele>4.344</ele><time>2026-04-25T03:25:01Z</time><sat>10</sat></trkpt>
  <trkpt lat="30.30424301" lon="120.08115298"><ele>4.273</ele><time>2026-04-25T03:25:04Z</time><sat>5</sat></trkpt>
  <trkpt lat="30.30424350" lon="120.08115306"><ele>4.301</ele><time>2026-04-25T03:25:07Z</time><sat>10</sat></trkpt>
  <trkpt lat="30.30424380" lon="120.08115316"><ele>4.328</ele><time>2026-04-25T03:25:10Z</time><sat>9</sat></trkpt>
  <trkpt lat="30.30424390" lon="120.08115323"><ele>4.330</ele><time>2026-04-25T03:25:13Z</time><sat>6</sat></trkpt>
  <trkpt lat="30.30424419" lon="120.08115326"><ele>4.326</ele><time>2026-04-25T03:25:16Z</time><sat>6</sat></trkpt>
  <trkpt lat="30.30424428" lon="120.08115326"><ele>4.335</ele><time>2026-04-25T03:25:19Z</time><sat>6</sat></trkpt>
  <trkpt lat="30.30424442" lon="120.08115334"><ele>4.311</ele><time>2026-04-25T03:25:22Z</time><sat>6</sat></trkpt>
  <trkpt lat="30.30424437" lon="120.08115334"><ele>4.317</ele><time>2026-04-25T03:25:25Z</time><sat>6</sat></trkpt>
  <trkpt lat="30.30424441" lon="120.08115341"><ele>4.328</ele><time>2026-04-25T03:25:28Z</time><sat>7</sat></trkpt>
  <trkpt lat="30.30424448" lon="120.08115349"><ele>4.325</ele><time>2026-04-25T03:25:31Z</time><sat>7</sat></trkpt>
  <trkpt lat="30.30424470" lon="120.08115367"><ele>4.308</ele><time>2026-04-25T03:25:34Z</time><sat>6</sat></trkpt>
  <trkpt lat="30.30424494" lon="120.08115375"><ele>4.174</ele><time>2026-04-25T03:25:37Z</time><sat>7</sat></trkpt>
  <trkpt lat="30.30424510" lon="120.08115384"><ele>4.241</ele><time>2026-04-25T03:25:40Z</time><sat>7</sat></trkpt>
  <trkpt lat="30.30424524" lon="120.08115390"><ele>4.244</ele><time>2026-04-25T03:25:43Z</time><sat>7</sat></trkpt>
  <trkpt lat="30.30424534" lon="120.08115400"><ele>4.241</ele><time>2026-04-25T03:25:46Z</time><sat>7</sat></trkpt>
  <trkpt lat="30.30424540" lon="120.08115406"><ele>4.244</ele><time>2026-04-25T03:25:49Z</time><sat>5</sat></trkpt>
  <trkpt lat="30.30424543" lon="120.08115409"><ele>4.284</ele><time>2026-04-25T03:25:52Z</time><sat>6</sat></trkpt>
  <trkpt lat="30.30424541" lon="120.08115408"><ele>4.303</ele><time>2026-04-25T03:25:55Z</time><sat>7</sat></trkpt>
  <trkpt lat="30.30424537" lon="120.08115410"><ele>4.310</ele><time>2026-04-25T03:25:58Z</time><sat>7</sat></trkpt>
  <trkpt lat="30.30424539" lon="120.08115423"><ele>4.308</ele><time>2026-04-25T03:26:01Z</time><sat>6</sat></trkpt>
  <trkpt lat="30.30424538" lon="120.08115430"><ele>4.316</ele><time>2026-04-25T03:26:04Z</time><sat>6</sat></trkpt>
  <trkpt lat="30.30424533" lon="120.08115433"><ele>4.333</ele><time>2026-04-25T03:26:07Z</time><sat>6</sat></trkpt>
  <trkpt lat="30.30424534" lon="120.08115439"><ele>4.339</ele><time>2026-04-25T03:26:10Z</time><sat>5</sat></trkpt>
  <trkpt lat="30.30424536" lon="120.08115439"><ele>4.339</ele><time>2026-04-25T03:26:13Z</time><sat>6</sat></trkpt>
  <trkpt lat="30.30424536" lon="120.08115447"><ele>4.345</ele><time>2026-04-25T03:26:16Z</time><sat>6</sat></trkpt>
  <trkpt lat="30.30424534" lon="120.08115446"><ele>4.357</ele><time>2026-04-25T03:26:19Z</time><sat>6</sat></trkpt>
  <trkpt lat="30.30424531" lon="120.08115446"><ele>4.368</ele><time>2026-04-25T03:26:22Z</time><sat>7</sat></trkpt>
  <trkpt lat="30.30424491" lon="120.08115445"><ele>4.383</ele><time>2026-04-25T03:26:25Z</time><sat>6</sat></trkpt>
  <trkpt lat="30.30424465" lon="120.08115449"><ele>4.377</ele><time>2026-04-25T03:26:28Z</time><sat>6</sat></trkpt>
  <trkpt lat="30.30424468" lon="120.08115453"><ele>4.378</ele><time>2026-04-25T03:26:31Z</time><sat>7</sat></trkpt>
  <trkpt lat="30.30424568" lon="120.08115484"><ele>4.370</ele><time>2026-04-25T03:26:34Z</time><sat>6</sat></trkpt>
  <trkpt lat="30.30424600" lon="120.08115490"><ele>4.386</ele><time>2026-04-25T03:26:37Z</time><sat>6</sat></trkpt>
  <trkpt lat="30.30424607" lon="120.08115495"><ele>4.398</ele><time>2026-04-25T03:26:40Z</time><sat>8</sat></trkpt>
  <trkpt lat="30.30424613" lon="120.08115500"><ele>4.402</ele><time>2026-04-25T03:26:43Z</time><sat>8</sat></trkpt>
  <trkpt lat="30.30424619" lon="120.08115503"><ele>4.407</ele><time>2026-04-25T03:26:46Z</time><sat>7</sat></trkpt>
  <trkpt lat="30.30424624" lon="120.08115506"><ele>4.417</ele><time>2026-04-25T03:26:49Z</time><sat>5</sat></trkpt>
  <trkpt lat="30.30424630" lon="120.08115509"><ele>4.411</ele><time>2026-04-25T03:26:52Z</time><sat>5</sat></trkpt>
  <trkpt lat="30.30424630" lon="120.08115508"><ele>4.428</ele><time>2026-04-25T03:26:55Z</time><sat>5</sat></trkpt>
  <trkpt lat="30.30424634" lon="120.08115511"><ele>4.426</ele><time>2026-04-25T03:26:58Z</time><sat>5</sat></trkpt>
  <trkpt lat="30.30424653" lon="120.08115520"><ele>4.419</ele><time>2026-04-25T03:27:01Z</time><sat>5</sat></trkpt>
  <trkpt lat="30.30424666" lon="120.08115525"><ele>4.412</ele><time>2026-04-25T03:27:04Z</time><sat>6</sat></trkpt>
  <trkpt lat="30.30424666" lon="120.08115527"><ele>4.410</ele><time>2026-04-25T03:27:07Z</time><sat>6</sat></trkpt>
  <trkpt lat="30.30424670" lon="120.08115530"><ele>4.420</ele><time>2026-04-25T03:27:10Z</time><sat>6</sat></trkpt>
  <trkpt lat="30.30424674" lon="120.08115532"><ele>4.417</ele><time>2026-04-25T03:27:13Z</time><sat>5</sat></trkpt>
  <trkpt lat="30.30424658" lon="120.08115527"><ele>4.422</ele><time>2026-04-25T03:27:16Z</time><sat>5</sat></trkpt>
  <trkpt lat="30.30424669" lon="120.08115530"><ele>4.420</ele><time>2026-04-25T03:27:19Z</time><sat>6</sat></trkpt>
  <trkpt lat="30.30424685" lon="120.08115538"><ele>4.426</ele><time>2026-04-25T03:27:22Z</time><sat>8</sat></trkpt>
  <trkpt lat="30.30424693" lon="120.08115543"><ele>4.426</ele><time>2026-04-25T03:27:25Z</time><sat>6</sat></trkpt>
  <trkpt lat="30.30424686" lon="120.08115543"><ele>4.426</ele><time>2026-04-25T03:27:28Z</time><sat>5</sat></trkpt>
  <trkpt lat="30.30424688" lon="120.08115545"><ele>4.434</ele><time>2026-04-25T03:27:31Z</time><sat>6</sat></trkpt>
  <trkpt lat="30.30424699" lon="120.08115550"><ele>4.437</ele><time>2026-04-25T03:27:34Z</time><sat>6</sat></trkpt>
  <trkpt lat="30.30424709" lon="120.08115551"><ele>4.440</ele><time>2026-04-25T03:27:37Z</time><sat>6</sat></trkpt>
  <trkpt lat="30.30424712" lon="120.08115550"><ele>4.435</ele><time>2026-04-25T03:27:40Z</time><sat>8</sat></trkpt>
  <trkpt lat="30.30424690" lon="120.08115541"><ele>4.452</ele><time>2026-04-25T03:27:43Z</time><sat>7</sat></trkpt>
  <trkpt lat="30.30424681" lon="120.08115539"><ele>4.467</ele><time>2026-04-25T03:27:46Z</time><sat>5</sat></trkpt>
  <trkpt lat="30.30424682" lon="120.08115542"><ele>4.466</ele><time>2026-04-25T03:27:49Z</time><sat>5</sat></trkpt>
  <trkpt lat="30.30424693" lon="120.08115549"><ele>4.468</ele><time>2026-04-25T03:27:52Z</time><sat>7</sat></trkpt>
  <trkpt lat="30.30424685" lon="120.08115539"><ele>4.488</ele><time>2026-04-25T03:27:55Z</time><sat>7</sat></trkpt>
  <trkpt lat="30.30424686" lon="120.08115536"><ele>4.487</ele><time>2026-04-25T03:27:58Z</time><sat>7</sat></trkpt>
  <trkpt lat="30.30424693" lon="120.08115538"><ele>4.496</ele><time>2026-04-25T03:28:01Z</time><sat>6</sat></trkpt>
  <trkpt lat="30.30424711" lon="120.08115547"><ele>4.515</ele><time>2026-04-25T03:28:04Z</time><sat>8</sat></trkpt>
  <trkpt lat="30.30424738" lon="120.08115562"><ele>4.517</ele><time>2026-04-25T03:28:07Z</time><sat>9</sat></trkpt>
  <trkpt lat="30.30424739" lon="120.08115562"><ele>4.528</ele><time>2026-04-25T03:28:10Z</time><sat>7</sat></trkpt>
  <trkpt lat="30.30424738" lon="120.08115561"><ele>4.535</ele><time>2026-04-25T03:28:13Z</time><sat>8</sat></trkpt>
  <trkpt lat="30.30424753" lon="120.08115560"><ele>4.557</ele><time>2026-04-25T03:28:16Z</time><sat>8</sat></trkpt>
  <trkpt lat="30.30424762" lon="120.08115563"><ele>4.557</ele><time>2026-04-25T03:28:19Z</time><sat>7</sat></trkpt>
  <trkpt lat="30.30424775" lon="120.08115570"><ele>4.562</ele><time>2026-04-25T03:28:22Z</time><sat>7</sat></trkpt>
  <trkpt lat="30.30424782" lon="120.08115573"><ele>4.567</ele><time>2026-04-25T03:28:25Z</time><sat>8</sat></trkpt>
  <trkpt lat="30.30424803" lon="120.08115563"><ele>4.604</ele><time>2026-04-25T03:28:28Z</time><sat>8</sat></trkpt>
  <trkpt lat="30.30424812" lon="120.08115566"><ele>4.611</ele><time>2026-04-25T03:28:31Z</time><sat>7</sat></trkpt>
  <trkpt lat="30.30424817" lon="120.08115569"><ele>4.611</ele><time>2026-04-25T03:28:34Z</time><sat>6</sat></trkpt>
  <trkpt lat="30.30424821" lon="120.08115570"><ele>4.608</ele><time>2026-04-25T03:28:37Z</time><sat>7</sat></trkpt>
  <trkpt lat="30.30424822" lon="120.08115570"><ele>4.611</ele><time>2026-04-25T03:28:40Z</time><sat>6</sat></trkpt>
  <trkpt lat="30.30424819" lon="120.08115570"><ele>4.611</ele><time>2026-04-25T03:28:43Z</time><sat>4</sat></trkpt>
  <trkpt lat="30.30424830" lon="120.08115573"><ele>4.660</ele><time>2026-04-25T03:28:46Z</time><sat>5</sat></trkpt>
  <trkpt lat="30.30424838" lon="120.08115576"><ele>4.664</ele><time>2026-04-25T03:28:49Z</time><sat>8</sat></trkpt>
  <trkpt lat="30.30424838" lon="120.08115576"><ele>4.664</ele><time>2026-04-25T03:28:52Z</time><sat>7</sat></trkpt>
  <trkpt lat="30.30424835" lon="120.08115575"><ele>4.661</ele><time>2026-04-25T03:28:55Z</time><sat>4</sat></trkpt>
  <trkpt lat="30.30424833" lon="120.08115574"><ele>4.662</ele><time>2026-04-25T03:28:58Z</time><sat>4</sat></trkpt>
  <trkpt lat="30.30424832" lon="120.08115574"><ele>4.660</ele><time>2026-04-25T03:29:01Z</time><sat>7</sat></trkpt>
  <trkpt lat="30.30424831" lon="120.08115574"><ele>4.660</ele><time>2026-04-25T03:29:04Z</time><sat>7</sat></trkpt>
  <trkpt lat="30.30424832" lon="120.08115574"><ele>4.660</ele><time>2026-04-25T03:29:07Z</time><sat>4</sat></trkpt>
  <trkpt lat="30.30424831" lon="120.08115574"><ele>4.665</ele><time>2026-04-25T03:29:10Z</time><sat>3</sat></trkpt>
  <trkpt lat="30.30424831" lon="120.08115574"><ele>4.665</ele><time>2026-04-25T03:29:13Z</time><sat>6</sat></trkpt>
  <trkpt lat="30.30424831" lon="120.08115574"><ele>4.665</ele><time>2026-04-25T03:29:16Z</time><sat>6</sat></trkpt>
  <trkpt lat="30.30424831" lon="120.08115574"><ele>4.673</ele><time>2026-04-25T03:29:19Z</time><sat>3</sat></trkpt>
  <trkpt lat="30.30424831" lon="120.08115575"><ele>4.657</ele><time>2026-04-25T03:29:22Z</time><sat>6</sat></trkpt>
  <trkpt lat="30.30424829" lon="120.08115574"><ele>4.635</ele><time>2026-04-25T03:29:25Z</time><sat>6</sat></trkpt>
  <trkpt lat="30.30424825" lon="120.08115573"><ele>4.635</ele><time>2026-04-25T03:29:28Z</time><sat>7</sat></trkpt>
  <trkpt lat="30.30424829" lon="120.08115576"><ele>4.628</ele><time>2026-04-25T03:29:31Z</time><sat>7</sat></trkpt>
  <trkpt lat="30.30424692" lon="120.08115603"><ele>4.727</ele><time>2026-04-25T03:29:34Z</time><sat>7</sat></trkpt>
  <trkpt lat="30.30424450" lon="120.08115645"><ele>4.896</ele><time>2026-04-25T03:29:37Z</time><sat>8</sat></trkpt>
  <trkpt lat="30.30424345" lon="120.08115663"><ele>4.963</ele><time>2026-04-25T03:29:40Z</time><sat>7</sat></trkpt>
  <trkpt lat="30.30424225" lon="120.08115683"><ele>5.041</ele><time>2026-04-25T03:29:43Z</time><sat>6</sat></trkpt>
  <trkpt lat="30.30424195" lon="120.08115689"><ele>5.054</ele><time>2026-04-25T03:29:46Z</time><sat>7</sat></trkpt>
  <trkpt lat="30.30424194" lon="120.08115691"><ele>5.046</ele><time>2026-04-25T03:29:49Z</time><sat>7</sat></trkpt>
  <trkpt lat="30.30424194" lon="120.08115691"><ele>5.046</ele><time>2026-04-25T03:29:52Z</time><sat>6</sat></trkpt>
  <trkpt lat="30.30424194" lon="120.08115691"><ele>5.055</ele><time>2026-04-25T03:29:55Z</time><sat>6</sat></trkpt>
  <trkpt lat="30.30424190" lon="120.08115691"><ele>5.068</ele><time>2026-04-25T03:29:58Z</time><sat>6</sat></trkpt>
  <trkpt lat="30.30424194" lon="120.08115694"><ele>5.062</ele><time>2026-04-25T03:30:01Z</time><sat>7</sat></trkpt>
  <trkpt lat="30.30424196" lon="120.08115694"><ele>5.056</ele><time>2026-04-25T03:30:04Z</time><sat>6</sat></trkpt>
  <trkpt lat="30.30424156" lon="120.08115613"><ele>5.143</ele><time>2026-04-25T03:30:07Z</time><sat>6</sat></trkpt>
  <trkpt lat="30.30424133" lon="120.08115542"><ele>5.164</ele><time>2026-04-25T03:30:10Z</time><sat>7</sat></trkpt>
  <trkpt lat="30.30424134" lon="120.08115529"><ele>5.165</ele><time>2026-04-25T03:30:13Z</time><sat>8</sat></trkpt>
  <trkpt lat="30.30424135" lon="120.08115527"><ele>5.163</ele><time>2026-04-25T03:30:16Z</time><sat>7</sat></trkpt>
  <trkpt lat="30.30424135" lon="120.08115529"><ele>5.173</ele><time>2026-04-25T03:30:19Z</time><sat>6</sat></trkpt>
  <trkpt lat="30.30424136" lon="120.08115531"><ele>5.176</ele><time>2026-04-25T03:30:22Z</time><sat>7</sat></trkpt>
  <trkpt lat="30.30424139" lon="120.08115533"><ele>5.175</ele><time>2026-04-25T03:30:25Z</time><sat>7</sat></trkpt>
  <trkpt lat="30.30424142" lon="120.08115536"><ele>5.173</ele><time>2026-04-25T03:30:28Z</time><sat>6</sat></trkpt>
  <trkpt lat="30.30424143" lon="120.08115537"><ele>5.172</ele><time>2026-04-25T03:30:31Z</time><sat>6</sat></trkpt>
  <trkpt lat="30.30424144" lon="120.08115538"><ele>5.172</ele><time>2026-04-25T03:30:34Z</time><sat>6</sat></trkpt>
  <trkpt lat="30.30424142" lon="120.08115536"><ele>5.172</ele><time>2026-04-25T03:30:37Z</time><sat>8</sat></trkpt>
  <trkpt lat="30.30424142" lon="120.08115535"><ele>5.173</ele><time>2026-04-25T03:30:40Z</time><sat>8</sat></trkpt>
  <trkpt lat="30.30424142" lon="120.08115535"><ele>5.173</ele><time>2026-04-25T03:30:43Z</time><sat>8</sat></trkpt>
  <trkpt lat="30.30424142" lon="120.08115535"><ele>5.173</ele><time>2026-04-25T03:30:46Z</time><sat>7</sat></trkpt>
  <trkpt lat="30.30424142" lon="120.08115535"><ele>5.177</ele><time>2026-04-25T03:30:49Z</time><sat>3</sat></trkpt>
  <trkpt lat="30.30424143" lon="120.08115534"><ele>5.181</ele><time>2026-04-25T03:30:52Z</time><sat>5</sat></trkpt>
  <trkpt lat="30.30424144" lon="120.08115534"><ele>5.185</ele><time>2026-04-25T03:30:55Z</time><sat>7</sat></trkpt>
  <trkpt lat="30.30424144" lon="120.08115534"><ele>5.185</ele><time>2026-04-25T03:30:58Z</time><sat>5</sat></trkpt>
  <trkpt lat="30.30424145" lon="120.08115533"><ele>5.190</ele><time>2026-04-25T03:31:01Z</time><sat>3</sat></trkpt>
  <trkpt lat="30.30424145" lon="120.08115533"><ele>5.191</ele><time>2026-04-25T03:31:04Z</time><sat>5</sat></trkpt>
  <trkpt lat="30.30424145" lon="120.08115532"><ele>5.194</ele><time>2026-04-25T03:31:07Z</time><sat>7</sat></trkpt>
  <trkpt lat="30.30424145" lon="120.08115532"><ele>5.198</ele><time>2026-04-25T03:31:10Z</time><sat>6</sat></trkpt>
  <trkpt lat="30.30424146" lon="120.08115531"><ele>5.199</ele><time>2026-04-25T03:31:13Z</time><sat>4</sat></trkpt>
  <trkpt lat="30.30424052" lon="120.08115281"><ele>5.327</ele><time>2026-04-25T03:31:34Z</time><sat>4</sat></trkpt>
  <trkpt lat="30.30424052" lon="120.08115280"><ele>5.326</ele><time>2026-04-25T03:31:37Z</time><sat>4</sat></trkpt>
  <trkpt lat="30.30423980" lon="120.08115042"><ele>5.437</ele><time>2026-04-25T03:31:58Z</time><sat>5</sat></trkpt>
  <trkpt lat="30.30424001" lon="120.08115036"><ele>5.429</ele><time>2026-04-25T03:32:01Z</time><sat>5</sat></trkpt>
  <trkpt lat="30.30424010" lon="120.08115034"><ele>5.427</ele><time>2026-04-25T03:32:04Z</time><sat>6</sat></trkpt>
  <trkpt lat="30.30424015" lon="120.08115033"><ele>5.426</ele><time>2026-04-25T03:32:07Z</time><sat>5</sat></trkpt>
  <trkpt lat="30.30424016" lon="120.08115033"><ele>5.426</ele><time>2026-04-25T03:32:10Z</time><sat>4</sat></trkpt>
  <trkpt lat="30.30424018" lon="120.08115031"><ele>5.426</ele><time>2026-04-25T03:32:13Z</time><sat>4</sat></trkpt>
  <trkpt lat="30.30424027" lon="120.08115025"><ele>5.426</ele><time>2026-04-25T03:32:16Z</time><sat>6</sat></trkpt>
  <trkpt lat="30.30424028" lon="120.08115024"><ele>5.426</ele><time>2026-04-25T03:32:19Z</time><sat>4</sat></trkpt>
  <trkpt lat="30.30422891" lon="120.08114215"><ele>6.378</ele><time>2026-04-25T03:32:59Z</time><sat>2</sat></trkpt>
  <trkpt lat="30.30422288" lon="120.08113732"><ele>6.888</ele><time>2026-04-25T03:33:32Z</time><sat>3</sat></trkpt>
  <trkpt lat="30.30422285" lon="120.08113730"><ele>6.888</ele><time>2026-04-25T03:33:35Z</time><sat>5</sat></trkpt>
  <trkpt lat="30.30422285" lon="120.08113730"><ele>6.888</ele><time>2026-04-25T03:33:38Z</time><sat>5</sat></trkpt>
  <trkpt lat="30.30421780" lon="120.08113272"><ele>7.332</ele><time>2026-04-25T03:33:59Z</time><sat>3</sat></trkpt>
  <trkpt lat="30.30420375" lon="120.08101464"><ele>5.943</ele><time>2026-04-25T03:35:49Z</time><sat>3</sat></trkpt>
  <trkpt lat="30.30420373" lon="120.08101467"><ele>5.934</ele><time>2026-04-25T03:35:52Z</time><sat>4</sat></trkpt>
  <trkpt lat="30.30420336" lon="120.08101583"><ele>5.642</ele><time>2026-04-25T03:36:08Z</time><sat>6</sat></trkpt>
  <trkpt lat="30.30420358" lon="120.08101626"><ele>5.954</ele><time>2026-04-25T03:36:11Z</time><sat>5</sat></trkpt>
  <trkpt lat="30.30420394" lon="120.08101651"><ele>6.135</ele><time>2026-04-25T03:36:14Z</time><sat>5</sat></trkpt>
  <trkpt lat="30.30420516" lon="120.08101752"><ele>6.617</ele><time>2026-04-25T03:36:17Z</time><sat>6</sat></trkpt>
  <trkpt lat="30.30420514" lon="120.08101776"><ele>6.566</ele><time>2026-04-25T03:36:20Z</time><sat>6</sat></trkpt>
  <trkpt lat="30.30420515" lon="120.08101776"><ele>6.569</ele><time>2026-04-25T03:36:23Z</time><sat>6</sat></trkpt>
  <trkpt lat="30.30429725" lon="120.08121833"><ele>5.705</ele><time>2026-04-25T03:36:26Z</time><sat>6</sat></trkpt>
  <trkpt lat="30.30420514" lon="120.08101776"><ele>6.567</ele><time>2026-04-25T03:36:29Z</time><sat>2</sat></trkpt>
  <trkpt lat="30.30420515" lon="120.08101778"><ele>6.563</ele><time>2026-04-25T03:36:32Z</time><sat>2</sat></trkpt>
  <trkpt lat="30.30420515" lon="120.08101778"><ele>6.562</ele><time>2026-04-25T03:36:35Z</time><sat>6</sat></trkpt>
  <trkpt lat="30.30420514" lon="120.08101773"><ele>6.569</ele><time>2026-04-25T03:36:38Z</time><sat>5</sat></trkpt>
  <trkpt lat="30.30420514" lon="120.08101773"><ele>6.570</ele><time>2026-04-25T03:36:41Z</time><sat>3</sat></trkpt>
  <trkpt lat="30.30420513" lon="120.08101773"><ele>6.560</ele><time>2026-04-25T03:36:44Z</time><sat>5</sat></trkpt>
  <trkpt lat="30.30419855" lon="120.08097777"><ele>7.049</ele><time>2026-04-25T03:37:49Z</time><sat>3</sat></trkpt>
  <trkpt lat="30.30419654" lon="120.08096621"><ele>7.105</ele><time>2026-04-25T03:38:10Z</time><sat>3</sat></trkpt>
  <trkpt lat="30.30419498" lon="120.08095908"><ele>6.683</ele><time>2026-04-25T03:38:44Z</time><sat>4</sat></trkpt>
  <trkpt lat="30.30419496" lon="120.08095917"><ele>6.639</ele><time>2026-04-25T03:38:47Z</time><sat>4</sat></trkpt>
  <trkpt lat="30.30419497" lon="120.08095913"><ele>6.659</ele><time>2026-04-25T03:38:50Z</time><sat>4</sat></trkpt>
  <trkpt lat="30.30419502" lon="120.08095901"><ele>6.757</ele><time>2026-04-25T03:38:53Z</time><sat>5</sat></trkpt>
  <trkpt lat="30.30419501" lon="120.08095902"><ele>6.747</ele><time>2026-04-25T03:38:56Z</time><sat>5</sat></trkpt>
  <trkpt lat="30.30420953" lon="120.08103075"><ele>4.064</ele><time>2026-04-25T03:38:59Z</time><sat>4</sat></trkpt>
  <trkpt lat="30.30422167" lon="120.08107980"><ele>3.889</ele><time>2026-04-25T03:39:02Z</time><sat>4</sat></trkpt>
  <trkpt lat="30.30421744" lon="120.08108925"><ele>3.520</ele><time>2026-04-25T03:39:05Z</time><sat>5</sat></trkpt>
  <trkpt lat="30.30421702" lon="120.08109000"><ele>3.465</ele><time>2026-04-25T03:39:08Z</time><sat>4</sat></trkpt>
  <trkpt lat="30.30417722" lon="120.08103523"><ele>4.560</ele><time>2026-04-25T03:40:04Z</time><sat>4</sat></trkpt>
  <trkpt lat="30.30417836" lon="120.08105041"><ele>5.762</ele><time>2026-04-25T03:40:07Z</time><sat>7</sat></trkpt>
  <trkpt lat="30.30417906" lon="120.08105731"><ele>6.489</ele><time>2026-04-25T03:40:10Z</time><sat>8</sat></trkpt>
  <trkpt lat="30.30417720" lon="120.08106483"><ele>5.609</ele><time>2026-04-25T03:40:13Z</time><sat>4</sat></trkpt>
  <trkpt lat="30.30417716" lon="120.08106836"><ele>5.481</ele><time>2026-04-25T03:40:16Z</time><sat>5</sat></trkpt>
  <trkpt lat="30.30417719" lon="120.08106849"><ele>5.503</ele><time>2026-04-25T03:40:19Z</time><sat>8</sat></trkpt>
  <trkpt lat="30.30417610" lon="120.08107131"><ele>6.213</ele><time>2026-04-25T03:40:22Z</time><sat>7</sat></trkpt>
  <trkpt lat="30.30417284" lon="120.08107605"><ele>7.333</ele><time>2026-04-25T03:40:25Z</time><sat>5</sat></trkpt>
  <trkpt lat="30.30417531" lon="120.08107510"><ele>6.816</ele><time>2026-04-25T03:40:28Z</time><sat>6</sat></trkpt>
  <trkpt lat="30.30417125" lon="120.08108212"><ele>8.255</ele><time>2026-04-25T03:40:31Z</time><sat>7</sat></trkpt>
  <trkpt lat="30.30417293" lon="120.08108109"><ele>7.357</ele><time>2026-04-25T03:40:34Z</time><sat>7</sat></trkpt>
  <trkpt lat="30.30417509" lon="120.08108167"><ele>7.490</ele><time>2026-04-25T03:40:37Z</time><sat>6</sat></trkpt>
  <trkpt lat="30.30417321" lon="120.08108421"><ele>8.082</ele><time>2026-04-25T03:40:40Z</time><sat>5</sat></trkpt>
  <trkpt lat="30.30417129" lon="120.08108701"><ele>8.818</ele><time>2026-04-25T03:40:43Z</time><sat>7</sat></trkpt>
  <trkpt lat="30.30417466" lon="120.08108177"><ele>8.257</ele><time>2026-04-25T03:40:46Z</time><sat>7</sat></trkpt>
  <trkpt lat="30.30417516" lon="120.08108149"><ele>7.974</ele><time>2026-04-25T03:40:49Z</time><sat>7</sat></trkpt>
  <trkpt lat="30.30417515" lon="120.08108151"><ele>7.972</ele><time>2026-04-25T03:40:52Z</time><sat>7</sat></trkpt>
  <trkpt lat="30.30417457" lon="120.08108227"><ele>8.152</ele><time>2026-04-25T03:40:55Z</time><sat>4</sat></trkpt>
  <trkpt lat="30.30417583" lon="120.08108085"><ele>7.846</ele><time>2026-04-25T03:40:58Z</time><sat>4</sat></trkpt>
  <trkpt lat="30.30417583" lon="120.08108084"><ele>7.826</ele><time>2026-04-25T03:41:01Z</time><sat>5</sat></trkpt>
  <trkpt lat="30.30417621" lon="120.08108059"><ele>7.800</ele><time>2026-04-25T03:41:04Z</time><sat>5</sat></trkpt>
  <trkpt lat="30.30417619" lon="120.08108051"><ele>7.765</ele><time>2026-04-25T03:41:07Z</time><sat>5</sat></trkpt>
  <trkpt lat="30.30417667" lon="120.08108036"><ele>7.820</ele><time>2026-04-25T03:41:10Z</time><sat>6</sat></trkpt>
  <trkpt lat="30.30417679" lon="120.08108045"><ele>7.884</ele><time>2026-04-25T03:41:13Z</time><sat>5</sat></trkpt>
  <trkpt lat="30.30417670" lon="120.08108041"><ele>7.847</ele><time>2026-04-25T03:41:16Z</time><sat>3</sat></trkpt>
  <trkpt lat="30.30417682" lon="120.08108036"><ele>7.852</ele><time>2026-04-25T03:41:19Z</time><sat>4</sat></trkpt>
  <trkpt lat="30.30417712" lon="120.08108036"><ele>7.909</ele><time>2026-04-25T03:41:22Z</time><sat>5</sat></trkpt>
  <trkpt lat="30.30417682" lon="120.08108040"><ele>7.805</ele><time>2026-04-25T03:41:25Z</time><sat>4</sat></trkpt>
  <trkpt lat="30.30417877" lon="120.08107939"><ele>7.911</ele><time>2026-04-25T03:41:28Z</time><sat>5</sat></trkpt>
  <trkpt lat="30.30418013" lon="120.08108025"><ele>9.178</ele><time>2026-04-25T03:41:31Z</time><sat>6</sat></trkpt>
  <trkpt lat="30.30418645" lon="120.08107517"><ele>12.035</ele><time>2026-04-25T03:41:34Z</time><sat>8</sat></trkpt>
  <trkpt lat="30.30418679" lon="120.08107525"><ele>12.435</ele><time>2026-04-25T03:41:37Z</time><sat>9</sat></trkpt>
  <trkpt lat="30.30418689" lon="120.08107532"><ele>12.567</ele><time>2026-04-25T03:41:40Z</time><sat>9</sat></trkpt>
  <trkpt lat="30.30418677" lon="120.08107520"><ele>12.564</ele><time>2026-04-25T03:41:43Z</time><sat>6</sat></trkpt>
  <trkpt lat="30.30418567" lon="120.08107453"><ele>12.461</ele><time>2026-04-25T03:41:46Z</time><sat>5</sat></trkpt>
  <trkpt lat="30.30418512" lon="120.08107482"><ele>12.127</ele><time>2026-04-25T03:41:49Z</time><sat>8</sat></trkpt>
  <trkpt lat="30.30418499" lon="120.08107473"><ele>12.081</ele><time>2026-04-25T03:41:52Z</time><sat>8</sat></trkpt>
  <trkpt lat="30.30418484" lon="120.08107463"><ele>12.114</ele><time>2026-04-25T03:41:55Z</time><sat>5</sat></trkpt>
  <trkpt lat="30.30418370" lon="120.08107384"><ele>11.925</ele><time>2026-04-25T03:41:58Z</time><sat>5</sat></trkpt>
  <trkpt lat="30.30418417" lon="120.08107386"><ele>12.249</ele><time>2026-04-25T03:42:01Z</time><sat>9</sat></trkpt>
  <trkpt lat="30.30418441" lon="120.08107406"><ele>12.500</ele><time>2026-04-25T03:42:04Z</time><sat>9</sat></trkpt>
  <trkpt lat="30.30418434" lon="120.08107401"><ele>12.469</ele><time>2026-04-25T03:42:07Z</time><sat>5</sat></trkpt>
  <trkpt lat="30.30418447" lon="120.08107414"><ele>12.620</ele><time>2026-04-25T03:42:10Z</time><sat>4</sat></trkpt>
  <trkpt lat="30.30418448" lon="120.08107412"><ele>12.626</ele><time>2026-04-25T03:42:13Z</time><sat>6</sat></trkpt>
  <trkpt lat="30.30418446" lon="120.08107411"><ele>12.613</ele><time>2026-04-25T03:42:16Z</time><sat>8</sat></trkpt>
  <trkpt lat="30.30418424" lon="120.08107394"><ele>12.522</ele><time>2026-04-25T03:42:19Z</time><sat>4</sat></trkpt>
  <trkpt lat="30.30418425" lon="120.08107396"><ele>12.528</ele><time>2026-04-25T03:42:22Z</time><sat>3</sat></trkpt>
  <trkpt lat="30.30418424" lon="120.08107397"><ele>12.530</ele><time>2026-04-25T03:42:25Z</time><sat>6</sat></trkpt>
  <trkpt lat="30.30418423" lon="120.08107397"><ele>12.526</ele><time>2026-04-25T03:42:28Z</time><sat>7</sat></trkpt>
  <trkpt lat="30.30418423" lon="120.08107397"><ele>12.526</ele><time>2026-04-25T03:42:31Z</time><sat>4</sat></trkpt>
  <trkpt lat="30.30418423" lon="120.08107397"><ele>12.523</ele><time>2026-04-25T03:42:34Z</time><sat>3</sat></trkpt>
  <trkpt lat="30.30418422" lon="120.08107397"><ele>12.521</ele><time>2026-04-25T03:42:37Z</time><sat>6</sat></trkpt>
  <trkpt lat="30.30418423" lon="120.08107398"><ele>12.524</ele><time>2026-04-25T03:42:40Z</time><sat>6</sat></trkpt>
  <trkpt lat="30.30418424" lon="120.08107398"><ele>12.527</ele><time>2026-04-25T03:42:43Z</time><sat>3</sat></trkpt>
  <trkpt lat="30.30418423" lon="120.08107397"><ele>12.517</ele><time>2026-04-25T03:42:47Z</time><sat>2</sat></trkpt>
  <trkpt lat="30.30418041" lon="120.08106043"><ele>13.084</ele><time>2026-04-25T03:43:11Z</time><sat>4</sat></trkpt>
  <trkpt lat="30.30418042" lon="120.08106044"><ele>13.087</ele><time>2026-04-25T03:43:14Z</time><sat>5</sat></trkpt>
  <trkpt lat="30.30417663" lon="120.08104197"><ele>13.791</ele><time>2026-04-25T03:43:35Z</time><sat>3</sat></trkpt>
  <trkpt lat="30.30417667" lon="120.08104200"><ele>13.809</ele><time>2026-04-25T03:43:38Z</time><sat>3</sat></trkpt>
  <trkpt lat="30.30417701" lon="120.08104231"><ele>14.079</ele><time>2026-04-25T03:43:55Z</time><sat>6</sat></trkpt>
  <trkpt lat="30.30417699" lon="120.08104233"><ele>14.059</ele><time>2026-04-25T03:43:58Z</time><sat>4</sat></trkpt>
  <trkpt lat="30.30417708" lon="120.08104239"><ele>14.151</ele><time>2026-04-25T03:44:01Z</time><sat>4</sat></trkpt>
  <trkpt lat="30.30417723" lon="120.08104250"><ele>14.316</ele><time>2026-04-25T03:44:04Z</time><sat>5</sat></trkpt>
  <trkpt lat="30.30417733" lon="120.08104242"><ele>14.307</ele><time>2026-04-25T03:44:07Z</time><sat>5</sat></trkpt>
  <trkpt lat="30.30417733" lon="120.08104244"><ele>14.352</ele><time>2026-04-25T03:44:10Z</time><sat>4</sat></trkpt>
  <trkpt lat="30.30417732" lon="120.08104238"><ele>14.229</ele><time>2026-04-25T03:44:13Z</time><sat>4</sat></trkpt>
  <trkpt lat="30.30417725" lon="120.08104238"><ele>14.206</ele><time>2026-04-25T03:44:16Z</time><sat>5</sat></trkpt>
  <trkpt lat="30.30417723" lon="120.08104237"><ele>14.172</ele><time>2026-04-25T03:44:19Z</time><sat>5</sat></trkpt>
  <trkpt lat="30.30417713" lon="120.08104250"><ele>14.292</ele><time>2026-04-25T03:44:22Z</time><sat>4</sat></trkpt>
  <trkpt lat="30.30417713" lon="120.08104253"><ele>14.234</ele><time>2026-04-25T03:44:25Z</time><sat>5</sat></trkpt>
  <trkpt lat="30.30417712" lon="120.08104252"><ele>14.220</ele><time>2026-04-25T03:44:28Z</time><sat>5</sat></trkpt>
  <trkpt lat="30.30417712" lon="120.08104252"><ele>14.221</ele><time>2026-04-25T03:44:31Z</time><sat>4</sat></trkpt>
  <trkpt lat="30.30417710" lon="120.08104254"><ele>14.224</ele><time>2026-04-25T03:44:34Z</time><sat>3</sat></trkpt>
  <trkpt lat="30.30417710" lon="120.08104255"><ele>14.225</ele><time>2026-04-25T03:44:37Z</time><sat>4</sat></trkpt>
  <trkpt lat="30.30417484" lon="120.08102842"><ele>14.658</ele><time>2026-04-25T03:45:19Z</time><sat>5</sat></trkpt>
  <trkpt lat="30.30415204" lon="120.08092816"><ele>5.686</ele><time>2026-04-25T03:45:22Z</time><sat>4</sat></trkpt>
  <trkpt lat="30.30416009" lon="120.08096021"><ele>9.612</ele><time>2026-04-25T03:45:41Z</time><sat>3</sat></trkpt>
  <trkpt lat="30.30417359" lon="120.08102159"><ele>14.943</ele><time>2026-04-25T03:45:44Z</time><sat>2</sat></trkpt>
  <trkpt lat="30.30417391" lon="120.08102191"><ele>15.081</ele><time>2026-04-25T03:46:03Z</time><sat>6</sat></trkpt>
  <trkpt lat="30.30417360" lon="120.08102157"><ele>14.958</ele><time>2026-04-25T03:46:06Z</time><sat>4</sat></trkpt>
  <trkpt lat="30.30417350" lon="120.08102147"><ele>14.900</ele><time>2026-04-25T03:46:09Z</time><sat>5</sat></trkpt>
  <trkpt lat="30.30417360" lon="120.08102157"><ele>14.926</ele><time>2026-04-25T03:46:12Z</time><sat>4</sat></trkpt>
  <trkpt lat="30.30417368" lon="120.08102165"><ele>14.956</ele><time>2026-04-25T03:46:15Z</time><sat>5</sat></trkpt>
  <trkpt lat="30.30417367" lon="120.08102164"><ele>14.960</ele><time>2026-04-25T03:46:18Z</time><sat>5</sat></trkpt>
  <trkpt lat="30.30417376" lon="120.08102174"><ele>15.002</ele><time>2026-04-25T03:46:21Z</time><sat>5</sat></trkpt>
  <trkpt lat="30.30417380" lon="120.08102178"><ele>15.014</ele><time>2026-04-25T03:46:24Z</time><sat>4</sat></trkpt>
  <trkpt lat="30.30417376" lon="120.08102174"><ele>14.996</ele><time>2026-04-25T03:46:27Z</time><sat>4</sat></trkpt>
  <trkpt lat="30.30417382" lon="120.08102181"><ele>15.004</ele><time>2026-04-25T03:46:30Z</time><sat>5</sat></trkpt>
  <trkpt lat="30.30417388" lon="120.08102186"><ele>15.039</ele><time>2026-04-25T03:46:33Z</time><sat>5</sat></trkpt>
  <trkpt lat="30.30417387" lon="120.08102186"><ele>15.049</ele><time>2026-04-25T03:46:36Z</time><sat>5</sat></trkpt>
  <trkpt lat="30.30417386" lon="120.08102185"><ele>15.038</ele><time>2026-04-25T03:46:39Z</time><sat>5</sat></trkpt>
  <trkpt lat="30.30417385" lon="120.08102184"><ele>14.978</ele><time>2026-04-25T03:46:42Z</time><sat>4</sat></trkpt>
  <trkpt lat="30.30417383" lon="120.08102183"><ele>14.966</ele><time>2026-04-25T03:46:45Z</time><sat>5</sat></trkpt>
  <trkpt lat="30.30417381" lon="120.08102180"><ele>14.937</ele><time>2026-04-25T03:46:48Z</time><sat>5</sat></trkpt>
  <trkpt lat="30.30417382" lon="120.08102181"><ele>14.934</ele><time>2026-04-25T03:46:51Z</time><sat>4</sat></trkpt>
  <trkpt lat="30.30417379" lon="120.08102166"><ele>14.969</ele><time>2026-04-25T03:46:54Z</time><sat>5</sat></trkpt>
  <trkpt lat="30.30417374" lon="120.08102161"><ele>14.940</ele><time>2026-04-25T03:46:57Z</time><sat>5</sat></trkpt>
  <trkpt lat="30.30417377" lon="120.08102165"><ele>14.952</ele><time>2026-04-25T03:47:00Z</time><sat>4</sat></trkpt>
  <trkpt lat="30.30417378" lon="120.08102168"><ele>14.932</ele><time>2026-04-25T03:47:03Z</time><sat>6</sat></trkpt>
  <trkpt lat="30.30417394" lon="120.08102212"><ele>14.886</ele><time>2026-04-25T03:47:06Z</time><sat>6</sat></trkpt>
  <trkpt lat="30.30417391" lon="120.08102208"><ele>14.873</ele><time>2026-04-25T03:47:09Z</time><sat>5</sat></trkpt>
  <trkpt lat="30.30417420" lon="120.08102239"><ele>14.989</ele><time>2026-04-25T03:47:12Z</time><sat>6</sat></trkpt>
  <trkpt lat="30.30417417" lon="120.08102235"><ele>14.970</ele><time>2026-04-25T03:47:15Z</time><sat>7</sat></trkpt>
  <trkpt lat="30.30417422" lon="120.08102255"><ele>14.925</ele><time>2026-04-25T03:47:18Z</time><sat>7</sat></trkpt>
  <trkpt lat="30.30417422" lon="120.08102255"><ele>14.927</ele><time>2026-04-25T03:47:21Z</time><sat>6</sat></trkpt>
  <trkpt lat="30.30417423" lon="120.08102257"><ele>14.923</ele><time>2026-04-25T03:47:24Z</time><sat>4</sat></trkpt>
  <trkpt lat="30.30417421" lon="120.08102254"><ele>14.914</ele><time>2026-04-25T03:47:27Z</time><sat>4</sat></trkpt>
  <trkpt lat="30.30417417" lon="120.08102240"><ele>14.937</ele><time>2026-04-25T03:47:30Z</time><sat>5</sat></trkpt>
  <trkpt lat="30.30417419" lon="120.08102243"><ele>14.939</ele><time>2026-04-25T03:47:33Z</time><sat>5</sat></trkpt>
  <trkpt lat="30.30417416" lon="120.08102239"><ele>14.927</ele><time>2026-04-25T03:47:36Z</time><sat>5</sat></trkpt>
  <trkpt lat="30.30417417" lon="120.08102239"><ele>14.941</ele><time>2026-04-25T03:47:39Z</time><sat>5</sat></trkpt>
  <trkpt lat="30.30417419" lon="120.08102245"><ele>14.933</ele><time>2026-04-25T03:47:42Z</time><sat>5</sat></trkpt>
  <trkpt lat="30.30417422" lon="120.08102249"><ele>14.938</ele><time>2026-04-25T03:47:45Z</time><sat>4</sat></trkpt>
  <trkpt lat="30.30417423" lon="120.08102252"><ele>14.945</ele><time>2026-04-25T03:47:48Z</time><sat>3</sat></trkpt>
  <trkpt lat="30.30417439" lon="120.08101590"><ele>15.247</ele><time>2026-04-25T03:48:18Z</time><sat>3</sat></trkpt>
  <trkpt lat="30.30417453" lon="120.08100572"><ele>15.623</ele><time>2026-04-25T03:48:40Z</time><sat>4</sat></trkpt>
  <trkpt lat="30.30417452" lon="120.08100573"><ele>15.615</ele><time>2026-04-25T03:48:43Z</time><sat>5</sat></trkpt>
  <trkpt lat="30.30417453" lon="120.08100573"><ele>15.583</ele><time>2026-04-25T03:48:46Z</time><sat>4</sat></trkpt>
  <trkpt lat="30.30417453" lon="120.08100573"><ele>15.626</ele><time>2026-04-25T03:48:49Z</time><sat>5</sat></trkpt>
  <trkpt lat="30.30417454" lon="120.08100572"><ele>15.778</ele><time>2026-04-25T03:48:52Z</time><sat>5</sat></trkpt>
  <trkpt lat="30.30417455" lon="120.08100573"><ele>15.828</ele><time>2026-04-25T03:48:55Z</time><sat>5</sat></trkpt>
  <trkpt lat="30.30417453" lon="120.08100574"><ele>15.728</ele><time>2026-04-25T03:48:58Z</time><sat>5</sat></trkpt>
  <trkpt lat="30.30417453" lon="120.08100574"><ele>15.722</ele><time>2026-04-25T03:49:01Z</time><sat>5</sat></trkpt>
  <trkpt lat="30.30417452" lon="120.08100574"><ele>15.624</ele><time>2026-04-25T03:49:04Z</time><sat>5</sat></trkpt>
  <trkpt lat="30.30417450" lon="120.08100575"><ele>15.471</ele><time>2026-04-25T03:49:07Z</time><sat>5</sat></trkpt>
  <trkpt lat="30.30417451" lon="120.08100575"><ele>15.458</ele><time>2026-04-25T03:49:10Z</time><sat>5</sat></trkpt>
  <trkpt lat="30.30417451" lon="120.08100576"><ele>15.404</ele><time>2026-04-25T03:49:13Z</time><sat>5</sat></trkpt>
  <trkpt lat="30.30417451" lon="120.08100577"><ele>15.362</ele><time>2026-04-25T03:49:16Z</time><sat>5</sat></trkpt>
  <trkpt lat="30.30417451" lon="120.08100577"><ele>15.370</ele><time>2026-04-25T03:49:19Z</time><sat>6</sat></trkpt>
  <trkpt lat="30.30417451" lon="120.08100577"><ele>15.406</ele><time>2026-04-25T03:49:22Z</time><sat>6</sat></trkpt>
  <trkpt lat="30.30417451" lon="120.08100576"><ele>15.379</ele><time>2026-04-25T03:49:25Z</time><sat>4</sat></trkpt>
  <trkpt lat="30.30417451" lon="120.08100579"><ele>15.265</ele><time>2026-04-25T03:49:28Z</time><sat>2</sat></trkpt>
  <trkpt lat="30.30417451" lon="120.08100580"><ele>15.223</ele><time>2026-04-25T03:49:31Z</time><sat>5</sat></trkpt>
  <trkpt lat="30.30417451" lon="120.08100581"><ele>15.134</ele><time>2026-04-25T03:49:34Z</time><sat>6</sat></trkpt>
  <trkpt lat="30.30417450" lon="120.08100581"><ele>15.001</ele><time>2026-04-25T03:49:37Z</time><sat>5</sat></trkpt>
  <trkpt lat="30.30417450" lon="120.08100581"><ele>15.004</ele><time>2026-04-25T03:49:40Z</time><sat>3</sat></trkpt>
  <trkpt lat="30.30417463" lon="120.08099749"><ele>15.456</ele><time>2026-04-25T03:50:10Z</time><sat>2</sat></trkpt>
  <trkpt lat="30.30415564" lon="120.08085322"><ele>8.413</ele><time>2026-04-25T03:50:13Z</time><sat>2</sat></trkpt>
  <trkpt lat="30.30417460" lon="120.08099614"><ele>16.470</ele><time>2026-04-25T03:50:43Z</time><sat>7</sat></trkpt>
  <trkpt lat="30.30417472" lon="120.08099666"><ele>16.191</ele><time>2026-04-25T03:50:46Z</time><sat>4</sat></trkpt>
  <trkpt lat="30.30417573" lon="120.08100157"><ele>13.834</ele><time>2026-04-25T03:50:49Z</time><sat>5</sat></trkpt>
  <trkpt lat="30.30417481" lon="120.08100529"><ele>11.991</ele><time>2026-04-25T03:50:52Z</time><sat>13</sat></trkpt>
  <trkpt lat="30.30417490" lon="120.08100546"><ele>11.937</ele><time>2026-04-25T03:50:55Z</time><sat>13</sat></trkpt>
  <trkpt lat="30.30417480" lon="120.08100581"><ele>11.419</ele><time>2026-04-25T03:50:58Z</time><sat>12</sat></trkpt>
  <trkpt lat="30.30417491" lon="120.08100602"><ele>11.469</ele><time>2026-04-25T03:51:01Z</time><sat>10</sat></trkpt>
  <trkpt lat="30.30417445" lon="120.08100674"><ele>11.208</ele><time>2026-04-25T03:51:04Z</time><sat>10</sat></trkpt>
  <trkpt lat="30.30417456" lon="120.08100711"><ele>10.943</ele><time>2026-04-25T03:51:07Z</time><sat>11</sat></trkpt>
  <trkpt lat="30.30417434" lon="120.08100761"><ele>10.063</ele><time>2026-04-25T03:51:10Z</time><sat>12</sat></trkpt>
  <trkpt lat="30.30417392" lon="120.08100822"><ele>9.894</ele><time>2026-04-25T03:51:13Z</time><sat>12</sat></trkpt>
  <trkpt lat="30.30417293" lon="120.08100988"><ele>9.503</ele><time>2026-04-25T03:51:16Z</time><sat>12</sat></trkpt>
  <trkpt lat="30.30417215" lon="120.08101065"><ele>9.396</ele><time>2026-04-25T03:51:19Z</time><sat>10</sat></trkpt>
  <trkpt lat="30.30417215" lon="120.08101081"><ele>9.420</ele><time>2026-04-25T03:51:22Z</time><sat>12</sat></trkpt>
  <trkpt lat="30.30417219" lon="120.08101096"><ele>9.431</ele><time>2026-04-25T03:51:25Z</time><sat>11</sat></trkpt>
  <trkpt lat="30.30417171" lon="120.08101121"><ele>9.406</ele><time>2026-04-25T03:51:28Z</time><sat>9</sat></trkpt>
  <trkpt lat="30.30416927" lon="120.08101236"><ele>9.634</ele><time>2026-04-25T03:51:31Z</time><sat>11</sat></trkpt>
  <trkpt lat="30.30416847" lon="120.08101290"><ele>9.611</ele><time>2026-04-25T03:51:34Z</time><sat>13</sat></trkpt>
  <trkpt lat="30.30416678" lon="120.08101462"><ele>9.519</ele><time>2026-04-25T03:51:37Z</time><sat>12</sat></trkpt>
  <trkpt lat="30.30416614" lon="120.08101499"><ele>9.515</ele><time>2026-04-25T03:51:40Z</time><sat>11</sat></trkpt>
  <trkpt lat="30.30416518" lon="120.08101511"><ele>9.649</ele><time>2026-04-25T03:51:43Z</time><sat>10</sat></trkpt>
  <trkpt lat="30.30416574" lon="120.08101567"><ele>9.720</ele><time>2026-04-25T03:51:46Z</time><sat>14</sat></trkpt>
  <trkpt lat="30.30416567" lon="120.08101548"><ele>9.628</ele><time>2026-04-25T03:51:49Z</time><sat>12</sat></trkpt>
  <trkpt lat="30.30416535" lon="120.08101554"><ele>9.478</ele><time>2026-04-25T03:51:52Z</time><sat>10</sat></trkpt>
  <trkpt lat="30.30416633" lon="120.08101511"><ele>9.772</ele><time>2026-04-25T03:51:55Z</time><sat>11</sat></trkpt>
  <trkpt lat="30.30416651" lon="120.08101425"><ele>9.656</ele><time>2026-04-25T03:51:58Z</time><sat>14</sat></trkpt>
  <trkpt lat="30.30416519" lon="120.08101651"><ele>9.891</ele><time>2026-04-25T03:52:01Z</time><sat>13</sat></trkpt>
  <trkpt lat="30.30416445" lon="120.08101618"><ele>9.758</ele><time>2026-04-25T03:52:04Z</time><sat>13</sat></trkpt>
  <trkpt lat="30.30416465" lon="120.08101585"><ele>9.532</ele><time>2026-04-25T03:52:07Z</time><sat>13</sat></trkpt>
  <trkpt lat="30.30416455" lon="120.08101582"><ele>9.597</ele><time>2026-04-25T03:52:10Z</time><sat>12</sat></trkpt>
  <trkpt lat="30.30416567" lon="120.08101577"><ele>8.960</ele><time>2026-04-25T03:52:13Z</time><sat>11</sat></trkpt>
  <trkpt lat="30.30416456" lon="120.08101566"><ele>8.946</ele><time>2026-04-25T03:52:16Z</time><sat>11</sat></trkpt>
  <trkpt lat="30.30416518" lon="120.08101593"><ele>8.957</ele><time>2026-04-25T03:52:19Z</time><sat>12</sat></trkpt>
  <trkpt lat="30.30416518" lon="120.08101593"><ele>8.963</ele><time>2026-04-25T03:52:22Z</time><sat>12</sat></trkpt>
  <trkpt lat="30.30416522" lon="120.08101590"><ele>8.971</ele><time>2026-04-25T03:52:25Z</time><sat>9</sat></trkpt>
  <trkpt lat="30.30416459" lon="120.08101540"><ele>9.014</ele><time>2026-04-25T03:52:28Z</time><sat>8</sat></trkpt>
  <trkpt lat="30.30416304" lon="120.08101298"><ele>9.212</ele><time>2026-04-25T03:52:31Z</time><sat>8</sat></trkpt>
  <trkpt lat="30.30416407" lon="120.08101436"><ele>9.142</ele><time>2026-04-25T03:52:34Z</time><sat>7</sat></trkpt>
  <trkpt lat="30.30416403" lon="120.08101434"><ele>9.165</ele><time>2026-04-25T03:52:37Z</time><sat>7</sat></trkpt>
  <trkpt lat="30.30416392" lon="120.08101419"><ele>9.140</ele><time>2026-04-25T03:52:40Z</time><sat>8</sat></trkpt>
  <trkpt lat="30.30416353" lon="120.08101405"><ele>9.096</ele><time>2026-04-25T03:52:43Z</time><sat>7</sat></trkpt>
  <trkpt lat="30.30416333" lon="120.08101394"><ele>9.111</ele><time>2026-04-25T03:52:46Z</time><sat>10</sat></trkpt>
  <trkpt lat="30.30416308" lon="120.08101372"><ele>9.133</ele><time>2026-04-25T03:52:49Z</time><sat>11</sat></trkpt>
  <trkpt lat="30.30416279" lon="120.08101356"><ele>9.119</ele><time>2026-04-25T03:52:52Z</time><sat>9</sat></trkpt>
  <trkpt lat="30.30416210" lon="120.08101330"><ele>9.000</ele><time>2026-04-25T03:52:55Z</time><sat>9</sat></trkpt>
  <trkpt lat="30.30416205" lon="120.08101324"><ele>9.052</ele><time>2026-04-25T03:52:58Z</time><sat>11</sat></trkpt>
  <trkpt lat="30.30416177" lon="120.08101280"><ele>9.000</ele><time>2026-04-25T03:53:01Z</time><sat>12</sat></trkpt>
  <trkpt lat="30.30416176" lon="120.08101232"><ele>8.961</ele><time>2026-04-25T03:53:04Z</time><sat>12</sat></trkpt>
  <trkpt lat="30.30416096" lon="120.08101214"><ele>8.707</ele><time>2026-04-25T03:53:07Z</time><sat>12</sat></trkpt>
  <trkpt lat="30.30416102" lon="120.08101209"><ele>8.707</ele><time>2026-04-25T03:53:10Z</time><sat>14</sat></trkpt>
  <trkpt lat="30.30416098" lon="120.08101205"><ele>8.750</ele><time>2026-04-25T03:53:13Z</time><sat>13</sat></trkpt>
  <trkpt lat="30.30416073" lon="120.08101187"><ele>8.784</ele><time>2026-04-25T03:53:16Z</time><sat>10</sat></trkpt>
  <trkpt lat="30.30416059" lon="120.08101176"><ele>8.797</ele><time>2026-04-25T03:53:19Z</time><sat>11</sat></trkpt>
  <trkpt lat="30.30416047" lon="120.08101170"><ele>8.905</ele><time>2026-04-25T03:53:22Z</time><sat>11</sat></trkpt>
  <trkpt lat="30.30415959" lon="120.08101126"><ele>8.941</ele><time>2026-04-25T03:53:25Z</time><sat>13</sat></trkpt>
  <trkpt lat="30.30415943" lon="120.08101099"><ele>9.027</ele><time>2026-04-25T03:53:28Z</time><sat>13</sat></trkpt>
  <trkpt lat="30.30415925" lon="120.08101077"><ele>9.122</ele><time>2026-04-25T03:53:31Z</time><sat>12</sat></trkpt>
  <trkpt lat="30.30415953" lon="120.08101099"><ele>9.171</ele><time>2026-04-25T03:53:34Z</time><sat>11</sat></trkpt>
  <trkpt lat="30.30415966" lon="120.08101115"><ele>9.328</ele><time>2026-04-25T03:53:37Z</time><sat>13</sat></trkpt>
  <trkpt lat="30.30415946" lon="120.08101094"><ele>9.361</ele><time>2026-04-25T03:53:40Z</time><sat>15</sat></trkpt>
  <trkpt lat="30.30416104" lon="120.08101043"><ele>9.547</ele><time>2026-04-25T03:53:43Z</time><sat>14</sat></trkpt>
  <trkpt lat="30.30416104" lon="120.08101056"><ele>9.542</ele><time>2026-04-25T03:53:46Z</time><sat>14</sat></trkpt>
  <trkpt lat="30.30416099" lon="120.08101063"><ele>9.617</ele><time>2026-04-25T03:53:49Z</time><sat>11</sat></trkpt>
  <trkpt lat="30.30416026" lon="120.08101106"><ele>9.532</ele><time>2026-04-25T03:53:52Z</time><sat>10</sat></trkpt>
  <trkpt lat="30.30416028" lon="120.08101106"><ele>9.571</ele><time>2026-04-25T03:53:55Z</time><sat>14</sat></trkpt>
  <trkpt lat="30.30416033" lon="120.08101133"><ele>9.632</ele><time>2026-04-25T03:53:58Z</time><sat>14</sat></trkpt>
  <trkpt lat="30.30416034" lon="120.08101137"><ele>9.476</ele><time>2026-04-25T03:54:01Z</time><sat>11</sat></trkpt>
  <trkpt lat="30.30416153" lon="120.08100985"><ele>9.774</ele><time>2026-04-25T03:54:04Z</time><sat>11</sat></trkpt>
  <trkpt lat="30.30415968" lon="120.08101117"><ele>9.506</ele><time>2026-04-25T03:54:07Z</time><sat>15</sat></trkpt>
  <trkpt lat="30.30415622" lon="120.08101500"><ele>8.693</ele><time>2026-04-25T03:54:10Z</time><sat>14</sat></trkpt>
  <trkpt lat="30.30415525" lon="120.08101293"><ele>8.910</ele><time>2026-04-25T03:54:13Z</time><sat>12</sat></trkpt>
  <trkpt lat="30.30415488" lon="120.08101273"><ele>8.891</ele><time>2026-04-25T03:54:16Z</time><sat>13</sat></trkpt>
  <trkpt lat="30.30415448" lon="120.08101290"><ele>8.899</ele><time>2026-04-25T03:54:19Z</time><sat>13</sat></trkpt>
  <trkpt lat="30.30415462" lon="120.08101334"><ele>9.194</ele><time>2026-04-25T03:54:22Z</time><sat>11</sat></trkpt>
  <trkpt lat="30.30415461" lon="120.08101277"><ele>9.083</ele><time>2026-04-25T03:54:25Z</time><sat>11</sat></trkpt>
  <trkpt lat="30.30415466" lon="120.08101281"><ele>9.089</ele><time>2026-04-25T03:54:28Z</time><sat>14</sat></trkpt>
  <trkpt lat="30.30415453" lon="120.08101289"><ele>9.058</ele><time>2026-04-25T03:54:31Z</time><sat>12</sat></trkpt>
  <trkpt lat="30.30415465" lon="120.08101298"><ele>9.107</ele><time>2026-04-25T03:54:34Z</time><sat>9</sat></trkpt>
  <trkpt lat="30.30415497" lon="120.08101247"><ele>9.145</ele><time>2026-04-25T03:54:37Z</time><sat>11</sat></trkpt>
  <trkpt lat="30.30415483" lon="120.08101241"><ele>9.174</ele><time>2026-04-25T03:54:40Z</time><sat>13</sat></trkpt>
  <trkpt lat="30.30415479" lon="120.08101235"><ele>9.199</ele><time>2026-04-25T03:54:43Z</time><sat>9</sat></trkpt>
  <trkpt lat="30.30415379" lon="120.08101176"><ele>8.920</ele><time>2026-04-25T03:54:46Z</time><sat>9</sat></trkpt>
  <trkpt lat="30.30415357" lon="120.08101191"><ele>8.913</ele><time>2026-04-25T03:54:49Z</time><sat>12</sat></trkpt>
  <trkpt lat="30.30415360" lon="120.08101188"><ele>8.946</ele><time>2026-04-25T03:54:52Z</time><sat>12</sat></trkpt>
  <trkpt lat="30.30415312" lon="120.08101207"><ele>9.001</ele><time>2026-04-25T03:54:55Z</time><sat>9</sat></trkpt>
  <trkpt lat="30.30415351" lon="120.08101227"><ele>9.088</ele><time>2026-04-25T03:54:58Z</time><sat>10</sat></trkpt>
  <trkpt lat="30.30415340" lon="120.08101228"><ele>9.084</ele><time>2026-04-25T03:55:01Z</time><sat>12</sat></trkpt>
  <trkpt lat="30.30415328" lon="120.08101229"><ele>9.075</ele><time>2026-04-25T03:55:04Z</time><sat>13</sat></trkpt>
  <trkpt lat="30.30415442" lon="120.08101187"><ele>9.110</ele><time>2026-04-25T03:55:07Z</time><sat>10</sat></trkpt>
  <trkpt lat="30.30415420" lon="120.08101153"><ele>8.955</ele><time>2026-04-25T03:55:10Z</time><sat>10</sat></trkpt>
  <trkpt lat="30.30415421" lon="120.08101155"><ele>8.947</ele><time>2026-04-25T03:55:13Z</time><sat>11</sat></trkpt>
  <trkpt lat="30.30415424" lon="120.08101155"><ele>8.950</ele><time>2026-04-25T03:55:16Z</time><sat>9</sat></trkpt>
  <trkpt lat="30.30415421" lon="120.08101158"><ele>8.956</ele><time>2026-04-25T03:55:19Z</time><sat>10</sat></trkpt>
  <trkpt lat="30.30415417" lon="120.08101162"><ele>8.947</ele><time>2026-04-25T03:55:22Z</time><sat>10</sat></trkpt>
  <trkpt lat="30.30415417" lon="120.08101171"><ele>8.953</ele><time>2026-04-25T03:55:25Z</time><sat>12</sat></trkpt>
  <trkpt lat="30.30415419" lon="120.08101172"><ele>8.962</ele><time>2026-04-25T03:55:28Z</time><sat>11</sat></trkpt>
  <trkpt lat="30.30415418" lon="120.08101177"><ele>8.928</ele><time>2026-04-25T03:55:31Z</time><sat>10</sat></trkpt>
  <trkpt lat="30.30415417" lon="120.08101175"><ele>8.914</ele><time>2026-04-25T03:55:34Z</time><sat>10</sat></trkpt>
  <trkpt lat="30.30415416" lon="120.08101178"><ele>8.895</ele><time>2026-04-25T03:55:37Z</time><sat>13</sat></trkpt>
  <trkpt lat="30.30415418" lon="120.08101180"><ele>8.901</ele><time>2026-04-25T03:55:40Z</time><sat>11</sat></trkpt>
  <trkpt lat="30.30415429" lon="120.08101188"><ele>8.979</ele><time>2026-04-25T03:55:43Z</time><sat>9</sat></trkpt>
  <trkpt lat="30.30415445" lon="120.08101193"><ele>9.102</ele><time>2026-04-25T03:55:46Z</time><sat>12</sat></trkpt>
  <trkpt lat="30.30415439" lon="120.08101199"><ele>9.176</ele><time>2026-04-25T03:55:49Z</time><sat>12</sat></trkpt>
  <trkpt lat="30.30415437" lon="120.08101200"><ele>9.188</ele><time>2026-04-25T03:55:52Z</time><sat>12</sat></trkpt>
  <trkpt lat="30.30415436" lon="120.08101201"><ele>9.189</ele><time>2026-04-25T03:55:55Z</time><sat>10</sat></trkpt>
  <trkpt lat="30.30415467" lon="120.08101204"><ele>9.203</ele><time>2026-04-25T03:55:58Z</time><sat>8</sat></trkpt>
  <trkpt lat="30.30415402" lon="120.08101241"><ele>9.353</ele><time>2026-04-25T03:56:01Z</time><sat>16</sat></trkpt>
  <trkpt lat="30.30415426" lon="120.08101057"><ele>9.354</ele><time>2026-04-25T03:56:04Z</time><sat>20</sat></trkpt>
  <trkpt lat="30.30415395" lon="120.08101194"><ele>9.405</ele><time>2026-04-25T03:56:07Z</time><sat>18</sat></trkpt>
  <trkpt lat="30.30415423" lon="120.08101193"><ele>9.471</ele><time>2026-04-25T03:56:10Z</time><sat>13</sat></trkpt>
  <trkpt lat="30.30415430" lon="120.08101207"><ele>9.485</ele><time>2026-04-25T03:56:13Z</time><sat>12</sat></trkpt>
  <trkpt lat="30.30415484" lon="120.08101147"><ele>9.444</ele><time>2026-04-25T03:56:16Z</time><sat>15</sat></trkpt>
  <trkpt lat="30.30415428" lon="120.08101321"><ele>9.679</ele><time>2026-04-25T03:56:19Z</time><sat>18</sat></trkpt>
  <trkpt lat="30.30415449" lon="120.08101312"><ele>9.747</ele><time>2026-04-25T03:56:22Z</time><sat>17</sat></trkpt>
  <trkpt lat="30.30415456" lon="120.08101311"><ele>9.742</ele><time>2026-04-25T03:56:25Z</time><sat>15</sat></trkpt>
  <trkpt lat="30.30415142" lon="120.08101425"><ele>9.493</ele><time>2026-04-25T03:56:28Z</time><sat>10</sat></trkpt>
  <trkpt lat="30.30415329" lon="120.08101235"><ele>8.958</ele><time>2026-04-25T03:56:31Z</time><sat>14</sat></trkpt>
  <trkpt lat="30.30415334" lon="120.08101244"><ele>8.939</ele><time>2026-04-25T03:56:34Z</time><sat>19</sat></trkpt>
  <trkpt lat="30.30415005" lon="120.08101436"><ele>8.820</ele><time>2026-04-25T03:56:37Z</time><sat>19</sat></trkpt>
  <trkpt lat="30.30415216" lon="120.08100997"><ele>8.381</ele><time>2026-04-25T03:56:40Z</time><sat>16</sat></trkpt>
  <trkpt lat="30.30415171" lon="120.08101071"><ele>8.491</ele><time>2026-04-25T03:56:43Z</time><sat>23</sat></trkpt>
  <trkpt lat="30.30415177" lon="120.08101132"><ele>8.437</ele><time>2026-04-25T03:56:46Z</time><sat>24</sat></trkpt>
  <trkpt lat="30.30415192" lon="120.08101134"><ele>8.452</ele><time>2026-04-25T03:56:49Z</time><sat>18</sat></trkpt>
  <trkpt lat="30.30415324" lon="120.08101098"><ele>8.127</ele><time>2026-04-25T03:56:52Z</time><sat>16</sat></trkpt>
  <trkpt lat="30.30415350" lon="120.08101092"><ele>8.112</ele><time>2026-04-25T03:56:55Z</time><sat>16</sat></trkpt>
  <trkpt lat="30.30415331" lon="120.08101108"><ele>8.217</ele><time>2026-04-25T03:56:58Z</time><sat>15</sat></trkpt>
  <trkpt lat="30.30415527" lon="120.08101146"><ele>7.766</ele><time>2026-04-25T03:57:01Z</time><sat>13</sat></trkpt>
  <trkpt lat="30.30415548" lon="120.08101155"><ele>7.713</ele><time>2026-04-25T03:57:04Z</time><sat>15</sat></trkpt>
  <trkpt lat="30.30415425" lon="120.08101362"><ele>8.528</ele><time>2026-04-25T03:57:07Z</time><sat>14</sat></trkpt>
  <trkpt lat="30.30415436" lon="120.08101362"><ele>8.554</ele><time>2026-04-25T03:57:10Z</time><sat>15</sat></trkpt>
  <trkpt lat="30.30415448" lon="120.08101357"><ele>8.588</ele><time>2026-04-25T03:57:13Z</time><sat>15</sat></trkpt>
  <trkpt lat="30.30415459" lon="120.08101361"><ele>8.609</ele><time>2026-04-25T03:57:16Z</time><sat>12</sat></trkpt>
  <trkpt lat="30.30415461" lon="120.08101357"><ele>8.617</ele><time>2026-04-25T03:57:19Z</time><sat>11</sat></trkpt>
  <trkpt lat="30.30415469" lon="120.08101361"><ele>8.639</ele><time>2026-04-25T03:57:22Z</time><sat>11</sat></trkpt>
  <trkpt lat="30.30415320" lon="120.08101464"><ele>9.385</ele><time>2026-04-25T03:57:25Z</time><sat>13</sat></trkpt>
  <trkpt lat="30.30415329" lon="120.08101465"><ele>9.398</ele><time>2026-04-25T03:57:28Z</time><sat>12</sat></trkpt>
  <trkpt lat="30.30415331" lon="120.08101465"><ele>9.417</ele><time>2026-04-25T03:57:31Z</time><sat>11</sat></trkpt>
  <trkpt lat="30.30415347" lon="120.08101460"><ele>9.446</ele><time>2026-04-25T03:57:34Z</time><sat>10</sat></trkpt>
  <trkpt lat="30.30415110" lon="120.08101608"><ele>10.529</ele><time>2026-04-25T03:57:37Z</time><sat>16</sat></trkpt>
  <trkpt lat="30.30415131" lon="120.08101638"><ele>10.650</ele><time>2026-04-25T03:57:40Z</time><sat>19</sat></trkpt>
  <trkpt lat="30.30415135" lon="120.08101635"><ele>10.633</ele><time>2026-04-25T03:57:43Z</time><sat>12</sat></trkpt>
  <trkpt lat="30.30415142" lon="120.08101629"><ele>10.604</ele><time>2026-04-25T03:57:46Z</time><sat>5</sat></trkpt>
  <trkpt lat="30.30415141" lon="120.08101627"><ele>10.614</ele><time>2026-04-25T03:57:49Z</time><sat>10</sat></trkpt>
  <trkpt lat="30.30415114" lon="120.08101624"><ele>10.581</ele><time>2026-04-25T03:57:52Z</time><sat>14</sat></trkpt>
  <trkpt lat="30.30415113" lon="120.08101624"><ele>10.587</ele><time>2026-04-25T03:57:55Z</time><sat>16</sat></trkpt>
  <trkpt lat="30.30415117" lon="120.08101629"><ele>10.607</ele><time>2026-04-25T03:57:58Z</time><sat>14</sat></trkpt>
  <trkpt lat="30.30415126" lon="120.08101628"><ele>10.625</ele><time>2026-04-25T03:58:01Z</time><sat>11</sat></trkpt>
  <trkpt lat="30.30415134" lon="120.08101623"><ele>10.623</ele><time>2026-04-25T03:58:04Z</time><sat>10</sat></trkpt>
  <trkpt lat="30.30415141" lon="120.08101605"><ele>10.624</ele><time>2026-04-25T03:58:07Z</time><sat>12</sat></trkpt>
  <trkpt lat="30.30415141" lon="120.08101593"><ele>10.607</ele><time>2026-04-25T03:58:10Z</time><sat>13</sat></trkpt>
  <trkpt lat="30.30415182" lon="120.08101578"><ele>10.756</ele><time>2026-04-25T03:58:13Z</time><sat>13</sat></trkpt>
  <trkpt lat="30.30415189" lon="120.08101577"><ele>10.777</ele><time>2026-04-25T03:58:16Z</time><sat>12</sat></trkpt>
  <trkpt lat="30.30415189" lon="120.08101577"><ele>10.782</ele><time>2026-04-25T03:58:19Z</time><sat>9</sat></trkpt>
  <trkpt lat="30.30415189" lon="120.08101577"><ele>10.790</ele><time>2026-04-25T03:58:22Z</time><sat>11</sat></trkpt>
  <trkpt lat="30.30415190" lon="120.08101577"><ele>10.789</ele><time>2026-04-25T03:58:25Z</time><sat>12</sat></trkpt>
  <trkpt lat="30.30415195" lon="120.08101575"><ele>10.785</ele><time>2026-04-25T03:58:28Z</time><sat>10</sat></trkpt>
  <trkpt lat="30.30415196" lon="120.08101575"><ele>10.786</ele><time>2026-04-25T03:58:31Z</time><sat>11</sat></trkpt>
  <trkpt lat="30.30415198" lon="120.08101575"><ele>10.785</ele><time>2026-04-25T03:58:34Z</time><sat>11</sat></trkpt>
  <trkpt lat="30.30415221" lon="120.08101588"><ele>10.765</ele><time>2026-04-25T03:58:37Z</time><sat>8</sat></trkpt>
  <trkpt lat="30.30425507" lon="120.08110297"><ele>5.849</ele><time>2026-04-25T03:58:40Z</time><sat>12</sat></trkpt>
  <trkpt lat="30.30430770" lon="120.08113359"><ele>6.361</ele><time>2026-04-25T03:58:43Z</time><sat>14</sat></trkpt>
  <trkpt lat="30.30437683" lon="120.08114050"><ele>7.359</ele><time>2026-04-25T03:58:46Z</time><sat>16</sat></trkpt>
  <trkpt lat="30.30438581" lon="120.08115088"><ele>6.758</ele><time>2026-04-25T03:58:49Z</time><sat>16</sat></trkpt>
  <trkpt lat="30.30439023" lon="120.08114542"><ele>6.998</ele><time>2026-04-25T03:58:52Z</time><sat>15</sat></trkpt>
  <trkpt lat="30.30437109" lon="120.08116153"><ele>7.386</ele><time>2026-04-25T03:58:55Z</time><sat>12</sat></trkpt>
  <trkpt lat="30.30434552" lon="120.08114883"><ele>10.424</ele><time>2026-04-25T03:58:58Z</time><sat>16</sat></trkpt>
  <trkpt lat="30.30432658" lon="120.08115086"><ele>12.046</ele><time>2026-04-25T03:59:01Z</time><sat>18</sat></trkpt>
  <trkpt lat="30.30427927" lon="120.08115812"><ele>13.926</ele><time>2026-04-25T03:59:04Z</time><sat>15</sat></trkpt>
  <trkpt lat="30.30428436" lon="120.08115554"><ele>13.454</ele><time>2026-04-25T03:59:07Z</time><sat>15</sat></trkpt>
  <trkpt lat="30.30429283" lon="120.08115403"><ele>13.514</ele><time>2026-04-25T03:59:10Z</time><sat>16</sat></trkpt>
  <trkpt lat="30.30429606" lon="120.08115399"><ele>13.336</ele><time>2026-04-25T03:59:13Z</time><sat>17</sat></trkpt>
  <trkpt lat="30.30429614" lon="120.08115408"><ele>13.358</ele><time>2026-04-25T03:59:16Z</time><sat>12</sat></trkpt>
  <trkpt lat="30.30429486" lon="120.08115405"><ele>13.418</ele><time>2026-04-25T03:59:19Z</time><sat>12</sat></trkpt>
  <trkpt lat="30.30430627" lon="120.08115415"><ele>13.616</ele><time>2026-04-25T03:59:22Z</time><sat>11</sat></trkpt>
  <trkpt lat="30.30429806" lon="120.08115375"><ele>13.429</ele><time>2026-04-25T03:59:25Z</time><sat>12</sat></trkpt>
  <trkpt lat="30.30429863" lon="120.08115347"><ele>13.439</ele><time>2026-04-25T03:59:28Z</time><sat>11</sat></trkpt>
  <trkpt lat="30.30429603" lon="120.08115370"><ele>13.501</ele><time>2026-04-25T03:59:31Z</time><sat>10</sat></trkpt>
  <trkpt lat="30.30429302" lon="120.08115405"><ele>13.506</ele><time>2026-04-25T03:59:34Z</time><sat>9</sat></trkpt>
  <trkpt lat="30.30429300" lon="120.08115405"><ele>13.500</ele><time>2026-04-25T03:59:37Z</time><sat>11</sat></trkpt>
  <trkpt lat="30.30429162" lon="120.08115385"><ele>13.474</ele><time>2026-04-25T03:59:40Z</time><sat>11</sat></trkpt>
  <trkpt lat="30.30429141" lon="120.08115390"><ele>13.482</ele><time>2026-04-25T03:59:43Z</time><sat>9</sat></trkpt>
  <trkpt lat="30.30429137" lon="120.08115388"><ele>13.472</ele><time>2026-04-25T03:59:46Z</time><sat>8</sat></trkpt>
  <trkpt lat="30.30429136" lon="120.08115387"><ele>13.470</ele><time>2026-04-25T03:59:49Z</time><sat>6</sat></trkpt>
  <trkpt lat="30.30428830" lon="120.08115391"><ele>13.445</ele><time>2026-04-25T03:59:52Z</time><sat>9</sat></trkpt>
  <trkpt lat="30.30428825" lon="120.08115389"><ele>13.441</ele><time>2026-04-25T03:59:55Z</time><sat>10</sat></trkpt>
  <trkpt lat="30.30429689" lon="120.08115267"><ele>13.535</ele><time>2026-04-25T03:59:58Z</time><sat>13</sat></trkpt>
  <trkpt lat="30.30429885" lon="120.08115229"><ele>13.574</ele><time>2026-04-25T04:00:01Z</time><sat>12</sat></trkpt>
  <trkpt lat="30.30429873" lon="120.08115230"><ele>13.576</ele><time>2026-04-25T04:00:04Z</time><sat>12</sat></trkpt>
  <trkpt lat="30.30429868" lon="120.08115232"><ele>13.577</ele><time>2026-04-25T04:00:07Z</time><sat>9</sat></trkpt>
  <trkpt lat="30.30431461" lon="120.08114973"><ele>13.444</ele><time>2026-04-25T04:00:10Z</time><sat>5</sat></trkpt>
  <trkpt lat="30.30431281" lon="120.08114996"><ele>13.450</ele><time>2026-04-25T04:00:13Z</time><sat>11</sat></trkpt>
  <trkpt lat="30.30431207" lon="120.08115009"><ele>13.458</ele><time>2026-04-25T04:00:16Z</time><sat>12</sat></trkpt>
  <trkpt lat="30.30431164" lon="120.08115014"><ele>13.460</ele><time>2026-04-25T04:00:19Z</time><sat>7</sat></trkpt>
  <trkpt lat="30.30431468" lon="120.08114967"><ele>13.512</ele><time>2026-04-25T04:00:22Z</time><sat>7</sat></trkpt>
  <trkpt lat="30.30431464" lon="120.08114966"><ele>13.514</ele><time>2026-04-25T04:00:25Z</time><sat>13</sat></trkpt>
  <trkpt lat="30.30431508" lon="120.08114928"><ele>13.409</ele><time>2026-04-25T04:00:28Z</time><sat>12</sat></trkpt>
  <trkpt lat="30.30430092" lon="120.08115041"><ele>13.883</ele><time>2026-04-25T04:00:31Z</time><sat>9</sat></trkpt>
  <trkpt lat="30.30430244" lon="120.08115010"><ele>13.378</ele><time>2026-04-25T04:00:34Z</time><sat>15</sat></trkpt>
  <trkpt lat="30.30430384" lon="120.08114965"><ele>13.243</ele><time>2026-04-25T04:00:37Z</time><sat>17</sat></trkpt>
  <trkpt lat="30.30431221" lon="120.08114685"><ele>12.392</ele><time>2026-04-25T04:00:40Z</time><sat>14</sat></trkpt>
  <trkpt lat="30.30431202" lon="120.08114682"><ele>12.393</ele><time>2026-04-25T04:00:43Z</time><sat>9</sat></trkpt>
  <trkpt lat="30.30431254" lon="120.08114662"><ele>12.331</ele><time>2026-04-25T04:00:46Z</time><sat>11</sat></trkpt>
  <trkpt lat="30.30431254" lon="120.08114663"><ele>12.333</ele><time>2026-04-25T04:00:49Z</time><sat>13</sat></trkpt>
  <trkpt lat="30.30431214" lon="120.08114662"><ele>12.346</ele><time>2026-04-25T04:00:52Z</time><sat>10</sat></trkpt>
  <trkpt lat="30.30421221" lon="120.08110008"><ele>10.776</ele><time>2026-04-25T04:00:55Z</time><sat>11</sat></trkpt>
  <trkpt lat="30.30424472" lon="120.08110679"><ele>10.786</ele><time>2026-04-25T04:00:58Z</time><sat>13</sat></trkpt>
  <trkpt lat="30.30423753" lon="120.08111886"><ele>12.554</ele><time>2026-04-25T04:01:01Z</time><sat>19</sat></trkpt>
  <trkpt lat="30.30422521" lon="120.08112311"><ele>14.466</ele><time>2026-04-25T04:01:04Z</time><sat>20</sat></trkpt>
  <trkpt lat="30.30428661" lon="120.08088448"><ele>15.198</ele><time>2026-04-25T04:01:22Z</time><sat>11</sat></trkpt>
  <trkpt lat="30.30426904" lon="120.08089119"><ele>17.102</ele><time>2026-04-25T04:01:25Z</time><sat>7</sat></trkpt>
  <trkpt lat="30.30423346" lon="120.08105983"><ele>15.006</ele><time>2026-04-25T04:01:28Z</time><sat>4</sat></trkpt>
  <trkpt lat="30.30426366" lon="120.08110496"><ele>14.964</ele><time>2026-04-25T04:01:31Z</time><sat>8</sat></trkpt>
  <trkpt lat="30.30430016" lon="120.08116951"><ele>14.468</ele><time>2026-04-25T04:01:34Z</time><sat>8</sat></trkpt>
  <trkpt lat="30.30427616" lon="120.08113090"><ele>14.901</ele><time>2026-04-25T04:01:37Z</time><sat>4</sat></trkpt>
  <trkpt lat="30.30425099" lon="120.08110286"><ele>14.300</ele><time>2026-04-25T04:01:40Z</time><sat>12</sat></trkpt>
  <trkpt lat="30.30427382" lon="120.08107716"><ele>16.003</ele><time>2026-04-25T04:01:43Z</time><sat>13</sat></trkpt>
  <trkpt lat="30.30429548" lon="120.08107641"><ele>16.816</ele><time>2026-04-25T04:01:46Z</time><sat>11</sat></trkpt>
  <trkpt lat="30.30428690" lon="120.08105852"><ele>17.504</ele><time>2026-04-25T04:01:49Z</time><sat>13</sat></trkpt>
  <trkpt lat="30.30429171" lon="120.08101138"><ele>19.488</ele><time>2026-04-25T04:01:52Z</time><sat>10</sat></trkpt>
  <trkpt lat="30.30429544" lon="120.08098967"><ele>20.404</ele><time>2026-04-25T04:01:55Z</time><sat>13</sat></trkpt>
  <trkpt lat="30.30429277" lon="120.08098442"><ele>22.734</ele><time>2026-04-25T04:01:58Z</time><sat>12</sat></trkpt>
  <trkpt lat="30.30427410" lon="120.08100392"><ele>23.996</ele><time>2026-04-25T04:02:01Z</time><sat>11</sat></trkpt>
  <trkpt lat="30.30424822" lon="120.08100881"><ele>24.224</ele><time>2026-04-25T04:02:04Z</time><sat>11</sat></trkpt>
  <trkpt lat="30.30423154" lon="120.08102253"><ele>22.722</ele><time>2026-04-25T04:02:07Z</time><sat>13</sat></trkpt>
  <trkpt lat="30.30428477" lon="120.08104946"><ele>20.754</ele><time>2026-04-25T04:02:10Z</time><sat>13</sat></trkpt>
  <trkpt lat="30.30432079" lon="120.08106860"><ele>18.379</ele><time>2026-04-25T04:02:13Z</time><sat>15</sat></trkpt>
  <trkpt lat="30.30435232" lon="120.08108353"><ele>18.801</ele><time>2026-04-25T04:02:16Z</time><sat>13</sat></trkpt>
  <trkpt lat="30.30434705" lon="120.08110278"><ele>19.780</ele><time>2026-04-25T04:02:19Z</time><sat>9</sat></trkpt>
  <trkpt lat="30.30434609" lon="120.08112451"><ele>19.943</ele><time>2026-04-25T04:02:22Z</time><sat>13</sat></trkpt>
  <trkpt lat="30.30436095" lon="120.08110433"><ele>20.401</ele><time>2026-04-25T04:02:25Z</time><sat>13</sat></trkpt>
  <trkpt lat="30.30441630" lon="120.08103858"><ele>20.188</ele><time>2026-04-25T04:02:28Z</time><sat>6</sat></trkpt>
  <trkpt lat="30.30451290" lon="120.08102762"><ele>19.731</ele><time>2026-04-25T04:02:31Z</time><sat>9</sat></trkpt>
  <trkpt lat="30.30422856" lon="120.08102443"><ele>22.346</ele><time>2026-04-25T04:02:34Z</time><sat>12</sat></trkpt>
  <trkpt lat="30.30423224" lon="120.08108092"><ele>19.835</ele><time>2026-04-25T04:02:37Z</time><sat>13</sat></trkpt>
  <trkpt lat="30.30424163" lon="120.08109543"><ele>20.141</ele><time>2026-04-25T04:02:40Z</time><sat>17</sat></trkpt>
  <trkpt lat="30.30423124" lon="120.08111393"><ele>18.282</ele><time>2026-04-25T04:02:43Z</time><sat>19</sat></trkpt>
  <trkpt lat="30.30422728" lon="120.08112663"><ele>18.255</ele><time>2026-04-25T04:02:46Z</time><sat>16</sat></trkpt>
  <trkpt lat="30.30423913" lon="120.08112404"><ele>20.118</ele><time>2026-04-25T04:02:49Z</time><sat>14</sat></trkpt>
  <trkpt lat="30.30427521" lon="120.08112932"><ele>19.632</ele><time>2026-04-25T04:02:52Z</time><sat>9</sat></trkpt>
  <trkpt lat="30.30428311" lon="120.08112099"><ele>19.909</ele><time>2026-04-25T04:02:55Z</time><sat>10</sat></trkpt>
  <trkpt lat="30.30427496" lon="120.08110209"><ele>20.209</ele><time>2026-04-25T04:02:58Z</time><sat>12</sat></trkpt>
  <trkpt lat="30.30426427" lon="120.08108507"><ele>20.703</ele><time>2026-04-25T04:03:01Z</time><sat>10</sat></trkpt>
  <trkpt lat="30.30427762" lon="120.08107786"><ele>20.802</ele><time>2026-04-25T04:03:04Z</time><sat>9</sat></trkpt>
  <trkpt lat="30.30430447" lon="120.08108487"><ele>20.784</ele><time>2026-04-25T04:03:07Z</time><sat>9</sat></trkpt>
  <trkpt lat="30.30430909" lon="120.08109382"><ele>19.036</ele><time>2026-04-25T04:03:10Z</time><sat>12</sat></trkpt>
  <trkpt lat="30.30432812" lon="120.08110972"><ele>16.110</ele><time>2026-04-25T04:03:13Z</time><sat>13</sat></trkpt>
  <trkpt lat="30.30434573" lon="120.08110159"><ele>15.654</ele><time>2026-04-25T04:03:16Z</time><sat>12</sat></trkpt>
  <trkpt lat="30.30414079" lon="120.08095041"><ele>19.477</ele><time>2026-04-25T04:03:19Z</time><sat>8</sat></trkpt>
  <trkpt lat="30.30420085" lon="120.08097877"><ele>20.995</ele><time>2026-04-25T04:03:22Z</time><sat>13</sat></trkpt>
  <trkpt lat="30.30421226" lon="120.08098198"><ele>19.800</ele><time>2026-04-25T04:03:25Z</time><sat>18</sat></trkpt>
  <trkpt lat="30.30421554" lon="120.08099232"><ele>20.055</ele><time>2026-04-25T04:03:28Z</time><sat>19</sat></trkpt>
  <trkpt lat="30.30421338" lon="120.08099274"><ele>19.978</ele><time>2026-04-25T04:03:31Z</time><sat>17</sat></trkpt>
  <trkpt lat="30.30420883" lon="120.08098574"><ele>20.647</ele><time>2026-04-25T04:03:34Z</time><sat>9</sat></trkpt>
  <trkpt lat="30.30422340" lon="120.08100988"><ele>20.589</ele><time>2026-04-25T04:03:37Z</time><sat>14</sat></trkpt>
  <trkpt lat="30.30423354" lon="120.08101827"><ele>20.894</ele><time>2026-04-25T04:03:40Z</time><sat>17</sat></trkpt>
  <trkpt lat="30.30423726" lon="120.08102142"><ele>21.027</ele><time>2026-04-25T04:03:43Z</time><sat>12</sat></trkpt>
  <trkpt lat="30.30423920" lon="120.08102158"><ele>19.305</ele><time>2026-04-25T04:03:46Z</time><sat>7</sat></trkpt>
  <trkpt lat="30.30422750" lon="120.08102210"><ele>17.551</ele><time>2026-04-25T04:03:49Z</time><sat>13</sat></trkpt>
  <trkpt lat="30.30422772" lon="120.08102438"><ele>17.354</ele><time>2026-04-25T04:03:52Z</time><sat>16</sat></trkpt>
  <trkpt lat="30.30422812" lon="120.08102516"><ele>17.287</ele><time>2026-04-25T04:03:55Z</time><sat>16</sat></trkpt>
  <trkpt lat="30.30422795" lon="120.08102454"><ele>17.329</ele><time>2026-04-25T04:03:58Z</time><sat>12</sat></trkpt>
  <trkpt lat="30.30422777" lon="120.08102531"><ele>17.265</ele><time>2026-04-25T04:04:01Z</time><sat>10</sat></trkpt>
  <trkpt lat="30.30422845" lon="120.08102545"><ele>16.353</ele><time>2026-04-25T04:04:04Z</time><sat>11</sat></trkpt>
  <trkpt lat="30.30422796" lon="120.08102551"><ele>16.384</ele><time>2026-04-25T04:04:07Z</time><sat>11</sat></trkpt>
  <trkpt lat="30.30422771" lon="120.08102552"><ele>16.377</ele><time>2026-04-25T04:04:10Z</time><sat>11</sat></trkpt>
  <trkpt lat="30.30423191" lon="120.08103188"><ele>15.849</ele><time>2026-04-25T04:04:13Z</time><sat>11</sat></trkpt>
  <trkpt lat="30.30423569" lon="120.08103814"><ele>15.852</ele><time>2026-04-25T04:04:16Z</time><sat>10</sat></trkpt>
  <trkpt lat="30.30423653" lon="120.08103907"><ele>15.848</ele><time>2026-04-25T04:04:19Z</time><sat>13</sat></trkpt>
  <trkpt lat="30.30423887" lon="120.08104200"><ele>15.243</ele><time>2026-04-25T04:04:22Z</time><sat>12</sat></trkpt>
  <trkpt lat="30.30424339" lon="120.08104772"><ele>15.061</ele><time>2026-04-25T04:04:25Z</time><sat>14</sat></trkpt>
  <trkpt lat="30.30424404" lon="120.08104885"><ele>15.062</ele><time>2026-04-25T04:04:28Z</time><sat>15</sat></trkpt>
  <trkpt lat="30.30424439" lon="120.08104930"><ele>15.032</ele><time>2026-04-25T04:04:31Z</time><sat>15</sat></trkpt>
  <trkpt lat="30.30424437" lon="120.08104940"><ele>14.992</ele><time>2026-04-25T04:04:34Z</time><sat>11</sat></trkpt>
  <trkpt lat="30.30424439" lon="120.08104939"><ele>15.006</ele><time>2026-04-25T04:04:37Z</time><sat>13</sat></trkpt>
  <trkpt lat="30.30424411" lon="120.08104912"><ele>14.972</ele><time>2026-04-25T04:04:40Z</time><sat>12</sat></trkpt>
  <trkpt lat="30.30424217" lon="120.08104777"><ele>15.098</ele><time>2026-04-25T04:04:43Z</time><sat>16</sat></trkpt>
  <trkpt lat="30.30424210" lon="120.08104790"><ele>15.149</ele><time>2026-04-25T04:04:46Z</time><sat>19</sat></trkpt>
  <trkpt lat="30.30424217" lon="120.08104794"><ele>15.155</ele><time>2026-04-25T04:04:49Z</time><sat>19</sat></trkpt>
  <trkpt lat="30.30422543" lon="120.08103226"><ele>17.284</ele><time>2026-04-25T04:04:52Z</time><sat>16</sat></trkpt>
  <trkpt lat="30.30421939" lon="120.08102642"><ele>17.280</ele><time>2026-04-25T04:04:55Z</time><sat>18</sat></trkpt>
  <trkpt lat="30.30421878" lon="120.08102578"><ele>17.336</ele><time>2026-04-25T04:04:58Z</time><sat>18</sat></trkpt>
  <trkpt lat="30.30420837" lon="120.08101316"><ele>18.778</ele><time>2026-04-25T04:05:01Z</time><sat>14</sat></trkpt>
  <trkpt lat="30.30419887" lon="120.08100489"><ele>19.128</ele><time>2026-04-25T04:05:04Z</time><sat>20</sat></trkpt>
  <trkpt lat="30.30419114" lon="120.08100022"><ele>19.180</ele><time>2026-04-25T04:05:07Z</time><sat>20</sat></trkpt>
  <trkpt lat="30.30418490" lon="120.08099507"><ele>19.535</ele><time>2026-04-25T04:05:10Z</time><sat>21</sat></trkpt>
  <trkpt lat="30.30417903" lon="120.08098887"><ele>20.016</ele><time>2026-04-25T04:05:13Z</time><sat>19</sat></trkpt>
  <trkpt lat="30.30417371" lon="120.08098291"><ele>20.477</ele><time>2026-04-25T04:05:16Z</time><sat>19</sat></trkpt>
  <trkpt lat="30.30417058" lon="120.08097964"><ele>20.428</ele><time>2026-04-25T04:05:19Z</time><sat>19</sat></trkpt>
  <trkpt lat="30.30416532" lon="120.08097500"><ele>21.099</ele><time>2026-04-25T04:05:22Z</time><sat>20</sat></trkpt>
  <trkpt lat="30.30416326" lon="120.08097318"><ele>21.111</ele><time>2026-04-25T04:05:25Z</time><sat>15</sat></trkpt>
  <trkpt lat="30.30416258" lon="120.08097256"><ele>21.196</ele><time>2026-04-25T04:05:28Z</time><sat>15</sat></trkpt>
  <trkpt lat="30.30416137" lon="120.08097191"><ele>21.205</ele><time>2026-04-25T04:05:31Z</time><sat>15</sat></trkpt>
  <trkpt lat="30.30416062" lon="120.08097115"><ele>21.206</ele><time>2026-04-25T04:05:34Z</time><sat>15</sat></trkpt>
  <trkpt lat="30.30416012" lon="120.08097076"><ele>21.208</ele><time>2026-04-25T04:05:37Z</time><sat>15</sat></trkpt>
  <trkpt lat="30.30415988" lon="120.08097081"><ele>21.208</ele><time>2026-04-25T04:05:40Z</time><sat>15</sat></trkpt>
  <trkpt lat="30.30416072" lon="120.08097110"><ele>21.186</ele><time>2026-04-25T04:05:43Z</time><sat>16</sat></trkpt>
  <trkpt lat="30.30416108" lon="120.08097131"><ele>21.163</ele><time>2026-04-25T04:05:46Z</time><sat>14</sat></trkpt>
  <trkpt lat="30.30416128" lon="120.08097379"><ele>21.159</ele><time>2026-04-25T04:05:49Z</time><sat>14</sat></trkpt>
  <trkpt lat="30.30416232" lon="120.08097732"><ele>21.725</ele><time>2026-04-25T04:05:52Z</time><sat>16</sat></trkpt>
  <trkpt lat="30.30416302" lon="120.08097940"><ele>21.760</ele><time>2026-04-25T04:05:55Z</time><sat>19</sat></trkpt>
  <trkpt lat="30.30416306" lon="120.08098005"><ele>21.727</ele><time>2026-04-25T04:05:58Z</time><sat>16</sat></trkpt>
  <trkpt lat="30.30416320" lon="120.08098043"><ele>21.697</ele><time>2026-04-25T04:06:01Z</time><sat>12</sat></trkpt>
  <trkpt lat="30.30416335" lon="120.08098095"><ele>21.666</ele><time>2026-04-25T04:06:04Z</time><sat>11</sat></trkpt>
  <trkpt lat="30.30416120" lon="120.08098171"><ele>21.787</ele><time>2026-04-25T04:06:07Z</time><sat>13</sat></trkpt>
  <trkpt lat="30.30416117" lon="120.08098223"><ele>21.768</ele><time>2026-04-25T04:06:10Z</time><sat>14</sat></trkpt>
  <trkpt lat="30.30416089" lon="120.08098223"><ele>21.696</ele><time>2026-04-25T04:06:13Z</time><sat>16</sat></trkpt>
  <trkpt lat="30.30416205" lon="120.08098320"><ele>21.537</ele><time>2026-04-25T04:06:16Z</time><sat>20</sat></trkpt>
  <trkpt lat="30.30416239" lon="120.08098370"><ele>21.529</ele><time>2026-04-25T04:06:19Z</time><sat>20</sat></trkpt>
  <trkpt lat="30.30415991" lon="120.08097962"><ele>21.503</ele><time>2026-04-25T04:06:22Z</time><sat>16</sat></trkpt>
  <trkpt lat="30.30415938" lon="120.08098013"><ele>21.463</ele><time>2026-04-25T04:06:25Z</time><sat>17</sat></trkpt>
  <trkpt lat="30.30416001" lon="120.08098131"><ele>21.418</ele><time>2026-04-25T04:06:28Z</time><sat>19</sat></trkpt>
  <trkpt lat="30.30416184" lon="120.08098550"><ele>21.252</ele><time>2026-04-25T04:06:31Z</time><sat>19</sat></trkpt>
  <trkpt lat="30.30416222" lon="120.08098628"><ele>21.242</ele><time>2026-04-25T04:06:34Z</time><sat>19</sat></trkpt>
  <trkpt lat="30.30416225" lon="120.08098727"><ele>21.267</ele><time>2026-04-25T04:06:37Z</time><sat>19</sat></trkpt>
  <trkpt lat="30.30416241" lon="120.08098760"><ele>21.258</ele><time>2026-04-25T04:06:40Z</time><sat>16</sat></trkpt>
  <trkpt lat="30.30416276" lon="120.08098786"><ele>21.302</ele><time>2026-04-25T04:06:43Z</time><sat>17</sat></trkpt>
  <trkpt lat="30.30416129" lon="120.08098806"><ele>21.438</ele><time>2026-04-25T04:06:46Z</time><sat>18</sat></trkpt>
  <trkpt lat="30.30415742" lon="120.08098663"><ele>21.666</ele><time>2026-04-25T04:06:49Z</time><sat>19</sat></trkpt>
  <trkpt lat="30.30415424" lon="120.08098515"><ele>21.789</ele><time>2026-04-25T04:06:52Z</time><sat>18</sat></trkpt>
  <trkpt lat="30.30415487" lon="120.08098436"><ele>21.570</ele><time>2026-04-25T04:06:55Z</time><sat>18</sat></trkpt>
  <trkpt lat="30.30415515" lon="120.08098443"><ele>21.576</ele><time>2026-04-25T04:06:58Z</time><sat>19</sat></trkpt>
  <trkpt lat="30.30415539" lon="120.08098464"><ele>21.572</ele><time>2026-04-25T04:07:01Z</time><sat>18</sat></trkpt>
  <trkpt lat="30.30415194" lon="120.08098553"><ele>21.965</ele><time>2026-04-25T04:07:04Z</time><sat>20</sat></trkpt>
  <trkpt lat="30.30415130" lon="120.08098564"><ele>21.952</ele><time>2026-04-25T04:07:07Z</time><sat>21</sat></trkpt>
  <trkpt lat="30.30415106" lon="120.08098588"><ele>21.978</ele><time>2026-04-25T04:07:10Z</time><sat>18</sat></trkpt>
  <trkpt lat="30.30415094" lon="120.08098616"><ele>21.974</ele><time>2026-04-25T04:07:13Z</time><sat>15</sat></trkpt>
  <trkpt lat="30.30415225" lon="120.08098658"><ele>21.856</ele><time>2026-04-25T04:07:16Z</time><sat>16</sat></trkpt>
  <trkpt lat="30.30415490" lon="120.08098746"><ele>21.913</ele><time>2026-04-25T04:07:19Z</time><sat>17</sat></trkpt>
  <trkpt lat="30.30415547" lon="120.08098777"><ele>21.900</ele><time>2026-04-25T04:07:22Z</time><sat>16</sat></trkpt>
  <trkpt lat="30.30418230" lon="120.08100638"><ele>20.286</ele><time>2026-04-25T04:07:25Z</time><sat>19</sat></trkpt>
  <trkpt lat="30.30423091" lon="120.08102735"><ele>26.948</ele><time>2026-04-25T04:07:28Z</time><sat>17</sat></trkpt>
  <trkpt lat="30.30428550" lon="120.08104164"><ele>28.482</ele><time>2026-04-25T04:07:31Z</time><sat>14</sat></trkpt>
  <trkpt lat="30.30430859" lon="120.08105893"><ele>27.962</ele><time>2026-04-25T04:07:34Z</time><sat>16</sat></trkpt>
  <trkpt lat="30.30430402" lon="120.08106128"><ele>28.511</ele><time>2026-04-25T04:07:37Z</time><sat>18</sat></trkpt>
  <trkpt lat="30.30431151" lon="120.08105793"><ele>28.673</ele><time>2026-04-25T04:07:40Z</time><sat>18</sat></trkpt>
  <trkpt lat="30.30430171" lon="120.08106385"><ele>30.430</ele><time>2026-04-25T04:07:43Z</time><sat>14</sat></trkpt>
  <trkpt lat="30.30428738" lon="120.08106979"><ele>30.142</ele><time>2026-04-25T04:07:46Z</time><sat>17</sat></trkpt>
  <trkpt lat="30.30428345" lon="120.08107275"><ele>29.786</ele><time>2026-04-25T04:07:49Z</time><sat>18</sat></trkpt>
  <trkpt lat="30.30428131" lon="120.08107424"><ele>29.602</ele><time>2026-04-25T04:07:52Z</time><sat>11</sat></trkpt>
  <trkpt lat="30.30428082" lon="120.08107447"><ele>29.575</ele><time>2026-04-25T04:07:55Z</time><sat>11</sat></trkpt>
  <trkpt lat="30.30427427" lon="120.08107611"><ele>29.713</ele><time>2026-04-25T04:07:58Z</time><sat>11</sat></trkpt>
  <trkpt lat="30.30425381" lon="120.08107828"><ele>30.743</ele><time>2026-04-25T04:08:01Z</time><sat>17</sat></trkpt>
  <trkpt lat="30.30424728" lon="120.08107693"><ele>30.950</ele><time>2026-04-25T04:08:04Z</time><sat>18</sat></trkpt>
  <trkpt lat="30.30424506" lon="120.08107713"><ele>30.907</ele><time>2026-04-25T04:08:07Z</time><sat>17</sat></trkpt>
  <trkpt lat="30.30424560" lon="120.08107822"><ele>30.780</ele><time>2026-04-25T04:08:10Z</time><sat>18</sat></trkpt>
  <trkpt lat="30.30421828" lon="120.08108282"><ele>27.636</ele><time>2026-04-25T04:08:16Z</time><sat>19</sat></trkpt>
  <trkpt lat="30.30418642" lon="120.08108440"><ele>26.766</ele><time>2026-04-25T04:08:20Z</time><sat>20</sat></trkpt>
  <trkpt lat="30.30419024" lon="120.08109236"><ele>25.124</ele><time>2026-04-25T04:08:23Z</time><sat>25</sat></trkpt>
  <trkpt lat="30.30420619" lon="120.08111045"><ele>24.693</ele><time>2026-04-25T04:08:26Z</time><sat>25</sat></trkpt>
  <trkpt lat="30.30422679" lon="120.08111941"><ele>22.509</ele><time>2026-04-25T04:08:29Z</time><sat>26</sat></trkpt>
  <trkpt lat="30.30418368" lon="120.08114371"><ele>23.043</ele><time>2026-04-25T04:08:32Z</time><sat>25</sat></trkpt>
  <trkpt lat="30.30415249" lon="120.08115176"><ele>22.492</ele><time>2026-04-25T04:08:35Z</time><sat>26</sat></trkpt>
  <trkpt lat="30.30414139" lon="120.08115503"><ele>22.995</ele><time>2026-04-25T04:08:38Z</time><sat>26</sat></trkpt>
  <trkpt lat="30.30414020" lon="120.08115503"><ele>22.904</ele><time>2026-04-25T04:08:41Z</time><sat>26</sat></trkpt>
  <trkpt lat="30.30414632" lon="120.08112676"><ele>22.236</ele><time>2026-04-25T04:08:44Z</time><sat>21</sat></trkpt>
  <trkpt lat="30.30413911" lon="120.08110936"><ele>21.680</ele><time>2026-04-25T04:08:47Z</time><sat>21</sat></trkpt>
  <trkpt lat="30.30415203" lon="120.08108927"><ele>20.277</ele><time>2026-04-25T04:08:50Z</time><sat>22</sat></trkpt>
  <trkpt lat="30.30416897" lon="120.08107760"><ele>19.720</ele><time>2026-04-25T04:08:53Z</time><sat>22</sat></trkpt>
  <trkpt lat="30.30415205" lon="120.08109751"><ele>18.779</ele><time>2026-04-25T04:08:56Z</time><sat>25</sat></trkpt>
  <trkpt lat="30.30413040" lon="120.08110862"><ele>18.884</ele><time>2026-04-25T04:08:59Z</time><sat>25</sat></trkpt>
  <trkpt lat="30.30412401" lon="120.08111252"><ele>18.813</ele><time>2026-04-25T04:09:02Z</time><sat>22</sat></trkpt>
  <trkpt lat="30.30412331" lon="120.08111357"><ele>18.760</ele><time>2026-04-25T04:09:05Z</time><sat>20</sat></trkpt>
  <trkpt lat="30.30412569" lon="120.08111171"><ele>18.520</ele><time>2026-04-25T04:09:08Z</time><sat>26</sat></trkpt>
  <trkpt lat="30.30412467" lon="120.08111317"><ele>18.703</ele><time>2026-04-25T04:09:11Z</time><sat>14</sat></trkpt>
  <trkpt lat="30.30412430" lon="120.08111447"><ele>18.759</ele><time>2026-04-25T04:09:14Z</time><sat>14</sat></trkpt>
  <trkpt lat="30.30412189" lon="120.08111512"><ele>18.825</ele><time>2026-04-25T04:09:17Z</time><sat>14</sat></trkpt>
  <trkpt lat="30.30411490" lon="120.08111719"><ele>19.197</ele><time>2026-04-25T04:09:20Z</time><sat>12</sat></trkpt>
  <trkpt lat="30.30410978" lon="120.08112019"><ele>19.240</ele><time>2026-04-25T04:09:23Z</time><sat>12</sat></trkpt>
  <trkpt lat="30.30410527" lon="120.08112377"><ele>19.116</ele><time>2026-04-25T04:09:26Z</time><sat>12</sat></trkpt>
  <trkpt lat="30.30411326" lon="120.08111628"><ele>16.940</ele><time>2026-04-25T04:09:29Z</time><sat>12</sat></trkpt>
  <trkpt lat="30.30411585" lon="120.08111309"><ele>16.801</ele><time>2026-04-25T04:09:32Z</time><sat>11</sat></trkpt>
  <trkpt lat="30.30411604" lon="120.08111177"><ele>16.560</ele><time>2026-04-25T04:09:35Z</time><sat>11</sat></trkpt>
  <trkpt lat="30.30411593" lon="120.08111150"><ele>16.563</ele><time>2026-04-25T04:09:38Z</time><sat>11</sat></trkpt>
  <trkpt lat="30.30411635" lon="120.08111139"><ele>16.523</ele><time>2026-04-25T04:09:41Z</time><sat>12</sat></trkpt>
  <trkpt lat="30.30411591" lon="120.08111125"><ele>16.528</ele><time>2026-04-25T04:09:44Z</time><sat>11</sat></trkpt>
  <trkpt lat="30.30411624" lon="120.08111111"><ele>16.537</ele><time>2026-04-25T04:09:47Z</time><sat>11</sat></trkpt>
  <trkpt lat="30.30411771" lon="120.08111175"><ele>16.520</ele><time>2026-04-25T04:09:50Z</time><sat>12</sat></trkpt>
  <trkpt lat="30.30411782" lon="120.08111181"><ele>16.533</ele><time>2026-04-25T04:09:53Z</time><sat>12</sat></trkpt>
  <trkpt lat="30.30411690" lon="120.08111189"><ele>16.570</ele><time>2026-04-25T04:09:56Z</time><sat>12</sat></trkpt>
  <trkpt lat="30.30411612" lon="120.08111203"><ele>16.591</ele><time>2026-04-25T04:09:59Z</time><sat>12</sat></trkpt>
  <trkpt lat="30.30411573" lon="120.08111204"><ele>16.603</ele><time>2026-04-25T04:10:02Z</time><sat>13</sat></trkpt>
  <trkpt lat="30.30411546" lon="120.08111210"><ele>16.612</ele><time>2026-04-25T04:10:05Z</time><sat>13</sat></trkpt>
  <trkpt lat="30.30411526" lon="120.08111217"><ele>16.619</ele><time>2026-04-25T04:10:08Z</time><sat>11</sat></trkpt>
  <trkpt lat="30.30411515" lon="120.08111223"><ele>16.623</ele><time>2026-04-25T04:10:11Z</time><sat>11</sat></trkpt>
  <trkpt lat="30.30411510" lon="120.08111225"><ele>16.629</ele><time>2026-04-25T04:10:14Z</time><sat>11</sat></trkpt>
  <trkpt lat="30.30411504" lon="120.08111233"><ele>16.628</ele><time>2026-04-25T04:10:17Z</time><sat>11</sat></trkpt>
  <trkpt lat="30.30411502" lon="120.08111239"><ele>16.629</ele><time>2026-04-25T04:10:20Z</time><sat>11</sat></trkpt>
  <trkpt lat="30.30411503" lon="120.08111247"><ele>16.628</ele><time>2026-04-25T04:10:23Z</time><sat>10</sat></trkpt>
  <trkpt lat="30.30411506" lon="120.08111254"><ele>16.624</ele><time>2026-04-25T04:10:26Z</time><sat>11</sat></trkpt>
  <trkpt lat="30.30411510" lon="120.08111261"><ele>16.619</ele><time>2026-04-25T04:10:29Z</time><sat>11</sat></trkpt>
  <trkpt lat="30.30411518" lon="120.08111268"><ele>16.615</ele><time>2026-04-25T04:10:32Z</time><sat>11</sat></trkpt>
  <trkpt lat="30.30411527" lon="120.08111276"><ele>16.608</ele><time>2026-04-25T04:10:35Z</time><sat>10</sat></trkpt>
  <trkpt lat="30.30411536" lon="120.08111282"><ele>16.606</ele><time>2026-04-25T04:10:38Z</time><sat>10</sat></trkpt>
  <trkpt lat="30.30411545" lon="120.08111290"><ele>16.593</ele><time>2026-04-25T04:10:41Z</time><sat>11</sat></trkpt>
  <trkpt lat="30.30411559" lon="120.08111298"><ele>16.594</ele><time>2026-04-25T04:10:44Z</time><sat>11</sat></trkpt>
  <trkpt lat="30.30411571" lon="120.08111304"><ele>16.592</ele><time>2026-04-25T04:10:47Z</time><sat>11</sat></trkpt>
  <trkpt lat="30.30411643" lon="120.08111508"><ele>17.059</ele><time>2026-04-25T04:10:50Z</time><sat>12</sat></trkpt>
  <trkpt lat="30.30412023" lon="120.08112775"><ele>17.156</ele><time>2026-04-25T04:10:53Z</time><sat>10</sat></trkpt>
  <trkpt lat="30.30412230" lon="120.08114222"><ele>16.895</ele><time>2026-04-25T04:10:56Z</time><sat>10</sat></trkpt>
  <trkpt lat="30.30412217" lon="120.08114980"><ele>17.213</ele><time>2026-04-25T04:10:59Z</time><sat>9</sat></trkpt>
  <trkpt lat="30.30412791" lon="120.08115399"><ele>17.940</ele><time>2026-04-25T04:11:02Z</time><sat>10</sat></trkpt>
  <trkpt lat="30.30412871" lon="120.08116539"><ele>18.760</ele><time>2026-04-25T04:11:05Z</time><sat>10</sat></trkpt>
  <trkpt lat="30.30412656" lon="120.08117295"><ele>19.402</ele><time>2026-04-25T04:11:08Z</time><sat>12</sat></trkpt>
  <trkpt lat="30.30412423" lon="120.08117440"><ele>19.806</ele><time>2026-04-25T04:11:11Z</time><sat>16</sat></trkpt>
  <trkpt lat="30.30412321" lon="120.08117479"><ele>19.871</ele><time>2026-04-25T04:11:14Z</time><sat>16</sat></trkpt>
  <trkpt lat="30.30412290" lon="120.08117496"><ele>19.911</ele><time>2026-04-25T04:11:17Z</time><sat>16</sat></trkpt>
  <trkpt lat="30.30412274" lon="120.08117510"><ele>19.941</ele><time>2026-04-25T04:11:20Z</time><sat>16</sat></trkpt>
  <trkpt lat="30.30412261" lon="120.08117521"><ele>19.969</ele><time>2026-04-25T04:11:23Z</time><sat>16</sat></trkpt>
  <trkpt lat="30.30412250" lon="120.08117533"><ele>19.985</ele><time>2026-04-25T04:11:26Z</time><sat>16</sat></trkpt>
  <trkpt lat="30.30412239" lon="120.08117545"><ele>20.009</ele><time>2026-04-25T04:11:29Z</time><sat>16</sat></trkpt>
  <trkpt lat="30.30412230" lon="120.08117555"><ele>20.031</ele><time>2026-04-25T04:11:32Z</time><sat>16</sat></trkpt>
  <trkpt lat="30.30412220" lon="120.08117567"><ele>20.047</ele><time>2026-04-25T04:11:35Z</time><sat>16</sat></trkpt>
  <trkpt lat="30.30412215" lon="120.08117577"><ele>20.058</ele><time>2026-04-25T04:11:38Z</time><sat>16</sat></trkpt>
  <trkpt lat="30.30412210" lon="120.08117587"><ele>20.066</ele><time>2026-04-25T04:11:41Z</time><sat>16</sat></trkpt>
  <trkpt lat="30.30412206" lon="120.08117597"><ele>20.075</ele><time>2026-04-25T04:11:44Z</time><sat>16</sat></trkpt>
  <trkpt lat="30.30412201" lon="120.08117606"><ele>20.092</ele><time>2026-04-25T04:11:47Z</time><sat>17</sat></trkpt>
  <trkpt lat="30.30412193" lon="120.08117615"><ele>20.111</ele><time>2026-04-25T04:11:50Z</time><sat>15</sat></trkpt>
  <trkpt lat="30.30412181" lon="120.08117626"><ele>20.128</ele><time>2026-04-25T04:11:53Z</time><sat>14</sat></trkpt>
  <trkpt lat="30.30412171" lon="120.08117637"><ele>20.143</ele><time>2026-04-25T04:11:56Z</time><sat>16</sat></trkpt>
  <trkpt lat="30.30412160" lon="120.08117648"><ele>20.155</ele><time>2026-04-25T04:11:59Z</time><sat>15</sat></trkpt>
  <trkpt lat="30.30412124" lon="120.08117673"><ele>20.221</ele><time>2026-04-25T04:12:02Z</time><sat>14</sat></trkpt>
  <trkpt lat="30.30412806" lon="120.08117071"><ele>19.130</ele><time>2026-04-25T04:12:05Z</time><sat>20</sat></trkpt>
  <trkpt lat="30.30412829" lon="120.08117050"><ele>19.317</ele><time>2026-04-25T04:12:08Z</time><sat>20</sat></trkpt>
  <trkpt lat="30.30414449" lon="120.08115616"><ele>16.366</ele><time>2026-04-25T04:12:11Z</time><sat>18</sat></trkpt>
  <trkpt lat="30.30415235" lon="120.08114374"><ele>15.246</ele><time>2026-04-25T04:12:14Z</time><sat>16</sat></trkpt>
  <trkpt lat="30.30416443" lon="120.08113624"><ele>13.590</ele><time>2026-04-25T04:12:17Z</time><sat>16</sat></trkpt>
  <trkpt lat="30.30416865" lon="120.08113183"><ele>13.776</ele><time>2026-04-25T04:12:20Z</time><sat>16</sat></trkpt>
  <trkpt lat="30.30416868" lon="120.08112971"><ele>14.036</ele><time>2026-04-25T04:12:23Z</time><sat>16</sat></trkpt>
  <trkpt lat="30.30417162" lon="120.08112705"><ele>13.599</ele><time>2026-04-25T04:12:26Z</time><sat>16</sat></trkpt>
  <trkpt lat="30.30417343" lon="120.08112579"><ele>13.612</ele><time>2026-04-25T04:12:29Z</time><sat>16</sat></trkpt>
  <trkpt lat="30.30417473" lon="120.08112569"><ele>13.504</ele><time>2026-04-25T04:12:32Z</time><sat>16</sat></trkpt>
  <trkpt lat="30.30417458" lon="120.08112647"><ele>13.588</ele><time>2026-04-25T04:12:35Z</time><sat>14</sat></trkpt>
  <trkpt lat="30.30417438" lon="120.08112689"><ele>13.612</ele><time>2026-04-25T04:12:38Z</time><sat>16</sat></trkpt>
  <trkpt lat="30.30417425" lon="120.08112710"><ele>13.627</ele><time>2026-04-25T04:12:41Z</time><sat>18</sat></trkpt>
  <trkpt lat="30.30417507" lon="120.08112684"><ele>13.511</ele><time>2026-04-25T04:12:44Z</time><sat>18</sat></trkpt>
  <trkpt lat="30.30417515" lon="120.08112685"><ele>13.524</ele><time>2026-04-25T04:12:47Z</time><sat>17</sat></trkpt>
  <trkpt lat="30.30417511" lon="120.08112688"><ele>13.539</ele><time>2026-04-25T04:12:50Z</time><sat>17</sat></trkpt>
  <trkpt lat="30.30417498" lon="120.08112695"><ele>13.545</ele><time>2026-04-25T04:12:53Z</time><sat>15</sat></trkpt>
  <trkpt lat="30.30417485" lon="120.08112711"><ele>13.575</ele><time>2026-04-25T04:12:56Z</time><sat>12</sat></trkpt>
  <trkpt lat="30.30417477" lon="120.08112721"><ele>13.583</ele><time>2026-04-25T04:12:59Z</time><sat>13</sat></trkpt>
  <trkpt lat="30.30417408" lon="120.08112752"><ele>13.665</ele><time>2026-04-25T04:13:02Z</time><sat>13</sat></trkpt>
  <trkpt lat="30.30417386" lon="120.08112766"><ele>13.668</ele><time>2026-04-25T04:13:05Z</time><sat>13</sat></trkpt>
  <trkpt lat="30.30417385" lon="120.08112771"><ele>13.667</ele><time>2026-04-25T04:13:08Z</time><sat>13</sat></trkpt>
  <trkpt lat="30.30417404" lon="120.08112770"><ele>13.640</ele><time>2026-04-25T04:13:11Z</time><sat>12</sat></trkpt>
  <trkpt lat="30.30417406" lon="120.08112774"><ele>13.638</ele><time>2026-04-25T04:13:14Z</time><sat>12</sat></trkpt>
  <trkpt lat="30.30417381" lon="120.08112779"><ele>13.656</ele><time>2026-04-25T04:13:17Z</time><sat>13</sat></trkpt>
  <trkpt lat="30.30417845" lon="120.08112507"><ele>12.650</ele><time>2026-04-25T04:13:20Z</time><sat>12</sat></trkpt>
  <trkpt lat="30.30418118" lon="120.08112802"><ele>12.451</ele><time>2026-04-25T04:13:23Z</time><sat>12</sat></trkpt>
  <trkpt lat="30.30418426" lon="120.08112942"><ele>11.835</ele><time>2026-04-25T04:13:26Z</time><sat>12</sat></trkpt>
  <trkpt lat="30.30418461" lon="120.08112966"><ele>11.812</ele><time>2026-04-25T04:13:29Z</time><sat>12</sat></trkpt>
  <trkpt lat="30.30418455" lon="120.08112961"><ele>11.885</ele><time>2026-04-25T04:13:32Z</time><sat>12</sat></trkpt>
  <trkpt lat="30.30418447" lon="120.08112956"><ele>11.891</ele><time>2026-04-25T04:13:35Z</time><sat>12</sat></trkpt>
  <trkpt lat="30.30418443" lon="120.08112954"><ele>11.901</ele><time>2026-04-25T04:13:38Z</time><sat>12</sat></trkpt>
  <trkpt lat="30.30418442" lon="120.08112954"><ele>11.903</ele><time>2026-04-25T04:13:41Z</time><sat>12</sat></trkpt>
  <trkpt lat="30.30418442" lon="120.08112955"><ele>11.906</ele><time>2026-04-25T04:13:44Z</time><sat>12</sat></trkpt>
  <trkpt lat="30.30418442" lon="120.08112955"><ele>11.908</ele><time>2026-04-25T04:13:47Z</time><sat>12</sat></trkpt>
  <trkpt lat="30.30418442" lon="120.08112956"><ele>11.909</ele><time>2026-04-25T04:13:50Z</time><sat>12</sat></trkpt>
  <trkpt lat="30.30418442" lon="120.08112956"><ele>11.911</ele><time>2026-04-25T04:13:53Z</time><sat>12</sat></trkpt>
  <trkpt lat="30.30418442" lon="120.08112958"><ele>11.907</ele><time>2026-04-25T04:13:56Z</time><sat>12</sat></trkpt>
  <trkpt lat="30.30418445" lon="120.08112960"><ele>11.902</ele><time>2026-04-25T04:13:59Z</time><sat>12</sat></trkpt>
  <trkpt lat="30.30418379" lon="120.08113789"><ele>12.241</ele><time>2026-04-25T04:14:02Z</time><sat>12</sat></trkpt>
  <trkpt lat="30.30418342" lon="120.08114173"><ele>12.612</ele><time>2026-04-25T04:14:05Z</time><sat>13</sat></trkpt>
  <trkpt lat="30.30418246" lon="120.08114297"><ele>12.668</ele><time>2026-04-25T04:14:08Z</time><sat>13</sat></trkpt>
  <trkpt lat="30.30418238" lon="120.08114317"><ele>12.704</ele><time>2026-04-25T04:14:11Z</time><sat>12</sat></trkpt>
  <trkpt lat="30.30418229" lon="120.08114321"><ele>12.686</ele><time>2026-04-25T04:14:14Z</time><sat>12</sat></trkpt>
  <trkpt lat="30.30418228" lon="120.08114324"><ele>12.692</ele><time>2026-04-25T04:14:17Z</time><sat>12</sat></trkpt>
  <trkpt lat="30.30418225" lon="120.08114328"><ele>12.698</ele><time>2026-04-25T04:14:20Z</time><sat>11</sat></trkpt>
  <trkpt lat="30.30418223" lon="120.08114331"><ele>12.704</ele><time>2026-04-25T04:14:23Z</time><sat>11</sat></trkpt>
  <trkpt lat="30.30418223" lon="120.08114335"><ele>12.709</ele><time>2026-04-25T04:14:26Z</time><sat>11</sat></trkpt>
  <trkpt lat="30.30418222" lon="120.08114339"><ele>12.717</ele><time>2026-04-25T04:14:29Z</time><sat>12</sat></trkpt>
  <trkpt lat="30.30418225" lon="120.08114342"><ele>12.716</ele><time>2026-04-25T04:14:32Z</time><sat>12</sat></trkpt>
  <trkpt lat="30.30418226" lon="120.08114347"><ele>12.718</ele><time>2026-04-25T04:14:35Z</time><sat>12</sat></trkpt>
  <trkpt lat="30.30418228" lon="120.08114353"><ele>12.720</ele><time>2026-04-25T04:14:38Z</time><sat>13</sat></trkpt>
  <trkpt lat="30.30418227" lon="120.08114356"><ele>12.725</ele><time>2026-04-25T04:14:41Z</time><sat>11</sat></trkpt>
  <trkpt lat="30.30418204" lon="120.08114366"><ele>12.751</ele><time>2026-04-25T04:14:44Z</time><sat>12</sat></trkpt>
  <trkpt lat="30.30418203" lon="120.08114371"><ele>12.753</ele><time>2026-04-25T04:14:47Z</time><sat>17</sat></trkpt>
  <trkpt lat="30.30418195" lon="120.08114374"><ele>12.764</ele><time>2026-04-25T04:14:50Z</time><sat>17</sat></trkpt>
  <trkpt lat="30.30418654" lon="120.08113905"><ele>11.908</ele><time>2026-04-25T04:14:53Z</time><sat>15</sat></trkpt>
  <trkpt lat="30.30419134" lon="120.08113506"><ele>11.490</ele><time>2026-04-25T04:14:56Z</time><sat>17</sat></trkpt>
  <trkpt lat="30.30420025" lon="120.08113491"><ele>10.515</ele><time>2026-04-25T04:14:59Z</time><sat>16</sat></trkpt>
  <trkpt lat="30.30420063" lon="120.08113399"><ele>10.708</ele><time>2026-04-25T04:15:02Z</time><sat>16</sat></trkpt>
  <trkpt lat="30.30420594" lon="120.08112925"><ele>9.201</ele><time>2026-04-25T04:15:05Z</time><sat>17</sat></trkpt>
  <trkpt lat="30.30421801" lon="120.08112023"><ele>8.061</ele><time>2026-04-25T04:15:08Z</time><sat>17</sat></trkpt>
  <trkpt lat="30.30421938" lon="120.08111830"><ele>8.144</ele><time>2026-04-25T04:15:11Z</time><sat>19</sat></trkpt>
  <trkpt lat="30.30422003" lon="120.08111762"><ele>8.178</ele><time>2026-04-25T04:15:14Z</time><sat>18</sat></trkpt>
  <trkpt lat="30.30421873" lon="120.08111789"><ele>8.268</ele><time>2026-04-25T04:15:17Z</time><sat>21</sat></trkpt>
  <trkpt lat="30.30421847" lon="120.08111844"><ele>8.308</ele><time>2026-04-25T04:15:20Z</time><sat>23</sat></trkpt>
  <trkpt lat="30.30421762" lon="120.08111908"><ele>8.390</ele><time>2026-04-25T04:15:23Z</time><sat>23</sat></trkpt>
  <trkpt lat="30.30421700" lon="120.08111999"><ele>8.420</ele><time>2026-04-25T04:15:26Z</time><sat>21</sat></trkpt>
  <trkpt lat="30.30421564" lon="120.08112123"><ele>8.539</ele><time>2026-04-25T04:15:29Z</time><sat>21</sat></trkpt>
  <trkpt lat="30.30421441" lon="120.08112226"><ele>8.626</ele><time>2026-04-25T04:15:32Z</time><sat>22</sat></trkpt>
  <trkpt lat="30.30421338" lon="120.08112301"><ele>8.708</ele><time>2026-04-25T04:15:35Z</time><sat>20</sat></trkpt>
  <trkpt lat="30.30421264" lon="120.08112355"><ele>8.783</ele><time>2026-04-25T04:15:38Z</time><sat>19</sat></trkpt>
  <trkpt lat="30.30421121" lon="120.08112414"><ele>8.917</ele><time>2026-04-25T04:15:41Z</time><sat>22</sat></trkpt>
  <trkpt lat="30.30421056" lon="120.08112449"><ele>8.954</ele><time>2026-04-25T04:15:44Z</time><sat>21</sat></trkpt>
  <trkpt lat="30.30421025" lon="120.08112470"><ele>8.971</ele><time>2026-04-25T04:15:47Z</time><sat>21</sat></trkpt>
  <trkpt lat="30.30420991" lon="120.08112488"><ele>9.013</ele><time>2026-04-25T04:15:50Z</time><sat>19</sat></trkpt>
  <trkpt lat="30.30420921" lon="120.08112532"><ele>9.137</ele><time>2026-04-25T04:15:53Z</time><sat>18</sat></trkpt>
  <trkpt lat="30.30420839" lon="120.08112581"><ele>9.271</ele><time>2026-04-25T04:15:56Z</time><sat>19</sat></trkpt>
  <trkpt lat="30.30420795" lon="120.08112610"><ele>9.312</ele><time>2026-04-25T04:15:59Z</time><sat>19</sat></trkpt>
  <trkpt lat="30.30420762" lon="120.08112624"><ele>9.338</ele><time>2026-04-25T04:16:02Z</time><sat>21</sat></trkpt>
  <trkpt lat="30.30420767" lon="120.08112628"><ele>9.328</ele><time>2026-04-25T04:16:05Z</time><sat>23</sat></trkpt>
  <trkpt lat="30.30420753" lon="120.08112642"><ele>9.361</ele><time>2026-04-25T04:16:08Z</time><sat>22</sat></trkpt>
  <trkpt lat="30.30420741" lon="120.08112648"><ele>9.375</ele><time>2026-04-25T04:16:11Z</time><sat>21</sat></trkpt>
  <trkpt lat="30.30420727" lon="120.08112657"><ele>9.387</ele><time>2026-04-25T04:16:14Z</time><sat>20</sat></trkpt>
  <trkpt lat="30.30420686" lon="120.08112673"><ele>9.419</ele><time>2026-04-25T04:16:17Z</time><sat>19</sat></trkpt>
  <trkpt lat="30.30420648" lon="120.08112703"><ele>9.480</ele><time>2026-04-25T04:16:20Z</time><sat>23</sat></trkpt>
  <trkpt lat="30.30420632" lon="120.08112715"><ele>9.504</ele><time>2026-04-25T04:16:23Z</time><sat>22</sat></trkpt>
  <trkpt lat="30.30420622" lon="120.08112720"><ele>9.524</ele><time>2026-04-25T04:16:26Z</time><sat>21</sat></trkpt>
  <trkpt lat="30.30420609" lon="120.08112725"><ele>9.527</ele><time>2026-04-25T04:16:29Z</time><sat>25</sat></trkpt>
  <trkpt lat="30.30420607" lon="120.08112721"><ele>9.538</ele><time>2026-04-25T04:16:32Z</time><sat>24</sat></trkpt>
  <trkpt lat="30.30420609" lon="120.08112720"><ele>9.538</ele><time>2026-04-25T04:16:35Z</time><sat>21</sat></trkpt>
  <trkpt lat="30.30420602" lon="120.08112726"><ele>9.555</ele><time>2026-04-25T04:16:38Z</time><sat>21</sat></trkpt>
  <trkpt lat="30.30420585" lon="120.08112731"><ele>9.565</ele><time>2026-04-25T04:16:41Z</time><sat>20</sat></trkpt>
  <trkpt lat="30.30420572" lon="120.08112731"><ele>9.570</ele><time>2026-04-25T04:16:44Z</time><sat>20</sat></trkpt>
  <trkpt lat="30.30420571" lon="120.08112731"><ele>9.571</ele><time>2026-04-25T04:16:47Z</time><sat>19</sat></trkpt>
  <trkpt lat="30.30420572" lon="120.08112733"><ele>9.573</ele><time>2026-04-25T04:16:50Z</time><sat>13</sat></trkpt>
  <trkpt lat="30.30420579" lon="120.08112727"><ele>9.570</ele><time>2026-04-25T04:16:53Z</time><sat>13</sat></trkpt>
  <trkpt lat="30.30420582" lon="120.08112727"><ele>9.570</ele><time>2026-04-25T04:16:56Z</time><sat>18</sat></trkpt>
  <trkpt lat="30.30420578" lon="120.08112730"><ele>9.585</ele><time>2026-04-25T04:16:59Z</time><sat>18</sat></trkpt>
  <trkpt lat="30.30420576" lon="120.08112731"><ele>9.587</ele><time>2026-04-25T04:17:02Z</time><sat>17</sat></trkpt>
  <trkpt lat="30.30420582" lon="120.08112745"><ele>9.565</ele><time>2026-04-25T04:17:05Z</time><sat>18</sat></trkpt>
  <trkpt lat="30.30420586" lon="120.08112762"><ele>9.571</ele><time>2026-04-25T04:17:08Z</time><sat>15</sat></trkpt>
  <trkpt lat="30.30420589" lon="120.08112761"><ele>9.576</ele><time>2026-04-25T04:17:11Z</time><sat>19</sat></trkpt>
  <trkpt lat="30.30420571" lon="120.08112748"><ele>9.602</ele><time>2026-04-25T04:17:14Z</time><sat>21</sat></trkpt>
  <trkpt lat="30.30420552" lon="120.08112714"><ele>9.636</ele><time>2026-04-25T04:17:17Z</time><sat>23</sat></trkpt>
  <trkpt lat="30.30420554" lon="120.08112708"><ele>9.633</ele><time>2026-04-25T04:17:20Z</time><sat>23</sat></trkpt>
  <trkpt lat="30.30420556" lon="120.08112708"><ele>9.635</ele><time>2026-04-25T04:17:23Z</time><sat>20</sat></trkpt>
  <trkpt lat="30.30420555" lon="120.08112716"><ele>9.641</ele><time>2026-04-25T04:17:26Z</time><sat>18</sat></trkpt>
  <trkpt lat="30.30420553" lon="120.08112723"><ele>9.653</ele><time>2026-04-25T04:17:29Z</time><sat>19</sat></trkpt>
  <trkpt lat="30.30420537" lon="120.08112736"><ele>9.677</ele><time>2026-04-25T04:17:32Z</time><sat>20</sat></trkpt>
  <trkpt lat="30.30420523" lon="120.08112751"><ele>9.689</ele><time>2026-04-25T04:17:35Z</time><sat>20</sat></trkpt>
  <trkpt lat="30.30420520" lon="120.08112760"><ele>9.694</ele><time>2026-04-25T04:17:38Z</time><sat>22</sat></trkpt>
  <trkpt lat="30.30420529" lon="120.08112759"><ele>9.688</ele><time>2026-04-25T04:17:41Z</time><sat>22</sat></trkpt>
  <trkpt lat="30.30420534" lon="120.08112764"><ele>9.686</ele><time>2026-04-25T04:17:44Z</time><sat>20</sat></trkpt>
  <trkpt lat="30.30420536" lon="120.08112765"><ele>9.691</ele><time>2026-04-25T04:17:47Z</time><sat>19</sat></trkpt>
  <trkpt lat="30.30420538" lon="120.08112758"><ele>9.698</ele><time>2026-04-25T04:17:50Z</time><sat>12</sat></trkpt>
  <trkpt lat="30.30420562" lon="120.08112753"><ele>9.667</ele><time>2026-04-25T04:17:53Z</time><sat>21</sat></trkpt>
  <trkpt lat="30.30420574" lon="120.08112752"><ele>9.661</ele><time>2026-04-25T04:17:56Z</time><sat>23</sat></trkpt>
  <trkpt lat="30.30420580" lon="120.08112755"><ele>9.666</ele><time>2026-04-25T04:17:59Z</time><sat>22</sat></trkpt>
  <trkpt lat="30.30420585" lon="120.08112757"><ele>9.672</ele><time>2026-04-25T04:18:02Z</time><sat>18</sat></trkpt>
  <trkpt lat="30.30420589" lon="120.08112760"><ele>9.671</ele><time>2026-04-25T04:18:05Z</time><sat>21</sat></trkpt>
  <trkpt lat="30.30420612" lon="120.08112805"><ele>9.717</ele><time>2026-04-25T04:18:08Z</time><sat>21</sat></trkpt>
  <trkpt lat="30.30420619" lon="120.08112817"><ele>9.723</ele><time>2026-04-25T04:18:11Z</time><sat>19</sat></trkpt>
  <trkpt lat="30.30420592" lon="120.08112831"><ele>9.742</ele><time>2026-04-25T04:18:14Z</time><sat>22</sat></trkpt>
  <trkpt lat="30.30420593" lon="120.08112836"><ele>9.750</ele><time>2026-04-25T04:18:17Z</time><sat>22</sat></trkpt>
  <trkpt lat="30.30420596" lon="120.08112838"><ele>9.750</ele><time>2026-04-25T04:18:20Z</time><sat>19</sat></trkpt>
  <trkpt lat="30.30420595" lon="120.08112842"><ele>9.762</ele><time>2026-04-25T04:18:23Z</time><sat>17</sat></trkpt>
  <trkpt lat="30.30420600" lon="120.08112846"><ele>9.759</ele><time>2026-04-25T04:18:26Z</time><sat>16</sat></trkpt>
  <trkpt lat="30.30420605" lon="120.08112849"><ele>9.761</ele><time>2026-04-25T04:18:29Z</time><sat>17</sat></trkpt>
  <trkpt lat="30.30420599" lon="120.08112854"><ele>9.774</ele><time>2026-04-25T04:18:32Z</time><sat>16</sat></trkpt>
  <trkpt lat="30.30420595" lon="120.08112859"><ele>9.776</ele><time>2026-04-25T04:18:35Z</time><sat>17</sat></trkpt>
  <trkpt lat="30.30420596" lon="120.08112861"><ele>9.775</ele><time>2026-04-25T04:18:38Z</time><sat>17</sat></trkpt>
  <trkpt lat="30.30420598" lon="120.08112862"><ele>9.776</ele><time>2026-04-25T04:18:41Z</time><sat>14</sat></trkpt>
  <trkpt lat="30.30420601" lon="120.08112863"><ele>9.779</ele><time>2026-04-25T04:18:44Z</time><sat>15</sat></trkpt>
  <trkpt lat="30.30420603" lon="120.08112865"><ele>9.783</ele><time>2026-04-25T04:18:47Z</time><sat>15</sat></trkpt>
  <trkpt lat="30.30420604" lon="120.08112868"><ele>9.785</ele><time>2026-04-25T04:18:50Z</time><sat>15</sat></trkpt>
  <trkpt lat="30.30420607" lon="120.08112870"><ele>9.790</ele><time>2026-04-25T04:18:53Z</time><sat>16</sat></trkpt>
  <trkpt lat="30.30420611" lon="120.08112872"><ele>9.792</ele><time>2026-04-25T04:18:56Z</time><sat>16</sat></trkpt>
  <trkpt lat="30.30420615" lon="120.08112873"><ele>9.797</ele><time>2026-04-25T04:18:59Z</time><sat>13</sat></trkpt>
  <trkpt lat="30.30420611" lon="120.08112874"><ele>9.809</ele><time>2026-04-25T04:19:02Z</time><sat>13</sat></trkpt>
  <trkpt lat="30.30420609" lon="120.08112877"><ele>9.814</ele><time>2026-04-25T04:19:05Z</time><sat>16</sat></trkpt>
  <trkpt lat="30.30420610" lon="120.08112878"><ele>9.816</ele><time>2026-04-25T04:19:08Z</time><sat>16</sat></trkpt>
  <trkpt lat="30.30420614" lon="120.08112879"><ele>9.816</ele><time>2026-04-25T04:19:11Z</time><sat>14</sat></trkpt>
  <trkpt lat="30.30420614" lon="120.08112881"><ele>9.822</ele><time>2026-04-25T04:19:14Z</time><sat>16</sat></trkpt>
  <trkpt lat="30.30420629" lon="120.08112885"><ele>9.800</ele><time>2026-04-25T04:19:17Z</time><sat>17</sat></trkpt>
  <trkpt lat="30.30420647" lon="120.08112887"><ele>9.785</ele><time>2026-04-25T04:19:20Z</time><sat>21</sat></trkpt>
  <trkpt lat="30.30420659" lon="120.08112888"><ele>9.779</ele><time>2026-04-25T04:19:23Z</time><sat>24</sat></trkpt>
  <trkpt lat="30.30420666" lon="120.08112890"><ele>9.780</ele><time>2026-04-25T04:19:26Z</time><sat>25</sat></trkpt>
  <trkpt lat="30.30420678" lon="120.08112893"><ele>9.775</ele><time>2026-04-25T04:19:29Z</time><sat>24</sat></trkpt>
  <trkpt lat="30.30420691" lon="120.08112899"><ele>9.763</ele><time>2026-04-25T04:19:32Z</time><sat>22</sat></trkpt>
  <trkpt lat="30.30420699" lon="120.08112899"><ele>9.760</ele><time>2026-04-25T04:19:35Z</time><sat>22</sat></trkpt>
  <trkpt lat="30.30420700" lon="120.08112902"><ele>9.767</ele><time>2026-04-25T04:19:38Z</time><sat>22</sat></trkpt>
  <trkpt lat="30.30420699" lon="120.08112909"><ele>9.770</ele><time>2026-04-25T04:19:41Z</time><sat>22</sat></trkpt>
  <trkpt lat="30.30420700" lon="120.08112915"><ele>9.769</ele><time>2026-04-25T04:19:44Z</time><sat>23</sat></trkpt>
  <trkpt lat="30.30420702" lon="120.08112919"><ele>9.767</ele><time>2026-04-25T04:19:47Z</time><sat>22</sat></trkpt>
  <trkpt lat="30.30420711" lon="120.08112920"><ele>9.754</ele><time>2026-04-25T04:19:50Z</time><sat>19</sat></trkpt>
  <trkpt lat="30.30420710" lon="120.08112910"><ele>10.417</ele><time>2026-04-25T04:19:53Z</time><sat>17</sat></trkpt>
  <trkpt lat="30.30421362" lon="120.08113160"><ele>10.100</ele><time>2026-04-25T04:19:56Z</time><sat>19</sat></trkpt>
  <trkpt lat="30.30421626" lon="120.08113367"><ele>9.933</ele><time>2026-04-25T04:19:59Z</time><sat>18</sat></trkpt>
  <trkpt lat="30.30421690" lon="120.08113419"><ele>10.074</ele><time>2026-04-25T04:20:02Z</time><sat>19</sat></trkpt>
  <trkpt lat="30.30421772" lon="120.08113329"><ele>10.067</ele><time>2026-04-25T04:20:05Z</time><sat>20</sat></trkpt>
  <trkpt lat="30.30421758" lon="120.08113340"><ele>10.036</ele><time>2026-04-25T04:20:08Z</time><sat>19</sat></trkpt>
  <trkpt lat="30.30421715" lon="120.08113315"><ele>9.931</ele><time>2026-04-25T04:20:11Z</time><sat>20</sat></trkpt>
  <trkpt lat="30.30421757" lon="120.08113259"><ele>9.869</ele><time>2026-04-25T04:20:14Z</time><sat>21</sat></trkpt>
  <trkpt lat="30.30421801" lon="120.08113239"><ele>9.828</ele><time>2026-04-25T04:20:17Z</time><sat>22</sat></trkpt>
  <trkpt lat="30.30421835" lon="120.08113217"><ele>9.778</ele><time>2026-04-25T04:20:20Z</time><sat>23</sat></trkpt>
  <trkpt lat="30.30421870" lon="120.08113217"><ele>9.728</ele><time>2026-04-25T04:20:23Z</time><sat>23</sat></trkpt>
  <trkpt lat="30.30421886" lon="120.08113214"><ele>9.741</ele><time>2026-04-25T04:20:26Z</time><sat>21</sat></trkpt>
  <trkpt lat="30.30421881" lon="120.08113220"><ele>9.740</ele><time>2026-04-25T04:20:29Z</time><sat>19</sat></trkpt>
  <trkpt lat="30.30421883" lon="120.08113221"><ele>9.746</ele><time>2026-04-25T04:20:32Z</time><sat>20</sat></trkpt>
  <trkpt lat="30.30421885" lon="120.08113225"><ele>9.753</ele><time>2026-04-25T04:20:35Z</time><sat>20</sat></trkpt>
  <trkpt lat="30.30421883" lon="120.08113226"><ele>9.780</ele><time>2026-04-25T04:20:38Z</time><sat>18</sat></trkpt>
  <trkpt lat="30.30421874" lon="120.08113222"><ele>9.770</ele><time>2026-04-25T04:20:41Z</time><sat>19</sat></trkpt>
  <trkpt lat="30.30421876" lon="120.08113222"><ele>9.765</ele><time>2026-04-25T04:20:44Z</time><sat>20</sat></trkpt>
  <trkpt lat="30.30421732" lon="120.08113114"><ele>9.810</ele><time>2026-04-25T04:20:47Z</time><sat>19</sat></trkpt>
  <trkpt lat="30.30421555" lon="120.08112992"><ele>9.855</ele><time>2026-04-25T04:20:50Z</time><sat>19</sat></trkpt>
  <trkpt lat="30.30421483" lon="120.08112954"><ele>9.865</ele><time>2026-04-25T04:20:53Z</time><sat>23</sat></trkpt>
  <trkpt lat="30.30421414" lon="120.08112919"><ele>9.884</ele><time>2026-04-25T04:20:56Z</time><sat>22</sat></trkpt>
  <trkpt lat="30.30421379" lon="120.08112905"><ele>9.900</ele><time>2026-04-25T04:20:59Z</time><sat>18</sat></trkpt>
  <trkpt lat="30.30421333" lon="120.08112888"><ele>9.908</ele><time>2026-04-25T04:21:02Z</time><sat>17</sat></trkpt>
  <trkpt lat="30.30421307" lon="120.08112884"><ele>9.916</ele><time>2026-04-25T04:21:05Z</time><sat>22</sat></trkpt>
  <trkpt lat="30.30421292" lon="120.08112882"><ele>9.921</ele><time>2026-04-25T04:21:08Z</time><sat>22</sat></trkpt>
  <trkpt lat="30.30421283" lon="120.08112882"><ele>9.920</ele><time>2026-04-25T04:21:11Z</time><sat>17</sat></trkpt>
  <trkpt lat="30.30421278" lon="120.08112882"><ele>9.924</ele><time>2026-04-25T04:21:14Z</time><sat>13</sat></trkpt>
  <trkpt lat="30.30421275" lon="120.08112881"><ele>9.926</ele><time>2026-04-25T04:21:17Z</time><sat>11</sat></trkpt>
  <trkpt lat="30.30421274" lon="120.08112882"><ele>9.925</ele><time>2026-04-25T04:21:20Z</time><sat>12</sat></trkpt>
  <trkpt lat="30.30421275" lon="120.08112883"><ele>9.925</ele><time>2026-04-25T04:21:23Z</time><sat>12</sat></trkpt>
  <trkpt lat="30.30421276" lon="120.08112884"><ele>9.927</ele><time>2026-04-25T04:21:26Z</time><sat>13</sat></trkpt>
  <trkpt lat="30.30421278" lon="120.08112888"><ele>9.928</ele><time>2026-04-25T04:21:29Z</time><sat>13</sat></trkpt>
  <trkpt lat="30.30421280" lon="120.08112890"><ele>9.928</ele><time>2026-04-25T04:21:32Z</time><sat>15</sat></trkpt>
  <trkpt lat="30.30421285" lon="120.08112888"><ele>9.933</ele><time>2026-04-25T04:21:35Z</time><sat>16</sat></trkpt>
  <trkpt lat="30.30421287" lon="120.08112886"><ele>9.938</ele><time>2026-04-25T04:21:38Z</time><sat>17</sat></trkpt>
  <trkpt lat="30.30421290" lon="120.08112887"><ele>9.938</ele><time>2026-04-25T04:21:41Z</time><sat>20</sat></trkpt>
  <trkpt lat="30.30421292" lon="120.08112888"><ele>9.938</ele><time>2026-04-25T04:21:44Z</time><sat>18</sat></trkpt>
  <trkpt lat="30.30421295" lon="120.08112889"><ele>9.941</ele><time>2026-04-25T04:21:47Z</time><sat>10</sat></trkpt>
  <trkpt lat="30.30421290" lon="120.08112893"><ele>9.929</ele><time>2026-04-25T04:21:50Z</time><sat>14</sat></trkpt>
  <trkpt lat="30.30421289" lon="120.08112894"><ele>9.932</ele><time>2026-04-25T04:21:53Z</time><sat>18</sat></trkpt>
  <trkpt lat="30.30421177" lon="120.08112943"><ele>9.943</ele><time>2026-04-25T04:21:56Z</time><sat>18</sat></trkpt>
  <trkpt lat="30.30421088" lon="120.08112986"><ele>9.964</ele><time>2026-04-25T04:21:59Z</time><sat>18</sat></trkpt>
  <trkpt lat="30.30420993" lon="120.08113030"><ele>9.969</ele><time>2026-04-25T04:22:02Z</time><sat>20</sat></trkpt>
  <trkpt lat="30.30420939" lon="120.08113052"><ele>9.983</ele><time>2026-04-25T04:22:05Z</time><sat>22</sat></trkpt>
  <trkpt lat="30.30420883" lon="120.08113074"><ele>9.996</ele><time>2026-04-25T04:22:08Z</time><sat>24</sat></trkpt>
  <trkpt lat="30.30420862" lon="120.08113084"><ele>9.990</ele><time>2026-04-25T04:22:11Z</time><sat>24</sat></trkpt>
  <trkpt lat="30.30420854" lon="120.08113092"><ele>9.985</ele><time>2026-04-25T04:22:14Z</time><sat>23</sat></trkpt>
  <trkpt lat="30.30420849" lon="120.08113099"><ele>9.988</ele><time>2026-04-25T04:22:17Z</time><sat>23</sat></trkpt>
  <trkpt lat="30.30420850" lon="120.08113103"><ele>9.978</ele><time>2026-04-25T04:22:20Z</time><sat>23</sat></trkpt>
  <trkpt lat="30.30420846" lon="120.08113109"><ele>9.970</ele><time>2026-04-25T04:22:23Z</time><sat>23</sat></trkpt>
  <trkpt lat="30.30420840" lon="120.08113110"><ele>9.968</ele><time>2026-04-25T04:22:26Z</time><sat>24</sat></trkpt>
  <trkpt lat="30.30420841" lon="120.08113111"><ele>9.970</ele><time>2026-04-25T04:22:29Z</time><sat>24</sat></trkpt>
  <trkpt lat="30.30420844" lon="120.08113116"><ele>9.964</ele><time>2026-04-25T04:22:32Z</time><sat>23</sat></trkpt>
  <trkpt lat="30.30420852" lon="120.08113116"><ele>9.959</ele><time>2026-04-25T04:22:35Z</time><sat>22</sat></trkpt>
  <trkpt lat="30.30420858" lon="120.08113115"><ele>9.963</ele><time>2026-04-25T04:22:38Z</time><sat>23</sat></trkpt>
  <trkpt lat="30.30420865" lon="120.08113116"><ele>9.957</ele><time>2026-04-25T04:22:41Z</time><sat>25</sat></trkpt>
  <trkpt lat="30.30420872" lon="120.08113116"><ele>9.959</ele><time>2026-04-25T04:22:44Z</time><sat>22</sat></trkpt>
  <trkpt lat="30.30420875" lon="120.08113112"><ele>9.977</ele><time>2026-04-25T04:22:47Z</time><sat>19</sat></trkpt>
  <trkpt lat="30.30420881" lon="120.08113107"><ele>9.971</ele><time>2026-04-25T04:22:50Z</time><sat>21</sat></trkpt>
  <trkpt lat="30.30420880" lon="120.08113103"><ele>9.991</ele><time>2026-04-25T04:22:53Z</time><sat>25</sat></trkpt>
  <trkpt lat="30.30420879" lon="120.08113098"><ele>10.009</ele><time>2026-04-25T04:22:56Z</time><sat>23</sat></trkpt>
  <trkpt lat="30.30420877" lon="120.08113090"><ele>10.030</ele><time>2026-04-25T04:22:59Z</time><sat>19</sat></trkpt>
  <trkpt lat="30.30420882" lon="120.08113087"><ele>10.025</ele><time>2026-04-25T04:23:02Z</time><sat>21</sat></trkpt>
  <trkpt lat="30.30420888" lon="120.08113088"><ele>10.025</ele><time>2026-04-25T04:23:05Z</time><sat>22</sat></trkpt>
  <trkpt lat="30.30420890" lon="120.08113082"><ele>10.051</ele><time>2026-04-25T04:23:08Z</time><sat>20</sat></trkpt>
  <trkpt lat="30.30420890" lon="120.08113075"><ele>10.064</ele><time>2026-04-25T04:23:11Z</time><sat>18</sat></trkpt>
  <trkpt lat="30.30420897" lon="120.08113072"><ele>10.057</ele><time>2026-04-25T04:23:14Z</time><sat>21</sat></trkpt>
  <trkpt lat="30.30420897" lon="120.08113062"><ele>10.075</ele><time>2026-04-25T04:23:17Z</time><sat>22</sat></trkpt>
  <trkpt lat="30.30420900" lon="120.08113057"><ele>10.087</ele><time>2026-04-25T04:23:20Z</time><sat>20</sat></trkpt>
  <trkpt lat="30.30420902" lon="120.08113054"><ele>10.097</ele><time>2026-04-25T04:23:23Z</time><sat>21</sat></trkpt>
  <trkpt lat="30.30420904" lon="120.08113050"><ele>10.113</ele><time>2026-04-25T04:23:26Z</time><sat>22</sat></trkpt>
  <trkpt lat="30.30420908" lon="120.08113047"><ele>10.124</ele><time>2026-04-25T04:23:29Z</time><sat>22</sat></trkpt>
  <trkpt lat="30.30420914" lon="120.08113043"><ele>10.130</ele><time>2026-04-25T04:23:32Z</time><sat>22</sat></trkpt>
  <trkpt lat="30.30420918" lon="120.08113041"><ele>10.143</ele><time>2026-04-25T04:23:35Z</time><sat>20</sat></trkpt>
  <trkpt lat="30.30420924" lon="120.08113038"><ele>10.147</ele><time>2026-04-25T04:23:38Z</time><sat>21</sat></trkpt>
  <trkpt lat="30.30420928" lon="120.08113034"><ele>10.158</ele><time>2026-04-25T04:23:41Z</time><sat>22</sat></trkpt>
  <trkpt lat="30.30420922" lon="120.08113029"><ele>10.174</ele><time>2026-04-25T04:23:44Z</time><sat>20</sat></trkpt>
  <trkpt lat="30.30420924" lon="120.08113028"><ele>10.177</ele><time>2026-04-25T04:23:47Z</time><sat>21</sat></trkpt>
  <trkpt lat="30.30420919" lon="120.08113023"><ele>10.190</ele><time>2026-04-25T04:23:50Z</time><sat>21</sat></trkpt>
  <trkpt lat="30.30420920" lon="120.08113019"><ele>10.200</ele><time>2026-04-25T04:23:53Z</time><sat>21</sat></trkpt>
  <trkpt lat="30.30420918" lon="120.08113013"><ele>10.211</ele><time>2026-04-25T04:23:56Z</time><sat>21</sat></trkpt>
  <trkpt lat="30.30420926" lon="120.08113010"><ele>10.214</ele><time>2026-04-25T04:23:59Z</time><sat>20</sat></trkpt>
  <trkpt lat="30.30420933" lon="120.08113008"><ele>10.211</ele><time>2026-04-25T04:24:02Z</time><sat>22</sat></trkpt>
  <trkpt lat="30.30421010" lon="120.08112659"><ele>11.281</ele><time>2026-04-25T04:24:05Z</time><sat>22</sat></trkpt>
  <trkpt lat="30.30421646" lon="120.08112535"><ele>11.449</ele><time>2026-04-25T04:24:08Z</time><sat>22</sat></trkpt>
  <trkpt lat="30.30421861" lon="120.08112503"><ele>11.622</ele><time>2026-04-25T04:24:11Z</time><sat>20</sat></trkpt>
  <trkpt lat="30.30421970" lon="120.08112613"><ele>11.638</ele><time>2026-04-25T04:24:14Z</time><sat>24</sat></trkpt>
  <trkpt lat="30.30421983" lon="120.08112726"><ele>11.500</ele><time>2026-04-25T04:24:17Z</time><sat>23</sat></trkpt>
  <trkpt lat="30.30421924" lon="120.08112726"><ele>11.586</ele><time>2026-04-25T04:24:20Z</time><sat>22</sat></trkpt>
  <trkpt lat="30.30421871" lon="120.08112684"><ele>11.623</ele><time>2026-04-25T04:24:23Z</time><sat>25</sat></trkpt>
  <trkpt lat="30.30421866" lon="120.08112682"><ele>11.575</ele><time>2026-04-25T04:24:26Z</time><sat>25</sat></trkpt>
  <trkpt lat="30.30421872" lon="120.08112658"><ele>11.567</ele><time>2026-04-25T04:24:29Z</time><sat>24</sat></trkpt>
  <trkpt lat="30.30421894" lon="120.08112638"><ele>11.564</ele><time>2026-04-25T04:24:32Z</time><sat>24</sat></trkpt>
  <trkpt lat="30.30421904" lon="120.08112660"><ele>11.564</ele><time>2026-04-25T04:24:35Z</time><sat>24</sat></trkpt>
  <trkpt lat="30.30421895" lon="120.08112676"><ele>11.542</ele><time>2026-04-25T04:24:38Z</time><sat>24</sat></trkpt>
  <trkpt lat="30.30421901" lon="120.08112689"><ele>11.557</ele><time>2026-04-25T04:24:41Z</time><sat>24</sat></trkpt>
  <trkpt lat="30.30421903" lon="120.08112697"><ele>11.551</ele><time>2026-04-25T04:24:44Z</time><sat>23</sat></trkpt>
  <trkpt lat="30.30421903" lon="120.08112706"><ele>11.550</ele><time>2026-04-25T04:24:47Z</time><sat>22</sat></trkpt>
  <trkpt lat="30.30421901" lon="120.08112722"><ele>11.559</ele><time>2026-04-25T04:24:50Z</time><sat>22</sat></trkpt>
  <trkpt lat="30.30421909" lon="120.08112730"><ele>11.571</ele><time>2026-04-25T04:24:53Z</time><sat>21</sat></trkpt>
  <trkpt lat="30.30421918" lon="120.08112746"><ele>11.528</ele><time>2026-04-25T04:24:56Z</time><sat>23</sat></trkpt>
  <trkpt lat="30.30421917" lon="120.08112766"><ele>11.527</ele><time>2026-04-25T04:24:59Z</time><sat>24</sat></trkpt>
  <trkpt lat="30.30421920" lon="120.08112772"><ele>11.533</ele><time>2026-04-25T04:25:02Z</time><sat>24</sat></trkpt>
  <trkpt lat="30.30421926" lon="120.08112776"><ele>11.518</ele><time>2026-04-25T04:25:05Z</time><sat>23</sat></trkpt>
  <trkpt lat="30.30421926" lon="120.08112792"><ele>11.500</ele><time>2026-04-25T04:25:08Z</time><sat>23</sat></trkpt>
  <trkpt lat="30.30421896" lon="120.08112816"><ele>11.495</ele><time>2026-04-25T04:25:11Z</time><sat>25</sat></trkpt>
  <trkpt lat="30.30421890" lon="120.08112825"><ele>11.486</ele><time>2026-04-25T04:25:14Z</time><sat>25</sat></trkpt>
  <trkpt lat="30.30421889" lon="120.08112829"><ele>11.495</ele><time>2026-04-25T04:25:17Z</time><sat>23</sat></trkpt>
  <trkpt lat="30.30421893" lon="120.08112837"><ele>11.484</ele><time>2026-04-25T04:25:20Z</time><sat>21</sat></trkpt>
  <trkpt lat="30.30421886" lon="120.08112843"><ele>11.487</ele><time>2026-04-25T04:25:23Z</time><sat>24</sat></trkpt>
  <trkpt lat="30.30421891" lon="120.08112852"><ele>11.458</ele><time>2026-04-25T04:25:26Z</time><sat>25</sat></trkpt>
  <trkpt lat="30.30421890" lon="120.08112848"><ele>11.482</ele><time>2026-04-25T04:25:29Z</time><sat>23</sat></trkpt>
  <trkpt lat="30.30421887" lon="120.08112857"><ele>11.467</ele><time>2026-04-25T04:25:32Z</time><sat>24</sat></trkpt>
  <trkpt lat="30.30421879" lon="120.08112867"><ele>11.468</ele><time>2026-04-25T04:25:35Z</time><sat>28</sat></trkpt>
  <trkpt lat="30.30421878" lon="120.08112863"><ele>11.493</ele><time>2026-04-25T04:25:38Z</time><sat>29</sat></trkpt>
  <trkpt lat="30.30421886" lon="120.08112851"><ele>11.516</ele><time>2026-04-25T04:25:41Z</time><sat>25</sat></trkpt>
  <trkpt lat="30.30421878" lon="120.08112857"><ele>11.515</ele><time>2026-04-25T04:25:44Z</time><sat>25</sat></trkpt>
  <trkpt lat="30.30421805" lon="120.08113106"><ele>11.504</ele><time>2026-04-25T04:25:47Z</time><sat>27</sat></trkpt>
  <trkpt lat="30.30422180" lon="120.08114116"><ele>10.803</ele><time>2026-04-25T04:25:50Z</time><sat>26</sat></trkpt>
  <trkpt lat="30.30422886" lon="120.08114325"><ele>11.493</ele><time>2026-04-25T04:25:53Z</time><sat>23</sat></trkpt>
  <trkpt lat="30.30423736" lon="120.08114269"><ele>11.737</ele><time>2026-04-25T04:25:56Z</time><sat>21</sat></trkpt>
  <trkpt lat="30.30423995" lon="120.08114380"><ele>11.541</ele><time>2026-04-25T04:25:59Z</time><sat>20</sat></trkpt>
  <trkpt lat="30.30424068" lon="120.08114354"><ele>11.648</ele><time>2026-04-25T04:26:02Z</time><sat>20</sat></trkpt>
  <trkpt lat="30.30424136" lon="120.08114211"><ele>11.841</ele><time>2026-04-25T04:26:05Z</time><sat>20</sat></trkpt>
  <trkpt lat="30.30424160" lon="120.08114275"><ele>11.820</ele><time>2026-04-25T04:26:08Z</time><sat>22</sat></trkpt>
  <trkpt lat="30.30424144" lon="120.08114211"><ele>11.949</ele><time>2026-04-25T04:26:11Z</time><sat>26</sat></trkpt>
  <trkpt lat="30.30424166" lon="120.08114216"><ele>11.942</ele><time>2026-04-25T04:26:14Z</time><sat>23</sat></trkpt>
  <trkpt lat="30.30424118" lon="120.08114249"><ele>11.933</ele><time>2026-04-25T04:26:17Z</time><sat>21</sat></trkpt>
  <trkpt lat="30.30424061" lon="120.08114230"><ele>11.969</ele><time>2026-04-25T04:26:20Z</time><sat>27</sat></trkpt>
  <trkpt lat="30.30424016" lon="120.08114198"><ele>11.996</ele><time>2026-04-25T04:26:23Z</time><sat>25</sat></trkpt>
  <trkpt lat="30.30424009" lon="120.08114198"><ele>11.996</ele><time>2026-04-25T04:26:26Z</time><sat>24</sat></trkpt>
  <trkpt lat="30.30423993" lon="120.08114174"><ele>12.047</ele><time>2026-04-25T04:26:29Z</time><sat>24</sat></trkpt>
  <trkpt lat="30.30423987" lon="120.08114175"><ele>12.049</ele><time>2026-04-25T04:26:32Z</time><sat>23</sat></trkpt>
  <trkpt lat="30.30423968" lon="120.08114171"><ele>12.098</ele><time>2026-04-25T04:26:35Z</time><sat>22</sat></trkpt>
  <trkpt lat="30.30423928" lon="120.08114157"><ele>12.129</ele><time>2026-04-25T04:26:38Z</time><sat>23</sat></trkpt>
  <trkpt lat="30.30423938" lon="120.08114166"><ele>12.244</ele><time>2026-04-25T04:26:41Z</time><sat>29</sat></trkpt>
  <trkpt lat="30.30423902" lon="120.08114161"><ele>12.264</ele><time>2026-04-25T04:26:44Z</time><sat>26</sat></trkpt>
  <trkpt lat="30.30423827" lon="120.08114095"><ele>12.332</ele><time>2026-04-25T04:26:47Z</time><sat>23</sat></trkpt>
  <trkpt lat="30.30423791" lon="120.08114079"><ele>12.328</ele><time>2026-04-25T04:26:50Z</time><sat>25</sat></trkpt>
  <trkpt lat="30.30423773" lon="120.08114066"><ele>12.342</ele><time>2026-04-25T04:26:53Z</time><sat>27</sat></trkpt>
  <trkpt lat="30.30423765" lon="120.08114072"><ele>12.343</ele><time>2026-04-25T04:26:56Z</time><sat>24</sat></trkpt>
  <trkpt lat="30.30423814" lon="120.08114101"><ele>12.657</ele><time>2026-04-25T04:26:59Z</time><sat>21</sat></trkpt>
  <trkpt lat="30.30423835" lon="120.08114120"><ele>12.695</ele><time>2026-04-25T04:27:02Z</time><sat>25</sat></trkpt>
  <trkpt lat="30.30423833" lon="120.08114127"><ele>12.715</ele><time>2026-04-25T04:27:05Z</time><sat>23</sat></trkpt>
  <trkpt lat="30.30423817" lon="120.08114111"><ele>12.763</ele><time>2026-04-25T04:27:08Z</time><sat>21</sat></trkpt>
  <trkpt lat="30.30423809" lon="120.08114105"><ele>12.804</ele><time>2026-04-25T04:27:11Z</time><sat>24</sat></trkpt>
  <trkpt lat="30.30423805" lon="120.08114113"><ele>12.808</ele><time>2026-04-25T04:27:14Z</time><sat>25</sat></trkpt>
  <trkpt lat="30.30423873" lon="120.08114162"><ele>13.024</ele><time>2026-04-25T04:27:17Z</time><sat>24</sat></trkpt>
  <trkpt lat="30.30423899" lon="120.08114188"><ele>13.042</ele><time>2026-04-25T04:27:20Z</time><sat>22</sat></trkpt>
  <trkpt lat="30.30423903" lon="120.08114197"><ele>13.055</ele><time>2026-04-25T04:27:23Z</time><sat>20</sat></trkpt>
  <trkpt lat="30.30423904" lon="120.08114206"><ele>13.068</ele><time>2026-04-25T04:27:26Z</time><sat>22</sat></trkpt>
  <trkpt lat="30.30423871" lon="120.08114181"><ele>13.119</ele><time>2026-04-25T04:27:29Z</time><sat>22</sat></trkpt>
  <trkpt lat="30.30423822" lon="120.08114144"><ele>13.137</ele><time>2026-04-25T04:27:32Z</time><sat>22</sat></trkpt>
  <trkpt lat="30.30423799" lon="120.08114126"><ele>13.161</ele><time>2026-04-25T04:27:35Z</time><sat>20</sat></trkpt>
  <trkpt lat="30.30423793" lon="120.08114131"><ele>13.157</ele><time>2026-04-25T04:27:38Z</time><sat>22</sat></trkpt>
  <trkpt lat="30.30423866" lon="120.08114184"><ele>13.417</ele><time>2026-04-25T04:27:41Z</time><sat>23</sat></trkpt>
  <trkpt lat="30.30423905" lon="120.08114212"><ele>13.464</ele><time>2026-04-25T04:27:44Z</time><sat>22</sat></trkpt>
  <trkpt lat="30.30423927" lon="120.08114234"><ele>13.493</ele><time>2026-04-25T04:27:47Z</time><sat>21</sat></trkpt>
  <trkpt lat="30.30423933" lon="120.08114247"><ele>13.499</ele><time>2026-04-25T04:27:50Z</time><sat>21</sat></trkpt>
  <trkpt lat="30.30423940" lon="120.08114260"><ele>13.499</ele><time>2026-04-25T04:27:53Z</time><sat>23</sat></trkpt>
  <trkpt lat="30.30423946" lon="120.08114266"><ele>13.503</ele><time>2026-04-25T04:27:56Z</time><sat>21</sat></trkpt>
  <trkpt lat="30.30423951" lon="120.08114275"><ele>13.501</ele><time>2026-04-25T04:27:59Z</time><sat>21</sat></trkpt>
  <trkpt lat="30.30423955" lon="120.08114280"><ele>13.499</ele><time>2026-04-25T04:28:02Z</time><sat>23</sat></trkpt>
  <trkpt lat="30.30423958" lon="120.08114276"><ele>13.516</ele><time>2026-04-25T04:28:05Z</time><sat>24</sat></trkpt>
  <trkpt lat="30.30423962" lon="120.08114275"><ele>13.519</ele><time>2026-04-25T04:28:08Z</time><sat>22</sat></trkpt>
  <trkpt lat="30.30423965" lon="120.08114272"><ele>13.520</ele><time>2026-04-25T04:28:11Z</time><sat>22</sat></trkpt>
  <trkpt lat="30.30423973" lon="120.08114267"><ele>13.520</ele><time>2026-04-25T04:28:14Z</time><sat>25</sat></trkpt>
  <trkpt lat="30.30423985" lon="120.08114267"><ele>13.505</ele><time>2026-04-25T04:28:17Z</time><sat>23</sat></trkpt>
  <trkpt lat="30.30423996" lon="120.08114273"><ele>13.499</ele><time>2026-04-25T04:28:20Z</time><sat>19</sat></trkpt>
  <trkpt lat="30.30423977" lon="120.08114259"><ele>13.528</ele><time>2026-04-25T04:28:23Z</time><sat>23</sat></trkpt>
  <trkpt lat="30.30423980" lon="120.08114253"><ele>13.533</ele><time>2026-04-25T04:28:26Z</time><sat>22</sat></trkpt>
  <trkpt lat="30.30423987" lon="120.08114255"><ele>13.527</ele><time>2026-04-25T04:28:29Z</time><sat>23</sat></trkpt>
  <trkpt lat="30.30423993" lon="120.08114254"><ele>13.525</ele><time>2026-04-25T04:28:32Z</time><sat>21</sat></trkpt>
  <trkpt lat="30.30423985" lon="120.08114248"><ele>13.530</ele><time>2026-04-25T04:28:35Z</time><sat>20</sat></trkpt>
  <trkpt lat="30.30423991" lon="120.08114252"><ele>13.513</ele><time>2026-04-25T04:28:38Z</time><sat>21</sat></trkpt>
  <trkpt lat="30.30423987" lon="120.08114235"><ele>13.549</ele><time>2026-04-25T04:28:41Z</time><sat>24</sat></trkpt>
  <trkpt lat="30.30423991" lon="120.08114234"><ele>13.552</ele><time>2026-04-25T04:28:44Z</time><sat>22</sat></trkpt>
  <trkpt lat="30.30423987" lon="120.08114229"><ele>13.568</ele><time>2026-04-25T04:28:47Z</time><sat>19</sat></trkpt>
  <trkpt lat="30.30423991" lon="120.08114228"><ele>13.570</ele><time>2026-04-25T04:28:50Z</time><sat>17</sat></trkpt>
  <trkpt lat="30.30423998" lon="120.08114224"><ele>13.566</ele><time>2026-04-25T04:28:53Z</time><sat>18</sat></trkpt>
  <trkpt lat="30.30424001" lon="120.08114225"><ele>13.570</ele><time>2026-04-25T04:28:56Z</time><sat>16</sat></trkpt>
  <trkpt lat="30.30424009" lon="120.08114235"><ele>13.555</ele><time>2026-04-25T04:28:59Z</time><sat>15</sat></trkpt>
  <trkpt lat="30.30424014" lon="120.08114244"><ele>13.555</ele><time>2026-04-25T04:29:02Z</time><sat>18</sat></trkpt>
  <trkpt lat="30.30424019" lon="120.08114255"><ele>13.520</ele><time>2026-04-25T04:29:05Z</time><sat>20</sat></trkpt>
  <trkpt lat="30.30424016" lon="120.08114250"><ele>13.543</ele><time>2026-04-25T04:29:08Z</time><sat>19</sat></trkpt>
  <trkpt lat="30.30424019" lon="120.08114247"><ele>13.552</ele><time>2026-04-25T04:29:11Z</time><sat>19</sat></trkpt>
  <trkpt lat="30.30424019" lon="120.08114240"><ele>13.564</ele><time>2026-04-25T04:29:14Z</time><sat>22</sat></trkpt>
  <trkpt lat="30.30424022" lon="120.08114239"><ele>13.559</ele><time>2026-04-25T04:29:17Z</time><sat>21</sat></trkpt>
  <trkpt lat="30.30424010" lon="120.08114213"><ele>13.638</ele><time>2026-04-25T04:29:20Z</time><sat>18</sat></trkpt>
  <trkpt lat="30.30424001" lon="120.08114197"><ele>13.636</ele><time>2026-04-25T04:29:23Z</time><sat>22</sat></trkpt>
  <trkpt lat="30.30423995" lon="120.08114196"><ele>13.618</ele><time>2026-04-25T04:29:26Z</time><sat>23</sat></trkpt>
  <trkpt lat="30.30424000" lon="120.08114203"><ele>13.608</ele><time>2026-04-25T04:29:29Z</time><sat>22</sat></trkpt>
  <trkpt lat="30.30424004" lon="120.08114216"><ele>13.576</ele><time>2026-04-25T04:29:32Z</time><sat>20</sat></trkpt>
  <trkpt lat="30.30424009" lon="120.08114225"><ele>13.568</ele><time>2026-04-25T04:29:35Z</time><sat>20</sat></trkpt>
  <trkpt lat="30.30424018" lon="120.08114228"><ele>13.566</ele><time>2026-04-25T04:29:38Z</time><sat>21</sat></trkpt>
  <trkpt lat="30.30424024" lon="120.08114224"><ele>13.574</ele><time>2026-04-25T04:29:41Z</time><sat>21</sat></trkpt>
  <trkpt lat="30.30424022" lon="120.08114224"><ele>13.569</ele><time>2026-04-25T04:29:44Z</time><sat>22</sat></trkpt>
  <trkpt lat="30.30424017" lon="120.08114221"><ele>13.584</ele><time>2026-04-25T04:29:47Z</time><sat>22</sat></trkpt>
  <trkpt lat="30.30424022" lon="120.08114223"><ele>13.584</ele><time>2026-04-25T04:29:50Z</time><sat>22</sat></trkpt>
  <trkpt lat="30.30424028" lon="120.08114225"><ele>13.594</ele><time>2026-04-25T04:29:53Z</time><sat>21</sat></trkpt>
  <trkpt lat="30.30424025" lon="120.08114226"><ele>13.592</ele><time>2026-04-25T04:29:56Z</time><sat>23</sat></trkpt>
  <trkpt lat="30.30424027" lon="120.08114229"><ele>13.601</ele><time>2026-04-25T04:29:59Z</time><sat>22</sat></trkpt>
  <trkpt lat="30.30424020" lon="120.08114231"><ele>13.609</ele><time>2026-04-25T04:30:02Z</time><sat>22</sat></trkpt>
  <trkpt lat="30.30424022" lon="120.08114235"><ele>13.609</ele><time>2026-04-25T04:30:05Z</time><sat>23</sat></trkpt>
  <trkpt lat="30.30424032" lon="120.08114240"><ele>13.613</ele><time>2026-04-25T04:30:08Z</time><sat>22</sat></trkpt>
  <trkpt lat="30.30424038" lon="120.08114245"><ele>13.621</ele><time>2026-04-25T04:30:11Z</time><sat>23</sat></trkpt>
  <trkpt lat="30.30424039" lon="120.08114249"><ele>13.623</ele><time>2026-04-25T04:30:14Z</time><sat>23</sat></trkpt>
  <trkpt lat="30.30424042" lon="120.08114256"><ele>13.622</ele><time>2026-04-25T04:30:17Z</time><sat>24</sat></trkpt>
  <trkpt lat="30.30424049" lon="120.08114262"><ele>13.618</ele><time>2026-04-25T04:30:20Z</time><sat>22</sat></trkpt>
  <trkpt lat="30.30424054" lon="120.08114269"><ele>13.611</ele><time>2026-04-25T04:30:23Z</time><sat>21</sat></trkpt>
  <trkpt lat="30.30424662" lon="120.08110102"><ele>14.468</ele><time>2026-04-25T04:30:32Z</time><sat>27</sat></trkpt>
  <trkpt lat="30.30435197" lon="120.08112902"><ele>13.775</ele><time>2026-04-25T04:30:35Z</time><sat>24</sat></trkpt>
  <trkpt lat="30.30436639" lon="120.08110432"><ele>14.420</ele><time>2026-04-25T04:30:38Z</time><sat>22</sat></trkpt>
  <trkpt lat="30.30432097" lon="120.08104681"><ele>12.525</ele><time>2026-04-25T04:30:41Z</time><sat>22</sat></trkpt>
  <trkpt lat="30.30428190" lon="120.08100095"><ele>12.825</ele><time>2026-04-25T04:30:44Z</time><sat>25</sat></trkpt>
  <trkpt lat="30.30425511" lon="120.08097892"><ele>12.611</ele><time>2026-04-25T04:30:47Z</time><sat>23</sat></trkpt>
  <trkpt lat="30.30424009" lon="120.08096355"><ele>13.596</ele><time>2026-04-25T04:30:50Z</time><sat>20</sat></trkpt>
  <trkpt lat="30.30422702" lon="120.08095099"><ele>13.138</ele><time>2026-04-25T04:30:53Z</time><sat>22</sat></trkpt>
  <trkpt lat="30.30422292" lon="120.08093483"><ele>12.319</ele><time>2026-04-25T04:30:56Z</time><sat>21</sat></trkpt>
  <trkpt lat="30.30421346" lon="120.08092332"><ele>11.915</ele><time>2026-04-25T04:30:59Z</time><sat>18</sat></trkpt>
  <trkpt lat="30.30419066" lon="120.08090456"><ele>10.876</ele><time>2026-04-25T04:31:02Z</time><sat>20</sat></trkpt>
  <trkpt lat="30.30418901" lon="120.08090650"><ele>10.175</ele><time>2026-04-25T04:31:05Z</time><sat>23</sat></trkpt>
  <trkpt lat="30.30418839" lon="120.08090415"><ele>10.591</ele><time>2026-04-25T04:31:08Z</time><sat>22</sat></trkpt>
  <trkpt lat="30.30418697" lon="120.08090855"><ele>10.619</ele><time>2026-04-25T04:31:11Z</time><sat>22</sat></trkpt>
  <trkpt lat="30.30418442" lon="120.08091288"><ele>10.497</ele><time>2026-04-25T04:31:14Z</time><sat>22</sat></trkpt>
  <trkpt lat="30.30418612" lon="120.08091568"><ele>11.066</ele><time>2026-04-25T04:31:17Z</time><sat>24</sat></trkpt>
  <trkpt lat="30.30419304" lon="120.08092458"><ele>11.146</ele><time>2026-04-25T04:31:20Z</time><sat>23</sat></trkpt>
  <trkpt lat="30.30420165" lon="120.08093302"><ele>10.754</ele><time>2026-04-25T04:31:23Z</time><sat>20</sat></trkpt>
  <trkpt lat="30.30420617" lon="120.08094898"><ele>9.569</ele><time>2026-04-25T04:31:26Z</time><sat>20</sat></trkpt>
  <trkpt lat="30.30421006" lon="120.08098271"><ele>11.825</ele><time>2026-04-25T04:31:29Z</time><sat>22</sat></trkpt>
  <trkpt lat="30.30420748" lon="120.08099364"><ele>14.105</ele><time>2026-04-25T04:31:32Z</time><sat>27</sat></trkpt>
  <trkpt lat="30.30421229" lon="120.08098991"><ele>13.511</ele><time>2026-04-25T04:31:35Z</time><sat>29</sat></trkpt>
  <trkpt lat="30.30421170" lon="120.08098636"><ele>13.007</ele><time>2026-04-25T04:31:38Z</time><sat>32</sat></trkpt>
  <trkpt lat="30.30420687" lon="120.08098421"><ele>12.959</ele><time>2026-04-25T04:31:41Z</time><sat>26</sat></trkpt>
  <trkpt lat="30.30420516" lon="120.08097846"><ele>12.228</ele><time>2026-04-25T04:31:44Z</time><sat>26</sat></trkpt>
  <trkpt lat="30.30420333" lon="120.08097609"><ele>12.574</ele><time>2026-04-25T04:31:47Z</time><sat>24</sat></trkpt>
  <trkpt lat="30.30420320" lon="120.08097654"><ele>12.018</ele><time>2026-04-25T04:31:50Z</time><sat>25</sat></trkpt>
  <trkpt lat="30.30420078" lon="120.08097577"><ele>11.724</ele><time>2026-04-25T04:31:53Z</time><sat>27</sat></trkpt>
  <trkpt lat="30.30420097" lon="120.08097424"><ele>11.228</ele><time>2026-04-25T04:31:56Z</time><sat>24</sat></trkpt>
  <trkpt lat="30.30420606" lon="120.08097900"><ele>11.038</ele><time>2026-04-25T04:31:59Z</time><sat>30</sat></trkpt>
  <trkpt lat="30.30420794" lon="120.08098281"><ele>10.883</ele><time>2026-04-25T04:32:02Z</time><sat>30</sat></trkpt>
  <trkpt lat="30.30420781" lon="120.08098526"><ele>11.130</ele><time>2026-04-25T04:32:05Z</time><sat>30</sat></trkpt>
  <trkpt lat="30.30420799" lon="120.08098619"><ele>11.057</ele><time>2026-04-25T04:32:08Z</time><sat>30</sat></trkpt>
  <trkpt lat="30.30420809" lon="120.08098681"><ele>11.138</ele><time>2026-04-25T04:32:11Z</time><sat>28</sat></trkpt>
  <trkpt lat="30.30420695" lon="120.08098590"><ele>11.359</ele><time>2026-04-25T04:32:14Z</time><sat>30</sat></trkpt>
  <trkpt lat="30.30420578" lon="120.08098430"><ele>11.667</ele><time>2026-04-25T04:32:17Z</time><sat>32</sat></trkpt>
  <trkpt lat="30.30420484" lon="120.08098283"><ele>11.835</ele><time>2026-04-25T04:32:20Z</time><sat>30</sat></trkpt>
  <trkpt lat="30.30420378" lon="120.08098154"><ele>12.006</ele><time>2026-04-25T04:32:23Z</time><sat>32</sat></trkpt>
  <trkpt lat="30.30420139" lon="120.08098127"><ele>11.910</ele><time>2026-04-25T04:32:26Z</time><sat>34</sat></trkpt>
  <trkpt lat="30.30420078" lon="120.08098166"><ele>11.857</ele><time>2026-04-25T04:32:29Z</time><sat>31</sat></trkpt>
  <trkpt lat="30.30419965" lon="120.08098145"><ele>11.829</ele><time>2026-04-25T04:32:32Z</time><sat>35</sat></trkpt>
  <trkpt lat="30.30419939" lon="120.08098127"><ele>11.841</ele><time>2026-04-25T04:32:35Z</time><sat>30</sat></trkpt>
  <trkpt lat="30.30419943" lon="120.08098116"><ele>11.799</ele><time>2026-04-25T04:32:38Z</time><sat>25</sat></trkpt>
  <trkpt lat="30.30419939" lon="120.08098119"><ele>11.786</ele><time>2026-04-25T04:32:41Z</time><sat>30</sat></trkpt>
  <trkpt lat="30.30419919" lon="120.08098113"><ele>11.759</ele><time>2026-04-25T04:32:44Z</time><sat>33</sat></trkpt>
  <trkpt lat="30.30419924" lon="120.08098109"><ele>11.772</ele><time>2026-04-25T04:32:47Z</time><sat>33</sat></trkpt>
  <trkpt lat="30.30419925" lon="120.08098103"><ele>11.763</ele><time>2026-04-25T04:32:50Z</time><sat>30</sat></trkpt>
  <trkpt lat="30.30419897" lon="120.08098082"><ele>11.774</ele><time>2026-04-25T04:32:53Z</time><sat>30</sat></trkpt>
  <trkpt lat="30.30419796" lon="120.08098004"><ele>11.902</ele><time>2026-04-25T04:32:56Z</time><sat>30</sat></trkpt>
  <trkpt lat="30.30419768" lon="120.08098002"><ele>11.815</ele><time>2026-04-25T04:32:59Z</time><sat>32</sat></trkpt>
  <trkpt lat="30.30419749" lon="120.08098004"><ele>11.817</ele><time>2026-04-25T04:33:02Z</time><sat>32</sat></trkpt>
  <trkpt lat="30.30419689" lon="120.08097995"><ele>11.829</ele><time>2026-04-25T04:33:05Z</time><sat>36</sat></trkpt>
  <trkpt lat="30.30419670" lon="120.08097995"><ele>11.773</ele><time>2026-04-25T04:33:08Z</time><sat>36</sat></trkpt>
  <trkpt lat="30.30419667" lon="120.08098004"><ele>11.796</ele><time>2026-04-25T04:33:11Z</time><sat>34</sat></trkpt>
  <trkpt lat="30.30419637" lon="120.08097977"><ele>11.866</ele><time>2026-04-25T04:33:14Z</time><sat>34</sat></trkpt>
  <trkpt lat="30.30419566" lon="120.08097941"><ele>11.946</ele><time>2026-04-25T04:33:17Z</time><sat>34</sat></trkpt>
  <trkpt lat="30.30419495" lon="120.08097898"><ele>12.074</ele><time>2026-04-25T04:33:20Z</time><sat>34</sat></trkpt>
  <trkpt lat="30.30419501" lon="120.08097895"><ele>12.064</ele><time>2026-04-25T04:33:23Z</time><sat>34</sat></trkpt>
  <trkpt lat="30.30419521" lon="120.08097901"><ele>12.077</ele><time>2026-04-25T04:33:26Z</time><sat>32</sat></trkpt>
  <trkpt lat="30.30419505" lon="120.08097906"><ele>12.056</ele><time>2026-04-25T04:33:29Z</time><sat>32</sat></trkpt>
  <trkpt lat="30.30418947" lon="120.08099841"><ele>12.590</ele><time>2026-04-25T04:33:32Z</time><sat>31</sat></trkpt>
  <trkpt lat="30.30420434" lon="120.08107221"><ele>11.589</ele><time>2026-04-25T04:33:35Z</time><sat>31</sat></trkpt>
  <trkpt lat="30.30421992" lon="120.08109560"><ele>10.920</ele><time>2026-04-25T04:33:38Z</time><sat>29</sat></trkpt>
  <trkpt lat="30.30422347" lon="120.08110708"><ele>11.610</ele><time>2026-04-25T04:33:41Z</time><sat>29</sat></trkpt>
  <trkpt lat="30.30422433" lon="120.08111299"><ele>12.586</ele><time>2026-04-25T04:33:44Z</time><sat>36</sat></trkpt>
  <trkpt lat="30.30422566" lon="120.08111695"><ele>12.520</ele><time>2026-04-25T04:33:47Z</time><sat>35</sat></trkpt>
  <trkpt lat="30.30422456" lon="120.08112034"><ele>12.701</ele><time>2026-04-25T04:33:50Z</time><sat>20</sat></trkpt>
  <trkpt lat="30.30422120" lon="120.08112238"><ele>12.816</ele><time>2026-04-25T04:33:53Z</time><sat>30</sat></trkpt>
  <trkpt lat="30.30421917" lon="120.08112327"><ele>12.959</ele><time>2026-04-25T04:33:56Z</time><sat>28</sat></trkpt>
  <trkpt lat="30.30421719" lon="120.08112388"><ele>13.064</ele><time>2026-04-25T04:33:59Z</time><sat>22</sat></trkpt>
  <trkpt lat="30.30421383" lon="120.08112502"><ele>13.235</ele><time>2026-04-25T04:34:02Z</time><sat>27</sat></trkpt>
  <trkpt lat="30.30421006" lon="120.08112581"><ele>13.276</ele><time>2026-04-25T04:34:05Z</time><sat>25</sat></trkpt>
  <trkpt lat="30.30420873" lon="120.08112612"><ele>13.397</ele><time>2026-04-25T04:34:08Z</time><sat>24</sat></trkpt>
  <trkpt lat="30.30420776" lon="120.08112628"><ele>13.414</ele><time>2026-04-25T04:34:11Z</time><sat>28</sat></trkpt>
  <trkpt lat="30.30420717" lon="120.08112653"><ele>13.430</ele><time>2026-04-25T04:34:14Z</time><sat>19</sat></trkpt>
  <trkpt lat="30.30420673" lon="120.08112693"><ele>13.426</ele><time>2026-04-25T04:34:17Z</time><sat>23</sat></trkpt>
  <trkpt lat="30.30420655" lon="120.08112699"><ele>13.604</ele><time>2026-04-25T04:34:20Z</time><sat>13</sat></trkpt>
  <trkpt lat="30.30420650" lon="120.08112701"><ele>13.604</ele><time>2026-04-25T04:34:23Z</time><sat>12</sat></trkpt>
  <trkpt lat="30.30420647" lon="120.08112708"><ele>13.616</ele><time>2026-04-25T04:34:26Z</time><sat>12</sat></trkpt>
  <trkpt lat="30.30420647" lon="120.08112716"><ele>13.647</ele><time>2026-04-25T04:34:29Z</time><sat>13</sat></trkpt>
  <trkpt lat="30.30420645" lon="120.08112721"><ele>13.648</ele><time>2026-04-25T04:34:32Z</time><sat>13</sat></trkpt>
  <trkpt lat="30.30420639" lon="120.08112722"><ele>13.653</ele><time>2026-04-25T04:34:35Z</time><sat>14</sat></trkpt>
  <trkpt lat="30.30420635" lon="120.08112726"><ele>13.676</ele><time>2026-04-25T04:34:38Z</time><sat>14</sat></trkpt>
  <trkpt lat="30.30420632" lon="120.08112727"><ele>13.681</ele><time>2026-04-25T04:34:41Z</time><sat>14</sat></trkpt>
  <trkpt lat="30.30420629" lon="120.08112726"><ele>13.687</ele><time>2026-04-25T04:34:44Z</time><sat>21</sat></trkpt>
  <trkpt lat="30.30420627" lon="120.08112725"><ele>13.688</ele><time>2026-04-25T04:34:47Z</time><sat>19</sat></trkpt>
  <trkpt lat="30.30420633" lon="120.08112701"><ele>13.917</ele><time>2026-04-25T04:34:50Z</time><sat>16</sat></trkpt>
  <trkpt lat="30.30420646" lon="120.08112699"><ele>13.996</ele><time>2026-04-25T04:34:53Z</time><sat>23</sat></trkpt>
  <trkpt lat="30.30420646" lon="120.08112715"><ele>14.064</ele><time>2026-04-25T04:34:56Z</time><sat>23</sat></trkpt>
  <trkpt lat="30.30420647" lon="120.08112719"><ele>14.066</ele><time>2026-04-25T04:34:59Z</time><sat>25</sat></trkpt>
  <trkpt lat="30.30420647" lon="120.08112719"><ele>14.066</ele><time>2026-04-25T04:35:02Z</time><sat>25</sat></trkpt>
  <trkpt lat="30.30420629" lon="120.08112737"><ele>14.129</ele><time>2026-04-25T04:35:05Z</time><sat>24</sat></trkpt>
  <trkpt lat="30.30420587" lon="120.08112743"><ele>14.084</ele><time>2026-04-25T04:35:08Z</time><sat>25</sat></trkpt>
  <trkpt lat="30.30420558" lon="120.08112745"><ele>14.137</ele><time>2026-04-25T04:35:11Z</time><sat>23</sat></trkpt>
  <trkpt lat="30.30420523" lon="120.08112763"><ele>14.189</ele><time>2026-04-25T04:35:14Z</time><sat>23</sat></trkpt>
  <trkpt lat="30.30420493" lon="120.08112772"><ele>14.230</ele><time>2026-04-25T04:35:17Z</time><sat>25</sat></trkpt>
  <trkpt lat="30.30420452" lon="120.08112760"><ele>14.447</ele><time>2026-04-25T04:35:20Z</time><sat>25</sat></trkpt>
  <trkpt lat="30.30420441" lon="120.08112772"><ele>14.517</ele><time>2026-04-25T04:35:23Z</time><sat>24</sat></trkpt>
  <trkpt lat="30.30420353" lon="120.08112741"><ele>14.581</ele><time>2026-04-25T04:35:26Z</time><sat>24</sat></trkpt>
  <trkpt lat="30.30420285" lon="120.08112711"><ele>14.603</ele><time>2026-04-25T04:35:29Z</time><sat>27</sat></trkpt>
  <trkpt lat="30.30420225" lon="120.08112688"><ele>14.655</ele><time>2026-04-25T04:35:32Z</time><sat>21</sat></trkpt>
  <trkpt lat="30.30420210" lon="120.08112691"><ele>14.697</ele><time>2026-04-25T04:35:35Z</time><sat>21</sat></trkpt>
  <trkpt lat="30.30420206" lon="120.08112703"><ele>14.731</ele><time>2026-04-25T04:35:38Z</time><sat>16</sat></trkpt>
  <trkpt lat="30.30420208" lon="120.08112706"><ele>14.761</ele><time>2026-04-25T04:35:41Z</time><sat>22</sat></trkpt>
  <trkpt lat="30.30420189" lon="120.08112719"><ele>14.778</ele><time>2026-04-25T04:35:44Z</time><sat>24</sat></trkpt>
  <trkpt lat="30.30420183" lon="120.08112741"><ele>14.819</ele><time>2026-04-25T04:35:47Z</time><sat>23</sat></trkpt>
  <trkpt lat="30.30420176" lon="120.08112732"><ele>14.996</ele><time>2026-04-25T04:35:50Z</time><sat>19</sat></trkpt>
  <trkpt lat="30.30420181" lon="120.08112733"><ele>15.016</ele><time>2026-04-25T04:35:53Z</time><sat>20</sat></trkpt>
  <trkpt lat="30.30420181" lon="120.08112741"><ele>15.052</ele><time>2026-04-25T04:35:56Z</time><sat>22</sat></trkpt>
  <trkpt lat="30.30420181" lon="120.08112746"><ele>15.066</ele><time>2026-04-25T04:35:59Z</time><sat>21</sat></trkpt>
  <trkpt lat="30.30420176" lon="120.08112755"><ele>15.094</ele><time>2026-04-25T04:36:02Z</time><sat>21</sat></trkpt>
  <trkpt lat="30.30420189" lon="120.08112768"><ele>15.135</ele><time>2026-04-25T04:36:05Z</time><sat>21</sat></trkpt>
  <trkpt lat="30.30420199" lon="120.08112776"><ele>15.159</ele><time>2026-04-25T04:36:08Z</time><sat>21</sat></trkpt>
  <trkpt lat="30.30420202" lon="120.08112778"><ele>15.172</ele><time>2026-04-25T04:36:11Z</time><sat>21</sat></trkpt>
  <trkpt lat="30.30420206" lon="120.08112784"><ele>15.201</ele><time>2026-04-25T04:36:14Z</time><sat>21</sat></trkpt>
  <trkpt lat="30.30420214" lon="120.08112785"><ele>15.210</ele><time>2026-04-25T04:36:17Z</time><sat>21</sat></trkpt>
  <trkpt lat="30.30420204" lon="120.08112785"><ele>15.168</ele><time>2026-04-25T04:36:20Z</time><sat>21</sat></trkpt>
  <trkpt lat="30.30420217" lon="120.08112776"><ele>15.162</ele><time>2026-04-25T04:36:23Z</time><sat>21</sat></trkpt>
  <trkpt lat="30.30420213" lon="120.08112774"><ele>15.165</ele><time>2026-04-25T04:36:26Z</time><sat>21</sat></trkpt>
  <trkpt lat="30.30420184" lon="120.08112772"><ele>15.147</ele><time>2026-04-25T04:36:29Z</time><sat>21</sat></trkpt>
  <trkpt lat="30.30420163" lon="120.08112769"><ele>15.147</ele><time>2026-04-25T04:36:32Z</time><sat>21</sat></trkpt>
  <trkpt lat="30.30420153" lon="120.08112754"><ele>15.081</ele><time>2026-04-25T04:36:35Z</time><sat>21</sat></trkpt>
  <trkpt lat="30.30420108" lon="120.08112745"><ele>15.045</ele><time>2026-04-25T04:36:38Z</time><sat>21</sat></trkpt>
  <trkpt lat="30.30420055" lon="120.08112751"><ele>15.051</ele><time>2026-04-25T04:36:41Z</time><sat>21</sat></trkpt>
  <trkpt lat="30.30420050" lon="120.08112750"><ele>15.042</ele><time>2026-04-25T04:36:44Z</time><sat>21</sat></trkpt>
  <trkpt lat="30.30420053" lon="120.08112749"><ele>15.033</ele><time>2026-04-25T04:36:47Z</time><sat>22</sat></trkpt>
  <trkpt lat="30.30420063" lon="120.08112745"><ele>15.023</ele><time>2026-04-25T04:36:50Z</time><sat>21</sat></trkpt>
  <trkpt lat="30.30420073" lon="120.08112741"><ele>15.026</ele><time>2026-04-25T04:36:53Z</time><sat>20</sat></trkpt>
  <trkpt lat="30.30420079" lon="120.08112739"><ele>15.028</ele><time>2026-04-25T04:36:56Z</time><sat>20</sat></trkpt>
  <trkpt lat="30.30420095" lon="120.08112743"><ele>15.039</ele><time>2026-04-25T04:36:59Z</time><sat>16</sat></trkpt>
  <trkpt lat="30.30420117" lon="120.08112747"><ele>15.054</ele><time>2026-04-25T04:37:02Z</time><sat>17</sat></trkpt>
  <trkpt lat="30.30420083" lon="120.08112758"><ele>15.093</ele><time>2026-04-25T04:37:05Z</time><sat>24</sat></trkpt>
  <trkpt lat="30.30420100" lon="120.08112800"><ele>15.232</ele><time>2026-04-25T04:37:08Z</time><sat>26</sat></trkpt>
  <trkpt lat="30.30420069" lon="120.08112816"><ele>15.246</ele><time>2026-04-25T04:37:11Z</time><sat>25</sat></trkpt>
  <trkpt lat="30.30420025" lon="120.08112813"><ele>15.221</ele><time>2026-04-25T04:37:14Z</time><sat>27</sat></trkpt>
  <trkpt lat="30.30420064" lon="120.08112811"><ele>15.199</ele><time>2026-04-25T04:37:17Z</time><sat>24</sat></trkpt>
  <trkpt lat="30.30420095" lon="120.08112810"><ele>15.184</ele><time>2026-04-25T04:37:20Z</time><sat>25</sat></trkpt>
  <trkpt lat="30.30420107" lon="120.08112807"><ele>15.184</ele><time>2026-04-25T04:37:23Z</time><sat>25</sat></trkpt>
  <trkpt lat="30.30420122" lon="120.08112799"><ele>15.181</ele><time>2026-04-25T04:37:26Z</time><sat>24</sat></trkpt>
  <trkpt lat="30.30420139" lon="120.08112799"><ele>15.238</ele><time>2026-04-25T04:37:29Z</time><sat>22</sat></trkpt>
  <trkpt lat="30.30420149" lon="120.08112786"><ele>15.252</ele><time>2026-04-25T04:37:32Z</time><sat>21</sat></trkpt>
  <trkpt lat="30.30420150" lon="120.08112785"><ele>15.260</ele><time>2026-04-25T04:37:35Z</time><sat>26</sat></trkpt>
  <trkpt lat="30.30420133" lon="120.08112767"><ele>15.261</ele><time>2026-04-25T04:37:38Z</time><sat>25</sat></trkpt>
  <trkpt lat="30.30420123" lon="120.08112746"><ele>15.280</ele><time>2026-04-25T04:37:41Z</time><sat>23</sat></trkpt>
  <trkpt lat="30.30420131" lon="120.08112706"><ele>15.283</ele><time>2026-04-25T04:37:44Z</time><sat>23</sat></trkpt>
  <trkpt lat="30.30420128" lon="120.08112692"><ele>15.318</ele><time>2026-04-25T04:37:47Z</time><sat>26</sat></trkpt>
  <trkpt lat="30.30420105" lon="120.08112697"><ele>15.340</ele><time>2026-04-25T04:37:50Z</time><sat>28</sat></trkpt>
  <trkpt lat="30.30420095" lon="120.08112697"><ele>15.357</ele><time>2026-04-25T04:37:53Z</time><sat>26</sat></trkpt>
  <trkpt lat="30.30420088" lon="120.08112696"><ele>15.378</ele><time>2026-04-25T04:37:56Z</time><sat>24</sat></trkpt>
  <trkpt lat="30.30420086" lon="120.08112696"><ele>15.392</ele><time>2026-04-25T04:37:59Z</time><sat>25</sat></trkpt>
  <trkpt lat="30.30420085" lon="120.08112713"><ele>15.282</ele><time>2026-04-25T04:38:02Z</time><sat>27</sat></trkpt>
  <trkpt lat="30.30420085" lon="120.08112721"><ele>15.278</ele><time>2026-04-25T04:38:05Z</time><sat>26</sat></trkpt>
  <trkpt lat="30.30420082" lon="120.08112727"><ele>15.281</ele><time>2026-04-25T04:38:08Z</time><sat>24</sat></trkpt>
  <trkpt lat="30.30420081" lon="120.08112731"><ele>15.282</ele><time>2026-04-25T04:38:11Z</time><sat>23</sat></trkpt>
  <trkpt lat="30.30420081" lon="120.08112733"><ele>15.284</ele><time>2026-04-25T04:38:14Z</time><sat>23</sat></trkpt>
  <trkpt lat="30.30420083" lon="120.08112733"><ele>15.286</ele><time>2026-04-25T04:38:17Z</time><sat>23</sat></trkpt>
  <trkpt lat="30.30420082" lon="120.08112736"><ele>15.279</ele><time>2026-04-25T04:38:20Z</time><sat>20</sat></trkpt>
  <trkpt lat="30.30420078" lon="120.08112749"><ele>15.299</ele><time>2026-04-25T04:38:23Z</time><sat>23</sat></trkpt>
  <trkpt lat="30.30420071" lon="120.08112751"><ele>15.297</ele><time>2026-04-25T04:38:26Z</time><sat>24</sat></trkpt>
  <trkpt lat="30.30420066" lon="120.08112745"><ele>15.302</ele><time>2026-04-25T04:38:29Z</time><sat>25</sat></trkpt>
  <trkpt lat="30.30419957" lon="120.08112722"><ele>15.230</ele><time>2026-04-25T04:38:32Z</time><sat>26</sat></trkpt>
  <trkpt lat="30.30419848" lon="120.08112697"><ele>15.229</ele><time>2026-04-25T04:38:35Z</time><sat>28</sat></trkpt>
  <trkpt lat="30.30419766" lon="120.08112654"><ele>15.233</ele><time>2026-04-25T04:38:38Z</time><sat>28</sat></trkpt>
  <trkpt lat="30.30419736" lon="120.08112640"><ele>15.215</ele><time>2026-04-25T04:38:41Z</time><sat>26</sat></trkpt>
  <trkpt lat="30.30419715" lon="120.08112622"><ele>15.190</ele><time>2026-04-25T04:38:44Z</time><sat>27</sat></trkpt>
  <trkpt lat="30.30419709" lon="120.08112612"><ele>15.217</ele><time>2026-04-25T04:38:47Z</time><sat>28</sat></trkpt>
  <trkpt lat="30.30419704" lon="120.08112599"><ele>15.211</ele><time>2026-04-25T04:38:50Z</time><sat>26</sat></trkpt>
  <trkpt lat="30.30419698" lon="120.08112595"><ele>15.230</ele><time>2026-04-25T04:38:53Z</time><sat>26</sat></trkpt>
  <trkpt lat="30.30419693" lon="120.08112586"><ele>15.229</ele><time>2026-04-25T04:38:56Z</time><sat>30</sat></trkpt>
  <trkpt lat="30.30419686" lon="120.08112579"><ele>15.226</ele><time>2026-04-25T04:38:59Z</time><sat>30</sat></trkpt>
  <trkpt lat="30.30419673" lon="120.08112572"><ele>15.169</ele><time>2026-04-25T04:39:02Z</time><sat>24</sat></trkpt>
  <trkpt lat="30.30419670" lon="120.08112573"><ele>15.194</ele><time>2026-04-25T04:39:05Z</time><sat>27</sat></trkpt>
  <trkpt lat="30.30419669" lon="120.08112570"><ele>15.195</ele><time>2026-04-25T04:39:08Z</time><sat>30</sat></trkpt>
  <trkpt lat="30.30419633" lon="120.08112571"><ele>15.249</ele><time>2026-04-25T04:39:11Z</time><sat>24</sat></trkpt>
  <trkpt lat="30.30419617" lon="120.08112568"><ele>15.248</ele><time>2026-04-25T04:39:14Z</time><sat>17</sat></trkpt>
  <trkpt lat="30.30419615" lon="120.08112569"><ele>15.253</ele><time>2026-04-25T04:39:17Z</time><sat>18</sat></trkpt>
  <trkpt lat="30.30419618" lon="120.08112571"><ele>15.255</ele><time>2026-04-25T04:39:20Z</time><sat>19</sat></trkpt>
  <trkpt lat="30.30419609" lon="120.08112569"><ele>15.240</ele><time>2026-04-25T04:39:23Z</time><sat>19</sat></trkpt>
  <trkpt lat="30.30419583" lon="120.08112562"><ele>15.209</ele><time>2026-04-25T04:39:26Z</time><sat>28</sat></trkpt>
  <trkpt lat="30.30419559" lon="120.08112558"><ele>15.196</ele><time>2026-04-25T04:39:29Z</time><sat>33</sat></trkpt>
  <trkpt lat="30.30419552" lon="120.08112558"><ele>15.187</ele><time>2026-04-25T04:39:32Z</time><sat>33</sat></trkpt>
  <trkpt lat="30.30419896" lon="120.08112574"><ele>15.193</ele><time>2026-04-25T04:39:35Z</time><sat>26</sat></trkpt>
  <trkpt lat="30.30422933" lon="120.08110000"><ele>11.892</ele><time>2026-04-25T04:39:38Z</time><sat>23</sat></trkpt>
  <trkpt lat="30.30423870" lon="120.08107185"><ele>10.259</ele><time>2026-04-25T04:39:41Z</time><sat>29</sat></trkpt>
  <trkpt lat="30.30423031" lon="120.08104642"><ele>10.939</ele><time>2026-04-25T04:39:44Z</time><sat>32</sat></trkpt>
  <trkpt lat="30.30422397" lon="120.08103180"><ele>11.903</ele><time>2026-04-25T04:39:47Z</time><sat>32</sat></trkpt>
  <trkpt lat="30.30422111" lon="120.08102359"><ele>11.799</ele><time>2026-04-25T04:39:50Z</time><sat>27</sat></trkpt>
  <trkpt lat="30.30421877" lon="120.08102437"><ele>12.650</ele><time>2026-04-25T04:39:53Z</time><sat>28</sat></trkpt>
  <trkpt lat="30.30421737" lon="120.08102283"><ele>12.626</ele><time>2026-04-25T04:39:56Z</time><sat>21</sat></trkpt>
  <trkpt lat="30.30421458" lon="120.08102050"><ele>13.638</ele><time>2026-04-25T04:39:59Z</time><sat>16</sat></trkpt>
  <trkpt lat="30.30421746" lon="120.08101492"><ele>13.184</ele><time>2026-04-25T04:40:02Z</time><sat>25</sat></trkpt>
  <trkpt lat="30.30421303" lon="120.08100518"><ele>13.758</ele><time>2026-04-25T04:40:12Z</time><sat>28</sat></trkpt>
  <trkpt lat="30.30421302" lon="120.08100431"><ele>13.616</ele><time>2026-04-25T04:40:15Z</time><sat>24</sat></trkpt>
  <trkpt lat="30.30420961" lon="120.08100201"><ele>13.623</ele><time>2026-04-25T04:40:18Z</time><sat>25</sat></trkpt>
  <trkpt lat="30.30420492" lon="120.08099806"><ele>13.891</ele><time>2026-04-25T04:40:21Z</time><sat>20</sat></trkpt>
  <trkpt lat="30.30419694" lon="120.08098918"><ele>14.211</ele><time>2026-04-25T04:40:24Z</time><sat>20</sat></trkpt>
  <trkpt lat="30.30418872" lon="120.08098019"><ele>14.463</ele><time>2026-04-25T04:40:27Z</time><sat>18</sat></trkpt>
  <trkpt lat="30.30418547" lon="120.08097633"><ele>14.460</ele><time>2026-04-25T04:40:30Z</time><sat>18</sat></trkpt>
  <trkpt lat="30.30418286" lon="120.08097320"><ele>14.545</ele><time>2026-04-25T04:40:33Z</time><sat>19</sat></trkpt>
  <trkpt lat="30.30417827" lon="120.08097172"><ele>13.842</ele><time>2026-04-25T04:40:36Z</time><sat>19</sat></trkpt>
  <trkpt lat="30.30417593" lon="120.08097328"><ele>13.545</ele><time>2026-04-25T04:40:39Z</time><sat>18</sat></trkpt>
  <trkpt lat="30.30417617" lon="120.08097449"><ele>13.338</ele><time>2026-04-25T04:40:42Z</time><sat>22</sat></trkpt>
  <trkpt lat="30.30417450" lon="120.08097329"><ele>13.314</ele><time>2026-04-25T04:40:45Z</time><sat>27</sat></trkpt>
  <trkpt lat="30.30417303" lon="120.08097181"><ele>13.212</ele><time>2026-04-25T04:40:48Z</time><sat>27</sat></trkpt>
  <trkpt lat="30.30417231" lon="120.08097061"><ele>13.201</ele><time>2026-04-25T04:40:51Z</time><sat>29</sat></trkpt>
  <trkpt lat="30.30417164" lon="120.08096942"><ele>13.200</ele><time>2026-04-25T04:40:54Z</time><sat>32</sat></trkpt>
  <trkpt lat="30.30417128" lon="120.08096796"><ele>13.189</ele><time>2026-04-25T04:40:57Z</time><sat>31</sat></trkpt>
  <trkpt lat="30.30417089" lon="120.08096758"><ele>13.179</ele><time>2026-04-25T04:41:00Z</time><sat>25</sat></trkpt>
  <trkpt lat="30.30417016" lon="120.08096660"><ele>13.298</ele><time>2026-04-25T04:41:03Z</time><sat>31</sat></trkpt>
  <trkpt lat="30.30416702" lon="120.08096366"><ele>13.341</ele><time>2026-04-25T04:41:06Z</time><sat>27</sat></trkpt>
  <trkpt lat="30.30416547" lon="120.08096224"><ele>13.378</ele><time>2026-04-25T04:41:09Z</time><sat>26</sat></trkpt>
  <trkpt lat="30.30416444" lon="120.08096134"><ele>13.444</ele><time>2026-04-25T04:41:12Z</time><sat>30</sat></trkpt>
  <trkpt lat="30.30416338" lon="120.08096022"><ele>13.577</ele><time>2026-04-25T04:41:15Z</time><sat>30</sat></trkpt>
  <trkpt lat="30.30416353" lon="120.08095957"><ele>13.437</ele><time>2026-04-25T04:41:18Z</time><sat>32</sat></trkpt>
  <trkpt lat="30.30416302" lon="120.08095891"><ele>13.518</ele><time>2026-04-25T04:41:21Z</time><sat>32</sat></trkpt>
  <trkpt lat="30.30416293" lon="120.08095864"><ele>13.437</ele><time>2026-04-25T04:41:24Z</time><sat>30</sat></trkpt>
  <trkpt lat="30.30416239" lon="120.08095804"><ele>13.481</ele><time>2026-04-25T04:41:27Z</time><sat>29</sat></trkpt>
  <trkpt lat="30.30416178" lon="120.08095742"><ele>13.470</ele><time>2026-04-25T04:41:30Z</time><sat>31</sat></trkpt>
  <trkpt lat="30.30416109" lon="120.08095692"><ele>13.511</ele><time>2026-04-25T04:41:33Z</time><sat>27</sat></trkpt>
  <trkpt lat="30.30416076" lon="120.08095646"><ele>13.539</ele><time>2026-04-25T04:41:36Z</time><sat>24</sat></trkpt>
  <trkpt lat="30.30416007" lon="120.08095583"><ele>13.685</ele><time>2026-04-25T04:41:39Z</time><sat>24</sat></trkpt>
  <trkpt lat="30.30415944" lon="120.08095533"><ele>13.708</ele><time>2026-04-25T04:41:42Z</time><sat>24</sat></trkpt>
  <trkpt lat="30.30415889" lon="120.08095487"><ele>13.727</ele><time>2026-04-25T04:41:45Z</time><sat>33</sat></trkpt>
  <trkpt lat="30.30415870" lon="120.08095477"><ele>13.568</ele><time>2026-04-25T04:41:48Z</time><sat>33</sat></trkpt>
  <trkpt lat="30.30416018" lon="120.08095658"><ele>13.198</ele><time>2026-04-25T04:41:51Z</time><sat>33</sat></trkpt>
  <trkpt lat="30.30416108" lon="120.08095785"><ele>13.152</ele><time>2026-04-25T04:41:54Z</time><sat>34</sat></trkpt>
  <trkpt lat="30.30416177" lon="120.08095835"><ele>13.025</ele><time>2026-04-25T04:41:57Z</time><sat>34</sat></trkpt>
  <trkpt lat="30.30416325" lon="120.08095994"><ele>12.809</ele><time>2026-04-25T04:42:00Z</time><sat>34</sat></trkpt>
  <trkpt lat="30.30416399" lon="120.08096052"><ele>12.721</ele><time>2026-04-25T04:42:03Z</time><sat>34</sat></trkpt>
  <trkpt lat="30.30416385" lon="120.08096029"><ele>12.750</ele><time>2026-04-25T04:42:06Z</time><sat>34</sat></trkpt>
  <trkpt lat="30.30416331" lon="120.08095997"><ele>12.770</ele><time>2026-04-25T04:42:09Z</time><sat>34</sat></trkpt>
  <trkpt lat="30.30416293" lon="120.08095970"><ele>12.747</ele><time>2026-04-25T04:42:12Z</time><sat>34</sat></trkpt>
  <trkpt lat="30.30416283" lon="120.08095960"><ele>12.719</ele><time>2026-04-25T04:42:15Z</time><sat>34</sat></trkpt>
  <trkpt lat="30.30416301" lon="120.08095979"><ele>12.640</ele><time>2026-04-25T04:42:18Z</time><sat>34</sat></trkpt>
  <trkpt lat="30.30416268" lon="120.08095953"><ele>12.660</ele><time>2026-04-25T04:42:21Z</time><sat>34</sat></trkpt>
  <trkpt lat="30.30416241" lon="120.08095934"><ele>12.662</ele><time>2026-04-25T04:42:24Z</time><sat>34</sat></trkpt>
  <trkpt lat="30.30416185" lon="120.08095891"><ele>12.732</ele><time>2026-04-25T04:42:27Z</time><sat>34</sat></trkpt>
  <trkpt lat="30.30416145" lon="120.08095862"><ele>12.764</ele><time>2026-04-25T04:42:30Z</time><sat>34</sat></trkpt>
  <trkpt lat="30.30413594" lon="120.08095412"><ele>12.956</ele><time>2026-04-25T04:42:33Z</time><sat>34</sat></trkpt>
  <trkpt lat="30.30414051" lon="120.08096270"><ele>13.299</ele><time>2026-04-25T04:42:36Z</time><sat>34</sat></trkpt>
  <trkpt lat="30.30414971" lon="120.08096594"><ele>13.503</ele><time>2026-04-25T04:42:39Z</time><sat>34</sat></trkpt>
  <trkpt lat="30.30415546" lon="120.08096873"><ele>13.772</ele><time>2026-04-25T04:42:42Z</time><sat>34</sat></trkpt>
  <trkpt lat="30.30415783" lon="120.08097176"><ele>13.722</ele><time>2026-04-25T04:42:45Z</time><sat>34</sat></trkpt>
  <trkpt lat="30.30415819" lon="120.08097218"><ele>13.819</ele><time>2026-04-25T04:42:48Z</time><sat>34</sat></trkpt>
  <trkpt lat="30.30415880" lon="120.08097428"><ele>13.923</ele><time>2026-04-25T04:42:51Z</time><sat>34</sat></trkpt>
  <trkpt lat="30.30415918" lon="120.08097503"><ele>14.003</ele><time>2026-04-25T04:42:54Z</time><sat>34</sat></trkpt>
  <trkpt lat="30.30415964" lon="120.08097636"><ele>14.050</ele><time>2026-04-25T04:42:57Z</time><sat>34</sat></trkpt>
  <trkpt lat="30.30415901" lon="120.08097580"><ele>14.129</ele><time>2026-04-25T04:43:00Z</time><sat>34</sat></trkpt>
  <trkpt lat="30.30415859" lon="120.08097488"><ele>14.133</ele><time>2026-04-25T04:43:03Z</time><sat>34</sat></trkpt>
  <trkpt lat="30.30415842" lon="120.08097235"><ele>14.042</ele><time>2026-04-25T04:43:06Z</time><sat>34</sat></trkpt>
  <trkpt lat="30.30415908" lon="120.08097140"><ele>13.981</ele><time>2026-04-25T04:43:09Z</time><sat>34</sat></trkpt>
  <trkpt lat="30.30415903" lon="120.08097080"><ele>13.971</ele><time>2026-04-25T04:43:12Z</time><sat>34</sat></trkpt>
  <trkpt lat="30.30415975" lon="120.08097431"><ele>13.832</ele><time>2026-04-25T04:43:15Z</time><sat>34</sat></trkpt>
  <trkpt lat="30.30416215" lon="120.08097763"><ele>13.517</ele><time>2026-04-25T04:43:18Z</time><sat>34</sat></trkpt>
  <trkpt lat="30.30416056" lon="120.08097890"><ele>12.565</ele><time>2026-04-25T04:43:21Z</time><sat>34</sat></trkpt>
  <trkpt lat="30.30416011" lon="120.08098431"><ele>12.049</ele><time>2026-04-25T04:43:24Z</time><sat>34</sat></trkpt>
  <trkpt lat="30.30415799" lon="120.08098445"><ele>11.716</ele><time>2026-04-25T04:43:27Z</time><sat>34</sat></trkpt>
  <trkpt lat="30.30415783" lon="120.08098519"><ele>11.890</ele><time>2026-04-25T04:43:30Z</time><sat>34</sat></trkpt>
  <trkpt lat="30.30415701" lon="120.08098396"><ele>11.920</ele><time>2026-04-25T04:43:33Z</time><sat>34</sat></trkpt>
  <trkpt lat="30.30415634" lon="120.08098313"><ele>11.789</ele><time>2026-04-25T04:43:36Z</time><sat>34</sat></trkpt>
  <trkpt lat="30.30415625" lon="120.08098356"><ele>11.508</ele><time>2026-04-25T04:43:39Z</time><sat>34</sat></trkpt>
  <trkpt lat="30.30415664" lon="120.08098429"><ele>11.252</ele><time>2026-04-25T04:43:42Z</time><sat>34</sat></trkpt>
  <trkpt lat="30.30415613" lon="120.08098377"><ele>11.305</ele><time>2026-04-25T04:43:45Z</time><sat>34</sat></trkpt>
  <trkpt lat="30.30415587" lon="120.08098346"><ele>11.317</ele><time>2026-04-25T04:43:48Z</time><sat>34</sat></trkpt>
  <trkpt lat="30.30415554" lon="120.08098316"><ele>11.325</ele><time>2026-04-25T04:43:51Z</time><sat>34</sat></trkpt>
  <trkpt lat="30.30415973" lon="120.08098113"><ele>12.093</ele><time>2026-04-25T04:43:54Z</time><sat>34</sat></trkpt>
  <trkpt lat="30.30416460" lon="120.08098829"><ele>11.832</ele><time>2026-04-25T04:43:57Z</time><sat>34</sat></trkpt>
  <trkpt lat="30.30416539" lon="120.08098959"><ele>11.501</ele><time>2026-04-25T04:44:00Z</time><sat>34</sat></trkpt>
  <trkpt lat="30.30416407" lon="120.08099485"><ele>11.764</ele><time>2026-04-25T04:44:03Z</time><sat>34</sat></trkpt>
  <trkpt lat="30.30416386" lon="120.08099952"><ele>11.686</ele><time>2026-04-25T04:44:06Z</time><sat>34</sat></trkpt>
  <trkpt lat="30.30416486" lon="120.08100174"><ele>11.596</ele><time>2026-04-25T04:44:09Z</time><sat>34</sat></trkpt>
  <trkpt lat="30.30416505" lon="120.08100146"><ele>11.611</ele><time>2026-04-25T04:44:12Z</time><sat>34</sat></trkpt>
  <trkpt lat="30.30416588" lon="120.08100246"><ele>11.843</ele><time>2026-04-25T04:44:15Z</time><sat>34</sat></trkpt>
  <trkpt lat="30.30416604" lon="120.08100322"><ele>11.988</ele><time>2026-04-25T04:44:18Z</time><sat>34</sat></trkpt>
  <trkpt lat="30.30416556" lon="120.08100335"><ele>11.888</ele><time>2026-04-25T04:44:21Z</time><sat>34</sat></trkpt>
  <trkpt lat="30.30416493" lon="120.08100329"><ele>11.928</ele><time>2026-04-25T04:44:24Z</time><sat>34</sat></trkpt>
  <trkpt lat="30.30416468" lon="120.08100383"><ele>11.921</ele><time>2026-04-25T04:44:27Z</time><sat>34</sat></trkpt>
  <trkpt lat="30.30416463" lon="120.08100458"><ele>11.905</ele><time>2026-04-25T04:44:30Z</time><sat>34</sat></trkpt>
  <trkpt lat="30.30416375" lon="120.08100381"><ele>11.860</ele><time>2026-04-25T04:44:33Z</time><sat>34</sat></trkpt>
  <trkpt lat="30.30416274" lon="120.08100265"><ele>11.887</ele><time>2026-04-25T04:44:36Z</time><sat>34</sat></trkpt>
  <trkpt lat="30.30416206" lon="120.08100186"><ele>11.915</ele><time>2026-04-25T04:44:39Z</time><sat>34</sat></trkpt>
  <trkpt lat="30.30416207" lon="120.08100174"><ele>11.886</ele><time>2026-04-25T04:44:42Z</time><sat>34</sat></trkpt>
  <trkpt lat="30.30416211" lon="120.08100165"><ele>11.901</ele><time>2026-04-25T04:44:45Z</time><sat>34</sat></trkpt>
  <trkpt lat="30.30416157" lon="120.08100125"><ele>12.073</ele><time>2026-04-25T04:44:48Z</time><sat>34</sat></trkpt>
  <trkpt lat="30.30416074" lon="120.08100063"><ele>12.150</ele><time>2026-04-25T04:44:51Z</time><sat>34</sat></trkpt>
  <trkpt lat="30.30416214" lon="120.08100025"><ele>11.679</ele><time>2026-04-25T04:44:54Z</time><sat>34</sat></trkpt>
  <trkpt lat="30.30416305" lon="120.08100392"><ele>11.553</ele><time>2026-04-25T04:44:57Z</time><sat>34</sat></trkpt>
  <trkpt lat="30.30416396" lon="120.08100647"><ele>11.572</ele><time>2026-04-25T04:45:00Z</time><sat>34</sat></trkpt>
  <trkpt lat="30.30416496" lon="120.08100810"><ele>11.769</ele><time>2026-04-25T04:45:03Z</time><sat>34</sat></trkpt>
  <trkpt lat="30.30416563" lon="120.08100892"><ele>11.762</ele><time>2026-04-25T04:45:06Z</time><sat>34</sat></trkpt>
  <trkpt lat="30.30416539" lon="120.08100909"><ele>11.779</ele><time>2026-04-25T04:45:09Z</time><sat>34</sat></trkpt>
  <trkpt lat="30.30416479" lon="120.08100932"><ele>11.519</ele><time>2026-04-25T04:45:12Z</time><sat>34</sat></trkpt>
  <trkpt lat="30.30416485" lon="120.08100984"><ele>11.446</ele><time>2026-04-25T04:45:15Z</time><sat>34</sat></trkpt>
  <trkpt lat="30.30416524" lon="120.08101048"><ele>11.283</ele><time>2026-04-25T04:45:18Z</time><sat>34</sat></trkpt>
  <trkpt lat="30.30416522" lon="120.08101066"><ele>11.237</ele><time>2026-04-25T04:45:21Z</time><sat>34</sat></trkpt>
  <trkpt lat="30.30416506" lon="120.08101043"><ele>11.253</ele><time>2026-04-25T04:45:24Z</time><sat>34</sat></trkpt>
  <trkpt lat="30.30416111" lon="120.08098856"><ele>11.339</ele><time>2026-04-25T04:45:27Z</time><sat>34</sat></trkpt>
  <trkpt lat="30.30416362" lon="120.08099100"><ele>10.600</ele><time>2026-04-25T04:45:30Z</time><sat>34</sat></trkpt>
  <trkpt lat="30.30416689" lon="120.08099478"><ele>9.979</ele><time>2026-04-25T04:45:33Z</time><sat>37</sat></trkpt>
  <trkpt lat="30.30416780" lon="120.08099054"><ele>10.264</ele><time>2026-04-25T04:45:36Z</time><sat>32</sat></trkpt>
  <trkpt lat="30.30416663" lon="120.08098661"><ele>10.589</ele><time>2026-04-25T04:45:39Z</time><sat>32</sat></trkpt>
  <trkpt lat="30.30416417" lon="120.08098393"><ele>10.041</ele><time>2026-04-25T04:45:42Z</time><sat>32</sat></trkpt>
  <trkpt lat="30.30416400" lon="120.08098396"><ele>9.958</ele><time>2026-04-25T04:45:45Z</time><sat>32</sat></trkpt>
  <trkpt lat="30.30416276" lon="120.08098234"><ele>9.740</ele><time>2026-04-25T04:45:48Z</time><sat>32</sat></trkpt>
  <trkpt lat="30.30416250" lon="120.08098174"><ele>9.656</ele><time>2026-04-25T04:45:51Z</time><sat>32</sat></trkpt>
  <trkpt lat="30.30416158" lon="120.08098023"><ele>10.752</ele><time>2026-04-25T04:45:54Z</time><sat>32</sat></trkpt>
  <trkpt lat="30.30416225" lon="120.08098301"><ele>10.662</ele><time>2026-04-25T04:45:57Z</time><sat>32</sat></trkpt>
  <trkpt lat="30.30416468" lon="120.08098855"><ele>11.948</ele><time>2026-04-25T04:46:00Z</time><sat>32</sat></trkpt>
  <trkpt lat="30.30416567" lon="120.08099033"><ele>12.152</ele><time>2026-04-25T04:46:03Z</time><sat>32</sat></trkpt>
  <trkpt lat="30.30416590" lon="120.08099079"><ele>12.098</ele><time>2026-04-25T04:46:06Z</time><sat>32</sat></trkpt>
  <trkpt lat="30.30416542" lon="120.08099010"><ele>12.206</ele><time>2026-04-25T04:46:09Z</time><sat>32</sat></trkpt>
  <trkpt lat="30.30416491" lon="120.08098961"><ele>12.230</ele><time>2026-04-25T04:46:12Z</time><sat>32</sat></trkpt>
  <trkpt lat="30.30416438" lon="120.08098944"><ele>12.277</ele><time>2026-04-25T04:46:15Z</time><sat>32</sat></trkpt>
  <trkpt lat="30.30416461" lon="120.08099032"><ele>12.201</ele><time>2026-04-25T04:46:18Z</time><sat>32</sat></trkpt>
  <trkpt lat="30.30416481" lon="120.08099088"><ele>12.215</ele><time>2026-04-25T04:46:21Z</time><sat>32</sat></trkpt>
  <trkpt lat="30.30416493" lon="120.08099099"><ele>12.201</ele><time>2026-04-25T04:46:24Z</time><sat>37</sat></trkpt>
  <trkpt lat="30.30416503" lon="120.08099106"><ele>12.189</ele><time>2026-04-25T04:46:27Z</time><sat>34</sat></trkpt>
  <trkpt lat="30.30416505" lon="120.08099102"><ele>12.187</ele><time>2026-04-25T04:46:30Z</time><sat>25</sat></trkpt>
  <trkpt lat="30.30416502" lon="120.08099095"><ele>12.179</ele><time>2026-04-25T04:46:33Z</time><sat>26</sat></trkpt>
  <trkpt lat="30.30416506" lon="120.08099092"><ele>12.191</ele><time>2026-04-25T04:46:36Z</time><sat>31</sat></trkpt>
  <trkpt lat="30.30416507" lon="120.08099093"><ele>12.183</ele><time>2026-04-25T04:46:39Z</time><sat>32</sat></trkpt>
  <trkpt lat="30.30416512" lon="120.08099091"><ele>12.190</ele><time>2026-04-25T04:46:42Z</time><sat>26</sat></trkpt>
  <trkpt lat="30.30416515" lon="120.08099085"><ele>12.212</ele><time>2026-04-25T04:46:45Z</time><sat>24</sat></trkpt>
  <trkpt lat="30.30416516" lon="120.08099080"><ele>12.218</ele><time>2026-04-25T04:46:48Z</time><sat>26</sat></trkpt>
  <trkpt lat="30.30416498" lon="120.08099053"><ele>12.147</ele><time>2026-04-25T04:46:51Z</time><sat>28</sat></trkpt>
  <trkpt lat="30.30416495" lon="120.08099046"><ele>12.146</ele><time>2026-04-25T04:46:54Z</time><sat>25</sat></trkpt>
  <trkpt lat="30.30416507" lon="120.08099066"><ele>12.145</ele><time>2026-04-25T04:46:57Z</time><sat>27</sat></trkpt>
  <trkpt lat="30.30416508" lon="120.08099071"><ele>12.142</ele><time>2026-04-25T04:47:00Z</time><sat>29</sat></trkpt>
  <trkpt lat="30.30413342" lon="120.08101518"><ele>13.146</ele><time>2026-04-25T04:47:03Z</time><sat>25</sat></trkpt>
  <trkpt lat="30.30413852" lon="120.08104556"><ele>13.374</ele><time>2026-04-25T04:47:06Z</time><sat>21</sat></trkpt>
  <trkpt lat="30.30417246" lon="120.08105083"><ele>13.226</ele><time>2026-04-25T04:47:09Z</time><sat>23</sat></trkpt>
  <trkpt lat="30.30418173" lon="120.08105035"><ele>12.862</ele><time>2026-04-25T04:47:12Z</time><sat>23</sat></trkpt>
  <trkpt lat="30.30418302" lon="120.08105078"><ele>12.786</ele><time>2026-04-25T04:47:15Z</time><sat>22</sat></trkpt>
  <trkpt lat="30.30418308" lon="120.08105090"><ele>12.687</ele><time>2026-04-25T04:47:18Z</time><sat>21</sat></trkpt>
  <trkpt lat="30.30418231" lon="120.08105032"><ele>12.857</ele><time>2026-04-25T04:47:21Z</time><sat>22</sat></trkpt>
  <trkpt lat="30.30418177" lon="120.08104995"><ele>12.807</ele><time>2026-04-25T04:47:24Z</time><sat>22</sat></trkpt>
  <trkpt lat="30.30417966" lon="120.08104964"><ele>12.667</ele><time>2026-04-25T04:47:27Z</time><sat>23</sat></trkpt>
  <trkpt lat="30.30417933" lon="120.08105206"><ele>12.835</ele><time>2026-04-25T04:47:30Z</time><sat>23</sat></trkpt>
  <trkpt lat="30.30417880" lon="120.08105170"><ele>12.971</ele><time>2026-04-25T04:47:33Z</time><sat>24</sat></trkpt>
  <trkpt lat="30.30417874" lon="120.08105153"><ele>12.955</ele><time>2026-04-25T04:47:36Z</time><sat>23</sat></trkpt>
  <trkpt lat="30.30417862" lon="120.08105140"><ele>12.943</ele><time>2026-04-25T04:47:39Z</time><sat>22</sat></trkpt>
  <trkpt lat="30.30417852" lon="120.08105135"><ele>12.925</ele><time>2026-04-25T04:47:42Z</time><sat>17</sat></trkpt>
  <trkpt lat="30.30417877" lon="120.08105138"><ele>13.048</ele><time>2026-04-25T04:47:45Z</time><sat>19</sat></trkpt>
  <trkpt lat="30.30417906" lon="120.08105145"><ele>13.086</ele><time>2026-04-25T04:47:48Z</time><sat>18</sat></trkpt>
  <trkpt lat="30.30417907" lon="120.08105153"><ele>13.095</ele><time>2026-04-25T04:47:51Z</time><sat>17</sat></trkpt>
  <trkpt lat="30.30417903" lon="120.08105139"><ele>13.083</ele><time>2026-04-25T04:47:54Z</time><sat>19</sat></trkpt>
  <trkpt lat="30.30417915" lon="120.08105128"><ele>13.086</ele><time>2026-04-25T04:47:57Z</time><sat>16</sat></trkpt>
  <trkpt lat="30.30417922" lon="120.08105130"><ele>13.119</ele><time>2026-04-25T04:48:00Z</time><sat>14</sat></trkpt>
  <trkpt lat="30.30417898" lon="120.08105097"><ele>13.087</ele><time>2026-04-25T04:48:03Z</time><sat>16</sat></trkpt>
  <trkpt lat="30.30417894" lon="120.08105089"><ele>13.087</ele><time>2026-04-25T04:48:06Z</time><sat>16</sat></trkpt>
  <trkpt lat="30.30417967" lon="120.08105104"><ele>13.183</ele><time>2026-04-25T04:48:09Z</time><sat>13</sat></trkpt>
  <trkpt lat="30.30419051" lon="120.08105847"><ele>15.183</ele><time>2026-04-25T04:48:12Z</time><sat>16</sat></trkpt>
  <trkpt lat="30.30421900" lon="120.08107141"><ele>14.178</ele><time>2026-04-25T04:48:15Z</time><sat>26</sat></trkpt>
  <trkpt lat="30.30422595" lon="120.08109555"><ele>14.513</ele><time>2026-04-25T04:48:18Z</time><sat>30</sat></trkpt>
  <trkpt lat="30.30422822" lon="120.08112015"><ele>14.206</ele><time>2026-04-25T04:48:21Z</time><sat>26</sat></trkpt>
  <trkpt lat="30.30423574" lon="120.08113730"><ele>14.059</ele><time>2026-04-25T04:48:24Z</time><sat>9</sat></trkpt>
  <trkpt lat="30.30425871" lon="120.08114875"><ele>13.869</ele><time>2026-04-25T04:48:27Z</time><sat>13</sat></trkpt>
  <trkpt lat="30.30426169" lon="120.08107134"><ele>13.580</ele><time>2026-04-25T04:48:30Z</time><sat>22</sat></trkpt>
  <trkpt lat="30.30428303" lon="120.08101199"><ele>15.330</ele><time>2026-04-25T04:48:33Z</time><sat>29</sat></trkpt>
  <trkpt lat="30.30429868" lon="120.08096261"><ele>11.268</ele><time>2026-04-25T04:48:36Z</time><sat>35</sat></trkpt>
  <trkpt lat="30.30430831" lon="120.08093755"><ele>11.657</ele><time>2026-04-25T04:48:39Z</time><sat>38</sat></trkpt>
  <trkpt lat="30.30428106" lon="120.08093698"><ele>12.804</ele><time>2026-04-25T04:48:42Z</time><sat>37</sat></trkpt>
  <trkpt lat="30.30425382" lon="120.08095367"><ele>13.477</ele><time>2026-04-25T04:48:45Z</time><sat>34</sat></trkpt>
  <trkpt lat="30.30423498" lon="120.08097746"><ele>13.821</ele><time>2026-04-25T04:48:48Z</time><sat>32</sat></trkpt>
  <trkpt lat="30.30422962" lon="120.08097889"><ele>13.274</ele><time>2026-04-25T04:48:51Z</time><sat>35</sat></trkpt>
  <trkpt lat="30.30422979" lon="120.08098099"><ele>13.250</ele><time>2026-04-25T04:48:54Z</time><sat>34</sat></trkpt>
  <trkpt lat="30.30423270" lon="120.08097618"><ele>13.169</ele><time>2026-04-25T04:48:57Z</time><sat>30</sat></trkpt>
  <trkpt lat="30.30422231" lon="120.08096779"><ele>12.984</ele><time>2026-04-25T04:49:00Z</time><sat>33</sat></trkpt>
  <trkpt lat="30.30420035" lon="120.08095899"><ele>12.537</ele><time>2026-04-25T04:49:03Z</time><sat>34</sat></trkpt>
  <trkpt lat="30.30419779" lon="120.08094324"><ele>12.750</ele><time>2026-04-25T04:49:06Z</time><sat>32</sat></trkpt>
  <trkpt lat="30.30419453" lon="120.08095123"><ele>11.762</ele><time>2026-04-25T04:49:09Z</time><sat>31</sat></trkpt>
  <trkpt lat="30.30420431" lon="120.08095515"><ele>10.956</ele><time>2026-04-25T04:49:12Z</time><sat>31</sat></trkpt>
  <trkpt lat="30.30420816" lon="120.08095738"><ele>10.904</ele><time>2026-04-25T04:49:15Z</time><sat>32</sat></trkpt>
  <trkpt lat="30.30419863" lon="120.08092784"><ele>10.796</ele><time>2026-04-25T04:49:18Z</time><sat>30</sat></trkpt>
  <trkpt lat="30.30420603" lon="120.08081195"><ele>10.123</ele><time>2026-04-25T04:49:21Z</time><sat>31</sat></trkpt>
  <trkpt lat="30.30430612" lon="120.08068676"><ele>9.109</ele><time>2026-04-25T04:49:24Z</time><sat>29</sat></trkpt>
  <trkpt lat="30.30447702" lon="120.08067559"><ele>8.029</ele><time>2026-04-25T04:49:27Z</time><sat>33</sat></trkpt>
  <trkpt lat="30.30467978" lon="120.08068350"><ele>7.700</ele><time>2026-04-25T04:49:30Z</time><sat>32</sat></trkpt>
  <trkpt lat="30.30487772" lon="120.08068635"><ele>7.550</ele><time>2026-04-25T04:49:33Z</time><sat>29</sat></trkpt>
  <trkpt lat="30.30504597" lon="120.08066830"><ele>6.751</ele><time>2026-04-25T04:49:36Z</time><sat>27</sat></trkpt>
  <trkpt lat="30.30521432" lon="120.08063885"><ele>6.759</ele><time>2026-04-25T04:49:39Z</time><sat>28</sat></trkpt>
  <trkpt lat="30.30540079" lon="120.08064078"><ele>6.818</ele><time>2026-04-25T04:49:42Z</time><sat>33</sat></trkpt>
  <trkpt lat="30.30560079" lon="120.08066093"><ele>5.916</ele><time>2026-04-25T04:49:45Z</time><sat>32</sat></trkpt>
  <trkpt lat="30.30576228" lon="120.08061677"><ele>5.594</ele><time>2026-04-25T04:49:48Z</time><sat>30</sat></trkpt>
  <trkpt lat="30.30590055" lon="120.08047309"><ele>5.698</ele><time>2026-04-25T04:49:51Z</time><sat>29</sat></trkpt>
  <trkpt lat="30.30605103" lon="120.08034598"><ele>4.684</ele><time>2026-04-25T04:49:54Z</time><sat>30</sat></trkpt>
  <trkpt lat="30.30621561" lon="120.08023264"><ele>4.494</ele><time>2026-04-25T04:49:57Z</time><sat>33</sat></trkpt>
  <trkpt lat="30.30638717" lon="120.08013406"><ele>4.626</ele><time>2026-04-25T04:50:00Z</time><sat>33</sat></trkpt>
  <trkpt lat="30.30651965" lon="120.08006609"><ele>4.967</ele><time>2026-04-25T04:50:03Z</time><sat>30</sat></trkpt>
  <trkpt lat="30.30658414" lon="120.08002168"><ele>5.149</ele><time>2026-04-25T04:50:06Z</time><sat>33</sat></trkpt>
  <trkpt lat="30.30661890" lon="120.07988497"><ele>4.591</ele><time>2026-04-25T04:50:09Z</time><sat>34</sat></trkpt>
  <trkpt lat="30.30659377" lon="120.07972284"><ele>4.701</ele><time>2026-04-25T04:50:12Z</time><sat>35</sat></trkpt>
  <trkpt lat="30.30657893" lon="120.07961844"><ele>4.102</ele><time>2026-04-25T04:50:15Z</time><sat>38</sat></trkpt>
  <trkpt lat="30.30657468" lon="120.07945056"><ele>3.670</ele><time>2026-04-25T04:50:18Z</time><sat>38</sat></trkpt>
  <trkpt lat="30.30652456" lon="120.07924690"><ele>3.465</ele><time>2026-04-25T04:50:21Z</time><sat>36</sat></trkpt>
  <trkpt lat="30.30647816" lon="120.07901093"><ele>3.858</ele><time>2026-04-25T04:50:24Z</time><sat>36</sat></trkpt>
  <trkpt lat="30.30643348" lon="120.07878058"><ele>4.277</ele><time>2026-04-25T04:50:27Z</time><sat>36</sat></trkpt>
  <trkpt lat="30.30639193" lon="120.07854042"><ele>4.798</ele><time>2026-04-25T04:50:30Z</time><sat>37</sat></trkpt>
  <trkpt lat="30.30636107" lon="120.07832396"><ele>4.598</ele><time>2026-04-25T04:50:33Z</time><sat>37</sat></trkpt>
  <trkpt lat="30.30633606" lon="120.07810943"><ele>2.690</ele><time>2026-04-25T04:50:36Z</time><sat>38</sat></trkpt>
  <trkpt lat="30.30629803" lon="120.07790298"><ele>2.723</ele><time>2026-04-25T04:50:39Z</time><sat>39</sat></trkpt>
  <trkpt lat="30.30626077" lon="120.07770596"><ele>2.044</ele><time>2026-04-25T04:50:42Z</time><sat>38</sat></trkpt>
  <trkpt lat="30.30623618" lon="120.07752434"><ele>2.818</ele><time>2026-04-25T04:50:45Z</time><sat>37</sat></trkpt>
  <trkpt lat="30.30621642" lon="120.07731913"><ele>3.776</ele><time>2026-04-25T04:50:48Z</time><sat>37</sat></trkpt>
  <trkpt lat="30.30619112" lon="120.07711770"><ele>4.490</ele><time>2026-04-25T04:50:51Z</time><sat>39</sat></trkpt>
  <trkpt lat="30.30615268" lon="120.07693664"><ele>5.279</ele><time>2026-04-25T04:50:54Z</time><sat>39</sat></trkpt>
  <trkpt lat="30.30612994" lon="120.07675713"><ele>6.697</ele><time>2026-04-25T04:50:57Z</time><sat>37</sat></trkpt>
  <trkpt lat="30.30611221" lon="120.07663666"><ele>6.506</ele><time>2026-04-25T04:51:00Z</time><sat>36</sat></trkpt>
  <trkpt lat="30.30610045" lon="120.07650075"><ele>5.872</ele><time>2026-04-25T04:51:03Z</time><sat>35</sat></trkpt>
  <trkpt lat="30.30607788" lon="120.07632475"><ele>6.035</ele><time>2026-04-25T04:51:06Z</time><sat>40</sat></trkpt>
  <trkpt lat="30.30605357" lon="120.07615164"><ele>6.597</ele><time>2026-04-25T04:51:09Z</time><sat>42</sat></trkpt>
  <trkpt lat="30.30602972" lon="120.07598554"><ele>6.691</ele><time>2026-04-25T04:51:12Z</time><sat>40</sat></trkpt>
  <trkpt lat="30.30603202" lon="120.07580703"><ele>5.554</ele><time>2026-04-25T04:51:15Z</time><sat>39</sat></trkpt>
  <trkpt lat="30.30602878" lon="120.07561298"><ele>5.581</ele><time>2026-04-25T04:51:18Z</time><sat>36</sat></trkpt>
  <trkpt lat="30.30602161" lon="120.07540031"><ele>5.778</ele><time>2026-04-25T04:51:21Z</time><sat>31</sat></trkpt>
  <trkpt lat="30.30601778" lon="120.07519896"><ele>5.478</ele><time>2026-04-25T04:51:24Z</time><sat>31</sat></trkpt>
  <trkpt lat="30.30602020" lon="120.07500825"><ele>5.256</ele><time>2026-04-25T04:51:27Z</time><sat>32</sat></trkpt>
  <trkpt lat="30.30602326" lon="120.07478482"><ele>5.079</ele><time>2026-04-25T04:51:30Z</time><sat>33</sat></trkpt>
  <trkpt lat="30.30601830" lon="120.07454639"><ele>5.319</ele><time>2026-04-25T04:51:33Z</time><sat>35</sat></trkpt>
  <trkpt lat="30.30601391" lon="120.07430560"><ele>6.346</ele><time>2026-04-25T04:51:36Z</time><sat>38</sat></trkpt>
  <trkpt lat="30.30602226" lon="120.07407107"><ele>6.317</ele><time>2026-04-25T04:51:39Z</time><sat>39</sat></trkpt>
  <trkpt lat="30.30602909" lon="120.07388933"><ele>5.467</ele><time>2026-04-25T04:51:42Z</time><sat>40</sat></trkpt>
  <trkpt lat="30.30610666" lon="120.07383163"><ele>4.773</ele><time>2026-04-25T04:51:45Z</time><sat>42</sat></trkpt>
  <trkpt lat="30.30624760" lon="120.07382561"><ele>4.478</ele><time>2026-04-25T04:51:48Z</time><sat>44</sat></trkpt>
  <trkpt lat="30.30643267" lon="120.07381404"><ele>3.961</ele><time>2026-04-25T04:51:51Z</time><sat>43</sat></trkpt>
  <trkpt lat="30.30666339" lon="120.07382112"><ele>4.573</ele><time>2026-04-25T04:51:54Z</time><sat>40</sat></trkpt>
  <trkpt lat="30.30688918" lon="120.07381003"><ele>4.865</ele><time>2026-04-25T04:51:57Z</time><sat>37</sat></trkpt>
  <trkpt lat="30.30709550" lon="120.07378139"><ele>4.707</ele><time>2026-04-25T04:52:00Z</time><sat>38</sat></trkpt>
  <trkpt lat="30.30728086" lon="120.07372800"><ele>4.329</ele><time>2026-04-25T04:52:03Z</time><sat>39</sat></trkpt>
  <trkpt lat="30.30749302" lon="120.07366625"><ele>4.480</ele><time>2026-04-25T04:52:06Z</time><sat>37</sat></trkpt>
  <trkpt lat="30.30772234" lon="120.07356548"><ele>5.508</ele><time>2026-04-25T04:52:09Z</time><sat>36</sat></trkpt>
  <trkpt lat="30.30793826" lon="120.07345616"><ele>5.957</ele><time>2026-04-25T04:52:12Z</time><sat>39</sat></trkpt>
  <trkpt lat="30.30816109" lon="120.07332507"><ele>6.884</ele><time>2026-04-25T04:52:15Z</time><sat>38</sat></trkpt>
  <trkpt lat="30.30838808" lon="120.07319751"><ele>6.141</ele><time>2026-04-25T04:52:18Z</time><sat>41</sat></trkpt>
  <trkpt lat="30.30859036" lon="120.07307676"><ele>5.240</ele><time>2026-04-25T04:52:21Z</time><sat>41</sat></trkpt>
  <trkpt lat="30.30873103" lon="120.07297808"><ele>5.210</ele><time>2026-04-25T04:52:24Z</time><sat>37</sat></trkpt>
  <trkpt lat="30.30880077" lon="120.07284895"><ele>4.303</ele><time>2026-04-25T04:52:27Z</time><sat>38</sat></trkpt>
  <trkpt lat="30.30873426" lon="120.07267380"><ele>3.787</ele><time>2026-04-25T04:52:30Z</time><sat>40</sat></trkpt>
  <trkpt lat="30.30864258" lon="120.07247501"><ele>3.570</ele><time>2026-04-25T04:52:33Z</time><sat>38</sat></trkpt>
  <trkpt lat="30.30856386" lon="120.07226220"><ele>3.515</ele><time>2026-04-25T04:52:36Z</time><sat>39</sat></trkpt>
  <trkpt lat="30.30847213" lon="120.07203909"><ele>3.451</ele><time>2026-04-25T04:52:39Z</time><sat>37</sat></trkpt>
  <trkpt lat="30.30838321" lon="120.07180568"><ele>5.268</ele><time>2026-04-25T04:52:42Z</time><sat>36</sat></trkpt>
  <trkpt lat="30.30830952" lon="120.07156594"><ele>6.518</ele><time>2026-04-25T04:52:45Z</time><sat>39</sat></trkpt>
  <trkpt lat="30.30822805" lon="120.07134671"><ele>8.539</ele><time>2026-04-25T04:52:48Z</time><sat>41</sat></trkpt>
  <trkpt lat="30.30816707" lon="120.07115547"><ele>8.622</ele><time>2026-04-25T04:52:51Z</time><sat>38</sat></trkpt>
  <trkpt lat="30.30809171" lon="120.07101270"><ele>8.966</ele><time>2026-04-25T04:52:54Z</time><sat>40</sat></trkpt>
  <trkpt lat="30.30803891" lon="120.07092756"><ele>9.668</ele><time>2026-04-25T04:52:57Z</time><sat>39</sat></trkpt>
  <trkpt lat="30.30804643" lon="120.07085842"><ele>9.440</ele><time>2026-04-25T04:53:00Z</time><sat>40</sat></trkpt>
  <trkpt lat="30.30808908" lon="120.07082417"><ele>7.803</ele><time>2026-04-25T04:53:03Z</time><sat>41</sat></trkpt>
  <trkpt lat="30.30815213" lon="120.07079093"><ele>7.800</ele><time>2026-04-25T04:53:06Z</time><sat>41</sat></trkpt>
  <trkpt lat="30.30820983" lon="120.07076389"><ele>7.656</ele><time>2026-04-25T04:53:09Z</time><sat>41</sat></trkpt>
  <trkpt lat="30.30826509" lon="120.07073733"><ele>8.209</ele><time>2026-04-25T04:53:12Z</time><sat>40</sat></trkpt>
  <trkpt lat="30.30827815" lon="120.07073482"><ele>8.376</ele><time>2026-04-25T04:53:15Z</time><sat>40</sat></trkpt>
  <trkpt lat="30.30829204" lon="120.07074516"><ele>8.492</ele><time>2026-04-25T04:53:18Z</time><sat>38</sat></trkpt>
  <trkpt lat="30.30829626" lon="120.07074755"><ele>9.343</ele><time>2026-04-25T04:53:21Z</time><sat>40</sat></trkpt>
  <trkpt lat="30.30830569" lon="120.07077599"><ele>9.230</ele><time>2026-04-25T04:53:24Z</time><sat>42</sat></trkpt>
  <trkpt lat="30.30830559" lon="120.07080313"><ele>9.968</ele><time>2026-04-25T04:53:27Z</time><sat>42</sat></trkpt>
  <trkpt lat="30.30830782" lon="120.07083392"><ele>10.239</ele><time>2026-04-25T04:53:30Z</time><sat>41</sat></trkpt>
  <trkpt lat="30.30830271" lon="120.07083494"><ele>11.131</ele><time>2026-04-25T04:53:33Z</time><sat>41</sat></trkpt>
  <trkpt lat="30.30830215" lon="120.07082836"><ele>11.144</ele><time>2026-04-25T04:53:36Z</time><sat>41</sat></trkpt>
  <trkpt lat="30.30829828" lon="120.07082123"><ele>11.235</ele><time>2026-04-25T04:53:39Z</time><sat>42</sat></trkpt>
  <trkpt lat="30.30828758" lon="120.07081823"><ele>11.727</ele><time>2026-04-25T04:53:42Z</time><sat>43</sat></trkpt>
  <trkpt lat="30.30828340" lon="120.07082055"><ele>12.495</ele><time>2026-04-25T04:53:45Z</time><sat>42</sat></trkpt>
  <trkpt lat="30.30828243" lon="120.07082687"><ele>12.910</ele><time>2026-04-25T04:53:48Z</time><sat>42</sat></trkpt>
  <trkpt lat="30.30829038" lon="120.07083754"><ele>12.495</ele><time>2026-04-25T04:53:51Z</time><sat>42</sat></trkpt>
  <trkpt lat="30.30830619" lon="120.07086184"><ele>12.486</ele><time>2026-04-25T04:53:54Z</time><sat>41</sat></trkpt>
  <trkpt lat="30.30832119" lon="120.07089176"><ele>12.463</ele><time>2026-04-25T04:53:57Z</time><sat>42</sat></trkpt>
  <trkpt lat="30.30833411" lon="120.07091181"><ele>12.920</ele><time>2026-04-25T04:54:00Z</time><sat>40</sat></trkpt>
  <trkpt lat="30.30834237" lon="120.07091903"><ele>12.201</ele><time>2026-04-25T04:54:03Z</time><sat>38</sat></trkpt>
  <trkpt lat="30.30836594" lon="120.07091913"><ele>11.998</ele><time>2026-04-25T04:54:06Z</time><sat>39</sat></trkpt>
  <trkpt lat="30.30839528" lon="120.07090309"><ele>12.333</ele><time>2026-04-25T04:54:09Z</time><sat>39</sat></trkpt>
  <trkpt lat="30.30840889" lon="120.07090835"><ele>11.817</ele><time>2026-04-25T04:54:12Z</time><sat>37</sat></trkpt>
  <trkpt lat="30.30842833" lon="120.07090297"><ele>12.952</ele><time>2026-04-25T04:54:15Z</time><sat>38</sat></trkpt>
  <trkpt lat="30.30845389" lon="120.07092029"><ele>16.724</ele><time>2026-04-25T04:54:18Z</time><sat>37</sat></trkpt>
  <trkpt lat="30.30848009" lon="120.07095843"><ele>21.593</ele><time>2026-04-25T04:54:21Z</time><sat>38</sat></trkpt>
  <trkpt lat="30.30852406" lon="120.07096198"><ele>22.478</ele><time>2026-04-25T04:54:24Z</time><sat>39</sat></trkpt>
  <trkpt lat="30.30855633" lon="120.07095366"><ele>21.236</ele><time>2026-04-25T04:54:27Z</time><sat>37</sat></trkpt>
  <trkpt lat="30.30858272" lon="120.07097855"><ele>20.547</ele><time>2026-04-25T04:54:30Z</time><sat>37</sat></trkpt>
  <trkpt lat="30.30859890" lon="120.07100309"><ele>16.620</ele><time>2026-04-25T04:54:33Z</time><sat>37</sat></trkpt>
  <trkpt lat="30.30865056" lon="120.07106277"><ele>13.122</ele><time>2026-04-25T04:54:36Z</time><sat>37</sat></trkpt>
  <trkpt lat="30.30867470" lon="120.07109383"><ele>11.176</ele><time>2026-04-25T04:54:39Z</time><sat>39</sat></trkpt>
  <trkpt lat="30.30868266" lon="120.07110371"><ele>10.494</ele><time>2026-04-25T04:54:42Z</time><sat>38</sat></trkpt>
  <trkpt lat="30.30868575" lon="120.07110803"><ele>11.410</ele><time>2026-04-25T04:54:45Z</time><sat>38</sat></trkpt>
  <trkpt lat="30.30868842" lon="120.07110972"><ele>12.411</ele><time>2026-04-25T04:54:48Z</time><sat>37</sat></trkpt>
  <trkpt lat="30.30869263" lon="120.07113522"><ele>11.280</ele><time>2026-04-25T04:54:51Z</time><sat>37</sat></trkpt>
  <trkpt lat="30.30870223" lon="120.07115873"><ele>10.698</ele><time>2026-04-25T04:54:54Z</time><sat>36</sat></trkpt>
  <trkpt lat="30.30870833" lon="120.07116857"><ele>11.016</ele><time>2026-04-25T04:54:57Z</time><sat>37</sat></trkpt>
  <trkpt lat="30.30870894" lon="120.07117460"><ele>11.733</ele><time>2026-04-25T04:55:00Z</time><sat>34</sat></trkpt>
  <trkpt lat="30.30871011" lon="120.07118127"><ele>12.495</ele><time>2026-04-25T04:55:03Z</time><sat>36</sat></trkpt>
  <trkpt lat="30.30870907" lon="120.07118563"><ele>13.139</ele><time>2026-04-25T04:55:06Z</time><sat>37</sat></trkpt>
  <trkpt lat="30.30870852" lon="120.07118790"><ele>13.465</ele><time>2026-04-25T04:55:09Z</time><sat>36</sat></trkpt>
  <trkpt lat="30.30870922" lon="120.07118822"><ele>13.568</ele><time>2026-04-25T04:55:12Z</time><sat>35</sat></trkpt>
  <trkpt lat="30.30870997" lon="120.07118814"><ele>13.599</ele><time>2026-04-25T04:55:15Z</time><sat>34</sat></trkpt>
  <trkpt lat="30.30870982" lon="120.07118826"><ele>13.605</ele><time>2026-04-25T04:55:18Z</time><sat>36</sat></trkpt>
  <trkpt lat="30.30870881" lon="120.07118885"><ele>13.522</ele><time>2026-04-25T04:55:21Z</time><sat>35</sat></trkpt>
  <trkpt lat="30.30871931" lon="120.07121600"><ele>20.030</ele><time>2026-04-25T04:55:24Z</time><sat>26</sat></trkpt>
  <trkpt lat="30.30872435" lon="120.07122170"><ele>20.934</ele><time>2026-04-25T04:55:27Z</time><sat>27</sat></trkpt>
  <trkpt lat="30.30871467" lon="120.07121599"><ele>21.028</ele><time>2026-04-25T04:55:30Z</time><sat>32</sat></trkpt>
  <trkpt lat="30.30870464" lon="120.07121897"><ele>21.562</ele><time>2026-04-25T04:55:33Z</time><sat>25</sat></trkpt>
  <trkpt lat="30.30868854" lon="120.07121456"><ele>22.869</ele><time>2026-04-25T04:55:36Z</time><sat>15</sat></trkpt>
  <trkpt lat="30.30867429" lon="120.07121281"><ele>23.646</ele><time>2026-04-25T04:55:39Z</time><sat>27</sat></trkpt>
  <trkpt lat="30.30868098" lon="120.07123503"><ele>25.447</ele><time>2026-04-25T04:55:42Z</time><sat>33</sat></trkpt>
  <trkpt lat="30.30868231" lon="120.07123895"><ele>25.624</ele><time>2026-04-25T04:55:45Z</time><sat>32</sat></trkpt>
  <trkpt lat="30.30868257" lon="120.07123989"><ele>25.577</ele><time>2026-04-25T04:55:48Z</time><sat>22</sat></trkpt>
  <trkpt lat="30.30868276" lon="120.07124078"><ele>25.451</ele><time>2026-04-25T04:55:51Z</time><sat>9</sat></trkpt>
  <trkpt lat="30.30868244" lon="120.07124065"><ele>25.576</ele><time>2026-04-25T04:55:54Z</time><sat>12</sat></trkpt>
  <trkpt lat="30.30868215" lon="120.07124104"><ele>25.538</ele><time>2026-04-25T04:55:57Z</time><sat>19</sat></trkpt>
  <trkpt lat="30.30868219" lon="120.07124156"><ele>25.488</ele><time>2026-04-25T04:56:00Z</time><sat>13</sat></trkpt>
  <trkpt lat="30.30868226" lon="120.07124180"><ele>25.488</ele><time>2026-04-25T04:56:03Z</time><sat>5</sat></trkpt>
  <trkpt lat="30.30830029" lon="120.07165945"><ele>45.373</ele><time>2026-04-25T05:16:18Z</time><sat>10</sat></trkpt>
  <trkpt lat="30.30834757" lon="120.07158401"><ele>45.338</ele><time>2026-04-25T05:16:21Z</time><sat>9</sat></trkpt>
  <trkpt lat="30.30835825" lon="120.07158152"><ele>45.330</ele><time>2026-04-25T05:16:24Z</time><sat>7</sat></trkpt>
  <trkpt lat="30.30835707" lon="120.07158353"><ele>45.318</ele><time>2026-04-25T05:16:27Z</time><sat>7</sat></trkpt>
  <trkpt lat="30.30835107" lon="120.07158810"><ele>45.316</ele><time>2026-04-25T05:16:30Z</time><sat>9</sat></trkpt>
  <trkpt lat="30.30836601" lon="120.07157542"><ele>45.313</ele><time>2026-04-25T05:16:33Z</time><sat>7</sat></trkpt>
  <trkpt lat="30.30836888" lon="120.07157535"><ele>45.314</ele><time>2026-04-25T05:16:36Z</time><sat>5</sat></trkpt>
  <trkpt lat="30.30836775" lon="120.07157998"><ele>45.308</ele><time>2026-04-25T05:16:39Z</time><sat>4</sat></trkpt>
  <trkpt lat="30.30836701" lon="120.07158099"><ele>45.308</ele><time>2026-04-25T05:16:42Z</time><sat>7</sat></trkpt>
  <trkpt lat="30.30836701" lon="120.07158099"><ele>45.308</ele><time>2026-04-25T05:16:45Z</time><sat>7</sat></trkpt>
  <trkpt lat="30.30837040" lon="120.07172708"><ele>44.464</ele><time>2026-04-25T05:16:48Z</time><sat>2</sat></trkpt>
  <trkpt lat="30.30827071" lon="120.07150575"><ele>42.375</ele><time>2026-04-25T05:18:00Z</time><sat>7</sat></trkpt>
  <trkpt lat="30.30827804" lon="120.07153308"><ele>42.910</ele><time>2026-04-25T05:18:03Z</time><sat>7</sat></trkpt>
  <trkpt lat="30.30832792" lon="120.07149902"><ele>43.035</ele><time>2026-04-25T05:18:06Z</time><sat>6</sat></trkpt>
  <trkpt lat="30.30838986" lon="120.07148783"><ele>42.843</ele><time>2026-04-25T05:18:09Z</time><sat>5</sat></trkpt>
  <trkpt lat="30.30837088" lon="120.07148149"><ele>42.917</ele><time>2026-04-25T05:18:12Z</time><sat>5</sat></trkpt>
  <trkpt lat="30.30833445" lon="120.07150147"><ele>43.491</ele><time>2026-04-25T05:18:15Z</time><sat>8</sat></trkpt>
  <trkpt lat="30.30830547" lon="120.07152659"><ele>42.879</ele><time>2026-04-25T05:18:18Z</time><sat>7</sat></trkpt>
  <trkpt lat="30.30833668" lon="120.07153359"><ele>43.939</ele><time>2026-04-25T05:18:21Z</time><sat>5</sat></trkpt>
  <trkpt lat="30.30836880" lon="120.07151518"><ele>44.067</ele><time>2026-04-25T05:18:24Z</time><sat>7</sat></trkpt>
  <trkpt lat="30.30832747" lon="120.07153622"><ele>43.409</ele><time>2026-04-25T05:18:27Z</time><sat>8</sat></trkpt>
  <trkpt lat="30.30826927" lon="120.07154013"><ele>42.434</ele><time>2026-04-25T05:18:30Z</time><sat>8</sat></trkpt>
  <trkpt lat="30.30822892" lon="120.07152633"><ele>41.695</ele><time>2026-04-25T05:18:33Z</time><sat>8</sat></trkpt>
  <trkpt lat="30.30816487" lon="120.07153070"><ele>43.489</ele><time>2026-04-25T05:18:36Z</time><sat>9</sat></trkpt>
  <trkpt lat="30.30812252" lon="120.07155395"><ele>43.690</ele><time>2026-04-25T05:18:39Z</time><sat>9</sat></trkpt>
  <trkpt lat="30.30810745" lon="120.07157091"><ele>43.320</ele><time>2026-04-25T05:18:42Z</time><sat>8</sat></trkpt>
  <trkpt lat="30.30810814" lon="120.07159115"><ele>43.215</ele><time>2026-04-25T05:18:45Z</time><sat>6</sat></trkpt>
  <trkpt lat="30.30829492" lon="120.07157613"><ele>41.694</ele><time>2026-04-25T05:18:48Z</time><sat>7</sat></trkpt>
  <trkpt lat="30.30828923" lon="120.07157621"><ele>41.900</ele><time>2026-04-25T05:18:51Z</time><sat>9</sat></trkpt>
  <trkpt lat="30.30828310" lon="120.07159107"><ele>42.240</ele><time>2026-04-25T05:18:54Z</time><sat>7</sat></trkpt>
  <trkpt lat="30.30827176" lon="120.07161413"><ele>42.098</ele><time>2026-04-25T05:18:57Z</time><sat>6</sat></trkpt>
  <trkpt lat="30.30826240" lon="120.07161915"><ele>40.980</ele><time>2026-04-25T05:19:00Z</time><sat>6</sat></trkpt>
  <trkpt lat="30.30829985" lon="120.07164562"><ele>41.175</ele><time>2026-04-25T05:19:03Z</time><sat>7</sat></trkpt>
  <trkpt lat="30.30832075" lon="120.07166392"><ele>41.058</ele><time>2026-04-25T05:19:06Z</time><sat>6</sat></trkpt>
  <trkpt lat="30.30839446" lon="120.07161182"><ele>40.766</ele><time>2026-04-25T05:19:09Z</time><sat>5</sat></trkpt>
  <trkpt lat="30.30855907" lon="120.07130843"><ele>39.454</ele><time>2026-04-25T05:19:12Z</time><sat>7</sat></trkpt>
  <trkpt lat="30.30859334" lon="120.07131151"><ele>37.072</ele><time>2026-04-25T05:19:15Z</time><sat>6</sat></trkpt>
  <trkpt lat="30.30857657" lon="120.07128152"><ele>37.513</ele><time>2026-04-25T05:19:18Z</time><sat>6</sat></trkpt>
  <trkpt lat="30.30858050" lon="120.07127016"><ele>37.186</ele><time>2026-04-25T05:19:21Z</time><sat>6</sat></trkpt>
  <trkpt lat="30.30858801" lon="120.07125333"><ele>36.254</ele><time>2026-04-25T05:19:24Z</time><sat>6</sat></trkpt>
  <trkpt lat="30.30859615" lon="120.07121613"><ele>35.882</ele><time>2026-04-25T05:19:27Z</time><sat>6</sat></trkpt>
  <trkpt lat="30.30861925" lon="120.07127466"><ele>36.838</ele><time>2026-04-25T05:19:30Z</time><sat>6</sat></trkpt>
  <trkpt lat="30.30842345" lon="120.07148514"><ele>38.222</ele><time>2026-04-25T05:20:03Z</time><sat>6</sat></trkpt>
  <trkpt lat="30.30841467" lon="120.07149677"><ele>37.837</ele><time>2026-04-25T05:20:06Z</time><sat>4</sat></trkpt>
  <trkpt lat="30.30839748" lon="120.07152194"><ele>37.541</ele><time>2026-04-25T05:20:09Z</time><sat>2</sat></trkpt>
  <trkpt lat="30.30840747" lon="120.07153736"><ele>37.354</ele><time>2026-04-25T05:20:12Z</time><sat>5</sat></trkpt>
  <trkpt lat="30.30845102" lon="120.07154487"><ele>37.722</ele><time>2026-04-25T05:20:15Z</time><sat>6</sat></trkpt>
  <trkpt lat="30.30848311" lon="120.07154622"><ele>37.635</ele><time>2026-04-25T05:20:18Z</time><sat>3</sat></trkpt>
  <trkpt lat="30.30844324" lon="120.07152765"><ele>37.601</ele><time>2026-04-25T05:20:21Z</time><sat>4</sat></trkpt>
  <trkpt lat="30.30845503" lon="120.07150275"><ele>37.116</ele><time>2026-04-25T05:20:24Z</time><sat>7</sat></trkpt>
  <trkpt lat="30.30850113" lon="120.07144969"><ele>36.542</ele><time>2026-04-25T05:20:27Z</time><sat>6</sat></trkpt>
  <trkpt lat="30.30850861" lon="120.07142558"><ele>37.145</ele><time>2026-04-25T05:20:30Z</time><sat>6</sat></trkpt>
  <trkpt lat="30.30854106" lon="120.07141641"><ele>37.838</ele><time>2026-04-25T05:20:33Z</time><sat>6</sat></trkpt>
  <trkpt lat="30.30847808" lon="120.07143233"><ele>37.554</ele><time>2026-04-25T05:20:36Z</time><sat>6</sat></trkpt>
  <trkpt lat="30.30845025" lon="120.07143991"><ele>35.373</ele><time>2026-04-25T05:20:39Z</time><sat>7</sat></trkpt>
  <trkpt lat="30.30841510" lon="120.07143908"><ele>35.091</ele><time>2026-04-25T05:20:42Z</time><sat>7</sat></trkpt>
  <trkpt lat="30.30842737" lon="120.07140815"><ele>35.092</ele><time>2026-04-25T05:20:45Z</time><sat>6</sat></trkpt>
  <trkpt lat="30.30864932" lon="120.07116116"><ele>57.163</ele><time>2026-04-25T05:22:57Z</time></trkpt>
  <trkpt lat="30.30863844" lon="120.07114678"><ele>53.747</ele><time>2026-04-25T05:23:00Z</time></trkpt>
  <trkpt lat="30.30866382" lon="120.07116338"><ele>41.020</ele><time>2026-04-25T05:23:03Z</time></trkpt>
  <trkpt lat="30.30869072" lon="120.07118866"><ele>29.904</ele><time>2026-04-25T05:23:06Z</time></trkpt>
  <trkpt lat="30.30872130" lon="120.07121192"><ele>30.112</ele><time>2026-04-25T05:23:09Z</time></trkpt>
  <trkpt lat="30.30872168" lon="120.07123454"><ele>29.413</ele><time>2026-04-25T05:23:12Z</time></trkpt>
  <trkpt lat="30.30871878" lon="120.07123752"><ele>29.036</ele><time>2026-04-25T05:23:15Z</time></trkpt>
  <trkpt lat="30.30872194" lon="120.07123874"><ele>31.267</ele><time>2026-04-25T05:23:18Z</time></trkpt>
  <trkpt lat="30.30873106" lon="120.07122726"><ele>31.985</ele><time>2026-04-25T05:23:21Z</time></trkpt>
  <trkpt lat="30.30873996" lon="120.07124650"><ele>30.647</ele><time>2026-04-25T05:23:24Z</time></trkpt>
  <trkpt lat="30.30874923" lon="120.07125538"><ele>29.833</ele><time>2026-04-25T05:23:27Z</time></trkpt>
  <trkpt lat="30.30873501" lon="120.07126431"><ele>30.592</ele><time>2026-04-25T05:23:30Z</time></trkpt>
  <trkpt lat="30.30872614" lon="120.07127176"><ele>31.209</ele><time>2026-04-25T05:23:33Z</time></trkpt>
  <trkpt lat="30.30871477" lon="120.07126747"><ele>31.252</ele><time>2026-04-25T05:23:36Z</time></trkpt>
  <trkpt lat="30.30869701" lon="120.07128041"><ele>27.198</ele><time>2026-04-25T05:23:39Z</time></trkpt>
  <trkpt lat="30.30867018" lon="120.07131431"><ele>29.753</ele><time>2026-04-25T05:23:42Z</time><sat>12</sat></trkpt>
  <trkpt lat="30.30864276" lon="120.07132080"><ele>28.006</ele><time>2026-04-25T05:23:45Z</time><sat>24</sat></trkpt>
  <trkpt lat="30.30862637" lon="120.07131456"><ele>27.681</ele><time>2026-04-25T05:23:48Z</time><sat>24</sat></trkpt>
  <trkpt lat="30.30861151" lon="120.07131208"><ele>27.029</ele><time>2026-04-25T05:23:51Z</time><sat>24</sat></trkpt>
  <trkpt lat="30.30860523" lon="120.07130523"><ele>26.843</ele><time>2026-04-25T05:23:54Z</time><sat>29</sat></trkpt>
  <trkpt lat="30.30860393" lon="120.07130121"><ele>26.692</ele><time>2026-04-25T05:23:57Z</time><sat>29</sat></trkpt>
  <trkpt lat="30.30859627" lon="120.07128823"><ele>27.084</ele><time>2026-04-25T05:24:00Z</time><sat>29</sat></trkpt>
  <trkpt lat="30.30857730" lon="120.07125899"><ele>25.507</ele><time>2026-04-25T05:24:03Z</time><sat>29</sat></trkpt>
  <trkpt lat="30.30854184" lon="120.07120665"><ele>19.888</ele><time>2026-04-25T05:24:06Z</time><sat>34</sat></trkpt>
  <trkpt lat="30.30854469" lon="120.07117532"><ele>16.433</ele><time>2026-04-25T05:24:09Z</time><sat>34</sat></trkpt>
  <trkpt lat="30.30854462" lon="120.07114916"><ele>16.430</ele><time>2026-04-25T05:24:12Z</time><sat>34</sat></trkpt>
  <trkpt lat="30.30853049" lon="120.07111412"><ele>17.014</ele><time>2026-04-25T05:24:15Z</time><sat>34</sat></trkpt>
  <trkpt lat="30.30853994" lon="120.07107425"><ele>19.753</ele><time>2026-04-25T05:24:18Z</time><sat>34</sat></trkpt>
  <trkpt lat="30.30852970" lon="120.07100338"><ele>20.147</ele><time>2026-04-25T05:24:21Z</time><sat>36</sat></trkpt>
  <trkpt lat="30.30850822" lon="120.07097019"><ele>21.737</ele><time>2026-04-25T05:24:24Z</time><sat>36</sat></trkpt>
  <trkpt lat="30.30847619" lon="120.07094699"><ele>20.744</ele><time>2026-04-25T05:24:27Z</time><sat>36</sat></trkpt>
  <trkpt lat="30.30846001" lon="120.07092559"><ele>19.168</ele><time>2026-04-25T05:24:30Z</time><sat>36</sat></trkpt>
  <trkpt lat="30.30844072" lon="120.07090454"><ele>18.187</ele><time>2026-04-25T05:24:33Z</time><sat>36</sat></trkpt>
  <trkpt lat="30.30842757" lon="120.07088395"><ele>13.253</ele><time>2026-04-25T05:24:36Z</time><sat>36</sat></trkpt>
  <trkpt lat="30.30840515" lon="120.07086982"><ele>12.965</ele><time>2026-04-25T05:24:39Z</time><sat>36</sat></trkpt>
  <trkpt lat="30.30838576" lon="120.07087342"><ele>13.587</ele><time>2026-04-25T05:24:42Z</time><sat>37</sat></trkpt>
  <trkpt lat="30.30836081" lon="120.07088035"><ele>15.165</ele><time>2026-04-25T05:24:45Z</time><sat>37</sat></trkpt>
  <trkpt lat="30.30833934" lon="120.07089074"><ele>16.059</ele><time>2026-04-25T05:24:48Z</time><sat>37</sat></trkpt>
  <trkpt lat="30.30830760" lon="120.07090977"><ele>16.599</ele><time>2026-04-25T05:24:51Z</time><sat>36</sat></trkpt>
  <trkpt lat="30.30829749" lon="120.07088995"><ele>15.194</ele><time>2026-04-25T05:24:54Z</time><sat>36</sat></trkpt>
  <trkpt lat="30.30829037" lon="120.07086334"><ele>12.779</ele><time>2026-04-25T05:24:57Z</time><sat>36</sat></trkpt>
  <trkpt lat="30.30828008" lon="120.07084001"><ele>11.792</ele><time>2026-04-25T05:25:00Z</time><sat>32</sat></trkpt>
  <trkpt lat="30.30826395" lon="120.07081537"><ele>12.784</ele><time>2026-04-25T05:25:03Z</time><sat>32</sat></trkpt>
  <trkpt lat="30.30824978" lon="120.07079851"><ele>14.942</ele><time>2026-04-25T05:25:06Z</time><sat>32</sat></trkpt>
  <trkpt lat="30.30822298" lon="120.07078835"><ele>14.336</ele><time>2026-04-25T05:25:09Z</time><sat>32</sat></trkpt>
  <trkpt lat="30.30818577" lon="120.07078327"><ele>14.293</ele><time>2026-04-25T05:25:12Z</time><sat>32</sat></trkpt>
  <trkpt lat="30.30814823" lon="120.07078950"><ele>13.181</ele><time>2026-04-25T05:25:15Z</time><sat>32</sat></trkpt>
  <trkpt lat="30.30812661" lon="120.07080026"><ele>12.802</ele><time>2026-04-25T05:25:18Z</time><sat>32</sat></trkpt>
  <trkpt lat="30.30812493" lon="120.07082180"><ele>11.982</ele><time>2026-04-25T05:25:21Z</time><sat>34</sat></trkpt>
  <trkpt lat="30.30811929" lon="120.07082224"><ele>12.280</ele><time>2026-04-25T05:25:24Z</time><sat>34</sat></trkpt>
  <trkpt lat="30.30811588" lon="120.07082562"><ele>12.929</ele><time>2026-04-25T05:25:27Z</time><sat>34</sat></trkpt>
  <trkpt lat="30.30811510" lon="120.07082691"><ele>12.951</ele><time>2026-04-25T05:25:30Z</time><sat>33</sat></trkpt>
  <trkpt lat="30.30810959" lon="120.07083130"><ele>12.819</ele><time>2026-04-25T05:25:33Z</time><sat>33</sat></trkpt>
  <trkpt lat="30.30808444" lon="120.07084295"><ele>12.010</ele><time>2026-04-25T05:25:36Z</time><sat>33</sat></trkpt>
  <trkpt lat="30.30806729" lon="120.07085782"><ele>10.550</ele><time>2026-04-25T05:25:39Z</time><sat>33</sat></trkpt>
  <trkpt lat="30.30806781" lon="120.07085699"><ele>9.582</ele><time>2026-04-25T05:25:42Z</time><sat>35</sat></trkpt>
  <trkpt lat="30.30806573" lon="120.07085449"><ele>8.863</ele><time>2026-04-25T05:25:45Z</time><sat>35</sat></trkpt>
  <trkpt lat="30.30806510" lon="120.07085196"><ele>8.641</ele><time>2026-04-25T05:25:48Z</time><sat>35</sat></trkpt>
  <trkpt lat="30.30806482" lon="120.07085055"><ele>8.599</ele><time>2026-04-25T05:25:51Z</time><sat>35</sat></trkpt>
  <trkpt lat="30.30806288" lon="120.07084770"><ele>8.574</ele><time>2026-04-25T05:25:54Z</time><sat>35</sat></trkpt>
  <trkpt lat="30.30806113" lon="120.07084164"><ele>8.336</ele><time>2026-04-25T05:25:57Z</time><sat>34</sat></trkpt>
  <trkpt lat="30.30806130" lon="120.07084555"><ele>8.345</ele><time>2026-04-25T05:26:00Z</time><sat>34</sat></trkpt>
  <trkpt lat="30.30806518" lon="120.07084580"><ele>8.481</ele><time>2026-04-25T05:26:03Z</time><sat>34</sat></trkpt>
  <trkpt lat="30.30806474" lon="120.07084562"><ele>7.889</ele><time>2026-04-25T05:26:06Z</time><sat>35</sat></trkpt>
  <trkpt lat="30.30806464" lon="120.07084410"><ele>7.847</ele><time>2026-04-25T05:26:09Z</time><sat>35</sat></trkpt>
  <trkpt lat="30.30806534" lon="120.07084138"><ele>7.690</ele><time>2026-04-25T05:26:12Z</time><sat>35</sat></trkpt>
  <trkpt lat="30.30806451" lon="120.07083953"><ele>7.729</ele><time>2026-04-25T05:26:15Z</time><sat>35</sat></trkpt>
  <trkpt lat="30.30806355" lon="120.07083925"><ele>7.812</ele><time>2026-04-25T05:26:18Z</time><sat>35</sat></trkpt>
  <trkpt lat="30.30806357" lon="120.07083852"><ele>7.850</ele><time>2026-04-25T05:26:21Z</time><sat>35</sat></trkpt>
  <trkpt lat="30.30806303" lon="120.07083691"><ele>8.033</ele><time>2026-04-25T05:26:24Z</time><sat>35</sat></trkpt>
  <trkpt lat="30.30806288" lon="120.07083670"><ele>8.039</ele><time>2026-04-25T05:26:27Z</time><sat>35</sat></trkpt>
  <trkpt lat="30.30806281" lon="120.07083667"><ele>8.044</ele><time>2026-04-25T05:26:30Z</time><sat>35</sat></trkpt>
  <trkpt lat="30.30806050" lon="120.07083548"><ele>7.819</ele><time>2026-04-25T05:26:33Z</time><sat>34</sat></trkpt>
  <trkpt lat="30.30805459" lon="120.07084713"><ele>6.376</ele><time>2026-04-25T05:26:36Z</time><sat>34</sat></trkpt>
  <trkpt lat="30.30806136" lon="120.07086295"><ele>5.724</ele><time>2026-04-25T05:26:39Z</time><sat>34</sat></trkpt>
  <trkpt lat="30.30806139" lon="120.07086850"><ele>5.740</ele><time>2026-04-25T05:26:42Z</time><sat>35</sat></trkpt>
  <trkpt lat="30.30806252" lon="120.07086627"><ele>6.028</ele><time>2026-04-25T05:26:45Z</time><sat>39</sat></trkpt>
  <trkpt lat="30.30806420" lon="120.07086829"><ele>6.646</ele><time>2026-04-25T05:26:48Z</time><sat>36</sat></trkpt>
  <trkpt lat="30.30806555" lon="120.07086949"><ele>6.859</ele><time>2026-04-25T05:26:51Z</time><sat>36</sat></trkpt>
  <trkpt lat="30.30806526" lon="120.07086988"><ele>6.882</ele><time>2026-04-25T05:26:54Z</time><sat>37</sat></trkpt>
  <trkpt lat="30.30806496" lon="120.07086979"><ele>6.848</ele><time>2026-04-25T05:26:57Z</time><sat>37</sat></trkpt>
  <trkpt lat="30.30806492" lon="120.07086976"><ele>6.847</ele><time>2026-04-25T05:27:00Z</time><sat>37</sat></trkpt>
  <trkpt lat="30.30806486" lon="120.07086972"><ele>6.844</ele><time>2026-04-25T05:27:03Z</time><sat>37</sat></trkpt>
  <trkpt lat="30.30806764" lon="120.07086451"><ele>6.602</ele><time>2026-04-25T05:27:06Z</time><sat>33</sat></trkpt>
  <trkpt lat="30.30807206" lon="120.07086840"><ele>6.922</ele><time>2026-04-25T05:27:09Z</time><sat>31</sat></trkpt>
  <trkpt lat="30.30807166" lon="120.07087201"><ele>7.335</ele><time>2026-04-25T05:27:12Z</time><sat>36</sat></trkpt>
  <trkpt lat="30.30807593" lon="120.07087470"><ele>7.001</ele><time>2026-04-25T05:27:15Z</time><sat>36</sat></trkpt>
  <trkpt lat="30.30807496" lon="120.07087619"><ele>6.339</ele><time>2026-04-25T05:27:18Z</time><sat>37</sat></trkpt>
  <trkpt lat="30.30807333" lon="120.07087362"><ele>5.916</ele><time>2026-04-25T05:27:21Z</time><sat>37</sat></trkpt>
  <trkpt lat="30.30807459" lon="120.07087341"><ele>6.079</ele><time>2026-04-25T05:27:24Z</time><sat>38</sat></trkpt>
  <trkpt lat="30.30807374" lon="120.07087517"><ele>5.537</ele><time>2026-04-25T05:27:27Z</time><sat>36</sat></trkpt>
  <trkpt lat="30.30807368" lon="120.07087542"><ele>4.861</ele><time>2026-04-25T05:27:30Z</time><sat>40</sat></trkpt>
  <trkpt lat="30.30807028" lon="120.07087902"><ele>4.519</ele><time>2026-04-25T05:27:33Z</time><sat>40</sat></trkpt>
  <trkpt lat="30.30806803" lon="120.07088479"><ele>4.243</ele><time>2026-04-25T05:27:36Z</time><sat>39</sat></trkpt>
  <trkpt lat="30.30807284" lon="120.07087958"><ele>4.253</ele><time>2026-04-25T05:27:39Z</time><sat>41</sat></trkpt>
  <trkpt lat="30.30807706" lon="120.07087349"><ele>4.333</ele><time>2026-04-25T05:27:42Z</time><sat>41</sat></trkpt>
  <trkpt lat="30.30807638" lon="120.07087381"><ele>4.423</ele><time>2026-04-25T05:27:45Z</time><sat>41</sat></trkpt>
  <trkpt lat="30.30807613" lon="120.07087630"><ele>4.427</ele><time>2026-04-25T05:27:48Z</time><sat>40</sat></trkpt>
  <trkpt lat="30.30807749" lon="120.07087727"><ele>4.714</ele><time>2026-04-25T05:27:51Z</time><sat>40</sat></trkpt>
  <trkpt lat="30.30807795" lon="120.07087672"><ele>4.742</ele><time>2026-04-25T05:27:54Z</time><sat>40</sat></trkpt>
  <trkpt lat="30.30807824" lon="120.07087602"><ele>4.719</ele><time>2026-04-25T05:27:57Z</time><sat>37</sat></trkpt>
  <trkpt lat="30.30807855" lon="120.07087549"><ele>4.684</ele><time>2026-04-25T05:28:00Z</time><sat>37</sat></trkpt>
  <trkpt lat="30.30807866" lon="120.07087535"><ele>4.677</ele><time>2026-04-25T05:28:03Z</time><sat>35</sat></trkpt>
  <trkpt lat="30.30807908" lon="120.07087515"><ele>4.654</ele><time>2026-04-25T05:28:06Z</time><sat>36</sat></trkpt>
  <trkpt lat="30.30807960" lon="120.07087340"><ele>4.178</ele><time>2026-04-25T05:28:09Z</time><sat>40</sat></trkpt>
  <trkpt lat="30.30807839" lon="120.07086720"><ele>3.889</ele><time>2026-04-25T05:28:12Z</time><sat>40</sat></trkpt>
  <trkpt lat="30.30808449" lon="120.07086562"><ele>3.778</ele><time>2026-04-25T05:28:15Z</time><sat>40</sat></trkpt>
  <trkpt lat="30.30809551" lon="120.07085148"><ele>4.139</ele><time>2026-04-25T05:28:18Z</time><sat>37</sat></trkpt>
  <trkpt lat="30.30809845" lon="120.07085661"><ele>4.053</ele><time>2026-04-25T05:28:21Z</time><sat>37</sat></trkpt>
  <trkpt lat="30.30810005" lon="120.07085675"><ele>4.128</ele><time>2026-04-25T05:28:24Z</time><sat>38</sat></trkpt>
  <trkpt lat="30.30809692" lon="120.07085288"><ele>4.106</ele><time>2026-04-25T05:28:27Z</time><sat>39</sat></trkpt>
  <trkpt lat="30.30809132" lon="120.07085280"><ele>4.070</ele><time>2026-04-25T05:28:30Z</time><sat>40</sat></trkpt>
  <trkpt lat="30.30809600" lon="120.07084568"><ele>4.290</ele><time>2026-04-25T05:28:33Z</time><sat>38</sat></trkpt>
  <trkpt lat="30.30810031" lon="120.07084091"><ele>4.123</ele><time>2026-04-25T05:28:36Z</time><sat>37</sat></trkpt>
  <trkpt lat="30.30810300" lon="120.07083828"><ele>4.163</ele><time>2026-04-25T05:28:39Z</time><sat>35</sat></trkpt>
  <trkpt lat="30.30810547" lon="120.07083591"><ele>4.387</ele><time>2026-04-25T05:28:42Z</time><sat>36</sat></trkpt>
  <trkpt lat="30.30810511" lon="120.07082797"><ele>4.175</ele><time>2026-04-25T05:28:45Z</time><sat>37</sat></trkpt>
  <trkpt lat="30.30810220" lon="120.07082237"><ele>3.994</ele><time>2026-04-25T05:28:48Z</time><sat>40</sat></trkpt>
  <trkpt lat="30.30810251" lon="120.07082142"><ele>4.103</ele><time>2026-04-25T05:28:51Z</time><sat>40</sat></trkpt>
  <trkpt lat="30.30809859" lon="120.07082265"><ele>4.111</ele><time>2026-04-25T05:28:54Z</time><sat>38</sat></trkpt>
  <trkpt lat="30.30809887" lon="120.07083602"><ele>5.529</ele><time>2026-04-25T05:28:57Z</time><sat>37</sat></trkpt>
  <trkpt lat="30.30808187" lon="120.07084478"><ele>5.825</ele><time>2026-04-25T05:29:00Z</time><sat>41</sat></trkpt>
  <trkpt lat="30.30807011" lon="120.07084725"><ele>6.036</ele><time>2026-04-25T05:29:03Z</time><sat>40</sat></trkpt>
  <trkpt lat="30.30803924" lon="120.07085492"><ele>6.769</ele><time>2026-04-25T05:29:06Z</time><sat>34</sat></trkpt>
  <trkpt lat="30.30799402" lon="120.07083530"><ele>7.442</ele><time>2026-04-25T05:29:09Z</time><sat>36</sat></trkpt>
  <trkpt lat="30.30795834" lon="120.07080570"><ele>7.796</ele><time>2026-04-25T05:29:12Z</time><sat>37</sat></trkpt>
  <trkpt lat="30.30792896" lon="120.07077401"><ele>7.272</ele><time>2026-04-25T05:29:15Z</time><sat>33</sat></trkpt>
  <trkpt lat="30.30789617" lon="120.07073395"><ele>5.797</ele><time>2026-04-25T05:29:18Z</time><sat>34</sat></trkpt>
  <trkpt lat="30.30787411" lon="120.07069701"><ele>6.248</ele><time>2026-04-25T05:29:21Z</time><sat>36</sat></trkpt>
  <trkpt lat="30.30786627" lon="120.07067384"><ele>7.244</ele><time>2026-04-25T05:29:24Z</time><sat>38</sat></trkpt>
  <trkpt lat="30.30786436" lon="120.07065354"><ele>6.776</ele><time>2026-04-25T05:29:27Z</time><sat>40</sat></trkpt>
  <trkpt lat="30.30785946" lon="120.07065072"><ele>7.157</ele><time>2026-04-25T05:29:30Z</time><sat>40</sat></trkpt>
  <trkpt lat="30.30786024" lon="120.07065314"><ele>6.420</ele><time>2026-04-25T05:29:33Z</time><sat>38</sat></trkpt>
  <trkpt lat="30.30786070" lon="120.07065417"><ele>6.458</ele><time>2026-04-25T05:29:36Z</time><sat>38</sat></trkpt>
  <trkpt lat="30.30782877" lon="120.07059885"><ele>6.793</ele><time>2026-04-25T05:29:39Z</time><sat>38</sat></trkpt>
  <trkpt lat="30.30773559" lon="120.07042117"><ele>6.606</ele><time>2026-04-25T05:29:42Z</time><sat>36</sat></trkpt>
  <trkpt lat="30.30762542" lon="120.07017631"><ele>6.193</ele><time>2026-04-25T05:29:45Z</time><sat>35</sat></trkpt>
  <trkpt lat="30.30751948" lon="120.06992519"><ele>6.430</ele><time>2026-04-25T05:29:48Z</time><sat>35</sat></trkpt>
  <trkpt lat="30.30740435" lon="120.06964863"><ele>5.593</ele><time>2026-04-25T05:29:51Z</time><sat>33</sat></trkpt>
  <trkpt lat="30.30730280" lon="120.06940984"><ele>6.085</ele><time>2026-04-25T05:29:54Z</time><sat>34</sat></trkpt>
  <trkpt lat="30.30720125" lon="120.06916607"><ele>7.791</ele><time>2026-04-25T05:29:57Z</time><sat>33</sat></trkpt>
  <trkpt lat="30.30710158" lon="120.06892958"><ele>7.694</ele><time>2026-04-25T05:30:00Z</time><sat>30</sat></trkpt>
  <trkpt lat="30.30700119" lon="120.06870451"><ele>8.720</ele><time>2026-04-25T05:30:03Z</time><sat>34</sat></trkpt>
  <trkpt lat="30.30691503" lon="120.06850379"><ele>8.706</ele><time>2026-04-25T05:30:06Z</time><sat>36</sat></trkpt>
  <trkpt lat="30.30684763" lon="120.06834477"><ele>8.310</ele><time>2026-04-25T05:30:09Z</time><sat>34</sat></trkpt>
  <trkpt lat="30.30677041" lon="120.06820204"><ele>7.541</ele><time>2026-04-25T05:30:12Z</time><sat>36</sat></trkpt>
  <trkpt lat="30.30663296" lon="120.06814792"><ele>6.241</ele><time>2026-04-25T05:30:15Z</time><sat>36</sat></trkpt>
  <trkpt lat="30.30643149" lon="120.06815530"><ele>5.583</ele><time>2026-04-25T05:30:18Z</time><sat>37</sat></trkpt>
  <trkpt lat="30.30617104" lon="120.06815360"><ele>5.107</ele><time>2026-04-25T05:30:21Z</time><sat>39</sat></trkpt>
  <trkpt lat="30.30590479" lon="120.06816628"><ele>4.544</ele><time>2026-04-25T05:30:24Z</time><sat>40</sat></trkpt>
  <trkpt lat="30.30564258" lon="120.06817563"><ele>4.702</ele><time>2026-04-25T05:30:27Z</time><sat>37</sat></trkpt>
  <trkpt lat="30.30538426" lon="120.06814900"><ele>4.614</ele><time>2026-04-25T05:30:30Z</time><sat>34</sat></trkpt>
  <trkpt lat="30.30514402" lon="120.06815427"><ele>5.808</ele><time>2026-04-25T05:30:33Z</time><sat>32</sat></trkpt>
  <trkpt lat="30.30489352" lon="120.06814745"><ele>6.132</ele><time>2026-04-25T05:30:36Z</time><sat>28</sat></trkpt>
  <trkpt lat="30.30461461" lon="120.06816277"><ele>7.492</ele><time>2026-04-25T05:30:39Z</time><sat>28</sat></trkpt>
  <trkpt lat="30.30437392" lon="120.06817560"><ele>7.624</ele><time>2026-04-25T05:30:42Z</time><sat>30</sat></trkpt>
  <trkpt lat="30.30413546" lon="120.06817093"><ele>8.524</ele><time>2026-04-25T05:30:45Z</time><sat>30</sat></trkpt>
  <trkpt lat="30.30391782" lon="120.06816767"><ele>9.106</ele><time>2026-04-25T05:30:48Z</time><sat>30</sat></trkpt>
  <trkpt lat="30.30374392" lon="120.06816556"><ele>9.908</ele><time>2026-04-25T05:30:51Z</time><sat>29</sat></trkpt>
  <trkpt lat="30.30364769" lon="120.06817582"><ele>10.799</ele><time>2026-04-25T05:30:54Z</time><sat>29</sat></trkpt>
  <trkpt lat="30.30362407" lon="120.06817049"><ele>11.467</ele><time>2026-04-25T05:30:57Z</time><sat>27</sat></trkpt>
  <trkpt lat="30.30362609" lon="120.06817171"><ele>10.944</ele><time>2026-04-25T05:31:00Z</time><sat>24</sat></trkpt>
  <trkpt lat="30.30362133" lon="120.06817361"><ele>11.841</ele><time>2026-04-25T05:31:03Z</time><sat>25</sat></trkpt>
  <trkpt lat="30.30362431" lon="120.06817233"><ele>11.840</ele><time>2026-04-25T05:31:06Z</time><sat>25</sat></trkpt>
  <trkpt lat="30.30362556" lon="120.06817635"><ele>11.779</ele><time>2026-04-25T05:31:09Z</time><sat>23</sat></trkpt>
  <trkpt lat="30.30362668" lon="120.06818398"><ele>12.039</ele><time>2026-04-25T05:31:12Z</time><sat>24</sat></trkpt>
  <trkpt lat="30.30362661" lon="120.06818465"><ele>12.077</ele><time>2026-04-25T05:31:15Z</time><sat>30</sat></trkpt>
  <trkpt lat="30.30362683" lon="120.06818599"><ele>12.244</ele><time>2026-04-25T05:31:18Z</time><sat>28</sat></trkpt>
  <trkpt lat="30.30362678" lon="120.06818466"><ele>12.223</ele><time>2026-04-25T05:31:21Z</time><sat>31</sat></trkpt>
  <trkpt lat="30.30362691" lon="120.06818564"><ele>12.437</ele><time>2026-04-25T05:31:24Z</time><sat>33</sat></trkpt>
  <trkpt lat="30.30362172" lon="120.06818173"><ele>13.140</ele><time>2026-04-25T05:31:27Z</time><sat>33</sat></trkpt>
  <trkpt lat="30.30354635" lon="120.06816606"><ele>9.998</ele><time>2026-04-25T05:31:30Z</time><sat>29</sat></trkpt>
  <trkpt lat="30.30338582" lon="120.06815334"><ele>6.279</ele><time>2026-04-25T05:31:33Z</time><sat>32</sat></trkpt>
  <trkpt lat="30.30318724" lon="120.06814787"><ele>5.965</ele><time>2026-04-25T05:31:36Z</time><sat>35</sat></trkpt>
  <trkpt lat="30.30299018" lon="120.06815771"><ele>3.949</ele><time>2026-04-25T05:31:39Z</time><sat>37</sat></trkpt>
  <trkpt lat="30.30278555" lon="120.06816645"><ele>2.789</ele><time>2026-04-25T05:31:42Z</time><sat>34</sat></trkpt>
  <trkpt lat="30.30253770" lon="120.06821206"><ele>3.687</ele><time>2026-04-25T05:31:45Z</time><sat>38</sat></trkpt>
  <trkpt lat="30.30228647" lon="120.06828616"><ele>4.401</ele><time>2026-04-25T05:31:48Z</time><sat>38</sat></trkpt>
  <trkpt lat="30.30206217" lon="120.06836551"><ele>4.918</ele><time>2026-04-25T05:31:51Z</time><sat>36</sat></trkpt>
  <trkpt lat="30.30186347" lon="120.06845772"><ele>4.830</ele><time>2026-04-25T05:31:54Z</time><sat>35</sat></trkpt>
  <trkpt lat="30.30168297" lon="120.06856035"><ele>4.672</ele><time>2026-04-25T05:31:57Z</time><sat>36</sat></trkpt>
  <trkpt lat="30.30150270" lon="120.06866628"><ele>4.705</ele><time>2026-04-25T05:32:00Z</time><sat>36</sat></trkpt>
  <trkpt lat="30.30132527" lon="120.06876582"><ele>4.668</ele><time>2026-04-25T05:32:03Z</time><sat>36</sat></trkpt>
  <trkpt lat="30.30114827" lon="120.06887503"><ele>5.470</ele><time>2026-04-25T05:32:06Z</time><sat>36</sat></trkpt>
  <trkpt lat="30.30098363" lon="120.06895826"><ele>5.941</ele><time>2026-04-25T05:32:09Z</time><sat>36</sat></trkpt>
  <trkpt lat="30.30079763" lon="120.06905695"><ele>5.277</ele><time>2026-04-25T05:32:12Z</time><sat>38</sat></trkpt>
  <trkpt lat="30.30061702" lon="120.06915914"><ele>4.690</ele><time>2026-04-25T05:32:15Z</time><sat>39</sat></trkpt>
  <trkpt lat="30.30044546" lon="120.06925304"><ele>4.138</ele><time>2026-04-25T05:32:18Z</time><sat>39</sat></trkpt>
  <trkpt lat="30.30027098" lon="120.06935566"><ele>5.191</ele><time>2026-04-25T05:32:21Z</time><sat>39</sat></trkpt>
  <trkpt lat="30.30010077" lon="120.06942713"><ele>5.662</ele><time>2026-04-25T05:32:24Z</time><sat>39</sat></trkpt>
  <trkpt lat="30.29994276" lon="120.06945950"><ele>5.546</ele><time>2026-04-25T05:32:27Z</time><sat>37</sat></trkpt>
  <trkpt lat="30.29982439" lon="120.06953964"><ele>6.424</ele><time>2026-04-25T05:32:30Z</time><sat>37</sat></trkpt>
  <trkpt lat="30.29978266" lon="120.06972233"><ele>6.957</ele><time>2026-04-25T05:32:33Z</time><sat>39</sat></trkpt>
  <trkpt lat="30.29977876" lon="120.06995938"><ele>6.578</ele><time>2026-04-25T05:32:36Z</time><sat>39</sat></trkpt>
  <trkpt lat="30.29977524" lon="120.07023199"><ele>5.891</ele><time>2026-04-25T05:32:39Z</time><sat>39</sat></trkpt>
  <trkpt lat="30.29978221" lon="120.07048437"><ele>5.108</ele><time>2026-04-25T05:32:42Z</time><sat>38</sat></trkpt>
  <trkpt lat="30.29977478" lon="120.07071545"><ele>5.054</ele><time>2026-04-25T05:32:45Z</time><sat>40</sat></trkpt>
  <trkpt lat="30.29977163" lon="120.07094772"><ele>5.108</ele><time>2026-04-25T05:32:48Z</time><sat>35</sat></trkpt>
  <trkpt lat="30.29977430" lon="120.07115374"><ele>5.991</ele><time>2026-04-25T05:32:51Z</time><sat>36</sat></trkpt>
  <trkpt lat="30.29976804" lon="120.07138505"><ele>5.670</ele><time>2026-04-25T05:32:54Z</time><sat>37</sat></trkpt>
  <trkpt lat="30.29974742" lon="120.07162610"><ele>6.752</ele><time>2026-04-25T05:32:57Z</time><sat>36</sat></trkpt>
  <trkpt lat="30.29968430" lon="120.07187998"><ele>7.750</ele><time>2026-04-25T05:33:00Z</time><sat>36</sat></trkpt>
  <trkpt lat="30.29961756" lon="120.07210180"><ele>7.109</ele><time>2026-04-25T05:33:03Z</time><sat>32</sat></trkpt>
  <trkpt lat="30.29955088" lon="120.07232051"><ele>7.173</ele><time>2026-04-25T05:33:06Z</time><sat>33</sat></trkpt>
  <trkpt lat="30.29948565" lon="120.07253850"><ele>7.497</ele><time>2026-04-25T05:33:09Z</time><sat>37</sat></trkpt>
  <trkpt lat="30.29941925" lon="120.07276917"><ele>7.018</ele><time>2026-04-25T05:33:12Z</time><sat>39</sat></trkpt>
  <trkpt lat="30.29935499" lon="120.07301411"><ele>6.714</ele><time>2026-04-25T05:33:15Z</time><sat>36</sat></trkpt>
  <trkpt lat="30.29932249" lon="120.07325257"><ele>7.168</ele><time>2026-04-25T05:33:18Z</time><sat>36</sat></trkpt>
  <trkpt lat="30.29929372" lon="120.07347311"><ele>7.333</ele><time>2026-04-25T05:33:21Z</time><sat>36</sat></trkpt>
  <trkpt lat="30.29928270" lon="120.07369663"><ele>6.149</ele><time>2026-04-25T05:33:24Z</time><sat>35</sat></trkpt>
  <trkpt lat="30.29928435" lon="120.07388810"><ele>6.095</ele><time>2026-04-25T05:33:27Z</time><sat>37</sat></trkpt>
  <trkpt lat="30.29928787" lon="120.07404219"><ele>5.224</ele><time>2026-04-25T05:33:30Z</time><sat>38</sat></trkpt>
  <trkpt lat="30.29929111" lon="120.07417919"><ele>6.426</ele><time>2026-04-25T05:33:33Z</time><sat>35</sat></trkpt>
  <trkpt lat="30.29929471" lon="120.07433803"><ele>6.142</ele><time>2026-04-25T05:33:36Z</time><sat>35</sat></trkpt>
  <trkpt lat="30.29929760" lon="120.07450391"><ele>5.097</ele><time>2026-04-25T05:33:39Z</time><sat>35</sat></trkpt>
  <trkpt lat="30.29929667" lon="120.07466856"><ele>5.426</ele><time>2026-04-25T05:33:42Z</time><sat>37</sat></trkpt>
  <trkpt lat="30.29929246" lon="120.07483663"><ele>5.365</ele><time>2026-04-25T05:33:45Z</time><sat>36</sat></trkpt>
  <trkpt lat="30.29929092" lon="120.07504489"><ele>5.421</ele><time>2026-04-25T05:33:48Z</time><sat>34</sat></trkpt>
  <trkpt lat="30.29929390" lon="120.07527778"><ele>4.913</ele><time>2026-04-25T05:33:51Z</time><sat>34</sat></trkpt>
  <trkpt lat="30.29929273" lon="120.07551728"><ele>4.865</ele><time>2026-04-25T05:33:54Z</time><sat>35</sat></trkpt>
  <trkpt lat="30.29929319" lon="120.07576171"><ele>4.793</ele><time>2026-04-25T05:33:57Z</time><sat>36</sat></trkpt>
  <trkpt lat="30.29929309" lon="120.07598318"><ele>4.817</ele><time>2026-04-25T05:34:00Z</time><sat>37</sat></trkpt>
  <trkpt lat="30.29929267" lon="120.07617949"><ele>4.880</ele><time>2026-04-25T05:34:03Z</time><sat>35</sat></trkpt>
  <trkpt lat="30.29929368" lon="120.07638216"><ele>4.853</ele><time>2026-04-25T05:34:06Z</time><sat>37</sat></trkpt>
  <trkpt lat="30.29929258" lon="120.07653453"><ele>4.907</ele><time>2026-04-25T05:34:09Z</time><sat>39</sat></trkpt>
  <trkpt lat="30.29929479" lon="120.07661530"><ele>5.496</ele><time>2026-04-25T05:34:12Z</time><sat>39</sat></trkpt>
  <trkpt lat="30.29929576" lon="120.07670733"><ele>5.139</ele><time>2026-04-25T05:34:15Z</time><sat>37</sat></trkpt>
  <trkpt lat="30.29930068" lon="120.07688305"><ele>5.428</ele><time>2026-04-25T05:34:18Z</time><sat>38</sat></trkpt>
  <trkpt lat="30.29930295" lon="120.07709521"><ele>5.400</ele><time>2026-04-25T05:34:21Z</time><sat>39</sat></trkpt>
  <trkpt lat="30.29930340" lon="120.07733645"><ele>5.188</ele><time>2026-04-25T05:34:24Z</time><sat>39</sat></trkpt>
  <trkpt lat="30.29930301" lon="120.07758498"><ele>5.592</ele><time>2026-04-25T05:34:27Z</time><sat>39</sat></trkpt>
  <trkpt lat="30.29930249" lon="120.07782421"><ele>5.170</ele><time>2026-04-25T05:34:30Z</time><sat>40</sat></trkpt>
  <trkpt lat="30.29929953" lon="120.07805184"><ele>4.427</ele><time>2026-04-25T05:34:33Z</time><sat>42</sat></trkpt>
  <trkpt lat="30.29929176" lon="120.07828817"><ele>3.948</ele><time>2026-04-25T05:34:36Z</time><sat>38</sat></trkpt>
  <trkpt lat="30.29929024" lon="120.07851793"><ele>3.832</ele><time>2026-04-25T05:34:39Z</time><sat>35</sat></trkpt>
  <trkpt lat="30.29929325" lon="120.07874718"><ele>3.506</ele><time>2026-04-25T05:34:42Z</time><sat>38</sat></trkpt>
  <trkpt lat="30.29928700" lon="120.07897835"><ele>3.340</ele><time>2026-04-25T05:34:45Z</time><sat>39</sat></trkpt>
  <trkpt lat="30.29928431" lon="120.07920770"><ele>3.436</ele><time>2026-04-25T05:34:48Z</time><sat>35</sat></trkpt>
  <trkpt lat="30.29928694" lon="120.07943898"><ele>4.340</ele><time>2026-04-25T05:34:51Z</time><sat>33</sat></trkpt>
  <trkpt lat="30.29928327" lon="120.07966928"><ele>3.921</ele><time>2026-04-25T05:34:54Z</time><sat>34</sat></trkpt>
  <trkpt lat="30.29927966" lon="120.07992325"><ele>3.719</ele><time>2026-04-25T05:34:57Z</time><sat>35</sat></trkpt>
  <trkpt lat="30.29927683" lon="120.08015339"><ele>4.268</ele><time>2026-04-25T05:35:00Z</time><sat>35</sat></trkpt>
  <trkpt lat="30.29927100" lon="120.08040995"><ele>4.781</ele><time>2026-04-25T05:35:03Z</time><sat>35</sat></trkpt>
  <trkpt lat="30.29927011" lon="120.08068385"><ele>5.857</ele><time>2026-04-25T05:35:06Z</time><sat>34</sat></trkpt>
  <trkpt lat="30.29927083" lon="120.08095237"><ele>5.446</ele><time>2026-04-25T05:35:09Z</time><sat>32</sat></trkpt>
  <trkpt lat="30.29927230" lon="120.08117775"><ele>4.840</ele><time>2026-04-25T05:35:12Z</time><sat>33</sat></trkpt>
  <trkpt lat="30.29926513" lon="120.08133725"><ele>5.358</ele><time>2026-04-25T05:35:15Z</time><sat>34</sat></trkpt>
  <trkpt lat="30.29925829" lon="120.08147527"><ele>5.358</ele><time>2026-04-25T05:35:18Z</time><sat>29</sat></trkpt>
  <trkpt lat="30.29925712" lon="120.08161934"><ele>5.369</ele><time>2026-04-25T05:35:21Z</time><sat>26</sat></trkpt>
  <trkpt lat="30.29925919" lon="120.08175690"><ele>5.622</ele><time>2026-04-25T05:35:24Z</time><sat>30</sat></trkpt>
  <trkpt lat="30.29925808" lon="120.08191099"><ele>6.162</ele><time>2026-04-25T05:35:27Z</time><sat>33</sat></trkpt>
  <trkpt lat="30.29925450" lon="120.08209660"><ele>4.947</ele><time>2026-04-25T05:35:30Z</time><sat>32</sat></trkpt>
  <trkpt lat="30.29926031" lon="120.08228076"><ele>5.549</ele><time>2026-04-25T05:35:33Z</time><sat>34</sat></trkpt>
  <trkpt lat="30.29926311" lon="120.08247011"><ele>4.509</ele><time>2026-04-25T05:35:36Z</time><sat>36</sat></trkpt>
  <trkpt lat="30.29926255" lon="120.08265359"><ele>4.686</ele><time>2026-04-25T05:35:39Z</time><sat>35</sat></trkpt>
  <trkpt lat="30.29926874" lon="120.08282033"><ele>3.708</ele><time>2026-04-25T05:35:42Z</time><sat>36</sat></trkpt>
  <trkpt lat="30.29927750" lon="120.08301908"><ele>3.650</ele><time>2026-04-25T05:35:45Z</time><sat>37</sat></trkpt>
  <trkpt lat="30.29927572" lon="120.08323375"><ele>3.589</ele><time>2026-04-25T05:35:48Z</time><sat>36</sat></trkpt>
  <trkpt lat="30.29927516" lon="120.08344854"><ele>3.140</ele><time>2026-04-25T05:35:51Z</time><sat>37</sat></trkpt>
  <trkpt lat="30.29928030" lon="120.08364253"><ele>3.539</ele><time>2026-04-25T05:35:54Z</time><sat>37</sat></trkpt>
  <trkpt lat="30.29927963" lon="120.08384247"><ele>3.411</ele><time>2026-04-25T05:35:57Z</time><sat>37</sat></trkpt>
  <trkpt lat="30.29927489" lon="120.08405023"><ele>3.235</ele><time>2026-04-25T05:36:00Z</time><sat>35</sat></trkpt>
  <trkpt lat="30.29927844" lon="120.08427287"><ele>4.056</ele><time>2026-04-25T05:36:03Z</time><sat>35</sat></trkpt>
  <trkpt lat="30.29928344" lon="120.08447973"><ele>3.976</ele><time>2026-04-25T05:36:06Z</time><sat>36</sat></trkpt>
  <trkpt lat="30.29928207" lon="120.08460804"><ele>4.326</ele><time>2026-04-25T05:36:09Z</time><sat>36</sat></trkpt>
  <trkpt lat="30.29928764" lon="120.08473331"><ele>3.955</ele><time>2026-04-25T05:36:12Z</time><sat>37</sat></trkpt>
  <trkpt lat="30.29928587" lon="120.08492980"><ele>3.508</ele><time>2026-04-25T05:36:15Z</time><sat>37</sat></trkpt>
  <trkpt lat="30.29928527" lon="120.08515896"><ele>2.916</ele><time>2026-04-25T05:36:18Z</time><sat>35</sat></trkpt>
  <trkpt lat="30.29929286" lon="120.08540502"><ele>2.300</ele><time>2026-04-25T05:36:21Z</time><sat>33</sat></trkpt>
  <trkpt lat="30.29928920" lon="120.08565208"><ele>2.156</ele><time>2026-04-25T05:36:24Z</time><sat>36</sat></trkpt>
  <trkpt lat="30.29928639" lon="120.08589079"><ele>1.745</ele><time>2026-04-25T05:36:27Z</time><sat>34</sat></trkpt>
  <trkpt lat="30.29928210" lon="120.08611768"><ele>1.775</ele><time>2026-04-25T05:36:30Z</time><sat>34</sat></trkpt>
  <trkpt lat="30.29926977" lon="120.08634966"><ele>2.657</ele><time>2026-04-25T05:36:33Z</time><sat>33</sat></trkpt>
  <trkpt lat="30.29926663" lon="120.08659252"><ele>3.526</ele><time>2026-04-25T05:36:36Z</time><sat>34</sat></trkpt>
  <trkpt lat="30.29926001" lon="120.08680672"><ele>4.106</ele><time>2026-04-25T05:36:39Z</time><sat>32</sat></trkpt>
  <trkpt lat="30.29925124" lon="120.08695040"><ele>2.083</ele><time>2026-04-25T05:36:42Z</time><sat>32</sat></trkpt>
  <trkpt lat="30.29924226" lon="120.08704293"><ele>1.830</ele><time>2026-04-25T05:36:45Z</time><sat>28</sat></trkpt>
  <trkpt lat="30.29924205" lon="120.08709282"><ele>1.873</ele><time>2026-04-25T05:36:48Z</time><sat>21</sat></trkpt>
  <trkpt lat="30.29924991" lon="120.08724729"><ele>1.697</ele><time>2026-04-25T05:36:51Z</time><sat>20</sat></trkpt>
  <trkpt lat="30.29924012" lon="120.08737590"><ele>3.391</ele><time>2026-04-25T05:36:54Z</time><sat>26</sat></trkpt>
  <trkpt lat="30.29923496" lon="120.08754305"><ele>5.777</ele><time>2026-04-25T05:36:57Z</time><sat>29</sat></trkpt>
  <trkpt lat="30.29925655" lon="120.08763660"><ele>5.514</ele><time>2026-04-25T05:37:00Z</time><sat>31</sat></trkpt>
  <trkpt lat="30.29926008" lon="120.08770269"><ele>5.404</ele><time>2026-04-25T05:37:03Z</time><sat>32</sat></trkpt>
  <trkpt lat="30.29925579" lon="120.08773716"><ele>7.255</ele><time>2026-04-25T05:37:06Z</time><sat>32</sat></trkpt>
  <trkpt lat="30.29922438" lon="120.08776408"><ele>8.161</ele><time>2026-04-25T05:37:09Z</time><sat>32</sat></trkpt>
  <trkpt lat="30.29906624" lon="120.08778442"><ele>7.440</ele><time>2026-04-25T05:37:12Z</time><sat>34</sat></trkpt>
  <trkpt lat="30.29880681" lon="120.08779174"><ele>7.274</ele><time>2026-04-25T05:37:15Z</time><sat>35</sat></trkpt>
  <trkpt lat="30.29852130" lon="120.08780006"><ele>7.552</ele><time>2026-04-25T05:37:18Z</time><sat>35</sat></trkpt>
  <trkpt lat="30.29826855" lon="120.08782087"><ele>7.362</ele><time>2026-04-25T05:37:21Z</time><sat>34</sat></trkpt>
  <trkpt lat="30.29806542" lon="120.08783621"><ele>7.973</ele><time>2026-04-25T05:37:24Z</time><sat>36</sat></trkpt>
  <trkpt lat="30.29789001" lon="120.08783603"><ele>7.891</ele><time>2026-04-25T05:37:27Z</time><sat>36</sat></trkpt>
  <trkpt lat="30.29771876" lon="120.08783529"><ele>7.918</ele><time>2026-04-25T05:37:30Z</time><sat>36</sat></trkpt>
  <trkpt lat="30.29754077" lon="120.08785446"><ele>5.182</ele><time>2026-04-25T05:37:33Z</time><sat>37</sat></trkpt>
  <trkpt lat="30.29709737" lon="120.08818702"><ele>5.659</ele><time>2026-04-25T05:37:42Z</time><sat>39</sat></trkpt>
  <trkpt lat="30.29708141" lon="120.08861925"><ele>3.982</ele><time>2026-04-25T05:37:46Z</time><sat>39</sat></trkpt>
  <trkpt lat="30.29709827" lon="120.08902319"><ele>2.452</ele><time>2026-04-25T05:37:49Z</time><sat>39</sat></trkpt>
  <trkpt lat="30.29711236" lon="120.08952580"><ele>1.608</ele><time>2026-04-25T05:37:52Z</time><sat>39</sat></trkpt>
  <trkpt lat="30.29711611" lon="120.09006173"><ele>1.265</ele><time>2026-04-25T05:37:55Z</time><sat>39</sat></trkpt>
  <trkpt lat="30.29710899" lon="120.09060669"><ele>2.501</ele><time>2026-04-25T05:37:58Z</time><sat>39</sat></trkpt>
  <trkpt lat="30.29710544" lon="120.09115434"><ele>2.054</ele><time>2026-04-25T05:38:01Z</time><sat>39</sat></trkpt>
  <trkpt lat="30.29707507" lon="120.09171028"><ele>0.108</ele><time>2026-04-25T05:38:04Z</time><sat>39</sat></trkpt>
  <trkpt lat="30.29707456" lon="120.09225864"><ele>-3.502</ele><time>2026-04-25T05:38:07Z</time><sat>39</sat></trkpt>
  <trkpt lat="30.29709869" lon="120.09282307"><ele>-3.365</ele><time>2026-04-25T05:38:10Z</time><sat>39</sat></trkpt>
  <trkpt lat="30.29586849" lon="120.10235037"><ele>-4.834</ele><time>2026-04-25T05:38:58Z</time><sat>39</sat></trkpt>
  <trkpt lat="30.29581157" lon="120.10303352"><ele>0.411</ele><time>2026-04-25T05:39:02Z</time><sat>39</sat></trkpt>
  <trkpt lat="30.29579416" lon="120.10357814"><ele>5.201</ele><time>2026-04-25T05:39:05Z</time><sat>39</sat></trkpt>
  <trkpt lat="30.29580547" lon="120.10405956"><ele>6.075</ele><time>2026-04-25T05:39:08Z</time><sat>39</sat></trkpt>
  <trkpt lat="30.29580435" lon="120.10456767"><ele>7.655</ele><time>2026-04-25T05:39:11Z</time><sat>39</sat></trkpt>
  <trkpt lat="30.29581577" lon="120.10501677"><ele>4.750</ele><time>2026-04-25T05:39:14Z</time><sat>39</sat></trkpt>
  <trkpt lat="30.29581211" lon="120.10539925"><ele>4.179</ele><time>2026-04-25T05:39:17Z</time><sat>39</sat></trkpt>
  <trkpt lat="30.29581242" lon="120.10566713"><ele>5.963</ele><time>2026-04-25T05:39:20Z</time><sat>39</sat></trkpt>
  <trkpt lat="30.29582606" lon="120.10593416"><ele>6.048</ele><time>2026-04-25T05:39:23Z</time><sat>39</sat></trkpt>
  <trkpt lat="30.29584346" lon="120.10618350"><ele>7.813</ele><time>2026-04-25T05:39:26Z</time><sat>39</sat></trkpt>
  <trkpt lat="30.29585263" lon="120.10639005"><ele>7.643</ele><time>2026-04-25T05:39:29Z</time><sat>39</sat></trkpt>
  <trkpt lat="30.29585658" lon="120.10665261"><ele>7.685</ele><time>2026-04-25T05:39:32Z</time><sat>39</sat></trkpt>
  <trkpt lat="30.29585294" lon="120.10700242"><ele>7.795</ele><time>2026-04-25T05:39:35Z</time><sat>35</sat></trkpt>
  <trkpt lat="30.29584814" lon="120.10743611"><ele>7.437</ele><time>2026-04-25T05:39:38Z</time><sat>35</sat></trkpt>
  <trkpt lat="30.29584253" lon="120.10790689"><ele>8.418</ele><time>2026-04-25T05:39:41Z</time><sat>38</sat></trkpt>
  <trkpt lat="30.29585531" lon="120.10836247"><ele>9.386</ele><time>2026-04-25T05:39:44Z</time><sat>38</sat></trkpt>
  <trkpt lat="30.29586551" lon="120.10879156"><ele>8.736</ele><time>2026-04-25T05:39:47Z</time><sat>36</sat></trkpt>
  <trkpt lat="30.29585693" lon="120.10921350"><ele>7.544</ele><time>2026-04-25T05:39:50Z</time></trkpt>
  <trkpt lat="30.29584845" lon="120.10962753"><ele>6.524</ele><time>2026-04-25T05:39:53Z</time></trkpt>
  <trkpt lat="30.29583998" lon="120.10999045"><ele>5.884</ele><time>2026-04-25T05:39:56Z</time></trkpt>
  <trkpt lat="30.29582758" lon="120.11038614"><ele>5.035</ele><time>2026-04-25T05:39:59Z</time></trkpt>
  <trkpt lat="30.29582391" lon="120.11081502"><ele>4.847</ele><time>2026-04-25T05:40:02Z</time></trkpt>
  <trkpt lat="30.29582836" lon="120.11124253"><ele>5.037</ele><time>2026-04-25T05:40:05Z</time></trkpt>
  <trkpt lat="30.29584982" lon="120.11173520"><ele>5.140</ele><time>2026-04-25T05:40:08Z</time></trkpt>
  <trkpt lat="30.29588396" lon="120.11220645"><ele>5.583</ele><time>2026-04-25T05:40:11Z</time></trkpt>
  <trkpt lat="30.29589341" lon="120.11256563"><ele>5.416</ele><time>2026-04-25T05:40:14Z</time></trkpt>
  <trkpt lat="30.29590881" lon="120.11284438"><ele>4.909</ele><time>2026-04-25T05:40:17Z</time></trkpt>
  <trkpt lat="30.29592539" lon="120.11303013"><ele>4.895</ele><time>2026-04-25T05:40:20Z</time></trkpt>
  <trkpt lat="30.29593867" lon="120.11313741"><ele>5.357</ele><time>2026-04-25T05:40:23Z</time></trkpt>
  <trkpt lat="30.29594331" lon="120.11321437"><ele>5.238</ele><time>2026-04-25T05:40:26Z</time></trkpt>
  <trkpt lat="30.29595272" lon="120.11332453"><ele>4.879</ele><time>2026-04-25T05:40:29Z</time></trkpt>
  <trkpt lat="30.29595949" lon="120.11348769"><ele>5.444</ele><time>2026-04-25T05:40:32Z</time></trkpt>
  <trkpt lat="30.29595986" lon="120.11364111"><ele>6.486</ele><time>2026-04-25T05:40:35Z</time><sat>25</sat></trkpt>
  <trkpt lat="30.29585478" lon="120.11375286"><ele>5.594</ele><time>2026-04-25T05:40:38Z</time><sat>25</sat></trkpt>
  <trkpt lat="30.29562639" lon="120.11378378"><ele>5.359</ele><time>2026-04-25T05:40:41Z</time><sat>34</sat></trkpt>
  <trkpt lat="30.29529670" lon="120.11382812"><ele>6.795</ele><time>2026-04-25T05:40:44Z</time><sat>35</sat></trkpt>
  <trkpt lat="30.29495121" lon="120.11385652"><ele>6.493</ele><time>2026-04-25T05:40:47Z</time><sat>35</sat></trkpt>
  <trkpt lat="30.29459546" lon="120.11388423"><ele>5.459</ele><time>2026-04-25T05:40:50Z</time><sat>37</sat></trkpt>
  <trkpt lat="30.29420944" lon="120.11390751"><ele>5.975</ele><time>2026-04-25T05:40:53Z</time><sat>37</sat></trkpt>
  <trkpt lat="30.29380909" lon="120.11394017"><ele>6.210</ele><time>2026-04-25T05:40:56Z</time><sat>37</sat></trkpt>
  <trkpt lat="30.29342974" lon="120.11397002"><ele>5.782</ele><time>2026-04-25T05:40:59Z</time><sat>37</sat></trkpt>
  <trkpt lat="30.29305410" lon="120.11399800"><ele>6.533</ele><time>2026-04-25T05:41:02Z</time><sat>37</sat></trkpt>
  <trkpt lat="30.29270112" lon="120.11401047"><ele>6.819</ele><time>2026-04-25T05:41:05Z</time><sat>37</sat></trkpt>
  <trkpt lat="30.29236724" lon="120.11402214"><ele>7.810</ele><time>2026-04-25T05:41:08Z</time><sat>37</sat></trkpt>
  <trkpt lat="30.29208762" lon="120.11404188"><ele>8.513</ele><time>2026-04-25T05:41:11Z</time><sat>37</sat></trkpt>
  <trkpt lat="30.29177150" lon="120.11406681"><ele>8.586</ele><time>2026-04-25T05:41:14Z</time><sat>37</sat></trkpt>
  <trkpt lat="30.29151241" lon="120.11408424"><ele>8.084</ele><time>2026-04-25T05:41:17Z</time><sat>37</sat></trkpt>
  <trkpt lat="30.29129359" lon="120.11412030"><ele>8.064</ele><time>2026-04-25T05:41:20Z</time><sat>37</sat></trkpt>
  <trkpt lat="30.29107832" lon="120.11413824"><ele>8.072</ele><time>2026-04-25T05:41:23Z</time><sat>37</sat></trkpt>
  <trkpt lat="30.29080984" lon="120.11414694"><ele>8.153</ele><time>2026-04-25T05:41:26Z</time><sat>36</sat></trkpt>
  <trkpt lat="30.29056407" lon="120.11414873"><ele>8.777</ele><time>2026-04-25T05:41:29Z</time><sat>35</sat></trkpt>
  <trkpt lat="30.29047222" lon="120.11416091"><ele>8.152</ele><time>2026-04-25T05:41:32Z</time><sat>35</sat></trkpt>
  <trkpt lat="30.29045989" lon="120.11416151"><ele>10.004</ele><time>2026-04-25T05:41:35Z</time><sat>35</sat></trkpt>
  <trkpt lat="30.29045920" lon="120.11416528"><ele>10.391</ele><time>2026-04-25T05:41:38Z</time><sat>35</sat></trkpt>
  <trkpt lat="30.29045566" lon="120.11416641"><ele>11.182</ele><time>2026-04-25T05:41:41Z</time><sat>35</sat></trkpt>
  <trkpt lat="30.29045376" lon="120.11416506"><ele>11.045</ele><time>2026-04-25T05:41:44Z</time><sat>35</sat></trkpt>
  <trkpt lat="30.29045329" lon="120.11416463"><ele>11.175</ele><time>2026-04-25T05:41:47Z</time><sat>35</sat></trkpt>
  <trkpt lat="30.29045352" lon="120.11416522"><ele>11.115</ele><time>2026-04-25T05:41:50Z</time><sat>35</sat></trkpt>
  <trkpt lat="30.29045355" lon="120.11416542"><ele>11.015</ele><time>2026-04-25T05:41:53Z</time><sat>35</sat></trkpt>
  <trkpt lat="30.29045376" lon="120.11416556"><ele>11.009</ele><time>2026-04-25T05:41:56Z</time><sat>35</sat></trkpt>
  <trkpt lat="30.29045394" lon="120.11416583"><ele>11.140</ele><time>2026-04-25T05:41:59Z</time><sat>35</sat></trkpt>
  <trkpt lat="30.29045420" lon="120.11416596"><ele>11.205</ele><time>2026-04-25T05:42:02Z</time><sat>37</sat></trkpt>
  <trkpt lat="30.29045461" lon="120.11416663"><ele>11.228</ele><time>2026-04-25T05:42:05Z</time><sat>37</sat></trkpt>
  <trkpt lat="30.29045470" lon="120.11416682"><ele>11.243</ele><time>2026-04-25T05:42:08Z</time><sat>37</sat></trkpt>
  <trkpt lat="30.29045478" lon="120.11416700"><ele>11.244</ele><time>2026-04-25T05:42:11Z</time><sat>37</sat></trkpt>
  <trkpt lat="30.29045479" lon="120.11416721"><ele>11.281</ele><time>2026-04-25T05:42:14Z</time><sat>38</sat></trkpt>
  <trkpt lat="30.29045469" lon="120.11416727"><ele>11.301</ele><time>2026-04-25T05:42:17Z</time><sat>39</sat></trkpt>
  <trkpt lat="30.29045470" lon="120.11416731"><ele>11.312</ele><time>2026-04-25T05:42:20Z</time><sat>39</sat></trkpt>
  <trkpt lat="30.29045478" lon="120.11416742"><ele>11.310</ele><time>2026-04-25T05:42:23Z</time><sat>41</sat></trkpt>
  <trkpt lat="30.29045475" lon="120.11416797"><ele>11.360</ele><time>2026-04-25T05:42:26Z</time><sat>41</sat></trkpt>
  <trkpt lat="30.29045467" lon="120.11416839"><ele>11.406</ele><time>2026-04-25T05:42:29Z</time><sat>41</sat></trkpt>
  <trkpt lat="30.29045441" lon="120.11416886"><ele>11.466</ele><time>2026-04-25T05:42:32Z</time><sat>40</sat></trkpt>
  <trkpt lat="30.29045223" lon="120.11417681"><ele>11.769</ele><time>2026-04-25T05:42:35Z</time><sat>40</sat></trkpt>
  <trkpt lat="30.29044466" lon="120.11417809"><ele>11.655</ele><time>2026-04-25T05:42:38Z</time><sat>40</sat></trkpt>
  <trkpt lat="30.29037700" lon="120.11419099"><ele>11.108</ele><time>2026-04-25T05:42:41Z</time><sat>40</sat></trkpt>
  <trkpt lat="30.29024484" lon="120.11419785"><ele>10.815</ele><time>2026-04-25T05:42:44Z</time><sat>39</sat></trkpt>
  <trkpt lat="30.29008848" lon="120.11420945"><ele>11.149</ele><time>2026-04-25T05:42:47Z</time><sat>40</sat></trkpt>
  <trkpt lat="30.28990356" lon="120.11422397"><ele>11.627</ele><time>2026-04-25T05:42:50Z</time><sat>40</sat></trkpt>
  <trkpt lat="30.28966000" lon="120.11423277"><ele>11.197</ele><time>2026-04-25T05:42:53Z</time><sat>39</sat></trkpt>
  <trkpt lat="30.28937758" lon="120.11425738"><ele>9.957</ele><time>2026-04-25T05:42:56Z</time><sat>40</sat></trkpt>
  <trkpt lat="30.28907770" lon="120.11427746"><ele>8.577</ele><time>2026-04-25T05:42:59Z</time><sat>39</sat></trkpt>
  <trkpt lat="30.28878775" lon="120.11429384"><ele>7.018</ele><time>2026-04-25T05:43:02Z</time><sat>39</sat></trkpt>
  <trkpt lat="30.28851616" lon="120.11430826"><ele>6.357</ele><time>2026-04-25T05:43:05Z</time><sat>39</sat></trkpt>
  <trkpt lat="30.28828504" lon="120.11433227"><ele>6.207</ele><time>2026-04-25T05:43:08Z</time><sat>39</sat></trkpt>
  <trkpt lat="30.28813093" lon="120.11434682"><ele>6.758</ele><time>2026-04-25T05:43:11Z</time><sat>40</sat></trkpt>
  <trkpt lat="30.28799514" lon="120.11435862"><ele>7.241</ele><time>2026-04-25T05:43:14Z</time><sat>40</sat></trkpt>
  <trkpt lat="30.28785075" lon="120.11436285"><ele>6.639</ele><time>2026-04-25T05:43:17Z</time><sat>39</sat></trkpt>
  <trkpt lat="30.28776070" lon="120.11435842"><ele>7.903</ele><time>2026-04-25T05:43:20Z</time><sat>36</sat></trkpt>
  <trkpt lat="30.28762317" lon="120.11435186"><ele>7.650</ele><time>2026-04-25T05:43:23Z</time><sat>36</sat></trkpt>
  <trkpt lat="30.28741985" lon="120.11436289"><ele>7.752</ele><time>2026-04-25T05:43:26Z</time><sat>36</sat></trkpt>
  <trkpt lat="30.28717740" lon="120.11439187"><ele>7.464</ele><time>2026-04-25T05:43:29Z</time><sat>34</sat></trkpt>
  <trkpt lat="30.28688633" lon="120.11441721"><ele>6.187</ele><time>2026-04-25T05:43:32Z</time><sat>35</sat></trkpt>
  <trkpt lat="30.28659284" lon="120.11445931"><ele>5.566</ele><time>2026-04-25T05:43:35Z</time><sat>36</sat></trkpt>
  <trkpt lat="30.28617958" lon="120.11449546"><ele>6.075</ele><time>2026-04-25T05:43:38Z</time><sat>36</sat></trkpt>
  <trkpt lat="30.28573666" lon="120.11452702"><ele>6.247</ele><time>2026-04-25T05:43:41Z</time><sat>36</sat></trkpt>
  <trkpt lat="30.28540365" lon="120.11454456"><ele>6.684</ele><time>2026-04-25T05:43:44Z</time><sat>38</sat></trkpt>
  <trkpt lat="30.28520161" lon="120.11456080"><ele>6.442</ele><time>2026-04-25T05:43:47Z</time><sat>38</sat></trkpt>
  <trkpt lat="30.28512683" lon="120.11456772"><ele>6.978</ele><time>2026-04-25T05:43:50Z</time><sat>37</sat></trkpt>
  <trkpt lat="30.28511728" lon="120.11456334"><ele>6.493</ele><time>2026-04-25T05:43:53Z</time><sat>39</sat></trkpt>
  <trkpt lat="30.28511827" lon="120.11456060"><ele>6.403</ele><time>2026-04-25T05:43:56Z</time><sat>39</sat></trkpt>
  <trkpt lat="30.28510441" lon="120.11455090"><ele>5.088</ele><time>2026-04-25T05:43:59Z</time><sat>35</sat></trkpt>
  <trkpt lat="30.28510102" lon="120.11455404"><ele>5.082</ele><time>2026-04-25T05:44:02Z</time><sat>35</sat></trkpt>
  <trkpt lat="30.28510204" lon="120.11455369"><ele>6.272</ele><time>2026-04-25T05:44:05Z</time><sat>38</sat></trkpt>
  <trkpt lat="30.28510259" lon="120.11455356"><ele>6.676</ele><time>2026-04-25T05:44:08Z</time><sat>37</sat></trkpt>
  <trkpt lat="30.28510199" lon="120.11455400"><ele>6.782</ele><time>2026-04-25T05:44:11Z</time><sat>37</sat></trkpt>
  <trkpt lat="30.28510209" lon="120.11455426"><ele>6.841</ele><time>2026-04-25T05:44:14Z</time><sat>36</sat></trkpt>
  <trkpt lat="30.28510209" lon="120.11455420"><ele>6.920</ele><time>2026-04-25T05:44:17Z</time><sat>37</sat></trkpt>
  <trkpt lat="30.28510204" lon="120.11455408"><ele>6.948</ele><time>2026-04-25T05:44:20Z</time><sat>38</sat></trkpt>
  <trkpt lat="30.28510199" lon="120.11455395"><ele>6.956</ele><time>2026-04-25T05:44:23Z</time><sat>36</sat></trkpt>
  <trkpt lat="30.28510189" lon="120.11455421"><ele>6.992</ele><time>2026-04-25T05:44:26Z</time><sat>35</sat></trkpt>
  <trkpt lat="30.28510203" lon="120.11455446"><ele>6.969</ele><time>2026-04-25T05:44:29Z</time><sat>37</sat></trkpt>
  <trkpt lat="30.28510242" lon="120.11455437"><ele>7.079</ele><time>2026-04-25T05:44:32Z</time><sat>40</sat></trkpt>
  <trkpt lat="30.28510252" lon="120.11455464"><ele>7.099</ele><time>2026-04-25T05:44:35Z</time><sat>40</sat></trkpt>
  <trkpt lat="30.28510258" lon="120.11455477"><ele>7.148</ele><time>2026-04-25T05:44:38Z</time><sat>39</sat></trkpt>
  <trkpt lat="30.28510269" lon="120.11455483"><ele>7.194</ele><time>2026-04-25T05:44:41Z</time><sat>39</sat></trkpt>
  <trkpt lat="30.28510277" lon="120.11455484"><ele>7.213</ele><time>2026-04-25T05:44:44Z</time><sat>39</sat></trkpt>
  <trkpt lat="30.28510262" lon="120.11455465"><ele>7.295</ele><time>2026-04-25T05:44:47Z</time><sat>35</sat></trkpt>
  <trkpt lat="30.28510228" lon="120.11455492"><ele>7.391</ele><time>2026-04-25T05:44:50Z</time><sat>39</sat></trkpt>
  <trkpt lat="30.28510176" lon="120.11455504"><ele>7.557</ele><time>2026-04-25T05:44:53Z</time><sat>42</sat></trkpt>
  <trkpt lat="30.28510153" lon="120.11455507"><ele>7.628</ele><time>2026-04-25T05:44:56Z</time><sat>41</sat></trkpt>
  <trkpt lat="30.28510136" lon="120.11455496"><ele>7.724</ele><time>2026-04-25T05:44:59Z</time><sat>40</sat></trkpt>
  <trkpt lat="30.28510129" lon="120.11455500"><ele>7.800</ele><time>2026-04-25T05:45:02Z</time><sat>41</sat></trkpt>
  <trkpt lat="30.28510127" lon="120.11455508"><ele>7.861</ele><time>2026-04-25T05:45:05Z</time><sat>42</sat></trkpt>
  <trkpt lat="30.28506252" lon="120.11456000"><ele>8.777</ele><time>2026-04-25T05:45:08Z</time><sat>40</sat></trkpt>
  <trkpt lat="30.28493666" lon="120.11457635"><ele>8.903</ele><time>2026-04-25T05:45:11Z</time><sat>41</sat></trkpt>
  <trkpt lat="30.28476311" lon="120.11459117"><ele>8.957</ele><time>2026-04-25T05:45:14Z</time><sat>41</sat></trkpt>
  <trkpt lat="30.28456451" lon="120.11461381"><ele>8.515</ele><time>2026-04-25T05:45:17Z</time><sat>38</sat></trkpt>
  <trkpt lat="30.28431062" lon="120.11464943"><ele>7.639</ele><time>2026-04-25T05:45:20Z</time><sat>39</sat></trkpt>
  <trkpt lat="30.28399765" lon="120.11467731"><ele>7.370</ele><time>2026-04-25T05:45:23Z</time><sat>43</sat></trkpt>
  <trkpt lat="30.28361775" lon="120.11471279"><ele>7.238</ele><time>2026-04-25T05:45:26Z</time><sat>40</sat></trkpt>
  <trkpt lat="30.28323904" lon="120.11474188"><ele>7.563</ele><time>2026-04-25T05:45:29Z</time><sat>40</sat></trkpt>
  <trkpt lat="30.28282936" lon="120.11476662"><ele>7.413</ele><time>2026-04-25T05:45:32Z</time><sat>41</sat></trkpt>
  <trkpt lat="30.28241402" lon="120.11479002"><ele>6.591</ele><time>2026-04-25T05:45:35Z</time><sat>39</sat></trkpt>
  <trkpt lat="30.28197209" lon="120.11481586"><ele>5.707</ele><time>2026-04-25T05:45:38Z</time><sat>36</sat></trkpt>
  <trkpt lat="30.28156610" lon="120.11484617"><ele>5.052</ele><time>2026-04-25T05:45:41Z</time><sat>36</sat></trkpt>
  <trkpt lat="30.28114663" lon="120.11488628"><ele>5.671</ele><time>2026-04-25T05:45:44Z</time><sat>36</sat></trkpt>
  <trkpt lat="30.28070492" lon="120.11492777"><ele>5.905</ele><time>2026-04-25T05:45:47Z</time><sat>36</sat></trkpt>
  <trkpt lat="30.28028585" lon="120.11497180"><ele>6.159</ele><time>2026-04-25T05:45:50Z</time><sat>37</sat></trkpt>
  <trkpt lat="30.27990917" lon="120.11498121"><ele>5.556</ele><time>2026-04-25T05:45:53Z</time><sat>38</sat></trkpt>
  <trkpt lat="30.27960028" lon="120.11500189"><ele>5.278</ele><time>2026-04-25T05:45:56Z</time><sat>42</sat></trkpt>
  <trkpt lat="30.27937231" lon="120.11501923"><ele>4.643</ele><time>2026-04-25T05:45:59Z</time><sat>42</sat></trkpt>
  <trkpt lat="30.27923174" lon="120.11503219"><ele>4.325</ele><time>2026-04-25T05:46:02Z</time><sat>40</sat></trkpt>
  <trkpt lat="30.27918051" lon="120.11503696"><ele>4.001</ele><time>2026-04-25T05:46:05Z</time><sat>35</sat></trkpt>
  <trkpt lat="30.27917825" lon="120.11503830"><ele>3.852</ele><time>2026-04-25T05:46:08Z</time><sat>32</sat></trkpt>
  <trkpt lat="30.27918012" lon="120.11503874"><ele>3.885</ele><time>2026-04-25T05:46:11Z</time><sat>31</sat></trkpt>
  <trkpt lat="30.27918224" lon="120.11503801"><ele>3.535</ele><time>2026-04-25T05:46:14Z</time><sat>28</sat></trkpt>
  <trkpt lat="30.27918465" lon="120.11503647"><ele>3.463</ele><time>2026-04-25T05:46:17Z</time><sat>28</sat></trkpt>
  <trkpt lat="30.27918479" lon="120.11503620"><ele>3.546</ele><time>2026-04-25T05:46:20Z</time><sat>33</sat></trkpt>
  <trkpt lat="30.27918471" lon="120.11503621"><ele>3.578</ele><time>2026-04-25T05:46:23Z</time><sat>32</sat></trkpt>
  <trkpt lat="30.27918490" lon="120.11503579"><ele>3.724</ele><time>2026-04-25T05:46:26Z</time><sat>33</sat></trkpt>
  <trkpt lat="30.27918484" lon="120.11503582"><ele>3.863</ele><time>2026-04-25T05:46:29Z</time><sat>34</sat></trkpt>
  <trkpt lat="30.27918480" lon="120.11503580"><ele>3.884</ele><time>2026-04-25T05:46:32Z</time><sat>36</sat></trkpt>
  <trkpt lat="30.27918470" lon="120.11503570"><ele>3.948</ele><time>2026-04-25T05:46:35Z</time><sat>33</sat></trkpt>
  <trkpt lat="30.27918462" lon="120.11503566"><ele>3.957</ele><time>2026-04-25T05:46:38Z</time><sat>34</sat></trkpt>
  <trkpt lat="30.27918458" lon="120.11503563"><ele>3.969</ele><time>2026-04-25T05:46:41Z</time><sat>32</sat></trkpt>
  <trkpt lat="30.27918443" lon="120.11503543"><ele>3.987</ele><time>2026-04-25T05:46:44Z</time><sat>33</sat></trkpt>
  <trkpt lat="30.27918444" lon="120.11503528"><ele>4.040</ele><time>2026-04-25T05:46:47Z</time><sat>34</sat></trkpt>
  <trkpt lat="30.27918447" lon="120.11503518"><ele>4.081</ele><time>2026-04-25T05:46:50Z</time><sat>36</sat></trkpt>
  <trkpt lat="30.27918439" lon="120.11503521"><ele>4.083</ele><time>2026-04-25T05:46:53Z</time><sat>32</sat></trkpt>
  <trkpt lat="30.27918429" lon="120.11503519"><ele>4.079</ele><time>2026-04-25T05:46:56Z</time><sat>32</sat></trkpt>
  <trkpt lat="30.27918425" lon="120.11503516"><ele>4.103</ele><time>2026-04-25T05:46:59Z</time><sat>33</sat></trkpt>
  <trkpt lat="30.27918418" lon="120.11503515"><ele>4.125</ele><time>2026-04-25T05:47:02Z</time><sat>33</sat></trkpt>
  <trkpt lat="30.27918417" lon="120.11503517"><ele>4.147</ele><time>2026-04-25T05:47:05Z</time><sat>34</sat></trkpt>
  <trkpt lat="30.27914488" lon="120.11504000"><ele>4.495</ele><time>2026-04-25T05:47:08Z</time><sat>35</sat></trkpt>
  <trkpt lat="30.27905277" lon="120.11504460"><ele>5.668</ele><time>2026-04-25T05:47:11Z</time><sat>33</sat></trkpt>
  <trkpt lat="30.27892458" lon="120.11505657"><ele>6.515</ele><time>2026-04-25T05:47:14Z</time><sat>34</sat></trkpt>
  <trkpt lat="30.27873487" lon="120.11508167"><ele>6.732</ele><time>2026-04-25T05:47:17Z</time><sat>34</sat></trkpt>
  <trkpt lat="30.27849311" lon="120.11510264"><ele>6.639</ele><time>2026-04-25T05:47:20Z</time><sat>34</sat></trkpt>
  <trkpt lat="30.27819835" lon="120.11512566"><ele>6.225</ele><time>2026-04-25T05:47:23Z</time><sat>37</sat></trkpt>
  <trkpt lat="30.27789594" lon="120.11514884"><ele>6.416</ele><time>2026-04-25T05:47:26Z</time><sat>36</sat></trkpt>
  <trkpt lat="30.27760242" lon="120.11515710"><ele>6.774</ele><time>2026-04-25T05:47:29Z</time><sat>35</sat></trkpt>
  <trkpt lat="30.27746669" lon="120.11515879"><ele>7.376</ele><time>2026-04-25T05:47:32Z</time><sat>36</sat></trkpt>
  <trkpt lat="30.27742127" lon="120.11516128"><ele>7.235</ele><time>2026-04-25T05:47:35Z</time><sat>34</sat></trkpt>
  <trkpt lat="30.27738732" lon="120.11516568"><ele>8.304</ele><time>2026-04-25T05:47:38Z</time><sat>29</sat></trkpt>
  <trkpt lat="30.27733443" lon="120.11517282"><ele>9.330</ele><time>2026-04-25T05:47:41Z</time><sat>31</sat></trkpt>
  <trkpt lat="30.27730085" lon="120.11517630"><ele>9.843</ele><time>2026-04-25T05:47:44Z</time><sat>34</sat></trkpt>
  <trkpt lat="30.27728285" lon="120.11517785"><ele>10.179</ele><time>2026-04-25T05:47:47Z</time><sat>33</sat></trkpt>
  <trkpt lat="30.27728048" lon="120.11517938"><ele>10.157</ele><time>2026-04-25T05:47:50Z</time><sat>32</sat></trkpt>
  <trkpt lat="30.27728145" lon="120.11517708"><ele>10.202</ele><time>2026-04-25T05:47:53Z</time><sat>33</sat></trkpt>
  <trkpt lat="30.27728329" lon="120.11517290"><ele>9.657</ele><time>2026-04-25T05:47:56Z</time><sat>35</sat></trkpt>
  <trkpt lat="30.27728418" lon="120.11517152"><ele>9.831</ele><time>2026-04-25T05:47:59Z</time><sat>35</sat></trkpt>
  <trkpt lat="30.27728413" lon="120.11517178"><ele>10.147</ele><time>2026-04-25T05:48:02Z</time><sat>33</sat></trkpt>
  <trkpt lat="30.27728383" lon="120.11517195"><ele>10.375</ele><time>2026-04-25T05:48:05Z</time><sat>34</sat></trkpt>
  <trkpt lat="30.27728368" lon="120.11517210"><ele>10.532</ele><time>2026-04-25T05:48:08Z</time><sat>35</sat></trkpt>
  <trkpt lat="30.27728364" lon="120.11517253"><ele>10.696</ele><time>2026-04-25T05:48:11Z</time><sat>35</sat></trkpt>
  <trkpt lat="30.27726563" lon="120.11517539"><ele>11.328</ele><time>2026-04-25T05:48:14Z</time><sat>33</sat></trkpt>
  <trkpt lat="30.27715400" lon="120.11519582"><ele>11.229</ele><time>2026-04-25T05:48:17Z</time><sat>35</sat></trkpt>
  <trkpt lat="30.27697149" lon="120.11520724"><ele>12.132</ele><time>2026-04-25T05:48:20Z</time><sat>37</sat></trkpt>
  <trkpt lat="30.27675312" lon="120.11522642"><ele>11.471</ele><time>2026-04-25T05:48:23Z</time><sat>37</sat></trkpt>
  <trkpt lat="30.27652879" lon="120.11525285"><ele>11.013</ele><time>2026-04-25T05:48:26Z</time><sat>37</sat></trkpt>
  <trkpt lat="30.27624886" lon="120.11528135"><ele>11.509</ele><time>2026-04-25T05:48:29Z</time><sat>37</sat></trkpt>
  <trkpt lat="30.27593557" lon="120.11529986"><ele>9.957</ele><time>2026-04-25T05:48:32Z</time><sat>37</sat></trkpt>
  <trkpt lat="30.27565566" lon="120.11531744"><ele>10.972</ele><time>2026-04-25T05:48:35Z</time><sat>34</sat></trkpt>
  <trkpt lat="30.27538097" lon="120.11533518"><ele>10.709</ele><time>2026-04-25T05:48:38Z</time><sat>36</sat></trkpt>
  <trkpt lat="30.27512616" lon="120.11533433"><ele>9.797</ele><time>2026-04-25T05:48:41Z</time><sat>38</sat></trkpt>
  <trkpt lat="30.27494746" lon="120.11531563"><ele>10.274</ele><time>2026-04-25T05:48:44Z</time><sat>38</sat></trkpt>
  <trkpt lat="30.27483105" lon="120.11531937"><ele>10.507</ele><time>2026-04-25T05:48:47Z</time><sat>37</sat></trkpt>
  <trkpt lat="30.27480680" lon="120.11532164"><ele>10.316</ele><time>2026-04-25T05:48:50Z</time><sat>34</sat></trkpt>
  <trkpt lat="30.27479896" lon="120.11532358"><ele>10.528</ele><time>2026-04-25T05:48:53Z</time><sat>33</sat></trkpt>
  <trkpt lat="30.27479639" lon="120.11532605"><ele>10.520</ele><time>2026-04-25T05:48:56Z</time><sat>33</sat></trkpt>
  <trkpt lat="30.27473565" lon="120.11533662"><ele>9.588</ele><time>2026-04-25T05:48:59Z</time><sat>34</sat></trkpt>
  <trkpt lat="30.27458867" lon="120.11534920"><ele>9.818</ele><time>2026-04-25T05:49:02Z</time><sat>36</sat></trkpt>
  <trkpt lat="30.27443817" lon="120.11538197"><ele>9.723</ele><time>2026-04-25T05:49:05Z</time><sat>37</sat></trkpt>
  <trkpt lat="30.27427816" lon="120.11552348"><ele>8.240</ele><time>2026-04-25T05:49:08Z</time><sat>38</sat></trkpt>
  <trkpt lat="30.27417798" lon="120.11576030"><ele>6.674</ele><time>2026-04-25T05:49:11Z</time><sat>40</sat></trkpt>
  <trkpt lat="30.27415743" lon="120.11599884"><ele>6.447</ele><time>2026-04-25T05:49:14Z</time><sat>39</sat></trkpt>
  <trkpt lat="30.27416845" lon="120.11624607"><ele>5.465</ele><time>2026-04-25T05:49:17Z</time><sat>39</sat></trkpt>
  <trkpt lat="30.27417580" lon="120.11659180"><ele>5.658</ele><time>2026-04-25T05:49:20Z</time><sat>39</sat></trkpt>
  <trkpt lat="30.27418311" lon="120.11699475"><ele>5.905</ele><time>2026-04-25T05:49:23Z</time><sat>38</sat></trkpt>
  <trkpt lat="30.27418347" lon="120.11738098"><ele>5.860</ele><time>2026-04-25T05:49:26Z</time><sat>38</sat></trkpt>
  <trkpt lat="30.27418203" lon="120.11776107"><ele>6.208</ele><time>2026-04-25T05:49:29Z</time><sat>36</sat></trkpt>
  <trkpt lat="30.27421067" lon="120.11811275"><ele>5.339</ele><time>2026-04-25T05:49:32Z</time><sat>35</sat></trkpt>
  <trkpt lat="30.27424052" lon="120.11842842"><ele>4.626</ele><time>2026-04-25T05:49:35Z</time><sat>36</sat></trkpt>
  <trkpt lat="30.27424105" lon="120.11870068"><ele>3.745</ele><time>2026-04-25T05:49:38Z</time><sat>35</sat></trkpt>
  <trkpt lat="30.27422806" lon="120.11887935"><ele>3.598</ele><time>2026-04-25T05:49:41Z</time><sat>36</sat></trkpt>
  <trkpt lat="30.27422509" lon="120.11893923"><ele>0.626</ele><time>2026-04-25T05:49:44Z</time><sat>38</sat></trkpt>
  <trkpt lat="30.27421897" lon="120.11894525"><ele>2.088</ele><time>2026-04-25T05:49:47Z</time><sat>36</sat></trkpt>
  <trkpt lat="30.27421911" lon="120.11893752"><ele>1.887</ele><time>2026-04-25T05:49:50Z</time><sat>35</sat></trkpt>
  <trkpt lat="30.27420990" lon="120.11894336"><ele>2.972</ele><time>2026-04-25T05:49:53Z</time><sat>33</sat></trkpt>
  <trkpt lat="30.27421189" lon="120.11895390"><ele>4.071</ele><time>2026-04-25T05:49:56Z</time><sat>39</sat></trkpt>
  <trkpt lat="30.27420763" lon="120.11895927"><ele>4.747</ele><time>2026-04-25T05:49:59Z</time><sat>39</sat></trkpt>
  <trkpt lat="30.27421132" lon="120.11900504"><ele>6.090</ele><time>2026-04-25T05:50:02Z</time><sat>39</sat></trkpt>
  <trkpt lat="30.27420996" lon="120.11910068"><ele>7.694</ele><time>2026-04-25T05:50:05Z</time><sat>38</sat></trkpt>
  <trkpt lat="30.27419861" lon="120.11916570"><ele>7.416</ele><time>2026-04-25T05:50:08Z</time><sat>39</sat></trkpt>
  <trkpt lat="30.27413319" lon="120.11923065"><ele>5.934</ele><time>2026-04-25T05:50:11Z</time><sat>41</sat></trkpt>
  <trkpt lat="30.27397265" lon="120.11916356"><ele>4.806</ele><time>2026-04-25T05:50:14Z</time><sat>40</sat></trkpt>
  <trkpt lat="30.27379637" lon="120.11903029"><ele>4.287</ele><time>2026-04-25T05:50:17Z</time><sat>40</sat></trkpt>
  <trkpt lat="30.27364840" lon="120.11890079"><ele>3.642</ele><time>2026-04-25T05:50:20Z</time><sat>39</sat></trkpt>
  <trkpt lat="30.27351353" lon="120.11879346"><ele>3.035</ele><time>2026-04-25T05:50:23Z</time><sat>36</sat></trkpt>
  <trkpt lat="30.27344879" lon="120.11873961"><ele>2.401</ele><time>2026-04-25T05:50:26Z</time><sat>36</sat></trkpt>
  <trkpt lat="30.27343858" lon="120.11873128"><ele>2.141</ele><time>2026-04-25T05:50:29Z</time><sat>36</sat></trkpt>
  <trkpt lat="30.27343429" lon="120.11872618"><ele>1.831</ele><time>2026-04-25T05:50:32Z</time><sat>36</sat></trkpt>
  <trkpt lat="30.27343491" lon="120.11872631"><ele>1.743</ele><time>2026-04-25T05:50:35Z</time><sat>38</sat></trkpt>
  <trkpt lat="30.27343743" lon="120.11872741"><ele>2.049</ele><time>2026-04-25T05:50:38Z</time><sat>40</sat></trkpt>
  <trkpt lat="30.27343884" lon="120.11872849"><ele>2.128</ele><time>2026-04-25T05:50:41Z</time><sat>40</sat></trkpt>
  <trkpt lat="30.27343951" lon="120.11872874"><ele>2.173</ele><time>2026-04-25T05:50:44Z</time><sat>38</sat></trkpt>
  <trkpt lat="30.27338975" lon="120.11869291"><ele>2.110</ele><time>2026-04-25T05:50:47Z</time><sat>37</sat></trkpt>
  <trkpt lat="30.27328470" lon="120.11861454"><ele>2.751</ele><time>2026-04-25T05:50:50Z</time><sat>37</sat></trkpt>
  <trkpt lat="30.27317047" lon="120.11852905"><ele>2.184</ele><time>2026-04-25T05:50:53Z</time><sat>37</sat></trkpt>
  <trkpt lat="30.27305365" lon="120.11843491"><ele>2.182</ele><time>2026-04-25T05:50:56Z</time><sat>37</sat></trkpt>
  <trkpt lat="30.27293292" lon="120.11835348"><ele>2.660</ele><time>2026-04-25T05:50:59Z</time><sat>38</sat></trkpt>
  <trkpt lat="30.27280833" lon="120.11834634"><ele>2.663</ele><time>2026-04-25T05:51:02Z</time><sat>36</sat></trkpt>
  <trkpt lat="30.27268025" lon="120.11840009"><ele>2.396</ele><time>2026-04-25T05:51:05Z</time><sat>34</sat></trkpt>
  <trkpt lat="30.27256250" lon="120.11851242"><ele>2.353</ele><time>2026-04-25T05:51:08Z</time><sat>32</sat></trkpt>
  <trkpt lat="30.27250297" lon="120.11865238"><ele>1.932</ele><time>2026-04-25T05:51:11Z</time><sat>32</sat></trkpt>
  <trkpt lat="30.27243433" lon="120.11881345"><ele>2.287</ele><time>2026-04-25T05:51:14Z</time><sat>34</sat></trkpt>
  <trkpt lat="30.27236305" lon="120.11894097"><ele>2.917</ele><time>2026-04-25T05:51:17Z</time><sat>36</sat></trkpt>
  <trkpt lat="30.27230029" lon="120.11904820"><ele>3.938</ele><time>2026-04-25T05:51:20Z</time><sat>37</sat></trkpt>
  <trkpt lat="30.27225341" lon="120.11915463"><ele>4.485</ele><time>2026-04-25T05:51:23Z</time><sat>37</sat></trkpt>
  <trkpt lat="30.27220103" lon="120.11925909"><ele>3.790</ele><time>2026-04-25T05:51:26Z</time><sat>40</sat></trkpt>
  <trkpt lat="30.27215586" lon="120.11933957"><ele>4.093</ele><time>2026-04-25T05:51:29Z</time><sat>40</sat></trkpt>
  <trkpt lat="30.27214208" lon="120.11936092"><ele>4.439</ele><time>2026-04-25T05:51:32Z</time><sat>38</sat></trkpt>
  <trkpt lat="30.27213159" lon="120.11938207"><ele>5.067</ele><time>2026-04-25T05:51:35Z</time><sat>39</sat></trkpt>
  <trkpt lat="30.27212498" lon="120.11938786"><ele>4.879</ele><time>2026-04-25T05:51:38Z</time><sat>39</sat></trkpt>
  <trkpt lat="30.27212290" lon="120.11938680"><ele>5.022</ele><time>2026-04-25T05:51:41Z</time><sat>37</sat></trkpt>
  <trkpt lat="30.27212185" lon="120.11938615"><ele>5.003</ele><time>2026-04-25T05:51:44Z</time><sat>37</sat></trkpt>
  <trkpt lat="30.27212139" lon="120.11938610"><ele>4.996</ele><time>2026-04-25T05:51:47Z</time><sat>35</sat></trkpt>
  <trkpt lat="30.27212119" lon="120.11938609"><ele>4.999</ele><time>2026-04-25T05:51:50Z</time><sat>34</sat></trkpt>
  <trkpt lat="30.27212102" lon="120.11938609"><ele>5.005</ele><time>2026-04-25T05:51:53Z</time><sat>35</sat></trkpt>
  <trkpt lat="30.27212087" lon="120.11938607"><ele>5.012</ele><time>2026-04-25T05:51:56Z</time><sat>34</sat></trkpt>
  <trkpt lat="30.27212075" lon="120.11938605"><ele>5.017</ele><time>2026-04-25T05:51:59Z</time><sat>33</sat></trkpt>
  <trkpt lat="30.27212064" lon="120.11938604"><ele>5.021</ele><time>2026-04-25T05:52:02Z</time><sat>33</sat></trkpt>
  <trkpt lat="30.27211956" lon="120.11938717"><ele>5.127</ele><time>2026-04-25T05:52:05Z</time><sat>33</sat></trkpt>
  <trkpt lat="30.27208413" lon="120.11945054"><ele>5.679</ele><time>2026-04-25T05:52:08Z</time><sat>33</sat></trkpt>
  <trkpt lat="30.27202606" lon="120.11955619"><ele>5.778</ele><time>2026-04-25T05:52:11Z</time><sat>37</sat></trkpt>
  <trkpt lat="30.27200170" lon="120.11960276"><ele>5.356</ele><time>2026-04-25T05:52:14Z</time><sat>39</sat></trkpt>
  <trkpt lat="30.27198266" lon="120.11964096"><ele>5.264</ele><time>2026-04-25T05:52:17Z</time><sat>34</sat></trkpt>
  <trkpt lat="30.27196254" lon="120.11968146"><ele>5.749</ele><time>2026-04-25T05:52:20Z</time><sat>32</sat></trkpt>
  <trkpt lat="30.27195110" lon="120.11970511"><ele>6.406</ele><time>2026-04-25T05:52:23Z</time><sat>31</sat></trkpt>
  <trkpt lat="30.27193545" lon="120.11973548"><ele>6.903</ele><time>2026-04-25T05:52:26Z</time><sat>34</sat></trkpt>
  <trkpt lat="30.27192157" lon="120.11976138"><ele>7.383</ele><time>2026-04-25T05:52:29Z</time><sat>35</sat></trkpt>
  <trkpt lat="30.27190093" lon="120.11978135"><ele>8.423</ele><time>2026-04-25T05:52:32Z</time><sat>38</sat></trkpt>
  <trkpt lat="30.27189703" lon="120.11977937"><ele>8.825</ele><time>2026-04-25T05:52:35Z</time><sat>42</sat></trkpt>
  <trkpt lat="30.27187772" lon="120.11977809"><ele>8.780</ele><time>2026-04-25T05:52:38Z</time><sat>42</sat></trkpt>
  <trkpt lat="30.27183538" lon="120.11976241"><ele>8.546</ele><time>2026-04-25T05:52:41Z</time><sat>40</sat></trkpt>
  <trkpt lat="30.27182757" lon="120.11975029"><ele>7.893</ele><time>2026-04-25T05:52:44Z</time><sat>39</sat></trkpt>
  <trkpt lat="30.27183068" lon="120.11974459"><ele>7.695</ele><time>2026-04-25T05:52:47Z</time><sat>39</sat></trkpt>
  <trkpt lat="30.27182989" lon="120.11974328"><ele>7.686</ele><time>2026-04-25T05:52:50Z</time><sat>41</sat></trkpt>
  <trkpt lat="30.27180843" lon="120.11973390"><ele>7.984</ele><time>2026-04-25T05:52:53Z</time><sat>40</sat></trkpt>
  <trkpt lat="30.27177946" lon="120.11971808"><ele>8.399</ele><time>2026-04-25T05:52:56Z</time><sat>40</sat></trkpt>
  <trkpt lat="30.27171572" lon="120.11968966"><ele>8.058</ele><time>2026-04-25T05:52:59Z</time><sat>40</sat></trkpt>
  <trkpt lat="30.27164110" lon="120.11965837"><ele>8.174</ele><time>2026-04-25T05:53:02Z</time><sat>38</sat></trkpt>
  <trkpt lat="30.27160121" lon="120.11964038"><ele>8.483</ele><time>2026-04-25T05:53:05Z</time><sat>41</sat></trkpt>
  <trkpt lat="30.27149369" lon="120.11960757"><ele>9.088</ele><time>2026-04-25T05:53:08Z</time><sat>40</sat></trkpt>
  <trkpt lat="30.27135552" lon="120.11956897"><ele>9.525</ele><time>2026-04-25T05:53:11Z</time><sat>39</sat></trkpt>
  <trkpt lat="30.27131244" lon="120.11954373"><ele>10.684</ele><time>2026-04-25T05:53:14Z</time><sat>40</sat></trkpt>
  <trkpt lat="30.27131528" lon="120.11954005"><ele>10.722</ele><time>2026-04-25T05:53:17Z</time><sat>41</sat></trkpt>
  <trkpt lat="30.27132500" lon="120.11954533"><ele>10.626</ele><time>2026-04-25T05:53:20Z</time><sat>39</sat></trkpt>
  <trkpt lat="30.27132478" lon="120.11954875"><ele>10.753</ele><time>2026-04-25T05:53:23Z</time><sat>36</sat></trkpt>
  <trkpt lat="30.27132761" lon="120.11953760"><ele>10.217</ele><time>2026-04-25T05:53:26Z</time><sat>40</sat></trkpt>
  <trkpt lat="30.27130006" lon="120.11952209"><ele>9.542</ele><time>2026-04-25T05:53:29Z</time><sat>41</sat></trkpt>
  <trkpt lat="30.27127356" lon="120.11949872"><ele>10.540</ele><time>2026-04-25T05:53:32Z</time><sat>39</sat></trkpt>
  <trkpt lat="30.27124038" lon="120.11949785"><ele>9.809</ele><time>2026-04-25T05:53:35Z</time><sat>38</sat></trkpt>
  <trkpt lat="30.27121747" lon="120.11948904"><ele>10.421</ele><time>2026-04-25T05:53:38Z</time><sat>37</sat></trkpt>
  <trkpt lat="30.27119163" lon="120.11948019"><ele>10.893</ele><time>2026-04-25T05:53:41Z</time><sat>39</sat></trkpt>
  <trkpt lat="30.27116076" lon="120.11947144"><ele>10.463</ele><time>2026-04-25T05:53:44Z</time><sat>42</sat></trkpt>
  <trkpt lat="30.27113353" lon="120.11945975"><ele>10.010</ele><time>2026-04-25T05:53:47Z</time><sat>41</sat></trkpt>
  <trkpt lat="30.27110441" lon="120.11944861"><ele>8.716</ele><time>2026-04-25T05:53:50Z</time><sat>40</sat></trkpt>
  <trkpt lat="30.27107545" lon="120.11943782"><ele>8.025</ele><time>2026-04-25T05:53:53Z</time><sat>40</sat></trkpt>
  <trkpt lat="30.27104696" lon="120.11942854"><ele>7.801</ele><time>2026-04-25T05:53:56Z</time><sat>39</sat></trkpt>
  <trkpt lat="30.27101818" lon="120.11941793"><ele>7.537</ele><time>2026-04-25T05:53:59Z</time><sat>40</sat></trkpt>
  <trkpt lat="30.27099181" lon="120.11940652"><ele>8.493</ele><time>2026-04-25T05:54:02Z</time><sat>38</sat></trkpt>
  <trkpt lat="30.27095975" lon="120.11939427"><ele>8.157</ele><time>2026-04-25T05:54:07Z</time><sat>39</sat></trkpt>
  <trkpt lat="30.27093980" lon="120.11938494"><ele>8.628</ele><time>2026-04-25T05:54:10Z</time><sat>39</sat></trkpt>
  <trkpt lat="30.27089504" lon="120.11935188"><ele>9.607</ele><time>2026-04-25T05:54:13Z</time><sat>40</sat></trkpt>
  <trkpt lat="30.27088579" lon="120.11933688"><ele>10.627</ele><time>2026-04-25T05:54:16Z</time><sat>40</sat></trkpt>
  <trkpt lat="30.27084758" lon="120.11932395"><ele>11.707</ele><time>2026-04-25T05:54:19Z</time><sat>40</sat></trkpt>
  <trkpt lat="30.27081364" lon="120.11932230"><ele>10.992</ele><time>2026-04-25T05:54:22Z</time><sat>41</sat></trkpt>
  <trkpt lat="30.27078976" lon="120.11932864"><ele>10.891</ele><time>2026-04-25T05:54:25Z</time><sat>42</sat></trkpt>
  <trkpt lat="30.27076143" lon="120.11931570"><ele>10.491</ele><time>2026-04-25T05:54:28Z</time><sat>40</sat></trkpt>
  <trkpt lat="30.27073249" lon="120.11930669"><ele>10.280</ele><time>2026-04-25T05:54:31Z</time><sat>40</sat></trkpt>
  <trkpt lat="30.27070344" lon="120.11929271"><ele>10.831</ele><time>2026-04-25T05:54:34Z</time><sat>41</sat></trkpt>
  <trkpt lat="30.27067210" lon="120.11928069"><ele>10.916</ele><time>2026-04-25T05:54:37Z</time><sat>41</sat></trkpt>
  <trkpt lat="30.27063917" lon="120.11927416"><ele>10.904</ele><time>2026-04-25T05:54:40Z</time><sat>40</sat></trkpt>
  <trkpt lat="30.27061300" lon="120.11926920"><ele>10.925</ele><time>2026-04-25T05:54:43Z</time><sat>40</sat></trkpt>
  <trkpt lat="30.27059694" lon="120.11926022"><ele>10.821</ele><time>2026-04-25T05:54:46Z</time><sat>41</sat></trkpt>
  <trkpt lat="30.27056847" lon="120.11925055"><ele>10.502</ele><time>2026-04-25T05:54:49Z</time><sat>41</sat></trkpt>
  <trkpt lat="30.27053777" lon="120.11924261"><ele>10.836</ele><time>2026-04-25T05:54:52Z</time><sat>40</sat></trkpt>
  <trkpt lat="30.27050935" lon="120.11923358"><ele>10.689</ele><time>2026-04-25T05:54:55Z</time><sat>40</sat></trkpt>
  <trkpt lat="30.27048869" lon="120.11922245"><ele>10.674</ele><time>2026-04-25T05:54:58Z</time><sat>41</sat></trkpt>
  <trkpt lat="30.27047057" lon="120.11920983"><ele>11.617</ele><time>2026-04-25T05:55:01Z</time><sat>41</sat></trkpt>
  <trkpt lat="30.27045903" lon="120.11918252"><ele>10.392</ele><time>2026-04-25T05:55:04Z</time><sat>40</sat></trkpt>
  <trkpt lat="30.27046625" lon="120.11917931"><ele>12.160</ele><time>2026-04-25T05:55:07Z</time><sat>40</sat></trkpt>
  <trkpt lat="30.27046287" lon="120.11922010"><ele>12.072</ele><time>2026-04-25T05:55:10Z</time><sat>41</sat></trkpt>
  <trkpt lat="30.27045889" lon="120.11923642"><ele>11.607</ele><time>2026-04-25T05:55:13Z</time><sat>40</sat></trkpt>
  <trkpt lat="30.27045715" lon="120.11924575"><ele>11.547</ele><time>2026-04-25T05:55:16Z</time><sat>32</sat></trkpt>
  <trkpt lat="30.27045791" lon="120.11925089"><ele>11.404</ele><time>2026-04-25T05:55:19Z</time><sat>28</sat></trkpt>
  <trkpt lat="30.27045873" lon="120.11925356"><ele>11.758</ele><time>2026-04-25T05:55:22Z</time><sat>33</sat></trkpt>
  <trkpt lat="30.27045881" lon="120.11925498"><ele>11.935</ele><time>2026-04-25T05:55:25Z</time><sat>35</sat></trkpt>
  <trkpt lat="30.27045857" lon="120.11925701"><ele>12.129</ele><time>2026-04-25T05:55:28Z</time><sat>33</sat></trkpt>
  <trkpt lat="30.27045804" lon="120.11925964"><ele>12.381</ele><time>2026-04-25T05:55:31Z</time><sat>28</sat></trkpt>
  <trkpt lat="30.27045694" lon="120.11926240"><ele>12.675</ele><time>2026-04-25T05:55:34Z</time><sat>25</sat></trkpt>
  <trkpt lat="30.27045524" lon="120.11926547"><ele>13.111</ele><time>2026-04-25T05:55:37Z</time><sat>25</sat></trkpt>
  <trkpt lat="30.27045420" lon="120.11926863"><ele>13.446</ele><time>2026-04-25T05:55:40Z</time><sat>26</sat></trkpt>
  <trkpt lat="30.27045395" lon="120.11926926"><ele>13.457</ele><time>2026-04-25T05:55:43Z</time><sat>29</sat></trkpt>
  <trkpt lat="30.27045362" lon="120.11926992"><ele>13.527</ele><time>2026-04-25T05:55:46Z</time><sat>27</sat></trkpt>
  <trkpt lat="30.27045345" lon="120.11927025"><ele>13.515</ele><time>2026-04-25T05:55:49Z</time><sat>25</sat></trkpt>
  <trkpt lat="30.27045337" lon="120.11927033"><ele>13.519</ele><time>2026-04-25T05:55:52Z</time><sat>26</sat></trkpt>
  <trkpt lat="30.27045312" lon="120.11927077"><ele>13.579</ele><time>2026-04-25T05:55:55Z</time><sat>23</sat></trkpt>
  <trkpt lat="30.27045305" lon="120.11927140"><ele>13.631</ele><time>2026-04-25T05:55:58Z</time><sat>28</sat></trkpt>
  <trkpt lat="30.27045304" lon="120.11927118"><ele>13.554</ele><time>2026-04-25T05:56:01Z</time><sat>32</sat></trkpt>
  <trkpt lat="30.27045294" lon="120.11927119"><ele>13.530</ele><time>2026-04-25T05:56:04Z</time><sat>30</sat></trkpt>
  <trkpt lat="30.27045292" lon="120.11927141"><ele>13.568</ele><time>2026-04-25T05:56:07Z</time><sat>29</sat></trkpt>
  <trkpt lat="30.27045296" lon="120.11927153"><ele>13.566</ele><time>2026-04-25T05:56:10Z</time><sat>29</sat></trkpt>
  <trkpt lat="30.27045292" lon="120.11927148"><ele>13.551</ele><time>2026-04-25T05:56:13Z</time><sat>29</sat></trkpt>
  <trkpt lat="30.27045288" lon="120.11927139"><ele>13.555</ele><time>2026-04-25T05:56:16Z</time><sat>26</sat></trkpt>
  <trkpt lat="30.27045283" lon="120.11927137"><ele>13.559</ele><time>2026-04-25T05:56:19Z</time><sat>25</sat></trkpt>
  <trkpt lat="30.27045279" lon="120.11927159"><ele>13.593</ele><time>2026-04-25T05:56:22Z</time><sat>26</sat></trkpt>
  <trkpt lat="30.27045275" lon="120.11927167"><ele>13.593</ele><time>2026-04-25T05:56:25Z</time><sat>26</sat></trkpt>
  <trkpt lat="30.27045266" lon="120.11927185"><ele>13.627</ele><time>2026-04-25T05:56:28Z</time><sat>25</sat></trkpt>
  <trkpt lat="30.27045218" lon="120.11927305"><ele>13.848</ele><time>2026-04-25T05:56:31Z</time><sat>27</sat></trkpt>
  <trkpt lat="30.27045144" lon="120.11927491"><ele>14.022</ele><time>2026-04-25T05:56:34Z</time><sat>29</sat></trkpt>
  <trkpt lat="30.27045095" lon="120.11927627"><ele>14.185</ele><time>2026-04-25T05:56:37Z</time><sat>29</sat></trkpt>
  <trkpt lat="30.27045034" lon="120.11927784"><ele>14.352</ele><time>2026-04-25T05:56:40Z</time><sat>31</sat></trkpt>
  <trkpt lat="30.27045018" lon="120.11927830"><ele>14.369</ele><time>2026-04-25T05:56:43Z</time><sat>32</sat></trkpt>
  <trkpt lat="30.27045004" lon="120.11927839"><ele>14.380</ele><time>2026-04-25T05:56:46Z</time><sat>29</sat></trkpt>
  <trkpt lat="30.27044986" lon="120.11927835"><ele>14.400</ele><time>2026-04-25T05:56:49Z</time><sat>29</sat></trkpt>
  <trkpt lat="30.27044977" lon="120.11927830"><ele>14.402</ele><time>2026-04-25T05:56:52Z</time><sat>19</sat></trkpt>
  <trkpt lat="30.27044970" lon="120.11927824"><ele>14.407</ele><time>2026-04-25T05:56:55Z</time><sat>20</sat></trkpt>
  <trkpt lat="30.27044953" lon="120.11927839"><ele>14.420</ele><time>2026-04-25T05:56:58Z</time><sat>29</sat></trkpt>
  <trkpt lat="30.27044939" lon="120.11927860"><ele>14.443</ele><time>2026-04-25T05:57:01Z</time><sat>34</sat></trkpt>
  <trkpt lat="30.27044936" lon="120.11927866"><ele>14.473</ele><time>2026-04-25T05:57:04Z</time><sat>35</sat></trkpt>
  <trkpt lat="30.27044926" lon="120.11927895"><ele>14.525</ele><time>2026-04-25T05:57:07Z</time><sat>33</sat></trkpt>
  <trkpt lat="30.27044915" lon="120.11927907"><ele>14.531</ele><time>2026-04-25T05:57:10Z</time><sat>27</sat></trkpt>
  <trkpt lat="30.27044903" lon="120.11927924"><ele>14.552</ele><time>2026-04-25T05:57:13Z</time><sat>28</sat></trkpt>
  <trkpt lat="30.27044895" lon="120.11927931"><ele>14.551</ele><time>2026-04-25T05:57:16Z</time><sat>31</sat></trkpt>
  <trkpt lat="30.27044870" lon="120.11927976"><ele>14.602</ele><time>2026-04-25T05:57:19Z</time><sat>29</sat></trkpt>
  <trkpt lat="30.27044816" lon="120.11928092"><ele>14.738</ele><time>2026-04-25T05:57:22Z</time><sat>25</sat></trkpt>
  <trkpt lat="30.27044744" lon="120.11928239"><ele>14.828</ele><time>2026-04-25T05:57:25Z</time><sat>31</sat></trkpt>
  <trkpt lat="30.27044686" lon="120.11928383"><ele>14.980</ele><time>2026-04-25T05:57:28Z</time><sat>34</sat></trkpt>
  <trkpt lat="30.27044664" lon="120.11928444"><ele>15.002</ele><time>2026-04-25T05:57:31Z</time><sat>32</sat></trkpt>
  <trkpt lat="30.27044646" lon="120.11928540"><ele>15.146</ele><time>2026-04-25T05:57:34Z</time><sat>34</sat></trkpt>
  <trkpt lat="30.27044636" lon="120.11928676"><ele>15.347</ele><time>2026-04-25T05:57:37Z</time><sat>31</sat></trkpt>
  <trkpt lat="30.27044621" lon="120.11928779"><ele>15.496</ele><time>2026-04-25T05:57:40Z</time><sat>32</sat></trkpt>
  <trkpt lat="30.27044595" lon="120.11928877"><ele>15.601</ele><time>2026-04-25T05:57:43Z</time><sat>37</sat></trkpt>
  <trkpt lat="30.27044557" lon="120.11928983"><ele>15.696</ele><time>2026-04-25T05:57:46Z</time><sat>37</sat></trkpt>
  <trkpt lat="30.27044532" lon="120.11929054"><ele>15.769</ele><time>2026-04-25T05:57:49Z</time><sat>32</sat></trkpt>
  <trkpt lat="30.27044507" lon="120.11929135"><ele>15.880</ele><time>2026-04-25T05:57:52Z</time><sat>34</sat></trkpt>
  <trkpt lat="30.27044486" lon="120.11929204"><ele>15.974</ele><time>2026-04-25T05:57:55Z</time><sat>33</sat></trkpt>
  <trkpt lat="30.27044468" lon="120.11929292"><ele>16.115</ele><time>2026-04-25T05:57:58Z</time><sat>34</sat></trkpt>
  <trkpt lat="30.27044447" lon="120.11929348"><ele>16.188</ele><time>2026-04-25T05:58:01Z</time><sat>35</sat></trkpt>
  <trkpt lat="30.27044428" lon="120.11929391"><ele>16.248</ele><time>2026-04-25T05:58:04Z</time><sat>34</sat></trkpt>
  <trkpt lat="30.27044414" lon="120.11929418"><ele>16.290</ele><time>2026-04-25T05:58:07Z</time><sat>33</sat></trkpt>
  <trkpt lat="30.27044403" lon="120.11929442"><ele>16.332</ele><time>2026-04-25T05:58:10Z</time><sat>33</sat></trkpt>
  <trkpt lat="30.27044399" lon="120.11929454"><ele>16.348</ele><time>2026-04-25T05:58:13Z</time><sat>33</sat></trkpt>
  <trkpt lat="30.27044392" lon="120.11929462"><ele>16.357</ele><time>2026-04-25T05:58:16Z</time><sat>30</sat></trkpt>
  <trkpt lat="30.27044396" lon="120.11929473"><ele>16.377</ele><time>2026-04-25T05:58:19Z</time><sat>32</sat></trkpt>
  <trkpt lat="30.27044390" lon="120.11929505"><ele>16.424</ele><time>2026-04-25T05:58:22Z</time><sat>33</sat></trkpt>
  <trkpt lat="30.27044382" lon="120.11929524"><ele>16.431</ele><time>2026-04-25T05:58:25Z</time><sat>33</sat></trkpt>
  <trkpt lat="30.27044371" lon="120.11929536"><ele>16.436</ele><time>2026-04-25T05:58:28Z</time><sat>35</sat></trkpt>
  <trkpt lat="30.27044358" lon="120.11929554"><ele>16.463</ele><time>2026-04-25T05:58:31Z</time><sat>33</sat></trkpt>
  <trkpt lat="30.27044344" lon="120.11929583"><ele>16.484</ele><time>2026-04-25T05:58:34Z</time><sat>31</sat></trkpt>
  <trkpt lat="30.27044332" lon="120.11929604"><ele>16.496</ele><time>2026-04-25T05:58:37Z</time><sat>37</sat></trkpt>
  <trkpt lat="30.27044321" lon="120.11929623"><ele>16.519</ele><time>2026-04-25T05:58:40Z</time><sat>36</sat></trkpt>
  <trkpt lat="30.27044311" lon="120.11929645"><ele>16.550</ele><time>2026-04-25T05:58:43Z</time><sat>31</sat></trkpt>
  <trkpt lat="30.27044299" lon="120.11929672"><ele>16.608</ele><time>2026-04-25T05:58:46Z</time><sat>37</sat></trkpt>
  <trkpt lat="30.27044275" lon="120.11929753"><ele>16.765</ele><time>2026-04-25T05:58:49Z</time><sat>38</sat></trkpt>
  <trkpt lat="30.27044263" lon="120.11929806"><ele>16.840</ele><time>2026-04-25T05:58:52Z</time><sat>33</sat></trkpt>
  <trkpt lat="30.27044239" lon="120.11929857"><ele>16.917</ele><time>2026-04-25T05:58:55Z</time><sat>31</sat></trkpt>
  <trkpt lat="30.27044222" lon="120.11929884"><ele>16.939</ele><time>2026-04-25T05:58:58Z</time><sat>33</sat></trkpt>
  <trkpt lat="30.27044200" lon="120.11929923"><ele>16.982</ele><time>2026-04-25T05:59:01Z</time><sat>36</sat></trkpt>
  <trkpt lat="30.27044197" lon="120.11929936"><ele>16.992</ele><time>2026-04-25T05:59:04Z</time><sat>35</sat></trkpt>
  <trkpt lat="30.27044198" lon="120.11929973"><ele>17.037</ele><time>2026-04-25T05:59:07Z</time><sat>35</sat></trkpt>
  <trkpt lat="30.27044180" lon="120.11930015"><ele>17.073</ele><time>2026-04-25T05:59:10Z</time><sat>36</sat></trkpt>
  <trkpt lat="30.27044163" lon="120.11930051"><ele>17.105</ele><time>2026-04-25T05:59:13Z</time><sat>36</sat></trkpt>
  <trkpt lat="30.27044160" lon="120.11930082"><ele>17.136</ele><time>2026-04-25T05:59:16Z</time><sat>34</sat></trkpt>
  <trkpt lat="30.27044155" lon="120.11930114"><ele>17.154</ele><time>2026-04-25T05:59:19Z</time><sat>32</sat></trkpt>
  <trkpt lat="30.27044136" lon="120.11930165"><ele>17.201</ele><time>2026-04-25T05:59:22Z</time><sat>39</sat></trkpt>
  <trkpt lat="30.27044121" lon="120.11930183"><ele>17.204</ele><time>2026-04-25T05:59:25Z</time><sat>37</sat></trkpt>
  <trkpt lat="30.27044109" lon="120.11930200"><ele>17.228</ele><time>2026-04-25T05:59:28Z</time><sat>35</sat></trkpt>
  <trkpt lat="30.27044079" lon="120.11930248"><ele>17.293</ele><time>2026-04-25T05:59:31Z</time><sat>35</sat></trkpt>
  <trkpt lat="30.27044063" lon="120.11930288"><ele>17.353</ele><time>2026-04-25T05:59:34Z</time><sat>36</sat></trkpt>
  <trkpt lat="30.27044048" lon="120.11930324"><ele>17.386</ele><time>2026-04-25T05:59:37Z</time><sat>38</sat></trkpt>
  <trkpt lat="30.27044044" lon="120.11930330"><ele>17.384</ele><time>2026-04-25T05:59:40Z</time><sat>37</sat></trkpt>
  <trkpt lat="30.27044039" lon="120.11930334"><ele>17.391</ele><time>2026-04-25T05:59:43Z</time><sat>32</sat></trkpt>
  <trkpt lat="30.27044040" lon="120.11930327"><ele>17.403</ele><time>2026-04-25T05:59:46Z</time><sat>28</sat></trkpt>
  <trkpt lat="30.27044039" lon="120.11930326"><ele>17.407</ele><time>2026-04-25T05:59:49Z</time><sat>32</sat></trkpt>
  <trkpt lat="30.27044041" lon="120.11930325"><ele>17.411</ele><time>2026-04-25T05:59:52Z</time><sat>31</sat></trkpt>
  <trkpt lat="30.27044046" lon="120.11930317"><ele>17.412</ele><time>2026-04-25T05:59:55Z</time><sat>31</sat></trkpt>
  <trkpt lat="30.27044024" lon="120.11930247"><ele>17.338</ele><time>2026-04-25T05:59:58Z</time><sat>30</sat></trkpt>
  <trkpt lat="30.27044015" lon="120.11930226"><ele>17.328</ele><time>2026-04-25T06:00:01Z</time><sat>34</sat></trkpt>
  <trkpt lat="30.27044011" lon="120.11930224"><ele>17.330</ele><time>2026-04-25T06:00:04Z</time><sat>35</sat></trkpt>
  <trkpt lat="30.27044002" lon="120.11930234"><ele>17.338</ele><time>2026-04-25T06:00:07Z</time><sat>35</sat></trkpt>
  <trkpt lat="30.27044003" lon="120.11930238"><ele>17.338</ele><time>2026-04-25T06:00:10Z</time><sat>27</sat></trkpt>
  <trkpt lat="30.27043973" lon="120.11930162"><ele>17.060</ele><time>2026-04-25T06:00:13Z</time><sat>26</sat></trkpt>
  <trkpt lat="30.27043948" lon="120.11930118"><ele>17.102</ele><time>2026-04-25T06:00:16Z</time><sat>34</sat></trkpt>
  <trkpt lat="30.27044358" lon="120.11933471"><ele>23.230</ele><time>2026-04-25T06:00:19Z</time><sat>37</sat></trkpt>
  <trkpt lat="30.27044313" lon="120.11932992"><ele>18.016</ele><time>2026-04-25T06:00:22Z</time><sat>38</sat></trkpt>
  <trkpt lat="30.27047579" lon="120.11927229"><ele>15.503</ele><time>2026-04-25T06:00:25Z</time><sat>40</sat></trkpt>
  <trkpt lat="30.27050659" lon="120.11926097"><ele>16.645</ele><time>2026-04-25T06:00:28Z</time><sat>40</sat></trkpt>
  <trkpt lat="30.27053610" lon="120.11926536"><ele>16.630</ele><time>2026-04-25T06:00:31Z</time><sat>40</sat></trkpt>
  <trkpt lat="30.27056967" lon="120.11927169"><ele>13.893</ele><time>2026-04-25T06:00:34Z</time><sat>40</sat></trkpt>
  <trkpt lat="30.27057958" lon="120.11926523"><ele>14.769</ele><time>2026-04-25T06:00:37Z</time><sat>42</sat></trkpt>
  <trkpt lat="30.27058008" lon="120.11926274"><ele>15.351</ele><time>2026-04-25T06:00:40Z</time><sat>42</sat></trkpt>
  <trkpt lat="30.27058155" lon="120.11926514"><ele>16.279</ele><time>2026-04-25T06:00:43Z</time><sat>41</sat></trkpt>
  <trkpt lat="30.27058527" lon="120.11926275"><ele>15.130</ele><time>2026-04-25T06:00:46Z</time><sat>38</sat></trkpt>
  <trkpt lat="30.27060670" lon="120.11926606"><ele>14.834</ele><time>2026-04-25T06:00:49Z</time><sat>41</sat></trkpt>
  <trkpt lat="30.27063374" lon="120.11926269"><ele>12.332</ele><time>2026-04-25T06:00:52Z</time><sat>41</sat></trkpt>
  <trkpt lat="30.27066190" lon="120.11925816"><ele>9.575</ele><time>2026-04-25T06:00:55Z</time><sat>41</sat></trkpt>
  <trkpt lat="30.27069092" lon="120.11924347"><ele>6.759</ele><time>2026-04-25T06:00:58Z</time><sat>41</sat></trkpt>
  <trkpt lat="30.27071359" lon="120.11923367"><ele>5.272</ele><time>2026-04-25T06:01:01Z</time><sat>41</sat></trkpt>
  <trkpt lat="30.27073608" lon="120.11923243"><ele>4.087</ele><time>2026-04-25T06:01:04Z</time><sat>41</sat></trkpt>
  <trkpt lat="30.27075594" lon="120.11923449"><ele>4.259</ele><time>2026-04-25T06:01:07Z</time><sat>41</sat></trkpt>
  <trkpt lat="30.27077564" lon="120.11923664"><ele>4.214</ele><time>2026-04-25T06:01:10Z</time><sat>41</sat></trkpt>
  <trkpt lat="30.27079719" lon="120.11923940"><ele>4.401</ele><time>2026-04-25T06:01:13Z</time><sat>40</sat></trkpt>
  <trkpt lat="30.27082401" lon="120.11923733"><ele>4.580</ele><time>2026-04-25T06:01:16Z</time><sat>41</sat></trkpt>
  <trkpt lat="30.27084902" lon="120.11923536"><ele>7.148</ele><time>2026-04-25T06:01:19Z</time><sat>41</sat></trkpt>
  <trkpt lat="30.27086923" lon="120.11923508"><ele>7.911</ele><time>2026-04-25T06:01:22Z</time><sat>39</sat></trkpt>
  <trkpt lat="30.27089262" lon="120.11923662"><ele>8.750</ele><time>2026-04-25T06:01:25Z</time><sat>38</sat></trkpt>
  <trkpt lat="30.27088818" lon="120.11924459"><ele>8.713</ele><time>2026-04-25T06:01:28Z</time><sat>40</sat></trkpt>
  <trkpt lat="30.27088632" lon="120.11925112"><ele>8.746</ele><time>2026-04-25T06:01:31Z</time><sat>41</sat></trkpt>
  <trkpt lat="30.27088537" lon="120.11925768"><ele>8.901</ele><time>2026-04-25T06:01:34Z</time><sat>38</sat></trkpt>
  <trkpt lat="30.27088482" lon="120.11926195"><ele>8.886</ele><time>2026-04-25T06:01:37Z</time><sat>36</sat></trkpt>
  <trkpt lat="30.27088456" lon="120.11926299"><ele>8.916</ele><time>2026-04-25T06:01:40Z</time><sat>38</sat></trkpt>
  <trkpt lat="30.27088458" lon="120.11926328"><ele>8.915</ele><time>2026-04-25T06:01:43Z</time><sat>37</sat></trkpt>
  <trkpt lat="30.27088405" lon="120.11926433"><ele>8.878</ele><time>2026-04-25T06:01:46Z</time><sat>28</sat></trkpt>
  <trkpt lat="30.27088635" lon="120.11930308"><ele>8.696</ele><time>2026-04-25T06:01:49Z</time><sat>34</sat></trkpt>
  <trkpt lat="30.27089060" lon="120.11932838"><ele>8.628</ele><time>2026-04-25T06:01:52Z</time><sat>36</sat></trkpt>
  <trkpt lat="30.27089610" lon="120.11933031"><ele>8.880</ele><time>2026-04-25T06:01:55Z</time><sat>36</sat></trkpt>
  <trkpt lat="30.27089809" lon="120.11932967"><ele>9.024</ele><time>2026-04-25T06:01:58Z</time><sat>28</sat></trkpt>
  <trkpt lat="30.27089951" lon="120.11933206"><ele>9.019</ele><time>2026-04-25T06:02:01Z</time><sat>24</sat></trkpt>
  <trkpt lat="30.27090076" lon="120.11933451"><ele>9.185</ele><time>2026-04-25T06:02:04Z</time><sat>21</sat></trkpt>
  <trkpt lat="30.27090157" lon="120.11933795"><ele>9.484</ele><time>2026-04-25T06:02:07Z</time><sat>22</sat></trkpt>
  <trkpt lat="30.27089009" lon="120.11933599"><ele>9.752</ele><time>2026-04-25T06:02:10Z</time><sat>23</sat></trkpt>
  <trkpt lat="30.27087501" lon="120.11936111"><ele>11.893</ele><time>2026-04-25T06:02:13Z</time><sat>34</sat></trkpt>
  <trkpt lat="30.27087147" lon="120.11936126"><ele>10.363</ele><time>2026-04-25T06:02:16Z</time><sat>35</sat></trkpt>
  <trkpt lat="30.27088043" lon="120.11935420"><ele>9.757</ele><time>2026-04-25T06:02:19Z</time><sat>40</sat></trkpt>
  <trkpt lat="30.27089742" lon="120.11934152"><ele>8.960</ele><time>2026-04-25T06:02:22Z</time><sat>41</sat></trkpt>
  <trkpt lat="30.27090914" lon="120.11931390"><ele>7.889</ele><time>2026-04-25T06:02:25Z</time><sat>41</sat></trkpt>
  <trkpt lat="30.27091363" lon="120.11929944"><ele>6.889</ele><time>2026-04-25T06:02:28Z</time><sat>39</sat></trkpt>
  <trkpt lat="30.27090641" lon="120.11929124"><ele>7.406</ele><time>2026-04-25T06:02:31Z</time><sat>39</sat></trkpt>
  <trkpt lat="30.27089512" lon="120.11928264"><ele>7.076</ele><time>2026-04-25T06:02:34Z</time><sat>40</sat></trkpt>
  <trkpt lat="30.27088113" lon="120.11926870"><ele>7.536</ele><time>2026-04-25T06:02:37Z</time><sat>41</sat></trkpt>
  <trkpt lat="30.27087083" lon="120.11925688"><ele>7.881</ele><time>2026-04-25T06:02:40Z</time><sat>41</sat></trkpt>
  <trkpt lat="30.27086224" lon="120.11924738"><ele>6.336</ele><time>2026-04-25T06:02:43Z</time><sat>40</sat></trkpt>
  <trkpt lat="30.27083868" lon="120.11926692"><ele>8.738</ele><time>2026-04-25T06:02:46Z</time><sat>40</sat></trkpt>
  <trkpt lat="30.27080845" lon="120.11926897"><ele>9.717</ele><time>2026-04-25T06:02:49Z</time><sat>40</sat></trkpt>
  <trkpt lat="30.27078252" lon="120.11926151"><ele>10.153</ele><time>2026-04-25T06:02:52Z</time><sat>40</sat></trkpt>
  <trkpt lat="30.27075888" lon="120.11925230"><ele>10.144</ele><time>2026-04-25T06:02:55Z</time><sat>41</sat></trkpt>
  <trkpt lat="30.27073707" lon="120.11924128"><ele>9.825</ele><time>2026-04-25T06:02:58Z</time><sat>41</sat></trkpt>
  <trkpt lat="30.27072291" lon="120.11923497"><ele>9.285</ele><time>2026-04-25T06:03:01Z</time><sat>41</sat></trkpt>
  <trkpt lat="30.27071024" lon="120.11923384"><ele>8.950</ele><time>2026-04-25T06:03:04Z</time><sat>41</sat></trkpt>
  <trkpt lat="30.27069825" lon="120.11923568"><ele>9.358</ele><time>2026-04-25T06:03:07Z</time><sat>41</sat></trkpt>
  <trkpt lat="30.27068233" lon="120.11924419"><ele>9.778</ele><time>2026-04-25T06:03:10Z</time><sat>41</sat></trkpt>
  <trkpt lat="30.27067344" lon="120.11926992"><ele>9.546</ele><time>2026-04-25T06:03:13Z</time><sat>41</sat></trkpt>
  <trkpt lat="30.27069535" lon="120.11930614"><ele>9.124</ele><time>2026-04-25T06:03:16Z</time><sat>41</sat></trkpt>
  <trkpt lat="30.27068418" lon="120.11927273"><ele>7.728</ele><time>2026-04-25T06:03:19Z</time><sat>41</sat></trkpt>
  <trkpt lat="30.27068530" lon="120.11924486"><ele>7.249</ele><time>2026-04-25T06:03:22Z</time><sat>41</sat></trkpt>
  <trkpt lat="30.27069978" lon="120.11922739"><ele>6.978</ele><time>2026-04-25T06:03:25Z</time><sat>41</sat></trkpt>
  <trkpt lat="30.27072897" lon="120.11922267"><ele>6.917</ele><time>2026-04-25T06:03:28Z</time><sat>41</sat></trkpt>
  <trkpt lat="30.27075208" lon="120.11922273"><ele>6.897</ele><time>2026-04-25T06:03:31Z</time><sat>40</sat></trkpt>
  <trkpt lat="30.27077452" lon="120.11922271"><ele>7.307</ele><time>2026-04-25T06:03:34Z</time><sat>40</sat></trkpt>
  <trkpt lat="30.27079558" lon="120.11922005"><ele>7.923</ele><time>2026-04-25T06:03:37Z</time><sat>39</sat></trkpt>
  <trkpt lat="30.27081549" lon="120.11922371"><ele>7.825</ele><time>2026-04-25T06:03:40Z</time><sat>41</sat></trkpt>
  <trkpt lat="30.27083435" lon="120.11922864"><ele>7.959</ele><time>2026-04-25T06:03:43Z</time><sat>41</sat></trkpt>
  <trkpt lat="30.27085301" lon="120.11923309"><ele>8.401</ele><time>2026-04-25T06:03:46Z</time><sat>40</sat></trkpt>
  <trkpt lat="30.27087280" lon="120.11923516"><ele>8.485</ele><time>2026-04-25T06:03:49Z</time><sat>40</sat></trkpt>
  <trkpt lat="30.27090467" lon="120.11924494"><ele>9.901</ele><time>2026-04-25T06:03:52Z</time><sat>40</sat></trkpt>
  <trkpt lat="30.27090703" lon="120.11925579"><ele>9.560</ele><time>2026-04-25T06:03:55Z</time><sat>40</sat></trkpt>
  <trkpt lat="30.27091074" lon="120.11926007"><ele>9.884</ele><time>2026-04-25T06:03:58Z</time><sat>40</sat></trkpt>
  <trkpt lat="30.27090582" lon="120.11926099"><ele>9.555</ele><time>2026-04-25T06:04:01Z</time><sat>32</sat></trkpt>
  <trkpt lat="30.27088907" lon="120.11925354"><ele>9.503</ele><time>2026-04-25T06:04:04Z</time><sat>33</sat></trkpt>
  <trkpt lat="30.27087106" lon="120.11925318"><ele>9.826</ele><time>2026-04-25T06:04:07Z</time><sat>38</sat></trkpt>
  <trkpt lat="30.27085296" lon="120.11925285"><ele>10.297</ele><time>2026-04-25T06:04:10Z</time><sat>39</sat></trkpt>
  <trkpt lat="30.27083792" lon="120.11924573"><ele>10.697</ele><time>2026-04-25T06:04:13Z</time><sat>40</sat></trkpt>
  <trkpt lat="30.27083021" lon="120.11924579"><ele>10.781</ele><time>2026-04-25T06:04:16Z</time><sat>40</sat></trkpt>
  <trkpt lat="30.27084226" lon="120.11925408"><ele>10.878</ele><time>2026-04-25T06:04:19Z</time><sat>40</sat></trkpt>
  <trkpt lat="30.27085594" lon="120.11925749"><ele>10.202</ele><time>2026-04-25T06:04:22Z</time><sat>39</sat></trkpt>
  <trkpt lat="30.27086644" lon="120.11925753"><ele>10.496</ele><time>2026-04-25T06:04:25Z</time><sat>39</sat></trkpt>
  <trkpt lat="30.27087685" lon="120.11925764"><ele>10.461</ele><time>2026-04-25T06:04:28Z</time><sat>39</sat></trkpt>
  <trkpt lat="30.27088330" lon="120.11925889"><ele>10.267</ele><time>2026-04-25T06:04:31Z</time><sat>37</sat></trkpt>
  <trkpt lat="30.27086414" lon="120.11924179"><ele>10.416</ele><time>2026-04-25T06:04:34Z</time><sat>37</sat></trkpt>
  <trkpt lat="30.27085346" lon="120.11923032"><ele>10.622</ele><time>2026-04-25T06:04:37Z</time><sat>36</sat></trkpt>
  <trkpt lat="30.27084694" lon="120.11924124"><ele>11.490</ele><time>2026-04-25T06:04:40Z</time><sat>35</sat></trkpt>
  <trkpt lat="30.27084566" lon="120.11924314"><ele>11.610</ele><time>2026-04-25T06:04:43Z</time><sat>39</sat></trkpt>
  <trkpt lat="30.27085158" lon="120.11925563"><ele>11.504</ele><time>2026-04-25T06:04:46Z</time><sat>39</sat></trkpt>
  <trkpt lat="30.27085985" lon="120.11924894"><ele>11.004</ele><time>2026-04-25T06:04:49Z</time><sat>40</sat></trkpt>
  <trkpt lat="30.27086528" lon="120.11924395"><ele>11.299</ele><time>2026-04-25T06:04:52Z</time><sat>35</sat></trkpt>
  <trkpt lat="30.27086730" lon="120.11924446"><ele>11.271</ele><time>2026-04-25T06:04:55Z</time><sat>34</sat></trkpt>
  <trkpt lat="30.27086806" lon="120.11924514"><ele>11.204</ele><time>2026-04-25T06:04:58Z</time><sat>35</sat></trkpt>
  <trkpt lat="30.27087170" lon="120.11924755"><ele>10.915</ele><time>2026-04-25T06:05:01Z</time><sat>35</sat></trkpt>
  <trkpt lat="30.27087597" lon="120.11925159"><ele>11.626</ele><time>2026-04-25T06:05:04Z</time><sat>33</sat></trkpt>
  <trkpt lat="30.27087915" lon="120.11925807"><ele>12.281</ele><time>2026-04-25T06:05:07Z</time><sat>34</sat></trkpt>
  <trkpt lat="30.27088623" lon="120.11928185"><ele>11.570</ele><time>2026-04-25T06:05:10Z</time><sat>35</sat></trkpt>
  <trkpt lat="30.27089734" lon="120.11929869"><ele>11.641</ele><time>2026-04-25T06:05:13Z</time><sat>37</sat></trkpt>
  <trkpt lat="30.27091749" lon="120.11931189"><ele>11.370</ele><time>2026-04-25T06:05:16Z</time><sat>39</sat></trkpt>
  <trkpt lat="30.27093131" lon="120.11930366"><ele>10.499</ele><time>2026-04-25T06:05:19Z</time><sat>39</sat></trkpt>
  <trkpt lat="30.27089610" lon="120.11926543"><ele>9.272</ele><time>2026-04-25T06:05:22Z</time><sat>39</sat></trkpt>
  <trkpt lat="30.27087963" lon="120.11925097"><ele>9.458</ele><time>2026-04-25T06:05:25Z</time><sat>39</sat></trkpt>
  <trkpt lat="30.27085898" lon="120.11924499"><ele>10.378</ele><time>2026-04-25T06:05:28Z</time><sat>39</sat></trkpt>
  <trkpt lat="30.27084093" lon="120.11923990"><ele>10.438</ele><time>2026-04-25T06:05:31Z</time><sat>38</sat></trkpt>
  <trkpt lat="30.27082309" lon="120.11923502"><ele>10.541</ele><time>2026-04-25T06:05:34Z</time><sat>38</sat></trkpt>
  <trkpt lat="30.27080499" lon="120.11922954"><ele>10.516</ele><time>2026-04-25T06:05:37Z</time><sat>38</sat></trkpt>
  <trkpt lat="30.27078732" lon="120.11922690"><ele>11.068</ele><time>2026-04-25T06:05:40Z</time><sat>39</sat></trkpt>
  <trkpt lat="30.27077631" lon="120.11924343"><ele>10.302</ele><time>2026-04-25T06:05:43Z</time><sat>39</sat></trkpt>
  <trkpt lat="30.27078503" lon="120.11926735"><ele>11.044</ele><time>2026-04-25T06:05:46Z</time><sat>40</sat></trkpt>
  <trkpt lat="30.27081471" lon="120.11927116"><ele>10.182</ele><time>2026-04-25T06:05:49Z</time><sat>40</sat></trkpt>
  <trkpt lat="30.27083904" lon="120.11927091"><ele>10.076</ele><time>2026-04-25T06:05:52Z</time><sat>39</sat></trkpt>
  <trkpt lat="30.27086648" lon="120.11925880"><ele>9.358</ele><time>2026-04-25T06:05:55Z</time><sat>39</sat></trkpt>
  <trkpt lat="30.27090468" lon="120.11923803"><ele>9.614</ele><time>2026-04-25T06:05:58Z</time><sat>37</sat></trkpt>
  <trkpt lat="30.27090572" lon="120.11924668"><ele>10.012</ele><time>2026-04-25T06:06:01Z</time><sat>35</sat></trkpt>
  <trkpt lat="30.27090639" lon="120.11924828"><ele>10.062</ele><time>2026-04-25T06:06:04Z</time><sat>38</sat></trkpt>
  <trkpt lat="30.27090628" lon="120.11924907"><ele>10.066</ele><time>2026-04-25T06:06:07Z</time><sat>34</sat></trkpt>
  <trkpt lat="30.27090645" lon="120.11925057"><ele>10.235</ele><time>2026-04-25T06:06:10Z</time><sat>28</sat></trkpt>
  <trkpt lat="30.27090620" lon="120.11925305"><ele>10.487</ele><time>2026-04-25T06:06:13Z</time><sat>25</sat></trkpt>
  <trkpt lat="30.27090520" lon="120.11925798"><ele>11.036</ele><time>2026-04-25T06:06:16Z</time><sat>31</sat></trkpt>
  <trkpt lat="30.27090090" lon="120.11927155"><ele>13.058</ele><time>2026-04-25T06:06:19Z</time><sat>33</sat></trkpt>
  <trkpt lat="30.27089259" lon="120.11930655"><ele>11.806</ele><time>2026-04-25T06:06:22Z</time><sat>33</sat></trkpt>
  <trkpt lat="30.27089286" lon="120.11932127"><ele>11.976</ele><time>2026-04-25T06:06:25Z</time><sat>36</sat></trkpt>
  <trkpt lat="30.27089053" lon="120.11932383"><ele>11.734</ele><time>2026-04-25T06:06:28Z</time><sat>36</sat></trkpt>
  <trkpt lat="30.27089246" lon="120.11932360"><ele>12.041</ele><time>2026-04-25T06:06:31Z</time><sat>31</sat></trkpt>
  <trkpt lat="30.27089300" lon="120.11932548"><ele>12.298</ele><time>2026-04-25T06:06:34Z</time><sat>26</sat></trkpt>
  <trkpt lat="30.27089439" lon="120.11932549"><ele>11.845</ele><time>2026-04-25T06:06:37Z</time><sat>31</sat></trkpt>
  <trkpt lat="30.27089659" lon="120.11932475"><ele>11.482</ele><time>2026-04-25T06:06:40Z</time><sat>31</sat></trkpt>
  <trkpt lat="30.27089905" lon="120.11932625"><ele>11.702</ele><time>2026-04-25T06:06:43Z</time><sat>29</sat></trkpt>
  <trkpt lat="30.27089938" lon="120.11932742"><ele>11.784</ele><time>2026-04-25T06:06:46Z</time><sat>30</sat></trkpt>
  <trkpt lat="30.27089915" lon="120.11932686"><ele>11.489</ele><time>2026-04-25T06:06:49Z</time><sat>25</sat></trkpt>
  <trkpt lat="30.27089995" lon="120.11932533"><ele>11.262</ele><time>2026-04-25T06:06:52Z</time><sat>25</sat></trkpt>
  <trkpt lat="30.27090094" lon="120.11932382"><ele>11.071</ele><time>2026-04-25T06:06:55Z</time><sat>27</sat></trkpt>
  <trkpt lat="30.27090163" lon="120.11932107"><ele>10.245</ele><time>2026-04-25T06:06:58Z</time><sat>27</sat></trkpt>
  <trkpt lat="30.27090075" lon="120.11932689"><ele>11.818</ele><time>2026-04-25T06:07:01Z</time><sat>34</sat></trkpt>
  <trkpt lat="30.27090190" lon="120.11934365"><ele>8.959</ele><time>2026-04-25T06:07:04Z</time><sat>34</sat></trkpt>
  <trkpt lat="30.27091028" lon="120.11934315"><ele>11.348</ele><time>2026-04-25T06:07:07Z</time><sat>34</sat></trkpt>
  <trkpt lat="30.27089995" lon="120.11933315"><ele>11.417</ele><time>2026-04-25T06:07:10Z</time><sat>34</sat></trkpt>
  <trkpt lat="30.27089885" lon="120.11933214"><ele>11.360</ele><time>2026-04-25T06:07:13Z</time><sat>36</sat></trkpt>
  <trkpt lat="30.27089971" lon="120.11933113"><ele>11.299</ele><time>2026-04-25T06:07:16Z</time><sat>34</sat></trkpt>
  <trkpt lat="30.27090218" lon="120.11933068"><ele>10.917</ele><time>2026-04-25T06:07:19Z</time><sat>29</sat></trkpt>
  <trkpt lat="30.27090329" lon="120.11933183"><ele>10.851</ele><time>2026-04-25T06:07:22Z</time><sat>21</sat></trkpt>
  <trkpt lat="30.27090451" lon="120.11934904"><ele>12.479</ele><time>2026-04-25T06:07:25Z</time><sat>21</sat></trkpt>
  <trkpt lat="30.27090124" lon="120.11935547"><ele>12.267</ele><time>2026-04-25T06:07:28Z</time><sat>32</sat></trkpt>
  <trkpt lat="30.27089426" lon="120.11935676"><ele>12.333</ele><time>2026-04-25T06:07:31Z</time><sat>32</sat></trkpt>
  <trkpt lat="30.27088572" lon="120.11935170"><ele>12.561</ele><time>2026-04-25T06:07:34Z</time><sat>25</sat></trkpt>
  <trkpt lat="30.27088634" lon="120.11932696"><ele>12.648</ele><time>2026-04-25T06:07:37Z</time><sat>37</sat></trkpt>
  <trkpt lat="30.27088332" lon="120.11932634"><ele>12.498</ele><time>2026-04-25T06:07:40Z</time><sat>38</sat></trkpt>
  <trkpt lat="30.27088100" lon="120.11933283"><ele>12.290</ele><time>2026-04-25T06:07:43Z</time><sat>37</sat></trkpt>
  <trkpt lat="30.27087348" lon="120.11933899"><ele>13.859</ele><time>2026-04-25T06:07:46Z</time><sat>36</sat></trkpt>
  <trkpt lat="30.27087043" lon="120.11933997"><ele>13.585</ele><time>2026-04-25T06:07:49Z</time><sat>35</sat></trkpt>
  <trkpt lat="30.27086147" lon="120.11934729"><ele>14.709</ele><time>2026-04-25T06:07:52Z</time><sat>36</sat></trkpt>
  <trkpt lat="30.27084778" lon="120.11935739"><ele>13.281</ele><time>2026-04-25T06:07:55Z</time><sat>36</sat></trkpt>
  <trkpt lat="30.27085173" lon="120.11935280"><ele>13.168</ele><time>2026-04-25T06:07:58Z</time><sat>34</sat></trkpt>
  <trkpt lat="30.27085546" lon="120.11934553"><ele>13.627</ele><time>2026-04-25T06:08:01Z</time><sat>36</sat></trkpt>
  <trkpt lat="30.27085500" lon="120.11934440"><ele>13.774</ele><time>2026-04-25T06:08:04Z</time><sat>33</sat></trkpt>
  <trkpt lat="30.27085376" lon="120.11934694"><ele>13.867</ele><time>2026-04-25T06:08:07Z</time><sat>31</sat></trkpt>
  <trkpt lat="30.27085143" lon="120.11935189"><ele>14.210</ele><time>2026-04-25T06:08:10Z</time><sat>32</sat></trkpt>
  <trkpt lat="30.27085383" lon="120.11934796"><ele>14.460</ele><time>2026-04-25T06:08:13Z</time><sat>33</sat></trkpt>
  <trkpt lat="30.27085815" lon="120.11934220"><ele>15.190</ele><time>2026-04-25T06:08:16Z</time><sat>33</sat></trkpt>
  <trkpt lat="30.27085716" lon="120.11934472"><ele>15.946</ele><time>2026-04-25T06:08:19Z</time><sat>33</sat></trkpt>
  <trkpt lat="30.27085514" lon="120.11934922"><ele>16.231</ele><time>2026-04-25T06:08:22Z</time><sat>34</sat></trkpt>
  <trkpt lat="30.27085404" lon="120.11935120"><ele>16.549</ele><time>2026-04-25T06:08:25Z</time><sat>35</sat></trkpt>
  <trkpt lat="30.27085364" lon="120.11935217"><ele>16.652</ele><time>2026-04-25T06:08:28Z</time><sat>38</sat></trkpt>
  <trkpt lat="30.27085458" lon="120.11935100"><ele>16.776</ele><time>2026-04-25T06:08:31Z</time><sat>36</sat></trkpt>
  <trkpt lat="30.27085555" lon="120.11935001"><ele>16.863</ele><time>2026-04-25T06:08:34Z</time><sat>36</sat></trkpt>
  <trkpt lat="30.27085500" lon="120.11935145"><ele>17.022</ele><time>2026-04-25T06:08:37Z</time><sat>36</sat></trkpt>
  <trkpt lat="30.27085282" lon="120.11935235"><ele>16.602</ele><time>2026-04-25T06:08:40Z</time><sat>36</sat></trkpt>
  <trkpt lat="30.27085238" lon="120.11935287"><ele>16.611</ele><time>2026-04-25T06:08:43Z</time><sat>36</sat></trkpt>
  <trkpt lat="30.27085417" lon="120.11935468"><ele>17.258</ele><time>2026-04-25T06:08:46Z</time><sat>35</sat></trkpt>
  <trkpt lat="30.27085942" lon="120.11936249"><ele>17.193</ele><time>2026-04-25T06:08:49Z</time><sat>35</sat></trkpt>
  <trkpt lat="30.27086237" lon="120.11936678"><ele>17.325</ele><time>2026-04-25T06:08:52Z</time><sat>36</sat></trkpt>
  <trkpt lat="30.27086900" lon="120.11936805"><ele>16.650</ele><time>2026-04-25T06:08:55Z</time><sat>37</sat></trkpt>
  <trkpt lat="30.27088655" lon="120.11937048"><ele>15.145</ele><time>2026-04-25T06:08:58Z</time><sat>40</sat></trkpt>
  <trkpt lat="30.27088795" lon="120.11937183"><ele>14.380</ele><time>2026-04-25T06:09:01Z</time><sat>40</sat></trkpt>
  <trkpt lat="30.27088875" lon="120.11937580"><ele>14.145</ele><time>2026-04-25T06:09:04Z</time><sat>37</sat></trkpt>
  <trkpt lat="30.27088891" lon="120.11938046"><ele>15.315</ele><time>2026-04-25T06:09:07Z</time><sat>37</sat></trkpt>
  <trkpt lat="30.27088853" lon="120.11938355"><ele>15.849</ele><time>2026-04-25T06:09:10Z</time><sat>39</sat></trkpt>
  <trkpt lat="30.27088876" lon="120.11938390"><ele>16.017</ele><time>2026-04-25T06:09:13Z</time><sat>39</sat></trkpt>
  <trkpt lat="30.27088844" lon="120.11938502"><ele>16.183</ele><time>2026-04-25T06:09:16Z</time><sat>37</sat></trkpt>
  <trkpt lat="30.27088776" lon="120.11938624"><ele>16.438</ele><time>2026-04-25T06:09:19Z</time><sat>39</sat></trkpt>
  <trkpt lat="30.27088723" lon="120.11938653"><ele>16.734</ele><time>2026-04-25T06:09:22Z</time><sat>40</sat></trkpt>
  <trkpt lat="30.27088706" lon="120.11938650"><ele>16.752</ele><time>2026-04-25T06:09:25Z</time><sat>39</sat></trkpt>
  <trkpt lat="30.27088715" lon="120.11938643"><ele>16.691</ele><time>2026-04-25T06:09:28Z</time><sat>39</sat></trkpt>
  <trkpt lat="30.27088701" lon="120.11938625"><ele>16.923</ele><time>2026-04-25T06:09:31Z</time><sat>36</sat></trkpt>
  <trkpt lat="30.27088680" lon="120.11938570"><ele>17.089</ele><time>2026-04-25T06:09:34Z</time><sat>38</sat></trkpt>
  <trkpt lat="30.27088656" lon="120.11938587"><ele>17.250</ele><time>2026-04-25T06:09:37Z</time><sat>38</sat></trkpt>
  <trkpt lat="30.27088654" lon="120.11938583"><ele>17.279</ele><time>2026-04-25T06:09:40Z</time><sat>37</sat></trkpt>
  <trkpt lat="30.27088656" lon="120.11938582"><ele>17.318</ele><time>2026-04-25T06:09:43Z</time><sat>37</sat></trkpt>
  <trkpt lat="30.27088653" lon="120.11938596"><ele>17.373</ele><time>2026-04-25T06:09:46Z</time><sat>39</sat></trkpt>
  <trkpt lat="30.27088656" lon="120.11938605"><ele>17.418</ele><time>2026-04-25T06:09:49Z</time><sat>39</sat></trkpt>
  <trkpt lat="30.27088653" lon="120.11938612"><ele>17.417</ele><time>2026-04-25T06:09:52Z</time><sat>38</sat></trkpt>
  <trkpt lat="30.27088631" lon="120.11938658"><ele>17.467</ele><time>2026-04-25T06:09:55Z</time><sat>38</sat></trkpt>
  <trkpt lat="30.27088616" lon="120.11938684"><ele>17.477</ele><time>2026-04-25T06:09:58Z</time><sat>38</sat></trkpt>
  <trkpt lat="30.27088604" lon="120.11938703"><ele>17.498</ele><time>2026-04-25T06:10:01Z</time><sat>37</sat></trkpt>
  <trkpt lat="30.27088598" lon="120.11938714"><ele>17.511</ele><time>2026-04-25T06:10:04Z</time><sat>37</sat></trkpt>
  <trkpt lat="30.27088586" lon="120.11938728"><ele>17.531</ele><time>2026-04-25T06:10:07Z</time><sat>36</sat></trkpt>
  <trkpt lat="30.27088578" lon="120.11938739"><ele>17.543</ele><time>2026-04-25T06:10:10Z</time><sat>35</sat></trkpt>
  <trkpt lat="30.27088568" lon="120.11938741"><ele>17.557</ele><time>2026-04-25T06:10:13Z</time><sat>34</sat></trkpt>
  <trkpt lat="30.27088559" lon="120.11938746"><ele>17.568</ele><time>2026-04-25T06:10:16Z</time><sat>34</sat></trkpt>
  <trkpt lat="30.27088540" lon="120.11938771"><ele>17.608</ele><time>2026-04-25T06:10:19Z</time><sat>35</sat></trkpt>
  <trkpt lat="30.27087772" lon="120.11938984"><ele>17.769</ele><time>2026-04-25T06:10:22Z</time><sat>37</sat></trkpt>
  <trkpt lat="30.27088331" lon="120.11939629"><ele>18.007</ele><time>2026-04-25T06:10:25Z</time><sat>37</sat></trkpt>
  <trkpt lat="30.27088540" lon="120.11940108"><ele>18.016</ele><time>2026-04-25T06:10:28Z</time><sat>33</sat></trkpt>
  <trkpt lat="30.27088552" lon="120.11940302"><ele>17.998</ele><time>2026-04-25T06:10:31Z</time><sat>34</sat></trkpt>
  <trkpt lat="30.27088690" lon="120.11939894"><ele>17.896</ele><time>2026-04-25T06:10:34Z</time><sat>38</sat></trkpt>
  <trkpt lat="30.27088631" lon="120.11939852"><ele>17.958</ele><time>2026-04-25T06:10:37Z</time><sat>38</sat></trkpt>
  <trkpt lat="30.27088537" lon="120.11939653"><ele>17.507</ele><time>2026-04-25T06:10:40Z</time><sat>38</sat></trkpt>
  <trkpt lat="30.27088526" lon="120.11939468"><ele>17.302</ele><time>2026-04-25T06:10:43Z</time><sat>38</sat></trkpt>
  <trkpt lat="30.27088552" lon="120.11939245"><ele>17.150</ele><time>2026-04-25T06:10:46Z</time><sat>37</sat></trkpt>
  <trkpt lat="30.27088565" lon="120.11938974"><ele>17.544</ele><time>2026-04-25T06:10:49Z</time><sat>37</sat></trkpt>
  <trkpt lat="30.27087684" lon="120.11937601"><ele>17.998</ele><time>2026-04-25T06:10:52Z</time><sat>34</sat></trkpt>
  <trkpt lat="30.27086357" lon="120.11937167"><ele>17.842</ele><time>2026-04-25T06:10:55Z</time><sat>34</sat></trkpt>
  <trkpt lat="30.27086116" lon="120.11937002"><ele>18.126</ele><time>2026-04-25T06:10:58Z</time><sat>34</sat></trkpt>
  <trkpt lat="30.27085971" lon="120.11936930"><ele>18.243</ele><time>2026-04-25T06:11:03Z</time><sat>32</sat></trkpt>
  <trkpt lat="30.27085924" lon="120.11937081"><ele>18.394</ele><time>2026-04-25T06:11:06Z</time><sat>31</sat></trkpt>
  <trkpt lat="30.27085870" lon="120.11937225"><ele>18.372</ele><time>2026-04-25T06:11:09Z</time><sat>25</sat></trkpt>
  <trkpt lat="30.27085773" lon="120.11937399"><ele>18.338</ele><time>2026-04-25T06:11:12Z</time><sat>25</sat></trkpt>
  <trkpt lat="30.27085691" lon="120.11937562"><ele>18.294</ele><time>2026-04-25T06:11:15Z</time><sat>26</sat></trkpt>
  <trkpt lat="30.27085634" lon="120.11937669"><ele>18.264</ele><time>2026-04-25T06:11:18Z</time><sat>24</sat></trkpt>
  <trkpt lat="30.27085558" lon="120.11937827"><ele>18.418</ele><time>2026-04-25T06:11:21Z</time><sat>25</sat></trkpt>
  <trkpt lat="30.27085492" lon="120.11937955"><ele>18.550</ele><time>2026-04-25T06:11:24Z</time><sat>26</sat></trkpt>
  <trkpt lat="30.27086013" lon="120.11936937"><ele>18.225</ele><time>2026-04-25T06:11:27Z</time><sat>28</sat></trkpt>
  <trkpt lat="30.27086209" lon="120.11936550"><ele>18.095</ele><time>2026-04-25T06:11:30Z</time><sat>33</sat></trkpt>
  <trkpt lat="30.27086222" lon="120.11936414"><ele>17.883</ele><time>2026-04-25T06:11:33Z</time><sat>34</sat></trkpt>
  <trkpt lat="30.27086208" lon="120.11936253"><ele>17.560</ele><time>2026-04-25T06:11:36Z</time><sat>35</sat></trkpt>
  <trkpt lat="30.27086148" lon="120.11936201"><ele>17.171</ele><time>2026-04-25T06:11:39Z</time><sat>37</sat></trkpt>
  <trkpt lat="30.27086095" lon="120.11936240"><ele>17.161</ele><time>2026-04-25T06:11:42Z</time><sat>37</sat></trkpt>
  <trkpt lat="30.27086066" lon="120.11936259"><ele>17.085</ele><time>2026-04-25T06:11:45Z</time><sat>36</sat></trkpt>
  <trkpt lat="30.27086017" lon="120.11936359"><ele>17.140</ele><time>2026-04-25T06:11:48Z</time><sat>34</sat></trkpt>
  <trkpt lat="30.27085989" lon="120.11936432"><ele>17.156</ele><time>2026-04-25T06:11:51Z</time><sat>37</sat></trkpt>
  <trkpt lat="30.27085968" lon="120.11936499"><ele>17.155</ele><time>2026-04-25T06:11:54Z</time><sat>37</sat></trkpt>
  <trkpt lat="30.27085937" lon="120.11936551"><ele>17.170</ele><time>2026-04-25T06:11:57Z</time><sat>35</sat></trkpt>
  <trkpt lat="30.27085901" lon="120.11936620"><ele>17.186</ele><time>2026-04-25T06:12:00Z</time><sat>35</sat></trkpt>
  <trkpt lat="30.27085870" lon="120.11936675"><ele>17.203</ele><time>2026-04-25T06:12:03Z</time><sat>35</sat></trkpt>
  <trkpt lat="30.27085803" lon="120.11936684"><ele>17.044</ele><time>2026-04-25T06:12:06Z</time><sat>34</sat></trkpt>
  <trkpt lat="30.27085729" lon="120.11936735"><ele>17.144</ele><time>2026-04-25T06:12:09Z</time><sat>35</sat></trkpt>
  <trkpt lat="30.27085704" lon="120.11936798"><ele>17.143</ele><time>2026-04-25T06:12:12Z</time><sat>35</sat></trkpt>
  <trkpt lat="30.27085688" lon="120.11936832"><ele>17.124</ele><time>2026-04-25T06:12:15Z</time><sat>31</sat></trkpt>
  <trkpt lat="30.27085672" lon="120.11936868"><ele>17.130</ele><time>2026-04-25T06:12:18Z</time><sat>29</sat></trkpt>
  <trkpt lat="30.27085653" lon="120.11936908"><ele>17.153</ele><time>2026-04-25T06:12:21Z</time><sat>31</sat></trkpt>
  <trkpt lat="30.27085646" lon="120.11936957"><ele>17.186</ele><time>2026-04-25T06:12:24Z</time><sat>31</sat></trkpt>
  <trkpt lat="30.27085646" lon="120.11937000"><ele>17.164</ele><time>2026-04-25T06:12:33Z</time><sat>36</sat></trkpt>
  <trkpt lat="30.27085635" lon="120.11937020"><ele>17.182</ele><time>2026-04-25T06:12:36Z</time><sat>25</sat></trkpt>
  <trkpt lat="30.27085621" lon="120.11937046"><ele>17.204</ele><time>2026-04-25T06:12:39Z</time><sat>26</sat></trkpt>
  <trkpt lat="30.27085603" lon="120.11937085"><ele>17.222</ele><time>2026-04-25T06:12:42Z</time><sat>33</sat></trkpt>
  <trkpt lat="30.27085585" lon="120.11937125"><ele>17.227</ele><time>2026-04-25T06:12:45Z</time><sat>34</sat></trkpt>
  <trkpt lat="30.27085571" lon="120.11937157"><ele>17.260</ele><time>2026-04-25T06:12:48Z</time><sat>35</sat></trkpt>
  <trkpt lat="30.27085561" lon="120.11937180"><ele>17.278</ele><time>2026-04-25T06:12:51Z</time><sat>35</sat></trkpt>
  <trkpt lat="30.27085551" lon="120.11937207"><ele>17.273</ele><time>2026-04-25T06:12:54Z</time><sat>37</sat></trkpt>
  <trkpt lat="30.27085547" lon="120.11937233"><ele>17.264</ele><time>2026-04-25T06:12:57Z</time><sat>37</sat></trkpt>
  <trkpt lat="30.27085542" lon="120.11937259"><ele>17.237</ele><time>2026-04-25T06:13:00Z</time><sat>35</sat></trkpt>
  <trkpt lat="30.27085533" lon="120.11937292"><ele>17.205</ele><time>2026-04-25T06:13:03Z</time><sat>35</sat></trkpt>
  <trkpt lat="30.27085537" lon="120.11937300"><ele>17.193</ele><time>2026-04-25T06:13:06Z</time><sat>37</sat></trkpt>
  <trkpt lat="30.27085539" lon="120.11937308"><ele>17.180</ele><time>2026-04-25T06:13:09Z</time><sat>34</sat></trkpt>
  <trkpt lat="30.27085533" lon="120.11937335"><ele>17.177</ele><time>2026-04-25T06:13:12Z</time><sat>28</sat></trkpt>
  <trkpt lat="30.27085519" lon="120.11937381"><ele>17.165</ele><time>2026-04-25T06:13:15Z</time><sat>28</sat></trkpt>
  <trkpt lat="30.27085383" lon="120.11936268"><ele>14.772</ele><time>2026-04-25T06:13:18Z</time><sat>28</sat></trkpt>
  <trkpt lat="30.27085080" lon="120.11937106"><ele>13.969</ele><time>2026-04-25T06:13:21Z</time><sat>28</sat></trkpt>
  <trkpt lat="30.27085064" lon="120.11937943"><ele>13.780</ele><time>2026-04-25T06:13:24Z</time><sat>28</sat></trkpt>
  <trkpt lat="30.27084936" lon="120.11938371"><ele>13.852</ele><time>2026-04-25T06:13:27Z</time><sat>28</sat></trkpt>
  <trkpt lat="30.27084987" lon="120.11938421"><ele>14.005</ele><time>2026-04-25T06:13:30Z</time><sat>28</sat></trkpt>
  <trkpt lat="30.27084722" lon="120.11937648"><ele>11.858</ele><time>2026-04-25T06:13:33Z</time><sat>28</sat></trkpt>
  <trkpt lat="30.27084609" lon="120.11937257"><ele>11.280</ele><time>2026-04-25T06:13:36Z</time><sat>28</sat></trkpt>
  <trkpt lat="30.27084397" lon="120.11936921"><ele>10.649</ele><time>2026-04-25T06:13:39Z</time><sat>28</sat></trkpt>
  <trkpt lat="30.27084288" lon="120.11936925"><ele>10.668</ele><time>2026-04-25T06:13:42Z</time><sat>34</sat></trkpt>
  <trkpt lat="30.27084223" lon="120.11937021"><ele>11.249</ele><time>2026-04-25T06:13:45Z</time><sat>34</sat></trkpt>
  <trkpt lat="30.27084188" lon="120.11937002"><ele>11.493</ele><time>2026-04-25T06:13:48Z</time><sat>34</sat></trkpt>
  <trkpt lat="30.27084171" lon="120.11936999"><ele>11.531</ele><time>2026-04-25T06:13:51Z</time><sat>29</sat></trkpt>
  <trkpt lat="30.27084172" lon="120.11937018"><ele>11.536</ele><time>2026-04-25T06:13:54Z</time><sat>28</sat></trkpt>
  <trkpt lat="30.27084187" lon="120.11937014"><ele>11.543</ele><time>2026-04-25T06:13:57Z</time><sat>28</sat></trkpt>
  <trkpt lat="30.27084244" lon="120.11936817"><ele>11.302</ele><time>2026-04-25T06:14:00Z</time><sat>28</sat></trkpt>
  <trkpt lat="30.27084244" lon="120.11936814"><ele>11.433</ele><time>2026-04-25T06:14:03Z</time><sat>28</sat></trkpt>
  <trkpt lat="30.27084235" lon="120.11936860"><ele>11.436</ele><time>2026-04-25T06:14:06Z</time><sat>28</sat></trkpt>
  <trkpt lat="30.27084233" lon="120.11936883"><ele>11.430</ele><time>2026-04-25T06:14:09Z</time><sat>28</sat></trkpt>
  <trkpt lat="30.27084220" lon="120.11936878"><ele>11.431</ele><time>2026-04-25T06:14:12Z</time><sat>28</sat></trkpt>
  <trkpt lat="30.27084206" lon="120.11936895"><ele>11.458</ele><time>2026-04-25T06:14:15Z</time><sat>28</sat></trkpt>
  <trkpt lat="30.27084197" lon="120.11936909"><ele>11.452</ele><time>2026-04-25T06:14:18Z</time><sat>28</sat></trkpt>
  <trkpt lat="30.27084186" lon="120.11936907"><ele>11.449</ele><time>2026-04-25T06:14:21Z</time><sat>28</sat></trkpt>
  <trkpt lat="30.27084177" lon="120.11936903"><ele>11.447</ele><time>2026-04-25T06:14:24Z</time><sat>28</sat></trkpt>
  <trkpt lat="30.27086474" lon="120.11935734"><ele>10.971</ele><time>2026-04-25T06:14:27Z</time><sat>28</sat></trkpt>
  <trkpt lat="30.27088188" lon="120.11935866"><ele>11.950</ele><time>2026-04-25T06:14:30Z</time><sat>28</sat></trkpt>
  <trkpt lat="30.27089437" lon="120.11935169"><ele>12.509</ele><time>2026-04-25T06:14:33Z</time><sat>28</sat></trkpt>
  <trkpt lat="30.27090239" lon="120.11934265"><ele>12.060</ele><time>2026-04-25T06:14:36Z</time><sat>28</sat></trkpt>
  <trkpt lat="30.27090346" lon="120.11934481"><ele>11.596</ele><time>2026-04-25T06:14:39Z</time><sat>28</sat></trkpt>
  <trkpt lat="30.27090659" lon="120.11935213"><ele>12.010</ele><time>2026-04-25T06:14:42Z</time><sat>28</sat></trkpt>
  <trkpt lat="30.27090833" lon="120.11935903"><ele>12.053</ele><time>2026-04-25T06:14:45Z</time><sat>28</sat></trkpt>
  <trkpt lat="30.27090424" lon="120.11935767"><ele>10.560</ele><time>2026-04-25T06:14:48Z</time><sat>28</sat></trkpt>
  <trkpt lat="30.27090286" lon="120.11935870"><ele>10.781</ele><time>2026-04-25T06:14:51Z</time><sat>28</sat></trkpt>
  <trkpt lat="30.27090019" lon="120.11936837"><ele>11.430</ele><time>2026-04-25T06:14:54Z</time><sat>34</sat></trkpt>
  <trkpt lat="30.27089777" lon="120.11937653"><ele>11.762</ele><time>2026-04-25T06:14:57Z</time><sat>36</sat></trkpt>
  <trkpt lat="30.27089600" lon="120.11938050"><ele>12.037</ele><time>2026-04-25T06:15:00Z</time><sat>36</sat></trkpt>
  <trkpt lat="30.27089531" lon="120.11938271"><ele>12.048</ele><time>2026-04-25T06:15:03Z</time><sat>37</sat></trkpt>
  <trkpt lat="30.27089510" lon="120.11938342"><ele>12.082</ele><time>2026-04-25T06:15:06Z</time><sat>37</sat></trkpt>
  <trkpt lat="30.27089486" lon="120.11938406"><ele>12.119</ele><time>2026-04-25T06:15:09Z</time><sat>36</sat></trkpt>
  <trkpt lat="30.27089472" lon="120.11938439"><ele>12.135</ele><time>2026-04-25T06:15:12Z</time><sat>36</sat></trkpt>
  <trkpt lat="30.27089457" lon="120.11938444"><ele>12.135</ele><time>2026-04-25T06:15:15Z</time><sat>34</sat></trkpt>
  <trkpt lat="30.27089453" lon="120.11938366"><ele>12.107</ele><time>2026-04-25T06:15:18Z</time><sat>36</sat></trkpt>
  <trkpt lat="30.27089458" lon="120.11938354"><ele>12.098</ele><time>2026-04-25T06:15:21Z</time><sat>34</sat></trkpt>
  <trkpt lat="30.27089430" lon="120.11938441"><ele>12.181</ele><time>2026-04-25T06:15:24Z</time><sat>34</sat></trkpt>
  <trkpt lat="30.27089451" lon="120.11938177"><ele>12.293</ele><time>2026-04-25T06:15:27Z</time><sat>33</sat></trkpt>
  <trkpt lat="30.27089666" lon="120.11937647"><ele>11.576</ele><time>2026-04-25T06:15:30Z</time><sat>37</sat></trkpt>
  <trkpt lat="30.27089427" lon="120.11937486"><ele>11.101</ele><time>2026-04-25T06:15:33Z</time><sat>37</sat></trkpt>
  <trkpt lat="30.27089272" lon="120.11937153"><ele>10.899</ele><time>2026-04-25T06:15:36Z</time><sat>37</sat></trkpt>
  <trkpt lat="30.27088912" lon="120.11937472"><ele>11.298</ele><time>2026-04-25T06:15:39Z</time><sat>37</sat></trkpt>
  <trkpt lat="30.27089350" lon="120.11937746"><ele>11.338</ele><time>2026-04-25T06:15:42Z</time><sat>37</sat></trkpt>
  <trkpt lat="30.27089620" lon="120.11937707"><ele>10.956</ele><time>2026-04-25T06:15:45Z</time><sat>39</sat></trkpt>
  <trkpt lat="30.27089756" lon="120.11937667"><ele>10.929</ele><time>2026-04-25T06:15:48Z</time><sat>39</sat></trkpt>
  <trkpt lat="30.27089901" lon="120.11937567"><ele>10.948</ele><time>2026-04-25T06:15:51Z</time><sat>38</sat></trkpt>
  <trkpt lat="30.27089955" lon="120.11937524"><ele>10.959</ele><time>2026-04-25T06:15:54Z</time><sat>36</sat></trkpt>
  <trkpt lat="30.27089963" lon="120.11937513"><ele>10.957</ele><time>2026-04-25T06:15:57Z</time><sat>36</sat></trkpt>
  <trkpt lat="30.27089955" lon="120.11937505"><ele>10.953</ele><time>2026-04-25T06:16:00Z</time><sat>36</sat></trkpt>
  <trkpt lat="30.27089937" lon="120.11937671"><ele>11.043</ele><time>2026-04-25T06:16:03Z</time><sat>34</sat></trkpt>
  <trkpt lat="30.27089922" lon="120.11937715"><ele>11.041</ele><time>2026-04-25T06:16:06Z</time><sat>32</sat></trkpt>
  <trkpt lat="30.27089091" lon="120.11938236"><ele>10.004</ele><time>2026-04-25T06:16:09Z</time><sat>32</sat></trkpt>
  <trkpt lat="30.27088729" lon="120.11938825"><ele>10.046</ele><time>2026-04-25T06:16:12Z</time><sat>32</sat></trkpt>
  <trkpt lat="30.27088579" lon="120.11939064"><ele>10.273</ele><time>2026-04-25T06:16:15Z</time><sat>33</sat></trkpt>
  <trkpt lat="30.27088490" lon="120.11939962"><ele>10.857</ele><time>2026-04-25T06:16:18Z</time><sat>32</sat></trkpt>
  <trkpt lat="30.27088486" lon="120.11940094"><ele>10.855</ele><time>2026-04-25T06:16:21Z</time><sat>32</sat></trkpt>
  <trkpt lat="30.27088487" lon="120.11940109"><ele>10.850</ele><time>2026-04-25T06:16:24Z</time><sat>35</sat></trkpt>
  <trkpt lat="30.27088488" lon="120.11940104"><ele>10.846</ele><time>2026-04-25T06:16:27Z</time><sat>37</sat></trkpt>
  <trkpt lat="30.27088495" lon="120.11940132"><ele>10.895</ele><time>2026-04-25T06:16:30Z</time><sat>34</sat></trkpt>
  <trkpt lat="30.27088481" lon="120.11940247"><ele>10.907</ele><time>2026-04-25T06:16:33Z</time><sat>27</sat></trkpt>
  <trkpt lat="30.27088477" lon="120.11940274"><ele>10.913</ele><time>2026-04-25T06:16:36Z</time><sat>36</sat></trkpt>
  <trkpt lat="30.27088481" lon="120.11940342"><ele>11.381</ele><time>2026-04-25T06:16:39Z</time><sat>38</sat></trkpt>
  <trkpt lat="30.27088632" lon="120.11940485"><ele>10.835</ele><time>2026-04-25T06:16:42Z</time><sat>38</sat></trkpt>
  <trkpt lat="30.27088691" lon="120.11940353"><ele>10.126</ele><time>2026-04-25T06:16:45Z</time><sat>38</sat></trkpt>
  <trkpt lat="30.27088510" lon="120.11940118"><ele>9.880</ele><time>2026-04-25T06:16:48Z</time><sat>36</sat></trkpt>
  <trkpt lat="30.27087666" lon="120.11939463"><ele>10.307</ele><time>2026-04-25T06:16:51Z</time><sat>30</sat></trkpt>
  <trkpt lat="30.27086939" lon="120.11938990"><ele>9.854</ele><time>2026-04-25T06:16:54Z</time><sat>30</sat></trkpt>
  <trkpt lat="30.27086583" lon="120.11938461"><ele>9.693</ele><time>2026-04-25T06:16:57Z</time><sat>30</sat></trkpt>
  <trkpt lat="30.27086456" lon="120.11938185"><ele>9.673</ele><time>2026-04-25T06:17:00Z</time><sat>30</sat></trkpt>
  <trkpt lat="30.27086133" lon="120.11938413"><ele>9.423</ele><time>2026-04-25T06:17:03Z</time><sat>30</sat></trkpt>
  <trkpt lat="30.27085846" lon="120.11938928"><ele>9.814</ele><time>2026-04-25T06:17:06Z</time><sat>30</sat></trkpt>
  <trkpt lat="30.27085745" lon="120.11939099"><ele>9.850</ele><time>2026-04-25T06:17:09Z</time><sat>30</sat></trkpt>
  <trkpt lat="30.27085725" lon="120.11939160"><ele>9.872</ele><time>2026-04-25T06:17:12Z</time><sat>30</sat></trkpt>
  <trkpt lat="30.27085677" lon="120.11939315"><ele>9.935</ele><time>2026-04-25T06:17:15Z</time><sat>30</sat></trkpt>
  <trkpt lat="30.27085624" lon="120.11939430"><ele>10.041</ele><time>2026-04-25T06:17:18Z</time><sat>30</sat></trkpt>
  <trkpt lat="30.27085607" lon="120.11939448"><ele>10.033</ele><time>2026-04-25T06:17:21Z</time><sat>30</sat></trkpt>
  <trkpt lat="30.27085282" lon="120.11939472"><ele>11.212</ele><time>2026-04-25T06:17:24Z</time><sat>30</sat></trkpt>
  <trkpt lat="30.27083999" lon="120.11939677"><ele>11.286</ele><time>2026-04-25T06:17:27Z</time><sat>33</sat></trkpt>
  <trkpt lat="30.27084485" lon="120.11939811"><ele>12.524</ele><time>2026-04-25T06:17:30Z</time><sat>35</sat></trkpt>
  <trkpt lat="30.27084464" lon="120.11939581"><ele>12.666</ele><time>2026-04-25T06:17:33Z</time><sat>32</sat></trkpt>
  <trkpt lat="30.27083132" lon="120.11937150"><ele>11.797</ele><time>2026-04-25T06:17:36Z</time><sat>35</sat></trkpt>
  <trkpt lat="30.27082346" lon="120.11935028"><ele>11.582</ele><time>2026-04-25T06:17:39Z</time><sat>35</sat></trkpt>
  <trkpt lat="30.27084105" lon="120.11933415"><ele>11.565</ele><time>2026-04-25T06:17:42Z</time><sat>32</sat></trkpt>
  <trkpt lat="30.27086589" lon="120.11931808"><ele>12.154</ele><time>2026-04-25T06:17:45Z</time><sat>37</sat></trkpt>
  <trkpt lat="30.27088486" lon="120.11930549"><ele>11.342</ele><time>2026-04-25T06:17:48Z</time><sat>36</sat></trkpt>
  <trkpt lat="30.27090211" lon="120.11929592"><ele>11.242</ele><time>2026-04-25T06:17:51Z</time><sat>39</sat></trkpt>
  <trkpt lat="30.27092115" lon="120.11930297"><ele>12.382</ele><time>2026-04-25T06:17:54Z</time><sat>40</sat></trkpt>
  <trkpt lat="30.27093234" lon="120.11930782"><ele>11.684</ele><time>2026-04-25T06:17:57Z</time><sat>39</sat></trkpt>
  <trkpt lat="30.27093232" lon="120.11929186"><ele>10.887</ele><time>2026-04-25T06:18:00Z</time><sat>38</sat></trkpt>
  <trkpt lat="30.27093036" lon="120.11928288"><ele>11.054</ele><time>2026-04-25T06:18:03Z</time><sat>39</sat></trkpt>
  <trkpt lat="30.27092959" lon="120.11927723"><ele>10.778</ele><time>2026-04-25T06:18:06Z</time><sat>39</sat></trkpt>
  <trkpt lat="30.27092225" lon="120.11927477"><ele>10.771</ele><time>2026-04-25T06:18:09Z</time><sat>40</sat></trkpt>
  <trkpt lat="30.27091082" lon="120.11927304"><ele>11.153</ele><time>2026-04-25T06:18:12Z</time><sat>40</sat></trkpt>
  <trkpt lat="30.27090008" lon="120.11927259"><ele>10.954</ele><time>2026-04-25T06:18:15Z</time><sat>40</sat></trkpt>
  <trkpt lat="30.27089154" lon="120.11927085"><ele>11.084</ele><time>2026-04-25T06:18:18Z</time><sat>40</sat></trkpt>
  <trkpt lat="30.27088363" lon="120.11926950"><ele>10.665</ele><time>2026-04-25T06:18:21Z</time><sat>39</sat></trkpt>
  <trkpt lat="30.27088598" lon="120.11927590"><ele>10.847</ele><time>2026-04-25T06:18:24Z</time><sat>39</sat></trkpt>
  <trkpt lat="30.27088402" lon="120.11927732"><ele>11.710</ele><time>2026-04-25T06:18:27Z</time><sat>38</sat></trkpt>
  <trkpt lat="30.27088269" lon="120.11927455"><ele>12.149</ele><time>2026-04-25T06:18:30Z</time><sat>35</sat></trkpt>
  <trkpt lat="30.27087768" lon="120.11927447"><ele>12.303</ele><time>2026-04-25T06:18:33Z</time><sat>37</sat></trkpt>
  <trkpt lat="30.27086301" lon="120.11927707"><ele>11.373</ele><time>2026-04-25T06:18:36Z</time><sat>38</sat></trkpt>
  <trkpt lat="30.27084921" lon="120.11926922"><ele>11.866</ele><time>2026-04-25T06:18:39Z</time><sat>39</sat></trkpt>
  <trkpt lat="30.27084180" lon="120.11925758"><ele>11.333</ele><time>2026-04-25T06:18:42Z</time><sat>39</sat></trkpt>
  <trkpt lat="30.27087034" lon="120.11925036"><ele>11.194</ele><time>2026-04-25T06:18:45Z</time><sat>39</sat></trkpt>
  <trkpt lat="30.27088333" lon="120.11924255"><ele>11.145</ele><time>2026-04-25T06:18:48Z</time><sat>40</sat></trkpt>
  <trkpt lat="30.27088251" lon="120.11923773"><ele>12.089</ele><time>2026-04-25T06:18:51Z</time><sat>40</sat></trkpt>
  <trkpt lat="30.27089214" lon="120.11923584"><ele>11.259</ele><time>2026-04-25T06:18:54Z</time><sat>33</sat></trkpt>
  <trkpt lat="30.27089792" lon="120.11923123"><ele>11.202</ele><time>2026-04-25T06:18:57Z</time><sat>34</sat></trkpt>
  <trkpt lat="30.27091544" lon="120.11924133"><ele>11.442</ele><time>2026-04-25T06:19:00Z</time><sat>29</sat></trkpt>
  <trkpt lat="30.27091260" lon="120.11926597"><ele>10.881</ele><time>2026-04-25T06:19:03Z</time><sat>14</sat></trkpt>
  <trkpt lat="30.27090482" lon="120.11926226"><ele>10.639</ele><time>2026-04-25T06:19:06Z</time><sat>19</sat></trkpt>
  <trkpt lat="30.27089175" lon="120.11928349"><ele>9.891</ele><time>2026-04-25T06:19:09Z</time><sat>23</sat></trkpt>
  <trkpt lat="30.27088274" lon="120.11930558"><ele>10.192</ele><time>2026-04-25T06:19:12Z</time><sat>14</sat></trkpt>
  <trkpt lat="30.27087316" lon="120.11930866"><ele>10.288</ele><time>2026-04-25T06:19:15Z</time><sat>14</sat></trkpt>
  <trkpt lat="30.27087629" lon="120.11931955"><ele>10.171</ele><time>2026-04-25T06:19:18Z</time><sat>19</sat></trkpt>
  <trkpt lat="30.27086604" lon="120.11934943"><ele>10.967</ele><time>2026-04-25T06:19:21Z</time><sat>20</sat></trkpt>
  <trkpt lat="30.27086846" lon="120.11937097"><ele>10.616</ele><time>2026-04-25T06:19:24Z</time><sat>24</sat></trkpt>
  <trkpt lat="30.27087583" lon="120.11937355"><ele>11.645</ele><time>2026-04-25T06:19:27Z</time><sat>35</sat></trkpt>
  <trkpt lat="30.27090098" lon="120.11937298"><ele>11.743</ele><time>2026-04-25T06:19:30Z</time><sat>38</sat></trkpt>
  <trkpt lat="30.27092556" lon="120.11937387"><ele>11.807</ele><time>2026-04-25T06:19:33Z</time><sat>40</sat></trkpt>
  <trkpt lat="30.27094847" lon="120.11936613"><ele>11.592</ele><time>2026-04-25T06:19:36Z</time><sat>40</sat></trkpt>
  <trkpt lat="30.27097039" lon="120.11936058"><ele>11.486</ele><time>2026-04-25T06:19:39Z</time><sat>40</sat></trkpt>
  <trkpt lat="30.27099240" lon="120.11936015"><ele>12.509</ele><time>2026-04-25T06:19:42Z</time><sat>40</sat></trkpt>
  <trkpt lat="30.27101497" lon="120.11936103"><ele>12.499</ele><time>2026-04-25T06:19:45Z</time><sat>39</sat></trkpt>
  <trkpt lat="30.27103859" lon="120.11936680"><ele>10.553</ele><time>2026-04-25T06:19:48Z</time><sat>39</sat></trkpt>
  <trkpt lat="30.27106626" lon="120.11938976"><ele>8.873</ele><time>2026-04-25T06:19:51Z</time><sat>39</sat></trkpt>
  <trkpt lat="30.27107615" lon="120.11942223"><ele>8.224</ele><time>2026-04-25T06:19:54Z</time><sat>39</sat></trkpt>
  <trkpt lat="30.27108058" lon="120.11946106"><ele>7.363</ele><time>2026-04-25T06:19:57Z</time><sat>39</sat></trkpt>
  <trkpt lat="30.27108833" lon="120.11949877"><ele>6.645</ele><time>2026-04-25T06:20:00Z</time><sat>39</sat></trkpt>
  <trkpt lat="30.27109698" lon="120.11951474"><ele>6.166</ele><time>2026-04-25T06:20:03Z</time><sat>39</sat></trkpt>
  <trkpt lat="30.27109458" lon="120.11953170"><ele>6.532</ele><time>2026-04-25T06:20:06Z</time><sat>39</sat></trkpt>
  <trkpt lat="30.27110688" lon="120.11957423"><ele>5.972</ele><time>2026-04-25T06:20:09Z</time><sat>39</sat></trkpt>
  <trkpt lat="30.27114366" lon="120.11959791"><ele>5.947</ele><time>2026-04-25T06:20:12Z</time><sat>40</sat></trkpt>
  <trkpt lat="30.27120016" lon="120.11965125"><ele>7.500</ele><time>2026-04-25T06:20:21Z</time><sat>34</sat></trkpt>
  <trkpt lat="30.27121818" lon="120.11966194"><ele>7.250</ele><time>2026-04-25T06:20:24Z</time><sat>34</sat></trkpt>
  <trkpt lat="30.27124878" lon="120.11968326"><ele>5.864</ele><time>2026-04-25T06:20:27Z</time><sat>34</sat></trkpt>
  <trkpt lat="30.27126013" lon="120.11971814"><ele>5.365</ele><time>2026-04-25T06:20:30Z</time><sat>35</sat></trkpt>
  <trkpt lat="30.27125425" lon="120.11975586"><ele>5.119</ele><time>2026-04-25T06:20:33Z</time><sat>37</sat></trkpt>
  <trkpt lat="30.27124352" lon="120.11979026"><ele>5.425</ele><time>2026-04-25T06:20:36Z</time><sat>38</sat></trkpt>
  <trkpt lat="30.27123311" lon="120.11982160"><ele>5.352</ele><time>2026-04-25T06:20:39Z</time><sat>37</sat></trkpt>
  <trkpt lat="30.27122338" lon="120.11985602"><ele>4.908</ele><time>2026-04-25T06:20:42Z</time><sat>37</sat></trkpt>
  <trkpt lat="30.27121455" lon="120.11989239"><ele>4.804</ele><time>2026-04-25T06:20:45Z</time><sat>37</sat></trkpt>
  <trkpt lat="30.27120588" lon="120.11992452"><ele>5.104</ele><time>2026-04-25T06:20:48Z</time><sat>37</sat></trkpt>
  <trkpt lat="30.27119314" lon="120.11996076"><ele>5.247</ele><time>2026-04-25T06:20:51Z</time><sat>37</sat></trkpt>
  <trkpt lat="30.27117995" lon="120.11999293"><ele>5.309</ele><time>2026-04-25T06:20:54Z</time><sat>37</sat></trkpt>
  <trkpt lat="30.27116779" lon="120.12002388"><ele>5.769</ele><time>2026-04-25T06:20:57Z</time><sat>34</sat></trkpt>
  <trkpt lat="30.27115741" lon="120.12005690"><ele>5.799</ele><time>2026-04-25T06:21:00Z</time><sat>32</sat></trkpt>
  <trkpt lat="30.27114756" lon="120.12009057"><ele>6.013</ele><time>2026-04-25T06:21:03Z</time><sat>34</sat></trkpt>
  <trkpt lat="30.27113937" lon="120.12012022"><ele>5.841</ele><time>2026-04-25T06:21:06Z</time><sat>36</sat></trkpt>
  <trkpt lat="30.27113088" lon="120.12015422"><ele>5.781</ele><time>2026-04-25T06:21:09Z</time><sat>35</sat></trkpt>
  <trkpt lat="30.27112204" lon="120.12018375"><ele>5.370</ele><time>2026-04-25T06:21:12Z</time><sat>34</sat></trkpt>
  <trkpt lat="30.27111417" lon="120.12020736"><ele>5.067</ele><time>2026-04-25T06:21:15Z</time><sat>33</sat></trkpt>
  <trkpt lat="30.27110984" lon="120.12022959"><ele>4.807</ele><time>2026-04-25T06:21:18Z</time><sat>33</sat></trkpt>
  <trkpt lat="30.27110527" lon="120.12025298"><ele>4.778</ele><time>2026-04-25T06:21:21Z</time><sat>33</sat></trkpt>
  <trkpt lat="30.27109882" lon="120.12027906"><ele>4.801</ele><time>2026-04-25T06:21:24Z</time><sat>32</sat></trkpt>
  <trkpt lat="30.27109303" lon="120.12030828"><ele>5.103</ele><time>2026-04-25T06:21:27Z</time><sat>32</sat></trkpt>
  <trkpt lat="30.27107139" lon="120.12038060"><ele>2.630</ele><time>2026-04-25T06:21:30Z</time><sat>32</sat></trkpt>
  <trkpt lat="30.27105337" lon="120.12039853"><ele>3.019</ele><time>2026-04-25T06:21:33Z</time><sat>33</sat></trkpt>
  <trkpt lat="30.27103724" lon="120.12043542"><ele>3.568</ele><time>2026-04-25T06:21:36Z</time><sat>35</sat></trkpt>
  <trkpt lat="30.27102468" lon="120.12046847"><ele>3.836</ele><time>2026-04-25T06:21:39Z</time><sat>35</sat></trkpt>
  <trkpt lat="30.27101255" lon="120.12051783"><ele>5.844</ele><time>2026-04-25T06:21:42Z</time><sat>33</sat></trkpt>
  <trkpt lat="30.27100281" lon="120.12056182"><ele>6.144</ele><time>2026-04-25T06:21:45Z</time><sat>35</sat></trkpt>
  <trkpt lat="30.27099460" lon="120.12060611"><ele>6.425</ele><time>2026-04-25T06:21:48Z</time><sat>34</sat></trkpt>
  <trkpt lat="30.27096790" lon="120.12063435"><ele>6.761</ele><time>2026-04-25T06:21:51Z</time><sat>34</sat></trkpt>
  <trkpt lat="30.27092906" lon="120.12063153"><ele>6.948</ele><time>2026-04-25T06:21:54Z</time><sat>34</sat></trkpt>
  <trkpt lat="30.27089716" lon="120.12061698"><ele>7.703</ele><time>2026-04-25T06:21:57Z</time><sat>34</sat></trkpt>
  <trkpt lat="30.27086951" lon="120.12060440"><ele>8.875</ele><time>2026-04-25T06:22:00Z</time><sat>34</sat></trkpt>
  <trkpt lat="30.27084093" lon="120.12059287"><ele>10.669</ele><time>2026-04-25T06:22:03Z</time><sat>34</sat></trkpt>
  <trkpt lat="30.27081426" lon="120.12058491"><ele>11.024</ele><time>2026-04-25T06:22:06Z</time><sat>34</sat></trkpt>
  <trkpt lat="30.27078953" lon="120.12057660"><ele>11.314</ele><time>2026-04-25T06:22:09Z</time><sat>28</sat></trkpt>
  <trkpt lat="30.27076096" lon="120.12057184"><ele>10.860</ele><time>2026-04-25T06:22:12Z</time><sat>28</sat></trkpt>
  <trkpt lat="30.27072708" lon="120.12056532"><ele>10.044</ele><time>2026-04-25T06:22:15Z</time><sat>24</sat></trkpt>
  <trkpt lat="30.27069382" lon="120.12055866"><ele>10.328</ele><time>2026-04-25T06:22:18Z</time><sat>24</sat></trkpt>
  <trkpt lat="30.27065946" lon="120.12055152"><ele>10.156</ele><time>2026-04-25T06:22:21Z</time><sat>23</sat></trkpt>
  <trkpt lat="30.27062616" lon="120.12054599"><ele>10.349</ele><time>2026-04-25T06:22:24Z</time><sat>16</sat></trkpt>
  <trkpt lat="30.27059487" lon="120.12054287"><ele>10.528</ele><time>2026-04-25T06:22:27Z</time><sat>16</sat></trkpt>
  <trkpt lat="30.27056181" lon="120.12053640"><ele>10.274</ele><time>2026-04-25T06:22:30Z</time><sat>16</sat></trkpt>
  <trkpt lat="30.27053068" lon="120.12053067"><ele>10.644</ele><time>2026-04-25T06:22:33Z</time><sat>13</sat></trkpt>
  <trkpt lat="30.27050151" lon="120.12052799"><ele>9.944</ele><time>2026-04-25T06:22:36Z</time><sat>2</sat></trkpt>
  <trkpt lat="30.27047225" lon="120.12053170"><ele>10.673</ele><time>2026-04-25T06:22:39Z</time><sat>5</sat></trkpt>
  <trkpt lat="30.27043303" lon="120.12053644"><ele>10.649</ele><time>2026-04-25T06:22:42Z</time><sat>11</sat></trkpt>
  <trkpt lat="30.27039681" lon="120.12054223"><ele>10.279</ele><time>2026-04-25T06:22:45Z</time><sat>19</sat></trkpt>
  <trkpt lat="30.27037183" lon="120.12054570"><ele>9.031</ele><time>2026-04-25T06:22:48Z</time><sat>18</sat></trkpt>
  <trkpt lat="30.27034007" lon="120.12054659"><ele>8.697</ele><time>2026-04-25T06:22:51Z</time><sat>18</sat></trkpt>
  <trkpt lat="30.27035242" lon="120.12054750"><ele>8.108</ele><time>2026-04-25T06:22:54Z</time><sat>6</sat></trkpt>
  <trkpt lat="30.27035300" lon="120.12054442"><ele>7.713</ele><time>2026-04-25T06:22:57Z</time><sat>14</sat></trkpt>
  <trkpt lat="30.27035161" lon="120.12054277"><ele>7.818</ele><time>2026-04-25T06:23:00Z</time><sat>18</sat></trkpt>
  <trkpt lat="30.27035027" lon="120.12054187"><ele>7.834</ele><time>2026-04-25T06:23:03Z</time><sat>18</sat></trkpt>
  <trkpt lat="30.27035003" lon="120.12054167"><ele>7.788</ele><time>2026-04-25T06:23:06Z</time><sat>23</sat></trkpt>
  <trkpt lat="30.27035014" lon="120.12054245"><ele>7.827</ele><time>2026-04-25T06:23:09Z</time><sat>26</sat></trkpt>
  <trkpt lat="30.27035020" lon="120.12054276"><ele>7.848</ele><time>2026-04-25T06:23:12Z</time><sat>25</sat></trkpt>
  <trkpt lat="30.27035013" lon="120.12054276"><ele>7.847</ele><time>2026-04-25T06:23:15Z</time><sat>8</sat></trkpt>
  <trkpt lat="30.27035010" lon="120.12054275"><ele>7.850</ele><time>2026-04-25T06:23:18Z</time><sat>18</sat></trkpt>
  <trkpt lat="30.27034978" lon="120.12054262"><ele>7.863</ele><time>2026-04-25T06:23:21Z</time><sat>23</sat></trkpt>
  <trkpt lat="30.27034955" lon="120.12054256"><ele>7.878</ele><time>2026-04-25T06:23:24Z</time><sat>22</sat></trkpt>
  <trkpt lat="30.27035173" lon="120.12054325"><ele>7.883</ele><time>2026-04-25T06:23:27Z</time><sat>19</sat></trkpt>
  <trkpt lat="30.27037732" lon="120.12056282"><ele>6.732</ele><time>2026-04-25T06:23:30Z</time><sat>19</sat></trkpt>
  <trkpt lat="30.27043892" lon="120.12058149"><ele>6.468</ele><time>2026-04-25T06:23:33Z</time><sat>23</sat></trkpt>
  <trkpt lat="30.27048056" lon="120.12060201"><ele>9.178</ele><time>2026-04-25T06:23:36Z</time><sat>29</sat></trkpt>
  <trkpt lat="30.27051274" lon="120.12061005"><ele>8.874</ele><time>2026-04-25T06:23:39Z</time><sat>29</sat></trkpt>
  <trkpt lat="30.27054230" lon="120.12062244"><ele>8.895</ele><time>2026-04-25T06:23:42Z</time><sat>16</sat></trkpt>
  <trkpt lat="30.27056623" lon="120.12063054"><ele>8.936</ele><time>2026-04-25T06:23:45Z</time><sat>15</sat></trkpt>
  <trkpt lat="30.27059254" lon="120.12065112"><ele>8.865</ele><time>2026-04-25T06:23:48Z</time><sat>15</sat></trkpt>
  <trkpt lat="30.27057571" lon="120.12062726"><ele>7.624</ele><time>2026-04-25T06:23:51Z</time><sat>15</sat></trkpt>
  <trkpt lat="30.27051810" lon="120.12066170"><ele>8.741</ele><time>2026-04-25T06:23:54Z</time><sat>8</sat></trkpt>
  <trkpt lat="30.27052367" lon="120.12062992"><ele>8.370</ele><time>2026-04-25T06:23:57Z</time><sat>8</sat></trkpt>
  <trkpt lat="30.27053689" lon="120.12061988"><ele>5.259</ele><time>2026-04-25T06:24:00Z</time><sat>8</sat></trkpt>
  <trkpt lat="30.27055194" lon="120.12061093"><ele>5.511</ele><time>2026-04-25T06:24:03Z</time><sat>7</sat></trkpt>
  <trkpt lat="30.27054931" lon="120.12061575"><ele>8.465</ele><time>2026-04-25T06:24:06Z</time><sat>9</sat></trkpt>
  <trkpt lat="30.27054739" lon="120.12061760"><ele>8.940</ele><time>2026-04-25T06:24:09Z</time><sat>9</sat></trkpt>
  <trkpt lat="30.27054705" lon="120.12061783"><ele>8.955</ele><time>2026-04-25T06:24:12Z</time><sat>9</sat></trkpt>
  <trkpt lat="30.27054670" lon="120.12061785"><ele>9.125</ele><time>2026-04-25T06:24:15Z</time><sat>4</sat></trkpt>
  <trkpt lat="30.27054554" lon="120.12061857"><ele>9.608</ele><time>2026-04-25T06:24:18Z</time><sat>6</sat></trkpt>
  <trkpt lat="30.27054564" lon="120.12061681"><ele>8.986</ele><time>2026-04-25T06:24:21Z</time><sat>11</sat></trkpt>
  <trkpt lat="30.27054623" lon="120.12061630"><ele>9.112</ele><time>2026-04-25T06:24:24Z</time><sat>16</sat></trkpt>
  <trkpt lat="30.27054625" lon="120.12061623"><ele>9.148</ele><time>2026-04-25T06:24:27Z</time><sat>13</sat></trkpt>
  <trkpt lat="30.27054367" lon="120.12061561"><ele>10.515</ele><time>2026-04-25T06:24:30Z</time><sat>10</sat></trkpt>
  <trkpt lat="30.27051631" lon="120.12058537"><ele>17.277</ele><time>2026-04-25T06:24:33Z</time><sat>8</sat></trkpt>
  <trkpt lat="30.27053361" lon="120.12059461"><ele>20.929</ele><time>2026-04-25T06:24:36Z</time><sat>8</sat></trkpt>
  <trkpt lat="30.27053727" lon="120.12059720"><ele>20.980</ele><time>2026-04-25T06:24:39Z</time><sat>9</sat></trkpt>
  <trkpt lat="30.27053740" lon="120.12059765"><ele>21.064</ele><time>2026-04-25T06:24:42Z</time><sat>6</sat></trkpt>
  <trkpt lat="30.27053721" lon="120.12059765"><ele>21.073</ele><time>2026-04-25T06:24:45Z</time><sat>6</sat></trkpt>
  <trkpt lat="30.27053776" lon="120.12059778"><ele>21.081</ele><time>2026-04-25T06:24:48Z</time><sat>5</sat></trkpt>
  <trkpt lat="30.27052698" lon="120.12060044"><ele>20.167</ele><time>2026-04-25T06:24:51Z</time><sat>5</sat></trkpt>
  <trkpt lat="30.27052145" lon="120.12060282"><ele>19.713</ele><time>2026-04-25T06:24:54Z</time><sat>4</sat></trkpt>
  <trkpt lat="30.27051843" lon="120.12060443"><ele>19.666</ele><time>2026-04-25T06:24:57Z</time><sat>4</sat></trkpt>
  <trkpt lat="30.27051811" lon="120.12060470"><ele>19.657</ele><time>2026-04-25T06:25:00Z</time><sat>4</sat></trkpt>
  <trkpt lat="30.27051773" lon="120.12060509"><ele>19.541</ele><time>2026-04-25T06:25:03Z</time><sat>3</sat></trkpt>
  <trkpt lat="30.27051713" lon="120.12060561"><ele>19.453</ele><time>2026-04-25T06:25:06Z</time><sat>3</sat></trkpt>
  <trkpt lat="30.27043839" lon="120.12063553"><ele>22.301</ele><time>2026-04-25T06:25:09Z</time><sat>3</sat></trkpt>
  <trkpt lat="30.27039754" lon="120.12076332"><ele>29.168</ele><time>2026-04-25T06:25:12Z</time><sat>2</sat></trkpt>
  <trkpt lat="30.27028518" lon="120.12084725"><ele>32.009</ele><time>2026-04-25T06:25:15Z</time><sat>2</sat></trkpt>
  <trkpt lat="30.26999027" lon="120.12091848"><ele>35.678</ele><time>2026-04-25T06:25:18Z</time><sat>2</sat></trkpt>
  <trkpt lat="30.26992239" lon="120.12088863"><ele>38.804</ele><time>2026-04-25T06:25:21Z</time><sat>2</sat></trkpt>
  <trkpt lat="30.26981255" lon="120.12085055"><ele>42.268</ele><time>2026-04-25T06:25:24Z</time><sat>2</sat></trkpt>
  <trkpt lat="30.26976909" lon="120.12080484"><ele>48.307</ele><time>2026-04-25T06:25:27Z</time><sat>2</sat></trkpt>
  <trkpt lat="30.26978548" lon="120.12078307"><ele>49.051</ele><time>2026-04-25T06:25:30Z</time><sat>2</sat></trkpt>
  <trkpt lat="30.26979849" lon="120.12075972"><ele>50.976</ele><time>2026-04-25T06:25:33Z</time><sat>2</sat></trkpt>
  <trkpt lat="30.26977658" lon="120.12073153"><ele>51.352</ele><time>2026-04-25T06:25:36Z</time><sat>2</sat></trkpt>
  <trkpt lat="30.26976351" lon="120.12070594"><ele>51.434</ele><time>2026-04-25T06:25:39Z</time><sat>2</sat></trkpt>
  <trkpt lat="30.26974889" lon="120.12067454"><ele>51.801</ele><time>2026-04-25T06:25:42Z</time><sat>2</sat></trkpt>
  <trkpt lat="30.26979801" lon="120.12066350"><ele>51.776</ele><time>2026-04-25T06:25:45Z</time><sat>2</sat></trkpt>
  <trkpt lat="30.26984853" lon="120.12066208"><ele>51.858</ele><time>2026-04-25T06:25:48Z</time><sat>2</sat></trkpt>
  <trkpt lat="30.26988397" lon="120.12071107"><ele>52.009</ele><time>2026-04-25T06:25:51Z</time><sat>2</sat></trkpt>
  <trkpt lat="30.26991665" lon="120.12081046"><ele>51.983</ele><time>2026-04-25T06:25:54Z</time><sat>2</sat></trkpt>
  <trkpt lat="30.26993499" lon="120.12086690"><ele>51.971</ele><time>2026-04-25T06:25:57Z</time><sat>2</sat></trkpt>
  <trkpt lat="30.26991083" lon="120.12091427"><ele>52.018</ele><time>2026-04-25T06:26:00Z</time><sat>2</sat></trkpt>
  <trkpt lat="30.26996725" lon="120.12064365"><ele>52.040</ele><time>2026-04-25T06:26:03Z</time><sat>2</sat></trkpt>
  <trkpt lat="30.27000218" lon="120.12062710"><ele>51.371</ele><time>2026-04-25T06:26:06Z</time><sat>2</sat></trkpt>
  <trkpt lat="30.26996250" lon="120.12058037"><ele>50.712</ele><time>2026-04-25T06:26:09Z</time><sat>2</sat></trkpt>
  <trkpt lat="30.26994955" lon="120.12054839"><ele>50.706</ele><time>2026-04-25T06:26:12Z</time><sat>2</sat></trkpt>
  <trkpt lat="30.26997882" lon="120.12050936"><ele>50.737</ele><time>2026-04-25T06:26:15Z</time><sat>2</sat></trkpt>
  <trkpt lat="30.27003747" lon="120.12043260"><ele>50.731</ele><time>2026-04-25T06:26:18Z</time><sat>2</sat></trkpt>
  <trkpt lat="30.27001544" lon="120.12041258"><ele>50.342</ele><time>2026-04-25T06:26:36Z</time><sat>3</sat></trkpt>
  <trkpt lat="30.26996939" lon="120.12039338"><ele>50.122</ele><time>2026-04-25T06:26:39Z</time><sat>3</sat></trkpt>
  <trkpt lat="30.26987808" lon="120.12046343"><ele>50.105</ele><time>2026-04-25T06:26:42Z</time><sat>3</sat></trkpt>
  <trkpt lat="30.26984583" lon="120.12056155"><ele>50.096</ele><time>2026-04-25T06:26:45Z</time><sat>3</sat></trkpt>
  <trkpt lat="30.27001171" lon="120.12060221"><ele>50.156</ele><time>2026-04-25T06:26:51Z</time></trkpt>
  <trkpt lat="30.27012495" lon="120.12062175"><ele>50.210</ele><time>2026-04-25T06:26:55Z</time><sat>3</sat></trkpt>
  <trkpt lat="30.27015656" lon="120.12060808"><ele>50.194</ele><time>2026-04-25T06:26:58Z</time><sat>3</sat></trkpt>
  <trkpt lat="30.26992433" lon="120.12055795"><ele>47.710</ele><time>2026-04-25T06:27:01Z</time><sat>2</sat></trkpt>
  <trkpt lat="30.26989282" lon="120.12050832"><ele>47.964</ele><time>2026-04-25T06:27:04Z</time><sat>3</sat></trkpt>
  <trkpt lat="30.26986977" lon="120.12043181"><ele>48.042</ele><time>2026-04-25T06:27:07Z</time><sat>5</sat></trkpt>
  <trkpt lat="30.26982804" lon="120.12036354"><ele>48.059</ele><time>2026-04-25T06:27:10Z</time><sat>5</sat></trkpt>
  <trkpt lat="30.26983156" lon="120.12041801"><ele>47.969</ele><time>2026-04-25T06:27:13Z</time><sat>3</sat></trkpt>
  <trkpt lat="30.26982897" lon="120.12049572"><ele>47.613</ele><time>2026-04-25T06:27:16Z</time><sat>4</sat></trkpt>
  <trkpt lat="30.26980956" lon="120.12056294"><ele>47.589</ele><time>2026-04-25T06:27:19Z</time><sat>6</sat></trkpt>
  <trkpt lat="30.26994071" lon="120.12033470"><ele>47.736</ele><time>2026-04-25T06:27:22Z</time><sat>4</sat></trkpt>
  <trkpt lat="30.26996881" lon="120.12031958"><ele>47.773</ele><time>2026-04-25T06:27:25Z</time><sat>2</sat></trkpt>
  <trkpt lat="30.27013030" lon="120.12066188"><ele>47.206</ele><time>2026-04-25T06:27:28Z</time><sat>2</sat></trkpt>
  <trkpt lat="30.26994560" lon="120.12067531"><ele>61.799</ele><time>2026-04-25T06:27:49Z</time><sat>3</sat></trkpt>
  <trkpt lat="30.26985587" lon="120.12065610"><ele>63.500</ele><time>2026-04-25T06:27:52Z</time><sat>4</sat></trkpt>
  <trkpt lat="30.26982420" lon="120.12066594"><ele>64.108</ele><time>2026-04-25T06:27:55Z</time><sat>5</sat></trkpt>
  <trkpt lat="30.26983227" lon="120.12065355"><ele>62.845</ele><time>2026-04-25T06:27:58Z</time><sat>5</sat></trkpt>
  <trkpt lat="30.26981311" lon="120.12067028"><ele>64.163</ele><time>2026-04-25T06:28:01Z</time><sat>3</sat></trkpt>
  <trkpt lat="30.26980342" lon="120.12065895"><ele>64.808</ele><time>2026-04-25T06:28:04Z</time><sat>3</sat></trkpt>
  <trkpt lat="30.27001254" lon="120.12055624"><ele>66.572</ele><time>2026-04-25T06:28:25Z</time><sat>3</sat></trkpt>
  <trkpt lat="30.27004491" lon="120.12053476"><ele>64.649</ele><time>2026-04-25T06:28:28Z</time><sat>3</sat></trkpt>
  <trkpt lat="30.26973298" lon="120.12055364"><ele>63.937</ele><time>2026-04-25T06:28:42Z</time><sat>4</sat></trkpt>
  <trkpt lat="30.26969272" lon="120.12057151"><ele>64.015</ele><time>2026-04-25T06:28:45Z</time><sat>5</sat></trkpt>
  <trkpt lat="30.26965011" lon="120.12059425"><ele>63.443</ele><time>2026-04-25T06:28:48Z</time><sat>5</sat></trkpt>
  <trkpt lat="30.26983557" lon="120.12067880"><ele>62.987</ele><time>2026-04-25T06:28:51Z</time><sat>4</sat></trkpt>
  <trkpt lat="30.26986432" lon="120.12069919"><ele>62.918</ele><time>2026-04-25T06:28:54Z</time><sat>5</sat></trkpt>
  <trkpt lat="30.26999233" lon="120.12054252"><ele>63.151</ele><time>2026-04-25T06:28:57Z</time><sat>3</sat></trkpt>
  <trkpt lat="30.27005469" lon="120.12047118"><ele>66.314</ele><time>2026-04-25T06:29:00Z</time><sat>3</sat></trkpt>
  <trkpt lat="30.27008111" lon="120.12049001"><ele>66.781</ele><time>2026-04-25T06:29:03Z</time><sat>5</sat></trkpt>
  <trkpt lat="30.27008931" lon="120.12056343"><ele>66.926</ele><time>2026-04-25T06:29:06Z</time><sat>4</sat></trkpt>
  <trkpt lat="30.26993154" lon="120.12051019"><ele>66.693</ele><time>2026-04-25T06:29:54Z</time><sat>2</sat></trkpt>
  <trkpt lat="30.26992574" lon="120.12044120"><ele>66.786</ele><time>2026-04-25T06:29:57Z</time><sat>3</sat></trkpt>
  <trkpt lat="30.26991620" lon="120.12036219"><ele>66.799</ele><time>2026-04-25T06:30:00Z</time><sat>3</sat></trkpt>
  <trkpt lat="30.26998943" lon="120.12068514"><ele>67.151</ele><time>2026-04-25T06:30:21Z</time><sat>5</sat></trkpt>
  <trkpt lat="30.26995128" lon="120.12066873"><ele>66.612</ele><time>2026-04-25T06:30:24Z</time><sat>3</sat></trkpt>
  <trkpt lat="30.26991814" lon="120.12067525"><ele>66.052</ele><time>2026-04-25T06:30:27Z</time><sat>4</sat></trkpt>
  <trkpt lat="30.26988975" lon="120.12070625"><ele>66.038</ele><time>2026-04-25T06:30:30Z</time><sat>4</sat></trkpt>
  <trkpt lat="30.26986112" lon="120.12072690"><ele>66.227</ele><time>2026-04-25T06:30:33Z</time><sat>3</sat></trkpt>
  <trkpt lat="30.26983139" lon="120.12073704"><ele>66.138</ele><time>2026-04-25T06:30:36Z</time><sat>4</sat></trkpt>
  <trkpt lat="30.26945038" lon="120.12085208"><ele>65.001</ele><time>2026-04-25T06:30:53Z</time><sat>6</sat></trkpt>
  <trkpt lat="30.26983682" lon="120.12086716"><ele>61.919</ele><time>2026-04-25T06:30:56Z</time><sat>5</sat></trkpt>
  <trkpt lat="30.26992662" lon="120.12082162"><ele>61.420</ele><time>2026-04-25T06:30:59Z</time><sat>4</sat></trkpt>
  <trkpt lat="30.26997671" lon="120.12077842"><ele>61.493</ele><time>2026-04-25T06:31:02Z</time><sat>4</sat></trkpt>
  <trkpt lat="30.26996479" lon="120.12068423"><ele>61.565</ele><time>2026-04-25T06:31:05Z</time><sat>5</sat></trkpt>
  <trkpt lat="30.26996446" lon="120.12058587"><ele>61.102</ele><time>2026-04-25T06:31:08Z</time><sat>6</sat></trkpt>
  <trkpt lat="30.26996380" lon="120.12046657"><ele>61.185</ele><time>2026-04-25T06:31:11Z</time><sat>6</sat></trkpt>
  <trkpt lat="30.27001300" lon="120.12037878"><ele>61.243</ele><time>2026-04-25T06:31:14Z</time><sat>4</sat></trkpt>
  <trkpt lat="30.26992474" lon="120.12062279"><ele>61.623</ele><time>2026-04-25T06:31:17Z</time><sat>4</sat></trkpt>
  <trkpt lat="30.26995803" lon="120.12058985"><ele>62.655</ele><time>2026-04-25T06:31:20Z</time><sat>5</sat></trkpt>
  <trkpt lat="30.27003800" lon="120.12060181"><ele>62.817</ele><time>2026-04-25T06:31:23Z</time><sat>6</sat></trkpt>
  <trkpt lat="30.27007025" lon="120.12062394"><ele>59.941</ele><time>2026-04-25T06:31:26Z</time><sat>6</sat></trkpt>
  <trkpt lat="30.27005547" lon="120.12066560"><ele>58.280</ele><time>2026-04-25T06:31:29Z</time><sat>6</sat></trkpt>
  <trkpt lat="30.26999817" lon="120.12069318"><ele>58.151</ele><time>2026-04-25T06:31:32Z</time><sat>6</sat></trkpt>
  <trkpt lat="30.26996959" lon="120.12068895"><ele>58.184</ele><time>2026-04-25T06:31:35Z</time><sat>5</sat></trkpt>
  <trkpt lat="30.26994104" lon="120.12069989"><ele>57.708</ele><time>2026-04-25T06:31:38Z</time><sat>6</sat></trkpt>
  <trkpt lat="30.26989952" lon="120.12073545"><ele>57.130</ele><time>2026-04-25T06:31:41Z</time><sat>6</sat></trkpt>
  <trkpt lat="30.26973196" lon="120.12087878"><ele>57.513</ele><time>2026-04-25T06:31:50Z</time><sat>3</sat></trkpt>
  <trkpt lat="30.26967312" lon="120.12095141"><ele>57.630</ele><time>2026-04-25T06:31:53Z</time><sat>3</sat></trkpt>
  <trkpt lat="30.26987168" lon="120.12065660"><ele>51.307</ele><time>2026-04-25T06:32:09Z</time></trkpt>
  <trkpt lat="30.26991303" lon="120.12067490"><ele>52.265</ele><time>2026-04-25T06:32:13Z</time></trkpt>
  <trkpt lat="30.26990689" lon="120.12069552"><ele>53.893</ele><time>2026-04-25T06:32:16Z</time></trkpt>
  <trkpt lat="30.26990185" lon="120.12072945"><ele>55.688</ele><time>2026-04-25T06:32:19Z</time><sat>4</sat></trkpt>
  <trkpt lat="30.26987107" lon="120.12075494"><ele>55.263</ele><time>2026-04-25T06:32:22Z</time><sat>4</sat></trkpt>
  <trkpt lat="30.26988035" lon="120.12075678"><ele>55.038</ele><time>2026-04-25T06:32:25Z</time><sat>3</sat></trkpt>
  <trkpt lat="30.26986550" lon="120.12074503"><ele>54.774</ele><time>2026-04-25T06:32:28Z</time><sat>4</sat></trkpt>
  <trkpt lat="30.26987041" lon="120.12077045"><ele>54.624</ele><time>2026-04-25T06:32:31Z</time><sat>5</sat></trkpt>
  <trkpt lat="30.26987124" lon="120.12077399"><ele>54.607</ele><time>2026-04-25T06:32:34Z</time><sat>5</sat></trkpt>
  <trkpt lat="30.26986379" lon="120.12076367"><ele>54.634</ele><time>2026-04-25T06:32:37Z</time><sat>5</sat></trkpt>
  <trkpt lat="30.26989101" lon="120.12074677"><ele>54.139</ele><time>2026-04-25T06:32:40Z</time><sat>5</sat></trkpt>
  <trkpt lat="30.26990345" lon="120.12074722"><ele>54.572</ele><time>2026-04-25T06:32:43Z</time><sat>5</sat></trkpt>
  <trkpt lat="30.26991376" lon="120.12074472"><ele>54.739</ele><time>2026-04-25T06:32:46Z</time><sat>5</sat></trkpt>
  <trkpt lat="30.26988069" lon="120.12077740"><ele>55.635</ele><time>2026-04-25T06:32:49Z</time><sat>5</sat></trkpt>
  <trkpt lat="30.26991615" lon="120.12079581"><ele>55.551</ele><time>2026-04-25T06:32:52Z</time><sat>5</sat></trkpt>
  <trkpt lat="30.27030090" lon="120.12078296"><ele>55.291</ele><time>2026-04-25T06:33:12Z</time><sat>5</sat></trkpt>
  <trkpt lat="30.27042881" lon="120.12080896"><ele>56.513</ele><time>2026-04-25T06:33:16Z</time><sat>5</sat></trkpt>
  <trkpt lat="30.27058117" lon="120.12081961"><ele>56.459</ele><time>2026-04-25T06:33:19Z</time><sat>5</sat></trkpt>
  <trkpt lat="30.27065150" lon="120.12081796"><ele>56.412</ele><time>2026-04-25T06:33:22Z</time><sat>5</sat></trkpt>
  <trkpt lat="30.27067291" lon="120.12079740"><ele>56.801</ele><time>2026-04-25T06:33:25Z</time><sat>5</sat></trkpt>
  <trkpt lat="30.27077219" lon="120.12056534"><ele>55.148</ele><time>2026-04-25T06:33:30Z</time><sat>5</sat></trkpt>
  <trkpt lat="30.27035249" lon="120.12054560"><ele>51.365</ele><time>2026-04-25T06:33:34Z</time><sat>6</sat></trkpt>
  <trkpt lat="30.27035691" lon="120.12057026"><ele>51.399</ele><time>2026-04-25T06:33:37Z</time><sat>5</sat></trkpt>
  <trkpt lat="30.27016697" lon="120.12062196"><ele>49.210</ele><time>2026-04-25T06:33:40Z</time><sat>5</sat></trkpt>
  <trkpt lat="30.26992698" lon="120.12059437"><ele>51.620</ele><time>2026-04-25T06:33:43Z</time><sat>5</sat></trkpt>
  <trkpt lat="30.26990370" lon="120.12061721"><ele>51.765</ele><time>2026-04-25T06:33:46Z</time><sat>5</sat></trkpt>
  <trkpt lat="30.26991973" lon="120.12066829"><ele>51.431</ele><time>2026-04-25T06:33:49Z</time><sat>5</sat></trkpt>
  <trkpt lat="30.26993908" lon="120.12068799"><ele>51.001</ele><time>2026-04-25T06:33:52Z</time></trkpt>
  <trkpt lat="30.27000588" lon="120.12071162"><ele>50.505</ele><time>2026-04-25T06:33:55Z</time></trkpt>
  <trkpt lat="30.27021223" lon="120.12077485"><ele>49.000</ele><time>2026-04-25T06:33:58Z</time></trkpt>
  <trkpt lat="30.27022653" lon="120.12078317"><ele>48.783</ele><time>2026-04-25T06:34:01Z</time></trkpt>
  <trkpt lat="30.27016666" lon="120.12075097"><ele>48.288</ele><time>2026-04-25T06:34:04Z</time></trkpt>
  <trkpt lat="30.27006174" lon="120.12066642"><ele>47.919</ele><time>2026-04-25T06:34:07Z</time></trkpt>
  <trkpt lat="30.26998859" lon="120.12062690"><ele>46.515</ele><time>2026-04-25T06:34:10Z</time><sat>5</sat></trkpt>
  <trkpt lat="30.26995192" lon="120.12062339"><ele>46.087</ele><time>2026-04-25T06:34:13Z</time><sat>4</sat></trkpt>
  <trkpt lat="30.26985834" lon="120.12056688"><ele>45.840</ele><time>2026-04-25T06:34:16Z</time><sat>4</sat></trkpt>
  <trkpt lat="30.26984244" lon="120.12056416"><ele>46.474</ele><time>2026-04-25T06:34:19Z</time><sat>5</sat></trkpt>
  <trkpt lat="30.26983666" lon="120.12060052"><ele>46.441</ele><time>2026-04-25T06:34:22Z</time><sat>5</sat></trkpt>
  <trkpt lat="30.26981424" lon="120.12065482"><ele>45.966</ele><time>2026-04-25T06:34:25Z</time><sat>5</sat></trkpt>
  <trkpt lat="30.26977455" lon="120.12067921"><ele>46.109</ele><time>2026-04-25T06:34:28Z</time><sat>5</sat></trkpt>
  <trkpt lat="30.26972926" lon="120.12068730"><ele>46.797</ele><time>2026-04-25T06:34:31Z</time><sat>5</sat></trkpt>
  <trkpt lat="30.26971339" lon="120.12064409"><ele>46.052</ele><time>2026-04-25T06:34:34Z</time><sat>5</sat></trkpt>
  <trkpt lat="30.26975988" lon="120.12063451"><ele>45.849</ele><time>2026-04-25T06:34:37Z</time><sat>5</sat></trkpt>
  <trkpt lat="30.26979162" lon="120.12063624"><ele>45.716</ele><time>2026-04-25T06:34:40Z</time><sat>5</sat></trkpt>
  <trkpt lat="30.26983481" lon="120.12066622"><ele>45.711</ele><time>2026-04-25T06:34:43Z</time><sat>5</sat></trkpt>
  <trkpt lat="30.26997418" lon="120.12065010"><ele>47.334</ele><time>2026-04-25T06:35:02Z</time><sat>7</sat></trkpt>
  <trkpt lat="30.26997643" lon="120.12064121"><ele>47.965</ele><time>2026-04-25T06:35:06Z</time><sat>7</sat></trkpt>
  <trkpt lat="30.27011484" lon="120.12055348"><ele>48.897</ele><time>2026-04-25T06:35:30Z</time><sat>5</sat></trkpt>
  <trkpt lat="30.27003261" lon="120.12055877"><ele>47.273</ele><time>2026-04-25T06:35:34Z</time><sat>7</sat></trkpt>
  <trkpt lat="30.26997994" lon="120.12058789"><ele>45.991</ele><time>2026-04-25T06:35:37Z</time><sat>4</sat></trkpt>
  <trkpt lat="30.26996210" lon="120.12053398"><ele>47.827</ele><time>2026-04-25T06:35:40Z</time><sat>3</sat></trkpt>
  <trkpt lat="30.26996220" lon="120.12047975"><ele>48.254</ele><time>2026-04-25T06:35:43Z</time><sat>3</sat></trkpt>
  <trkpt lat="30.26997050" lon="120.12040458"><ele>48.304</ele><time>2026-04-25T06:35:46Z</time><sat>5</sat></trkpt>
  <trkpt lat="30.27014750" lon="120.12039228"><ele>47.730</ele><time>2026-04-25T06:35:58Z</time><sat>5</sat></trkpt>
  <trkpt lat="30.27014224" lon="120.12047147"><ele>47.526</ele><time>2026-04-25T06:36:02Z</time><sat>6</sat></trkpt>
  <trkpt lat="30.27016078" lon="120.12048213"><ele>47.656</ele><time>2026-04-25T06:36:05Z</time><sat>6</sat></trkpt>
  <trkpt lat="30.26989181" lon="120.12058679"><ele>47.401</ele><time>2026-04-25T06:36:18Z</time><sat>4</sat></trkpt>
  <trkpt lat="30.26999730" lon="120.12060030"><ele>47.565</ele><time>2026-04-25T06:36:22Z</time><sat>6</sat></trkpt>
  <trkpt lat="30.27004182" lon="120.12058105"><ele>47.539</ele><time>2026-04-25T06:36:25Z</time><sat>4</sat></trkpt>
  <trkpt lat="30.27006076" lon="120.12054607"><ele>47.475</ele><time>2026-04-25T06:36:28Z</time><sat>4</sat></trkpt>
  <trkpt lat="30.27009693" lon="120.12043794"><ele>47.028</ele><time>2026-04-25T06:36:31Z</time><sat>4</sat></trkpt>
  <trkpt lat="30.27013441" lon="120.12033184"><ele>47.007</ele><time>2026-04-25T06:36:34Z</time><sat>3</sat></trkpt>
  <trkpt lat="30.27010786" lon="120.12030445"><ele>46.845</ele><time>2026-04-25T06:36:37Z</time><sat>3</sat></trkpt>
  <trkpt lat="30.27011615" lon="120.12033914"><ele>46.899</ele><time>2026-04-25T06:36:40Z</time><sat>3</sat></trkpt>
  <trkpt lat="30.27009545" lon="120.12042688"><ele>47.524</ele><time>2026-04-25T06:36:43Z</time><sat>4</sat></trkpt>
  <trkpt lat="30.27007440" lon="120.12049545"><ele>47.548</ele><time>2026-04-25T06:36:46Z</time><sat>4</sat></trkpt>
  <trkpt lat="30.27005544" lon="120.12057580"><ele>47.396</ele><time>2026-04-25T06:36:49Z</time><sat>2</sat></trkpt>
  <trkpt lat="30.27006294" lon="120.12062051"><ele>47.543</ele><time>2026-04-25T06:36:52Z</time></trkpt>
  <trkpt lat="30.27006004" lon="120.12065677"><ele>47.502</ele><time>2026-04-25T06:36:55Z</time></trkpt>
  <trkpt lat="30.26994327" lon="120.12058534"><ele>40.029</ele><time>2026-04-25T06:37:58Z</time><sat>4</sat></trkpt>
  <trkpt lat="30.26995260" lon="120.12059885"><ele>39.699</ele><time>2026-04-25T06:38:02Z</time><sat>4</sat></trkpt>
  <trkpt lat="30.26995277" lon="120.12059875"><ele>39.753</ele><time>2026-04-25T06:38:05Z</time><sat>4</sat></trkpt>
  <trkpt lat="30.26995503" lon="120.12060334"><ele>39.476</ele><time>2026-04-25T06:38:24Z</time><sat>4</sat></trkpt>
  <trkpt lat="30.26995511" lon="120.12060289"><ele>39.537</ele><time>2026-04-25T06:38:28Z</time><sat>3</sat></trkpt>
  <trkpt lat="30.26993850" lon="120.12064827"><ele>40.785</ele><time>2026-04-25T06:38:31Z</time><sat>5</sat></trkpt>
  <trkpt lat="30.26995691" lon="120.12060800"><ele>39.420</ele><time>2026-04-25T06:38:34Z</time><sat>5</sat></trkpt>
  <trkpt lat="30.26996497" lon="120.12060938"><ele>41.146</ele><time>2026-04-25T06:38:53Z</time><sat>5</sat></trkpt>
  <trkpt lat="30.26996176" lon="120.12061457"><ele>39.741</ele><time>2026-04-25T06:39:19Z</time><sat>4</sat></trkpt>
  <trkpt lat="30.26997803" lon="120.12061741"><ele>49.042</ele><time>2026-04-25T06:39:23Z</time><sat>4</sat></trkpt>
  <trkpt lat="30.26996697" lon="120.12062110"><ele>40.704</ele><time>2026-04-25T06:39:26Z</time></trkpt>
  <trkpt lat="30.26996459" lon="120.12062433"><ele>38.271</ele><time>2026-04-25T06:39:29Z</time></trkpt>
  <trkpt lat="30.26996454" lon="120.12062384"><ele>37.553</ele><time>2026-04-25T06:39:32Z</time></trkpt>
  <trkpt lat="30.26996444" lon="120.12062383"><ele>37.558</ele><time>2026-04-25T06:39:35Z</time></trkpt>
  <trkpt lat="30.26996490" lon="120.12062424"><ele>38.241</ele><time>2026-04-25T06:39:38Z</time></trkpt>
  <trkpt lat="30.26996442" lon="120.12062134"><ele>38.502</ele><time>2026-04-25T06:39:41Z</time></trkpt>
  <trkpt lat="30.26996509" lon="120.12062403"><ele>38.805</ele><time>2026-04-25T06:39:44Z</time></trkpt>
  <trkpt lat="30.26996495" lon="120.12062486"><ele>39.030</ele><time>2026-04-25T06:39:47Z</time></trkpt>
  <trkpt lat="30.26996477" lon="120.12062558"><ele>39.225</ele><time>2026-04-25T06:39:50Z</time></trkpt>
  <trkpt lat="30.26996279" lon="120.12062038"><ele>40.758</ele><time>2026-04-25T06:39:53Z</time></trkpt>
  <trkpt lat="30.26996272" lon="120.12062045"><ele>40.748</ele><time>2026-04-25T06:39:56Z</time></trkpt>
  <trkpt lat="30.26996264" lon="120.12062076"><ele>40.804</ele><time>2026-04-25T06:39:59Z</time></trkpt>
  <trkpt lat="30.26996342" lon="120.12062156"><ele>40.542</ele><time>2026-04-25T06:40:08Z</time><sat>6</sat></trkpt>
  <trkpt lat="30.26996339" lon="120.12062142"><ele>40.499</ele><time>2026-04-25T06:40:11Z</time><sat>7</sat></trkpt>
  <trkpt lat="30.26996333" lon="120.12062150"><ele>40.485</ele><time>2026-04-25T06:40:14Z</time><sat>7</sat></trkpt>
  <trkpt lat="30.26996363" lon="120.12062336"><ele>40.303</ele><time>2026-04-25T06:40:17Z</time><sat>5</sat></trkpt>
  <trkpt lat="30.26996498" lon="120.12062864"><ele>39.454</ele><time>2026-04-25T06:40:20Z</time><sat>4</sat></trkpt>
  <trkpt lat="30.26996492" lon="120.12062909"><ele>39.530</ele><time>2026-04-25T06:40:23Z</time><sat>6</sat></trkpt>
  <trkpt lat="30.26996490" lon="120.12062935"><ele>39.563</ele><time>2026-04-25T06:40:26Z</time><sat>7</sat></trkpt>
  <trkpt lat="30.26996490" lon="120.12062922"><ele>39.532</ele><time>2026-04-25T06:40:29Z</time><sat>5</sat></trkpt>
  <trkpt lat="30.26996656" lon="120.12063410"><ele>38.739</ele><time>2026-04-25T06:40:32Z</time><sat>4</sat></trkpt>
  <trkpt lat="30.26996675" lon="120.12063454"><ele>38.648</ele><time>2026-04-25T06:40:35Z</time><sat>4</sat></trkpt>
  <trkpt lat="30.26996668" lon="120.12063473"><ele>38.680</ele><time>2026-04-25T06:40:38Z</time><sat>5</sat></trkpt>
  <trkpt lat="30.26996660" lon="120.12063500"><ele>38.724</ele><time>2026-04-25T06:40:41Z</time><sat>5</sat></trkpt>
  <trkpt lat="30.26996656" lon="120.12063482"><ele>38.743</ele><time>2026-04-25T06:40:44Z</time><sat>5</sat></trkpt>
  <trkpt lat="30.26996649" lon="120.12063508"><ele>38.777</ele><time>2026-04-25T06:40:47Z</time><sat>4</sat></trkpt>
  <trkpt lat="30.26996609" lon="120.12063611"><ele>38.745</ele><time>2026-04-25T06:40:50Z</time><sat>5</sat></trkpt>
  <trkpt lat="30.26996608" lon="120.12063613"><ele>38.747</ele><time>2026-04-25T06:40:53Z</time><sat>5</sat></trkpt>
  <trkpt lat="30.26996557" lon="120.12063755"><ele>38.811</ele><time>2026-04-25T06:40:56Z</time><sat>5</sat></trkpt>
  <trkpt lat="30.26996552" lon="120.12063772"><ele>38.848</ele><time>2026-04-25T06:40:59Z</time><sat>5</sat></trkpt>
  <trkpt lat="30.26996529" lon="120.12063628"><ele>38.971</ele><time>2026-04-25T06:41:02Z</time><sat>5</sat></trkpt>
  <trkpt lat="30.26996640" lon="120.12064366"><ele>38.017</ele><time>2026-04-25T06:41:05Z</time><sat>5</sat></trkpt>
  <trkpt lat="30.26996589" lon="120.12064472"><ele>38.020</ele><time>2026-04-25T06:41:08Z</time><sat>5</sat></trkpt>
  <trkpt lat="30.26996546" lon="120.12065904"><ele>36.122</ele><time>2026-04-25T06:41:11Z</time><sat>5</sat></trkpt>
  <trkpt lat="30.26996669" lon="120.12066302"><ele>35.567</ele><time>2026-04-25T06:41:14Z</time><sat>5</sat></trkpt>
  <trkpt lat="30.26996689" lon="120.12066448"><ele>35.470</ele><time>2026-04-25T06:41:17Z</time><sat>5</sat></trkpt>
  <trkpt lat="30.26996681" lon="120.12066549"><ele>35.201</ele><time>2026-04-25T06:41:20Z</time><sat>5</sat></trkpt>
  <trkpt lat="30.26996681" lon="120.12066581"><ele>35.276</ele><time>2026-04-25T06:41:23Z</time><sat>5</sat></trkpt>
  <trkpt lat="30.26996679" lon="120.12066554"><ele>35.235</ele><time>2026-04-25T06:41:26Z</time><sat>5</sat></trkpt>
  <trkpt lat="30.26996675" lon="120.12066519"><ele>35.228</ele><time>2026-04-25T06:41:29Z</time><sat>5</sat></trkpt>
  <trkpt lat="30.26996543" lon="120.12066492"><ele>35.566</ele><time>2026-04-25T06:41:32Z</time><sat>7</sat></trkpt>
  <trkpt lat="30.26996501" lon="120.12066579"><ele>35.635</ele><time>2026-04-25T06:41:35Z</time><sat>7</sat></trkpt>
  <trkpt lat="30.26996511" lon="120.12066479"><ele>35.550</ele><time>2026-04-25T06:41:38Z</time><sat>7</sat></trkpt>
  <trkpt lat="30.26996508" lon="120.12066447"><ele>35.521</ele><time>2026-04-25T06:41:41Z</time><sat>8</sat></trkpt>
  <trkpt lat="30.26996442" lon="120.12066367"><ele>35.681</ele><time>2026-04-25T06:41:44Z</time><sat>8</sat></trkpt>
  <trkpt lat="30.26996440" lon="120.12066375"><ele>35.726</ele><time>2026-04-25T06:41:47Z</time><sat>7</sat></trkpt>
  <trkpt lat="30.26996448" lon="120.12066374"><ele>35.816</ele><time>2026-04-25T06:41:50Z</time><sat>7</sat></trkpt>
  <trkpt lat="30.26996445" lon="120.12066406"><ele>35.901</ele><time>2026-04-25T06:41:53Z</time><sat>7</sat></trkpt>
  <trkpt lat="30.26996474" lon="120.12066321"><ele>35.862</ele><time>2026-04-25T06:41:56Z</time><sat>7</sat></trkpt>
  <trkpt lat="30.26996474" lon="120.12066323"><ele>35.865</ele><time>2026-04-25T06:41:59Z</time><sat>7</sat></trkpt>
  <trkpt lat="30.26996491" lon="120.12066292"><ele>35.817</ele><time>2026-04-25T06:42:02Z</time><sat>9</sat></trkpt>
  <trkpt lat="30.26996488" lon="120.12066303"><ele>35.847</ele><time>2026-04-25T06:42:05Z</time><sat>8</sat></trkpt>
  <trkpt lat="30.26996366" lon="120.12066402"><ele>36.186</ele><time>2026-04-25T06:42:08Z</time><sat>6</sat></trkpt>
  <trkpt lat="30.26996274" lon="120.12066605"><ele>36.452</ele><time>2026-04-25T06:42:11Z</time><sat>6</sat></trkpt>
  <trkpt lat="30.26996313" lon="120.12066560"><ele>36.396</ele><time>2026-04-25T06:42:14Z</time><sat>5</sat></trkpt>
  <trkpt lat="30.26996311" lon="120.12066554"><ele>36.375</ele><time>2026-04-25T06:42:17Z</time><sat>4</sat></trkpt>
  <trkpt lat="30.26996295" lon="120.12066567"><ele>36.261</ele><time>2026-04-25T06:42:20Z</time><sat>8</sat></trkpt>
  <trkpt lat="30.26996297" lon="120.12066574"><ele>36.277</ele><time>2026-04-25T06:42:23Z</time><sat>8</sat></trkpt>
  <trkpt lat="30.26996480" lon="120.12066342"><ele>35.949</ele><time>2026-04-25T06:42:26Z</time><sat>8</sat></trkpt>
  <trkpt lat="30.26996466" lon="120.12066316"><ele>35.668</ele><time>2026-04-25T06:42:29Z</time><sat>8</sat></trkpt>
  <trkpt lat="30.26996441" lon="120.12066517"><ele>36.121</ele><time>2026-04-25T06:42:32Z</time><sat>8</sat></trkpt>
  <trkpt lat="30.26996450" lon="120.12066531"><ele>36.203</ele><time>2026-04-25T06:42:35Z</time><sat>8</sat></trkpt>
  <trkpt lat="30.26996465" lon="120.12066560"><ele>36.261</ele><time>2026-04-25T06:42:38Z</time><sat>7</sat></trkpt>
  <trkpt lat="30.26996465" lon="120.12066561"><ele>36.262</ele><time>2026-04-25T06:42:41Z</time><sat>6</sat></trkpt>
  <trkpt lat="30.26996460" lon="120.12066669"><ele>36.513</ele><time>2026-04-25T06:42:50Z</time><sat>6</sat></trkpt>
  <trkpt lat="30.26996461" lon="120.12066674"><ele>36.519</ele><time>2026-04-25T06:42:53Z</time><sat>6</sat></trkpt>
  <trkpt lat="30.26996459" lon="120.12066699"><ele>36.586</ele><time>2026-04-25T06:42:56Z</time><sat>6</sat></trkpt>
  <trkpt lat="30.26996454" lon="120.12066705"><ele>36.583</ele><time>2026-04-25T06:42:59Z</time><sat>3</sat></trkpt>
  <trkpt lat="30.26996454" lon="120.12066703"><ele>36.572</ele><time>2026-04-25T06:43:02Z</time><sat>3</sat></trkpt>
  <trkpt lat="30.26996453" lon="120.12066711"><ele>36.586</ele><time>2026-04-25T06:43:05Z</time><sat>3</sat></trkpt>
  <trkpt lat="30.26996454" lon="120.12066719"><ele>36.602</ele><time>2026-04-25T06:43:08Z</time><sat>3</sat></trkpt>
  <trkpt lat="30.26996454" lon="120.12066719"><ele>36.595</ele><time>2026-04-25T06:43:11Z</time><sat>3</sat></trkpt>
  <trkpt lat="30.26996451" lon="120.12066729"><ele>36.642</ele><time>2026-04-25T06:43:14Z</time><sat>3</sat></trkpt>
  <trkpt lat="30.26996450" lon="120.12066719"><ele>36.626</ele><time>2026-04-25T06:43:17Z</time><sat>3</sat></trkpt>
  <trkpt lat="30.26996448" lon="120.12066705"><ele>36.616</ele><time>2026-04-25T06:43:20Z</time><sat>3</sat></trkpt>
  <trkpt lat="30.26996448" lon="120.12066706"><ele>36.628</ele><time>2026-04-25T06:43:23Z</time><sat>3</sat></trkpt>
  <trkpt lat="30.26996442" lon="120.12066706"><ele>36.708</ele><time>2026-04-25T06:43:26Z</time><sat>3</sat></trkpt>
  <trkpt lat="30.26996437" lon="120.12066708"><ele>36.774</ele><time>2026-04-25T06:43:29Z</time><sat>3</sat></trkpt>
  <trkpt lat="30.26996431" lon="120.12066690"><ele>36.800</ele><time>2026-04-25T06:43:32Z</time><sat>5</sat></trkpt>
  <trkpt lat="30.26996432" lon="120.12066690"><ele>36.789</ele><time>2026-04-25T06:43:35Z</time></trkpt>
  <trkpt lat="30.26996426" lon="120.12066666"><ele>36.801</ele><time>2026-04-25T06:43:38Z</time></trkpt>
  <trkpt lat="30.26996424" lon="120.12066663"><ele>36.813</ele><time>2026-04-25T06:43:41Z</time></trkpt>
  <trkpt lat="30.26996421" lon="120.12066652"><ele>36.837</ele><time>2026-04-25T06:43:44Z</time></trkpt>
  <trkpt lat="30.26996420" lon="120.12066650"><ele>36.840</ele><time>2026-04-25T06:43:47Z</time><sat>2</sat></trkpt>
  <trkpt lat="30.26996416" lon="120.12066654"><ele>36.910</ele><time>2026-04-25T06:43:50Z</time><sat>2</sat></trkpt>
  <trkpt lat="30.26996416" lon="120.12066652"><ele>36.917</ele><time>2026-04-25T06:43:53Z</time><sat>2</sat></trkpt>
  <trkpt lat="30.26996415" lon="120.12066654"><ele>36.919</ele><time>2026-04-25T06:43:56Z</time><sat>2</sat></trkpt>
  <trkpt lat="30.26996412" lon="120.12066646"><ele>36.935</ele><time>2026-04-25T06:43:59Z</time><sat>2</sat></trkpt>
  <trkpt lat="30.26996412" lon="120.12066646"><ele>36.935</ele><time>2026-04-25T06:44:02Z</time><sat>3</sat></trkpt>
  <trkpt lat="30.26996412" lon="120.12066646"><ele>36.939</ele><time>2026-04-25T06:44:05Z</time><sat>3</sat></trkpt>
  <trkpt lat="30.26996406" lon="120.12066630"><ele>36.977</ele><time>2026-04-25T06:44:08Z</time><sat>5</sat></trkpt>
  <trkpt lat="30.26996407" lon="120.12066631"><ele>36.974</ele><time>2026-04-25T06:44:11Z</time><sat>6</sat></trkpt>
  <trkpt lat="30.26996398" lon="120.12066609"><ele>37.027</ele><time>2026-04-25T06:44:14Z</time><sat>7</sat></trkpt>
  <trkpt lat="30.26996519" lon="120.12066263"><ele>36.954</ele><time>2026-04-25T06:44:33Z</time><sat>5</sat></trkpt>
  <trkpt lat="30.26996519" lon="120.12066264"><ele>36.953</ele><time>2026-04-25T06:44:37Z</time><sat>5</sat></trkpt>
  <trkpt lat="30.26996619" lon="120.12065992"><ele>36.875</ele><time>2026-04-25T06:44:40Z</time><sat>5</sat></trkpt>
  <trkpt lat="30.26996619" lon="120.12065992"><ele>36.876</ele><time>2026-04-25T06:44:43Z</time><sat>5</sat></trkpt>
  <trkpt lat="30.26996619" lon="120.12065991"><ele>36.879</ele><time>2026-04-25T06:44:47Z</time><sat>5</sat></trkpt>
  <trkpt lat="30.26996708" lon="120.12065802"><ele>36.940</ele><time>2026-04-25T06:44:54Z</time><sat>5</sat></trkpt>
  <trkpt lat="30.26996703" lon="120.12065715"><ele>37.114</ele><time>2026-04-25T06:44:58Z</time><sat>5</sat></trkpt>
  <trkpt lat="30.26996709" lon="120.12065707"><ele>37.104</ele><time>2026-04-25T06:45:01Z</time><sat>6</sat></trkpt>
  <trkpt lat="30.26996710" lon="120.12065709"><ele>37.099</ele><time>2026-04-25T06:45:04Z</time><sat>6</sat></trkpt>
  <trkpt lat="30.26996695" lon="120.12065737"><ele>37.101</ele><time>2026-04-25T06:45:07Z</time><sat>6</sat></trkpt>
  <trkpt lat="30.26996696" lon="120.12065734"><ele>37.103</ele><time>2026-04-25T06:45:10Z</time><sat>6</sat></trkpt>
  <trkpt lat="30.26996692" lon="120.12065733"><ele>37.114</ele><time>2026-04-25T06:45:13Z</time><sat>5</sat></trkpt>
  <trkpt lat="30.26996698" lon="120.12065723"><ele>37.100</ele><time>2026-04-25T06:45:16Z</time><sat>3</sat></trkpt>
  <trkpt lat="30.26996701" lon="120.12065716"><ele>37.102</ele><time>2026-04-25T06:45:19Z</time><sat>5</sat></trkpt>
  <trkpt lat="30.26996703" lon="120.12065694"><ele>37.138</ele><time>2026-04-25T06:45:22Z</time><sat>5</sat></trkpt>
  <trkpt lat="30.26996708" lon="120.12065688"><ele>36.999</ele><time>2026-04-25T06:45:25Z</time><sat>5</sat></trkpt>
  <trkpt lat="30.26996708" lon="120.12065687"><ele>37.003</ele><time>2026-04-25T06:45:28Z</time><sat>6</sat></trkpt>
  <trkpt lat="30.26996712" lon="120.12065680"><ele>36.994</ele><time>2026-04-25T06:45:31Z</time><sat>6</sat></trkpt>
  <trkpt lat="30.26996711" lon="120.12065675"><ele>36.993</ele><time>2026-04-25T06:45:34Z</time><sat>6</sat></trkpt>
  <trkpt lat="30.26996709" lon="120.12065649"><ele>37.057</ele><time>2026-04-25T06:45:37Z</time><sat>7</sat></trkpt>
  <trkpt lat="30.26996703" lon="120.12065635"><ele>37.088</ele><time>2026-04-25T06:45:40Z</time><sat>7</sat></trkpt>
  <trkpt lat="30.26996704" lon="120.12065639"><ele>37.124</ele><time>2026-04-25T06:45:43Z</time><sat>6</sat></trkpt>
  <trkpt lat="30.26996703" lon="120.12065620"><ele>37.126</ele><time>2026-04-25T06:45:46Z</time><sat>7</sat></trkpt>
  <trkpt lat="30.26996698" lon="120.12065610"><ele>37.175</ele><time>2026-04-25T06:45:49Z</time><sat>4</sat></trkpt>
  <trkpt lat="30.26996695" lon="120.12065600"><ele>37.215</ele><time>2026-04-25T06:45:52Z</time><sat>3</sat></trkpt>
  <trkpt lat="30.26996696" lon="120.12065602"><ele>37.217</ele><time>2026-04-25T06:45:55Z</time><sat>7</sat></trkpt>
  <trkpt lat="30.26996703" lon="120.12065593"><ele>37.199</ele><time>2026-04-25T06:45:58Z</time><sat>7</sat></trkpt>
  <trkpt lat="30.26996704" lon="120.12065598"><ele>37.197</ele><time>2026-04-25T06:46:01Z</time><sat>4</sat></trkpt>
  <trkpt lat="30.26996704" lon="120.12065599"><ele>37.198</ele><time>2026-04-25T06:46:04Z</time><sat>4</sat></trkpt>
  <trkpt lat="30.26996704" lon="120.12065599"><ele>37.198</ele><time>2026-04-25T06:46:07Z</time><sat>4</sat></trkpt>
  <trkpt lat="30.26996704" lon="120.12065600"><ele>37.211</ele><time>2026-04-25T06:46:10Z</time><sat>4</sat></trkpt>
  <trkpt lat="30.26996704" lon="120.12065600"><ele>37.212</ele><time>2026-04-25T06:46:13Z</time><sat>6</sat></trkpt>
  <trkpt lat="30.26996535" lon="120.12065537"><ele>38.050</ele><time>2026-04-25T06:46:16Z</time><sat>4</sat></trkpt>
  <trkpt lat="30.26996532" lon="120.12065542"><ele>38.058</ele><time>2026-04-25T06:46:19Z</time><sat>3</sat></trkpt>
  <trkpt lat="30.26996512" lon="120.12065538"><ele>38.155</ele><time>2026-04-25T06:46:22Z</time><sat>4</sat></trkpt>
  <trkpt lat="30.26996463" lon="120.12065502"><ele>38.442</ele><time>2026-04-25T06:46:25Z</time></trkpt>
  <trkpt lat="30.26996459" lon="120.12065505"><ele>38.457</ele><time>2026-04-25T06:46:28Z</time></trkpt>
  <trkpt lat="30.26996459" lon="120.12065506"><ele>38.458</ele><time>2026-04-25T06:46:31Z</time></trkpt>
  <trkpt lat="30.26996459" lon="120.12065506"><ele>38.457</ele><time>2026-04-25T06:46:34Z</time></trkpt>
  <trkpt lat="30.26996459" lon="120.12065505"><ele>38.458</ele><time>2026-04-25T06:46:37Z</time></trkpt>
  <trkpt lat="30.26996458" lon="120.12065507"><ele>38.463</ele><time>2026-04-25T06:46:40Z</time><sat>2</sat></trkpt>
  <trkpt lat="30.26996457" lon="120.12065506"><ele>38.466</ele><time>2026-04-25T06:46:43Z</time><sat>2</sat></trkpt>
  <trkpt lat="30.26996401" lon="120.12065500"><ele>38.731</ele><time>2026-04-25T06:46:46Z</time><sat>2</sat></trkpt>
  <trkpt lat="30.26996358" lon="120.12065493"><ele>38.934</ele><time>2026-04-25T06:46:49Z</time><sat>2</sat></trkpt>
  <trkpt lat="30.26996312" lon="120.12065489"><ele>39.177</ele><time>2026-04-25T06:46:52Z</time><sat>4</sat></trkpt>
  <trkpt lat="30.26996312" lon="120.12065489"><ele>39.174</ele><time>2026-04-25T06:46:55Z</time></trkpt>
  <trkpt lat="30.26996309" lon="120.12065494"><ele>39.204</ele><time>2026-04-25T06:46:58Z</time><sat>3</sat></trkpt>
  <trkpt lat="30.26996301" lon="120.12065493"><ele>39.246</ele><time>2026-04-25T06:47:01Z</time><sat>3</sat></trkpt>
  <trkpt lat="30.26996301" lon="120.12065493"><ele>39.245</ele><time>2026-04-25T06:47:04Z</time></trkpt>
  <trkpt lat="30.26996300" lon="120.12065493"><ele>39.247</ele><time>2026-04-25T06:47:07Z</time><sat>3</sat></trkpt>
  <trkpt lat="30.26996300" lon="120.12065492"><ele>39.249</ele><time>2026-04-25T06:47:10Z</time><sat>3</sat></trkpt>
  <trkpt lat="30.26996301" lon="120.12065492"><ele>39.246</ele><time>2026-04-25T06:47:13Z</time></trkpt>
  <trkpt lat="30.26996281" lon="120.12065490"><ele>39.347</ele><time>2026-04-25T06:47:16Z</time></trkpt>
  <trkpt lat="30.26996264" lon="120.12065488"><ele>39.437</ele><time>2026-04-25T06:47:19Z</time></trkpt>
  <trkpt lat="30.26996237" lon="120.12065488"><ele>39.567</ele><time>2026-04-25T06:47:22Z</time></trkpt>
  <trkpt lat="30.26996225" lon="120.12065488"><ele>39.626</ele><time>2026-04-25T06:47:25Z</time></trkpt>
  <trkpt lat="30.26996225" lon="120.12065487"><ele>39.625</ele><time>2026-04-25T06:47:28Z</time><sat>5</sat></trkpt>
  <trkpt lat="30.26996189" lon="120.12065483"><ele>39.814</ele><time>2026-04-25T06:47:31Z</time><sat>5</sat></trkpt>
  <trkpt lat="30.26996184" lon="120.12065483"><ele>39.837</ele><time>2026-04-25T06:47:34Z</time><sat>5</sat></trkpt>
  <trkpt lat="30.26996296" lon="120.12065278"><ele>39.760</ele><time>2026-04-25T06:47:53Z</time><sat>5</sat></trkpt>
  <trkpt lat="30.26996295" lon="120.12065279"><ele>39.760</ele><time>2026-04-25T06:47:57Z</time><sat>5</sat></trkpt>
  <trkpt lat="30.26996396" lon="120.12065108"><ele>39.655</ele><time>2026-04-25T06:48:00Z</time><sat>5</sat></trkpt>
  <trkpt lat="30.26996394" lon="120.12065108"><ele>39.663</ele><time>2026-04-25T06:48:03Z</time><sat>5</sat></trkpt>
  <trkpt lat="30.26996365" lon="120.12065123"><ele>39.879</ele><time>2026-04-25T06:48:10Z</time><sat>2</sat></trkpt>
  <trkpt lat="30.26996320" lon="120.12065145"><ele>40.219</ele><time>2026-04-25T06:48:15Z</time><sat>2</sat></trkpt>
  <trkpt lat="30.26996294" lon="120.12065157"><ele>40.393</ele><time>2026-04-25T06:48:19Z</time><sat>4</sat></trkpt>
  <trkpt lat="30.26996386" lon="120.12065000"><ele>40.305</ele><time>2026-04-25T06:48:38Z</time><sat>4</sat></trkpt>
  <trkpt lat="30.26996386" lon="120.12065000"><ele>40.305</ele><time>2026-04-25T06:48:42Z</time><sat>6</sat></trkpt>
  <trkpt lat="30.26996461" lon="120.12064866"><ele>40.268</ele><time>2026-04-25T06:48:45Z</time><sat>5</sat></trkpt>
  <trkpt lat="30.26996446" lon="120.12064871"><ele>40.359</ele><time>2026-04-25T06:48:48Z</time><sat>5</sat></trkpt>
  <trkpt lat="30.26996515" lon="120.12064748"><ele>40.310</ele><time>2026-04-25T06:49:07Z</time><sat>2</sat></trkpt>
  <trkpt lat="30.26996510" lon="120.12064750"><ele>40.329</ele><time>2026-04-25T06:49:11Z</time><sat>2</sat></trkpt>
  <trkpt lat="30.26996576" lon="120.12064640"><ele>40.263</ele><time>2026-04-25T06:49:14Z</time><sat>2</sat></trkpt>
  <trkpt lat="30.26996576" lon="120.12064640"><ele>40.264</ele><time>2026-04-25T06:49:17Z</time><sat>2</sat></trkpt>
  <trkpt lat="30.26996573" lon="120.12064642"><ele>40.280</ele><time>2026-04-25T06:49:20Z</time><sat>2</sat></trkpt>
  <trkpt lat="30.26996631" lon="120.12064539"><ele>40.241</ele><time>2026-04-25T06:49:39Z</time><sat>2</sat></trkpt>
  <trkpt lat="30.26996633" lon="120.12064539"><ele>40.230</ele><time>2026-04-25T06:49:43Z</time><sat>2</sat></trkpt>
  <trkpt lat="30.26996686" lon="120.12064449"><ele>40.183</ele><time>2026-04-25T06:49:46Z</time><sat>2</sat></trkpt>
  <trkpt lat="30.26996681" lon="120.12064450"><ele>40.253</ele><time>2026-04-25T06:49:49Z</time><sat>2</sat></trkpt>
  <trkpt lat="30.26996668" lon="120.12064454"><ele>40.357</ele><time>2026-04-25T06:49:52Z</time><sat>2</sat></trkpt>
  <trkpt lat="30.26996668" lon="120.12064454"><ele>40.360</ele><time>2026-04-25T06:49:55Z</time><sat>2</sat></trkpt>
  <trkpt lat="30.26996667" lon="120.12064454"><ele>40.365</ele><time>2026-04-25T06:49:58Z</time><sat>2</sat></trkpt>
  <trkpt lat="30.26996666" lon="120.12064455"><ele>40.370</ele><time>2026-04-25T06:50:01Z</time><sat>2</sat></trkpt>
  <trkpt lat="30.26996640" lon="120.12064465"><ele>40.566</ele><time>2026-04-25T06:50:10Z</time><sat>5</sat></trkpt>
  <trkpt lat="30.26996640" lon="120.12064465"><ele>40.566</ele><time>2026-04-25T06:50:13Z</time><sat>5</sat></trkpt>
  <trkpt lat="30.26996632" lon="120.12064468"><ele>40.617</ele><time>2026-04-25T06:50:16Z</time><sat>7</sat></trkpt>
  <trkpt lat="30.26996633" lon="120.12064468"><ele>40.617</ele><time>2026-04-25T06:50:19Z</time><sat>7</sat></trkpt>
  <trkpt lat="30.26996633" lon="120.12064468"><ele>40.621</ele><time>2026-04-25T06:50:22Z</time><sat>7</sat></trkpt>
  <trkpt lat="30.26996634" lon="120.12064466"><ele>40.618</ele><time>2026-04-25T06:50:25Z</time><sat>7</sat></trkpt>
  <trkpt lat="30.26996628" lon="120.12064460"><ele>40.655</ele><time>2026-04-25T06:50:28Z</time><sat>7</sat></trkpt>
  <trkpt lat="30.26996619" lon="120.12064457"><ele>40.718</ele><time>2026-04-25T06:50:31Z</time><sat>7</sat></trkpt>
  <trkpt lat="30.26996607" lon="120.12064447"><ele>40.795</ele><time>2026-04-25T06:50:34Z</time><sat>7</sat></trkpt>
  <trkpt lat="30.26996592" lon="120.12064447"><ele>40.888</ele><time>2026-04-25T06:50:37Z</time><sat>7</sat></trkpt>
  <trkpt lat="30.26996564" lon="120.12064431"><ele>41.072</ele><time>2026-04-25T06:50:40Z</time><sat>7</sat></trkpt>
  <trkpt lat="30.26996529" lon="120.12064401"><ele>41.308</ele><time>2026-04-25T06:50:43Z</time><sat>7</sat></trkpt>
  <trkpt lat="30.26996510" lon="120.12064381"><ele>41.424</ele><time>2026-04-25T06:50:48Z</time><sat>7</sat></trkpt>
  <trkpt lat="30.26996485" lon="120.12064374"><ele>41.623</ele><time>2026-04-25T06:50:52Z</time><sat>5</sat></trkpt>
  <trkpt lat="30.26996474" lon="120.12064373"><ele>41.720</ele><time>2026-04-25T06:50:55Z</time><sat>5</sat></trkpt>
  <trkpt lat="30.26996479" lon="120.12064364"><ele>41.603</ele><time>2026-04-25T06:50:58Z</time><sat>5</sat></trkpt>
  <trkpt lat="30.26996463" lon="120.12064361"><ele>41.730</ele><time>2026-04-25T06:51:01Z</time><sat>5</sat></trkpt>
  <trkpt lat="30.26996451" lon="120.12064355"><ele>41.812</ele><time>2026-04-25T06:51:04Z</time><sat>5</sat></trkpt>
  <trkpt lat="30.26996437" lon="120.12064337"><ele>41.883</ele><time>2026-04-25T06:51:07Z</time><sat>5</sat></trkpt>
  <trkpt lat="30.26996396" lon="120.12064310"><ele>42.165</ele><time>2026-04-25T06:51:10Z</time><sat>5</sat></trkpt>
  <trkpt lat="30.26996369" lon="120.12064296"><ele>42.364</ele><time>2026-04-25T06:51:13Z</time><sat>4</sat></trkpt>
  <trkpt lat="30.26996351" lon="120.12064286"><ele>42.490</ele><time>2026-04-25T06:51:16Z</time><sat>4</sat></trkpt>
  <trkpt lat="30.26996317" lon="120.12064254"><ele>42.693</ele><time>2026-04-25T06:51:19Z</time><sat>4</sat></trkpt>
  <trkpt lat="30.26996280" lon="120.12064226"><ele>42.944</ele><time>2026-04-25T06:51:22Z</time><sat>4</sat></trkpt>
  <trkpt lat="30.26996269" lon="120.12064210"><ele>43.005</ele><time>2026-04-25T06:51:25Z</time><sat>4</sat></trkpt>
  <trkpt lat="30.26996241" lon="120.12064206"><ele>43.240</ele><time>2026-04-25T06:51:28Z</time><sat>5</sat></trkpt>
  <trkpt lat="30.26996222" lon="120.12064192"><ele>43.372</ele><time>2026-04-25T06:51:31Z</time><sat>6</sat></trkpt>
  <trkpt lat="30.26996206" lon="120.12064176"><ele>43.468</ele><time>2026-04-25T06:51:34Z</time><sat>6</sat></trkpt>
  <trkpt lat="30.26996202" lon="120.12064172"><ele>43.485</ele><time>2026-04-25T06:51:37Z</time><sat>5</sat></trkpt>
  <trkpt lat="30.26996204" lon="120.12064174"><ele>43.472</ele><time>2026-04-25T06:51:40Z</time><sat>4</sat></trkpt>
  <trkpt lat="30.26996204" lon="120.12064158"><ele>43.380</ele><time>2026-04-25T06:51:43Z</time><sat>4</sat></trkpt>
  <trkpt lat="30.26996191" lon="120.12064130"><ele>43.380</ele><time>2026-04-25T06:51:46Z</time><sat>4</sat></trkpt>
  <trkpt lat="30.26996181" lon="120.12064121"><ele>43.431</ele><time>2026-04-25T06:51:49Z</time><sat>4</sat></trkpt>
  <trkpt lat="30.26996184" lon="120.12064124"><ele>43.404</ele><time>2026-04-25T06:51:52Z</time><sat>4</sat></trkpt>
  <trkpt lat="30.26996179" lon="120.12064122"><ele>43.442</ele><time>2026-04-25T06:51:55Z</time><sat>4</sat></trkpt>
  <trkpt lat="30.26996178" lon="120.12064127"><ele>43.451</ele><time>2026-04-25T06:51:58Z</time><sat>4</sat></trkpt>
  <trkpt lat="30.26996179" lon="120.12064131"><ele>43.453</ele><time>2026-04-25T06:52:01Z</time><sat>4</sat></trkpt>
  <trkpt lat="30.26996178" lon="120.12064133"><ele>43.462</ele><time>2026-04-25T06:52:04Z</time><sat>4</sat></trkpt>
  <trkpt lat="30.26996176" lon="120.12064132"><ele>43.476</ele><time>2026-04-25T06:52:07Z</time><sat>4</sat></trkpt>
  <trkpt lat="30.26996165" lon="120.12064122"><ele>43.539</ele><time>2026-04-25T06:52:10Z</time><sat>4</sat></trkpt>
  <trkpt lat="30.26996168" lon="120.12064127"><ele>43.526</ele><time>2026-04-25T06:52:13Z</time><sat>4</sat></trkpt>
  <trkpt lat="30.26996172" lon="120.12064131"><ele>43.499</ele><time>2026-04-25T06:52:16Z</time><sat>4</sat></trkpt>
  <trkpt lat="30.26996173" lon="120.12064131"><ele>43.497</ele><time>2026-04-25T06:52:19Z</time><sat>4</sat></trkpt>
  <trkpt lat="30.26996159" lon="120.12064122"><ele>43.613</ele><time>2026-04-25T06:52:22Z</time><sat>4</sat></trkpt>
  <trkpt lat="30.26996148" lon="120.12064120"><ele>43.703</ele><time>2026-04-25T06:52:25Z</time><sat>4</sat></trkpt>
  <trkpt lat="30.26996149" lon="120.12064122"><ele>43.702</ele><time>2026-04-25T06:52:28Z</time><sat>4</sat></trkpt>
  <trkpt lat="30.26996151" lon="120.12064127"><ele>43.689</ele><time>2026-04-25T06:52:31Z</time><sat>4</sat></trkpt>
  <trkpt lat="30.26996153" lon="120.12064128"><ele>43.681</ele><time>2026-04-25T06:52:34Z</time><sat>4</sat></trkpt>
  <trkpt lat="30.26996142" lon="120.12064106"><ele>43.775</ele><time>2026-04-25T06:52:37Z</time><sat>4</sat></trkpt>
  <trkpt lat="30.26996144" lon="120.12064104"><ele>43.775</ele><time>2026-04-25T06:52:40Z</time><sat>4</sat></trkpt>
  <trkpt lat="30.26996146" lon="120.12064103"><ele>43.775</ele><time>2026-04-25T06:52:43Z</time><sat>4</sat></trkpt>
  <trkpt lat="30.26996141" lon="120.12064088"><ele>43.829</ele><time>2026-04-25T06:52:46Z</time><sat>4</sat></trkpt>
  <trkpt lat="30.26996127" lon="120.12064075"><ele>43.930</ele><time>2026-04-25T06:52:50Z</time><sat>4</sat></trkpt>
  <trkpt lat="30.26995886" lon="120.12063885"><ele>45.594</ele><time>2026-04-25T06:53:11Z</time><sat>4</sat></trkpt>
  <trkpt lat="30.26995866" lon="120.12063871"><ele>45.725</ele><time>2026-04-25T06:53:15Z</time><sat>4</sat></trkpt>
  <trkpt lat="30.26995838" lon="120.12063844"><ele>45.888</ele><time>2026-04-25T06:53:18Z</time><sat>4</sat></trkpt>
  <trkpt lat="30.26995800" lon="120.12063811"><ele>46.136</ele><time>2026-04-25T06:53:21Z</time><sat>4</sat></trkpt>
  <trkpt lat="30.26995772" lon="120.12063783"><ele>46.299</ele><time>2026-04-25T06:53:24Z</time><sat>4</sat></trkpt>
  <trkpt lat="30.26995755" lon="120.12063764"><ele>46.403</ele><time>2026-04-25T06:53:27Z</time><sat>4</sat></trkpt>
  <trkpt lat="30.26995729" lon="120.12063740"><ele>46.572</ele><time>2026-04-25T06:53:30Z</time><sat>4</sat></trkpt>
  <trkpt lat="30.26995678" lon="120.12063691"><ele>46.913</ele><time>2026-04-25T06:53:33Z</time><sat>4</sat></trkpt>
  <trkpt lat="30.26995649" lon="120.12063657"><ele>47.116</ele><time>2026-04-25T06:53:36Z</time><sat>4</sat></trkpt>
  <trkpt lat="30.26995628" lon="120.12063631"><ele>47.258</ele><time>2026-04-25T06:53:39Z</time><sat>4</sat></trkpt>
  <trkpt lat="30.26995622" lon="120.12063621"><ele>47.300</ele><time>2026-04-25T06:53:42Z</time></trkpt>
  <trkpt lat="30.26995598" lon="120.12063595"><ele>47.462</ele><time>2026-04-25T06:53:45Z</time></trkpt>
  <trkpt lat="30.26995585" lon="120.12063581"><ele>47.551</ele><time>2026-04-25T06:53:48Z</time></trkpt>
  <trkpt lat="30.26995571" lon="120.12063566"><ele>47.647</ele><time>2026-04-25T06:53:51Z</time><sat>5</sat></trkpt>
  <trkpt lat="30.26995552" lon="120.12063553"><ele>47.768</ele><time>2026-04-25T06:53:54Z</time><sat>5</sat></trkpt>
  <trkpt lat="30.26995542" lon="120.12063539"><ele>47.840</ele><time>2026-04-25T06:53:57Z</time><sat>5</sat></trkpt>
  <trkpt lat="30.26995532" lon="120.12063528"><ele>47.906</ele><time>2026-04-25T06:54:00Z</time><sat>5</sat></trkpt>
  <trkpt lat="30.26995528" lon="120.12063524"><ele>47.936</ele><time>2026-04-25T06:54:03Z</time><sat>5</sat></trkpt>
  <trkpt lat="30.26995514" lon="120.12063510"><ele>48.025</ele><time>2026-04-25T06:54:06Z</time><sat>6</sat></trkpt>
  <trkpt lat="30.26995494" lon="120.12063477"><ele>48.117</ele><time>2026-04-25T06:54:09Z</time><sat>5</sat></trkpt>
  <trkpt lat="30.26995481" lon="120.12063456"><ele>48.163</ele><time>2026-04-25T06:54:12Z</time><sat>5</sat></trkpt>
  <trkpt lat="30.26995477" lon="120.12063452"><ele>48.191</ele><time>2026-04-25T06:54:15Z</time><sat>5</sat></trkpt>
  <trkpt lat="30.26995469" lon="120.12063434"><ele>48.263</ele><time>2026-04-25T06:54:18Z</time><sat>5</sat></trkpt>
  <trkpt lat="30.26995463" lon="120.12063424"><ele>48.307</ele><time>2026-04-25T06:54:21Z</time><sat>6</sat></trkpt>
  <trkpt lat="30.26995452" lon="120.12063413"><ele>48.381</ele><time>2026-04-25T06:54:24Z</time><sat>5</sat></trkpt>
  <trkpt lat="30.26995442" lon="120.12063400"><ele>48.453</ele><time>2026-04-25T06:54:27Z</time><sat>6</sat></trkpt>
  <trkpt lat="30.26995436" lon="120.12063393"><ele>48.492</ele><time>2026-04-25T06:54:30Z</time><sat>6</sat></trkpt>
  <trkpt lat="30.26995434" lon="120.12063387"><ele>48.517</ele><time>2026-04-25T06:54:33Z</time><sat>7</sat></trkpt>
  <trkpt lat="30.26995426" lon="120.12063373"><ele>48.578</ele><time>2026-04-25T06:54:36Z</time><sat>7</sat></trkpt>
  <trkpt lat="30.26995421" lon="120.12063364"><ele>48.619</ele><time>2026-04-25T06:54:39Z</time><sat>5</sat></trkpt>
  <trkpt lat="30.26995408" lon="120.12063344"><ele>48.721</ele><time>2026-04-25T06:54:42Z</time><sat>5</sat></trkpt>
  <trkpt lat="30.26995392" lon="120.12063317"><ele>48.851</ele><time>2026-04-25T06:54:45Z</time><sat>5</sat></trkpt>
  <trkpt lat="30.26995369" lon="120.12063293"><ele>49.010</ele><time>2026-04-25T06:54:48Z</time><sat>6</sat></trkpt>
  <trkpt lat="30.26995341" lon="120.12063259"><ele>49.212</ele><time>2026-04-25T06:54:51Z</time><sat>4</sat></trkpt>
  <trkpt lat="30.26995339" lon="120.12063254"><ele>49.232</ele><time>2026-04-25T06:54:54Z</time><sat>4</sat></trkpt>
  <trkpt lat="30.26995325" lon="120.12063236"><ele>49.338</ele><time>2026-04-25T06:54:57Z</time><sat>5</sat></trkpt>
  <trkpt lat="30.26995306" lon="120.12063216"><ele>49.469</ele><time>2026-04-25T06:55:00Z</time><sat>3</sat></trkpt>
  <trkpt lat="30.26995281" lon="120.12063195"><ele>49.631</ele><time>2026-04-25T06:55:03Z</time><sat>5</sat></trkpt>
  <trkpt lat="30.26995259" lon="120.12063167"><ele>49.793</ele><time>2026-04-25T06:55:06Z</time><sat>4</sat></trkpt>
  <trkpt lat="30.26995246" lon="120.12063157"><ele>49.884</ele><time>2026-04-25T06:55:09Z</time><sat>5</sat></trkpt>
  <trkpt lat="30.26995245" lon="120.12063151"><ele>49.898</ele><time>2026-04-25T06:55:12Z</time><sat>4</sat></trkpt>
  <trkpt lat="30.26995234" lon="120.12063143"><ele>50.026</ele><time>2026-04-25T06:55:15Z</time><sat>4</sat></trkpt>
  <trkpt lat="30.26995221" lon="120.12063124"><ele>50.123</ele><time>2026-04-25T06:55:18Z</time><sat>4</sat></trkpt>
  <trkpt lat="30.26995201" lon="120.12063104"><ele>50.259</ele><time>2026-04-25T06:55:21Z</time><sat>4</sat></trkpt>
  <trkpt lat="30.26995192" lon="120.12063092"><ele>50.376</ele><time>2026-04-25T06:55:24Z</time><sat>4</sat></trkpt>
  <trkpt lat="30.26995184" lon="120.12063090"><ele>50.458</ele><time>2026-04-25T06:55:27Z</time><sat>4</sat></trkpt>
  <trkpt lat="30.26995161" lon="120.12063073"><ele>50.616</ele><time>2026-04-25T06:55:30Z</time><sat>4</sat></trkpt>
  <trkpt lat="30.26995145" lon="120.12063048"><ele>50.732</ele><time>2026-04-25T06:55:33Z</time><sat>4</sat></trkpt>
  <trkpt lat="30.26995126" lon="120.12063034"><ele>50.855</ele><time>2026-04-25T06:55:36Z</time><sat>5</sat></trkpt>
  <trkpt lat="30.26995089" lon="120.12063002"><ele>51.106</ele><time>2026-04-25T06:55:39Z</time><sat>6</sat></trkpt>
  <trkpt lat="30.26995080" lon="120.12062988"><ele>51.171</ele><time>2026-04-25T06:55:42Z</time><sat>6</sat></trkpt>
  <trkpt lat="30.26995069" lon="120.12062973"><ele>51.256</ele><time>2026-04-25T06:55:45Z</time><sat>5</sat></trkpt>
  <trkpt lat="30.26995063" lon="120.12062961"><ele>51.297</ele><time>2026-04-25T06:55:48Z</time><sat>5</sat></trkpt>
  <trkpt lat="30.26995048" lon="120.12062943"><ele>51.403</ele><time>2026-04-25T06:55:51Z</time><sat>5</sat></trkpt>
  <trkpt lat="30.26995007" lon="120.12062904"><ele>51.682</ele><time>2026-04-25T06:55:54Z</time><sat>5</sat></trkpt>
  <trkpt lat="30.26994990" lon="120.12062878"><ele>51.805</ele><time>2026-04-25T06:55:57Z</time><sat>4</sat></trkpt>
  <trkpt lat="30.26994970" lon="120.12062853"><ele>51.951</ele><time>2026-04-25T06:56:00Z</time><sat>5</sat></trkpt>
  <trkpt lat="30.26995033" lon="120.12062730"><ele>52.322</ele><time>2026-04-25T06:56:19Z</time><sat>3</sat></trkpt>
  <trkpt lat="30.26995024" lon="120.12062707"><ele>52.403</ele><time>2026-04-25T06:56:23Z</time><sat>5</sat></trkpt>
  <trkpt lat="30.26995133" lon="120.12062680"><ele>52.332</ele><time>2026-04-25T06:56:26Z</time></trkpt>
  <trkpt lat="30.26995127" lon="120.12062669"><ele>52.382</ele><time>2026-04-25T06:56:29Z</time></trkpt>
  <trkpt lat="30.26995120" lon="120.12062659"><ele>52.435</ele><time>2026-04-25T06:56:32Z</time></trkpt>
  <trkpt lat="30.26995117" lon="120.12062653"><ele>52.466</ele><time>2026-04-25T06:56:35Z</time><sat>3</sat></trkpt>
  <trkpt lat="30.26995104" lon="120.12062644"><ele>52.553</ele><time>2026-04-25T06:56:38Z</time><sat>3</sat></trkpt>
  <trkpt lat="30.26995102" lon="120.12062639"><ele>52.583</ele><time>2026-04-25T06:56:41Z</time><sat>3</sat></trkpt>
  <trkpt lat="30.26995092" lon="120.12062632"><ele>52.650</ele><time>2026-04-25T06:56:44Z</time><sat>4</sat></trkpt>
  <trkpt lat="30.26995087" lon="120.12062628"><ele>52.688</ele><time>2026-04-25T06:56:47Z</time><sat>4</sat></trkpt>
  <trkpt lat="30.26995088" lon="120.12062625"><ele>52.693</ele><time>2026-04-25T06:56:50Z</time><sat>4</sat></trkpt>
  <trkpt lat="30.26995086" lon="120.12062621"><ele>52.710</ele><time>2026-04-25T06:56:53Z</time><sat>4</sat></trkpt>
  <trkpt lat="30.26995300" lon="120.12062597"><ele>52.471</ele><time>2026-04-25T06:57:19Z</time><sat>5</sat></trkpt>
  <trkpt lat="30.26995301" lon="120.12062595"><ele>52.470</ele><time>2026-04-25T06:57:22Z</time><sat>5</sat></trkpt>
  <trkpt lat="30.26995303" lon="120.12062594"><ele>52.463</ele><time>2026-04-25T06:57:25Z</time><sat>5</sat></trkpt>
  <trkpt lat="30.26995302" lon="120.12062594"><ele>52.467</ele><time>2026-04-25T06:57:28Z</time><sat>5</sat></trkpt>
  <trkpt lat="30.26995304" lon="120.12062592"><ele>52.458</ele><time>2026-04-25T06:57:31Z</time><sat>5</sat></trkpt>
  <trkpt lat="30.26995307" lon="120.12062589"><ele>52.440</ele><time>2026-04-25T06:57:35Z</time><sat>5</sat></trkpt>
  <trkpt lat="30.26995402" lon="120.12062587"><ele>52.303</ele><time>2026-04-25T06:57:56Z</time><sat>5</sat></trkpt>
  <trkpt lat="30.26995400" lon="120.12062584"><ele>52.349</ele><time>2026-04-25T06:58:00Z</time><sat>5</sat></trkpt>
  <trkpt lat="30.26995485" lon="120.12062582"><ele>52.256</ele><time>2026-04-25T06:58:03Z</time><sat>5</sat></trkpt>
  <trkpt lat="30.26995485" lon="120.12062582"><ele>52.250</ele><time>2026-04-25T06:58:06Z</time><sat>5</sat></trkpt>
  <trkpt lat="30.26995486" lon="120.12062600"><ele>52.216</ele><time>2026-04-25T06:58:09Z</time><sat>5</sat></trkpt>
  <trkpt lat="30.26995483" lon="120.12062605"><ele>52.234</ele><time>2026-04-25T06:58:12Z</time><sat>5</sat></trkpt>
  <trkpt lat="30.26995472" lon="120.12062628"><ele>52.350</ele><time>2026-04-25T06:58:15Z</time><sat>5</sat></trkpt>
  <trkpt lat="30.26995457" lon="120.12062670"><ele>52.477</ele><time>2026-04-25T06:58:18Z</time><sat>5</sat></trkpt>
  <trkpt lat="30.26995456" lon="120.12062668"><ele>52.502</ele><time>2026-04-25T06:58:21Z</time><sat>5</sat></trkpt>
  <trkpt lat="30.26995458" lon="120.12062672"><ele>52.494</ele><time>2026-04-25T06:58:24Z</time><sat>5</sat></trkpt>
  <trkpt lat="30.26995453" lon="120.12062667"><ele>52.534</ele><time>2026-04-25T06:58:27Z</time><sat>5</sat></trkpt>
  <trkpt lat="30.26995508" lon="120.12062577"><ele>52.587</ele><time>2026-04-25T06:58:30Z</time><sat>5</sat></trkpt>
  <trkpt lat="30.26995502" lon="120.12062567"><ele>52.639</ele><time>2026-04-25T06:58:33Z</time><sat>5</sat></trkpt>
  <trkpt lat="30.26995497" lon="120.12062574"><ele>52.562</ele><time>2026-04-25T06:58:36Z</time><sat>5</sat></trkpt>
  <trkpt lat="30.26995498" lon="120.12062581"><ele>52.546</ele><time>2026-04-25T06:58:39Z</time><sat>7</sat></trkpt>
  <trkpt lat="30.26995481" lon="120.12062565"><ele>52.668</ele><time>2026-04-25T06:58:42Z</time><sat>7</sat></trkpt>
  <trkpt lat="30.26995471" lon="120.12062568"><ele>52.729</ele><time>2026-04-25T06:58:45Z</time><sat>6</sat></trkpt>
  <trkpt lat="30.26995434" lon="120.12062592"><ele>52.540</ele><time>2026-04-25T06:58:48Z</time><sat>7</sat></trkpt>
  <trkpt lat="30.26995434" lon="120.12062605"><ele>52.552</ele><time>2026-04-25T06:58:51Z</time><sat>5</sat></trkpt>
  <trkpt lat="30.26995423" lon="120.12062600"><ele>52.628</ele><time>2026-04-25T06:58:54Z</time><sat>7</sat></trkpt>
  <trkpt lat="30.26995418" lon="120.12062596"><ele>52.674</ele><time>2026-04-25T06:58:57Z</time><sat>9</sat></trkpt>
  <trkpt lat="30.26995415" lon="120.12062594"><ele>52.708</ele><time>2026-04-25T06:59:00Z</time><sat>8</sat></trkpt>
  <trkpt lat="30.26995414" lon="120.12062593"><ele>52.710</ele><time>2026-04-25T06:59:03Z</time><sat>5</sat></trkpt>
  <trkpt lat="30.26995422" lon="120.12062610"><ele>52.726</ele><time>2026-04-25T06:59:06Z</time><sat>6</sat></trkpt>
  <trkpt lat="30.26995424" lon="120.12062612"><ele>52.700</ele><time>2026-04-25T06:59:09Z</time><sat>6</sat></trkpt>
  <trkpt lat="30.26995427" lon="120.12062609"><ele>52.679</ele><time>2026-04-25T06:59:12Z</time><sat>5</sat></trkpt>
  <trkpt lat="30.26995430" lon="120.12062605"><ele>52.607</ele><time>2026-04-25T06:59:15Z</time><sat>6</sat></trkpt>
  <trkpt lat="30.26995423" lon="120.12062592"><ele>52.669</ele><time>2026-04-25T06:59:18Z</time><sat>5</sat></trkpt>
  <trkpt lat="30.26995423" lon="120.12062593"><ele>52.654</ele><time>2026-04-25T06:59:21Z</time><sat>5</sat></trkpt>
  <trkpt lat="30.26995425" lon="120.12062600"><ele>52.631</ele><time>2026-04-25T06:59:24Z</time><sat>4</sat></trkpt>
  <trkpt lat="30.26995425" lon="120.12062598"><ele>52.627</ele><time>2026-04-25T06:59:27Z</time><sat>4</sat></trkpt>
  <trkpt lat="30.26995422" lon="120.12062599"><ele>52.650</ele><time>2026-04-25T06:59:30Z</time><sat>5</sat></trkpt>
  <trkpt lat="30.26997760" lon="120.12059552"><ele>51.382</ele><time>2026-04-25T06:59:33Z</time><sat>6</sat></trkpt>
  <trkpt lat="30.26998209" lon="120.12067368"><ele>52.217</ele><time>2026-04-25T06:59:36Z</time><sat>5</sat></trkpt>
  <trkpt lat="30.26997652" lon="120.12066721"><ele>53.570</ele><time>2026-04-25T06:59:39Z</time><sat>5</sat></trkpt>
  <trkpt lat="30.26997267" lon="120.12068425"><ele>54.087</ele><time>2026-04-25T06:59:42Z</time><sat>4</sat></trkpt>
  <trkpt lat="30.26997415" lon="120.12070135"><ele>54.774</ele><time>2026-04-25T06:59:45Z</time><sat>4</sat></trkpt>
  <trkpt lat="30.26997115" lon="120.12071650"><ele>55.435</ele><time>2026-04-25T06:59:48Z</time><sat>4</sat></trkpt>
  <trkpt lat="30.26996862" lon="120.12073311"><ele>56.352</ele><time>2026-04-25T06:59:51Z</time><sat>5</sat></trkpt>
  <trkpt lat="30.26999343" lon="120.12072736"><ele>55.111</ele><time>2026-04-25T06:59:54Z</time><sat>5</sat></trkpt>
  <trkpt lat="30.26997812" lon="120.12072930"><ele>55.789</ele><time>2026-04-25T06:59:57Z</time><sat>5</sat></trkpt>
  <trkpt lat="30.26997834" lon="120.12072904"><ele>55.796</ele><time>2026-04-25T07:00:00Z</time><sat>5</sat></trkpt>
  <trkpt lat="30.26997873" lon="120.12073300"><ele>55.806</ele><time>2026-04-25T07:00:03Z</time><sat>4</sat></trkpt>
  <trkpt lat="30.26997491" lon="120.12073108"><ele>55.955</ele><time>2026-04-25T07:00:06Z</time><sat>4</sat></trkpt>
  <trkpt lat="30.26996904" lon="120.12073322"><ele>56.220</ele><time>2026-04-25T07:00:09Z</time><sat>4</sat></trkpt>
  <trkpt lat="30.26996903" lon="120.12073360"><ele>56.210</ele><time>2026-04-25T07:00:12Z</time><sat>3</sat></trkpt>
  <trkpt lat="30.26996845" lon="120.12073288"><ele>56.237</ele><time>2026-04-25T07:00:15Z</time><sat>3</sat></trkpt>
  <trkpt lat="30.26996570" lon="120.12073291"><ele>56.298</ele><time>2026-04-25T07:00:18Z</time><sat>3</sat></trkpt>
  <trkpt lat="30.26996579" lon="120.12073241"><ele>56.310</ele><time>2026-04-25T07:00:21Z</time><sat>3</sat></trkpt>
  <trkpt lat="30.26996897" lon="120.12073822"><ele>56.157</ele><time>2026-04-25T07:00:24Z</time><sat>3</sat></trkpt>
  <trkpt lat="30.26996405" lon="120.12074574"><ele>56.633</ele><time>2026-04-25T07:00:27Z</time><sat>3</sat></trkpt>
  <trkpt lat="30.26996095" lon="120.12074001"><ele>56.813</ele><time>2026-04-25T07:00:30Z</time><sat>3</sat></trkpt>
  <trkpt lat="30.26996066" lon="120.12073978"><ele>56.814</ele><time>2026-04-25T07:00:33Z</time><sat>3</sat></trkpt>
  <trkpt lat="30.26996130" lon="120.12074019"><ele>56.801</ele><time>2026-04-25T07:00:36Z</time><sat>3</sat></trkpt>
  <trkpt lat="30.26996430" lon="120.12074167"><ele>56.769</ele><time>2026-04-25T07:00:39Z</time><sat>3</sat></trkpt>
  <trkpt lat="30.26996640" lon="120.12074464"><ele>56.697</ele><time>2026-04-25T07:00:42Z</time><sat>3</sat></trkpt>
  <trkpt lat="30.26996611" lon="120.12074444"><ele>56.698</ele><time>2026-04-25T07:00:45Z</time><sat>3</sat></trkpt>
  <trkpt lat="30.26996275" lon="120.12074253"><ele>56.750</ele><time>2026-04-25T07:00:48Z</time><sat>3</sat></trkpt>
  <trkpt lat="30.26996352" lon="120.12074352"><ele>56.767</ele><time>2026-04-25T07:00:51Z</time><sat>3</sat></trkpt>
  <trkpt lat="30.26996471" lon="120.12074790"><ele>56.610</ele><time>2026-04-25T07:00:54Z</time><sat>3</sat></trkpt>
  <trkpt lat="30.26996089" lon="120.12074612"><ele>56.683</ele><time>2026-04-25T07:00:57Z</time><sat>3</sat></trkpt>
  <trkpt lat="30.26995594" lon="120.12074467"><ele>56.711</ele><time>2026-04-25T07:01:00Z</time><sat>3</sat></trkpt>
  <trkpt lat="30.26995557" lon="120.12074461"><ele>56.734</ele><time>2026-04-25T07:01:03Z</time><sat>3</sat></trkpt>
  <trkpt lat="30.26995561" lon="120.12074519"><ele>56.707</ele><time>2026-04-25T07:01:06Z</time><sat>3</sat></trkpt>
  <trkpt lat="30.27006726" lon="120.12078854"><ele>58.395</ele><time>2026-04-25T07:01:09Z</time><sat>3</sat></trkpt>
  <trkpt lat="30.27018071" lon="120.12087637"><ele>59.763</ele><time>2026-04-25T07:01:12Z</time><sat>3</sat></trkpt>
  <trkpt lat="30.27024145" lon="120.12089720"><ele>58.168</ele><time>2026-04-25T07:01:15Z</time><sat>3</sat></trkpt>
  <trkpt lat="30.26994748" lon="120.12077656"><ele>57.169</ele><time>2026-04-25T07:01:18Z</time><sat>16</sat></trkpt>
  <trkpt lat="30.26992756" lon="120.12070353"><ele>58.851</ele><time>2026-04-25T07:01:21Z</time><sat>16</sat></trkpt>
  <trkpt lat="30.26986193" lon="120.12066410"><ele>60.369</ele><time>2026-04-25T07:01:24Z</time><sat>16</sat></trkpt>
  <trkpt lat="30.26988391" lon="120.12066219"><ele>58.180</ele><time>2026-04-25T07:01:27Z</time><sat>16</sat></trkpt>
  <trkpt lat="30.26989423" lon="120.12066468"><ele>58.310</ele><time>2026-04-25T07:01:30Z</time><sat>16</sat></trkpt>
  <trkpt lat="30.26989308" lon="120.12065967"><ele>58.245</ele><time>2026-04-25T07:01:33Z</time><sat>16</sat></trkpt>
  <trkpt lat="30.26989082" lon="120.12066060"><ele>58.209</ele><time>2026-04-25T07:01:36Z</time><sat>14</sat></trkpt>
  <trkpt lat="30.26989074" lon="120.12066040"><ele>58.201</ele><time>2026-04-25T07:01:39Z</time><sat>11</sat></trkpt>
  <trkpt lat="30.26989095" lon="120.12066104"><ele>58.197</ele><time>2026-04-25T07:01:48Z</time><sat>11</sat></trkpt>
  <trkpt lat="30.26989083" lon="120.12066121"><ele>58.223</ele><time>2026-04-25T07:01:51Z</time><sat>12</sat></trkpt>
  <trkpt lat="30.26989063" lon="120.12066120"><ele>58.239</ele><time>2026-04-25T07:01:54Z</time><sat>4</sat></trkpt>
  <trkpt lat="30.26989080" lon="120.12066110"><ele>58.220</ele><time>2026-04-25T07:01:57Z</time><sat>4</sat></trkpt>
  <trkpt lat="30.26989063" lon="120.12066073"><ele>58.266</ele><time>2026-04-25T07:02:00Z</time><sat>4</sat></trkpt>
  <trkpt lat="30.26989054" lon="120.12066014"><ele>58.269</ele><time>2026-04-25T07:02:03Z</time><sat>4</sat></trkpt>
  <trkpt lat="30.26989011" lon="120.12065946"><ele>58.258</ele><time>2026-04-25T07:02:06Z</time><sat>4</sat></trkpt>
  <trkpt lat="30.26989023" lon="120.12065997"><ele>58.237</ele><time>2026-04-25T07:02:09Z</time><sat>4</sat></trkpt>
  <trkpt lat="30.26989011" lon="120.12065994"><ele>58.256</ele><time>2026-04-25T07:02:12Z</time><sat>4</sat></trkpt>
  <trkpt lat="30.26989013" lon="120.12065996"><ele>58.264</ele><time>2026-04-25T07:02:15Z</time><sat>4</sat></trkpt>
  <trkpt lat="30.26989013" lon="120.12065996"><ele>58.265</ele><time>2026-04-25T07:02:18Z</time><sat>4</sat></trkpt>
  <trkpt lat="30.26989010" lon="120.12065990"><ele>58.266</ele><time>2026-04-25T07:02:21Z</time><sat>4</sat></trkpt>
  <trkpt lat="30.26989013" lon="120.12065997"><ele>58.269</ele><time>2026-04-25T07:02:24Z</time><sat>4</sat></trkpt>
  <trkpt lat="30.26989010" lon="120.12065996"><ele>58.281</ele><time>2026-04-25T07:02:27Z</time><sat>4</sat></trkpt>
  <trkpt lat="30.26989005" lon="120.12065992"><ele>58.295</ele><time>2026-04-25T07:02:30Z</time><sat>4</sat></trkpt>
  <trkpt lat="30.26988982" lon="120.12065956"><ele>58.239</ele><time>2026-04-25T07:02:33Z</time><sat>4</sat></trkpt>
  <trkpt lat="30.26988972" lon="120.12065939"><ele>58.209</ele><time>2026-04-25T07:02:36Z</time><sat>4</sat></trkpt>
  <trkpt lat="30.26988971" lon="120.12065940"><ele>58.211</ele><time>2026-04-25T07:02:39Z</time><sat>5</sat></trkpt>
  <trkpt lat="30.26988972" lon="120.12065946"><ele>58.206</ele><time>2026-04-25T07:02:42Z</time><sat>5</sat></trkpt>
  <trkpt lat="30.26988959" lon="120.12065944"><ele>58.239</ele><time>2026-04-25T07:02:45Z</time><sat>5</sat></trkpt>
  <trkpt lat="30.26988957" lon="120.12065946"><ele>58.275</ele><time>2026-04-25T07:02:48Z</time><sat>9</sat></trkpt>
  <trkpt lat="30.26988936" lon="120.12065917"><ele>58.231</ele><time>2026-04-25T07:02:51Z</time><sat>9</sat></trkpt>
  <trkpt lat="30.26988939" lon="120.12065918"><ele>58.248</ele><time>2026-04-25T07:02:54Z</time><sat>9</sat></trkpt>
  <trkpt lat="30.26988918" lon="120.12065893"><ele>58.244</ele><time>2026-04-25T07:02:57Z</time><sat>6</sat></trkpt>
  <trkpt lat="30.26988869" lon="120.12065877"><ele>58.287</ele><time>2026-04-25T07:03:00Z</time><sat>7</sat></trkpt>
  <trkpt lat="30.26988858" lon="120.12065873"><ele>58.331</ele><time>2026-04-25T07:03:03Z</time><sat>9</sat></trkpt>
  <trkpt lat="30.26988843" lon="120.12065860"><ele>58.373</ele><time>2026-04-25T07:03:06Z</time><sat>8</sat></trkpt>
  <trkpt lat="30.26988814" lon="120.12065831"><ele>58.444</ele><time>2026-04-25T07:03:09Z</time><sat>7</sat></trkpt>
  <trkpt lat="30.26988872" lon="120.12065816"><ele>58.455</ele><time>2026-04-25T07:03:12Z</time><sat>9</sat></trkpt>
  <trkpt lat="30.26988883" lon="120.12065828"><ele>58.458</ele><time>2026-04-25T07:03:15Z</time><sat>7</sat></trkpt>
  <trkpt lat="30.26988877" lon="120.12065825"><ele>58.476</ele><time>2026-04-25T07:03:18Z</time><sat>4</sat></trkpt>
  <trkpt lat="30.26988865" lon="120.12065813"><ele>58.497</ele><time>2026-04-25T07:03:21Z</time><sat>5</sat></trkpt>
  <trkpt lat="30.26988861" lon="120.12065808"><ele>58.501</ele><time>2026-04-25T07:03:24Z</time><sat>6</sat></trkpt>
  <trkpt lat="30.26988847" lon="120.12065798"><ele>58.545</ele><time>2026-04-25T07:03:27Z</time><sat>6</sat></trkpt>
  <trkpt lat="30.26988846" lon="120.12065796"><ele>58.546</ele><time>2026-04-25T07:03:30Z</time><sat>7</sat></trkpt>
  <trkpt lat="30.26988844" lon="120.12065794"><ele>58.553</ele><time>2026-04-25T07:03:33Z</time><sat>8</sat></trkpt>
  <trkpt lat="30.26988812" lon="120.12065769"><ele>58.564</ele><time>2026-04-25T07:03:36Z</time><sat>7</sat></trkpt>
  <trkpt lat="30.26988803" lon="120.12065760"><ele>58.579</ele><time>2026-04-25T07:03:39Z</time><sat>7</sat></trkpt>
  <trkpt lat="30.26988808" lon="120.12065765"><ele>58.567</ele><time>2026-04-25T07:03:42Z</time><sat>7</sat></trkpt>
  <trkpt lat="30.26988810" lon="120.12065769"><ele>58.562</ele><time>2026-04-25T07:03:45Z</time><sat>6</sat></trkpt>
  <trkpt lat="30.26988802" lon="120.12065766"><ele>58.569</ele><time>2026-04-25T07:03:48Z</time><sat>7</sat></trkpt>
  <trkpt lat="30.26988798" lon="120.12065764"><ele>58.571</ele><time>2026-04-25T07:03:51Z</time><sat>7</sat></trkpt>
  <trkpt lat="30.26988797" lon="120.12065766"><ele>58.580</ele><time>2026-04-25T07:03:54Z</time><sat>7</sat></trkpt>
  <trkpt lat="30.26988787" lon="120.12065754"><ele>58.601</ele><time>2026-04-25T07:03:57Z</time><sat>7</sat></trkpt>
  <trkpt lat="30.26988739" lon="120.12065724"><ele>58.641</ele><time>2026-04-25T07:04:00Z</time><sat>7</sat></trkpt>
  <trkpt lat="30.26988743" lon="120.12065726"><ele>58.629</ele><time>2026-04-25T07:04:03Z</time><sat>7</sat></trkpt>
  <trkpt lat="30.26988737" lon="120.12065727"><ele>58.640</ele><time>2026-04-25T07:04:06Z</time><sat>7</sat></trkpt>
  <trkpt lat="30.26988737" lon="120.12065727"><ele>58.637</ele><time>2026-04-25T07:04:09Z</time><sat>7</sat></trkpt>
  <trkpt lat="30.26988783" lon="120.12065760"><ele>58.628</ele><time>2026-04-25T07:04:12Z</time><sat>7</sat></trkpt>
  <trkpt lat="30.26988777" lon="120.12065763"><ele>58.636</ele><time>2026-04-25T07:04:15Z</time><sat>7</sat></trkpt>
  <trkpt lat="30.26988777" lon="120.12065765"><ele>58.639</ele><time>2026-04-25T07:04:18Z</time><sat>7</sat></trkpt>
  <trkpt lat="30.26988777" lon="120.12065768"><ele>58.641</ele><time>2026-04-25T07:04:21Z</time><sat>7</sat></trkpt>
  <trkpt lat="30.26988755" lon="120.12065754"><ele>58.652</ele><time>2026-04-25T07:04:24Z</time><sat>7</sat></trkpt>
  <trkpt lat="30.26988755" lon="120.12065758"><ele>58.661</ele><time>2026-04-25T07:04:27Z</time><sat>7</sat></trkpt>
  <trkpt lat="30.26988754" lon="120.12065755"><ele>58.659</ele><time>2026-04-25T07:04:30Z</time><sat>7</sat></trkpt>
  <trkpt lat="30.26988755" lon="120.12065755"><ele>58.657</ele><time>2026-04-25T07:04:33Z</time><sat>7</sat></trkpt>
  <trkpt lat="30.26988763" lon="120.12065767"><ele>58.662</ele><time>2026-04-25T07:04:36Z</time><sat>7</sat></trkpt>
  <trkpt lat="30.26988764" lon="120.12065759"><ele>58.675</ele><time>2026-04-25T07:04:39Z</time><sat>7</sat></trkpt>
  <trkpt lat="30.26988781" lon="120.12065774"><ele>58.675</ele><time>2026-04-25T07:04:42Z</time><sat>7</sat></trkpt>
  <trkpt lat="30.26988781" lon="120.12065776"><ele>58.677</ele><time>2026-04-25T07:04:45Z</time><sat>7</sat></trkpt>
  <trkpt lat="30.26988781" lon="120.12065779"><ele>58.678</ele><time>2026-04-25T07:04:48Z</time><sat>7</sat></trkpt>
  <trkpt lat="30.26988786" lon="120.12065772"><ele>58.685</ele><time>2026-04-25T07:04:51Z</time><sat>7</sat></trkpt>
  <trkpt lat="30.26988778" lon="120.12065766"><ele>58.690</ele><time>2026-04-25T07:04:54Z</time><sat>7</sat></trkpt>
  <trkpt lat="30.26988777" lon="120.12065765"><ele>58.696</ele><time>2026-04-25T07:04:57Z</time><sat>7</sat></trkpt>
  <trkpt lat="30.26988772" lon="120.12065767"><ele>58.705</ele><time>2026-04-25T07:05:00Z</time><sat>7</sat></trkpt>
  <trkpt lat="30.26988803" lon="120.12065746"><ele>58.682</ele><time>2026-04-25T07:05:03Z</time><sat>7</sat></trkpt>
  <trkpt lat="30.26988758" lon="120.12065714"><ele>58.696</ele><time>2026-04-25T07:05:06Z</time><sat>7</sat></trkpt>
  <trkpt lat="30.26988759" lon="120.12065752"><ele>58.722</ele><time>2026-04-25T07:05:09Z</time><sat>9</sat></trkpt>
  <trkpt lat="30.26988755" lon="120.12065751"><ele>58.736</ele><time>2026-04-25T07:05:12Z</time><sat>8</sat></trkpt>
  <trkpt lat="30.26988759" lon="120.12065745"><ele>58.734</ele><time>2026-04-25T07:05:15Z</time><sat>8</sat></trkpt>
  <trkpt lat="30.26988786" lon="120.12065772"><ele>58.742</ele><time>2026-04-25T07:05:18Z</time><sat>8</sat></trkpt>
  <trkpt lat="30.26988784" lon="120.12065772"><ele>58.753</ele><time>2026-04-25T07:05:21Z</time><sat>8</sat></trkpt>
  <trkpt lat="30.26988785" lon="120.12065775"><ele>58.755</ele><time>2026-04-25T07:05:24Z</time><sat>8</sat></trkpt>
  <trkpt lat="30.26988825" lon="120.12065749"><ele>58.722</ele><time>2026-04-25T07:05:27Z</time><sat>6</sat></trkpt>
  <trkpt lat="30.26988832" lon="120.12065755"><ele>58.720</ele><time>2026-04-25T07:05:30Z</time><sat>6</sat></trkpt>
  <trkpt lat="30.26988832" lon="120.12065757"><ele>58.722</ele><time>2026-04-25T07:05:33Z</time><sat>6</sat></trkpt>
  <trkpt lat="30.26988831" lon="120.12065761"><ele>58.725</ele><time>2026-04-25T07:05:36Z</time><sat>6</sat></trkpt>
  <trkpt lat="30.26988888" lon="120.12065717"><ele>58.683</ele><time>2026-04-25T07:05:39Z</time><sat>5</sat></trkpt>
  <trkpt lat="30.26988887" lon="120.12065718"><ele>58.688</ele><time>2026-04-25T07:05:42Z</time><sat>5</sat></trkpt>
  <trkpt lat="30.26988885" lon="120.12065720"><ele>58.693</ele><time>2026-04-25T07:05:45Z</time><sat>5</sat></trkpt>
  <trkpt lat="30.26988883" lon="120.12065724"><ele>58.700</ele><time>2026-04-25T07:05:48Z</time><sat>5</sat></trkpt>
  <trkpt lat="30.26988881" lon="120.12065724"><ele>58.704</ele><time>2026-04-25T07:05:51Z</time><sat>5</sat></trkpt>
  <trkpt lat="30.26988880" lon="120.12065722"><ele>58.704</ele><time>2026-04-25T07:05:54Z</time><sat>7</sat></trkpt>
  <trkpt lat="30.26988879" lon="120.12065727"><ele>58.711</ele><time>2026-04-25T07:05:57Z</time><sat>6</sat></trkpt>
  <trkpt lat="30.26988876" lon="120.12065728"><ele>58.717</ele><time>2026-04-25T07:06:00Z</time><sat>6</sat></trkpt>
  <trkpt lat="30.26988872" lon="120.12065728"><ele>58.723</ele><time>2026-04-25T07:06:03Z</time><sat>7</sat></trkpt>
  <trkpt lat="30.26988873" lon="120.12065731"><ele>58.725</ele><time>2026-04-25T07:06:06Z</time><sat>7</sat></trkpt>
  <trkpt lat="30.26988872" lon="120.12065735"><ele>58.731</ele><time>2026-04-25T07:06:09Z</time><sat>6</sat></trkpt>
  <trkpt lat="30.26988871" lon="120.12065738"><ele>58.734</ele><time>2026-04-25T07:06:12Z</time><sat>7</sat></trkpt>
  <trkpt lat="30.26988870" lon="120.12065739"><ele>58.734</ele><time>2026-04-25T07:06:15Z</time><sat>7</sat></trkpt>
  <trkpt lat="30.26988870" lon="120.12065741"><ele>58.737</ele><time>2026-04-25T07:06:18Z</time><sat>7</sat></trkpt>
  <trkpt lat="30.26988871" lon="120.12065744"><ele>58.740</ele><time>2026-04-25T07:06:21Z</time><sat>7</sat></trkpt>
  <trkpt lat="30.26988869" lon="120.12065745"><ele>58.741</ele><time>2026-04-25T07:06:24Z</time><sat>7</sat></trkpt>
  <trkpt lat="30.26988868" lon="120.12065747"><ele>58.748</ele><time>2026-04-25T07:06:27Z</time><sat>7</sat></trkpt>
  <trkpt lat="30.26988865" lon="120.12065743"><ele>58.754</ele><time>2026-04-25T07:06:30Z</time><sat>7</sat></trkpt>
  <trkpt lat="30.26988863" lon="120.12065742"><ele>58.762</ele><time>2026-04-25T07:06:33Z</time><sat>7</sat></trkpt>
  <trkpt lat="30.26988860" lon="120.12065746"><ele>58.772</ele><time>2026-04-25T07:06:36Z</time><sat>7</sat></trkpt>
  <trkpt lat="30.26988858" lon="120.12065747"><ele>58.776</ele><time>2026-04-25T07:06:39Z</time><sat>7</sat></trkpt>
  <trkpt lat="30.26988854" lon="120.12065750"><ele>58.786</ele><time>2026-04-25T07:06:42Z</time><sat>7</sat></trkpt>
  <trkpt lat="30.26988856" lon="120.12065751"><ele>58.781</ele><time>2026-04-25T07:06:45Z</time><sat>7</sat></trkpt>
  <trkpt lat="30.26988850" lon="120.12065753"><ele>58.787</ele><time>2026-04-25T07:06:48Z</time><sat>7</sat></trkpt>
  <trkpt lat="30.26988849" lon="120.12065755"><ele>58.789</ele><time>2026-04-25T07:06:51Z</time><sat>7</sat></trkpt>
  <trkpt lat="30.26988850" lon="120.12065752"><ele>58.787</ele><time>2026-04-25T07:06:54Z</time><sat>7</sat></trkpt>
  <trkpt lat="30.26988852" lon="120.12065757"><ele>58.778</ele><time>2026-04-25T07:06:57Z</time><sat>7</sat></trkpt>
  <trkpt lat="30.26988856" lon="120.12065759"><ele>58.765</ele><time>2026-04-25T07:07:00Z</time><sat>7</sat></trkpt>
  <trkpt lat="30.26988854" lon="120.12065757"><ele>58.772</ele><time>2026-04-25T07:07:03Z</time><sat>7</sat></trkpt>
  <trkpt lat="30.26988858" lon="120.12065757"><ele>58.758</ele><time>2026-04-25T07:07:06Z</time><sat>7</sat></trkpt>
  <trkpt lat="30.26988857" lon="120.12065760"><ele>58.761</ele><time>2026-04-25T07:07:09Z</time><sat>7</sat></trkpt>
  <trkpt lat="30.26988901" lon="120.12065730"><ele>58.722</ele><time>2026-04-25T07:07:12Z</time><sat>7</sat></trkpt>
  <trkpt lat="30.26988972" lon="120.12065682"><ele>58.661</ele><time>2026-04-25T07:07:15Z</time><sat>7</sat></trkpt>
  <trkpt lat="30.26989002" lon="120.12065658"><ele>58.632</ele><time>2026-04-25T07:07:18Z</time><sat>7</sat></trkpt>
  <trkpt lat="30.26989000" lon="120.12065661"><ele>58.638</ele><time>2026-04-25T07:07:21Z</time><sat>7</sat></trkpt>
  <trkpt lat="30.26988996" lon="120.12065661"><ele>58.644</ele><time>2026-04-25T07:07:24Z</time><sat>7</sat></trkpt>
  <trkpt lat="30.26988994" lon="120.12065659"><ele>58.645</ele><time>2026-04-25T07:07:27Z</time><sat>7</sat></trkpt>
  <trkpt lat="30.26989004" lon="120.12065654"><ele>58.640</ele><time>2026-04-25T07:07:30Z</time><sat>7</sat></trkpt>
  <trkpt lat="30.26989006" lon="120.12065652"><ele>58.638</ele><time>2026-04-25T07:07:33Z</time><sat>7</sat></trkpt>
  <trkpt lat="30.26989008" lon="120.12065651"><ele>58.638</ele><time>2026-04-25T07:07:36Z</time><sat>7</sat></trkpt>
  <trkpt lat="30.26989011" lon="120.12065659"><ele>58.636</ele><time>2026-04-25T07:07:39Z</time><sat>7</sat></trkpt>
  <trkpt lat="30.26989016" lon="120.12065663"><ele>58.630</ele><time>2026-04-25T07:07:42Z</time><sat>7</sat></trkpt>
  <trkpt lat="30.26989020" lon="120.12065667"><ele>58.627</ele><time>2026-04-25T07:07:45Z</time><sat>7</sat></trkpt>
  <trkpt lat="30.26989019" lon="120.12065664"><ele>58.626</ele><time>2026-04-25T07:07:48Z</time><sat>7</sat></trkpt>
  <trkpt lat="30.26989048" lon="120.12065718"><ele>58.605</ele><time>2026-04-25T07:07:51Z</time><sat>7</sat></trkpt>
  <trkpt lat="30.26989053" lon="120.12065723"><ele>58.605</ele><time>2026-04-25T07:07:54Z</time><sat>7</sat></trkpt>
  <trkpt lat="30.26989055" lon="120.12065726"><ele>58.606</ele><time>2026-04-25T07:07:57Z</time><sat>7</sat></trkpt>
  <trkpt lat="30.26989100" lon="120.12065749"><ele>58.575</ele><time>2026-04-25T07:08:00Z</time><sat>7</sat></trkpt>
  <trkpt lat="30.26989121" lon="120.12065791"><ele>58.553</ele><time>2026-04-25T07:08:09Z</time><sat>5</sat></trkpt>
  <trkpt lat="30.26989123" lon="120.12065793"><ele>58.551</ele><time>2026-04-25T07:08:12Z</time><sat>4</sat></trkpt>
  <trkpt lat="30.26989124" lon="120.12065794"><ele>58.550</ele><time>2026-04-25T07:08:15Z</time><sat>5</sat></trkpt>
  <trkpt lat="30.26989074" lon="120.12065788"><ele>58.582</ele><time>2026-04-25T07:08:18Z</time><sat>5</sat></trkpt>
  <trkpt lat="30.26989073" lon="120.12065789"><ele>58.582</ele><time>2026-04-25T07:08:21Z</time><sat>6</sat></trkpt>
  <trkpt lat="30.26989074" lon="120.12065789"><ele>58.579</ele><time>2026-04-25T07:08:24Z</time><sat>7</sat></trkpt>
  <trkpt lat="30.26989075" lon="120.12065790"><ele>58.579</ele><time>2026-04-25T07:08:27Z</time><sat>7</sat></trkpt>
  <trkpt lat="30.26989075" lon="120.12065790"><ele>58.578</ele><time>2026-04-25T07:08:30Z</time><sat>5</sat></trkpt>
  <trkpt lat="30.26989074" lon="120.12065789"><ele>58.579</ele><time>2026-04-25T07:08:33Z</time><sat>5</sat></trkpt>
  <trkpt lat="30.26989075" lon="120.12065790"><ele>58.579</ele><time>2026-04-25T07:08:36Z</time><sat>5</sat></trkpt>
  <trkpt lat="30.26989274" lon="120.12065797"><ele>58.584</ele><time>2026-04-25T07:08:39Z</time><sat>7</sat></trkpt>
  <trkpt lat="30.26989298" lon="120.12065801"><ele>58.583</ele><time>2026-04-25T07:08:42Z</time><sat>7</sat></trkpt>
  <trkpt lat="30.26989303" lon="120.12065800"><ele>58.582</ele><time>2026-04-25T07:08:45Z</time><sat>5</sat></trkpt>
  <trkpt lat="30.26989460" lon="120.12065838"><ele>58.540</ele><time>2026-04-25T07:08:48Z</time><sat>5</sat></trkpt>
  <trkpt lat="30.26989493" lon="120.12065841"><ele>58.540</ele><time>2026-04-25T07:08:51Z</time><sat>5</sat></trkpt>
  <trkpt lat="30.26989528" lon="120.12065846"><ele>58.537</ele><time>2026-04-25T07:08:54Z</time><sat>5</sat></trkpt>
  <trkpt lat="30.26989548" lon="120.12065848"><ele>58.535</ele><time>2026-04-25T07:08:57Z</time><sat>6</sat></trkpt>
  <trkpt lat="30.26989563" lon="120.12065850"><ele>58.534</ele><time>2026-04-25T07:09:00Z</time><sat>8</sat></trkpt>
  <trkpt lat="30.26989573" lon="120.12065851"><ele>58.534</ele><time>2026-04-25T07:09:03Z</time><sat>6</sat></trkpt>
  <trkpt lat="30.26989572" lon="120.12065850"><ele>58.535</ele><time>2026-04-25T07:09:06Z</time><sat>5</sat></trkpt>
  <trkpt lat="30.26989572" lon="120.12065850"><ele>58.536</ele><time>2026-04-25T07:09:09Z</time><sat>7</sat></trkpt>
  <trkpt lat="30.26989569" lon="120.12065854"><ele>58.544</ele><time>2026-04-25T07:09:12Z</time><sat>7</sat></trkpt>
  <trkpt lat="30.26989582" lon="120.12065861"><ele>58.528</ele><time>2026-04-25T07:09:15Z</time><sat>3</sat></trkpt>
  <trkpt lat="30.26989580" lon="120.12065861"><ele>58.534</ele><time>2026-04-25T07:09:18Z</time><sat>3</sat></trkpt>
  <trkpt lat="30.26989579" lon="120.12065862"><ele>58.537</ele><time>2026-04-25T07:09:21Z</time><sat>8</sat></trkpt>
  <trkpt lat="30.26989577" lon="120.12065846"><ele>58.535</ele><time>2026-04-25T07:09:24Z</time><sat>8</sat></trkpt>
  <trkpt lat="30.26989574" lon="120.12065830"><ele>58.536</ele><time>2026-04-25T07:09:27Z</time><sat>7</sat></trkpt>
  <trkpt lat="30.26989566" lon="120.12065827"><ele>58.548</ele><time>2026-04-25T07:09:30Z</time><sat>6</sat></trkpt>
  <trkpt lat="30.26989567" lon="120.12065831"><ele>58.548</ele><time>2026-04-25T07:09:33Z</time><sat>6</sat></trkpt>
  <trkpt lat="30.26989619" lon="120.12065816"><ele>58.545</ele><time>2026-04-25T07:09:36Z</time><sat>9</sat></trkpt>
  <trkpt lat="30.26989617" lon="120.12065815"><ele>58.545</ele><time>2026-04-25T07:09:39Z</time><sat>11</sat></trkpt>
  <trkpt lat="30.26989621" lon="120.12065824"><ele>58.541</ele><time>2026-04-25T07:09:42Z</time><sat>10</sat></trkpt>
  <trkpt lat="30.26989627" lon="120.12065830"><ele>58.537</ele><time>2026-04-25T07:09:45Z</time><sat>10</sat></trkpt>
  <trkpt lat="30.26989618" lon="120.12065824"><ele>58.546</ele><time>2026-04-25T07:09:48Z</time><sat>10</sat></trkpt>
  <trkpt lat="30.26989618" lon="120.12065826"><ele>58.545</ele><time>2026-04-25T07:09:51Z</time><sat>8</sat></trkpt>
  <trkpt lat="30.26989588" lon="120.12065832"><ele>58.555</ele><time>2026-04-25T07:09:54Z</time><sat>8</sat></trkpt>
  <trkpt lat="30.26989583" lon="120.12065833"><ele>58.559</ele><time>2026-04-25T07:09:57Z</time><sat>8</sat></trkpt>
  <trkpt lat="30.26989583" lon="120.12065838"><ele>58.559</ele><time>2026-04-25T07:10:00Z</time><sat>8</sat></trkpt>
  <trkpt lat="30.26989583" lon="120.12065838"><ele>58.559</ele><time>2026-04-25T07:10:03Z</time><sat>7</sat></trkpt>
  <trkpt lat="30.26989549" lon="120.12065846"><ele>58.566</ele><time>2026-04-25T07:10:06Z</time><sat>11</sat></trkpt>
  <trkpt lat="30.26989547" lon="120.12065848"><ele>58.569</ele><time>2026-04-25T07:10:09Z</time><sat>11</sat></trkpt>
  <trkpt lat="30.26989547" lon="120.12065849"><ele>58.569</ele><time>2026-04-25T07:10:12Z</time><sat>10</sat></trkpt>
  <trkpt lat="30.26989544" lon="120.12065850"><ele>58.574</ele><time>2026-04-25T07:10:15Z</time><sat>7</sat></trkpt>
  <trkpt lat="30.26989546" lon="120.12065847"><ele>58.569</ele><time>2026-04-25T07:10:18Z</time><sat>7</sat></trkpt>
  <trkpt lat="30.26989540" lon="120.12065846"><ele>58.578</ele><time>2026-04-25T07:10:21Z</time><sat>8</sat></trkpt>
  <trkpt lat="30.26989536" lon="120.12065841"><ele>58.584</ele><time>2026-04-25T07:10:24Z</time><sat>8</sat></trkpt>
  <trkpt lat="30.26989535" lon="120.12065838"><ele>58.583</ele><time>2026-04-25T07:10:27Z</time><sat>8</sat></trkpt>
  <trkpt lat="30.26989528" lon="120.12065832"><ele>58.596</ele><time>2026-04-25T07:10:30Z</time><sat>8</sat></trkpt>
  <trkpt lat="30.26989524" lon="120.12065828"><ele>58.600</ele><time>2026-04-25T07:10:33Z</time><sat>7</sat></trkpt>
  <trkpt lat="30.26989527" lon="120.12065834"><ele>58.602</ele><time>2026-04-25T07:10:36Z</time><sat>7</sat></trkpt>
  <trkpt lat="30.26989528" lon="120.12065836"><ele>58.601</ele><time>2026-04-25T07:10:39Z</time><sat>7</sat></trkpt>
  <trkpt lat="30.26989527" lon="120.12065834"><ele>58.605</ele><time>2026-04-25T07:10:42Z</time><sat>7</sat></trkpt>
  <trkpt lat="30.26989527" lon="120.12065835"><ele>58.605</ele><time>2026-04-25T07:10:45Z</time><sat>7</sat></trkpt>
  <trkpt lat="30.26989529" lon="120.12065837"><ele>58.606</ele><time>2026-04-25T07:10:48Z</time><sat>7</sat></trkpt>
  <trkpt lat="30.26989527" lon="120.12065835"><ele>58.607</ele><time>2026-04-25T07:10:51Z</time><sat>7</sat></trkpt>
  <trkpt lat="30.26989522" lon="120.12065829"><ele>58.619</ele><time>2026-04-25T07:10:54Z</time><sat>7</sat></trkpt>
  <trkpt lat="30.26989520" lon="120.12065830"><ele>58.623</ele><time>2026-04-25T07:10:57Z</time><sat>7</sat></trkpt>
  <trkpt lat="30.26989518" lon="120.12065827"><ele>58.629</ele><time>2026-04-25T07:11:00Z</time><sat>7</sat></trkpt>
  <trkpt lat="30.26989517" lon="120.12065825"><ele>58.635</ele><time>2026-04-25T07:11:03Z</time><sat>7</sat></trkpt>
  <trkpt lat="30.26989516" lon="120.12065823"><ele>58.634</ele><time>2026-04-25T07:11:06Z</time><sat>7</sat></trkpt>
  <trkpt lat="30.26989516" lon="120.12065822"><ele>58.634</ele><time>2026-04-25T07:11:09Z</time><sat>6</sat></trkpt>
  <trkpt lat="30.26989514" lon="120.12065825"><ele>58.640</ele><time>2026-04-25T07:11:12Z</time><sat>6</sat></trkpt>
  <trkpt lat="30.26989515" lon="120.12065823"><ele>58.642</ele><time>2026-04-25T07:11:15Z</time><sat>7</sat></trkpt>
  <trkpt lat="30.26989512" lon="120.12065822"><ele>58.648</ele><time>2026-04-25T07:11:18Z</time><sat>5</sat></trkpt>
  <trkpt lat="30.26989570" lon="120.12065822"><ele>58.464</ele><time>2026-04-25T07:11:21Z</time><sat>8</sat></trkpt>
  <trkpt lat="30.26989568" lon="120.12065820"><ele>58.466</ele><time>2026-04-25T07:11:24Z</time><sat>9</sat></trkpt>
  <trkpt lat="30.26989568" lon="120.12065820"><ele>58.469</ele><time>2026-04-25T07:11:27Z</time><sat>9</sat></trkpt>
  <trkpt lat="30.26989573" lon="120.12065826"><ele>58.463</ele><time>2026-04-25T07:11:30Z</time><sat>7</sat></trkpt>
  <trkpt lat="30.26989574" lon="120.12065831"><ele>58.464</ele><time>2026-04-25T07:11:33Z</time><sat>4</sat></trkpt>
  <trkpt lat="30.26989574" lon="120.12065828"><ele>58.465</ele><time>2026-04-25T07:11:36Z</time><sat>5</sat></trkpt>
  <trkpt lat="30.26989574" lon="120.12065831"><ele>58.467</ele><time>2026-04-25T07:11:39Z</time><sat>8</sat></trkpt>
  <trkpt lat="30.26989574" lon="120.12065831"><ele>58.467</ele><time>2026-04-25T07:11:42Z</time><sat>8</sat></trkpt>
  <trkpt lat="30.26989574" lon="120.12065833"><ele>58.469</ele><time>2026-04-25T07:11:45Z</time><sat>8</sat></trkpt>
  <trkpt lat="30.26989575" lon="120.12065836"><ele>58.469</ele><time>2026-04-25T07:11:48Z</time><sat>8</sat></trkpt>
  <trkpt lat="30.26989579" lon="120.12065840"><ele>58.465</ele><time>2026-04-25T07:11:51Z</time><sat>6</sat></trkpt>
  <trkpt lat="30.26989523" lon="120.12065838"><ele>58.644</ele><time>2026-04-25T07:11:54Z</time><sat>6</sat></trkpt>
  <trkpt lat="30.26989524" lon="120.12065843"><ele>58.645</ele><time>2026-04-25T07:11:57Z</time><sat>6</sat></trkpt>
  <trkpt lat="30.26989526" lon="120.12065852"><ele>58.645</ele><time>2026-04-25T07:12:00Z</time><sat>6</sat></trkpt>
  <trkpt lat="30.26989434" lon="120.12065838"><ele>58.937</ele><time>2026-04-25T07:12:03Z</time><sat>6</sat></trkpt>
  <trkpt lat="30.26989433" lon="120.12065843"><ele>58.946</ele><time>2026-04-25T07:12:06Z</time><sat>6</sat></trkpt>
  <trkpt lat="30.26989434" lon="120.12065847"><ele>58.950</ele><time>2026-04-25T07:12:09Z</time><sat>6</sat></trkpt>
  <trkpt lat="30.26989433" lon="120.12065850"><ele>58.955</ele><time>2026-04-25T07:12:12Z</time><sat>6</sat></trkpt>
  <trkpt lat="30.26989433" lon="120.12065853"><ele>58.960</ele><time>2026-04-25T07:12:15Z</time><sat>7</sat></trkpt>
  <trkpt lat="30.26989432" lon="120.12065852"><ele>58.964</ele><time>2026-04-25T07:12:18Z</time><sat>6</sat></trkpt>
  <trkpt lat="30.26989430" lon="120.12065851"><ele>58.969</ele><time>2026-04-25T07:12:21Z</time><sat>6</sat></trkpt>
  <trkpt lat="30.26989428" lon="120.12065850"><ele>58.974</ele><time>2026-04-25T07:12:24Z</time><sat>7</sat></trkpt>
  <trkpt lat="30.26989429" lon="120.12065851"><ele>58.975</ele><time>2026-04-25T07:12:27Z</time><sat>7</sat></trkpt>
  <trkpt lat="30.26989429" lon="120.12065853"><ele>58.978</ele><time>2026-04-25T07:12:30Z</time><sat>6</sat></trkpt>
  <trkpt lat="30.26989429" lon="120.12065854"><ele>58.978</ele><time>2026-04-25T07:12:33Z</time><sat>6</sat></trkpt>
  <trkpt lat="30.26989429" lon="120.12065854"><ele>58.978</ele><time>2026-04-25T07:12:36Z</time><sat>6</sat></trkpt>
  <trkpt lat="30.26989428" lon="120.12065855"><ele>58.980</ele><time>2026-04-25T07:12:39Z</time><sat>7</sat></trkpt>
  <trkpt lat="30.26989427" lon="120.12065857"><ele>58.983</ele><time>2026-04-25T07:12:42Z</time><sat>7</sat></trkpt>
  <trkpt lat="30.26989424" lon="120.12065849"><ele>58.995</ele><time>2026-04-25T07:12:45Z</time><sat>6</sat></trkpt>
  <trkpt lat="30.26989417" lon="120.12065845"><ele>59.009</ele><time>2026-04-25T07:12:48Z</time><sat>6</sat></trkpt>
  <trkpt lat="30.26989417" lon="120.12065847"><ele>59.011</ele><time>2026-04-25T07:12:51Z</time><sat>6</sat></trkpt>
  <trkpt lat="30.26989402" lon="120.12065844"><ele>59.043</ele><time>2026-04-25T07:12:54Z</time><sat>8</sat></trkpt>
  <trkpt lat="30.26989378" lon="120.12065844"><ele>59.094</ele><time>2026-04-25T07:12:57Z</time><sat>8</sat></trkpt>
  <trkpt lat="30.26989357" lon="120.12065843"><ele>59.141</ele><time>2026-04-25T07:13:00Z</time><sat>9</sat></trkpt>
  <trkpt lat="30.26989340" lon="120.12065842"><ele>59.178</ele><time>2026-04-25T07:13:03Z</time><sat>7</sat></trkpt>
  <trkpt lat="30.26989335" lon="120.12065840"><ele>59.187</ele><time>2026-04-25T07:13:06Z</time><sat>5</sat></trkpt>
  <trkpt lat="30.26989323" lon="120.12065838"><ele>59.215</ele><time>2026-04-25T07:13:09Z</time><sat>5</sat></trkpt>
  <trkpt lat="30.26989311" lon="120.12065840"><ele>59.240</ele><time>2026-04-25T07:13:12Z</time><sat>9</sat></trkpt>
  <trkpt lat="30.26989297" lon="120.12065846"><ele>59.271</ele><time>2026-04-25T07:13:15Z</time><sat>9</sat></trkpt>
  <trkpt lat="30.26989283" lon="120.12065852"><ele>59.302</ele><time>2026-04-25T07:13:18Z</time><sat>9</sat></trkpt>
  <trkpt lat="30.26989261" lon="120.12065863"><ele>59.352</ele><time>2026-04-25T07:13:21Z</time><sat>9</sat></trkpt>
  <trkpt lat="30.26989254" lon="120.12065871"><ele>59.370</ele><time>2026-04-25T07:13:24Z</time><sat>9</sat></trkpt>
  <trkpt lat="30.26989250" lon="120.12065878"><ele>59.380</ele><time>2026-04-25T07:13:27Z</time><sat>9</sat></trkpt>
  <trkpt lat="30.26989595" lon="120.12065886"><ele>59.087</ele><time>2026-04-25T07:13:46Z</time><sat>9</sat></trkpt>
  <trkpt lat="30.26989568" lon="120.12065898"><ele>59.148</ele><time>2026-04-25T07:13:50Z</time><sat>9</sat></trkpt>
  <trkpt lat="30.26989900" lon="120.12065885"><ele>58.825</ele><time>2026-04-25T07:13:53Z</time><sat>9</sat></trkpt>
  <trkpt lat="30.26989901" lon="120.12065915"><ele>58.841</ele><time>2026-04-25T07:13:56Z</time><sat>9</sat></trkpt>
  <trkpt lat="30.26989879" lon="120.12065922"><ele>58.892</ele><time>2026-04-25T07:13:59Z</time><sat>9</sat></trkpt>
  <trkpt lat="30.26989876" lon="120.12065928"><ele>58.900</ele><time>2026-04-25T07:14:02Z</time><sat>9</sat></trkpt>
  <trkpt lat="30.26989870" lon="120.12065934"><ele>58.916</ele><time>2026-04-25T07:14:05Z</time><sat>5</sat></trkpt>
  <trkpt lat="30.26989866" lon="120.12065972"><ele>58.950</ele><time>2026-04-25T07:14:08Z</time><sat>7</sat></trkpt>
  <trkpt lat="30.26989854" lon="120.12065976"><ele>58.977</ele><time>2026-04-25T07:14:11Z</time><sat>6</sat></trkpt>
  <trkpt lat="30.26989852" lon="120.12065979"><ele>58.982</ele><time>2026-04-25T07:14:14Z</time><sat>6</sat></trkpt>
  <trkpt lat="30.26989831" lon="120.12065986"><ele>59.031</ele><time>2026-04-25T07:14:17Z</time><sat>6</sat></trkpt>
  <trkpt lat="30.26989829" lon="120.12065987"><ele>59.034</ele><time>2026-04-25T07:14:20Z</time><sat>5</sat></trkpt>
  <trkpt lat="30.26989827" lon="120.12065988"><ele>59.039</ele><time>2026-04-25T07:14:23Z</time><sat>5</sat></trkpt>
  <trkpt lat="30.26989824" lon="120.12065991"><ele>59.046</ele><time>2026-04-25T07:14:26Z</time><sat>5</sat></trkpt>
  <trkpt lat="30.26989824" lon="120.12065990"><ele>59.046</ele><time>2026-04-25T07:14:29Z</time><sat>4</sat></trkpt>
  <trkpt lat="30.26989823" lon="120.12065992"><ele>59.048</ele><time>2026-04-25T07:14:32Z</time><sat>4</sat></trkpt>
  <trkpt lat="30.26989818" lon="120.12065992"><ele>59.060</ele><time>2026-04-25T07:14:35Z</time><sat>4</sat></trkpt>
  <trkpt lat="30.26989811" lon="120.12065993"><ele>59.074</ele><time>2026-04-25T07:14:38Z</time><sat>4</sat></trkpt>
  <trkpt lat="30.26990397" lon="120.12065937"><ele>58.525</ele><time>2026-04-25T07:15:04Z</time></trkpt>
  <trkpt lat="30.26990399" lon="120.12065934"><ele>58.520</ele><time>2026-04-25T07:15:07Z</time></trkpt>
  <trkpt lat="30.26990400" lon="120.12065933"><ele>58.518</ele><time>2026-04-25T07:15:10Z</time><sat>4</sat></trkpt>
  <trkpt lat="30.26990400" lon="120.12065934"><ele>58.517</ele><time>2026-04-25T07:15:13Z</time><sat>2</sat></trkpt>
  <trkpt lat="30.26990401" lon="120.12065933"><ele>58.516</ele><time>2026-04-25T07:15:16Z</time><sat>2</sat></trkpt>
  <trkpt lat="30.26990403" lon="120.12065931"><ele>58.513</ele><time>2026-04-25T07:15:19Z</time><sat>2</sat></trkpt>
  <trkpt lat="30.26990403" lon="120.12065929"><ele>58.510</ele><time>2026-04-25T07:15:22Z</time><sat>5</sat></trkpt>
  <trkpt lat="30.26990404" lon="120.12065928"><ele>58.510</ele><time>2026-04-25T07:15:25Z</time><sat>5</sat></trkpt>
  <trkpt lat="30.26990401" lon="120.12065931"><ele>58.516</ele><time>2026-04-25T07:15:28Z</time><sat>5</sat></trkpt>
  <trkpt lat="30.26990402" lon="120.12065929"><ele>58.514</ele><time>2026-04-25T07:15:31Z</time><sat>5</sat></trkpt>
  <trkpt lat="30.26990401" lon="120.12065930"><ele>58.518</ele><time>2026-04-25T07:15:34Z</time><sat>5</sat></trkpt>
  <trkpt lat="30.26990399" lon="120.12065932"><ele>58.523</ele><time>2026-04-25T07:15:37Z</time><sat>5</sat></trkpt>
  <trkpt lat="30.26990396" lon="120.12065932"><ele>58.530</ele><time>2026-04-25T07:15:40Z</time><sat>5</sat></trkpt>
  <trkpt lat="30.26990392" lon="120.12065932"><ele>58.538</ele><time>2026-04-25T07:15:43Z</time><sat>5</sat></trkpt>
  <trkpt lat="30.26990390" lon="120.12065930"><ele>58.542</ele><time>2026-04-25T07:15:46Z</time><sat>5</sat></trkpt>
  <trkpt lat="30.26990384" lon="120.12065930"><ele>58.557</ele><time>2026-04-25T07:15:49Z</time><sat>5</sat></trkpt>
  <trkpt lat="30.26990378" lon="120.12065931"><ele>58.573</ele><time>2026-04-25T07:15:52Z</time><sat>5</sat></trkpt>
  <trkpt lat="30.26990374" lon="120.12065931"><ele>58.581</ele><time>2026-04-25T07:15:55Z</time><sat>6</sat></trkpt>
  <trkpt lat="30.26990374" lon="120.12065931"><ele>58.580</ele><time>2026-04-25T07:15:58Z</time><sat>6</sat></trkpt>
  <trkpt lat="30.26990373" lon="120.12065932"><ele>58.585</ele><time>2026-04-25T07:16:01Z</time><sat>4</sat></trkpt>
  <trkpt lat="30.26990371" lon="120.12065933"><ele>58.588</ele><time>2026-04-25T07:16:04Z</time><sat>4</sat></trkpt>
  <trkpt lat="30.26990375" lon="120.12065927"><ele>58.581</ele><time>2026-04-25T07:16:07Z</time><sat>5</sat></trkpt>
  <trkpt lat="30.26990371" lon="120.12065930"><ele>58.591</ele><time>2026-04-25T07:16:10Z</time><sat>5</sat></trkpt>
  <trkpt lat="30.26990371" lon="120.12065930"><ele>58.592</ele><time>2026-04-25T07:16:13Z</time><sat>5</sat></trkpt>
  <trkpt lat="30.26990370" lon="120.12065930"><ele>58.595</ele><time>2026-04-25T07:16:16Z</time><sat>5</sat></trkpt>
  <trkpt lat="30.26990368" lon="120.12065930"><ele>58.598</ele><time>2026-04-25T07:16:19Z</time><sat>5</sat></trkpt>
  <trkpt lat="30.26990369" lon="120.12065930"><ele>58.597</ele><time>2026-04-25T07:16:22Z</time><sat>5</sat></trkpt>
  <trkpt lat="30.26990369" lon="120.12065930"><ele>58.597</ele><time>2026-04-25T07:16:25Z</time><sat>5</sat></trkpt>
  <trkpt lat="30.26990366" lon="120.12065932"><ele>58.603</ele><time>2026-04-25T07:16:28Z</time><sat>5</sat></trkpt>
  <trkpt lat="30.26990362" lon="120.12065934"><ele>58.613</ele><time>2026-04-25T07:16:31Z</time><sat>5</sat></trkpt>
  <trkpt lat="30.26990363" lon="120.12065934"><ele>58.612</ele><time>2026-04-25T07:16:34Z</time><sat>5</sat></trkpt>
  <trkpt lat="30.26990363" lon="120.12065934"><ele>58.611</ele><time>2026-04-25T07:16:37Z</time><sat>5</sat></trkpt>
  <trkpt lat="30.26990360" lon="120.12065935"><ele>58.618</ele><time>2026-04-25T07:16:40Z</time><sat>5</sat></trkpt>
  <trkpt lat="30.26990358" lon="120.12065938"><ele>58.624</ele><time>2026-04-25T07:16:43Z</time><sat>5</sat></trkpt>
  <trkpt lat="30.26990358" lon="120.12065936"><ele>58.623</ele><time>2026-04-25T07:16:46Z</time><sat>6</sat></trkpt>
  <trkpt lat="30.26990353" lon="120.12065937"><ele>58.637</ele><time>2026-04-25T07:16:49Z</time><sat>6</sat></trkpt>
  <trkpt lat="30.26990347" lon="120.12065940"><ele>58.651</ele><time>2026-04-25T07:16:52Z</time><sat>6</sat></trkpt>
  <trkpt lat="30.26990336" lon="120.12065944"><ele>58.678</ele><time>2026-04-25T07:16:55Z</time><sat>6</sat></trkpt>
  <trkpt lat="30.26990336" lon="120.12065944"><ele>58.678</ele><time>2026-04-25T07:16:58Z</time><sat>3</sat></trkpt>
  <trkpt lat="30.26990331" lon="120.12065947"><ele>58.689</ele><time>2026-04-25T07:17:01Z</time><sat>3</sat></trkpt>
  <trkpt lat="30.26990332" lon="120.12065947"><ele>58.688</ele><time>2026-04-25T07:17:04Z</time><sat>3</sat></trkpt>
  <trkpt lat="30.26990327" lon="120.12065949"><ele>58.699</ele><time>2026-04-25T07:17:07Z</time><sat>3</sat></trkpt>
  <trkpt lat="30.26990322" lon="120.12065952"><ele>58.711</ele><time>2026-04-25T07:17:10Z</time><sat>5</sat></trkpt>
  <trkpt lat="30.26990306" lon="120.12065961"><ele>58.750</ele><time>2026-04-25T07:17:13Z</time><sat>6</sat></trkpt>
  <trkpt lat="30.26990296" lon="120.12065965"><ele>58.773</ele><time>2026-04-25T07:17:16Z</time><sat>5</sat></trkpt>
  <trkpt lat="30.26990285" lon="120.12065971"><ele>58.801</ele><time>2026-04-25T07:17:19Z</time><sat>5</sat></trkpt>
  <trkpt lat="30.26990277" lon="120.12065975"><ele>58.819</ele><time>2026-04-25T07:17:22Z</time><sat>4</sat></trkpt>
  <trkpt lat="30.26990274" lon="120.12065976"><ele>58.828</ele><time>2026-04-25T07:17:25Z</time><sat>5</sat></trkpt>
  <trkpt lat="30.26990268" lon="120.12065979"><ele>58.841</ele><time>2026-04-25T07:17:28Z</time><sat>5</sat></trkpt>
  <trkpt lat="30.26990262" lon="120.12065981"><ele>58.855</ele><time>2026-04-25T07:17:31Z</time><sat>5</sat></trkpt>
  <trkpt lat="30.26990259" lon="120.12065983"><ele>58.864</ele><time>2026-04-25T07:17:34Z</time><sat>5</sat></trkpt>
  <trkpt lat="30.26990254" lon="120.12065985"><ele>58.875</ele><time>2026-04-25T07:17:37Z</time><sat>4</sat></trkpt>
  <trkpt lat="30.26990251" lon="120.12065985"><ele>58.882</ele><time>2026-04-25T07:17:40Z</time><sat>4</sat></trkpt>
  <trkpt lat="30.26990236" lon="120.12065991"><ele>58.917</ele><time>2026-04-25T07:17:43Z</time><sat>5</sat></trkpt>
  <trkpt lat="30.26990218" lon="120.12065997"><ele>58.959</ele><time>2026-04-25T07:17:46Z</time><sat>5</sat></trkpt>
  <trkpt lat="30.26990198" lon="120.12066004"><ele>59.007</ele><time>2026-04-25T07:17:49Z</time><sat>6</sat></trkpt>
  <trkpt lat="30.26990176" lon="120.12066010"><ele>59.057</ele><time>2026-04-25T07:17:52Z</time><sat>6</sat></trkpt>
  <trkpt lat="30.26990159" lon="120.12066016"><ele>59.098</ele><time>2026-04-25T07:17:55Z</time><sat>6</sat></trkpt>
  <trkpt lat="30.26990150" lon="120.12066019"><ele>59.119</ele><time>2026-04-25T07:17:58Z</time><sat>6</sat></trkpt>
  <trkpt lat="30.26990131" lon="120.12066027"><ele>59.165</ele><time>2026-04-25T07:18:01Z</time><sat>6</sat></trkpt>
  <trkpt lat="30.26990118" lon="120.12066032"><ele>59.195</ele><time>2026-04-25T07:18:04Z</time><sat>6</sat></trkpt>
  <trkpt lat="30.26990104" lon="120.12066038"><ele>59.229</ele><time>2026-04-25T07:18:07Z</time><sat>6</sat></trkpt>
  <trkpt lat="30.26990093" lon="120.12066043"><ele>59.256</ele><time>2026-04-25T07:18:10Z</time><sat>6</sat></trkpt>
  <trkpt lat="30.26990328" lon="120.12066027"><ele>59.097</ele><time>2026-04-25T07:18:29Z</time><sat>6</sat></trkpt>
  <trkpt lat="30.26990317" lon="120.12066029"><ele>59.120</ele><time>2026-04-25T07:18:33Z</time><sat>6</sat></trkpt>
  <trkpt lat="30.26990566" lon="120.12065998"><ele>58.884</ele><time>2026-04-25T07:18:36Z</time><sat>6</sat></trkpt>
  <trkpt lat="30.26990555" lon="120.12066003"><ele>58.912</ele><time>2026-04-25T07:18:39Z</time><sat>6</sat></trkpt>
  <trkpt lat="30.26990555" lon="120.12066003"><ele>58.912</ele><time>2026-04-25T07:18:42Z</time><sat>6</sat></trkpt>
  <trkpt lat="30.26990553" lon="120.12066001"><ele>58.916</ele><time>2026-04-25T07:18:45Z</time><sat>6</sat></trkpt>
  <trkpt lat="30.26990544" lon="120.12066005"><ele>58.938</ele><time>2026-04-25T07:18:48Z</time><sat>6</sat></trkpt>
  <trkpt lat="30.26990534" lon="120.12066010"><ele>58.965</ele><time>2026-04-25T07:18:51Z</time><sat>6</sat></trkpt>
  <trkpt lat="30.26990528" lon="120.12066012"><ele>58.980</ele><time>2026-04-25T07:18:54Z</time><sat>6</sat></trkpt>
  <trkpt lat="30.26990519" lon="120.12066016"><ele>59.001</ele><time>2026-04-25T07:18:57Z</time><sat>6</sat></trkpt>
  <trkpt lat="30.26990512" lon="120.12066018"><ele>59.017</ele><time>2026-04-25T07:19:00Z</time><sat>6</sat></trkpt>
  <trkpt lat="30.26990511" lon="120.12066019"><ele>59.021</ele><time>2026-04-25T07:19:03Z</time><sat>6</sat></trkpt>
  <trkpt lat="30.26990508" lon="120.12066017"><ele>59.026</ele><time>2026-04-25T07:19:06Z</time><sat>6</sat></trkpt>
  <trkpt lat="30.26990506" lon="120.12066018"><ele>59.032</ele><time>2026-04-25T07:19:09Z</time><sat>6</sat></trkpt>
  <trkpt lat="30.26990507" lon="120.12066017"><ele>59.031</ele><time>2026-04-25T07:19:12Z</time><sat>6</sat></trkpt>
  <trkpt lat="30.26990507" lon="120.12066017"><ele>59.032</ele><time>2026-04-25T07:19:15Z</time><sat>6</sat></trkpt>
  <trkpt lat="30.26990505" lon="120.12066017"><ele>59.035</ele><time>2026-04-25T07:19:18Z</time><sat>6</sat></trkpt>
  <trkpt lat="30.26990501" lon="120.12066019"><ele>59.047</ele><time>2026-04-25T07:19:21Z</time><sat>6</sat></trkpt>
  <trkpt lat="30.26990496" lon="120.12066020"><ele>59.060</ele><time>2026-04-25T07:19:24Z</time><sat>6</sat></trkpt>
  <trkpt lat="30.26990496" lon="120.12066020"><ele>59.062</ele><time>2026-04-25T07:19:27Z</time><sat>6</sat></trkpt>
  <trkpt lat="30.26990491" lon="120.12066016"><ele>59.070</ele><time>2026-04-25T07:19:30Z</time><sat>6</sat></trkpt>
  <trkpt lat="30.26990490" lon="120.12066014"><ele>59.074</ele><time>2026-04-25T07:19:33Z</time><sat>6</sat></trkpt>
  <trkpt lat="30.26990490" lon="120.12066014"><ele>59.074</ele><time>2026-04-25T07:19:36Z</time><sat>6</sat></trkpt>
  <trkpt lat="30.26990487" lon="120.12066014"><ele>59.082</ele><time>2026-04-25T07:19:39Z</time><sat>6</sat></trkpt>
  <trkpt lat="30.26990481" lon="120.12066010"><ele>59.093</ele><time>2026-04-25T07:19:42Z</time><sat>6</sat></trkpt>
  <trkpt lat="30.26990739" lon="120.12065965"><ele>58.829</ele><time>2026-04-25T07:20:01Z</time><sat>6</sat></trkpt>
  <trkpt lat="30.26990740" lon="120.12065957"><ele>58.827</ele><time>2026-04-25T07:20:05Z</time><sat>6</sat></trkpt>
  <trkpt lat="30.26990970" lon="120.12065915"><ele>58.591</ele><time>2026-04-25T07:20:08Z</time><sat>6</sat></trkpt>
  <trkpt lat="30.26990969" lon="120.12065914"><ele>58.593</ele><time>2026-04-25T07:20:11Z</time><sat>5</sat></trkpt>
  <trkpt lat="30.26990967" lon="120.12065910"><ele>58.596</ele><time>2026-04-25T07:20:14Z</time><sat>6</sat></trkpt>
  <trkpt lat="30.26990962" lon="120.12065911"><ele>58.627</ele><time>2026-04-25T07:20:17Z</time><sat>5</sat></trkpt>
  <trkpt lat="30.26990959" lon="120.12065906"><ele>58.632</ele><time>2026-04-25T07:20:20Z</time><sat>5</sat></trkpt>
  <trkpt lat="30.26990957" lon="120.12065902"><ele>58.636</ele><time>2026-04-25T07:20:23Z</time><sat>5</sat></trkpt>
  <trkpt lat="30.26990955" lon="120.12065893"><ele>58.639</ele><time>2026-04-25T07:20:26Z</time><sat>5</sat></trkpt>
  <trkpt lat="30.26990952" lon="120.12065907"><ele>58.657</ele><time>2026-04-25T07:20:29Z</time><sat>5</sat></trkpt>
  <trkpt lat="30.26990951" lon="120.12065901"><ele>58.658</ele><time>2026-04-25T07:20:32Z</time><sat>4</sat></trkpt>
  <trkpt lat="30.26990950" lon="120.12065892"><ele>58.660</ele><time>2026-04-25T07:20:35Z</time><sat>4</sat></trkpt>
  <trkpt lat="30.26990948" lon="120.12065887"><ele>58.664</ele><time>2026-04-25T07:20:38Z</time><sat>4</sat></trkpt>
  <trkpt lat="30.26990944" lon="120.12065897"><ele>58.682</ele><time>2026-04-25T07:20:41Z</time><sat>4</sat></trkpt>
  <trkpt lat="30.26990942" lon="120.12065891"><ele>58.685</ele><time>2026-04-25T07:20:44Z</time><sat>4</sat></trkpt>
  <trkpt lat="30.26990940" lon="120.12065887"><ele>58.690</ele><time>2026-04-25T07:20:47Z</time><sat>4</sat></trkpt>
  <trkpt lat="30.26990938" lon="120.12065883"><ele>58.696</ele><time>2026-04-25T07:20:50Z</time><sat>4</sat></trkpt>
  <trkpt lat="30.26990933" lon="120.12065922"><ele>58.734</ele><time>2026-04-25T07:20:53Z</time><sat>3</sat></trkpt>
  <trkpt lat="30.26990932" lon="120.12065921"><ele>58.738</ele><time>2026-04-25T07:20:56Z</time><sat>3</sat></trkpt>
  <trkpt lat="30.26990930" lon="120.12065919"><ele>58.742</ele><time>2026-04-25T07:20:59Z</time><sat>3</sat></trkpt>
  <trkpt lat="30.26990929" lon="120.12065920"><ele>58.747</ele><time>2026-04-25T07:21:02Z</time><sat>3</sat></trkpt>
  <trkpt lat="30.26990926" lon="120.12065936"><ele>58.765</ele><time>2026-04-25T07:21:05Z</time><sat>4</sat></trkpt>
  <trkpt lat="30.26990925" lon="120.12065934"><ele>58.769</ele><time>2026-04-25T07:21:08Z</time><sat>6</sat></trkpt>
  <trkpt lat="30.26991148" lon="120.12065886"><ele>58.547</ele><time>2026-04-25T07:21:27Z</time><sat>6</sat></trkpt>
  <trkpt lat="30.26991147" lon="120.12065885"><ele>58.550</ele><time>2026-04-25T07:21:31Z</time><sat>6</sat></trkpt>
  <trkpt lat="30.26991349" lon="120.12065844"><ele>58.343</ele><time>2026-04-25T07:21:34Z</time><sat>6</sat></trkpt>
  <trkpt lat="30.26991348" lon="120.12065842"><ele>58.345</ele><time>2026-04-25T07:21:37Z</time><sat>6</sat></trkpt>
  <trkpt lat="30.26991348" lon="120.12065838"><ele>58.349</ele><time>2026-04-25T07:21:40Z</time><sat>6</sat></trkpt>
  <trkpt lat="30.26991346" lon="120.12065831"><ele>58.357</ele><time>2026-04-25T07:21:43Z</time><sat>6</sat></trkpt>
  <trkpt lat="30.26991346" lon="120.12065828"><ele>58.359</ele><time>2026-04-25T07:21:46Z</time><sat>6</sat></trkpt>
  <trkpt lat="30.26991345" lon="120.12065830"><ele>58.364</ele><time>2026-04-25T07:21:49Z</time><sat>6</sat></trkpt>
  <trkpt lat="30.26991344" lon="120.12065829"><ele>58.368</ele><time>2026-04-25T07:21:52Z</time><sat>6</sat></trkpt>
  <trkpt lat="30.26991343" lon="120.12065829"><ele>58.375</ele><time>2026-04-25T07:21:55Z</time><sat>6</sat></trkpt>
  <trkpt lat="30.26991343" lon="120.12065824"><ele>58.377</ele><time>2026-04-25T07:21:58Z</time><sat>6</sat></trkpt>
  <trkpt lat="30.26991334" lon="120.12065823"><ele>58.399</ele><time>2026-04-25T07:22:01Z</time><sat>6</sat></trkpt>
  <trkpt lat="30.26991324" lon="120.12065824"><ele>58.425</ele><time>2026-04-25T07:22:04Z</time><sat>6</sat></trkpt>
  <trkpt lat="30.26991321" lon="120.12065821"><ele>58.433</ele><time>2026-04-25T07:22:07Z</time><sat>7</sat></trkpt>
  <trkpt lat="30.26991315" lon="120.12065817"><ele>58.446</ele><time>2026-04-25T07:22:10Z</time><sat>4</sat></trkpt>
  <trkpt lat="30.26991311" lon="120.12065823"><ele>58.462</ele><time>2026-04-25T07:22:13Z</time><sat>4</sat></trkpt>
  <trkpt lat="30.26991310" lon="120.12065823"><ele>58.466</ele><time>2026-04-25T07:22:16Z</time><sat>4</sat></trkpt>
  <trkpt lat="30.26991306" lon="120.12065836"><ele>58.486</ele><time>2026-04-25T07:22:19Z</time><sat>3</sat></trkpt>
  <trkpt lat="30.26991302" lon="120.12065833"><ele>58.493</ele><time>2026-04-25T07:22:22Z</time><sat>3</sat></trkpt>
  <trkpt lat="30.26991301" lon="120.12065833"><ele>58.498</ele><time>2026-04-25T07:22:25Z</time><sat>3</sat></trkpt>
  <trkpt lat="30.26991297" lon="120.12065832"><ele>58.507</ele><time>2026-04-25T07:22:28Z</time><sat>3</sat></trkpt>
  <trkpt lat="30.26991293" lon="120.12065831"><ele>58.521</ele><time>2026-04-25T07:22:37Z</time><sat>6</sat></trkpt>
  <trkpt lat="30.26991293" lon="120.12065831"><ele>58.524</ele><time>2026-04-25T07:22:40Z</time><sat>6</sat></trkpt>
  <trkpt lat="30.26991292" lon="120.12065830"><ele>58.525</ele><time>2026-04-25T07:22:43Z</time><sat>6</sat></trkpt>
  <trkpt lat="30.26991291" lon="120.12065831"><ele>58.530</ele><time>2026-04-25T07:22:46Z</time><sat>6</sat></trkpt>
  <trkpt lat="30.26991290" lon="120.12065826"><ele>58.537</ele><time>2026-04-25T07:22:49Z</time><sat>6</sat></trkpt>
  <trkpt lat="30.26991289" lon="120.12065825"><ele>58.543</ele><time>2026-04-25T07:22:52Z</time><sat>6</sat></trkpt>
  <trkpt lat="30.26991288" lon="120.12065824"><ele>58.547</ele><time>2026-04-25T07:22:55Z</time><sat>7</sat></trkpt>
  <trkpt lat="30.26991286" lon="120.12065824"><ele>58.552</ele><time>2026-04-25T07:22:58Z</time><sat>6</sat></trkpt>
  <trkpt lat="30.26991286" lon="120.12065824"><ele>58.555</ele><time>2026-04-25T07:23:01Z</time><sat>5</sat></trkpt>
  <trkpt lat="30.26991285" lon="120.12065821"><ele>58.557</ele><time>2026-04-25T07:23:04Z</time><sat>4</sat></trkpt>
  <trkpt lat="30.26991284" lon="120.12065820"><ele>58.559</ele><time>2026-04-25T07:23:07Z</time><sat>5</sat></trkpt>
  <trkpt lat="30.26991281" lon="120.12065817"><ele>58.565</ele><time>2026-04-25T07:23:10Z</time><sat>5</sat></trkpt>
  <trkpt lat="30.26991278" lon="120.12065815"><ele>58.571</ele><time>2026-04-25T07:23:13Z</time><sat>5</sat></trkpt>
  <trkpt lat="30.26991275" lon="120.12065812"><ele>58.578</ele><time>2026-04-25T07:23:16Z</time><sat>5</sat></trkpt>
  <trkpt lat="30.26991275" lon="120.12065811"><ele>58.579</ele><time>2026-04-25T07:23:19Z</time><sat>5</sat></trkpt>
  <trkpt lat="30.26991275" lon="120.12065811"><ele>58.579</ele><time>2026-04-25T07:23:22Z</time><sat>5</sat></trkpt>
  <trkpt lat="30.26991274" lon="120.12065810"><ele>58.582</ele><time>2026-04-25T07:23:25Z</time><sat>5</sat></trkpt>
  <trkpt lat="30.26991273" lon="120.12065809"><ele>58.583</ele><time>2026-04-25T07:23:28Z</time><sat>6</sat></trkpt>
  <trkpt lat="30.26991272" lon="120.12065808"><ele>58.585</ele><time>2026-04-25T07:23:31Z</time><sat>5</sat></trkpt>
  <trkpt lat="30.26991272" lon="120.12065807"><ele>58.586</ele><time>2026-04-25T07:23:34Z</time><sat>5</sat></trkpt>
  <trkpt lat="30.26991270" lon="120.12065806"><ele>58.590</ele><time>2026-04-25T07:23:37Z</time><sat>4</sat></trkpt>
  <trkpt lat="30.26991269" lon="120.12065805"><ele>58.591</ele><time>2026-04-25T07:23:40Z</time><sat>5</sat></trkpt>
  <trkpt lat="30.26991270" lon="120.12065805"><ele>58.591</ele><time>2026-04-25T07:23:43Z</time><sat>10</sat></trkpt>
  <trkpt lat="30.26991269" lon="120.12065805"><ele>58.592</ele><time>2026-04-25T07:23:51Z</time><sat>10</sat></trkpt>
  <trkpt lat="30.26991264" lon="120.12065803"><ele>58.603</ele><time>2026-04-25T07:24:03Z</time><sat>10</sat></trkpt>
  <trkpt lat="30.26991254" lon="120.12065791"><ele>58.623</ele><time>2026-04-25T07:24:07Z</time><sat>10</sat></trkpt>
  <trkpt lat="30.26991254" lon="120.12065781"><ele>58.622</ele><time>2026-04-25T07:24:10Z</time><sat>10</sat></trkpt>
  <trkpt lat="30.26991255" lon="120.12065778"><ele>58.618</ele><time>2026-04-25T07:24:13Z</time><sat>10</sat></trkpt>
  <trkpt lat="30.26991254" lon="120.12065774"><ele>58.621</ele><time>2026-04-25T07:24:16Z</time><sat>10</sat></trkpt>
  <trkpt lat="30.26991251" lon="120.12065779"><ele>58.629</ele><time>2026-04-25T07:24:19Z</time><sat>10</sat></trkpt>
  <trkpt lat="30.26991243" lon="120.12065783"><ele>58.647</ele><time>2026-04-25T07:24:22Z</time><sat>10</sat></trkpt>
  <trkpt lat="30.26991237" lon="120.12065781"><ele>58.661</ele><time>2026-04-25T07:24:25Z</time><sat>10</sat></trkpt>
  <trkpt lat="30.26991235" lon="120.12065782"><ele>58.667</ele><time>2026-04-25T07:24:28Z</time><sat>10</sat></trkpt>
  <trkpt lat="30.26991234" lon="120.12065780"><ele>58.668</ele><time>2026-04-25T07:24:31Z</time><sat>10</sat></trkpt>
  <trkpt lat="30.26991231" lon="120.12065778"><ele>58.676</ele><time>2026-04-25T07:24:34Z</time><sat>10</sat></trkpt>
  <trkpt lat="30.26991231" lon="120.12065774"><ele>58.676</ele><time>2026-04-25T07:24:37Z</time><sat>10</sat></trkpt>
  <trkpt lat="30.26991228" lon="120.12065773"><ele>58.682</ele><time>2026-04-25T07:24:40Z</time><sat>10</sat></trkpt>
  <trkpt lat="30.26991224" lon="120.12065775"><ele>58.690</ele><time>2026-04-25T07:24:43Z</time><sat>10</sat></trkpt>
  <trkpt lat="30.26991223" lon="120.12065776"><ele>58.692</ele><time>2026-04-25T07:24:46Z</time><sat>10</sat></trkpt>
  <trkpt lat="30.26991221" lon="120.12065777"><ele>58.697</ele><time>2026-04-25T07:24:49Z</time><sat>10</sat></trkpt>
  <trkpt lat="30.26991219" lon="120.12065780"><ele>58.702</ele><time>2026-04-25T07:24:52Z</time><sat>10</sat></trkpt>
  <trkpt lat="30.26991218" lon="120.12065781"><ele>58.706</ele><time>2026-04-25T07:24:55Z</time><sat>10</sat></trkpt>
  <trkpt lat="30.26991216" lon="120.12065784"><ele>58.711</ele><time>2026-04-25T07:24:58Z</time><sat>10</sat></trkpt>
  <trkpt lat="30.26991215" lon="120.12065784"><ele>58.712</ele><time>2026-04-25T07:25:01Z</time><sat>10</sat></trkpt>
  <trkpt lat="30.26991212" lon="120.12065789"><ele>58.722</ele><time>2026-04-25T07:25:04Z</time><sat>10</sat></trkpt>
  <trkpt lat="30.26991212" lon="120.12065789"><ele>58.723</ele><time>2026-04-25T07:25:07Z</time><sat>10</sat></trkpt>
  <trkpt lat="30.26991212" lon="120.12065788"><ele>58.722</ele><time>2026-04-25T07:25:10Z</time><sat>10</sat></trkpt>
  <trkpt lat="30.26991212" lon="120.12065786"><ele>58.722</ele><time>2026-04-25T07:25:13Z</time><sat>10</sat></trkpt>
  <trkpt lat="30.26991211" lon="120.12065786"><ele>58.723</ele><time>2026-04-25T07:25:16Z</time><sat>10</sat></trkpt>
  <trkpt lat="30.26991208" lon="120.12065789"><ele>58.731</ele><time>2026-04-25T07:25:19Z</time><sat>10</sat></trkpt>
  <trkpt lat="30.26991206" lon="120.12065790"><ele>58.737</ele><time>2026-04-25T07:25:22Z</time><sat>10</sat></trkpt>
  <trkpt lat="30.26991202" lon="120.12065792"><ele>58.745</ele><time>2026-04-25T07:25:25Z</time><sat>10</sat></trkpt>
  <trkpt lat="30.26991197" lon="120.12065795"><ele>58.756</ele><time>2026-04-25T07:25:28Z</time><sat>10</sat></trkpt>
  <trkpt lat="30.26991192" lon="120.12065795"><ele>58.766</ele><time>2026-04-25T07:25:31Z</time><sat>10</sat></trkpt>
  <trkpt lat="30.26991189" lon="120.12065795"><ele>58.772</ele><time>2026-04-25T07:25:34Z</time><sat>10</sat></trkpt>
  <trkpt lat="30.26991183" lon="120.12065803"><ele>58.788</ele><time>2026-04-25T07:25:37Z</time><sat>10</sat></trkpt>
  <trkpt lat="30.26991181" lon="120.12065806"><ele>58.795</ele><time>2026-04-25T07:25:40Z</time><sat>10</sat></trkpt>
  <trkpt lat="30.26991175" lon="120.12065813"><ele>58.810</ele><time>2026-04-25T07:25:43Z</time><sat>10</sat></trkpt>
  <trkpt lat="30.26991173" lon="120.12065815"><ele>58.815</ele><time>2026-04-25T07:25:46Z</time><sat>10</sat></trkpt>
  <trkpt lat="30.26991173" lon="120.12065811"><ele>58.813</ele><time>2026-04-25T07:25:49Z</time><sat>10</sat></trkpt>
  <trkpt lat="30.26991173" lon="120.12065807"><ele>58.812</ele><time>2026-04-25T07:25:52Z</time><sat>10</sat></trkpt>
  <trkpt lat="30.26991172" lon="120.12065803"><ele>58.813</ele><time>2026-04-25T07:25:55Z</time><sat>10</sat></trkpt>
  <trkpt lat="30.26991170" lon="120.12065804"><ele>58.817</ele><time>2026-04-25T07:25:58Z</time><sat>10</sat></trkpt>
  <trkpt lat="30.26991166" lon="120.12065803"><ele>58.826</ele><time>2026-04-25T07:26:01Z</time><sat>10</sat></trkpt>
  <trkpt lat="30.26991167" lon="120.12065802"><ele>58.825</ele><time>2026-04-25T07:26:04Z</time><sat>10</sat></trkpt>
  <trkpt lat="30.26991166" lon="120.12065800"><ele>58.826</ele><time>2026-04-25T07:26:07Z</time><sat>10</sat></trkpt>
  <trkpt lat="30.26991160" lon="120.12065796"><ele>58.840</ele><time>2026-04-25T07:26:10Z</time><sat>10</sat></trkpt>
  <trkpt lat="30.26991150" lon="120.12065791"><ele>58.865</ele><time>2026-04-25T07:26:13Z</time><sat>10</sat></trkpt>
  <trkpt lat="30.26991141" lon="120.12065786"><ele>58.889</ele><time>2026-04-25T07:26:16Z</time><sat>10</sat></trkpt>
  <trkpt lat="30.26991137" lon="120.12065787"><ele>58.900</ele><time>2026-04-25T07:26:19Z</time><sat>10</sat></trkpt>
  <trkpt lat="30.26991135" lon="120.12065789"><ele>58.904</ele><time>2026-04-25T07:26:22Z</time><sat>10</sat></trkpt>
  <trkpt lat="30.26991125" lon="120.12065790"><ele>58.930</ele><time>2026-04-25T07:26:25Z</time><sat>10</sat></trkpt>
  <trkpt lat="30.26991115" lon="120.12065793"><ele>58.955</ele><time>2026-04-25T07:26:28Z</time><sat>10</sat></trkpt>
  <trkpt lat="30.26991097" lon="120.12065791"><ele>59.004</ele><time>2026-04-25T07:26:31Z</time><sat>10</sat></trkpt>
  <trkpt lat="30.26991087" lon="120.12065788"><ele>59.028</ele><time>2026-04-25T07:26:34Z</time><sat>10</sat></trkpt>
  <trkpt lat="30.26991078" lon="120.12065795"><ele>59.049</ele><time>2026-04-25T07:26:37Z</time><sat>10</sat></trkpt>
  <trkpt lat="30.26991072" lon="120.12065803"><ele>59.065</ele><time>2026-04-25T07:26:40Z</time><sat>10</sat></trkpt>
  <trkpt lat="30.26991066" lon="120.12065801"><ele>59.077</ele><time>2026-04-25T07:26:43Z</time><sat>10</sat></trkpt>
  <trkpt lat="30.26991062" lon="120.12065801"><ele>59.088</ele><time>2026-04-25T07:26:46Z</time><sat>10</sat></trkpt>
  <trkpt lat="30.26991062" lon="120.12065799"><ele>59.087</ele><time>2026-04-25T07:26:49Z</time><sat>10</sat></trkpt>
  <trkpt lat="30.26991059" lon="120.12065800"><ele>59.094</ele><time>2026-04-25T07:26:52Z</time><sat>10</sat></trkpt>
  <trkpt lat="30.26991058" lon="120.12065801"><ele>59.099</ele><time>2026-04-25T07:26:55Z</time><sat>10</sat></trkpt>
  <trkpt lat="30.26991051" lon="120.12065794"><ele>59.121</ele><time>2026-04-25T07:26:58Z</time><sat>10</sat></trkpt>
  <trkpt lat="30.26991051" lon="120.12065801"><ele>59.116</ele><time>2026-04-25T07:27:01Z</time><sat>10</sat></trkpt>
  <trkpt lat="30.26991047" lon="120.12065805"><ele>59.126</ele><time>2026-04-25T07:27:04Z</time><sat>10</sat></trkpt>
  <trkpt lat="30.26991044" lon="120.12065806"><ele>59.134</ele><time>2026-04-25T07:27:07Z</time><sat>10</sat></trkpt>
  <trkpt lat="30.26991043" lon="120.12065804"><ele>59.134</ele><time>2026-04-25T07:27:10Z</time><sat>10</sat></trkpt>
  <trkpt lat="30.26991028" lon="120.12065794"><ele>59.171</ele><time>2026-04-25T07:27:13Z</time><sat>10</sat></trkpt>
  <trkpt lat="30.26991023" lon="120.12065789"><ele>59.181</ele><time>2026-04-25T07:27:16Z</time><sat>10</sat></trkpt>
  <trkpt lat="30.26991019" lon="120.12065791"><ele>59.194</ele><time>2026-04-25T07:27:19Z</time><sat>10</sat></trkpt>
  <trkpt lat="30.26991013" lon="120.12065796"><ele>59.208</ele><time>2026-04-25T07:27:22Z</time><sat>10</sat></trkpt>
  <trkpt lat="30.26991008" lon="120.12065800"><ele>59.219</ele><time>2026-04-25T07:27:25Z</time><sat>10</sat></trkpt>
  <trkpt lat="30.26991003" lon="120.12065801"><ele>59.228</ele><time>2026-04-25T07:27:28Z</time><sat>10</sat></trkpt>
  <trkpt lat="30.26990987" lon="120.12065804"><ele>59.270</ele><time>2026-04-25T07:27:31Z</time><sat>10</sat></trkpt>
  <trkpt lat="30.26990986" lon="120.12065804"><ele>59.276</ele><time>2026-04-25T07:27:34Z</time><sat>10</sat></trkpt>
  <trkpt lat="30.26990978" lon="120.12065803"><ele>59.296</ele><time>2026-04-25T07:27:37Z</time><sat>10</sat></trkpt>
  <trkpt lat="30.26990971" lon="120.12065805"><ele>59.313</ele><time>2026-04-25T07:27:40Z</time><sat>10</sat></trkpt>
  <trkpt lat="30.26990971" lon="120.12065800"><ele>59.311</ele><time>2026-04-25T07:27:43Z</time><sat>10</sat></trkpt>
  <trkpt lat="30.26990953" lon="120.12065792"><ele>59.352</ele><time>2026-04-25T07:27:46Z</time><sat>10</sat></trkpt>
  <trkpt lat="30.26990912" lon="120.12065820"><ele>59.458</ele><time>2026-04-25T07:27:55Z</time><sat>4</sat></trkpt>
  <trkpt lat="30.26990912" lon="120.12065820"><ele>59.458</ele><time>2026-04-25T07:27:58Z</time><sat>4</sat></trkpt>
  <trkpt lat="30.26990912" lon="120.12065820"><ele>59.458</ele><time>2026-04-25T07:28:01Z</time><sat>4</sat></trkpt>
  <trkpt lat="30.26990912" lon="120.12065820"><ele>59.459</ele><time>2026-04-25T07:28:04Z</time><sat>4</sat></trkpt>
  <trkpt lat="30.26990913" lon="120.12065816"><ele>59.455</ele><time>2026-04-25T07:28:07Z</time><sat>4</sat></trkpt>
  <trkpt lat="30.26990914" lon="120.12065816"><ele>59.454</ele><time>2026-04-25T07:28:10Z</time><sat>4</sat></trkpt>
  <trkpt lat="30.26990913" lon="120.12065816"><ele>59.456</ele><time>2026-04-25T07:28:13Z</time><sat>4</sat></trkpt>
  <trkpt lat="30.26990913" lon="120.12065817"><ele>59.457</ele><time>2026-04-25T07:28:16Z</time><sat>4</sat></trkpt>
  <trkpt lat="30.26990912" lon="120.12065817"><ele>59.458</ele><time>2026-04-25T07:28:19Z</time><sat>4</sat></trkpt>
  <trkpt lat="30.26990905" lon="120.12065822"><ele>59.476</ele><time>2026-04-25T07:28:22Z</time><sat>4</sat></trkpt>
  <trkpt lat="30.26990888" lon="120.12065835"><ele>59.520</ele><time>2026-04-25T07:28:25Z</time><sat>4</sat></trkpt>
  <trkpt lat="30.26990879" lon="120.12065844"><ele>59.543</ele><time>2026-04-25T07:28:28Z</time><sat>4</sat></trkpt>
  <trkpt lat="30.26990869" lon="120.12065852"><ele>59.569</ele><time>2026-04-25T07:28:31Z</time><sat>4</sat></trkpt>
  <trkpt lat="30.26990868" lon="120.12065854"><ele>59.571</ele><time>2026-04-25T07:28:34Z</time><sat>4</sat></trkpt>
  <trkpt lat="30.26990860" lon="120.12065861"><ele>59.593</ele><time>2026-04-25T07:28:37Z</time><sat>4</sat></trkpt>
  <trkpt lat="30.26990859" lon="120.12065863"><ele>59.596</ele><time>2026-04-25T07:28:40Z</time><sat>4</sat></trkpt>
  <trkpt lat="30.26990858" lon="120.12065865"><ele>59.602</ele><time>2026-04-25T07:28:43Z</time><sat>4</sat></trkpt>
  <trkpt lat="30.26990857" lon="120.12065866"><ele>59.605</ele><time>2026-04-25T07:28:46Z</time><sat>4</sat></trkpt>
  <trkpt lat="30.26990857" lon="120.12065866"><ele>59.605</ele><time>2026-04-25T07:28:49Z</time><sat>4</sat></trkpt>
  <trkpt lat="30.26990850" lon="120.12065871"><ele>59.622</ele><time>2026-04-25T07:28:52Z</time><sat>4</sat></trkpt>
  <trkpt lat="30.26990847" lon="120.12065874"><ele>59.630</ele><time>2026-04-25T07:28:55Z</time><sat>4</sat></trkpt>
  <trkpt lat="30.26990844" lon="120.12065877"><ele>59.640</ele><time>2026-04-25T07:28:58Z</time><sat>4</sat></trkpt>
  <trkpt lat="30.26990842" lon="120.12065878"><ele>59.646</ele><time>2026-04-25T07:29:01Z</time><sat>4</sat></trkpt>
  <trkpt lat="30.26990837" lon="120.12065884"><ele>59.662</ele><time>2026-04-25T07:29:04Z</time><sat>4</sat></trkpt>
  <trkpt lat="30.26990835" lon="120.12065885"><ele>59.668</ele><time>2026-04-25T07:29:07Z</time><sat>4</sat></trkpt>
  <trkpt lat="30.26990834" lon="120.12065886"><ele>59.672</ele><time>2026-04-25T07:29:10Z</time><sat>4</sat></trkpt>
  <trkpt lat="30.26990832" lon="120.12065888"><ele>59.679</ele><time>2026-04-25T07:29:13Z</time><sat>4</sat></trkpt>
  <trkpt lat="30.26990832" lon="120.12065888"><ele>59.680</ele><time>2026-04-25T07:29:16Z</time><sat>4</sat></trkpt>
  <trkpt lat="30.26990831" lon="120.12065889"><ele>59.686</ele><time>2026-04-25T07:29:19Z</time><sat>4</sat></trkpt>
  <trkpt lat="30.26990831" lon="120.12065889"><ele>59.686</ele><time>2026-04-25T07:29:22Z</time><sat>4</sat></trkpt>
  <trkpt lat="30.26990831" lon="120.12065889"><ele>59.686</ele><time>2026-04-25T07:29:25Z</time><sat>4</sat></trkpt>
  <trkpt lat="30.26990830" lon="120.12065890"><ele>59.690</ele><time>2026-04-25T07:29:28Z</time><sat>4</sat></trkpt>
  <trkpt lat="30.26990828" lon="120.12065892"><ele>59.698</ele><time>2026-04-25T07:29:31Z</time><sat>4</sat></trkpt>
  <trkpt lat="30.26990827" lon="120.12065894"><ele>59.706</ele><time>2026-04-25T07:29:34Z</time><sat>4</sat></trkpt>
  <trkpt lat="30.26990827" lon="120.12065894"><ele>59.705</ele><time>2026-04-25T07:29:37Z</time><sat>4</sat></trkpt>
  <trkpt lat="30.26990826" lon="120.12065895"><ele>59.709</ele><time>2026-04-25T07:29:40Z</time><sat>4</sat></trkpt>
  <trkpt lat="30.26990826" lon="120.12065895"><ele>59.709</ele><time>2026-04-25T07:29:43Z</time><sat>4</sat></trkpt>
  <trkpt lat="30.26990826" lon="120.12065895"><ele>59.709</ele><time>2026-04-25T07:29:46Z</time><sat>4</sat></trkpt>
  <trkpt lat="30.26990826" lon="120.12065895"><ele>59.708</ele><time>2026-04-25T07:29:49Z</time><sat>4</sat></trkpt>
  <trkpt lat="30.26990824" lon="120.12065897"><ele>59.716</ele><time>2026-04-25T07:29:52Z</time><sat>4</sat></trkpt>
  <trkpt lat="30.26990824" lon="120.12065896"><ele>59.715</ele><time>2026-04-25T07:29:55Z</time><sat>4</sat></trkpt>
  <trkpt lat="30.26990820" lon="120.12065900"><ele>59.730</ele><time>2026-04-25T07:29:58Z</time><sat>4</sat></trkpt>
  <trkpt lat="30.26990820" lon="120.12065901"><ele>59.734</ele><time>2026-04-25T07:30:01Z</time><sat>4</sat></trkpt>
  <trkpt lat="30.26990820" lon="120.12065901"><ele>59.734</ele><time>2026-04-25T07:30:04Z</time><sat>4</sat></trkpt>
  <trkpt lat="30.26990820" lon="120.12065901"><ele>59.734</ele><time>2026-04-25T07:30:07Z</time><sat>6</sat></trkpt>
  <trkpt lat="30.26990820" lon="120.12065900"><ele>59.733</ele><time>2026-04-25T07:30:10Z</time><sat>4</sat></trkpt>
  <trkpt lat="30.26990820" lon="120.12065900"><ele>59.733</ele><time>2026-04-25T07:30:13Z</time><sat>4</sat></trkpt>
  <trkpt lat="30.26990820" lon="120.12065900"><ele>59.733</ele><time>2026-04-25T07:30:16Z</time><sat>4</sat></trkpt>
  <trkpt lat="30.26990820" lon="120.12065900"><ele>59.733</ele><time>2026-04-25T07:30:19Z</time><sat>4</sat></trkpt>
  <trkpt lat="30.26990820" lon="120.12065900"><ele>59.733</ele><time>2026-04-25T07:30:22Z</time><sat>4</sat></trkpt>
  <trkpt lat="30.26990820" lon="120.12065902"><ele>59.734</ele><time>2026-04-25T07:30:25Z</time><sat>4</sat></trkpt>
  <trkpt lat="30.26990820" lon="120.12065902"><ele>59.733</ele><time>2026-04-25T07:30:28Z</time><sat>8</sat></trkpt>
  <trkpt lat="30.26990820" lon="120.12065902"><ele>59.734</ele><time>2026-04-25T07:30:31Z</time><sat>5</sat></trkpt>
  <trkpt lat="30.26990820" lon="120.12065902"><ele>59.733</ele><time>2026-04-25T07:30:34Z</time><sat>5</sat></trkpt>
  <trkpt lat="30.26990820" lon="120.12065901"><ele>59.733</ele><time>2026-04-25T07:30:37Z</time><sat>5</sat></trkpt>
  <trkpt lat="30.26990820" lon="120.12065901"><ele>59.733</ele><time>2026-04-25T07:30:40Z</time><sat>5</sat></trkpt>
  <trkpt lat="30.26990820" lon="120.12065901"><ele>59.733</ele><time>2026-04-25T07:30:43Z</time><sat>5</sat></trkpt>
  <trkpt lat="30.26990820" lon="120.12065900"><ele>59.734</ele><time>2026-04-25T07:30:46Z</time><sat>5</sat></trkpt>
  <trkpt lat="30.26990820" lon="120.12065900"><ele>59.735</ele><time>2026-04-25T07:30:49Z</time><sat>5</sat></trkpt>
  <trkpt lat="30.26990820" lon="120.12065900"><ele>59.735</ele><time>2026-04-25T07:30:52Z</time><sat>4</sat></trkpt>
  <trkpt lat="30.26990820" lon="120.12065900"><ele>59.735</ele><time>2026-04-25T07:30:55Z</time><sat>3</sat></trkpt>
  <trkpt lat="30.26990820" lon="120.12065900"><ele>59.735</ele><time>2026-04-25T07:30:58Z</time><sat>3</sat></trkpt>
  <trkpt lat="30.26990820" lon="120.12065900"><ele>59.736</ele><time>2026-04-25T07:31:01Z</time><sat>3</sat></trkpt>
  <trkpt lat="30.26990816" lon="120.12065905"><ele>59.746</ele><time>2026-04-25T07:31:04Z</time><sat>3</sat></trkpt>
  <trkpt lat="30.26990813" lon="120.12065908"><ele>59.753</ele><time>2026-04-25T07:31:12Z</time><sat>3</sat></trkpt>
  <trkpt lat="30.26990813" lon="120.12065907"><ele>59.754</ele><time>2026-04-25T07:31:16Z</time><sat>3</sat></trkpt>
  <trkpt lat="30.26991013" lon="120.12065881"><ele>59.577</ele><time>2026-04-25T07:31:35Z</time><sat>3</sat></trkpt>
  <trkpt lat="30.26991013" lon="120.12065880"><ele>59.578</ele><time>2026-04-25T07:31:39Z</time><sat>3</sat></trkpt>
  <trkpt lat="30.26991205" lon="120.12065842"><ele>59.382</ele><time>2026-04-25T07:31:42Z</time><sat>3</sat></trkpt>
  <trkpt lat="30.26991205" lon="120.12065843"><ele>59.382</ele><time>2026-04-25T07:31:45Z</time><sat>3</sat></trkpt>
  <trkpt lat="30.26991390" lon="120.12065794"><ele>59.204</ele><time>2026-04-25T07:32:04Z</time><sat>3</sat></trkpt>
  <trkpt lat="30.26991390" lon="120.12065793"><ele>59.204</ele><time>2026-04-25T07:32:08Z</time><sat>3</sat></trkpt>
  <trkpt lat="30.26991561" lon="120.12065755"><ele>59.031</ele><time>2026-04-25T07:32:11Z</time><sat>3</sat></trkpt>
  <trkpt lat="30.26991731" lon="120.12065712"><ele>58.857</ele><time>2026-04-25T07:32:40Z</time><sat>3</sat></trkpt>
  <trkpt lat="30.26991731" lon="120.12065712"><ele>58.858</ele><time>2026-04-25T07:32:44Z</time><sat>3</sat></trkpt>
  <trkpt lat="30.26991884" lon="120.12065674"><ele>58.702</ele><time>2026-04-25T07:32:47Z</time><sat>3</sat></trkpt>
  <trkpt lat="30.26991874" lon="120.12065686"><ele>58.729</ele><time>2026-04-25T07:32:50Z</time><sat>3</sat></trkpt>
  <trkpt lat="30.26991874" lon="120.12065686"><ele>58.730</ele><time>2026-04-25T07:32:53Z</time><sat>3</sat></trkpt>
  <trkpt lat="30.26991874" lon="120.12065684"><ele>58.732</ele><time>2026-04-25T07:32:56Z</time><sat>3</sat></trkpt>
  <trkpt lat="30.26991874" lon="120.12065685"><ele>58.732</ele><time>2026-04-25T07:32:59Z</time><sat>3</sat></trkpt>
  <trkpt lat="30.26991873" lon="120.12065685"><ele>58.733</ele><time>2026-04-25T07:33:02Z</time><sat>3</sat></trkpt>
  <trkpt lat="30.26991873" lon="120.12065685"><ele>58.734</ele><time>2026-04-25T07:33:05Z</time><sat>3</sat></trkpt>
  <trkpt lat="30.26991873" lon="120.12065685"><ele>58.734</ele><time>2026-04-25T07:33:08Z</time><sat>4</sat></trkpt>
  <trkpt lat="30.26991873" lon="120.12065685"><ele>58.734</ele><time>2026-04-25T07:33:11Z</time><sat>6</sat></trkpt>
  <trkpt lat="30.26991873" lon="120.12065684"><ele>58.735</ele><time>2026-04-25T07:33:14Z</time><sat>6</sat></trkpt>
  <trkpt lat="30.26991873" lon="120.12065684"><ele>58.735</ele><time>2026-04-25T07:33:17Z</time><sat>6</sat></trkpt>
  <trkpt lat="30.26951023" lon="120.12043964"><ele>146.612</ele><time>2026-04-25T07:33:20Z</time><sat>6</sat></trkpt>
  <trkpt lat="30.26991873" lon="120.12065679"><ele>58.739</ele><time>2026-04-25T07:33:37Z</time><sat>5</sat></trkpt>
  <trkpt lat="30.26992024" lon="120.12065639"><ele>58.585</ele><time>2026-04-25T07:33:41Z</time><sat>4</sat></trkpt>
  <trkpt lat="30.26992159" lon="120.12065606"><ele>58.454</ele><time>2026-04-25T07:33:44Z</time><sat>6</sat></trkpt>
  <trkpt lat="30.26992158" lon="120.12065605"><ele>58.457</ele><time>2026-04-25T07:33:47Z</time><sat>5</sat></trkpt>
  <trkpt lat="30.26992158" lon="120.12065604"><ele>58.458</ele><time>2026-04-25T07:33:50Z</time></trkpt>
  <trkpt lat="30.26992158" lon="120.12065606"><ele>58.464</ele><time>2026-04-25T07:33:53Z</time></trkpt>
  <trkpt lat="30.26992158" lon="120.12065609"><ele>58.474</ele><time>2026-04-25T07:33:56Z</time></trkpt>
  <trkpt lat="30.26992158" lon="120.12065608"><ele>58.474</ele><time>2026-04-25T07:33:59Z</time></trkpt>
  <trkpt lat="30.26992157" lon="120.12065613"><ele>58.491</ele><time>2026-04-25T07:34:02Z</time></trkpt>
  <trkpt lat="30.26992157" lon="120.12065613"><ele>58.492</ele><time>2026-04-25T07:34:05Z</time></trkpt>
  <trkpt lat="30.26992152" lon="120.12065623"><ele>58.516</ele><time>2026-04-25T07:34:08Z</time></trkpt>
  <trkpt lat="30.26992152" lon="120.12065623"><ele>58.516</ele><time>2026-04-25T07:34:11Z</time></trkpt>
  <trkpt lat="30.26992151" lon="120.12065628"><ele>58.530</ele><time>2026-04-25T07:34:14Z</time></trkpt>
  <trkpt lat="30.26992151" lon="120.12065633"><ele>58.545</ele><time>2026-04-25T07:34:17Z</time></trkpt>
  <trkpt lat="30.26992150" lon="120.12065640"><ele>58.567</ele><time>2026-04-25T07:34:20Z</time></trkpt>
  <trkpt lat="30.26992149" lon="120.12065646"><ele>58.585</ele><time>2026-04-25T07:34:23Z</time></trkpt>
  <trkpt lat="30.26992149" lon="120.12065647"><ele>58.588</ele><time>2026-04-25T07:34:26Z</time></trkpt>
  <trkpt lat="30.26992149" lon="120.12065650"><ele>58.598</ele><time>2026-04-25T07:34:29Z</time></trkpt>
  <trkpt lat="30.26992145" lon="120.12065660"><ele>58.624</ele><time>2026-04-25T07:34:32Z</time></trkpt>
  <trkpt lat="30.26992145" lon="120.12065661"><ele>58.625</ele><time>2026-04-25T07:34:35Z</time></trkpt>
  <trkpt lat="30.26992144" lon="120.12065663"><ele>58.632</ele><time>2026-04-25T07:34:38Z</time><sat>3</sat></trkpt>
  <trkpt lat="30.26992144" lon="120.12065663"><ele>58.632</ele><time>2026-04-25T07:34:41Z</time><sat>3</sat></trkpt>
  <trkpt lat="30.26992143" lon="120.12065671"><ele>58.652</ele><time>2026-04-25T07:34:44Z</time><sat>3</sat></trkpt>
  <trkpt lat="30.26992143" lon="120.12065668"><ele>58.655</ele><time>2026-04-25T07:34:47Z</time><sat>3</sat></trkpt>
  <trkpt lat="30.26992142" lon="120.12065670"><ele>58.664</ele><time>2026-04-25T07:34:50Z</time></trkpt>
  <trkpt lat="30.26992142" lon="120.12065669"><ele>58.665</ele><time>2026-04-25T07:34:53Z</time></trkpt>
  <trkpt lat="30.26992141" lon="120.12065667"><ele>58.667</ele><time>2026-04-25T07:34:56Z</time></trkpt>
  <trkpt lat="30.26992138" lon="120.12065674"><ele>58.685</ele><time>2026-04-25T07:34:59Z</time></trkpt>
  <trkpt lat="30.26992137" lon="120.12065671"><ele>58.688</ele><time>2026-04-25T07:35:02Z</time></trkpt>
  <trkpt lat="30.26992137" lon="120.12065670"><ele>58.690</ele><time>2026-04-25T07:35:05Z</time></trkpt>
  <trkpt lat="30.26992137" lon="120.12065670"><ele>58.689</ele><time>2026-04-25T07:35:08Z</time></trkpt>
  <trkpt lat="30.26992136" lon="120.12065674"><ele>58.711</ele><time>2026-04-25T07:35:11Z</time></trkpt>
  <trkpt lat="30.26992135" lon="120.12065674"><ele>58.713</ele><time>2026-04-25T07:35:14Z</time></trkpt>
  <trkpt lat="30.26992135" lon="120.12065674"><ele>58.713</ele><time>2026-04-25T07:35:17Z</time></trkpt>
  <trkpt lat="30.26992134" lon="120.12065684"><ele>58.744</ele><time>2026-04-25T07:35:20Z</time></trkpt>
  <trkpt lat="30.26992393" lon="120.12065602"><ele>58.500</ele><time>2026-04-25T07:35:58Z</time></trkpt>
  <trkpt lat="30.26992518" lon="120.12065562"><ele>58.373</ele><time>2026-04-25T07:36:35Z</time></trkpt>
  <trkpt lat="30.26992517" lon="120.12065559"><ele>58.378</ele><time>2026-04-25T07:36:39Z</time></trkpt>
  <trkpt lat="30.26992636" lon="120.12065520"><ele>58.258</ele><time>2026-04-25T07:36:42Z</time></trkpt>
  <trkpt lat="30.26992635" lon="120.12065520"><ele>58.261</ele><time>2026-04-25T07:36:45Z</time></trkpt>
  <trkpt lat="30.26992636" lon="120.12065518"><ele>58.262</ele><time>2026-04-25T07:36:48Z</time></trkpt>
  <trkpt lat="30.26992635" lon="120.12065518"><ele>58.266</ele><time>2026-04-25T07:36:51Z</time><sat>3</sat></trkpt>
  <trkpt lat="30.26992635" lon="120.12065517"><ele>58.265</ele><time>2026-04-25T07:36:54Z</time></trkpt>
  <trkpt lat="30.26992635" lon="120.12065517"><ele>58.266</ele><time>2026-04-25T07:36:57Z</time></trkpt>
  <trkpt lat="30.26992634" lon="120.12065517"><ele>58.267</ele><time>2026-04-25T07:37:00Z</time></trkpt>
  <trkpt lat="30.26992628" lon="120.12065520"><ele>58.299</ele><time>2026-04-25T07:37:03Z</time></trkpt>
  <trkpt lat="30.26992619" lon="120.12065519"><ele>58.334</ele><time>2026-04-25T07:37:06Z</time></trkpt>
  <trkpt lat="30.26992616" lon="120.12065515"><ele>58.358</ele><time>2026-04-25T07:37:09Z</time></trkpt>
  <trkpt lat="30.26992613" lon="120.12065515"><ele>58.366</ele><time>2026-04-25T07:37:12Z</time></trkpt>
  <trkpt lat="30.26992612" lon="120.12065516"><ele>58.364</ele><time>2026-04-25T07:37:15Z</time></trkpt>
  <trkpt lat="30.26992609" lon="120.12065520"><ele>58.365</ele><time>2026-04-25T07:37:18Z</time></trkpt>
  <trkpt lat="30.26992609" lon="120.12065523"><ele>58.360</ele><time>2026-04-25T07:37:21Z</time></trkpt>
  <trkpt lat="30.26992608" lon="120.12065525"><ele>58.358</ele><time>2026-04-25T07:37:24Z</time></trkpt>
  <trkpt lat="30.26992608" lon="120.12065525"><ele>58.357</ele><time>2026-04-25T07:37:27Z</time></trkpt>
  <trkpt lat="30.26992607" lon="120.12065525"><ele>58.356</ele><time>2026-04-25T07:37:30Z</time></trkpt>
  <trkpt lat="30.26992608" lon="120.12065523"><ele>58.353</ele><time>2026-04-25T07:37:33Z</time></trkpt>
  <trkpt lat="30.26992607" lon="120.12065523"><ele>58.355</ele><time>2026-04-25T07:37:36Z</time></trkpt>
  <trkpt lat="30.26992604" lon="120.12065525"><ele>58.367</ele><time>2026-04-25T07:37:39Z</time></trkpt>
  <trkpt lat="30.26992599" lon="120.12065530"><ele>58.379</ele><time>2026-04-25T07:37:42Z</time></trkpt>
  <trkpt lat="30.26992599" lon="120.12065530"><ele>58.378</ele><time>2026-04-25T07:37:45Z</time></trkpt>
  <trkpt lat="30.26992598" lon="120.12065530"><ele>58.378</ele><time>2026-04-25T07:37:48Z</time></trkpt>
  <trkpt lat="30.26992598" lon="120.12065530"><ele>58.378</ele><time>2026-04-25T07:37:51Z</time></trkpt>
  <trkpt lat="30.26992598" lon="120.12065534"><ele>58.375</ele><time>2026-04-25T07:37:54Z</time></trkpt>
  <trkpt lat="30.26992598" lon="120.12065537"><ele>58.376</ele><time>2026-04-25T07:37:57Z</time></trkpt>
  <trkpt lat="30.26992596" lon="120.12065543"><ele>58.378</ele><time>2026-04-25T07:38:00Z</time></trkpt>
  <trkpt lat="30.26992591" lon="120.12065553"><ele>58.396</ele><time>2026-04-25T07:38:03Z</time></trkpt>
  <trkpt lat="30.26992589" lon="120.12065561"><ele>58.399</ele><time>2026-04-25T07:38:06Z</time></trkpt>
  <trkpt lat="30.26992583" lon="120.12065566"><ele>58.420</ele><time>2026-04-25T07:38:09Z</time></trkpt>
  <trkpt lat="30.26992584" lon="120.12065564"><ele>58.417</ele><time>2026-04-25T07:38:12Z</time></trkpt>
  <trkpt lat="30.26992585" lon="120.12065561"><ele>58.415</ele><time>2026-04-25T07:38:15Z</time></trkpt>
  <trkpt lat="30.26992584" lon="120.12065563"><ele>58.417</ele><time>2026-04-25T07:38:18Z</time></trkpt>
  <trkpt lat="30.26992586" lon="120.12065560"><ele>58.411</ele><time>2026-04-25T07:38:21Z</time></trkpt>
  <trkpt lat="30.26992586" lon="120.12065561"><ele>58.411</ele><time>2026-04-25T07:38:24Z</time></trkpt>
  <trkpt lat="30.26992585" lon="120.12065561"><ele>58.413</ele><time>2026-04-25T07:38:27Z</time></trkpt>
  <trkpt lat="30.26992583" lon="120.12065561"><ele>58.417</ele><time>2026-04-25T07:38:30Z</time></trkpt>
  <trkpt lat="30.26992582" lon="120.12065563"><ele>58.418</ele><time>2026-04-25T07:38:33Z</time></trkpt>
  <trkpt lat="30.26992579" lon="120.12065565"><ele>58.429</ele><time>2026-04-25T07:38:36Z</time></trkpt>
  <trkpt lat="30.26992579" lon="120.12065565"><ele>58.429</ele><time>2026-04-25T07:38:39Z</time></trkpt>
  <trkpt lat="30.26992579" lon="120.12065565"><ele>58.429</ele><time>2026-04-25T07:38:42Z</time></trkpt>
  <trkpt lat="30.26992578" lon="120.12065567"><ele>58.432</ele><time>2026-04-25T07:38:45Z</time></trkpt>
  <trkpt lat="30.26992577" lon="120.12065568"><ele>58.435</ele><time>2026-04-25T07:38:48Z</time></trkpt>
  <trkpt lat="30.26992572" lon="120.12065572"><ele>58.450</ele><time>2026-04-25T07:38:51Z</time></trkpt>
  <trkpt lat="30.26992572" lon="120.12065573"><ele>58.450</ele><time>2026-04-25T07:38:54Z</time></trkpt>
  <trkpt lat="30.26992572" lon="120.12065573"><ele>58.449</ele><time>2026-04-25T07:38:57Z</time></trkpt>
  <trkpt lat="30.26992572" lon="120.12065572"><ele>58.449</ele><time>2026-04-25T07:39:00Z</time></trkpt>
  <trkpt lat="30.26992572" lon="120.12065571"><ele>58.448</ele><time>2026-04-25T07:39:03Z</time></trkpt>
  <trkpt lat="30.26992574" lon="120.12065568"><ele>58.445</ele><time>2026-04-25T07:39:06Z</time></trkpt>
  <trkpt lat="30.26992575" lon="120.12065566"><ele>58.441</ele><time>2026-04-25T07:39:09Z</time></trkpt>
  <trkpt lat="30.26992575" lon="120.12065568"><ele>58.433</ele><time>2026-04-25T07:39:12Z</time></trkpt>
  <trkpt lat="30.26992576" lon="120.12065565"><ele>58.429</ele><time>2026-04-25T07:39:15Z</time></trkpt>
  <trkpt lat="30.26992575" lon="120.12065564"><ele>58.431</ele><time>2026-04-25T07:39:18Z</time></trkpt>
  <trkpt lat="30.26992576" lon="120.12065563"><ele>58.429</ele><time>2026-04-25T07:39:21Z</time></trkpt>
  <trkpt lat="30.26992576" lon="120.12065563"><ele>58.430</ele><time>2026-04-25T07:39:24Z</time></trkpt>
  <trkpt lat="30.26992576" lon="120.12065562"><ele>58.429</ele><time>2026-04-25T07:39:27Z</time></trkpt>
  <trkpt lat="30.26992576" lon="120.12065560"><ele>58.429</ele><time>2026-04-25T07:39:30Z</time></trkpt>
  <trkpt lat="30.26992576" lon="120.12065559"><ele>58.428</ele><time>2026-04-25T07:39:33Z</time></trkpt>
  <trkpt lat="30.26992576" lon="120.12065558"><ele>58.431</ele><time>2026-04-25T07:39:36Z</time></trkpt>
  <trkpt lat="30.26992576" lon="120.12065555"><ele>58.433</ele><time>2026-04-25T07:39:39Z</time></trkpt>
  <trkpt lat="30.26992576" lon="120.12065554"><ele>58.432</ele><time>2026-04-25T07:39:42Z</time></trkpt>
  <trkpt lat="30.26992576" lon="120.12065555"><ele>58.432</ele><time>2026-04-25T07:39:45Z</time></trkpt>
 </trkseg>
</trk>

</gpx>
 