<?xml version="1.0" encoding="UTF-8"?>
<!-- Created with BasicAirData GPS Logger for Android - ver. 3.3.0 -->
<!-- Track 412 = 2695 TrackPoints + 0 Placemarks -->

<!-- Track Statistics (based on Total Time | Time in Movement): -->
<!--  Distance = 10.3 公里 -->
<!--  Duration = 04:47:19 | 51:54 -->
<!--  Altitude Gap = -7 米 -->
<!--  Max Speed = 60 公里/时 -->
<!--  Avg Speed = 2.2 | 11.9 公里/时 -->
<!--  Direction = 250° -->
<!--  Activity = car -->
<!--  Altitudes = Corrected using EGM96 grid (bilinear interpolation) -->

<gpx version="1.1"
     creator="BasicAirData GPS Logger 3.3.0"
     xmlns="http://www.topografix.com/GPX/1/1"
     xmlns:xsi="http://www.w3.org/2001/XMLSchema-instance"
     xsi:schemaLocation="http://www.topografix.com/GPX/1/1 http://www.topografix.com/GPX/1/1/gpx.xsd">
<metadata> 
 <name>GPS Logger 20260903-182750</name>
 <time>2026-09-03T15:15:16Z</time>
 <keywords>car</keywords>
 <bounds minlat="30.26767254" minlon="120.11777511" maxlat="30.30493162" maxlon="120.12565405" />
</metadata>

<trk>
 <name>轨迹 20260903-182750</name>
 <trkseg>
  <trkpt lat="30.27030549" lon="120.12360028"><ele>17.044</ele><time>2026-09-03T10:27:50.419Z</time></trkpt>
  <trkpt lat="30.27029538" lon="120.12361433"><ele>17.400</ele><time>2026-09-03T10:27:55Z</time><sat>22</sat></trkpt>
  <trkpt lat="30.27029734" lon="120.12360479"><ele>18.394</ele><time>2026-09-03T10:27:58Z</time><sat>22</sat></trkpt>
  <trkpt lat="30.27030066" lon="120.12362596"><ele>19.043</ele><time>2026-09-03T10:28:01Z</time><sat>24</sat></trkpt>
  <trkpt lat="30.27031580" lon="120.12363268"><ele>18.580</ele><time>2026-09-03T10:28:04Z</time><sat>22</sat></trkpt>
  <trkpt lat="30.27031848" lon="120.12361802"><ele>18.466</ele><time>2026-09-03T10:28:07Z</time><sat>24</sat></trkpt>
  <trkpt lat="30.27032100" lon="120.12361296"><ele>17.848</ele><time>2026-09-03T10:28:10Z</time><sat>21</sat></trkpt>
  <trkpt lat="30.27032170" lon="120.12360738"><ele>16.723</ele><time>2026-09-03T10:28:13Z</time><sat>20</sat></trkpt>
  <trkpt lat="30.27032617" lon="120.12364074"><ele>16.103</ele><time>2026-09-03T10:28:16Z</time><sat>22</sat></trkpt>
  <trkpt lat="30.27034195" lon="120.12380641"><ele>16.404</ele><time>2026-09-03T10:28:19Z</time><sat>26</sat></trkpt>
  <trkpt lat="30.27037366" lon="120.12398758"><ele>14.539</ele><time>2026-09-03T10:28:22Z</time><sat>26</sat></trkpt>
  <trkpt lat="30.27047423" lon="120.12415953"><ele>14.937</ele><time>2026-09-03T10:28:25Z</time><sat>28</sat></trkpt>
  <trkpt lat="30.27068101" lon="120.12428377"><ele>14.086</ele><time>2026-09-03T10:28:28Z</time><sat>27</sat></trkpt>
  <trkpt lat="30.27095938" lon="120.12439218"><ele>12.446</ele><time>2026-09-03T10:28:31Z</time><sat>24</sat></trkpt>
  <trkpt lat="30.27126971" lon="120.12451487"><ele>11.598</ele><time>2026-09-03T10:28:34Z</time><sat>25</sat></trkpt>
  <trkpt lat="30.27157744" lon="120.12464146"><ele>11.163</ele><time>2026-09-03T10:28:37Z</time><sat>27</sat></trkpt>
  <trkpt lat="30.27179902" lon="120.12473349"><ele>11.645</ele><time>2026-09-03T10:28:40Z</time><sat>30</sat></trkpt>
  <trkpt lat="30.27194888" lon="120.12480009"><ele>12.029</ele><time>2026-09-03T10:28:43Z</time><sat>27</sat></trkpt>
  <trkpt lat="30.27211109" lon="120.12488642"><ele>12.189</ele><time>2026-09-03T10:28:46Z</time><sat>28</sat></trkpt>
  <trkpt lat="30.27237427" lon="120.12498785"><ele>13.032</ele><time>2026-09-03T10:28:49Z</time><sat>27</sat></trkpt>
  <trkpt lat="30.27262645" lon="120.12509985"><ele>13.784</ele><time>2026-09-03T10:28:52Z</time><sat>26</sat></trkpt>
  <trkpt lat="30.27280980" lon="120.12519823"><ele>13.651</ele><time>2026-09-03T10:28:55Z</time><sat>25</sat></trkpt>
  <trkpt lat="30.27290225" lon="120.12525757"><ele>13.090</ele><time>2026-09-03T10:28:58Z</time><sat>26</sat></trkpt>
  <trkpt lat="30.27292849" lon="120.12527447"><ele>12.480</ele><time>2026-09-03T10:29:01Z</time><sat>26</sat></trkpt>
  <trkpt lat="30.27295996" lon="120.12530892"><ele>3.417</ele><time>2026-09-03T10:29:04Z</time><sat>27</sat></trkpt>
  <trkpt lat="30.27294723" lon="120.12527144"><ele>-2.840</ele><time>2026-09-03T10:29:07Z</time><sat>24</sat></trkpt>
  <trkpt lat="30.27294578" lon="120.12527628"><ele>-0.496</ele><time>2026-09-03T10:29:10Z</time><sat>22</sat></trkpt>
  <trkpt lat="30.27294629" lon="120.12527873"><ele>1.244</ele><time>2026-09-03T10:29:13Z</time><sat>22</sat></trkpt>
  <trkpt lat="30.27294629" lon="120.12527873"><ele>1.244</ele><time>2026-09-03T10:29:16Z</time><sat>21</sat></trkpt>
  <trkpt lat="30.27294629" lon="120.12527873"><ele>1.244</ele><time>2026-09-03T10:29:19Z</time><sat>18</sat></trkpt>
  <trkpt lat="30.27294706" lon="120.12528008"><ele>1.429</ele><time>2026-09-03T10:29:22Z</time><sat>21</sat></trkpt>
  <trkpt lat="30.27294934" lon="120.12528481"><ele>1.941</ele><time>2026-09-03T10:29:25Z</time><sat>20</sat></trkpt>
  <trkpt lat="30.27295358" lon="120.12529161"><ele>2.520</ele><time>2026-09-03T10:29:28Z</time><sat>26</sat></trkpt>
  <trkpt lat="30.27296117" lon="120.12530213"><ele>5.299</ele><time>2026-09-03T10:29:31Z</time><sat>18</sat></trkpt>
  <trkpt lat="30.27301993" lon="120.12532628"><ele>7.911</ele><time>2026-09-03T10:29:34Z</time><sat>21</sat></trkpt>
  <trkpt lat="30.27310382" lon="120.12535379"><ele>6.524</ele><time>2026-09-03T10:29:37Z</time><sat>17</sat></trkpt>
  <trkpt lat="30.27318995" lon="120.12538970"><ele>5.734</ele><time>2026-09-03T10:29:40Z</time><sat>19</sat></trkpt>
  <trkpt lat="30.27332875" lon="120.12545253"><ele>3.551</ele><time>2026-09-03T10:29:43Z</time><sat>19</sat></trkpt>
  <trkpt lat="30.27350969" lon="120.12554026"><ele>3.138</ele><time>2026-09-03T10:29:46Z</time><sat>16</sat></trkpt>
  <trkpt lat="30.27371067" lon="120.12560689"><ele>4.478</ele><time>2026-09-03T10:29:49Z</time><sat>18</sat></trkpt>
  <trkpt lat="30.27388947" lon="120.12564138"><ele>5.295</ele><time>2026-09-03T10:29:52Z</time><sat>19</sat></trkpt>
  <trkpt lat="30.27404935" lon="120.12565405"><ele>5.243</ele><time>2026-09-03T10:29:55Z</time><sat>19</sat></trkpt>
  <trkpt lat="30.27422632" lon="120.12564806"><ele>4.968</ele><time>2026-09-03T10:29:58Z</time><sat>22</sat></trkpt>
  <trkpt lat="30.27439959" lon="120.12563550"><ele>5.050</ele><time>2026-09-03T10:30:01Z</time><sat>14</sat></trkpt>
  <trkpt lat="30.27456669" lon="120.12562427"><ele>5.128</ele><time>2026-09-03T10:30:04Z</time><sat>16</sat></trkpt>
  <trkpt lat="30.27476462" lon="120.12560711"><ele>4.800</ele><time>2026-09-03T10:30:07Z</time><sat>15</sat></trkpt>
  <trkpt lat="30.27497275" lon="120.12558074"><ele>4.488</ele><time>2026-09-03T10:30:10Z</time><sat>17</sat></trkpt>
  <trkpt lat="30.27519979" lon="120.12554428"><ele>4.148</ele><time>2026-09-03T10:30:13Z</time><sat>15</sat></trkpt>
  <trkpt lat="30.27544326" lon="120.12552329"><ele>4.111</ele><time>2026-09-03T10:30:16Z</time><sat>16</sat></trkpt>
  <trkpt lat="30.27566751" lon="120.12550978"><ele>5.020</ele><time>2026-09-03T10:30:19Z</time><sat>17</sat></trkpt>
  <trkpt lat="30.27586702" lon="120.12550970"><ele>4.008</ele><time>2026-09-03T10:30:22Z</time><sat>21</sat></trkpt>
  <trkpt lat="30.27603567" lon="120.12548984"><ele>3.081</ele><time>2026-09-03T10:30:25Z</time><sat>19</sat></trkpt>
  <trkpt lat="30.27614385" lon="120.12547002"><ele>3.808</ele><time>2026-09-03T10:30:28Z</time><sat>14</sat></trkpt>
  <trkpt lat="30.27618936" lon="120.12547375"><ele>2.668</ele><time>2026-09-03T10:30:31Z</time><sat>11</sat></trkpt>
  <trkpt lat="30.27622195" lon="120.12547228"><ele>2.294</ele><time>2026-09-03T10:30:34Z</time><sat>15</sat></trkpt>
  <trkpt lat="30.27622893" lon="120.12547229"><ele>2.532</ele><time>2026-09-03T10:30:37Z</time><sat>12</sat></trkpt>
  <trkpt lat="30.27622893" lon="120.12547229"><ele>2.532</ele><time>2026-09-03T10:30:40Z</time><sat>14</sat></trkpt>
  <trkpt lat="30.27622893" lon="120.12547229"><ele>2.532</ele><time>2026-09-03T10:30:43Z</time><sat>17</sat></trkpt>
  <trkpt lat="30.27622893" lon="120.12547229"><ele>2.532</ele><time>2026-09-03T10:30:46Z</time><sat>16</sat></trkpt>
  <trkpt lat="30.27622893" lon="120.12547229"><ele>2.532</ele><time>2026-09-03T10:30:49Z</time><sat>15</sat></trkpt>
  <trkpt lat="30.27622893" lon="120.12547229"><ele>2.532</ele><time>2026-09-03T10:30:52Z</time><sat>15</sat></trkpt>
  <trkpt lat="30.27622893" lon="120.12547229"><ele>2.532</ele><time>2026-09-03T10:30:55Z</time><sat>14</sat></trkpt>
  <trkpt lat="30.27623717" lon="120.12549519"><ele>3.512</ele><time>2026-09-03T10:30:58Z</time><sat>15</sat></trkpt>
  <trkpt lat="30.27623660" lon="120.12546273"><ele>4.273</ele><time>2026-09-03T10:31:01Z</time><sat>27</sat></trkpt>
  <trkpt lat="30.27642113" lon="120.12546343"><ele>17.779</ele><time>2026-09-03T10:31:04Z</time><sat>26</sat></trkpt>
  <trkpt lat="30.27659886" lon="120.12542561"><ele>18.905</ele><time>2026-09-03T10:31:07Z</time><sat>29</sat></trkpt>
  <trkpt lat="30.27677039" lon="120.12539280"><ele>19.251</ele><time>2026-09-03T10:31:10Z</time><sat>27</sat></trkpt>
  <trkpt lat="30.27694414" lon="120.12538727"><ele>17.513</ele><time>2026-09-03T10:31:13Z</time><sat>28</sat></trkpt>
  <trkpt lat="30.27713433" lon="120.12537974"><ele>16.954</ele><time>2026-09-03T10:31:16Z</time><sat>31</sat></trkpt>
  <trkpt lat="30.27733313" lon="120.12536434"><ele>17.274</ele><time>2026-09-03T10:31:19Z</time><sat>31</sat></trkpt>
  <trkpt lat="30.27747807" lon="120.12534886"><ele>15.831</ele><time>2026-09-03T10:31:22Z</time><sat>31</sat></trkpt>
  <trkpt lat="30.27759890" lon="120.12533505"><ele>14.898</ele><time>2026-09-03T10:31:25Z</time><sat>28</sat></trkpt>
  <trkpt lat="30.27773504" lon="120.12532971"><ele>16.068</ele><time>2026-09-03T10:31:28Z</time><sat>26</sat></trkpt>
  <trkpt lat="30.27782567" lon="120.12532474"><ele>17.624</ele><time>2026-09-03T10:31:31Z</time><sat>28</sat></trkpt>
  <trkpt lat="30.27789366" lon="120.12532308"><ele>19.360</ele><time>2026-09-03T10:31:34Z</time><sat>27</sat></trkpt>
  <trkpt lat="30.27794610" lon="120.12531973"><ele>19.104</ele><time>2026-09-03T10:31:37Z</time><sat>27</sat></trkpt>
  <trkpt lat="30.27799151" lon="120.12531197"><ele>20.873</ele><time>2026-09-03T10:31:40Z</time><sat>28</sat></trkpt>
  <trkpt lat="30.27801526" lon="120.12530761"><ele>20.850</ele><time>2026-09-03T10:31:43Z</time><sat>28</sat></trkpt>
  <trkpt lat="30.27801096" lon="120.12531115"><ele>19.451</ele><time>2026-09-03T10:31:46Z</time><sat>26</sat></trkpt>
  <trkpt lat="30.27800855" lon="120.12531631"><ele>18.977</ele><time>2026-09-03T10:31:49Z</time><sat>25</sat></trkpt>
  <trkpt lat="30.27801527" lon="120.12532233"><ele>17.801</ele><time>2026-09-03T10:31:52Z</time><sat>26</sat></trkpt>
  <trkpt lat="30.27802230" lon="120.12532069"><ele>17.047</ele><time>2026-09-03T10:31:55Z</time><sat>25</sat></trkpt>
  <trkpt lat="30.27802332" lon="120.12531960"><ele>17.113</ele><time>2026-09-03T10:31:58Z</time><sat>26</sat></trkpt>
  <trkpt lat="30.27802086" lon="120.12531930"><ele>17.248</ele><time>2026-09-03T10:32:01Z</time><sat>27</sat></trkpt>
  <trkpt lat="30.27802118" lon="120.12531846"><ele>17.474</ele><time>2026-09-03T10:32:04Z</time><sat>27</sat></trkpt>
  <trkpt lat="30.27802137" lon="120.12531827"><ele>17.476</ele><time>2026-09-03T10:32:07Z</time><sat>26</sat></trkpt>
  <trkpt lat="30.27802103" lon="120.12531760"><ele>17.668</ele><time>2026-09-03T10:32:10Z</time><sat>28</sat></trkpt>
  <trkpt lat="30.27802081" lon="120.12531692"><ele>17.791</ele><time>2026-09-03T10:32:13Z</time><sat>28</sat></trkpt>
  <trkpt lat="30.27802081" lon="120.12531663"><ele>17.896</ele><time>2026-09-03T10:32:16Z</time><sat>28</sat></trkpt>
  <trkpt lat="30.27802058" lon="120.12531610"><ele>18.066</ele><time>2026-09-03T10:32:19Z</time><sat>26</sat></trkpt>
  <trkpt lat="30.27802049" lon="120.12531574"><ele>18.165</ele><time>2026-09-03T10:32:22Z</time><sat>26</sat></trkpt>
  <trkpt lat="30.27802300" lon="120.12530930"><ele>17.956</ele><time>2026-09-03T10:32:25Z</time><sat>26</sat></trkpt>
  <trkpt lat="30.27802648" lon="120.12530134"><ele>17.453</ele><time>2026-09-03T10:32:28Z</time><sat>25</sat></trkpt>
  <trkpt lat="30.27803118" lon="120.12528839"><ele>19.363</ele><time>2026-09-03T10:32:31Z</time><sat>23</sat></trkpt>
  <trkpt lat="30.27803323" lon="120.12526863"><ele>19.749</ele><time>2026-09-03T10:32:34Z</time><sat>27</sat></trkpt>
  <trkpt lat="30.27803172" lon="120.12525567"><ele>20.739</ele><time>2026-09-03T10:32:37Z</time><sat>31</sat></trkpt>
  <trkpt lat="30.27802746" lon="120.12525499"><ele>20.610</ele><time>2026-09-03T10:32:40Z</time><sat>32</sat></trkpt>
  <trkpt lat="30.27802591" lon="120.12525825"><ele>20.317</ele><time>2026-09-03T10:32:43Z</time><sat>31</sat></trkpt>
  <trkpt lat="30.27809762" lon="120.12526639"><ele>20.447</ele><time>2026-09-03T10:32:46Z</time><sat>28</sat></trkpt>
  <trkpt lat="30.27828688" lon="120.12525606"><ele>19.992</ele><time>2026-09-03T10:32:49Z</time><sat>29</sat></trkpt>
  <trkpt lat="30.27847901" lon="120.12524659"><ele>19.649</ele><time>2026-09-03T10:32:52Z</time><sat>27</sat></trkpt>
  <trkpt lat="30.27863108" lon="120.12523269"><ele>20.063</ele><time>2026-09-03T10:32:55Z</time><sat>29</sat></trkpt>
  <trkpt lat="30.27879217" lon="120.12522316"><ele>19.827</ele><time>2026-09-03T10:32:58Z</time><sat>30</sat></trkpt>
  <trkpt lat="30.27895278" lon="120.12521628"><ele>19.342</ele><time>2026-09-03T10:33:01Z</time><sat>25</sat></trkpt>
  <trkpt lat="30.27911217" lon="120.12518777"><ele>19.352</ele><time>2026-09-03T10:33:04Z</time><sat>22</sat></trkpt>
  <trkpt lat="30.27925534" lon="120.12516578"><ele>18.222</ele><time>2026-09-03T10:33:07Z</time><sat>26</sat></trkpt>
  <trkpt lat="30.27942331" lon="120.12514930"><ele>17.544</ele><time>2026-09-03T10:33:10Z</time><sat>27</sat></trkpt>
  <trkpt lat="30.27964550" lon="120.12513301"><ele>15.916</ele><time>2026-09-03T10:33:13Z</time><sat>29</sat></trkpt>
  <trkpt lat="30.27989809" lon="120.12510968"><ele>16.041</ele><time>2026-09-03T10:33:16Z</time><sat>32</sat></trkpt>
  <trkpt lat="30.28014066" lon="120.12509510"><ele>15.100</ele><time>2026-09-03T10:33:19Z</time><sat>31</sat></trkpt>
  <trkpt lat="30.28031640" lon="120.12508328"><ele>14.522</ele><time>2026-09-03T10:33:22Z</time><sat>31</sat></trkpt>
  <trkpt lat="30.28042857" lon="120.12507774"><ele>13.696</ele><time>2026-09-03T10:33:25Z</time><sat>31</sat></trkpt>
  <trkpt lat="30.28058979" lon="120.12507259"><ele>13.934</ele><time>2026-09-03T10:33:28Z</time><sat>29</sat></trkpt>
  <trkpt lat="30.28079619" lon="120.12505037"><ele>15.263</ele><time>2026-09-03T10:33:31Z</time><sat>30</sat></trkpt>
  <trkpt lat="30.28104410" lon="120.12503228"><ele>15.587</ele><time>2026-09-03T10:33:34Z</time><sat>29</sat></trkpt>
  <trkpt lat="30.28131297" lon="120.12502282"><ele>15.017</ele><time>2026-09-03T10:33:37Z</time><sat>29</sat></trkpt>
  <trkpt lat="30.28148619" lon="120.12502560"><ele>13.803</ele><time>2026-09-03T10:33:40Z</time><sat>29</sat></trkpt>
  <trkpt lat="30.28159306" lon="120.12502557"><ele>13.197</ele><time>2026-09-03T10:33:43Z</time><sat>28</sat></trkpt>
  <trkpt lat="30.28173632" lon="120.12501464"><ele>12.004</ele><time>2026-09-03T10:33:46Z</time><sat>27</sat></trkpt>
  <trkpt lat="30.28191087" lon="120.12498259"><ele>11.343</ele><time>2026-09-03T10:33:49Z</time><sat>26</sat></trkpt>
  <trkpt lat="30.28203577" lon="120.12495889"><ele>10.699</ele><time>2026-09-03T10:33:52Z</time><sat>27</sat></trkpt>
  <trkpt lat="30.28218007" lon="120.12494357"><ele>10.257</ele><time>2026-09-03T10:33:55Z</time><sat>27</sat></trkpt>
  <trkpt lat="30.28232262" lon="120.12493415"><ele>9.870</ele><time>2026-09-03T10:33:58Z</time><sat>26</sat></trkpt>
  <trkpt lat="30.28243339" lon="120.12492266"><ele>10.248</ele><time>2026-09-03T10:34:01Z</time><sat>27</sat></trkpt>
  <trkpt lat="30.28257675" lon="120.12491284"><ele>10.576</ele><time>2026-09-03T10:34:04Z</time><sat>28</sat></trkpt>
  <trkpt lat="30.28272689" lon="120.12488827"><ele>11.395</ele><time>2026-09-03T10:34:07Z</time><sat>30</sat></trkpt>
  <trkpt lat="30.28285295" lon="120.12487635"><ele>11.551</ele><time>2026-09-03T10:34:10Z</time><sat>29</sat></trkpt>
  <trkpt lat="30.28292511" lon="120.12487547"><ele>10.667</ele><time>2026-09-03T10:34:13Z</time><sat>25</sat></trkpt>
  <trkpt lat="30.28295425" lon="120.12487005"><ele>10.696</ele><time>2026-09-03T10:34:16Z</time><sat>25</sat></trkpt>
  <trkpt lat="30.28299142" lon="120.12487448"><ele>10.937</ele><time>2026-09-03T10:34:19Z</time><sat>27</sat></trkpt>
  <trkpt lat="30.28305318" lon="120.12487583"><ele>10.447</ele><time>2026-09-03T10:34:22Z</time><sat>25</sat></trkpt>
  <trkpt lat="30.28316417" lon="120.12487887"><ele>9.572</ele><time>2026-09-03T10:34:25Z</time><sat>25</sat></trkpt>
  <trkpt lat="30.28331020" lon="120.12486598"><ele>8.574</ele><time>2026-09-03T10:34:28Z</time><sat>26</sat></trkpt>
  <trkpt lat="30.28348426" lon="120.12484852"><ele>8.197</ele><time>2026-09-03T10:34:31Z</time><sat>25</sat></trkpt>
  <trkpt lat="30.28363700" lon="120.12483334"><ele>8.843</ele><time>2026-09-03T10:34:34Z</time><sat>22</sat></trkpt>
  <trkpt lat="30.28371481" lon="120.12482893"><ele>9.375</ele><time>2026-09-03T10:34:37Z</time><sat>25</sat></trkpt>
  <trkpt lat="30.28376912" lon="120.12482714"><ele>9.324</ele><time>2026-09-03T10:34:40Z</time><sat>28</sat></trkpt>
  <trkpt lat="30.28377441" lon="120.12482665"><ele>9.452</ele><time>2026-09-03T10:34:43Z</time><sat>30</sat></trkpt>
  <trkpt lat="30.28377938" lon="120.12482850"><ele>9.793</ele><time>2026-09-03T10:34:46Z</time><sat>31</sat></trkpt>
  <trkpt lat="30.28378067" lon="120.12482723"><ele>10.369</ele><time>2026-09-03T10:34:49Z</time><sat>30</sat></trkpt>
  <trkpt lat="30.28378323" lon="120.12482817"><ele>10.631</ele><time>2026-09-03T10:34:52Z</time><sat>29</sat></trkpt>
  <trkpt lat="30.28378387" lon="120.12482775"><ele>10.962</ele><time>2026-09-03T10:34:55Z</time><sat>29</sat></trkpt>
  <trkpt lat="30.28378394" lon="120.12482752"><ele>11.061</ele><time>2026-09-03T10:34:58Z</time><sat>29</sat></trkpt>
  <trkpt lat="30.28378420" lon="120.12482755"><ele>11.168</ele><time>2026-09-03T10:35:01Z</time><sat>28</sat></trkpt>
  <trkpt lat="30.28378426" lon="120.12482761"><ele>11.248</ele><time>2026-09-03T10:35:04Z</time><sat>29</sat></trkpt>
  <trkpt lat="30.28378430" lon="120.12482752"><ele>11.278</ele><time>2026-09-03T10:35:07Z</time><sat>29</sat></trkpt>
  <trkpt lat="30.28378452" lon="120.12482762"><ele>11.309</ele><time>2026-09-03T10:35:10Z</time><sat>28</sat></trkpt>
  <trkpt lat="30.28378509" lon="120.12482789"><ele>11.330</ele><time>2026-09-03T10:35:13Z</time><sat>28</sat></trkpt>
  <trkpt lat="30.28378536" lon="120.12482794"><ele>11.349</ele><time>2026-09-03T10:35:16Z</time><sat>29</sat></trkpt>
  <trkpt lat="30.28378755" lon="120.12482825"><ele>11.351</ele><time>2026-09-03T10:35:19Z</time><sat>27</sat></trkpt>
  <trkpt lat="30.28379169" lon="120.12482962"><ele>11.976</ele><time>2026-09-03T10:35:22Z</time><sat>28</sat></trkpt>
  <trkpt lat="30.28379283" lon="120.12483057"><ele>13.106</ele><time>2026-09-03T10:35:25Z</time><sat>30</sat></trkpt>
  <trkpt lat="30.28379463" lon="120.12483192"><ele>13.248</ele><time>2026-09-03T10:35:28Z</time><sat>31</sat></trkpt>
  <trkpt lat="30.28379526" lon="120.12483139"><ele>13.412</ele><time>2026-09-03T10:35:31Z</time><sat>32</sat></trkpt>
  <trkpt lat="30.28381989" lon="120.12482711"><ele>14.821</ele><time>2026-09-03T10:35:34Z</time><sat>32</sat></trkpt>
  <trkpt lat="30.28391972" lon="120.12481922"><ele>14.092</ele><time>2026-09-03T10:35:37Z</time><sat>32</sat></trkpt>
  <trkpt lat="30.28416519" lon="120.12478352"><ele>15.117</ele><time>2026-09-03T10:35:40Z</time><sat>31</sat></trkpt>
  <trkpt lat="30.28439390" lon="120.12476705"><ele>15.054</ele><time>2026-09-03T10:35:43Z</time><sat>25</sat></trkpt>
  <trkpt lat="30.28459806" lon="120.12474718"><ele>13.997</ele><time>2026-09-03T10:35:46Z</time><sat>25</sat></trkpt>
  <trkpt lat="30.28478612" lon="120.12472917"><ele>12.979</ele><time>2026-09-03T10:35:49Z</time><sat>26</sat></trkpt>
  <trkpt lat="30.28496397" lon="120.12471311"><ele>12.833</ele><time>2026-09-03T10:35:52Z</time><sat>28</sat></trkpt>
  <trkpt lat="30.28513838" lon="120.12469852"><ele>12.506</ele><time>2026-09-03T10:35:55Z</time><sat>26</sat></trkpt>
  <trkpt lat="30.28534812" lon="120.12468699"><ele>11.912</ele><time>2026-09-03T10:35:58Z</time><sat>27</sat></trkpt>
  <trkpt lat="30.28550873" lon="120.12467142"><ele>12.061</ele><time>2026-09-03T10:36:01Z</time><sat>30</sat></trkpt>
  <trkpt lat="30.28563509" lon="120.12466356"><ele>11.190</ele><time>2026-09-03T10:36:04Z</time><sat>30</sat></trkpt>
  <trkpt lat="30.28576279" lon="120.12465098"><ele>11.223</ele><time>2026-09-03T10:36:07Z</time><sat>28</sat></trkpt>
  <trkpt lat="30.28590353" lon="120.12464017"><ele>10.064</ele><time>2026-09-03T10:36:10Z</time><sat>26</sat></trkpt>
  <trkpt lat="30.28605426" lon="120.12463105"><ele>9.206</ele><time>2026-09-03T10:36:13Z</time><sat>26</sat></trkpt>
  <trkpt lat="30.28623655" lon="120.12461865"><ele>9.453</ele><time>2026-09-03T10:36:16Z</time><sat>26</sat></trkpt>
  <trkpt lat="30.28645294" lon="120.12460579"><ele>9.024</ele><time>2026-09-03T10:36:19Z</time><sat>27</sat></trkpt>
  <trkpt lat="30.28670329" lon="120.12458498"><ele>9.094</ele><time>2026-09-03T10:36:22Z</time><sat>26</sat></trkpt>
  <trkpt lat="30.28693668" lon="120.12456777"><ele>8.730</ele><time>2026-09-03T10:36:25Z</time><sat>26</sat></trkpt>
  <trkpt lat="30.28715514" lon="120.12454710"><ele>8.874</ele><time>2026-09-03T10:36:28Z</time><sat>27</sat></trkpt>
  <trkpt lat="30.28733823" lon="120.12452647"><ele>9.614</ele><time>2026-09-03T10:36:31Z</time><sat>29</sat></trkpt>
  <trkpt lat="30.28754206" lon="120.12449223"><ele>10.659</ele><time>2026-09-03T10:36:34Z</time><sat>28</sat></trkpt>
  <trkpt lat="30.28775547" lon="120.12446123"><ele>11.900</ele><time>2026-09-03T10:36:37Z</time><sat>28</sat></trkpt>
  <trkpt lat="30.28797096" lon="120.12445321"><ele>10.606</ele><time>2026-09-03T10:36:40Z</time><sat>28</sat></trkpt>
  <trkpt lat="30.28817966" lon="120.12443435"><ele>9.857</ele><time>2026-09-03T10:36:43Z</time><sat>28</sat></trkpt>
  <trkpt lat="30.28838090" lon="120.12441985"><ele>10.027</ele><time>2026-09-03T10:36:46Z</time><sat>26</sat></trkpt>
  <trkpt lat="30.28857343" lon="120.12440662"><ele>10.431</ele><time>2026-09-03T10:36:49Z</time><sat>27</sat></trkpt>
  <trkpt lat="30.28873805" lon="120.12439215"><ele>9.686</ele><time>2026-09-03T10:36:52Z</time><sat>26</sat></trkpt>
  <trkpt lat="30.28887209" lon="120.12438149"><ele>11.573</ele><time>2026-09-03T10:36:55Z</time><sat>26</sat></trkpt>
  <trkpt lat="30.28899877" lon="120.12439401"><ele>11.718</ele><time>2026-09-03T10:36:58Z</time><sat>26</sat></trkpt>
  <trkpt lat="30.28908261" lon="120.12438269"><ele>11.345</ele><time>2026-09-03T10:37:01Z</time><sat>26</sat></trkpt>
  <trkpt lat="30.28916781" lon="120.12436434"><ele>12.306</ele><time>2026-09-03T10:37:04Z</time><sat>26</sat></trkpt>
  <trkpt lat="30.28923530" lon="120.12436347"><ele>14.164</ele><time>2026-09-03T10:37:07Z</time><sat>26</sat></trkpt>
  <trkpt lat="30.28928458" lon="120.12436195"><ele>15.256</ele><time>2026-09-03T10:37:10Z</time><sat>26</sat></trkpt>
  <trkpt lat="30.28931486" lon="120.12436079"><ele>17.706</ele><time>2026-09-03T10:37:13Z</time><sat>26</sat></trkpt>
  <trkpt lat="30.28932773" lon="120.12436341"><ele>18.386</ele><time>2026-09-03T10:37:16Z</time><sat>25</sat></trkpt>
  <trkpt lat="30.28933018" lon="120.12436192"><ele>18.807</ele><time>2026-09-03T10:37:19Z</time><sat>24</sat></trkpt>
  <trkpt lat="30.28933107" lon="120.12436339"><ele>18.406</ele><time>2026-09-03T10:37:22Z</time><sat>23</sat></trkpt>
  <trkpt lat="30.28933202" lon="120.12436548"><ele>17.971</ele><time>2026-09-03T10:37:25Z</time><sat>21</sat></trkpt>
  <trkpt lat="30.28933163" lon="120.12436610"><ele>17.873</ele><time>2026-09-03T10:37:28Z</time><sat>18</sat></trkpt>
  <trkpt lat="30.28933161" lon="120.12436494"><ele>18.196</ele><time>2026-09-03T10:37:31Z</time><sat>22</sat></trkpt>
  <trkpt lat="30.28933182" lon="120.12436475"><ele>18.245</ele><time>2026-09-03T10:37:34Z</time><sat>23</sat></trkpt>
  <trkpt lat="30.28933385" lon="120.12436699"><ele>17.999</ele><time>2026-09-03T10:37:37Z</time><sat>24</sat></trkpt>
  <trkpt lat="30.28934538" lon="120.12438228"><ele>17.576</ele><time>2026-09-03T10:37:40Z</time><sat>20</sat></trkpt>
  <trkpt lat="30.28934906" lon="120.12438445"><ele>17.363</ele><time>2026-09-03T10:37:43Z</time><sat>21</sat></trkpt>
  <trkpt lat="30.28938559" lon="120.12438409"><ele>17.327</ele><time>2026-09-03T10:37:46Z</time><sat>19</sat></trkpt>
  <trkpt lat="30.28948066" lon="120.12438363"><ele>16.417</ele><time>2026-09-03T10:37:49Z</time><sat>18</sat></trkpt>
  <trkpt lat="30.28967567" lon="120.12437077"><ele>15.496</ele><time>2026-09-03T10:37:52Z</time><sat>21</sat></trkpt>
  <trkpt lat="30.28986085" lon="120.12435709"><ele>14.521</ele><time>2026-09-03T10:37:55Z</time><sat>22</sat></trkpt>
  <trkpt lat="30.29004353" lon="120.12435718"><ele>10.934</ele><time>2026-09-03T10:37:58Z</time><sat>26</sat></trkpt>
  <trkpt lat="30.29020605" lon="120.12434681"><ele>8.882</ele><time>2026-09-03T10:38:01Z</time><sat>26</sat></trkpt>
  <trkpt lat="30.29041748" lon="120.12434271"><ele>7.167</ele><time>2026-09-03T10:38:04Z</time><sat>26</sat></trkpt>
  <trkpt lat="30.29062135" lon="120.12432518"><ele>6.121</ele><time>2026-09-03T10:38:07Z</time><sat>28</sat></trkpt>
  <trkpt lat="30.29088572" lon="120.12431122"><ele>5.833</ele><time>2026-09-03T10:38:10Z</time><sat>30</sat></trkpt>
  <trkpt lat="30.29116645" lon="120.12428796"><ele>5.841</ele><time>2026-09-03T10:38:13Z</time><sat>30</sat></trkpt>
  <trkpt lat="30.29143982" lon="120.12426024"><ele>5.601</ele><time>2026-09-03T10:38:16Z</time><sat>28</sat></trkpt>
  <trkpt lat="30.29167468" lon="120.12424169"><ele>6.101</ele><time>2026-09-03T10:38:19Z</time><sat>27</sat></trkpt>
  <trkpt lat="30.29179635" lon="120.12423972"><ele>6.084</ele><time>2026-09-03T10:38:22Z</time><sat>23</sat></trkpt>
  <trkpt lat="30.29187335" lon="120.12425234"><ele>6.570</ele><time>2026-09-03T10:38:25Z</time><sat>20</sat></trkpt>
  <trkpt lat="30.29198663" lon="120.12426149"><ele>7.044</ele><time>2026-09-03T10:38:28Z</time><sat>19</sat></trkpt>
  <trkpt lat="30.29207950" lon="120.12424659"><ele>6.744</ele><time>2026-09-03T10:38:31Z</time><sat>19</sat></trkpt>
  <trkpt lat="30.29210300" lon="120.12423766"><ele>7.041</ele><time>2026-09-03T10:38:34Z</time><sat>26</sat></trkpt>
  <trkpt lat="30.29210661" lon="120.12422867"><ele>8.198</ele><time>2026-09-03T10:38:37Z</time><sat>28</sat></trkpt>
  <trkpt lat="30.29210011" lon="120.12423142"><ele>8.581</ele><time>2026-09-03T10:38:40Z</time><sat>28</sat></trkpt>
  <trkpt lat="30.29211470" lon="120.12423207"><ele>8.828</ele><time>2026-09-03T10:38:43Z</time><sat>26</sat></trkpt>
  <trkpt lat="30.29214541" lon="120.12422823"><ele>9.792</ele><time>2026-09-03T10:38:46Z</time><sat>27</sat></trkpt>
  <trkpt lat="30.29217987" lon="120.12422302"><ele>10.000</ele><time>2026-09-03T10:38:49Z</time><sat>28</sat></trkpt>
  <trkpt lat="30.29223519" lon="120.12421472"><ele>10.046</ele><time>2026-09-03T10:38:52Z</time><sat>28</sat></trkpt>
  <trkpt lat="30.29232242" lon="120.12420631"><ele>10.263</ele><time>2026-09-03T10:38:55Z</time><sat>27</sat></trkpt>
  <trkpt lat="30.29242712" lon="120.12419649"><ele>10.217</ele><time>2026-09-03T10:38:58Z</time><sat>30</sat></trkpt>
  <trkpt lat="30.29251842" lon="120.12419165"><ele>9.909</ele><time>2026-09-03T10:39:01Z</time><sat>28</sat></trkpt>
  <trkpt lat="30.29260814" lon="120.12418826"><ele>9.159</ele><time>2026-09-03T10:39:04Z</time><sat>29</sat></trkpt>
  <trkpt lat="30.29264924" lon="120.12418887"><ele>9.158</ele><time>2026-09-03T10:39:07Z</time><sat>30</sat></trkpt>
  <trkpt lat="30.29264667" lon="120.12418383"><ele>9.445</ele><time>2026-09-03T10:39:10Z</time><sat>31</sat></trkpt>
  <trkpt lat="30.29263747" lon="120.12418139"><ele>9.335</ele><time>2026-09-03T10:39:13Z</time><sat>29</sat></trkpt>
  <trkpt lat="30.29264158" lon="120.12418162"><ele>9.991</ele><time>2026-09-03T10:39:16Z</time><sat>28</sat></trkpt>
  <trkpt lat="30.29264577" lon="120.12418618"><ele>9.797</ele><time>2026-09-03T10:39:19Z</time><sat>27</sat></trkpt>
  <trkpt lat="30.29264000" lon="120.12418407"><ele>9.193</ele><time>2026-09-03T10:39:22Z</time><sat>26</sat></trkpt>
  <trkpt lat="30.29263564" lon="120.12418418"><ele>9.182</ele><time>2026-09-03T10:39:25Z</time><sat>26</sat></trkpt>
  <trkpt lat="30.29263808" lon="120.12418497"><ele>8.894</ele><time>2026-09-03T10:39:28Z</time><sat>28</sat></trkpt>
  <trkpt lat="30.29264194" lon="120.12418662"><ele>9.368</ele><time>2026-09-03T10:39:31Z</time><sat>24</sat></trkpt>
  <trkpt lat="30.29264564" lon="120.12418511"><ele>9.673</ele><time>2026-09-03T10:39:34Z</time><sat>29</sat></trkpt>
  <trkpt lat="30.29264647" lon="120.12418417"><ele>9.799</ele><time>2026-09-03T10:39:37Z</time><sat>30</sat></trkpt>
  <trkpt lat="30.29264667" lon="120.12418357"><ele>9.882</ele><time>2026-09-03T10:39:40Z</time><sat>30</sat></trkpt>
  <trkpt lat="30.29264687" lon="120.12418300"><ele>9.964</ele><time>2026-09-03T10:39:43Z</time><sat>28</sat></trkpt>
  <trkpt lat="30.29264709" lon="120.12418236"><ele>10.060</ele><time>2026-09-03T10:39:46Z</time><sat>29</sat></trkpt>
  <trkpt lat="30.29264729" lon="120.12418173"><ele>10.158</ele><time>2026-09-03T10:39:49Z</time><sat>29</sat></trkpt>
  <trkpt lat="30.29265603" lon="120.12418148"><ele>10.080</ele><time>2026-09-03T10:39:52Z</time><sat>28</sat></trkpt>
  <trkpt lat="30.29269698" lon="120.12417673"><ele>10.094</ele><time>2026-09-03T10:39:55Z</time><sat>28</sat></trkpt>
  <trkpt lat="30.29273719" lon="120.12417563"><ele>9.382</ele><time>2026-09-03T10:39:58Z</time><sat>28</sat></trkpt>
  <trkpt lat="30.29279637" lon="120.12417295"><ele>8.149</ele><time>2026-09-03T10:40:01Z</time><sat>27</sat></trkpt>
  <trkpt lat="30.29287893" lon="120.12417269"><ele>7.462</ele><time>2026-09-03T10:40:04Z</time><sat>28</sat></trkpt>
  <trkpt lat="30.29299161" lon="120.12416765"><ele>7.165</ele><time>2026-09-03T10:40:07Z</time><sat>30</sat></trkpt>
  <trkpt lat="30.29313281" lon="120.12416171"><ele>7.170</ele><time>2026-09-03T10:40:10Z</time><sat>31</sat></trkpt>
  <trkpt lat="30.29328106" lon="120.12413343"><ele>6.948</ele><time>2026-09-03T10:40:13Z</time><sat>31</sat></trkpt>
  <trkpt lat="30.29343601" lon="120.12411381"><ele>7.082</ele><time>2026-09-03T10:40:16Z</time><sat>31</sat></trkpt>
  <trkpt lat="30.29362247" lon="120.12409895"><ele>7.015</ele><time>2026-09-03T10:40:19Z</time><sat>32</sat></trkpt>
  <trkpt lat="30.29385593" lon="120.12408753"><ele>6.107</ele><time>2026-09-03T10:40:22Z</time><sat>31</sat></trkpt>
  <trkpt lat="30.29407798" lon="120.12408460"><ele>6.918</ele><time>2026-09-03T10:40:25Z</time><sat>28</sat></trkpt>
  <trkpt lat="30.29426066" lon="120.12409999"><ele>6.417</ele><time>2026-09-03T10:40:28Z</time><sat>28</sat></trkpt>
  <trkpt lat="30.29438264" lon="120.12409398"><ele>6.238</ele><time>2026-09-03T10:40:31Z</time><sat>30</sat></trkpt>
  <trkpt lat="30.29446192" lon="120.12408586"><ele>6.078</ele><time>2026-09-03T10:40:34Z</time><sat>29</sat></trkpt>
  <trkpt lat="30.29449614" lon="120.12408173"><ele>6.320</ele><time>2026-09-03T10:40:37Z</time><sat>28</sat></trkpt>
  <trkpt lat="30.29450557" lon="120.12407898"><ele>6.323</ele><time>2026-09-03T10:40:40Z</time><sat>29</sat></trkpt>
  <trkpt lat="30.29450793" lon="120.12407240"><ele>6.477</ele><time>2026-09-03T10:40:43Z</time><sat>29</sat></trkpt>
  <trkpt lat="30.29452468" lon="120.12407056"><ele>6.439</ele><time>2026-09-03T10:40:46Z</time><sat>30</sat></trkpt>
  <trkpt lat="30.29456107" lon="120.12406900"><ele>5.958</ele><time>2026-09-03T10:40:49Z</time><sat>28</sat></trkpt>
  <trkpt lat="30.29462039" lon="120.12406626"><ele>5.552</ele><time>2026-09-03T10:40:52Z</time><sat>28</sat></trkpt>
  <trkpt lat="30.29473389" lon="120.12405700"><ele>4.955</ele><time>2026-09-03T10:40:55Z</time><sat>26</sat></trkpt>
  <trkpt lat="30.29488598" lon="120.12404809"><ele>4.900</ele><time>2026-09-03T10:40:58Z</time><sat>26</sat></trkpt>
  <trkpt lat="30.29506621" lon="120.12401741"><ele>5.417</ele><time>2026-09-03T10:41:01Z</time><sat>26</sat></trkpt>
  <trkpt lat="30.29515149" lon="120.12399026"><ele>8.912</ele><time>2026-09-03T10:41:04Z</time><sat>27</sat></trkpt>
  <trkpt lat="30.29519950" lon="120.12399510"><ele>11.945</ele><time>2026-09-03T10:41:07Z</time><sat>30</sat></trkpt>
  <trkpt lat="30.29527303" lon="120.12398649"><ele>11.455</ele><time>2026-09-03T10:41:10Z</time><sat>30</sat></trkpt>
  <trkpt lat="30.29533733" lon="120.12397958"><ele>11.651</ele><time>2026-09-03T10:41:13Z</time><sat>28</sat></trkpt>
  <trkpt lat="30.29547636" lon="120.12398812"><ele>11.258</ele><time>2026-09-03T10:41:16Z</time><sat>26</sat></trkpt>
  <trkpt lat="30.29566309" lon="120.12399245"><ele>10.467</ele><time>2026-09-03T10:41:19Z</time><sat>26</sat></trkpt>
  <trkpt lat="30.29590004" lon="120.12398726"><ele>8.776</ele><time>2026-09-03T10:41:22Z</time><sat>25</sat></trkpt>
  <trkpt lat="30.29607643" lon="120.12398142"><ele>8.618</ele><time>2026-09-03T10:41:25Z</time><sat>28</sat></trkpt>
  <trkpt lat="30.29620706" lon="120.12398248"><ele>8.986</ele><time>2026-09-03T10:41:28Z</time><sat>29</sat></trkpt>
  <trkpt lat="30.29631548" lon="120.12397747"><ele>9.820</ele><time>2026-09-03T10:41:31Z</time><sat>28</sat></trkpt>
  <trkpt lat="30.29638977" lon="120.12397157"><ele>11.157</ele><time>2026-09-03T10:41:34Z</time><sat>26</sat></trkpt>
  <trkpt lat="30.29639960" lon="120.12397182"><ele>11.159</ele><time>2026-09-03T10:41:37Z</time><sat>26</sat></trkpt>
  <trkpt lat="30.29639247" lon="120.12397591"><ele>11.340</ele><time>2026-09-03T10:41:40Z</time><sat>26</sat></trkpt>
  <trkpt lat="30.29639088" lon="120.12397848"><ele>11.275</ele><time>2026-09-03T10:41:43Z</time><sat>27</sat></trkpt>
  <trkpt lat="30.29638970" lon="120.12397978"><ele>11.171</ele><time>2026-09-03T10:41:46Z</time><sat>27</sat></trkpt>
  <trkpt lat="30.29638925" lon="120.12398023"><ele>11.424</ele><time>2026-09-03T10:41:49Z</time><sat>27</sat></trkpt>
  <trkpt lat="30.29638915" lon="120.12398013"><ele>11.469</ele><time>2026-09-03T10:41:52Z</time><sat>27</sat></trkpt>
  <trkpt lat="30.29638911" lon="120.12398006"><ele>11.479</ele><time>2026-09-03T10:41:55Z</time><sat>27</sat></trkpt>
  <trkpt lat="30.29639091" lon="120.12397638"><ele>11.241</ele><time>2026-09-03T10:41:58Z</time><sat>27</sat></trkpt>
  <trkpt lat="30.29639031" lon="120.12397070"><ele>10.929</ele><time>2026-09-03T10:42:01Z</time><sat>27</sat></trkpt>
  <trkpt lat="30.29639835" lon="120.12397289"><ele>9.303</ele><time>2026-09-03T10:42:04Z</time><sat>26</sat></trkpt>
  <trkpt lat="30.29638586" lon="120.12398765"><ele>9.370</ele><time>2026-09-03T10:42:07Z</time><sat>24</sat></trkpt>
  <trkpt lat="30.29637648" lon="120.12398586"><ele>9.595</ele><time>2026-09-03T10:42:10Z</time><sat>22</sat></trkpt>
  <trkpt lat="30.29637859" lon="120.12398701"><ele>9.021</ele><time>2026-09-03T10:42:13Z</time><sat>23</sat></trkpt>
  <trkpt lat="30.29636858" lon="120.12398620"><ele>9.209</ele><time>2026-09-03T10:42:16Z</time><sat>23</sat></trkpt>
  <trkpt lat="30.29636456" lon="120.12398769"><ele>9.143</ele><time>2026-09-03T10:42:19Z</time><sat>25</sat></trkpt>
  <trkpt lat="30.29636081" lon="120.12398497"><ele>8.758</ele><time>2026-09-03T10:42:22Z</time><sat>24</sat></trkpt>
  <trkpt lat="30.29635936" lon="120.12398432"><ele>8.628</ele><time>2026-09-03T10:42:25Z</time><sat>25</sat></trkpt>
  <trkpt lat="30.29635424" lon="120.12397790"><ele>8.360</ele><time>2026-09-03T10:42:28Z</time><sat>26</sat></trkpt>
  <trkpt lat="30.29635395" lon="120.12397621"><ele>8.088</ele><time>2026-09-03T10:42:31Z</time><sat>25</sat></trkpt>
  <trkpt lat="30.29635239" lon="120.12397209"><ele>7.721</ele><time>2026-09-03T10:42:34Z</time><sat>26</sat></trkpt>
  <trkpt lat="30.29635933" lon="120.12397787"><ele>7.782</ele><time>2026-09-03T10:42:37Z</time><sat>27</sat></trkpt>
  <trkpt lat="30.29635870" lon="120.12397255"><ele>7.044</ele><time>2026-09-03T10:42:40Z</time><sat>26</sat></trkpt>
  <trkpt lat="30.29636034" lon="120.12396667"><ele>6.656</ele><time>2026-09-03T10:42:43Z</time><sat>22</sat></trkpt>
  <trkpt lat="30.29636297" lon="120.12396463"><ele>6.383</ele><time>2026-09-03T10:42:46Z</time><sat>26</sat></trkpt>
  <trkpt lat="30.29640222" lon="120.12396384"><ele>6.425</ele><time>2026-09-03T10:42:49Z</time><sat>26</sat></trkpt>
  <trkpt lat="30.29654611" lon="120.12395540"><ele>6.266</ele><time>2026-09-03T10:42:52Z</time><sat>26</sat></trkpt>
  <trkpt lat="30.29674651" lon="120.12395088"><ele>5.887</ele><time>2026-09-03T10:42:55Z</time><sat>29</sat></trkpt>
  <trkpt lat="30.29697482" lon="120.12392341"><ele>5.312</ele><time>2026-09-03T10:42:58Z</time><sat>30</sat></trkpt>
  <trkpt lat="30.29722292" lon="120.12388628"><ele>5.512</ele><time>2026-09-03T10:43:01Z</time><sat>32</sat></trkpt>
  <trkpt lat="30.29747307" lon="120.12384520"><ele>5.559</ele><time>2026-09-03T10:43:04Z</time><sat>31</sat></trkpt>
  <trkpt lat="30.29772475" lon="120.12380496"><ele>5.521</ele><time>2026-09-03T10:43:07Z</time><sat>32</sat></trkpt>
  <trkpt lat="30.29800089" lon="120.12375450"><ele>5.848</ele><time>2026-09-03T10:43:10Z</time><sat>31</sat></trkpt>
  <trkpt lat="30.29832402" lon="120.12366013"><ele>6.699</ele><time>2026-09-03T10:43:13Z</time><sat>31</sat></trkpt>
  <trkpt lat="30.29867903" lon="120.12351036"><ele>7.677</ele><time>2026-09-03T10:43:16Z</time><sat>29</sat></trkpt>
  <trkpt lat="30.29897257" lon="120.12333466"><ele>8.217</ele><time>2026-09-03T10:43:19Z</time><sat>30</sat></trkpt>
  <trkpt lat="30.29919915" lon="120.12316502"><ele>8.929</ele><time>2026-09-03T10:43:22Z</time><sat>30</sat></trkpt>
  <trkpt lat="30.29940924" lon="120.12299792"><ele>10.119</ele><time>2026-09-03T10:43:25Z</time><sat>31</sat></trkpt>
  <trkpt lat="30.29956957" lon="120.12286479"><ele>11.849</ele><time>2026-09-03T10:43:28Z</time><sat>33</sat></trkpt>
  <trkpt lat="30.29966053" lon="120.12278195"><ele>11.625</ele><time>2026-09-03T10:43:31Z</time><sat>33</sat></trkpt>
  <trkpt lat="30.29972936" lon="120.12270640"><ele>10.667</ele><time>2026-09-03T10:43:34Z</time><sat>31</sat></trkpt>
  <trkpt lat="30.29981497" lon="120.12258909"><ele>10.002</ele><time>2026-09-03T10:43:37Z</time><sat>31</sat></trkpt>
  <trkpt lat="30.29988165" lon="120.12252640"><ele>10.944</ele><time>2026-09-03T10:43:40Z</time><sat>32</sat></trkpt>
  <trkpt lat="30.29992630" lon="120.12247552"><ele>10.832</ele><time>2026-09-03T10:43:43Z</time><sat>31</sat></trkpt>
  <trkpt lat="30.29997036" lon="120.12242670"><ele>9.914</ele><time>2026-09-03T10:43:46Z</time><sat>28</sat></trkpt>
  <trkpt lat="30.30001445" lon="120.12236764"><ele>9.284</ele><time>2026-09-03T10:43:49Z</time><sat>27</sat></trkpt>
  <trkpt lat="30.30004318" lon="120.12232811"><ele>8.595</ele><time>2026-09-03T10:43:52Z</time><sat>27</sat></trkpt>
  <trkpt lat="30.30007712" lon="120.12228765"><ele>8.541</ele><time>2026-09-03T10:43:55Z</time><sat>28</sat></trkpt>
  <trkpt lat="30.30015027" lon="120.12223951"><ele>8.096</ele><time>2026-09-03T10:43:58Z</time><sat>28</sat></trkpt>
  <trkpt lat="30.30024830" lon="120.12226440"><ele>6.615</ele><time>2026-09-03T10:44:01Z</time><sat>28</sat></trkpt>
  <trkpt lat="30.30037557" lon="120.12239369"><ele>5.508</ele><time>2026-09-03T10:44:04Z</time><sat>27</sat></trkpt>
  <trkpt lat="30.30058532" lon="120.12256342"><ele>4.694</ele><time>2026-09-03T10:44:07Z</time><sat>27</sat></trkpt>
  <trkpt lat="30.30084503" lon="120.12267819"><ele>5.034</ele><time>2026-09-03T10:44:10Z</time><sat>29</sat></trkpt>
  <trkpt lat="30.30108219" lon="120.12275328"><ele>5.719</ele><time>2026-09-03T10:44:13Z</time><sat>27</sat></trkpt>
  <trkpt lat="30.30127748" lon="120.12278003"><ele>6.468</ele><time>2026-09-03T10:44:16Z</time><sat>25</sat></trkpt>
  <trkpt lat="30.30137465" lon="120.12279683"><ele>5.558</ele><time>2026-09-03T10:44:19Z</time><sat>25</sat></trkpt>
  <trkpt lat="30.30141076" lon="120.12279846"><ele>5.097</ele><time>2026-09-03T10:44:22Z</time><sat>22</sat></trkpt>
  <trkpt lat="30.30145395" lon="120.12280072"><ele>5.276</ele><time>2026-09-03T10:44:25Z</time><sat>22</sat></trkpt>
  <trkpt lat="30.30149963" lon="120.12280314"><ele>5.634</ele><time>2026-09-03T10:44:28Z</time><sat>17</sat></trkpt>
  <trkpt lat="30.30155345" lon="120.12281091"><ele>6.445</ele><time>2026-09-03T10:44:31Z</time><sat>22</sat></trkpt>
  <trkpt lat="30.30162483" lon="120.12282116"><ele>8.199</ele><time>2026-09-03T10:44:34Z</time><sat>24</sat></trkpt>
  <trkpt lat="30.30175026" lon="120.12283342"><ele>8.319</ele><time>2026-09-03T10:44:37Z</time><sat>27</sat></trkpt>
  <trkpt lat="30.30196766" lon="120.12284611"><ele>8.727</ele><time>2026-09-03T10:44:40Z</time><sat>27</sat></trkpt>
  <trkpt lat="30.30219769" lon="120.12287539"><ele>7.905</ele><time>2026-09-03T10:44:43Z</time><sat>24</sat></trkpt>
  <trkpt lat="30.30242139" lon="120.12293433"><ele>7.155</ele><time>2026-09-03T10:44:46Z</time><sat>22</sat></trkpt>
  <trkpt lat="30.30260768" lon="120.12304110"><ele>5.904</ele><time>2026-09-03T10:44:49Z</time><sat>22</sat></trkpt>
  <trkpt lat="30.30268466" lon="120.12308044"><ele>10.855</ele><time>2026-09-03T10:44:52Z</time><sat>23</sat></trkpt>
  <trkpt lat="30.30270065" lon="120.12308977"><ele>11.174</ele><time>2026-09-03T10:44:55Z</time><sat>25</sat></trkpt>
  <trkpt lat="30.30270008" lon="120.12309085"><ele>10.850</ele><time>2026-09-03T10:44:58Z</time><sat>25</sat></trkpt>
  <trkpt lat="30.30269905" lon="120.12309283"><ele>10.277</ele><time>2026-09-03T10:45:01Z</time><sat>23</sat></trkpt>
  <trkpt lat="30.30269759" lon="120.12309377"><ele>9.852</ele><time>2026-09-03T10:45:04Z</time><sat>23</sat></trkpt>
  <trkpt lat="30.30269720" lon="120.12309448"><ele>9.762</ele><time>2026-09-03T10:45:07Z</time><sat>23</sat></trkpt>
  <trkpt lat="30.30269713" lon="120.12309456"><ele>9.773</ele><time>2026-09-03T10:45:10Z</time><sat>24</sat></trkpt>
  <trkpt lat="30.30269712" lon="120.12309459"><ele>9.771</ele><time>2026-09-03T10:45:13Z</time><sat>25</sat></trkpt>
  <trkpt lat="30.30269710" lon="120.12309461"><ele>9.770</ele><time>2026-09-03T10:45:16Z</time><sat>23</sat></trkpt>
  <trkpt lat="30.30269699" lon="120.12309479"><ele>9.779</ele><time>2026-09-03T10:45:19Z</time><sat>22</sat></trkpt>
  <trkpt lat="30.30269695" lon="120.12309490"><ele>9.775</ele><time>2026-09-03T10:45:22Z</time><sat>23</sat></trkpt>
  <trkpt lat="30.30269686" lon="120.12309502"><ele>9.790</ele><time>2026-09-03T10:45:25Z</time><sat>23</sat></trkpt>
  <trkpt lat="30.30269684" lon="120.12309506"><ele>9.794</ele><time>2026-09-03T10:45:28Z</time><sat>22</sat></trkpt>
  <trkpt lat="30.30269681" lon="120.12309511"><ele>9.797</ele><time>2026-09-03T10:45:31Z</time><sat>24</sat></trkpt>
  <trkpt lat="30.30269692" lon="120.12309513"><ele>9.822</ele><time>2026-09-03T10:45:34Z</time><sat>23</sat></trkpt>
  <trkpt lat="30.30269696" lon="120.12309520"><ele>9.802</ele><time>2026-09-03T10:45:37Z</time><sat>24</sat></trkpt>
  <trkpt lat="30.30270200" lon="120.12310426"><ele>9.834</ele><time>2026-09-03T10:45:40Z</time><sat>25</sat></trkpt>
  <trkpt lat="30.30275704" lon="120.12315841"><ele>8.844</ele><time>2026-09-03T10:45:43Z</time><sat>24</sat></trkpt>
  <trkpt lat="30.30287045" lon="120.12319011"><ele>5.666</ele><time>2026-09-03T10:45:46Z</time><sat>24</sat></trkpt>
  <trkpt lat="30.30299109" lon="120.12312684"><ele>4.586</ele><time>2026-09-03T10:45:49Z</time><sat>26</sat></trkpt>
  <trkpt lat="30.30311536" lon="120.12297552"><ele>3.928</ele><time>2026-09-03T10:45:52Z</time><sat>24</sat></trkpt>
  <trkpt lat="30.30323125" lon="120.12282174"><ele>4.170</ele><time>2026-09-03T10:45:55Z</time><sat>23</sat></trkpt>
  <trkpt lat="30.30333833" lon="120.12267508"><ele>3.605</ele><time>2026-09-03T10:45:58Z</time><sat>24</sat></trkpt>
  <trkpt lat="30.30343397" lon="120.12254796"><ele>5.732</ele><time>2026-09-03T10:46:01Z</time><sat>25</sat></trkpt>
  <trkpt lat="30.30352772" lon="120.12242336"><ele>5.651</ele><time>2026-09-03T10:46:04Z</time><sat>23</sat></trkpt>
  <trkpt lat="30.30363719" lon="120.12229050"><ele>5.070</ele><time>2026-09-03T10:46:07Z</time><sat>22</sat></trkpt>
  <trkpt lat="30.30376920" lon="120.12215401"><ele>6.036</ele><time>2026-09-03T10:46:10Z</time><sat>24</sat></trkpt>
  <trkpt lat="30.30385622" lon="120.12201865"><ele>7.812</ele><time>2026-09-03T10:46:13Z</time><sat>24</sat></trkpt>
  <trkpt lat="30.30390456" lon="120.12191843"><ele>7.403</ele><time>2026-09-03T10:46:16Z</time><sat>23</sat></trkpt>
  <trkpt lat="30.30396799" lon="120.12184954"><ele>6.790</ele><time>2026-09-03T10:46:19Z</time><sat>22</sat></trkpt>
  <trkpt lat="30.30404470" lon="120.12181612"><ele>6.935</ele><time>2026-09-03T10:46:22Z</time><sat>23</sat></trkpt>
  <trkpt lat="30.30413390" lon="120.12189678"><ele>7.941</ele><time>2026-09-03T10:46:25Z</time><sat>23</sat></trkpt>
  <trkpt lat="30.30424752" lon="120.12202098"><ele>8.319</ele><time>2026-09-03T10:46:28Z</time><sat>23</sat></trkpt>
  <trkpt lat="30.30432316" lon="120.12210974"><ele>7.775</ele><time>2026-09-03T10:46:31Z</time><sat>24</sat></trkpt>
  <trkpt lat="30.30442460" lon="120.12219989"><ele>11.812</ele><time>2026-09-03T10:46:34Z</time><sat>27</sat></trkpt>
  <trkpt lat="30.30450930" lon="120.12227138"><ele>10.879</ele><time>2026-09-03T10:46:37Z</time><sat>25</sat></trkpt>
  <trkpt lat="30.30461828" lon="120.12229098"><ele>22.327</ele><time>2026-09-03T10:46:40Z</time><sat>25</sat></trkpt>
  <trkpt lat="30.30464631" lon="120.12230019"><ele>27.037</ele><time>2026-09-03T10:46:43Z</time><sat>26</sat></trkpt>
  <trkpt lat="30.30465500" lon="120.12231391"><ele>29.961</ele><time>2026-09-03T10:46:46Z</time><sat>27</sat></trkpt>
  <trkpt lat="30.30466729" lon="120.12231315"><ele>32.009</ele><time>2026-09-03T10:46:49Z</time><sat>27</sat></trkpt>
  <trkpt lat="30.30467816" lon="120.12231464"><ele>34.434</ele><time>2026-09-03T10:46:52Z</time><sat>25</sat></trkpt>
  <trkpt lat="30.30471634" lon="120.12235394"><ele>35.772</ele><time>2026-09-03T10:46:55Z</time><sat>26</sat></trkpt>
  <trkpt lat="30.30474956" lon="120.12238181"><ele>39.639</ele><time>2026-09-03T10:46:58Z</time><sat>28</sat></trkpt>
  <trkpt lat="30.30478006" lon="120.12242214"><ele>42.361</ele><time>2026-09-03T10:47:01Z</time><sat>29</sat></trkpt>
  <trkpt lat="30.30483594" lon="120.12246919"><ele>43.711</ele><time>2026-09-03T10:47:04Z</time><sat>28</sat></trkpt>
  <trkpt lat="30.30491639" lon="120.12253968"><ele>43.807</ele><time>2026-09-03T10:47:07Z</time><sat>29</sat></trkpt>
  <trkpt lat="30.30492342" lon="120.12261605"><ele>40.461</ele><time>2026-09-03T10:47:10Z</time><sat>32</sat></trkpt>
  <trkpt lat="30.30488814" lon="120.12270586"><ele>40.880</ele><time>2026-09-03T10:47:13Z</time><sat>31</sat></trkpt>
  <trkpt lat="30.30477402" lon="120.12287803"><ele>35.182</ele><time>2026-09-03T10:47:16Z</time><sat>30</sat></trkpt>
  <trkpt lat="30.30465694" lon="120.12308854"><ele>28.189</ele><time>2026-09-03T10:47:19Z</time><sat>30</sat></trkpt>
  <trkpt lat="30.30465006" lon="120.12309320"><ele>24.070</ele><time>2026-09-03T10:47:22Z</time><sat>28</sat></trkpt>
  <trkpt lat="30.30464104" lon="120.12308603"><ele>23.673</ele><time>2026-09-03T10:47:25Z</time><sat>30</sat></trkpt>
  <trkpt lat="30.30465300" lon="120.12306912"><ele>18.385</ele><time>2026-09-03T10:47:28Z</time><sat>28</sat></trkpt>
  <trkpt lat="30.30466473" lon="120.12306415"><ele>18.095</ele><time>2026-09-03T10:47:31Z</time><sat>28</sat></trkpt>
  <trkpt lat="30.30466661" lon="120.12306178"><ele>17.405</ele><time>2026-09-03T10:47:34Z</time><sat>29</sat></trkpt>
  <trkpt lat="30.30465806" lon="120.12304967"><ele>16.140</ele><time>2026-09-03T10:47:37Z</time><sat>29</sat></trkpt>
  <trkpt lat="30.30462913" lon="120.12303433"><ele>16.278</ele><time>2026-09-03T10:47:40Z</time><sat>28</sat></trkpt>
  <trkpt lat="30.30462135" lon="120.12304287"><ele>17.182</ele><time>2026-09-03T10:47:43Z</time><sat>27</sat></trkpt>
  <trkpt lat="30.30458293" lon="120.12305655"><ele>16.876</ele><time>2026-09-03T10:47:46Z</time><sat>28</sat></trkpt>
  <trkpt lat="30.30457051" lon="120.12305787"><ele>18.084</ele><time>2026-09-03T10:47:49Z</time><sat>30</sat></trkpt>
  <trkpt lat="30.30458928" lon="120.12304654"><ele>19.005</ele><time>2026-09-03T10:47:52Z</time><sat>30</sat></trkpt>
  <trkpt lat="30.30456196" lon="120.12303165"><ele>19.776</ele><time>2026-09-03T10:47:55Z</time><sat>28</sat></trkpt>
  <trkpt lat="30.30449278" lon="120.12305756"><ele>19.515</ele><time>2026-09-03T10:47:58Z</time><sat>29</sat></trkpt>
  <trkpt lat="30.30446105" lon="120.12311875"><ele>18.236</ele><time>2026-09-03T10:48:01Z</time><sat>28</sat></trkpt>
  <trkpt lat="30.30444967" lon="120.12319050"><ele>16.443</ele><time>2026-09-03T10:48:04Z</time><sat>29</sat></trkpt>
  <trkpt lat="30.30448241" lon="120.12321393"><ele>19.554</ele><time>2026-09-03T10:48:07Z</time><sat>29</sat></trkpt>
  <trkpt lat="30.30451133" lon="120.12327021"><ele>18.916</ele><time>2026-09-03T10:48:10Z</time><sat>27</sat></trkpt>
  <trkpt lat="30.30455275" lon="120.12328969"><ele>19.602</ele><time>2026-09-03T10:48:13Z</time><sat>27</sat></trkpt>
  <trkpt lat="30.30458645" lon="120.12330489"><ele>19.814</ele><time>2026-09-03T10:48:16Z</time><sat>23</sat></trkpt>
  <trkpt lat="30.30460262" lon="120.12331387"><ele>20.063</ele><time>2026-09-03T10:48:19Z</time><sat>14</sat></trkpt>
  <trkpt lat="30.30459843" lon="120.12328303"><ele>20.699</ele><time>2026-09-03T10:48:22Z</time><sat>4</sat></trkpt>
  <trkpt lat="30.30460288" lon="120.12327788"><ele>20.842</ele><time>2026-09-03T10:48:25Z</time><sat>11</sat></trkpt>
  <trkpt lat="30.30462483" lon="120.12328521"><ele>20.986</ele><time>2026-09-03T10:48:28Z</time><sat>13</sat></trkpt>
  <trkpt lat="30.30462659" lon="120.12328595"><ele>21.014</ele><time>2026-09-03T10:48:31Z</time><sat>6</sat></trkpt>
  <trkpt lat="30.30462662" lon="120.12328596"><ele>21.014</ele><time>2026-09-03T10:48:34Z</time><sat>2</sat></trkpt>
  <trkpt lat="30.30462662" lon="120.12328596"><ele>21.014</ele><time>2026-09-03T10:48:37Z</time></trkpt>
  <trkpt lat="30.30462662" lon="120.12328596"><ele>21.014</ele><time>2026-09-03T10:48:40Z</time></trkpt>
  <trkpt lat="30.30462662" lon="120.12328596"><ele>21.014</ele><time>2026-09-03T10:48:43Z</time></trkpt>
  <trkpt lat="30.30462662" lon="120.12328596"><ele>21.014</ele><time>2026-09-03T10:48:46Z</time></trkpt>
  <trkpt lat="30.30462662" lon="120.12328596"><ele>21.014</ele><time>2026-09-03T10:48:49Z</time></trkpt>
  <trkpt lat="30.30462662" lon="120.12328596"><ele>21.014</ele><time>2026-09-03T10:48:52Z</time></trkpt>
  <trkpt lat="30.30462662" lon="120.12328596"><ele>21.014</ele><time>2026-09-03T10:48:55Z</time></trkpt>
  <trkpt lat="30.30462662" lon="120.12328596"><ele>21.014</ele><time>2026-09-03T10:48:59Z</time></trkpt>
  <trkpt lat="30.30462662" lon="120.12328596"><ele>21.014</ele><time>2026-09-03T10:49:04Z</time></trkpt>
  <trkpt lat="30.30462662" lon="120.12328596"><ele>21.014</ele><time>2026-09-03T10:49:07Z</time></trkpt>
  <trkpt lat="30.30423188" lon="120.12295173"><ele>24.423</ele><time>2026-09-03T10:49:10Z</time></trkpt>
  <trkpt lat="30.30418906" lon="120.12339732"><ele>31.580</ele><time>2026-09-03T10:49:13Z</time><sat>5</sat></trkpt>
  <trkpt lat="30.30421172" lon="120.12337587"><ele>16.553</ele><time>2026-09-03T10:49:16Z</time><sat>10</sat></trkpt>
  <trkpt lat="30.30421644" lon="120.12337711"><ele>16.551</ele><time>2026-09-03T10:49:19Z</time><sat>8</sat></trkpt>
  <trkpt lat="30.30421104" lon="120.12337727"><ele>16.549</ele><time>2026-09-03T10:49:22Z</time><sat>4</sat></trkpt>
  <trkpt lat="30.30418582" lon="120.12337727"><ele>16.549</ele><time>2026-09-03T10:49:25Z</time></trkpt>
  <trkpt lat="30.30418423" lon="120.12337727"><ele>16.549</ele><time>2026-09-03T10:49:28Z</time></trkpt>
  <trkpt lat="30.30415799" lon="120.12337727"><ele>16.548</ele><time>2026-09-03T10:49:33Z</time></trkpt>
  <trkpt lat="30.30411384" lon="120.12381533"><ele>22.427</ele><time>2026-09-03T10:49:37Z</time></trkpt>
  <trkpt lat="30.30411117" lon="120.12385529"><ele>24.048</ele><time>2026-09-03T10:49:40Z</time><sat>7</sat></trkpt>
  <trkpt lat="30.30405329" lon="120.12386673"><ele>24.057</ele><time>2026-09-03T10:49:43Z</time><sat>8</sat></trkpt>
  <trkpt lat="30.30415558" lon="120.12379114"><ele>2.189</ele><time>2026-09-03T10:49:46Z</time><sat>3</sat></trkpt>
  <trkpt lat="30.30420836" lon="120.12362391"><ele>23.399</ele><time>2026-09-03T10:49:49Z</time><sat>5</sat></trkpt>
  <trkpt lat="30.30419231" lon="120.12357563"><ele>28.729</ele><time>2026-09-03T10:49:52Z</time><sat>8</sat></trkpt>
  <trkpt lat="30.30421559" lon="120.12351162"><ele>29.218</ele><time>2026-09-03T10:49:55Z</time><sat>11</sat></trkpt>
  <trkpt lat="30.30428019" lon="120.12347259"><ele>23.312</ele><time>2026-09-03T10:49:58Z</time><sat>11</sat></trkpt>
  <trkpt lat="30.30431376" lon="120.12343703"><ele>22.641</ele><time>2026-09-03T10:50:01Z</time><sat>7</sat></trkpt>
  <trkpt lat="30.30431215" lon="120.12343433"><ele>20.230</ele><time>2026-09-03T10:50:04Z</time><sat>5</sat></trkpt>
  <trkpt lat="30.30431569" lon="120.12340863"><ele>22.093</ele><time>2026-09-03T10:50:07Z</time><sat>6</sat></trkpt>
  <trkpt lat="30.30430375" lon="120.12344595"><ele>23.291</ele><time>2026-09-03T10:50:10Z</time><sat>7</sat></trkpt>
  <trkpt lat="30.30429151" lon="120.12345764"><ele>23.296</ele><time>2026-09-03T10:50:13Z</time><sat>8</sat></trkpt>
  <trkpt lat="30.30428642" lon="120.12346281"><ele>23.296</ele><time>2026-09-03T10:50:18Z</time><sat>7</sat></trkpt>
  <trkpt lat="30.30428616" lon="120.12346308"><ele>23.296</ele><time>2026-09-03T10:50:22Z</time></trkpt>
  <trkpt lat="30.30428614" lon="120.12346309"><ele>23.296</ele><time>2026-09-03T10:50:25Z</time></trkpt>
  <trkpt lat="30.30428614" lon="120.12346309"><ele>23.296</ele><time>2026-09-03T10:50:28Z</time></trkpt>
  <trkpt lat="30.30428614" lon="120.12346309"><ele>23.296</ele><time>2026-09-03T10:50:31Z</time></trkpt>
  <trkpt lat="30.30428614" lon="120.12346309"><ele>23.296</ele><time>2026-09-03T10:50:34Z</time></trkpt>
  <trkpt lat="30.30428614" lon="120.12346309"><ele>23.296</ele><time>2026-09-03T10:50:37Z</time></trkpt>
  <trkpt lat="30.30428614" lon="120.12346309"><ele>23.296</ele><time>2026-09-03T10:50:40Z</time></trkpt>
  <trkpt lat="30.30428614" lon="120.12346309"><ele>23.296</ele><time>2026-09-03T10:50:43Z</time></trkpt>
  <trkpt lat="30.30428614" lon="120.12346309"><ele>23.296</ele><time>2026-09-03T10:50:46Z</time></trkpt>
  <trkpt lat="30.30428614" lon="120.12346309"><ele>23.296</ele><time>2026-09-03T10:50:49Z</time></trkpt>
  <trkpt lat="30.30428614" lon="120.12346309"><ele>23.296</ele><time>2026-09-03T10:50:52Z</time></trkpt>
  <trkpt lat="30.30428614" lon="120.12346309"><ele>23.296</ele><time>2026-09-03T10:50:55Z</time></trkpt>
  <trkpt lat="30.30428371" lon="120.12346301"><ele>23.329</ele><time>2026-09-03T10:50:58Z</time></trkpt>
  <trkpt lat="30.30430950" lon="120.12355603"><ele>26.151</ele><time>2026-09-03T10:51:01Z</time><sat>1</sat></trkpt>
  <trkpt lat="30.30456495" lon="120.12400204"><ele>28.453</ele><time>2026-09-03T10:51:04Z</time><sat>4</sat></trkpt>
  <trkpt lat="30.30456518" lon="120.12400262"><ele>28.456</ele><time>2026-09-03T10:51:07Z</time><sat>4</sat></trkpt>
  <trkpt lat="30.30456524" lon="120.12400277"><ele>28.457</ele><time>2026-09-03T10:51:10Z</time><sat>1</sat></trkpt>
  <trkpt lat="30.30456526" lon="120.12400281"><ele>28.458</ele><time>2026-09-03T10:51:13Z</time></trkpt>
  <trkpt lat="30.30456527" lon="120.12400282"><ele>28.458</ele><time>2026-09-03T10:51:16Z</time></trkpt>
  <trkpt lat="30.30456527" lon="120.12400283"><ele>28.458</ele><time>2026-09-03T10:51:19Z</time></trkpt>
  <trkpt lat="30.30456527" lon="120.12400283"><ele>28.458</ele><time>2026-09-03T10:51:22Z</time></trkpt>
  <trkpt lat="30.30456527" lon="120.12400283"><ele>28.458</ele><time>2026-09-03T10:51:25Z</time></trkpt>
  <trkpt lat="30.30456527" lon="120.12400283"><ele>28.458</ele><time>2026-09-03T10:51:28Z</time></trkpt>
  <trkpt lat="30.30456527" lon="120.12400283"><ele>28.458</ele><time>2026-09-03T10:51:31Z</time></trkpt>
  <trkpt lat="30.30456527" lon="120.12400283"><ele>28.458</ele><time>2026-09-03T10:51:34Z</time></trkpt>
  <trkpt lat="30.30456527" lon="120.12400283"><ele>28.458</ele><time>2026-09-03T10:51:37Z</time></trkpt>
  <trkpt lat="30.30456527" lon="120.12400283"><ele>28.458</ele><time>2026-09-03T10:51:40Z</time></trkpt>
  <trkpt lat="30.30376777" lon="120.12454972"><ele>-8.884</ele><time>2026-09-03T10:51:43Z</time></trkpt>
  <trkpt lat="30.30360204" lon="120.12442197"><ele>40.128</ele><time>2026-09-03T10:51:46Z</time><sat>4</sat></trkpt>
  <trkpt lat="30.30363812" lon="120.12435584"><ele>27.127</ele><time>2026-09-03T10:51:49Z</time><sat>9</sat></trkpt>
  <trkpt lat="30.30375058" lon="120.12430174"><ele>19.251</ele><time>2026-09-03T10:51:52Z</time><sat>7</sat></trkpt>
  <trkpt lat="30.30374711" lon="120.12435216"><ele>24.351</ele><time>2026-09-03T10:51:55Z</time><sat>5</sat></trkpt>
  <trkpt lat="30.30376317" lon="120.12446108"><ele>36.178</ele><time>2026-09-03T10:51:58Z</time><sat>7</sat></trkpt>
  <trkpt lat="30.30378355" lon="120.12449659"><ele>38.026</ele><time>2026-09-03T10:52:01Z</time><sat>10</sat></trkpt>
  <trkpt lat="30.30377144" lon="120.12446673"><ele>38.512</ele><time>2026-09-03T10:52:04Z</time><sat>9</sat></trkpt>
  <trkpt lat="30.30383181" lon="120.12444181"><ele>39.989</ele><time>2026-09-03T10:52:07Z</time><sat>4</sat></trkpt>
  <trkpt lat="30.30385372" lon="120.12444443"><ele>40.009</ele><time>2026-09-03T10:52:10Z</time><sat>3</sat></trkpt>
  <trkpt lat="30.30386220" lon="120.12444757"><ele>40.021</ele><time>2026-09-03T10:52:13Z</time><sat>3</sat></trkpt>
  <trkpt lat="30.30386442" lon="120.12444839"><ele>40.027</ele><time>2026-09-03T10:52:16Z</time></trkpt>
  <trkpt lat="30.30386500" lon="120.12444861"><ele>40.029</ele><time>2026-09-03T10:52:19Z</time></trkpt>
  <trkpt lat="30.30386516" lon="120.12444866"><ele>40.030</ele><time>2026-09-03T10:52:22Z</time></trkpt>
  <trkpt lat="30.30386520" lon="120.12444868"><ele>40.030</ele><time>2026-09-03T10:52:25Z</time></trkpt>
  <trkpt lat="30.30386521" lon="120.12444868"><ele>40.031</ele><time>2026-09-03T10:52:28Z</time></trkpt>
  <trkpt lat="30.30386521" lon="120.12444868"><ele>40.031</ele><time>2026-09-03T10:52:31Z</time></trkpt>
  <trkpt lat="30.30386521" lon="120.12444868"><ele>40.031</ele><time>2026-09-03T10:52:34Z</time></trkpt>
  <trkpt lat="30.30386521" lon="120.12444868"><ele>40.031</ele><time>2026-09-03T10:52:37Z</time></trkpt>
  <trkpt lat="30.30386521" lon="120.12444868"><ele>40.030</ele><time>2026-09-03T10:52:40Z</time></trkpt>
  <trkpt lat="30.30386521" lon="120.12444868"><ele>40.031</ele><time>2026-09-03T10:52:43Z</time></trkpt>
  <trkpt lat="30.30386521" lon="120.12444868"><ele>40.031</ele><time>2026-09-03T10:52:46Z</time></trkpt>
  <trkpt lat="30.30386521" lon="120.12444868"><ele>40.031</ele><time>2026-09-03T10:52:49Z</time></trkpt>
  <trkpt lat="30.30386521" lon="120.12444868"><ele>40.031</ele><time>2026-09-03T10:52:52Z</time></trkpt>
  <trkpt lat="30.30387653" lon="120.12444869"><ele>40.032</ele><time>2026-09-03T10:52:55Z</time></trkpt>
  <trkpt lat="30.30391306" lon="120.12444871"><ele>40.033</ele><time>2026-09-03T10:52:58Z</time></trkpt>
  <trkpt lat="30.30432779" lon="120.12336078"><ele>20.129</ele><time>2026-09-03T10:54:20Z</time><sat>4</sat></trkpt>
  <trkpt lat="30.30429997" lon="120.12332847"><ele>21.985</ele><time>2026-09-03T10:54:23Z</time><sat>4</sat></trkpt>
  <trkpt lat="30.30409336" lon="120.12333400"><ele>27.875</ele><time>2026-09-03T10:54:45Z</time><sat>3</sat></trkpt>
  <trkpt lat="30.30434626" lon="120.12340224"><ele>9.908</ele><time>2026-09-03T10:56:30Z</time><sat>4</sat></trkpt>
  <trkpt lat="30.30417991" lon="120.12312012"><ele>13.600</ele><time>2026-09-03T10:56:33Z</time><sat>3</sat></trkpt>
  <trkpt lat="30.30423652" lon="120.12346965"><ele>6.747</ele><time>2026-09-03T10:56:54Z</time><sat>3</sat></trkpt>
  <trkpt lat="30.30427109" lon="120.12345435"><ele>7.546</ele><time>2026-09-03T10:56:57Z</time><sat>4</sat></trkpt>
  <trkpt lat="30.30422871" lon="120.12343544"><ele>12.055</ele><time>2026-09-03T10:57:18Z</time><sat>3</sat></trkpt>
  <trkpt lat="30.30414671" lon="120.12342493"><ele>21.040</ele><time>2026-09-03T10:57:39Z</time><sat>3</sat></trkpt>
  <trkpt lat="30.30411505" lon="120.12345465"><ele>20.047</ele><time>2026-09-03T10:57:42Z</time><sat>3</sat></trkpt>
  <trkpt lat="30.30405873" lon="120.12344099"><ele>21.760</ele><time>2026-09-03T10:57:45Z</time><sat>3</sat></trkpt>
  <trkpt lat="30.30430865" lon="120.12341603"><ele>24.995</ele><time>2026-09-03T10:58:06Z</time><sat>2</sat></trkpt>
  <trkpt lat="30.30427826" lon="120.12339722"><ele>30.752</ele><time>2026-09-03T10:58:09Z</time><sat>3</sat></trkpt>
  <trkpt lat="30.30421700" lon="120.12342506"><ele>27.897</ele><time>2026-09-03T10:58:12Z</time><sat>4</sat></trkpt>
  <trkpt lat="30.30423527" lon="120.12340745"><ele>28.585</ele><time>2026-09-03T10:58:15Z</time><sat>4</sat></trkpt>
  <trkpt lat="30.30416500" lon="120.12336573"><ele>20.786</ele><time>2026-09-03T10:59:32Z</time><sat>3</sat></trkpt>
  <trkpt lat="30.30413645" lon="120.12343462"><ele>22.370</ele><time>2026-09-03T10:59:35Z</time><sat>5</sat></trkpt>
  <trkpt lat="30.30413856" lon="120.12349187"><ele>22.108</ele><time>2026-09-03T10:59:38Z</time><sat>5</sat></trkpt>
  <trkpt lat="30.30425058" lon="120.12367941"><ele>24.742</ele><time>2026-09-03T10:59:41Z</time><sat>4</sat></trkpt>
  <trkpt lat="30.30428181" lon="120.12374818"><ele>24.757</ele><time>2026-09-03T10:59:44Z</time><sat>5</sat></trkpt>
  <trkpt lat="30.30429776" lon="120.12378424"><ele>24.396</ele><time>2026-09-03T10:59:47Z</time><sat>5</sat></trkpt>
  <trkpt lat="30.30432364" lon="120.12379732"><ele>23.721</ele><time>2026-09-03T10:59:50Z</time><sat>3</sat></trkpt>
  <trkpt lat="30.30432654" lon="120.12383973"><ele>22.566</ele><time>2026-09-03T10:59:53Z</time><sat>3</sat></trkpt>
  <trkpt lat="30.30441292" lon="120.12385603"><ele>21.181</ele><time>2026-09-03T10:59:56Z</time><sat>4</sat></trkpt>
  <trkpt lat="30.30449566" lon="120.12392080"><ele>20.404</ele><time>2026-09-03T10:59:59Z</time><sat>5</sat></trkpt>
  <trkpt lat="30.30428686" lon="120.12360257"><ele>5.676</ele><time>2026-09-03T11:00:20Z</time><sat>5</sat></trkpt>
  <trkpt lat="30.30430137" lon="120.12359551"><ele>3.821</ele><time>2026-09-03T11:00:23Z</time><sat>5</sat></trkpt>
  <trkpt lat="30.30434490" lon="120.12358011"><ele>2.837</ele><time>2026-09-03T11:00:26Z</time><sat>5</sat></trkpt>
  <trkpt lat="30.30433402" lon="120.12361884"><ele>0.766</ele><time>2026-09-03T11:00:29Z</time><sat>5</sat></trkpt>
  <trkpt lat="30.30426558" lon="120.12362446"><ele>0.311</ele><time>2026-09-03T11:00:32Z</time><sat>5</sat></trkpt>
  <trkpt lat="30.30425398" lon="120.12360297"><ele>-0.244</ele><time>2026-09-03T11:00:35Z</time><sat>3</sat></trkpt>
  <trkpt lat="30.30418825" lon="120.12360643"><ele>-0.075</ele><time>2026-09-03T11:00:38Z</time><sat>4</sat></trkpt>
  <trkpt lat="30.30405195" lon="120.12365276"><ele>-0.940</ele><time>2026-09-03T11:00:41Z</time><sat>5</sat></trkpt>
  <trkpt lat="30.30401285" lon="120.12369764"><ele>-0.799</ele><time>2026-09-03T11:00:44Z</time><sat>5</sat></trkpt>
  <trkpt lat="30.30394609" lon="120.12378364"><ele>-0.258</ele><time>2026-09-03T11:00:47Z</time><sat>5</sat></trkpt>
  <trkpt lat="30.30394384" lon="120.12378204"><ele>-1.199</ele><time>2026-09-03T11:00:50Z</time><sat>5</sat></trkpt>
  <trkpt lat="30.30395000" lon="120.12373719"><ele>-1.055</ele><time>2026-09-03T11:00:53Z</time><sat>5</sat></trkpt>
  <trkpt lat="30.30399406" lon="120.12362371"><ele>0.855</ele><time>2026-09-03T11:00:56Z</time><sat>5</sat></trkpt>
  <trkpt lat="30.30400097" lon="120.12358311"><ele>3.070</ele><time>2026-09-03T11:00:59Z</time><sat>5</sat></trkpt>
  <trkpt lat="30.30398818" lon="120.12358493"><ele>2.099</ele><time>2026-09-03T11:01:02Z</time><sat>4</sat></trkpt>
  <trkpt lat="30.30404160" lon="120.12360617"><ele>3.544</ele><time>2026-09-03T11:01:05Z</time><sat>4</sat></trkpt>
  <trkpt lat="30.30410495" lon="120.12357979"><ele>7.050</ele><time>2026-09-03T11:01:08Z</time><sat>6</sat></trkpt>
  <trkpt lat="30.30409451" lon="120.12356371"><ele>6.266</ele><time>2026-09-03T11:01:11Z</time><sat>7</sat></trkpt>
  <trkpt lat="30.30408152" lon="120.12354765"><ele>7.261</ele><time>2026-09-03T11:01:14Z</time><sat>7</sat></trkpt>
  <trkpt lat="30.30410204" lon="120.12347808"><ele>8.851</ele><time>2026-09-03T11:01:17Z</time><sat>6</sat></trkpt>
  <trkpt lat="30.30410636" lon="120.12349153"><ele>8.570</ele><time>2026-09-03T11:01:20Z</time><sat>6</sat></trkpt>
  <trkpt lat="30.30417517" lon="120.12354884"><ele>8.085</ele><time>2026-09-03T11:01:23Z</time><sat>6</sat></trkpt>
  <trkpt lat="30.30422139" lon="120.12351494"><ele>10.494</ele><time>2026-09-03T11:01:26Z</time><sat>7</sat></trkpt>
  <trkpt lat="30.30424887" lon="120.12324204"><ele>11.809</ele><time>2026-09-03T11:01:29Z</time><sat>6</sat></trkpt>
  <trkpt lat="30.30429097" lon="120.12328292"><ele>13.647</ele><time>2026-09-03T11:01:32Z</time><sat>5</sat></trkpt>
  <trkpt lat="30.30434200" lon="120.12325695"><ele>16.450</ele><time>2026-09-03T11:01:35Z</time><sat>5</sat></trkpt>
  <trkpt lat="30.30436324" lon="120.12323279"><ele>16.279</ele><time>2026-09-03T11:01:38Z</time><sat>4</sat></trkpt>
  <trkpt lat="30.30433699" lon="120.12322877"><ele>18.235</ele><time>2026-09-03T11:01:41Z</time><sat>4</sat></trkpt>
  <trkpt lat="30.30430940" lon="120.12316024"><ele>18.402</ele><time>2026-09-03T11:01:44Z</time><sat>5</sat></trkpt>
  <trkpt lat="30.30435827" lon="120.12321213"><ele>20.569</ele><time>2026-09-03T11:01:47Z</time><sat>6</sat></trkpt>
  <trkpt lat="30.30435610" lon="120.12325733"><ele>20.432</ele><time>2026-09-03T11:01:50Z</time><sat>6</sat></trkpt>
  <trkpt lat="30.30431393" lon="120.12330947"><ele>20.123</ele><time>2026-09-03T11:01:53Z</time><sat>5</sat></trkpt>
  <trkpt lat="30.30427075" lon="120.12332319"><ele>20.255</ele><time>2026-09-03T11:01:56Z</time><sat>4</sat></trkpt>
  <trkpt lat="30.30413309" lon="120.12337495"><ele>21.090</ele><time>2026-09-03T11:01:59Z</time><sat>4</sat></trkpt>
  <trkpt lat="30.30406437" lon="120.12333412"><ele>21.354</ele><time>2026-09-03T11:02:02Z</time><sat>4</sat></trkpt>
  <trkpt lat="30.30421895" lon="120.12319593"><ele>21.380</ele><time>2026-09-03T11:02:05Z</time><sat>5</sat></trkpt>
  <trkpt lat="30.30434018" lon="120.12332421"><ele>20.757</ele><time>2026-09-03T11:02:08Z</time><sat>3</sat></trkpt>
  <trkpt lat="30.30406592" lon="120.12318352"><ele>19.820</ele><time>2026-09-03T11:02:11Z</time><sat>3</sat></trkpt>
  <trkpt lat="30.30403694" lon="120.12331916"><ele>18.329</ele><time>2026-09-03T11:02:14Z</time><sat>5</sat></trkpt>
  <trkpt lat="30.30400240" lon="120.12350696"><ele>17.447</ele><time>2026-09-03T11:02:17Z</time><sat>5</sat></trkpt>
  <trkpt lat="30.30429819" lon="120.12378166"><ele>16.705</ele><time>2026-09-03T11:02:20Z</time><sat>4</sat></trkpt>
  <trkpt lat="30.30430749" lon="120.12384390"><ele>17.487</ele><time>2026-09-03T11:02:23Z</time><sat>4</sat></trkpt>
  <trkpt lat="30.30429937" lon="120.12382136"><ele>18.515</ele><time>2026-09-03T11:02:26Z</time><sat>5</sat></trkpt>
  <trkpt lat="30.30430159" lon="120.12379093"><ele>19.099</ele><time>2026-09-03T11:02:29Z</time><sat>4</sat></trkpt>
  <trkpt lat="30.30425146" lon="120.12362041"><ele>9.189</ele><time>2026-09-03T11:02:51Z</time><sat>8</sat></trkpt>
  <trkpt lat="30.30416570" lon="120.12364285"><ele>8.737</ele><time>2026-09-03T11:02:54Z</time><sat>5</sat></trkpt>
  <trkpt lat="30.30413400" lon="120.12372798"><ele>9.557</ele><time>2026-09-03T11:02:57Z</time><sat>7</sat></trkpt>
  <trkpt lat="30.30416390" lon="120.12371581"><ele>10.891</ele><time>2026-09-03T11:03:00Z</time><sat>10</sat></trkpt>
  <trkpt lat="30.30416916" lon="120.12370701"><ele>10.305</ele><time>2026-09-03T11:03:03Z</time><sat>9</sat></trkpt>
  <trkpt lat="30.30414476" lon="120.12366509"><ele>11.236</ele><time>2026-09-03T11:03:06Z</time><sat>6</sat></trkpt>
  <trkpt lat="30.30414198" lon="120.12369090"><ele>15.894</ele><time>2026-09-03T11:03:09Z</time><sat>6</sat></trkpt>
  <trkpt lat="30.30415835" lon="120.12369877"><ele>16.023</ele><time>2026-09-03T11:03:12Z</time><sat>6</sat></trkpt>
  <trkpt lat="30.30411756" lon="120.12395951"><ele>14.913</ele><time>2026-09-03T11:03:15Z</time><sat>7</sat></trkpt>
  <trkpt lat="30.30410469" lon="120.12393033"><ele>16.273</ele><time>2026-09-03T11:03:18Z</time><sat>8</sat></trkpt>
  <trkpt lat="30.30411445" lon="120.12387519"><ele>18.152</ele><time>2026-09-03T11:03:21Z</time><sat>7</sat></trkpt>
  <trkpt lat="30.30414199" lon="120.12386746"><ele>17.671</ele><time>2026-09-03T11:03:24Z</time><sat>6</sat></trkpt>
  <trkpt lat="30.30420777" lon="120.12383283"><ele>17.710</ele><time>2026-09-03T11:03:27Z</time><sat>6</sat></trkpt>
  <trkpt lat="30.30421048" lon="120.12380681"><ele>20.324</ele><time>2026-09-03T11:03:30Z</time><sat>6</sat></trkpt>
  <trkpt lat="30.30418515" lon="120.12381537"><ele>21.822</ele><time>2026-09-03T11:03:33Z</time><sat>8</sat></trkpt>
  <trkpt lat="30.30417684" lon="120.12383455"><ele>23.014</ele><time>2026-09-03T11:03:36Z</time><sat>8</sat></trkpt>
  <trkpt lat="30.30419705" lon="120.12382215"><ele>22.659</ele><time>2026-09-03T11:03:39Z</time><sat>7</sat></trkpt>
  <trkpt lat="30.30423582" lon="120.12381878"><ele>22.158</ele><time>2026-09-03T11:03:42Z</time><sat>7</sat></trkpt>
  <trkpt lat="30.30425012" lon="120.12388914"><ele>23.990</ele><time>2026-09-03T11:03:45Z</time><sat>6</sat></trkpt>
  <trkpt lat="30.30423924" lon="120.12392115"><ele>23.927</ele><time>2026-09-03T11:03:48Z</time><sat>7</sat></trkpt>
  <trkpt lat="30.30428107" lon="120.12391158"><ele>27.772</ele><time>2026-09-03T11:03:51Z</time><sat>6</sat></trkpt>
  <trkpt lat="30.30425185" lon="120.12393684"><ele>30.083</ele><time>2026-09-03T11:03:54Z</time><sat>7</sat></trkpt>
  <trkpt lat="30.30423673" lon="120.12387413"><ele>30.937</ele><time>2026-09-03T11:03:57Z</time><sat>7</sat></trkpt>
  <trkpt lat="30.30421294" lon="120.12385395"><ele>30.452</ele><time>2026-09-03T11:04:00Z</time><sat>6</sat></trkpt>
  <trkpt lat="30.30416079" lon="120.12387772"><ele>33.792</ele><time>2026-09-03T11:04:03Z</time><sat>5</sat></trkpt>
  <trkpt lat="30.30407320" lon="120.12390453"><ele>41.969</ele><time>2026-09-03T11:04:06Z</time><sat>7</sat></trkpt>
  <trkpt lat="30.30396421" lon="120.12391884"><ele>40.892</ele><time>2026-09-03T11:04:09Z</time><sat>8</sat></trkpt>
  <trkpt lat="30.30407117" lon="120.12389534"><ele>47.417</ele><time>2026-09-03T11:04:12Z</time><sat>10</sat></trkpt>
  <trkpt lat="30.30416390" lon="120.12390079"><ele>51.349</ele><time>2026-09-03T11:04:15Z</time><sat>10</sat></trkpt>
  <trkpt lat="30.30422874" lon="120.12392315"><ele>54.508</ele><time>2026-09-03T11:04:18Z</time><sat>9</sat></trkpt>
  <trkpt lat="30.30419991" lon="120.12397943"><ele>59.560</ele><time>2026-09-03T11:04:21Z</time><sat>9</sat></trkpt>
  <trkpt lat="30.30413543" lon="120.12401613"><ele>59.784</ele><time>2026-09-03T11:04:24Z</time><sat>8</sat></trkpt>
  <trkpt lat="30.30406788" lon="120.12404635"><ele>58.253</ele><time>2026-09-03T11:04:27Z</time><sat>9</sat></trkpt>
  <trkpt lat="30.30405895" lon="120.12408766"><ele>57.121</ele><time>2026-09-03T11:04:30Z</time><sat>6</sat></trkpt>
  <trkpt lat="30.30402829" lon="120.12416684"><ele>57.702</ele><time>2026-09-03T11:04:33Z</time><sat>8</sat></trkpt>
  <trkpt lat="30.30403920" lon="120.12408054"><ele>61.863</ele><time>2026-09-03T11:04:36Z</time><sat>7</sat></trkpt>
  <trkpt lat="30.30404643" lon="120.12409399"><ele>66.176</ele><time>2026-09-03T11:04:39Z</time><sat>8</sat></trkpt>
  <trkpt lat="30.30404364" lon="120.12411154"><ele>65.594</ele><time>2026-09-03T11:04:42Z</time><sat>8</sat></trkpt>
  <trkpt lat="30.30405534" lon="120.12413114"><ele>63.970</ele><time>2026-09-03T11:04:45Z</time><sat>6</sat></trkpt>
  <trkpt lat="30.30404924" lon="120.12411997"><ele>65.382</ele><time>2026-09-03T11:04:48Z</time><sat>7</sat></trkpt>
  <trkpt lat="30.30406331" lon="120.12408804"><ele>68.303</ele><time>2026-09-03T11:04:51Z</time><sat>8</sat></trkpt>
  <trkpt lat="30.30407133" lon="120.12409519"><ele>67.152</ele><time>2026-09-03T11:04:54Z</time><sat>7</sat></trkpt>
  <trkpt lat="30.30403120" lon="120.12417742"><ele>65.161</ele><time>2026-09-03T11:04:57Z</time><sat>7</sat></trkpt>
  <trkpt lat="30.30396342" lon="120.12427661"><ele>65.191</ele><time>2026-09-03T11:05:00Z</time><sat>7</sat></trkpt>
  <trkpt lat="30.30398603" lon="120.12417752"><ele>65.496</ele><time>2026-09-03T11:05:03Z</time><sat>8</sat></trkpt>
  <trkpt lat="30.30401080" lon="120.12414859"><ele>61.404</ele><time>2026-09-03T11:05:06Z</time><sat>8</sat></trkpt>
  <trkpt lat="30.30398361" lon="120.12421255"><ele>59.832</ele><time>2026-09-03T11:05:09Z</time><sat>8</sat></trkpt>
  <trkpt lat="30.30390646" lon="120.12417255"><ele>60.813</ele><time>2026-09-03T11:05:12Z</time><sat>7</sat></trkpt>
  <trkpt lat="30.30388616" lon="120.12410185"><ele>62.411</ele><time>2026-09-03T11:05:15Z</time><sat>9</sat></trkpt>
  <trkpt lat="30.30386277" lon="120.12406630"><ele>63.966</ele><time>2026-09-03T11:05:18Z</time><sat>11</sat></trkpt>
  <trkpt lat="30.30385157" lon="120.12400137"><ele>65.659</ele><time>2026-09-03T11:05:21Z</time><sat>10</sat></trkpt>
  <trkpt lat="30.30383098" lon="120.12396217"><ele>71.024</ele><time>2026-09-03T11:05:24Z</time><sat>10</sat></trkpt>
  <trkpt lat="30.30385958" lon="120.12395595"><ele>71.423</ele><time>2026-09-03T11:05:27Z</time><sat>9</sat></trkpt>
  <trkpt lat="30.30392744" lon="120.12396714"><ele>69.882</ele><time>2026-09-03T11:05:30Z</time><sat>11</sat></trkpt>
  <trkpt lat="30.30397340" lon="120.12396662"><ele>68.638</ele><time>2026-09-03T11:05:33Z</time><sat>11</sat></trkpt>
  <trkpt lat="30.30400741" lon="120.12396867"><ele>70.477</ele><time>2026-09-03T11:05:36Z</time><sat>10</sat></trkpt>
  <trkpt lat="30.30399149" lon="120.12402061"><ele>74.335</ele><time>2026-09-03T11:05:39Z</time><sat>9</sat></trkpt>
  <trkpt lat="30.30404066" lon="120.12402123"><ele>74.797</ele><time>2026-09-03T11:05:42Z</time><sat>8</sat></trkpt>
  <trkpt lat="30.30404620" lon="120.12402019"><ele>75.232</ele><time>2026-09-03T11:05:45Z</time><sat>8</sat></trkpt>
  <trkpt lat="30.30401742" lon="120.12410616"><ele>74.126</ele><time>2026-09-03T11:05:48Z</time><sat>9</sat></trkpt>
  <trkpt lat="30.30396549" lon="120.12418684"><ele>69.994</ele><time>2026-09-03T11:05:51Z</time><sat>9</sat></trkpt>
  <trkpt lat="30.30415419" lon="120.12429335"><ele>61.360</ele><time>2026-09-03T11:05:54Z</time><sat>8</sat></trkpt>
  <trkpt lat="30.30411273" lon="120.12432417"><ele>62.472</ele><time>2026-09-03T11:05:57Z</time><sat>6</sat></trkpt>
  <trkpt lat="30.30407544" lon="120.12431895"><ele>63.518</ele><time>2026-09-03T11:06:00Z</time><sat>4</sat></trkpt>
  <trkpt lat="30.30402661" lon="120.12436885"><ele>61.771</ele><time>2026-09-03T11:06:03Z</time><sat>10</sat></trkpt>
  <trkpt lat="30.30419485" lon="120.12420562"><ele>60.505</ele><time>2026-09-03T11:06:06Z</time><sat>11</sat></trkpt>
  <trkpt lat="30.30422387" lon="120.12415898"><ele>60.848</ele><time>2026-09-03T11:06:09Z</time><sat>8</sat></trkpt>
  <trkpt lat="30.30422665" lon="120.12409987"><ele>61.615</ele><time>2026-09-03T11:06:12Z</time><sat>8</sat></trkpt>
  <trkpt lat="30.30422612" lon="120.12403847"><ele>62.516</ele><time>2026-09-03T11:06:15Z</time><sat>9</sat></trkpt>
  <trkpt lat="30.30439611" lon="120.12388159"><ele>60.410</ele><time>2026-09-03T11:06:18Z</time><sat>10</sat></trkpt>
  <trkpt lat="30.30436222" lon="120.12391941"><ele>58.051</ele><time>2026-09-03T11:06:21Z</time><sat>6</sat></trkpt>
  <trkpt lat="30.30435271" lon="120.12397243"><ele>57.512</ele><time>2026-09-03T11:06:24Z</time><sat>7</sat></trkpt>
  <trkpt lat="30.30438428" lon="120.12397628"><ele>57.083</ele><time>2026-09-03T11:06:27Z</time><sat>7</sat></trkpt>
  <trkpt lat="30.30443315" lon="120.12391949"><ele>58.345</ele><time>2026-09-03T11:06:30Z</time><sat>8</sat></trkpt>
  <trkpt lat="30.30452638" lon="120.12387093"><ele>59.842</ele><time>2026-09-03T11:06:33Z</time><sat>7</sat></trkpt>
  <trkpt lat="30.30457230" lon="120.12387129"><ele>59.643</ele><time>2026-09-03T11:06:36Z</time><sat>6</sat></trkpt>
  <trkpt lat="30.30460081" lon="120.12387934"><ele>59.402</ele><time>2026-09-03T11:06:39Z</time><sat>5</sat></trkpt>
  <trkpt lat="30.30452113" lon="120.12383910"><ele>60.021</ele><time>2026-09-03T11:06:42Z</time><sat>5</sat></trkpt>
  <trkpt lat="30.30438468" lon="120.12385788"><ele>62.490</ele><time>2026-09-03T11:06:45Z</time><sat>5</sat></trkpt>
  <trkpt lat="30.30419138" lon="120.12401452"><ele>62.246</ele><time>2026-09-03T11:06:48Z</time><sat>6</sat></trkpt>
  <trkpt lat="30.30410260" lon="120.12407429"><ele>63.266</ele><time>2026-09-03T11:06:51Z</time><sat>6</sat></trkpt>
  <trkpt lat="30.30415488" lon="120.12412352"><ele>64.891</ele><time>2026-09-03T11:06:54Z</time><sat>5</sat></trkpt>
  <trkpt lat="30.30432170" lon="120.12421494"><ele>65.465</ele><time>2026-09-03T11:06:57Z</time><sat>8</sat></trkpt>
  <trkpt lat="30.30420131" lon="120.12429257"><ele>66.469</ele><time>2026-09-03T11:07:00Z</time><sat>8</sat></trkpt>
  <trkpt lat="30.30419245" lon="120.12434499"><ele>66.810</ele><time>2026-09-03T11:07:03Z</time><sat>7</sat></trkpt>
  <trkpt lat="30.30413092" lon="120.12434360"><ele>63.995</ele><time>2026-09-03T11:07:06Z</time><sat>5</sat></trkpt>
  <trkpt lat="30.30425770" lon="120.12411805"><ele>64.506</ele><time>2026-09-03T11:07:09Z</time><sat>7</sat></trkpt>
  <trkpt lat="30.30444538" lon="120.12392912"><ele>65.863</ele><time>2026-09-03T11:07:12Z</time><sat>7</sat></trkpt>
  <trkpt lat="30.30440512" lon="120.12397548"><ele>64.000</ele><time>2026-09-03T11:07:15Z</time><sat>8</sat></trkpt>
  <trkpt lat="30.30406956" lon="120.12401666"><ele>62.677</ele><time>2026-09-03T11:07:18Z</time><sat>8</sat></trkpt>
  <trkpt lat="30.30405425" lon="120.12404875"><ele>62.834</ele><time>2026-09-03T11:07:21Z</time><sat>9</sat></trkpt>
  <trkpt lat="30.30399838" lon="120.12412392"><ele>65.267</ele><time>2026-09-03T11:07:24Z</time><sat>9</sat></trkpt>
  <trkpt lat="30.30392938" lon="120.12418965"><ele>68.430</ele><time>2026-09-03T11:07:27Z</time><sat>9</sat></trkpt>
  <trkpt lat="30.30388686" lon="120.12423401"><ele>69.285</ele><time>2026-09-03T11:07:30Z</time><sat>8</sat></trkpt>
  <trkpt lat="30.30388983" lon="120.12429235"><ele>70.431</ele><time>2026-09-03T11:07:33Z</time><sat>10</sat></trkpt>
  <trkpt lat="30.30387833" lon="120.12432399"><ele>71.012</ele><time>2026-09-03T11:07:36Z</time><sat>10</sat></trkpt>
  <trkpt lat="30.30385566" lon="120.12432829"><ele>71.540</ele><time>2026-09-03T11:07:39Z</time><sat>8</sat></trkpt>
  <trkpt lat="30.30382119" lon="120.12431991"><ele>70.767</ele><time>2026-09-03T11:07:42Z</time><sat>8</sat></trkpt>
  <trkpt lat="30.30375585" lon="120.12432495"><ele>71.489</ele><time>2026-09-03T11:07:45Z</time><sat>7</sat></trkpt>
  <trkpt lat="30.30394566" lon="120.12438456"><ele>73.104</ele><time>2026-09-03T11:07:48Z</time><sat>5</sat></trkpt>
  <trkpt lat="30.30395773" lon="120.12441315"><ele>73.218</ele><time>2026-09-03T11:07:51Z</time><sat>8</sat></trkpt>
  <trkpt lat="30.30399376" lon="120.12443731"><ele>72.953</ele><time>2026-09-03T11:07:54Z</time><sat>9</sat></trkpt>
  <trkpt lat="30.30402116" lon="120.12430182"><ele>74.557</ele><time>2026-09-03T11:07:57Z</time><sat>6</sat></trkpt>
  <trkpt lat="30.30405477" lon="120.12417144"><ele>76.657</ele><time>2026-09-03T11:08:00Z</time><sat>7</sat></trkpt>
  <trkpt lat="30.30408741" lon="120.12410740"><ele>78.075</ele><time>2026-09-03T11:08:03Z</time><sat>10</sat></trkpt>
  <trkpt lat="30.30409330" lon="120.12403983"><ele>77.208</ele><time>2026-09-03T11:08:06Z</time><sat>10</sat></trkpt>
  <trkpt lat="30.30410480" lon="120.12400170"><ele>77.568</ele><time>2026-09-03T11:08:09Z</time><sat>6</sat></trkpt>
  <trkpt lat="30.30398493" lon="120.12412898"><ele>75.234</ele><time>2026-09-03T11:08:12Z</time><sat>4</sat></trkpt>
  <trkpt lat="30.30392601" lon="120.12416457"><ele>73.566</ele><time>2026-09-03T11:08:15Z</time><sat>7</sat></trkpt>
  <trkpt lat="30.30391450" lon="120.12412017"><ele>74.019</ele><time>2026-09-03T11:08:18Z</time><sat>9</sat></trkpt>
  <trkpt lat="30.30389360" lon="120.12413441"><ele>73.700</ele><time>2026-09-03T11:08:21Z</time><sat>10</sat></trkpt>
  <trkpt lat="30.30386661" lon="120.12415873"><ele>74.094</ele><time>2026-09-03T11:08:24Z</time><sat>9</sat></trkpt>
  <trkpt lat="30.30380248" lon="120.12417961"><ele>73.681</ele><time>2026-09-03T11:08:27Z</time><sat>8</sat></trkpt>
  <trkpt lat="30.30378612" lon="120.12413805"><ele>72.080</ele><time>2026-09-03T11:08:30Z</time><sat>9</sat></trkpt>
  <trkpt lat="30.30380417" lon="120.12410444"><ele>72.783</ele><time>2026-09-03T11:08:33Z</time><sat>8</sat></trkpt>
  <trkpt lat="30.30383033" lon="120.12409251"><ele>73.687</ele><time>2026-09-03T11:08:36Z</time><sat>7</sat></trkpt>
  <trkpt lat="30.30384220" lon="120.12412261"><ele>72.802</ele><time>2026-09-03T11:08:39Z</time><sat>8</sat></trkpt>
  <trkpt lat="30.30384766" lon="120.12415232"><ele>76.279</ele><time>2026-09-03T11:08:42Z</time><sat>10</sat></trkpt>
  <trkpt lat="30.30385199" lon="120.12419893"><ele>76.447</ele><time>2026-09-03T11:08:45Z</time><sat>8</sat></trkpt>
  <trkpt lat="30.30386208" lon="120.12421830"><ele>74.979</ele><time>2026-09-03T11:08:48Z</time><sat>6</sat></trkpt>
  <trkpt lat="30.30386532" lon="120.12420701"><ele>74.713</ele><time>2026-09-03T11:08:51Z</time><sat>6</sat></trkpt>
  <trkpt lat="30.30390311" lon="120.12419823"><ele>72.980</ele><time>2026-09-03T11:08:54Z</time><sat>5</sat></trkpt>
  <trkpt lat="30.30391535" lon="120.12415408"><ele>72.416</ele><time>2026-09-03T11:08:57Z</time><sat>7</sat></trkpt>
  <trkpt lat="30.30395152" lon="120.12410661"><ele>72.332</ele><time>2026-09-03T11:09:00Z</time><sat>9</sat></trkpt>
  <trkpt lat="30.30404530" lon="120.12408680"><ele>73.786</ele><time>2026-09-03T11:09:03Z</time><sat>8</sat></trkpt>
  <trkpt lat="30.30405031" lon="120.12410457"><ele>74.895</ele><time>2026-09-03T11:09:06Z</time><sat>6</sat></trkpt>
  <trkpt lat="30.30407959" lon="120.12410912"><ele>78.014</ele><time>2026-09-03T11:09:09Z</time><sat>6</sat></trkpt>
  <trkpt lat="30.30410381" lon="120.12408852"><ele>81.214</ele><time>2026-09-03T11:09:12Z</time><sat>9</sat></trkpt>
  <trkpt lat="30.30411417" lon="120.12409333"><ele>82.435</ele><time>2026-09-03T11:09:15Z</time><sat>9</sat></trkpt>
  <trkpt lat="30.30410731" lon="120.12413659"><ele>85.799</ele><time>2026-09-03T11:09:18Z</time><sat>5</sat></trkpt>
  <trkpt lat="30.30404406" lon="120.12414602"><ele>86.307</ele><time>2026-09-03T11:09:21Z</time><sat>6</sat></trkpt>
  <trkpt lat="30.30400812" lon="120.12417048"><ele>88.166</ele><time>2026-09-03T11:09:24Z</time><sat>9</sat></trkpt>
  <trkpt lat="30.30409659" lon="120.12415913"><ele>87.873</ele><time>2026-09-03T11:09:27Z</time><sat>8</sat></trkpt>
  <trkpt lat="30.30411146" lon="120.12425838"><ele>88.977</ele><time>2026-09-03T11:09:30Z</time><sat>8</sat></trkpt>
  <trkpt lat="30.30406109" lon="120.12437966"><ele>90.241</ele><time>2026-09-03T11:09:33Z</time><sat>6</sat></trkpt>
  <trkpt lat="30.30426556" lon="120.12435848"><ele>90.366</ele><time>2026-09-03T11:09:36Z</time><sat>5</sat></trkpt>
  <trkpt lat="30.30420324" lon="120.12431301"><ele>91.034</ele><time>2026-09-03T11:09:39Z</time><sat>7</sat></trkpt>
  <trkpt lat="30.30411944" lon="120.12430229"><ele>91.852</ele><time>2026-09-03T11:09:42Z</time><sat>8</sat></trkpt>
  <trkpt lat="30.30409388" lon="120.12433042"><ele>90.463</ele><time>2026-09-03T11:09:45Z</time><sat>6</sat></trkpt>
  <trkpt lat="30.30416739" lon="120.12436407"><ele>89.285</ele><time>2026-09-03T11:09:48Z</time><sat>7</sat></trkpt>
  <trkpt lat="30.30412649" lon="120.12435672"><ele>87.071</ele><time>2026-09-03T11:09:51Z</time><sat>8</sat></trkpt>
  <trkpt lat="30.30410793" lon="120.12434860"><ele>88.328</ele><time>2026-09-03T11:09:54Z</time><sat>8</sat></trkpt>
  <trkpt lat="30.30403551" lon="120.12440078"><ele>89.984</ele><time>2026-09-03T11:09:57Z</time><sat>6</sat></trkpt>
  <trkpt lat="30.30398361" lon="120.12443011"><ele>88.037</ele><time>2026-09-03T11:10:00Z</time><sat>5</sat></trkpt>
  <trkpt lat="30.30393759" lon="120.12443598"><ele>89.707</ele><time>2026-09-03T11:10:03Z</time><sat>7</sat></trkpt>
  <trkpt lat="30.30393567" lon="120.12442247"><ele>90.332</ele><time>2026-09-03T11:10:06Z</time><sat>8</sat></trkpt>
  <trkpt lat="30.30393057" lon="120.12442363"><ele>89.871</ele><time>2026-09-03T11:10:09Z</time><sat>6</sat></trkpt>
  <trkpt lat="30.30402502" lon="120.12439538"><ele>87.685</ele><time>2026-09-03T11:10:12Z</time><sat>6</sat></trkpt>
  <trkpt lat="30.30405667" lon="120.12435441"><ele>89.305</ele><time>2026-09-03T11:10:15Z</time><sat>8</sat></trkpt>
  <trkpt lat="30.30401409" lon="120.12436929"><ele>87.394</ele><time>2026-09-03T11:10:18Z</time><sat>6</sat></trkpt>
  <trkpt lat="30.30415169" lon="120.12430024"><ele>86.067</ele><time>2026-09-03T11:10:21Z</time><sat>5</sat></trkpt>
  <trkpt lat="30.30410972" lon="120.12427543"><ele>84.866</ele><time>2026-09-03T11:10:24Z</time><sat>7</sat></trkpt>
  <trkpt lat="30.30407429" lon="120.12430118"><ele>85.170</ele><time>2026-09-03T11:10:27Z</time><sat>7</sat></trkpt>
  <trkpt lat="30.30407898" lon="120.12430301"><ele>84.953</ele><time>2026-09-03T11:10:30Z</time><sat>5</sat></trkpt>
  <trkpt lat="30.30415433" lon="120.12431544"><ele>84.184</ele><time>2026-09-03T11:10:33Z</time><sat>4</sat></trkpt>
  <trkpt lat="30.30416441" lon="120.12427169"><ele>82.892</ele><time>2026-09-03T11:10:36Z</time><sat>5</sat></trkpt>
  <trkpt lat="30.30406531" lon="120.12428030"><ele>80.118</ele><time>2026-09-03T11:10:39Z</time><sat>6</sat></trkpt>
  <trkpt lat="30.30397231" lon="120.12432194"><ele>78.927</ele><time>2026-09-03T11:10:42Z</time><sat>7</sat></trkpt>
  <trkpt lat="30.30400792" lon="120.12431928"><ele>78.432</ele><time>2026-09-03T11:10:45Z</time><sat>7</sat></trkpt>
  <trkpt lat="30.30403570" lon="120.12433430"><ele>78.808</ele><time>2026-09-03T11:10:48Z</time><sat>5</sat></trkpt>
  <trkpt lat="30.30403049" lon="120.12434050"><ele>79.112</ele><time>2026-09-03T11:10:51Z</time><sat>4</sat></trkpt>
  <trkpt lat="30.30409961" lon="120.12430188"><ele>78.549</ele><time>2026-09-03T11:10:54Z</time><sat>4</sat></trkpt>
  <trkpt lat="30.30412961" lon="120.12430312"><ele>78.941</ele><time>2026-09-03T11:10:57Z</time><sat>5</sat></trkpt>
  <trkpt lat="30.30409872" lon="120.12427404"><ele>79.159</ele><time>2026-09-03T11:11:00Z</time><sat>4</sat></trkpt>
  <trkpt lat="30.30388367" lon="120.12415683"><ele>77.040</ele><time>2026-09-03T11:11:20Z</time><sat>6</sat></trkpt>
  <trkpt lat="30.30377676" lon="120.12427110"><ele>75.214</ele><time>2026-09-03T11:11:23Z</time><sat>5</sat></trkpt>
  <trkpt lat="30.30375884" lon="120.12434292"><ele>74.985</ele><time>2026-09-03T11:11:26Z</time><sat>5</sat></trkpt>
  <trkpt lat="30.30375270" lon="120.12437684"><ele>78.748</ele><time>2026-09-03T11:11:29Z</time><sat>6</sat></trkpt>
  <trkpt lat="30.30375041" lon="120.12438885"><ele>80.210</ele><time>2026-09-03T11:11:32Z</time><sat>8</sat></trkpt>
  <trkpt lat="30.30373130" lon="120.12439554"><ele>80.534</ele><time>2026-09-03T11:11:35Z</time><sat>8</sat></trkpt>
  <trkpt lat="30.30372063" lon="120.12442314"><ele>76.422</ele><time>2026-09-03T11:11:38Z</time><sat>9</sat></trkpt>
  <trkpt lat="30.30376981" lon="120.12441030"><ele>73.866</ele><time>2026-09-03T11:11:41Z</time><sat>10</sat></trkpt>
  <trkpt lat="30.30377323" lon="120.12430974"><ele>66.727</ele><time>2026-09-03T11:11:44Z</time><sat>8</sat></trkpt>
  <trkpt lat="30.30377446" lon="120.12424830"><ele>65.732</ele><time>2026-09-03T11:11:47Z</time><sat>7</sat></trkpt>
  <trkpt lat="30.30375869" lon="120.12420477"><ele>62.819</ele><time>2026-09-03T11:11:50Z</time><sat>10</sat></trkpt>
  <trkpt lat="30.30374481" lon="120.12416711"><ele>61.900</ele><time>2026-09-03T11:11:53Z</time><sat>9</sat></trkpt>
  <trkpt lat="30.30369401" lon="120.12414432"><ele>57.454</ele><time>2026-09-03T11:11:56Z</time><sat>6</sat></trkpt>
  <trkpt lat="30.30371746" lon="120.12414270"><ele>58.700</ele><time>2026-09-03T11:11:59Z</time><sat>7</sat></trkpt>
  <trkpt lat="30.30374572" lon="120.12415452"><ele>59.115</ele><time>2026-09-03T11:12:02Z</time><sat>10</sat></trkpt>
  <trkpt lat="30.30376321" lon="120.12416144"><ele>60.664</ele><time>2026-09-03T11:12:05Z</time><sat>10</sat></trkpt>
  <trkpt lat="30.30377835" lon="120.12416775"><ele>61.242</ele><time>2026-09-03T11:12:08Z</time><sat>7</sat></trkpt>
  <trkpt lat="30.30378297" lon="120.12416719"><ele>61.306</ele><time>2026-09-03T11:12:11Z</time><sat>9</sat></trkpt>
  <trkpt lat="30.30378906" lon="120.12416477"><ele>61.208</ele><time>2026-09-03T11:12:14Z</time><sat>11</sat></trkpt>
  <trkpt lat="30.30379082" lon="120.12416268"><ele>60.945</ele><time>2026-09-03T11:12:17Z</time><sat>9</sat></trkpt>
  <trkpt lat="30.30379372" lon="120.12416130"><ele>61.061</ele><time>2026-09-03T11:12:20Z</time><sat>6</sat></trkpt>
  <trkpt lat="30.30379271" lon="120.12416152"><ele>60.994</ele><time>2026-09-03T11:12:23Z</time><sat>8</sat></trkpt>
  <trkpt lat="30.30379395" lon="120.12416425"><ele>61.019</ele><time>2026-09-03T11:12:26Z</time><sat>11</sat></trkpt>
  <trkpt lat="30.30378508" lon="120.12416314"><ele>60.570</ele><time>2026-09-03T11:12:29Z</time><sat>9</sat></trkpt>
  <trkpt lat="30.30378190" lon="120.12416430"><ele>60.285</ele><time>2026-09-03T11:12:32Z</time><sat>8</sat></trkpt>
  <trkpt lat="30.30378281" lon="120.12416509"><ele>60.320</ele><time>2026-09-03T11:12:35Z</time><sat>9</sat></trkpt>
  <trkpt lat="30.30378083" lon="120.12416658"><ele>60.102</ele><time>2026-09-03T11:12:38Z</time><sat>9</sat></trkpt>
  <trkpt lat="30.30378090" lon="120.12416697"><ele>60.074</ele><time>2026-09-03T11:12:41Z</time><sat>8</sat></trkpt>
  <trkpt lat="30.30378628" lon="120.12417078"><ele>60.183</ele><time>2026-09-03T11:12:44Z</time><sat>7</sat></trkpt>
  <trkpt lat="30.30378703" lon="120.12417135"><ele>60.193</ele><time>2026-09-03T11:12:47Z</time><sat>9</sat></trkpt>
  <trkpt lat="30.30378518" lon="120.12417242"><ele>60.043</ele><time>2026-09-03T11:12:50Z</time><sat>8</sat></trkpt>
  <trkpt lat="30.30378869" lon="120.12417227"><ele>60.327</ele><time>2026-09-03T11:12:53Z</time><sat>6</sat></trkpt>
  <trkpt lat="30.30379047" lon="120.12417222"><ele>60.432</ele><time>2026-09-03T11:12:56Z</time><sat>7</sat></trkpt>
  <trkpt lat="30.30379110" lon="120.12417249"><ele>60.454</ele><time>2026-09-03T11:12:59Z</time><sat>10</sat></trkpt>
  <trkpt lat="30.30381737" lon="120.12417445"><ele>62.930</ele><time>2026-09-03T11:13:02Z</time><sat>7</sat></trkpt>
  <trkpt lat="30.30381736" lon="120.12417501"><ele>62.866</ele><time>2026-09-03T11:13:05Z</time><sat>7</sat></trkpt>
  <trkpt lat="30.30381647" lon="120.12417586"><ele>62.807</ele><time>2026-09-03T11:13:08Z</time><sat>8</sat></trkpt>
  <trkpt lat="30.30381527" lon="120.12417599"><ele>62.855</ele><time>2026-09-03T11:13:11Z</time><sat>7</sat></trkpt>
  <trkpt lat="30.30381483" lon="120.12417609"><ele>62.844</ele><time>2026-09-03T11:13:14Z</time><sat>9</sat></trkpt>
  <trkpt lat="30.30381468" lon="120.12417570"><ele>62.891</ele><time>2026-09-03T11:13:17Z</time><sat>8</sat></trkpt>
  <trkpt lat="30.30381439" lon="120.12417515"><ele>62.921</ele><time>2026-09-03T11:13:20Z</time><sat>7</sat></trkpt>
  <trkpt lat="30.30381431" lon="120.12417492"><ele>62.946</ele><time>2026-09-03T11:13:23Z</time><sat>7</sat></trkpt>
  <trkpt lat="30.30381527" lon="120.12417450"><ele>63.024</ele><time>2026-09-03T11:13:26Z</time><sat>8</sat></trkpt>
  <trkpt lat="30.30381543" lon="120.12417430"><ele>63.017</ele><time>2026-09-03T11:13:29Z</time><sat>9</sat></trkpt>
  <trkpt lat="30.30381555" lon="120.12417433"><ele>62.971</ele><time>2026-09-03T11:13:32Z</time><sat>9</sat></trkpt>
  <trkpt lat="30.30381578" lon="120.12417419"><ele>62.998</ele><time>2026-09-03T11:13:35Z</time><sat>10</sat></trkpt>
  <trkpt lat="30.30381565" lon="120.12417257"><ele>63.073</ele><time>2026-09-03T11:13:38Z</time><sat>10</sat></trkpt>
  <trkpt lat="30.30381577" lon="120.12417481"><ele>62.978</ele><time>2026-09-03T11:13:41Z</time><sat>10</sat></trkpt>
  <trkpt lat="30.30381576" lon="120.12417474"><ele>62.984</ele><time>2026-09-03T11:13:44Z</time><sat>9</sat></trkpt>
  <trkpt lat="30.30381556" lon="120.12417472"><ele>62.962</ele><time>2026-09-03T11:13:47Z</time><sat>6</sat></trkpt>
  <trkpt lat="30.30381547" lon="120.12417471"><ele>62.984</ele><time>2026-09-03T11:13:50Z</time><sat>6</sat></trkpt>
  <trkpt lat="30.30381551" lon="120.12417601"><ele>62.947</ele><time>2026-09-03T11:13:53Z</time><sat>7</sat></trkpt>
  <trkpt lat="30.30381607" lon="120.12417675"><ele>63.022</ele><time>2026-09-03T11:13:56Z</time><sat>7</sat></trkpt>
  <trkpt lat="30.30381630" lon="120.12417683"><ele>63.019</ele><time>2026-09-03T11:13:59Z</time><sat>10</sat></trkpt>
  <trkpt lat="30.30381636" lon="120.12417806"><ele>62.975</ele><time>2026-09-03T11:14:02Z</time><sat>9</sat></trkpt>
  <trkpt lat="30.30381654" lon="120.12417801"><ele>63.007</ele><time>2026-09-03T11:14:05Z</time><sat>8</sat></trkpt>
  <trkpt lat="30.30381610" lon="120.12417845"><ele>62.969</ele><time>2026-09-03T11:14:08Z</time><sat>8</sat></trkpt>
  <trkpt lat="30.30381637" lon="120.12417841"><ele>63.042</ele><time>2026-09-03T11:14:11Z</time><sat>7</sat></trkpt>
  <trkpt lat="30.30381627" lon="120.12417714"><ele>63.081</ele><time>2026-09-03T11:14:14Z</time><sat>8</sat></trkpt>
  <trkpt lat="30.30381637" lon="120.12417713"><ele>63.088</ele><time>2026-09-03T11:14:17Z</time><sat>9</sat></trkpt>
  <trkpt lat="30.30381791" lon="120.12417739"><ele>63.175</ele><time>2026-09-03T11:14:20Z</time><sat>8</sat></trkpt>
  <trkpt lat="30.30381924" lon="120.12418061"><ele>63.005</ele><time>2026-09-03T11:14:23Z</time><sat>10</sat></trkpt>
  <trkpt lat="30.30381954" lon="120.12418289"><ele>62.900</ele><time>2026-09-03T11:14:26Z</time><sat>11</sat></trkpt>
  <trkpt lat="30.30381952" lon="120.12418311"><ele>62.867</ele><time>2026-09-03T11:14:29Z</time><sat>10</sat></trkpt>
  <trkpt lat="30.30381956" lon="120.12418322"><ele>62.826</ele><time>2026-09-03T11:14:32Z</time><sat>8</sat></trkpt>
  <trkpt lat="30.30381961" lon="120.12418317"><ele>62.819</ele><time>2026-09-03T11:14:35Z</time><sat>7</sat></trkpt>
  <trkpt lat="30.30382038" lon="120.12418253"><ele>62.878</ele><time>2026-09-03T11:14:38Z</time><sat>6</sat></trkpt>
  <trkpt lat="30.30382039" lon="120.12418260"><ele>62.867</ele><time>2026-09-03T11:14:41Z</time><sat>8</sat></trkpt>
  <trkpt lat="30.30382036" lon="120.12418266"><ele>62.870</ele><time>2026-09-03T11:14:44Z</time><sat>7</sat></trkpt>
  <trkpt lat="30.30382043" lon="120.12418368"><ele>62.721</ele><time>2026-09-03T11:14:47Z</time><sat>7</sat></trkpt>
  <trkpt lat="30.30381972" lon="120.12418356"><ele>62.602</ele><time>2026-09-03T11:14:50Z</time><sat>10</sat></trkpt>
  <trkpt lat="30.30381939" lon="120.12418347"><ele>62.578</ele><time>2026-09-03T11:14:53Z</time><sat>10</sat></trkpt>
  <trkpt lat="30.30381912" lon="120.12418337"><ele>62.556</ele><time>2026-09-03T11:14:56Z</time><sat>8</sat></trkpt>
  <trkpt lat="30.30381826" lon="120.12418316"><ele>62.597</ele><time>2026-09-03T11:14:59Z</time><sat>7</sat></trkpt>
  <trkpt lat="30.30381513" lon="120.12418309"><ele>62.323</ele><time>2026-09-03T11:15:02Z</time><sat>8</sat></trkpt>
  <trkpt lat="30.30381515" lon="120.12418311"><ele>62.375</ele><time>2026-09-03T11:15:05Z</time><sat>11</sat></trkpt>
  <trkpt lat="30.30381493" lon="120.12418320"><ele>62.366</ele><time>2026-09-03T11:15:08Z</time><sat>10</sat></trkpt>
  <trkpt lat="30.30381497" lon="120.12418318"><ele>62.350</ele><time>2026-09-03T11:15:11Z</time><sat>8</sat></trkpt>
  <trkpt lat="30.30381168" lon="120.12418213"><ele>62.094</ele><time>2026-09-03T11:15:14Z</time><sat>9</sat></trkpt>
  <trkpt lat="30.30381112" lon="120.12418189"><ele>62.086</ele><time>2026-09-03T11:15:17Z</time><sat>10</sat></trkpt>
  <trkpt lat="30.30381096" lon="120.12418187"><ele>62.086</ele><time>2026-09-03T11:15:20Z</time><sat>10</sat></trkpt>
  <trkpt lat="30.30381081" lon="120.12418184"><ele>62.078</ele><time>2026-09-03T11:15:23Z</time><sat>8</sat></trkpt>
  <trkpt lat="30.30380886" lon="120.12418090"><ele>61.925</ele><time>2026-09-03T11:15:26Z</time><sat>7</sat></trkpt>
  <trkpt lat="30.30380871" lon="120.12418082"><ele>61.928</ele><time>2026-09-03T11:15:29Z</time><sat>8</sat></trkpt>
  <trkpt lat="30.30381145" lon="120.12418221"><ele>62.264</ele><time>2026-09-03T11:15:32Z</time><sat>9</sat></trkpt>
  <trkpt lat="30.30381218" lon="120.12418239"><ele>62.251</ele><time>2026-09-03T11:15:35Z</time><sat>9</sat></trkpt>
  <trkpt lat="30.30381254" lon="120.12418259"><ele>62.256</ele><time>2026-09-03T11:15:38Z</time><sat>7</sat></trkpt>
  <trkpt lat="30.30381275" lon="120.12418277"><ele>62.257</ele><time>2026-09-03T11:15:41Z</time><sat>4</sat></trkpt>
  <trkpt lat="30.30381001" lon="120.12418090"><ele>61.989</ele><time>2026-09-03T11:15:44Z</time><sat>7</sat></trkpt>
  <trkpt lat="30.30380915" lon="120.12418025"><ele>61.997</ele><time>2026-09-03T11:15:47Z</time><sat>9</sat></trkpt>
  <trkpt lat="30.30380892" lon="120.12417989"><ele>61.992</ele><time>2026-09-03T11:15:50Z</time><sat>7</sat></trkpt>
  <trkpt lat="30.30380837" lon="120.12417966"><ele>61.993</ele><time>2026-09-03T11:15:53Z</time><sat>7</sat></trkpt>
  <trkpt lat="30.30380814" lon="120.12417960"><ele>62.019</ele><time>2026-09-03T11:15:56Z</time><sat>8</sat></trkpt>
  <trkpt lat="30.30380797" lon="120.12417961"><ele>62.031</ele><time>2026-09-03T11:15:59Z</time><sat>8</sat></trkpt>
  <trkpt lat="30.30380873" lon="120.12418042"><ele>62.152</ele><time>2026-09-03T11:16:02Z</time><sat>6</sat></trkpt>
  <trkpt lat="30.30380816" lon="120.12418045"><ele>62.162</ele><time>2026-09-03T11:16:05Z</time><sat>8</sat></trkpt>
  <trkpt lat="30.30380787" lon="120.12418045"><ele>62.162</ele><time>2026-09-03T11:16:08Z</time><sat>9</sat></trkpt>
  <trkpt lat="30.30380689" lon="120.12418011"><ele>62.160</ele><time>2026-09-03T11:16:11Z</time><sat>7</sat></trkpt>
  <trkpt lat="30.30380645" lon="120.12418003"><ele>62.155</ele><time>2026-09-03T11:16:14Z</time><sat>7</sat></trkpt>
  <trkpt lat="30.30380596" lon="120.12418003"><ele>62.155</ele><time>2026-09-03T11:16:17Z</time><sat>7</sat></trkpt>
  <trkpt lat="30.30380539" lon="120.12417993"><ele>62.154</ele><time>2026-09-03T11:16:20Z</time><sat>7</sat></trkpt>
  <trkpt lat="30.30380472" lon="120.12417945"><ele>62.101</ele><time>2026-09-03T11:16:23Z</time><sat>7</sat></trkpt>
  <trkpt lat="30.30380452" lon="120.12417924"><ele>62.099</ele><time>2026-09-03T11:16:26Z</time><sat>8</sat></trkpt>
  <trkpt lat="30.30380423" lon="120.12417933"><ele>62.095</ele><time>2026-09-03T11:16:29Z</time><sat>7</sat></trkpt>
  <trkpt lat="30.30380354" lon="120.12418008"><ele>61.985</ele><time>2026-09-03T11:16:32Z</time><sat>7</sat></trkpt>
  <trkpt lat="30.30380296" lon="120.12418030"><ele>61.959</ele><time>2026-09-03T11:16:35Z</time><sat>9</sat></trkpt>
  <trkpt lat="30.30380141" lon="120.12418207"><ele>61.752</ele><time>2026-09-03T11:16:38Z</time><sat>8</sat></trkpt>
  <trkpt lat="30.30380124" lon="120.12418214"><ele>61.755</ele><time>2026-09-03T11:16:41Z</time><sat>8</sat></trkpt>
  <trkpt lat="30.30380066" lon="120.12418183"><ele>61.750</ele><time>2026-09-03T11:16:44Z</time><sat>8</sat></trkpt>
  <trkpt lat="30.30380069" lon="120.12418188"><ele>61.749</ele><time>2026-09-03T11:16:47Z</time><sat>6</sat></trkpt>
  <trkpt lat="30.30380091" lon="120.12418155"><ele>61.786</ele><time>2026-09-03T11:16:50Z</time><sat>6</sat></trkpt>
  <trkpt lat="30.30380066" lon="120.12418133"><ele>61.783</ele><time>2026-09-03T11:16:53Z</time><sat>10</sat></trkpt>
  <trkpt lat="30.30380066" lon="120.12418135"><ele>61.789</ele><time>2026-09-03T11:16:56Z</time><sat>9</sat></trkpt>
  <trkpt lat="30.30380066" lon="120.12418115"><ele>61.836</ele><time>2026-09-03T11:16:59Z</time><sat>6</sat></trkpt>
  <trkpt lat="30.30380066" lon="120.12418111"><ele>61.840</ele><time>2026-09-03T11:17:02Z</time><sat>8</sat></trkpt>
  <trkpt lat="30.30380077" lon="120.12418113"><ele>61.850</ele><time>2026-09-03T11:17:05Z</time><sat>9</sat></trkpt>
  <trkpt lat="30.30380064" lon="120.12418098"><ele>61.856</ele><time>2026-09-03T11:17:08Z</time><sat>8</sat></trkpt>
  <trkpt lat="30.30380069" lon="120.12418095"><ele>61.866</ele><time>2026-09-03T11:17:11Z</time><sat>7</sat></trkpt>
  <trkpt lat="30.30380067" lon="120.12418090"><ele>61.866</ele><time>2026-09-03T11:17:14Z</time><sat>8</sat></trkpt>
  <trkpt lat="30.30380106" lon="120.12418069"><ele>61.953</ele><time>2026-09-03T11:17:17Z</time><sat>8</sat></trkpt>
  <trkpt lat="30.30380114" lon="120.12418258"><ele>61.827</ele><time>2026-09-03T11:17:20Z</time><sat>9</sat></trkpt>
  <trkpt lat="30.30380038" lon="120.12418421"><ele>61.695</ele><time>2026-09-03T11:17:23Z</time><sat>8</sat></trkpt>
  <trkpt lat="30.30379946" lon="120.12418648"><ele>61.520</ele><time>2026-09-03T11:17:26Z</time><sat>8</sat></trkpt>
  <trkpt lat="30.30379899" lon="120.12418790"><ele>61.415</ele><time>2026-09-03T11:17:29Z</time><sat>9</sat></trkpt>
  <trkpt lat="30.30379837" lon="120.12418840"><ele>61.377</ele><time>2026-09-03T11:17:32Z</time><sat>11</sat></trkpt>
  <trkpt lat="30.30379761" lon="120.12418888"><ele>61.279</ele><time>2026-09-03T11:17:35Z</time><sat>9</sat></trkpt>
  <trkpt lat="30.30377709" lon="120.12427733"><ele>60.464</ele><time>2026-09-03T11:17:38Z</time><sat>6</sat></trkpt>
  <trkpt lat="30.30371630" lon="120.12432487"><ele>58.448</ele><time>2026-09-03T11:17:41Z</time><sat>5</sat></trkpt>
  <trkpt lat="30.30364654" lon="120.12436245"><ele>57.589</ele><time>2026-09-03T11:17:44Z</time><sat>9</sat></trkpt>
  <trkpt lat="30.30367383" lon="120.12431628"><ele>58.485</ele><time>2026-09-03T11:17:47Z</time><sat>8</sat></trkpt>
  <trkpt lat="30.30369962" lon="120.12434246"><ele>57.951</ele><time>2026-09-03T11:17:50Z</time><sat>5</sat></trkpt>
  <trkpt lat="30.30372340" lon="120.12425519"><ele>56.837</ele><time>2026-09-03T11:17:53Z</time><sat>5</sat></trkpt>
  <trkpt lat="30.30371785" lon="120.12425935"><ele>58.496</ele><time>2026-09-03T11:17:56Z</time><sat>5</sat></trkpt>
  <trkpt lat="30.30375223" lon="120.12425471"><ele>56.972</ele><time>2026-09-03T11:17:59Z</time><sat>6</sat></trkpt>
  <trkpt lat="30.30379582" lon="120.12420492"><ele>57.098</ele><time>2026-09-03T11:18:02Z</time><sat>5</sat></trkpt>
  <trkpt lat="30.30383351" lon="120.12417377"><ele>58.478</ele><time>2026-09-03T11:18:05Z</time><sat>5</sat></trkpt>
  <trkpt lat="30.30385146" lon="120.12419597"><ele>61.338</ele><time>2026-09-03T11:18:08Z</time><sat>6</sat></trkpt>
  <trkpt lat="30.30386228" lon="120.12421051"><ele>63.641</ele><time>2026-09-03T11:18:11Z</time><sat>7</sat></trkpt>
  <trkpt lat="30.30383488" lon="120.12421466"><ele>62.479</ele><time>2026-09-03T11:18:14Z</time><sat>7</sat></trkpt>
  <trkpt lat="30.30383326" lon="120.12421818"><ele>63.570</ele><time>2026-09-03T11:18:17Z</time><sat>6</sat></trkpt>
  <trkpt lat="30.30384057" lon="120.12422150"><ele>64.056</ele><time>2026-09-03T11:18:20Z</time><sat>7</sat></trkpt>
  <trkpt lat="30.30384265" lon="120.12422108"><ele>64.270</ele><time>2026-09-03T11:18:23Z</time><sat>8</sat></trkpt>
  <trkpt lat="30.30384393" lon="120.12422055"><ele>64.617</ele><time>2026-09-03T11:18:26Z</time><sat>8</sat></trkpt>
  <trkpt lat="30.30384491" lon="120.12421997"><ele>65.115</ele><time>2026-09-03T11:18:29Z</time><sat>9</sat></trkpt>
  <trkpt lat="30.30384363" lon="120.12422096"><ele>64.490</ele><time>2026-09-03T11:18:32Z</time><sat>9</sat></trkpt>
  <trkpt lat="30.30384490" lon="120.12422093"><ele>65.035</ele><time>2026-09-03T11:18:35Z</time><sat>9</sat></trkpt>
  <trkpt lat="30.30383924" lon="120.12422567"><ele>62.700</ele><time>2026-09-03T11:18:38Z</time><sat>10</sat></trkpt>
  <trkpt lat="30.30383922" lon="120.12422603"><ele>63.161</ele><time>2026-09-03T11:18:41Z</time><sat>10</sat></trkpt>
  <trkpt lat="30.30384301" lon="120.12422380"><ele>64.607</ele><time>2026-09-03T11:18:44Z</time><sat>8</sat></trkpt>
  <trkpt lat="30.30384317" lon="120.12422359"><ele>64.381</ele><time>2026-09-03T11:18:47Z</time><sat>9</sat></trkpt>
  <trkpt lat="30.30384314" lon="120.12422392"><ele>64.294</ele><time>2026-09-03T11:18:50Z</time><sat>8</sat></trkpt>
  <trkpt lat="30.30384256" lon="120.12422458"><ele>63.833</ele><time>2026-09-03T11:18:53Z</time><sat>7</sat></trkpt>
  <trkpt lat="30.30384346" lon="120.12422433"><ele>64.185</ele><time>2026-09-03T11:18:56Z</time><sat>7</sat></trkpt>
  <trkpt lat="30.30384239" lon="120.12422497"><ele>63.471</ele><time>2026-09-03T11:18:59Z</time><sat>9</sat></trkpt>
  <trkpt lat="30.30384202" lon="120.12422533"><ele>63.325</ele><time>2026-09-03T11:19:02Z</time><sat>9</sat></trkpt>
  <trkpt lat="30.30384188" lon="120.12422528"><ele>63.315</ele><time>2026-09-03T11:19:05Z</time><sat>6</sat></trkpt>
  <trkpt lat="30.30384182" lon="120.12422567"><ele>63.183</ele><time>2026-09-03T11:19:08Z</time><sat>4</sat></trkpt>
  <trkpt lat="30.30384061" lon="120.12422630"><ele>62.536</ele><time>2026-09-03T11:19:11Z</time><sat>6</sat></trkpt>
  <trkpt lat="30.30384031" lon="120.12422634"><ele>62.483</ele><time>2026-09-03T11:19:14Z</time><sat>8</sat></trkpt>
  <trkpt lat="30.30384092" lon="120.12422599"><ele>62.699</ele><time>2026-09-03T11:19:17Z</time><sat>6</sat></trkpt>
  <trkpt lat="30.30384087" lon="120.12422600"><ele>62.678</ele><time>2026-09-03T11:19:20Z</time><sat>5</sat></trkpt>
  <trkpt lat="30.30384097" lon="120.12422560"><ele>62.641</ele><time>2026-09-03T11:19:23Z</time><sat>5</sat></trkpt>
  <trkpt lat="30.30384071" lon="120.12422553"><ele>62.621</ele><time>2026-09-03T11:19:26Z</time><sat>7</sat></trkpt>
  <trkpt lat="30.30384134" lon="120.12422514"><ele>62.854</ele><time>2026-09-03T11:19:29Z</time><sat>6</sat></trkpt>
  <trkpt lat="30.30384147" lon="120.12422489"><ele>62.946</ele><time>2026-09-03T11:19:32Z</time><sat>5</sat></trkpt>
  <trkpt lat="30.30384103" lon="120.12422461"><ele>62.795</ele><time>2026-09-03T11:19:35Z</time><sat>5</sat></trkpt>
  <trkpt lat="30.30384094" lon="120.12422450"><ele>62.802</ele><time>2026-09-03T11:19:38Z</time><sat>6</sat></trkpt>
  <trkpt lat="30.30383509" lon="120.12422926"><ele>61.128</ele><time>2026-09-03T11:19:41Z</time><sat>6</sat></trkpt>
  <trkpt lat="30.30383474" lon="120.12422933"><ele>61.110</ele><time>2026-09-03T11:19:44Z</time><sat>5</sat></trkpt>
  <trkpt lat="30.30383444" lon="120.12422932"><ele>61.041</ele><time>2026-09-03T11:19:47Z</time><sat>6</sat></trkpt>
  <trkpt lat="30.30383422" lon="120.12422913"><ele>61.054</ele><time>2026-09-03T11:19:50Z</time><sat>6</sat></trkpt>
  <trkpt lat="30.30383288" lon="120.12423001"><ele>60.711</ele><time>2026-09-03T11:19:53Z</time><sat>5</sat></trkpt>
  <trkpt lat="30.30383264" lon="120.12422980"><ele>60.728</ele><time>2026-09-03T11:19:56Z</time><sat>5</sat></trkpt>
  <trkpt lat="30.30383239" lon="120.12422973"><ele>60.630</ele><time>2026-09-03T11:19:59Z</time><sat>6</sat></trkpt>
  <trkpt lat="30.30383229" lon="120.12422963"><ele>60.647</ele><time>2026-09-03T11:20:02Z</time><sat>6</sat></trkpt>
  <trkpt lat="30.30383212" lon="120.12422955"><ele>60.616</ele><time>2026-09-03T11:20:05Z</time><sat>6</sat></trkpt>
  <trkpt lat="30.30383237" lon="120.12422951"><ele>60.821</ele><time>2026-09-03T11:20:08Z</time><sat>7</sat></trkpt>
  <trkpt lat="30.30383226" lon="120.12422944"><ele>60.777</ele><time>2026-09-03T11:20:11Z</time><sat>7</sat></trkpt>
  <trkpt lat="30.30383219" lon="120.12422944"><ele>60.786</ele><time>2026-09-03T11:20:14Z</time><sat>6</sat></trkpt>
  <trkpt lat="30.30383201" lon="120.12422938"><ele>60.782</ele><time>2026-09-03T11:20:17Z</time><sat>5</sat></trkpt>
  <trkpt lat="30.30383198" lon="120.12422939"><ele>60.784</ele><time>2026-09-03T11:20:20Z</time><sat>6</sat></trkpt>
  <trkpt lat="30.30383195" lon="120.12422949"><ele>60.789</ele><time>2026-09-03T11:20:23Z</time><sat>6</sat></trkpt>
  <trkpt lat="30.30383192" lon="120.12422956"><ele>60.805</ele><time>2026-09-03T11:20:26Z</time><sat>5</sat></trkpt>
  <trkpt lat="30.30383191" lon="120.12422954"><ele>60.798</ele><time>2026-09-03T11:20:29Z</time><sat>5</sat></trkpt>
  <trkpt lat="30.30383188" lon="120.12422958"><ele>60.802</ele><time>2026-09-03T11:20:32Z</time><sat>5</sat></trkpt>
  <trkpt lat="30.30383166" lon="120.12422983"><ele>60.779</ele><time>2026-09-03T11:20:35Z</time><sat>6</sat></trkpt>
  <trkpt lat="30.30383151" lon="120.12422992"><ele>60.789</ele><time>2026-09-03T11:20:38Z</time><sat>6</sat></trkpt>
  <trkpt lat="30.30383152" lon="120.12422990"><ele>60.770</ele><time>2026-09-03T11:20:41Z</time><sat>4</sat></trkpt>
  <trkpt lat="30.30383152" lon="120.12422991"><ele>60.770</ele><time>2026-09-03T11:20:44Z</time><sat>6</sat></trkpt>
  <trkpt lat="30.30383516" lon="120.12422631"><ele>61.693</ele><time>2026-09-03T11:20:47Z</time><sat>5</sat></trkpt>
  <trkpt lat="30.30383532" lon="120.12422619"><ele>61.717</ele><time>2026-09-03T11:20:50Z</time><sat>2</sat></trkpt>
  <trkpt lat="30.30383534" lon="120.12422605"><ele>61.711</ele><time>2026-09-03T11:20:53Z</time><sat>4</sat></trkpt>
  <trkpt lat="30.30383534" lon="120.12422595"><ele>61.726</ele><time>2026-09-03T11:20:56Z</time><sat>5</sat></trkpt>
  <trkpt lat="30.30383575" lon="120.12422560"><ele>61.966</ele><time>2026-09-03T11:20:59Z</time><sat>4</sat></trkpt>
  <trkpt lat="30.30383583" lon="120.12422547"><ele>61.995</ele><time>2026-09-03T11:21:02Z</time><sat>4</sat></trkpt>
  <trkpt lat="30.30383583" lon="120.12422552"><ele>62.034</ele><time>2026-09-03T11:21:05Z</time><sat>5</sat></trkpt>
  <trkpt lat="30.30383586" lon="120.12422554"><ele>62.045</ele><time>2026-09-03T11:21:08Z</time><sat>5</sat></trkpt>
  <trkpt lat="30.30383614" lon="120.12422533"><ele>62.197</ele><time>2026-09-03T11:21:11Z</time><sat>5</sat></trkpt>
  <trkpt lat="30.30383616" lon="120.12422534"><ele>62.217</ele><time>2026-09-03T11:21:14Z</time><sat>6</sat></trkpt>
  <trkpt lat="30.30383616" lon="120.12422541"><ele>62.230</ele><time>2026-09-03T11:21:17Z</time><sat>5</sat></trkpt>
  <trkpt lat="30.30383640" lon="120.12422542"><ele>62.304</ele><time>2026-09-03T11:21:20Z</time><sat>4</sat></trkpt>
  <trkpt lat="30.30383607" lon="120.12422573"><ele>62.097</ele><time>2026-09-03T11:21:23Z</time><sat>5</sat></trkpt>
  <trkpt lat="30.30383703" lon="120.12422564"><ele>62.507</ele><time>2026-09-03T11:21:26Z</time><sat>8</sat></trkpt>
  <trkpt lat="30.30383732" lon="120.12422563"><ele>62.502</ele><time>2026-09-03T11:21:29Z</time><sat>8</sat></trkpt>
  <trkpt lat="30.30383726" lon="120.12422557"><ele>62.461</ele><time>2026-09-03T11:21:32Z</time><sat>3</sat></trkpt>
  <trkpt lat="30.30383749" lon="120.12422529"><ele>62.580</ele><time>2026-09-03T11:21:35Z</time><sat>3</sat></trkpt>
  <trkpt lat="30.30383806" lon="120.12422488"><ele>62.887</ele><time>2026-09-03T11:21:38Z</time><sat>4</sat></trkpt>
  <trkpt lat="30.30383854" lon="120.12422453"><ele>63.127</ele><time>2026-09-03T11:21:41Z</time><sat>3</sat></trkpt>
  <trkpt lat="30.30383856" lon="120.12422453"><ele>63.119</ele><time>2026-09-03T11:21:44Z</time><sat>3</sat></trkpt>
  <trkpt lat="30.30383854" lon="120.12422456"><ele>63.110</ele><time>2026-09-03T11:21:47Z</time><sat>3</sat></trkpt>
  <trkpt lat="30.30383851" lon="120.12422463"><ele>63.098</ele><time>2026-09-03T11:21:50Z</time><sat>3</sat></trkpt>
  <trkpt lat="30.30385127" lon="120.12421260"><ele>66.590</ele><time>2026-09-03T11:22:11Z</time><sat>2</sat></trkpt>
  <trkpt lat="30.30385129" lon="120.12421259"><ele>66.586</ele><time>2026-09-03T11:22:14Z</time><sat>3</sat></trkpt>
  <trkpt lat="30.30385128" lon="120.12421259"><ele>66.582</ele><time>2026-09-03T11:22:17Z</time><sat>3</sat></trkpt>
  <trkpt lat="30.30385155" lon="120.12421256"><ele>66.740</ele><time>2026-09-03T11:22:43Z</time><sat>3</sat></trkpt>
  <trkpt lat="30.30385151" lon="120.12421265"><ele>66.701</ele><time>2026-09-03T11:22:46Z</time><sat>6</sat></trkpt>
  <trkpt lat="30.30385431" lon="120.12421090"><ele>67.787</ele><time>2026-09-03T11:22:49Z</time><sat>5</sat></trkpt>
  <trkpt lat="30.30385537" lon="120.12421021"><ele>68.059</ele><time>2026-09-03T11:22:52Z</time><sat>5</sat></trkpt>
  <trkpt lat="30.30385676" lon="120.12420931"><ele>68.613</ele><time>2026-09-03T11:22:55Z</time><sat>5</sat></trkpt>
  <trkpt lat="30.30385779" lon="120.12420861"><ele>68.939</ele><time>2026-09-03T11:22:58Z</time><sat>6</sat></trkpt>
  <trkpt lat="30.30385883" lon="120.12420791"><ele>69.295</ele><time>2026-09-03T11:23:01Z</time><sat>7</sat></trkpt>
  <trkpt lat="30.30385970" lon="120.12420732"><ele>69.614</ele><time>2026-09-03T11:23:04Z</time><sat>5</sat></trkpt>
  <trkpt lat="30.30386067" lon="120.12420664"><ele>69.979</ele><time>2026-09-03T11:23:07Z</time><sat>4</sat></trkpt>
  <trkpt lat="30.30386161" lon="120.12420600"><ele>70.321</ele><time>2026-09-03T11:23:10Z</time><sat>7</sat></trkpt>
  <trkpt lat="30.30386230" lon="120.12420567"><ele>70.587</ele><time>2026-09-03T11:23:13Z</time><sat>7</sat></trkpt>
  <trkpt lat="30.30386315" lon="120.12420508"><ele>71.011</ele><time>2026-09-03T11:23:16Z</time><sat>6</sat></trkpt>
  <trkpt lat="30.30386382" lon="120.12420461"><ele>71.241</ele><time>2026-09-03T11:23:19Z</time><sat>7</sat></trkpt>
  <trkpt lat="30.30386438" lon="120.12420424"><ele>71.440</ele><time>2026-09-03T11:23:22Z</time><sat>7</sat></trkpt>
  <trkpt lat="30.30386513" lon="120.12420371"><ele>71.958</ele><time>2026-09-03T11:23:25Z</time><sat>8</sat></trkpt>
  <trkpt lat="30.30386547" lon="120.12420346"><ele>72.035</ele><time>2026-09-03T11:23:28Z</time><sat>7</sat></trkpt>
  <trkpt lat="30.30386548" lon="120.12420393"><ele>72.000</ele><time>2026-09-03T11:23:31Z</time><sat>5</sat></trkpt>
  <trkpt lat="30.30386546" lon="120.12420400"><ele>71.994</ele><time>2026-09-03T11:23:34Z</time><sat>7</sat></trkpt>
  <trkpt lat="30.30386534" lon="120.12420414"><ele>71.904</ele><time>2026-09-03T11:23:37Z</time><sat>8</sat></trkpt>
  <trkpt lat="30.30386522" lon="120.12420428"><ele>71.874</ele><time>2026-09-03T11:23:40Z</time><sat>7</sat></trkpt>
  <trkpt lat="30.30386487" lon="120.12420527"><ele>71.687</ele><time>2026-09-03T11:23:43Z</time><sat>6</sat></trkpt>
  <trkpt lat="30.30386483" lon="120.12420537"><ele>71.680</ele><time>2026-09-03T11:23:46Z</time><sat>7</sat></trkpt>
  <trkpt lat="30.30386424" lon="120.12420578"><ele>71.570</ele><time>2026-09-03T11:23:49Z</time><sat>6</sat></trkpt>
  <trkpt lat="30.30386420" lon="120.12420584"><ele>71.559</ele><time>2026-09-03T11:23:52Z</time><sat>7</sat></trkpt>
  <trkpt lat="30.30386419" lon="120.12420588"><ele>71.556</ele><time>2026-09-03T11:23:55Z</time><sat>9</sat></trkpt>
  <trkpt lat="30.30386390" lon="120.12420610"><ele>71.453</ele><time>2026-09-03T11:23:58Z</time><sat>7</sat></trkpt>
  <trkpt lat="30.30386363" lon="120.12420715"><ele>71.298</ele><time>2026-09-03T11:24:01Z</time><sat>5</sat></trkpt>
  <trkpt lat="30.30386321" lon="120.12420769"><ele>71.152</ele><time>2026-09-03T11:24:04Z</time><sat>8</sat></trkpt>
  <trkpt lat="30.30386323" lon="120.12420768"><ele>71.169</ele><time>2026-09-03T11:24:07Z</time><sat>10</sat></trkpt>
  <trkpt lat="30.30386289" lon="120.12420808"><ele>71.038</ele><time>2026-09-03T11:24:10Z</time><sat>8</sat></trkpt>
  <trkpt lat="30.30386256" lon="120.12420889"><ele>70.875</ele><time>2026-09-03T11:24:13Z</time><sat>7</sat></trkpt>
  <trkpt lat="30.30386254" lon="120.12420895"><ele>70.878</ele><time>2026-09-03T11:24:16Z</time><sat>8</sat></trkpt>
  <trkpt lat="30.30386252" lon="120.12420898"><ele>70.862</ele><time>2026-09-03T11:24:19Z</time><sat>6</sat></trkpt>
  <trkpt lat="30.30386271" lon="120.12420878"><ele>70.927</ele><time>2026-09-03T11:24:22Z</time><sat>5</sat></trkpt>
  <trkpt lat="30.30386267" lon="120.12420883"><ele>70.904</ele><time>2026-09-03T11:24:25Z</time><sat>6</sat></trkpt>
  <trkpt lat="30.30386261" lon="120.12420892"><ele>70.872</ele><time>2026-09-03T11:24:28Z</time><sat>6</sat></trkpt>
  <trkpt lat="30.30386213" lon="120.12421001"><ele>70.581</ele><time>2026-09-03T11:24:31Z</time><sat>5</sat></trkpt>
  <trkpt lat="30.30386077" lon="120.12421309"><ele>69.973</ele><time>2026-09-03T11:24:34Z</time><sat>6</sat></trkpt>
  <trkpt lat="30.30386022" lon="120.12421433"><ele>69.718</ele><time>2026-09-03T11:24:37Z</time><sat>6</sat></trkpt>
  <trkpt lat="30.30386123" lon="120.12421465"><ele>70.189</ele><time>2026-09-03T11:24:40Z</time><sat>6</sat></trkpt>
  <trkpt lat="30.30386127" lon="120.12421476"><ele>70.185</ele><time>2026-09-03T11:24:43Z</time><sat>8</sat></trkpt>
  <trkpt lat="30.30386125" lon="120.12421483"><ele>70.176</ele><time>2026-09-03T11:24:46Z</time><sat>6</sat></trkpt>
  <trkpt lat="30.30386126" lon="120.12421486"><ele>70.171</ele><time>2026-09-03T11:24:49Z</time><sat>5</sat></trkpt>
  <trkpt lat="30.30386207" lon="120.12421517"><ele>70.552</ele><time>2026-09-03T11:24:52Z</time><sat>5</sat></trkpt>
  <trkpt lat="30.30386235" lon="120.12421509"><ele>70.668</ele><time>2026-09-03T11:24:55Z</time><sat>8</sat></trkpt>
  <trkpt lat="30.30386270" lon="120.12421489"><ele>70.790</ele><time>2026-09-03T11:24:58Z</time><sat>7</sat></trkpt>
  <trkpt lat="30.30386288" lon="120.12421507"><ele>70.834</ele><time>2026-09-03T11:25:01Z</time><sat>6</sat></trkpt>
  <trkpt lat="30.30386394" lon="120.12421512"><ele>71.301</ele><time>2026-09-03T11:25:04Z</time><sat>6</sat></trkpt>
  <trkpt lat="30.30386420" lon="120.12421502"><ele>71.376</ele><time>2026-09-03T11:25:07Z</time><sat>8</sat></trkpt>
  <trkpt lat="30.30386453" lon="120.12421488"><ele>71.497</ele><time>2026-09-03T11:25:10Z</time><sat>7</sat></trkpt>
  <trkpt lat="30.30386459" lon="120.12421489"><ele>71.508</ele><time>2026-09-03T11:25:13Z</time><sat>7</sat></trkpt>
  <trkpt lat="30.30386471" lon="120.12421482"><ele>71.554</ele><time>2026-09-03T11:25:16Z</time><sat>5</sat></trkpt>
  <trkpt lat="30.30386489" lon="120.12421470"><ele>71.624</ele><time>2026-09-03T11:25:19Z</time><sat>4</sat></trkpt>
  <trkpt lat="30.30386493" lon="120.12421471"><ele>71.572</ele><time>2026-09-03T11:25:22Z</time><sat>6</sat></trkpt>
  <trkpt lat="30.30386469" lon="120.12421501"><ele>71.489</ele><time>2026-09-03T11:25:25Z</time><sat>7</sat></trkpt>
  <trkpt lat="30.30386584" lon="120.12421523"><ele>72.135</ele><time>2026-09-03T11:25:28Z</time><sat>6</sat></trkpt>
  <trkpt lat="30.30386692" lon="120.12421625"><ele>72.671</ele><time>2026-09-03T11:25:31Z</time><sat>7</sat></trkpt>
  <trkpt lat="30.30386818" lon="120.12421675"><ele>73.042</ele><time>2026-09-03T11:25:34Z</time><sat>7</sat></trkpt>
  <trkpt lat="30.30386896" lon="120.12421868"><ele>73.503</ele><time>2026-09-03T11:25:37Z</time><sat>8</sat></trkpt>
  <trkpt lat="30.30387126" lon="120.12421940"><ele>74.548</ele><time>2026-09-03T11:25:40Z</time><sat>8</sat></trkpt>
  <trkpt lat="30.30387221" lon="120.12421950"><ele>74.744</ele><time>2026-09-03T11:25:43Z</time><sat>8</sat></trkpt>
  <trkpt lat="30.30387266" lon="120.12421965"><ele>74.926</ele><time>2026-09-03T11:25:46Z</time><sat>7</sat></trkpt>
  <trkpt lat="30.30387373" lon="120.12422044"><ele>75.428</ele><time>2026-09-03T11:25:49Z</time><sat>7</sat></trkpt>
  <trkpt lat="30.30387671" lon="120.12422132"><ele>76.805</ele><time>2026-09-03T11:25:52Z</time><sat>8</sat></trkpt>
  <trkpt lat="30.30387784" lon="120.12422155"><ele>77.194</ele><time>2026-09-03T11:25:55Z</time><sat>8</sat></trkpt>
  <trkpt lat="30.30387765" lon="120.12422263"><ele>76.983</ele><time>2026-09-03T11:25:58Z</time><sat>7</sat></trkpt>
  <trkpt lat="30.30387806" lon="120.12422267"><ele>77.154</ele><time>2026-09-03T11:26:01Z</time><sat>10</sat></trkpt>
  <trkpt lat="30.30387779" lon="120.12422372"><ele>77.050</ele><time>2026-09-03T11:26:04Z</time><sat>10</sat></trkpt>
  <trkpt lat="30.30387798" lon="120.12422388"><ele>77.133</ele><time>2026-09-03T11:26:07Z</time><sat>9</sat></trkpt>
  <trkpt lat="30.30387813" lon="120.12422420"><ele>77.056</ele><time>2026-09-03T11:26:10Z</time><sat>9</sat></trkpt>
  <trkpt lat="30.30387831" lon="120.12422433"><ele>77.147</ele><time>2026-09-03T11:26:13Z</time><sat>9</sat></trkpt>
  <trkpt lat="30.30387763" lon="120.12422564"><ele>76.859</ele><time>2026-09-03T11:26:16Z</time><sat>9</sat></trkpt>
  <trkpt lat="30.30387744" lon="120.12422735"><ele>76.772</ele><time>2026-09-03T11:26:19Z</time><sat>9</sat></trkpt>
  <trkpt lat="30.30387687" lon="120.12422847"><ele>76.388</ele><time>2026-09-03T11:26:22Z</time><sat>10</sat></trkpt>
  <trkpt lat="30.30387678" lon="120.12422876"><ele>76.436</ele><time>2026-09-03T11:26:25Z</time><sat>10</sat></trkpt>
  <trkpt lat="30.30387686" lon="120.12422881"><ele>76.517</ele><time>2026-09-03T11:26:28Z</time><sat>10</sat></trkpt>
  <trkpt lat="30.30387736" lon="120.12422899"><ele>76.710</ele><time>2026-09-03T11:26:31Z</time><sat>9</sat></trkpt>
  <trkpt lat="30.30387808" lon="120.12422919"><ele>77.121</ele><time>2026-09-03T11:26:34Z</time><sat>9</sat></trkpt>
  <trkpt lat="30.30387829" lon="120.12422952"><ele>77.283</ele><time>2026-09-03T11:26:37Z</time><sat>11</sat></trkpt>
  <trkpt lat="30.30387852" lon="120.12422962"><ele>77.380</ele><time>2026-09-03T11:26:40Z</time><sat>11</sat></trkpt>
  <trkpt lat="30.30387876" lon="120.12422975"><ele>77.477</ele><time>2026-09-03T11:26:43Z</time><sat>8</sat></trkpt>
  <trkpt lat="30.30387907" lon="120.12422990"><ele>77.619</ele><time>2026-09-03T11:26:46Z</time><sat>7</sat></trkpt>
  <trkpt lat="30.30387925" lon="120.12423002"><ele>77.689</ele><time>2026-09-03T11:26:49Z</time><sat>8</sat></trkpt>
  <trkpt lat="30.30387934" lon="120.12423006"><ele>77.717</ele><time>2026-09-03T11:26:52Z</time><sat>9</sat></trkpt>
  <trkpt lat="30.30387940" lon="120.12423011"><ele>77.740</ele><time>2026-09-03T11:26:55Z</time><sat>7</sat></trkpt>
  <trkpt lat="30.30387979" lon="120.12423026"><ele>77.928</ele><time>2026-09-03T11:26:58Z</time><sat>9</sat></trkpt>
  <trkpt lat="30.30388054" lon="120.12423032"><ele>78.257</ele><time>2026-09-03T11:27:01Z</time><sat>9</sat></trkpt>
  <trkpt lat="30.30388135" lon="120.12422997"><ele>78.779</ele><time>2026-09-03T11:27:04Z</time><sat>8</sat></trkpt>
  <trkpt lat="30.30388161" lon="120.12422987"><ele>78.810</ele><time>2026-09-03T11:27:07Z</time><sat>8</sat></trkpt>
  <trkpt lat="30.30388163" lon="120.12422987"><ele>78.818</ele><time>2026-09-03T11:27:10Z</time><sat>6</sat></trkpt>
  <trkpt lat="30.30388183" lon="120.12422995"><ele>78.910</ele><time>2026-09-03T11:27:13Z</time><sat>5</sat></trkpt>
  <trkpt lat="30.30388208" lon="120.12423003"><ele>79.015</ele><time>2026-09-03T11:27:16Z</time><sat>6</sat></trkpt>
  <trkpt lat="30.30388210" lon="120.12423013"><ele>79.018</ele><time>2026-09-03T11:27:19Z</time><sat>6</sat></trkpt>
  <trkpt lat="30.30388243" lon="120.12422994"><ele>79.154</ele><time>2026-09-03T11:27:22Z</time><sat>8</sat></trkpt>
  <trkpt lat="30.30388279" lon="120.12422998"><ele>79.311</ele><time>2026-09-03T11:27:25Z</time><sat>9</sat></trkpt>
  <trkpt lat="30.30388273" lon="120.12423099"><ele>79.245</ele><time>2026-09-03T11:27:28Z</time><sat>9</sat></trkpt>
  <trkpt lat="30.30388291" lon="120.12423120"><ele>79.302</ele><time>2026-09-03T11:27:31Z</time><sat>9</sat></trkpt>
  <trkpt lat="30.30388308" lon="120.12423114"><ele>79.364</ele><time>2026-09-03T11:27:34Z</time><sat>10</sat></trkpt>
  <trkpt lat="30.30388258" lon="120.12423207"><ele>79.068</ele><time>2026-09-03T11:27:37Z</time><sat>10</sat></trkpt>
  <trkpt lat="30.30388262" lon="120.12423235"><ele>79.174</ele><time>2026-09-03T11:27:40Z</time><sat>10</sat></trkpt>
  <trkpt lat="30.30388314" lon="120.12423187"><ele>79.399</ele><time>2026-09-03T11:27:43Z</time><sat>10</sat></trkpt>
  <trkpt lat="30.30388354" lon="120.12423178"><ele>79.543</ele><time>2026-09-03T11:27:46Z</time><sat>9</sat></trkpt>
  <trkpt lat="30.30388375" lon="120.12423179"><ele>79.618</ele><time>2026-09-03T11:27:49Z</time><sat>9</sat></trkpt>
  <trkpt lat="30.30388413" lon="120.12423175"><ele>79.778</ele><time>2026-09-03T11:27:52Z</time><sat>9</sat></trkpt>
  <trkpt lat="30.30388446" lon="120.12423187"><ele>79.894</ele><time>2026-09-03T11:27:55Z</time><sat>10</sat></trkpt>
  <trkpt lat="30.30388466" lon="120.12423185"><ele>79.974</ele><time>2026-09-03T11:27:58Z</time><sat>9</sat></trkpt>
  <trkpt lat="30.30388469" lon="120.12423183"><ele>79.976</ele><time>2026-09-03T11:28:01Z</time><sat>8</sat></trkpt>
  <trkpt lat="30.30388470" lon="120.12423181"><ele>79.987</ele><time>2026-09-03T11:28:04Z</time><sat>9</sat></trkpt>
  <trkpt lat="30.30388471" lon="120.12423184"><ele>79.979</ele><time>2026-09-03T11:28:07Z</time><sat>8</sat></trkpt>
  <trkpt lat="30.30388483" lon="120.12423176"><ele>80.027</ele><time>2026-09-03T11:28:10Z</time><sat>9</sat></trkpt>
  <trkpt lat="30.30388495" lon="120.12423167"><ele>80.080</ele><time>2026-09-03T11:28:13Z</time><sat>8</sat></trkpt>
  <trkpt lat="30.30388498" lon="120.12423166"><ele>80.103</ele><time>2026-09-03T11:28:16Z</time><sat>7</sat></trkpt>
  <trkpt lat="30.30388519" lon="120.12423152"><ele>80.193</ele><time>2026-09-03T11:28:19Z</time><sat>7</sat></trkpt>
  <trkpt lat="30.30388533" lon="120.12423140"><ele>80.247</ele><time>2026-09-03T11:28:22Z</time><sat>6</sat></trkpt>
  <trkpt lat="30.30388550" lon="120.12423131"><ele>80.316</ele><time>2026-09-03T11:28:25Z</time><sat>6</sat></trkpt>
  <trkpt lat="30.30388559" lon="120.12423123"><ele>80.343</ele><time>2026-09-03T11:28:28Z</time><sat>8</sat></trkpt>
  <trkpt lat="30.30388562" lon="120.12423121"><ele>80.360</ele><time>2026-09-03T11:28:31Z</time><sat>9</sat></trkpt>
  <trkpt lat="30.30388566" lon="120.12423126"><ele>80.398</ele><time>2026-09-03T11:28:34Z</time><sat>6</sat></trkpt>
  <trkpt lat="30.30388562" lon="120.12423142"><ele>80.426</ele><time>2026-09-03T11:28:37Z</time><sat>5</sat></trkpt>
  <trkpt lat="30.30388580" lon="120.12423135"><ele>80.522</ele><time>2026-09-03T11:28:40Z</time><sat>8</sat></trkpt>
  <trkpt lat="30.30388580" lon="120.12423148"><ele>80.528</ele><time>2026-09-03T11:28:43Z</time><sat>9</sat></trkpt>
  <trkpt lat="30.30388576" lon="120.12423156"><ele>80.529</ele><time>2026-09-03T11:28:46Z</time><sat>7</sat></trkpt>
  <trkpt lat="30.30388577" lon="120.12423155"><ele>80.542</ele><time>2026-09-03T11:28:49Z</time><sat>6</sat></trkpt>
  <trkpt lat="30.30388592" lon="120.12423149"><ele>80.623</ele><time>2026-09-03T11:28:52Z</time><sat>5</sat></trkpt>
  <trkpt lat="30.30388597" lon="120.12423147"><ele>80.616</ele><time>2026-09-03T11:28:55Z</time><sat>7</sat></trkpt>
  <trkpt lat="30.30388613" lon="120.12423136"><ele>80.678</ele><time>2026-09-03T11:28:58Z</time><sat>7</sat></trkpt>
  <trkpt lat="30.30388613" lon="120.12423138"><ele>80.675</ele><time>2026-09-03T11:29:01Z</time><sat>6</sat></trkpt>
  <trkpt lat="30.30388613" lon="120.12423138"><ele>80.675</ele><time>2026-09-03T11:29:04Z</time><sat>7</sat></trkpt>
  <trkpt lat="30.30388617" lon="120.12423135"><ele>80.690</ele><time>2026-09-03T11:29:07Z</time><sat>4</sat></trkpt>
  <trkpt lat="30.30388620" lon="120.12423134"><ele>80.697</ele><time>2026-09-03T11:29:10Z</time><sat>4</sat></trkpt>
  <trkpt lat="30.30388622" lon="120.12423133"><ele>80.697</ele><time>2026-09-03T11:29:13Z</time><sat>8</sat></trkpt>
  <trkpt lat="30.30388624" lon="120.12423132"><ele>80.694</ele><time>2026-09-03T11:29:16Z</time><sat>7</sat></trkpt>
  <trkpt lat="30.30388632" lon="120.12423127"><ele>80.722</ele><time>2026-09-03T11:29:19Z</time><sat>5</sat></trkpt>
  <trkpt lat="30.30388578" lon="120.12423221"><ele>80.494</ele><time>2026-09-03T11:29:22Z</time><sat>7</sat></trkpt>
  <trkpt lat="30.30388530" lon="120.12423307"><ele>80.290</ele><time>2026-09-03T11:29:25Z</time><sat>9</sat></trkpt>
  <trkpt lat="30.30388512" lon="120.12423338"><ele>80.207</ele><time>2026-09-03T11:29:28Z</time><sat>7</sat></trkpt>
  <trkpt lat="30.30388506" lon="120.12423349"><ele>80.189</ele><time>2026-09-03T11:29:31Z</time><sat>6</sat></trkpt>
  <trkpt lat="30.30388497" lon="120.12423369"><ele>80.143</ele><time>2026-09-03T11:29:34Z</time><sat>7</sat></trkpt>
  <trkpt lat="30.30388508" lon="120.12423362"><ele>80.162</ele><time>2026-09-03T11:29:37Z</time><sat>8</sat></trkpt>
  <trkpt lat="30.30388591" lon="120.12423313"><ele>80.418</ele><time>2026-09-03T11:29:40Z</time><sat>9</sat></trkpt>
  <trkpt lat="30.30388609" lon="120.12423307"><ele>80.447</ele><time>2026-09-03T11:29:43Z</time><sat>8</sat></trkpt>
  <trkpt lat="30.30388647" lon="120.12423285"><ele>80.522</ele><time>2026-09-03T11:29:46Z</time><sat>9</sat></trkpt>
  <trkpt lat="30.30388648" lon="120.12423287"><ele>80.508</ele><time>2026-09-03T11:29:49Z</time><sat>8</sat></trkpt>
  <trkpt lat="30.30388648" lon="120.12423293"><ele>80.487</ele><time>2026-09-03T11:29:52Z</time><sat>7</sat></trkpt>
  <trkpt lat="30.30388654" lon="120.12423292"><ele>80.492</ele><time>2026-09-03T11:29:55Z</time><sat>9</sat></trkpt>
  <trkpt lat="30.30388658" lon="120.12423291"><ele>80.487</ele><time>2026-09-03T11:29:58Z</time><sat>9</sat></trkpt>
  <trkpt lat="30.30388664" lon="120.12423288"><ele>80.509</ele><time>2026-09-03T11:30:01Z</time><sat>7</sat></trkpt>
  <trkpt lat="30.30388669" lon="120.12423284"><ele>80.527</ele><time>2026-09-03T11:30:04Z</time><sat>8</sat></trkpt>
  <trkpt lat="30.30388675" lon="120.12423282"><ele>80.542</ele><time>2026-09-03T11:30:07Z</time><sat>10</sat></trkpt>
  <trkpt lat="30.30388680" lon="120.12423279"><ele>80.560</ele><time>2026-09-03T11:30:10Z</time><sat>7</sat></trkpt>
  <trkpt lat="30.30388682" lon="120.12423279"><ele>80.563</ele><time>2026-09-03T11:30:13Z</time><sat>7</sat></trkpt>
  <trkpt lat="30.30388692" lon="120.12423272"><ele>80.607</ele><time>2026-09-03T11:30:16Z</time><sat>8</sat></trkpt>
  <trkpt lat="30.30388699" lon="120.12423266"><ele>80.633</ele><time>2026-09-03T11:30:19Z</time><sat>7</sat></trkpt>
  <trkpt lat="30.30388707" lon="120.12423261"><ele>80.666</ele><time>2026-09-03T11:30:22Z</time><sat>7</sat></trkpt>
  <trkpt lat="30.30388760" lon="120.12423225"><ele>81.084</ele><time>2026-09-03T11:30:25Z</time><sat>9</sat></trkpt>
  <trkpt lat="30.30388779" lon="120.12423218"><ele>81.109</ele><time>2026-09-03T11:30:28Z</time><sat>8</sat></trkpt>
  <trkpt lat="30.30388784" lon="120.12423225"><ele>81.132</ele><time>2026-09-03T11:30:31Z</time><sat>8</sat></trkpt>
  <trkpt lat="30.30388923" lon="120.12423212"><ele>81.728</ele><time>2026-09-03T11:30:34Z</time><sat>10</sat></trkpt>
  <trkpt lat="30.30388978" lon="120.12423204"><ele>81.787</ele><time>2026-09-03T11:30:37Z</time><sat>11</sat></trkpt>
  <trkpt lat="30.30388986" lon="120.12423204"><ele>81.793</ele><time>2026-09-03T11:30:40Z</time><sat>9</sat></trkpt>
  <trkpt lat="30.30388984" lon="120.12423207"><ele>81.772</ele><time>2026-09-03T11:30:43Z</time><sat>11</sat></trkpt>
  <trkpt lat="30.30389099" lon="120.12423194"><ele>82.255</ele><time>2026-09-03T11:30:46Z</time><sat>11</sat></trkpt>
  <trkpt lat="30.30389138" lon="120.12423190"><ele>82.249</ele><time>2026-09-03T11:30:49Z</time><sat>11</sat></trkpt>
  <trkpt lat="30.30389142" lon="120.12423191"><ele>82.238</ele><time>2026-09-03T11:30:52Z</time><sat>12</sat></trkpt>
  <trkpt lat="30.30389158" lon="120.12423187"><ele>82.280</ele><time>2026-09-03T11:30:55Z</time><sat>11</sat></trkpt>
  <trkpt lat="30.30389297" lon="120.12423167"><ele>82.857</ele><time>2026-09-03T11:30:58Z</time><sat>10</sat></trkpt>
  <trkpt lat="30.30389344" lon="120.12423162"><ele>82.851</ele><time>2026-09-03T11:31:01Z</time><sat>11</sat></trkpt>
  <trkpt lat="30.30389358" lon="120.12423154"><ele>82.894</ele><time>2026-09-03T11:31:04Z</time><sat>13</sat></trkpt>
  <trkpt lat="30.30389380" lon="120.12423141"><ele>82.955</ele><time>2026-09-03T11:31:07Z</time><sat>12</sat></trkpt>
  <trkpt lat="30.30389473" lon="120.12423118"><ele>83.306</ele><time>2026-09-03T11:31:10Z</time><sat>9</sat></trkpt>
  <trkpt lat="30.30389518" lon="120.12423102"><ele>83.364</ele><time>2026-09-03T11:31:13Z</time><sat>10</sat></trkpt>
  <trkpt lat="30.30389556" lon="120.12423123"><ele>83.539</ele><time>2026-09-03T11:31:16Z</time><sat>11</sat></trkpt>
  <trkpt lat="30.30389568" lon="120.12423119"><ele>83.531</ele><time>2026-09-03T11:31:19Z</time><sat>11</sat></trkpt>
  <trkpt lat="30.30389708" lon="120.12423103"><ele>84.163</ele><time>2026-09-03T11:31:22Z</time><sat>9</sat></trkpt>
  <trkpt lat="30.30389787" lon="120.12423108"><ele>84.332</ele><time>2026-09-03T11:31:25Z</time><sat>12</sat></trkpt>
  <trkpt lat="30.30389865" lon="120.12423106"><ele>84.520</ele><time>2026-09-03T11:31:28Z</time><sat>14</sat></trkpt>
  <trkpt lat="30.30389891" lon="120.12423104"><ele>84.581</ele><time>2026-09-03T11:31:31Z</time><sat>12</sat></trkpt>
  <trkpt lat="30.30389875" lon="120.12423078"><ele>84.492</ele><time>2026-09-03T11:31:34Z</time><sat>10</sat></trkpt>
  <trkpt lat="30.30389897" lon="120.12423098"><ele>84.625</ele><time>2026-09-03T11:31:37Z</time><sat>8</sat></trkpt>
  <trkpt lat="30.30389898" lon="120.12423100"><ele>84.595</ele><time>2026-09-03T11:31:40Z</time><sat>11</sat></trkpt>
  <trkpt lat="30.30389918" lon="120.12423127"><ele>84.717</ele><time>2026-09-03T11:31:43Z</time><sat>11</sat></trkpt>
  <trkpt lat="30.30389942" lon="120.12423178"><ele>84.925</ele><time>2026-09-03T11:31:46Z</time><sat>9</sat></trkpt>
  <trkpt lat="30.30389946" lon="120.12423188"><ele>84.932</ele><time>2026-09-03T11:31:49Z</time><sat>9</sat></trkpt>
  <trkpt lat="30.30389958" lon="120.12423222"><ele>85.059</ele><time>2026-09-03T11:31:52Z</time><sat>11</sat></trkpt>
  <trkpt lat="30.30389962" lon="120.12423229"><ele>85.063</ele><time>2026-09-03T11:31:55Z</time><sat>10</sat></trkpt>
  <trkpt lat="30.30389965" lon="120.12423227"><ele>85.069</ele><time>2026-09-03T11:31:58Z</time><sat>9</sat></trkpt>
  <trkpt lat="30.30389966" lon="120.12423225"><ele>85.068</ele><time>2026-09-03T11:32:01Z</time><sat>7</sat></trkpt>
  <trkpt lat="30.30390042" lon="120.12423220"><ele>85.349</ele><time>2026-09-03T11:32:04Z</time><sat>8</sat></trkpt>
  <trkpt lat="30.30390191" lon="120.12423204"><ele>85.715</ele><time>2026-09-03T11:32:07Z</time><sat>10</sat></trkpt>
  <trkpt lat="30.30390273" lon="120.12423200"><ele>85.984</ele><time>2026-09-03T11:32:10Z</time><sat>8</sat></trkpt>
  <trkpt lat="30.30390302" lon="120.12423199"><ele>85.987</ele><time>2026-09-03T11:32:13Z</time><sat>7</sat></trkpt>
  <trkpt lat="30.30390380" lon="120.12423196"><ele>86.228</ele><time>2026-09-03T11:32:16Z</time><sat>8</sat></trkpt>
  <trkpt lat="30.30390390" lon="120.12423195"><ele>86.226</ele><time>2026-09-03T11:32:19Z</time><sat>9</sat></trkpt>
  <trkpt lat="30.30391153" lon="120.12422232"><ele>86.676</ele><time>2026-09-03T11:32:22Z</time><sat>8</sat></trkpt>
  <trkpt lat="30.30391148" lon="120.12422230"><ele>86.680</ele><time>2026-09-03T11:32:25Z</time><sat>4</sat></trkpt>
  <trkpt lat="30.30391094" lon="120.12422313"><ele>86.693</ele><time>2026-09-03T11:32:28Z</time><sat>6</sat></trkpt>
  <trkpt lat="30.30391065" lon="120.12422358"><ele>86.700</ele><time>2026-09-03T11:32:31Z</time><sat>8</sat></trkpt>
  <trkpt lat="30.30391066" lon="120.12422355"><ele>86.694</ele><time>2026-09-03T11:32:34Z</time><sat>6</sat></trkpt>
  <trkpt lat="30.30391065" lon="120.12422356"><ele>86.694</ele><time>2026-09-03T11:32:37Z</time><sat>4</sat></trkpt>
  <trkpt lat="30.30391062" lon="120.12422363"><ele>86.698</ele><time>2026-09-03T11:32:40Z</time><sat>4</sat></trkpt>
  <trkpt lat="30.30391057" lon="120.12422375"><ele>86.702</ele><time>2026-09-03T11:32:43Z</time><sat>4</sat></trkpt>
  <trkpt lat="30.30391058" lon="120.12422374"><ele>86.698</ele><time>2026-09-03T11:32:46Z</time><sat>5</sat></trkpt>
  <trkpt lat="30.30391034" lon="120.12422437"><ele>86.755</ele><time>2026-09-03T11:32:49Z</time><sat>4</sat></trkpt>
  <trkpt lat="30.30391031" lon="120.12422496"><ele>86.949</ele><time>2026-09-03T11:32:52Z</time><sat>6</sat></trkpt>
  <trkpt lat="30.30391152" lon="120.12422478"><ele>87.702</ele><time>2026-09-03T11:32:55Z</time><sat>5</sat></trkpt>
  <trkpt lat="30.30391174" lon="120.12422499"><ele>87.878</ele><time>2026-09-03T11:32:58Z</time><sat>6</sat></trkpt>
  <trkpt lat="30.30391140" lon="120.12422567"><ele>87.909</ele><time>2026-09-03T11:33:01Z</time><sat>7</sat></trkpt>
  <trkpt lat="30.30391164" lon="120.12422582"><ele>88.130</ele><time>2026-09-03T11:33:04Z</time><sat>6</sat></trkpt>
  <trkpt lat="30.30391166" lon="120.12422595"><ele>88.170</ele><time>2026-09-03T11:33:07Z</time><sat>6</sat></trkpt>
  <trkpt lat="30.30391186" lon="120.12422602"><ele>88.343</ele><time>2026-09-03T11:33:10Z</time><sat>5</sat></trkpt>
  <trkpt lat="30.30391201" lon="120.12422607"><ele>88.470</ele><time>2026-09-03T11:33:13Z</time><sat>5</sat></trkpt>
  <trkpt lat="30.30391215" lon="120.12422605"><ele>88.523</ele><time>2026-09-03T11:33:16Z</time><sat>6</sat></trkpt>
  <trkpt lat="30.30391235" lon="120.12422600"><ele>88.618</ele><time>2026-09-03T11:33:19Z</time><sat>7</sat></trkpt>
  <trkpt lat="30.30391240" lon="120.12422606"><ele>88.635</ele><time>2026-09-03T11:33:22Z</time><sat>6</sat></trkpt>
  <trkpt lat="30.30391244" lon="120.12422619"><ele>88.702</ele><time>2026-09-03T11:33:25Z</time><sat>5</sat></trkpt>
  <trkpt lat="30.30391269" lon="120.12422614"><ele>88.826</ele><time>2026-09-03T11:33:28Z</time><sat>5</sat></trkpt>
  <trkpt lat="30.30391300" lon="120.12422601"><ele>88.935</ele><time>2026-09-03T11:33:31Z</time><sat>6</sat></trkpt>
  <trkpt lat="30.30391320" lon="120.12422590"><ele>89.029</ele><time>2026-09-03T11:33:34Z</time><sat>6</sat></trkpt>
  <trkpt lat="30.30391333" lon="120.12422584"><ele>89.081</ele><time>2026-09-03T11:33:37Z</time><sat>5</sat></trkpt>
  <trkpt lat="30.30391344" lon="120.12422578"><ele>89.124</ele><time>2026-09-03T11:33:40Z</time><sat>4</sat></trkpt>
  <trkpt lat="30.30391359" lon="120.12422568"><ele>89.178</ele><time>2026-09-03T11:33:43Z</time><sat>4</sat></trkpt>
  <trkpt lat="30.30391372" lon="120.12422563"><ele>89.224</ele><time>2026-09-03T11:33:46Z</time><sat>4</sat></trkpt>
  <trkpt lat="30.30391386" lon="120.12422554"><ele>89.265</ele><time>2026-09-03T11:33:49Z</time><sat>5</sat></trkpt>
  <trkpt lat="30.30391406" lon="120.12422541"><ele>89.309</ele><time>2026-09-03T11:33:52Z</time><sat>5</sat></trkpt>
  <trkpt lat="30.30391412" lon="120.12422541"><ele>89.335</ele><time>2026-09-03T11:33:55Z</time><sat>5</sat></trkpt>
  <trkpt lat="30.30391413" lon="120.12422543"><ele>89.335</ele><time>2026-09-03T11:33:58Z</time><sat>5</sat></trkpt>
  <trkpt lat="30.30391412" lon="120.12422544"><ele>89.324</ele><time>2026-09-03T11:34:01Z</time><sat>5</sat></trkpt>
  <trkpt lat="30.30391412" lon="120.12422545"><ele>89.320</ele><time>2026-09-03T11:34:04Z</time><sat>5</sat></trkpt>
  <trkpt lat="30.30391412" lon="120.12422546"><ele>89.318</ele><time>2026-09-03T11:34:07Z</time><sat>3</sat></trkpt>
  <trkpt lat="30.30391412" lon="120.12422547"><ele>89.320</ele><time>2026-09-03T11:34:10Z</time><sat>3</sat></trkpt>
  <trkpt lat="30.30391413" lon="120.12422547"><ele>89.320</ele><time>2026-09-03T11:34:13Z</time><sat>6</sat></trkpt>
  <trkpt lat="30.30391413" lon="120.12422547"><ele>89.321</ele><time>2026-09-03T11:34:16Z</time><sat>5</sat></trkpt>
  <trkpt lat="30.30391414" lon="120.12422546"><ele>89.321</ele><time>2026-09-03T11:34:19Z</time><sat>3</sat></trkpt>
  <trkpt lat="30.30391414" lon="120.12422546"><ele>89.322</ele><time>2026-09-03T11:34:22Z</time><sat>2</sat></trkpt>
  <trkpt lat="30.30391414" lon="120.12422546"><ele>89.322</ele><time>2026-09-03T11:34:25Z</time><sat>4</sat></trkpt>
  <trkpt lat="30.30391415" lon="120.12422546"><ele>89.322</ele><time>2026-09-03T11:34:28Z</time><sat>5</sat></trkpt>
  <trkpt lat="30.30391415" lon="120.12422546"><ele>89.322</ele><time>2026-09-03T11:34:31Z</time><sat>3</sat></trkpt>
  <trkpt lat="30.30391414" lon="120.12422546"><ele>89.321</ele><time>2026-09-03T11:34:34Z</time><sat>4</sat></trkpt>
  <trkpt lat="30.30391414" lon="120.12422546"><ele>89.319</ele><time>2026-09-03T11:34:39Z</time><sat>4</sat></trkpt>
  <trkpt lat="30.30391414" lon="120.12422546"><ele>89.319</ele><time>2026-09-03T11:34:43Z</time><sat>4</sat></trkpt>
  <trkpt lat="30.30391414" lon="120.12422546"><ele>89.320</ele><time>2026-09-03T11:34:46Z</time><sat>5</sat></trkpt>
  <trkpt lat="30.30391414" lon="120.12422546"><ele>89.319</ele><time>2026-09-03T11:34:49Z</time><sat>4</sat></trkpt>
  <trkpt lat="30.30391414" lon="120.12422546"><ele>89.319</ele><time>2026-09-03T11:34:53Z</time><sat>3</sat></trkpt>
  <trkpt lat="30.30391414" lon="120.12422545"><ele>89.319</ele><time>2026-09-03T11:34:58Z</time><sat>5</sat></trkpt>
  <trkpt lat="30.30391662" lon="120.12422299"><ele>89.908</ele><time>2026-09-03T11:35:01Z</time><sat>5</sat></trkpt>
  <trkpt lat="30.30391698" lon="120.12422264"><ele>89.912</ele><time>2026-09-03T11:35:04Z</time><sat>5</sat></trkpt>
  <trkpt lat="30.30391691" lon="120.12422258"><ele>89.930</ele><time>2026-09-03T11:35:07Z</time><sat>5</sat></trkpt>
  <trkpt lat="30.30391695" lon="120.12422260"><ele>89.924</ele><time>2026-09-03T11:35:10Z</time><sat>6</sat></trkpt>
  <trkpt lat="30.30391698" lon="120.12422262"><ele>89.925</ele><time>2026-09-03T11:35:13Z</time><sat>6</sat></trkpt>
  <trkpt lat="30.30391701" lon="120.12422261"><ele>89.931</ele><time>2026-09-03T11:35:16Z</time><sat>6</sat></trkpt>
  <trkpt lat="30.30391702" lon="120.12422261"><ele>89.934</ele><time>2026-09-03T11:35:19Z</time><sat>5</sat></trkpt>
  <trkpt lat="30.30391702" lon="120.12422260"><ele>89.935</ele><time>2026-09-03T11:35:22Z</time><sat>3</sat></trkpt>
  <trkpt lat="30.30391703" lon="120.12422260"><ele>89.935</ele><time>2026-09-03T11:35:25Z</time><sat>4</sat></trkpt>
  <trkpt lat="30.30391703" lon="120.12422261"><ele>89.933</ele><time>2026-09-03T11:35:28Z</time><sat>5</sat></trkpt>
  <trkpt lat="30.30391705" lon="120.12422260"><ele>89.939</ele><time>2026-09-03T11:35:31Z</time><sat>5</sat></trkpt>
  <trkpt lat="30.30391706" lon="120.12422259"><ele>89.939</ele><time>2026-09-03T11:35:34Z</time><sat>4</sat></trkpt>
  <trkpt lat="30.30391707" lon="120.12422259"><ele>89.942</ele><time>2026-09-03T11:35:37Z</time><sat>3</sat></trkpt>
  <trkpt lat="30.30391708" lon="120.12422258"><ele>89.944</ele><time>2026-09-03T11:35:40Z</time><sat>4</sat></trkpt>
  <trkpt lat="30.30391708" lon="120.12422258"><ele>89.944</ele><time>2026-09-03T11:35:43Z</time><sat>6</sat></trkpt>
  <trkpt lat="30.30391708" lon="120.12422258"><ele>89.943</ele><time>2026-09-03T11:35:46Z</time><sat>4</sat></trkpt>
  <trkpt lat="30.30391708" lon="120.12422259"><ele>89.943</ele><time>2026-09-03T11:35:49Z</time><sat>4</sat></trkpt>
  <trkpt lat="30.30391708" lon="120.12422259"><ele>89.945</ele><time>2026-09-03T11:35:52Z</time><sat>3</sat></trkpt>
  <trkpt lat="30.30391710" lon="120.12422262"><ele>89.937</ele><time>2026-09-03T11:35:59Z</time></trkpt>
  <trkpt lat="30.30391722" lon="120.12422267"><ele>89.942</ele><time>2026-09-03T11:36:19Z</time><sat>3</sat></trkpt>
  <trkpt lat="30.30391722" lon="120.12422267"><ele>89.944</ele><time>2026-09-03T11:36:22Z</time><sat>4</sat></trkpt>
  <trkpt lat="30.30391721" lon="120.12422268"><ele>89.946</ele><time>2026-09-03T11:36:25Z</time><sat>3</sat></trkpt>
  <trkpt lat="30.30391722" lon="120.12422271"><ele>89.958</ele><time>2026-09-03T11:36:28Z</time><sat>3</sat></trkpt>
  <trkpt lat="30.30391723" lon="120.12422271"><ele>89.959</ele><time>2026-09-03T11:36:31Z</time><sat>4</sat></trkpt>
  <trkpt lat="30.30391724" lon="120.12422271"><ele>89.956</ele><time>2026-09-03T11:36:34Z</time><sat>4</sat></trkpt>
  <trkpt lat="30.30391725" lon="120.12422269"><ele>89.957</ele><time>2026-09-03T11:36:40Z</time></trkpt>
  <trkpt lat="30.30391726" lon="120.12422270"><ele>89.956</ele><time>2026-09-03T11:36:44Z</time><sat>3</sat></trkpt>
  <trkpt lat="30.30391729" lon="120.12422270"><ele>89.954</ele><time>2026-09-03T11:36:47Z</time><sat>4</sat></trkpt>
  <trkpt lat="30.30391734" lon="120.12422270"><ele>89.958</ele><time>2026-09-03T11:36:50Z</time><sat>4</sat></trkpt>
  <trkpt lat="30.30391737" lon="120.12422268"><ele>89.954</ele><time>2026-09-03T11:36:53Z</time><sat>4</sat></trkpt>
  <trkpt lat="30.30391761" lon="120.12422256"><ele>90.032</ele><time>2026-09-03T11:36:56Z</time><sat>4</sat></trkpt>
  <trkpt lat="30.30391762" lon="120.12422255"><ele>90.031</ele><time>2026-09-03T11:36:59Z</time><sat>6</sat></trkpt>
  <trkpt lat="30.30392038" lon="120.12421976"><ele>90.604</ele><time>2026-09-03T11:37:02Z</time><sat>6</sat></trkpt>
  <trkpt lat="30.30392047" lon="120.12421967"><ele>90.605</ele><time>2026-09-03T11:37:05Z</time><sat>3</sat></trkpt>
  <trkpt lat="30.30392047" lon="120.12421967"><ele>90.605</ele><time>2026-09-03T11:37:08Z</time><sat>2</sat></trkpt>
  <trkpt lat="30.30392047" lon="120.12421967"><ele>90.604</ele><time>2026-09-03T11:37:11Z</time><sat>4</sat></trkpt>
  <trkpt lat="30.30392047" lon="120.12421968"><ele>90.608</ele><time>2026-09-03T11:37:14Z</time><sat>5</sat></trkpt>
  <trkpt lat="30.30392049" lon="120.12421976"><ele>90.637</ele><time>2026-09-03T11:37:17Z</time><sat>3</sat></trkpt>
  <trkpt lat="30.30392049" lon="120.12421977"><ele>90.639</ele><time>2026-09-03T11:37:20Z</time><sat>3</sat></trkpt>
  <trkpt lat="30.30392053" lon="120.12421981"><ele>90.645</ele><time>2026-09-03T11:37:23Z</time><sat>4</sat></trkpt>
  <trkpt lat="30.30392054" lon="120.12421983"><ele>90.646</ele><time>2026-09-03T11:37:26Z</time><sat>4</sat></trkpt>
  <trkpt lat="30.30392061" lon="120.12421991"><ele>90.652</ele><time>2026-09-03T11:37:29Z</time><sat>3</sat></trkpt>
  <trkpt lat="30.30392066" lon="120.12421996"><ele>90.653</ele><time>2026-09-03T11:37:32Z</time><sat>3</sat></trkpt>
  <trkpt lat="30.30392067" lon="120.12421997"><ele>90.654</ele><time>2026-09-03T11:37:35Z</time><sat>4</sat></trkpt>
  <trkpt lat="30.30392067" lon="120.12421997"><ele>90.654</ele><time>2026-09-03T11:37:38Z</time><sat>3</sat></trkpt>
  <trkpt lat="30.30392067" lon="120.12421998"><ele>90.654</ele><time>2026-09-03T11:37:41Z</time><sat>4</sat></trkpt>
  <trkpt lat="30.30392066" lon="120.12421996"><ele>90.653</ele><time>2026-09-03T11:37:44Z</time><sat>4</sat></trkpt>
  <trkpt lat="30.30392067" lon="120.12421996"><ele>90.652</ele><time>2026-09-03T11:37:47Z</time><sat>2</sat></trkpt>
  <trkpt lat="30.30392067" lon="120.12421996"><ele>90.651</ele><time>2026-09-03T11:37:50Z</time><sat>2</sat></trkpt>
  <trkpt lat="30.30392068" lon="120.12421996"><ele>90.650</ele><time>2026-09-03T11:37:53Z</time><sat>5</sat></trkpt>
  <trkpt lat="30.30392082" lon="120.12421996"><ele>90.722</ele><time>2026-09-03T11:37:56Z</time><sat>5</sat></trkpt>
  <trkpt lat="30.30392101" lon="120.12421996"><ele>90.808</ele><time>2026-09-03T11:37:59Z</time><sat>5</sat></trkpt>
  <trkpt lat="30.30392096" lon="120.12422012"><ele>90.828</ele><time>2026-09-03T11:38:02Z</time><sat>6</sat></trkpt>
  <trkpt lat="30.30392227" lon="120.12421966"><ele>91.230</ele><time>2026-09-03T11:38:05Z</time><sat>8</sat></trkpt>
  <trkpt lat="30.30392241" lon="120.12421965"><ele>91.286</ele><time>2026-09-03T11:38:08Z</time><sat>8</sat></trkpt>
  <trkpt lat="30.30392259" lon="120.12421955"><ele>91.360</ele><time>2026-09-03T11:38:11Z</time><sat>8</sat></trkpt>
  <trkpt lat="30.30392262" lon="120.12421964"><ele>91.419</ele><time>2026-09-03T11:38:14Z</time><sat>9</sat></trkpt>
  <trkpt lat="30.30392244" lon="120.12421988"><ele>91.417</ele><time>2026-09-03T11:38:17Z</time><sat>8</sat></trkpt>
  <trkpt lat="30.30392172" lon="120.12422028"><ele>91.224</ele><time>2026-09-03T11:38:20Z</time><sat>8</sat></trkpt>
  <trkpt lat="30.30392170" lon="120.12422041"><ele>91.238</ele><time>2026-09-03T11:38:23Z</time><sat>9</sat></trkpt>
  <trkpt lat="30.30392172" lon="120.12422039"><ele>91.238</ele><time>2026-09-03T11:38:26Z</time><sat>9</sat></trkpt>
  <trkpt lat="30.30392174" lon="120.12422044"><ele>91.229</ele><time>2026-09-03T11:38:29Z</time><sat>6</sat></trkpt>
  <trkpt lat="30.30392103" lon="120.12422073"><ele>91.001</ele><time>2026-09-03T11:38:32Z</time><sat>3</sat></trkpt>
  <trkpt lat="30.30392105" lon="120.12422072"><ele>90.998</ele><time>2026-09-03T11:38:35Z</time><sat>4</sat></trkpt>
  <trkpt lat="30.30392110" lon="120.12422071"><ele>90.995</ele><time>2026-09-03T11:38:38Z</time><sat>5</sat></trkpt>
  <trkpt lat="30.30392116" lon="120.12422070"><ele>90.992</ele><time>2026-09-03T11:38:41Z</time><sat>5</sat></trkpt>
  <trkpt lat="30.30392120" lon="120.12422069"><ele>90.992</ele><time>2026-09-03T11:38:44Z</time><sat>3</sat></trkpt>
  <trkpt lat="30.30392125" lon="120.12422067"><ele>90.992</ele><time>2026-09-03T11:38:47Z</time><sat>3</sat></trkpt>
  <trkpt lat="30.30392128" lon="120.12422067"><ele>90.991</ele><time>2026-09-03T11:38:50Z</time><sat>6</sat></trkpt>
  <trkpt lat="30.30392135" lon="120.12422065"><ele>90.988</ele><time>2026-09-03T11:38:53Z</time><sat>6</sat></trkpt>
  <trkpt lat="30.30392141" lon="120.12422062"><ele>90.987</ele><time>2026-09-03T11:38:56Z</time><sat>5</sat></trkpt>
  <trkpt lat="30.30392144" lon="120.12422061"><ele>90.986</ele><time>2026-09-03T11:38:59Z</time><sat>4</sat></trkpt>
  <trkpt lat="30.30392147" lon="120.12422060"><ele>90.982</ele><time>2026-09-03T11:39:02Z</time><sat>5</sat></trkpt>
  <trkpt lat="30.30392151" lon="120.12422060"><ele>90.979</ele><time>2026-09-03T11:39:05Z</time><sat>6</sat></trkpt>
  <trkpt lat="30.30392155" lon="120.12422057"><ele>90.978</ele><time>2026-09-03T11:39:08Z</time><sat>5</sat></trkpt>
  <trkpt lat="30.30392160" lon="120.12422055"><ele>90.975</ele><time>2026-09-03T11:39:11Z</time><sat>5</sat></trkpt>
  <trkpt lat="30.30392161" lon="120.12422056"><ele>90.978</ele><time>2026-09-03T11:39:14Z</time><sat>5</sat></trkpt>
  <trkpt lat="30.30392162" lon="120.12422055"><ele>90.980</ele><time>2026-09-03T11:39:17Z</time><sat>5</sat></trkpt>
  <trkpt lat="30.30392162" lon="120.12422055"><ele>90.978</ele><time>2026-09-03T11:39:20Z</time><sat>5</sat></trkpt>
  <trkpt lat="30.30392164" lon="120.12422055"><ele>90.977</ele><time>2026-09-03T11:39:23Z</time><sat>5</sat></trkpt>
  <trkpt lat="30.30392167" lon="120.12422056"><ele>90.978</ele><time>2026-09-03T11:39:26Z</time><sat>5</sat></trkpt>
  <trkpt lat="30.30392171" lon="120.12422058"><ele>90.982</ele><time>2026-09-03T11:39:29Z</time><sat>4</sat></trkpt>
  <trkpt lat="30.30392175" lon="120.12422056"><ele>90.980</ele><time>2026-09-03T11:39:32Z</time><sat>6</sat></trkpt>
  <trkpt lat="30.30392176" lon="120.12422056"><ele>90.976</ele><time>2026-09-03T11:39:35Z</time><sat>6</sat></trkpt>
  <trkpt lat="30.30392180" lon="120.12422055"><ele>90.973</ele><time>2026-09-03T11:39:38Z</time><sat>5</sat></trkpt>
  <trkpt lat="30.30392181" lon="120.12422055"><ele>90.974</ele><time>2026-09-03T11:39:41Z</time><sat>5</sat></trkpt>
  <trkpt lat="30.30392183" lon="120.12422056"><ele>90.978</ele><time>2026-09-03T11:39:44Z</time><sat>6</sat></trkpt>
  <trkpt lat="30.30392184" lon="120.12422056"><ele>90.982</ele><time>2026-09-03T11:39:47Z</time><sat>5</sat></trkpt>
  <trkpt lat="30.30392183" lon="120.12422057"><ele>90.981</ele><time>2026-09-03T11:39:50Z</time><sat>5</sat></trkpt>
  <trkpt lat="30.30392184" lon="120.12422057"><ele>90.985</ele><time>2026-09-03T11:39:53Z</time><sat>5</sat></trkpt>
  <trkpt lat="30.30392183" lon="120.12422058"><ele>90.987</ele><time>2026-09-03T11:39:56Z</time><sat>6</sat></trkpt>
  <trkpt lat="30.30392180" lon="120.12422065"><ele>90.988</ele><time>2026-09-03T11:39:59Z</time><sat>5</sat></trkpt>
  <trkpt lat="30.30392180" lon="120.12422064"><ele>90.986</ele><time>2026-09-03T11:40:02Z</time><sat>5</sat></trkpt>
  <trkpt lat="30.30392181" lon="120.12422062"><ele>90.986</ele><time>2026-09-03T11:40:05Z</time><sat>4</sat></trkpt>
  <trkpt lat="30.30392182" lon="120.12422060"><ele>90.986</ele><time>2026-09-03T11:40:08Z</time><sat>6</sat></trkpt>
  <trkpt lat="30.30392183" lon="120.12422059"><ele>90.987</ele><time>2026-09-03T11:40:11Z</time><sat>4</sat></trkpt>
  <trkpt lat="30.30392183" lon="120.12422059"><ele>90.987</ele><time>2026-09-03T11:40:14Z</time><sat>3</sat></trkpt>
  <trkpt lat="30.30392182" lon="120.12422059"><ele>90.984</ele><time>2026-09-03T11:40:17Z</time><sat>3</sat></trkpt>
  <trkpt lat="30.30392184" lon="120.12422060"><ele>90.988</ele><time>2026-09-03T11:40:35Z</time><sat>5</sat></trkpt>
  <trkpt lat="30.30392484" lon="120.12421767"><ele>91.580</ele><time>2026-09-03T11:41:07Z</time><sat>4</sat></trkpt>
  <trkpt lat="30.30392488" lon="120.12421767"><ele>91.577</ele><time>2026-09-03T11:41:10Z</time><sat>4</sat></trkpt>
  <trkpt lat="30.30392494" lon="120.12421765"><ele>91.583</ele><time>2026-09-03T11:41:26Z</time><sat>5</sat></trkpt>
  <trkpt lat="30.30392496" lon="120.12421765"><ele>91.582</ele><time>2026-09-03T11:41:29Z</time><sat>4</sat></trkpt>
  <trkpt lat="30.30392496" lon="120.12421764"><ele>91.584</ele><time>2026-09-03T11:41:32Z</time><sat>4</sat></trkpt>
  <trkpt lat="30.30392495" lon="120.12421765"><ele>91.579</ele><time>2026-09-03T11:41:35Z</time><sat>4</sat></trkpt>
  <trkpt lat="30.30392493" lon="120.12421766"><ele>91.575</ele><time>2026-09-03T11:41:38Z</time><sat>6</sat></trkpt>
  <trkpt lat="30.30392493" lon="120.12421766"><ele>91.575</ele><time>2026-09-03T11:41:41Z</time><sat>5</sat></trkpt>
  <trkpt lat="30.30392493" lon="120.12421766"><ele>91.575</ele><time>2026-09-03T11:41:44Z</time><sat>3</sat></trkpt>
  <trkpt lat="30.30392493" lon="120.12421766"><ele>91.575</ele><time>2026-09-03T11:41:47Z</time><sat>2</sat></trkpt>
  <trkpt lat="30.30392498" lon="120.12421764"><ele>91.572</ele><time>2026-09-03T11:42:01Z</time><sat>6</sat></trkpt>
  <trkpt lat="30.30392496" lon="120.12421769"><ele>91.573</ele><time>2026-09-03T11:42:04Z</time><sat>5</sat></trkpt>
  <trkpt lat="30.30392499" lon="120.12421768"><ele>91.572</ele><time>2026-09-03T11:42:07Z</time><sat>4</sat></trkpt>
  <trkpt lat="30.30392505" lon="120.12421763"><ele>91.570</ele><time>2026-09-03T11:42:10Z</time><sat>4</sat></trkpt>
  <trkpt lat="30.30392503" lon="120.12421771"><ele>91.570</ele><time>2026-09-03T11:42:13Z</time><sat>6</sat></trkpt>
  <trkpt lat="30.30392459" lon="120.12421791"><ele>91.447</ele><time>2026-09-03T11:42:16Z</time><sat>6</sat></trkpt>
  <trkpt lat="30.30392456" lon="120.12421795"><ele>91.448</ele><time>2026-09-03T11:42:19Z</time><sat>7</sat></trkpt>
  <trkpt lat="30.30392451" lon="120.12421804"><ele>91.446</ele><time>2026-09-03T11:42:22Z</time><sat>7</sat></trkpt>
  <trkpt lat="30.30392448" lon="120.12421809"><ele>91.446</ele><time>2026-09-03T11:42:25Z</time><sat>6</sat></trkpt>
  <trkpt lat="30.30392448" lon="120.12421813"><ele>91.453</ele><time>2026-09-03T11:42:28Z</time><sat>5</sat></trkpt>
  <trkpt lat="30.30392448" lon="120.12421819"><ele>91.457</ele><time>2026-09-03T11:42:31Z</time><sat>2</sat></trkpt>
  <trkpt lat="30.30392448" lon="120.12421819"><ele>91.454</ele><time>2026-09-03T11:42:34Z</time><sat>3</sat></trkpt>
  <trkpt lat="30.30392445" lon="120.12421813"><ele>91.440</ele><time>2026-09-03T11:42:37Z</time><sat>4</sat></trkpt>
  <trkpt lat="30.30392443" lon="120.12421810"><ele>91.434</ele><time>2026-09-03T11:42:40Z</time><sat>3</sat></trkpt>
  <trkpt lat="30.30392444" lon="120.12421808"><ele>91.428</ele><time>2026-09-03T11:42:43Z</time><sat>3</sat></trkpt>
  <trkpt lat="30.30392445" lon="120.12421807"><ele>91.423</ele><time>2026-09-03T11:42:46Z</time><sat>3</sat></trkpt>
  <trkpt lat="30.30392449" lon="120.12421817"><ele>91.414</ele><time>2026-09-03T11:42:49Z</time><sat>3</sat></trkpt>
  <trkpt lat="30.30392456" lon="120.12421825"><ele>91.409</ele><time>2026-09-03T11:42:52Z</time><sat>3</sat></trkpt>
  <trkpt lat="30.30392460" lon="120.12421833"><ele>91.407</ele><time>2026-09-03T11:42:55Z</time><sat>3</sat></trkpt>
  <trkpt lat="30.30392596" lon="120.12421798"><ele>91.800</ele><time>2026-09-03T11:42:58Z</time><sat>4</sat></trkpt>
  <trkpt lat="30.30392679" lon="120.12421796"><ele>92.091</ele><time>2026-09-03T11:43:01Z</time><sat>5</sat></trkpt>
  <trkpt lat="30.30392722" lon="120.12421800"><ele>92.174</ele><time>2026-09-03T11:43:04Z</time><sat>7</sat></trkpt>
  <trkpt lat="30.30392724" lon="120.12421810"><ele>92.162</ele><time>2026-09-03T11:43:07Z</time><sat>8</sat></trkpt>
  <trkpt lat="30.30392936" lon="120.12421579"><ele>92.596</ele><time>2026-09-03T11:43:10Z</time><sat>7</sat></trkpt>
  <trkpt lat="30.30392935" lon="120.12421599"><ele>92.631</ele><time>2026-09-03T11:43:13Z</time><sat>8</sat></trkpt>
  <trkpt lat="30.30392921" lon="120.12421624"><ele>92.620</ele><time>2026-09-03T11:43:16Z</time><sat>8</sat></trkpt>
  <trkpt lat="30.30392890" lon="120.12421659"><ele>92.547</ele><time>2026-09-03T11:43:19Z</time><sat>8</sat></trkpt>
  <trkpt lat="30.30392868" lon="120.12421686"><ele>92.503</ele><time>2026-09-03T11:43:22Z</time><sat>7</sat></trkpt>
  <trkpt lat="30.30392858" lon="120.12421697"><ele>92.475</ele><time>2026-09-03T11:43:25Z</time><sat>7</sat></trkpt>
  <trkpt lat="30.30392829" lon="120.12421721"><ele>92.407</ele><time>2026-09-03T11:43:28Z</time><sat>5</sat></trkpt>
  <trkpt lat="30.30392810" lon="120.12421735"><ele>92.348</ele><time>2026-09-03T11:43:31Z</time><sat>7</sat></trkpt>
  <trkpt lat="30.30392805" lon="120.12421740"><ele>92.344</ele><time>2026-09-03T11:43:34Z</time><sat>7</sat></trkpt>
  <trkpt lat="30.30392807" lon="120.12421739"><ele>92.351</ele><time>2026-09-03T11:43:37Z</time><sat>6</sat></trkpt>
  <trkpt lat="30.30392800" lon="120.12421741"><ele>92.329</ele><time>2026-09-03T11:43:40Z</time><sat>7</sat></trkpt>
  <trkpt lat="30.30392790" lon="120.12421737"><ele>92.296</ele><time>2026-09-03T11:43:43Z</time><sat>5</sat></trkpt>
  <trkpt lat="30.30392791" lon="120.12421737"><ele>92.300</ele><time>2026-09-03T11:43:46Z</time><sat>6</sat></trkpt>
  <trkpt lat="30.30392790" lon="120.12421740"><ele>92.301</ele><time>2026-09-03T11:43:49Z</time><sat>6</sat></trkpt>
  <trkpt lat="30.30392783" lon="120.12421739"><ele>92.268</ele><time>2026-09-03T11:43:52Z</time><sat>5</sat></trkpt>
  <trkpt lat="30.30392782" lon="120.12421738"><ele>92.251</ele><time>2026-09-03T11:43:55Z</time><sat>6</sat></trkpt>
  <trkpt lat="30.30392785" lon="120.12421737"><ele>92.252</ele><time>2026-09-03T11:43:58Z</time><sat>7</sat></trkpt>
  <trkpt lat="30.30392787" lon="120.12421738"><ele>92.246</ele><time>2026-09-03T11:44:01Z</time><sat>7</sat></trkpt>
  <trkpt lat="30.30392789" lon="120.12421738"><ele>92.250</ele><time>2026-09-03T11:44:04Z</time><sat>6</sat></trkpt>
  <trkpt lat="30.30392791" lon="120.12421738"><ele>92.245</ele><time>2026-09-03T11:44:07Z</time><sat>4</sat></trkpt>
  <trkpt lat="30.30392788" lon="120.12421748"><ele>92.244</ele><time>2026-09-03T11:44:10Z</time><sat>5</sat></trkpt>
  <trkpt lat="30.30392784" lon="120.12421754"><ele>92.240</ele><time>2026-09-03T11:44:13Z</time><sat>8</sat></trkpt>
  <trkpt lat="30.30392784" lon="120.12421755"><ele>92.233</ele><time>2026-09-03T11:44:16Z</time><sat>6</sat></trkpt>
  <trkpt lat="30.30392785" lon="120.12421754"><ele>92.231</ele><time>2026-09-03T11:44:19Z</time><sat>5</sat></trkpt>
  <trkpt lat="30.30392784" lon="120.12421755"><ele>92.223</ele><time>2026-09-03T11:44:22Z</time><sat>6</sat></trkpt>
  <trkpt lat="30.30392779" lon="120.12421760"><ele>92.217</ele><time>2026-09-03T11:44:25Z</time><sat>6</sat></trkpt>
  <trkpt lat="30.30392778" lon="120.12421761"><ele>92.223</ele><time>2026-09-03T11:44:28Z</time><sat>8</sat></trkpt>
  <trkpt lat="30.30392772" lon="120.12421770"><ele>92.211</ele><time>2026-09-03T11:44:31Z</time><sat>8</sat></trkpt>
  <trkpt lat="30.30392763" lon="120.12421784"><ele>92.212</ele><time>2026-09-03T11:44:34Z</time><sat>6</sat></trkpt>
  <trkpt lat="30.30392762" lon="120.12421789"><ele>92.200</ele><time>2026-09-03T11:44:37Z</time><sat>7</sat></trkpt>
  <trkpt lat="30.30392761" lon="120.12421794"><ele>92.203</ele><time>2026-09-03T11:44:40Z</time><sat>8</sat></trkpt>
  <trkpt lat="30.30392764" lon="120.12421792"><ele>92.219</ele><time>2026-09-03T11:44:43Z</time><sat>8</sat></trkpt>
  <trkpt lat="30.30392767" lon="120.12421789"><ele>92.240</ele><time>2026-09-03T11:44:46Z</time><sat>9</sat></trkpt>
  <trkpt lat="30.30392767" lon="120.12421787"><ele>92.248</ele><time>2026-09-03T11:44:49Z</time><sat>8</sat></trkpt>
  <trkpt lat="30.30392766" lon="120.12421793"><ele>92.258</ele><time>2026-09-03T11:44:52Z</time><sat>8</sat></trkpt>
  <trkpt lat="30.30392769" lon="120.12421792"><ele>92.270</ele><time>2026-09-03T11:44:55Z</time><sat>9</sat></trkpt>
  <trkpt lat="30.30392772" lon="120.12421791"><ele>92.274</ele><time>2026-09-03T11:44:58Z</time><sat>9</sat></trkpt>
  <trkpt lat="30.30392772" lon="120.12421793"><ele>92.284</ele><time>2026-09-03T11:45:01Z</time><sat>9</sat></trkpt>
  <trkpt lat="30.30392775" lon="120.12421797"><ele>92.293</ele><time>2026-09-03T11:45:04Z</time><sat>7</sat></trkpt>
  <trkpt lat="30.30392750" lon="120.12421924"><ele>92.757</ele><time>2026-09-03T11:45:07Z</time><sat>8</sat></trkpt>
  <trkpt lat="30.30392741" lon="120.12422118"><ele>93.506</ele><time>2026-09-03T11:45:10Z</time><sat>9</sat></trkpt>
  <trkpt lat="30.30392678" lon="120.12422298"><ele>93.726</ele><time>2026-09-03T11:45:13Z</time><sat>10</sat></trkpt>
  <trkpt lat="30.30392671" lon="120.12422325"><ele>93.799</ele><time>2026-09-03T11:45:16Z</time><sat>9</sat></trkpt>
  <trkpt lat="30.30392667" lon="120.12422339"><ele>93.826</ele><time>2026-09-03T11:45:19Z</time><sat>9</sat></trkpt>
  <trkpt lat="30.30392793" lon="120.12422235"><ele>94.416</ele><time>2026-09-03T11:45:22Z</time><sat>6</sat></trkpt>
  <trkpt lat="30.30392923" lon="120.12422101"><ele>94.405</ele><time>2026-09-03T11:45:25Z</time><sat>7</sat></trkpt>
  <trkpt lat="30.30392926" lon="120.12422099"><ele>94.407</ele><time>2026-09-03T11:45:28Z</time><sat>7</sat></trkpt>
  <trkpt lat="30.30392937" lon="120.12422092"><ele>94.416</ele><time>2026-09-03T11:45:31Z</time><sat>6</sat></trkpt>
  <trkpt lat="30.30392939" lon="120.12422090"><ele>94.409</ele><time>2026-09-03T11:45:34Z</time><sat>5</sat></trkpt>
  <trkpt lat="30.30392950" lon="120.12422080"><ele>94.405</ele><time>2026-09-03T11:45:37Z</time><sat>7</sat></trkpt>
  <trkpt lat="30.30392969" lon="120.12422051"><ele>94.379</ele><time>2026-09-03T11:45:40Z</time><sat>7</sat></trkpt>
  <trkpt lat="30.30392983" lon="120.12422037"><ele>94.374</ele><time>2026-09-03T11:45:43Z</time><sat>6</sat></trkpt>
  <trkpt lat="30.30392994" lon="120.12422014"><ele>94.341</ele><time>2026-09-03T11:45:46Z</time><sat>5</sat></trkpt>
  <trkpt lat="30.30392975" lon="120.12422018"><ele>94.197</ele><time>2026-09-03T11:45:49Z</time><sat>7</sat></trkpt>
  <trkpt lat="30.30392976" lon="120.12422002"><ele>94.168</ele><time>2026-09-03T11:45:52Z</time><sat>8</sat></trkpt>
  <trkpt lat="30.30392978" lon="120.12421998"><ele>94.168</ele><time>2026-09-03T11:45:55Z</time><sat>8</sat></trkpt>
  <trkpt lat="30.30392979" lon="120.12421996"><ele>94.168</ele><time>2026-09-03T11:45:58Z</time><sat>6</sat></trkpt>
  <trkpt lat="30.30392948" lon="120.12422011"><ele>93.981</ele><time>2026-09-03T11:46:01Z</time><sat>5</sat></trkpt>
  <trkpt lat="30.30392947" lon="120.12422007"><ele>93.973</ele><time>2026-09-03T11:46:04Z</time><sat>6</sat></trkpt>
  <trkpt lat="30.30392948" lon="120.12421999"><ele>93.963</ele><time>2026-09-03T11:46:07Z</time><sat>7</sat></trkpt>
  <trkpt lat="30.30392949" lon="120.12421990"><ele>93.956</ele><time>2026-09-03T11:46:10Z</time><sat>7</sat></trkpt>
  <trkpt lat="30.30392945" lon="120.12421981"><ele>93.908</ele><time>2026-09-03T11:46:13Z</time><sat>7</sat></trkpt>
  <trkpt lat="30.30392949" lon="120.12421971"><ele>93.907</ele><time>2026-09-03T11:46:16Z</time><sat>8</sat></trkpt>
  <trkpt lat="30.30392952" lon="120.12421963"><ele>93.901</ele><time>2026-09-03T11:46:19Z</time><sat>7</sat></trkpt>
  <trkpt lat="30.30392959" lon="120.12421958"><ele>93.904</ele><time>2026-09-03T11:46:22Z</time><sat>6</sat></trkpt>
  <trkpt lat="30.30392963" lon="120.12421958"><ele>93.894</ele><time>2026-09-03T11:46:25Z</time><sat>9</sat></trkpt>
  <trkpt lat="30.30392973" lon="120.12421944"><ele>93.844</ele><time>2026-09-03T11:46:28Z</time><sat>10</sat></trkpt>
  <trkpt lat="30.30392989" lon="120.12421933"><ele>93.836</ele><time>2026-09-03T11:46:31Z</time><sat>10</sat></trkpt>
  <trkpt lat="30.30392997" lon="120.12421927"><ele>93.793</ele><time>2026-09-03T11:46:34Z</time><sat>10</sat></trkpt>
  <trkpt lat="30.30392998" lon="120.12421921"><ele>93.777</ele><time>2026-09-03T11:46:37Z</time><sat>8</sat></trkpt>
  <trkpt lat="30.30392943" lon="120.12422099"><ele>94.398</ele><time>2026-09-03T11:46:40Z</time><sat>7</sat></trkpt>
  <trkpt lat="30.30392818" lon="120.12422385"><ele>94.152</ele><time>2026-09-03T11:46:43Z</time><sat>10</sat></trkpt>
  <trkpt lat="30.30392786" lon="120.12422462"><ele>94.193</ele><time>2026-09-03T11:46:46Z</time><sat>12</sat></trkpt>
  <trkpt lat="30.30392785" lon="120.12422504"><ele>94.299</ele><time>2026-09-03T11:46:49Z</time><sat>14</sat></trkpt>
  <trkpt lat="30.30392772" lon="120.12422515"><ele>94.278</ele><time>2026-09-03T11:46:52Z</time><sat>11</sat></trkpt>
  <trkpt lat="30.30392790" lon="120.12422498"><ele>94.324</ele><time>2026-09-03T11:46:55Z</time><sat>7</sat></trkpt>
  <trkpt lat="30.30392845" lon="120.12422466"><ele>94.408</ele><time>2026-09-03T11:46:58Z</time><sat>5</sat></trkpt>
  <trkpt lat="30.30392896" lon="120.12422439"><ele>94.469</ele><time>2026-09-03T11:47:01Z</time><sat>4</sat></trkpt>
  <trkpt lat="30.30392973" lon="120.12422380"><ele>94.513</ele><time>2026-09-03T11:47:04Z</time><sat>4</sat></trkpt>
  <trkpt lat="30.30393006" lon="120.12422286"><ele>94.292</ele><time>2026-09-03T11:47:07Z</time><sat>7</sat></trkpt>
  <trkpt lat="30.30393030" lon="120.12422248"><ele>94.185</ele><time>2026-09-03T11:47:10Z</time><sat>9</sat></trkpt>
  <trkpt lat="30.30393062" lon="120.12422220"><ele>94.177</ele><time>2026-09-03T11:47:13Z</time><sat>11</sat></trkpt>
  <trkpt lat="30.30393094" lon="120.12422202"><ele>94.192</ele><time>2026-09-03T11:47:16Z</time><sat>9</sat></trkpt>
  <trkpt lat="30.30393123" lon="120.12422086"><ele>94.482</ele><time>2026-09-03T11:47:19Z</time><sat>9</sat></trkpt>
  <trkpt lat="30.30393122" lon="120.12422091"><ele>94.164</ele><time>2026-09-03T11:47:22Z</time><sat>9</sat></trkpt>
  <trkpt lat="30.30393095" lon="120.12422113"><ele>93.879</ele><time>2026-09-03T11:47:25Z</time><sat>10</sat></trkpt>
  <trkpt lat="30.30393067" lon="120.12422139"><ele>93.667</ele><time>2026-09-03T11:47:28Z</time><sat>11</sat></trkpt>
  <trkpt lat="30.30393267" lon="120.12421923"><ele>94.066</ele><time>2026-09-03T11:47:31Z</time><sat>13</sat></trkpt>
  <trkpt lat="30.30393275" lon="120.12421920"><ele>94.001</ele><time>2026-09-03T11:47:34Z</time><sat>13</sat></trkpt>
  <trkpt lat="30.30393256" lon="120.12421930"><ele>93.845</ele><time>2026-09-03T11:47:37Z</time><sat>11</sat></trkpt>
  <trkpt lat="30.30393236" lon="120.12421943"><ele>93.709</ele><time>2026-09-03T11:47:40Z</time><sat>12</sat></trkpt>
  <trkpt lat="30.30393209" lon="120.12421963"><ele>93.643</ele><time>2026-09-03T11:47:43Z</time><sat>14</sat></trkpt>
  <trkpt lat="30.30393180" lon="120.12422006"><ele>93.538</ele><time>2026-09-03T11:47:46Z</time><sat>12</sat></trkpt>
  <trkpt lat="30.30393160" lon="120.12422064"><ele>93.457</ele><time>2026-09-03T11:47:49Z</time><sat>12</sat></trkpt>
  <trkpt lat="30.30393122" lon="120.12422131"><ele>93.337</ele><time>2026-09-03T11:47:52Z</time><sat>11</sat></trkpt>
  <trkpt lat="30.30393111" lon="120.12422191"><ele>93.262</ele><time>2026-09-03T11:47:55Z</time><sat>12</sat></trkpt>
  <trkpt lat="30.30393105" lon="120.12422218"><ele>93.269</ele><time>2026-09-03T11:47:58Z</time><sat>12</sat></trkpt>
  <trkpt lat="30.30393111" lon="120.12422244"><ele>93.163</ele><time>2026-09-03T11:48:01Z</time><sat>11</sat></trkpt>
  <trkpt lat="30.30393115" lon="120.12422265"><ele>93.041</ele><time>2026-09-03T11:48:04Z</time><sat>13</sat></trkpt>
  <trkpt lat="30.30393118" lon="120.12422273"><ele>92.975</ele><time>2026-09-03T11:48:07Z</time><sat>13</sat></trkpt>
  <trkpt lat="30.30393127" lon="120.12422275"><ele>92.941</ele><time>2026-09-03T11:48:10Z</time><sat>14</sat></trkpt>
  <trkpt lat="30.30393132" lon="120.12422283"><ele>92.902</ele><time>2026-09-03T11:48:13Z</time><sat>13</sat></trkpt>
  <trkpt lat="30.30393131" lon="120.12422292"><ele>92.925</ele><time>2026-09-03T11:48:16Z</time><sat>13</sat></trkpt>
  <trkpt lat="30.30393138" lon="120.12422302"><ele>92.982</ele><time>2026-09-03T11:48:19Z</time><sat>13</sat></trkpt>
  <trkpt lat="30.30393130" lon="120.12422320"><ele>93.024</ele><time>2026-09-03T11:48:22Z</time><sat>12</sat></trkpt>
  <trkpt lat="30.30393127" lon="120.12422342"><ele>93.086</ele><time>2026-09-03T11:48:25Z</time><sat>12</sat></trkpt>
  <trkpt lat="30.30393124" lon="120.12422353"><ele>93.135</ele><time>2026-09-03T11:48:28Z</time><sat>12</sat></trkpt>
  <trkpt lat="30.30393120" lon="120.12422367"><ele>93.148</ele><time>2026-09-03T11:48:31Z</time><sat>11</sat></trkpt>
  <trkpt lat="30.30393118" lon="120.12422369"><ele>93.144</ele><time>2026-09-03T11:48:34Z</time><sat>8</sat></trkpt>
  <trkpt lat="30.30393114" lon="120.12422374"><ele>93.123</ele><time>2026-09-03T11:48:37Z</time><sat>12</sat></trkpt>
  <trkpt lat="30.30393114" lon="120.12422373"><ele>93.115</ele><time>2026-09-03T11:48:40Z</time><sat>12</sat></trkpt>
  <trkpt lat="30.30393117" lon="120.12422370"><ele>93.089</ele><time>2026-09-03T11:48:43Z</time><sat>9</sat></trkpt>
  <trkpt lat="30.30393118" lon="120.12422371"><ele>93.096</ele><time>2026-09-03T11:48:46Z</time><sat>11</sat></trkpt>
  <trkpt lat="30.30393116" lon="120.12422369"><ele>93.076</ele><time>2026-09-03T11:48:49Z</time><sat>11</sat></trkpt>
  <trkpt lat="30.30393110" lon="120.12422373"><ele>93.073</ele><time>2026-09-03T11:48:52Z</time><sat>8</sat></trkpt>
  <trkpt lat="30.30393100" lon="120.12422384"><ele>93.082</ele><time>2026-09-03T11:48:55Z</time><sat>9</sat></trkpt>
  <trkpt lat="30.30393090" lon="120.12422400"><ele>93.093</ele><time>2026-09-03T11:48:58Z</time><sat>11</sat></trkpt>
  <trkpt lat="30.30393082" lon="120.12422408"><ele>93.103</ele><time>2026-09-03T11:49:01Z</time><sat>11</sat></trkpt>
  <trkpt lat="30.30393068" lon="120.12422421"><ele>93.087</ele><time>2026-09-03T11:49:04Z</time><sat>10</sat></trkpt>
  <trkpt lat="30.30393056" lon="120.12422437"><ele>93.090</ele><time>2026-09-03T11:49:07Z</time><sat>9</sat></trkpt>
  <trkpt lat="30.30393047" lon="120.12422450"><ele>93.077</ele><time>2026-09-03T11:49:10Z</time><sat>10</sat></trkpt>
  <trkpt lat="30.30393045" lon="120.12422456"><ele>93.091</ele><time>2026-09-03T11:49:13Z</time><sat>12</sat></trkpt>
  <trkpt lat="30.30393045" lon="120.12422457"><ele>93.062</ele><time>2026-09-03T11:49:16Z</time><sat>11</sat></trkpt>
  <trkpt lat="30.30393047" lon="120.12422451"><ele>93.048</ele><time>2026-09-03T11:49:19Z</time><sat>11</sat></trkpt>
  <trkpt lat="30.30393046" lon="120.12422450"><ele>93.023</ele><time>2026-09-03T11:49:22Z</time><sat>12</sat></trkpt>
  <trkpt lat="30.30393045" lon="120.12422449"><ele>93.017</ele><time>2026-09-03T11:49:25Z</time><sat>13</sat></trkpt>
  <trkpt lat="30.30393048" lon="120.12422461"><ele>93.063</ele><time>2026-09-03T11:49:28Z</time><sat>12</sat></trkpt>
  <trkpt lat="30.30393293" lon="120.12422227"><ele>93.656</ele><time>2026-09-03T11:49:31Z</time><sat>12</sat></trkpt>
  <trkpt lat="30.30393305" lon="120.12422226"><ele>93.692</ele><time>2026-09-03T11:49:34Z</time><sat>12</sat></trkpt>
  <trkpt lat="30.30393306" lon="120.12422228"><ele>93.709</ele><time>2026-09-03T11:49:37Z</time><sat>11</sat></trkpt>
  <trkpt lat="30.30393299" lon="120.12422239"><ele>93.670</ele><time>2026-09-03T11:49:40Z</time><sat>10</sat></trkpt>
  <trkpt lat="30.30393289" lon="120.12422247"><ele>93.614</ele><time>2026-09-03T11:49:43Z</time><sat>10</sat></trkpt>
  <trkpt lat="30.30393289" lon="120.12422243"><ele>93.580</ele><time>2026-09-03T11:49:46Z</time><sat>11</sat></trkpt>
  <trkpt lat="30.30393289" lon="120.12422241"><ele>93.557</ele><time>2026-09-03T11:49:49Z</time><sat>11</sat></trkpt>
  <trkpt lat="30.30393292" lon="120.12422237"><ele>93.538</ele><time>2026-09-03T11:49:52Z</time><sat>8</sat></trkpt>
  <trkpt lat="30.30393295" lon="120.12422235"><ele>93.553</ele><time>2026-09-03T11:49:55Z</time><sat>12</sat></trkpt>
  <trkpt lat="30.30393295" lon="120.12422243"><ele>93.531</ele><time>2026-09-03T11:49:58Z</time><sat>14</sat></trkpt>
  <trkpt lat="30.30393286" lon="120.12422261"><ele>93.503</ele><time>2026-09-03T11:50:01Z</time><sat>13</sat></trkpt>
  <trkpt lat="30.30393285" lon="120.12422271"><ele>93.490</ele><time>2026-09-03T11:50:04Z</time><sat>13</sat></trkpt>
  <trkpt lat="30.30393285" lon="120.12422290"><ele>93.488</ele><time>2026-09-03T11:50:07Z</time><sat>12</sat></trkpt>
  <trkpt lat="30.30393278" lon="120.12422297"><ele>93.438</ele><time>2026-09-03T11:50:10Z</time><sat>15</sat></trkpt>
  <trkpt lat="30.30393263" lon="120.12422299"><ele>93.435</ele><time>2026-09-03T11:50:13Z</time><sat>14</sat></trkpt>
  <trkpt lat="30.30393262" lon="120.12422293"><ele>93.423</ele><time>2026-09-03T11:50:16Z</time><sat>13</sat></trkpt>
  <trkpt lat="30.30393260" lon="120.12422288"><ele>93.413</ele><time>2026-09-03T11:50:19Z</time><sat>14</sat></trkpt>
  <trkpt lat="30.30393260" lon="120.12422287"><ele>93.413</ele><time>2026-09-03T11:50:22Z</time><sat>9</sat></trkpt>
  <trkpt lat="30.30393259" lon="120.12422287"><ele>93.409</ele><time>2026-09-03T11:50:25Z</time><sat>9</sat></trkpt>
  <trkpt lat="30.30393259" lon="120.12422288"><ele>93.409</ele><time>2026-09-03T11:50:28Z</time><sat>6</sat></trkpt>
  <trkpt lat="30.30393258" lon="120.12422288"><ele>93.405</ele><time>2026-09-03T11:50:31Z</time><sat>4</sat></trkpt>
  <trkpt lat="30.30393257" lon="120.12422302"><ele>93.431</ele><time>2026-09-03T11:50:34Z</time><sat>8</sat></trkpt>
  <trkpt lat="30.30393253" lon="120.12422322"><ele>93.457</ele><time>2026-09-03T11:50:37Z</time><sat>8</sat></trkpt>
  <trkpt lat="30.30393242" lon="120.12422344"><ele>93.543</ele><time>2026-09-03T11:50:40Z</time><sat>7</sat></trkpt>
  <trkpt lat="30.30393230" lon="120.12422367"><ele>93.657</ele><time>2026-09-03T11:50:43Z</time><sat>8</sat></trkpt>
  <trkpt lat="30.30393227" lon="120.12422396"><ele>93.712</ele><time>2026-09-03T11:50:46Z</time><sat>8</sat></trkpt>
  <trkpt lat="30.30393228" lon="120.12422422"><ele>93.745</ele><time>2026-09-03T11:50:49Z</time><sat>10</sat></trkpt>
  <trkpt lat="30.30393236" lon="120.12422435"><ele>93.767</ele><time>2026-09-03T11:50:52Z</time><sat>10</sat></trkpt>
  <trkpt lat="30.30393239" lon="120.12422443"><ele>93.836</ele><time>2026-09-03T11:50:55Z</time><sat>10</sat></trkpt>
  <trkpt lat="30.30393244" lon="120.12422464"><ele>93.921</ele><time>2026-09-03T11:50:58Z</time><sat>10</sat></trkpt>
  <trkpt lat="30.30393243" lon="120.12422467"><ele>93.957</ele><time>2026-09-03T11:51:01Z</time><sat>10</sat></trkpt>
  <trkpt lat="30.30393232" lon="120.12422463"><ele>94.008</ele><time>2026-09-03T11:51:04Z</time><sat>11</sat></trkpt>
  <trkpt lat="30.30393235" lon="120.12422471"><ele>94.070</ele><time>2026-09-03T11:51:07Z</time><sat>9</sat></trkpt>
  <trkpt lat="30.30393236" lon="120.12422483"><ele>94.112</ele><time>2026-09-03T11:51:10Z</time><sat>9</sat></trkpt>
  <trkpt lat="30.30393233" lon="120.12422495"><ele>94.185</ele><time>2026-09-03T11:51:13Z</time><sat>11</sat></trkpt>
  <trkpt lat="30.30393231" lon="120.12422500"><ele>94.214</ele><time>2026-09-03T11:51:16Z</time><sat>11</sat></trkpt>
  <trkpt lat="30.30393237" lon="120.12422519"><ele>94.256</ele><time>2026-09-03T11:51:19Z</time><sat>11</sat></trkpt>
  <trkpt lat="30.30393243" lon="120.12422534"><ele>94.278</ele><time>2026-09-03T11:51:22Z</time><sat>9</sat></trkpt>
  <trkpt lat="30.30393255" lon="120.12422551"><ele>94.316</ele><time>2026-09-03T11:51:25Z</time><sat>7</sat></trkpt>
  <trkpt lat="30.30393268" lon="120.12422578"><ele>94.348</ele><time>2026-09-03T11:51:28Z</time><sat>8</sat></trkpt>
  <trkpt lat="30.30393285" lon="120.12422600"><ele>94.401</ele><time>2026-09-03T11:51:31Z</time><sat>10</sat></trkpt>
  <trkpt lat="30.30393296" lon="120.12422622"><ele>94.425</ele><time>2026-09-03T11:51:34Z</time><sat>8</sat></trkpt>
  <trkpt lat="30.30393298" lon="120.12422641"><ele>94.415</ele><time>2026-09-03T11:51:37Z</time><sat>8</sat></trkpt>
  <trkpt lat="30.30393309" lon="120.12422667"><ele>94.476</ele><time>2026-09-03T11:51:40Z</time><sat>12</sat></trkpt>
  <trkpt lat="30.30393309" lon="120.12422700"><ele>94.483</ele><time>2026-09-03T11:51:43Z</time><sat>12</sat></trkpt>
  <trkpt lat="30.30393311" lon="120.12422722"><ele>94.476</ele><time>2026-09-03T11:51:46Z</time><sat>13</sat></trkpt>
  <trkpt lat="30.30393313" lon="120.12422752"><ele>94.493</ele><time>2026-09-03T11:51:49Z</time><sat>11</sat></trkpt>
  <trkpt lat="30.30393320" lon="120.12422771"><ele>94.577</ele><time>2026-09-03T11:51:52Z</time><sat>12</sat></trkpt>
  <trkpt lat="30.30393323" lon="120.12422796"><ele>94.607</ele><time>2026-09-03T11:51:55Z</time><sat>14</sat></trkpt>
  <trkpt lat="30.30393322" lon="120.12422816"><ele>94.630</ele><time>2026-09-03T11:51:58Z</time><sat>16</sat></trkpt>
  <trkpt lat="30.30393315" lon="120.12422834"><ele>94.688</ele><time>2026-09-03T11:52:01Z</time><sat>12</sat></trkpt>
  <trkpt lat="30.30393309" lon="120.12422845"><ele>94.754</ele><time>2026-09-03T11:52:04Z</time><sat>12</sat></trkpt>
  <trkpt lat="30.30393305" lon="120.12422866"><ele>94.743</ele><time>2026-09-03T11:52:07Z</time><sat>14</sat></trkpt>
  <trkpt lat="30.30393305" lon="120.12422891"><ele>94.809</ele><time>2026-09-03T11:52:10Z</time><sat>16</sat></trkpt>
  <trkpt lat="30.30393308" lon="120.12422921"><ele>94.899</ele><time>2026-09-03T11:52:13Z</time><sat>13</sat></trkpt>
  <trkpt lat="30.30393298" lon="120.12422940"><ele>95.012</ele><time>2026-09-03T11:52:16Z</time><sat>13</sat></trkpt>
  <trkpt lat="30.30393289" lon="120.12422956"><ele>95.034</ele><time>2026-09-03T11:52:19Z</time><sat>15</sat></trkpt>
  <trkpt lat="30.30393359" lon="120.12422943"><ele>95.191</ele><time>2026-09-03T11:52:22Z</time><sat>16</sat></trkpt>
  <trkpt lat="30.30393364" lon="120.12422957"><ele>95.241</ele><time>2026-09-03T11:52:25Z</time><sat>14</sat></trkpt>
  <trkpt lat="30.30393364" lon="120.12422970"><ele>95.359</ele><time>2026-09-03T11:52:28Z</time><sat>13</sat></trkpt>
  <trkpt lat="30.30393361" lon="120.12422994"><ele>95.411</ele><time>2026-09-03T11:52:31Z</time><sat>13</sat></trkpt>
  <trkpt lat="30.30393363" lon="120.12423016"><ele>95.435</ele><time>2026-09-03T11:52:34Z</time><sat>15</sat></trkpt>
  <trkpt lat="30.30393370" lon="120.12423023"><ele>95.482</ele><time>2026-09-03T11:52:37Z</time><sat>15</sat></trkpt>
  <trkpt lat="30.30393591" lon="120.12422802"><ele>95.999</ele><time>2026-09-03T11:52:40Z</time><sat>14</sat></trkpt>
  <trkpt lat="30.30393584" lon="120.12422797"><ele>95.922</ele><time>2026-09-03T11:52:43Z</time><sat>10</sat></trkpt>
  <trkpt lat="30.30393593" lon="120.12422817"><ele>96.070</ele><time>2026-09-03T11:52:46Z</time><sat>7</sat></trkpt>
  <trkpt lat="30.30393599" lon="120.12422850"><ele>96.178</ele><time>2026-09-03T11:52:49Z</time><sat>10</sat></trkpt>
  <trkpt lat="30.30393598" lon="120.12422868"><ele>96.212</ele><time>2026-09-03T11:52:52Z</time><sat>7</sat></trkpt>
  <trkpt lat="30.30393616" lon="120.12422864"><ele>96.275</ele><time>2026-09-03T11:52:55Z</time><sat>8</sat></trkpt>
  <trkpt lat="30.30393628" lon="120.12422849"><ele>96.284</ele><time>2026-09-03T11:52:58Z</time><sat>10</sat></trkpt>
  <trkpt lat="30.30393634" lon="120.12422837"><ele>96.287</ele><time>2026-09-03T11:53:01Z</time><sat>12</sat></trkpt>
  <trkpt lat="30.30393642" lon="120.12422832"><ele>96.297</ele><time>2026-09-03T11:53:04Z</time><sat>10</sat></trkpt>
  <trkpt lat="30.30393640" lon="120.12422854"><ele>96.336</ele><time>2026-09-03T11:53:07Z</time><sat>8</sat></trkpt>
  <trkpt lat="30.30393634" lon="120.12422900"><ele>96.370</ele><time>2026-09-03T11:53:10Z</time><sat>10</sat></trkpt>
  <trkpt lat="30.30393638" lon="120.12422923"><ele>96.400</ele><time>2026-09-03T11:53:13Z</time><sat>9</sat></trkpt>
  <trkpt lat="30.30393639" lon="120.12422939"><ele>96.398</ele><time>2026-09-03T11:53:16Z</time><sat>8</sat></trkpt>
  <trkpt lat="30.30393633" lon="120.12422978"><ele>96.410</ele><time>2026-09-03T11:53:19Z</time><sat>10</sat></trkpt>
  <trkpt lat="30.30393628" lon="120.12422983"><ele>96.404</ele><time>2026-09-03T11:53:22Z</time><sat>9</sat></trkpt>
  <trkpt lat="30.30393609" lon="120.12423017"><ele>96.353</ele><time>2026-09-03T11:53:25Z</time><sat>9</sat></trkpt>
  <trkpt lat="30.30393612" lon="120.12423026"><ele>96.363</ele><time>2026-09-03T11:53:28Z</time><sat>10</sat></trkpt>
  <trkpt lat="30.30393612" lon="120.12423032"><ele>96.365</ele><time>2026-09-03T11:53:31Z</time><sat>10</sat></trkpt>
  <trkpt lat="30.30393612" lon="120.12423032"><ele>96.365</ele><time>2026-09-03T11:53:34Z</time><sat>9</sat></trkpt>
  <trkpt lat="30.30393613" lon="120.12423032"><ele>96.366</ele><time>2026-09-03T11:53:37Z</time><sat>6</sat></trkpt>
  <trkpt lat="30.30393638" lon="120.12423042"><ele>96.443</ele><time>2026-09-03T11:53:40Z</time><sat>2</sat></trkpt>
  <trkpt lat="30.30393672" lon="120.12423039"><ele>96.557</ele><time>2026-09-03T11:53:43Z</time><sat>7</sat></trkpt>
  <trkpt lat="30.30393691" lon="120.12423060"><ele>96.618</ele><time>2026-09-03T11:53:46Z</time><sat>9</sat></trkpt>
  <trkpt lat="30.30393741" lon="120.12423008"><ele>96.814</ele><time>2026-09-03T11:53:49Z</time><sat>8</sat></trkpt>
  <trkpt lat="30.30393737" lon="120.12423017"><ele>96.781</ele><time>2026-09-03T11:53:52Z</time><sat>8</sat></trkpt>
  <trkpt lat="30.30393740" lon="120.12423033"><ele>96.755</ele><time>2026-09-03T11:53:55Z</time><sat>9</sat></trkpt>
  <trkpt lat="30.30393748" lon="120.12423036"><ele>96.811</ele><time>2026-09-03T11:53:58Z</time><sat>10</sat></trkpt>
  <trkpt lat="30.30393753" lon="120.12423024"><ele>96.876</ele><time>2026-09-03T11:54:01Z</time><sat>10</sat></trkpt>
  <trkpt lat="30.30393748" lon="120.12423021"><ele>96.885</ele><time>2026-09-03T11:54:04Z</time><sat>10</sat></trkpt>
  <trkpt lat="30.30393757" lon="120.12423009"><ele>96.839</ele><time>2026-09-03T11:54:07Z</time><sat>9</sat></trkpt>
  <trkpt lat="30.30393762" lon="120.12423012"><ele>96.837</ele><time>2026-09-03T11:54:10Z</time><sat>10</sat></trkpt>
  <trkpt lat="30.30393775" lon="120.12423066"><ele>96.984</ele><time>2026-09-03T11:54:13Z</time><sat>10</sat></trkpt>
  <trkpt lat="30.30393769" lon="120.12423078"><ele>96.949</ele><time>2026-09-03T11:54:16Z</time><sat>9</sat></trkpt>
  <trkpt lat="30.30393763" lon="120.12423088"><ele>96.945</ele><time>2026-09-03T11:54:19Z</time><sat>10</sat></trkpt>
  <trkpt lat="30.30393760" lon="120.12423092"><ele>96.945</ele><time>2026-09-03T11:54:22Z</time><sat>7</sat></trkpt>
  <trkpt lat="30.30393760" lon="120.12423092"><ele>96.945</ele><time>2026-09-03T11:54:25Z</time><sat>9</sat></trkpt>
  <trkpt lat="30.30393763" lon="120.12423098"><ele>96.935</ele><time>2026-09-03T11:54:28Z</time><sat>8</sat></trkpt>
  <trkpt lat="30.30393768" lon="120.12423112"><ele>96.914</ele><time>2026-09-03T11:54:31Z</time><sat>8</sat></trkpt>
  <trkpt lat="30.30393774" lon="120.12423124"><ele>96.899</ele><time>2026-09-03T11:54:34Z</time><sat>10</sat></trkpt>
  <trkpt lat="30.30393779" lon="120.12423131"><ele>96.887</ele><time>2026-09-03T11:54:37Z</time><sat>9</sat></trkpt>
  <trkpt lat="30.30393780" lon="120.12423140"><ele>96.878</ele><time>2026-09-03T11:54:40Z</time><sat>8</sat></trkpt>
  <trkpt lat="30.30393781" lon="120.12423151"><ele>96.862</ele><time>2026-09-03T11:54:43Z</time><sat>7</sat></trkpt>
  <trkpt lat="30.30393784" lon="120.12423166"><ele>96.835</ele><time>2026-09-03T11:54:46Z</time><sat>9</sat></trkpt>
  <trkpt lat="30.30393789" lon="120.12423179"><ele>96.804</ele><time>2026-09-03T11:54:49Z</time><sat>8</sat></trkpt>
  <trkpt lat="30.30393794" lon="120.12423188"><ele>96.785</ele><time>2026-09-03T11:54:52Z</time><sat>7</sat></trkpt>
  <trkpt lat="30.30392871" lon="120.12423281"><ele>94.619</ele><time>2026-09-03T11:54:55Z</time><sat>7</sat></trkpt>
  <trkpt lat="30.30392844" lon="120.12423290"><ele>94.559</ele><time>2026-09-03T11:54:58Z</time><sat>9</sat></trkpt>
  <trkpt lat="30.30392841" lon="120.12423296"><ele>94.529</ele><time>2026-09-03T11:55:01Z</time><sat>8</sat></trkpt>
  <trkpt lat="30.30392836" lon="120.12423298"><ele>94.518</ele><time>2026-09-03T11:55:04Z</time><sat>6</sat></trkpt>
  <trkpt lat="30.30392829" lon="120.12423297"><ele>94.515</ele><time>2026-09-03T11:55:07Z</time><sat>7</sat></trkpt>
  <trkpt lat="30.30392828" lon="120.12423297"><ele>94.511</ele><time>2026-09-03T11:55:10Z</time><sat>8</sat></trkpt>
  <trkpt lat="30.30392820" lon="120.12423303"><ele>94.498</ele><time>2026-09-03T11:55:13Z</time><sat>8</sat></trkpt>
  <trkpt lat="30.30392819" lon="120.12423311"><ele>94.494</ele><time>2026-09-03T11:55:16Z</time><sat>8</sat></trkpt>
  <trkpt lat="30.30392775" lon="120.12423328"><ele>94.418</ele><time>2026-09-03T11:55:19Z</time><sat>9</sat></trkpt>
  <trkpt lat="30.30392769" lon="120.12423336"><ele>94.411</ele><time>2026-09-03T11:55:22Z</time><sat>10</sat></trkpt>
  <trkpt lat="30.30392770" lon="120.12423337"><ele>94.412</ele><time>2026-09-03T11:55:25Z</time><sat>8</sat></trkpt>
  <trkpt lat="30.30392731" lon="120.12423339"><ele>94.300</ele><time>2026-09-03T11:55:28Z</time><sat>8</sat></trkpt>
  <trkpt lat="30.30392721" lon="120.12423339"><ele>94.313</ele><time>2026-09-03T11:55:31Z</time><sat>9</sat></trkpt>
  <trkpt lat="30.30392698" lon="120.12423343"><ele>94.253</ele><time>2026-09-03T11:55:34Z</time><sat>9</sat></trkpt>
  <trkpt lat="30.30392698" lon="120.12423343"><ele>94.256</ele><time>2026-09-03T11:55:37Z</time><sat>8</sat></trkpt>
  <trkpt lat="30.30392693" lon="120.12423343"><ele>94.257</ele><time>2026-09-03T11:55:40Z</time><sat>8</sat></trkpt>
  <trkpt lat="30.30392694" lon="120.12423342"><ele>94.248</ele><time>2026-09-03T11:55:43Z</time><sat>9</sat></trkpt>
  <trkpt lat="30.30392693" lon="120.12423343"><ele>94.246</ele><time>2026-09-03T11:55:46Z</time><sat>10</sat></trkpt>
  <trkpt lat="30.30392692" lon="120.12423342"><ele>94.242</ele><time>2026-09-03T11:55:49Z</time><sat>7</sat></trkpt>
  <trkpt lat="30.30392691" lon="120.12423343"><ele>94.243</ele><time>2026-09-03T11:55:52Z</time><sat>6</sat></trkpt>
  <trkpt lat="30.30392691" lon="120.12423342"><ele>94.242</ele><time>2026-09-03T11:55:55Z</time><sat>8</sat></trkpt>
  <trkpt lat="30.30392692" lon="120.12423342"><ele>94.244</ele><time>2026-09-03T11:55:58Z</time><sat>6</sat></trkpt>
  <trkpt lat="30.30392685" lon="120.12423350"><ele>94.255</ele><time>2026-09-03T11:56:01Z</time><sat>6</sat></trkpt>
  <trkpt lat="30.30392682" lon="120.12423354"><ele>94.281</ele><time>2026-09-03T11:56:04Z</time><sat>9</sat></trkpt>
  <trkpt lat="30.30392682" lon="120.12423355"><ele>94.282</ele><time>2026-09-03T11:56:07Z</time><sat>9</sat></trkpt>
  <trkpt lat="30.30392675" lon="120.12423364"><ele>94.291</ele><time>2026-09-03T11:56:10Z</time><sat>8</sat></trkpt>
  <trkpt lat="30.30392668" lon="120.12423372"><ele>94.302</ele><time>2026-09-03T11:56:13Z</time><sat>10</sat></trkpt>
  <trkpt lat="30.30392667" lon="120.12423371"><ele>94.299</ele><time>2026-09-03T11:56:16Z</time><sat>10</sat></trkpt>
  <trkpt lat="30.30392665" lon="120.12423373"><ele>94.288</ele><time>2026-09-03T11:56:19Z</time><sat>8</sat></trkpt>
  <trkpt lat="30.30392656" lon="120.12423380"><ele>94.288</ele><time>2026-09-03T11:56:22Z</time><sat>6</sat></trkpt>
  <trkpt lat="30.30392648" lon="120.12423390"><ele>94.308</ele><time>2026-09-03T11:56:25Z</time><sat>7</sat></trkpt>
  <trkpt lat="30.30392647" lon="120.12423391"><ele>94.305</ele><time>2026-09-03T11:56:28Z</time><sat>8</sat></trkpt>
  <trkpt lat="30.30392644" lon="120.12423393"><ele>94.295</ele><time>2026-09-03T11:56:31Z</time><sat>7</sat></trkpt>
  <trkpt lat="30.30392643" lon="120.12423394"><ele>94.294</ele><time>2026-09-03T11:56:34Z</time><sat>5</sat></trkpt>
  <trkpt lat="30.30392643" lon="120.12423395"><ele>94.293</ele><time>2026-09-03T11:56:37Z</time><sat>7</sat></trkpt>
  <trkpt lat="30.30392643" lon="120.12423395"><ele>94.294</ele><time>2026-09-03T11:56:40Z</time><sat>6</sat></trkpt>
  <trkpt lat="30.30392643" lon="120.12423395"><ele>94.295</ele><time>2026-09-03T11:56:43Z</time><sat>2</sat></trkpt>
  <trkpt lat="30.30392643" lon="120.12423395"><ele>94.295</ele><time>2026-09-03T11:56:46Z</time><sat>3</sat></trkpt>
  <trkpt lat="30.30392647" lon="120.12423394"><ele>94.306</ele><time>2026-09-03T11:56:49Z</time><sat>4</sat></trkpt>
  <trkpt lat="30.30392647" lon="120.12423394"><ele>94.306</ele><time>2026-09-03T11:56:52Z</time><sat>5</sat></trkpt>
  <trkpt lat="30.30392645" lon="120.12423394"><ele>94.300</ele><time>2026-09-03T11:56:55Z</time><sat>3</sat></trkpt>
  <trkpt lat="30.30392645" lon="120.12423394"><ele>94.303</ele><time>2026-09-03T11:56:58Z</time><sat>4</sat></trkpt>
  <trkpt lat="30.30392648" lon="120.12423394"><ele>94.309</ele><time>2026-09-03T11:57:01Z</time><sat>5</sat></trkpt>
  <trkpt lat="30.30392652" lon="120.12423392"><ele>94.326</ele><time>2026-09-03T11:57:04Z</time><sat>4</sat></trkpt>
  <trkpt lat="30.30392652" lon="120.12423395"><ele>94.330</ele><time>2026-09-03T11:57:07Z</time><sat>3</sat></trkpt>
  <trkpt lat="30.30392652" lon="120.12423398"><ele>94.352</ele><time>2026-09-03T11:57:10Z</time><sat>5</sat></trkpt>
  <trkpt lat="30.30392653" lon="120.12423400"><ele>94.364</ele><time>2026-09-03T11:57:13Z</time><sat>6</sat></trkpt>
  <trkpt lat="30.30392653" lon="120.12423403"><ele>94.377</ele><time>2026-09-03T11:57:16Z</time><sat>5</sat></trkpt>
  <trkpt lat="30.30392653" lon="120.12423404"><ele>94.373</ele><time>2026-09-03T11:57:19Z</time><sat>4</sat></trkpt>
  <trkpt lat="30.30392654" lon="120.12423405"><ele>94.376</ele><time>2026-09-03T11:57:22Z</time><sat>5</sat></trkpt>
  <trkpt lat="30.30392655" lon="120.12423404"><ele>94.381</ele><time>2026-09-03T11:57:25Z</time><sat>5</sat></trkpt>
  <trkpt lat="30.30392655" lon="120.12423404"><ele>94.378</ele><time>2026-09-03T11:57:28Z</time><sat>5</sat></trkpt>
  <trkpt lat="30.30392652" lon="120.12423406"><ele>94.370</ele><time>2026-09-03T11:57:31Z</time><sat>4</sat></trkpt>
  <trkpt lat="30.30392648" lon="120.12423407"><ele>94.359</ele><time>2026-09-03T11:57:34Z</time><sat>5</sat></trkpt>
  <trkpt lat="30.30392645" lon="120.12423409"><ele>94.351</ele><time>2026-09-03T11:57:37Z</time><sat>4</sat></trkpt>
  <trkpt lat="30.30392641" lon="120.12423410"><ele>94.336</ele><time>2026-09-03T11:57:40Z</time><sat>5</sat></trkpt>
  <trkpt lat="30.30392637" lon="120.12423412"><ele>94.327</ele><time>2026-09-03T11:57:43Z</time><sat>4</sat></trkpt>
  <trkpt lat="30.30392634" lon="120.12423413"><ele>94.319</ele><time>2026-09-03T11:57:46Z</time><sat>3</sat></trkpt>
  <trkpt lat="30.30392632" lon="120.12423414"><ele>94.310</ele><time>2026-09-03T11:57:49Z</time><sat>3</sat></trkpt>
  <trkpt lat="30.30392627" lon="120.12423416"><ele>94.300</ele><time>2026-09-03T11:57:52Z</time><sat>5</sat></trkpt>
  <trkpt lat="30.30392623" lon="120.12423418"><ele>94.287</ele><time>2026-09-03T11:57:55Z</time><sat>4</sat></trkpt>
  <trkpt lat="30.30392623" lon="120.12423418"><ele>94.289</ele><time>2026-09-03T11:57:58Z</time><sat>3</sat></trkpt>
  <trkpt lat="30.30392618" lon="120.12423420"><ele>94.274</ele><time>2026-09-03T11:58:01Z</time><sat>3</sat></trkpt>
  <trkpt lat="30.30392619" lon="120.12423420"><ele>94.278</ele><time>2026-09-03T11:58:04Z</time><sat>5</sat></trkpt>
  <trkpt lat="30.30392623" lon="120.12423417"><ele>94.290</ele><time>2026-09-03T11:58:07Z</time><sat>6</sat></trkpt>
  <trkpt lat="30.30392622" lon="120.12423420"><ele>94.287</ele><time>2026-09-03T11:58:10Z</time><sat>4</sat></trkpt>
  <trkpt lat="30.30392622" lon="120.12423421"><ele>94.287</ele><time>2026-09-03T11:58:13Z</time><sat>4</sat></trkpt>
  <trkpt lat="30.30392624" lon="120.12423421"><ele>94.292</ele><time>2026-09-03T11:58:16Z</time><sat>5</sat></trkpt>
  <trkpt lat="30.30392624" lon="120.12423421"><ele>94.292</ele><time>2026-09-03T11:58:19Z</time><sat>5</sat></trkpt>
  <trkpt lat="30.30392783" lon="120.12423239"><ele>94.669</ele><time>2026-09-03T11:58:22Z</time><sat>2</sat></trkpt>
  <trkpt lat="30.30392786" lon="120.12423236"><ele>94.670</ele><time>2026-09-03T11:58:25Z</time><sat>2</sat></trkpt>
  <trkpt lat="30.30392787" lon="120.12423236"><ele>94.669</ele><time>2026-09-03T11:58:28Z</time><sat>4</sat></trkpt>
  <trkpt lat="30.30392784" lon="120.12423250"><ele>94.733</ele><time>2026-09-03T11:58:31Z</time><sat>5</sat></trkpt>
  <trkpt lat="30.30392783" lon="120.12423261"><ele>94.766</ele><time>2026-09-03T11:58:34Z</time><sat>5</sat></trkpt>
  <trkpt lat="30.30392783" lon="120.12423280"><ele>94.867</ele><time>2026-09-03T11:58:37Z</time><sat>4</sat></trkpt>
  <trkpt lat="30.30392780" lon="120.12423292"><ele>94.897</ele><time>2026-09-03T11:58:40Z</time><sat>5</sat></trkpt>
  <trkpt lat="30.30392782" lon="120.12423309"><ele>95.001</ele><time>2026-09-03T11:58:43Z</time><sat>5</sat></trkpt>
  <trkpt lat="30.30392778" lon="120.12423336"><ele>95.102</ele><time>2026-09-03T11:58:46Z</time><sat>4</sat></trkpt>
  <trkpt lat="30.30392774" lon="120.12423351"><ele>95.142</ele><time>2026-09-03T11:58:49Z</time><sat>4</sat></trkpt>
  <trkpt lat="30.30392780" lon="120.12423349"><ele>95.166</ele><time>2026-09-03T11:58:52Z</time><sat>5</sat></trkpt>
  <trkpt lat="30.30392784" lon="120.12423349"><ele>95.178</ele><time>2026-09-03T11:58:55Z</time><sat>5</sat></trkpt>
  <trkpt lat="30.30392788" lon="120.12423347"><ele>95.189</ele><time>2026-09-03T11:58:58Z</time><sat>4</sat></trkpt>
  <trkpt lat="30.30392786" lon="120.12423353"><ele>95.199</ele><time>2026-09-03T11:59:01Z</time><sat>6</sat></trkpt>
  <trkpt lat="30.30392782" lon="120.12423360"><ele>95.196</ele><time>2026-09-03T11:59:04Z</time><sat>8</sat></trkpt>
  <trkpt lat="30.30392780" lon="120.12423361"><ele>95.194</ele><time>2026-09-03T11:59:07Z</time><sat>6</sat></trkpt>
  <trkpt lat="30.30392774" lon="120.12423369"><ele>95.188</ele><time>2026-09-03T11:59:10Z</time><sat>5</sat></trkpt>
  <trkpt lat="30.30392770" lon="120.12423374"><ele>95.181</ele><time>2026-09-03T11:59:13Z</time><sat>5</sat></trkpt>
  <trkpt lat="30.30392770" lon="120.12423373"><ele>95.183</ele><time>2026-09-03T11:59:16Z</time><sat>7</sat></trkpt>
  <trkpt lat="30.30392775" lon="120.12423372"><ele>95.202</ele><time>2026-09-03T11:59:19Z</time><sat>7</sat></trkpt>
  <trkpt lat="30.30392775" lon="120.12423377"><ele>95.225</ele><time>2026-09-03T11:59:22Z</time><sat>4</sat></trkpt>
  <trkpt lat="30.30392773" lon="120.12423382"><ele>95.241</ele><time>2026-09-03T11:59:25Z</time><sat>4</sat></trkpt>
  <trkpt lat="30.30392773" lon="120.12423384"><ele>95.241</ele><time>2026-09-03T11:59:28Z</time><sat>7</sat></trkpt>
  <trkpt lat="30.30392772" lon="120.12423386"><ele>95.253</ele><time>2026-09-03T11:59:31Z</time><sat>5</sat></trkpt>
  <trkpt lat="30.30392772" lon="120.12423387"><ele>95.253</ele><time>2026-09-03T11:59:34Z</time><sat>3</sat></trkpt>
  <trkpt lat="30.30392772" lon="120.12423390"><ele>95.268</ele><time>2026-09-03T11:59:37Z</time><sat>4</sat></trkpt>
  <trkpt lat="30.30392773" lon="120.12423392"><ele>95.285</ele><time>2026-09-03T11:59:40Z</time><sat>6</sat></trkpt>
  <trkpt lat="30.30392773" lon="120.12423393"><ele>95.286</ele><time>2026-09-03T11:59:43Z</time><sat>5</sat></trkpt>
  <trkpt lat="30.30392774" lon="120.12423393"><ele>95.290</ele><time>2026-09-03T11:59:46Z</time><sat>4</sat></trkpt>
  <trkpt lat="30.30392774" lon="120.12423394"><ele>95.298</ele><time>2026-09-03T11:59:49Z</time><sat>4</sat></trkpt>
  <trkpt lat="30.30392775" lon="120.12423395"><ele>95.301</ele><time>2026-09-03T11:59:52Z</time><sat>8</sat></trkpt>
  <trkpt lat="30.30392772" lon="120.12423402"><ele>95.327</ele><time>2026-09-03T11:59:55Z</time><sat>6</sat></trkpt>
  <trkpt lat="30.30392771" lon="120.12423406"><ele>95.337</ele><time>2026-09-03T11:59:58Z</time><sat>4</sat></trkpt>
  <trkpt lat="30.30392769" lon="120.12423407"><ele>95.331</ele><time>2026-09-03T12:00:01Z</time><sat>4</sat></trkpt>
  <trkpt lat="30.30392768" lon="120.12423410"><ele>95.339</ele><time>2026-09-03T12:00:04Z</time><sat>5</sat></trkpt>
  <trkpt lat="30.30392764" lon="120.12423412"><ele>95.325</ele><time>2026-09-03T12:00:07Z</time><sat>5</sat></trkpt>
  <trkpt lat="30.30392758" lon="120.12423415"><ele>95.316</ele><time>2026-09-03T12:00:10Z</time><sat>4</sat></trkpt>
  <trkpt lat="30.30392747" lon="120.12423427"><ele>95.320</ele><time>2026-09-03T12:00:13Z</time><sat>4</sat></trkpt>
  <trkpt lat="30.30392743" lon="120.12423429"><ele>95.314</ele><time>2026-09-03T12:00:16Z</time><sat>5</sat></trkpt>
  <trkpt lat="30.30392740" lon="120.12423432"><ele>95.311</ele><time>2026-09-03T12:00:19Z</time><sat>5</sat></trkpt>
  <trkpt lat="30.30392870" lon="120.12423289"><ele>95.711</ele><time>2026-09-03T12:00:22Z</time><sat>5</sat></trkpt>
  <trkpt lat="30.30392886" lon="120.12423275"><ele>95.733</ele><time>2026-09-03T12:00:25Z</time><sat>6</sat></trkpt>
  <trkpt lat="30.30392878" lon="120.12423281"><ele>95.722</ele><time>2026-09-03T12:00:28Z</time><sat>4</sat></trkpt>
  <trkpt lat="30.30392853" lon="120.12423306"><ele>95.718</ele><time>2026-09-03T12:00:31Z</time><sat>3</sat></trkpt>
  <trkpt lat="30.30392846" lon="120.12423312"><ele>95.704</ele><time>2026-09-03T12:00:34Z</time><sat>5</sat></trkpt>
  <trkpt lat="30.30392824" lon="120.12423337"><ele>95.722</ele><time>2026-09-03T12:00:37Z</time><sat>6</sat></trkpt>
  <trkpt lat="30.30392797" lon="120.12423376"><ele>95.773</ele><time>2026-09-03T12:00:40Z</time><sat>5</sat></trkpt>
  <trkpt lat="30.30392773" lon="120.12423410"><ele>95.837</ele><time>2026-09-03T12:00:43Z</time><sat>6</sat></trkpt>
  <trkpt lat="30.30392754" lon="120.12423436"><ele>95.883</ele><time>2026-09-03T12:00:46Z</time><sat>7</sat></trkpt>
  <trkpt lat="30.30392734" lon="120.12423464"><ele>95.934</ele><time>2026-09-03T12:00:49Z</time><sat>6</sat></trkpt>
  <trkpt lat="30.30392725" lon="120.12423478"><ele>95.973</ele><time>2026-09-03T12:00:52Z</time><sat>7</sat></trkpt>
  <trkpt lat="30.30392719" lon="120.12423487"><ele>96.000</ele><time>2026-09-03T12:00:55Z</time><sat>8</sat></trkpt>
  <trkpt lat="30.30392718" lon="120.12423489"><ele>96.003</ele><time>2026-09-03T12:00:58Z</time><sat>8</sat></trkpt>
  <trkpt lat="30.30392708" lon="120.12423505"><ele>96.070</ele><time>2026-09-03T12:01:01Z</time><sat>6</sat></trkpt>
  <trkpt lat="30.30392692" lon="120.12423529"><ele>96.133</ele><time>2026-09-03T12:01:04Z</time><sat>7</sat></trkpt>
  <trkpt lat="30.30392670" lon="120.12423557"><ele>96.167</ele><time>2026-09-03T12:01:07Z</time><sat>8</sat></trkpt>
  <trkpt lat="30.30392649" lon="120.12423582"><ele>96.218</ele><time>2026-09-03T12:01:10Z</time><sat>6</sat></trkpt>
  <trkpt lat="30.30392627" lon="120.12423611"><ele>96.272</ele><time>2026-09-03T12:01:13Z</time><sat>6</sat></trkpt>
  <trkpt lat="30.30392615" lon="120.12423627"><ele>96.296</ele><time>2026-09-03T12:01:16Z</time><sat>8</sat></trkpt>
  <trkpt lat="30.30392612" lon="120.12423632"><ele>96.308</ele><time>2026-09-03T12:01:19Z</time><sat>8</sat></trkpt>
  <trkpt lat="30.30392604" lon="120.12423645"><ele>96.347</ele><time>2026-09-03T12:01:22Z</time><sat>5</sat></trkpt>
  <trkpt lat="30.30392611" lon="120.12423666"><ele>96.442</ele><time>2026-09-03T12:01:25Z</time><sat>6</sat></trkpt>
  <trkpt lat="30.30392614" lon="120.12423663"><ele>96.450</ele><time>2026-09-03T12:01:28Z</time><sat>10</sat></trkpt>
  <trkpt lat="30.30392625" lon="120.12423669"><ele>96.464</ele><time>2026-09-03T12:01:31Z</time><sat>10</sat></trkpt>
  <trkpt lat="30.30392628" lon="120.12423666"><ele>96.468</ele><time>2026-09-03T12:01:34Z</time><sat>6</sat></trkpt>
  <trkpt lat="30.30392630" lon="120.12423665"><ele>96.472</ele><time>2026-09-03T12:01:37Z</time><sat>6</sat></trkpt>
  <trkpt lat="30.30392652" lon="120.12423689"><ele>96.482</ele><time>2026-09-03T12:01:40Z</time><sat>5</sat></trkpt>
  <trkpt lat="30.30392655" lon="120.12423704"><ele>96.522</ele><time>2026-09-03T12:01:43Z</time><sat>5</sat></trkpt>
  <trkpt lat="30.30392647" lon="120.12423695"><ele>96.615</ele><time>2026-09-03T12:01:46Z</time><sat>6</sat></trkpt>
  <trkpt lat="30.30392654" lon="120.12423710"><ele>96.624</ele><time>2026-09-03T12:01:49Z</time><sat>7</sat></trkpt>
  <trkpt lat="30.30392660" lon="120.12423732"><ele>96.632</ele><time>2026-09-03T12:01:52Z</time><sat>8</sat></trkpt>
  <trkpt lat="30.30392660" lon="120.12423735"><ele>96.631</ele><time>2026-09-03T12:01:55Z</time><sat>8</sat></trkpt>
  <trkpt lat="30.30392661" lon="120.12423750"><ele>96.615</ele><time>2026-09-03T12:01:58Z</time><sat>7</sat></trkpt>
  <trkpt lat="30.30392664" lon="120.12423760"><ele>96.611</ele><time>2026-09-03T12:02:01Z</time><sat>6</sat></trkpt>
  <trkpt lat="30.30392667" lon="120.12423773"><ele>96.598</ele><time>2026-09-03T12:02:04Z</time><sat>7</sat></trkpt>
  <trkpt lat="30.30392666" lon="120.12423789"><ele>96.583</ele><time>2026-09-03T12:02:07Z</time><sat>8</sat></trkpt>
  <trkpt lat="30.30392663" lon="120.12423801"><ele>96.639</ele><time>2026-09-03T12:02:10Z</time><sat>7</sat></trkpt>
  <trkpt lat="30.30392662" lon="120.12423803"><ele>96.639</ele><time>2026-09-03T12:02:13Z</time><sat>9</sat></trkpt>
  <trkpt lat="30.30392665" lon="120.12423801"><ele>96.647</ele><time>2026-09-03T12:02:16Z</time><sat>9</sat></trkpt>
  <trkpt lat="30.30392670" lon="120.12423796"><ele>96.656</ele><time>2026-09-03T12:02:19Z</time><sat>7</sat></trkpt>
  <trkpt lat="30.30392674" lon="120.12423797"><ele>96.705</ele><time>2026-09-03T12:02:22Z</time><sat>7</sat></trkpt>
  <trkpt lat="30.30392677" lon="120.12423801"><ele>96.775</ele><time>2026-09-03T12:02:25Z</time><sat>9</sat></trkpt>
  <trkpt lat="30.30392677" lon="120.12423805"><ele>96.801</ele><time>2026-09-03T12:02:28Z</time><sat>12</sat></trkpt>
  <trkpt lat="30.30392677" lon="120.12423812"><ele>96.851</ele><time>2026-09-03T12:02:31Z</time><sat>11</sat></trkpt>
  <trkpt lat="30.30392679" lon="120.12423820"><ele>96.852</ele><time>2026-09-03T12:02:34Z</time><sat>12</sat></trkpt>
  <trkpt lat="30.30392675" lon="120.12423832"><ele>96.940</ele><time>2026-09-03T12:02:37Z</time><sat>14</sat></trkpt>
  <trkpt lat="30.30392679" lon="120.12423839"><ele>97.006</ele><time>2026-09-03T12:02:40Z</time><sat>14</sat></trkpt>
  <trkpt lat="30.30392680" lon="120.12423849"><ele>97.023</ele><time>2026-09-03T12:02:43Z</time><sat>11</sat></trkpt>
  <trkpt lat="30.30392681" lon="120.12423855"><ele>97.027</ele><time>2026-09-03T12:02:46Z</time><sat>9</sat></trkpt>
  <trkpt lat="30.30392681" lon="120.12423865"><ele>97.018</ele><time>2026-09-03T12:02:49Z</time><sat>11</sat></trkpt>
  <trkpt lat="30.30392681" lon="120.12423889"><ele>97.142</ele><time>2026-09-03T12:02:52Z</time><sat>11</sat></trkpt>
  <trkpt lat="30.30392683" lon="120.12423895"><ele>97.162</ele><time>2026-09-03T12:02:55Z</time><sat>11</sat></trkpt>
  <trkpt lat="30.30392685" lon="120.12423910"><ele>97.195</ele><time>2026-09-03T12:02:58Z</time><sat>9</sat></trkpt>
  <trkpt lat="30.30392683" lon="120.12423920"><ele>97.180</ele><time>2026-09-03T12:03:01Z</time><sat>12</sat></trkpt>
  <trkpt lat="30.30392682" lon="120.12423929"><ele>97.191</ele><time>2026-09-03T12:03:04Z</time><sat>11</sat></trkpt>
  <trkpt lat="30.30392683" lon="120.12423932"><ele>97.199</ele><time>2026-09-03T12:03:07Z</time><sat>8</sat></trkpt>
  <trkpt lat="30.30392683" lon="120.12423941"><ele>97.226</ele><time>2026-09-03T12:03:10Z</time><sat>8</sat></trkpt>
  <trkpt lat="30.30392682" lon="120.12423947"><ele>97.219</ele><time>2026-09-03T12:03:13Z</time><sat>11</sat></trkpt>
  <trkpt lat="30.30392682" lon="120.12423947"><ele>97.218</ele><time>2026-09-03T12:03:16Z</time><sat>10</sat></trkpt>
  <trkpt lat="30.30392682" lon="120.12423948"><ele>97.217</ele><time>2026-09-03T12:03:19Z</time><sat>7</sat></trkpt>
  <trkpt lat="30.30392683" lon="120.12423953"><ele>97.248</ele><time>2026-09-03T12:03:22Z</time><sat>5</sat></trkpt>
  <trkpt lat="30.30392682" lon="120.12423954"><ele>97.246</ele><time>2026-09-03T12:03:25Z</time><sat>8</sat></trkpt>
  <trkpt lat="30.30392682" lon="120.12423953"><ele>97.247</ele><time>2026-09-03T12:03:28Z</time><sat>10</sat></trkpt>
  <trkpt lat="30.30392683" lon="120.12423952"><ele>97.249</ele><time>2026-09-03T12:03:31Z</time><sat>6</sat></trkpt>
  <trkpt lat="30.30392685" lon="120.12423955"><ele>97.282</ele><time>2026-09-03T12:03:34Z</time><sat>5</sat></trkpt>
  <trkpt lat="30.30392685" lon="120.12423954"><ele>97.281</ele><time>2026-09-03T12:03:37Z</time><sat>8</sat></trkpt>
  <trkpt lat="30.30392685" lon="120.12423957"><ele>97.303</ele><time>2026-09-03T12:03:40Z</time><sat>7</sat></trkpt>
  <trkpt lat="30.30392685" lon="120.12423959"><ele>97.302</ele><time>2026-09-03T12:03:43Z</time><sat>5</sat></trkpt>
  <trkpt lat="30.30392685" lon="120.12423962"><ele>97.307</ele><time>2026-09-03T12:03:46Z</time><sat>6</sat></trkpt>
  <trkpt lat="30.30392685" lon="120.12423963"><ele>97.305</ele><time>2026-09-03T12:03:49Z</time><sat>8</sat></trkpt>
  <trkpt lat="30.30392685" lon="120.12423966"><ele>97.302</ele><time>2026-09-03T12:03:52Z</time><sat>8</sat></trkpt>
  <trkpt lat="30.30392685" lon="120.12423969"><ele>97.308</ele><time>2026-09-03T12:03:55Z</time><sat>4</sat></trkpt>
  <trkpt lat="30.30392685" lon="120.12423972"><ele>97.323</ele><time>2026-09-03T12:03:58Z</time><sat>5</sat></trkpt>
  <trkpt lat="30.30392685" lon="120.12423975"><ele>97.336</ele><time>2026-09-03T12:04:01Z</time><sat>7</sat></trkpt>
  <trkpt lat="30.30392685" lon="120.12423975"><ele>97.335</ele><time>2026-09-03T12:04:04Z</time><sat>7</sat></trkpt>
  <trkpt lat="30.30392686" lon="120.12423975"><ele>97.345</ele><time>2026-09-03T12:04:07Z</time><sat>5</sat></trkpt>
  <trkpt lat="30.30392686" lon="120.12423977"><ele>97.343</ele><time>2026-09-03T12:04:10Z</time><sat>6</sat></trkpt>
  <trkpt lat="30.30392686" lon="120.12423979"><ele>97.357</ele><time>2026-09-03T12:04:13Z</time><sat>5</sat></trkpt>
  <trkpt lat="30.30392686" lon="120.12423984"><ele>97.379</ele><time>2026-09-03T12:04:16Z</time><sat>6</sat></trkpt>
  <trkpt lat="30.30392686" lon="120.12423985"><ele>97.377</ele><time>2026-09-03T12:04:19Z</time><sat>6</sat></trkpt>
  <trkpt lat="30.30392685" lon="120.12423986"><ele>97.384</ele><time>2026-09-03T12:04:22Z</time><sat>6</sat></trkpt>
  <trkpt lat="30.30392685" lon="120.12423991"><ele>97.406</ele><time>2026-09-03T12:04:25Z</time><sat>6</sat></trkpt>
  <trkpt lat="30.30392686" lon="120.12423995"><ele>97.420</ele><time>2026-09-03T12:04:28Z</time><sat>6</sat></trkpt>
  <trkpt lat="30.30392687" lon="120.12424002"><ele>97.457</ele><time>2026-09-03T12:04:31Z</time><sat>8</sat></trkpt>
  <trkpt lat="30.30392685" lon="120.12424010"><ele>97.450</ele><time>2026-09-03T12:04:34Z</time><sat>11</sat></trkpt>
  <trkpt lat="30.30392685" lon="120.12424012"><ele>97.448</ele><time>2026-09-03T12:04:37Z</time><sat>10</sat></trkpt>
  <trkpt lat="30.30392684" lon="120.12424017"><ele>97.460</ele><time>2026-09-03T12:04:40Z</time><sat>5</sat></trkpt>
  <trkpt lat="30.30392684" lon="120.12424023"><ele>97.480</ele><time>2026-09-03T12:04:43Z</time><sat>8</sat></trkpt>
  <trkpt lat="30.30392683" lon="120.12424032"><ele>97.492</ele><time>2026-09-03T12:04:46Z</time><sat>10</sat></trkpt>
  <trkpt lat="30.30392681" lon="120.12424047"><ele>97.515</ele><time>2026-09-03T12:04:49Z</time><sat>8</sat></trkpt>
  <trkpt lat="30.30392680" lon="120.12424060"><ele>97.535</ele><time>2026-09-03T12:04:52Z</time><sat>6</sat></trkpt>
  <trkpt lat="30.30392678" lon="120.12424070"><ele>97.544</ele><time>2026-09-03T12:04:55Z</time><sat>9</sat></trkpt>
  <trkpt lat="30.30392680" lon="120.12424074"><ele>97.567</ele><time>2026-09-03T12:04:58Z</time><sat>10</sat></trkpt>
  <trkpt lat="30.30392680" lon="120.12424075"><ele>97.566</ele><time>2026-09-03T12:05:01Z</time><sat>7</sat></trkpt>
  <trkpt lat="30.30392681" lon="120.12424077"><ele>97.567</ele><time>2026-09-03T12:05:04Z</time><sat>3</sat></trkpt>
  <trkpt lat="30.30392687" lon="120.12424074"><ele>97.576</ele><time>2026-09-03T12:05:07Z</time><sat>5</sat></trkpt>
  <trkpt lat="30.30392689" lon="120.12424074"><ele>97.580</ele><time>2026-09-03T12:05:10Z</time><sat>9</sat></trkpt>
  <trkpt lat="30.30392689" lon="120.12424077"><ele>97.579</ele><time>2026-09-03T12:05:13Z</time><sat>7</sat></trkpt>
  <trkpt lat="30.30392690" lon="120.12424076"><ele>97.581</ele><time>2026-09-03T12:05:16Z</time><sat>4</sat></trkpt>
  <trkpt lat="30.30392691" lon="120.12424077"><ele>97.583</ele><time>2026-09-03T12:05:19Z</time><sat>7</sat></trkpt>
  <trkpt lat="30.30392689" lon="120.12424082"><ele>97.580</ele><time>2026-09-03T12:05:22Z</time><sat>9</sat></trkpt>
  <trkpt lat="30.30392689" lon="120.12424083"><ele>97.580</ele><time>2026-09-03T12:05:25Z</time><sat>9</sat></trkpt>
  <trkpt lat="30.30392691" lon="120.12424083"><ele>97.588</ele><time>2026-09-03T12:05:28Z</time><sat>6</sat></trkpt>
  <trkpt lat="30.30392688" lon="120.12424091"><ele>97.582</ele><time>2026-09-03T12:05:31Z</time><sat>5</sat></trkpt>
  <trkpt lat="30.30392687" lon="120.12424095"><ele>97.580</ele><time>2026-09-03T12:05:34Z</time><sat>7</sat></trkpt>
  <trkpt lat="30.30392685" lon="120.12424099"><ele>97.578</ele><time>2026-09-03T12:05:37Z</time><sat>7</sat></trkpt>
  <trkpt lat="30.30392686" lon="120.12424101"><ele>97.582</ele><time>2026-09-03T12:05:40Z</time><sat>7</sat></trkpt>
  <trkpt lat="30.30392690" lon="120.12424099"><ele>97.591</ele><time>2026-09-03T12:05:43Z</time><sat>9</sat></trkpt>
  <trkpt lat="30.30392693" lon="120.12424101"><ele>97.603</ele><time>2026-09-03T12:05:46Z</time><sat>9</sat></trkpt>
  <trkpt lat="30.30392689" lon="120.12424105"><ele>97.596</ele><time>2026-09-03T12:05:49Z</time><sat>9</sat></trkpt>
  <trkpt lat="30.30392684" lon="120.12424120"><ele>97.585</ele><time>2026-09-03T12:05:52Z</time><sat>8</sat></trkpt>
  <trkpt lat="30.30392680" lon="120.12424129"><ele>97.582</ele><time>2026-09-03T12:05:55Z</time><sat>8</sat></trkpt>
  <trkpt lat="30.30392683" lon="120.12424131"><ele>97.591</ele><time>2026-09-03T12:05:58Z</time><sat>7</sat></trkpt>
  <trkpt lat="30.30392684" lon="120.12424134"><ele>97.589</ele><time>2026-09-03T12:06:01Z</time><sat>5</sat></trkpt>
  <trkpt lat="30.30392685" lon="120.12424139"><ele>97.588</ele><time>2026-09-03T12:06:04Z</time><sat>6</sat></trkpt>
  <trkpt lat="30.30392686" lon="120.12424144"><ele>97.589</ele><time>2026-09-03T12:06:07Z</time><sat>6</sat></trkpt>
  <trkpt lat="30.30392683" lon="120.12424150"><ele>97.580</ele><time>2026-09-03T12:06:10Z</time><sat>4</sat></trkpt>
  <trkpt lat="30.30392682" lon="120.12424161"><ele>97.583</ele><time>2026-09-03T12:06:13Z</time><sat>6</sat></trkpt>
  <trkpt lat="30.30392681" lon="120.12424167"><ele>97.582</ele><time>2026-09-03T12:06:16Z</time><sat>9</sat></trkpt>
  <trkpt lat="30.30392683" lon="120.12424171"><ele>97.603</ele><time>2026-09-03T12:06:19Z</time><sat>8</sat></trkpt>
  <trkpt lat="30.30392682" lon="120.12424178"><ele>97.620</ele><time>2026-09-03T12:06:22Z</time><sat>7</sat></trkpt>
  <trkpt lat="30.30392683" lon="120.12424185"><ele>97.635</ele><time>2026-09-03T12:06:25Z</time><sat>7</sat></trkpt>
  <trkpt lat="30.30392683" lon="120.12424192"><ele>97.651</ele><time>2026-09-03T12:06:28Z</time><sat>9</sat></trkpt>
  <trkpt lat="30.30392684" lon="120.12424197"><ele>97.652</ele><time>2026-09-03T12:06:31Z</time><sat>9</sat></trkpt>
  <trkpt lat="30.30392685" lon="120.12424200"><ele>97.660</ele><time>2026-09-03T12:06:34Z</time><sat>6</sat></trkpt>
  <trkpt lat="30.30392685" lon="120.12424207"><ele>97.672</ele><time>2026-09-03T12:06:37Z</time><sat>6</sat></trkpt>
  <trkpt lat="30.30392686" lon="120.12424210"><ele>97.675</ele><time>2026-09-03T12:06:40Z</time><sat>7</sat></trkpt>
  <trkpt lat="30.30392687" lon="120.12424216"><ele>97.683</ele><time>2026-09-03T12:06:43Z</time><sat>7</sat></trkpt>
  <trkpt lat="30.30392688" lon="120.12424221"><ele>97.686</ele><time>2026-09-03T12:06:46Z</time><sat>6</sat></trkpt>
  <trkpt lat="30.30392689" lon="120.12424225"><ele>97.687</ele><time>2026-09-03T12:06:49Z</time><sat>7</sat></trkpt>
  <trkpt lat="30.30392689" lon="120.12424231"><ele>97.696</ele><time>2026-09-03T12:06:52Z</time><sat>6</sat></trkpt>
  <trkpt lat="30.30392688" lon="120.12424243"><ele>97.735</ele><time>2026-09-03T12:06:55Z</time><sat>6</sat></trkpt>
  <trkpt lat="30.30392687" lon="120.12424255"><ele>97.761</ele><time>2026-09-03T12:06:58Z</time><sat>9</sat></trkpt>
  <trkpt lat="30.30392687" lon="120.12424267"><ele>97.785</ele><time>2026-09-03T12:07:01Z</time><sat>7</sat></trkpt>
  <trkpt lat="30.30392686" lon="120.12424282"><ele>97.831</ele><time>2026-09-03T12:07:04Z</time><sat>5</sat></trkpt>
  <trkpt lat="30.30392685" lon="120.12424291"><ele>97.849</ele><time>2026-09-03T12:07:07Z</time><sat>7</sat></trkpt>
  <trkpt lat="30.30392686" lon="120.12424297"><ele>97.873</ele><time>2026-09-03T12:07:10Z</time><sat>7</sat></trkpt>
  <trkpt lat="30.30392686" lon="120.12424305"><ele>97.893</ele><time>2026-09-03T12:07:13Z</time><sat>9</sat></trkpt>
  <trkpt lat="30.30392688" lon="120.12424313"><ele>97.924</ele><time>2026-09-03T12:07:16Z</time><sat>10</sat></trkpt>
  <trkpt lat="30.30392691" lon="120.12424319"><ele>97.960</ele><time>2026-09-03T12:07:19Z</time><sat>9</sat></trkpt>
  <trkpt lat="30.30392687" lon="120.12424328"><ele>97.975</ele><time>2026-09-03T12:07:22Z</time><sat>8</sat></trkpt>
  <trkpt lat="30.30392685" lon="120.12424337"><ele>97.998</ele><time>2026-09-03T12:07:25Z</time><sat>9</sat></trkpt>
  <trkpt lat="30.30392681" lon="120.12424347"><ele>98.020</ele><time>2026-09-03T12:07:28Z</time><sat>10</sat></trkpt>
  <trkpt lat="30.30392678" lon="120.12424357"><ele>98.038</ele><time>2026-09-03T12:07:31Z</time><sat>10</sat></trkpt>
  <trkpt lat="30.30392674" lon="120.12424368"><ele>98.045</ele><time>2026-09-03T12:07:34Z</time><sat>6</sat></trkpt>
  <trkpt lat="30.30392676" lon="120.12424367"><ele>98.049</ele><time>2026-09-03T12:07:37Z</time><sat>8</sat></trkpt>
  <trkpt lat="30.30392676" lon="120.12424370"><ele>98.053</ele><time>2026-09-03T12:07:40Z</time><sat>12</sat></trkpt>
  <trkpt lat="30.30392677" lon="120.12424371"><ele>98.059</ele><time>2026-09-03T12:07:43Z</time><sat>10</sat></trkpt>
  <trkpt lat="30.30392677" lon="120.12424375"><ele>98.072</ele><time>2026-09-03T12:07:46Z</time><sat>7</sat></trkpt>
  <trkpt lat="30.30392677" lon="120.12424385"><ele>98.100</ele><time>2026-09-03T12:07:49Z</time><sat>10</sat></trkpt>
  <trkpt lat="30.30392675" lon="120.12424395"><ele>98.125</ele><time>2026-09-03T12:07:52Z</time><sat>11</sat></trkpt>
  <trkpt lat="30.30392675" lon="120.12424406"><ele>98.151</ele><time>2026-09-03T12:07:55Z</time><sat>6</sat></trkpt>
  <trkpt lat="30.30392674" lon="120.12424416"><ele>98.179</ele><time>2026-09-03T12:07:58Z</time><sat>7</sat></trkpt>
  <trkpt lat="30.30392673" lon="120.12424428"><ele>98.209</ele><time>2026-09-03T12:08:01Z</time><sat>11</sat></trkpt>
  <trkpt lat="30.30392675" lon="120.12424441"><ele>98.241</ele><time>2026-09-03T12:08:04Z</time><sat>10</sat></trkpt>
  <trkpt lat="30.30392677" lon="120.12424452"><ele>98.281</ele><time>2026-09-03T12:08:07Z</time><sat>6</sat></trkpt>
  <trkpt lat="30.30392677" lon="120.12424464"><ele>98.309</ele><time>2026-09-03T12:08:10Z</time><sat>8</sat></trkpt>
  <trkpt lat="30.30392678" lon="120.12424477"><ele>98.341</ele><time>2026-09-03T12:08:13Z</time><sat>12</sat></trkpt>
  <trkpt lat="30.30392678" lon="120.12424492"><ele>98.363</ele><time>2026-09-03T12:08:16Z</time><sat>9</sat></trkpt>
  <trkpt lat="30.30392678" lon="120.12424505"><ele>98.386</ele><time>2026-09-03T12:08:19Z</time><sat>8</sat></trkpt>
  <trkpt lat="30.30392678" lon="120.12424517"><ele>98.410</ele><time>2026-09-03T12:08:22Z</time><sat>9</sat></trkpt>
  <trkpt lat="30.30392677" lon="120.12424527"><ele>98.430</ele><time>2026-09-03T12:08:25Z</time><sat>8</sat></trkpt>
  <trkpt lat="30.30392677" lon="120.12424539"><ele>98.458</ele><time>2026-09-03T12:08:28Z</time><sat>8</sat></trkpt>
  <trkpt lat="30.30392677" lon="120.12424550"><ele>98.473</ele><time>2026-09-03T12:08:31Z</time><sat>7</sat></trkpt>
  <trkpt lat="30.30392677" lon="120.12424562"><ele>98.497</ele><time>2026-09-03T12:08:34Z</time><sat>8</sat></trkpt>
  <trkpt lat="30.30392678" lon="120.12424571"><ele>98.514</ele><time>2026-09-03T12:08:37Z</time><sat>8</sat></trkpt>
  <trkpt lat="30.30392678" lon="120.12424582"><ele>98.539</ele><time>2026-09-03T12:08:40Z</time><sat>8</sat></trkpt>
  <trkpt lat="30.30392680" lon="120.12424584"><ele>98.531</ele><time>2026-09-03T12:08:43Z</time><sat>8</sat></trkpt>
  <trkpt lat="30.30392682" lon="120.12424584"><ele>98.529</ele><time>2026-09-03T12:08:46Z</time><sat>9</sat></trkpt>
  <trkpt lat="30.30392683" lon="120.12424586"><ele>98.534</ele><time>2026-09-03T12:08:49Z</time><sat>9</sat></trkpt>
  <trkpt lat="30.30392686" lon="120.12424585"><ele>98.540</ele><time>2026-09-03T12:08:52Z</time><sat>10</sat></trkpt>
  <trkpt lat="30.30392686" lon="120.12424585"><ele>98.541</ele><time>2026-09-03T12:08:55Z</time><sat>9</sat></trkpt>
  <trkpt lat="30.30392686" lon="120.12424583"><ele>98.548</ele><time>2026-09-03T12:08:58Z</time><sat>7</sat></trkpt>
  <trkpt lat="30.30392704" lon="120.12424529"><ele>98.719</ele><time>2026-09-03T12:09:01Z</time><sat>6</sat></trkpt>
  <trkpt lat="30.30392831" lon="120.12424379"><ele>99.290</ele><time>2026-09-03T12:09:04Z</time><sat>9</sat></trkpt>
  <trkpt lat="30.30392901" lon="120.12424296"><ele>99.290</ele><time>2026-09-03T12:09:07Z</time><sat>9</sat></trkpt>
  <trkpt lat="30.30392907" lon="120.12424290"><ele>99.314</ele><time>2026-09-03T12:09:13Z</time></trkpt>
  <trkpt lat="30.30392907" lon="120.12424289"><ele>99.315</ele><time>2026-09-03T12:09:17Z</time><sat>3</sat></trkpt>
  <trkpt lat="30.30453769" lon="120.12339537"><ele>81.639</ele><time>2026-09-03T12:09:20Z</time><sat>2</sat></trkpt>
  <trkpt lat="30.30382914" lon="120.12411263"><ele>127.247</ele><time>2026-09-03T13:17:41Z</time><sat>6</sat></trkpt>
  <trkpt lat="30.30390695" lon="120.12416548"><ele>123.506</ele><time>2026-09-03T13:17:44Z</time><sat>5</sat></trkpt>
  <trkpt lat="30.30383614" lon="120.12412307"><ele>123.658</ele><time>2026-09-03T13:17:47Z</time><sat>5</sat></trkpt>
  <trkpt lat="30.30384754" lon="120.12416610"><ele>125.256</ele><time>2026-09-03T13:17:50Z</time><sat>6</sat></trkpt>
  <trkpt lat="30.30384833" lon="120.12417600"><ele>124.481</ele><time>2026-09-03T13:17:53Z</time><sat>6</sat></trkpt>
  <trkpt lat="30.30382165" lon="120.12416692"><ele>125.135</ele><time>2026-09-03T13:17:56Z</time><sat>6</sat></trkpt>
  <trkpt lat="30.30382608" lon="120.12417634"><ele>125.269</ele><time>2026-09-03T13:17:59Z</time><sat>4</sat></trkpt>
  <trkpt lat="30.30382320" lon="120.12417579"><ele>125.486</ele><time>2026-09-03T13:18:02Z</time><sat>6</sat></trkpt>
  <trkpt lat="30.30382036" lon="120.12417328"><ele>125.435</ele><time>2026-09-03T13:18:05Z</time><sat>7</sat></trkpt>
  <trkpt lat="30.30381724" lon="120.12417084"><ele>125.458</ele><time>2026-09-03T13:18:08Z</time><sat>7</sat></trkpt>
  <trkpt lat="30.30381944" lon="120.12417373"><ele>125.612</ele><time>2026-09-03T13:18:11Z</time><sat>5</sat></trkpt>
  <trkpt lat="30.30381909" lon="120.12417341"><ele>125.605</ele><time>2026-09-03T13:18:14Z</time><sat>5</sat></trkpt>
  <trkpt lat="30.30381903" lon="120.12417335"><ele>125.605</ele><time>2026-09-03T13:18:17Z</time><sat>7</sat></trkpt>
  <trkpt lat="30.30381901" lon="120.12417309"><ele>125.585</ele><time>2026-09-03T13:18:20Z</time><sat>6</sat></trkpt>
  <trkpt lat="30.30381991" lon="120.12417396"><ele>125.623</ele><time>2026-09-03T13:18:23Z</time><sat>4</sat></trkpt>
  <trkpt lat="30.30381350" lon="120.12416902"><ele>125.512</ele><time>2026-09-03T13:18:26Z</time><sat>5</sat></trkpt>
  <trkpt lat="30.30381347" lon="120.12416890"><ele>125.516</ele><time>2026-09-03T13:18:29Z</time><sat>7</sat></trkpt>
  <trkpt lat="30.30383476" lon="120.12418648"><ele>126.069</ele><time>2026-09-03T13:18:32Z</time><sat>6</sat></trkpt>
  <trkpt lat="30.30386409" lon="120.12421152"><ele>126.826</ele><time>2026-09-03T13:18:35Z</time><sat>6</sat></trkpt>
  <trkpt lat="30.30386397" lon="120.12421133"><ele>126.815</ele><time>2026-09-03T13:18:38Z</time><sat>6</sat></trkpt>
  <trkpt lat="30.30386568" lon="120.12421281"><ele>126.907</ele><time>2026-09-03T13:18:41Z</time><sat>6</sat></trkpt>
  <trkpt lat="30.30386514" lon="120.12421186"><ele>126.893</ele><time>2026-09-03T13:18:44Z</time><sat>5</sat></trkpt>
  <trkpt lat="30.30387095" lon="120.12421638"><ele>127.024</ele><time>2026-09-03T13:18:47Z</time><sat>6</sat></trkpt>
  <trkpt lat="30.30387048" lon="120.12421593"><ele>127.022</ele><time>2026-09-03T13:18:50Z</time><sat>5</sat></trkpt>
  <trkpt lat="30.30387085" lon="120.12421625"><ele>127.043</ele><time>2026-09-03T13:18:53Z</time><sat>4</sat></trkpt>
  <trkpt lat="30.30387015" lon="120.12421622"><ele>127.078</ele><time>2026-09-03T13:18:56Z</time><sat>4</sat></trkpt>
  <trkpt lat="30.30387088" lon="120.12421701"><ele>127.084</ele><time>2026-09-03T13:18:59Z</time><sat>5</sat></trkpt>
  <trkpt lat="30.30387074" lon="120.12421705"><ele>127.075</ele><time>2026-09-03T13:19:02Z</time><sat>6</sat></trkpt>
  <trkpt lat="30.30387151" lon="120.12421704"><ele>127.049</ele><time>2026-09-03T13:19:05Z</time><sat>5</sat></trkpt>
  <trkpt lat="30.30387472" lon="120.12421708"><ele>126.927</ele><time>2026-09-03T13:19:08Z</time><sat>4</sat></trkpt>
  <trkpt lat="30.30387465" lon="120.12421707"><ele>126.743</ele><time>2026-09-03T13:19:11Z</time><sat>5</sat></trkpt>
  <trkpt lat="30.30387341" lon="120.12420939"><ele>126.710</ele><time>2026-09-03T13:19:14Z</time><sat>7</sat></trkpt>
  <trkpt lat="30.30387283" lon="120.12420907"><ele>126.663</ele><time>2026-09-03T13:19:17Z</time><sat>7</sat></trkpt>
  <trkpt lat="30.30387133" lon="120.12420375"><ele>126.311</ele><time>2026-09-03T13:19:20Z</time><sat>4</sat></trkpt>
  <trkpt lat="30.30387115" lon="120.12420099"><ele>126.567</ele><time>2026-09-03T13:19:23Z</time><sat>5</sat></trkpt>
  <trkpt lat="30.30387193" lon="120.12420592"><ele>126.646</ele><time>2026-09-03T13:19:26Z</time><sat>6</sat></trkpt>
  <trkpt lat="30.30387570" lon="120.12421992"><ele>127.199</ele><time>2026-09-03T13:19:29Z</time><sat>6</sat></trkpt>
  <trkpt lat="30.30386834" lon="120.12419684"><ele>126.874</ele><time>2026-09-03T13:19:32Z</time><sat>6</sat></trkpt>
  <trkpt lat="30.30386556" lon="120.12419026"><ele>126.692</ele><time>2026-09-03T13:19:35Z</time><sat>8</sat></trkpt>
  <trkpt lat="30.30387298" lon="120.12419066"><ele>126.627</ele><time>2026-09-03T13:19:38Z</time><sat>7</sat></trkpt>
  <trkpt lat="30.30387348" lon="120.12419334"><ele>126.548</ele><time>2026-09-03T13:19:41Z</time><sat>7</sat></trkpt>
  <trkpt lat="30.30387341" lon="120.12419329"><ele>126.544</ele><time>2026-09-03T13:19:44Z</time><sat>8</sat></trkpt>
  <trkpt lat="30.30387296" lon="120.12419321"><ele>126.511</ele><time>2026-09-03T13:19:47Z</time><sat>5</sat></trkpt>
  <trkpt lat="30.30388035" lon="120.12420222"><ele>126.787</ele><time>2026-09-03T13:19:50Z</time><sat>3</sat></trkpt>
  <trkpt lat="30.30388010" lon="120.12420203"><ele>126.779</ele><time>2026-09-03T13:19:53Z</time><sat>7</sat></trkpt>
  <trkpt lat="30.30388009" lon="120.12420181"><ele>126.790</ele><time>2026-09-03T13:19:56Z</time><sat>7</sat></trkpt>
  <trkpt lat="30.30387982" lon="120.12420154"><ele>126.776</ele><time>2026-09-03T13:19:59Z</time><sat>4</sat></trkpt>
  <trkpt lat="30.30388155" lon="120.12420299"><ele>126.831</ele><time>2026-09-03T13:20:02Z</time><sat>4</sat></trkpt>
  <trkpt lat="30.30388148" lon="120.12420289"><ele>126.831</ele><time>2026-09-03T13:20:05Z</time><sat>5</sat></trkpt>
  <trkpt lat="30.30388140" lon="120.12420262"><ele>126.822</ele><time>2026-09-03T13:20:08Z</time><sat>5</sat></trkpt>
  <trkpt lat="30.30388139" lon="120.12420261"><ele>126.822</ele><time>2026-09-03T13:20:11Z</time><sat>4</sat></trkpt>
  <trkpt lat="30.30388157" lon="120.12420284"><ele>126.826</ele><time>2026-09-03T13:20:14Z</time><sat>4</sat></trkpt>
  <trkpt lat="30.30388149" lon="120.12420275"><ele>126.822</ele><time>2026-09-03T13:20:17Z</time><sat>4</sat></trkpt>
  <trkpt lat="30.30388142" lon="120.12420255"><ele>126.804</ele><time>2026-09-03T13:20:20Z</time><sat>4</sat></trkpt>
  <trkpt lat="30.30388258" lon="120.12420370"><ele>126.841</ele><time>2026-09-03T13:20:23Z</time><sat>5</sat></trkpt>
  <trkpt lat="30.30388251" lon="120.12420364"><ele>126.838</ele><time>2026-09-03T13:20:26Z</time><sat>6</sat></trkpt>
  <trkpt lat="30.30388212" lon="120.12420313"><ele>126.814</ele><time>2026-09-03T13:20:29Z</time><sat>4</sat></trkpt>
  <trkpt lat="30.30388218" lon="120.12420323"><ele>126.817</ele><time>2026-09-03T13:20:32Z</time><sat>5</sat></trkpt>
  <trkpt lat="30.30388215" lon="120.12420321"><ele>126.817</ele><time>2026-09-03T13:20:35Z</time><sat>5</sat></trkpt>
  <trkpt lat="30.30388215" lon="120.12420321"><ele>126.817</ele><time>2026-09-03T13:20:38Z</time><sat>4</sat></trkpt>
  <trkpt lat="30.30389018" lon="120.12418451"><ele>127.663</ele><time>2026-09-03T13:21:00Z</time><sat>3</sat></trkpt>
  <trkpt lat="30.30389041" lon="120.12418502"><ele>127.664</ele><time>2026-09-03T13:21:03Z</time><sat>4</sat></trkpt>
  <trkpt lat="30.30389045" lon="120.12418521"><ele>127.659</ele><time>2026-09-03T13:21:06Z</time><sat>5</sat></trkpt>
  <trkpt lat="30.30389056" lon="120.12418562"><ele>127.648</ele><time>2026-09-03T13:21:09Z</time><sat>5</sat></trkpt>
  <trkpt lat="30.30389052" lon="120.12418597"><ele>127.628</ele><time>2026-09-03T13:21:12Z</time><sat>5</sat></trkpt>
  <trkpt lat="30.30390539" lon="120.12419529"><ele>128.116</ele><time>2026-09-03T13:21:15Z</time><sat>5</sat></trkpt>
  <trkpt lat="30.30390627" lon="120.12419545"><ele>128.197</ele><time>2026-09-03T13:21:18Z</time><sat>7</sat></trkpt>
  <trkpt lat="30.30390717" lon="120.12419594"><ele>128.232</ele><time>2026-09-03T13:21:21Z</time><sat>6</sat></trkpt>
  <trkpt lat="30.30390814" lon="120.12419703"><ele>128.231</ele><time>2026-09-03T13:21:24Z</time><sat>5</sat></trkpt>
  <trkpt lat="30.30390808" lon="120.12419763"><ele>128.167</ele><time>2026-09-03T13:21:27Z</time><sat>6</sat></trkpt>
  <trkpt lat="30.30390877" lon="120.12419742"><ele>128.215</ele><time>2026-09-03T13:21:30Z</time><sat>7</sat></trkpt>
  <trkpt lat="30.30390925" lon="120.12419816"><ele>128.208</ele><time>2026-09-03T13:21:33Z</time><sat>8</sat></trkpt>
  <trkpt lat="30.30390902" lon="120.12419822"><ele>128.185</ele><time>2026-09-03T13:21:36Z</time><sat>6</sat></trkpt>
  <trkpt lat="30.30390975" lon="120.12419868"><ele>128.206</ele><time>2026-09-03T13:21:39Z</time><sat>4</sat></trkpt>
  <trkpt lat="30.30390966" lon="120.12419870"><ele>128.200</ele><time>2026-09-03T13:21:42Z</time><sat>5</sat></trkpt>
  <trkpt lat="30.30390976" lon="120.12419932"><ele>128.151</ele><time>2026-09-03T13:21:45Z</time><sat>6</sat></trkpt>
  <trkpt lat="30.30390972" lon="120.12419914"><ele>128.157</ele><time>2026-09-03T13:21:48Z</time><sat>5</sat></trkpt>
  <trkpt lat="30.30390978" lon="120.12419931"><ele>128.147</ele><time>2026-09-03T13:21:51Z</time><sat>3</sat></trkpt>
  <trkpt lat="30.30390980" lon="120.12419948"><ele>128.140</ele><time>2026-09-03T13:21:54Z</time><sat>4</sat></trkpt>
  <trkpt lat="30.30390993" lon="120.12419954"><ele>128.147</ele><time>2026-09-03T13:21:57Z</time><sat>6</sat></trkpt>
  <trkpt lat="30.30390992" lon="120.12419913"><ele>128.189</ele><time>2026-09-03T13:22:00Z</time><sat>5</sat></trkpt>
  <trkpt lat="30.30390992" lon="120.12419892"><ele>128.215</ele><time>2026-09-03T13:22:03Z</time><sat>4</sat></trkpt>
  <trkpt lat="30.30390995" lon="120.12419898"><ele>128.209</ele><time>2026-09-03T13:22:06Z</time><sat>5</sat></trkpt>
  <trkpt lat="30.30390983" lon="120.12419893"><ele>128.199</ele><time>2026-09-03T13:22:09Z</time><sat>6</sat></trkpt>
  <trkpt lat="30.30390978" lon="120.12419904"><ele>128.183</ele><time>2026-09-03T13:22:12Z</time><sat>4</sat></trkpt>
  <trkpt lat="30.30390972" lon="120.12419878"><ele>128.201</ele><time>2026-09-03T13:22:15Z</time><sat>3</sat></trkpt>
  <trkpt lat="30.30390963" lon="120.12419866"><ele>128.198</ele><time>2026-09-03T13:22:18Z</time><sat>4</sat></trkpt>
  <trkpt lat="30.30390976" lon="120.12419923"><ele>128.157</ele><time>2026-09-03T13:22:21Z</time><sat>6</sat></trkpt>
  <trkpt lat="30.30390981" lon="120.12419926"><ele>128.159</ele><time>2026-09-03T13:22:24Z</time><sat>4</sat></trkpt>
  <trkpt lat="30.30391575" lon="120.12417998"><ele>128.635</ele><time>2026-09-03T13:22:47Z</time><sat>2</sat></trkpt>
  <trkpt lat="30.30391713" lon="120.12418000"><ele>128.966</ele><time>2026-09-03T13:22:50Z</time><sat>3</sat></trkpt>
  <trkpt lat="30.30391724" lon="120.12418015"><ele>128.986</ele><time>2026-09-03T13:22:53Z</time><sat>7</sat></trkpt>
  <trkpt lat="30.30450249" lon="120.12370778"><ele>137.297</ele><time>2026-09-03T13:22:56Z</time><sat>5</sat></trkpt>
  <trkpt lat="30.30391344" lon="120.12417492"><ele>127.923</ele><time>2026-09-03T13:22:59Z</time><sat>3</sat></trkpt>
  <trkpt lat="30.30391305" lon="120.12417184"><ele>127.741</ele><time>2026-09-03T13:23:02Z</time><sat>4</sat></trkpt>
  <trkpt lat="30.30391299" lon="120.12417160"><ele>127.722</ele><time>2026-09-03T13:23:05Z</time><sat>7</sat></trkpt>
  <trkpt lat="30.30391324" lon="120.12417330"><ele>127.823</ele><time>2026-09-03T13:23:08Z</time><sat>5</sat></trkpt>
  <trkpt lat="30.30391401" lon="120.12417258"><ele>127.982</ele><time>2026-09-03T13:23:11Z</time><sat>2</sat></trkpt>
  <trkpt lat="30.30391399" lon="120.12417259"><ele>127.975</ele><time>2026-09-03T13:23:14Z</time><sat>6</sat></trkpt>
  <trkpt lat="30.30391405" lon="120.12417267"><ele>127.983</ele><time>2026-09-03T13:23:17Z</time><sat>6</sat></trkpt>
  <trkpt lat="30.30391388" lon="120.12417142"><ele>127.909</ele><time>2026-09-03T13:23:20Z</time><sat>3</sat></trkpt>
  <trkpt lat="30.30391112" lon="120.12417520"><ele>127.316</ele><time>2026-09-03T13:23:23Z</time><sat>3</sat></trkpt>
  <trkpt lat="30.30391112" lon="120.12417522"><ele>127.316</ele><time>2026-09-03T13:23:26Z</time><sat>5</sat></trkpt>
  <trkpt lat="30.30391115" lon="120.12417529"><ele>127.337</ele><time>2026-09-03T13:23:29Z</time><sat>4</sat></trkpt>
  <trkpt lat="30.30391097" lon="120.12417469"><ele>127.287</ele><time>2026-09-03T13:23:32Z</time><sat>4</sat></trkpt>
  <trkpt lat="30.30391103" lon="120.12417472"><ele>127.279</ele><time>2026-09-03T13:23:35Z</time><sat>7</sat></trkpt>
  <trkpt lat="30.30391108" lon="120.12417477"><ele>127.281</ele><time>2026-09-03T13:23:38Z</time><sat>8</sat></trkpt>
  <trkpt lat="30.30391120" lon="120.12417485"><ele>127.296</ele><time>2026-09-03T13:23:41Z</time><sat>5</sat></trkpt>
  <trkpt lat="30.30391113" lon="120.12417484"><ele>127.291</ele><time>2026-09-03T13:23:44Z</time><sat>5</sat></trkpt>
  <trkpt lat="30.30391098" lon="120.12417477"><ele>127.237</ele><time>2026-09-03T13:23:47Z</time><sat>5</sat></trkpt>
  <trkpt lat="30.30391099" lon="120.12417480"><ele>127.271</ele><time>2026-09-03T13:23:50Z</time><sat>5</sat></trkpt>
  <trkpt lat="30.30391101" lon="120.12417479"><ele>127.280</ele><time>2026-09-03T13:23:53Z</time><sat>5</sat></trkpt>
  <trkpt lat="30.30391095" lon="120.12417475"><ele>127.289</ele><time>2026-09-03T13:23:56Z</time><sat>4</sat></trkpt>
  <trkpt lat="30.30391043" lon="120.12417437"><ele>127.127</ele><time>2026-09-03T13:23:59Z</time><sat>6</sat></trkpt>
  <trkpt lat="30.30391066" lon="120.12417444"><ele>127.099</ele><time>2026-09-03T13:24:02Z</time><sat>7</sat></trkpt>
  <trkpt lat="30.30391051" lon="120.12417381"><ele>126.992</ele><time>2026-09-03T13:24:05Z</time><sat>5</sat></trkpt>
  <trkpt lat="30.30390606" lon="120.12417015"><ele>124.886</ele><time>2026-09-03T13:24:08Z</time><sat>5</sat></trkpt>
  <trkpt lat="30.30390581" lon="120.12416994"><ele>124.849</ele><time>2026-09-03T13:24:11Z</time><sat>6</sat></trkpt>
  <trkpt lat="30.30390581" lon="120.12416994"><ele>124.849</ele><time>2026-09-03T13:24:14Z</time><sat>5</sat></trkpt>
  <trkpt lat="30.30390576" lon="120.12416997"><ele>124.836</ele><time>2026-09-03T13:24:17Z</time><sat>3</sat></trkpt>
  <trkpt lat="30.30390576" lon="120.12416997"><ele>124.836</ele><time>2026-09-03T13:24:20Z</time><sat>3</sat></trkpt>
  <trkpt lat="30.30389601" lon="120.12416562"><ele>123.313</ele><time>2026-09-03T13:24:23Z</time><sat>3</sat></trkpt>
  <trkpt lat="30.30389599" lon="120.12416564"><ele>123.305</ele><time>2026-09-03T13:24:26Z</time><sat>4</sat></trkpt>
  <trkpt lat="30.30389591" lon="120.12416562"><ele>123.296</ele><time>2026-09-03T13:24:29Z</time><sat>5</sat></trkpt>
  <trkpt lat="30.30389050" lon="120.12416329"><ele>122.432</ele><time>2026-09-03T13:24:32Z</time><sat>3</sat></trkpt>
  <trkpt lat="30.30387144" lon="120.12416750"><ele>122.743</ele><time>2026-09-03T13:24:35Z</time><sat>4</sat></trkpt>
  <trkpt lat="30.30386989" lon="120.12416660"><ele>122.637</ele><time>2026-09-03T13:24:38Z</time><sat>6</sat></trkpt>
  <trkpt lat="30.30386892" lon="120.12416701"><ele>122.636</ele><time>2026-09-03T13:24:41Z</time><sat>6</sat></trkpt>
  <trkpt lat="30.30386846" lon="120.12416692"><ele>122.628</ele><time>2026-09-03T13:24:44Z</time><sat>5</sat></trkpt>
  <trkpt lat="30.30386947" lon="120.12416666"><ele>122.621</ele><time>2026-09-03T13:24:47Z</time><sat>4</sat></trkpt>
  <trkpt lat="30.30386951" lon="120.12416668"><ele>122.619</ele><time>2026-09-03T13:24:50Z</time><sat>4</sat></trkpt>
  <trkpt lat="30.30386978" lon="120.12416659"><ele>122.627</ele><time>2026-09-03T13:24:53Z</time><sat>4</sat></trkpt>
  <trkpt lat="30.30386960" lon="120.12416659"><ele>122.627</ele><time>2026-09-03T13:24:56Z</time><sat>4</sat></trkpt>
  <trkpt lat="30.30386960" lon="120.12416659"><ele>122.627</ele><time>2026-09-03T13:24:59Z</time><sat>2</sat></trkpt>
  <trkpt lat="30.30389623" lon="120.12412674"><ele>124.362</ele><time>2026-09-03T13:25:44Z</time><sat>2</sat></trkpt>
  <trkpt lat="30.30418010" lon="120.12364319"><ele>111.419</ele><time>2026-09-03T13:26:37Z</time><sat>4</sat></trkpt>
  <trkpt lat="30.30409036" lon="120.12360476"><ele>90.298</ele><time>2026-09-03T13:26:40Z</time><sat>3</sat></trkpt>
  <trkpt lat="30.30409295" lon="120.12360674"><ele>90.798</ele><time>2026-09-03T13:26:43Z</time><sat>4</sat></trkpt>
  <trkpt lat="30.30409295" lon="120.12360674"><ele>90.798</ele><time>2026-09-03T13:26:46Z</time><sat>5</sat></trkpt>
  <trkpt lat="30.30408963" lon="120.12361978"><ele>90.944</ele><time>2026-09-03T13:26:49Z</time><sat>2</sat></trkpt>
  <trkpt lat="30.30408518" lon="120.12363315"><ele>91.528</ele><time>2026-09-03T13:26:52Z</time><sat>2</sat></trkpt>
  <trkpt lat="30.30408297" lon="120.12364622"><ele>93.498</ele><time>2026-09-03T13:26:55Z</time><sat>4</sat></trkpt>
  <trkpt lat="30.30408146" lon="120.12364880"><ele>94.129</ele><time>2026-09-03T13:26:58Z</time><sat>5</sat></trkpt>
  <trkpt lat="30.30407396" lon="120.12364916"><ele>93.522</ele><time>2026-09-03T13:27:03Z</time><sat>4</sat></trkpt>
  <trkpt lat="30.30398217" lon="120.12388854"><ele>119.149</ele><time>2026-09-03T13:27:35Z</time><sat>3</sat></trkpt>
  <trkpt lat="30.30398097" lon="120.12395678"><ele>121.496</ele><time>2026-09-03T13:27:38Z</time><sat>4</sat></trkpt>
  <trkpt lat="30.30394493" lon="120.12396248"><ele>118.527</ele><time>2026-09-03T13:27:41Z</time><sat>5</sat></trkpt>
  <trkpt lat="30.30391405" lon="120.12405166"><ele>117.647</ele><time>2026-09-03T13:27:44Z</time><sat>4</sat></trkpt>
  <trkpt lat="30.30391811" lon="120.12409805"><ele>120.064</ele><time>2026-09-03T13:27:47Z</time><sat>3</sat></trkpt>
  <trkpt lat="30.30391508" lon="120.12410625"><ele>120.940</ele><time>2026-09-03T13:27:50Z</time><sat>4</sat></trkpt>
  <trkpt lat="30.30390818" lon="120.12409385"><ele>122.646</ele><time>2026-09-03T13:27:53Z</time><sat>3</sat></trkpt>
  <trkpt lat="30.30390818" lon="120.12409385"><ele>122.646</ele><time>2026-09-03T13:27:56Z</time><sat>3</sat></trkpt>
  <trkpt lat="30.30390825" lon="120.12409692"><ele>123.296</ele><time>2026-09-03T13:27:59Z</time><sat>4</sat></trkpt>
  <trkpt lat="30.30390614" lon="120.12409460"><ele>123.727</ele><time>2026-09-03T13:28:03Z</time><sat>3</sat></trkpt>
  <trkpt lat="30.30380801" lon="120.12414570"><ele>137.050</ele><time>2026-09-03T13:28:20Z</time><sat>4</sat></trkpt>
  <trkpt lat="30.30379499" lon="120.12415644"><ele>139.000</ele><time>2026-09-03T13:28:23Z</time><sat>4</sat></trkpt>
  <trkpt lat="30.30378196" lon="120.12417399"><ele>136.402</ele><time>2026-09-03T13:28:26Z</time><sat>5</sat></trkpt>
  <trkpt lat="30.30376341" lon="120.12415328"><ele>134.511</ele><time>2026-09-03T13:28:29Z</time><sat>5</sat></trkpt>
  <trkpt lat="30.30376349" lon="120.12415348"><ele>134.567</ele><time>2026-09-03T13:28:32Z</time><sat>6</sat></trkpt>
  <trkpt lat="30.30376049" lon="120.12416182"><ele>134.140</ele><time>2026-09-03T13:28:35Z</time><sat>5</sat></trkpt>
  <trkpt lat="30.30376049" lon="120.12416181"><ele>134.135</ele><time>2026-09-03T13:28:38Z</time><sat>3</sat></trkpt>
  <trkpt lat="30.30375653" lon="120.12416182"><ele>134.833</ele><time>2026-09-03T13:28:41Z</time><sat>4</sat></trkpt>
  <trkpt lat="30.30375599" lon="120.12416179"><ele>134.922</ele><time>2026-09-03T13:28:44Z</time><sat>3</sat></trkpt>
  <trkpt lat="30.30375559" lon="120.12416345"><ele>134.766</ele><time>2026-09-03T13:28:47Z</time><sat>2</sat></trkpt>
  <trkpt lat="30.30375508" lon="120.12416345"><ele>134.839</ele><time>2026-09-03T13:28:50Z</time><sat>3</sat></trkpt>
  <trkpt lat="30.30379013" lon="120.12413156"><ele>131.427</ele><time>2026-09-03T13:29:16Z</time><sat>3</sat></trkpt>
  <trkpt lat="30.30378829" lon="120.12413200"><ele>131.631</ele><time>2026-09-03T13:29:19Z</time><sat>3</sat></trkpt>
  <trkpt lat="30.30378713" lon="120.12413311"><ele>131.541</ele><time>2026-09-03T13:29:22Z</time><sat>3</sat></trkpt>
  <trkpt lat="30.30382687" lon="120.12409409"><ele>130.396</ele><time>2026-09-03T13:29:59Z</time><sat>4</sat></trkpt>
  <trkpt lat="30.30382591" lon="120.12409785"><ele>130.510</ele><time>2026-09-03T13:30:02Z</time><sat>4</sat></trkpt>
  <trkpt lat="30.30382592" lon="120.12409799"><ele>130.483</ele><time>2026-09-03T13:30:05Z</time><sat>6</sat></trkpt>
  <trkpt lat="30.30382575" lon="120.12409786"><ele>130.462</ele><time>2026-09-03T13:30:08Z</time><sat>6</sat></trkpt>
  <trkpt lat="30.30382571" lon="120.12409814"><ele>130.451</ele><time>2026-09-03T13:30:11Z</time><sat>4</sat></trkpt>
  <trkpt lat="30.30382764" lon="120.12409933"><ele>130.183</ele><time>2026-09-03T13:30:14Z</time><sat>3</sat></trkpt>
  <trkpt lat="30.30382752" lon="120.12410032"><ele>130.139</ele><time>2026-09-03T13:30:17Z</time><sat>3</sat></trkpt>
  <trkpt lat="30.30382749" lon="120.12410055"><ele>130.122</ele><time>2026-09-03T13:30:20Z</time><sat>4</sat></trkpt>
  <trkpt lat="30.30382829" lon="120.12410077"><ele>130.008</ele><time>2026-09-03T13:30:23Z</time><sat>4</sat></trkpt>
  <trkpt lat="30.30382835" lon="120.12410141"><ele>129.958</ele><time>2026-09-03T13:30:26Z</time><sat>4</sat></trkpt>
  <trkpt lat="30.30382522" lon="120.12409782"><ele>130.757</ele><time>2026-09-03T13:30:29Z</time><sat>5</sat></trkpt>
  <trkpt lat="30.30382563" lon="120.12409818"><ele>130.627</ele><time>2026-09-03T13:30:32Z</time><sat>5</sat></trkpt>
  <trkpt lat="30.30382564" lon="120.12409903"><ele>130.415</ele><time>2026-09-03T13:30:35Z</time><sat>7</sat></trkpt>
  <trkpt lat="30.30381810" lon="120.12409765"><ele>131.184</ele><time>2026-09-03T13:30:38Z</time><sat>5</sat></trkpt>
  <trkpt lat="30.30381925" lon="120.12409710"><ele>131.099</ele><time>2026-09-03T13:30:41Z</time><sat>5</sat></trkpt>
  <trkpt lat="30.30381910" lon="120.12409731"><ele>131.066</ele><time>2026-09-03T13:30:44Z</time><sat>7</sat></trkpt>
  <trkpt lat="30.30381916" lon="120.12409765"><ele>131.018</ele><time>2026-09-03T13:30:47Z</time><sat>7</sat></trkpt>
  <trkpt lat="30.30382626" lon="120.12410010"><ele>130.087</ele><time>2026-09-03T13:30:50Z</time><sat>5</sat></trkpt>
  <trkpt lat="30.30382641" lon="120.12410085"><ele>130.381</ele><time>2026-09-03T13:30:53Z</time><sat>5</sat></trkpt>
  <trkpt lat="30.30383092" lon="120.12410337"><ele>129.747</ele><time>2026-09-03T13:30:56Z</time><sat>7</sat></trkpt>
  <trkpt lat="30.30383159" lon="120.12410452"><ele>129.591</ele><time>2026-09-03T13:30:59Z</time><sat>8</sat></trkpt>
  <trkpt lat="30.30383147" lon="120.12410481"><ele>129.349</ele><time>2026-09-03T13:31:02Z</time><sat>6</sat></trkpt>
  <trkpt lat="30.30383262" lon="120.12410382"><ele>129.415</ele><time>2026-09-03T13:31:05Z</time><sat>4</sat></trkpt>
  <trkpt lat="30.30383515" lon="120.12410863"><ele>128.883</ele><time>2026-09-03T13:31:08Z</time><sat>4</sat></trkpt>
  <trkpt lat="30.30383543" lon="120.12410831"><ele>128.886</ele><time>2026-09-03T13:31:11Z</time><sat>7</sat></trkpt>
  <trkpt lat="30.30384250" lon="120.12411203"><ele>128.326</ele><time>2026-09-03T13:31:14Z</time><sat>6</sat></trkpt>
  <trkpt lat="30.30384248" lon="120.12411237"><ele>128.281</ele><time>2026-09-03T13:31:17Z</time><sat>5</sat></trkpt>
  <trkpt lat="30.30383975" lon="120.12411167"><ele>128.438</ele><time>2026-09-03T13:31:20Z</time><sat>6</sat></trkpt>
  <trkpt lat="30.30383967" lon="120.12411156"><ele>128.390</ele><time>2026-09-03T13:31:23Z</time><sat>5</sat></trkpt>
  <trkpt lat="30.30384202" lon="120.12410973"><ele>128.491</ele><time>2026-09-03T13:31:26Z</time><sat>4</sat></trkpt>
  <trkpt lat="30.30384179" lon="120.12410990"><ele>128.254</ele><time>2026-09-03T13:31:29Z</time><sat>5</sat></trkpt>
  <trkpt lat="30.30384147" lon="120.12410991"><ele>128.232</ele><time>2026-09-03T13:31:32Z</time><sat>6</sat></trkpt>
  <trkpt lat="30.30384152" lon="120.12411000"><ele>128.226</ele><time>2026-09-03T13:31:35Z</time><sat>5</sat></trkpt>
  <trkpt lat="30.30384041" lon="120.12411048"><ele>128.236</ele><time>2026-09-03T13:31:38Z</time><sat>3</sat></trkpt>
  <trkpt lat="30.30384003" lon="120.12411103"><ele>128.227</ele><time>2026-09-03T13:31:41Z</time><sat>5</sat></trkpt>
  <trkpt lat="30.30384006" lon="120.12411184"><ele>128.146</ele><time>2026-09-03T13:31:44Z</time><sat>5</sat></trkpt>
  <trkpt lat="30.30384008" lon="120.12411189"><ele>128.142</ele><time>2026-09-03T13:31:47Z</time><sat>3</sat></trkpt>
  <trkpt lat="30.30384000" lon="120.12411183"><ele>128.140</ele><time>2026-09-03T13:31:50Z</time><sat>3</sat></trkpt>
  <trkpt lat="30.30383958" lon="120.12411238"><ele>128.135</ele><time>2026-09-03T13:31:53Z</time><sat>4</sat></trkpt>
  <trkpt lat="30.30383871" lon="120.12411224"><ele>128.240</ele><time>2026-09-03T13:31:56Z</time><sat>4</sat></trkpt>
  <trkpt lat="30.30383858" lon="120.12411263"><ele>128.226</ele><time>2026-09-03T13:31:59Z</time><sat>3</sat></trkpt>
  <trkpt lat="30.30383809" lon="120.12411312"><ele>128.652</ele><time>2026-09-03T13:32:02Z</time><sat>4</sat></trkpt>
  <trkpt lat="30.30383809" lon="120.12411312"><ele>128.652</ele><time>2026-09-03T13:32:05Z</time><sat>5</sat></trkpt>
  <trkpt lat="30.30383959" lon="120.12411401"><ele>128.470</ele><time>2026-09-03T13:32:08Z</time><sat>5</sat></trkpt>
  <trkpt lat="30.30383771" lon="120.12411382"><ele>128.040</ele><time>2026-09-03T13:32:11Z</time><sat>4</sat></trkpt>
  <trkpt lat="30.30383719" lon="120.12411437"><ele>128.316</ele><time>2026-09-03T13:32:14Z</time><sat>4</sat></trkpt>
  <trkpt lat="30.30384128" lon="120.12412250"><ele>127.098</ele><time>2026-09-03T13:32:17Z</time><sat>5</sat></trkpt>
  <trkpt lat="30.30384323" lon="120.12412344"><ele>126.889</ele><time>2026-09-03T13:32:20Z</time><sat>7</sat></trkpt>
  <trkpt lat="30.30384324" lon="120.12412362"><ele>126.852</ele><time>2026-09-03T13:32:23Z</time><sat>5</sat></trkpt>
  <trkpt lat="30.30384350" lon="120.12412396"><ele>127.067</ele><time>2026-09-03T13:32:26Z</time><sat>4</sat></trkpt>
  <trkpt lat="30.30384373" lon="120.12412525"><ele>126.905</ele><time>2026-09-03T13:32:29Z</time><sat>6</sat></trkpt>
  <trkpt lat="30.30384384" lon="120.12412539"><ele>126.628</ele><time>2026-09-03T13:32:32Z</time><sat>7</sat></trkpt>
  <trkpt lat="30.30384632" lon="120.12412896"><ele>125.854</ele><time>2026-09-03T13:32:35Z</time><sat>6</sat></trkpt>
  <trkpt lat="30.30384614" lon="120.12412881"><ele>125.864</ele><time>2026-09-03T13:32:38Z</time><sat>6</sat></trkpt>
  <trkpt lat="30.30384647" lon="120.12412886"><ele>125.004</ele><time>2026-09-03T13:32:41Z</time><sat>5</sat></trkpt>
  <trkpt lat="30.30384702" lon="120.12413110"><ele>125.552</ele><time>2026-09-03T13:32:44Z</time><sat>6</sat></trkpt>
  <trkpt lat="30.30384716" lon="120.12413137"><ele>125.517</ele><time>2026-09-03T13:32:47Z</time><sat>7</sat></trkpt>
  <trkpt lat="30.30384692" lon="120.12413100"><ele>125.526</ele><time>2026-09-03T13:32:50Z</time><sat>5</sat></trkpt>
  <trkpt lat="30.30384566" lon="120.12413074"><ele>125.235</ele><time>2026-09-03T13:32:53Z</time><sat>5</sat></trkpt>
  <trkpt lat="30.30384544" lon="120.12413049"><ele>125.246</ele><time>2026-09-03T13:32:56Z</time><sat>6</sat></trkpt>
  <trkpt lat="30.30384552" lon="120.12413065"><ele>125.246</ele><time>2026-09-03T13:32:59Z</time><sat>5</sat></trkpt>
  <trkpt lat="30.30384549" lon="120.12413066"><ele>125.246</ele><time>2026-09-03T13:33:02Z</time><sat>4</sat></trkpt>
  <trkpt lat="30.30384531" lon="120.12413021"><ele>125.276</ele><time>2026-09-03T13:33:05Z</time><sat>5</sat></trkpt>
  <trkpt lat="30.30384521" lon="120.12413016"><ele>125.260</ele><time>2026-09-03T13:33:08Z</time><sat>5</sat></trkpt>
  <trkpt lat="30.30384513" lon="120.12413023"><ele>125.217</ele><time>2026-09-03T13:33:11Z</time><sat>3</sat></trkpt>
  <trkpt lat="30.30384507" lon="120.12413016"><ele>125.209</ele><time>2026-09-03T13:33:14Z</time><sat>4</sat></trkpt>
  <trkpt lat="30.30384507" lon="120.12413016"><ele>125.209</ele><time>2026-09-03T13:33:17Z</time><sat>5</sat></trkpt>
  <trkpt lat="30.30425840" lon="120.12358537"><ele>153.600</ele><time>2026-09-03T13:36:53Z</time><sat>5</sat></trkpt>
  <trkpt lat="30.30425840" lon="120.12358537"><ele>153.600</ele><time>2026-09-03T13:36:56Z</time><sat>2</sat></trkpt>
  <trkpt lat="30.30426547" lon="120.12361872"><ele>158.912</ele><time>2026-09-03T13:36:59Z</time><sat>2</sat></trkpt>
  <trkpt lat="30.30426261" lon="120.12362076"><ele>159.608</ele><time>2026-09-03T13:37:02Z</time><sat>5</sat></trkpt>
  <trkpt lat="30.30426133" lon="120.12362084"><ele>159.221</ele><time>2026-09-03T13:37:05Z</time><sat>5</sat></trkpt>
  <trkpt lat="30.30426337" lon="120.12362736"><ele>160.217</ele><time>2026-09-03T13:37:08Z</time><sat>2</sat></trkpt>
  <trkpt lat="30.30426234" lon="120.12362697"><ele>160.635</ele><time>2026-09-03T13:37:11Z</time><sat>3</sat></trkpt>
  <trkpt lat="30.30380758" lon="120.12393193"><ele>138.019</ele><time>2026-09-03T13:45:51Z</time><sat>5</sat></trkpt>
  <trkpt lat="30.30384271" lon="120.12396692"><ele>137.783</ele><time>2026-09-03T13:45:54Z</time><sat>3</sat></trkpt>
  <trkpt lat="30.30388144" lon="120.12399923"><ele>138.200</ele><time>2026-09-03T13:45:57Z</time><sat>4</sat></trkpt>
  <trkpt lat="30.30398465" lon="120.12403564"><ele>139.616</ele><time>2026-09-03T13:46:00Z</time><sat>4</sat></trkpt>
  <trkpt lat="30.30407208" lon="120.12403812"><ele>138.773</ele><time>2026-09-03T13:46:03Z</time><sat>4</sat></trkpt>
  <trkpt lat="30.30414647" lon="120.12398601"><ele>138.725</ele><time>2026-09-03T13:46:06Z</time><sat>5</sat></trkpt>
  <trkpt lat="30.30421689" lon="120.12391918"><ele>138.739</ele><time>2026-09-03T13:46:09Z</time><sat>5</sat></trkpt>
  <trkpt lat="30.30420951" lon="120.12395018"><ele>138.771</ele><time>2026-09-03T13:46:12Z</time><sat>2</sat></trkpt>
  <trkpt lat="30.30419915" lon="120.12394502"><ele>139.448</ele><time>2026-09-03T13:46:15Z</time><sat>2</sat></trkpt>
  <trkpt lat="30.30419642" lon="120.12401677"><ele>139.954</ele><time>2026-09-03T13:46:19Z</time><sat>4</sat></trkpt>
  <trkpt lat="30.30407549" lon="120.12435325"><ele>140.673</ele><time>2026-09-03T13:46:24Z</time><sat>3</sat></trkpt>
  <trkpt lat="30.30400705" lon="120.12373379"><ele>141.465</ele><time>2026-09-03T13:46:49Z</time><sat>3</sat></trkpt>
  <trkpt lat="30.30375611" lon="120.12387614"><ele>146.773</ele><time>2026-09-03T13:46:55Z</time></trkpt>
  <trkpt lat="30.30412678" lon="120.12389213"><ele>168.253</ele><time>2026-09-03T13:47:45Z</time><sat>2</sat></trkpt>
  <trkpt lat="30.30394560" lon="120.12425583"><ele>194.619</ele><time>2026-09-03T13:48:25Z</time><sat>3</sat></trkpt>
  <trkpt lat="30.30452575" lon="120.12430597"><ele>176.280</ele><time>2026-09-03T14:34:18Z</time><sat>6</sat></trkpt>
  <trkpt lat="30.30442828" lon="120.12423446"><ele>172.317</ele><time>2026-09-03T14:34:21Z</time><sat>7</sat></trkpt>
  <trkpt lat="30.30408569" lon="120.12400705"><ele>164.963</ele><time>2026-09-03T14:34:24Z</time><sat>5</sat></trkpt>
  <trkpt lat="30.30411254" lon="120.12403046"><ele>166.872</ele><time>2026-09-03T14:34:27Z</time><sat>5</sat></trkpt>
  <trkpt lat="30.30412601" lon="120.12405844"><ele>167.068</ele><time>2026-09-03T14:34:30Z</time><sat>5</sat></trkpt>
  <trkpt lat="30.30415228" lon="120.12406501"><ele>167.102</ele><time>2026-09-03T14:34:33Z</time><sat>5</sat></trkpt>
  <trkpt lat="30.30413074" lon="120.12407226"><ele>164.650</ele><time>2026-09-03T14:34:36Z</time><sat>5</sat></trkpt>
  <trkpt lat="30.30410744" lon="120.12408792"><ele>164.620</ele><time>2026-09-03T14:34:39Z</time><sat>4</sat></trkpt>
  <trkpt lat="30.30393615" lon="120.12412643"><ele>161.360</ele><time>2026-09-03T14:34:42Z</time><sat>4</sat></trkpt>
  <trkpt lat="30.30398103" lon="120.12396414"><ele>164.396</ele><time>2026-09-03T14:34:45Z</time><sat>4</sat></trkpt>
  <trkpt lat="30.30438604" lon="120.12416240"><ele>160.675</ele><time>2026-09-03T14:34:48Z</time><sat>4</sat></trkpt>
  <trkpt lat="30.30403037" lon="120.12379810"><ele>157.974</ele><time>2026-09-03T14:35:03Z</time><sat>5</sat></trkpt>
  <trkpt lat="30.30397736" lon="120.12375230"><ele>157.886</ele><time>2026-09-03T14:35:06Z</time><sat>5</sat></trkpt>
  <trkpt lat="30.30391990" lon="120.12376529"><ele>158.475</ele><time>2026-09-03T14:35:09Z</time><sat>4</sat></trkpt>
  <trkpt lat="30.30391226" lon="120.12374471"><ele>158.803</ele><time>2026-09-03T14:35:12Z</time><sat>4</sat></trkpt>
  <trkpt lat="30.30389197" lon="120.12374216"><ele>157.692</ele><time>2026-09-03T14:35:15Z</time><sat>5</sat></trkpt>
  <trkpt lat="30.30376841" lon="120.12355503"><ele>157.638</ele><time>2026-09-03T14:35:18Z</time><sat>5</sat></trkpt>
  <trkpt lat="30.30370943" lon="120.12369768"><ele>157.253</ele><time>2026-09-03T14:35:21Z</time><sat>4</sat></trkpt>
  <trkpt lat="30.30371895" lon="120.12376974"><ele>156.692</ele><time>2026-09-03T14:35:24Z</time><sat>5</sat></trkpt>
  <trkpt lat="30.30370613" lon="120.12384058"><ele>154.243</ele><time>2026-09-03T14:35:27Z</time><sat>5</sat></trkpt>
  <trkpt lat="30.30372930" lon="120.12384453"><ele>151.758</ele><time>2026-09-03T14:35:30Z</time><sat>8</sat></trkpt>
  <trkpt lat="30.30382309" lon="120.12379232"><ele>152.463</ele><time>2026-09-03T14:35:33Z</time><sat>8</sat></trkpt>
  <trkpt lat="30.30386650" lon="120.12384959"><ele>154.285</ele><time>2026-09-03T14:35:36Z</time><sat>6</sat></trkpt>
  <trkpt lat="30.30391234" lon="120.12393106"><ele>151.343</ele><time>2026-09-03T14:35:39Z</time><sat>7</sat></trkpt>
  <trkpt lat="30.30393842" lon="120.12399937"><ele>151.663</ele><time>2026-09-03T14:35:42Z</time><sat>8</sat></trkpt>
  <trkpt lat="30.30394053" lon="120.12400298"><ele>152.317</ele><time>2026-09-03T14:35:45Z</time><sat>6</sat></trkpt>
  <trkpt lat="30.30391234" lon="120.12399129"><ele>150.180</ele><time>2026-09-03T14:35:48Z</time><sat>7</sat></trkpt>
  <trkpt lat="30.30389296" lon="120.12400124"><ele>147.252</ele><time>2026-09-03T14:35:51Z</time><sat>6</sat></trkpt>
  <trkpt lat="30.30394237" lon="120.12403412"><ele>148.657</ele><time>2026-09-03T14:35:54Z</time><sat>6</sat></trkpt>
  <trkpt lat="30.30402895" lon="120.12405195"><ele>147.680</ele><time>2026-09-03T14:35:57Z</time><sat>7</sat></trkpt>
  <trkpt lat="30.30407732" lon="120.12403732"><ele>149.829</ele><time>2026-09-03T14:36:00Z</time><sat>6</sat></trkpt>
  <trkpt lat="30.30410612" lon="120.12404721"><ele>147.291</ele><time>2026-09-03T14:36:03Z</time><sat>6</sat></trkpt>
  <trkpt lat="30.30413283" lon="120.12407091"><ele>145.367</ele><time>2026-09-03T14:36:06Z</time><sat>7</sat></trkpt>
  <trkpt lat="30.30416855" lon="120.12407351"><ele>144.825</ele><time>2026-09-03T14:36:09Z</time><sat>5</sat></trkpt>
  <trkpt lat="30.30416065" lon="120.12405895"><ele>144.907</ele><time>2026-09-03T14:36:12Z</time><sat>5</sat></trkpt>
  <trkpt lat="30.30423804" lon="120.12404597"><ele>148.083</ele><time>2026-09-03T14:36:15Z</time><sat>6</sat></trkpt>
  <trkpt lat="30.30430393" lon="120.12400167"><ele>148.178</ele><time>2026-09-03T14:36:18Z</time><sat>6</sat></trkpt>
  <trkpt lat="30.30435285" lon="120.12409191"><ele>149.057</ele><time>2026-09-03T14:36:21Z</time><sat>7</sat></trkpt>
  <trkpt lat="30.30431968" lon="120.12410022"><ele>151.705</ele><time>2026-09-03T14:36:24Z</time><sat>7</sat></trkpt>
  <trkpt lat="30.30425338" lon="120.12420630"><ele>152.379</ele><time>2026-09-03T14:36:27Z</time><sat>7</sat></trkpt>
  <trkpt lat="30.30406360" lon="120.12431839"><ele>151.769</ele><time>2026-09-03T14:36:30Z</time><sat>6</sat></trkpt>
  <trkpt lat="30.30404621" lon="120.12428970"><ele>147.947</ele><time>2026-09-03T14:36:33Z</time><sat>9</sat></trkpt>
  <trkpt lat="30.30403475" lon="120.12423763"><ele>145.215</ele><time>2026-09-03T14:36:36Z</time><sat>10</sat></trkpt>
  <trkpt lat="30.30395550" lon="120.12412829"><ele>144.509</ele><time>2026-09-03T14:36:39Z</time><sat>7</sat></trkpt>
  <trkpt lat="30.30398629" lon="120.12417157"><ele>144.708</ele><time>2026-09-03T14:36:42Z</time><sat>6</sat></trkpt>
  <trkpt lat="30.30395896" lon="120.12416491"><ele>144.865</ele><time>2026-09-03T14:36:45Z</time><sat>7</sat></trkpt>
  <trkpt lat="30.30400590" lon="120.12419197"><ele>145.855</ele><time>2026-09-03T14:36:48Z</time><sat>8</sat></trkpt>
  <trkpt lat="30.30399873" lon="120.12409210"><ele>152.228</ele><time>2026-09-03T14:36:51Z</time><sat>7</sat></trkpt>
  <trkpt lat="30.30395461" lon="120.12402549"><ele>152.212</ele><time>2026-09-03T14:36:54Z</time><sat>7</sat></trkpt>
  <trkpt lat="30.30392974" lon="120.12401801"><ele>152.306</ele><time>2026-09-03T14:36:57Z</time><sat>7</sat></trkpt>
  <trkpt lat="30.30394220" lon="120.12404208"><ele>151.417</ele><time>2026-09-03T14:37:00Z</time><sat>7</sat></trkpt>
  <trkpt lat="30.30392207" lon="120.12404087"><ele>151.787</ele><time>2026-09-03T14:37:03Z</time><sat>9</sat></trkpt>
  <trkpt lat="30.30397003" lon="120.12408996"><ele>152.001</ele><time>2026-09-03T14:37:06Z</time><sat>8</sat></trkpt>
  <trkpt lat="30.30400849" lon="120.12415093"><ele>150.745</ele><time>2026-09-03T14:37:09Z</time><sat>6</sat></trkpt>
  <trkpt lat="30.30399478" lon="120.12418330"><ele>150.272</ele><time>2026-09-03T14:37:12Z</time><sat>5</sat></trkpt>
  <trkpt lat="30.30395818" lon="120.12426148"><ele>150.204</ele><time>2026-09-03T14:37:15Z</time><sat>8</sat></trkpt>
  <trkpt lat="30.30394399" lon="120.12426935"><ele>150.155</ele><time>2026-09-03T14:37:18Z</time><sat>7</sat></trkpt>
  <trkpt lat="30.30400349" lon="120.12426860"><ele>148.301</ele><time>2026-09-03T14:37:21Z</time><sat>5</sat></trkpt>
  <trkpt lat="30.30408966" lon="120.12422805"><ele>145.526</ele><time>2026-09-03T14:37:24Z</time><sat>7</sat></trkpt>
  <trkpt lat="30.30392119" lon="120.12437441"><ele>147.966</ele><time>2026-09-03T14:37:27Z</time><sat>9</sat></trkpt>
  <trkpt lat="30.30390342" lon="120.12436321"><ele>146.383</ele><time>2026-09-03T14:37:30Z</time><sat>8</sat></trkpt>
  <trkpt lat="30.30390341" lon="120.12435288"><ele>141.045</ele><time>2026-09-03T14:37:33Z</time><sat>8</sat></trkpt>
  <trkpt lat="30.30397098" lon="120.12434022"><ele>139.950</ele><time>2026-09-03T14:37:36Z</time><sat>9</sat></trkpt>
  <trkpt lat="30.30402016" lon="120.12428336"><ele>136.805</ele><time>2026-09-03T14:37:39Z</time><sat>10</sat></trkpt>
  <trkpt lat="30.30403541" lon="120.12423500"><ele>136.496</ele><time>2026-09-03T14:37:42Z</time><sat>10</sat></trkpt>
  <trkpt lat="30.30409365" lon="120.12430052"><ele>133.919</ele><time>2026-09-03T14:37:45Z</time><sat>9</sat></trkpt>
  <trkpt lat="30.30414004" lon="120.12435474"><ele>134.365</ele><time>2026-09-03T14:37:48Z</time><sat>7</sat></trkpt>
  <trkpt lat="30.30417889" lon="120.12433038"><ele>132.705</ele><time>2026-09-03T14:37:51Z</time><sat>7</sat></trkpt>
  <trkpt lat="30.30415481" lon="120.12426753"><ele>132.075</ele><time>2026-09-03T14:37:54Z</time><sat>8</sat></trkpt>
  <trkpt lat="30.30412773" lon="120.12421227"><ele>132.787</ele><time>2026-09-03T14:37:57Z</time><sat>9</sat></trkpt>
  <trkpt lat="30.30409571" lon="120.12414591"><ele>132.308</ele><time>2026-09-03T14:38:00Z</time><sat>9</sat></trkpt>
  <trkpt lat="30.30408707" lon="120.12411824"><ele>133.194</ele><time>2026-09-03T14:38:03Z</time><sat>7</sat></trkpt>
  <trkpt lat="30.30417668" lon="120.12416937"><ele>134.276</ele><time>2026-09-03T14:38:06Z</time><sat>8</sat></trkpt>
  <trkpt lat="30.30421646" lon="120.12419057"><ele>134.033</ele><time>2026-09-03T14:38:09Z</time><sat>9</sat></trkpt>
  <trkpt lat="30.30422601" lon="120.12422370"><ele>133.886</ele><time>2026-09-03T14:38:12Z</time><sat>9</sat></trkpt>
  <trkpt lat="30.30418732" lon="120.12417866"><ele>133.398</ele><time>2026-09-03T14:38:15Z</time><sat>7</sat></trkpt>
  <trkpt lat="30.30415458" lon="120.12414272"><ele>134.819</ele><time>2026-09-03T14:38:18Z</time><sat>6</sat></trkpt>
  <trkpt lat="30.30411114" lon="120.12410064"><ele>132.845</ele><time>2026-09-03T14:38:21Z</time><sat>7</sat></trkpt>
  <trkpt lat="30.30412202" lon="120.12410353"><ele>132.422</ele><time>2026-09-03T14:38:24Z</time><sat>10</sat></trkpt>
  <trkpt lat="30.30408507" lon="120.12410442"><ele>132.021</ele><time>2026-09-03T14:38:27Z</time><sat>7</sat></trkpt>
  <trkpt lat="30.30413982" lon="120.12418559"><ele>133.996</ele><time>2026-09-03T14:38:30Z</time><sat>8</sat></trkpt>
  <trkpt lat="30.30421874" lon="120.12427343"><ele>133.579</ele><time>2026-09-03T14:38:33Z</time><sat>9</sat></trkpt>
  <trkpt lat="30.30422773" lon="120.12428308"><ele>135.074</ele><time>2026-09-03T14:38:36Z</time><sat>9</sat></trkpt>
  <trkpt lat="30.30423609" lon="120.12429837"><ele>134.562</ele><time>2026-09-03T14:38:39Z</time><sat>6</sat></trkpt>
  <trkpt lat="30.30427045" lon="120.12432628"><ele>136.890</ele><time>2026-09-03T14:38:42Z</time><sat>9</sat></trkpt>
  <trkpt lat="30.30431752" lon="120.12435342"><ele>137.409</ele><time>2026-09-03T14:38:45Z</time><sat>11</sat></trkpt>
  <trkpt lat="30.30434425" lon="120.12437320"><ele>137.454</ele><time>2026-09-03T14:38:48Z</time><sat>10</sat></trkpt>
  <trkpt lat="30.30434506" lon="120.12437735"><ele>137.977</ele><time>2026-09-03T14:38:51Z</time><sat>8</sat></trkpt>
  <trkpt lat="30.30434250" lon="120.12435875"><ele>138.785</ele><time>2026-09-03T14:38:54Z</time><sat>7</sat></trkpt>
  <trkpt lat="30.30422028" lon="120.12437275"><ele>138.683</ele><time>2026-09-03T14:38:57Z</time><sat>9</sat></trkpt>
  <trkpt lat="30.30410103" lon="120.12438028"><ele>138.537</ele><time>2026-09-03T14:39:00Z</time><sat>10</sat></trkpt>
  <trkpt lat="30.30400183" lon="120.12439439"><ele>139.349</ele><time>2026-09-03T14:39:03Z</time><sat>7</sat></trkpt>
  <trkpt lat="30.30397703" lon="120.12440114"><ele>139.495</ele><time>2026-09-03T14:39:06Z</time><sat>6</sat></trkpt>
  <trkpt lat="30.30406301" lon="120.12433985"><ele>139.131</ele><time>2026-09-03T14:39:09Z</time><sat>7</sat></trkpt>
  <trkpt lat="30.30411271" lon="120.12432627"><ele>138.838</ele><time>2026-09-03T14:39:12Z</time><sat>7</sat></trkpt>
  <trkpt lat="30.30414693" lon="120.12425048"><ele>135.650</ele><time>2026-09-03T14:39:15Z</time><sat>7</sat></trkpt>
  <trkpt lat="30.30414853" lon="120.12420928"><ele>136.120</ele><time>2026-09-03T14:39:18Z</time><sat>8</sat></trkpt>
  <trkpt lat="30.30411332" lon="120.12420852"><ele>135.570</ele><time>2026-09-03T14:39:21Z</time><sat>8</sat></trkpt>
  <trkpt lat="30.30410115" lon="120.12414702"><ele>137.140</ele><time>2026-09-03T14:39:24Z</time><sat>6</sat></trkpt>
  <trkpt lat="30.30382505" lon="120.12436479"><ele>138.080</ele><time>2026-09-03T14:39:27Z</time><sat>6</sat></trkpt>
  <trkpt lat="30.30387242" lon="120.12431957"><ele>136.140</ele><time>2026-09-03T14:39:30Z</time><sat>8</sat></trkpt>
  <trkpt lat="30.30399081" lon="120.12424325"><ele>133.077</ele><time>2026-09-03T14:39:33Z</time><sat>8</sat></trkpt>
  <trkpt lat="30.30398958" lon="120.12418603"><ele>133.512</ele><time>2026-09-03T14:39:36Z</time><sat>8</sat></trkpt>
  <trkpt lat="30.30395673" lon="120.12416159"><ele>133.317</ele><time>2026-09-03T14:39:39Z</time><sat>9</sat></trkpt>
  <trkpt lat="30.30397369" lon="120.12414212"><ele>133.035</ele><time>2026-09-03T14:39:42Z</time><sat>10</sat></trkpt>
  <trkpt lat="30.30398524" lon="120.12414067"><ele>133.136</ele><time>2026-09-03T14:39:45Z</time><sat>9</sat></trkpt>
  <trkpt lat="30.30398320" lon="120.12413039"><ele>133.504</ele><time>2026-09-03T14:39:48Z</time><sat>5</sat></trkpt>
  <trkpt lat="30.30398778" lon="120.12409214"><ele>132.743</ele><time>2026-09-03T14:39:51Z</time><sat>6</sat></trkpt>
  <trkpt lat="30.30398428" lon="120.12405527"><ele>132.631</ele><time>2026-09-03T14:39:54Z</time><sat>7</sat></trkpt>
  <trkpt lat="30.30398008" lon="120.12404768"><ele>132.026</ele><time>2026-09-03T14:39:57Z</time><sat>7</sat></trkpt>
  <trkpt lat="30.30397292" lon="120.12408373"><ele>131.945</ele><time>2026-09-03T14:40:00Z</time><sat>5</sat></trkpt>
  <trkpt lat="30.30394925" lon="120.12409412"><ele>131.636</ele><time>2026-09-03T14:40:03Z</time><sat>6</sat></trkpt>
  <trkpt lat="30.30391771" lon="120.12404208"><ele>131.383</ele><time>2026-09-03T14:40:06Z</time><sat>8</sat></trkpt>
  <trkpt lat="30.30387677" lon="120.12401967"><ele>131.302</ele><time>2026-09-03T14:40:09Z</time><sat>9</sat></trkpt>
  <trkpt lat="30.30385214" lon="120.12404848"><ele>130.949</ele><time>2026-09-03T14:40:12Z</time><sat>8</sat></trkpt>
  <trkpt lat="30.30389486" lon="120.12412973"><ele>130.345</ele><time>2026-09-03T14:40:15Z</time><sat>6</sat></trkpt>
  <trkpt lat="30.30392649" lon="120.12418712"><ele>131.183</ele><time>2026-09-03T14:40:18Z</time><sat>7</sat></trkpt>
  <trkpt lat="30.30393143" lon="120.12418082"><ele>131.961</ele><time>2026-09-03T14:40:21Z</time><sat>8</sat></trkpt>
  <trkpt lat="30.30392505" lon="120.12413560"><ele>132.664</ele><time>2026-09-03T14:40:24Z</time><sat>8</sat></trkpt>
  <trkpt lat="30.30397424" lon="120.12415127"><ele>130.353</ele><time>2026-09-03T14:40:27Z</time><sat>7</sat></trkpt>
  <trkpt lat="30.30400999" lon="120.12420307"><ele>128.569</ele><time>2026-09-03T14:40:30Z</time><sat>7</sat></trkpt>
  <trkpt lat="30.30399438" lon="120.12417135"><ele>127.938</ele><time>2026-09-03T14:40:33Z</time><sat>9</sat></trkpt>
  <trkpt lat="30.30395846" lon="120.12415337"><ele>127.102</ele><time>2026-09-03T14:40:36Z</time><sat>11</sat></trkpt>
  <trkpt lat="30.30396696" lon="120.12399100"><ele>131.753</ele><time>2026-09-03T14:40:39Z</time><sat>9</sat></trkpt>
  <trkpt lat="30.30394426" lon="120.12392504"><ele>131.573</ele><time>2026-09-03T14:40:42Z</time><sat>7</sat></trkpt>
  <trkpt lat="30.30388764" lon="120.12391134"><ele>131.238</ele><time>2026-09-03T14:40:45Z</time><sat>8</sat></trkpt>
  <trkpt lat="30.30390407" lon="120.12402312"><ele>129.236</ele><time>2026-09-03T14:40:48Z</time><sat>7</sat></trkpt>
  <trkpt lat="30.30395059" lon="120.12412118"><ele>128.056</ele><time>2026-09-03T14:40:51Z</time><sat>8</sat></trkpt>
  <trkpt lat="30.30401376" lon="120.12421433"><ele>125.766</ele><time>2026-09-03T14:40:54Z</time><sat>9</sat></trkpt>
  <trkpt lat="30.30403740" lon="120.12426294"><ele>125.710</ele><time>2026-09-03T14:40:57Z</time><sat>7</sat></trkpt>
  <trkpt lat="30.30406316" lon="120.12431619"><ele>125.764</ele><time>2026-09-03T14:41:00Z</time><sat>5</sat></trkpt>
  <trkpt lat="30.30403631" lon="120.12434275"><ele>125.886</ele><time>2026-09-03T14:41:03Z</time><sat>7</sat></trkpt>
  <trkpt lat="30.30398293" lon="120.12428701"><ele>125.669</ele><time>2026-09-03T14:41:06Z</time><sat>7</sat></trkpt>
  <trkpt lat="30.30493162" lon="120.12336569"><ele>89.978</ele><time>2026-09-03T14:45:46Z</time><sat>28</sat></trkpt>
  <trkpt lat="30.30483382" lon="120.12330939"><ele>97.504</ele><time>2026-09-03T14:45:49Z</time><sat>28</sat></trkpt>
  <trkpt lat="30.30467514" lon="120.12306402"><ele>83.695</ele><time>2026-09-03T14:45:52Z</time><sat>28</sat></trkpt>
  <trkpt lat="30.30469580" lon="120.12310006"><ele>76.533</ele><time>2026-09-03T14:45:55Z</time><sat>28</sat></trkpt>
  <trkpt lat="30.30472990" lon="120.12315556"><ele>49.059</ele><time>2026-09-03T14:45:58Z</time><sat>28</sat></trkpt>
  <trkpt lat="30.30473816" lon="120.12316077"><ele>41.036</ele><time>2026-09-03T14:46:01Z</time><sat>28</sat></trkpt>
  <trkpt lat="30.30473439" lon="120.12316255"><ele>33.579</ele><time>2026-09-03T14:46:04Z</time><sat>28</sat></trkpt>
  <trkpt lat="30.30472920" lon="120.12317080"><ele>28.998</ele><time>2026-09-03T14:46:07Z</time><sat>28</sat></trkpt>
  <trkpt lat="30.30472392" lon="120.12317385"><ele>27.334</ele><time>2026-09-03T14:46:10Z</time><sat>28</sat></trkpt>
  <trkpt lat="30.30472150" lon="120.12317608"><ele>26.434</ele><time>2026-09-03T14:46:13Z</time><sat>28</sat></trkpt>
  <trkpt lat="30.30471975" lon="120.12317761"><ele>25.785</ele><time>2026-09-03T14:46:16Z</time><sat>28</sat></trkpt>
  <trkpt lat="30.30471456" lon="120.12317974"><ele>25.052</ele><time>2026-09-03T14:46:19Z</time><sat>28</sat></trkpt>
  <trkpt lat="30.30469910" lon="120.12317512"><ele>24.712</ele><time>2026-09-03T14:46:22Z</time><sat>28</sat></trkpt>
  <trkpt lat="30.30469902" lon="120.12316113"><ele>22.387</ele><time>2026-09-03T14:46:25Z</time><sat>28</sat></trkpt>
  <trkpt lat="30.30469911" lon="120.12314604"><ele>21.512</ele><time>2026-09-03T14:46:28Z</time><sat>28</sat></trkpt>
  <trkpt lat="30.30471461" lon="120.12312100"><ele>19.857</ele><time>2026-09-03T14:46:31Z</time><sat>28</sat></trkpt>
  <trkpt lat="30.30474220" lon="120.12310202"><ele>18.839</ele><time>2026-09-03T14:46:34Z</time><sat>28</sat></trkpt>
  <trkpt lat="30.30475236" lon="120.12307314"><ele>16.205</ele><time>2026-09-03T14:46:37Z</time><sat>28</sat></trkpt>
  <trkpt lat="30.30472079" lon="120.12304208"><ele>16.760</ele><time>2026-09-03T14:46:40Z</time><sat>28</sat></trkpt>
  <trkpt lat="30.30469601" lon="120.12304979"><ele>17.541</ele><time>2026-09-03T14:46:43Z</time><sat>28</sat></trkpt>
  <trkpt lat="30.30470207" lon="120.12307004"><ele>17.420</ele><time>2026-09-03T14:46:46Z</time><sat>28</sat></trkpt>
  <trkpt lat="30.30469580" lon="120.12306909"><ele>17.438</ele><time>2026-09-03T14:46:49Z</time><sat>28</sat></trkpt>
  <trkpt lat="30.30468884" lon="120.12308912"><ele>17.407</ele><time>2026-09-03T14:46:52Z</time><sat>28</sat></trkpt>
  <trkpt lat="30.30465728" lon="120.12315727"><ele>18.189</ele><time>2026-09-03T14:46:55Z</time><sat>28</sat></trkpt>
  <trkpt lat="30.30457976" lon="120.12327088"><ele>19.142</ele><time>2026-09-03T14:46:58Z</time><sat>28</sat></trkpt>
  <trkpt lat="30.30446682" lon="120.12341114"><ele>16.188</ele><time>2026-09-03T14:47:01Z</time><sat>28</sat></trkpt>
  <trkpt lat="30.30436122" lon="120.12355549"><ele>16.512</ele><time>2026-09-03T14:47:04Z</time><sat>28</sat></trkpt>
  <trkpt lat="30.30425494" lon="120.12371811"><ele>17.198</ele><time>2026-09-03T14:47:07Z</time><sat>28</sat></trkpt>
  <trkpt lat="30.30416536" lon="120.12384827"><ele>16.270</ele><time>2026-09-03T14:47:10Z</time><sat>28</sat></trkpt>
  <trkpt lat="30.30410950" lon="120.12393963"><ele>16.950</ele><time>2026-09-03T14:47:13Z</time><sat>28</sat></trkpt>
  <trkpt lat="30.30403356" lon="120.12397599"><ele>15.796</ele><time>2026-09-03T14:47:16Z</time><sat>28</sat></trkpt>
  <trkpt lat="30.30390106" lon="120.12396583"><ele>16.741</ele><time>2026-09-03T14:47:19Z</time><sat>28</sat></trkpt>
  <trkpt lat="30.30372136" lon="120.12388480"><ele>16.435</ele><time>2026-09-03T14:47:22Z</time><sat>28</sat></trkpt>
  <trkpt lat="30.30352019" lon="120.12377976"><ele>15.728</ele><time>2026-09-03T14:47:25Z</time><sat>28</sat></trkpt>
  <trkpt lat="30.30331469" lon="120.12364082"><ele>16.900</ele><time>2026-09-03T14:47:28Z</time><sat>28</sat></trkpt>
  <trkpt lat="30.30313146" lon="120.12345823"><ele>16.609</ele><time>2026-09-03T14:47:31Z</time><sat>28</sat></trkpt>
  <trkpt lat="30.30293974" lon="120.12327886"><ele>15.960</ele><time>2026-09-03T14:47:34Z</time><sat>28</sat></trkpt>
  <trkpt lat="30.30276785" lon="120.12310824"><ele>14.708</ele><time>2026-09-03T14:47:37Z</time><sat>28</sat></trkpt>
  <trkpt lat="30.30256046" lon="120.12294997"><ele>15.214</ele><time>2026-09-03T14:47:40Z</time><sat>28</sat></trkpt>
  <trkpt lat="30.30231866" lon="120.12284658"><ele>14.844</ele><time>2026-09-03T14:47:43Z</time><sat>28</sat></trkpt>
  <trkpt lat="30.30209782" lon="120.12280464"><ele>14.498</ele><time>2026-09-03T14:47:46Z</time><sat>28</sat></trkpt>
  <trkpt lat="30.30188347" lon="120.12277827"><ele>14.539</ele><time>2026-09-03T14:47:49Z</time><sat>28</sat></trkpt>
  <trkpt lat="30.30166181" lon="120.12275862"><ele>14.238</ele><time>2026-09-03T14:47:52Z</time><sat>28</sat></trkpt>
  <trkpt lat="30.30140363" lon="120.12274182"><ele>15.578</ele><time>2026-09-03T14:47:55Z</time><sat>28</sat></trkpt>
  <trkpt lat="30.30112688" lon="120.12271212"><ele>15.406</ele><time>2026-09-03T14:47:58Z</time><sat>28</sat></trkpt>
  <trkpt lat="30.30086272" lon="120.12264885"><ele>16.064</ele><time>2026-09-03T14:48:01Z</time><sat>28</sat></trkpt>
  <trkpt lat="30.30066775" lon="120.12256773"><ele>17.140</ele><time>2026-09-03T14:48:04Z</time><sat>28</sat></trkpt>
  <trkpt lat="30.30056089" lon="120.12250756"><ele>18.407</ele><time>2026-09-03T14:48:07Z</time><sat>28</sat></trkpt>
  <trkpt lat="30.30046163" lon="120.12242354"><ele>19.742</ele><time>2026-09-03T14:48:10Z</time><sat>28</sat></trkpt>
  <trkpt lat="30.30035804" lon="120.12232395"><ele>20.406</ele><time>2026-09-03T14:48:13Z</time><sat>28</sat></trkpt>
  <trkpt lat="30.30025752" lon="120.12221340"><ele>17.789</ele><time>2026-09-03T14:48:16Z</time><sat>28</sat></trkpt>
  <trkpt lat="30.30012116" lon="120.12216676"><ele>16.225</ele><time>2026-09-03T14:48:19Z</time><sat>28</sat></trkpt>
  <trkpt lat="30.29997776" lon="120.12223180"><ele>14.956</ele><time>2026-09-03T14:48:22Z</time><sat>28</sat></trkpt>
  <trkpt lat="30.29981715" lon="120.12240611"><ele>15.032</ele><time>2026-09-03T14:48:25Z</time><sat>28</sat></trkpt>
  <trkpt lat="30.29963960" lon="120.12262340"><ele>14.362</ele><time>2026-09-03T14:48:28Z</time><sat>28</sat></trkpt>
  <trkpt lat="30.29942694" lon="120.12285853"><ele>14.824</ele><time>2026-09-03T14:48:31Z</time><sat>28</sat></trkpt>
  <trkpt lat="30.29919001" lon="120.12311211"><ele>15.008</ele><time>2026-09-03T14:48:34Z</time><sat>28</sat></trkpt>
  <trkpt lat="30.29892717" lon="120.12332389"><ele>13.981</ele><time>2026-09-03T14:48:37Z</time><sat>28</sat></trkpt>
  <trkpt lat="30.29866704" lon="120.12347503"><ele>13.677</ele><time>2026-09-03T14:48:40Z</time><sat>28</sat></trkpt>
  <trkpt lat="30.29838168" lon="120.12359484"><ele>13.557</ele><time>2026-09-03T14:48:43Z</time><sat>28</sat></trkpt>
  <trkpt lat="30.29808428" lon="120.12365845"><ele>12.713</ele><time>2026-09-03T14:48:46Z</time><sat>28</sat></trkpt>
  <trkpt lat="30.29779634" lon="120.12370036"><ele>10.832</ele><time>2026-09-03T14:48:49Z</time><sat>28</sat></trkpt>
  <trkpt lat="30.29755555" lon="120.12373054"><ele>10.433</ele><time>2026-09-03T14:48:52Z</time><sat>28</sat></trkpt>
  <trkpt lat="30.29731637" lon="120.12376524"><ele>10.594</ele><time>2026-09-03T14:48:55Z</time><sat>28</sat></trkpt>
  <trkpt lat="30.29707272" lon="120.12380047"><ele>10.410</ele><time>2026-09-03T14:48:58Z</time><sat>28</sat></trkpt>
  <trkpt lat="30.29682056" lon="120.12383256"><ele>10.445</ele><time>2026-09-03T14:49:01Z</time><sat>28</sat></trkpt>
  <trkpt lat="30.29658205" lon="120.12385589"><ele>9.720</ele><time>2026-09-03T14:49:04Z</time><sat>28</sat></trkpt>
  <trkpt lat="30.29637339" lon="120.12386446"><ele>8.472</ele><time>2026-09-03T14:49:07Z</time><sat>28</sat></trkpt>
  <trkpt lat="30.29613351" lon="120.12390444"><ele>8.579</ele><time>2026-09-03T14:49:10Z</time><sat>28</sat></trkpt>
  <trkpt lat="30.29581825" lon="120.12393647"><ele>8.198</ele><time>2026-09-03T14:49:13Z</time><sat>28</sat></trkpt>
  <trkpt lat="30.29548030" lon="120.12396513"><ele>8.066</ele><time>2026-09-03T14:49:16Z</time><sat>28</sat></trkpt>
  <trkpt lat="30.29509764" lon="120.12398624"><ele>8.304</ele><time>2026-09-03T14:49:19Z</time><sat>28</sat></trkpt>
  <trkpt lat="30.29468479" lon="120.12401459"><ele>8.715</ele><time>2026-09-03T14:49:22Z</time><sat>28</sat></trkpt>
  <trkpt lat="30.29427837" lon="120.12403310"><ele>8.527</ele><time>2026-09-03T14:49:25Z</time><sat>28</sat></trkpt>
  <trkpt lat="30.29386480" lon="120.12406769"><ele>10.038</ele><time>2026-09-03T14:49:28Z</time><sat>28</sat></trkpt>
  <trkpt lat="30.29345525" lon="120.12408193"><ele>9.923</ele><time>2026-09-03T14:49:31Z</time><sat>28</sat></trkpt>
  <trkpt lat="30.29309788" lon="120.12409873"><ele>9.941</ele><time>2026-09-03T14:49:34Z</time><sat>28</sat></trkpt>
  <trkpt lat="30.29273939" lon="120.12411413"><ele>9.858</ele><time>2026-09-03T14:49:37Z</time><sat>28</sat></trkpt>
  <trkpt lat="30.29236829" lon="120.12413151"><ele>9.514</ele><time>2026-09-03T14:49:40Z</time><sat>28</sat></trkpt>
  <trkpt lat="30.29198661" lon="120.12414393"><ele>9.134</ele><time>2026-09-03T14:49:43Z</time><sat>28</sat></trkpt>
  <trkpt lat="30.29163116" lon="120.12415502"><ele>8.492</ele><time>2026-09-03T14:49:46Z</time><sat>28</sat></trkpt>
  <trkpt lat="30.29133404" lon="120.12416221"><ele>7.957</ele><time>2026-09-03T14:49:49Z</time><sat>28</sat></trkpt>
  <trkpt lat="30.29111354" lon="120.12417581"><ele>8.457</ele><time>2026-09-03T14:49:52Z</time><sat>28</sat></trkpt>
  <trkpt lat="30.29097044" lon="120.12418164"><ele>7.966</ele><time>2026-09-03T14:49:55Z</time><sat>28</sat></trkpt>
  <trkpt lat="30.29087682" lon="120.12418639"><ele>7.481</ele><time>2026-09-03T14:49:58Z</time><sat>28</sat></trkpt>
  <trkpt lat="30.29085847" lon="120.12418492"><ele>7.002</ele><time>2026-09-03T14:50:01Z</time><sat>28</sat></trkpt>
  <trkpt lat="30.29086019" lon="120.12418722"><ele>7.806</ele><time>2026-09-03T14:50:04Z</time><sat>28</sat></trkpt>
  <trkpt lat="30.29086154" lon="120.12418688"><ele>7.605</ele><time>2026-09-03T14:50:07Z</time><sat>28</sat></trkpt>
  <trkpt lat="30.29086553" lon="120.12418498"><ele>7.265</ele><time>2026-09-03T14:50:10Z</time><sat>28</sat></trkpt>
  <trkpt lat="30.29079328" lon="120.12418899"><ele>6.054</ele><time>2026-09-03T14:50:13Z</time><sat>28</sat></trkpt>
  <trkpt lat="30.29061957" lon="120.12420165"><ele>4.869</ele><time>2026-09-03T14:50:16Z</time><sat>28</sat></trkpt>
  <trkpt lat="30.29040461" lon="120.12421889"><ele>4.559</ele><time>2026-09-03T14:50:19Z</time><sat>28</sat></trkpt>
  <trkpt lat="30.29020046" lon="120.12425481"><ele>4.793</ele><time>2026-09-03T14:50:22Z</time><sat>28</sat></trkpt>
  <trkpt lat="30.28994750" lon="120.12428351"><ele>4.672</ele><time>2026-09-03T14:50:25Z</time><sat>28</sat></trkpt>
  <trkpt lat="30.28966833" lon="120.12431148"><ele>6.540</ele><time>2026-09-03T14:50:28Z</time><sat>28</sat></trkpt>
  <trkpt lat="30.28940154" lon="120.12433533"><ele>6.106</ele><time>2026-09-03T14:50:31Z</time><sat>28</sat></trkpt>
  <trkpt lat="30.28922159" lon="120.12436058"><ele>2.360</ele><time>2026-09-03T14:50:34Z</time><sat>28</sat></trkpt>
  <trkpt lat="30.28896210" lon="120.12437076"><ele>0.304</ele><time>2026-09-03T14:50:37Z</time><sat>28</sat></trkpt>
  <trkpt lat="30.28868722" lon="120.12439422"><ele>0.296</ele><time>2026-09-03T14:50:40Z</time><sat>28</sat></trkpt>
  <trkpt lat="30.28843525" lon="120.12441876"><ele>2.147</ele><time>2026-09-03T14:50:43Z</time><sat>28</sat></trkpt>
  <trkpt lat="30.28825037" lon="120.12443241"><ele>2.946</ele><time>2026-09-03T14:50:46Z</time><sat>28</sat></trkpt>
  <trkpt lat="30.28806015" lon="120.12444817"><ele>3.664</ele><time>2026-09-03T14:50:49Z</time><sat>28</sat></trkpt>
  <trkpt lat="30.28783360" lon="120.12446124"><ele>3.784</ele><time>2026-09-03T14:50:52Z</time><sat>28</sat></trkpt>
  <trkpt lat="30.28758936" lon="120.12448058"><ele>2.574</ele><time>2026-09-03T14:50:55Z</time><sat>28</sat></trkpt>
  <trkpt lat="30.28732719" lon="120.12447514"><ele>3.056</ele><time>2026-09-03T14:50:58Z</time><sat>28</sat></trkpt>
  <trkpt lat="30.28704173" lon="120.12450656"><ele>3.318</ele><time>2026-09-03T14:51:01Z</time><sat>28</sat></trkpt>
  <trkpt lat="30.28681102" lon="120.12453375"><ele>5.300</ele><time>2026-09-03T14:51:04Z</time><sat>28</sat></trkpt>
  <trkpt lat="30.28652544" lon="120.12455385"><ele>5.949</ele><time>2026-09-03T14:51:07Z</time><sat>28</sat></trkpt>
  <trkpt lat="30.28610394" lon="120.12459815"><ele>8.786</ele><time>2026-09-03T14:51:10Z</time><sat>28</sat></trkpt>
  <trkpt lat="30.28574636" lon="120.12462459"><ele>9.322</ele><time>2026-09-03T14:51:13Z</time><sat>28</sat></trkpt>
  <trkpt lat="30.28547799" lon="120.12464319"><ele>9.381</ele><time>2026-09-03T14:51:16Z</time><sat>28</sat></trkpt>
  <trkpt lat="30.28518907" lon="120.12466651"><ele>10.317</ele><time>2026-09-03T14:51:19Z</time><sat>28</sat></trkpt>
  <trkpt lat="30.28489099" lon="120.12469370"><ele>9.659</ele><time>2026-09-03T14:51:22Z</time><sat>28</sat></trkpt>
  <trkpt lat="30.28458709" lon="120.12471047"><ele>9.638</ele><time>2026-09-03T14:51:25Z</time><sat>28</sat></trkpt>
  <trkpt lat="30.28430093" lon="120.12473114"><ele>10.831</ele><time>2026-09-03T14:51:28Z</time><sat>28</sat></trkpt>
  <trkpt lat="30.28402487" lon="120.12474859"><ele>10.869</ele><time>2026-09-03T14:51:31Z</time><sat>28</sat></trkpt>
  <trkpt lat="30.28379065" lon="120.12477251"><ele>10.927</ele><time>2026-09-03T14:51:34Z</time><sat>28</sat></trkpt>
  <trkpt lat="30.28356556" lon="120.12481573"><ele>11.139</ele><time>2026-09-03T14:51:37Z</time><sat>28</sat></trkpt>
  <trkpt lat="30.28334586" lon="120.12484060"><ele>12.244</ele><time>2026-09-03T14:51:40Z</time><sat>28</sat></trkpt>
  <trkpt lat="30.28313466" lon="120.12486520"><ele>12.910</ele><time>2026-09-03T14:51:43Z</time><sat>28</sat></trkpt>
  <trkpt lat="30.28294006" lon="120.12488656"><ele>13.231</ele><time>2026-09-03T14:51:46Z</time><sat>28</sat></trkpt>
  <trkpt lat="30.28276399" lon="120.12487918"><ele>12.551</ele><time>2026-09-03T14:51:49Z</time><sat>28</sat></trkpt>
  <trkpt lat="30.28262652" lon="120.12488029"><ele>12.381</ele><time>2026-09-03T14:51:52Z</time><sat>28</sat></trkpt>
  <trkpt lat="30.28251483" lon="120.12488932"><ele>10.514</ele><time>2026-09-03T14:51:55Z</time><sat>28</sat></trkpt>
  <trkpt lat="30.28240676" lon="120.12489926"><ele>11.086</ele><time>2026-09-03T14:51:58Z</time><sat>28</sat></trkpt>
  <trkpt lat="30.28230293" lon="120.12490594"><ele>12.502</ele><time>2026-09-03T14:52:01Z</time><sat>28</sat></trkpt>
  <trkpt lat="30.28215776" lon="120.12491754"><ele>12.898</ele><time>2026-09-03T14:52:04Z</time><sat>28</sat></trkpt>
  <trkpt lat="30.28199602" lon="120.12493038"><ele>11.951</ele><time>2026-09-03T14:52:07Z</time><sat>28</sat></trkpt>
  <trkpt lat="30.28183048" lon="120.12494520"><ele>12.050</ele><time>2026-09-03T14:52:10Z</time><sat>28</sat></trkpt>
  <trkpt lat="30.28166649" lon="120.12496787"><ele>12.231</ele><time>2026-09-03T14:52:13Z</time><sat>28</sat></trkpt>
  <trkpt lat="30.28136570" lon="120.12500268"><ele>11.360</ele><time>2026-09-03T14:52:16Z</time><sat>28</sat></trkpt>
  <trkpt lat="30.28099869" lon="120.12502895"><ele>11.427</ele><time>2026-09-03T14:52:19Z</time><sat>28</sat></trkpt>
  <trkpt lat="30.28063311" lon="120.12504895"><ele>10.994</ele><time>2026-09-03T14:52:22Z</time><sat>28</sat></trkpt>
  <trkpt lat="30.28026383" lon="120.12505692"><ele>10.012</ele><time>2026-09-03T14:52:25Z</time><sat>28</sat></trkpt>
  <trkpt lat="30.27996299" lon="120.12507664"><ele>10.079</ele><time>2026-09-03T14:52:28Z</time><sat>28</sat></trkpt>
  <trkpt lat="30.27968832" lon="120.12507374"><ele>10.310</ele><time>2026-09-03T14:52:31Z</time><sat>28</sat></trkpt>
  <trkpt lat="30.27948539" lon="120.12508612"><ele>9.624</ele><time>2026-09-03T14:52:34Z</time><sat>28</sat></trkpt>
  <trkpt lat="30.27940181" lon="120.12509097"><ele>8.844</ele><time>2026-09-03T14:52:37Z</time><sat>28</sat></trkpt>
  <trkpt lat="30.27940308" lon="120.12509120"><ele>8.758</ele><time>2026-09-03T14:52:40Z</time><sat>28</sat></trkpt>
  <trkpt lat="30.27940263" lon="120.12509439"><ele>8.576</ele><time>2026-09-03T14:52:43Z</time><sat>28</sat></trkpt>
  <trkpt lat="30.27940006" lon="120.12509495"><ele>8.274</ele><time>2026-09-03T14:52:46Z</time><sat>28</sat></trkpt>
  <trkpt lat="30.27939790" lon="120.12509516"><ele>8.076</ele><time>2026-09-03T14:52:49Z</time><sat>28</sat></trkpt>
  <trkpt lat="30.27939764" lon="120.12509509"><ele>8.066</ele><time>2026-09-03T14:52:52Z</time><sat>28</sat></trkpt>
  <trkpt lat="30.27939759" lon="120.12509505"><ele>8.061</ele><time>2026-09-03T14:52:55Z</time><sat>28</sat></trkpt>
  <trkpt lat="30.27939755" lon="120.12509505"><ele>8.061</ele><time>2026-09-03T14:52:58Z</time><sat>28</sat></trkpt>
  <trkpt lat="30.27939754" lon="120.12509504"><ele>8.061</ele><time>2026-09-03T14:53:01Z</time><sat>28</sat></trkpt>
  <trkpt lat="30.27939750" lon="120.12509503"><ele>8.061</ele><time>2026-09-03T14:53:04Z</time><sat>28</sat></trkpt>
  <trkpt lat="30.27939761" lon="120.12509540"><ele>8.164</ele><time>2026-09-03T14:53:07Z</time><sat>28</sat></trkpt>
  <trkpt lat="30.27939763" lon="120.12509541"><ele>8.165</ele><time>2026-09-03T14:53:10Z</time><sat>28</sat></trkpt>
  <trkpt lat="30.27939759" lon="120.12509540"><ele>8.167</ele><time>2026-09-03T14:53:13Z</time><sat>28</sat></trkpt>
  <trkpt lat="30.27939760" lon="120.12509543"><ele>8.166</ele><time>2026-09-03T14:53:16Z</time><sat>28</sat></trkpt>
  <trkpt lat="30.27936625" lon="120.12509859"><ele>7.943</ele><time>2026-09-03T14:53:19Z</time><sat>28</sat></trkpt>
  <trkpt lat="30.27916714" lon="120.12511909"><ele>8.926</ele><time>2026-09-03T14:53:22Z</time><sat>28</sat></trkpt>
  <trkpt lat="30.27883633" lon="120.12517417"><ele>9.965</ele><time>2026-09-03T14:53:25Z</time><sat>28</sat></trkpt>
  <trkpt lat="30.27843825" lon="120.12522331"><ele>10.075</ele><time>2026-09-03T14:53:28Z</time><sat>28</sat></trkpt>
  <trkpt lat="30.27807044" lon="120.12526346"><ele>9.164</ele><time>2026-09-03T14:53:31Z</time><sat>28</sat></trkpt>
  <trkpt lat="30.27765082" lon="120.12527866"><ele>9.106</ele><time>2026-09-03T14:53:34Z</time><sat>28</sat></trkpt>
  <trkpt lat="30.27720364" lon="120.12529433"><ele>8.823</ele><time>2026-09-03T14:53:37Z</time><sat>28</sat></trkpt>
  <trkpt lat="30.27677735" lon="120.12533227"><ele>9.023</ele><time>2026-09-03T14:53:40Z</time><sat>28</sat></trkpt>
  <trkpt lat="30.27634889" lon="120.12536785"><ele>9.206</ele><time>2026-09-03T14:53:43Z</time><sat>28</sat></trkpt>
  <trkpt lat="30.27590141" lon="120.12540402"><ele>9.045</ele><time>2026-09-03T14:53:46Z</time><sat>28</sat></trkpt>
  <trkpt lat="30.27547746" lon="120.12543377"><ele>9.517</ele><time>2026-09-03T14:53:49Z</time><sat>28</sat></trkpt>
  <trkpt lat="30.27507521" lon="120.12546920"><ele>9.689</ele><time>2026-09-03T14:53:52Z</time><sat>28</sat></trkpt>
  <trkpt lat="30.27467839" lon="120.12550371"><ele>9.776</ele><time>2026-09-03T14:53:55Z</time><sat>28</sat></trkpt>
  <trkpt lat="30.27431730" lon="120.12553051"><ele>9.335</ele><time>2026-09-03T14:53:58Z</time><sat>28</sat></trkpt>
  <trkpt lat="30.27400624" lon="120.12552214"><ele>9.775</ele><time>2026-09-03T14:54:01Z</time><sat>28</sat></trkpt>
  <trkpt lat="30.27369236" lon="120.12545650"><ele>9.253</ele><time>2026-09-03T14:54:04Z</time><sat>28</sat></trkpt>
  <trkpt lat="30.27336577" lon="120.12533658"><ele>10.049</ele><time>2026-09-03T14:54:07Z</time><sat>28</sat></trkpt>
  <trkpt lat="30.27300804" lon="120.12518356"><ele>11.467</ele><time>2026-09-03T14:54:10Z</time><sat>28</sat></trkpt>
  <trkpt lat="30.27264708" lon="120.12502476"><ele>11.486</ele><time>2026-09-03T14:54:13Z</time><sat>28</sat></trkpt>
  <trkpt lat="30.27232574" lon="120.12488050"><ele>11.050</ele><time>2026-09-03T14:54:16Z</time><sat>28</sat></trkpt>
  <trkpt lat="30.27203497" lon="120.12475615"><ele>10.574</ele><time>2026-09-03T14:54:19Z</time><sat>28</sat></trkpt>
  <trkpt lat="30.27173309" lon="120.12462532"><ele>10.210</ele><time>2026-09-03T14:54:22Z</time><sat>28</sat></trkpt>
  <trkpt lat="30.27142014" lon="120.12448702"><ele>10.651</ele><time>2026-09-03T14:54:25Z</time><sat>28</sat></trkpt>
  <trkpt lat="30.27112557" lon="120.12435908"><ele>10.708</ele><time>2026-09-03T14:54:28Z</time><sat>28</sat></trkpt>
  <trkpt lat="30.27086976" lon="120.12423206"><ele>11.292</ele><time>2026-09-03T14:54:31Z</time><sat>28</sat></trkpt>
  <trkpt lat="30.27064282" lon="120.12412522"><ele>11.096</ele><time>2026-09-03T14:54:34Z</time><sat>28</sat></trkpt>
  <trkpt lat="30.27052096" lon="120.12406931"><ele>10.938</ele><time>2026-09-03T14:54:37Z</time><sat>28</sat></trkpt>
  <trkpt lat="30.27043969" lon="120.12400480"><ele>11.247</ele><time>2026-09-03T14:54:40Z</time><sat>28</sat></trkpt>
  <trkpt lat="30.27040133" lon="120.12385856"><ele>10.836</ele><time>2026-09-03T14:54:43Z</time><sat>28</sat></trkpt>
  <trkpt lat="30.27040049" lon="120.12360396"><ele>10.186</ele><time>2026-09-03T14:54:46Z</time><sat>28</sat></trkpt>
  <trkpt lat="30.27041275" lon="120.12328105"><ele>10.131</ele><time>2026-09-03T14:54:49Z</time><sat>28</sat></trkpt>
  <trkpt lat="30.27047956" lon="120.12293462"><ele>11.060</ele><time>2026-09-03T14:54:52Z</time><sat>28</sat></trkpt>
  <trkpt lat="30.27059268" lon="120.12259643"><ele>11.047</ele><time>2026-09-03T14:54:55Z</time><sat>28</sat></trkpt>
  <trkpt lat="30.27073414" lon="120.12226306"><ele>10.252</ele><time>2026-09-03T14:54:58Z</time><sat>28</sat></trkpt>
  <trkpt lat="30.27090896" lon="120.12190955"><ele>11.118</ele><time>2026-09-03T14:55:01Z</time><sat>28</sat></trkpt>
  <trkpt lat="30.27111224" lon="120.12150491"><ele>10.099</ele><time>2026-09-03T14:55:04Z</time><sat>28</sat></trkpt>
  <trkpt lat="30.27130959" lon="120.12111293"><ele>10.898</ele><time>2026-09-03T14:55:07Z</time><sat>28</sat></trkpt>
  <trkpt lat="30.27149782" lon="120.12074523"><ele>11.230</ele><time>2026-09-03T14:55:10Z</time><sat>28</sat></trkpt>
  <trkpt lat="30.27166684" lon="120.12041496"><ele>11.331</ele><time>2026-09-03T14:55:13Z</time><sat>28</sat></trkpt>
  <trkpt lat="30.27180291" lon="120.12015334"><ele>11.303</ele><time>2026-09-03T14:55:16Z</time><sat>28</sat></trkpt>
  <trkpt lat="30.27186011" lon="120.12004093"><ele>11.528</ele><time>2026-09-03T14:55:19Z</time><sat>28</sat></trkpt>
  <trkpt lat="30.27186134" lon="120.12003913"><ele>11.839</ele><time>2026-09-03T14:55:22Z</time><sat>28</sat></trkpt>
  <trkpt lat="30.27186164" lon="120.12003943"><ele>11.828</ele><time>2026-09-03T14:55:25Z</time><sat>28</sat></trkpt>
  <trkpt lat="30.27186164" lon="120.12003943"><ele>11.828</ele><time>2026-09-03T14:55:28Z</time><sat>28</sat></trkpt>
  <trkpt lat="30.27186164" lon="120.12003943"><ele>11.828</ele><time>2026-09-03T14:55:31Z</time><sat>28</sat></trkpt>
  <trkpt lat="30.27186164" lon="120.12003943"><ele>11.828</ele><time>2026-09-03T14:55:34Z</time><sat>28</sat></trkpt>
  <trkpt lat="30.27186164" lon="120.12003943"><ele>11.828</ele><time>2026-09-03T14:55:37Z</time><sat>28</sat></trkpt>
  <trkpt lat="30.27186164" lon="120.12003943"><ele>11.828</ele><time>2026-09-03T14:55:40Z</time><sat>28</sat></trkpt>
  <trkpt lat="30.27186164" lon="120.12003943"><ele>11.828</ele><time>2026-09-03T14:55:43Z</time><sat>28</sat></trkpt>
  <trkpt lat="30.27186164" lon="120.12003943"><ele>11.828</ele><time>2026-09-03T14:55:46Z</time><sat>28</sat></trkpt>
  <trkpt lat="30.27185954" lon="120.12003237"><ele>13.297</ele><time>2026-09-03T14:55:49Z</time><sat>28</sat></trkpt>
  <trkpt lat="30.27188979" lon="120.11997055"><ele>13.378</ele><time>2026-09-03T14:55:52Z</time><sat>28</sat></trkpt>
  <trkpt lat="30.27190785" lon="120.11991679"><ele>13.560</ele><time>2026-09-03T14:55:55Z</time><sat>28</sat></trkpt>
  <trkpt lat="30.27191099" lon="120.11988068"><ele>13.197</ele><time>2026-09-03T14:55:58Z</time><sat>28</sat></trkpt>
  <trkpt lat="30.27190683" lon="120.11985294"><ele>12.901</ele><time>2026-09-03T14:56:01Z</time><sat>28</sat></trkpt>
  <trkpt lat="30.27189933" lon="120.11980807"><ele>12.962</ele><time>2026-09-03T14:56:04Z</time><sat>28</sat></trkpt>
  <trkpt lat="30.27186578" lon="120.11975623"><ele>12.575</ele><time>2026-09-03T14:56:07Z</time><sat>28</sat></trkpt>
  <trkpt lat="30.27181653" lon="120.11973897"><ele>12.634</ele><time>2026-09-03T14:56:10Z</time><sat>28</sat></trkpt>
  <trkpt lat="30.27179802" lon="120.11973583"><ele>12.657</ele><time>2026-09-03T14:56:13Z</time><sat>28</sat></trkpt>
  <trkpt lat="30.27176178" lon="120.11972400"><ele>12.808</ele><time>2026-09-03T14:56:16Z</time><sat>28</sat></trkpt>
  <trkpt lat="30.27174240" lon="120.11972190"><ele>10.603</ele><time>2026-09-03T14:56:19Z</time><sat>28</sat></trkpt>
  <trkpt lat="30.27173930" lon="120.11973454"><ele>4.846</ele><time>2026-09-03T14:56:22Z</time><sat>28</sat></trkpt>
  <trkpt lat="30.27175248" lon="120.11971999"><ele>11.533</ele><time>2026-09-03T14:56:25Z</time><sat>28</sat></trkpt>
  <trkpt lat="30.27173141" lon="120.11971131"><ele>11.515</ele><time>2026-09-03T14:56:28Z</time><sat>28</sat></trkpt>
  <trkpt lat="30.27165212" lon="120.11968304"><ele>11.319</ele><time>2026-09-03T14:56:31Z</time><sat>28</sat></trkpt>
  <trkpt lat="30.27158181" lon="120.11966210"><ele>11.170</ele><time>2026-09-03T14:56:34Z</time><sat>28</sat></trkpt>
  <trkpt lat="30.27152764" lon="120.11964813"><ele>10.807</ele><time>2026-09-03T14:56:37Z</time><sat>28</sat></trkpt>
  <trkpt lat="30.27139652" lon="120.11961116"><ele>10.736</ele><time>2026-09-03T14:56:40Z</time><sat>28</sat></trkpt>
  <trkpt lat="30.27124949" lon="120.11956146"><ele>11.127</ele><time>2026-09-03T14:56:43Z</time><sat>28</sat></trkpt>
  <trkpt lat="30.27113320" lon="120.11952648"><ele>11.132</ele><time>2026-09-03T14:56:46Z</time><sat>28</sat></trkpt>
  <trkpt lat="30.27105277" lon="120.11949822"><ele>11.145</ele><time>2026-09-03T14:56:49Z</time><sat>28</sat></trkpt>
  <trkpt lat="30.27096909" lon="120.11946399"><ele>11.594</ele><time>2026-09-03T14:56:52Z</time><sat>28</sat></trkpt>
  <trkpt lat="30.27087803" lon="120.11942097"><ele>12.605</ele><time>2026-09-03T14:56:55Z</time><sat>28</sat></trkpt>
  <trkpt lat="30.27080610" lon="120.11938059"><ele>12.447</ele><time>2026-09-03T14:56:58Z</time><sat>28</sat></trkpt>
  <trkpt lat="30.27078717" lon="120.11937568"><ele>12.769</ele><time>2026-09-03T14:57:01Z</time><sat>28</sat></trkpt>
  <trkpt lat="30.27078863" lon="120.11937772"><ele>12.906</ele><time>2026-09-03T14:57:04Z</time><sat>28</sat></trkpt>
  <trkpt lat="30.27078789" lon="120.11937831"><ele>12.586</ele><time>2026-09-03T14:57:07Z</time><sat>28</sat></trkpt>
  <trkpt lat="30.27078536" lon="120.11937790"><ele>12.315</ele><time>2026-09-03T14:57:10Z</time><sat>28</sat></trkpt>
  <trkpt lat="30.27078402" lon="120.11938527"><ele>13.695</ele><time>2026-09-03T14:57:13Z</time><sat>28</sat></trkpt>
  <trkpt lat="30.27079746" lon="120.11936493"><ele>11.223</ele><time>2026-09-03T14:57:16Z</time><sat>28</sat></trkpt>
  <trkpt lat="30.27081111" lon="120.11936471"><ele>12.476</ele><time>2026-09-03T14:57:19Z</time><sat>28</sat></trkpt>
  <trkpt lat="30.27081176" lon="120.11935913"><ele>12.653</ele><time>2026-09-03T14:57:22Z</time><sat>28</sat></trkpt>
  <trkpt lat="30.27080852" lon="120.11936217"><ele>12.810</ele><time>2026-09-03T14:57:25Z</time><sat>28</sat></trkpt>
  <trkpt lat="30.27077959" lon="120.11934502"><ele>11.334</ele><time>2026-09-03T14:57:28Z</time><sat>28</sat></trkpt>
  <trkpt lat="30.27075827" lon="120.11933654"><ele>12.377</ele><time>2026-09-03T14:57:31Z</time><sat>28</sat></trkpt>
  <trkpt lat="30.27073236" lon="120.11933109"><ele>12.501</ele><time>2026-09-03T14:57:34Z</time><sat>28</sat></trkpt>
  <trkpt lat="30.27071182" lon="120.11931812"><ele>12.630</ele><time>2026-09-03T14:57:37Z</time><sat>28</sat></trkpt>
  <trkpt lat="30.27068071" lon="120.11930088"><ele>12.778</ele><time>2026-09-03T14:57:40Z</time><sat>28</sat></trkpt>
  <trkpt lat="30.27063519" lon="120.11927879"><ele>11.909</ele><time>2026-09-03T14:57:43Z</time><sat>28</sat></trkpt>
  <trkpt lat="30.27060838" lon="120.11926749"><ele>10.601</ele><time>2026-09-03T14:57:46Z</time><sat>28</sat></trkpt>
  <trkpt lat="30.27057779" lon="120.11926192"><ele>11.407</ele><time>2026-09-03T14:57:49Z</time><sat>28</sat></trkpt>
  <trkpt lat="30.27054978" lon="120.11925474"><ele>11.436</ele><time>2026-09-03T14:57:52Z</time><sat>28</sat></trkpt>
  <trkpt lat="30.27052123" lon="120.11924376"><ele>12.834</ele><time>2026-09-03T14:57:55Z</time><sat>28</sat></trkpt>
  <trkpt lat="30.27048364" lon="120.11923427"><ele>13.827</ele><time>2026-09-03T14:57:58Z</time><sat>28</sat></trkpt>
  <trkpt lat="30.27044912" lon="120.11922804"><ele>14.094</ele><time>2026-09-03T14:58:01Z</time><sat>28</sat></trkpt>
  <trkpt lat="30.27042013" lon="120.11921052"><ele>15.551</ele><time>2026-09-03T14:58:04Z</time><sat>28</sat></trkpt>
  <trkpt lat="30.27038454" lon="120.11919430"><ele>16.238</ele><time>2026-09-03T14:58:07Z</time><sat>28</sat></trkpt>
  <trkpt lat="30.27035874" lon="120.11918088"><ele>16.564</ele><time>2026-09-03T14:58:10Z</time><sat>28</sat></trkpt>
  <trkpt lat="30.27033058" lon="120.11918189"><ele>16.150</ele><time>2026-09-03T14:58:13Z</time><sat>28</sat></trkpt>
  <trkpt lat="30.27030579" lon="120.11920418"><ele>16.032</ele><time>2026-09-03T14:58:16Z</time><sat>28</sat></trkpt>
  <trkpt lat="30.27028383" lon="120.11921209"><ele>14.983</ele><time>2026-09-03T14:58:19Z</time><sat>28</sat></trkpt>
  <trkpt lat="30.27025855" lon="120.11921887"><ele>15.214</ele><time>2026-09-03T14:58:22Z</time><sat>28</sat></trkpt>
  <trkpt lat="30.27023271" lon="120.11922089"><ele>14.799</ele><time>2026-09-03T14:58:25Z</time><sat>28</sat></trkpt>
  <trkpt lat="30.27020248" lon="120.11922414"><ele>14.204</ele><time>2026-09-03T14:58:28Z</time><sat>28</sat></trkpt>
  <trkpt lat="30.27017212" lon="120.11921670"><ele>14.325</ele><time>2026-09-03T14:58:31Z</time><sat>28</sat></trkpt>
  <trkpt lat="30.27014359" lon="120.11920635"><ele>13.629</ele><time>2026-09-03T14:58:34Z</time><sat>28</sat></trkpt>
  <trkpt lat="30.27011491" lon="120.11919709"><ele>13.273</ele><time>2026-09-03T14:58:37Z</time><sat>28</sat></trkpt>
  <trkpt lat="30.27008909" lon="120.11918599"><ele>13.431</ele><time>2026-09-03T14:58:40Z</time><sat>28</sat></trkpt>
  <trkpt lat="30.27005651" lon="120.11919561"><ele>14.436</ele><time>2026-09-03T14:58:43Z</time><sat>27</sat></trkpt>
  <trkpt lat="30.27004089" lon="120.11923360"><ele>15.670</ele><time>2026-09-03T14:58:46Z</time><sat>27</sat></trkpt>
  <trkpt lat="30.27003132" lon="120.11927180"><ele>14.826</ele><time>2026-09-03T14:58:49Z</time><sat>27</sat></trkpt>
  <trkpt lat="30.27001451" lon="120.11930696"><ele>13.397</ele><time>2026-09-03T14:58:52Z</time><sat>27</sat></trkpt>
  <trkpt lat="30.26999633" lon="120.11934556"><ele>15.294</ele><time>2026-09-03T14:58:55Z</time><sat>26</sat></trkpt>
  <trkpt lat="30.26998389" lon="120.11937800"><ele>14.666</ele><time>2026-09-03T14:58:58Z</time><sat>27</sat></trkpt>
  <trkpt lat="30.26997538" lon="120.11941288"><ele>13.065</ele><time>2026-09-03T14:59:01Z</time><sat>27</sat></trkpt>
  <trkpt lat="30.26996400" lon="120.11944940"><ele>12.099</ele><time>2026-09-03T14:59:04Z</time><sat>22</sat></trkpt>
  <trkpt lat="30.26993713" lon="120.11948399"><ele>12.390</ele><time>2026-09-03T14:59:07Z</time><sat>20</sat></trkpt>
  <trkpt lat="30.26988785" lon="120.11948213"><ele>14.142</ele><time>2026-09-03T14:59:10Z</time><sat>23</sat></trkpt>
  <trkpt lat="30.26985887" lon="120.11951022"><ele>15.794</ele><time>2026-09-03T14:59:13Z</time><sat>24</sat></trkpt>
  <trkpt lat="30.26985115" lon="120.11956153"><ele>16.933</ele><time>2026-09-03T14:59:16Z</time><sat>23</sat></trkpt>
  <trkpt lat="30.26985441" lon="120.11962636"><ele>18.089</ele><time>2026-09-03T14:59:19Z</time><sat>22</sat></trkpt>
  <trkpt lat="30.26984222" lon="120.11966904"><ele>18.167</ele><time>2026-09-03T14:59:22Z</time><sat>22</sat></trkpt>
  <trkpt lat="30.26983345" lon="120.11970493"><ele>16.158</ele><time>2026-09-03T14:59:25Z</time><sat>25</sat></trkpt>
  <trkpt lat="30.26982639" lon="120.11973968"><ele>12.410</ele><time>2026-09-03T14:59:28Z</time><sat>25</sat></trkpt>
  <trkpt lat="30.26980963" lon="120.11977072"><ele>7.756</ele><time>2026-09-03T14:59:31Z</time><sat>25</sat></trkpt>
  <trkpt lat="30.26978070" lon="120.11980377"><ele>5.048</ele><time>2026-09-03T14:59:34Z</time><sat>26</sat></trkpt>
  <trkpt lat="30.26974233" lon="120.11979116"><ele>4.170</ele><time>2026-09-03T14:59:37Z</time><sat>23</sat></trkpt>
  <trkpt lat="30.26970838" lon="120.11979236"><ele>3.497</ele><time>2026-09-03T14:59:40Z</time><sat>13</sat></trkpt>
  <trkpt lat="30.26969134" lon="120.11982611"><ele>2.826</ele><time>2026-09-03T14:59:43Z</time><sat>6</sat></trkpt>
  <trkpt lat="30.26968261" lon="120.11985829"><ele>-1.548</ele><time>2026-09-03T14:59:46Z</time></trkpt>
  <trkpt lat="30.26966994" lon="120.11988898"><ele>-2.497</ele><time>2026-09-03T14:59:49Z</time><sat>4</sat></trkpt>
  <trkpt lat="30.26965564" lon="120.11992285"><ele>1.685</ele><time>2026-09-03T14:59:52Z</time><sat>12</sat></trkpt>
  <trkpt lat="30.26964305" lon="120.11996262"><ele>1.543</ele><time>2026-09-03T14:59:55Z</time><sat>17</sat></trkpt>
  <trkpt lat="30.26962156" lon="120.11999692"><ele>5.660</ele><time>2026-09-03T14:59:58Z</time><sat>20</sat></trkpt>
  <trkpt lat="30.26962126" lon="120.12001466"><ele>9.373</ele><time>2026-09-03T15:00:01Z</time><sat>20</sat></trkpt>
  <trkpt lat="30.26961376" lon="120.12002086"><ele>4.885</ele><time>2026-09-03T15:00:04Z</time><sat>23</sat></trkpt>
  <trkpt lat="30.26959803" lon="120.12003610"><ele>2.832</ele><time>2026-09-03T15:00:07Z</time><sat>25</sat></trkpt>
  <trkpt lat="30.26957573" lon="120.12004912"><ele>1.990</ele><time>2026-09-03T15:00:10Z</time><sat>26</sat></trkpt>
  <trkpt lat="30.26954522" lon="120.12005500"><ele>0.749</ele><time>2026-09-03T15:00:13Z</time><sat>26</sat></trkpt>
  <trkpt lat="30.26951137" lon="120.12004546"><ele>0.867</ele><time>2026-09-03T15:00:16Z</time><sat>26</sat></trkpt>
  <trkpt lat="30.26948049" lon="120.12003380"><ele>1.003</ele><time>2026-09-03T15:00:19Z</time><sat>28</sat></trkpt>
  <trkpt lat="30.26945245" lon="120.12001597"><ele>2.112</ele><time>2026-09-03T15:00:22Z</time><sat>28</sat></trkpt>
  <trkpt lat="30.26942088" lon="120.12001914"><ele>3.334</ele><time>2026-09-03T15:00:25Z</time><sat>25</sat></trkpt>
  <trkpt lat="30.26939248" lon="120.12003431"><ele>3.824</ele><time>2026-09-03T15:00:28Z</time><sat>26</sat></trkpt>
  <trkpt lat="30.26937049" lon="120.12006043"><ele>3.951</ele><time>2026-09-03T15:00:31Z</time><sat>25</sat></trkpt>
  <trkpt lat="30.26935538" lon="120.12009293"><ele>5.465</ele><time>2026-09-03T15:00:34Z</time><sat>27</sat></trkpt>
  <trkpt lat="30.26934612" lon="120.12013008"><ele>3.174</ele><time>2026-09-03T15:00:37Z</time><sat>27</sat></trkpt>
  <trkpt lat="30.26933912" lon="120.12016543"><ele>3.148</ele><time>2026-09-03T15:00:40Z</time><sat>27</sat></trkpt>
  <trkpt lat="30.26933942" lon="120.12020085"><ele>4.826</ele><time>2026-09-03T15:00:43Z</time><sat>27</sat></trkpt>
  <trkpt lat="30.26932987" lon="120.12023566"><ele>7.943</ele><time>2026-09-03T15:00:46Z</time><sat>26</sat></trkpt>
  <trkpt lat="30.26930228" lon="120.12024239"><ele>14.664</ele><time>2026-09-03T15:00:49Z</time><sat>25</sat></trkpt>
  <trkpt lat="30.26926511" lon="120.12029177"><ele>14.627</ele><time>2026-09-03T15:00:52Z</time><sat>24</sat></trkpt>
  <trkpt lat="30.26924502" lon="120.12038735"><ele>12.893</ele><time>2026-09-03T15:00:55Z</time><sat>20</sat></trkpt>
  <trkpt lat="30.26925766" lon="120.12038642"><ele>6.521</ele><time>2026-09-03T15:00:58Z</time><sat>22</sat></trkpt>
  <trkpt lat="30.26922251" lon="120.12047395"><ele>10.083</ele><time>2026-09-03T15:01:01Z</time><sat>16</sat></trkpt>
  <trkpt lat="30.26921181" lon="120.12053534"><ele>12.086</ele><time>2026-09-03T15:01:04Z</time><sat>28</sat></trkpt>
  <trkpt lat="30.26920724" lon="120.12052689"><ele>12.412</ele><time>2026-09-03T15:01:07Z</time><sat>29</sat></trkpt>
  <trkpt lat="30.26922046" lon="120.12049511"><ele>14.004</ele><time>2026-09-03T15:01:10Z</time><sat>28</sat></trkpt>
  <trkpt lat="30.26926240" lon="120.12043701"><ele>15.532</ele><time>2026-09-03T15:01:13Z</time><sat>26</sat></trkpt>
  <trkpt lat="30.26930272" lon="120.12042920"><ele>14.814</ele><time>2026-09-03T15:01:16Z</time><sat>27</sat></trkpt>
  <trkpt lat="30.26932986" lon="120.12035532"><ele>14.286</ele><time>2026-09-03T15:01:19Z</time><sat>27</sat></trkpt>
  <trkpt lat="30.26933316" lon="120.12025136"><ele>14.709</ele><time>2026-09-03T15:01:22Z</time><sat>25</sat></trkpt>
  <trkpt lat="30.26938640" lon="120.12013485"><ele>15.399</ele><time>2026-09-03T15:01:25Z</time><sat>27</sat></trkpt>
  <trkpt lat="30.26937226" lon="120.12001846"><ele>16.306</ele><time>2026-09-03T15:01:28Z</time><sat>29</sat></trkpt>
  <trkpt lat="30.26924652" lon="120.11991909"><ele>15.577</ele><time>2026-09-03T15:01:31Z</time><sat>28</sat></trkpt>
  <trkpt lat="30.26910162" lon="120.11983604"><ele>18.216</ele><time>2026-09-03T15:01:34Z</time><sat>28</sat></trkpt>
  <trkpt lat="30.26894084" lon="120.11978808"><ele>17.854</ele><time>2026-09-03T15:01:37Z</time><sat>29</sat></trkpt>
  <trkpt lat="30.26878786" lon="120.11973491"><ele>17.563</ele><time>2026-09-03T15:01:40Z</time><sat>29</sat></trkpt>
  <trkpt lat="30.26867905" lon="120.11968796"><ele>17.367</ele><time>2026-09-03T15:01:43Z</time><sat>27</sat></trkpt>
  <trkpt lat="30.26859202" lon="120.11963741"><ele>16.843</ele><time>2026-09-03T15:01:46Z</time><sat>23</sat></trkpt>
  <trkpt lat="30.26853637" lon="120.11958645"><ele>14.377</ele><time>2026-09-03T15:01:49Z</time><sat>25</sat></trkpt>
  <trkpt lat="30.26855274" lon="120.11949513"><ele>12.624</ele><time>2026-09-03T15:01:52Z</time><sat>26</sat></trkpt>
  <trkpt lat="30.26857699" lon="120.11938183"><ele>11.380</ele><time>2026-09-03T15:01:55Z</time><sat>27</sat></trkpt>
  <trkpt lat="30.26861493" lon="120.11925782"><ele>12.341</ele><time>2026-09-03T15:01:58Z</time><sat>29</sat></trkpt>
  <trkpt lat="30.26865442" lon="120.11913725"><ele>12.871</ele><time>2026-09-03T15:02:01Z</time><sat>30</sat></trkpt>
  <trkpt lat="30.26870192" lon="120.11898860"><ele>14.790</ele><time>2026-09-03T15:02:04Z</time><sat>30</sat></trkpt>
  <trkpt lat="30.26874953" lon="120.11884361"><ele>15.405</ele><time>2026-09-03T15:02:07Z</time><sat>29</sat></trkpt>
  <trkpt lat="30.26875888" lon="120.11872961"><ele>15.991</ele><time>2026-09-03T15:02:10Z</time><sat>29</sat></trkpt>
  <trkpt lat="30.26869367" lon="120.11863290"><ele>15.967</ele><time>2026-09-03T15:02:13Z</time><sat>29</sat></trkpt>
  <trkpt lat="30.26859077" lon="120.11855920"><ele>15.121</ele><time>2026-09-03T15:02:16Z</time><sat>28</sat></trkpt>
  <trkpt lat="30.26847096" lon="120.11850274"><ele>15.381</ele><time>2026-09-03T15:02:19Z</time><sat>29</sat></trkpt>
  <trkpt lat="30.26834840" lon="120.11844062"><ele>16.563</ele><time>2026-09-03T15:02:22Z</time><sat>29</sat></trkpt>
  <trkpt lat="30.26820918" lon="120.11835547"><ele>18.510</ele><time>2026-09-03T15:02:25Z</time><sat>29</sat></trkpt>
  <trkpt lat="30.26810459" lon="120.11829451"><ele>20.290</ele><time>2026-09-03T15:02:28Z</time><sat>26</sat></trkpt>
  <trkpt lat="30.26795497" lon="120.11823027"><ele>17.633</ele><time>2026-09-03T15:02:31Z</time><sat>26</sat></trkpt>
  <trkpt lat="30.26783024" lon="120.11817399"><ele>17.431</ele><time>2026-09-03T15:02:34Z</time><sat>27</sat></trkpt>
  <trkpt lat="30.26772261" lon="120.11814438"><ele>17.204</ele><time>2026-09-03T15:02:37Z</time><sat>28</sat></trkpt>
  <trkpt lat="30.26767374" lon="120.11810528"><ele>19.297</ele><time>2026-09-03T15:02:40Z</time><sat>27</sat></trkpt>
  <trkpt lat="30.26767254" lon="120.11808318"><ele>21.869</ele><time>2026-09-03T15:02:43Z</time><sat>28</sat></trkpt>
  <trkpt lat="30.26768638" lon="120.11805186"><ele>21.365</ele><time>2026-09-03T15:02:46Z</time><sat>28</sat></trkpt>
  <trkpt lat="30.26774359" lon="120.11805517"><ele>20.028</ele><time>2026-09-03T15:02:49Z</time><sat>28</sat></trkpt>
  <trkpt lat="30.26783166" lon="120.11808260"><ele>19.095</ele><time>2026-09-03T15:02:52Z</time><sat>27</sat></trkpt>
  <trkpt lat="30.26789764" lon="120.11810483"><ele>18.605</ele><time>2026-09-03T15:02:55Z</time><sat>27</sat></trkpt>
  <trkpt lat="30.26792230" lon="120.11804958"><ele>18.226</ele><time>2026-09-03T15:02:58Z</time><sat>26</sat></trkpt>
  <trkpt lat="30.26794554" lon="120.11798437"><ele>18.469</ele><time>2026-09-03T15:03:01Z</time><sat>26</sat></trkpt>
  <trkpt lat="30.26796118" lon="120.11798147"><ele>18.666</ele><time>2026-09-03T15:03:04Z</time><sat>27</sat></trkpt>
  <trkpt lat="30.26803032" lon="120.11794718"><ele>18.964</ele><time>2026-09-03T15:03:07Z</time><sat>28</sat></trkpt>
  <trkpt lat="30.26809796" lon="120.11792431"><ele>18.285</ele><time>2026-09-03T15:03:10Z</time><sat>28</sat></trkpt>
  <trkpt lat="30.26816183" lon="120.11793330"><ele>21.235</ele><time>2026-09-03T15:03:13Z</time><sat>28</sat></trkpt>
  <trkpt lat="30.26819908" lon="120.11792940"><ele>22.014</ele><time>2026-09-03T15:03:16Z</time><sat>28</sat></trkpt>
  <trkpt lat="30.26829193" lon="120.11783982"><ele>24.452</ele><time>2026-09-03T15:03:19Z</time><sat>27</sat></trkpt>
  <trkpt lat="30.26840079" lon="120.11783296"><ele>19.794</ele><time>2026-09-03T15:03:22Z</time><sat>25</sat></trkpt>
  <trkpt lat="30.26850979" lon="120.11789622"><ele>16.734</ele><time>2026-09-03T15:03:25Z</time><sat>26</sat></trkpt>
  <trkpt lat="30.26857691" lon="120.11799752"><ele>16.547</ele><time>2026-09-03T15:03:28Z</time><sat>27</sat></trkpt>
  <trkpt lat="30.26865423" lon="120.11808158"><ele>17.094</ele><time>2026-09-03T15:03:31Z</time><sat>28</sat></trkpt>
  <trkpt lat="30.26870769" lon="120.11808566"><ele>17.295</ele><time>2026-09-03T15:03:34Z</time><sat>28</sat></trkpt>
  <trkpt lat="30.26871235" lon="120.11806164"><ele>16.693</ele><time>2026-09-03T15:03:37Z</time><sat>26</sat></trkpt>
  <trkpt lat="30.26871232" lon="120.11804736"><ele>16.219</ele><time>2026-09-03T15:03:40Z</time><sat>26</sat></trkpt>
  <trkpt lat="30.26870846" lon="120.11804236"><ele>15.800</ele><time>2026-09-03T15:03:43Z</time><sat>27</sat></trkpt>
  <trkpt lat="30.26867512" lon="120.11803488"><ele>15.758</ele><time>2026-09-03T15:03:46Z</time><sat>27</sat></trkpt>
  <trkpt lat="30.26864060" lon="120.11802174"><ele>15.881</ele><time>2026-09-03T15:03:49Z</time><sat>27</sat></trkpt>
  <trkpt lat="30.26861638" lon="120.11800972"><ele>15.510</ele><time>2026-09-03T15:03:52Z</time><sat>26</sat></trkpt>
  <trkpt lat="30.26859121" lon="120.11798480"><ele>15.745</ele><time>2026-09-03T15:03:55Z</time><sat>26</sat></trkpt>
  <trkpt lat="30.26854438" lon="120.11796010"><ele>16.578</ele><time>2026-09-03T15:03:58Z</time><sat>28</sat></trkpt>
  <trkpt lat="30.26852086" lon="120.11792898"><ele>17.850</ele><time>2026-09-03T15:04:01Z</time><sat>29</sat></trkpt>
  <trkpt lat="30.26848605" lon="120.11791257"><ele>17.918</ele><time>2026-09-03T15:04:04Z</time><sat>29</sat></trkpt>
  <trkpt lat="30.26847762" lon="120.11788420"><ele>17.669</ele><time>2026-09-03T15:04:07Z</time><sat>27</sat></trkpt>
  <trkpt lat="30.26845118" lon="120.11786196"><ele>18.048</ele><time>2026-09-03T15:04:10Z</time><sat>27</sat></trkpt>
  <trkpt lat="30.26841449" lon="120.11784543"><ele>18.056</ele><time>2026-09-03T15:04:13Z</time><sat>27</sat></trkpt>
  <trkpt lat="30.26837154" lon="120.11785570"><ele>16.612</ele><time>2026-09-03T15:04:16Z</time><sat>25</sat></trkpt>
  <trkpt lat="30.26834001" lon="120.11787935"><ele>16.770</ele><time>2026-09-03T15:04:19Z</time><sat>25</sat></trkpt>
  <trkpt lat="30.26832046" lon="120.11790777"><ele>16.309</ele><time>2026-09-03T15:04:22Z</time><sat>26</sat></trkpt>
  <trkpt lat="30.26829813" lon="120.11794067"><ele>15.731</ele><time>2026-09-03T15:04:25Z</time><sat>26</sat></trkpt>
  <trkpt lat="30.26827096" lon="120.11796359"><ele>15.540</ele><time>2026-09-03T15:04:28Z</time><sat>25</sat></trkpt>
  <trkpt lat="30.26823970" lon="120.11797557"><ele>15.340</ele><time>2026-09-03T15:04:31Z</time><sat>24</sat></trkpt>
  <trkpt lat="30.26818930" lon="120.11797698"><ele>17.390</ele><time>2026-09-03T15:04:34Z</time><sat>24</sat></trkpt>
  <trkpt lat="30.26816633" lon="120.11798352"><ele>16.186</ele><time>2026-09-03T15:04:37Z</time><sat>28</sat></trkpt>
  <trkpt lat="30.26821778" lon="120.11797274"><ele>14.913</ele><time>2026-09-03T15:04:40Z</time><sat>29</sat></trkpt>
  <trkpt lat="30.26821605" lon="120.11803555"><ele>13.921</ele><time>2026-09-03T15:04:43Z</time><sat>26</sat></trkpt>
  <trkpt lat="30.26817258" lon="120.11806773"><ele>13.459</ele><time>2026-09-03T15:04:46Z</time><sat>22</sat></trkpt>
  <trkpt lat="30.26815616" lon="120.11810522"><ele>12.602</ele><time>2026-09-03T15:04:49Z</time><sat>17</sat></trkpt>
  <trkpt lat="30.26818135" lon="120.11812705"><ele>12.019</ele><time>2026-09-03T15:04:52Z</time><sat>6</sat></trkpt>
  <trkpt lat="30.26821484" lon="120.11810207"><ele>11.335</ele><time>2026-09-03T15:04:55Z</time><sat>1</sat></trkpt>
  <trkpt lat="30.26823708" lon="120.11807176"><ele>11.714</ele><time>2026-09-03T15:04:58Z</time></trkpt>
  <trkpt lat="30.26825445" lon="120.11802013"><ele>40.766</ele><time>2026-09-03T15:05:01Z</time><sat>1</sat></trkpt>
  <trkpt lat="30.26821383" lon="120.11800874"><ele>41.012</ele><time>2026-09-03T15:05:04Z</time><sat>12</sat></trkpt>
  <trkpt lat="30.26819861" lon="120.11803468"><ele>41.062</ele><time>2026-09-03T15:05:07Z</time><sat>17</sat></trkpt>
  <trkpt lat="30.26822858" lon="120.11804434"><ele>42.731</ele><time>2026-09-03T15:05:10Z</time><sat>10</sat></trkpt>
  <trkpt lat="30.26824771" lon="120.11801605"><ele>28.271</ele><time>2026-09-03T15:05:13Z</time><sat>4</sat></trkpt>
  <trkpt lat="30.26824430" lon="120.11797514"><ele>24.537</ele><time>2026-09-03T15:05:16Z</time><sat>10</sat></trkpt>
  <trkpt lat="30.26824830" lon="120.11796012"><ele>25.973</ele><time>2026-09-03T15:05:19Z</time><sat>14</sat></trkpt>
  <trkpt lat="30.26819538" lon="120.11799915"><ele>26.054</ele><time>2026-09-03T15:05:22Z</time><sat>14</sat></trkpt>
  <trkpt lat="30.26821257" lon="120.11803717"><ele>24.602</ele><time>2026-09-03T15:05:25Z</time><sat>8</sat></trkpt>
  <trkpt lat="30.26823845" lon="120.11804765"><ele>23.581</ele><time>2026-09-03T15:05:28Z</time><sat>6</sat></trkpt>
  <trkpt lat="30.26826317" lon="120.11806203"><ele>21.281</ele><time>2026-09-03T15:05:31Z</time><sat>7</sat></trkpt>
  <trkpt lat="30.26828683" lon="120.11807703"><ele>20.762</ele><time>2026-09-03T15:05:34Z</time><sat>10</sat></trkpt>
  <trkpt lat="30.26830791" lon="120.11808943"><ele>20.222</ele><time>2026-09-03T15:05:37Z</time><sat>8</sat></trkpt>
  <trkpt lat="30.26833243" lon="120.11809793"><ele>19.446</ele><time>2026-09-03T15:05:40Z</time><sat>5</sat></trkpt>
  <trkpt lat="30.26835766" lon="120.11809314"><ele>16.554</ele><time>2026-09-03T15:05:43Z</time><sat>5</sat></trkpt>
  <trkpt lat="30.26836553" lon="120.11806184"><ele>15.821</ele><time>2026-09-03T15:05:46Z</time><sat>6</sat></trkpt>
  <trkpt lat="30.26837246" lon="120.11803190"><ele>16.805</ele><time>2026-09-03T15:05:49Z</time><sat>7</sat></trkpt>
  <trkpt lat="30.26838140" lon="120.11800260"><ele>17.434</ele><time>2026-09-03T15:05:52Z</time><sat>3</sat></trkpt>
  <trkpt lat="30.26839074" lon="120.11797383"><ele>18.064</ele><time>2026-09-03T15:05:55Z</time><sat>1</sat></trkpt>
  <trkpt lat="30.26841321" lon="120.11795642"><ele>18.695</ele><time>2026-09-03T15:05:58Z</time></trkpt>
  <trkpt lat="30.26844262" lon="120.11795536"><ele>-11.383</ele><time>2026-09-03T15:06:01Z</time></trkpt>
  <trkpt lat="30.26846203" lon="120.11794860"><ele>-2.210</ele><time>2026-09-03T15:06:04Z</time><sat>4</sat></trkpt>
  <trkpt lat="30.26846664" lon="120.11793097"><ele>2.112</ele><time>2026-09-03T15:06:07Z</time><sat>6</sat></trkpt>
  <trkpt lat="30.26844692" lon="120.11791099"><ele>-0.187</ele><time>2026-09-03T15:06:10Z</time><sat>7</sat></trkpt>
  <trkpt lat="30.26842760" lon="120.11790736"><ele>0.113</ele><time>2026-09-03T15:06:13Z</time><sat>7</sat></trkpt>
  <trkpt lat="30.26840431" lon="120.11789712"><ele>-1.262</ele><time>2026-09-03T15:06:16Z</time><sat>5</sat></trkpt>
  <trkpt lat="30.26839909" lon="120.11789482"><ele>-1.423</ele><time>2026-09-03T15:06:19Z</time><sat>5</sat></trkpt>
  <trkpt lat="30.26839893" lon="120.11789476"><ele>-1.423</ele><time>2026-09-03T15:06:22Z</time><sat>1</sat></trkpt>
  <trkpt lat="30.26839893" lon="120.11789475"><ele>-1.423</ele><time>2026-09-03T15:06:25Z</time></trkpt>
  <trkpt lat="30.26839893" lon="120.11789475"><ele>-1.423</ele><time>2026-09-03T15:06:28Z</time></trkpt>
  <trkpt lat="30.26839893" lon="120.11789475"><ele>-1.423</ele><time>2026-09-03T15:06:31Z</time></trkpt>
  <trkpt lat="30.26843962" lon="120.11790782"><ele>-3.231</ele><time>2026-09-03T15:06:34Z</time></trkpt>
  <trkpt lat="30.26855817" lon="120.11791118"><ele>-2.717</ele><time>2026-09-03T15:06:37Z</time><sat>3</sat></trkpt>
  <trkpt lat="30.26831981" lon="120.11789752"><ele>1.226</ele><time>2026-09-03T15:06:40Z</time><sat>4</sat></trkpt>
  <trkpt lat="30.26831729" lon="120.11790348"><ele>-0.228</ele><time>2026-09-03T15:06:43Z</time><sat>3</sat></trkpt>
  <trkpt lat="30.26831786" lon="120.11790515"><ele>-0.145</ele><time>2026-09-03T15:06:46Z</time><sat>5</sat></trkpt>
  <trkpt lat="30.26831784" lon="120.11790518"><ele>-0.145</ele><time>2026-09-03T15:06:49Z</time><sat>5</sat></trkpt>
  <trkpt lat="30.26831784" lon="120.11790518"><ele>-0.145</ele><time>2026-09-03T15:06:52Z</time><sat>2</sat></trkpt>
  <trkpt lat="30.26826081" lon="120.11789236"><ele>-0.145</ele><time>2026-09-03T15:06:55Z</time></trkpt>
  <trkpt lat="30.26819836" lon="120.11777948"><ele>-0.144</ele><time>2026-09-03T15:06:58Z</time></trkpt>
  <trkpt lat="30.26819549" lon="120.11777518"><ele>-0.144</ele><time>2026-09-03T15:07:01Z</time></trkpt>
  <trkpt lat="30.26819545" lon="120.11777512"><ele>-0.144</ele><time>2026-09-03T15:07:04Z</time></trkpt>
  <trkpt lat="30.26819545" lon="120.11777511"><ele>-0.144</ele><time>2026-09-03T15:07:07Z</time></trkpt>
  <trkpt lat="30.26813633" lon="120.11780424"><ele>-0.144</ele><time>2026-09-03T15:07:10Z</time></trkpt>
  <trkpt lat="30.26810808" lon="120.11785710"><ele>-0.145</ele><time>2026-09-03T15:07:13Z</time></trkpt>
  <trkpt lat="30.26810620" lon="120.11786126"><ele>-0.145</ele><time>2026-09-03T15:07:16Z</time></trkpt>
  <trkpt lat="30.26810613" lon="120.11786142"><ele>-0.145</ele><time>2026-09-03T15:07:19Z</time></trkpt>
  <trkpt lat="30.26810612" lon="120.11786142"><ele>-0.145</ele><time>2026-09-03T15:07:22Z</time></trkpt>
  <trkpt lat="30.26810612" lon="120.11786142"><ele>-0.145</ele><time>2026-09-03T15:07:25Z</time></trkpt>
  <trkpt lat="30.26810612" lon="120.11786142"><ele>-0.145</ele><time>2026-09-03T15:07:28Z</time></trkpt>
  <trkpt lat="30.26810612" lon="120.11786142"><ele>-0.145</ele><time>2026-09-03T15:07:31Z</time></trkpt>
  <trkpt lat="30.26810612" lon="120.11786142"><ele>-0.145</ele><time>2026-09-03T15:07:34Z</time></trkpt>
  <trkpt lat="30.26867584" lon="120.11798000"><ele>21.750</ele><time>2026-09-03T15:11:14Z</time><sat>2</sat></trkpt>
  <trkpt lat="30.26868963" lon="120.11804644"><ele>18.218</ele><time>2026-09-03T15:11:17Z</time><sat>2</sat></trkpt>
  <trkpt lat="30.26868967" lon="120.11804652"><ele>18.300</ele><time>2026-09-03T15:11:20Z</time><sat>2</sat></trkpt>
  <trkpt lat="30.26874784" lon="120.11803998"><ele>13.783</ele><time>2026-09-03T15:11:36Z</time><sat>8</sat></trkpt>
  <trkpt lat="30.26874777" lon="120.11803989"><ele>13.793</ele><time>2026-09-03T15:11:39Z</time><sat>8</sat></trkpt>
  <trkpt lat="30.26874777" lon="120.11803989"><ele>13.793</ele><time>2026-09-03T15:11:42Z</time><sat>9</sat></trkpt>
  <trkpt lat="30.26874685" lon="120.11803928"><ele>13.752</ele><time>2026-09-03T15:11:46Z</time><sat>2</sat></trkpt>
  <trkpt lat="30.26874879" lon="120.11803957"><ele>13.856</ele><time>2026-09-03T15:11:51Z</time><sat>5</sat></trkpt>
  <trkpt lat="30.26878385" lon="120.11802140"><ele>18.819</ele><time>2026-09-03T15:11:54Z</time><sat>4</sat></trkpt>
  <trkpt lat="30.26874811" lon="120.11803970"><ele>13.857</ele><time>2026-09-03T15:11:57Z</time><sat>2</sat></trkpt>
  <trkpt lat="30.26875017" lon="120.11803957"><ele>13.893</ele><time>2026-09-03T15:12:00Z</time><sat>4</sat></trkpt>
  <trkpt lat="30.26875014" lon="120.11803953"><ele>13.897</ele><time>2026-09-03T15:12:03Z</time><sat>6</sat></trkpt>
  <trkpt lat="30.26875009" lon="120.11803964"><ele>13.878</ele><time>2026-09-03T15:12:06Z</time><sat>5</sat></trkpt>
  <trkpt lat="30.26837868" lon="120.11813961"><ele>11.217</ele><time>2026-09-03T15:14:10Z</time><sat>6</sat></trkpt>
  <trkpt lat="30.26837868" lon="120.11813961"><ele>11.217</ele><time>2026-09-03T15:14:13Z</time><sat>6</sat></trkpt>
  <trkpt lat="30.26837881" lon="120.11813964"><ele>11.231</ele><time>2026-09-03T15:14:16Z</time><sat>3</sat></trkpt>
  <trkpt lat="30.26837757" lon="120.11813975"><ele>11.319</ele><time>2026-09-03T15:14:19Z</time><sat>2</sat></trkpt>
  <trkpt lat="30.26837663" lon="120.11813951"><ele>11.326</ele><time>2026-09-03T15:14:22Z</time><sat>3</sat></trkpt>
  <trkpt lat="30.26850440" lon="120.11810750"><ele>10.493</ele><time>2026-09-03T15:14:43Z</time><sat>2</sat></trkpt>
  <trkpt lat="30.26850472" lon="120.11810529"><ele>10.344</ele><time>2026-09-03T15:14:48Z</time><sat>2</sat></trkpt>
  <trkpt lat="30.26856167" lon="120.11808547"><ele>9.602</ele><time>2026-09-03T15:15:07Z</time><sat>2</sat></trkpt>
  <trkpt lat="30.26856167" lon="120.11808547"><ele>9.602</ele><time>2026-09-03T15:15:10Z</time><sat>3</sat></trkpt>
 </trkseg>
</trk>

</gpx>
 