<?xml version="1.0" encoding="UTF-8"?>
<!-- Created with BasicAirData GPS Logger for Android - ver. 3.3.0 -->
<!-- Track 414 = 3760 TrackPoints + 0 Placemarks -->

<!-- Track Statistics (based on Total Time | Time in Movement): -->
<!--  Distance = 14.6 公里 -->
<!--  Duration = 03:48:03 | 01:55:17 -->
<!--  Altitude Gap = -5 米 -->
<!--  Max Speed = 22 公里/时 -->
<!--  Avg Speed = 3.8 | 7.6 公里/时 -->
<!--  Direction = 286° -->
<!--  Activity = running -->
<!--  Altitudes = Corrected using EGM96 grid (bilinear interpolation) -->

<gpx version="1.1"
     creator="BasicAirData GPS Logger 3.3.0"
     xmlns="http://www.topografix.com/GPX/1/1"
     xmlns:xsi="http://www.w3.org/2001/XMLSchema-instance"
     xsi:schemaLocation="http://www.topografix.com/GPX/1/1 http://www.topografix.com/GPX/1/1/gpx.xsd">
<metadata> 
 <name>GPS Logger 20260916-191801</name>
 <time>2026-09-16T15:06:10Z</time>
 <keywords>running</keywords>
 <bounds minlat="30.25283898" minlon="120.11529677" maxlat="30.27331223" maxlon="120.16037226" />
</metadata>

<trk>
 <name>轨迹 20260916-191801</name>
 <trkseg>
  <trkpt lat="30.26553450" lon="120.12982105"><ele>8.145</ele><time>2026-09-16T11:18:01Z</time><sat>41</sat></trkpt>
  <trkpt lat="30.26556422" lon="120.12991007"><ele>8.127</ele><time>2026-09-16T11:18:04Z</time><sat>42</sat></trkpt>
  <trkpt lat="30.26559850" lon="120.13000903"><ele>7.394</ele><time>2026-09-16T11:18:07Z</time><sat>42</sat></trkpt>
  <trkpt lat="30.26561566" lon="120.13010253"><ele>9.360</ele><time>2026-09-16T11:18:10Z</time><sat>42</sat></trkpt>
  <trkpt lat="30.26561106" lon="120.13012318"><ele>8.916</ele><time>2026-09-16T11:18:13Z</time><sat>42</sat></trkpt>
  <trkpt lat="30.26560870" lon="120.13012729"><ele>8.595</ele><time>2026-09-16T11:18:16Z</time><sat>40</sat></trkpt>
  <trkpt lat="30.26561068" lon="120.13013267"><ele>8.340</ele><time>2026-09-16T11:18:19Z</time><sat>38</sat></trkpt>
  <trkpt lat="30.26564976" lon="120.13020116"><ele>7.655</ele><time>2026-09-16T11:18:22Z</time><sat>31</sat></trkpt>
  <trkpt lat="30.26573043" lon="120.13036074"><ele>9.210</ele><time>2026-09-16T11:18:25Z</time><sat>34</sat></trkpt>
  <trkpt lat="30.26582953" lon="120.13059348"><ele>7.730</ele><time>2026-09-16T11:18:28Z</time><sat>36</sat></trkpt>
  <trkpt lat="30.26590586" lon="120.13076145"><ele>5.874</ele><time>2026-09-16T11:18:31Z</time><sat>34</sat></trkpt>
  <trkpt lat="30.26596247" lon="120.13095591"><ele>7.338</ele><time>2026-09-16T11:18:34Z</time><sat>33</sat></trkpt>
  <trkpt lat="30.26602400" lon="120.13111917"><ele>6.220</ele><time>2026-09-16T11:18:37Z</time><sat>33</sat></trkpt>
  <trkpt lat="30.26609665" lon="120.13128231"><ele>6.092</ele><time>2026-09-16T11:18:40Z</time><sat>32</sat></trkpt>
  <trkpt lat="30.26616081" lon="120.13144025"><ele>4.599</ele><time>2026-09-16T11:18:43Z</time><sat>33</sat></trkpt>
  <trkpt lat="30.26622597" lon="120.13164822"><ele>3.319</ele><time>2026-09-16T11:18:46Z</time><sat>30</sat></trkpt>
  <trkpt lat="30.26629465" lon="120.13185062"><ele>4.891</ele><time>2026-09-16T11:18:49Z</time><sat>32</sat></trkpt>
  <trkpt lat="30.26636051" lon="120.13202107"><ele>6.261</ele><time>2026-09-16T11:18:52Z</time><sat>34</sat></trkpt>
  <trkpt lat="30.26641961" lon="120.13215236"><ele>7.995</ele><time>2026-09-16T11:18:55Z</time><sat>34</sat></trkpt>
  <trkpt lat="30.26647705" lon="120.13229435"><ele>6.519</ele><time>2026-09-16T11:18:58Z</time><sat>34</sat></trkpt>
  <trkpt lat="30.26652992" lon="120.13247665"><ele>8.143</ele><time>2026-09-16T11:19:01Z</time><sat>35</sat></trkpt>
  <trkpt lat="30.26657645" lon="120.13267243"><ele>9.059</ele><time>2026-09-16T11:19:04Z</time><sat>35</sat></trkpt>
  <trkpt lat="30.26664028" lon="120.13285661"><ele>8.100</ele><time>2026-09-16T11:19:07Z</time><sat>35</sat></trkpt>
  <trkpt lat="30.26670484" lon="120.13300401"><ele>7.632</ele><time>2026-09-16T11:19:10Z</time><sat>34</sat></trkpt>
  <trkpt lat="30.26676844" lon="120.13319290"><ele>6.251</ele><time>2026-09-16T11:19:13Z</time><sat>33</sat></trkpt>
  <trkpt lat="30.26684628" lon="120.13335648"><ele>4.385</ele><time>2026-09-16T11:19:16Z</time><sat>35</sat></trkpt>
  <trkpt lat="30.26688516" lon="120.13355491"><ele>5.163</ele><time>2026-09-16T11:19:19Z</time><sat>35</sat></trkpt>
  <trkpt lat="30.26693697" lon="120.13373748"><ele>4.476</ele><time>2026-09-16T11:19:22Z</time><sat>34</sat></trkpt>
  <trkpt lat="30.26698417" lon="120.13391510"><ele>4.951</ele><time>2026-09-16T11:19:25Z</time><sat>36</sat></trkpt>
  <trkpt lat="30.26703192" lon="120.13409259"><ele>5.377</ele><time>2026-09-16T11:19:28Z</time><sat>38</sat></trkpt>
  <trkpt lat="30.26706953" lon="120.13420929"><ele>5.688</ele><time>2026-09-16T11:19:31Z</time><sat>39</sat></trkpt>
  <trkpt lat="30.26709693" lon="120.13431948"><ele>5.995</ele><time>2026-09-16T11:19:34Z</time><sat>40</sat></trkpt>
  <trkpt lat="30.26714742" lon="120.13447559"><ele>7.204</ele><time>2026-09-16T11:19:37Z</time><sat>41</sat></trkpt>
  <trkpt lat="30.26720495" lon="120.13464915"><ele>7.285</ele><time>2026-09-16T11:19:40Z</time><sat>37</sat></trkpt>
  <trkpt lat="30.26727587" lon="120.13481932"><ele>7.454</ele><time>2026-09-16T11:19:43Z</time><sat>36</sat></trkpt>
  <trkpt lat="30.26735067" lon="120.13499482"><ele>8.437</ele><time>2026-09-16T11:19:46Z</time><sat>37</sat></trkpt>
  <trkpt lat="30.26741533" lon="120.13516783"><ele>8.676</ele><time>2026-09-16T11:19:49Z</time><sat>38</sat></trkpt>
  <trkpt lat="30.26746253" lon="120.13534662"><ele>8.843</ele><time>2026-09-16T11:19:52Z</time><sat>37</sat></trkpt>
  <trkpt lat="30.26751837" lon="120.13552617"><ele>9.068</ele><time>2026-09-16T11:19:55Z</time><sat>36</sat></trkpt>
  <trkpt lat="30.26757206" lon="120.13570464"><ele>8.566</ele><time>2026-09-16T11:19:58Z</time><sat>37</sat></trkpt>
  <trkpt lat="30.26762843" lon="120.13588211"><ele>9.038</ele><time>2026-09-16T11:20:01Z</time><sat>37</sat></trkpt>
  <trkpt lat="30.26768706" lon="120.13606248"><ele>9.012</ele><time>2026-09-16T11:20:04Z</time><sat>35</sat></trkpt>
  <trkpt lat="30.26774418" lon="120.13624182"><ele>9.256</ele><time>2026-09-16T11:20:07Z</time><sat>34</sat></trkpt>
  <trkpt lat="30.26777206" lon="120.13641987"><ele>8.989</ele><time>2026-09-16T11:20:10Z</time><sat>34</sat></trkpt>
  <trkpt lat="30.26782349" lon="120.13660007"><ele>8.633</ele><time>2026-09-16T11:20:13Z</time><sat>34</sat></trkpt>
  <trkpt lat="30.26788030" lon="120.13677546"><ele>8.215</ele><time>2026-09-16T11:20:16Z</time><sat>33</sat></trkpt>
  <trkpt lat="30.26792994" lon="120.13692690"><ele>8.133</ele><time>2026-09-16T11:20:19Z</time><sat>31</sat></trkpt>
  <trkpt lat="30.26796874" lon="120.13704824"><ele>8.064</ele><time>2026-09-16T11:20:22Z</time><sat>35</sat></trkpt>
  <trkpt lat="30.26800563" lon="120.13717853"><ele>8.112</ele><time>2026-09-16T11:20:25Z</time><sat>38</sat></trkpt>
  <trkpt lat="30.26806450" lon="120.13733546"><ele>8.571</ele><time>2026-09-16T11:20:28Z</time><sat>38</sat></trkpt>
  <trkpt lat="30.26812090" lon="120.13750912"><ele>8.514</ele><time>2026-09-16T11:20:31Z</time><sat>36</sat></trkpt>
  <trkpt lat="30.26817004" lon="120.13769579"><ele>8.041</ele><time>2026-09-16T11:20:34Z</time><sat>35</sat></trkpt>
  <trkpt lat="30.26822103" lon="120.13788178"><ele>8.143</ele><time>2026-09-16T11:20:37Z</time><sat>36</sat></trkpt>
  <trkpt lat="30.26827439" lon="120.13805589"><ele>7.489</ele><time>2026-09-16T11:20:40Z</time><sat>36</sat></trkpt>
  <trkpt lat="30.26832378" lon="120.13822579"><ele>7.527</ele><time>2026-09-16T11:20:43Z</time><sat>35</sat></trkpt>
  <trkpt lat="30.26837878" lon="120.13839699"><ele>6.366</ele><time>2026-09-16T11:20:46Z</time><sat>35</sat></trkpt>
  <trkpt lat="30.26843281" lon="120.13857303"><ele>6.307</ele><time>2026-09-16T11:20:49Z</time><sat>35</sat></trkpt>
  <trkpt lat="30.26846741" lon="120.13876866"><ele>9.887</ele><time>2026-09-16T11:20:52Z</time><sat>38</sat></trkpt>
  <trkpt lat="30.26849889" lon="120.13896378"><ele>10.431</ele><time>2026-09-16T11:20:55Z</time><sat>36</sat></trkpt>
  <trkpt lat="30.26854154" lon="120.13914513"><ele>9.231</ele><time>2026-09-16T11:20:58Z</time><sat>33</sat></trkpt>
  <trkpt lat="30.26859724" lon="120.13932820"><ele>8.584</ele><time>2026-09-16T11:21:01Z</time><sat>32</sat></trkpt>
  <trkpt lat="30.26864343" lon="120.13949204"><ele>6.394</ele><time>2026-09-16T11:21:04Z</time><sat>30</sat></trkpt>
  <trkpt lat="30.26869025" lon="120.13964150"><ele>5.866</ele><time>2026-09-16T11:21:07Z</time><sat>32</sat></trkpt>
  <trkpt lat="30.26874884" lon="120.13981264"><ele>5.800</ele><time>2026-09-16T11:21:10Z</time><sat>34</sat></trkpt>
  <trkpt lat="30.26879500" lon="120.13999460"><ele>5.564</ele><time>2026-09-16T11:21:13Z</time><sat>32</sat></trkpt>
  <trkpt lat="30.26885517" lon="120.14018699"><ele>6.215</ele><time>2026-09-16T11:21:16Z</time><sat>24</sat></trkpt>
  <trkpt lat="30.26891159" lon="120.14034366"><ele>4.939</ele><time>2026-09-16T11:21:19Z</time><sat>27</sat></trkpt>
  <trkpt lat="30.26895176" lon="120.14052889"><ele>4.826</ele><time>2026-09-16T11:21:22Z</time><sat>32</sat></trkpt>
  <trkpt lat="30.26900547" lon="120.14070819"><ele>6.171</ele><time>2026-09-16T11:21:25Z</time><sat>31</sat></trkpt>
  <trkpt lat="30.26905223" lon="120.14088141"><ele>5.794</ele><time>2026-09-16T11:21:28Z</time><sat>28</sat></trkpt>
  <trkpt lat="30.26910077" lon="120.14106307"><ele>5.289</ele><time>2026-09-16T11:21:31Z</time><sat>30</sat></trkpt>
  <trkpt lat="30.26913653" lon="120.14125709"><ele>6.307</ele><time>2026-09-16T11:21:34Z</time><sat>32</sat></trkpt>
  <trkpt lat="30.26916132" lon="120.14142477"><ele>6.532</ele><time>2026-09-16T11:21:37Z</time><sat>31</sat></trkpt>
  <trkpt lat="30.26920460" lon="120.14159471"><ele>6.762</ele><time>2026-09-16T11:21:40Z</time><sat>31</sat></trkpt>
  <trkpt lat="30.26925994" lon="120.14176513"><ele>7.056</ele><time>2026-09-16T11:21:43Z</time><sat>26</sat></trkpt>
  <trkpt lat="30.26931210" lon="120.14192633"><ele>7.551</ele><time>2026-09-16T11:21:46Z</time><sat>27</sat></trkpt>
  <trkpt lat="30.26935699" lon="120.14210602"><ele>7.065</ele><time>2026-09-16T11:21:49Z</time><sat>28</sat></trkpt>
  <trkpt lat="30.26939076" lon="120.14229371"><ele>6.924</ele><time>2026-09-16T11:21:52Z</time><sat>31</sat></trkpt>
  <trkpt lat="30.26942594" lon="120.14244540"><ele>7.344</ele><time>2026-09-16T11:21:55Z</time><sat>31</sat></trkpt>
  <trkpt lat="30.26939635" lon="120.14254378"><ele>6.647</ele><time>2026-09-16T11:21:58Z</time><sat>26</sat></trkpt>
  <trkpt lat="30.26927524" lon="120.14256783"><ele>6.746</ele><time>2026-09-16T11:22:01Z</time><sat>31</sat></trkpt>
  <trkpt lat="30.26911500" lon="120.14262679"><ele>7.003</ele><time>2026-09-16T11:22:04Z</time><sat>33</sat></trkpt>
  <trkpt lat="30.26896034" lon="120.14268861"><ele>8.220</ele><time>2026-09-16T11:22:07Z</time><sat>36</sat></trkpt>
  <trkpt lat="30.26880285" lon="120.14273358"><ele>7.572</ele><time>2026-09-16T11:22:10Z</time><sat>32</sat></trkpt>
  <trkpt lat="30.26863862" lon="120.14278957"><ele>11.089</ele><time>2026-09-16T11:22:13Z</time><sat>26</sat></trkpt>
  <trkpt lat="30.26851302" lon="120.14282747"><ele>8.422</ele><time>2026-09-16T11:22:16Z</time><sat>29</sat></trkpt>
  <trkpt lat="30.26836252" lon="120.14293000"><ele>11.126</ele><time>2026-09-16T11:22:19Z</time><sat>34</sat></trkpt>
  <trkpt lat="30.26821125" lon="120.14303095"><ele>11.828</ele><time>2026-09-16T11:22:22Z</time><sat>32</sat></trkpt>
  <trkpt lat="30.26808081" lon="120.14315230"><ele>8.558</ele><time>2026-09-16T11:22:25Z</time><sat>31</sat></trkpt>
  <trkpt lat="30.26795221" lon="120.14326746"><ele>9.997</ele><time>2026-09-16T11:22:28Z</time><sat>34</sat></trkpt>
  <trkpt lat="30.26783812" lon="120.14337431"><ele>9.997</ele><time>2026-09-16T11:22:31Z</time><sat>36</sat></trkpt>
  <trkpt lat="30.26774073" lon="120.14349365"><ele>11.525</ele><time>2026-09-16T11:22:34Z</time><sat>36</sat></trkpt>
  <trkpt lat="30.26763877" lon="120.14361278"><ele>11.925</ele><time>2026-09-16T11:22:37Z</time><sat>36</sat></trkpt>
  <trkpt lat="30.26754649" lon="120.14372672"><ele>12.145</ele><time>2026-09-16T11:22:40Z</time><sat>29</sat></trkpt>
  <trkpt lat="30.26743756" lon="120.14386171"><ele>11.134</ele><time>2026-09-16T11:22:43Z</time><sat>29</sat></trkpt>
  <trkpt lat="30.26733075" lon="120.14397682"><ele>9.083</ele><time>2026-09-16T11:22:46Z</time><sat>29</sat></trkpt>
  <trkpt lat="30.26724367" lon="120.14410828"><ele>8.856</ele><time>2026-09-16T11:22:49Z</time><sat>29</sat></trkpt>
  <trkpt lat="30.26712934" lon="120.14427807"><ele>10.997</ele><time>2026-09-16T11:22:52Z</time><sat>34</sat></trkpt>
  <trkpt lat="30.26705038" lon="120.14437582"><ele>11.146</ele><time>2026-09-16T11:22:55Z</time><sat>35</sat></trkpt>
  <trkpt lat="30.26702722" lon="120.14440969"><ele>11.078</ele><time>2026-09-16T11:22:58Z</time><sat>32</sat></trkpt>
  <trkpt lat="30.26698936" lon="120.14445643"><ele>10.153</ele><time>2026-09-16T11:23:01Z</time><sat>34</sat></trkpt>
  <trkpt lat="30.26693663" lon="120.14457061"><ele>10.341</ele><time>2026-09-16T11:23:04Z</time><sat>36</sat></trkpt>
  <trkpt lat="30.26682266" lon="120.14468916"><ele>9.731</ele><time>2026-09-16T11:23:07Z</time><sat>37</sat></trkpt>
  <trkpt lat="30.26670753" lon="120.14482532"><ele>10.134</ele><time>2026-09-16T11:23:10Z</time><sat>36</sat></trkpt>
  <trkpt lat="30.26659161" lon="120.14496241"><ele>10.503</ele><time>2026-09-16T11:23:13Z</time><sat>31</sat></trkpt>
  <trkpt lat="30.26645542" lon="120.14505316"><ele>9.790</ele><time>2026-09-16T11:23:16Z</time><sat>31</sat></trkpt>
  <trkpt lat="30.26633522" lon="120.14516738"><ele>9.627</ele><time>2026-09-16T11:23:19Z</time><sat>29</sat></trkpt>
  <trkpt lat="30.26622262" lon="120.14532573"><ele>8.614</ele><time>2026-09-16T11:23:22Z</time><sat>26</sat></trkpt>
  <trkpt lat="30.26614824" lon="120.14549143"><ele>6.837</ele><time>2026-09-16T11:23:25Z</time><sat>33</sat></trkpt>
  <trkpt lat="30.26602918" lon="120.14562281"><ele>6.777</ele><time>2026-09-16T11:23:28Z</time><sat>34</sat></trkpt>
  <trkpt lat="30.26593156" lon="120.14576667"><ele>7.132</ele><time>2026-09-16T11:23:31Z</time><sat>35</sat></trkpt>
  <trkpt lat="30.26583869" lon="120.14591710"><ele>7.920</ele><time>2026-09-16T11:23:34Z</time><sat>36</sat></trkpt>
  <trkpt lat="30.26573206" lon="120.14605014"><ele>7.479</ele><time>2026-09-16T11:23:37Z</time><sat>38</sat></trkpt>
  <trkpt lat="30.26562431" lon="120.14618528"><ele>7.688</ele><time>2026-09-16T11:23:40Z</time><sat>37</sat></trkpt>
  <trkpt lat="30.26549483" lon="120.14633259"><ele>8.829</ele><time>2026-09-16T11:23:43Z</time><sat>39</sat></trkpt>
  <trkpt lat="30.26537117" lon="120.14645782"><ele>10.370</ele><time>2026-09-16T11:23:46Z</time><sat>40</sat></trkpt>
  <trkpt lat="30.26525659" lon="120.14657348"><ele>9.074</ele><time>2026-09-16T11:23:49Z</time><sat>38</sat></trkpt>
  <trkpt lat="30.26513371" lon="120.14668673"><ele>8.414</ele><time>2026-09-16T11:23:52Z</time><sat>36</sat></trkpt>
  <trkpt lat="30.26500081" lon="120.14678192"><ele>8.523</ele><time>2026-09-16T11:23:55Z</time><sat>37</sat></trkpt>
  <trkpt lat="30.26485372" lon="120.14688918"><ele>9.862</ele><time>2026-09-16T11:23:58Z</time><sat>39</sat></trkpt>
  <trkpt lat="30.26471179" lon="120.14699544"><ele>11.235</ele><time>2026-09-16T11:24:01Z</time><sat>36</sat></trkpt>
  <trkpt lat="30.26458810" lon="120.14709851"><ele>10.337</ele><time>2026-09-16T11:24:04Z</time><sat>35</sat></trkpt>
  <trkpt lat="30.26446898" lon="120.14722077"><ele>9.591</ele><time>2026-09-16T11:24:07Z</time><sat>37</sat></trkpt>
  <trkpt lat="30.26435764" lon="120.14732968"><ele>9.493</ele><time>2026-09-16T11:24:10Z</time><sat>38</sat></trkpt>
  <trkpt lat="30.26423786" lon="120.14741826"><ele>9.325</ele><time>2026-09-16T11:24:13Z</time><sat>36</sat></trkpt>
  <trkpt lat="30.26411798" lon="120.14750612"><ele>11.764</ele><time>2026-09-16T11:24:16Z</time><sat>38</sat></trkpt>
  <trkpt lat="30.26400181" lon="120.14759176"><ele>11.349</ele><time>2026-09-16T11:24:19Z</time><sat>39</sat></trkpt>
  <trkpt lat="30.26389076" lon="120.14768714"><ele>11.454</ele><time>2026-09-16T11:24:22Z</time><sat>36</sat></trkpt>
  <trkpt lat="30.26381388" lon="120.14777410"><ele>10.074</ele><time>2026-09-16T11:24:25Z</time><sat>39</sat></trkpt>
  <trkpt lat="30.26373578" lon="120.14785887"><ele>10.021</ele><time>2026-09-16T11:24:28Z</time><sat>41</sat></trkpt>
  <trkpt lat="30.26364287" lon="120.14791545"><ele>9.030</ele><time>2026-09-16T11:24:31Z</time><sat>41</sat></trkpt>
  <trkpt lat="30.26355368" lon="120.14799225"><ele>7.931</ele><time>2026-09-16T11:24:34Z</time><sat>40</sat></trkpt>
  <trkpt lat="30.26343148" lon="120.14810142"><ele>9.292</ele><time>2026-09-16T11:24:37Z</time><sat>40</sat></trkpt>
  <trkpt lat="30.26332660" lon="120.14823071"><ele>11.099</ele><time>2026-09-16T11:24:40Z</time><sat>40</sat></trkpt>
  <trkpt lat="30.26323273" lon="120.14836091"><ele>10.753</ele><time>2026-09-16T11:24:43Z</time><sat>40</sat></trkpt>
  <trkpt lat="30.26314880" lon="120.14849900"><ele>10.847</ele><time>2026-09-16T11:24:46Z</time><sat>39</sat></trkpt>
  <trkpt lat="30.26306529" lon="120.14862555"><ele>11.173</ele><time>2026-09-16T11:24:49Z</time><sat>37</sat></trkpt>
  <trkpt lat="30.26298611" lon="120.14874592"><ele>12.303</ele><time>2026-09-16T11:24:52Z</time><sat>37</sat></trkpt>
  <trkpt lat="30.26291667" lon="120.14886673"><ele>11.359</ele><time>2026-09-16T11:24:55Z</time><sat>40</sat></trkpt>
  <trkpt lat="30.26284417" lon="120.14898352"><ele>11.397</ele><time>2026-09-16T11:24:58Z</time><sat>38</sat></trkpt>
  <trkpt lat="30.26277716" lon="120.14911156"><ele>11.580</ele><time>2026-09-16T11:25:01Z</time><sat>37</sat></trkpt>
  <trkpt lat="30.26272561" lon="120.14924838"><ele>11.591</ele><time>2026-09-16T11:25:04Z</time><sat>38</sat></trkpt>
  <trkpt lat="30.26265941" lon="120.14936923"><ele>12.529</ele><time>2026-09-16T11:25:07Z</time><sat>35</sat></trkpt>
  <trkpt lat="30.26258849" lon="120.14945546"><ele>12.989</ele><time>2026-09-16T11:25:10Z</time><sat>34</sat></trkpt>
  <trkpt lat="30.26251866" lon="120.14951973"><ele>13.054</ele><time>2026-09-16T11:25:13Z</time><sat>37</sat></trkpt>
  <trkpt lat="30.26247349" lon="120.14955762"><ele>12.725</ele><time>2026-09-16T11:25:16Z</time><sat>43</sat></trkpt>
  <trkpt lat="30.26247049" lon="120.14956976"><ele>12.246</ele><time>2026-09-16T11:25:19Z</time><sat>44</sat></trkpt>
  <trkpt lat="30.26247311" lon="120.14957445"><ele>12.978</ele><time>2026-09-16T11:25:22Z</time><sat>41</sat></trkpt>
  <trkpt lat="30.26247425" lon="120.14957684"><ele>13.080</ele><time>2026-09-16T11:25:25Z</time><sat>41</sat></trkpt>
  <trkpt lat="30.26247479" lon="120.14957658"><ele>13.229</ele><time>2026-09-16T11:25:28Z</time><sat>41</sat></trkpt>
  <trkpt lat="30.26247462" lon="120.14957652"><ele>13.343</ele><time>2026-09-16T11:25:31Z</time><sat>41</sat></trkpt>
  <trkpt lat="30.26247472" lon="120.14957681"><ele>13.387</ele><time>2026-09-16T11:25:34Z</time><sat>42</sat></trkpt>
  <trkpt lat="30.26247485" lon="120.14957664"><ele>13.496</ele><time>2026-09-16T11:25:37Z</time><sat>43</sat></trkpt>
  <trkpt lat="30.26247479" lon="120.14957671"><ele>13.542</ele><time>2026-09-16T11:25:40Z</time><sat>40</sat></trkpt>
  <trkpt lat="30.26247475" lon="120.14957684"><ele>13.575</ele><time>2026-09-16T11:25:43Z</time><sat>38</sat></trkpt>
  <trkpt lat="30.26247465" lon="120.14957699"><ele>13.607</ele><time>2026-09-16T11:25:46Z</time><sat>41</sat></trkpt>
  <trkpt lat="30.26247460" lon="120.14957707"><ele>13.648</ele><time>2026-09-16T11:25:49Z</time><sat>42</sat></trkpt>
  <trkpt lat="30.26247456" lon="120.14957714"><ele>13.673</ele><time>2026-09-16T11:25:52Z</time><sat>42</sat></trkpt>
  <trkpt lat="30.26247449" lon="120.14957722"><ele>13.721</ele><time>2026-09-16T11:25:55Z</time><sat>40</sat></trkpt>
  <trkpt lat="30.26247451" lon="120.14957723"><ele>13.748</ele><time>2026-09-16T11:25:58Z</time><sat>39</sat></trkpt>
  <trkpt lat="30.26247448" lon="120.14957728"><ele>13.776</ele><time>2026-09-16T11:26:01Z</time><sat>41</sat></trkpt>
  <trkpt lat="30.26247442" lon="120.14957735"><ele>13.808</ele><time>2026-09-16T11:26:04Z</time><sat>41</sat></trkpt>
  <trkpt lat="30.26247408" lon="120.14957765"><ele>13.881</ele><time>2026-09-16T11:26:07Z</time><sat>40</sat></trkpt>
  <trkpt lat="30.26247401" lon="120.14957769"><ele>13.900</ele><time>2026-09-16T11:26:10Z</time><sat>40</sat></trkpt>
  <trkpt lat="30.26247403" lon="120.14957771"><ele>13.914</ele><time>2026-09-16T11:26:13Z</time><sat>40</sat></trkpt>
  <trkpt lat="30.26247389" lon="120.14957791"><ele>13.962</ele><time>2026-09-16T11:26:16Z</time><sat>40</sat></trkpt>
  <trkpt lat="30.26247387" lon="120.14957794"><ele>13.977</ele><time>2026-09-16T11:26:19Z</time><sat>41</sat></trkpt>
  <trkpt lat="30.26247389" lon="120.14957804"><ele>13.998</ele><time>2026-09-16T11:26:22Z</time><sat>41</sat></trkpt>
  <trkpt lat="30.26247389" lon="120.14957807"><ele>14.010</ele><time>2026-09-16T11:26:25Z</time><sat>40</sat></trkpt>
  <trkpt lat="30.26247394" lon="120.14957815"><ele>14.039</ele><time>2026-09-16T11:26:28Z</time><sat>39</sat></trkpt>
  <trkpt lat="30.26247397" lon="120.14957823"><ele>14.066</ele><time>2026-09-16T11:26:31Z</time><sat>41</sat></trkpt>
  <trkpt lat="30.26247399" lon="120.14957828"><ele>14.082</ele><time>2026-09-16T11:26:34Z</time><sat>40</sat></trkpt>
  <trkpt lat="30.26247399" lon="120.14957832"><ele>14.098</ele><time>2026-09-16T11:26:37Z</time><sat>36</sat></trkpt>
  <trkpt lat="30.26247400" lon="120.14957833"><ele>14.105</ele><time>2026-09-16T11:26:40Z</time><sat>36</sat></trkpt>
  <trkpt lat="30.26247401" lon="120.14957837"><ele>14.118</ele><time>2026-09-16T11:26:43Z</time><sat>38</sat></trkpt>
  <trkpt lat="30.26245859" lon="120.14959201"><ele>14.209</ele><time>2026-09-16T11:26:46Z</time><sat>37</sat></trkpt>
  <trkpt lat="30.26238960" lon="120.14967090"><ele>13.656</ele><time>2026-09-16T11:26:49Z</time><sat>39</sat></trkpt>
  <trkpt lat="30.26234132" lon="120.14981581"><ele>13.406</ele><time>2026-09-16T11:26:52Z</time><sat>41</sat></trkpt>
  <trkpt lat="30.26234405" lon="120.15000198"><ele>13.314</ele><time>2026-09-16T11:26:55Z</time><sat>42</sat></trkpt>
  <trkpt lat="30.26239510" lon="120.15018075"><ele>12.881</ele><time>2026-09-16T11:26:58Z</time><sat>44</sat></trkpt>
  <trkpt lat="30.26244755" lon="120.15036541"><ele>13.144</ele><time>2026-09-16T11:27:01Z</time><sat>44</sat></trkpt>
  <trkpt lat="30.26250750" lon="120.15054151"><ele>13.011</ele><time>2026-09-16T11:27:04Z</time><sat>43</sat></trkpt>
  <trkpt lat="30.26256269" lon="120.15071889"><ele>12.280</ele><time>2026-09-16T11:27:07Z</time><sat>41</sat></trkpt>
  <trkpt lat="30.26262261" lon="120.15088814"><ele>11.296</ele><time>2026-09-16T11:27:10Z</time><sat>43</sat></trkpt>
  <trkpt lat="30.26267996" lon="120.15107471"><ele>11.726</ele><time>2026-09-16T11:27:13Z</time><sat>42</sat></trkpt>
  <trkpt lat="30.26273061" lon="120.15125612"><ele>11.877</ele><time>2026-09-16T11:27:16Z</time><sat>43</sat></trkpt>
  <trkpt lat="30.26279286" lon="120.15143911"><ele>11.528</ele><time>2026-09-16T11:27:19Z</time><sat>42</sat></trkpt>
  <trkpt lat="30.26284782" lon="120.15161358"><ele>11.560</ele><time>2026-09-16T11:27:22Z</time><sat>40</sat></trkpt>
  <trkpt lat="30.26289043" lon="120.15176446"><ele>10.851</ele><time>2026-09-16T11:27:25Z</time><sat>40</sat></trkpt>
  <trkpt lat="30.26293169" lon="120.15190665"><ele>11.522</ele><time>2026-09-16T11:27:28Z</time><sat>41</sat></trkpt>
  <trkpt lat="30.26296585" lon="120.15200715"><ele>12.235</ele><time>2026-09-16T11:27:31Z</time><sat>41</sat></trkpt>
  <trkpt lat="30.26300278" lon="120.15205839"><ele>12.030</ele><time>2026-09-16T11:27:34Z</time><sat>40</sat></trkpt>
  <trkpt lat="30.26304712" lon="120.15216233"><ele>11.642</ele><time>2026-09-16T11:27:37Z</time><sat>40</sat></trkpt>
  <trkpt lat="30.26312160" lon="120.15231163"><ele>10.469</ele><time>2026-09-16T11:27:40Z</time><sat>39</sat></trkpt>
  <trkpt lat="30.26319716" lon="120.15248047"><ele>9.468</ele><time>2026-09-16T11:27:43Z</time><sat>40</sat></trkpt>
  <trkpt lat="30.26325728" lon="120.15264797"><ele>8.451</ele><time>2026-09-16T11:27:46Z</time><sat>40</sat></trkpt>
  <trkpt lat="30.26330178" lon="120.15280659"><ele>7.923</ele><time>2026-09-16T11:27:49Z</time><sat>38</sat></trkpt>
  <trkpt lat="30.26330283" lon="120.15290995"><ele>7.753</ele><time>2026-09-16T11:27:52Z</time><sat>38</sat></trkpt>
  <trkpt lat="30.26328136" lon="120.15299004"><ele>7.860</ele><time>2026-09-16T11:27:55Z</time><sat>38</sat></trkpt>
  <trkpt lat="30.26320474" lon="120.15307615"><ele>8.457</ele><time>2026-09-16T11:27:58Z</time><sat>35</sat></trkpt>
  <trkpt lat="30.26309190" lon="120.15313839"><ele>9.106</ele><time>2026-09-16T11:28:01Z</time><sat>39</sat></trkpt>
  <trkpt lat="30.26295663" lon="120.15318821"><ele>10.186</ele><time>2026-09-16T11:28:04Z</time><sat>41</sat></trkpt>
  <trkpt lat="30.26280308" lon="120.15322759"><ele>10.138</ele><time>2026-09-16T11:28:07Z</time><sat>40</sat></trkpt>
  <trkpt lat="30.26265075" lon="120.15325874"><ele>10.182</ele><time>2026-09-16T11:28:10Z</time><sat>36</sat></trkpt>
  <trkpt lat="30.26248412" lon="120.15329534"><ele>10.677</ele><time>2026-09-16T11:28:13Z</time><sat>39</sat></trkpt>
  <trkpt lat="30.26232897" lon="120.15333325"><ele>9.847</ele><time>2026-09-16T11:28:16Z</time><sat>40</sat></trkpt>
  <trkpt lat="30.26216789" lon="120.15336199"><ele>9.566</ele><time>2026-09-16T11:28:19Z</time><sat>38</sat></trkpt>
  <trkpt lat="30.26200093" lon="120.15338784"><ele>10.112</ele><time>2026-09-16T11:28:22Z</time><sat>39</sat></trkpt>
  <trkpt lat="30.26183956" lon="120.15342013"><ele>10.531</ele><time>2026-09-16T11:28:25Z</time><sat>40</sat></trkpt>
  <trkpt lat="30.26167959" lon="120.15347063"><ele>11.370</ele><time>2026-09-16T11:28:28Z</time><sat>39</sat></trkpt>
  <trkpt lat="30.26152066" lon="120.15351405"><ele>11.476</ele><time>2026-09-16T11:28:31Z</time><sat>39</sat></trkpt>
  <trkpt lat="30.26135972" lon="120.15353909"><ele>11.327</ele><time>2026-09-16T11:28:34Z</time><sat>40</sat></trkpt>
  <trkpt lat="30.26120791" lon="120.15352871"><ele>10.167</ele><time>2026-09-16T11:28:37Z</time><sat>40</sat></trkpt>
  <trkpt lat="30.26104357" lon="120.15355740"><ele>10.723</ele><time>2026-09-16T11:28:40Z</time><sat>40</sat></trkpt>
  <trkpt lat="30.26087408" lon="120.15359674"><ele>10.656</ele><time>2026-09-16T11:28:43Z</time><sat>39</sat></trkpt>
  <trkpt lat="30.26071251" lon="120.15362620"><ele>10.629</ele><time>2026-09-16T11:28:46Z</time><sat>38</sat></trkpt>
  <trkpt lat="30.26058993" lon="120.15370131"><ele>11.502</ele><time>2026-09-16T11:28:49Z</time><sat>37</sat></trkpt>
  <trkpt lat="30.26048567" lon="120.15380018"><ele>11.333</ele><time>2026-09-16T11:28:52Z</time><sat>37</sat></trkpt>
  <trkpt lat="30.26044016" lon="120.15392881"><ele>10.505</ele><time>2026-09-16T11:28:55Z</time><sat>37</sat></trkpt>
  <trkpt lat="30.26042695" lon="120.15408182"><ele>9.994</ele><time>2026-09-16T11:28:58Z</time><sat>35</sat></trkpt>
  <trkpt lat="30.26043916" lon="120.15426067"><ele>9.742</ele><time>2026-09-16T11:29:01Z</time><sat>37</sat></trkpt>
  <trkpt lat="30.26044738" lon="120.15444488"><ele>9.614</ele><time>2026-09-16T11:29:04Z</time><sat>39</sat></trkpt>
  <trkpt lat="30.26044585" lon="120.15463715"><ele>9.361</ele><time>2026-09-16T11:29:07Z</time><sat>41</sat></trkpt>
  <trkpt lat="30.26045017" lon="120.15481764"><ele>8.398</ele><time>2026-09-16T11:29:10Z</time><sat>42</sat></trkpt>
  <trkpt lat="30.26045700" lon="120.15500740"><ele>8.431</ele><time>2026-09-16T11:29:13Z</time><sat>41</sat></trkpt>
  <trkpt lat="30.26045422" lon="120.15516677"><ele>10.641</ele><time>2026-09-16T11:29:16Z</time><sat>40</sat></trkpt>
  <trkpt lat="30.26043115" lon="120.15526488"><ele>12.713</ele><time>2026-09-16T11:29:19Z</time><sat>40</sat></trkpt>
  <trkpt lat="30.26042744" lon="120.15534597"><ele>13.610</ele><time>2026-09-16T11:29:22Z</time><sat>40</sat></trkpt>
  <trkpt lat="30.26042465" lon="120.15545189"><ele>13.614</ele><time>2026-09-16T11:29:25Z</time><sat>39</sat></trkpt>
  <trkpt lat="30.26039012" lon="120.15551810"><ele>13.277</ele><time>2026-09-16T11:29:28Z</time><sat>37</sat></trkpt>
  <trkpt lat="30.26032617" lon="120.15557184"><ele>12.675</ele><time>2026-09-16T11:29:31Z</time><sat>37</sat></trkpt>
  <trkpt lat="30.26022422" lon="120.15561491"><ele>12.829</ele><time>2026-09-16T11:29:34Z</time><sat>38</sat></trkpt>
  <trkpt lat="30.26010071" lon="120.15566540"><ele>12.885</ele><time>2026-09-16T11:29:37Z</time><sat>38</sat></trkpt>
  <trkpt lat="30.25998548" lon="120.15574737"><ele>14.535</ele><time>2026-09-16T11:29:40Z</time><sat>38</sat></trkpt>
  <trkpt lat="30.25988614" lon="120.15582602"><ele>12.783</ele><time>2026-09-16T11:29:43Z</time><sat>37</sat></trkpt>
  <trkpt lat="30.25976189" lon="120.15592703"><ele>14.319</ele><time>2026-09-16T11:29:46Z</time><sat>37</sat></trkpt>
  <trkpt lat="30.25960744" lon="120.15598689"><ele>14.979</ele><time>2026-09-16T11:29:49Z</time><sat>40</sat></trkpt>
  <trkpt lat="30.25948049" lon="120.15604141"><ele>14.974</ele><time>2026-09-16T11:29:52Z</time><sat>41</sat></trkpt>
  <trkpt lat="30.25941131" lon="120.15607402"><ele>14.661</ele><time>2026-09-16T11:29:55Z</time><sat>38</sat></trkpt>
  <trkpt lat="30.25935755" lon="120.15611418"><ele>13.960</ele><time>2026-09-16T11:29:58Z</time><sat>37</sat></trkpt>
  <trkpt lat="30.25929984" lon="120.15612853"><ele>13.765</ele><time>2026-09-16T11:30:01Z</time><sat>35</sat></trkpt>
  <trkpt lat="30.25925520" lon="120.15609829"><ele>12.056</ele><time>2026-09-16T11:30:04Z</time><sat>37</sat></trkpt>
  <trkpt lat="30.25925448" lon="120.15604898"><ele>11.555</ele><time>2026-09-16T11:30:07Z</time><sat>37</sat></trkpt>
  <trkpt lat="30.25926041" lon="120.15601254"><ele>12.365</ele><time>2026-09-16T11:30:10Z</time><sat>41</sat></trkpt>
  <trkpt lat="30.25926234" lon="120.15600383"><ele>12.784</ele><time>2026-09-16T11:30:13Z</time><sat>41</sat></trkpt>
  <trkpt lat="30.25926292" lon="120.15598525"><ele>12.094</ele><time>2026-09-16T11:30:16Z</time><sat>39</sat></trkpt>
  <trkpt lat="30.25926204" lon="120.15597704"><ele>10.745</ele><time>2026-09-16T11:30:19Z</time><sat>40</sat></trkpt>
  <trkpt lat="30.25925329" lon="120.15597554"><ele>11.644</ele><time>2026-09-16T11:30:24Z</time><sat>39</sat></trkpt>
  <trkpt lat="30.25924769" lon="120.15598196"><ele>10.108</ele><time>2026-09-16T11:30:27Z</time><sat>39</sat></trkpt>
  <trkpt lat="30.25924502" lon="120.15597500"><ele>10.243</ele><time>2026-09-16T11:30:30Z</time><sat>39</sat></trkpt>
  <trkpt lat="30.25924035" lon="120.15597887"><ele>10.431</ele><time>2026-09-16T11:30:33Z</time><sat>39</sat></trkpt>
  <trkpt lat="30.25924042" lon="120.15598708"><ele>10.507</ele><time>2026-09-16T11:30:36Z</time><sat>40</sat></trkpt>
  <trkpt lat="30.25923094" lon="120.15598097"><ele>11.221</ele><time>2026-09-16T11:30:39Z</time><sat>41</sat></trkpt>
  <trkpt lat="30.25923456" lon="120.15598763"><ele>11.438</ele><time>2026-09-16T11:30:42Z</time><sat>40</sat></trkpt>
  <trkpt lat="30.25924838" lon="120.15599384"><ele>11.343</ele><time>2026-09-16T11:30:45Z</time><sat>40</sat></trkpt>
  <trkpt lat="30.25923975" lon="120.15606045"><ele>12.490</ele><time>2026-09-16T11:30:48Z</time><sat>40</sat></trkpt>
  <trkpt lat="30.25922447" lon="120.15616877"><ele>12.708</ele><time>2026-09-16T11:30:51Z</time><sat>41</sat></trkpt>
  <trkpt lat="30.25919088" lon="120.15625317"><ele>12.921</ele><time>2026-09-16T11:30:54Z</time><sat>40</sat></trkpt>
  <trkpt lat="30.25910719" lon="120.15626664"><ele>12.528</ele><time>2026-09-16T11:30:57Z</time><sat>40</sat></trkpt>
  <trkpt lat="30.25898360" lon="120.15627585"><ele>13.127</ele><time>2026-09-16T11:31:00Z</time><sat>39</sat></trkpt>
  <trkpt lat="30.25884081" lon="120.15627110"><ele>14.025</ele><time>2026-09-16T11:31:03Z</time><sat>39</sat></trkpt>
  <trkpt lat="30.25870458" lon="120.15628311"><ele>15.548</ele><time>2026-09-16T11:31:06Z</time><sat>39</sat></trkpt>
  <trkpt lat="30.25860583" lon="120.15628901"><ele>19.152</ele><time>2026-09-16T11:31:09Z</time><sat>40</sat></trkpt>
  <trkpt lat="30.25849779" lon="120.15628578"><ele>20.837</ele><time>2026-09-16T11:31:12Z</time><sat>41</sat></trkpt>
  <trkpt lat="30.25837190" lon="120.15628668"><ele>21.584</ele><time>2026-09-16T11:31:15Z</time><sat>41</sat></trkpt>
  <trkpt lat="30.25824987" lon="120.15628595"><ele>21.385</ele><time>2026-09-16T11:31:18Z</time><sat>41</sat></trkpt>
  <trkpt lat="30.25813962" lon="120.15629113"><ele>20.972</ele><time>2026-09-16T11:31:21Z</time><sat>38</sat></trkpt>
  <trkpt lat="30.25801566" lon="120.15629994"><ele>20.639</ele><time>2026-09-16T11:31:24Z</time><sat>36</sat></trkpt>
  <trkpt lat="30.25789609" lon="120.15631061"><ele>21.061</ele><time>2026-09-16T11:31:27Z</time><sat>38</sat></trkpt>
  <trkpt lat="30.25780889" lon="120.15628156"><ele>20.349</ele><time>2026-09-16T11:31:30Z</time><sat>39</sat></trkpt>
  <trkpt lat="30.25776503" lon="120.15619127"><ele>18.701</ele><time>2026-09-16T11:31:33Z</time><sat>40</sat></trkpt>
  <trkpt lat="30.25776587" lon="120.15606192"><ele>17.231</ele><time>2026-09-16T11:31:36Z</time><sat>40</sat></trkpt>
  <trkpt lat="30.25776115" lon="120.15597301"><ele>16.219</ele><time>2026-09-16T11:31:39Z</time><sat>42</sat></trkpt>
  <trkpt lat="30.25773110" lon="120.15592320"><ele>15.351</ele><time>2026-09-16T11:31:42Z</time><sat>43</sat></trkpt>
  <trkpt lat="30.25765398" lon="120.15590330"><ele>14.703</ele><time>2026-09-16T11:31:45Z</time><sat>43</sat></trkpt>
  <trkpt lat="30.25755909" lon="120.15594894"><ele>14.512</ele><time>2026-09-16T11:31:48Z</time><sat>42</sat></trkpt>
  <trkpt lat="30.25752536" lon="120.15598278"><ele>14.437</ele><time>2026-09-16T11:31:51Z</time><sat>41</sat></trkpt>
  <trkpt lat="30.25751308" lon="120.15600162"><ele>14.643</ele><time>2026-09-16T11:31:54Z</time><sat>42</sat></trkpt>
  <trkpt lat="30.25751049" lon="120.15600653"><ele>14.772</ele><time>2026-09-16T11:31:57Z</time><sat>42</sat></trkpt>
  <trkpt lat="30.25750784" lon="120.15601424"><ele>14.927</ele><time>2026-09-16T11:32:00Z</time><sat>42</sat></trkpt>
  <trkpt lat="30.25753732" lon="120.15603182"><ele>14.973</ele><time>2026-09-16T11:32:03Z</time><sat>42</sat></trkpt>
  <trkpt lat="30.25755268" lon="120.15602518"><ele>14.512</ele><time>2026-09-16T11:32:06Z</time><sat>42</sat></trkpt>
  <trkpt lat="30.25755366" lon="120.15602056"><ele>13.976</ele><time>2026-09-16T11:32:09Z</time><sat>42</sat></trkpt>
  <trkpt lat="30.25755499" lon="120.15601712"><ele>13.960</ele><time>2026-09-16T11:32:12Z</time><sat>42</sat></trkpt>
  <trkpt lat="30.25758756" lon="120.15599447"><ele>14.224</ele><time>2026-09-16T11:32:15Z</time><sat>42</sat></trkpt>
  <trkpt lat="30.25764369" lon="120.15596715"><ele>13.988</ele><time>2026-09-16T11:32:18Z</time><sat>42</sat></trkpt>
  <trkpt lat="30.25770982" lon="120.15598578"><ele>13.723</ele><time>2026-09-16T11:32:21Z</time><sat>42</sat></trkpt>
  <trkpt lat="30.25769579" lon="120.15602076"><ele>13.648</ele><time>2026-09-16T11:32:24Z</time><sat>41</sat></trkpt>
  <trkpt lat="30.25769388" lon="120.15607120"><ele>13.534</ele><time>2026-09-16T11:32:27Z</time><sat>41</sat></trkpt>
  <trkpt lat="30.25769254" lon="120.15615664"><ele>13.860</ele><time>2026-09-16T11:32:30Z</time><sat>41</sat></trkpt>
  <trkpt lat="30.25771071" lon="120.15623928"><ele>13.712</ele><time>2026-09-16T11:32:33Z</time><sat>41</sat></trkpt>
  <trkpt lat="30.25777418" lon="120.15633120"><ele>13.128</ele><time>2026-09-16T11:32:36Z</time><sat>41</sat></trkpt>
  <trkpt lat="30.25776570" lon="120.15644255"><ele>13.092</ele><time>2026-09-16T11:32:39Z</time><sat>39</sat></trkpt>
  <trkpt lat="30.25776162" lon="120.15656118"><ele>13.655</ele><time>2026-09-16T11:32:42Z</time><sat>38</sat></trkpt>
  <trkpt lat="30.25776519" lon="120.15669916"><ele>14.057</ele><time>2026-09-16T11:32:45Z</time><sat>37</sat></trkpt>
  <trkpt lat="30.25776941" lon="120.15683539"><ele>14.187</ele><time>2026-09-16T11:32:48Z</time><sat>35</sat></trkpt>
  <trkpt lat="30.25777258" lon="120.15694259"><ele>14.303</ele><time>2026-09-16T11:32:51Z</time><sat>36</sat></trkpt>
  <trkpt lat="30.25777187" lon="120.15702869"><ele>14.449</ele><time>2026-09-16T11:32:54Z</time><sat>35</sat></trkpt>
  <trkpt lat="30.25778830" lon="120.15714805"><ele>14.524</ele><time>2026-09-16T11:32:57Z</time><sat>37</sat></trkpt>
  <trkpt lat="30.25781205" lon="120.15728239"><ele>14.300</ele><time>2026-09-16T11:33:00Z</time><sat>37</sat></trkpt>
  <trkpt lat="30.25781580" lon="120.15740631"><ele>14.817</ele><time>2026-09-16T11:33:03Z</time><sat>38</sat></trkpt>
  <trkpt lat="30.25782339" lon="120.15753076"><ele>15.492</ele><time>2026-09-16T11:33:06Z</time><sat>38</sat></trkpt>
  <trkpt lat="30.25781928" lon="120.15764205"><ele>16.673</ele><time>2026-09-16T11:33:09Z</time><sat>39</sat></trkpt>
  <trkpt lat="30.25782478" lon="120.15772626"><ele>18.437</ele><time>2026-09-16T11:33:12Z</time><sat>36</sat></trkpt>
  <trkpt lat="30.25781006" lon="120.15776358"><ele>18.356</ele><time>2026-09-16T11:33:15Z</time><sat>37</sat></trkpt>
  <trkpt lat="30.25780673" lon="120.15777020"><ele>18.400</ele><time>2026-09-16T11:33:18Z</time><sat>38</sat></trkpt>
  <trkpt lat="30.25779475" lon="120.15779335"><ele>18.342</ele><time>2026-09-16T11:33:21Z</time><sat>38</sat></trkpt>
  <trkpt lat="30.25778566" lon="120.15778838"><ele>17.344</ele><time>2026-09-16T11:33:24Z</time><sat>38</sat></trkpt>
  <trkpt lat="30.25777453" lon="120.15777986"><ele>16.597</ele><time>2026-09-16T11:33:27Z</time><sat>38</sat></trkpt>
  <trkpt lat="30.25777747" lon="120.15777904"><ele>15.663</ele><time>2026-09-16T11:33:30Z</time><sat>38</sat></trkpt>
  <trkpt lat="30.25778275" lon="120.15778066"><ele>14.901</ele><time>2026-09-16T11:33:33Z</time><sat>38</sat></trkpt>
  <trkpt lat="30.25778530" lon="120.15777788"><ele>15.259</ele><time>2026-09-16T11:33:36Z</time><sat>39</sat></trkpt>
  <trkpt lat="30.25778686" lon="120.15777355"><ele>14.610</ele><time>2026-09-16T11:33:39Z</time><sat>39</sat></trkpt>
  <trkpt lat="30.25779726" lon="120.15781876"><ele>14.355</ele><time>2026-09-16T11:33:42Z</time><sat>39</sat></trkpt>
  <trkpt lat="30.25780112" lon="120.15787561"><ele>14.817</ele><time>2026-09-16T11:33:45Z</time><sat>39</sat></trkpt>
  <trkpt lat="30.25779830" lon="120.15792454"><ele>15.743</ele><time>2026-09-16T11:33:48Z</time><sat>41</sat></trkpt>
  <trkpt lat="30.25777502" lon="120.15795667"><ele>15.397</ele><time>2026-09-16T11:33:51Z</time><sat>41</sat></trkpt>
  <trkpt lat="30.25775196" lon="120.15798497"><ele>15.358</ele><time>2026-09-16T11:33:54Z</time><sat>41</sat></trkpt>
  <trkpt lat="30.25772741" lon="120.15801497"><ele>16.034</ele><time>2026-09-16T11:33:57Z</time><sat>39</sat></trkpt>
  <trkpt lat="30.25769702" lon="120.15803532"><ele>15.833</ele><time>2026-09-16T11:34:00Z</time><sat>38</sat></trkpt>
  <trkpt lat="30.25765973" lon="120.15805052"><ele>15.916</ele><time>2026-09-16T11:34:03Z</time><sat>36</sat></trkpt>
  <trkpt lat="30.25762049" lon="120.15805820"><ele>14.489</ele><time>2026-09-16T11:34:06Z</time><sat>38</sat></trkpt>
  <trkpt lat="30.25758199" lon="120.15806834"><ele>14.696</ele><time>2026-09-16T11:34:09Z</time><sat>36</sat></trkpt>
  <trkpt lat="30.25754044" lon="120.15807377"><ele>14.392</ele><time>2026-09-16T11:34:12Z</time><sat>34</sat></trkpt>
  <trkpt lat="30.25749663" lon="120.15806994"><ele>15.632</ele><time>2026-09-16T11:34:15Z</time><sat>34</sat></trkpt>
  <trkpt lat="30.25745552" lon="120.15806643"><ele>17.442</ele><time>2026-09-16T11:34:18Z</time><sat>34</sat></trkpt>
  <trkpt lat="30.25741518" lon="120.15806021"><ele>17.665</ele><time>2026-09-16T11:34:21Z</time><sat>34</sat></trkpt>
  <trkpt lat="30.25737239" lon="120.15804881"><ele>17.985</ele><time>2026-09-16T11:34:24Z</time><sat>32</sat></trkpt>
  <trkpt lat="30.25733390" lon="120.15804194"><ele>19.113</ele><time>2026-09-16T11:34:27Z</time><sat>32</sat></trkpt>
  <trkpt lat="30.25729340" lon="120.15803565"><ele>19.832</ele><time>2026-09-16T11:34:31Z</time><sat>31</sat></trkpt>
  <trkpt lat="30.25726065" lon="120.15803454"><ele>20.115</ele><time>2026-09-16T11:34:34Z</time><sat>31</sat></trkpt>
  <trkpt lat="30.25722729" lon="120.15803244"><ele>22.112</ele><time>2026-09-16T11:34:37Z</time><sat>28</sat></trkpt>
  <trkpt lat="30.25718884" lon="120.15803240"><ele>22.823</ele><time>2026-09-16T11:34:40Z</time><sat>26</sat></trkpt>
  <trkpt lat="30.25716125" lon="120.15804990"><ele>21.189</ele><time>2026-09-16T11:34:43Z</time><sat>26</sat></trkpt>
  <trkpt lat="30.25713187" lon="120.15806688"><ele>19.444</ele><time>2026-09-16T11:34:46Z</time><sat>29</sat></trkpt>
  <trkpt lat="30.25709871" lon="120.15807883"><ele>18.200</ele><time>2026-09-16T11:34:49Z</time><sat>32</sat></trkpt>
  <trkpt lat="30.25705860" lon="120.15808488"><ele>17.586</ele><time>2026-09-16T11:34:52Z</time><sat>37</sat></trkpt>
  <trkpt lat="30.25701420" lon="120.15807432"><ele>17.337</ele><time>2026-09-16T11:34:55Z</time><sat>38</sat></trkpt>
  <trkpt lat="30.25697570" lon="120.15805339"><ele>17.636</ele><time>2026-09-16T11:34:58Z</time><sat>38</sat></trkpt>
  <trkpt lat="30.25693392" lon="120.15804053"><ele>18.975</ele><time>2026-09-16T11:35:01Z</time><sat>36</sat></trkpt>
  <trkpt lat="30.25688651" lon="120.15801396"><ele>20.611</ele><time>2026-09-16T11:35:04Z</time><sat>35</sat></trkpt>
  <trkpt lat="30.25683974" lon="120.15800321"><ele>22.232</ele><time>2026-09-16T11:35:07Z</time><sat>33</sat></trkpt>
  <trkpt lat="30.25679363" lon="120.15802146"><ele>22.341</ele><time>2026-09-16T11:35:10Z</time><sat>32</sat></trkpt>
  <trkpt lat="30.25675997" lon="120.15806088"><ele>21.490</ele><time>2026-09-16T11:35:13Z</time><sat>37</sat></trkpt>
  <trkpt lat="30.25673165" lon="120.15810106"><ele>20.696</ele><time>2026-09-16T11:35:16Z</time><sat>40</sat></trkpt>
  <trkpt lat="30.25670205" lon="120.15812287"><ele>20.738</ele><time>2026-09-16T11:35:19Z</time><sat>41</sat></trkpt>
  <trkpt lat="30.25666729" lon="120.15813325"><ele>21.072</ele><time>2026-09-16T11:35:22Z</time><sat>40</sat></trkpt>
  <trkpt lat="30.25662823" lon="120.15815020"><ele>21.542</ele><time>2026-09-16T11:35:25Z</time><sat>40</sat></trkpt>
  <trkpt lat="30.25658443" lon="120.15816836"><ele>23.495</ele><time>2026-09-16T11:35:28Z</time><sat>40</sat></trkpt>
  <trkpt lat="30.25653818" lon="120.15819904"><ele>26.507</ele><time>2026-09-16T11:35:31Z</time><sat>41</sat></trkpt>
  <trkpt lat="30.25649635" lon="120.15824237"><ele>27.989</ele><time>2026-09-16T11:35:34Z</time><sat>40</sat></trkpt>
  <trkpt lat="30.25646920" lon="120.15830676"><ele>28.452</ele><time>2026-09-16T11:35:37Z</time><sat>40</sat></trkpt>
  <trkpt lat="30.25646493" lon="120.15837144"><ele>28.282</ele><time>2026-09-16T11:35:40Z</time><sat>42</sat></trkpt>
  <trkpt lat="30.25644901" lon="120.15840779"><ele>26.149</ele><time>2026-09-16T11:35:43Z</time><sat>42</sat></trkpt>
  <trkpt lat="30.25642605" lon="120.15843248"><ele>25.649</ele><time>2026-09-16T11:35:46Z</time><sat>42</sat></trkpt>
  <trkpt lat="30.25641662" lon="120.15845732"><ele>24.750</ele><time>2026-09-16T11:35:49Z</time><sat>42</sat></trkpt>
  <trkpt lat="30.25641448" lon="120.15847000"><ele>23.330</ele><time>2026-09-16T11:35:52Z</time><sat>41</sat></trkpt>
  <trkpt lat="30.25640137" lon="120.15849117"><ele>23.282</ele><time>2026-09-16T11:35:55Z</time><sat>41</sat></trkpt>
  <trkpt lat="30.25637977" lon="120.15848201"><ele>21.683</ele><time>2026-09-16T11:35:58Z</time><sat>41</sat></trkpt>
  <trkpt lat="30.25637133" lon="120.15849772"><ele>21.256</ele><time>2026-09-16T11:36:01Z</time><sat>41</sat></trkpt>
  <trkpt lat="30.25638012" lon="120.15853057"><ele>19.649</ele><time>2026-09-16T11:36:04Z</time><sat>41</sat></trkpt>
  <trkpt lat="30.25638989" lon="120.15856230"><ele>19.131</ele><time>2026-09-16T11:36:07Z</time><sat>41</sat></trkpt>
  <trkpt lat="30.25636813" lon="120.15858701"><ele>19.829</ele><time>2026-09-16T11:36:10Z</time><sat>41</sat></trkpt>
  <trkpt lat="30.25636241" lon="120.15860976"><ele>19.832</ele><time>2026-09-16T11:36:13Z</time><sat>41</sat></trkpt>
  <trkpt lat="30.25637411" lon="120.15863482"><ele>18.614</ele><time>2026-09-16T11:36:16Z</time><sat>41</sat></trkpt>
  <trkpt lat="30.25637320" lon="120.15864029"><ele>18.310</ele><time>2026-09-16T11:36:19Z</time><sat>42</sat></trkpt>
  <trkpt lat="30.25637157" lon="120.15863787"><ele>18.493</ele><time>2026-09-16T11:36:22Z</time><sat>42</sat></trkpt>
  <trkpt lat="30.25637416" lon="120.15866468"><ele>18.329</ele><time>2026-09-16T11:36:25Z</time><sat>42</sat></trkpt>
  <trkpt lat="30.25637472" lon="120.15868640"><ele>17.804</ele><time>2026-09-16T11:36:28Z</time><sat>42</sat></trkpt>
  <trkpt lat="30.25637487" lon="120.15868894"><ele>17.406</ele><time>2026-09-16T11:36:31Z</time><sat>41</sat></trkpt>
  <trkpt lat="30.25636964" lon="120.15868368"><ele>17.892</ele><time>2026-09-16T11:36:34Z</time><sat>42</sat></trkpt>
  <trkpt lat="30.25637082" lon="120.15868257"><ele>17.511</ele><time>2026-09-16T11:36:37Z</time><sat>42</sat></trkpt>
  <trkpt lat="30.25637505" lon="120.15867177"><ele>18.202</ele><time>2026-09-16T11:36:40Z</time><sat>43</sat></trkpt>
  <trkpt lat="30.25637844" lon="120.15867014"><ele>17.518</ele><time>2026-09-16T11:36:43Z</time><sat>43</sat></trkpt>
  <trkpt lat="30.25637811" lon="120.15866916"><ele>17.693</ele><time>2026-09-16T11:36:46Z</time><sat>42</sat></trkpt>
  <trkpt lat="30.25637616" lon="120.15866296"><ele>17.635</ele><time>2026-09-16T11:36:49Z</time><sat>42</sat></trkpt>
  <trkpt lat="30.25637082" lon="120.15863914"><ele>17.700</ele><time>2026-09-16T11:36:52Z</time><sat>42</sat></trkpt>
  <trkpt lat="30.25636776" lon="120.15863009"><ele>16.826</ele><time>2026-09-16T11:36:55Z</time><sat>41</sat></trkpt>
  <trkpt lat="30.25634657" lon="120.15865086"><ele>16.761</ele><time>2026-09-16T11:36:58Z</time><sat>41</sat></trkpt>
  <trkpt lat="30.25635366" lon="120.15870437"><ele>16.091</ele><time>2026-09-16T11:37:01Z</time><sat>42</sat></trkpt>
  <trkpt lat="30.25636411" lon="120.15874829"><ele>16.330</ele><time>2026-09-16T11:37:04Z</time><sat>42</sat></trkpt>
  <trkpt lat="30.25636765" lon="120.15878564"><ele>16.198</ele><time>2026-09-16T11:37:07Z</time><sat>41</sat></trkpt>
  <trkpt lat="30.25636908" lon="120.15883436"><ele>16.118</ele><time>2026-09-16T11:37:10Z</time><sat>41</sat></trkpt>
  <trkpt lat="30.25636040" lon="120.15889191"><ele>15.704</ele><time>2026-09-16T11:37:14Z</time><sat>40</sat></trkpt>
  <trkpt lat="30.25636625" lon="120.15892709"><ele>14.912</ele><time>2026-09-16T11:37:17Z</time><sat>40</sat></trkpt>
  <trkpt lat="30.25636551" lon="120.15896733"><ele>15.325</ele><time>2026-09-16T11:37:20Z</time><sat>40</sat></trkpt>
  <trkpt lat="30.25637272" lon="120.15900423"><ele>15.098</ele><time>2026-09-16T11:37:23Z</time><sat>39</sat></trkpt>
  <trkpt lat="30.25637842" lon="120.15904041"><ele>15.648</ele><time>2026-09-16T11:37:26Z</time><sat>38</sat></trkpt>
  <trkpt lat="30.25637163" lon="120.15908594"><ele>17.304</ele><time>2026-09-16T11:37:29Z</time><sat>38</sat></trkpt>
  <trkpt lat="30.25637092" lon="120.15912613"><ele>17.243</ele><time>2026-09-16T11:37:32Z</time><sat>39</sat></trkpt>
  <trkpt lat="30.25637734" lon="120.15916155"><ele>17.866</ele><time>2026-09-16T11:37:35Z</time><sat>40</sat></trkpt>
  <trkpt lat="30.25641470" lon="120.15918581"><ele>19.145</ele><time>2026-09-16T11:37:38Z</time><sat>40</sat></trkpt>
  <trkpt lat="30.25644850" lon="120.15919956"><ele>19.522</ele><time>2026-09-16T11:37:41Z</time><sat>38</sat></trkpt>
  <trkpt lat="30.25648830" lon="120.15920685"><ele>19.732</ele><time>2026-09-16T11:37:44Z</time><sat>38</sat></trkpt>
  <trkpt lat="30.25652152" lon="120.15922567"><ele>18.471</ele><time>2026-09-16T11:37:47Z</time><sat>40</sat></trkpt>
  <trkpt lat="30.25651974" lon="120.15922003"><ele>18.289</ele><time>2026-09-16T11:37:50Z</time><sat>41</sat></trkpt>
  <trkpt lat="30.25653537" lon="120.15921248"><ele>17.824</ele><time>2026-09-16T11:37:53Z</time><sat>38</sat></trkpt>
  <trkpt lat="30.25656248" lon="120.15919412"><ele>17.396</ele><time>2026-09-16T11:37:56Z</time><sat>39</sat></trkpt>
  <trkpt lat="30.25658991" lon="120.15917041"><ele>16.777</ele><time>2026-09-16T11:37:59Z</time><sat>40</sat></trkpt>
  <trkpt lat="30.25663407" lon="120.15915758"><ele>16.488</ele><time>2026-09-16T11:38:02Z</time><sat>40</sat></trkpt>
  <trkpt lat="30.25664351" lon="120.15915625"><ele>16.710</ele><time>2026-09-16T11:38:05Z</time><sat>38</sat></trkpt>
  <trkpt lat="30.25664260" lon="120.15915709"><ele>16.917</ele><time>2026-09-16T11:38:08Z</time><sat>36</sat></trkpt>
  <trkpt lat="30.25664129" lon="120.15915733"><ele>16.873</ele><time>2026-09-16T11:38:11Z</time><sat>36</sat></trkpt>
  <trkpt lat="30.25664126" lon="120.15915734"><ele>16.874</ele><time>2026-09-16T11:38:14Z</time><sat>25</sat></trkpt>
  <trkpt lat="30.25664126" lon="120.15915734"><ele>16.874</ele><time>2026-09-16T11:38:17Z</time><sat>16</sat></trkpt>
  <trkpt lat="30.25664126" lon="120.15915734"><ele>16.874</ele><time>2026-09-16T11:38:20Z</time><sat>9</sat></trkpt>
  <trkpt lat="30.25671826" lon="120.15915438"><ele>20.638</ele><time>2026-09-16T11:38:23Z</time><sat>5</sat></trkpt>
  <trkpt lat="30.25674541" lon="120.15913504"><ele>20.661</ele><time>2026-09-16T11:38:26Z</time><sat>4</sat></trkpt>
  <trkpt lat="30.25674663" lon="120.15909883"><ele>22.071</ele><time>2026-09-16T11:38:29Z</time><sat>3</sat></trkpt>
  <trkpt lat="30.25673702" lon="120.15906945"><ele>23.482</ele><time>2026-09-16T11:38:32Z</time><sat>1</sat></trkpt>
  <trkpt lat="30.25674403" lon="120.15903846"><ele>24.893</ele><time>2026-09-16T11:38:35Z</time></trkpt>
  <trkpt lat="30.25676465" lon="120.15904435"><ele>22.042</ele><time>2026-09-16T11:38:38Z</time></trkpt>
  <trkpt lat="30.25676504" lon="120.15904493"><ele>22.042</ele><time>2026-09-16T11:38:41Z</time></trkpt>
  <trkpt lat="30.25678811" lon="120.15909162"><ele>22.042</ele><time>2026-09-16T11:38:44Z</time></trkpt>
  <trkpt lat="30.25680638" lon="120.15911612"><ele>22.042</ele><time>2026-09-16T11:38:47Z</time></trkpt>
  <trkpt lat="30.25683311" lon="120.15910934"><ele>22.043</ele><time>2026-09-16T11:38:50Z</time></trkpt>
  <trkpt lat="30.25684055" lon="120.15910762"><ele>22.043</ele><time>2026-09-16T11:38:53Z</time></trkpt>
  <trkpt lat="30.25684076" lon="120.15910757"><ele>22.043</ele><time>2026-09-16T11:38:56Z</time></trkpt>
  <trkpt lat="30.25684076" lon="120.15910757"><ele>22.043</ele><time>2026-09-16T11:38:59Z</time></trkpt>
  <trkpt lat="30.25684076" lon="120.15910757"><ele>22.043</ele><time>2026-09-16T11:39:02Z</time></trkpt>
  <trkpt lat="30.25685747" lon="120.15910122"><ele>22.043</ele><time>2026-09-16T11:39:05Z</time></trkpt>
  <trkpt lat="30.25688953" lon="120.15910865"><ele>22.043</ele><time>2026-09-16T11:39:08Z</time></trkpt>
  <trkpt lat="30.25690196" lon="120.15913675"><ele>22.044</ele><time>2026-09-16T11:39:11Z</time></trkpt>
  <trkpt lat="30.25625974" lon="120.15924442"><ele>70.413</ele><time>2026-09-16T11:57:20Z</time><sat>9</sat></trkpt>
  <trkpt lat="30.25641631" lon="120.15921494"><ele>70.434</ele><time>2026-09-16T11:57:23Z</time><sat>13</sat></trkpt>
  <trkpt lat="30.25645247" lon="120.15921392"><ele>70.444</ele><time>2026-09-16T11:57:26Z</time><sat>21</sat></trkpt>
  <trkpt lat="30.25645655" lon="120.15921714"><ele>70.262</ele><time>2026-09-16T11:57:29Z</time><sat>22</sat></trkpt>
  <trkpt lat="30.25648845" lon="120.15922050"><ele>70.342</ele><time>2026-09-16T11:57:32Z</time><sat>14</sat></trkpt>
  <trkpt lat="30.25649289" lon="120.15922685"><ele>69.858</ele><time>2026-09-16T11:57:35Z</time><sat>14</sat></trkpt>
  <trkpt lat="30.25649238" lon="120.15922764"><ele>69.952</ele><time>2026-09-16T11:57:38Z</time><sat>21</sat></trkpt>
  <trkpt lat="30.25649203" lon="120.15923035"><ele>69.878</ele><time>2026-09-16T11:57:41Z</time><sat>19</sat></trkpt>
  <trkpt lat="30.25649257" lon="120.15923131"><ele>69.771</ele><time>2026-09-16T11:57:44Z</time><sat>9</sat></trkpt>
  <trkpt lat="30.25649173" lon="120.15923506"><ele>69.684</ele><time>2026-09-16T11:57:47Z</time><sat>13</sat></trkpt>
  <trkpt lat="30.25649168" lon="120.15923549"><ele>69.652</ele><time>2026-09-16T11:57:50Z</time><sat>18</sat></trkpt>
  <trkpt lat="30.25648983" lon="120.15925775"><ele>68.761</ele><time>2026-09-16T11:57:53Z</time><sat>14</sat></trkpt>
  <trkpt lat="30.25660079" lon="120.15960933"><ele>64.194</ele><time>2026-09-16T11:57:56Z</time><sat>12</sat></trkpt>
  <trkpt lat="30.25654771" lon="120.15967512"><ele>54.120</ele><time>2026-09-16T11:57:59Z</time><sat>14</sat></trkpt>
  <trkpt lat="30.25657079" lon="120.15971863"><ele>49.480</ele><time>2026-09-16T11:58:02Z</time><sat>15</sat></trkpt>
  <trkpt lat="30.25660747" lon="120.15976244"><ele>46.236</ele><time>2026-09-16T11:58:05Z</time><sat>16</sat></trkpt>
  <trkpt lat="30.25659474" lon="120.15978942"><ele>45.807</ele><time>2026-09-16T11:58:08Z</time><sat>16</sat></trkpt>
  <trkpt lat="30.25660245" lon="120.15976952"><ele>43.205</ele><time>2026-09-16T11:58:35Z</time><sat>10</sat></trkpt>
  <trkpt lat="30.25666723" lon="120.15974764"><ele>37.391</ele><time>2026-09-16T11:58:38Z</time><sat>11</sat></trkpt>
  <trkpt lat="30.25665164" lon="120.15973354"><ele>30.443</ele><time>2026-09-16T11:58:41Z</time><sat>14</sat></trkpt>
  <trkpt lat="30.25664885" lon="120.15972959"><ele>29.678</ele><time>2026-09-16T11:58:44Z</time><sat>17</sat></trkpt>
  <trkpt lat="30.25663855" lon="120.15971884"><ele>25.835</ele><time>2026-09-16T11:58:47Z</time><sat>17</sat></trkpt>
  <trkpt lat="30.25662682" lon="120.15972846"><ele>26.385</ele><time>2026-09-16T11:58:50Z</time><sat>14</sat></trkpt>
  <trkpt lat="30.25662846" lon="120.15973131"><ele>26.214</ele><time>2026-09-16T11:58:53Z</time><sat>11</sat></trkpt>
  <trkpt lat="30.25662834" lon="120.15973139"><ele>26.167</ele><time>2026-09-16T11:58:56Z</time><sat>10</sat></trkpt>
  <trkpt lat="30.25662823" lon="120.15973141"><ele>26.158</ele><time>2026-09-16T11:58:59Z</time><sat>8</sat></trkpt>
  <trkpt lat="30.25662882" lon="120.15973053"><ele>26.047</ele><time>2026-09-16T11:59:02Z</time><sat>3</sat></trkpt>
  <trkpt lat="30.25662850" lon="120.15973061"><ele>26.035</ele><time>2026-09-16T11:59:05Z</time><sat>3</sat></trkpt>
  <trkpt lat="30.25662849" lon="120.15973062"><ele>26.035</ele><time>2026-09-16T11:59:08Z</time><sat>4</sat></trkpt>
  <trkpt lat="30.25794099" lon="120.15976388"><ele>75.472</ele><time>2026-09-16T12:06:53Z</time><sat>28</sat></trkpt>
  <trkpt lat="30.25794804" lon="120.15974978"><ele>78.655</ele><time>2026-09-16T12:06:56Z</time><sat>34</sat></trkpt>
  <trkpt lat="30.25794857" lon="120.15975603"><ele>79.585</ele><time>2026-09-16T12:06:59Z</time><sat>36</sat></trkpt>
  <trkpt lat="30.25794748" lon="120.15975519"><ele>80.125</ele><time>2026-09-16T12:07:02Z</time><sat>36</sat></trkpt>
  <trkpt lat="30.25796044" lon="120.15977511"><ele>77.077</ele><time>2026-09-16T12:07:05Z</time><sat>33</sat></trkpt>
  <trkpt lat="30.25799027" lon="120.15982975"><ele>66.438</ele><time>2026-09-16T12:07:08Z</time><sat>36</sat></trkpt>
  <trkpt lat="30.25799076" lon="120.15983828"><ele>67.789</ele><time>2026-09-16T12:07:11Z</time><sat>38</sat></trkpt>
  <trkpt lat="30.25794396" lon="120.15982521"><ele>64.624</ele><time>2026-09-16T12:07:14Z</time><sat>39</sat></trkpt>
  <trkpt lat="30.25789934" lon="120.15980731"><ele>62.516</ele><time>2026-09-16T12:07:17Z</time><sat>39</sat></trkpt>
  <trkpt lat="30.25787482" lon="120.15979307"><ele>65.148</ele><time>2026-09-16T12:07:20Z</time><sat>40</sat></trkpt>
  <trkpt lat="30.25786318" lon="120.15978215"><ele>68.518</ele><time>2026-09-16T12:07:23Z</time><sat>41</sat></trkpt>
  <trkpt lat="30.25785738" lon="120.15978041"><ele>71.457</ele><time>2026-09-16T12:07:26Z</time><sat>41</sat></trkpt>
  <trkpt lat="30.25785233" lon="120.15978271"><ele>72.995</ele><time>2026-09-16T12:07:29Z</time><sat>41</sat></trkpt>
  <trkpt lat="30.25782975" lon="120.15979483"><ele>72.476</ele><time>2026-09-16T12:07:32Z</time><sat>41</sat></trkpt>
  <trkpt lat="30.25782151" lon="120.15981466"><ele>71.947</ele><time>2026-09-16T12:07:35Z</time><sat>42</sat></trkpt>
  <trkpt lat="30.25783046" lon="120.15982943"><ele>71.695</ele><time>2026-09-16T12:07:38Z</time><sat>42</sat></trkpt>
  <trkpt lat="30.25780543" lon="120.15984861"><ele>69.953</ele><time>2026-09-16T12:07:41Z</time><sat>39</sat></trkpt>
  <trkpt lat="30.25777715" lon="120.15985739"><ele>66.659</ele><time>2026-09-16T12:07:44Z</time><sat>38</sat></trkpt>
  <trkpt lat="30.25775624" lon="120.15987841"><ele>63.133</ele><time>2026-09-16T12:07:47Z</time><sat>38</sat></trkpt>
  <trkpt lat="30.25775333" lon="120.15992354"><ele>60.601</ele><time>2026-09-16T12:07:50Z</time><sat>40</sat></trkpt>
  <trkpt lat="30.25774627" lon="120.15993861"><ele>58.169</ele><time>2026-09-16T12:07:53Z</time><sat>40</sat></trkpt>
  <trkpt lat="30.25774499" lon="120.15994087"><ele>56.045</ele><time>2026-09-16T12:07:56Z</time><sat>41</sat></trkpt>
  <trkpt lat="30.25777282" lon="120.15994222"><ele>56.289</ele><time>2026-09-16T12:07:59Z</time><sat>39</sat></trkpt>
  <trkpt lat="30.25775972" lon="120.15995574"><ele>55.872</ele><time>2026-09-16T12:08:02Z</time><sat>40</sat></trkpt>
  <trkpt lat="30.25775936" lon="120.15995926"><ele>55.042</ele><time>2026-09-16T12:08:05Z</time><sat>41</sat></trkpt>
  <trkpt lat="30.25775495" lon="120.15992797"><ele>57.486</ele><time>2026-09-16T12:08:08Z</time><sat>40</sat></trkpt>
  <trkpt lat="30.25777329" lon="120.15987789"><ele>55.712</ele><time>2026-09-16T12:08:11Z</time><sat>39</sat></trkpt>
  <trkpt lat="30.25777505" lon="120.15986732"><ele>53.447</ele><time>2026-09-16T12:08:14Z</time><sat>38</sat></trkpt>
  <trkpt lat="30.25776126" lon="120.15983695"><ele>50.774</ele><time>2026-09-16T12:08:17Z</time><sat>28</sat></trkpt>
  <trkpt lat="30.25776292" lon="120.15979157"><ele>48.365</ele><time>2026-09-16T12:08:20Z</time><sat>18</sat></trkpt>
  <trkpt lat="30.25776565" lon="120.15975981"><ele>49.202</ele><time>2026-09-16T12:08:23Z</time><sat>13</sat></trkpt>
  <trkpt lat="30.25780485" lon="120.15973391"><ele>48.501</ele><time>2026-09-16T12:08:26Z</time><sat>14</sat></trkpt>
  <trkpt lat="30.25785058" lon="120.15971920"><ele>48.016</ele><time>2026-09-16T12:08:29Z</time><sat>15</sat></trkpt>
  <trkpt lat="30.25788895" lon="120.15972518"><ele>48.071</ele><time>2026-09-16T12:08:32Z</time><sat>11</sat></trkpt>
  <trkpt lat="30.25788915" lon="120.15971234"><ele>48.029</ele><time>2026-09-16T12:08:35Z</time><sat>6</sat></trkpt>
  <trkpt lat="30.25788977" lon="120.15970955"><ele>48.008</ele><time>2026-09-16T12:08:38Z</time><sat>3</sat></trkpt>
  <trkpt lat="30.25788994" lon="120.15970882"><ele>47.998</ele><time>2026-09-16T12:08:41Z</time><sat>2</sat></trkpt>
  <trkpt lat="30.25788998" lon="120.15970863"><ele>47.993</ele><time>2026-09-16T12:08:44Z</time></trkpt>
  <trkpt lat="30.25788999" lon="120.15970857"><ele>47.991</ele><time>2026-09-16T12:08:47Z</time></trkpt>
  <trkpt lat="30.25788999" lon="120.15970856"><ele>47.991</ele><time>2026-09-16T12:08:50Z</time></trkpt>
  <trkpt lat="30.25789000" lon="120.15970856"><ele>47.991</ele><time>2026-09-16T12:08:53Z</time></trkpt>
  <trkpt lat="30.25789000" lon="120.15970856"><ele>47.991</ele><time>2026-09-16T12:08:56Z</time></trkpt>
  <trkpt lat="30.25789000" lon="120.15970856"><ele>47.991</ele><time>2026-09-16T12:08:59Z</time></trkpt>
  <trkpt lat="30.25789000" lon="120.15970856"><ele>47.991</ele><time>2026-09-16T12:09:02Z</time></trkpt>
  <trkpt lat="30.25789000" lon="120.15970856"><ele>47.991</ele><time>2026-09-16T12:09:05Z</time></trkpt>
  <trkpt lat="30.25789000" lon="120.15970856"><ele>47.991</ele><time>2026-09-16T12:09:08Z</time></trkpt>
  <trkpt lat="30.25789000" lon="120.15970856"><ele>47.991</ele><time>2026-09-16T12:09:11Z</time></trkpt>
  <trkpt lat="30.25789000" lon="120.15970856"><ele>47.991</ele><time>2026-09-16T12:09:14Z</time></trkpt>
  <trkpt lat="30.25789000" lon="120.15970856"><ele>47.991</ele><time>2026-09-16T12:09:17Z</time></trkpt>
  <trkpt lat="30.25789000" lon="120.15970856"><ele>47.991</ele><time>2026-09-16T12:09:20Z</time></trkpt>
  <trkpt lat="30.25789000" lon="120.15970856"><ele>47.991</ele><time>2026-09-16T12:09:23Z</time></trkpt>
  <trkpt lat="30.25789000" lon="120.15970856"><ele>47.991</ele><time>2026-09-16T12:09:26Z</time></trkpt>
  <trkpt lat="30.25789000" lon="120.15970856"><ele>47.991</ele><time>2026-09-16T12:09:29Z</time></trkpt>
  <trkpt lat="30.25718603" lon="120.16037226"><ele>-24.561</ele><time>2026-09-16T12:18:03Z</time><sat>12</sat></trkpt>
  <trkpt lat="30.25719295" lon="120.16035887"><ele>-24.378</ele><time>2026-09-16T12:18:07Z</time><sat>12</sat></trkpt>
  <trkpt lat="30.25714477" lon="120.15940498"><ele>-8.151</ele><time>2026-09-16T12:21:38Z</time><sat>20</sat></trkpt>
  <trkpt lat="30.25715503" lon="120.15941605"><ele>-7.208</ele><time>2026-09-16T12:21:41Z</time><sat>17</sat></trkpt>
  <trkpt lat="30.25715964" lon="120.15941168"><ele>-5.038</ele><time>2026-09-16T12:21:44Z</time><sat>15</sat></trkpt>
  <trkpt lat="30.25716101" lon="120.15942060"><ele>-3.691</ele><time>2026-09-16T12:21:47Z</time><sat>21</sat></trkpt>
  <trkpt lat="30.25716054" lon="120.15941211"><ele>0.067</ele><time>2026-09-16T12:21:50Z</time><sat>26</sat></trkpt>
  <trkpt lat="30.25714016" lon="120.15940847"><ele>7.877</ele><time>2026-09-16T12:21:53Z</time><sat>27</sat></trkpt>
  <trkpt lat="30.25709214" lon="120.15942332"><ele>14.426</ele><time>2026-09-16T12:21:56Z</time><sat>26</sat></trkpt>
  <trkpt lat="30.25705697" lon="120.15941728"><ele>16.955</ele><time>2026-09-16T12:21:59Z</time><sat>28</sat></trkpt>
  <trkpt lat="30.25702119" lon="120.15942489"><ele>20.247</ele><time>2026-09-16T12:22:02Z</time><sat>37</sat></trkpt>
  <trkpt lat="30.25697618" lon="120.15940603"><ele>25.727</ele><time>2026-09-16T12:22:05Z</time><sat>37</sat></trkpt>
  <trkpt lat="30.25692948" lon="120.15939672"><ele>25.641</ele><time>2026-09-16T12:22:08Z</time><sat>39</sat></trkpt>
  <trkpt lat="30.25689592" lon="120.15941581"><ele>24.072</ele><time>2026-09-16T12:22:11Z</time><sat>39</sat></trkpt>
  <trkpt lat="30.25686697" lon="120.15943424"><ele>21.847</ele><time>2026-09-16T12:22:14Z</time><sat>35</sat></trkpt>
  <trkpt lat="30.25682494" lon="120.15945347"><ele>20.209</ele><time>2026-09-16T12:22:17Z</time><sat>35</sat></trkpt>
  <trkpt lat="30.25684087" lon="120.15950341"><ele>20.630</ele><time>2026-09-16T12:22:20Z</time><sat>36</sat></trkpt>
  <trkpt lat="30.25676896" lon="120.15952585"><ele>21.515</ele><time>2026-09-16T12:22:23Z</time><sat>26</sat></trkpt>
  <trkpt lat="30.25674269" lon="120.15952200"><ele>21.833</ele><time>2026-09-16T12:22:26Z</time><sat>36</sat></trkpt>
  <trkpt lat="30.25671547" lon="120.15954690"><ele>22.360</ele><time>2026-09-16T12:22:29Z</time><sat>33</sat></trkpt>
  <trkpt lat="30.25668765" lon="120.15953993"><ele>20.611</ele><time>2026-09-16T12:22:32Z</time><sat>28</sat></trkpt>
  <trkpt lat="30.25664841" lon="120.15952320"><ele>18.309</ele><time>2026-09-16T12:22:35Z</time><sat>31</sat></trkpt>
  <trkpt lat="30.25660903" lon="120.15955467"><ele>18.940</ele><time>2026-09-16T12:22:38Z</time><sat>38</sat></trkpt>
  <trkpt lat="30.25657662" lon="120.15961362"><ele>18.752</ele><time>2026-09-16T12:22:41Z</time><sat>38</sat></trkpt>
  <trkpt lat="30.25655163" lon="120.15966023"><ele>20.118</ele><time>2026-09-16T12:22:44Z</time><sat>30</sat></trkpt>
  <trkpt lat="30.25657481" lon="120.15974051"><ele>18.392</ele><time>2026-09-16T12:22:47Z</time><sat>30</sat></trkpt>
  <trkpt lat="30.25659554" lon="120.15976879"><ele>19.564</ele><time>2026-09-16T12:22:50Z</time><sat>35</sat></trkpt>
  <trkpt lat="30.25662628" lon="120.15976466"><ele>20.090</ele><time>2026-09-16T12:22:53Z</time><sat>35</sat></trkpt>
  <trkpt lat="30.25665660" lon="120.15977389"><ele>19.989</ele><time>2026-09-16T12:22:56Z</time><sat>23</sat></trkpt>
  <trkpt lat="30.25668512" lon="120.15978317"><ele>20.591</ele><time>2026-09-16T12:22:59Z</time><sat>8</sat></trkpt>
  <trkpt lat="30.25670421" lon="120.15975832"><ele>21.293</ele><time>2026-09-16T12:23:02Z</time><sat>6</sat></trkpt>
  <trkpt lat="30.25672804" lon="120.15972684"><ele>21.983</ele><time>2026-09-16T12:23:05Z</time><sat>3</sat></trkpt>
  <trkpt lat="30.25671854" lon="120.15969276"><ele>22.688</ele><time>2026-09-16T12:23:08Z</time><sat>1</sat></trkpt>
  <trkpt lat="30.25672240" lon="120.15966134"><ele>23.403</ele><time>2026-09-16T12:23:11Z</time></trkpt>
  <trkpt lat="30.25674011" lon="120.15963630"><ele>24.115</ele><time>2026-09-16T12:23:14Z</time></trkpt>
  <trkpt lat="30.25674883" lon="120.15967577"><ele>24.716</ele><time>2026-09-16T12:23:17Z</time></trkpt>
  <trkpt lat="30.25674910" lon="120.15970594"><ele>25.436</ele><time>2026-09-16T12:23:20Z</time></trkpt>
  <trkpt lat="30.25675317" lon="120.15974314"><ele>26.152</ele><time>2026-09-16T12:23:23Z</time></trkpt>
  <trkpt lat="30.25679203" lon="120.15976445"><ele>26.847</ele><time>2026-09-16T12:23:26Z</time></trkpt>
  <trkpt lat="30.25680911" lon="120.15979072"><ele>27.549</ele><time>2026-09-16T12:23:29Z</time></trkpt>
  <trkpt lat="30.25683911" lon="120.15981053"><ele>28.263</ele><time>2026-09-16T12:23:32Z</time></trkpt>
  <trkpt lat="30.25684977" lon="120.15983967"><ele>28.977</ele><time>2026-09-16T12:23:35Z</time></trkpt>
  <trkpt lat="30.25687095" lon="120.15986358"><ele>29.689</ele><time>2026-09-16T12:23:38Z</time></trkpt>
  <trkpt lat="30.25689847" lon="120.15984523"><ele>30.384</ele><time>2026-09-16T12:23:41Z</time></trkpt>
  <trkpt lat="30.25692312" lon="120.15983871"><ele>31.104</ele><time>2026-09-16T12:23:44Z</time></trkpt>
  <trkpt lat="30.25694906" lon="120.15982730"><ele>31.825</ele><time>2026-09-16T12:23:47Z</time></trkpt>
  <trkpt lat="30.25697581" lon="120.15981661"><ele>32.546</ele><time>2026-09-16T12:23:50Z</time></trkpt>
  <trkpt lat="30.25700315" lon="120.15980874"><ele>33.267</ele><time>2026-09-16T12:23:53Z</time></trkpt>
  <trkpt lat="30.25803363" lon="120.15983459"><ele>58.392</ele><time>2026-09-16T12:24:54Z</time><sat>25</sat></trkpt>
  <trkpt lat="30.25802869" lon="120.15982677"><ele>61.409</ele><time>2026-09-16T12:24:57Z</time><sat>30</sat></trkpt>
  <trkpt lat="30.25798202" lon="120.15983063"><ele>66.498</ele><time>2026-09-16T12:25:00Z</time><sat>33</sat></trkpt>
  <trkpt lat="30.25795755" lon="120.15983081"><ele>69.624</ele><time>2026-09-16T12:25:03Z</time><sat>37</sat></trkpt>
  <trkpt lat="30.25793801" lon="120.15982523"><ele>71.927</ele><time>2026-09-16T12:25:06Z</time><sat>38</sat></trkpt>
  <trkpt lat="30.25791833" lon="120.15981857"><ele>73.840</ele><time>2026-09-16T12:25:09Z</time><sat>40</sat></trkpt>
  <trkpt lat="30.25789762" lon="120.15981307"><ele>75.047</ele><time>2026-09-16T12:25:12Z</time><sat>39</sat></trkpt>
  <trkpt lat="30.25788016" lon="120.15981454"><ele>75.461</ele><time>2026-09-16T12:25:15Z</time><sat>40</sat></trkpt>
  <trkpt lat="30.25785141" lon="120.15981073"><ele>74.560</ele><time>2026-09-16T12:25:18Z</time><sat>41</sat></trkpt>
  <trkpt lat="30.25781485" lon="120.15981816"><ele>76.018</ele><time>2026-09-16T12:25:21Z</time><sat>40</sat></trkpt>
  <trkpt lat="30.25778896" lon="120.15983562"><ele>72.536</ele><time>2026-09-16T12:25:24Z</time><sat>40</sat></trkpt>
  <trkpt lat="30.25776899" lon="120.15985460"><ele>70.573</ele><time>2026-09-16T12:25:27Z</time><sat>39</sat></trkpt>
  <trkpt lat="30.25775597" lon="120.15988486"><ele>66.488</ele><time>2026-09-16T12:25:30Z</time><sat>35</sat></trkpt>
  <trkpt lat="30.25774994" lon="120.15991247"><ele>66.753</ele><time>2026-09-16T12:25:33Z</time><sat>36</sat></trkpt>
  <trkpt lat="30.25774374" lon="120.15991964"><ele>66.974</ele><time>2026-09-16T12:25:36Z</time><sat>36</sat></trkpt>
  <trkpt lat="30.25774947" lon="120.15991638"><ele>65.657</ele><time>2026-09-16T12:25:39Z</time><sat>39</sat></trkpt>
  <trkpt lat="30.25776699" lon="120.15990581"><ele>66.952</ele><time>2026-09-16T12:25:42Z</time><sat>38</sat></trkpt>
  <trkpt lat="30.25775064" lon="120.15991973"><ele>65.545</ele><time>2026-09-16T12:25:45Z</time><sat>40</sat></trkpt>
  <trkpt lat="30.25775128" lon="120.15995618"><ele>62.326</ele><time>2026-09-16T12:25:48Z</time><sat>41</sat></trkpt>
  <trkpt lat="30.25776671" lon="120.15998143"><ele>58.688</ele><time>2026-09-16T12:25:51Z</time><sat>29</sat></trkpt>
  <trkpt lat="30.25776219" lon="120.15999592"><ele>54.383</ele><time>2026-09-16T12:25:54Z</time><sat>26</sat></trkpt>
  <trkpt lat="30.25775646" lon="120.16002313"><ele>51.937</ele><time>2026-09-16T12:25:57Z</time><sat>31</sat></trkpt>
  <trkpt lat="30.25775395" lon="120.16002180"><ele>51.233</ele><time>2026-09-16T12:26:00Z</time><sat>29</sat></trkpt>
  <trkpt lat="30.25775419" lon="120.16002860"><ele>52.330</ele><time>2026-09-16T12:26:03Z</time><sat>20</sat></trkpt>
  <trkpt lat="30.25773448" lon="120.16002944"><ele>51.548</ele><time>2026-09-16T12:26:06Z</time><sat>16</sat></trkpt>
  <trkpt lat="30.25776297" lon="120.16009769"><ele>51.678</ele><time>2026-09-16T12:26:09Z</time><sat>6</sat></trkpt>
  <trkpt lat="30.25788937" lon="120.16017879"><ele>49.768</ele><time>2026-09-16T12:26:12Z</time><sat>9</sat></trkpt>
  <trkpt lat="30.25814291" lon="120.16001221"><ele>48.164</ele><time>2026-09-16T12:26:15Z</time><sat>17</sat></trkpt>
  <trkpt lat="30.25819209" lon="120.15996937"><ele>47.925</ele><time>2026-09-16T12:26:18Z</time><sat>20</sat></trkpt>
  <trkpt lat="30.25819167" lon="120.15992479"><ele>49.878</ele><time>2026-09-16T12:26:21Z</time><sat>23</sat></trkpt>
  <trkpt lat="30.25817824" lon="120.15988668"><ele>49.536</ele><time>2026-09-16T12:26:24Z</time><sat>26</sat></trkpt>
  <trkpt lat="30.25814352" lon="120.15989493"><ele>49.080</ele><time>2026-09-16T12:26:27Z</time><sat>37</sat></trkpt>
  <trkpt lat="30.25808176" lon="120.15993503"><ele>48.754</ele><time>2026-09-16T12:26:30Z</time><sat>36</sat></trkpt>
  <trkpt lat="30.25807586" lon="120.15993768"><ele>49.139</ele><time>2026-09-16T12:26:33Z</time><sat>31</sat></trkpt>
  <trkpt lat="30.25807571" lon="120.15993775"><ele>49.136</ele><time>2026-09-16T12:26:36Z</time><sat>26</sat></trkpt>
  <trkpt lat="30.25807563" lon="120.15993773"><ele>49.162</ele><time>2026-09-16T12:26:39Z</time><sat>28</sat></trkpt>
  <trkpt lat="30.25807570" lon="120.15993772"><ele>49.184</ele><time>2026-09-16T12:26:42Z</time><sat>26</sat></trkpt>
  <trkpt lat="30.25806737" lon="120.15994097"><ele>48.386</ele><time>2026-09-16T12:26:45Z</time><sat>22</sat></trkpt>
  <trkpt lat="30.25806769" lon="120.15992668"><ele>47.918</ele><time>2026-09-16T12:26:48Z</time><sat>24</sat></trkpt>
  <trkpt lat="30.25805869" lon="120.15992237"><ele>47.885</ele><time>2026-09-16T12:26:52Z</time><sat>35</sat></trkpt>
  <trkpt lat="30.25805859" lon="120.15992226"><ele>47.877</ele><time>2026-09-16T12:26:55Z</time><sat>36</sat></trkpt>
  <trkpt lat="30.25805687" lon="120.15992313"><ele>47.695</ele><time>2026-09-16T12:26:58Z</time><sat>24</sat></trkpt>
  <trkpt lat="30.25805696" lon="120.15993279"><ele>46.733</ele><time>2026-09-16T12:27:01Z</time><sat>26</sat></trkpt>
  <trkpt lat="30.25805752" lon="120.15993608"><ele>46.833</ele><time>2026-09-16T12:27:04Z</time><sat>31</sat></trkpt>
  <trkpt lat="30.25805788" lon="120.15993630"><ele>46.880</ele><time>2026-09-16T12:27:07Z</time><sat>34</sat></trkpt>
  <trkpt lat="30.25805801" lon="120.15993615"><ele>46.960</ele><time>2026-09-16T12:27:10Z</time><sat>36</sat></trkpt>
  <trkpt lat="30.25805770" lon="120.15993608"><ele>46.990</ele><time>2026-09-16T12:27:13Z</time><sat>34</sat></trkpt>
  <trkpt lat="30.25805753" lon="120.15993570"><ele>47.035</ele><time>2026-09-16T12:27:16Z</time><sat>34</sat></trkpt>
  <trkpt lat="30.25805771" lon="120.15993504"><ele>47.102</ele><time>2026-09-16T12:27:19Z</time><sat>35</sat></trkpt>
  <trkpt lat="30.25805795" lon="120.15993473"><ele>47.124</ele><time>2026-09-16T12:27:22Z</time><sat>35</sat></trkpt>
  <trkpt lat="30.25805868" lon="120.15993440"><ele>47.187</ele><time>2026-09-16T12:27:25Z</time><sat>37</sat></trkpt>
  <trkpt lat="30.25806348" lon="120.15992813"><ele>47.517</ele><time>2026-09-16T12:27:28Z</time><sat>37</sat></trkpt>
  <trkpt lat="30.25806398" lon="120.15992790"><ele>47.573</ele><time>2026-09-16T12:27:31Z</time><sat>33</sat></trkpt>
  <trkpt lat="30.25806433" lon="120.15992770"><ele>47.621</ele><time>2026-09-16T12:27:34Z</time><sat>27</sat></trkpt>
  <trkpt lat="30.25806452" lon="120.15992778"><ele>47.620</ele><time>2026-09-16T12:27:37Z</time><sat>33</sat></trkpt>
  <trkpt lat="30.25806486" lon="120.15992778"><ele>47.593</ele><time>2026-09-16T12:27:40Z</time><sat>35</sat></trkpt>
  <trkpt lat="30.25806529" lon="120.15992797"><ele>47.579</ele><time>2026-09-16T12:27:43Z</time><sat>35</sat></trkpt>
  <trkpt lat="30.25806563" lon="120.15992807"><ele>47.567</ele><time>2026-09-16T12:27:46Z</time><sat>35</sat></trkpt>
  <trkpt lat="30.25806609" lon="120.15992820"><ele>47.590</ele><time>2026-09-16T12:27:49Z</time><sat>37</sat></trkpt>
  <trkpt lat="30.25806651" lon="120.15992827"><ele>47.596</ele><time>2026-09-16T12:27:52Z</time><sat>37</sat></trkpt>
  <trkpt lat="30.25806657" lon="120.15992825"><ele>47.562</ele><time>2026-09-16T12:27:55Z</time><sat>38</sat></trkpt>
  <trkpt lat="30.25806683" lon="120.15992816"><ele>47.589</ele><time>2026-09-16T12:27:58Z</time><sat>37</sat></trkpt>
  <trkpt lat="30.25806693" lon="120.15992820"><ele>47.581</ele><time>2026-09-16T12:28:01Z</time><sat>35</sat></trkpt>
  <trkpt lat="30.25806675" lon="120.15992822"><ele>47.578</ele><time>2026-09-16T12:28:04Z</time><sat>38</sat></trkpt>
  <trkpt lat="30.25806668" lon="120.15992828"><ele>47.609</ele><time>2026-09-16T12:28:07Z</time><sat>38</sat></trkpt>
  <trkpt lat="30.25806686" lon="120.15992843"><ele>47.678</ele><time>2026-09-16T12:28:10Z</time><sat>35</sat></trkpt>
  <trkpt lat="30.25806697" lon="120.15992866"><ele>47.717</ele><time>2026-09-16T12:28:13Z</time><sat>35</sat></trkpt>
  <trkpt lat="30.25806735" lon="120.15992888"><ele>47.774</ele><time>2026-09-16T12:28:16Z</time><sat>36</sat></trkpt>
  <trkpt lat="30.25806761" lon="120.15992863"><ele>47.812</ele><time>2026-09-16T12:28:19Z</time><sat>35</sat></trkpt>
  <trkpt lat="30.25806822" lon="120.15992864"><ele>47.866</ele><time>2026-09-16T12:28:22Z</time><sat>38</sat></trkpt>
  <trkpt lat="30.25806891" lon="120.15992843"><ele>47.927</ele><time>2026-09-16T12:28:25Z</time><sat>38</sat></trkpt>
  <trkpt lat="30.25806962" lon="120.15992813"><ele>47.983</ele><time>2026-09-16T12:28:28Z</time><sat>38</sat></trkpt>
  <trkpt lat="30.25807007" lon="120.15992817"><ele>47.980</ele><time>2026-09-16T12:28:31Z</time><sat>38</sat></trkpt>
  <trkpt lat="30.25807048" lon="120.15992815"><ele>47.957</ele><time>2026-09-16T12:28:34Z</time><sat>39</sat></trkpt>
  <trkpt lat="30.25807395" lon="120.15993172"><ele>47.874</ele><time>2026-09-16T12:28:37Z</time><sat>37</sat></trkpt>
  <trkpt lat="30.25807390" lon="120.15994267"><ele>47.943</ele><time>2026-09-16T12:28:40Z</time><sat>39</sat></trkpt>
  <trkpt lat="30.25806789" lon="120.15993828"><ele>48.396</ele><time>2026-09-16T12:28:43Z</time><sat>35</sat></trkpt>
  <trkpt lat="30.25805995" lon="120.15992567"><ele>48.621</ele><time>2026-09-16T12:28:46Z</time><sat>31</sat></trkpt>
  <trkpt lat="30.25805869" lon="120.15992132"><ele>48.390</ele><time>2026-09-16T12:28:49Z</time><sat>34</sat></trkpt>
  <trkpt lat="30.25806245" lon="120.15992761"><ele>48.286</ele><time>2026-09-16T12:28:52Z</time><sat>36</sat></trkpt>
  <trkpt lat="30.25806237" lon="120.15993098"><ele>48.363</ele><time>2026-09-16T12:28:55Z</time><sat>32</sat></trkpt>
  <trkpt lat="30.25806129" lon="120.15993424"><ele>47.459</ele><time>2026-09-16T12:28:58Z</time><sat>32</sat></trkpt>
  <trkpt lat="30.25806275" lon="120.15989838"><ele>48.643</ele><time>2026-09-16T12:29:01Z</time><sat>31</sat></trkpt>
  <trkpt lat="30.25805623" lon="120.15987812"><ele>49.326</ele><time>2026-09-16T12:29:04Z</time><sat>33</sat></trkpt>
  <trkpt lat="30.25803676" lon="120.15988208"><ele>49.570</ele><time>2026-09-16T12:29:07Z</time><sat>35</sat></trkpt>
  <trkpt lat="30.25803452" lon="120.15988693"><ele>48.797</ele><time>2026-09-16T12:29:10Z</time><sat>35</sat></trkpt>
  <trkpt lat="30.25804112" lon="120.15989589"><ele>46.847</ele><time>2026-09-16T12:29:13Z</time><sat>32</sat></trkpt>
  <trkpt lat="30.25803420" lon="120.15989886"><ele>46.746</ele><time>2026-09-16T12:29:16Z</time><sat>33</sat></trkpt>
  <trkpt lat="30.25802586" lon="120.15990279"><ele>45.854</ele><time>2026-09-16T12:29:19Z</time><sat>37</sat></trkpt>
  <trkpt lat="30.25802513" lon="120.15990312"><ele>45.897</ele><time>2026-09-16T12:29:22Z</time><sat>35</sat></trkpt>
  <trkpt lat="30.25802062" lon="120.15989970"><ele>46.360</ele><time>2026-09-16T12:29:25Z</time><sat>34</sat></trkpt>
  <trkpt lat="30.25801493" lon="120.15988299"><ele>46.836</ele><time>2026-09-16T12:29:28Z</time><sat>32</sat></trkpt>
  <trkpt lat="30.25801246" lon="120.15987953"><ele>46.481</ele><time>2026-09-16T12:29:31Z</time><sat>32</sat></trkpt>
  <trkpt lat="30.25801062" lon="120.15987834"><ele>46.551</ele><time>2026-09-16T12:29:34Z</time><sat>29</sat></trkpt>
  <trkpt lat="30.25801065" lon="120.15987860"><ele>46.605</ele><time>2026-09-16T12:29:37Z</time><sat>31</sat></trkpt>
  <trkpt lat="30.25800176" lon="120.15989376"><ele>44.967</ele><time>2026-09-16T12:29:40Z</time><sat>32</sat></trkpt>
  <trkpt lat="30.25800118" lon="120.15989510"><ele>45.035</ele><time>2026-09-16T12:29:43Z</time><sat>32</sat></trkpt>
  <trkpt lat="30.25799941" lon="120.15989679"><ele>44.870</ele><time>2026-09-16T12:29:46Z</time><sat>32</sat></trkpt>
  <trkpt lat="30.25800147" lon="120.15989169"><ele>45.397</ele><time>2026-09-16T12:29:49Z</time><sat>32</sat></trkpt>
  <trkpt lat="30.25800071" lon="120.15992519"><ele>45.213</ele><time>2026-09-16T12:29:52Z</time><sat>32</sat></trkpt>
  <trkpt lat="30.25800099" lon="120.15992593"><ele>45.313</ele><time>2026-09-16T12:29:55Z</time><sat>38</sat></trkpt>
  <trkpt lat="30.25800123" lon="120.15992616"><ele>45.438</ele><time>2026-09-16T12:29:58Z</time><sat>35</sat></trkpt>
  <trkpt lat="30.25800134" lon="120.15992635"><ele>45.569</ele><time>2026-09-16T12:30:01Z</time><sat>36</sat></trkpt>
  <trkpt lat="30.25800139" lon="120.15992655"><ele>45.699</ele><time>2026-09-16T12:30:04Z</time><sat>35</sat></trkpt>
  <trkpt lat="30.25800136" lon="120.15992677"><ele>45.817</ele><time>2026-09-16T12:30:07Z</time><sat>35</sat></trkpt>
  <trkpt lat="30.25800115" lon="120.15992705"><ele>45.919</ele><time>2026-09-16T12:30:10Z</time><sat>33</sat></trkpt>
  <trkpt lat="30.25800134" lon="120.15992699"><ele>45.998</ele><time>2026-09-16T12:30:13Z</time><sat>35</sat></trkpt>
  <trkpt lat="30.25800147" lon="120.15992695"><ele>46.068</ele><time>2026-09-16T12:30:16Z</time><sat>32</sat></trkpt>
  <trkpt lat="30.25800106" lon="120.15992717"><ele>46.134</ele><time>2026-09-16T12:30:19Z</time><sat>29</sat></trkpt>
  <trkpt lat="30.25800058" lon="120.15992719"><ele>46.218</ele><time>2026-09-16T12:30:22Z</time><sat>33</sat></trkpt>
  <trkpt lat="30.25800056" lon="120.15992710"><ele>46.300</ele><time>2026-09-16T12:30:25Z</time><sat>31</sat></trkpt>
  <trkpt lat="30.25800054" lon="120.15992717"><ele>46.389</ele><time>2026-09-16T12:30:28Z</time><sat>32</sat></trkpt>
  <trkpt lat="30.25800048" lon="120.15992628"><ele>46.508</ele><time>2026-09-16T12:30:31Z</time><sat>31</sat></trkpt>
  <trkpt lat="30.25800054" lon="120.15992413"><ele>46.619</ele><time>2026-09-16T12:30:34Z</time><sat>35</sat></trkpt>
  <trkpt lat="30.25800071" lon="120.15992268"><ele>46.721</ele><time>2026-09-16T12:30:37Z</time><sat>39</sat></trkpt>
  <trkpt lat="30.25800095" lon="120.15992220"><ele>46.846</ele><time>2026-09-16T12:30:40Z</time><sat>38</sat></trkpt>
  <trkpt lat="30.25800077" lon="120.15992181"><ele>46.990</ele><time>2026-09-16T12:30:43Z</time><sat>41</sat></trkpt>
  <trkpt lat="30.25799361" lon="120.15992046"><ele>46.684</ele><time>2026-09-16T12:30:46Z</time><sat>42</sat></trkpt>
  <trkpt lat="30.25800611" lon="120.15994919"><ele>44.372</ele><time>2026-09-16T12:30:49Z</time><sat>39</sat></trkpt>
  <trkpt lat="30.25801654" lon="120.15993824"><ele>43.931</ele><time>2026-09-16T12:30:52Z</time><sat>39</sat></trkpt>
  <trkpt lat="30.25802529" lon="120.15994187"><ele>43.239</ele><time>2026-09-16T12:30:55Z</time><sat>33</sat></trkpt>
  <trkpt lat="30.25802097" lon="120.15992893"><ele>43.140</ele><time>2026-09-16T12:30:58Z</time><sat>34</sat></trkpt>
  <trkpt lat="30.25801979" lon="120.15992518"><ele>43.435</ele><time>2026-09-16T12:31:01Z</time><sat>39</sat></trkpt>
  <trkpt lat="30.25802005" lon="120.15992402"><ele>43.451</ele><time>2026-09-16T12:31:04Z</time><sat>41</sat></trkpt>
  <trkpt lat="30.25802140" lon="120.15992214"><ele>43.542</ele><time>2026-09-16T12:31:07Z</time><sat>40</sat></trkpt>
  <trkpt lat="30.25802320" lon="120.15992047"><ele>43.834</ele><time>2026-09-16T12:31:10Z</time><sat>42</sat></trkpt>
  <trkpt lat="30.25802426" lon="120.15991920"><ele>43.969</ele><time>2026-09-16T12:31:13Z</time><sat>42</sat></trkpt>
  <trkpt lat="30.25802469" lon="120.15991879"><ele>44.182</ele><time>2026-09-16T12:31:16Z</time><sat>41</sat></trkpt>
  <trkpt lat="30.25801912" lon="120.15992167"><ele>42.921</ele><time>2026-09-16T12:31:19Z</time><sat>41</sat></trkpt>
  <trkpt lat="30.25800745" lon="120.15993596"><ele>42.608</ele><time>2026-09-16T12:31:22Z</time><sat>41</sat></trkpt>
  <trkpt lat="30.25800741" lon="120.15993632"><ele>42.632</ele><time>2026-09-16T12:31:25Z</time><sat>41</sat></trkpt>
  <trkpt lat="30.25800764" lon="120.15993634"><ele>42.653</ele><time>2026-09-16T12:31:28Z</time><sat>29</sat></trkpt>
  <trkpt lat="30.25800796" lon="120.15993612"><ele>42.684</ele><time>2026-09-16T12:31:33Z</time><sat>35</sat></trkpt>
  <trkpt lat="30.25800803" lon="120.15993612"><ele>42.756</ele><time>2026-09-16T12:31:36Z</time><sat>35</sat></trkpt>
  <trkpt lat="30.25800845" lon="120.15993622"><ele>42.890</ele><time>2026-09-16T12:31:39Z</time><sat>32</sat></trkpt>
  <trkpt lat="30.25800882" lon="120.15993637"><ele>43.016</ele><time>2026-09-16T12:31:42Z</time><sat>32</sat></trkpt>
  <trkpt lat="30.25800474" lon="120.15993914"><ele>43.409</ele><time>2026-09-16T12:31:45Z</time><sat>32</sat></trkpt>
  <trkpt lat="30.25799924" lon="120.15993332"><ele>42.853</ele><time>2026-09-16T12:31:48Z</time><sat>34</sat></trkpt>
  <trkpt lat="30.25799940" lon="120.15993290"><ele>42.910</ele><time>2026-09-16T12:31:51Z</time><sat>37</sat></trkpt>
  <trkpt lat="30.25799703" lon="120.15993182"><ele>42.873</ele><time>2026-09-16T12:31:54Z</time><sat>31</sat></trkpt>
  <trkpt lat="30.25799644" lon="120.15993089"><ele>42.915</ele><time>2026-09-16T12:31:57Z</time><sat>26</sat></trkpt>
  <trkpt lat="30.25798413" lon="120.15993069"><ele>42.527</ele><time>2026-09-16T12:32:00Z</time><sat>32</sat></trkpt>
  <trkpt lat="30.25797591" lon="120.15993066"><ele>42.210</ele><time>2026-09-16T12:32:03Z</time><sat>31</sat></trkpt>
  <trkpt lat="30.25797577" lon="120.15993044"><ele>42.256</ele><time>2026-09-16T12:32:06Z</time><sat>33</sat></trkpt>
  <trkpt lat="30.25797573" lon="120.15993028"><ele>42.291</ele><time>2026-09-16T12:32:09Z</time><sat>36</sat></trkpt>
  <trkpt lat="30.25797616" lon="120.15993014"><ele>42.431</ele><time>2026-09-16T12:32:12Z</time><sat>35</sat></trkpt>
  <trkpt lat="30.25797646" lon="120.15993004"><ele>42.502</ele><time>2026-09-16T12:32:15Z</time><sat>29</sat></trkpt>
  <trkpt lat="30.25797662" lon="120.15993000"><ele>42.552</ele><time>2026-09-16T12:32:18Z</time><sat>30</sat></trkpt>
  <trkpt lat="30.25797686" lon="120.15992992"><ele>42.644</ele><time>2026-09-16T12:32:21Z</time><sat>31</sat></trkpt>
  <trkpt lat="30.25797742" lon="120.15992987"><ele>42.808</ele><time>2026-09-16T12:32:24Z</time><sat>31</sat></trkpt>
  <trkpt lat="30.25797795" lon="120.15992980"><ele>42.969</ele><time>2026-09-16T12:32:27Z</time><sat>29</sat></trkpt>
  <trkpt lat="30.25797843" lon="120.15992973"><ele>43.117</ele><time>2026-09-16T12:32:30Z</time><sat>29</sat></trkpt>
  <trkpt lat="30.25797884" lon="120.15992974"><ele>43.232</ele><time>2026-09-16T12:32:33Z</time><sat>34</sat></trkpt>
  <trkpt lat="30.25797929" lon="120.15992971"><ele>43.331</ele><time>2026-09-16T12:32:36Z</time><sat>30</sat></trkpt>
  <trkpt lat="30.25797941" lon="120.15992959"><ele>43.366</ele><time>2026-09-16T12:32:39Z</time><sat>28</sat></trkpt>
  <trkpt lat="30.25797924" lon="120.15992952"><ele>43.390</ele><time>2026-09-16T12:32:42Z</time><sat>30</sat></trkpt>
  <trkpt lat="30.25797915" lon="120.15992954"><ele>43.435</ele><time>2026-09-16T12:32:45Z</time><sat>35</sat></trkpt>
  <trkpt lat="30.25797926" lon="120.15992943"><ele>43.474</ele><time>2026-09-16T12:32:48Z</time><sat>35</sat></trkpt>
  <trkpt lat="30.25797917" lon="120.15992942"><ele>43.489</ele><time>2026-09-16T12:32:51Z</time><sat>33</sat></trkpt>
  <trkpt lat="30.25797893" lon="120.15992943"><ele>43.490</ele><time>2026-09-16T12:32:54Z</time><sat>30</sat></trkpt>
  <trkpt lat="30.25797495" lon="120.15993197"><ele>42.504</ele><time>2026-09-16T12:32:57Z</time><sat>27</sat></trkpt>
  <trkpt lat="30.25797457" lon="120.15993209"><ele>42.497</ele><time>2026-09-16T12:33:00Z</time><sat>31</sat></trkpt>
  <trkpt lat="30.25797431" lon="120.15993214"><ele>42.493</ele><time>2026-09-16T12:33:03Z</time><sat>27</sat></trkpt>
  <trkpt lat="30.25797471" lon="120.15993203"><ele>42.617</ele><time>2026-09-16T12:33:06Z</time><sat>28</sat></trkpt>
  <trkpt lat="30.25797506" lon="120.15993188"><ele>42.713</ele><time>2026-09-16T12:33:09Z</time><sat>29</sat></trkpt>
  <trkpt lat="30.25797562" lon="120.15993165"><ele>42.874</ele><time>2026-09-16T12:33:12Z</time><sat>26</sat></trkpt>
  <trkpt lat="30.25797617" lon="120.15993143"><ele>43.006</ele><time>2026-09-16T12:33:15Z</time><sat>24</sat></trkpt>
  <trkpt lat="30.25797668" lon="120.15993115"><ele>43.138</ele><time>2026-09-16T12:33:18Z</time><sat>25</sat></trkpt>
  <trkpt lat="30.25797726" lon="120.15993086"><ele>43.274</ele><time>2026-09-16T12:33:21Z</time><sat>27</sat></trkpt>
  <trkpt lat="30.25797739" lon="120.15993063"><ele>43.314</ele><time>2026-09-16T12:33:24Z</time><sat>27</sat></trkpt>
  <trkpt lat="30.25797723" lon="120.15993052"><ele>43.317</ele><time>2026-09-16T12:33:27Z</time><sat>26</sat></trkpt>
  <trkpt lat="30.25797704" lon="120.15993046"><ele>43.309</ele><time>2026-09-16T12:33:30Z</time><sat>22</sat></trkpt>
  <trkpt lat="30.25797680" lon="120.15993040"><ele>43.293</ele><time>2026-09-16T12:33:33Z</time><sat>28</sat></trkpt>
  <trkpt lat="30.25797656" lon="120.15993032"><ele>43.276</ele><time>2026-09-16T12:33:36Z</time><sat>27</sat></trkpt>
  <trkpt lat="30.25797621" lon="120.15993019"><ele>43.258</ele><time>2026-09-16T12:33:39Z</time><sat>24</sat></trkpt>
  <trkpt lat="30.25797584" lon="120.15993006"><ele>43.239</ele><time>2026-09-16T12:33:42Z</time><sat>25</sat></trkpt>
  <trkpt lat="30.25797559" lon="120.15992995"><ele>43.225</ele><time>2026-09-16T12:33:45Z</time><sat>25</sat></trkpt>
  <trkpt lat="30.25797553" lon="120.15992984"><ele>43.244</ele><time>2026-09-16T12:33:48Z</time><sat>25</sat></trkpt>
  <trkpt lat="30.25797530" lon="120.15992978"><ele>43.228</ele><time>2026-09-16T12:33:51Z</time><sat>23</sat></trkpt>
  <trkpt lat="30.25797510" lon="120.15992974"><ele>43.212</ele><time>2026-09-16T12:33:54Z</time><sat>24</sat></trkpt>
  <trkpt lat="30.25797117" lon="120.15992322"><ele>42.874</ele><time>2026-09-16T12:33:57Z</time><sat>24</sat></trkpt>
  <trkpt lat="30.25797054" lon="120.15992288"><ele>42.852</ele><time>2026-09-16T12:34:00Z</time><sat>24</sat></trkpt>
  <trkpt lat="30.25797032" lon="120.15992274"><ele>42.832</ele><time>2026-09-16T12:34:03Z</time><sat>27</sat></trkpt>
  <trkpt lat="30.25797016" lon="120.15992262"><ele>42.819</ele><time>2026-09-16T12:34:06Z</time><sat>27</sat></trkpt>
  <trkpt lat="30.25797001" lon="120.15992248"><ele>42.806</ele><time>2026-09-16T12:34:09Z</time><sat>26</sat></trkpt>
  <trkpt lat="30.25796981" lon="120.15992234"><ele>42.789</ele><time>2026-09-16T12:34:12Z</time><sat>26</sat></trkpt>
  <trkpt lat="30.25796963" lon="120.15992219"><ele>42.774</ele><time>2026-09-16T12:34:15Z</time><sat>25</sat></trkpt>
  <trkpt lat="30.25796947" lon="120.15992208"><ele>42.763</ele><time>2026-09-16T12:34:18Z</time><sat>27</sat></trkpt>
  <trkpt lat="30.25796928" lon="120.15992197"><ele>42.752</ele><time>2026-09-16T12:34:21Z</time><sat>27</sat></trkpt>
  <trkpt lat="30.25796909" lon="120.15992183"><ele>42.740</ele><time>2026-09-16T12:34:24Z</time><sat>27</sat></trkpt>
  <trkpt lat="30.25796898" lon="120.15992163"><ele>42.729</ele><time>2026-09-16T12:34:27Z</time><sat>26</sat></trkpt>
  <trkpt lat="30.25796881" lon="120.15992158"><ele>42.717</ele><time>2026-09-16T12:34:30Z</time><sat>25</sat></trkpt>
  <trkpt lat="30.25796866" lon="120.15992152"><ele>42.707</ele><time>2026-09-16T12:34:33Z</time><sat>27</sat></trkpt>
  <trkpt lat="30.25796887" lon="120.15992113"><ele>42.734</ele><time>2026-09-16T12:34:36Z</time><sat>27</sat></trkpt>
  <trkpt lat="30.25796770" lon="120.15989663"><ele>43.643</ele><time>2026-09-16T12:34:41Z</time><sat>36</sat></trkpt>
  <trkpt lat="30.25796768" lon="120.15989414"><ele>43.705</ele><time>2026-09-16T12:34:44Z</time><sat>37</sat></trkpt>
  <trkpt lat="30.25796797" lon="120.15989362"><ele>43.794</ele><time>2026-09-16T12:34:47Z</time><sat>34</sat></trkpt>
  <trkpt lat="30.25796846" lon="120.15989334"><ele>43.900</ele><time>2026-09-16T12:34:50Z</time><sat>33</sat></trkpt>
  <trkpt lat="30.25796900" lon="120.15989300"><ele>43.987</ele><time>2026-09-16T12:34:53Z</time><sat>35</sat></trkpt>
  <trkpt lat="30.25796324" lon="120.15987655"><ele>43.155</ele><time>2026-09-16T12:34:56Z</time><sat>34</sat></trkpt>
  <trkpt lat="30.25795675" lon="120.15986810"><ele>41.937</ele><time>2026-09-16T12:34:59Z</time><sat>31</sat></trkpt>
  <trkpt lat="30.25795648" lon="120.15986745"><ele>42.087</ele><time>2026-09-16T12:35:02Z</time><sat>29</sat></trkpt>
  <trkpt lat="30.25795399" lon="120.15986078"><ele>42.592</ele><time>2026-09-16T12:35:05Z</time><sat>31</sat></trkpt>
  <trkpt lat="30.25795078" lon="120.15986288"><ele>43.175</ele><time>2026-09-16T12:35:08Z</time><sat>34</sat></trkpt>
  <trkpt lat="30.25794555" lon="120.15986994"><ele>43.794</ele><time>2026-09-16T12:35:11Z</time><sat>33</sat></trkpt>
  <trkpt lat="30.25794564" lon="120.15987039"><ele>43.887</ele><time>2026-09-16T12:35:14Z</time><sat>34</sat></trkpt>
  <trkpt lat="30.25794563" lon="120.15987048"><ele>43.918</ele><time>2026-09-16T12:35:17Z</time><sat>35</sat></trkpt>
  <trkpt lat="30.25794554" lon="120.15987034"><ele>43.950</ele><time>2026-09-16T12:35:20Z</time><sat>34</sat></trkpt>
  <trkpt lat="30.25794538" lon="120.15986997"><ele>43.976</ele><time>2026-09-16T12:35:23Z</time><sat>33</sat></trkpt>
  <trkpt lat="30.25794575" lon="120.15987048"><ele>43.760</ele><time>2026-09-16T12:35:26Z</time><sat>31</sat></trkpt>
  <trkpt lat="30.25794618" lon="120.15986981"><ele>43.722</ele><time>2026-09-16T12:35:29Z</time><sat>33</sat></trkpt>
  <trkpt lat="30.25794624" lon="120.15986966"><ele>43.756</ele><time>2026-09-16T12:35:32Z</time><sat>32</sat></trkpt>
  <trkpt lat="30.25794680" lon="120.15986919"><ele>43.887</ele><time>2026-09-16T12:35:35Z</time><sat>27</sat></trkpt>
  <trkpt lat="30.25794713" lon="120.15986894"><ele>43.991</ele><time>2026-09-16T12:35:38Z</time><sat>34</sat></trkpt>
  <trkpt lat="30.25794744" lon="120.15986859"><ele>44.107</ele><time>2026-09-16T12:35:41Z</time><sat>34</sat></trkpt>
  <trkpt lat="30.25794755" lon="120.15986848"><ele>44.140</ele><time>2026-09-16T12:35:44Z</time><sat>31</sat></trkpt>
  <trkpt lat="30.25794748" lon="120.15986845"><ele>44.144</ele><time>2026-09-16T12:35:47Z</time><sat>32</sat></trkpt>
  <trkpt lat="30.25794491" lon="120.15989010"><ele>43.174</ele><time>2026-09-16T12:35:50Z</time><sat>25</sat></trkpt>
  <trkpt lat="30.25794484" lon="120.15989290"><ele>43.235</ele><time>2026-09-16T12:35:53Z</time><sat>29</sat></trkpt>
  <trkpt lat="30.25793880" lon="120.15989180"><ele>43.180</ele><time>2026-09-16T12:35:56Z</time><sat>32</sat></trkpt>
  <trkpt lat="30.25793523" lon="120.15989273"><ele>42.998</ele><time>2026-09-16T12:35:59Z</time><sat>31</sat></trkpt>
  <trkpt lat="30.25793435" lon="120.15989290"><ele>43.104</ele><time>2026-09-16T12:36:02Z</time><sat>21</sat></trkpt>
  <trkpt lat="30.25792775" lon="120.15988338"><ele>42.856</ele><time>2026-09-16T12:36:05Z</time><sat>21</sat></trkpt>
  <trkpt lat="30.25792794" lon="120.15988278"><ele>43.019</ele><time>2026-09-16T12:36:08Z</time><sat>22</sat></trkpt>
  <trkpt lat="30.25792831" lon="120.15988250"><ele>43.144</ele><time>2026-09-16T12:36:11Z</time><sat>25</sat></trkpt>
  <trkpt lat="30.25792861" lon="120.15988241"><ele>43.249</ele><time>2026-09-16T12:36:14Z</time><sat>28</sat></trkpt>
  <trkpt lat="30.25792888" lon="120.15988235"><ele>43.341</ele><time>2026-09-16T12:36:17Z</time><sat>27</sat></trkpt>
  <trkpt lat="30.25792925" lon="120.15988245"><ele>43.488</ele><time>2026-09-16T12:36:20Z</time><sat>24</sat></trkpt>
  <trkpt lat="30.25792954" lon="120.15988224"><ele>43.592</ele><time>2026-09-16T12:36:23Z</time><sat>25</sat></trkpt>
  <trkpt lat="30.25792945" lon="120.15988189"><ele>43.595</ele><time>2026-09-16T12:36:26Z</time><sat>25</sat></trkpt>
  <trkpt lat="30.25792964" lon="120.15988214"><ele>43.721</ele><time>2026-09-16T12:36:29Z</time><sat>24</sat></trkpt>
  <trkpt lat="30.25792966" lon="120.15988207"><ele>43.749</ele><time>2026-09-16T12:36:32Z</time><sat>36</sat></trkpt>
  <trkpt lat="30.25792974" lon="120.15988197"><ele>43.759</ele><time>2026-09-16T12:36:35Z</time><sat>36</sat></trkpt>
  <trkpt lat="30.25793021" lon="120.15988228"><ele>43.794</ele><time>2026-09-16T12:36:38Z</time><sat>35</sat></trkpt>
  <trkpt lat="30.25793084" lon="120.15988258"><ele>43.895</ele><time>2026-09-16T12:36:41Z</time><sat>39</sat></trkpt>
  <trkpt lat="30.25793130" lon="120.15988291"><ele>44.018</ele><time>2026-09-16T12:36:44Z</time><sat>39</sat></trkpt>
  <trkpt lat="30.25793131" lon="120.15988299"><ele>44.051</ele><time>2026-09-16T12:36:47Z</time><sat>37</sat></trkpt>
  <trkpt lat="30.25793128" lon="120.15988299"><ele>44.050</ele><time>2026-09-16T12:36:50Z</time><sat>33</sat></trkpt>
  <trkpt lat="30.25793194" lon="120.15988381"><ele>44.215</ele><time>2026-09-16T12:36:53Z</time><sat>28</sat></trkpt>
  <trkpt lat="30.25793257" lon="120.15988425"><ele>44.370</ele><time>2026-09-16T12:36:56Z</time><sat>37</sat></trkpt>
  <trkpt lat="30.25793331" lon="120.15988488"><ele>44.546</ele><time>2026-09-16T12:36:59Z</time><sat>39</sat></trkpt>
  <trkpt lat="30.25793373" lon="120.15988489"><ele>44.660</ele><time>2026-09-16T12:37:02Z</time><sat>38</sat></trkpt>
  <trkpt lat="30.25793402" lon="120.15988506"><ele>44.730</ele><time>2026-09-16T12:37:05Z</time><sat>36</sat></trkpt>
  <trkpt lat="30.25793424" lon="120.15988501"><ele>44.790</ele><time>2026-09-16T12:37:08Z</time><sat>35</sat></trkpt>
  <trkpt lat="30.25793414" lon="120.15988457"><ele>44.805</ele><time>2026-09-16T12:37:11Z</time><sat>39</sat></trkpt>
  <trkpt lat="30.25793507" lon="120.15988148"><ele>44.970</ele><time>2026-09-16T12:37:14Z</time><sat>39</sat></trkpt>
  <trkpt lat="30.25793505" lon="120.15988129"><ele>44.989</ele><time>2026-09-16T12:37:17Z</time><sat>37</sat></trkpt>
  <trkpt lat="30.25793519" lon="120.15988139"><ele>44.986</ele><time>2026-09-16T12:37:20Z</time><sat>36</sat></trkpt>
  <trkpt lat="30.25793528" lon="120.15988176"><ele>44.953</ele><time>2026-09-16T12:37:23Z</time><sat>37</sat></trkpt>
  <trkpt lat="30.25793526" lon="120.15988173"><ele>44.965</ele><time>2026-09-16T12:37:26Z</time><sat>37</sat></trkpt>
  <trkpt lat="30.25793540" lon="120.15988149"><ele>44.962</ele><time>2026-09-16T12:37:29Z</time><sat>34</sat></trkpt>
  <trkpt lat="30.25793547" lon="120.15988137"><ele>44.974</ele><time>2026-09-16T12:37:32Z</time><sat>33</sat></trkpt>
  <trkpt lat="30.25793550" lon="120.15988129"><ele>44.996</ele><time>2026-09-16T12:37:35Z</time><sat>32</sat></trkpt>
  <trkpt lat="30.25793565" lon="120.15988118"><ele>45.017</ele><time>2026-09-16T12:37:38Z</time><sat>29</sat></trkpt>
  <trkpt lat="30.25793577" lon="120.15988091"><ele>45.068</ele><time>2026-09-16T12:37:41Z</time><sat>33</sat></trkpt>
  <trkpt lat="30.25793582" lon="120.15988097"><ele>45.177</ele><time>2026-09-16T12:37:44Z</time><sat>35</sat></trkpt>
  <trkpt lat="30.25793576" lon="120.15988092"><ele>45.259</ele><time>2026-09-16T12:37:47Z</time><sat>36</sat></trkpt>
  <trkpt lat="30.25793567" lon="120.15988092"><ele>45.335</ele><time>2026-09-16T12:37:50Z</time><sat>35</sat></trkpt>
  <trkpt lat="30.25793342" lon="120.15988203"><ele>45.049</ele><time>2026-09-16T12:37:53Z</time><sat>36</sat></trkpt>
  <trkpt lat="30.25792823" lon="120.15988516"><ele>45.032</ele><time>2026-09-16T12:37:56Z</time><sat>32</sat></trkpt>
  <trkpt lat="30.25792759" lon="120.15988548"><ele>45.060</ele><time>2026-09-16T12:37:59Z</time><sat>27</sat></trkpt>
  <trkpt lat="30.25792723" lon="120.15988561"><ele>45.054</ele><time>2026-09-16T12:38:02Z</time><sat>24</sat></trkpt>
  <trkpt lat="30.25792445" lon="120.15988717"><ele>45.337</ele><time>2026-09-16T12:38:05Z</time><sat>25</sat></trkpt>
  <trkpt lat="30.25791461" lon="120.15989478"><ele>44.780</ele><time>2026-09-16T12:38:08Z</time><sat>18</sat></trkpt>
  <trkpt lat="30.25791366" lon="120.15989824"><ele>44.741</ele><time>2026-09-16T12:38:11Z</time><sat>24</sat></trkpt>
  <trkpt lat="30.25791358" lon="120.15989838"><ele>44.785</ele><time>2026-09-16T12:38:14Z</time><sat>29</sat></trkpt>
  <trkpt lat="30.25791059" lon="120.15990289"><ele>44.798</ele><time>2026-09-16T12:38:17Z</time><sat>30</sat></trkpt>
  <trkpt lat="30.25790999" lon="120.15990336"><ele>44.803</ele><time>2026-09-16T12:38:20Z</time><sat>26</sat></trkpt>
  <trkpt lat="30.25790555" lon="120.15990405"><ele>44.384</ele><time>2026-09-16T12:38:23Z</time><sat>26</sat></trkpt>
  <trkpt lat="30.25790203" lon="120.15990508"><ele>44.060</ele><time>2026-09-16T12:38:26Z</time><sat>19</sat></trkpt>
  <trkpt lat="30.25789908" lon="120.15990556"><ele>44.025</ele><time>2026-09-16T12:38:29Z</time><sat>23</sat></trkpt>
  <trkpt lat="30.25789873" lon="120.15990548"><ele>44.036</ele><time>2026-09-16T12:38:32Z</time><sat>24</sat></trkpt>
  <trkpt lat="30.25789836" lon="120.15990530"><ele>44.035</ele><time>2026-09-16T12:38:35Z</time><sat>20</sat></trkpt>
  <trkpt lat="30.25789812" lon="120.15990523"><ele>44.040</ele><time>2026-09-16T12:38:38Z</time><sat>20</sat></trkpt>
  <trkpt lat="30.25789375" lon="120.15990786"><ele>44.276</ele><time>2026-09-16T12:38:41Z</time><sat>21</sat></trkpt>
  <trkpt lat="30.25789302" lon="120.15990811"><ele>44.273</ele><time>2026-09-16T12:38:44Z</time><sat>22</sat></trkpt>
  <trkpt lat="30.25789276" lon="120.15990815"><ele>44.270</ele><time>2026-09-16T12:38:47Z</time><sat>21</sat></trkpt>
  <trkpt lat="30.25789251" lon="120.15990822"><ele>44.265</ele><time>2026-09-16T12:38:50Z</time><sat>24</sat></trkpt>
  <trkpt lat="30.25789213" lon="120.15990820"><ele>44.252</ele><time>2026-09-16T12:38:53Z</time><sat>23</sat></trkpt>
  <trkpt lat="30.25789165" lon="120.15990819"><ele>44.237</ele><time>2026-09-16T12:38:56Z</time><sat>27</sat></trkpt>
  <trkpt lat="30.25789143" lon="120.15990795"><ele>44.222</ele><time>2026-09-16T12:38:59Z</time><sat>26</sat></trkpt>
  <trkpt lat="30.25789122" lon="120.15990757"><ele>44.225</ele><time>2026-09-16T12:39:02Z</time><sat>30</sat></trkpt>
  <trkpt lat="30.25788718" lon="120.15990861"><ele>44.236</ele><time>2026-09-16T12:39:05Z</time><sat>32</sat></trkpt>
  <trkpt lat="30.25788643" lon="120.15990852"><ele>44.264</ele><time>2026-09-16T12:39:08Z</time><sat>32</sat></trkpt>
  <trkpt lat="30.25788621" lon="120.15990847"><ele>44.262</ele><time>2026-09-16T12:39:11Z</time><sat>30</sat></trkpt>
  <trkpt lat="30.25788595" lon="120.15990818"><ele>44.272</ele><time>2026-09-16T12:39:14Z</time><sat>32</sat></trkpt>
  <trkpt lat="30.25788565" lon="120.15990803"><ele>44.247</ele><time>2026-09-16T12:39:17Z</time><sat>32</sat></trkpt>
  <trkpt lat="30.25788537" lon="120.15990792"><ele>44.243</ele><time>2026-09-16T12:39:20Z</time><sat>30</sat></trkpt>
  <trkpt lat="30.25788282" lon="120.15990289"><ele>43.583</ele><time>2026-09-16T12:39:23Z</time><sat>23</sat></trkpt>
  <trkpt lat="30.25787892" lon="120.15990126"><ele>43.245</ele><time>2026-09-16T12:39:26Z</time><sat>20</sat></trkpt>
  <trkpt lat="30.25787823" lon="120.15990116"><ele>43.218</ele><time>2026-09-16T12:39:29Z</time><sat>21</sat></trkpt>
  <trkpt lat="30.25787790" lon="120.15990104"><ele>43.207</ele><time>2026-09-16T12:39:32Z</time><sat>23</sat></trkpt>
  <trkpt lat="30.25787087" lon="120.15990441"><ele>43.067</ele><time>2026-09-16T12:39:35Z</time><sat>23</sat></trkpt>
  <trkpt lat="30.25786495" lon="120.15990099"><ele>42.609</ele><time>2026-09-16T12:39:38Z</time><sat>21</sat></trkpt>
  <trkpt lat="30.25786169" lon="120.15990024"><ele>42.315</ele><time>2026-09-16T12:39:41Z</time><sat>22</sat></trkpt>
  <trkpt lat="30.25786119" lon="120.15989998"><ele>42.294</ele><time>2026-09-16T12:39:44Z</time><sat>26</sat></trkpt>
  <trkpt lat="30.25786096" lon="120.15989994"><ele>42.278</ele><time>2026-09-16T12:39:47Z</time><sat>27</sat></trkpt>
  <trkpt lat="30.25786065" lon="120.15989979"><ele>42.247</ele><time>2026-09-16T12:39:50Z</time><sat>27</sat></trkpt>
  <trkpt lat="30.25786042" lon="120.15989975"><ele>42.234</ele><time>2026-09-16T12:39:53Z</time><sat>28</sat></trkpt>
  <trkpt lat="30.25786022" lon="120.15989971"><ele>42.220</ele><time>2026-09-16T12:39:56Z</time><sat>25</sat></trkpt>
  <trkpt lat="30.25786002" lon="120.15989966"><ele>42.207</ele><time>2026-09-16T12:39:59Z</time><sat>23</sat></trkpt>
  <trkpt lat="30.25785986" lon="120.15989973"><ele>42.185</ele><time>2026-09-16T12:40:02Z</time><sat>24</sat></trkpt>
  <trkpt lat="30.25785962" lon="120.15989964"><ele>42.166</ele><time>2026-09-16T12:40:05Z</time><sat>24</sat></trkpt>
  <trkpt lat="30.25785948" lon="120.15989963"><ele>42.157</ele><time>2026-09-16T12:40:08Z</time><sat>27</sat></trkpt>
  <trkpt lat="30.25785935" lon="120.15989959"><ele>42.153</ele><time>2026-09-16T12:40:11Z</time><sat>25</sat></trkpt>
  <trkpt lat="30.25785928" lon="120.15989958"><ele>42.151</ele><time>2026-09-16T12:40:14Z</time><sat>24</sat></trkpt>
  <trkpt lat="30.25785924" lon="120.15989970"><ele>42.144</ele><time>2026-09-16T12:40:17Z</time><sat>24</sat></trkpt>
  <trkpt lat="30.25785921" lon="120.15989981"><ele>42.137</ele><time>2026-09-16T12:40:20Z</time><sat>23</sat></trkpt>
  <trkpt lat="30.25785919" lon="120.15989989"><ele>42.130</ele><time>2026-09-16T12:40:23Z</time><sat>22</sat></trkpt>
  <trkpt lat="30.25785915" lon="120.15989998"><ele>42.120</ele><time>2026-09-16T12:40:26Z</time><sat>23</sat></trkpt>
  <trkpt lat="30.25785902" lon="120.15989988"><ele>42.096</ele><time>2026-09-16T12:40:29Z</time><sat>25</sat></trkpt>
  <trkpt lat="30.25785885" lon="120.15989977"><ele>42.070</ele><time>2026-09-16T12:40:32Z</time><sat>25</sat></trkpt>
  <trkpt lat="30.25785869" lon="120.15989966"><ele>42.045</ele><time>2026-09-16T12:40:35Z</time><sat>23</sat></trkpt>
  <trkpt lat="30.25785854" lon="120.15989956"><ele>42.022</ele><time>2026-09-16T12:40:38Z</time><sat>24</sat></trkpt>
  <trkpt lat="30.25785840" lon="120.15989943"><ele>41.993</ele><time>2026-09-16T12:40:41Z</time><sat>25</sat></trkpt>
  <trkpt lat="30.25785822" lon="120.15989938"><ele>41.972</ele><time>2026-09-16T12:40:44Z</time><sat>26</sat></trkpt>
  <trkpt lat="30.25785808" lon="120.15989935"><ele>41.953</ele><time>2026-09-16T12:40:47Z</time><sat>28</sat></trkpt>
  <trkpt lat="30.25785788" lon="120.15989925"><ele>41.927</ele><time>2026-09-16T12:40:50Z</time><sat>28</sat></trkpt>
  <trkpt lat="30.25785517" lon="120.15989580"><ele>41.490</ele><time>2026-09-16T12:40:53Z</time><sat>29</sat></trkpt>
  <trkpt lat="30.25785475" lon="120.15989548"><ele>41.459</ele><time>2026-09-16T12:40:56Z</time><sat>28</sat></trkpt>
  <trkpt lat="30.25785434" lon="120.15989532"><ele>41.434</ele><time>2026-09-16T12:40:59Z</time><sat>27</sat></trkpt>
  <trkpt lat="30.25785394" lon="120.15989541"><ele>41.421</ele><time>2026-09-16T12:41:02Z</time><sat>26</sat></trkpt>
  <trkpt lat="30.25785349" lon="120.15989554"><ele>41.408</ele><time>2026-09-16T12:41:05Z</time><sat>28</sat></trkpt>
  <trkpt lat="30.25785310" lon="120.15989570"><ele>41.398</ele><time>2026-09-16T12:41:08Z</time><sat>26</sat></trkpt>
  <trkpt lat="30.25785280" lon="120.15989563"><ele>41.372</ele><time>2026-09-16T12:41:11Z</time><sat>26</sat></trkpt>
  <trkpt lat="30.25785252" lon="120.15989564"><ele>41.352</ele><time>2026-09-16T12:41:14Z</time><sat>24</sat></trkpt>
  <trkpt lat="30.25785248" lon="120.15989573"><ele>41.328</ele><time>2026-09-16T12:41:17Z</time><sat>24</sat></trkpt>
  <trkpt lat="30.25785238" lon="120.15989584"><ele>41.298</ele><time>2026-09-16T12:41:20Z</time><sat>23</sat></trkpt>
  <trkpt lat="30.25785234" lon="120.15989581"><ele>41.279</ele><time>2026-09-16T12:41:23Z</time><sat>29</sat></trkpt>
  <trkpt lat="30.25785231" lon="120.15989578"><ele>41.261</ele><time>2026-09-16T12:41:26Z</time><sat>27</sat></trkpt>
  <trkpt lat="30.25785233" lon="120.15989589"><ele>41.239</ele><time>2026-09-16T12:41:29Z</time><sat>25</sat></trkpt>
  <trkpt lat="30.25785231" lon="120.15989597"><ele>41.234</ele><time>2026-09-16T12:41:32Z</time><sat>26</sat></trkpt>
  <trkpt lat="30.25785231" lon="120.15989605"><ele>41.231</ele><time>2026-09-16T12:41:35Z</time><sat>26</sat></trkpt>
  <trkpt lat="30.25785208" lon="120.15989601"><ele>41.212</ele><time>2026-09-16T12:41:38Z</time><sat>25</sat></trkpt>
  <trkpt lat="30.25785166" lon="120.15989601"><ele>41.187</ele><time>2026-09-16T12:41:41Z</time><sat>25</sat></trkpt>
  <trkpt lat="30.25785129" lon="120.15989592"><ele>41.165</ele><time>2026-09-16T12:41:44Z</time><sat>27</sat></trkpt>
  <trkpt lat="30.25785114" lon="120.15989575"><ele>41.191</ele><time>2026-09-16T12:41:47Z</time><sat>29</sat></trkpt>
  <trkpt lat="30.25785083" lon="120.15989559"><ele>41.161</ele><time>2026-09-16T12:41:50Z</time><sat>30</sat></trkpt>
  <trkpt lat="30.25785055" lon="120.15989536"><ele>41.146</ele><time>2026-09-16T12:41:53Z</time><sat>30</sat></trkpt>
  <trkpt lat="30.25785078" lon="120.15989562"><ele>41.125</ele><time>2026-09-16T12:41:56Z</time><sat>30</sat></trkpt>
  <trkpt lat="30.25785113" lon="120.15989597"><ele>41.140</ele><time>2026-09-16T12:41:59Z</time><sat>33</sat></trkpt>
  <trkpt lat="30.25785151" lon="120.15989591"><ele>41.160</ele><time>2026-09-16T12:42:02Z</time><sat>36</sat></trkpt>
  <trkpt lat="30.25785182" lon="120.15989557"><ele>41.199</ele><time>2026-09-16T12:42:05Z</time><sat>36</sat></trkpt>
  <trkpt lat="30.25785157" lon="120.15989553"><ele>41.205</ele><time>2026-09-16T12:42:08Z</time><sat>36</sat></trkpt>
  <trkpt lat="30.25785127" lon="120.15989562"><ele>41.199</ele><time>2026-09-16T12:42:11Z</time><sat>36</sat></trkpt>
  <trkpt lat="30.25785104" lon="120.15989569"><ele>41.190</ele><time>2026-09-16T12:42:14Z</time><sat>29</sat></trkpt>
  <trkpt lat="30.25785096" lon="120.15989537"><ele>41.166</ele><time>2026-09-16T12:42:17Z</time><sat>30</sat></trkpt>
  <trkpt lat="30.25785090" lon="120.15989501"><ele>41.141</ele><time>2026-09-16T12:42:20Z</time><sat>33</sat></trkpt>
  <trkpt lat="30.25785078" lon="120.15989485"><ele>41.119</ele><time>2026-09-16T12:42:23Z</time><sat>33</sat></trkpt>
  <trkpt lat="30.25785090" lon="120.15989468"><ele>41.112</ele><time>2026-09-16T12:42:26Z</time><sat>34</sat></trkpt>
  <trkpt lat="30.25785123" lon="120.15989547"><ele>41.101</ele><time>2026-09-16T12:42:29Z</time><sat>34</sat></trkpt>
  <trkpt lat="30.25785126" lon="120.15989573"><ele>41.142</ele><time>2026-09-16T12:42:32Z</time><sat>33</sat></trkpt>
  <trkpt lat="30.25785120" lon="120.15989575"><ele>41.216</ele><time>2026-09-16T12:42:35Z</time><sat>32</sat></trkpt>
  <trkpt lat="30.25785094" lon="120.15989556"><ele>41.272</ele><time>2026-09-16T12:42:38Z</time><sat>34</sat></trkpt>
  <trkpt lat="30.25785062" lon="120.15989513"><ele>41.325</ele><time>2026-09-16T12:42:41Z</time><sat>36</sat></trkpt>
  <trkpt lat="30.25785050" lon="120.15989488"><ele>41.433</ele><time>2026-09-16T12:42:44Z</time><sat>36</sat></trkpt>
  <trkpt lat="30.25785041" lon="120.15989487"><ele>41.523</ele><time>2026-09-16T12:42:47Z</time><sat>34</sat></trkpt>
  <trkpt lat="30.25785022" lon="120.15989465"><ele>41.592</ele><time>2026-09-16T12:42:50Z</time><sat>34</sat></trkpt>
  <trkpt lat="30.25785011" lon="120.15989406"><ele>41.632</ele><time>2026-09-16T12:42:53Z</time><sat>37</sat></trkpt>
  <trkpt lat="30.25785020" lon="120.15989337"><ele>41.713</ele><time>2026-09-16T12:42:56Z</time><sat>37</sat></trkpt>
  <trkpt lat="30.25785018" lon="120.15989303"><ele>41.743</ele><time>2026-09-16T12:42:59Z</time><sat>34</sat></trkpt>
  <trkpt lat="30.25785003" lon="120.15989284"><ele>41.790</ele><time>2026-09-16T12:43:02Z</time><sat>34</sat></trkpt>
  <trkpt lat="30.25785003" lon="120.15989263"><ele>41.836</ele><time>2026-09-16T12:43:05Z</time><sat>34</sat></trkpt>
  <trkpt lat="30.25784998" lon="120.15989219"><ele>41.826</ele><time>2026-09-16T12:43:08Z</time><sat>33</sat></trkpt>
  <trkpt lat="30.25785001" lon="120.15989186"><ele>41.830</ele><time>2026-09-16T12:43:11Z</time><sat>32</sat></trkpt>
  <trkpt lat="30.25784997" lon="120.15989143"><ele>41.865</ele><time>2026-09-16T12:43:14Z</time><sat>32</sat></trkpt>
  <trkpt lat="30.25784985" lon="120.15989095"><ele>41.880</ele><time>2026-09-16T12:43:17Z</time><sat>35</sat></trkpt>
  <trkpt lat="30.25784974" lon="120.15989068"><ele>41.879</ele><time>2026-09-16T12:43:20Z</time><sat>35</sat></trkpt>
  <trkpt lat="30.25784960" lon="120.15989064"><ele>41.882</ele><time>2026-09-16T12:43:23Z</time><sat>32</sat></trkpt>
  <trkpt lat="30.25784926" lon="120.15989069"><ele>41.894</ele><time>2026-09-16T12:43:26Z</time><sat>33</sat></trkpt>
  <trkpt lat="30.25784920" lon="120.15989099"><ele>41.914</ele><time>2026-09-16T12:43:29Z</time><sat>33</sat></trkpt>
  <trkpt lat="30.25784946" lon="120.15989111"><ele>41.973</ele><time>2026-09-16T12:43:32Z</time><sat>35</sat></trkpt>
  <trkpt lat="30.25784960" lon="120.15989066"><ele>42.033</ele><time>2026-09-16T12:43:35Z</time><sat>38</sat></trkpt>
  <trkpt lat="30.25784960" lon="120.15989072"><ele>42.049</ele><time>2026-09-16T12:43:38Z</time><sat>40</sat></trkpt>
  <trkpt lat="30.25784972" lon="120.15989043"><ele>42.080</ele><time>2026-09-16T12:43:41Z</time><sat>40</sat></trkpt>
  <trkpt lat="30.25784983" lon="120.15989020"><ele>42.045</ele><time>2026-09-16T12:43:44Z</time><sat>37</sat></trkpt>
  <trkpt lat="30.25784987" lon="120.15989012"><ele>42.025</ele><time>2026-09-16T12:43:47Z</time><sat>36</sat></trkpt>
  <trkpt lat="30.25785002" lon="120.15988992"><ele>42.002</ele><time>2026-09-16T12:43:50Z</time><sat>34</sat></trkpt>
  <trkpt lat="30.25785013" lon="120.15988976"><ele>42.001</ele><time>2026-09-16T12:43:53Z</time><sat>35</sat></trkpt>
  <trkpt lat="30.25784999" lon="120.15988954"><ele>41.999</ele><time>2026-09-16T12:43:56Z</time><sat>35</sat></trkpt>
  <trkpt lat="30.25784981" lon="120.15988933"><ele>41.983</ele><time>2026-09-16T12:43:59Z</time><sat>34</sat></trkpt>
  <trkpt lat="30.25784978" lon="120.15988960"><ele>41.987</ele><time>2026-09-16T12:44:02Z</time><sat>31</sat></trkpt>
  <trkpt lat="30.25784960" lon="120.15988988"><ele>42.005</ele><time>2026-09-16T12:44:05Z</time><sat>29</sat></trkpt>
  <trkpt lat="30.25784954" lon="120.15988998"><ele>42.017</ele><time>2026-09-16T12:44:08Z</time><sat>30</sat></trkpt>
  <trkpt lat="30.25784947" lon="120.15988997"><ele>42.027</ele><time>2026-09-16T12:44:11Z</time><sat>29</sat></trkpt>
  <trkpt lat="30.25784936" lon="120.15988991"><ele>42.009</ele><time>2026-09-16T12:44:14Z</time><sat>28</sat></trkpt>
  <trkpt lat="30.25784926" lon="120.15989006"><ele>42.017</ele><time>2026-09-16T12:44:17Z</time><sat>28</sat></trkpt>
  <trkpt lat="30.25784935" lon="120.15989064"><ele>42.020</ele><time>2026-09-16T12:44:20Z</time><sat>31</sat></trkpt>
  <trkpt lat="30.25784958" lon="120.15989095"><ele>42.052</ele><time>2026-09-16T12:44:23Z</time><sat>35</sat></trkpt>
  <trkpt lat="30.25784974" lon="120.15989114"><ele>42.032</ele><time>2026-09-16T12:44:26Z</time><sat>36</sat></trkpt>
  <trkpt lat="30.25784984" lon="120.15989127"><ele>42.037</ele><time>2026-09-16T12:44:29Z</time><sat>36</sat></trkpt>
  <trkpt lat="30.25785003" lon="120.15989159"><ele>41.998</ele><time>2026-09-16T12:44:32Z</time><sat>35</sat></trkpt>
  <trkpt lat="30.25785010" lon="120.15989176"><ele>41.982</ele><time>2026-09-16T12:44:35Z</time><sat>36</sat></trkpt>
  <trkpt lat="30.25785001" lon="120.15989167"><ele>41.975</ele><time>2026-09-16T12:44:38Z</time><sat>36</sat></trkpt>
  <trkpt lat="30.25784999" lon="120.15989165"><ele>41.972</ele><time>2026-09-16T12:44:41Z</time><sat>34</sat></trkpt>
  <trkpt lat="30.25784984" lon="120.15989161"><ele>41.940</ele><time>2026-09-16T12:44:44Z</time><sat>30</sat></trkpt>
  <trkpt lat="30.25784964" lon="120.15989148"><ele>41.918</ele><time>2026-09-16T12:44:47Z</time><sat>30</sat></trkpt>
  <trkpt lat="30.25784954" lon="120.15989144"><ele>41.897</ele><time>2026-09-16T12:44:50Z</time><sat>29</sat></trkpt>
  <trkpt lat="30.25784948" lon="120.15989142"><ele>41.883</ele><time>2026-09-16T12:44:53Z</time><sat>29</sat></trkpt>
  <trkpt lat="30.25784934" lon="120.15989120"><ele>41.862</ele><time>2026-09-16T12:44:56Z</time><sat>33</sat></trkpt>
  <trkpt lat="30.25784920" lon="120.15989116"><ele>41.830</ele><time>2026-09-16T12:44:59Z</time><sat>29</sat></trkpt>
  <trkpt lat="30.25784920" lon="120.15989124"><ele>41.812</ele><time>2026-09-16T12:45:02Z</time><sat>21</sat></trkpt>
  <trkpt lat="30.25784906" lon="120.15989110"><ele>41.792</ele><time>2026-09-16T12:45:05Z</time><sat>26</sat></trkpt>
  <trkpt lat="30.25784930" lon="120.15989139"><ele>41.788</ele><time>2026-09-16T12:45:08Z</time><sat>26</sat></trkpt>
  <trkpt lat="30.25784956" lon="120.15989155"><ele>41.745</ele><time>2026-09-16T12:45:11Z</time><sat>27</sat></trkpt>
  <trkpt lat="30.25784951" lon="120.15989160"><ele>41.728</ele><time>2026-09-16T12:45:14Z</time><sat>31</sat></trkpt>
  <trkpt lat="30.25784962" lon="120.15989198"><ele>41.713</ele><time>2026-09-16T12:45:17Z</time><sat>27</sat></trkpt>
  <trkpt lat="30.25784991" lon="120.15989258"><ele>41.734</ele><time>2026-09-16T12:45:20Z</time><sat>30</sat></trkpt>
  <trkpt lat="30.25785040" lon="120.15989333"><ele>41.739</ele><time>2026-09-16T12:45:23Z</time><sat>34</sat></trkpt>
  <trkpt lat="30.25785040" lon="120.15989344"><ele>41.718</ele><time>2026-09-16T12:45:26Z</time><sat>34</sat></trkpt>
  <trkpt lat="30.25785030" lon="120.15989339"><ele>41.706</ele><time>2026-09-16T12:45:29Z</time><sat>31</sat></trkpt>
  <trkpt lat="30.25785022" lon="120.15989328"><ele>41.693</ele><time>2026-09-16T12:45:32Z</time><sat>23</sat></trkpt>
  <trkpt lat="30.25785013" lon="120.15989320"><ele>41.678</ele><time>2026-09-16T12:45:35Z</time><sat>23</sat></trkpt>
  <trkpt lat="30.25785004" lon="120.15989316"><ele>41.663</ele><time>2026-09-16T12:45:38Z</time><sat>26</sat></trkpt>
  <trkpt lat="30.25784993" lon="120.15989308"><ele>41.641</ele><time>2026-09-16T12:45:41Z</time><sat>27</sat></trkpt>
  <trkpt lat="30.25784960" lon="120.15989305"><ele>41.610</ele><time>2026-09-16T12:45:44Z</time><sat>24</sat></trkpt>
  <trkpt lat="30.25784931" lon="120.15989304"><ele>41.591</ele><time>2026-09-16T12:45:47Z</time><sat>24</sat></trkpt>
  <trkpt lat="30.25784901" lon="120.15989304"><ele>41.567</ele><time>2026-09-16T12:45:50Z</time><sat>25</sat></trkpt>
  <trkpt lat="30.25784867" lon="120.15989308"><ele>41.550</ele><time>2026-09-16T12:45:53Z</time><sat>24</sat></trkpt>
  <trkpt lat="30.25784840" lon="120.15989327"><ele>41.518</ele><time>2026-09-16T12:45:56Z</time><sat>25</sat></trkpt>
  <trkpt lat="30.25784813" lon="120.15989328"><ele>41.503</ele><time>2026-09-16T12:45:59Z</time><sat>24</sat></trkpt>
  <trkpt lat="30.25784787" lon="120.15989327"><ele>41.487</ele><time>2026-09-16T12:46:02Z</time><sat>25</sat></trkpt>
  <trkpt lat="30.25784761" lon="120.15989324"><ele>41.472</ele><time>2026-09-16T12:46:05Z</time><sat>25</sat></trkpt>
  <trkpt lat="30.25784737" lon="120.15989335"><ele>41.444</ele><time>2026-09-16T12:46:08Z</time><sat>24</sat></trkpt>
  <trkpt lat="30.25784742" lon="120.15989362"><ele>41.417</ele><time>2026-09-16T12:46:11Z</time><sat>24</sat></trkpt>
  <trkpt lat="30.25784736" lon="120.15989379"><ele>41.395</ele><time>2026-09-16T12:46:14Z</time><sat>32</sat></trkpt>
  <trkpt lat="30.25784742" lon="120.15989402"><ele>41.377</ele><time>2026-09-16T12:46:17Z</time><sat>32</sat></trkpt>
  <trkpt lat="30.25784766" lon="120.15989419"><ele>41.394</ele><time>2026-09-16T12:46:20Z</time><sat>32</sat></trkpt>
  <trkpt lat="30.25784777" lon="120.15989412"><ele>41.399</ele><time>2026-09-16T12:46:23Z</time><sat>34</sat></trkpt>
  <trkpt lat="30.25784789" lon="120.15989414"><ele>41.404</ele><time>2026-09-16T12:46:26Z</time><sat>34</sat></trkpt>
  <trkpt lat="30.25784785" lon="120.15989412"><ele>41.397</ele><time>2026-09-16T12:46:29Z</time><sat>35</sat></trkpt>
  <trkpt lat="30.25784810" lon="120.15989410"><ele>41.417</ele><time>2026-09-16T12:46:32Z</time><sat>32</sat></trkpt>
  <trkpt lat="30.25784819" lon="120.15989403"><ele>41.445</ele><time>2026-09-16T12:46:35Z</time><sat>30</sat></trkpt>
  <trkpt lat="30.25784829" lon="120.15989423"><ele>41.449</ele><time>2026-09-16T12:46:38Z</time><sat>33</sat></trkpt>
  <trkpt lat="30.25784841" lon="120.15989453"><ele>41.454</ele><time>2026-09-16T12:46:41Z</time><sat>36</sat></trkpt>
  <trkpt lat="30.25784862" lon="120.15989469"><ele>41.487</ele><time>2026-09-16T12:46:44Z</time><sat>34</sat></trkpt>
  <trkpt lat="30.25784876" lon="120.15989479"><ele>41.523</ele><time>2026-09-16T12:46:47Z</time><sat>31</sat></trkpt>
  <trkpt lat="30.25784865" lon="120.15989467"><ele>41.514</ele><time>2026-09-16T12:46:50Z</time><sat>35</sat></trkpt>
  <trkpt lat="30.25784865" lon="120.15989449"><ele>41.509</ele><time>2026-09-16T12:46:53Z</time><sat>33</sat></trkpt>
  <trkpt lat="30.25784853" lon="120.15989440"><ele>41.500</ele><time>2026-09-16T12:46:56Z</time><sat>22</sat></trkpt>
  <trkpt lat="30.25784852" lon="120.15989424"><ele>41.500</ele><time>2026-09-16T12:46:59Z</time><sat>25</sat></trkpt>
  <trkpt lat="30.25784851" lon="120.15989411"><ele>41.497</ele><time>2026-09-16T12:47:02Z</time><sat>27</sat></trkpt>
  <trkpt lat="30.25784860" lon="120.15989399"><ele>41.516</ele><time>2026-09-16T12:47:05Z</time><sat>26</sat></trkpt>
  <trkpt lat="30.25784895" lon="120.15989387"><ele>41.564</ele><time>2026-09-16T12:47:08Z</time><sat>23</sat></trkpt>
  <trkpt lat="30.25784929" lon="120.15989382"><ele>41.618</ele><time>2026-09-16T12:47:11Z</time><sat>34</sat></trkpt>
  <trkpt lat="30.25784975" lon="120.15989403"><ele>41.642</ele><time>2026-09-16T12:47:14Z</time><sat>36</sat></trkpt>
  <trkpt lat="30.25784984" lon="120.15989390"><ele>41.664</ele><time>2026-09-16T12:47:17Z</time><sat>35</sat></trkpt>
  <trkpt lat="30.25785003" lon="120.15989396"><ele>41.691</ele><time>2026-09-16T12:47:20Z</time><sat>29</sat></trkpt>
  <trkpt lat="30.25785044" lon="120.15989392"><ele>41.759</ele><time>2026-09-16T12:47:23Z</time><sat>30</sat></trkpt>
  <trkpt lat="30.25785070" lon="120.15989352"><ele>41.822</ele><time>2026-09-16T12:47:26Z</time><sat>35</sat></trkpt>
  <trkpt lat="30.25785097" lon="120.15989325"><ele>41.876</ele><time>2026-09-16T12:47:29Z</time><sat>36</sat></trkpt>
  <trkpt lat="30.25785121" lon="120.15989306"><ele>41.908</ele><time>2026-09-16T12:47:32Z</time><sat>36</sat></trkpt>
  <trkpt lat="30.25785150" lon="120.15989309"><ele>41.918</ele><time>2026-09-16T12:47:35Z</time><sat>36</sat></trkpt>
  <trkpt lat="30.25785188" lon="120.15989321"><ele>41.919</ele><time>2026-09-16T12:47:38Z</time><sat>36</sat></trkpt>
  <trkpt lat="30.25785226" lon="120.15989335"><ele>41.930</ele><time>2026-09-16T12:47:41Z</time><sat>34</sat></trkpt>
  <trkpt lat="30.25785262" lon="120.15989364"><ele>41.968</ele><time>2026-09-16T12:47:44Z</time><sat>33</sat></trkpt>
  <trkpt lat="30.25785298" lon="120.15989391"><ele>42.010</ele><time>2026-09-16T12:47:47Z</time><sat>33</sat></trkpt>
  <trkpt lat="30.25785346" lon="120.15989451"><ele>42.060</ele><time>2026-09-16T12:47:50Z</time><sat>35</sat></trkpt>
  <trkpt lat="30.25785381" lon="120.15989501"><ele>42.087</ele><time>2026-09-16T12:47:53Z</time><sat>35</sat></trkpt>
  <trkpt lat="30.25785408" lon="120.15989538"><ele>42.107</ele><time>2026-09-16T12:47:56Z</time><sat>35</sat></trkpt>
  <trkpt lat="30.25785424" lon="120.15989542"><ele>42.104</ele><time>2026-09-16T12:47:59Z</time><sat>35</sat></trkpt>
  <trkpt lat="30.25785429" lon="120.15989540"><ele>42.097</ele><time>2026-09-16T12:48:02Z</time><sat>34</sat></trkpt>
  <trkpt lat="30.25785434" lon="120.15989565"><ele>42.089</ele><time>2026-09-16T12:48:05Z</time><sat>34</sat></trkpt>
  <trkpt lat="30.25785435" lon="120.15989606"><ele>42.067</ele><time>2026-09-16T12:48:08Z</time><sat>34</sat></trkpt>
  <trkpt lat="30.25785418" lon="120.15989650"><ele>42.030</ele><time>2026-09-16T12:48:11Z</time><sat>33</sat></trkpt>
  <trkpt lat="30.25785410" lon="120.15989652"><ele>41.980</ele><time>2026-09-16T12:48:14Z</time><sat>36</sat></trkpt>
  <trkpt lat="30.25785420" lon="120.15989677"><ele>41.904</ele><time>2026-09-16T12:48:17Z</time><sat>37</sat></trkpt>
  <trkpt lat="30.25785420" lon="120.15989696"><ele>41.847</ele><time>2026-09-16T12:48:20Z</time><sat>35</sat></trkpt>
  <trkpt lat="30.25785427" lon="120.15989691"><ele>41.859</ele><time>2026-09-16T12:48:23Z</time><sat>33</sat></trkpt>
  <trkpt lat="30.25785458" lon="120.15989685"><ele>41.857</ele><time>2026-09-16T12:48:26Z</time><sat>32</sat></trkpt>
  <trkpt lat="30.25785458" lon="120.15989684"><ele>41.854</ele><time>2026-09-16T12:48:29Z</time><sat>29</sat></trkpt>
  <trkpt lat="30.25785454" lon="120.15989676"><ele>41.848</ele><time>2026-09-16T12:48:32Z</time><sat>29</sat></trkpt>
  <trkpt lat="30.25785463" lon="120.15989677"><ele>41.851</ele><time>2026-09-16T12:48:35Z</time><sat>22</sat></trkpt>
  <trkpt lat="30.25785480" lon="120.15989692"><ele>41.860</ele><time>2026-09-16T12:48:38Z</time><sat>24</sat></trkpt>
  <trkpt lat="30.25785483" lon="120.15989693"><ele>41.866</ele><time>2026-09-16T12:48:41Z</time><sat>27</sat></trkpt>
  <trkpt lat="30.25785480" lon="120.15989691"><ele>41.873</ele><time>2026-09-16T12:48:44Z</time><sat>27</sat></trkpt>
  <trkpt lat="30.25785480" lon="120.15989701"><ele>41.874</ele><time>2026-09-16T12:48:47Z</time><sat>23</sat></trkpt>
  <trkpt lat="30.25785478" lon="120.15989701"><ele>41.906</ele><time>2026-09-16T12:48:50Z</time><sat>31</sat></trkpt>
  <trkpt lat="30.25785480" lon="120.15989691"><ele>41.916</ele><time>2026-09-16T12:48:53Z</time><sat>33</sat></trkpt>
  <trkpt lat="30.25785484" lon="120.15989686"><ele>41.939</ele><time>2026-09-16T12:48:56Z</time><sat>30</sat></trkpt>
  <trkpt lat="30.25785477" lon="120.15989683"><ele>41.943</ele><time>2026-09-16T12:48:59Z</time><sat>25</sat></trkpt>
  <trkpt lat="30.25785453" lon="120.15989695"><ele>41.936</ele><time>2026-09-16T12:49:02Z</time><sat>25</sat></trkpt>
  <trkpt lat="30.25785438" lon="120.15989706"><ele>41.921</ele><time>2026-09-16T12:49:05Z</time><sat>31</sat></trkpt>
  <trkpt lat="30.25785425" lon="120.15989712"><ele>41.933</ele><time>2026-09-16T12:49:08Z</time><sat>32</sat></trkpt>
  <trkpt lat="30.25785416" lon="120.15989709"><ele>41.933</ele><time>2026-09-16T12:49:11Z</time><sat>30</sat></trkpt>
  <trkpt lat="30.25785423" lon="120.15989737"><ele>41.921</ele><time>2026-09-16T12:49:14Z</time><sat>26</sat></trkpt>
  <trkpt lat="30.25785423" lon="120.15989788"><ele>41.903</ele><time>2026-09-16T12:49:17Z</time><sat>29</sat></trkpt>
  <trkpt lat="30.25785415" lon="120.15989785"><ele>41.903</ele><time>2026-09-16T12:49:20Z</time><sat>31</sat></trkpt>
  <trkpt lat="30.25785405" lon="120.15989787"><ele>41.903</ele><time>2026-09-16T12:49:23Z</time><sat>29</sat></trkpt>
  <trkpt lat="30.25785415" lon="120.15989782"><ele>41.916</ele><time>2026-09-16T12:49:26Z</time><sat>23</sat></trkpt>
  <trkpt lat="30.25785415" lon="120.15989797"><ele>41.910</ele><time>2026-09-16T12:49:29Z</time><sat>33</sat></trkpt>
  <trkpt lat="30.25785405" lon="120.15989813"><ele>41.895</ele><time>2026-09-16T12:49:32Z</time><sat>33</sat></trkpt>
  <trkpt lat="30.25785408" lon="120.15989829"><ele>41.883</ele><time>2026-09-16T12:49:35Z</time><sat>29</sat></trkpt>
  <trkpt lat="30.25785409" lon="120.15989831"><ele>41.897</ele><time>2026-09-16T12:49:38Z</time><sat>31</sat></trkpt>
  <trkpt lat="30.25785413" lon="120.15989826"><ele>41.925</ele><time>2026-09-16T12:49:41Z</time><sat>32</sat></trkpt>
  <trkpt lat="30.25785417" lon="120.15989818"><ele>41.947</ele><time>2026-09-16T12:49:44Z</time><sat>29</sat></trkpt>
  <trkpt lat="30.25785428" lon="120.15989828"><ele>41.964</ele><time>2026-09-16T12:49:47Z</time><sat>25</sat></trkpt>
  <trkpt lat="30.25785445" lon="120.15989854"><ele>41.961</ele><time>2026-09-16T12:49:50Z</time><sat>31</sat></trkpt>
  <trkpt lat="30.25785458" lon="120.15989874"><ele>41.991</ele><time>2026-09-16T12:49:53Z</time><sat>33</sat></trkpt>
  <trkpt lat="30.25785477" lon="120.15989887"><ele>42.027</ele><time>2026-09-16T12:49:56Z</time><sat>32</sat></trkpt>
  <trkpt lat="30.25785491" lon="120.15989902"><ele>42.063</ele><time>2026-09-16T12:49:59Z</time><sat>32</sat></trkpt>
  <trkpt lat="30.25785515" lon="120.15989919"><ele>42.102</ele><time>2026-09-16T12:50:02Z</time><sat>32</sat></trkpt>
  <trkpt lat="30.25785543" lon="120.15989946"><ele>42.118</ele><time>2026-09-16T12:50:05Z</time><sat>34</sat></trkpt>
  <trkpt lat="30.25785557" lon="120.15989960"><ele>42.141</ele><time>2026-09-16T12:50:08Z</time><sat>32</sat></trkpt>
  <trkpt lat="30.25785549" lon="120.15990004"><ele>42.135</ele><time>2026-09-16T12:50:11Z</time><sat>34</sat></trkpt>
  <trkpt lat="30.25785556" lon="120.15990051"><ele>42.131</ele><time>2026-09-16T12:50:14Z</time><sat>32</sat></trkpt>
  <trkpt lat="30.25785570" lon="120.15990089"><ele>42.109</ele><time>2026-09-16T12:50:17Z</time><sat>29</sat></trkpt>
  <trkpt lat="30.25785588" lon="120.15990131"><ele>42.115</ele><time>2026-09-16T12:50:20Z</time><sat>32</sat></trkpt>
  <trkpt lat="30.25785601" lon="120.15990149"><ele>42.117</ele><time>2026-09-16T12:50:23Z</time><sat>35</sat></trkpt>
  <trkpt lat="30.25785611" lon="120.15990175"><ele>42.125</ele><time>2026-09-16T12:50:26Z</time><sat>32</sat></trkpt>
  <trkpt lat="30.25785620" lon="120.15990203"><ele>42.136</ele><time>2026-09-16T12:50:29Z</time><sat>33</sat></trkpt>
  <trkpt lat="30.25785632" lon="120.15990224"><ele>42.150</ele><time>2026-09-16T12:50:32Z</time><sat>33</sat></trkpt>
  <trkpt lat="30.25785647" lon="120.15990253"><ele>42.144</ele><time>2026-09-16T12:50:35Z</time><sat>36</sat></trkpt>
  <trkpt lat="30.25785663" lon="120.15990269"><ele>42.153</ele><time>2026-09-16T12:50:38Z</time><sat>35</sat></trkpt>
  <trkpt lat="30.25785678" lon="120.15990286"><ele>42.178</ele><time>2026-09-16T12:50:41Z</time><sat>34</sat></trkpt>
  <trkpt lat="30.25785699" lon="120.15990305"><ele>42.195</ele><time>2026-09-16T12:50:44Z</time><sat>36</sat></trkpt>
  <trkpt lat="30.25785708" lon="120.15990323"><ele>42.229</ele><time>2026-09-16T12:50:47Z</time><sat>36</sat></trkpt>
  <trkpt lat="30.25785710" lon="120.15990360"><ele>42.240</ele><time>2026-09-16T12:50:50Z</time><sat>35</sat></trkpt>
  <trkpt lat="30.25785722" lon="120.15990400"><ele>42.247</ele><time>2026-09-16T12:50:53Z</time><sat>35</sat></trkpt>
  <trkpt lat="30.25785734" lon="120.15990426"><ele>42.267</ele><time>2026-09-16T12:50:56Z</time><sat>35</sat></trkpt>
  <trkpt lat="30.25785731" lon="120.15990454"><ele>42.278</ele><time>2026-09-16T12:50:59Z</time><sat>36</sat></trkpt>
  <trkpt lat="30.25785740" lon="120.15990489"><ele>42.270</ele><time>2026-09-16T12:51:02Z</time><sat>36</sat></trkpt>
  <trkpt lat="30.25785749" lon="120.15990482"><ele>42.320</ele><time>2026-09-16T12:51:05Z</time><sat>35</sat></trkpt>
  <trkpt lat="30.25785760" lon="120.15990500"><ele>42.384</ele><time>2026-09-16T12:51:08Z</time><sat>36</sat></trkpt>
  <trkpt lat="30.25785773" lon="120.15990525"><ele>42.419</ele><time>2026-09-16T12:51:11Z</time><sat>34</sat></trkpt>
  <trkpt lat="30.25785772" lon="120.15990540"><ele>42.483</ele><time>2026-09-16T12:51:14Z</time><sat>34</sat></trkpt>
  <trkpt lat="30.25785785" lon="120.15990558"><ele>42.513</ele><time>2026-09-16T12:51:17Z</time><sat>36</sat></trkpt>
  <trkpt lat="30.25785800" lon="120.15990588"><ele>42.544</ele><time>2026-09-16T12:51:20Z</time><sat>36</sat></trkpt>
  <trkpt lat="30.25785831" lon="120.15990634"><ele>42.571</ele><time>2026-09-16T12:51:23Z</time><sat>33</sat></trkpt>
  <trkpt lat="30.25785864" lon="120.15990683"><ele>42.601</ele><time>2026-09-16T12:51:26Z</time><sat>34</sat></trkpt>
  <trkpt lat="30.25785897" lon="120.15990726"><ele>42.640</ele><time>2026-09-16T12:51:29Z</time><sat>34</sat></trkpt>
  <trkpt lat="30.25785917" lon="120.15990756"><ele>42.672</ele><time>2026-09-16T12:51:32Z</time><sat>35</sat></trkpt>
  <trkpt lat="30.25786307" lon="120.15991608"><ele>42.048</ele><time>2026-09-16T12:51:35Z</time><sat>35</sat></trkpt>
  <trkpt lat="30.25786369" lon="120.15991738"><ele>42.051</ele><time>2026-09-16T12:51:38Z</time><sat>31</sat></trkpt>
  <trkpt lat="30.25786375" lon="120.15991782"><ele>42.078</ele><time>2026-09-16T12:51:41Z</time><sat>29</sat></trkpt>
  <trkpt lat="30.25786373" lon="120.15991826"><ele>42.063</ele><time>2026-09-16T12:51:44Z</time><sat>30</sat></trkpt>
  <trkpt lat="30.25786381" lon="120.15991855"><ele>42.082</ele><time>2026-09-16T12:51:47Z</time><sat>32</sat></trkpt>
  <trkpt lat="30.25786397" lon="120.15991877"><ele>42.091</ele><time>2026-09-16T12:51:50Z</time><sat>33</sat></trkpt>
  <trkpt lat="30.25786417" lon="120.15991888"><ele>42.111</ele><time>2026-09-16T12:51:53Z</time><sat>34</sat></trkpt>
  <trkpt lat="30.25786427" lon="120.15991897"><ele>42.140</ele><time>2026-09-16T12:51:56Z</time><sat>33</sat></trkpt>
  <trkpt lat="30.25786435" lon="120.15991907"><ele>42.156</ele><time>2026-09-16T12:51:59Z</time><sat>33</sat></trkpt>
  <trkpt lat="30.25786438" lon="120.15991928"><ele>42.146</ele><time>2026-09-16T12:52:02Z</time><sat>30</sat></trkpt>
  <trkpt lat="30.25786451" lon="120.15991962"><ele>42.150</ele><time>2026-09-16T12:52:05Z</time><sat>26</sat></trkpt>
  <trkpt lat="30.25786468" lon="120.15991996"><ele>42.156</ele><time>2026-09-16T12:52:08Z</time><sat>26</sat></trkpt>
  <trkpt lat="30.25786483" lon="120.15992032"><ele>42.157</ele><time>2026-09-16T12:52:11Z</time><sat>24</sat></trkpt>
  <trkpt lat="30.25786499" lon="120.15992070"><ele>42.158</ele><time>2026-09-16T12:52:14Z</time><sat>25</sat></trkpt>
  <trkpt lat="30.25786515" lon="120.15992104"><ele>42.165</ele><time>2026-09-16T12:52:17Z</time><sat>26</sat></trkpt>
  <trkpt lat="30.25786537" lon="120.15992131"><ele>42.191</ele><time>2026-09-16T12:52:20Z</time><sat>26</sat></trkpt>
  <trkpt lat="30.25786548" lon="120.15992151"><ele>42.196</ele><time>2026-09-16T12:52:23Z</time><sat>33</sat></trkpt>
  <trkpt lat="30.25786570" lon="120.15992184"><ele>42.210</ele><time>2026-09-16T12:52:26Z</time><sat>34</sat></trkpt>
  <trkpt lat="30.25786583" lon="120.15992206"><ele>42.204</ele><time>2026-09-16T12:52:29Z</time><sat>31</sat></trkpt>
  <trkpt lat="30.25786607" lon="120.15992252"><ele>42.171</ele><time>2026-09-16T12:52:32Z</time><sat>31</sat></trkpt>
  <trkpt lat="30.25786631" lon="120.15992291"><ele>42.144</ele><time>2026-09-16T12:52:35Z</time><sat>32</sat></trkpt>
  <trkpt lat="30.25786651" lon="120.15992326"><ele>42.133</ele><time>2026-09-16T12:52:38Z</time><sat>33</sat></trkpt>
  <trkpt lat="30.25786660" lon="120.15992350"><ele>42.130</ele><time>2026-09-16T12:52:41Z</time><sat>32</sat></trkpt>
  <trkpt lat="30.25786670" lon="120.15992376"><ele>42.122</ele><time>2026-09-16T12:52:44Z</time><sat>28</sat></trkpt>
  <trkpt lat="30.25786674" lon="120.15992399"><ele>42.110</ele><time>2026-09-16T12:52:47Z</time><sat>23</sat></trkpt>
  <trkpt lat="30.25786675" lon="120.15992411"><ele>42.109</ele><time>2026-09-16T12:52:50Z</time><sat>23</sat></trkpt>
  <trkpt lat="30.25786676" lon="120.15992419"><ele>42.108</ele><time>2026-09-16T12:52:53Z</time><sat>25</sat></trkpt>
  <trkpt lat="30.25786691" lon="120.15992440"><ele>42.121</ele><time>2026-09-16T12:52:56Z</time><sat>25</sat></trkpt>
  <trkpt lat="30.25786703" lon="120.15992438"><ele>42.166</ele><time>2026-09-16T12:52:59Z</time><sat>24</sat></trkpt>
  <trkpt lat="30.25786723" lon="120.15992454"><ele>42.187</ele><time>2026-09-16T12:53:02Z</time><sat>26</sat></trkpt>
  <trkpt lat="30.25786736" lon="120.15992469"><ele>42.202</ele><time>2026-09-16T12:53:05Z</time><sat>28</sat></trkpt>
  <trkpt lat="30.25786748" lon="120.15992503"><ele>42.195</ele><time>2026-09-16T12:53:08Z</time><sat>26</sat></trkpt>
  <trkpt lat="30.25786763" lon="120.15992535"><ele>42.200</ele><time>2026-09-16T12:53:11Z</time><sat>31</sat></trkpt>
  <trkpt lat="30.25786780" lon="120.15992531"><ele>42.246</ele><time>2026-09-16T12:53:14Z</time><sat>30</sat></trkpt>
  <trkpt lat="30.25786794" lon="120.15992523"><ele>42.287</ele><time>2026-09-16T12:53:17Z</time><sat>28</sat></trkpt>
  <trkpt lat="30.25786803" lon="120.15992516"><ele>42.330</ele><time>2026-09-16T12:53:20Z</time><sat>25</sat></trkpt>
  <trkpt lat="30.25786823" lon="120.15992513"><ele>42.352</ele><time>2026-09-16T12:53:23Z</time><sat>24</sat></trkpt>
  <trkpt lat="30.25786826" lon="120.15992506"><ele>42.386</ele><time>2026-09-16T12:53:26Z</time><sat>31</sat></trkpt>
  <trkpt lat="30.25786828" lon="120.15992498"><ele>42.417</ele><time>2026-09-16T12:53:29Z</time><sat>30</sat></trkpt>
  <trkpt lat="30.25786831" lon="120.15992491"><ele>42.453</ele><time>2026-09-16T12:53:32Z</time><sat>20</sat></trkpt>
  <trkpt lat="30.25786861" lon="120.15992488"><ele>42.449</ele><time>2026-09-16T12:53:35Z</time><sat>23</sat></trkpt>
  <trkpt lat="30.25786891" lon="120.15992490"><ele>42.457</ele><time>2026-09-16T12:53:38Z</time><sat>30</sat></trkpt>
  <trkpt lat="30.25786907" lon="120.15992488"><ele>42.506</ele><time>2026-09-16T12:53:41Z</time><sat>33</sat></trkpt>
  <trkpt lat="30.25786920" lon="120.15992486"><ele>42.548</ele><time>2026-09-16T12:53:44Z</time><sat>32</sat></trkpt>
  <trkpt lat="30.25786931" lon="120.15992477"><ele>42.591</ele><time>2026-09-16T12:53:47Z</time><sat>22</sat></trkpt>
  <trkpt lat="30.25786941" lon="120.15992469"><ele>42.633</ele><time>2026-09-16T12:53:50Z</time><sat>20</sat></trkpt>
  <trkpt lat="30.25786950" lon="120.15992461"><ele>42.668</ele><time>2026-09-16T12:53:53Z</time><sat>21</sat></trkpt>
  <trkpt lat="30.25786963" lon="120.15992452"><ele>42.712</ele><time>2026-09-16T12:53:56Z</time><sat>22</sat></trkpt>
  <trkpt lat="30.25786978" lon="120.15992448"><ele>42.749</ele><time>2026-09-16T12:53:59Z</time><sat>23</sat></trkpt>
  <trkpt lat="30.25787005" lon="120.15992462"><ele>42.795</ele><time>2026-09-16T12:54:02Z</time><sat>25</sat></trkpt>
  <trkpt lat="30.25787027" lon="120.15992517"><ele>42.839</ele><time>2026-09-16T12:54:05Z</time><sat>28</sat></trkpt>
  <trkpt lat="30.25787049" lon="120.15992568"><ele>42.887</ele><time>2026-09-16T12:54:08Z</time><sat>34</sat></trkpt>
  <trkpt lat="30.25787069" lon="120.15992606"><ele>42.913</ele><time>2026-09-16T12:54:11Z</time><sat>36</sat></trkpt>
  <trkpt lat="30.25787087" lon="120.15992638"><ele>42.924</ele><time>2026-09-16T12:54:14Z</time><sat>34</sat></trkpt>
  <trkpt lat="30.25787101" lon="120.15992631"><ele>42.962</ele><time>2026-09-16T12:54:17Z</time><sat>34</sat></trkpt>
  <trkpt lat="30.25787112" lon="120.15992623"><ele>42.994</ele><time>2026-09-16T12:54:20Z</time><sat>32</sat></trkpt>
  <trkpt lat="30.25787115" lon="120.15992625"><ele>43.026</ele><time>2026-09-16T12:54:23Z</time><sat>23</sat></trkpt>
  <trkpt lat="30.25787133" lon="120.15992638"><ele>43.052</ele><time>2026-09-16T12:54:26Z</time><sat>31</sat></trkpt>
  <trkpt lat="30.25787132" lon="120.15992633"><ele>43.093</ele><time>2026-09-16T12:54:29Z</time><sat>35</sat></trkpt>
  <trkpt lat="30.25787140" lon="120.15992624"><ele>43.120</ele><time>2026-09-16T12:54:32Z</time><sat>36</sat></trkpt>
  <trkpt lat="30.25787148" lon="120.15992617"><ele>43.138</ele><time>2026-09-16T12:54:35Z</time><sat>35</sat></trkpt>
  <trkpt lat="30.25787158" lon="120.15992610"><ele>43.162</ele><time>2026-09-16T12:54:38Z</time><sat>29</sat></trkpt>
  <trkpt lat="30.25787170" lon="120.15992609"><ele>43.171</ele><time>2026-09-16T12:54:41Z</time><sat>29</sat></trkpt>
  <trkpt lat="30.25787178" lon="120.15992602"><ele>43.201</ele><time>2026-09-16T12:54:44Z</time><sat>29</sat></trkpt>
  <trkpt lat="30.25787195" lon="120.15992607"><ele>43.206</ele><time>2026-09-16T12:54:47Z</time><sat>28</sat></trkpt>
  <trkpt lat="30.25787215" lon="120.15992614"><ele>43.197</ele><time>2026-09-16T12:54:50Z</time><sat>33</sat></trkpt>
  <trkpt lat="30.25787225" lon="120.15992609"><ele>43.222</ele><time>2026-09-16T12:54:53Z</time><sat>35</sat></trkpt>
  <trkpt lat="30.25787238" lon="120.15992614"><ele>43.221</ele><time>2026-09-16T12:54:56Z</time><sat>34</sat></trkpt>
  <trkpt lat="30.25787248" lon="120.15992621"><ele>43.233</ele><time>2026-09-16T12:54:59Z</time><sat>34</sat></trkpt>
  <trkpt lat="30.25787254" lon="120.15992619"><ele>43.252</ele><time>2026-09-16T12:55:02Z</time><sat>35</sat></trkpt>
  <trkpt lat="30.25787259" lon="120.15992619"><ele>43.263</ele><time>2026-09-16T12:55:05Z</time><sat>33</sat></trkpt>
  <trkpt lat="30.25787262" lon="120.15992615"><ele>43.282</ele><time>2026-09-16T12:55:08Z</time><sat>34</sat></trkpt>
  <trkpt lat="30.25787265" lon="120.15992617"><ele>43.303</ele><time>2026-09-16T12:55:11Z</time><sat>33</sat></trkpt>
  <trkpt lat="30.25787274" lon="120.15992611"><ele>43.332</ele><time>2026-09-16T12:55:14Z</time><sat>31</sat></trkpt>
  <trkpt lat="30.25787284" lon="120.15992618"><ele>43.361</ele><time>2026-09-16T12:55:17Z</time><sat>30</sat></trkpt>
  <trkpt lat="30.25787299" lon="120.15992620"><ele>43.377</ele><time>2026-09-16T12:55:20Z</time><sat>33</sat></trkpt>
  <trkpt lat="30.25787315" lon="120.15992614"><ele>43.407</ele><time>2026-09-16T12:55:23Z</time><sat>34</sat></trkpt>
  <trkpt lat="30.25787329" lon="120.15992606"><ele>43.434</ele><time>2026-09-16T12:55:26Z</time><sat>32</sat></trkpt>
  <trkpt lat="30.25787339" lon="120.15992600"><ele>43.459</ele><time>2026-09-16T12:55:29Z</time><sat>23</sat></trkpt>
  <trkpt lat="30.25787352" lon="120.15992589"><ele>43.475</ele><time>2026-09-16T12:55:32Z</time><sat>23</sat></trkpt>
  <trkpt lat="30.25787364" lon="120.15992579"><ele>43.500</ele><time>2026-09-16T12:55:35Z</time><sat>23</sat></trkpt>
  <trkpt lat="30.25787370" lon="120.15992573"><ele>43.524</ele><time>2026-09-16T12:55:38Z</time><sat>21</sat></trkpt>
  <trkpt lat="30.25787371" lon="120.15992566"><ele>43.533</ele><time>2026-09-16T12:55:41Z</time><sat>24</sat></trkpt>
  <trkpt lat="30.25787373" lon="120.15992562"><ele>43.543</ele><time>2026-09-16T12:55:44Z</time><sat>23</sat></trkpt>
  <trkpt lat="30.25787373" lon="120.15992558"><ele>43.548</ele><time>2026-09-16T12:55:47Z</time><sat>24</sat></trkpt>
  <trkpt lat="30.25787384" lon="120.15992571"><ele>43.554</ele><time>2026-09-16T12:55:50Z</time><sat>22</sat></trkpt>
  <trkpt lat="30.25787387" lon="120.15992569"><ele>43.557</ele><time>2026-09-16T12:55:53Z</time><sat>27</sat></trkpt>
  <trkpt lat="30.25787401" lon="120.15992585"><ele>43.553</ele><time>2026-09-16T12:55:56Z</time><sat>27</sat></trkpt>
  <trkpt lat="30.25787415" lon="120.15992609"><ele>43.545</ele><time>2026-09-16T12:55:59Z</time><sat>30</sat></trkpt>
  <trkpt lat="30.25787414" lon="120.15992610"><ele>43.548</ele><time>2026-09-16T12:56:02Z</time><sat>33</sat></trkpt>
  <trkpt lat="30.25787425" lon="120.15992615"><ele>43.530</ele><time>2026-09-16T12:56:05Z</time><sat>29</sat></trkpt>
  <trkpt lat="30.25787439" lon="120.15992619"><ele>43.526</ele><time>2026-09-16T12:56:08Z</time><sat>31</sat></trkpt>
  <trkpt lat="30.25787450" lon="120.15992613"><ele>43.550</ele><time>2026-09-16T12:56:11Z</time><sat>30</sat></trkpt>
  <trkpt lat="30.25787458" lon="120.15992605"><ele>43.572</ele><time>2026-09-16T12:56:14Z</time><sat>27</sat></trkpt>
  <trkpt lat="30.25787460" lon="120.15992600"><ele>43.590</ele><time>2026-09-16T12:56:17Z</time><sat>18</sat></trkpt>
  <trkpt lat="30.25787464" lon="120.15992593"><ele>43.610</ele><time>2026-09-16T12:56:20Z</time><sat>19</sat></trkpt>
  <trkpt lat="30.25787466" lon="120.15992589"><ele>43.629</ele><time>2026-09-16T12:56:23Z</time><sat>20</sat></trkpt>
  <trkpt lat="30.25787472" lon="120.15992584"><ele>43.645</ele><time>2026-09-16T12:56:26Z</time><sat>21</sat></trkpt>
  <trkpt lat="30.25787476" lon="120.15992578"><ele>43.664</ele><time>2026-09-16T12:56:29Z</time><sat>27</sat></trkpt>
  <trkpt lat="30.25787488" lon="120.15992571"><ele>43.690</ele><time>2026-09-16T12:56:32Z</time><sat>31</sat></trkpt>
  <trkpt lat="30.25787502" lon="120.15992560"><ele>43.712</ele><time>2026-09-16T12:56:35Z</time><sat>30</sat></trkpt>
  <trkpt lat="30.25787518" lon="120.15992567"><ele>43.706</ele><time>2026-09-16T12:56:38Z</time><sat>31</sat></trkpt>
  <trkpt lat="30.25787525" lon="120.15992579"><ele>43.703</ele><time>2026-09-16T12:56:41Z</time><sat>29</sat></trkpt>
  <trkpt lat="30.25787557" lon="120.15992582"><ele>43.725</ele><time>2026-09-16T12:56:44Z</time><sat>29</sat></trkpt>
  <trkpt lat="30.25787580" lon="120.15992573"><ele>43.754</ele><time>2026-09-16T12:56:47Z</time><sat>29</sat></trkpt>
  <trkpt lat="30.25787617" lon="120.15992571"><ele>43.796</ele><time>2026-09-16T12:56:50Z</time><sat>32</sat></trkpt>
  <trkpt lat="30.25787662" lon="120.15992568"><ele>43.839</ele><time>2026-09-16T12:56:53Z</time><sat>32</sat></trkpt>
  <trkpt lat="30.25787694" lon="120.15992559"><ele>43.888</ele><time>2026-09-16T12:56:56Z</time><sat>34</sat></trkpt>
  <trkpt lat="30.25787723" lon="120.15992551"><ele>43.938</ele><time>2026-09-16T12:56:59Z</time><sat>34</sat></trkpt>
  <trkpt lat="30.25787746" lon="120.15992546"><ele>43.977</ele><time>2026-09-16T12:57:02Z</time><sat>29</sat></trkpt>
  <trkpt lat="30.25787764" lon="120.15992530"><ele>44.018</ele><time>2026-09-16T12:57:05Z</time><sat>26</sat></trkpt>
  <trkpt lat="30.25787785" lon="120.15992511"><ele>44.079</ele><time>2026-09-16T12:57:08Z</time><sat>29</sat></trkpt>
  <trkpt lat="30.25787803" lon="120.15992490"><ele>44.141</ele><time>2026-09-16T12:57:11Z</time><sat>29</sat></trkpt>
  <trkpt lat="30.25787822" lon="120.15992479"><ele>44.192</ele><time>2026-09-16T12:57:14Z</time><sat>34</sat></trkpt>
  <trkpt lat="30.25787837" lon="120.15992470"><ele>44.232</ele><time>2026-09-16T12:57:17Z</time><sat>33</sat></trkpt>
  <trkpt lat="30.25787842" lon="120.15992462"><ele>44.253</ele><time>2026-09-16T12:57:20Z</time><sat>21</sat></trkpt>
  <trkpt lat="30.25787856" lon="120.15992451"><ele>44.291</ele><time>2026-09-16T12:57:23Z</time><sat>23</sat></trkpt>
  <trkpt lat="30.25787874" lon="120.15992437"><ele>44.330</ele><time>2026-09-16T12:57:26Z</time><sat>23</sat></trkpt>
  <trkpt lat="30.25787888" lon="120.15992425"><ele>44.362</ele><time>2026-09-16T12:57:29Z</time><sat>23</sat></trkpt>
  <trkpt lat="30.25787907" lon="120.15992411"><ele>44.398</ele><time>2026-09-16T12:57:32Z</time><sat>21</sat></trkpt>
  <trkpt lat="30.25787925" lon="120.15992397"><ele>44.427</ele><time>2026-09-16T12:57:35Z</time><sat>20</sat></trkpt>
  <trkpt lat="30.25787937" lon="120.15992383"><ele>44.476</ele><time>2026-09-16T12:57:38Z</time><sat>22</sat></trkpt>
  <trkpt lat="30.25787951" lon="120.15992364"><ele>44.515</ele><time>2026-09-16T12:57:41Z</time><sat>33</sat></trkpt>
  <trkpt lat="30.25787971" lon="120.15992340"><ele>44.556</ele><time>2026-09-16T12:57:44Z</time><sat>33</sat></trkpt>
  <trkpt lat="30.25787997" lon="120.15992320"><ele>44.612</ele><time>2026-09-16T12:57:47Z</time><sat>24</sat></trkpt>
  <trkpt lat="30.25788022" lon="120.15992307"><ele>44.664</ele><time>2026-09-16T12:57:50Z</time><sat>22</sat></trkpt>
  <trkpt lat="30.25788044" lon="120.15992293"><ele>44.706</ele><time>2026-09-16T12:57:53Z</time><sat>22</sat></trkpt>
  <trkpt lat="30.25788064" lon="120.15992280"><ele>44.750</ele><time>2026-09-16T12:57:56Z</time><sat>22</sat></trkpt>
  <trkpt lat="30.25788082" lon="120.15992267"><ele>44.788</ele><time>2026-09-16T12:57:59Z</time><sat>22</sat></trkpt>
  <trkpt lat="30.25788100" lon="120.15992254"><ele>44.832</ele><time>2026-09-16T12:58:02Z</time><sat>21</sat></trkpt>
  <trkpt lat="30.25788122" lon="120.15992238"><ele>44.866</ele><time>2026-09-16T12:58:05Z</time><sat>22</sat></trkpt>
  <trkpt lat="30.25788140" lon="120.15992225"><ele>44.902</ele><time>2026-09-16T12:58:08Z</time><sat>22</sat></trkpt>
  <trkpt lat="30.25788159" lon="120.15992212"><ele>44.948</ele><time>2026-09-16T12:58:11Z</time><sat>22</sat></trkpt>
  <trkpt lat="30.25788180" lon="120.15992198"><ele>44.995</ele><time>2026-09-16T12:58:14Z</time><sat>25</sat></trkpt>
  <trkpt lat="30.25788211" lon="120.15992176"><ele>45.039</ele><time>2026-09-16T12:58:17Z</time><sat>23</sat></trkpt>
  <trkpt lat="30.25788244" lon="120.15992153"><ele>45.077</ele><time>2026-09-16T12:58:20Z</time><sat>22</sat></trkpt>
  <trkpt lat="30.25788267" lon="120.15992149"><ele>45.126</ele><time>2026-09-16T12:58:23Z</time><sat>23</sat></trkpt>
  <trkpt lat="30.25788286" lon="120.15992135"><ele>45.153</ele><time>2026-09-16T12:58:26Z</time><sat>28</sat></trkpt>
  <trkpt lat="30.25788304" lon="120.15992159"><ele>45.194</ele><time>2026-09-16T12:58:29Z</time><sat>28</sat></trkpt>
  <trkpt lat="30.25788320" lon="120.15992154"><ele>45.238</ele><time>2026-09-16T12:58:32Z</time><sat>30</sat></trkpt>
  <trkpt lat="30.25788341" lon="120.15992159"><ele>45.276</ele><time>2026-09-16T12:58:35Z</time><sat>29</sat></trkpt>
  <trkpt lat="30.25788361" lon="120.15992151"><ele>45.306</ele><time>2026-09-16T12:58:38Z</time><sat>28</sat></trkpt>
  <trkpt lat="30.25788382" lon="120.15992137"><ele>45.337</ele><time>2026-09-16T12:58:41Z</time><sat>30</sat></trkpt>
  <trkpt lat="30.25788406" lon="120.15992120"><ele>45.363</ele><time>2026-09-16T12:58:44Z</time><sat>25</sat></trkpt>
  <trkpt lat="30.25788421" lon="120.15992126"><ele>45.416</ele><time>2026-09-16T12:58:47Z</time><sat>24</sat></trkpt>
  <trkpt lat="30.25788437" lon="120.15992115"><ele>45.456</ele><time>2026-09-16T12:58:50Z</time><sat>32</sat></trkpt>
  <trkpt lat="30.25788455" lon="120.15992103"><ele>45.496</ele><time>2026-09-16T12:58:53Z</time><sat>33</sat></trkpt>
  <trkpt lat="30.25788465" lon="120.15992096"><ele>45.529</ele><time>2026-09-16T12:58:56Z</time><sat>30</sat></trkpt>
  <trkpt lat="30.25788482" lon="120.15992086"><ele>45.577</ele><time>2026-09-16T12:58:59Z</time><sat>26</sat></trkpt>
  <trkpt lat="30.25788505" lon="120.15992072"><ele>45.627</ele><time>2026-09-16T12:59:02Z</time><sat>19</sat></trkpt>
  <trkpt lat="30.25788527" lon="120.15992066"><ele>45.675</ele><time>2026-09-16T12:59:05Z</time><sat>27</sat></trkpt>
  <trkpt lat="30.25788550" lon="120.15992067"><ele>45.722</ele><time>2026-09-16T12:59:08Z</time><sat>30</sat></trkpt>
  <trkpt lat="30.25788573" lon="120.15992055"><ele>45.759</ele><time>2026-09-16T12:59:11Z</time><sat>28</sat></trkpt>
  <trkpt lat="30.25788592" lon="120.15992041"><ele>45.783</ele><time>2026-09-16T12:59:14Z</time><sat>27</sat></trkpt>
  <trkpt lat="30.25788610" lon="120.15992028"><ele>45.803</ele><time>2026-09-16T12:59:17Z</time><sat>29</sat></trkpt>
  <trkpt lat="30.25788628" lon="120.15992013"><ele>45.827</ele><time>2026-09-16T12:59:20Z</time><sat>31</sat></trkpt>
  <trkpt lat="30.25788651" lon="120.15991978"><ele>45.840</ele><time>2026-09-16T12:59:23Z</time><sat>22</sat></trkpt>
  <trkpt lat="30.25788671" lon="120.15991940"><ele>45.846</ele><time>2026-09-16T12:59:26Z</time><sat>34</sat></trkpt>
  <trkpt lat="30.25788690" lon="120.15991918"><ele>45.863</ele><time>2026-09-16T12:59:29Z</time><sat>37</sat></trkpt>
  <trkpt lat="30.25788703" lon="120.15991906"><ele>45.890</ele><time>2026-09-16T12:59:32Z</time><sat>36</sat></trkpt>
  <trkpt lat="30.25788716" lon="120.15991895"><ele>45.913</ele><time>2026-09-16T12:59:35Z</time><sat>33</sat></trkpt>
  <trkpt lat="30.25788729" lon="120.15991884"><ele>45.930</ele><time>2026-09-16T12:59:38Z</time><sat>22</sat></trkpt>
  <trkpt lat="30.25788742" lon="120.15991870"><ele>45.952</ele><time>2026-09-16T12:59:41Z</time><sat>28</sat></trkpt>
  <trkpt lat="30.25788753" lon="120.15991857"><ele>45.988</ele><time>2026-09-16T12:59:44Z</time><sat>33</sat></trkpt>
  <trkpt lat="30.25788766" lon="120.15991846"><ele>46.019</ele><time>2026-09-16T12:59:47Z</time><sat>35</sat></trkpt>
  <trkpt lat="30.25788777" lon="120.15991837"><ele>46.052</ele><time>2026-09-16T12:59:50Z</time><sat>28</sat></trkpt>
  <trkpt lat="30.25788782" lon="120.15991839"><ele>46.095</ele><time>2026-09-16T12:59:53Z</time><sat>23</sat></trkpt>
  <trkpt lat="30.25788786" lon="120.15991833"><ele>46.136</ele><time>2026-09-16T12:59:56Z</time><sat>28</sat></trkpt>
  <trkpt lat="30.25788798" lon="120.15991821"><ele>46.155</ele><time>2026-09-16T12:59:59Z</time><sat>29</sat></trkpt>
  <trkpt lat="30.25788814" lon="120.15991808"><ele>46.180</ele><time>2026-09-16T13:00:02Z</time><sat>28</sat></trkpt>
  <trkpt lat="30.25788825" lon="120.15991805"><ele>46.217</ele><time>2026-09-16T13:00:05Z</time><sat>23</sat></trkpt>
  <trkpt lat="30.25788823" lon="120.15991825"><ele>46.286</ele><time>2026-09-16T13:00:08Z</time><sat>26</sat></trkpt>
  <trkpt lat="30.25788826" lon="120.15991838"><ele>46.332</ele><time>2026-09-16T13:00:11Z</time><sat>31</sat></trkpt>
  <trkpt lat="30.25788826" lon="120.15991849"><ele>46.379</ele><time>2026-09-16T13:00:14Z</time><sat>29</sat></trkpt>
  <trkpt lat="30.25788825" lon="120.15991844"><ele>46.384</ele><time>2026-09-16T13:00:17Z</time><sat>30</sat></trkpt>
  <trkpt lat="30.25788837" lon="120.15991876"><ele>46.395</ele><time>2026-09-16T13:00:20Z</time><sat>27</sat></trkpt>
  <trkpt lat="30.25788837" lon="120.15991896"><ele>46.412</ele><time>2026-09-16T13:00:23Z</time><sat>35</sat></trkpt>
  <trkpt lat="30.25788839" lon="120.15991908"><ele>46.428</ele><time>2026-09-16T13:00:26Z</time><sat>36</sat></trkpt>
  <trkpt lat="30.25788845" lon="120.15991904"><ele>46.452</ele><time>2026-09-16T13:00:29Z</time><sat>35</sat></trkpt>
  <trkpt lat="30.25788856" lon="120.15991907"><ele>46.481</ele><time>2026-09-16T13:00:32Z</time><sat>37</sat></trkpt>
  <trkpt lat="30.25788864" lon="120.15991893"><ele>46.515</ele><time>2026-09-16T13:00:35Z</time><sat>35</sat></trkpt>
  <trkpt lat="30.25788872" lon="120.15991888"><ele>46.543</ele><time>2026-09-16T13:00:38Z</time><sat>35</sat></trkpt>
  <trkpt lat="30.25788883" lon="120.15991895"><ele>46.549</ele><time>2026-09-16T13:00:41Z</time><sat>36</sat></trkpt>
  <trkpt lat="30.25788898" lon="120.15991900"><ele>46.561</ele><time>2026-09-16T13:00:44Z</time><sat>35</sat></trkpt>
  <trkpt lat="30.25788907" lon="120.15991900"><ele>46.570</ele><time>2026-09-16T13:00:47Z</time><sat>34</sat></trkpt>
  <trkpt lat="30.25788915" lon="120.15991898"><ele>46.568</ele><time>2026-09-16T13:00:50Z</time><sat>33</sat></trkpt>
  <trkpt lat="30.25788919" lon="120.15991896"><ele>46.580</ele><time>2026-09-16T13:00:53Z</time><sat>37</sat></trkpt>
  <trkpt lat="30.25788925" lon="120.15991889"><ele>46.586</ele><time>2026-09-16T13:00:56Z</time><sat>37</sat></trkpt>
  <trkpt lat="30.25788935" lon="120.15991878"><ele>46.603</ele><time>2026-09-16T13:00:59Z</time><sat>37</sat></trkpt>
  <trkpt lat="30.25788946" lon="120.15991865"><ele>46.606</ele><time>2026-09-16T13:01:02Z</time><sat>32</sat></trkpt>
  <trkpt lat="30.25788956" lon="120.15991853"><ele>46.618</ele><time>2026-09-16T13:01:05Z</time><sat>25</sat></trkpt>
  <trkpt lat="30.25788969" lon="120.15991854"><ele>46.609</ele><time>2026-09-16T13:01:08Z</time><sat>24</sat></trkpt>
  <trkpt lat="30.25788985" lon="120.15991858"><ele>46.607</ele><time>2026-09-16T13:01:11Z</time><sat>30</sat></trkpt>
  <trkpt lat="30.25789007" lon="120.15991852"><ele>46.557</ele><time>2026-09-16T13:01:14Z</time><sat>35</sat></trkpt>
  <trkpt lat="30.25789020" lon="120.15991853"><ele>46.560</ele><time>2026-09-16T13:01:17Z</time><sat>38</sat></trkpt>
  <trkpt lat="30.25789043" lon="120.15991854"><ele>46.560</ele><time>2026-09-16T13:01:20Z</time><sat>35</sat></trkpt>
  <trkpt lat="30.25789056" lon="120.15991858"><ele>46.561</ele><time>2026-09-16T13:01:23Z</time><sat>33</sat></trkpt>
  <trkpt lat="30.25789060" lon="120.15991848"><ele>46.567</ele><time>2026-09-16T13:01:26Z</time><sat>31</sat></trkpt>
  <trkpt lat="30.25789063" lon="120.15991842"><ele>46.576</ele><time>2026-09-16T13:01:29Z</time><sat>26</sat></trkpt>
  <trkpt lat="30.25789062" lon="120.15991838"><ele>46.578</ele><time>2026-09-16T13:01:32Z</time><sat>22</sat></trkpt>
  <trkpt lat="30.25789061" lon="120.15991835"><ele>46.582</ele><time>2026-09-16T13:01:35Z</time><sat>22</sat></trkpt>
  <trkpt lat="30.25789058" lon="120.15991835"><ele>46.587</ele><time>2026-09-16T13:01:38Z</time><sat>22</sat></trkpt>
  <trkpt lat="30.25789053" lon="120.15991838"><ele>46.592</ele><time>2026-09-16T13:01:41Z</time><sat>22</sat></trkpt>
  <trkpt lat="30.25789050" lon="120.15991837"><ele>46.594</ele><time>2026-09-16T13:01:44Z</time><sat>23</sat></trkpt>
  <trkpt lat="30.25789052" lon="120.15991834"><ele>46.601</ele><time>2026-09-16T13:01:47Z</time><sat>23</sat></trkpt>
  <trkpt lat="30.25789052" lon="120.15991829"><ele>46.602</ele><time>2026-09-16T13:01:50Z</time><sat>23</sat></trkpt>
  <trkpt lat="30.25789052" lon="120.15991827"><ele>46.605</ele><time>2026-09-16T13:01:53Z</time><sat>25</sat></trkpt>
  <trkpt lat="30.25789053" lon="120.15991821"><ele>46.607</ele><time>2026-09-16T13:01:56Z</time><sat>25</sat></trkpt>
  <trkpt lat="30.25789055" lon="120.15991817"><ele>46.613</ele><time>2026-09-16T13:01:59Z</time><sat>25</sat></trkpt>
  <trkpt lat="30.25789056" lon="120.15991813"><ele>46.616</ele><time>2026-09-16T13:02:02Z</time><sat>24</sat></trkpt>
  <trkpt lat="30.25789057" lon="120.15991810"><ele>46.624</ele><time>2026-09-16T13:02:05Z</time><sat>24</sat></trkpt>
  <trkpt lat="30.25789061" lon="120.15991805"><ele>46.629</ele><time>2026-09-16T13:02:08Z</time><sat>22</sat></trkpt>
  <trkpt lat="30.25789065" lon="120.15991800"><ele>46.635</ele><time>2026-09-16T13:02:11Z</time><sat>23</sat></trkpt>
  <trkpt lat="30.25789074" lon="120.15991793"><ele>46.645</ele><time>2026-09-16T13:02:14Z</time><sat>23</sat></trkpt>
  <trkpt lat="30.25789079" lon="120.15991788"><ele>46.653</ele><time>2026-09-16T13:02:17Z</time><sat>22</sat></trkpt>
  <trkpt lat="30.25789093" lon="120.15991777"><ele>46.676</ele><time>2026-09-16T13:02:20Z</time><sat>20</sat></trkpt>
  <trkpt lat="30.25789110" lon="120.15991765"><ele>46.697</ele><time>2026-09-16T13:02:23Z</time><sat>21</sat></trkpt>
  <trkpt lat="30.25789126" lon="120.15991752"><ele>46.715</ele><time>2026-09-16T13:02:26Z</time><sat>20</sat></trkpt>
  <trkpt lat="30.25789140" lon="120.15991741"><ele>46.733</ele><time>2026-09-16T13:02:29Z</time><sat>21</sat></trkpt>
  <trkpt lat="30.25789158" lon="120.15991727"><ele>46.756</ele><time>2026-09-16T13:02:32Z</time><sat>23</sat></trkpt>
  <trkpt lat="30.25789174" lon="120.15991715"><ele>46.773</ele><time>2026-09-16T13:02:35Z</time><sat>22</sat></trkpt>
  <trkpt lat="30.25789192" lon="120.15991703"><ele>46.795</ele><time>2026-09-16T13:02:38Z</time><sat>22</sat></trkpt>
  <trkpt lat="30.25789213" lon="120.15991689"><ele>46.822</ele><time>2026-09-16T13:02:41Z</time><sat>23</sat></trkpt>
  <trkpt lat="30.25789236" lon="120.15991675"><ele>46.848</ele><time>2026-09-16T13:02:44Z</time><sat>23</sat></trkpt>
  <trkpt lat="30.25789256" lon="120.15991662"><ele>46.872</ele><time>2026-09-16T13:02:47Z</time><sat>23</sat></trkpt>
  <trkpt lat="30.25789276" lon="120.15991649"><ele>46.898</ele><time>2026-09-16T13:02:50Z</time><sat>23</sat></trkpt>
  <trkpt lat="30.25789297" lon="120.15991635"><ele>46.924</ele><time>2026-09-16T13:02:53Z</time><sat>24</sat></trkpt>
  <trkpt lat="30.25789319" lon="120.15991622"><ele>46.949</ele><time>2026-09-16T13:02:56Z</time><sat>22</sat></trkpt>
  <trkpt lat="30.25789342" lon="120.15991608"><ele>46.979</ele><time>2026-09-16T13:02:59Z</time><sat>21</sat></trkpt>
  <trkpt lat="30.25789362" lon="120.15991594"><ele>47.003</ele><time>2026-09-16T13:03:02Z</time><sat>23</sat></trkpt>
  <trkpt lat="30.25789384" lon="120.15991579"><ele>47.029</ele><time>2026-09-16T13:03:05Z</time><sat>25</sat></trkpt>
  <trkpt lat="30.25789404" lon="120.15991566"><ele>47.056</ele><time>2026-09-16T13:03:08Z</time><sat>22</sat></trkpt>
  <trkpt lat="30.25789424" lon="120.15991554"><ele>47.077</ele><time>2026-09-16T13:03:11Z</time><sat>23</sat></trkpt>
  <trkpt lat="30.25789444" lon="120.15991540"><ele>47.103</ele><time>2026-09-16T13:03:14Z</time><sat>23</sat></trkpt>
  <trkpt lat="30.25789465" lon="120.15991524"><ele>47.128</ele><time>2026-09-16T13:03:17Z</time><sat>22</sat></trkpt>
  <trkpt lat="30.25789486" lon="120.15991510"><ele>47.158</ele><time>2026-09-16T13:03:20Z</time><sat>21</sat></trkpt>
  <trkpt lat="30.25789507" lon="120.15991496"><ele>47.175</ele><time>2026-09-16T13:03:23Z</time><sat>22</sat></trkpt>
  <trkpt lat="30.25789544" lon="120.15991506"><ele>47.178</ele><time>2026-09-16T13:03:26Z</time><sat>25</sat></trkpt>
  <trkpt lat="30.25789586" lon="120.15991528"><ele>47.153</ele><time>2026-09-16T13:03:29Z</time><sat>36</sat></trkpt>
  <trkpt lat="30.25789625" lon="120.15991542"><ele>47.193</ele><time>2026-09-16T13:03:32Z</time><sat>35</sat></trkpt>
  <trkpt lat="30.25789667" lon="120.15991553"><ele>47.220</ele><time>2026-09-16T13:03:35Z</time><sat>35</sat></trkpt>
  <trkpt lat="30.25789704" lon="120.15991567"><ele>47.239</ele><time>2026-09-16T13:03:38Z</time><sat>34</sat></trkpt>
  <trkpt lat="30.25789739" lon="120.15991585"><ele>47.258</ele><time>2026-09-16T13:03:41Z</time><sat>36</sat></trkpt>
  <trkpt lat="30.25789776" lon="120.15991583"><ele>47.271</ele><time>2026-09-16T13:03:44Z</time><sat>33</sat></trkpt>
  <trkpt lat="30.25789799" lon="120.15991568"><ele>47.300</ele><time>2026-09-16T13:03:47Z</time><sat>33</sat></trkpt>
  <trkpt lat="30.25789817" lon="120.15991567"><ele>47.319</ele><time>2026-09-16T13:03:50Z</time><sat>33</sat></trkpt>
  <trkpt lat="30.25789838" lon="120.15991563"><ele>47.341</ele><time>2026-09-16T13:03:53Z</time><sat>27</sat></trkpt>
  <trkpt lat="30.25789966" lon="120.15990469"><ele>47.212</ele><time>2026-09-16T13:03:56Z</time><sat>25</sat></trkpt>
  <trkpt lat="30.25790918" lon="120.15989594"><ele>46.808</ele><time>2026-09-16T13:03:59Z</time><sat>25</sat></trkpt>
  <trkpt lat="30.25790403" lon="120.15988117"><ele>46.940</ele><time>2026-09-16T13:04:02Z</time><sat>25</sat></trkpt>
  <trkpt lat="30.25790393" lon="120.15987971"><ele>46.934</ele><time>2026-09-16T13:04:05Z</time><sat>21</sat></trkpt>
  <trkpt lat="30.25790380" lon="120.15987958"><ele>46.929</ele><time>2026-09-16T13:04:08Z</time><sat>19</sat></trkpt>
  <trkpt lat="30.25789426" lon="120.15988122"><ele>45.760</ele><time>2026-09-16T13:04:11Z</time><sat>20</sat></trkpt>
  <trkpt lat="30.25788912" lon="120.15987602"><ele>46.088</ele><time>2026-09-16T13:04:14Z</time><sat>23</sat></trkpt>
  <trkpt lat="30.25788914" lon="120.15987542"><ele>46.120</ele><time>2026-09-16T13:04:17Z</time><sat>25</sat></trkpt>
  <trkpt lat="30.25788916" lon="120.15987446"><ele>46.151</ele><time>2026-09-16T13:04:20Z</time><sat>24</sat></trkpt>
  <trkpt lat="30.25788927" lon="120.15987443"><ele>46.172</ele><time>2026-09-16T13:04:23Z</time><sat>26</sat></trkpt>
  <trkpt lat="30.25788954" lon="120.15987439"><ele>46.213</ele><time>2026-09-16T13:04:26Z</time><sat>26</sat></trkpt>
  <trkpt lat="30.25788994" lon="120.15987425"><ele>46.261</ele><time>2026-09-16T13:04:29Z</time><sat>23</sat></trkpt>
  <trkpt lat="30.25789038" lon="120.15987405"><ele>46.309</ele><time>2026-09-16T13:04:32Z</time><sat>23</sat></trkpt>
  <trkpt lat="30.25789078" lon="120.15987389"><ele>46.355</ele><time>2026-09-16T13:04:35Z</time><sat>23</sat></trkpt>
  <trkpt lat="30.25789102" lon="120.15987354"><ele>46.387</ele><time>2026-09-16T13:04:38Z</time><sat>22</sat></trkpt>
  <trkpt lat="30.25789115" lon="120.15987288"><ele>46.440</ele><time>2026-09-16T13:04:41Z</time><sat>25</sat></trkpt>
  <trkpt lat="30.25789106" lon="120.15987275"><ele>46.441</ele><time>2026-09-16T13:04:44Z</time><sat>27</sat></trkpt>
  <trkpt lat="30.25789089" lon="120.15987268"><ele>46.445</ele><time>2026-09-16T13:04:47Z</time><sat>26</sat></trkpt>
  <trkpt lat="30.25789118" lon="120.15987253"><ele>46.484</ele><time>2026-09-16T13:04:50Z</time><sat>21</sat></trkpt>
  <trkpt lat="30.25789786" lon="120.15989812"><ele>44.378</ele><time>2026-09-16T13:04:53Z</time><sat>27</sat></trkpt>
  <trkpt lat="30.25789844" lon="120.15989984"><ele>44.383</ele><time>2026-09-16T13:04:56Z</time><sat>29</sat></trkpt>
  <trkpt lat="30.25789899" lon="120.15989915"><ele>44.448</ele><time>2026-09-16T13:04:59Z</time><sat>27</sat></trkpt>
  <trkpt lat="30.25789890" lon="120.15989903"><ele>44.447</ele><time>2026-09-16T13:05:02Z</time><sat>26</sat></trkpt>
  <trkpt lat="30.25789917" lon="120.15989894"><ele>44.484</ele><time>2026-09-16T13:05:05Z</time><sat>26</sat></trkpt>
  <trkpt lat="30.25789947" lon="120.15989881"><ele>44.524</ele><time>2026-09-16T13:05:08Z</time><sat>26</sat></trkpt>
  <trkpt lat="30.25789939" lon="120.15989835"><ele>44.565</ele><time>2026-09-16T13:05:11Z</time><sat>25</sat></trkpt>
  <trkpt lat="30.25789617" lon="120.15989418"><ele>44.958</ele><time>2026-09-16T13:05:14Z</time><sat>25</sat></trkpt>
  <trkpt lat="30.25789138" lon="120.15988329"><ele>45.222</ele><time>2026-09-16T13:05:17Z</time><sat>27</sat></trkpt>
  <trkpt lat="30.25788507" lon="120.15985735"><ele>45.541</ele><time>2026-09-16T13:05:20Z</time><sat>29</sat></trkpt>
  <trkpt lat="30.25788371" lon="120.15985621"><ele>45.415</ele><time>2026-09-16T13:05:23Z</time><sat>32</sat></trkpt>
  <trkpt lat="30.25788147" lon="120.15985985"><ele>45.357</ele><time>2026-09-16T13:05:26Z</time><sat>29</sat></trkpt>
  <trkpt lat="30.25788138" lon="120.15985965"><ele>45.400</ele><time>2026-09-16T13:05:29Z</time><sat>26</sat></trkpt>
  <trkpt lat="30.25788033" lon="120.15985136"><ele>44.838</ele><time>2026-09-16T13:05:34Z</time><sat>22</sat></trkpt>
  <trkpt lat="30.25789075" lon="120.15987935"><ele>44.422</ele><time>2026-09-16T13:05:37Z</time><sat>22</sat></trkpt>
  <trkpt lat="30.25789109" lon="120.15988060"><ele>44.406</ele><time>2026-09-16T13:05:41Z</time><sat>26</sat></trkpt>
  <trkpt lat="30.25789099" lon="120.15988079"><ele>44.393</ele><time>2026-09-16T13:05:44Z</time><sat>28</sat></trkpt>
  <trkpt lat="30.25789096" lon="120.15988088"><ele>44.406</ele><time>2026-09-16T13:05:47Z</time><sat>25</sat></trkpt>
  <trkpt lat="30.25789102" lon="120.15988092"><ele>44.423</ele><time>2026-09-16T13:05:50Z</time><sat>23</sat></trkpt>
  <trkpt lat="30.25789100" lon="120.15988097"><ele>44.433</ele><time>2026-09-16T13:05:53Z</time><sat>24</sat></trkpt>
  <trkpt lat="30.25788198" lon="120.15989204"><ele>44.470</ele><time>2026-09-16T13:05:56Z</time><sat>27</sat></trkpt>
  <trkpt lat="30.25788211" lon="120.15989229"><ele>44.512</ele><time>2026-09-16T13:05:59Z</time><sat>28</sat></trkpt>
  <trkpt lat="30.25788208" lon="120.15989238"><ele>44.514</ele><time>2026-09-16T13:06:02Z</time><sat>26</sat></trkpt>
  <trkpt lat="30.25788221" lon="120.15989245"><ele>44.543</ele><time>2026-09-16T13:06:05Z</time><sat>25</sat></trkpt>
  <trkpt lat="30.25788243" lon="120.15989243"><ele>44.581</ele><time>2026-09-16T13:06:08Z</time><sat>23</sat></trkpt>
  <trkpt lat="30.25788269" lon="120.15989245"><ele>44.587</ele><time>2026-09-16T13:06:11Z</time><sat>25</sat></trkpt>
  <trkpt lat="30.25788293" lon="120.15989241"><ele>44.621</ele><time>2026-09-16T13:06:14Z</time><sat>28</sat></trkpt>
  <trkpt lat="30.25788315" lon="120.15989232"><ele>44.650</ele><time>2026-09-16T13:06:17Z</time><sat>28</sat></trkpt>
  <trkpt lat="30.25788332" lon="120.15989220"><ele>44.672</ele><time>2026-09-16T13:06:20Z</time><sat>26</sat></trkpt>
  <trkpt lat="30.25788351" lon="120.15989206"><ele>44.703</ele><time>2026-09-16T13:06:23Z</time><sat>26</sat></trkpt>
  <trkpt lat="30.25788370" lon="120.15989190"><ele>44.728</ele><time>2026-09-16T13:06:26Z</time><sat>25</sat></trkpt>
  <trkpt lat="30.25788417" lon="120.15989238"><ele>44.726</ele><time>2026-09-16T13:06:29Z</time><sat>26</sat></trkpt>
  <trkpt lat="30.25788441" lon="120.15989246"><ele>44.710</ele><time>2026-09-16T13:06:32Z</time><sat>32</sat></trkpt>
  <trkpt lat="30.25788461" lon="120.15989231"><ele>44.747</ele><time>2026-09-16T13:06:35Z</time><sat>33</sat></trkpt>
  <trkpt lat="30.25788489" lon="120.15989212"><ele>44.799</ele><time>2026-09-16T13:06:38Z</time><sat>32</sat></trkpt>
  <trkpt lat="30.25788213" lon="120.15989235"><ele>44.818</ele><time>2026-09-16T13:06:41Z</time><sat>24</sat></trkpt>
  <trkpt lat="30.25786764" lon="120.15987152"><ele>45.434</ele><time>2026-09-16T13:06:44Z</time><sat>28</sat></trkpt>
  <trkpt lat="30.25785671" lon="120.15985900"><ele>45.872</ele><time>2026-09-16T13:06:47Z</time><sat>35</sat></trkpt>
  <trkpt lat="30.25786003" lon="120.15985181"><ele>46.201</ele><time>2026-09-16T13:06:50Z</time><sat>33</sat></trkpt>
  <trkpt lat="30.25786138" lon="120.15985008"><ele>46.337</ele><time>2026-09-16T13:06:53Z</time><sat>25</sat></trkpt>
  <trkpt lat="30.25786982" lon="120.15984545"><ele>46.715</ele><time>2026-09-16T13:06:56Z</time><sat>24</sat></trkpt>
  <trkpt lat="30.25786953" lon="120.15984325"><ele>46.875</ele><time>2026-09-16T13:06:59Z</time><sat>27</sat></trkpt>
  <trkpt lat="30.25786958" lon="120.15984254"><ele>46.910</ele><time>2026-09-16T13:07:02Z</time><sat>26</sat></trkpt>
  <trkpt lat="30.25787958" lon="120.15985465"><ele>45.931</ele><time>2026-09-16T13:07:05Z</time><sat>24</sat></trkpt>
  <trkpt lat="30.25788411" lon="120.15985942"><ele>46.075</ele><time>2026-09-16T13:07:08Z</time><sat>26</sat></trkpt>
  <trkpt lat="30.25788495" lon="120.15985930"><ele>46.196</ele><time>2026-09-16T13:07:11Z</time><sat>24</sat></trkpt>
  <trkpt lat="30.25788457" lon="120.15984122"><ele>46.497</ele><time>2026-09-16T13:07:14Z</time><sat>25</sat></trkpt>
  <trkpt lat="30.25789905" lon="120.15989058"><ele>43.326</ele><time>2026-09-16T13:07:17Z</time><sat>35</sat></trkpt>
  <trkpt lat="30.25790449" lon="120.15991592"><ele>42.085</ele><time>2026-09-16T13:07:20Z</time><sat>35</sat></trkpt>
  <trkpt lat="30.25790505" lon="120.15991644"><ele>42.065</ele><time>2026-09-16T13:07:23Z</time><sat>34</sat></trkpt>
  <trkpt lat="30.25790569" lon="120.15991674"><ele>42.042</ele><time>2026-09-16T13:07:26Z</time><sat>33</sat></trkpt>
  <trkpt lat="30.25790943" lon="120.15991433"><ele>41.620</ele><time>2026-09-16T13:07:29Z</time><sat>33</sat></trkpt>
  <trkpt lat="30.25790861" lon="120.15991125"><ele>41.803</ele><time>2026-09-16T13:07:32Z</time><sat>36</sat></trkpt>
  <trkpt lat="30.25791094" lon="120.15991133"><ele>41.480</ele><time>2026-09-16T13:07:35Z</time><sat>34</sat></trkpt>
  <trkpt lat="30.25791126" lon="120.15991118"><ele>41.502</ele><time>2026-09-16T13:07:38Z</time><sat>33</sat></trkpt>
  <trkpt lat="30.25790916" lon="120.15991308"><ele>40.871</ele><time>2026-09-16T13:07:41Z</time><sat>32</sat></trkpt>
  <trkpt lat="30.25791053" lon="120.15991629"><ele>40.104</ele><time>2026-09-16T13:07:44Z</time><sat>34</sat></trkpt>
  <trkpt lat="30.25790357" lon="120.15989721"><ele>39.281</ele><time>2026-09-16T13:07:47Z</time><sat>32</sat></trkpt>
  <trkpt lat="30.25789829" lon="120.15991169"><ele>38.777</ele><time>2026-09-16T13:07:50Z</time><sat>32</sat></trkpt>
  <trkpt lat="30.25790024" lon="120.15997517"><ele>37.637</ele><time>2026-09-16T13:07:53Z</time><sat>25</sat></trkpt>
  <trkpt lat="30.25789850" lon="120.16000317"><ele>37.415</ele><time>2026-09-16T13:07:56Z</time><sat>18</sat></trkpt>
  <trkpt lat="30.25788603" lon="120.15999220"><ele>37.446</ele><time>2026-09-16T13:07:59Z</time><sat>11</sat></trkpt>
  <trkpt lat="30.25787821" lon="120.15995591"><ele>37.320</ele><time>2026-09-16T13:08:02Z</time><sat>11</sat></trkpt>
  <trkpt lat="30.25785023" lon="120.16000539"><ele>37.462</ele><time>2026-09-16T13:08:05Z</time><sat>12</sat></trkpt>
  <trkpt lat="30.25783814" lon="120.16003823"><ele>37.699</ele><time>2026-09-16T13:08:08Z</time><sat>12</sat></trkpt>
  <trkpt lat="30.25783609" lon="120.16004099"><ele>37.675</ele><time>2026-09-16T13:08:11Z</time><sat>10</sat></trkpt>
  <trkpt lat="30.25783654" lon="120.16004092"><ele>37.691</ele><time>2026-09-16T13:08:14Z</time><sat>6</sat></trkpt>
  <trkpt lat="30.25783484" lon="120.16003928"><ele>37.501</ele><time>2026-09-16T13:08:17Z</time><sat>4</sat></trkpt>
  <trkpt lat="30.25782927" lon="120.16003502"><ele>37.251</ele><time>2026-09-16T13:08:20Z</time><sat>2</sat></trkpt>
  <trkpt lat="30.25783002" lon="120.16003542"><ele>37.314</ele><time>2026-09-16T13:08:23Z</time><sat>1</sat></trkpt>
  <trkpt lat="30.25783034" lon="120.16003563"><ele>37.314</ele><time>2026-09-16T13:08:26Z</time></trkpt>
  <trkpt lat="30.25783034" lon="120.16003564"><ele>37.314</ele><time>2026-09-16T13:08:29Z</time></trkpt>
  <trkpt lat="30.25783034" lon="120.16003564"><ele>37.314</ele><time>2026-09-16T13:08:32Z</time></trkpt>
  <trkpt lat="30.25783034" lon="120.16003564"><ele>37.314</ele><time>2026-09-16T13:08:35Z</time></trkpt>
  <trkpt lat="30.25783034" lon="120.16003564"><ele>37.314</ele><time>2026-09-16T13:08:38Z</time></trkpt>
  <trkpt lat="30.25783034" lon="120.16003564"><ele>37.314</ele><time>2026-09-16T13:08:41Z</time></trkpt>
  <trkpt lat="30.25783034" lon="120.16003564"><ele>37.314</ele><time>2026-09-16T13:08:44Z</time></trkpt>
  <trkpt lat="30.25772087" lon="120.16032939"><ele>38.532</ele><time>2026-09-16T13:08:47Z</time></trkpt>
  <trkpt lat="30.25783629" lon="120.16024040"><ele>19.576</ele><time>2026-09-16T13:08:50Z</time><sat>24</sat></trkpt>
  <trkpt lat="30.25794551" lon="120.16014644"><ele>7.208</ele><time>2026-09-16T13:08:53Z</time><sat>35</sat></trkpt>
  <trkpt lat="30.25796595" lon="120.16008601"><ele>14.045</ele><time>2026-09-16T13:08:56Z</time><sat>37</sat></trkpt>
  <trkpt lat="30.25796151" lon="120.16005080"><ele>12.428</ele><time>2026-09-16T13:08:59Z</time><sat>37</sat></trkpt>
  <trkpt lat="30.25794941" lon="120.16000681"><ele>16.128</ele><time>2026-09-16T13:09:02Z</time><sat>35</sat></trkpt>
  <trkpt lat="30.25793365" lon="120.15997237"><ele>16.845</ele><time>2026-09-16T13:09:05Z</time><sat>38</sat></trkpt>
  <trkpt lat="30.25792390" lon="120.15993983"><ele>17.506</ele><time>2026-09-16T13:09:08Z</time><sat>38</sat></trkpt>
  <trkpt lat="30.25789664" lon="120.15991830"><ele>11.482</ele><time>2026-09-16T13:09:11Z</time><sat>37</sat></trkpt>
  <trkpt lat="30.25785201" lon="120.15985739"><ele>11.463</ele><time>2026-09-16T13:09:16Z</time><sat>39</sat></trkpt>
  <trkpt lat="30.25781723" lon="120.15983040"><ele>11.675</ele><time>2026-09-16T13:09:19Z</time><sat>38</sat></trkpt>
  <trkpt lat="30.25780667" lon="120.15979870"><ele>9.816</ele><time>2026-09-16T13:09:22Z</time><sat>38</sat></trkpt>
  <trkpt lat="30.25779130" lon="120.15976858"><ele>8.582</ele><time>2026-09-16T13:09:25Z</time><sat>38</sat></trkpt>
  <trkpt lat="30.25779233" lon="120.15973008"><ele>11.154</ele><time>2026-09-16T13:09:28Z</time><sat>38</sat></trkpt>
  <trkpt lat="30.25777512" lon="120.15969430"><ele>11.816</ele><time>2026-09-16T13:09:31Z</time><sat>38</sat></trkpt>
  <trkpt lat="30.25776222" lon="120.15966260"><ele>9.822</ele><time>2026-09-16T13:09:34Z</time><sat>38</sat></trkpt>
  <trkpt lat="30.25773463" lon="120.15964451"><ele>9.641</ele><time>2026-09-16T13:09:37Z</time><sat>38</sat></trkpt>
  <trkpt lat="30.25770045" lon="120.15963706"><ele>10.082</ele><time>2026-09-16T13:09:40Z</time><sat>38</sat></trkpt>
  <trkpt lat="30.25767543" lon="120.15960782"><ele>10.220</ele><time>2026-09-16T13:09:43Z</time><sat>38</sat></trkpt>
  <trkpt lat="30.25766556" lon="120.15957963"><ele>11.090</ele><time>2026-09-16T13:09:46Z</time><sat>36</sat></trkpt>
  <trkpt lat="30.25765229" lon="120.15954850"><ele>10.782</ele><time>2026-09-16T13:09:49Z</time><sat>35</sat></trkpt>
  <trkpt lat="30.25762190" lon="120.15954732"><ele>9.838</ele><time>2026-09-16T13:09:52Z</time><sat>35</sat></trkpt>
  <trkpt lat="30.25759231" lon="120.15953349"><ele>10.715</ele><time>2026-09-16T13:09:55Z</time><sat>33</sat></trkpt>
  <trkpt lat="30.25755811" lon="120.15949216"><ele>9.844</ele><time>2026-09-16T13:09:58Z</time><sat>33</sat></trkpt>
  <trkpt lat="30.25752770" lon="120.15946342"><ele>10.349</ele><time>2026-09-16T13:10:01Z</time><sat>35</sat></trkpt>
  <trkpt lat="30.25748687" lon="120.15945808"><ele>11.220</ele><time>2026-09-16T13:10:04Z</time><sat>34</sat></trkpt>
  <trkpt lat="30.25744207" lon="120.15944309"><ele>10.734</ele><time>2026-09-16T13:10:07Z</time><sat>28</sat></trkpt>
  <trkpt lat="30.25739913" lon="120.15944780"><ele>11.700</ele><time>2026-09-16T13:10:10Z</time><sat>28</sat></trkpt>
  <trkpt lat="30.25736704" lon="120.15945627"><ele>13.216</ele><time>2026-09-16T13:10:13Z</time><sat>30</sat></trkpt>
  <trkpt lat="30.25733452" lon="120.15945620"><ele>14.400</ele><time>2026-09-16T13:10:16Z</time><sat>25</sat></trkpt>
  <trkpt lat="30.25731178" lon="120.15946736"><ele>15.557</ele><time>2026-09-16T13:10:19Z</time><sat>28</sat></trkpt>
  <trkpt lat="30.25729275" lon="120.15947415"><ele>14.544</ele><time>2026-09-16T13:10:22Z</time><sat>25</sat></trkpt>
  <trkpt lat="30.25725012" lon="120.15946653"><ele>15.343</ele><time>2026-09-16T13:10:25Z</time><sat>23</sat></trkpt>
  <trkpt lat="30.25722373" lon="120.15946184"><ele>11.773</ele><time>2026-09-16T13:10:28Z</time><sat>23</sat></trkpt>
  <trkpt lat="30.25719036" lon="120.15946920"><ele>13.538</ele><time>2026-09-16T13:10:31Z</time><sat>26</sat></trkpt>
  <trkpt lat="30.25715271" lon="120.15946075"><ele>14.644</ele><time>2026-09-16T13:10:34Z</time><sat>33</sat></trkpt>
  <trkpt lat="30.25711878" lon="120.15945071"><ele>14.457</ele><time>2026-09-16T13:10:37Z</time><sat>34</sat></trkpt>
  <trkpt lat="30.25708427" lon="120.15946159"><ele>14.525</ele><time>2026-09-16T13:10:40Z</time><sat>33</sat></trkpt>
  <trkpt lat="30.25705244" lon="120.15944942"><ele>12.796</ele><time>2026-09-16T13:10:43Z</time><sat>28</sat></trkpt>
  <trkpt lat="30.25701212" lon="120.15944400"><ele>14.668</ele><time>2026-09-16T13:10:46Z</time><sat>32</sat></trkpt>
  <trkpt lat="30.25697933" lon="120.15944144"><ele>14.903</ele><time>2026-09-16T13:10:49Z</time><sat>35</sat></trkpt>
  <trkpt lat="30.25694720" lon="120.15945058"><ele>16.326</ele><time>2026-09-16T13:10:52Z</time><sat>35</sat></trkpt>
  <trkpt lat="30.25692019" lon="120.15946442"><ele>15.906</ele><time>2026-09-16T13:10:55Z</time><sat>29</sat></trkpt>
  <trkpt lat="30.25689626" lon="120.15947235"><ele>17.161</ele><time>2026-09-16T13:10:58Z</time><sat>22</sat></trkpt>
  <trkpt lat="30.25686464" lon="120.15948318"><ele>17.302</ele><time>2026-09-16T13:11:01Z</time><sat>29</sat></trkpt>
  <trkpt lat="30.25682641" lon="120.15948367"><ele>17.969</ele><time>2026-09-16T13:11:04Z</time><sat>31</sat></trkpt>
  <trkpt lat="30.25679156" lon="120.15948844"><ele>18.468</ele><time>2026-09-16T13:11:07Z</time><sat>34</sat></trkpt>
  <trkpt lat="30.25676812" lon="120.15949940"><ele>16.406</ele><time>2026-09-16T13:11:10Z</time><sat>32</sat></trkpt>
  <trkpt lat="30.25673710" lon="120.15950098"><ele>16.613</ele><time>2026-09-16T13:11:13Z</time><sat>28</sat></trkpt>
  <trkpt lat="30.25670207" lon="120.15949976"><ele>17.124</ele><time>2026-09-16T13:11:16Z</time><sat>28</sat></trkpt>
  <trkpt lat="30.25666551" lon="120.15950053"><ele>17.214</ele><time>2026-09-16T13:11:19Z</time><sat>30</sat></trkpt>
  <trkpt lat="30.25663018" lon="120.15950445"><ele>18.545</ele><time>2026-09-16T13:11:22Z</time><sat>32</sat></trkpt>
  <trkpt lat="30.25659175" lon="120.15954168"><ele>17.482</ele><time>2026-09-16T13:11:25Z</time><sat>27</sat></trkpt>
  <trkpt lat="30.25655330" lon="120.15955314"><ele>16.596</ele><time>2026-09-16T13:11:28Z</time><sat>26</sat></trkpt>
  <trkpt lat="30.25653306" lon="120.15953080"><ele>15.582</ele><time>2026-09-16T13:11:31Z</time><sat>30</sat></trkpt>
  <trkpt lat="30.25651274" lon="120.15951148"><ele>14.421</ele><time>2026-09-16T13:11:34Z</time><sat>31</sat></trkpt>
  <trkpt lat="30.25649673" lon="120.15949781"><ele>16.245</ele><time>2026-09-16T13:11:37Z</time><sat>31</sat></trkpt>
  <trkpt lat="30.25653882" lon="120.15946525"><ele>14.483</ele><time>2026-09-16T13:11:40Z</time><sat>33</sat></trkpt>
  <trkpt lat="30.25651616" lon="120.15942329"><ele>13.677</ele><time>2026-09-16T13:11:43Z</time><sat>33</sat></trkpt>
  <trkpt lat="30.25648600" lon="120.15938405"><ele>13.628</ele><time>2026-09-16T13:11:46Z</time><sat>36</sat></trkpt>
  <trkpt lat="30.25647491" lon="120.15934316"><ele>14.392</ele><time>2026-09-16T13:11:49Z</time><sat>36</sat></trkpt>
  <trkpt lat="30.25647444" lon="120.15929983"><ele>15.207</ele><time>2026-09-16T13:11:52Z</time><sat>37</sat></trkpt>
  <trkpt lat="30.25647734" lon="120.15926104"><ele>15.598</ele><time>2026-09-16T13:11:55Z</time><sat>34</sat></trkpt>
  <trkpt lat="30.25649495" lon="120.15922480"><ele>16.494</ele><time>2026-09-16T13:11:58Z</time><sat>37</sat></trkpt>
  <trkpt lat="30.25648845" lon="120.15918390"><ele>18.963</ele><time>2026-09-16T13:12:01Z</time><sat>38</sat></trkpt>
  <trkpt lat="30.25649228" lon="120.15916287"><ele>19.402</ele><time>2026-09-16T13:12:04Z</time><sat>38</sat></trkpt>
  <trkpt lat="30.25650086" lon="120.15913706"><ele>19.076</ele><time>2026-09-16T13:12:07Z</time><sat>39</sat></trkpt>
  <trkpt lat="30.25649312" lon="120.15910448"><ele>18.645</ele><time>2026-09-16T13:12:10Z</time><sat>39</sat></trkpt>
  <trkpt lat="30.25647276" lon="120.15908415"><ele>18.897</ele><time>2026-09-16T13:12:13Z</time><sat>34</sat></trkpt>
  <trkpt lat="30.25644958" lon="120.15907061"><ele>19.086</ele><time>2026-09-16T13:12:16Z</time><sat>35</sat></trkpt>
  <trkpt lat="30.25642858" lon="120.15905365"><ele>20.699</ele><time>2026-09-16T13:12:19Z</time><sat>31</sat></trkpt>
  <trkpt lat="30.25641606" lon="120.15903105"><ele>22.195</ele><time>2026-09-16T13:12:22Z</time><sat>35</sat></trkpt>
  <trkpt lat="30.25639890" lon="120.15901098"><ele>22.872</ele><time>2026-09-16T13:12:25Z</time><sat>37</sat></trkpt>
  <trkpt lat="30.25638995" lon="120.15898495"><ele>23.224</ele><time>2026-09-16T13:12:28Z</time><sat>39</sat></trkpt>
  <trkpt lat="30.25639937" lon="120.15895555"><ele>23.824</ele><time>2026-09-16T13:12:31Z</time><sat>38</sat></trkpt>
  <trkpt lat="30.25640362" lon="120.15892322"><ele>23.757</ele><time>2026-09-16T13:12:34Z</time><sat>37</sat></trkpt>
  <trkpt lat="30.25639867" lon="120.15888599"><ele>24.166</ele><time>2026-09-16T13:12:37Z</time><sat>37</sat></trkpt>
  <trkpt lat="30.25640205" lon="120.15885019"><ele>23.911</ele><time>2026-09-16T13:12:40Z</time><sat>35</sat></trkpt>
  <trkpt lat="30.25640381" lon="120.15881377"><ele>23.516</ele><time>2026-09-16T13:12:43Z</time><sat>37</sat></trkpt>
  <trkpt lat="30.25641115" lon="120.15877458"><ele>24.620</ele><time>2026-09-16T13:12:46Z</time><sat>33</sat></trkpt>
  <trkpt lat="30.25640614" lon="120.15873585"><ele>25.885</ele><time>2026-09-16T13:12:49Z</time><sat>34</sat></trkpt>
  <trkpt lat="30.25639357" lon="120.15871995"><ele>27.883</ele><time>2026-09-16T13:12:52Z</time><sat>37</sat></trkpt>
  <trkpt lat="30.25636679" lon="120.15864431"><ele>30.995</ele><time>2026-09-16T13:12:57Z</time><sat>39</sat></trkpt>
  <trkpt lat="30.25637600" lon="120.15859620"><ele>31.527</ele><time>2026-09-16T13:13:00Z</time><sat>39</sat></trkpt>
  <trkpt lat="30.25637650" lon="120.15855689"><ele>31.823</ele><time>2026-09-16T13:13:03Z</time><sat>39</sat></trkpt>
  <trkpt lat="30.25638000" lon="120.15850975"><ele>31.374</ele><time>2026-09-16T13:13:07Z</time><sat>39</sat></trkpt>
  <trkpt lat="30.25638742" lon="120.15846606"><ele>32.317</ele><time>2026-09-16T13:13:10Z</time><sat>39</sat></trkpt>
  <trkpt lat="30.25639595" lon="120.15842444"><ele>32.624</ele><time>2026-09-16T13:13:13Z</time><sat>39</sat></trkpt>
  <trkpt lat="30.25640155" lon="120.15838730"><ele>32.034</ele><time>2026-09-16T13:13:16Z</time><sat>39</sat></trkpt>
  <trkpt lat="30.25641435" lon="120.15834455"><ele>30.836</ele><time>2026-09-16T13:13:19Z</time><sat>39</sat></trkpt>
  <trkpt lat="30.25643316" lon="120.15830762"><ele>28.229</ele><time>2026-09-16T13:13:22Z</time><sat>39</sat></trkpt>
  <trkpt lat="30.25645737" lon="120.15828801"><ele>27.258</ele><time>2026-09-16T13:13:25Z</time><sat>39</sat></trkpt>
  <trkpt lat="30.25649548" lon="120.15828786"><ele>25.846</ele><time>2026-09-16T13:13:28Z</time><sat>39</sat></trkpt>
  <trkpt lat="30.25653720" lon="120.15828355"><ele>28.084</ele><time>2026-09-16T13:13:31Z</time><sat>38</sat></trkpt>
  <trkpt lat="30.25655309" lon="120.15826893"><ele>28.808</ele><time>2026-09-16T13:13:34Z</time><sat>38</sat></trkpt>
  <trkpt lat="30.25657556" lon="120.15826051"><ele>32.517</ele><time>2026-09-16T13:13:37Z</time><sat>37</sat></trkpt>
  <trkpt lat="30.25660373" lon="120.15825717"><ele>35.105</ele><time>2026-09-16T13:13:40Z</time><sat>38</sat></trkpt>
  <trkpt lat="30.25663620" lon="120.15825067"><ele>36.905</ele><time>2026-09-16T13:13:43Z</time><sat>38</sat></trkpt>
  <trkpt lat="30.25667375" lon="120.15825264"><ele>34.528</ele><time>2026-09-16T13:13:46Z</time><sat>37</sat></trkpt>
  <trkpt lat="30.25671194" lon="120.15824876"><ele>32.986</ele><time>2026-09-16T13:13:49Z</time><sat>37</sat></trkpt>
  <trkpt lat="30.25674402" lon="120.15823812"><ele>32.678</ele><time>2026-09-16T13:13:52Z</time><sat>38</sat></trkpt>
  <trkpt lat="30.25677844" lon="120.15823246"><ele>32.345</ele><time>2026-09-16T13:13:55Z</time><sat>38</sat></trkpt>
  <trkpt lat="30.25682249" lon="120.15823589"><ele>27.686</ele><time>2026-09-16T13:13:58Z</time><sat>36</sat></trkpt>
  <trkpt lat="30.25686291" lon="120.15824000"><ele>27.078</ele><time>2026-09-16T13:14:01Z</time><sat>38</sat></trkpt>
  <trkpt lat="30.25690239" lon="120.15823917"><ele>26.250</ele><time>2026-09-16T13:14:04Z</time><sat>38</sat></trkpt>
  <trkpt lat="30.25693905" lon="120.15824104"><ele>24.518</ele><time>2026-09-16T13:14:07Z</time><sat>37</sat></trkpt>
  <trkpt lat="30.25697222" lon="120.15823029"><ele>23.714</ele><time>2026-09-16T13:14:10Z</time><sat>36</sat></trkpt>
  <trkpt lat="30.25700017" lon="120.15821796"><ele>24.812</ele><time>2026-09-16T13:14:13Z</time><sat>35</sat></trkpt>
  <trkpt lat="30.25703274" lon="120.15822093"><ele>26.040</ele><time>2026-09-16T13:14:16Z</time><sat>37</sat></trkpt>
  <trkpt lat="30.25706636" lon="120.15821226"><ele>25.751</ele><time>2026-09-16T13:14:19Z</time><sat>37</sat></trkpt>
  <trkpt lat="30.25710052" lon="120.15820155"><ele>26.488</ele><time>2026-09-16T13:14:22Z</time><sat>35</sat></trkpt>
  <trkpt lat="30.25713619" lon="120.15819502"><ele>26.166</ele><time>2026-09-16T13:14:25Z</time><sat>35</sat></trkpt>
  <trkpt lat="30.25717489" lon="120.15818857"><ele>26.139</ele><time>2026-09-16T13:14:28Z</time><sat>37</sat></trkpt>
  <trkpt lat="30.25721016" lon="120.15817835"><ele>27.798</ele><time>2026-09-16T13:14:31Z</time><sat>37</sat></trkpt>
  <trkpt lat="30.25724887" lon="120.15817162"><ele>28.496</ele><time>2026-09-16T13:14:34Z</time><sat>36</sat></trkpt>
  <trkpt lat="30.25728047" lon="120.15815236"><ele>29.977</ele><time>2026-09-16T13:14:37Z</time><sat>37</sat></trkpt>
  <trkpt lat="30.25731937" lon="120.15813700"><ele>28.439</ele><time>2026-09-16T13:14:40Z</time><sat>37</sat></trkpt>
  <trkpt lat="30.25735430" lon="120.15811751"><ele>28.360</ele><time>2026-09-16T13:14:43Z</time><sat>37</sat></trkpt>
  <trkpt lat="30.25738754" lon="120.15809991"><ele>27.805</ele><time>2026-09-16T13:14:46Z</time><sat>37</sat></trkpt>
  <trkpt lat="30.25741775" lon="120.15807788"><ele>26.196</ele><time>2026-09-16T13:14:49Z</time><sat>35</sat></trkpt>
  <trkpt lat="30.25744827" lon="120.15805867"><ele>26.008</ele><time>2026-09-16T13:14:52Z</time><sat>35</sat></trkpt>
  <trkpt lat="30.25748559" lon="120.15805519"><ele>26.080</ele><time>2026-09-16T13:14:55Z</time><sat>37</sat></trkpt>
  <trkpt lat="30.25752501" lon="120.15804456"><ele>23.950</ele><time>2026-09-16T13:14:58Z</time><sat>36</sat></trkpt>
  <trkpt lat="30.25756020" lon="120.15803093"><ele>21.447</ele><time>2026-09-16T13:15:01Z</time><sat>34</sat></trkpt>
  <trkpt lat="30.25759313" lon="120.15801913"><ele>19.484</ele><time>2026-09-16T13:15:04Z</time><sat>34</sat></trkpt>
  <trkpt lat="30.25763000" lon="120.15800799"><ele>18.653</ele><time>2026-09-16T13:15:07Z</time><sat>33</sat></trkpt>
  <trkpt lat="30.25766146" lon="120.15797937"><ele>16.676</ele><time>2026-09-16T13:15:10Z</time><sat>35</sat></trkpt>
  <trkpt lat="30.25768394" lon="120.15795488"><ele>15.941</ele><time>2026-09-16T13:15:13Z</time><sat>35</sat></trkpt>
  <trkpt lat="30.25769937" lon="120.15792506"><ele>15.720</ele><time>2026-09-16T13:15:16Z</time><sat>36</sat></trkpt>
  <trkpt lat="30.25772211" lon="120.15790052"><ele>14.745</ele><time>2026-09-16T13:15:19Z</time><sat>36</sat></trkpt>
  <trkpt lat="30.25773920" lon="120.15788089"><ele>14.032</ele><time>2026-09-16T13:15:22Z</time><sat>36</sat></trkpt>
  <trkpt lat="30.25777288" lon="120.15787623"><ele>14.698</ele><time>2026-09-16T13:15:25Z</time><sat>37</sat></trkpt>
  <trkpt lat="30.25779625" lon="120.15785358"><ele>16.560</ele><time>2026-09-16T13:15:28Z</time><sat>38</sat></trkpt>
  <trkpt lat="30.25780634" lon="120.15782188"><ele>17.295</ele><time>2026-09-16T13:15:31Z</time><sat>37</sat></trkpt>
  <trkpt lat="30.25778943" lon="120.15778497"><ele>18.013</ele><time>2026-09-16T13:15:34Z</time><sat>36</sat></trkpt>
  <trkpt lat="30.25775520" lon="120.15775932"><ele>18.044</ele><time>2026-09-16T13:15:37Z</time><sat>37</sat></trkpt>
  <trkpt lat="30.25777471" lon="120.15774897"><ele>20.390</ele><time>2026-09-16T13:15:40Z</time><sat>38</sat></trkpt>
  <trkpt lat="30.25779174" lon="120.15774022"><ele>22.884</ele><time>2026-09-16T13:15:43Z</time><sat>38</sat></trkpt>
  <trkpt lat="30.25779904" lon="120.15774343"><ele>22.760</ele><time>2026-09-16T13:15:46Z</time><sat>36</sat></trkpt>
  <trkpt lat="30.25781223" lon="120.15774607"><ele>23.192</ele><time>2026-09-16T13:15:49Z</time><sat>34</sat></trkpt>
  <trkpt lat="30.25779394" lon="120.15774753"><ele>23.018</ele><time>2026-09-16T13:15:52Z</time><sat>35</sat></trkpt>
  <trkpt lat="30.25778447" lon="120.15773963"><ele>21.730</ele><time>2026-09-16T13:15:55Z</time><sat>33</sat></trkpt>
  <trkpt lat="30.25778990" lon="120.15773686"><ele>21.225</ele><time>2026-09-16T13:15:58Z</time><sat>30</sat></trkpt>
  <trkpt lat="30.25778559" lon="120.15772521"><ele>22.133</ele><time>2026-09-16T13:16:01Z</time><sat>29</sat></trkpt>
  <trkpt lat="30.25778780" lon="120.15771994"><ele>22.142</ele><time>2026-09-16T13:16:04Z</time><sat>33</sat></trkpt>
  <trkpt lat="30.25778765" lon="120.15771966"><ele>22.161</ele><time>2026-09-16T13:16:07Z</time><sat>33</sat></trkpt>
  <trkpt lat="30.25778750" lon="120.15771953"><ele>22.167</ele><time>2026-09-16T13:16:10Z</time><sat>32</sat></trkpt>
  <trkpt lat="30.25778731" lon="120.15771937"><ele>22.176</ele><time>2026-09-16T13:16:13Z</time><sat>33</sat></trkpt>
  <trkpt lat="30.25776362" lon="120.15773162"><ele>20.549</ele><time>2026-09-16T13:16:16Z</time><sat>34</sat></trkpt>
  <trkpt lat="30.25776034" lon="120.15773379"><ele>20.574</ele><time>2026-09-16T13:16:19Z</time><sat>35</sat></trkpt>
  <trkpt lat="30.25776074" lon="120.15773384"><ele>20.602</ele><time>2026-09-16T13:16:22Z</time><sat>35</sat></trkpt>
  <trkpt lat="30.25776332" lon="120.15773628"><ele>20.784</ele><time>2026-09-16T13:16:25Z</time><sat>33</sat></trkpt>
  <trkpt lat="30.25776868" lon="120.15774443"><ele>20.205</ele><time>2026-09-16T13:16:28Z</time><sat>33</sat></trkpt>
  <trkpt lat="30.25777545" lon="120.15774141"><ele>20.243</ele><time>2026-09-16T13:16:31Z</time><sat>34</sat></trkpt>
  <trkpt lat="30.25777679" lon="120.15773574"><ele>20.367</ele><time>2026-09-16T13:16:34Z</time><sat>35</sat></trkpt>
  <trkpt lat="30.25777973" lon="120.15772756"><ele>20.760</ele><time>2026-09-16T13:16:37Z</time><sat>34</sat></trkpt>
  <trkpt lat="30.25777995" lon="120.15772737"><ele>20.763</ele><time>2026-09-16T13:16:40Z</time><sat>36</sat></trkpt>
  <trkpt lat="30.25778404" lon="120.15771983"><ele>21.767</ele><time>2026-09-16T13:16:43Z</time><sat>36</sat></trkpt>
  <trkpt lat="30.25779051" lon="120.15770828"><ele>21.607</ele><time>2026-09-16T13:16:46Z</time><sat>30</sat></trkpt>
  <trkpt lat="30.25779296" lon="120.15770813"><ele>21.677</ele><time>2026-09-16T13:16:49Z</time><sat>33</sat></trkpt>
  <trkpt lat="30.25779816" lon="120.15770085"><ele>21.650</ele><time>2026-09-16T13:16:52Z</time><sat>34</sat></trkpt>
  <trkpt lat="30.25781404" lon="120.15764686"><ele>22.395</ele><time>2026-09-16T13:16:55Z</time><sat>34</sat></trkpt>
  <trkpt lat="30.25782193" lon="120.15758649"><ele>23.106</ele><time>2026-09-16T13:16:58Z</time><sat>34</sat></trkpt>
  <trkpt lat="30.25781180" lon="120.15755888"><ele>23.629</ele><time>2026-09-16T13:17:01Z</time><sat>33</sat></trkpt>
  <trkpt lat="30.25780750" lon="120.15752717"><ele>23.305</ele><time>2026-09-16T13:17:04Z</time><sat>33</sat></trkpt>
  <trkpt lat="30.25780640" lon="120.15746730"><ele>23.090</ele><time>2026-09-16T13:17:07Z</time><sat>34</sat></trkpt>
  <trkpt lat="30.25778548" lon="120.15737240"><ele>26.531</ele><time>2026-09-16T13:17:10Z</time><sat>31</sat></trkpt>
  <trkpt lat="30.25778787" lon="120.15726467"><ele>27.123</ele><time>2026-09-16T13:17:13Z</time><sat>34</sat></trkpt>
  <trkpt lat="30.25779293" lon="120.15717130"><ele>27.884</ele><time>2026-09-16T13:17:16Z</time><sat>31</sat></trkpt>
  <trkpt lat="30.25781509" lon="120.15710812"><ele>27.170</ele><time>2026-09-16T13:17:19Z</time><sat>35</sat></trkpt>
  <trkpt lat="30.25789024" lon="120.15708081"><ele>29.798</ele><time>2026-09-16T13:17:22Z</time><sat>35</sat></trkpt>
  <trkpt lat="30.25797822" lon="120.15707671"><ele>33.207</ele><time>2026-09-16T13:17:25Z</time><sat>36</sat></trkpt>
  <trkpt lat="30.25808730" lon="120.15708518"><ele>31.780</ele><time>2026-09-16T13:17:28Z</time><sat>37</sat></trkpt>
  <trkpt lat="30.25817838" lon="120.15709147"><ele>28.538</ele><time>2026-09-16T13:17:31Z</time><sat>36</sat></trkpt>
  <trkpt lat="30.25827181" lon="120.15708240"><ele>26.990</ele><time>2026-09-16T13:17:34Z</time><sat>35</sat></trkpt>
  <trkpt lat="30.25837970" lon="120.15707939"><ele>24.345</ele><time>2026-09-16T13:17:37Z</time><sat>35</sat></trkpt>
  <trkpt lat="30.25849529" lon="120.15708394"><ele>22.945</ele><time>2026-09-16T13:17:40Z</time><sat>36</sat></trkpt>
  <trkpt lat="30.25861028" lon="120.15706879"><ele>22.623</ele><time>2026-09-16T13:17:43Z</time><sat>36</sat></trkpt>
  <trkpt lat="30.25872842" lon="120.15706347"><ele>22.014</ele><time>2026-09-16T13:17:46Z</time><sat>37</sat></trkpt>
  <trkpt lat="30.25885723" lon="120.15705916"><ele>23.185</ele><time>2026-09-16T13:17:49Z</time><sat>37</sat></trkpt>
  <trkpt lat="30.25899114" lon="120.15705305"><ele>23.049</ele><time>2026-09-16T13:17:52Z</time><sat>36</sat></trkpt>
  <trkpt lat="30.25911346" lon="120.15703994"><ele>24.009</ele><time>2026-09-16T13:17:55Z</time><sat>34</sat></trkpt>
  <trkpt lat="30.25922246" lon="120.15708168"><ele>21.781</ele><time>2026-09-16T13:17:58Z</time><sat>35</sat></trkpt>
  <trkpt lat="30.25926282" lon="120.15720928"><ele>20.651</ele><time>2026-09-16T13:18:01Z</time><sat>37</sat></trkpt>
  <trkpt lat="30.25927550" lon="120.15732809"><ele>21.330</ele><time>2026-09-16T13:18:04Z</time><sat>37</sat></trkpt>
  <trkpt lat="30.25926183" lon="120.15741297"><ele>20.550</ele><time>2026-09-16T13:18:07Z</time><sat>35</sat></trkpt>
  <trkpt lat="30.25924573" lon="120.15750718"><ele>19.470</ele><time>2026-09-16T13:18:10Z</time><sat>37</sat></trkpt>
  <trkpt lat="30.25923997" lon="120.15762492"><ele>20.019</ele><time>2026-09-16T13:18:13Z</time><sat>36</sat></trkpt>
  <trkpt lat="30.25924874" lon="120.15772667"><ele>20.077</ele><time>2026-09-16T13:18:16Z</time><sat>36</sat></trkpt>
  <trkpt lat="30.25924236" lon="120.15781884"><ele>19.724</ele><time>2026-09-16T13:18:19Z</time><sat>37</sat></trkpt>
  <trkpt lat="30.25925540" lon="120.15788136"><ele>18.318</ele><time>2026-09-16T13:18:22Z</time><sat>38</sat></trkpt>
  <trkpt lat="30.25932440" lon="120.15788768"><ele>17.108</ele><time>2026-09-16T13:18:25Z</time><sat>37</sat></trkpt>
  <trkpt lat="30.25941449" lon="120.15785321"><ele>16.154</ele><time>2026-09-16T13:18:28Z</time><sat>36</sat></trkpt>
  <trkpt lat="30.25951829" lon="120.15781277"><ele>15.550</ele><time>2026-09-16T13:18:31Z</time><sat>36</sat></trkpt>
  <trkpt lat="30.25963319" lon="120.15776177"><ele>16.746</ele><time>2026-09-16T13:18:34Z</time><sat>36</sat></trkpt>
  <trkpt lat="30.25974870" lon="120.15769971"><ele>16.463</ele><time>2026-09-16T13:18:37Z</time><sat>37</sat></trkpt>
  <trkpt lat="30.25986509" lon="120.15763183"><ele>15.659</ele><time>2026-09-16T13:18:40Z</time><sat>39</sat></trkpt>
  <trkpt lat="30.25999554" lon="120.15755507"><ele>16.522</ele><time>2026-09-16T13:18:43Z</time><sat>39</sat></trkpt>
  <trkpt lat="30.26011038" lon="120.15746726"><ele>16.031</ele><time>2026-09-16T13:18:46Z</time><sat>38</sat></trkpt>
  <trkpt lat="30.26022975" lon="120.15740489"><ele>15.434</ele><time>2026-09-16T13:18:49Z</time><sat>39</sat></trkpt>
  <trkpt lat="30.26033284" lon="120.15733592"><ele>16.091</ele><time>2026-09-16T13:18:52Z</time><sat>39</sat></trkpt>
  <trkpt lat="30.26041440" lon="120.15728754"><ele>16.415</ele><time>2026-09-16T13:18:55Z</time><sat>39</sat></trkpt>
  <trkpt lat="30.26045697" lon="120.15729838"><ele>16.871</ele><time>2026-09-16T13:18:58Z</time><sat>39</sat></trkpt>
  <trkpt lat="30.26050606" lon="120.15734799"><ele>17.158</ele><time>2026-09-16T13:19:01Z</time><sat>38</sat></trkpt>
  <trkpt lat="30.26051546" lon="120.15742863"><ele>16.035</ele><time>2026-09-16T13:19:04Z</time><sat>39</sat></trkpt>
  <trkpt lat="30.26049654" lon="120.15752653"><ele>15.979</ele><time>2026-09-16T13:19:07Z</time><sat>38</sat></trkpt>
  <trkpt lat="30.26048308" lon="120.15762646"><ele>14.870</ele><time>2026-09-16T13:19:10Z</time><sat>36</sat></trkpt>
  <trkpt lat="30.26048102" lon="120.15773604"><ele>15.335</ele><time>2026-09-16T13:19:13Z</time><sat>36</sat></trkpt>
  <trkpt lat="30.26047866" lon="120.15786074"><ele>16.416</ele><time>2026-09-16T13:19:16Z</time><sat>36</sat></trkpt>
  <trkpt lat="30.26046920" lon="120.15799606"><ele>17.493</ele><time>2026-09-16T13:19:19Z</time><sat>34</sat></trkpt>
  <trkpt lat="30.26047359" lon="120.15812653"><ele>16.926</ele><time>2026-09-16T13:19:22Z</time><sat>36</sat></trkpt>
  <trkpt lat="30.26048916" lon="120.15826221"><ele>17.169</ele><time>2026-09-16T13:19:25Z</time><sat>38</sat></trkpt>
  <trkpt lat="30.26050701" lon="120.15839595"><ele>17.237</ele><time>2026-09-16T13:19:28Z</time><sat>37</sat></trkpt>
  <trkpt lat="30.26052022" lon="120.15852648"><ele>17.038</ele><time>2026-09-16T13:19:31Z</time><sat>38</sat></trkpt>
  <trkpt lat="30.26052822" lon="120.15865931"><ele>16.572</ele><time>2026-09-16T13:19:34Z</time><sat>35</sat></trkpt>
  <trkpt lat="30.26053264" lon="120.15879399"><ele>16.785</ele><time>2026-09-16T13:19:37Z</time><sat>33</sat></trkpt>
  <trkpt lat="30.26053603" lon="120.15891848"><ele>17.202</ele><time>2026-09-16T13:19:40Z</time><sat>34</sat></trkpt>
  <trkpt lat="30.26054821" lon="120.15900148"><ele>16.836</ele><time>2026-09-16T13:19:43Z</time><sat>38</sat></trkpt>
  <trkpt lat="30.26055200" lon="120.15906405"><ele>18.505</ele><time>2026-09-16T13:19:46Z</time><sat>37</sat></trkpt>
  <trkpt lat="30.26053065" lon="120.15908941"><ele>19.789</ele><time>2026-09-16T13:19:49Z</time><sat>37</sat></trkpt>
  <trkpt lat="30.26047822" lon="120.15909146"><ele>15.354</ele><time>2026-09-16T13:19:52Z</time><sat>37</sat></trkpt>
  <trkpt lat="30.26037658" lon="120.15908535"><ele>14.622</ele><time>2026-09-16T13:19:55Z</time><sat>39</sat></trkpt>
  <trkpt lat="30.26027211" lon="120.15908554"><ele>13.445</ele><time>2026-09-16T13:19:58Z</time><sat>38</sat></trkpt>
  <trkpt lat="30.26015082" lon="120.15908528"><ele>14.270</ele><time>2026-09-16T13:20:01Z</time><sat>37</sat></trkpt>
  <trkpt lat="30.25999768" lon="120.15910473"><ele>18.982</ele><time>2026-09-16T13:20:04Z</time><sat>37</sat></trkpt>
  <trkpt lat="30.25986929" lon="120.15912712"><ele>19.559</ele><time>2026-09-16T13:20:07Z</time><sat>37</sat></trkpt>
  <trkpt lat="30.25975946" lon="120.15913535"><ele>20.370</ele><time>2026-09-16T13:20:10Z</time><sat>37</sat></trkpt>
  <trkpt lat="30.25967351" lon="120.15913277"><ele>20.046</ele><time>2026-09-16T13:20:13Z</time><sat>37</sat></trkpt>
  <trkpt lat="30.25957847" lon="120.15913687"><ele>18.631</ele><time>2026-09-16T13:20:16Z</time><sat>35</sat></trkpt>
  <trkpt lat="30.25951403" lon="120.15913751"><ele>17.324</ele><time>2026-09-16T13:20:19Z</time><sat>35</sat></trkpt>
  <trkpt lat="30.25949563" lon="120.15915114"><ele>18.931</ele><time>2026-09-16T13:20:22Z</time><sat>36</sat></trkpt>
  <trkpt lat="30.25948209" lon="120.15915895"><ele>20.433</ele><time>2026-09-16T13:20:25Z</time><sat>36</sat></trkpt>
  <trkpt lat="30.25946470" lon="120.15916589"><ele>20.752</ele><time>2026-09-16T13:20:28Z</time><sat>36</sat></trkpt>
  <trkpt lat="30.25944621" lon="120.15917094"><ele>21.395</ele><time>2026-09-16T13:20:31Z</time><sat>37</sat></trkpt>
  <trkpt lat="30.25942548" lon="120.15917812"><ele>21.386</ele><time>2026-09-16T13:20:34Z</time><sat>38</sat></trkpt>
  <trkpt lat="30.25938509" lon="120.15919271"><ele>21.748</ele><time>2026-09-16T13:20:37Z</time><sat>37</sat></trkpt>
  <trkpt lat="30.25932516" lon="120.15921183"><ele>23.168</ele><time>2026-09-16T13:20:40Z</time><sat>36</sat></trkpt>
  <trkpt lat="30.25927323" lon="120.15922308"><ele>23.879</ele><time>2026-09-16T13:20:43Z</time><sat>37</sat></trkpt>
  <trkpt lat="30.25923007" lon="120.15921103"><ele>21.940</ele><time>2026-09-16T13:20:46Z</time><sat>37</sat></trkpt>
  <trkpt lat="30.25919171" lon="120.15921611"><ele>21.519</ele><time>2026-09-16T13:20:49Z</time><sat>36</sat></trkpt>
  <trkpt lat="30.25912856" lon="120.15922884"><ele>20.637</ele><time>2026-09-16T13:20:52Z</time><sat>36</sat></trkpt>
  <trkpt lat="30.25904482" lon="120.15922362"><ele>18.527</ele><time>2026-09-16T13:20:55Z</time><sat>36</sat></trkpt>
  <trkpt lat="30.25894527" lon="120.15922622"><ele>19.053</ele><time>2026-09-16T13:20:58Z</time><sat>36</sat></trkpt>
  <trkpt lat="30.25884674" lon="120.15924759"><ele>18.827</ele><time>2026-09-16T13:21:01Z</time><sat>34</sat></trkpt>
  <trkpt lat="30.25873520" lon="120.15924924"><ele>18.798</ele><time>2026-09-16T13:21:04Z</time><sat>35</sat></trkpt>
  <trkpt lat="30.25862691" lon="120.15925493"><ele>18.817</ele><time>2026-09-16T13:21:07Z</time><sat>35</sat></trkpt>
  <trkpt lat="30.25851940" lon="120.15925601"><ele>19.330</ele><time>2026-09-16T13:21:10Z</time><sat>35</sat></trkpt>
  <trkpt lat="30.25841177" lon="120.15925537"><ele>20.179</ele><time>2026-09-16T13:21:13Z</time><sat>34</sat></trkpt>
  <trkpt lat="30.25830674" lon="120.15925541"><ele>20.625</ele><time>2026-09-16T13:21:16Z</time><sat>35</sat></trkpt>
  <trkpt lat="30.25820512" lon="120.15926172"><ele>21.486</ele><time>2026-09-16T13:21:19Z</time><sat>34</sat></trkpt>
  <trkpt lat="30.25812482" lon="120.15926459"><ele>20.667</ele><time>2026-09-16T13:21:22Z</time><sat>34</sat></trkpt>
  <trkpt lat="30.25805044" lon="120.15926251"><ele>20.752</ele><time>2026-09-16T13:21:25Z</time><sat>34</sat></trkpt>
  <trkpt lat="30.25800187" lon="120.15925373"><ele>20.331</ele><time>2026-09-16T13:21:28Z</time><sat>32</sat></trkpt>
  <trkpt lat="30.25801048" lon="120.15926721"><ele>19.957</ele><time>2026-09-16T13:21:31Z</time><sat>35</sat></trkpt>
  <trkpt lat="30.25801044" lon="120.15926577"><ele>19.791</ele><time>2026-09-16T13:21:34Z</time><sat>34</sat></trkpt>
  <trkpt lat="30.25799185" lon="120.15926127"><ele>20.275</ele><time>2026-09-16T13:21:37Z</time><sat>36</sat></trkpt>
  <trkpt lat="30.25794212" lon="120.15926391"><ele>19.728</ele><time>2026-09-16T13:21:40Z</time><sat>36</sat></trkpt>
  <trkpt lat="30.25788214" lon="120.15924557"><ele>19.077</ele><time>2026-09-16T13:21:43Z</time><sat>37</sat></trkpt>
  <trkpt lat="30.25781005" lon="120.15923755"><ele>18.920</ele><time>2026-09-16T13:21:46Z</time><sat>38</sat></trkpt>
  <trkpt lat="30.25776358" lon="120.15921781"><ele>19.081</ele><time>2026-09-16T13:21:49Z</time><sat>37</sat></trkpt>
  <trkpt lat="30.25774669" lon="120.15920779"><ele>19.290</ele><time>2026-09-16T13:21:52Z</time><sat>37</sat></trkpt>
  <trkpt lat="30.25770775" lon="120.15920479"><ele>19.703</ele><time>2026-09-16T13:21:55Z</time><sat>37</sat></trkpt>
  <trkpt lat="30.25766588" lon="120.15920232"><ele>20.028</ele><time>2026-09-16T13:21:58Z</time><sat>34</sat></trkpt>
  <trkpt lat="30.25760539" lon="120.15919927"><ele>19.429</ele><time>2026-09-16T13:22:01Z</time><sat>35</sat></trkpt>
  <trkpt lat="30.25755526" lon="120.15920199"><ele>18.784</ele><time>2026-09-16T13:22:04Z</time><sat>34</sat></trkpt>
  <trkpt lat="30.25749804" lon="120.15920052"><ele>17.703</ele><time>2026-09-16T13:22:07Z</time><sat>34</sat></trkpt>
  <trkpt lat="30.25742205" lon="120.15920193"><ele>16.887</ele><time>2026-09-16T13:22:10Z</time><sat>37</sat></trkpt>
  <trkpt lat="30.25733043" lon="120.15920770"><ele>17.078</ele><time>2026-09-16T13:22:13Z</time><sat>38</sat></trkpt>
  <trkpt lat="30.25723099" lon="120.15921222"><ele>16.276</ele><time>2026-09-16T13:22:16Z</time><sat>35</sat></trkpt>
  <trkpt lat="30.25713498" lon="120.15921801"><ele>17.401</ele><time>2026-09-16T13:22:19Z</time><sat>34</sat></trkpt>
  <trkpt lat="30.25703665" lon="120.15922256"><ele>17.352</ele><time>2026-09-16T13:22:22Z</time><sat>37</sat></trkpt>
  <trkpt lat="30.25694514" lon="120.15922126"><ele>17.879</ele><time>2026-09-16T13:22:25Z</time><sat>37</sat></trkpt>
  <trkpt lat="30.25682744" lon="120.15923243"><ele>18.811</ele><time>2026-09-16T13:22:28Z</time><sat>34</sat></trkpt>
  <trkpt lat="30.25673805" lon="120.15924485"><ele>20.333</ele><time>2026-09-16T13:22:31Z</time><sat>34</sat></trkpt>
  <trkpt lat="30.25667158" lon="120.15925302"><ele>21.537</ele><time>2026-09-16T13:22:34Z</time><sat>36</sat></trkpt>
  <trkpt lat="30.25659502" lon="120.15925017"><ele>19.372</ele><time>2026-09-16T13:22:37Z</time><sat>35</sat></trkpt>
  <trkpt lat="30.25654222" lon="120.15925114"><ele>20.203</ele><time>2026-09-16T13:22:40Z</time><sat>34</sat></trkpt>
  <trkpt lat="30.25649263" lon="120.15926092"><ele>20.943</ele><time>2026-09-16T13:22:43Z</time><sat>37</sat></trkpt>
  <trkpt lat="30.25643620" lon="120.15926747"><ele>21.454</ele><time>2026-09-16T13:22:46Z</time><sat>39</sat></trkpt>
  <trkpt lat="30.25637345" lon="120.15926942"><ele>20.705</ele><time>2026-09-16T13:22:49Z</time><sat>37</sat></trkpt>
  <trkpt lat="30.25630058" lon="120.15927469"><ele>19.900</ele><time>2026-09-16T13:22:52Z</time><sat>38</sat></trkpt>
  <trkpt lat="30.25623000" lon="120.15929235"><ele>19.139</ele><time>2026-09-16T13:22:55Z</time><sat>38</sat></trkpt>
  <trkpt lat="30.25614891" lon="120.15930878"><ele>18.413</ele><time>2026-09-16T13:22:58Z</time><sat>37</sat></trkpt>
  <trkpt lat="30.25607785" lon="120.15930137"><ele>18.741</ele><time>2026-09-16T13:23:01Z</time><sat>38</sat></trkpt>
  <trkpt lat="30.25601428" lon="120.15928912"><ele>16.829</ele><time>2026-09-16T13:23:04Z</time><sat>37</sat></trkpt>
  <trkpt lat="30.25594993" lon="120.15928402"><ele>16.899</ele><time>2026-09-16T13:23:07Z</time><sat>35</sat></trkpt>
  <trkpt lat="30.25588801" lon="120.15927547"><ele>16.564</ele><time>2026-09-16T13:23:10Z</time><sat>35</sat></trkpt>
  <trkpt lat="30.25580098" lon="120.15926778"><ele>17.192</ele><time>2026-09-16T13:23:13Z</time><sat>35</sat></trkpt>
  <trkpt lat="30.25572810" lon="120.15926848"><ele>15.908</ele><time>2026-09-16T13:23:16Z</time><sat>36</sat></trkpt>
  <trkpt lat="30.25566236" lon="120.15927918"><ele>16.550</ele><time>2026-09-16T13:23:19Z</time><sat>33</sat></trkpt>
  <trkpt lat="30.25558736" lon="120.15927904"><ele>15.700</ele><time>2026-09-16T13:23:22Z</time><sat>36</sat></trkpt>
  <trkpt lat="30.25552363" lon="120.15929358"><ele>15.473</ele><time>2026-09-16T13:23:25Z</time><sat>37</sat></trkpt>
  <trkpt lat="30.25546356" lon="120.15929772"><ele>14.047</ele><time>2026-09-16T13:23:28Z</time><sat>37</sat></trkpt>
  <trkpt lat="30.25540263" lon="120.15931290"><ele>13.921</ele><time>2026-09-16T13:23:31Z</time><sat>34</sat></trkpt>
  <trkpt lat="30.25534444" lon="120.15932699"><ele>13.573</ele><time>2026-09-16T13:23:34Z</time><sat>31</sat></trkpt>
  <trkpt lat="30.25527403" lon="120.15933821"><ele>14.411</ele><time>2026-09-16T13:23:37Z</time><sat>34</sat></trkpt>
  <trkpt lat="30.25522046" lon="120.15934873"><ele>15.323</ele><time>2026-09-16T13:23:40Z</time><sat>34</sat></trkpt>
  <trkpt lat="30.25516893" lon="120.15934547"><ele>15.959</ele><time>2026-09-16T13:23:43Z</time><sat>37</sat></trkpt>
  <trkpt lat="30.25510883" lon="120.15935539"><ele>19.999</ele><time>2026-09-16T13:23:46Z</time><sat>37</sat></trkpt>
  <trkpt lat="30.25504772" lon="120.15936160"><ele>21.841</ele><time>2026-09-16T13:23:49Z</time><sat>37</sat></trkpt>
  <trkpt lat="30.25500766" lon="120.15937835"><ele>21.535</ele><time>2026-09-16T13:23:52Z</time><sat>36</sat></trkpt>
  <trkpt lat="30.25495732" lon="120.15938876"><ele>19.704</ele><time>2026-09-16T13:23:55Z</time><sat>36</sat></trkpt>
  <trkpt lat="30.25488226" lon="120.15938935"><ele>17.151</ele><time>2026-09-16T13:23:58Z</time><sat>36</sat></trkpt>
  <trkpt lat="30.25482880" lon="120.15938368"><ele>15.416</ele><time>2026-09-16T13:24:01Z</time><sat>36</sat></trkpt>
  <trkpt lat="30.25476566" lon="120.15939805"><ele>14.824</ele><time>2026-09-16T13:24:04Z</time><sat>36</sat></trkpt>
  <trkpt lat="30.25468560" lon="120.15939110"><ele>15.776</ele><time>2026-09-16T13:24:07Z</time><sat>35</sat></trkpt>
  <trkpt lat="30.25461979" lon="120.15938976"><ele>14.003</ele><time>2026-09-16T13:24:10Z</time><sat>36</sat></trkpt>
  <trkpt lat="30.25454087" lon="120.15939053"><ele>14.141</ele><time>2026-09-16T13:24:13Z</time><sat>36</sat></trkpt>
  <trkpt lat="30.25446867" lon="120.15938864"><ele>15.181</ele><time>2026-09-16T13:24:16Z</time><sat>37</sat></trkpt>
  <trkpt lat="30.25443213" lon="120.15939711"><ele>15.516</ele><time>2026-09-16T13:24:19Z</time><sat>37</sat></trkpt>
  <trkpt lat="30.25436187" lon="120.15940821"><ele>14.997</ele><time>2026-09-16T13:24:22Z</time><sat>37</sat></trkpt>
  <trkpt lat="30.25429949" lon="120.15941277"><ele>16.960</ele><time>2026-09-16T13:24:25Z</time><sat>37</sat></trkpt>
  <trkpt lat="30.25425682" lon="120.15941832"><ele>16.675</ele><time>2026-09-16T13:24:28Z</time><sat>36</sat></trkpt>
  <trkpt lat="30.25419260" lon="120.15942523"><ele>16.237</ele><time>2026-09-16T13:24:31Z</time><sat>36</sat></trkpt>
  <trkpt lat="30.25411852" lon="120.15942402"><ele>15.367</ele><time>2026-09-16T13:24:34Z</time><sat>37</sat></trkpt>
  <trkpt lat="30.25406440" lon="120.15942519"><ele>16.067</ele><time>2026-09-16T13:24:37Z</time><sat>37</sat></trkpt>
  <trkpt lat="30.25402434" lon="120.15942138"><ele>13.948</ele><time>2026-09-16T13:24:40Z</time><sat>35</sat></trkpt>
  <trkpt lat="30.25398494" lon="120.15941340"><ele>14.156</ele><time>2026-09-16T13:24:43Z</time><sat>37</sat></trkpt>
  <trkpt lat="30.25394180" lon="120.15941488"><ele>15.151</ele><time>2026-09-16T13:24:46Z</time><sat>38</sat></trkpt>
  <trkpt lat="30.25388883" lon="120.15942856"><ele>16.235</ele><time>2026-09-16T13:24:49Z</time><sat>36</sat></trkpt>
  <trkpt lat="30.25384467" lon="120.15943775"><ele>16.215</ele><time>2026-09-16T13:24:52Z</time><sat>36</sat></trkpt>
  <trkpt lat="30.25379738" lon="120.15943824"><ele>17.466</ele><time>2026-09-16T13:24:55Z</time><sat>37</sat></trkpt>
  <trkpt lat="30.25375585" lon="120.15943885"><ele>17.783</ele><time>2026-09-16T13:24:58Z</time><sat>37</sat></trkpt>
  <trkpt lat="30.25371000" lon="120.15943909"><ele>19.988</ele><time>2026-09-16T13:25:01Z</time><sat>36</sat></trkpt>
  <trkpt lat="30.25366800" lon="120.15944757"><ele>21.971</ele><time>2026-09-16T13:25:04Z</time><sat>35</sat></trkpt>
  <trkpt lat="30.25363734" lon="120.15944612"><ele>23.999</ele><time>2026-09-16T13:25:07Z</time><sat>36</sat></trkpt>
  <trkpt lat="30.25360788" lon="120.15945530"><ele>26.843</ele><time>2026-09-16T13:25:10Z</time><sat>36</sat></trkpt>
  <trkpt lat="30.25359777" lon="120.15945863"><ele>27.690</ele><time>2026-09-16T13:25:13Z</time><sat>35</sat></trkpt>
  <trkpt lat="30.25356469" lon="120.15946713"><ele>30.971</ele><time>2026-09-16T13:25:16Z</time><sat>34</sat></trkpt>
  <trkpt lat="30.25351693" lon="120.15948157"><ele>34.437</ele><time>2026-09-16T13:25:19Z</time><sat>36</sat></trkpt>
  <trkpt lat="30.25346820" lon="120.15948605"><ele>34.502</ele><time>2026-09-16T13:25:22Z</time><sat>38</sat></trkpt>
  <trkpt lat="30.25341330" lon="120.15949540"><ele>37.264</ele><time>2026-09-16T13:25:25Z</time><sat>38</sat></trkpt>
  <trkpt lat="30.25334421" lon="120.15949116"><ele>34.416</ele><time>2026-09-16T13:25:28Z</time><sat>37</sat></trkpt>
  <trkpt lat="30.25325998" lon="120.15948788"><ele>32.936</ele><time>2026-09-16T13:25:31Z</time><sat>36</sat></trkpt>
  <trkpt lat="30.25318549" lon="120.15948202"><ele>32.074</ele><time>2026-09-16T13:25:34Z</time><sat>36</sat></trkpt>
  <trkpt lat="30.25311576" lon="120.15947192"><ele>29.963</ele><time>2026-09-16T13:25:37Z</time><sat>35</sat></trkpt>
  <trkpt lat="30.25303508" lon="120.15946758"><ele>29.032</ele><time>2026-09-16T13:25:40Z</time><sat>37</sat></trkpt>
  <trkpt lat="30.25297537" lon="120.15947911"><ele>27.479</ele><time>2026-09-16T13:25:43Z</time><sat>37</sat></trkpt>
  <trkpt lat="30.25293068" lon="120.15948524"><ele>23.588</ele><time>2026-09-16T13:25:46Z</time><sat>36</sat></trkpt>
  <trkpt lat="30.25291928" lon="120.15948921"><ele>22.182</ele><time>2026-09-16T13:25:49Z</time><sat>37</sat></trkpt>
  <trkpt lat="30.25292227" lon="120.15949339"><ele>21.337</ele><time>2026-09-16T13:25:52Z</time><sat>38</sat></trkpt>
  <trkpt lat="30.25292244" lon="120.15949396"><ele>21.172</ele><time>2026-09-16T13:25:55Z</time><sat>38</sat></trkpt>
  <trkpt lat="30.25291921" lon="120.15949412"><ele>20.023</ele><time>2026-09-16T13:25:58Z</time><sat>35</sat></trkpt>
  <trkpt lat="30.25290403" lon="120.15948435"><ele>18.405</ele><time>2026-09-16T13:26:01Z</time><sat>38</sat></trkpt>
  <trkpt lat="30.25289578" lon="120.15948798"><ele>17.383</ele><time>2026-09-16T13:26:04Z</time><sat>38</sat></trkpt>
  <trkpt lat="30.25289355" lon="120.15949006"><ele>17.209</ele><time>2026-09-16T13:26:07Z</time><sat>38</sat></trkpt>
  <trkpt lat="30.25289322" lon="120.15949265"><ele>17.081</ele><time>2026-09-16T13:26:10Z</time><sat>38</sat></trkpt>
  <trkpt lat="30.25289342" lon="120.15949396"><ele>17.018</ele><time>2026-09-16T13:26:13Z</time><sat>38</sat></trkpt>
  <trkpt lat="30.25289341" lon="120.15949409"><ele>17.000</ele><time>2026-09-16T13:26:16Z</time><sat>35</sat></trkpt>
  <trkpt lat="30.25287121" lon="120.15949632"><ele>16.970</ele><time>2026-09-16T13:26:19Z</time><sat>35</sat></trkpt>
  <trkpt lat="30.25285330" lon="120.15951845"><ele>17.069</ele><time>2026-09-16T13:26:22Z</time><sat>37</sat></trkpt>
  <trkpt lat="30.25283898" lon="120.15958168"><ele>16.723</ele><time>2026-09-16T13:26:25Z</time><sat>37</sat></trkpt>
  <trkpt lat="30.25286843" lon="120.15966196"><ele>16.574</ele><time>2026-09-16T13:26:28Z</time><sat>36</sat></trkpt>
  <trkpt lat="30.25294898" lon="120.15971696"><ele>15.728</ele><time>2026-09-16T13:26:31Z</time><sat>37</sat></trkpt>
  <trkpt lat="30.25304098" lon="120.15973188"><ele>16.387</ele><time>2026-09-16T13:26:34Z</time><sat>38</sat></trkpt>
  <trkpt lat="30.25314437" lon="120.15973170"><ele>14.495</ele><time>2026-09-16T13:26:37Z</time><sat>38</sat></trkpt>
  <trkpt lat="30.25324501" lon="120.15973403"><ele>16.113</ele><time>2026-09-16T13:26:40Z</time><sat>37</sat></trkpt>
  <trkpt lat="30.25333848" lon="120.15973457"><ele>15.774</ele><time>2026-09-16T13:26:43Z</time><sat>37</sat></trkpt>
  <trkpt lat="30.25340235" lon="120.15973737"><ele>16.268</ele><time>2026-09-16T13:26:46Z</time><sat>37</sat></trkpt>
  <trkpt lat="30.25345723" lon="120.15974119"><ele>16.092</ele><time>2026-09-16T13:26:49Z</time><sat>33</sat></trkpt>
  <trkpt lat="30.25347375" lon="120.15973685"><ele>17.024</ele><time>2026-09-16T13:26:52Z</time><sat>23</sat></trkpt>
  <trkpt lat="30.25347128" lon="120.15973940"><ele>18.593</ele><time>2026-09-16T13:26:55Z</time><sat>31</sat></trkpt>
  <trkpt lat="30.25347070" lon="120.15973825"><ele>19.830</ele><time>2026-09-16T13:26:58Z</time><sat>33</sat></trkpt>
  <trkpt lat="30.25347082" lon="120.15973643"><ele>20.222</ele><time>2026-09-16T13:27:01Z</time><sat>33</sat></trkpt>
  <trkpt lat="30.25347067" lon="120.15973018"><ele>20.942</ele><time>2026-09-16T13:27:04Z</time><sat>32</sat></trkpt>
  <trkpt lat="30.25347025" lon="120.15972475"><ele>21.337</ele><time>2026-09-16T13:27:07Z</time><sat>33</sat></trkpt>
  <trkpt lat="30.25346983" lon="120.15972140"><ele>21.637</ele><time>2026-09-16T13:27:10Z</time><sat>34</sat></trkpt>
  <trkpt lat="30.25346926" lon="120.15971736"><ele>22.107</ele><time>2026-09-16T13:27:13Z</time><sat>34</sat></trkpt>
  <trkpt lat="30.25346901" lon="120.15971345"><ele>22.469</ele><time>2026-09-16T13:27:16Z</time><sat>36</sat></trkpt>
  <trkpt lat="30.25346886" lon="120.15971078"><ele>22.678</ele><time>2026-09-16T13:27:19Z</time><sat>36</sat></trkpt>
  <trkpt lat="30.25346878" lon="120.15970850"><ele>22.922</ele><time>2026-09-16T13:27:22Z</time><sat>32</sat></trkpt>
  <trkpt lat="30.25346870" lon="120.15970649"><ele>23.092</ele><time>2026-09-16T13:27:25Z</time><sat>34</sat></trkpt>
  <trkpt lat="30.25346872" lon="120.15970559"><ele>23.149</ele><time>2026-09-16T13:27:28Z</time><sat>36</sat></trkpt>
  <trkpt lat="30.25346888" lon="120.15970366"><ele>23.313</ele><time>2026-09-16T13:27:31Z</time><sat>33</sat></trkpt>
  <trkpt lat="30.25346901" lon="120.15970192"><ele>23.433</ele><time>2026-09-16T13:27:34Z</time><sat>31</sat></trkpt>
  <trkpt lat="30.25346906" lon="120.15970160"><ele>23.434</ele><time>2026-09-16T13:27:37Z</time><sat>33</sat></trkpt>
  <trkpt lat="30.25346857" lon="120.15969385"><ele>17.537</ele><time>2026-09-16T13:27:40Z</time><sat>29</sat></trkpt>
  <trkpt lat="30.25347656" lon="120.15968473"><ele>13.621</ele><time>2026-09-16T13:27:43Z</time><sat>31</sat></trkpt>
  <trkpt lat="30.25348077" lon="120.15967805"><ele>9.546</ele><time>2026-09-16T13:27:46Z</time><sat>32</sat></trkpt>
  <trkpt lat="30.25348032" lon="120.15967166"><ele>9.281</ele><time>2026-09-16T13:27:49Z</time><sat>34</sat></trkpt>
  <trkpt lat="30.25348338" lon="120.15965790"><ele>9.189</ele><time>2026-09-16T13:27:52Z</time><sat>34</sat></trkpt>
  <trkpt lat="30.25348540" lon="120.15965391"><ele>9.577</ele><time>2026-09-16T13:27:55Z</time><sat>32</sat></trkpt>
  <trkpt lat="30.25348438" lon="120.15965250"><ele>10.552</ele><time>2026-09-16T13:27:58Z</time><sat>33</sat></trkpt>
  <trkpt lat="30.25348123" lon="120.15965644"><ele>10.365</ele><time>2026-09-16T13:28:01Z</time><sat>32</sat></trkpt>
  <trkpt lat="30.25348039" lon="120.15967726"><ele>11.515</ele><time>2026-09-16T13:28:04Z</time><sat>32</sat></trkpt>
  <trkpt lat="30.25347746" lon="120.15967894"><ele>11.432</ele><time>2026-09-16T13:28:07Z</time><sat>35</sat></trkpt>
  <trkpt lat="30.25347982" lon="120.15968479"><ele>11.306</ele><time>2026-09-16T13:28:10Z</time><sat>34</sat></trkpt>
  <trkpt lat="30.25347979" lon="120.15968006"><ele>11.380</ele><time>2026-09-16T13:28:13Z</time><sat>36</sat></trkpt>
  <trkpt lat="30.25348097" lon="120.15967943"><ele>11.116</ele><time>2026-09-16T13:28:16Z</time><sat>37</sat></trkpt>
  <trkpt lat="30.25348810" lon="120.15968513"><ele>13.210</ele><time>2026-09-16T13:28:19Z</time><sat>36</sat></trkpt>
  <trkpt lat="30.25349264" lon="120.15967504"><ele>14.380</ele><time>2026-09-16T13:28:22Z</time><sat>29</sat></trkpt>
  <trkpt lat="30.25349522" lon="120.15968093"><ele>14.556</ele><time>2026-09-16T13:28:25Z</time><sat>27</sat></trkpt>
  <trkpt lat="30.25354257" lon="120.15967488"><ele>14.619</ele><time>2026-09-16T13:28:28Z</time><sat>22</sat></trkpt>
  <trkpt lat="30.25370549" lon="120.15968821"><ele>17.529</ele><time>2026-09-16T13:28:31Z</time><sat>22</sat></trkpt>
  <trkpt lat="30.25390031" lon="120.15967931"><ele>21.704</ele><time>2026-09-16T13:28:34Z</time><sat>26</sat></trkpt>
  <trkpt lat="30.25404205" lon="120.15968597"><ele>24.753</ele><time>2026-09-16T13:28:37Z</time><sat>29</sat></trkpt>
  <trkpt lat="30.25418065" lon="120.15968359"><ele>25.907</ele><time>2026-09-16T13:28:40Z</time><sat>32</sat></trkpt>
  <trkpt lat="30.25434594" lon="120.15969566"><ele>25.720</ele><time>2026-09-16T13:28:43Z</time><sat>33</sat></trkpt>
  <trkpt lat="30.25451925" lon="120.15968930"><ele>23.823</ele><time>2026-09-16T13:28:46Z</time><sat>23</sat></trkpt>
  <trkpt lat="30.25467400" lon="120.15967827"><ele>23.730</ele><time>2026-09-16T13:28:49Z</time><sat>24</sat></trkpt>
  <trkpt lat="30.25481711" lon="120.15969427"><ele>21.665</ele><time>2026-09-16T13:28:52Z</time><sat>25</sat></trkpt>
  <trkpt lat="30.25496218" lon="120.15969504"><ele>21.625</ele><time>2026-09-16T13:28:55Z</time><sat>25</sat></trkpt>
  <trkpt lat="30.25508727" lon="120.15967274"><ele>22.396</ele><time>2026-09-16T13:28:58Z</time><sat>29</sat></trkpt>
  <trkpt lat="30.25520419" lon="120.15966290"><ele>22.733</ele><time>2026-09-16T13:29:01Z</time><sat>30</sat></trkpt>
  <trkpt lat="30.25532077" lon="120.15967154"><ele>22.596</ele><time>2026-09-16T13:29:04Z</time><sat>32</sat></trkpt>
  <trkpt lat="30.25543974" lon="120.15965481"><ele>21.903</ele><time>2026-09-16T13:29:07Z</time><sat>32</sat></trkpt>
  <trkpt lat="30.25554568" lon="120.15965904"><ele>21.588</ele><time>2026-09-16T13:29:10Z</time><sat>25</sat></trkpt>
  <trkpt lat="30.25566039" lon="120.15967486"><ele>20.424</ele><time>2026-09-16T13:29:13Z</time><sat>25</sat></trkpt>
  <trkpt lat="30.25577350" lon="120.15967634"><ele>19.422</ele><time>2026-09-16T13:29:16Z</time><sat>28</sat></trkpt>
  <trkpt lat="30.25587457" lon="120.15966734"><ele>18.390</ele><time>2026-09-16T13:29:19Z</time><sat>26</sat></trkpt>
  <trkpt lat="30.25596921" lon="120.15965518"><ele>18.317</ele><time>2026-09-16T13:29:22Z</time><sat>26</sat></trkpt>
  <trkpt lat="30.25605503" lon="120.15964870"><ele>16.201</ele><time>2026-09-16T13:29:25Z</time><sat>30</sat></trkpt>
  <trkpt lat="30.25612273" lon="120.15964156"><ele>17.183</ele><time>2026-09-16T13:29:28Z</time><sat>32</sat></trkpt>
  <trkpt lat="30.25617634" lon="120.15962611"><ele>18.488</ele><time>2026-09-16T13:29:31Z</time><sat>34</sat></trkpt>
  <trkpt lat="30.25620306" lon="120.15961918"><ele>19.445</ele><time>2026-09-16T13:29:34Z</time><sat>34</sat></trkpt>
  <trkpt lat="30.25621620" lon="120.15961846"><ele>19.504</ele><time>2026-09-16T13:29:37Z</time><sat>33</sat></trkpt>
  <trkpt lat="30.25622912" lon="120.15962080"><ele>20.360</ele><time>2026-09-16T13:29:40Z</time><sat>33</sat></trkpt>
  <trkpt lat="30.25623078" lon="120.15962217"><ele>20.687</ele><time>2026-09-16T13:29:43Z</time><sat>32</sat></trkpt>
  <trkpt lat="30.25627704" lon="120.15961171"><ele>21.006</ele><time>2026-09-16T13:29:46Z</time><sat>32</sat></trkpt>
  <trkpt lat="30.25631785" lon="120.15961097"><ele>21.129</ele><time>2026-09-16T13:29:49Z</time><sat>34</sat></trkpt>
  <trkpt lat="30.25635642" lon="120.15960777"><ele>21.430</ele><time>2026-09-16T13:29:52Z</time><sat>34</sat></trkpt>
  <trkpt lat="30.25638776" lon="120.15960309"><ele>21.837</ele><time>2026-09-16T13:29:55Z</time><sat>33</sat></trkpt>
  <trkpt lat="30.25641614" lon="120.15960691"><ele>21.906</ele><time>2026-09-16T13:29:58Z</time><sat>31</sat></trkpt>
  <trkpt lat="30.25645362" lon="120.15960621"><ele>22.483</ele><time>2026-09-16T13:30:01Z</time><sat>33</sat></trkpt>
  <trkpt lat="30.25650112" lon="120.15960817"><ele>23.432</ele><time>2026-09-16T13:30:04Z</time><sat>34</sat></trkpt>
  <trkpt lat="30.25656360" lon="120.15961488"><ele>22.913</ele><time>2026-09-16T13:30:07Z</time><sat>35</sat></trkpt>
  <trkpt lat="30.25661043" lon="120.15961017"><ele>22.970</ele><time>2026-09-16T13:30:10Z</time><sat>34</sat></trkpt>
  <trkpt lat="30.25662991" lon="120.15959915"><ele>20.862</ele><time>2026-09-16T13:30:13Z</time><sat>32</sat></trkpt>
  <trkpt lat="30.25662722" lon="120.15959992"><ele>20.760</ele><time>2026-09-16T13:30:16Z</time><sat>27</sat></trkpt>
  <trkpt lat="30.25663243" lon="120.15959880"><ele>19.958</ele><time>2026-09-16T13:30:19Z</time><sat>26</sat></trkpt>
  <trkpt lat="30.25664162" lon="120.15960219"><ele>19.036</ele><time>2026-09-16T13:30:22Z</time><sat>28</sat></trkpt>
  <trkpt lat="30.25664813" lon="120.15960050"><ele>19.058</ele><time>2026-09-16T13:30:25Z</time><sat>29</sat></trkpt>
  <trkpt lat="30.25664844" lon="120.15960413"><ele>19.398</ele><time>2026-09-16T13:30:28Z</time><sat>28</sat></trkpt>
  <trkpt lat="30.25664518" lon="120.15960426"><ele>19.322</ele><time>2026-09-16T13:30:31Z</time><sat>30</sat></trkpt>
  <trkpt lat="30.25665969" lon="120.15960176"><ele>19.663</ele><time>2026-09-16T13:30:34Z</time><sat>28</sat></trkpt>
  <trkpt lat="30.25671096" lon="120.15960348"><ele>19.849</ele><time>2026-09-16T13:30:37Z</time><sat>25</sat></trkpt>
  <trkpt lat="30.25681533" lon="120.15961750"><ele>18.436</ele><time>2026-09-16T13:30:40Z</time><sat>24</sat></trkpt>
  <trkpt lat="30.25692210" lon="120.15962082"><ele>19.468</ele><time>2026-09-16T13:30:43Z</time><sat>22</sat></trkpt>
  <trkpt lat="30.25702302" lon="120.15962288"><ele>18.556</ele><time>2026-09-16T13:30:46Z</time><sat>23</sat></trkpt>
  <trkpt lat="30.25712689" lon="120.15962364"><ele>17.645</ele><time>2026-09-16T13:30:49Z</time><sat>26</sat></trkpt>
  <trkpt lat="30.25723087" lon="120.15961952"><ele>15.015</ele><time>2026-09-16T13:30:52Z</time><sat>25</sat></trkpt>
  <trkpt lat="30.25734148" lon="120.15961678"><ele>15.319</ele><time>2026-09-16T13:30:55Z</time><sat>25</sat></trkpt>
  <trkpt lat="30.25744302" lon="120.15961652"><ele>15.964</ele><time>2026-09-16T13:30:58Z</time><sat>25</sat></trkpt>
  <trkpt lat="30.25753325" lon="120.15961363"><ele>15.303</ele><time>2026-09-16T13:31:01Z</time><sat>23</sat></trkpt>
  <trkpt lat="30.25761713" lon="120.15960992"><ele>15.482</ele><time>2026-09-16T13:31:04Z</time><sat>22</sat></trkpt>
  <trkpt lat="30.25770273" lon="120.15957129"><ele>18.526</ele><time>2026-09-16T13:31:07Z</time><sat>29</sat></trkpt>
  <trkpt lat="30.25777323" lon="120.15954184"><ele>20.209</ele><time>2026-09-16T13:31:10Z</time><sat>34</sat></trkpt>
  <trkpt lat="30.25782144" lon="120.15953180"><ele>20.967</ele><time>2026-09-16T13:31:13Z</time><sat>36</sat></trkpt>
  <trkpt lat="30.25784189" lon="120.15950569"><ele>21.102</ele><time>2026-09-16T13:31:16Z</time><sat>35</sat></trkpt>
  <trkpt lat="30.25788862" lon="120.15949633"><ele>20.037</ele><time>2026-09-16T13:31:19Z</time><sat>36</sat></trkpt>
  <trkpt lat="30.25794400" lon="120.15950309"><ele>19.245</ele><time>2026-09-16T13:31:22Z</time><sat>38</sat></trkpt>
  <trkpt lat="30.25802656" lon="120.15954594"><ele>22.916</ele><time>2026-09-16T13:31:25Z</time><sat>38</sat></trkpt>
  <trkpt lat="30.25807936" lon="120.15952340"><ele>22.284</ele><time>2026-09-16T13:31:28Z</time><sat>38</sat></trkpt>
  <trkpt lat="30.25816620" lon="120.15953877"><ele>22.431</ele><time>2026-09-16T13:31:31Z</time><sat>36</sat></trkpt>
  <trkpt lat="30.25825434" lon="120.15955004"><ele>21.157</ele><time>2026-09-16T13:31:34Z</time><sat>29</sat></trkpt>
  <trkpt lat="30.25833649" lon="120.15955767"><ele>19.186</ele><time>2026-09-16T13:31:37Z</time><sat>30</sat></trkpt>
  <trkpt lat="30.25842293" lon="120.15956406"><ele>18.359</ele><time>2026-09-16T13:31:40Z</time><sat>29</sat></trkpt>
  <trkpt lat="30.25849493" lon="120.15958255"><ele>15.814</ele><time>2026-09-16T13:31:43Z</time><sat>31</sat></trkpt>
  <trkpt lat="30.25858069" lon="120.15959923"><ele>16.883</ele><time>2026-09-16T13:31:46Z</time><sat>33</sat></trkpt>
  <trkpt lat="30.25866104" lon="120.15957172"><ele>16.839</ele><time>2026-09-16T13:31:49Z</time><sat>31</sat></trkpt>
  <trkpt lat="30.25872241" lon="120.15954517"><ele>18.425</ele><time>2026-09-16T13:31:52Z</time><sat>30</sat></trkpt>
  <trkpt lat="30.25881349" lon="120.15957362"><ele>16.783</ele><time>2026-09-16T13:31:55Z</time><sat>33</sat></trkpt>
  <trkpt lat="30.25888432" lon="120.15958404"><ele>14.804</ele><time>2026-09-16T13:31:58Z</time><sat>32</sat></trkpt>
  <trkpt lat="30.25893998" lon="120.15958217"><ele>12.350</ele><time>2026-09-16T13:32:01Z</time><sat>34</sat></trkpt>
  <trkpt lat="30.25903672" lon="120.15959391"><ele>11.525</ele><time>2026-09-16T13:32:04Z</time><sat>32</sat></trkpt>
  <trkpt lat="30.25912482" lon="120.15958886"><ele>13.032</ele><time>2026-09-16T13:32:07Z</time><sat>29</sat></trkpt>
  <trkpt lat="30.25918936" lon="120.15957017"><ele>15.425</ele><time>2026-09-16T13:32:10Z</time><sat>34</sat></trkpt>
  <trkpt lat="30.25923551" lon="120.15954825"><ele>16.015</ele><time>2026-09-16T13:32:13Z</time><sat>35</sat></trkpt>
  <trkpt lat="30.25927433" lon="120.15950521"><ele>16.320</ele><time>2026-09-16T13:32:16Z</time><sat>35</sat></trkpt>
  <trkpt lat="30.25933290" lon="120.15948300"><ele>17.488</ele><time>2026-09-16T13:32:19Z</time><sat>38</sat></trkpt>
  <trkpt lat="30.25938844" lon="120.15946467"><ele>18.491</ele><time>2026-09-16T13:32:22Z</time><sat>37</sat></trkpt>
  <trkpt lat="30.25941483" lon="120.15944814"><ele>19.236</ele><time>2026-09-16T13:32:25Z</time><sat>38</sat></trkpt>
  <trkpt lat="30.25949206" lon="120.15944217"><ele>21.365</ele><time>2026-09-16T13:32:28Z</time><sat>38</sat></trkpt>
  <trkpt lat="30.25958467" lon="120.15943566"><ele>21.714</ele><time>2026-09-16T13:32:31Z</time><sat>38</sat></trkpt>
  <trkpt lat="30.25965561" lon="120.15944259"><ele>24.132</ele><time>2026-09-16T13:32:34Z</time><sat>39</sat></trkpt>
  <trkpt lat="30.25974590" lon="120.15945409"><ele>26.443</ele><time>2026-09-16T13:32:37Z</time><sat>38</sat></trkpt>
  <trkpt lat="30.25983870" lon="120.15945257"><ele>27.011</ele><time>2026-09-16T13:32:40Z</time><sat>38</sat></trkpt>
  <trkpt lat="30.25994602" lon="120.15945641"><ele>28.090</ele><time>2026-09-16T13:32:43Z</time><sat>39</sat></trkpt>
  <trkpt lat="30.26003257" lon="120.15944472"><ele>27.425</ele><time>2026-09-16T13:32:46Z</time><sat>40</sat></trkpt>
  <trkpt lat="30.26012669" lon="120.15942636"><ele>24.558</ele><time>2026-09-16T13:32:49Z</time><sat>40</sat></trkpt>
  <trkpt lat="30.26022036" lon="120.15941165"><ele>25.196</ele><time>2026-09-16T13:32:52Z</time><sat>40</sat></trkpt>
  <trkpt lat="30.26031719" lon="120.15940327"><ele>23.098</ele><time>2026-09-16T13:32:55Z</time><sat>40</sat></trkpt>
  <trkpt lat="30.26040726" lon="120.15940844"><ele>21.567</ele><time>2026-09-16T13:32:58Z</time><sat>40</sat></trkpt>
  <trkpt lat="30.26047272" lon="120.15940507"><ele>20.921</ele><time>2026-09-16T13:33:01Z</time><sat>37</sat></trkpt>
  <trkpt lat="30.26049350" lon="120.15938955"><ele>20.477</ele><time>2026-09-16T13:33:04Z</time><sat>39</sat></trkpt>
  <trkpt lat="30.26049572" lon="120.15938478"><ele>19.854</ele><time>2026-09-16T13:33:07Z</time><sat>40</sat></trkpt>
  <trkpt lat="30.26049314" lon="120.15937070"><ele>21.103</ele><time>2026-09-16T13:33:10Z</time><sat>37</sat></trkpt>
  <trkpt lat="30.26048429" lon="120.15936827"><ele>19.643</ele><time>2026-09-16T13:33:13Z</time><sat>38</sat></trkpt>
  <trkpt lat="30.26047595" lon="120.15937294"><ele>18.710</ele><time>2026-09-16T13:33:16Z</time><sat>37</sat></trkpt>
  <trkpt lat="30.26047619" lon="120.15936264"><ele>18.816</ele><time>2026-09-16T13:33:19Z</time><sat>37</sat></trkpt>
  <trkpt lat="30.26047862" lon="120.15935958"><ele>18.080</ele><time>2026-09-16T13:33:22Z</time><sat>37</sat></trkpt>
  <trkpt lat="30.26048741" lon="120.15936134"><ele>17.640</ele><time>2026-09-16T13:33:25Z</time><sat>38</sat></trkpt>
  <trkpt lat="30.26049545" lon="120.15935969"><ele>17.740</ele><time>2026-09-16T13:33:28Z</time><sat>39</sat></trkpt>
  <trkpt lat="30.26049837" lon="120.15935962"><ele>17.906</ele><time>2026-09-16T13:33:31Z</time><sat>39</sat></trkpt>
  <trkpt lat="30.26050173" lon="120.15935773"><ele>16.796</ele><time>2026-09-16T13:33:34Z</time><sat>38</sat></trkpt>
  <trkpt lat="30.26050770" lon="120.15934915"><ele>15.672</ele><time>2026-09-16T13:33:37Z</time><sat>36</sat></trkpt>
  <trkpt lat="30.26050987" lon="120.15934770"><ele>15.190</ele><time>2026-09-16T13:33:40Z</time><sat>35</sat></trkpt>
  <trkpt lat="30.26051377" lon="120.15934612"><ele>15.374</ele><time>2026-09-16T13:33:43Z</time><sat>34</sat></trkpt>
  <trkpt lat="30.26051513" lon="120.15934608"><ele>15.395</ele><time>2026-09-16T13:33:46Z</time><sat>36</sat></trkpt>
  <trkpt lat="30.26051553" lon="120.15934649"><ele>15.441</ele><time>2026-09-16T13:33:49Z</time><sat>36</sat></trkpt>
  <trkpt lat="30.26051584" lon="120.15934683"><ele>15.473</ele><time>2026-09-16T13:33:52Z</time><sat>36</sat></trkpt>
  <trkpt lat="30.26051647" lon="120.15934682"><ele>15.559</ele><time>2026-09-16T13:33:55Z</time><sat>37</sat></trkpt>
  <trkpt lat="30.26051670" lon="120.15934668"><ele>15.661</ele><time>2026-09-16T13:33:58Z</time><sat>37</sat></trkpt>
  <trkpt lat="30.26051695" lon="120.15934681"><ele>15.779</ele><time>2026-09-16T13:34:01Z</time><sat>39</sat></trkpt>
  <trkpt lat="30.26051733" lon="120.15934712"><ele>15.912</ele><time>2026-09-16T13:34:04Z</time><sat>40</sat></trkpt>
  <trkpt lat="30.26051768" lon="120.15934717"><ele>16.008</ele><time>2026-09-16T13:34:07Z</time><sat>39</sat></trkpt>
  <trkpt lat="30.26051809" lon="120.15934484"><ele>16.087</ele><time>2026-09-16T13:34:10Z</time><sat>37</sat></trkpt>
  <trkpt lat="30.26052279" lon="120.15934241"><ele>15.377</ele><time>2026-09-16T13:34:13Z</time><sat>38</sat></trkpt>
  <trkpt lat="30.26053104" lon="120.15935720"><ele>14.476</ele><time>2026-09-16T13:34:16Z</time><sat>37</sat></trkpt>
  <trkpt lat="30.26058746" lon="120.15936081"><ele>15.424</ele><time>2026-09-16T13:34:19Z</time><sat>38</sat></trkpt>
  <trkpt lat="30.26064104" lon="120.15939252"><ele>16.415</ele><time>2026-09-16T13:34:22Z</time><sat>37</sat></trkpt>
  <trkpt lat="30.26070880" lon="120.15940024"><ele>16.349</ele><time>2026-09-16T13:34:25Z</time><sat>37</sat></trkpt>
  <trkpt lat="30.26078278" lon="120.15938340"><ele>16.291</ele><time>2026-09-16T13:34:28Z</time><sat>37</sat></trkpt>
  <trkpt lat="30.26085654" lon="120.15937313"><ele>16.487</ele><time>2026-09-16T13:34:31Z</time><sat>36</sat></trkpt>
  <trkpt lat="30.26093238" lon="120.15937567"><ele>16.384</ele><time>2026-09-16T13:34:34Z</time><sat>36</sat></trkpt>
  <trkpt lat="30.26100783" lon="120.15937513"><ele>16.027</ele><time>2026-09-16T13:34:37Z</time><sat>34</sat></trkpt>
  <trkpt lat="30.26110394" lon="120.15937235"><ele>17.686</ele><time>2026-09-16T13:34:40Z</time><sat>36</sat></trkpt>
  <trkpt lat="30.26119904" lon="120.15937282"><ele>17.869</ele><time>2026-09-16T13:34:43Z</time><sat>36</sat></trkpt>
  <trkpt lat="30.26129334" lon="120.15938690"><ele>17.170</ele><time>2026-09-16T13:34:46Z</time><sat>35</sat></trkpt>
  <trkpt lat="30.26138679" lon="120.15941161"><ele>21.377</ele><time>2026-09-16T13:34:49Z</time><sat>35</sat></trkpt>
  <trkpt lat="30.26146629" lon="120.15939625"><ele>21.775</ele><time>2026-09-16T13:34:52Z</time><sat>35</sat></trkpt>
  <trkpt lat="30.26155658" lon="120.15940337"><ele>22.877</ele><time>2026-09-16T13:34:55Z</time><sat>34</sat></trkpt>
  <trkpt lat="30.26164666" lon="120.15938496"><ele>23.447</ele><time>2026-09-16T13:34:58Z</time><sat>35</sat></trkpt>
  <trkpt lat="30.26174130" lon="120.15938893"><ele>23.237</ele><time>2026-09-16T13:35:01Z</time><sat>26</sat></trkpt>
  <trkpt lat="30.26183063" lon="120.15939380"><ele>23.186</ele><time>2026-09-16T13:35:04Z</time><sat>24</sat></trkpt>
  <trkpt lat="30.26191068" lon="120.15940463"><ele>23.665</ele><time>2026-09-16T13:35:07Z</time><sat>27</sat></trkpt>
  <trkpt lat="30.26199676" lon="120.15939429"><ele>24.433</ele><time>2026-09-16T13:35:10Z</time><sat>30</sat></trkpt>
  <trkpt lat="30.26207478" lon="120.15938727"><ele>22.932</ele><time>2026-09-16T13:35:13Z</time><sat>29</sat></trkpt>
  <trkpt lat="30.26214113" lon="120.15938223"><ele>23.500</ele><time>2026-09-16T13:35:16Z</time><sat>34</sat></trkpt>
  <trkpt lat="30.26220058" lon="120.15938079"><ele>25.203</ele><time>2026-09-16T13:35:19Z</time><sat>35</sat></trkpt>
  <trkpt lat="30.26226228" lon="120.15938513"><ele>26.382</ele><time>2026-09-16T13:35:22Z</time><sat>34</sat></trkpt>
  <trkpt lat="30.26229482" lon="120.15937694"><ele>26.880</ele><time>2026-09-16T13:35:25Z</time><sat>38</sat></trkpt>
  <trkpt lat="30.26230358" lon="120.15936859"><ele>27.285</ele><time>2026-09-16T13:35:28Z</time><sat>37</sat></trkpt>
  <trkpt lat="30.26230533" lon="120.15936746"><ele>27.523</ele><time>2026-09-16T13:35:31Z</time><sat>35</sat></trkpt>
  <trkpt lat="30.26230557" lon="120.15936677"><ele>27.834</ele><time>2026-09-16T13:35:34Z</time><sat>37</sat></trkpt>
  <trkpt lat="30.26230500" lon="120.15936629"><ele>27.880</ele><time>2026-09-16T13:35:37Z</time><sat>36</sat></trkpt>
  <trkpt lat="30.26230419" lon="120.15936418"><ele>28.085</ele><time>2026-09-16T13:35:40Z</time><sat>39</sat></trkpt>
  <trkpt lat="30.26230447" lon="120.15936332"><ele>28.208</ele><time>2026-09-16T13:35:43Z</time><sat>39</sat></trkpt>
  <trkpt lat="30.26229426" lon="120.15934772"><ele>26.098</ele><time>2026-09-16T13:35:46Z</time><sat>35</sat></trkpt>
  <trkpt lat="30.26228455" lon="120.15935002"><ele>26.077</ele><time>2026-09-16T13:35:49Z</time><sat>34</sat></trkpt>
  <trkpt lat="30.26227756" lon="120.15935286"><ele>25.836</ele><time>2026-09-16T13:35:52Z</time><sat>33</sat></trkpt>
  <trkpt lat="30.26227531" lon="120.15935609"><ele>26.166</ele><time>2026-09-16T13:35:55Z</time><sat>37</sat></trkpt>
  <trkpt lat="30.26227670" lon="120.15935584"><ele>26.258</ele><time>2026-09-16T13:35:58Z</time><sat>37</sat></trkpt>
  <trkpt lat="30.26227779" lon="120.15935623"><ele>26.247</ele><time>2026-09-16T13:36:01Z</time><sat>29</sat></trkpt>
  <trkpt lat="30.26237208" lon="120.15934808"><ele>21.449</ele><time>2026-09-16T13:36:04Z</time><sat>29</sat></trkpt>
  <trkpt lat="30.26247746" lon="120.15934432"><ele>21.786</ele><time>2026-09-16T13:36:07Z</time><sat>34</sat></trkpt>
  <trkpt lat="30.26256508" lon="120.15934225"><ele>22.280</ele><time>2026-09-16T13:36:10Z</time><sat>34</sat></trkpt>
  <trkpt lat="30.26265722" lon="120.15933532"><ele>22.819</ele><time>2026-09-16T13:36:13Z</time><sat>31</sat></trkpt>
  <trkpt lat="30.26275604" lon="120.15933129"><ele>24.970</ele><time>2026-09-16T13:36:16Z</time><sat>33</sat></trkpt>
  <trkpt lat="30.26285734" lon="120.15932920"><ele>24.315</ele><time>2026-09-16T13:36:19Z</time><sat>34</sat></trkpt>
  <trkpt lat="30.26295851" lon="120.15933701"><ele>24.514</ele><time>2026-09-16T13:36:22Z</time><sat>33</sat></trkpt>
  <trkpt lat="30.26305495" lon="120.15933239"><ele>24.314</ele><time>2026-09-16T13:36:25Z</time><sat>31</sat></trkpt>
  <trkpt lat="30.26306891" lon="120.15934224"><ele>23.134</ele><time>2026-09-16T13:36:28Z</time><sat>31</sat></trkpt>
  <trkpt lat="30.26306970" lon="120.15934274"><ele>23.169</ele><time>2026-09-16T13:36:31Z</time><sat>32</sat></trkpt>
  <trkpt lat="30.26329866" lon="120.15932915"><ele>28.546</ele><time>2026-09-16T13:36:34Z</time><sat>34</sat></trkpt>
  <trkpt lat="30.26337320" lon="120.15934248"><ele>28.941</ele><time>2026-09-16T13:36:37Z</time><sat>28</sat></trkpt>
  <trkpt lat="30.26345968" lon="120.15933937"><ele>29.880</ele><time>2026-09-16T13:36:40Z</time><sat>35</sat></trkpt>
  <trkpt lat="30.26353484" lon="120.15932114"><ele>30.721</ele><time>2026-09-16T13:36:43Z</time><sat>34</sat></trkpt>
  <trkpt lat="30.26362651" lon="120.15931680"><ele>29.957</ele><time>2026-09-16T13:36:46Z</time><sat>30</sat></trkpt>
  <trkpt lat="30.26371248" lon="120.15929237"><ele>26.033</ele><time>2026-09-16T13:36:49Z</time><sat>29</sat></trkpt>
  <trkpt lat="30.26379745" lon="120.15928847"><ele>24.397</ele><time>2026-09-16T13:36:52Z</time><sat>33</sat></trkpt>
  <trkpt lat="30.26388197" lon="120.15930707"><ele>24.325</ele><time>2026-09-16T13:36:55Z</time><sat>34</sat></trkpt>
  <trkpt lat="30.26396742" lon="120.15932326"><ele>25.060</ele><time>2026-09-16T13:36:58Z</time><sat>34</sat></trkpt>
  <trkpt lat="30.26404471" lon="120.15931936"><ele>25.343</ele><time>2026-09-16T13:37:01Z</time><sat>36</sat></trkpt>
  <trkpt lat="30.26412429" lon="120.15931676"><ele>25.877</ele><time>2026-09-16T13:37:04Z</time><sat>37</sat></trkpt>
  <trkpt lat="30.26417961" lon="120.15931900"><ele>26.174</ele><time>2026-09-16T13:37:07Z</time><sat>32</sat></trkpt>
  <trkpt lat="30.26417795" lon="120.15931803"><ele>26.187</ele><time>2026-09-16T13:37:10Z</time><sat>33</sat></trkpt>
  <trkpt lat="30.26417848" lon="120.15931772"><ele>26.167</ele><time>2026-09-16T13:37:13Z</time><sat>33</sat></trkpt>
  <trkpt lat="30.26437231" lon="120.15930190"><ele>24.520</ele><time>2026-09-16T13:37:16Z</time><sat>34</sat></trkpt>
  <trkpt lat="30.26444434" lon="120.15931301"><ele>23.203</ele><time>2026-09-16T13:37:19Z</time><sat>28</sat></trkpt>
  <trkpt lat="30.26455547" lon="120.15933534"><ele>21.186</ele><time>2026-09-16T13:37:22Z</time><sat>30</sat></trkpt>
  <trkpt lat="30.26462915" lon="120.15933354"><ele>22.462</ele><time>2026-09-16T13:37:25Z</time><sat>28</sat></trkpt>
  <trkpt lat="30.26470135" lon="120.15932320"><ele>23.990</ele><time>2026-09-16T13:37:28Z</time><sat>28</sat></trkpt>
  <trkpt lat="30.26478747" lon="120.15931120"><ele>26.641</ele><time>2026-09-16T13:37:31Z</time><sat>27</sat></trkpt>
  <trkpt lat="30.26487668" lon="120.15930381"><ele>28.254</ele><time>2026-09-16T13:37:34Z</time><sat>27</sat></trkpt>
  <trkpt lat="30.26496435" lon="120.15928484"><ele>29.025</ele><time>2026-09-16T13:37:37Z</time><sat>32</sat></trkpt>
  <trkpt lat="30.26505347" lon="120.15928000"><ele>27.287</ele><time>2026-09-16T13:37:40Z</time><sat>34</sat></trkpt>
  <trkpt lat="30.26514123" lon="120.15928187"><ele>27.218</ele><time>2026-09-16T13:37:43Z</time><sat>33</sat></trkpt>
  <trkpt lat="30.26520115" lon="120.15927154"><ele>27.634</ele><time>2026-09-16T13:37:46Z</time><sat>34</sat></trkpt>
  <trkpt lat="30.26528253" lon="120.15925999"><ele>26.345</ele><time>2026-09-16T13:37:49Z</time><sat>35</sat></trkpt>
  <trkpt lat="30.26537302" lon="120.15924749"><ele>26.275</ele><time>2026-09-16T13:37:52Z</time><sat>35</sat></trkpt>
  <trkpt lat="30.26546309" lon="120.15923301"><ele>26.432</ele><time>2026-09-16T13:37:55Z</time><sat>36</sat></trkpt>
  <trkpt lat="30.26555647" lon="120.15921941"><ele>26.479</ele><time>2026-09-16T13:37:58Z</time><sat>36</sat></trkpt>
  <trkpt lat="30.26564797" lon="120.15920846"><ele>27.000</ele><time>2026-09-16T13:38:01Z</time><sat>36</sat></trkpt>
  <trkpt lat="30.26573500" lon="120.15920086"><ele>27.266</ele><time>2026-09-16T13:38:04Z</time><sat>35</sat></trkpt>
  <trkpt lat="30.26575790" lon="120.15919352"><ele>26.164</ele><time>2026-09-16T13:38:07Z</time><sat>36</sat></trkpt>
  <trkpt lat="30.26582600" lon="120.15918846"><ele>27.635</ele><time>2026-09-16T13:38:10Z</time><sat>33</sat></trkpt>
  <trkpt lat="30.26589873" lon="120.15919167"><ele>26.206</ele><time>2026-09-16T13:38:13Z</time><sat>33</sat></trkpt>
  <trkpt lat="30.26598519" lon="120.15921955"><ele>26.342</ele><time>2026-09-16T13:38:16Z</time><sat>35</sat></trkpt>
  <trkpt lat="30.26600462" lon="120.15922315"><ele>26.376</ele><time>2026-09-16T13:38:19Z</time><sat>31</sat></trkpt>
  <trkpt lat="30.26601305" lon="120.15921619"><ele>26.326</ele><time>2026-09-16T13:38:22Z</time><sat>33</sat></trkpt>
  <trkpt lat="30.26603609" lon="120.15920650"><ele>25.627</ele><time>2026-09-16T13:38:25Z</time><sat>34</sat></trkpt>
  <trkpt lat="30.26606864" lon="120.15918922"><ele>25.185</ele><time>2026-09-16T13:38:28Z</time><sat>34</sat></trkpt>
  <trkpt lat="30.26610499" lon="120.15916944"><ele>26.267</ele><time>2026-09-16T13:38:31Z</time><sat>35</sat></trkpt>
  <trkpt lat="30.26616867" lon="120.15918010"><ele>28.929</ele><time>2026-09-16T13:38:34Z</time><sat>35</sat></trkpt>
  <trkpt lat="30.26623863" lon="120.15918951"><ele>29.060</ele><time>2026-09-16T13:38:37Z</time><sat>36</sat></trkpt>
  <trkpt lat="30.26631781" lon="120.15917041"><ele>27.324</ele><time>2026-09-16T13:38:40Z</time><sat>35</sat></trkpt>
  <trkpt lat="30.26639934" lon="120.15915679"><ele>25.704</ele><time>2026-09-16T13:38:43Z</time><sat>36</sat></trkpt>
  <trkpt lat="30.26646599" lon="120.15915717"><ele>27.025</ele><time>2026-09-16T13:38:46Z</time><sat>36</sat></trkpt>
  <trkpt lat="30.26653418" lon="120.15915611"><ele>32.001</ele><time>2026-09-16T13:38:49Z</time><sat>35</sat></trkpt>
  <trkpt lat="30.26663081" lon="120.15916453"><ele>34.034</ele><time>2026-09-16T13:38:52Z</time><sat>35</sat></trkpt>
  <trkpt lat="30.26674147" lon="120.15916176"><ele>32.764</ele><time>2026-09-16T13:38:55Z</time><sat>33</sat></trkpt>
  <trkpt lat="30.26683458" lon="120.15916390"><ele>34.431</ele><time>2026-09-16T13:38:58Z</time><sat>28</sat></trkpt>
  <trkpt lat="30.26691947" lon="120.15914240"><ele>32.200</ele><time>2026-09-16T13:39:01Z</time><sat>32</sat></trkpt>
  <trkpt lat="30.26700264" lon="120.15913335"><ele>30.927</ele><time>2026-09-16T13:39:04Z</time><sat>33</sat></trkpt>
  <trkpt lat="30.26706107" lon="120.15912268"><ele>31.799</ele><time>2026-09-16T13:39:07Z</time><sat>32</sat></trkpt>
  <trkpt lat="30.26712558" lon="120.15911021"><ele>32.578</ele><time>2026-09-16T13:39:10Z</time><sat>32</sat></trkpt>
  <trkpt lat="30.26720011" lon="120.15909190"><ele>32.960</ele><time>2026-09-16T13:39:13Z</time><sat>32</sat></trkpt>
  <trkpt lat="30.26726804" lon="120.15909927"><ele>32.950</ele><time>2026-09-16T13:39:16Z</time><sat>34</sat></trkpt>
  <trkpt lat="30.26733713" lon="120.15909685"><ele>31.974</ele><time>2026-09-16T13:39:19Z</time><sat>35</sat></trkpt>
  <trkpt lat="30.26740264" lon="120.15910474"><ele>33.870</ele><time>2026-09-16T13:39:22Z</time><sat>34</sat></trkpt>
  <trkpt lat="30.26745737" lon="120.15909936"><ele>37.397</ele><time>2026-09-16T13:39:25Z</time><sat>32</sat></trkpt>
  <trkpt lat="30.26752092" lon="120.15909677"><ele>33.807</ele><time>2026-09-16T13:39:28Z</time><sat>32</sat></trkpt>
  <trkpt lat="30.26758453" lon="120.15912497"><ele>35.971</ele><time>2026-09-16T13:39:31Z</time><sat>34</sat></trkpt>
  <trkpt lat="30.26763819" lon="120.15914628"><ele>37.968</ele><time>2026-09-16T13:39:34Z</time><sat>32</sat></trkpt>
  <trkpt lat="30.26769229" lon="120.15914342"><ele>40.234</ele><time>2026-09-16T13:39:37Z</time><sat>32</sat></trkpt>
  <trkpt lat="30.26773116" lon="120.15912221"><ele>38.017</ele><time>2026-09-16T13:39:40Z</time><sat>34</sat></trkpt>
  <trkpt lat="30.26778164" lon="120.15911350"><ele>39.194</ele><time>2026-09-16T13:39:43Z</time><sat>37</sat></trkpt>
  <trkpt lat="30.26782674" lon="120.15911182"><ele>38.881</ele><time>2026-09-16T13:39:46Z</time><sat>37</sat></trkpt>
  <trkpt lat="30.26787106" lon="120.15912491"><ele>36.374</ele><time>2026-09-16T13:39:49Z</time><sat>36</sat></trkpt>
  <trkpt lat="30.26794724" lon="120.15909936"><ele>34.832</ele><time>2026-09-16T13:39:52Z</time><sat>36</sat></trkpt>
  <trkpt lat="30.26799947" lon="120.15905673"><ele>30.365</ele><time>2026-09-16T13:39:55Z</time><sat>36</sat></trkpt>
  <trkpt lat="30.26802432" lon="120.15903335"><ele>30.047</ele><time>2026-09-16T13:39:58Z</time><sat>36</sat></trkpt>
  <trkpt lat="30.26806286" lon="120.15903196"><ele>30.412</ele><time>2026-09-16T13:40:01Z</time><sat>36</sat></trkpt>
  <trkpt lat="30.26809371" lon="120.15904153"><ele>29.672</ele><time>2026-09-16T13:40:04Z</time><sat>36</sat></trkpt>
  <trkpt lat="30.26812591" lon="120.15904824"><ele>30.878</ele><time>2026-09-16T13:40:07Z</time><sat>37</sat></trkpt>
  <trkpt lat="30.26816687" lon="120.15905650"><ele>32.404</ele><time>2026-09-16T13:40:10Z</time><sat>36</sat></trkpt>
  <trkpt lat="30.26819286" lon="120.15904912"><ele>32.563</ele><time>2026-09-16T13:40:13Z</time><sat>37</sat></trkpt>
  <trkpt lat="30.26822623" lon="120.15904873"><ele>34.916</ele><time>2026-09-16T13:40:16Z</time><sat>37</sat></trkpt>
  <trkpt lat="30.26826362" lon="120.15905565"><ele>37.828</ele><time>2026-09-16T13:40:19Z</time><sat>37</sat></trkpt>
  <trkpt lat="30.26830300" lon="120.15907531"><ele>37.805</ele><time>2026-09-16T13:40:22Z</time><sat>35</sat></trkpt>
  <trkpt lat="30.26834773" lon="120.15907459"><ele>36.456</ele><time>2026-09-16T13:40:25Z</time><sat>35</sat></trkpt>
  <trkpt lat="30.26839212" lon="120.15906104"><ele>33.992</ele><time>2026-09-16T13:40:28Z</time><sat>35</sat></trkpt>
  <trkpt lat="30.26843444" lon="120.15905298"><ele>32.325</ele><time>2026-09-16T13:40:31Z</time><sat>34</sat></trkpt>
  <trkpt lat="30.26847974" lon="120.15904273"><ele>32.494</ele><time>2026-09-16T13:40:34Z</time><sat>32</sat></trkpt>
  <trkpt lat="30.26852451" lon="120.15902863"><ele>32.900</ele><time>2026-09-16T13:40:37Z</time><sat>32</sat></trkpt>
  <trkpt lat="30.26857326" lon="120.15901228"><ele>34.226</ele><time>2026-09-16T13:40:40Z</time><sat>34</sat></trkpt>
  <trkpt lat="30.26861968" lon="120.15901721"><ele>34.537</ele><time>2026-09-16T13:40:43Z</time><sat>35</sat></trkpt>
  <trkpt lat="30.26866436" lon="120.15901205"><ele>37.694</ele><time>2026-09-16T13:40:46Z</time><sat>34</sat></trkpt>
  <trkpt lat="30.26870901" lon="120.15901781"><ele>41.464</ele><time>2026-09-16T13:40:49Z</time><sat>35</sat></trkpt>
  <trkpt lat="30.26874594" lon="120.15903423"><ele>41.767</ele><time>2026-09-16T13:40:52Z</time><sat>35</sat></trkpt>
  <trkpt lat="30.26877948" lon="120.15906490"><ele>44.142</ele><time>2026-09-16T13:40:55Z</time><sat>36</sat></trkpt>
  <trkpt lat="30.26880870" lon="120.15908093"><ele>39.281</ele><time>2026-09-16T13:40:58Z</time><sat>36</sat></trkpt>
  <trkpt lat="30.26884219" lon="120.15906929"><ele>36.566</ele><time>2026-09-16T13:41:01Z</time><sat>36</sat></trkpt>
  <trkpt lat="30.26886881" lon="120.15905213"><ele>38.260</ele><time>2026-09-16T13:41:04Z</time><sat>37</sat></trkpt>
  <trkpt lat="30.26891623" lon="120.15905817"><ele>38.782</ele><time>2026-09-16T13:41:07Z</time><sat>34</sat></trkpt>
  <trkpt lat="30.26896097" lon="120.15905271"><ele>37.355</ele><time>2026-09-16T13:41:10Z</time><sat>34</sat></trkpt>
  <trkpt lat="30.26898883" lon="120.15902734"><ele>36.462</ele><time>2026-09-16T13:41:13Z</time><sat>34</sat></trkpt>
  <trkpt lat="30.26902728" lon="120.15900927"><ele>36.677</ele><time>2026-09-16T13:41:16Z</time><sat>34</sat></trkpt>
  <trkpt lat="30.26908037" lon="120.15901728"><ele>37.018</ele><time>2026-09-16T13:41:19Z</time><sat>35</sat></trkpt>
  <trkpt lat="30.26914637" lon="120.15900225"><ele>41.536</ele><time>2026-09-16T13:41:22Z</time><sat>36</sat></trkpt>
  <trkpt lat="30.26920746" lon="120.15901345"><ele>42.226</ele><time>2026-09-16T13:41:25Z</time><sat>36</sat></trkpt>
  <trkpt lat="30.26925880" lon="120.15902646"><ele>42.042</ele><time>2026-09-16T13:41:28Z</time><sat>35</sat></trkpt>
  <trkpt lat="30.26929780" lon="120.15902957"><ele>45.158</ele><time>2026-09-16T13:41:31Z</time><sat>34</sat></trkpt>
  <trkpt lat="30.26934058" lon="120.15902838"><ele>46.104</ele><time>2026-09-16T13:41:34Z</time><sat>34</sat></trkpt>
  <trkpt lat="30.26938081" lon="120.15903998"><ele>47.313</ele><time>2026-09-16T13:41:37Z</time><sat>35</sat></trkpt>
  <trkpt lat="30.26941246" lon="120.15904892"><ele>46.737</ele><time>2026-09-16T13:41:40Z</time><sat>36</sat></trkpt>
  <trkpt lat="30.26944331" lon="120.15905609"><ele>44.040</ele><time>2026-09-16T13:41:43Z</time><sat>36</sat></trkpt>
  <trkpt lat="30.26947305" lon="120.15906446"><ele>30.652</ele><time>2026-09-16T13:41:46Z</time><sat>36</sat></trkpt>
  <trkpt lat="30.26950150" lon="120.15905570"><ele>28.492</ele><time>2026-09-16T13:41:49Z</time><sat>37</sat></trkpt>
  <trkpt lat="30.26952769" lon="120.15904879"><ele>28.938</ele><time>2026-09-16T13:41:52Z</time><sat>37</sat></trkpt>
  <trkpt lat="30.26955689" lon="120.15904289"><ele>28.694</ele><time>2026-09-16T13:41:55Z</time><sat>37</sat></trkpt>
  <trkpt lat="30.26959974" lon="120.15905096"><ele>28.483</ele><time>2026-09-16T13:41:58Z</time><sat>38</sat></trkpt>
  <trkpt lat="30.26963846" lon="120.15906391"><ele>25.708</ele><time>2026-09-16T13:42:01Z</time><sat>38</sat></trkpt>
  <trkpt lat="30.26967775" lon="120.15906830"><ele>25.487</ele><time>2026-09-16T13:42:04Z</time><sat>35</sat></trkpt>
  <trkpt lat="30.26971600" lon="120.15907494"><ele>25.813</ele><time>2026-09-16T13:42:07Z</time><sat>33</sat></trkpt>
  <trkpt lat="30.26975429" lon="120.15907903"><ele>26.632</ele><time>2026-09-16T13:42:10Z</time><sat>29</sat></trkpt>
  <trkpt lat="30.26978520" lon="120.15909120"><ele>28.421</ele><time>2026-09-16T13:42:13Z</time><sat>32</sat></trkpt>
  <trkpt lat="30.26981543" lon="120.15911155"><ele>28.910</ele><time>2026-09-16T13:42:16Z</time><sat>31</sat></trkpt>
  <trkpt lat="30.26986510" lon="120.15910319"><ele>25.441</ele><time>2026-09-16T13:42:19Z</time><sat>31</sat></trkpt>
  <trkpt lat="30.26993050" lon="120.15909884"><ele>23.122</ele><time>2026-09-16T13:42:22Z</time><sat>34</sat></trkpt>
  <trkpt lat="30.26997782" lon="120.15910036"><ele>22.092</ele><time>2026-09-16T13:42:25Z</time><sat>36</sat></trkpt>
  <trkpt lat="30.27001582" lon="120.15909951"><ele>22.815</ele><time>2026-09-16T13:42:28Z</time><sat>34</sat></trkpt>
  <trkpt lat="30.27005005" lon="120.15909625"><ele>23.187</ele><time>2026-09-16T13:42:31Z</time><sat>32</sat></trkpt>
  <trkpt lat="30.27007502" lon="120.15908432"><ele>23.517</ele><time>2026-09-16T13:42:34Z</time><sat>35</sat></trkpt>
  <trkpt lat="30.27010188" lon="120.15908624"><ele>25.007</ele><time>2026-09-16T13:42:37Z</time><sat>36</sat></trkpt>
  <trkpt lat="30.27013445" lon="120.15907775"><ele>26.188</ele><time>2026-09-16T13:42:40Z</time><sat>35</sat></trkpt>
  <trkpt lat="30.27019205" lon="120.15911616"><ele>29.474</ele><time>2026-09-16T13:42:43Z</time><sat>32</sat></trkpt>
  <trkpt lat="30.27024620" lon="120.15913528"><ele>30.790</ele><time>2026-09-16T13:42:46Z</time><sat>38</sat></trkpt>
  <trkpt lat="30.27030624" lon="120.15915539"><ele>32.401</ele><time>2026-09-16T13:42:49Z</time><sat>38</sat></trkpt>
  <trkpt lat="30.27034757" lon="120.15915092"><ele>33.773</ele><time>2026-09-16T13:42:52Z</time><sat>36</sat></trkpt>
  <trkpt lat="30.27036502" lon="120.15912974"><ele>37.026</ele><time>2026-09-16T13:42:55Z</time><sat>35</sat></trkpt>
  <trkpt lat="30.27038400" lon="120.15911896"><ele>39.595</ele><time>2026-09-16T13:42:58Z</time><sat>34</sat></trkpt>
  <trkpt lat="30.27041154" lon="120.15910556"><ele>39.660</ele><time>2026-09-16T13:43:01Z</time><sat>34</sat></trkpt>
  <trkpt lat="30.27044956" lon="120.15910308"><ele>37.531</ele><time>2026-09-16T13:43:04Z</time><sat>36</sat></trkpt>
  <trkpt lat="30.27050576" lon="120.15909660"><ele>35.713</ele><time>2026-09-16T13:43:07Z</time><sat>36</sat></trkpt>
  <trkpt lat="30.27056082" lon="120.15905664"><ele>34.220</ele><time>2026-09-16T13:43:10Z</time><sat>35</sat></trkpt>
  <trkpt lat="30.27061055" lon="120.15905602"><ele>36.762</ele><time>2026-09-16T13:43:13Z</time><sat>34</sat></trkpt>
  <trkpt lat="30.27063761" lon="120.15906183"><ele>37.239</ele><time>2026-09-16T13:43:16Z</time><sat>36</sat></trkpt>
  <trkpt lat="30.27067753" lon="120.15905223"><ele>37.625</ele><time>2026-09-16T13:43:19Z</time><sat>36</sat></trkpt>
  <trkpt lat="30.27069842" lon="120.15906418"><ele>36.518</ele><time>2026-09-16T13:43:22Z</time><sat>37</sat></trkpt>
  <trkpt lat="30.27072881" lon="120.15905452"><ele>33.349</ele><time>2026-09-16T13:43:25Z</time><sat>37</sat></trkpt>
  <trkpt lat="30.27077685" lon="120.15901940"><ele>32.245</ele><time>2026-09-16T13:43:28Z</time><sat>36</sat></trkpt>
  <trkpt lat="30.27082735" lon="120.15897714"><ele>30.611</ele><time>2026-09-16T13:43:31Z</time><sat>36</sat></trkpt>
  <trkpt lat="30.27087240" lon="120.15896701"><ele>30.951</ele><time>2026-09-16T13:43:34Z</time><sat>33</sat></trkpt>
  <trkpt lat="30.27090848" lon="120.15896581"><ele>33.359</ele><time>2026-09-16T13:43:37Z</time><sat>31</sat></trkpt>
  <trkpt lat="30.27094417" lon="120.15896386"><ele>32.360</ele><time>2026-09-16T13:43:40Z</time><sat>36</sat></trkpt>
  <trkpt lat="30.27097638" lon="120.15896628"><ele>33.542</ele><time>2026-09-16T13:43:43Z</time><sat>36</sat></trkpt>
  <trkpt lat="30.27100649" lon="120.15895099"><ele>36.634</ele><time>2026-09-16T13:43:46Z</time><sat>37</sat></trkpt>
  <trkpt lat="30.27102355" lon="120.15893097"><ele>38.237</ele><time>2026-09-16T13:43:49Z</time><sat>36</sat></trkpt>
  <trkpt lat="30.27104118" lon="120.15892592"><ele>39.160</ele><time>2026-09-16T13:43:52Z</time><sat>38</sat></trkpt>
  <trkpt lat="30.27111395" lon="120.15891154"><ele>40.285</ele><time>2026-09-16T13:43:55Z</time><sat>32</sat></trkpt>
  <trkpt lat="30.27119896" lon="120.15891397"><ele>40.697</ele><time>2026-09-16T13:43:58Z</time><sat>31</sat></trkpt>
  <trkpt lat="30.27128327" lon="120.15891800"><ele>42.595</ele><time>2026-09-16T13:44:01Z</time><sat>34</sat></trkpt>
  <trkpt lat="30.27141700" lon="120.15891068"><ele>47.009</ele><time>2026-09-16T13:44:04Z</time><sat>34</sat></trkpt>
  <trkpt lat="30.27151417" lon="120.15890689"><ele>46.512</ele><time>2026-09-16T13:44:07Z</time><sat>25</sat></trkpt>
  <trkpt lat="30.27160231" lon="120.15891014"><ele>47.180</ele><time>2026-09-16T13:44:10Z</time><sat>32</sat></trkpt>
  <trkpt lat="30.27166706" lon="120.15892325"><ele>47.205</ele><time>2026-09-16T13:44:13Z</time><sat>35</sat></trkpt>
  <trkpt lat="30.27172194" lon="120.15892193"><ele>47.414</ele><time>2026-09-16T13:44:16Z</time><sat>35</sat></trkpt>
  <trkpt lat="30.27177918" lon="120.15890276"><ele>43.162</ele><time>2026-09-16T13:44:19Z</time><sat>34</sat></trkpt>
  <trkpt lat="30.27186327" lon="120.15888477"><ele>42.099</ele><time>2026-09-16T13:44:22Z</time><sat>33</sat></trkpt>
  <trkpt lat="30.27193938" lon="120.15890581"><ele>40.739</ele><time>2026-09-16T13:44:25Z</time><sat>32</sat></trkpt>
  <trkpt lat="30.27201344" lon="120.15890669"><ele>38.101</ele><time>2026-09-16T13:44:28Z</time><sat>32</sat></trkpt>
  <trkpt lat="30.27208629" lon="120.15889307"><ele>37.219</ele><time>2026-09-16T13:44:31Z</time><sat>34</sat></trkpt>
  <trkpt lat="30.27215954" lon="120.15890321"><ele>31.515</ele><time>2026-09-16T13:44:34Z</time><sat>32</sat></trkpt>
  <trkpt lat="30.27221711" lon="120.15893253"><ele>29.296</ele><time>2026-09-16T13:44:37Z</time><sat>30</sat></trkpt>
  <trkpt lat="30.27225164" lon="120.15893995"><ele>30.001</ele><time>2026-09-16T13:44:40Z</time><sat>34</sat></trkpt>
  <trkpt lat="30.27226166" lon="120.15893611"><ele>30.831</ele><time>2026-09-16T13:44:43Z</time><sat>35</sat></trkpt>
  <trkpt lat="30.27226555" lon="120.15893114"><ele>31.242</ele><time>2026-09-16T13:44:46Z</time><sat>34</sat></trkpt>
  <trkpt lat="30.27226775" lon="120.15892950"><ele>31.591</ele><time>2026-09-16T13:44:49Z</time><sat>32</sat></trkpt>
  <trkpt lat="30.27226858" lon="120.15892957"><ele>31.967</ele><time>2026-09-16T13:44:52Z</time><sat>32</sat></trkpt>
  <trkpt lat="30.27226917" lon="120.15892961"><ele>32.225</ele><time>2026-09-16T13:44:55Z</time><sat>32</sat></trkpt>
  <trkpt lat="30.27226936" lon="120.15892991"><ele>32.397</ele><time>2026-09-16T13:44:58Z</time><sat>32</sat></trkpt>
  <trkpt lat="30.27226957" lon="120.15892964"><ele>32.452</ele><time>2026-09-16T13:45:01Z</time><sat>32</sat></trkpt>
  <trkpt lat="30.27226975" lon="120.15892937"><ele>32.496</ele><time>2026-09-16T13:45:04Z</time><sat>32</sat></trkpt>
  <trkpt lat="30.27227001" lon="120.15892901"><ele>32.543</ele><time>2026-09-16T13:45:07Z</time><sat>32</sat></trkpt>
  <trkpt lat="30.27227024" lon="120.15892868"><ele>32.600</ele><time>2026-09-16T13:45:10Z</time><sat>33</sat></trkpt>
  <trkpt lat="30.27227041" lon="120.15892845"><ele>32.631</ele><time>2026-09-16T13:45:13Z</time><sat>32</sat></trkpt>
  <trkpt lat="30.27227046" lon="120.15892830"><ele>32.633</ele><time>2026-09-16T13:45:16Z</time><sat>27</sat></trkpt>
  <trkpt lat="30.27227058" lon="120.15892800"><ele>32.649</ele><time>2026-09-16T13:45:19Z</time><sat>27</sat></trkpt>
  <trkpt lat="30.27227079" lon="120.15892763"><ele>32.687</ele><time>2026-09-16T13:45:22Z</time><sat>31</sat></trkpt>
  <trkpt lat="30.27227101" lon="120.15892730"><ele>32.725</ele><time>2026-09-16T13:45:25Z</time><sat>32</sat></trkpt>
  <trkpt lat="30.27227124" lon="120.15892705"><ele>32.767</ele><time>2026-09-16T13:45:28Z</time><sat>32</sat></trkpt>
  <trkpt lat="30.27227146" lon="120.15892693"><ele>32.793</ele><time>2026-09-16T13:45:31Z</time><sat>32</sat></trkpt>
  <trkpt lat="30.27227147" lon="120.15892689"><ele>32.790</ele><time>2026-09-16T13:45:34Z</time><sat>31</sat></trkpt>
  <trkpt lat="30.27227146" lon="120.15892687"><ele>32.789</ele><time>2026-09-16T13:45:37Z</time><sat>26</sat></trkpt>
  <trkpt lat="30.27227149" lon="120.15892684"><ele>32.797</ele><time>2026-09-16T13:45:40Z</time><sat>27</sat></trkpt>
  <trkpt lat="30.27227149" lon="120.15892680"><ele>32.810</ele><time>2026-09-16T13:45:43Z</time><sat>26</sat></trkpt>
  <trkpt lat="30.27227701" lon="120.15892341"><ele>32.311</ele><time>2026-09-16T13:45:46Z</time><sat>26</sat></trkpt>
  <trkpt lat="30.27230894" lon="120.15891102"><ele>31.341</ele><time>2026-09-16T13:45:49Z</time><sat>29</sat></trkpt>
  <trkpt lat="30.27234487" lon="120.15889284"><ele>30.836</ele><time>2026-09-16T13:45:52Z</time><sat>32</sat></trkpt>
  <trkpt lat="30.27240065" lon="120.15886545"><ele>28.034</ele><time>2026-09-16T13:45:55Z</time><sat>33</sat></trkpt>
  <trkpt lat="30.27248048" lon="120.15882498"><ele>24.698</ele><time>2026-09-16T13:45:58Z</time><sat>33</sat></trkpt>
  <trkpt lat="30.27253519" lon="120.15877356"><ele>22.340</ele><time>2026-09-16T13:46:01Z</time><sat>33</sat></trkpt>
  <trkpt lat="30.27256661" lon="120.15870092"><ele>22.107</ele><time>2026-09-16T13:46:04Z</time><sat>32</sat></trkpt>
  <trkpt lat="30.27262405" lon="120.15862101"><ele>20.627</ele><time>2026-09-16T13:46:07Z</time><sat>31</sat></trkpt>
  <trkpt lat="30.27267814" lon="120.15854016"><ele>17.847</ele><time>2026-09-16T13:46:10Z</time><sat>29</sat></trkpt>
  <trkpt lat="30.27270840" lon="120.15844531"><ele>15.784</ele><time>2026-09-16T13:46:13Z</time><sat>30</sat></trkpt>
  <trkpt lat="30.27272876" lon="120.15835153"><ele>15.022</ele><time>2026-09-16T13:46:16Z</time><sat>27</sat></trkpt>
  <trkpt lat="30.27273646" lon="120.15824861"><ele>15.133</ele><time>2026-09-16T13:46:19Z</time><sat>30</sat></trkpt>
  <trkpt lat="30.27274059" lon="120.15814607"><ele>15.050</ele><time>2026-09-16T13:46:22Z</time><sat>32</sat></trkpt>
  <trkpt lat="30.27274256" lon="120.15804498"><ele>14.383</ele><time>2026-09-16T13:46:25Z</time><sat>31</sat></trkpt>
  <trkpt lat="30.27274703" lon="120.15794337"><ele>13.775</ele><time>2026-09-16T13:46:28Z</time><sat>31</sat></trkpt>
  <trkpt lat="30.27276362" lon="120.15783851"><ele>13.173</ele><time>2026-09-16T13:46:31Z</time><sat>30</sat></trkpt>
  <trkpt lat="30.27277712" lon="120.15773112"><ele>13.621</ele><time>2026-09-16T13:46:34Z</time><sat>31</sat></trkpt>
  <trkpt lat="30.27277340" lon="120.15762200"><ele>13.729</ele><time>2026-09-16T13:46:37Z</time><sat>33</sat></trkpt>
  <trkpt lat="30.27277341" lon="120.15751856"><ele>14.507</ele><time>2026-09-16T13:46:40Z</time><sat>32</sat></trkpt>
  <trkpt lat="30.27277675" lon="120.15740888"><ele>15.171</ele><time>2026-09-16T13:46:43Z</time><sat>32</sat></trkpt>
  <trkpt lat="30.27278370" lon="120.15729683"><ele>15.314</ele><time>2026-09-16T13:46:46Z</time><sat>31</sat></trkpt>
  <trkpt lat="30.27279284" lon="120.15718230"><ele>15.515</ele><time>2026-09-16T13:46:49Z</time><sat>30</sat></trkpt>
  <trkpt lat="30.27280056" lon="120.15707347"><ele>16.695</ele><time>2026-09-16T13:46:52Z</time><sat>31</sat></trkpt>
  <trkpt lat="30.27279396" lon="120.15696496"><ele>17.852</ele><time>2026-09-16T13:46:55Z</time><sat>32</sat></trkpt>
  <trkpt lat="30.27279718" lon="120.15686364"><ele>18.628</ele><time>2026-09-16T13:46:58Z</time><sat>30</sat></trkpt>
  <trkpt lat="30.27280033" lon="120.15676342"><ele>20.063</ele><time>2026-09-16T13:47:01Z</time><sat>30</sat></trkpt>
  <trkpt lat="30.27280897" lon="120.15667563"><ele>20.221</ele><time>2026-09-16T13:47:04Z</time><sat>32</sat></trkpt>
  <trkpt lat="30.27282068" lon="120.15661566"><ele>19.924</ele><time>2026-09-16T13:47:07Z</time><sat>33</sat></trkpt>
  <trkpt lat="30.27283146" lon="120.15656819"><ele>23.392</ele><time>2026-09-16T13:47:10Z</time><sat>34</sat></trkpt>
  <trkpt lat="30.27283879" lon="120.15651384"><ele>25.240</ele><time>2026-09-16T13:47:13Z</time><sat>34</sat></trkpt>
  <trkpt lat="30.27284222" lon="120.15644856"><ele>28.346</ele><time>2026-09-16T13:47:16Z</time><sat>34</sat></trkpt>
  <trkpt lat="30.27284123" lon="120.15637945"><ele>29.642</ele><time>2026-09-16T13:47:19Z</time><sat>35</sat></trkpt>
  <trkpt lat="30.27283903" lon="120.15631711"><ele>32.262</ele><time>2026-09-16T13:47:22Z</time><sat>35</sat></trkpt>
  <trkpt lat="30.27285546" lon="120.15624901"><ele>31.214</ele><time>2026-09-16T13:47:25Z</time><sat>34</sat></trkpt>
  <trkpt lat="30.27288893" lon="120.15618322"><ele>30.924</ele><time>2026-09-16T13:47:28Z</time><sat>34</sat></trkpt>
  <trkpt lat="30.27290747" lon="120.15611422"><ele>30.957</ele><time>2026-09-16T13:47:31Z</time><sat>34</sat></trkpt>
  <trkpt lat="30.27291853" lon="120.15605406"><ele>31.732</ele><time>2026-09-16T13:47:34Z</time><sat>33</sat></trkpt>
  <trkpt lat="30.27292152" lon="120.15599590"><ele>34.331</ele><time>2026-09-16T13:47:37Z</time><sat>35</sat></trkpt>
  <trkpt lat="30.27291192" lon="120.15595316"><ele>35.699</ele><time>2026-09-16T13:47:40Z</time><sat>37</sat></trkpt>
  <trkpt lat="30.27292707" lon="120.15591004"><ele>35.944</ele><time>2026-09-16T13:47:43Z</time><sat>37</sat></trkpt>
  <trkpt lat="30.27291733" lon="120.15584645"><ele>37.232</ele><time>2026-09-16T13:47:46Z</time><sat>36</sat></trkpt>
  <trkpt lat="30.27288845" lon="120.15579090"><ele>37.655</ele><time>2026-09-16T13:47:49Z</time><sat>36</sat></trkpt>
  <trkpt lat="30.27287743" lon="120.15573757"><ele>37.342</ele><time>2026-09-16T13:47:52Z</time><sat>36</sat></trkpt>
  <trkpt lat="30.27288757" lon="120.15569326"><ele>37.961</ele><time>2026-09-16T13:47:55Z</time><sat>36</sat></trkpt>
  <trkpt lat="30.27288844" lon="120.15564986"><ele>37.843</ele><time>2026-09-16T13:47:58Z</time><sat>33</sat></trkpt>
  <trkpt lat="30.27289340" lon="120.15560803"><ele>35.858</ele><time>2026-09-16T13:48:01Z</time><sat>36</sat></trkpt>
  <trkpt lat="30.27290036" lon="120.15556291"><ele>34.086</ele><time>2026-09-16T13:48:04Z</time><sat>36</sat></trkpt>
  <trkpt lat="30.27291335" lon="120.15552439"><ele>32.623</ele><time>2026-09-16T13:48:07Z</time><sat>38</sat></trkpt>
  <trkpt lat="30.27292279" lon="120.15548439"><ele>31.388</ele><time>2026-09-16T13:48:10Z</time><sat>38</sat></trkpt>
  <trkpt lat="30.27293390" lon="120.15544899"><ele>30.496</ele><time>2026-09-16T13:48:13Z</time><sat>36</sat></trkpt>
  <trkpt lat="30.27295455" lon="120.15540623"><ele>28.742</ele><time>2026-09-16T13:48:16Z</time><sat>36</sat></trkpt>
  <trkpt lat="30.27296147" lon="120.15536832"><ele>26.577</ele><time>2026-09-16T13:48:19Z</time><sat>38</sat></trkpt>
  <trkpt lat="30.27296821" lon="120.15532209"><ele>25.846</ele><time>2026-09-16T13:48:22Z</time><sat>38</sat></trkpt>
  <trkpt lat="30.27297031" lon="120.15527261"><ele>26.549</ele><time>2026-09-16T13:48:25Z</time><sat>35</sat></trkpt>
  <trkpt lat="30.27297507" lon="120.15522888"><ele>27.188</ele><time>2026-09-16T13:48:28Z</time><sat>36</sat></trkpt>
  <trkpt lat="30.27297396" lon="120.15518964"><ele>26.782</ele><time>2026-09-16T13:48:31Z</time><sat>37</sat></trkpt>
  <trkpt lat="30.27296829" lon="120.15514530"><ele>26.532</ele><time>2026-09-16T13:48:34Z</time><sat>37</sat></trkpt>
  <trkpt lat="30.27296109" lon="120.15509333"><ele>27.469</ele><time>2026-09-16T13:48:37Z</time><sat>36</sat></trkpt>
  <trkpt lat="30.27296412" lon="120.15503734"><ele>28.276</ele><time>2026-09-16T13:48:40Z</time><sat>36</sat></trkpt>
  <trkpt lat="30.27297499" lon="120.15499516"><ele>27.052</ele><time>2026-09-16T13:48:43Z</time><sat>36</sat></trkpt>
  <trkpt lat="30.27298172" lon="120.15494571"><ele>26.812</ele><time>2026-09-16T13:48:46Z</time><sat>35</sat></trkpt>
  <trkpt lat="30.27298583" lon="120.15489329"><ele>26.909</ele><time>2026-09-16T13:48:49Z</time><sat>35</sat></trkpt>
  <trkpt lat="30.27299080" lon="120.15484459"><ele>27.924</ele><time>2026-09-16T13:48:52Z</time><sat>36</sat></trkpt>
  <trkpt lat="30.27299384" lon="120.15479614"><ele>28.448</ele><time>2026-09-16T13:48:55Z</time><sat>36</sat></trkpt>
  <trkpt lat="30.27299419" lon="120.15474838"><ele>27.644</ele><time>2026-09-16T13:48:58Z</time><sat>36</sat></trkpt>
  <trkpt lat="30.27299438" lon="120.15470246"><ele>28.703</ele><time>2026-09-16T13:49:01Z</time><sat>35</sat></trkpt>
  <trkpt lat="30.27299524" lon="120.15465907"><ele>28.286</ele><time>2026-09-16T13:49:04Z</time><sat>35</sat></trkpt>
  <trkpt lat="30.27301254" lon="120.15461256"><ele>26.973</ele><time>2026-09-16T13:49:07Z</time><sat>35</sat></trkpt>
  <trkpt lat="30.27302459" lon="120.15456633"><ele>24.595</ele><time>2026-09-16T13:49:10Z</time><sat>36</sat></trkpt>
  <trkpt lat="30.27302908" lon="120.15452650"><ele>23.069</ele><time>2026-09-16T13:49:13Z</time><sat>36</sat></trkpt>
  <trkpt lat="30.27302352" lon="120.15448940"><ele>23.108</ele><time>2026-09-16T13:49:16Z</time><sat>36</sat></trkpt>
  <trkpt lat="30.27301308" lon="120.15444922"><ele>23.543</ele><time>2026-09-16T13:49:19Z</time><sat>36</sat></trkpt>
  <trkpt lat="30.27300029" lon="120.15441022"><ele>23.372</ele><time>2026-09-16T13:49:22Z</time><sat>37</sat></trkpt>
  <trkpt lat="30.27299518" lon="120.15436719"><ele>23.677</ele><time>2026-09-16T13:49:25Z</time><sat>35</sat></trkpt>
  <trkpt lat="30.27297550" lon="120.15433813"><ele>24.017</ele><time>2026-09-16T13:49:28Z</time><sat>34</sat></trkpt>
  <trkpt lat="30.27299993" lon="120.15429248"><ele>22.690</ele><time>2026-09-16T13:49:31Z</time><sat>36</sat></trkpt>
  <trkpt lat="30.27304153" lon="120.15424742"><ele>21.679</ele><time>2026-09-16T13:49:34Z</time><sat>37</sat></trkpt>
  <trkpt lat="30.27307146" lon="120.15419866"><ele>21.945</ele><time>2026-09-16T13:49:37Z</time><sat>36</sat></trkpt>
  <trkpt lat="30.27308903" lon="120.15416422"><ele>23.433</ele><time>2026-09-16T13:49:40Z</time><sat>33</sat></trkpt>
  <trkpt lat="30.27310262" lon="120.15407908"><ele>23.771</ele><time>2026-09-16T13:49:43Z</time><sat>29</sat></trkpt>
  <trkpt lat="30.27313779" lon="120.15395007"><ele>22.846</ele><time>2026-09-16T13:49:46Z</time><sat>30</sat></trkpt>
  <trkpt lat="30.27312577" lon="120.15387448"><ele>23.825</ele><time>2026-09-16T13:49:49Z</time><sat>24</sat></trkpt>
  <trkpt lat="30.27312764" lon="120.15387399"><ele>23.426</ele><time>2026-09-16T13:49:52Z</time><sat>32</sat></trkpt>
  <trkpt lat="30.27312961" lon="120.15387028"><ele>23.103</ele><time>2026-09-16T13:49:55Z</time><sat>33</sat></trkpt>
  <trkpt lat="30.27313408" lon="120.15386837"><ele>22.884</ele><time>2026-09-16T13:49:58Z</time><sat>33</sat></trkpt>
  <trkpt lat="30.27313480" lon="120.15386785"><ele>22.776</ele><time>2026-09-16T13:50:01Z</time><sat>35</sat></trkpt>
  <trkpt lat="30.27313477" lon="120.15386786"><ele>22.790</ele><time>2026-09-16T13:50:04Z</time><sat>31</sat></trkpt>
  <trkpt lat="30.27313398" lon="120.15386672"><ele>22.874</ele><time>2026-09-16T13:50:07Z</time><sat>32</sat></trkpt>
  <trkpt lat="30.27313370" lon="120.15386672"><ele>22.859</ele><time>2026-09-16T13:50:10Z</time><sat>33</sat></trkpt>
  <trkpt lat="30.27313340" lon="120.15386643"><ele>22.922</ele><time>2026-09-16T13:50:13Z</time><sat>35</sat></trkpt>
  <trkpt lat="30.27313291" lon="120.15386571"><ele>22.988</ele><time>2026-09-16T13:50:16Z</time><sat>34</sat></trkpt>
  <trkpt lat="30.27313281" lon="120.15386524"><ele>23.076</ele><time>2026-09-16T13:50:19Z</time><sat>33</sat></trkpt>
  <trkpt lat="30.27313259" lon="120.15386474"><ele>23.131</ele><time>2026-09-16T13:50:22Z</time><sat>34</sat></trkpt>
  <trkpt lat="30.27313256" lon="120.15386481"><ele>23.130</ele><time>2026-09-16T13:50:25Z</time><sat>36</sat></trkpt>
  <trkpt lat="30.27313253" lon="120.15386480"><ele>23.129</ele><time>2026-09-16T13:50:28Z</time><sat>32</sat></trkpt>
  <trkpt lat="30.27313256" lon="120.15386478"><ele>23.121</ele><time>2026-09-16T13:50:31Z</time><sat>29</sat></trkpt>
  <trkpt lat="30.27313267" lon="120.15386473"><ele>23.129</ele><time>2026-09-16T13:50:34Z</time><sat>33</sat></trkpt>
  <trkpt lat="30.27313263" lon="120.15386461"><ele>23.145</ele><time>2026-09-16T13:50:37Z</time><sat>34</sat></trkpt>
  <trkpt lat="30.27313269" lon="120.15386457"><ele>23.142</ele><time>2026-09-16T13:50:40Z</time><sat>30</sat></trkpt>
  <trkpt lat="30.27313277" lon="120.15386452"><ele>23.132</ele><time>2026-09-16T13:50:43Z</time><sat>30</sat></trkpt>
  <trkpt lat="30.27313286" lon="120.15386450"><ele>23.128</ele><time>2026-09-16T13:50:46Z</time><sat>31</sat></trkpt>
  <trkpt lat="30.27313296" lon="120.15386446"><ele>23.126</ele><time>2026-09-16T13:50:49Z</time><sat>31</sat></trkpt>
  <trkpt lat="30.27313302" lon="120.15386446"><ele>23.115</ele><time>2026-09-16T13:50:52Z</time><sat>30</sat></trkpt>
  <trkpt lat="30.27313309" lon="120.15386440"><ele>23.109</ele><time>2026-09-16T13:50:55Z</time><sat>31</sat></trkpt>
  <trkpt lat="30.27313315" lon="120.15386436"><ele>23.101</ele><time>2026-09-16T13:50:58Z</time><sat>31</sat></trkpt>
  <trkpt lat="30.27313314" lon="120.15386416"><ele>23.111</ele><time>2026-09-16T13:51:01Z</time><sat>31</sat></trkpt>
  <trkpt lat="30.27313281" lon="120.15386403"><ele>23.119</ele><time>2026-09-16T13:51:04Z</time><sat>32</sat></trkpt>
  <trkpt lat="30.27313245" lon="120.15386402"><ele>23.123</ele><time>2026-09-16T13:51:07Z</time><sat>35</sat></trkpt>
  <trkpt lat="30.27313214" lon="120.15386414"><ele>23.108</ele><time>2026-09-16T13:51:10Z</time><sat>35</sat></trkpt>
  <trkpt lat="30.27313192" lon="120.15386393"><ele>23.124</ele><time>2026-09-16T13:51:13Z</time><sat>33</sat></trkpt>
  <trkpt lat="30.27313170" lon="120.15386367"><ele>23.136</ele><time>2026-09-16T13:51:16Z</time><sat>34</sat></trkpt>
  <trkpt lat="30.27313146" lon="120.15386334"><ele>23.156</ele><time>2026-09-16T13:51:19Z</time><sat>34</sat></trkpt>
  <trkpt lat="30.27313123" lon="120.15386300"><ele>23.188</ele><time>2026-09-16T13:51:22Z</time><sat>34</sat></trkpt>
  <trkpt lat="30.27313098" lon="120.15386270"><ele>23.210</ele><time>2026-09-16T13:51:25Z</time><sat>31</sat></trkpt>
  <trkpt lat="30.27313090" lon="120.15386251"><ele>23.210</ele><time>2026-09-16T13:51:28Z</time><sat>32</sat></trkpt>
  <trkpt lat="30.27313091" lon="120.15386233"><ele>23.209</ele><time>2026-09-16T13:51:31Z</time><sat>33</sat></trkpt>
  <trkpt lat="30.27313334" lon="120.15385718"><ele>23.206</ele><time>2026-09-16T13:51:34Z</time><sat>34</sat></trkpt>
  <trkpt lat="30.27313644" lon="120.15381983"><ele>20.921</ele><time>2026-09-16T13:51:37Z</time><sat>34</sat></trkpt>
  <trkpt lat="30.27314456" lon="120.15374360"><ele>19.858</ele><time>2026-09-16T13:51:40Z</time><sat>33</sat></trkpt>
  <trkpt lat="30.27311731" lon="120.15362195"><ele>18.508</ele><time>2026-09-16T13:51:43Z</time><sat>33</sat></trkpt>
  <trkpt lat="30.27309930" lon="120.15351927"><ele>18.309</ele><time>2026-09-16T13:51:46Z</time><sat>34</sat></trkpt>
  <trkpt lat="30.27308269" lon="120.15342090"><ele>18.253</ele><time>2026-09-16T13:51:49Z</time><sat>33</sat></trkpt>
  <trkpt lat="30.27307701" lon="120.15330477"><ele>18.529</ele><time>2026-09-16T13:51:52Z</time><sat>30</sat></trkpt>
  <trkpt lat="30.27308325" lon="120.15319643"><ele>15.509</ele><time>2026-09-16T13:51:55Z</time><sat>33</sat></trkpt>
  <trkpt lat="30.27307858" lon="120.15306580"><ele>14.425</ele><time>2026-09-16T13:51:58Z</time><sat>34</sat></trkpt>
  <trkpt lat="30.27307837" lon="120.15293629"><ele>15.382</ele><time>2026-09-16T13:52:01Z</time><sat>34</sat></trkpt>
  <trkpt lat="30.27309227" lon="120.15279723"><ele>13.958</ele><time>2026-09-16T13:52:04Z</time><sat>34</sat></trkpt>
  <trkpt lat="30.27310456" lon="120.15267065"><ele>13.595</ele><time>2026-09-16T13:52:07Z</time><sat>33</sat></trkpt>
  <trkpt lat="30.27311751" lon="120.15254126"><ele>13.478</ele><time>2026-09-16T13:52:10Z</time><sat>31</sat></trkpt>
  <trkpt lat="30.27312815" lon="120.15241931"><ele>13.129</ele><time>2026-09-16T13:52:13Z</time><sat>31</sat></trkpt>
  <trkpt lat="30.27314997" lon="120.15228092"><ele>12.214</ele><time>2026-09-16T13:52:16Z</time><sat>32</sat></trkpt>
  <trkpt lat="30.27317117" lon="120.15215570"><ele>12.968</ele><time>2026-09-16T13:52:19Z</time><sat>29</sat></trkpt>
  <trkpt lat="30.27318515" lon="120.15204188"><ele>13.684</ele><time>2026-09-16T13:52:22Z</time><sat>31</sat></trkpt>
  <trkpt lat="30.27319568" lon="120.15192408"><ele>14.889</ele><time>2026-09-16T13:52:25Z</time><sat>30</sat></trkpt>
  <trkpt lat="30.27321342" lon="120.15182552"><ele>16.248</ele><time>2026-09-16T13:52:28Z</time><sat>28</sat></trkpt>
  <trkpt lat="30.27322884" lon="120.15172054"><ele>15.658</ele><time>2026-09-16T13:52:31Z</time><sat>28</sat></trkpt>
  <trkpt lat="30.27322989" lon="120.15163763"><ele>15.363</ele><time>2026-09-16T13:52:34Z</time><sat>32</sat></trkpt>
  <trkpt lat="30.27323773" lon="120.15151589"><ele>15.945</ele><time>2026-09-16T13:52:37Z</time><sat>32</sat></trkpt>
  <trkpt lat="30.27324071" lon="120.15137579"><ele>18.253</ele><time>2026-09-16T13:52:40Z</time><sat>35</sat></trkpt>
  <trkpt lat="30.27323588" lon="120.15124644"><ele>20.144</ele><time>2026-09-16T13:52:43Z</time><sat>36</sat></trkpt>
  <trkpt lat="30.27323783" lon="120.15119875"><ele>17.345</ele><time>2026-09-16T13:52:46Z</time><sat>35</sat></trkpt>
  <trkpt lat="30.27323846" lon="120.15107627"><ele>17.899</ele><time>2026-09-16T13:52:49Z</time><sat>33</sat></trkpt>
  <trkpt lat="30.27325250" lon="120.15088354"><ele>20.488</ele><time>2026-09-16T13:52:52Z</time><sat>31</sat></trkpt>
  <trkpt lat="30.27327799" lon="120.15078392"><ele>19.874</ele><time>2026-09-16T13:52:55Z</time><sat>25</sat></trkpt>
  <trkpt lat="30.27329786" lon="120.15072701"><ele>20.804</ele><time>2026-09-16T13:52:58Z</time><sat>33</sat></trkpt>
  <trkpt lat="30.27330255" lon="120.15066900"><ele>22.427</ele><time>2026-09-16T13:53:01Z</time><sat>32</sat></trkpt>
  <trkpt lat="30.27330309" lon="120.15062683"><ele>23.530</ele><time>2026-09-16T13:53:04Z</time><sat>29</sat></trkpt>
  <trkpt lat="30.27329808" lon="120.15061293"><ele>24.879</ele><time>2026-09-16T13:53:07Z</time><sat>31</sat></trkpt>
  <trkpt lat="30.27330216" lon="120.15061210"><ele>24.196</ele><time>2026-09-16T13:53:10Z</time><sat>34</sat></trkpt>
  <trkpt lat="30.27330288" lon="120.15061438"><ele>23.869</ele><time>2026-09-16T13:53:13Z</time><sat>34</sat></trkpt>
  <trkpt lat="30.27330255" lon="120.15061450"><ele>23.891</ele><time>2026-09-16T13:53:16Z</time><sat>31</sat></trkpt>
  <trkpt lat="30.27330246" lon="120.15061422"><ele>23.966</ele><time>2026-09-16T13:53:19Z</time><sat>35</sat></trkpt>
  <trkpt lat="30.27330219" lon="120.15061417"><ele>24.021</ele><time>2026-09-16T13:53:22Z</time><sat>33</sat></trkpt>
  <trkpt lat="30.27330192" lon="120.15061403"><ele>24.046</ele><time>2026-09-16T13:53:25Z</time><sat>32</sat></trkpt>
  <trkpt lat="30.27330171" lon="120.15061386"><ele>24.085</ele><time>2026-09-16T13:53:28Z</time><sat>32</sat></trkpt>
  <trkpt lat="30.27330146" lon="120.15061401"><ele>24.118</ele><time>2026-09-16T13:53:31Z</time><sat>33</sat></trkpt>
  <trkpt lat="30.27330120" lon="120.15061411"><ele>24.149</ele><time>2026-09-16T13:53:34Z</time><sat>33</sat></trkpt>
  <trkpt lat="30.27330082" lon="120.15061385"><ele>24.210</ele><time>2026-09-16T13:53:37Z</time><sat>33</sat></trkpt>
  <trkpt lat="30.27330066" lon="120.15061346"><ele>24.230</ele><time>2026-09-16T13:53:40Z</time><sat>32</sat></trkpt>
  <trkpt lat="30.27330405" lon="120.15060670"><ele>24.148</ele><time>2026-09-16T13:53:43Z</time><sat>33</sat></trkpt>
  <trkpt lat="30.27330676" lon="120.15060684"><ele>24.209</ele><time>2026-09-16T13:53:46Z</time><sat>33</sat></trkpt>
  <trkpt lat="30.27330681" lon="120.15060668"><ele>24.387</ele><time>2026-09-16T13:53:49Z</time><sat>29</sat></trkpt>
  <trkpt lat="30.27330686" lon="120.15060569"><ele>24.439</ele><time>2026-09-16T13:53:52Z</time><sat>27</sat></trkpt>
  <trkpt lat="30.27331223" lon="120.15055535"><ele>24.308</ele><time>2026-09-16T13:53:55Z</time><sat>32</sat></trkpt>
  <trkpt lat="30.27328896" lon="120.15046843"><ele>23.626</ele><time>2026-09-16T13:53:58Z</time><sat>35</sat></trkpt>
  <trkpt lat="30.27325032" lon="120.15036457"><ele>23.069</ele><time>2026-09-16T13:54:01Z</time><sat>37</sat></trkpt>
  <trkpt lat="30.27321220" lon="120.15028204"><ele>22.246</ele><time>2026-09-16T13:54:04Z</time><sat>36</sat></trkpt>
  <trkpt lat="30.27315936" lon="120.15018615"><ele>23.785</ele><time>2026-09-16T13:54:07Z</time><sat>33</sat></trkpt>
  <trkpt lat="30.27310825" lon="120.15010235"><ele>23.618</ele><time>2026-09-16T13:54:10Z</time><sat>35</sat></trkpt>
  <trkpt lat="30.27305800" lon="120.15002779"><ele>19.025</ele><time>2026-09-16T13:54:13Z</time><sat>34</sat></trkpt>
  <trkpt lat="30.27301800" lon="120.14996785"><ele>16.180</ele><time>2026-09-16T13:54:16Z</time><sat>31</sat></trkpt>
  <trkpt lat="30.27298954" lon="120.14991650"><ele>13.430</ele><time>2026-09-16T13:54:19Z</time><sat>32</sat></trkpt>
  <trkpt lat="30.27294801" lon="120.14984980"><ele>13.106</ele><time>2026-09-16T13:54:22Z</time><sat>36</sat></trkpt>
  <trkpt lat="30.27290238" lon="120.14977449"><ele>13.386</ele><time>2026-09-16T13:54:25Z</time><sat>35</sat></trkpt>
  <trkpt lat="30.27285782" lon="120.14969959"><ele>13.626</ele><time>2026-09-16T13:54:28Z</time><sat>34</sat></trkpt>
  <trkpt lat="30.27280598" lon="120.14962343"><ele>14.054</ele><time>2026-09-16T13:54:31Z</time><sat>33</sat></trkpt>
  <trkpt lat="30.27275823" lon="120.14954459"><ele>14.206</ele><time>2026-09-16T13:54:34Z</time><sat>34</sat></trkpt>
  <trkpt lat="30.27269416" lon="120.14946919"><ele>14.937</ele><time>2026-09-16T13:54:37Z</time><sat>35</sat></trkpt>
  <trkpt lat="30.27264157" lon="120.14938866"><ele>15.373</ele><time>2026-09-16T13:54:40Z</time><sat>34</sat></trkpt>
  <trkpt lat="30.27258660" lon="120.14930565"><ele>15.605</ele><time>2026-09-16T13:54:43Z</time><sat>32</sat></trkpt>
  <trkpt lat="30.27252987" lon="120.14922571"><ele>15.691</ele><time>2026-09-16T13:54:46Z</time><sat>32</sat></trkpt>
  <trkpt lat="30.27247559" lon="120.14914872"><ele>15.762</ele><time>2026-09-16T13:54:49Z</time><sat>30</sat></trkpt>
  <trkpt lat="30.27242424" lon="120.14906908"><ele>15.706</ele><time>2026-09-16T13:54:52Z</time><sat>30</sat></trkpt>
  <trkpt lat="30.27237182" lon="120.14899376"><ele>16.088</ele><time>2026-09-16T13:54:55Z</time><sat>31</sat></trkpt>
  <trkpt lat="30.27232125" lon="120.14891882"><ele>16.939</ele><time>2026-09-16T13:54:58Z</time><sat>34</sat></trkpt>
  <trkpt lat="30.27226710" lon="120.14884690"><ele>17.213</ele><time>2026-09-16T13:55:01Z</time><sat>36</sat></trkpt>
  <trkpt lat="30.27221695" lon="120.14878364"><ele>16.542</ele><time>2026-09-16T13:55:04Z</time><sat>35</sat></trkpt>
  <trkpt lat="30.27216143" lon="120.14873357"><ele>16.112</ele><time>2026-09-16T13:55:07Z</time><sat>38</sat></trkpt>
  <trkpt lat="30.27211365" lon="120.14867086"><ele>14.853</ele><time>2026-09-16T13:55:10Z</time><sat>37</sat></trkpt>
  <trkpt lat="30.27207136" lon="120.14859906"><ele>13.270</ele><time>2026-09-16T13:55:13Z</time><sat>37</sat></trkpt>
  <trkpt lat="30.27201940" lon="120.14852461"><ele>12.196</ele><time>2026-09-16T13:55:16Z</time><sat>37</sat></trkpt>
  <trkpt lat="30.27196550" lon="120.14845384"><ele>12.589</ele><time>2026-09-16T13:55:19Z</time><sat>36</sat></trkpt>
  <trkpt lat="30.27190240" lon="120.14838565"><ele>12.921</ele><time>2026-09-16T13:55:22Z</time><sat>36</sat></trkpt>
  <trkpt lat="30.27185697" lon="120.14830579"><ele>14.135</ele><time>2026-09-16T13:55:25Z</time><sat>36</sat></trkpt>
  <trkpt lat="30.27182307" lon="120.14822274"><ele>16.171</ele><time>2026-09-16T13:55:28Z</time><sat>37</sat></trkpt>
  <trkpt lat="30.27178517" lon="120.14814389"><ele>16.941</ele><time>2026-09-16T13:55:31Z</time><sat>35</sat></trkpt>
  <trkpt lat="30.27174848" lon="120.14806782"><ele>18.098</ele><time>2026-09-16T13:55:34Z</time><sat>33</sat></trkpt>
  <trkpt lat="30.27171276" lon="120.14798246"><ele>20.919</ele><time>2026-09-16T13:55:37Z</time><sat>33</sat></trkpt>
  <trkpt lat="30.27166123" lon="120.14791060"><ele>23.553</ele><time>2026-09-16T13:55:40Z</time><sat>35</sat></trkpt>
  <trkpt lat="30.27163201" lon="120.14782984"><ele>25.947</ele><time>2026-09-16T13:55:43Z</time><sat>35</sat></trkpt>
  <trkpt lat="30.27161272" lon="120.14775688"><ele>25.268</ele><time>2026-09-16T13:55:46Z</time><sat>35</sat></trkpt>
  <trkpt lat="30.27158926" lon="120.14767738"><ele>26.059</ele><time>2026-09-16T13:55:49Z</time><sat>33</sat></trkpt>
  <trkpt lat="30.27155078" lon="120.14760163"><ele>28.286</ele><time>2026-09-16T13:55:52Z</time><sat>31</sat></trkpt>
  <trkpt lat="30.27151650" lon="120.14752179"><ele>31.080</ele><time>2026-09-16T13:55:55Z</time><sat>32</sat></trkpt>
  <trkpt lat="30.27148680" lon="120.14743789"><ele>35.127</ele><time>2026-09-16T13:55:58Z</time><sat>30</sat></trkpt>
  <trkpt lat="30.27141133" lon="120.14740161"><ele>38.653</ele><time>2026-09-16T13:56:01Z</time><sat>29</sat></trkpt>
  <trkpt lat="30.27134051" lon="120.14738308"><ele>41.573</ele><time>2026-09-16T13:56:04Z</time><sat>30</sat></trkpt>
  <trkpt lat="30.27131400" lon="120.14731512"><ele>40.504</ele><time>2026-09-16T13:56:07Z</time><sat>30</sat></trkpt>
  <trkpt lat="30.27135225" lon="120.14722591"><ele>37.346</ele><time>2026-09-16T13:56:10Z</time><sat>30</sat></trkpt>
  <trkpt lat="30.27136363" lon="120.14715544"><ele>37.366</ele><time>2026-09-16T13:56:13Z</time><sat>32</sat></trkpt>
  <trkpt lat="30.27134701" lon="120.14709792"><ele>37.213</ele><time>2026-09-16T13:56:16Z</time><sat>32</sat></trkpt>
  <trkpt lat="30.27136246" lon="120.14704659"><ele>36.628</ele><time>2026-09-16T13:56:19Z</time><sat>31</sat></trkpt>
  <trkpt lat="30.27137964" lon="120.14702774"><ele>34.218</ele><time>2026-09-16T13:56:22Z</time><sat>31</sat></trkpt>
  <trkpt lat="30.27138217" lon="120.14706514"><ele>27.423</ele><time>2026-09-16T13:56:25Z</time><sat>32</sat></trkpt>
  <trkpt lat="30.27137111" lon="120.14710842"><ele>23.131</ele><time>2026-09-16T13:56:28Z</time><sat>34</sat></trkpt>
  <trkpt lat="30.27135459" lon="120.14711090"><ele>21.837</ele><time>2026-09-16T13:56:31Z</time><sat>34</sat></trkpt>
  <trkpt lat="30.27134610" lon="120.14709276"><ele>21.013</ele><time>2026-09-16T13:56:34Z</time><sat>35</sat></trkpt>
  <trkpt lat="30.27134277" lon="120.14706473"><ele>18.609</ele><time>2026-09-16T13:56:37Z</time><sat>35</sat></trkpt>
  <trkpt lat="30.27133618" lon="120.14703742"><ele>16.415</ele><time>2026-09-16T13:56:40Z</time><sat>35</sat></trkpt>
  <trkpt lat="30.27132422" lon="120.14698944"><ele>15.612</ele><time>2026-09-16T13:56:43Z</time><sat>35</sat></trkpt>
  <trkpt lat="30.27132400" lon="120.14692988"><ele>14.526</ele><time>2026-09-16T13:56:46Z</time><sat>30</sat></trkpt>
  <trkpt lat="30.27131551" lon="120.14687341"><ele>15.204</ele><time>2026-09-16T13:56:49Z</time><sat>29</sat></trkpt>
  <trkpt lat="30.27129110" lon="120.14684597"><ele>13.436</ele><time>2026-09-16T13:56:52Z</time><sat>29</sat></trkpt>
  <trkpt lat="30.27127603" lon="120.14680399"><ele>13.629</ele><time>2026-09-16T13:56:55Z</time><sat>29</sat></trkpt>
  <trkpt lat="30.27125119" lon="120.14675983"><ele>13.850</ele><time>2026-09-16T13:56:58Z</time><sat>34</sat></trkpt>
  <trkpt lat="30.27124795" lon="120.14672501"><ele>11.255</ele><time>2026-09-16T13:57:01Z</time><sat>36</sat></trkpt>
  <trkpt lat="30.27124000" lon="120.14668101"><ele>11.092</ele><time>2026-09-16T13:57:04Z</time><sat>36</sat></trkpt>
  <trkpt lat="30.27123268" lon="120.14664064"><ele>11.320</ele><time>2026-09-16T13:57:07Z</time><sat>33</sat></trkpt>
  <trkpt lat="30.27121366" lon="120.14660902"><ele>11.217</ele><time>2026-09-16T13:57:10Z</time><sat>30</sat></trkpt>
  <trkpt lat="30.27120373" lon="120.14656968"><ele>11.362</ele><time>2026-09-16T13:57:13Z</time><sat>32</sat></trkpt>
  <trkpt lat="30.27118470" lon="120.14651235"><ele>10.886</ele><time>2026-09-16T13:57:16Z</time><sat>37</sat></trkpt>
  <trkpt lat="30.27116392" lon="120.14645541"><ele>11.716</ele><time>2026-09-16T13:57:19Z</time><sat>37</sat></trkpt>
  <trkpt lat="30.27115104" lon="120.14641635"><ele>11.481</ele><time>2026-09-16T13:57:22Z</time><sat>36</sat></trkpt>
  <trkpt lat="30.27113628" lon="120.14637746"><ele>11.194</ele><time>2026-09-16T13:57:25Z</time><sat>34</sat></trkpt>
  <trkpt lat="30.27112680" lon="120.14633210"><ele>11.395</ele><time>2026-09-16T13:57:28Z</time><sat>29</sat></trkpt>
  <trkpt lat="30.27111518" lon="120.14629224"><ele>10.735</ele><time>2026-09-16T13:57:31Z</time><sat>30</sat></trkpt>
  <trkpt lat="30.27110094" lon="120.14624555"><ele>11.352</ele><time>2026-09-16T13:57:34Z</time><sat>29</sat></trkpt>
  <trkpt lat="30.27109342" lon="120.14620820"><ele>10.600</ele><time>2026-09-16T13:57:37Z</time><sat>29</sat></trkpt>
  <trkpt lat="30.27107204" lon="120.14617416"><ele>10.610</ele><time>2026-09-16T13:57:40Z</time><sat>30</sat></trkpt>
  <trkpt lat="30.27105108" lon="120.14613975"><ele>10.841</ele><time>2026-09-16T13:57:43Z</time><sat>30</sat></trkpt>
  <trkpt lat="30.27103445" lon="120.14610710"><ele>10.165</ele><time>2026-09-16T13:57:46Z</time><sat>29</sat></trkpt>
  <trkpt lat="30.27102328" lon="120.14606495"><ele>11.126</ele><time>2026-09-16T13:57:49Z</time><sat>29</sat></trkpt>
  <trkpt lat="30.27101163" lon="120.14601731"><ele>11.151</ele><time>2026-09-16T13:57:52Z</time><sat>30</sat></trkpt>
  <trkpt lat="30.27100042" lon="120.14597219"><ele>11.862</ele><time>2026-09-16T13:57:55Z</time><sat>33</sat></trkpt>
  <trkpt lat="30.27099666" lon="120.14592545"><ele>12.924</ele><time>2026-09-16T13:57:58Z</time><sat>37</sat></trkpt>
  <trkpt lat="30.27097174" lon="120.14586312"><ele>13.241</ele><time>2026-09-16T13:58:01Z</time><sat>38</sat></trkpt>
  <trkpt lat="30.27094226" lon="120.14577916"><ele>13.634</ele><time>2026-09-16T13:58:04Z</time><sat>35</sat></trkpt>
  <trkpt lat="30.27090059" lon="120.14568580"><ele>15.292</ele><time>2026-09-16T13:58:07Z</time><sat>33</sat></trkpt>
  <trkpt lat="30.27086296" lon="120.14560424"><ele>16.758</ele><time>2026-09-16T13:58:10Z</time><sat>26</sat></trkpt>
  <trkpt lat="30.27083286" lon="120.14551378"><ele>17.377</ele><time>2026-09-16T13:58:13Z</time><sat>30</sat></trkpt>
  <trkpt lat="30.27080034" lon="120.14542202"><ele>17.195</ele><time>2026-09-16T13:58:16Z</time><sat>31</sat></trkpt>
  <trkpt lat="30.27076218" lon="120.14534466"><ele>17.862</ele><time>2026-09-16T13:58:19Z</time><sat>30</sat></trkpt>
  <trkpt lat="30.27072369" lon="120.14526788"><ele>15.972</ele><time>2026-09-16T13:58:22Z</time><sat>32</sat></trkpt>
  <trkpt lat="30.27069990" lon="120.14517798"><ele>16.783</ele><time>2026-09-16T13:58:25Z</time><sat>31</sat></trkpt>
  <trkpt lat="30.27067568" lon="120.14508784"><ele>16.902</ele><time>2026-09-16T13:58:28Z</time><sat>28</sat></trkpt>
  <trkpt lat="30.27064114" lon="120.14499886"><ele>17.097</ele><time>2026-09-16T13:58:31Z</time><sat>30</sat></trkpt>
  <trkpt lat="30.27061215" lon="120.14490039"><ele>17.047</ele><time>2026-09-16T13:58:34Z</time><sat>32</sat></trkpt>
  <trkpt lat="30.27057602" lon="120.14480162"><ele>15.529</ele><time>2026-09-16T13:58:37Z</time><sat>30</sat></trkpt>
  <trkpt lat="30.27054662" lon="120.14470088"><ele>16.224</ele><time>2026-09-16T13:58:40Z</time><sat>27</sat></trkpt>
  <trkpt lat="30.27051314" lon="120.14460001"><ele>16.914</ele><time>2026-09-16T13:58:43Z</time><sat>27</sat></trkpt>
  <trkpt lat="30.27047760" lon="120.14449996"><ele>18.095</ele><time>2026-09-16T13:58:46Z</time><sat>29</sat></trkpt>
  <trkpt lat="30.27044197" lon="120.14440720"><ele>18.793</ele><time>2026-09-16T13:58:49Z</time><sat>30</sat></trkpt>
  <trkpt lat="30.27040382" lon="120.14431289"><ele>19.248</ele><time>2026-09-16T13:58:52Z</time><sat>27</sat></trkpt>
  <trkpt lat="30.27036243" lon="120.14421878"><ele>18.504</ele><time>2026-09-16T13:58:55Z</time><sat>31</sat></trkpt>
  <trkpt lat="30.27032054" lon="120.14413340"><ele>19.427</ele><time>2026-09-16T13:58:58Z</time><sat>31</sat></trkpt>
  <trkpt lat="30.27029208" lon="120.14404406"><ele>21.006</ele><time>2026-09-16T13:59:01Z</time><sat>32</sat></trkpt>
  <trkpt lat="30.27026268" lon="120.14396509"><ele>20.866</ele><time>2026-09-16T13:59:04Z</time><sat>26</sat></trkpt>
  <trkpt lat="30.27023586" lon="120.14389581"><ele>22.274</ele><time>2026-09-16T13:59:07Z</time><sat>28</sat></trkpt>
  <trkpt lat="30.27021530" lon="120.14382869"><ele>22.748</ele><time>2026-09-16T13:59:10Z</time><sat>33</sat></trkpt>
  <trkpt lat="30.27019405" lon="120.14376917"><ele>23.469</ele><time>2026-09-16T13:59:13Z</time><sat>32</sat></trkpt>
  <trkpt lat="30.27018755" lon="120.14373117"><ele>19.057</ele><time>2026-09-16T13:59:16Z</time><sat>30</sat></trkpt>
  <trkpt lat="30.27018969" lon="120.14368998"><ele>17.960</ele><time>2026-09-16T13:59:19Z</time><sat>31</sat></trkpt>
  <trkpt lat="30.27019374" lon="120.14365173"><ele>16.149</ele><time>2026-09-16T13:59:22Z</time><sat>29</sat></trkpt>
  <trkpt lat="30.27019478" lon="120.14361474"><ele>15.603</ele><time>2026-09-16T13:59:25Z</time><sat>28</sat></trkpt>
  <trkpt lat="30.27018927" lon="120.14357255"><ele>14.965</ele><time>2026-09-16T13:59:28Z</time><sat>27</sat></trkpt>
  <trkpt lat="30.27017513" lon="120.14353075"><ele>14.014</ele><time>2026-09-16T13:59:31Z</time><sat>28</sat></trkpt>
  <trkpt lat="30.27014550" lon="120.14350943"><ele>12.772</ele><time>2026-09-16T13:59:34Z</time><sat>30</sat></trkpt>
  <trkpt lat="30.27011388" lon="120.14347411"><ele>12.837</ele><time>2026-09-16T13:59:37Z</time><sat>34</sat></trkpt>
  <trkpt lat="30.27010093" lon="120.14343878"><ele>11.579</ele><time>2026-09-16T13:59:40Z</time><sat>32</sat></trkpt>
  <trkpt lat="30.27009742" lon="120.14340368"><ele>12.108</ele><time>2026-09-16T13:59:43Z</time><sat>30</sat></trkpt>
  <trkpt lat="30.27010147" lon="120.14337097"><ele>11.853</ele><time>2026-09-16T13:59:46Z</time><sat>26</sat></trkpt>
  <trkpt lat="30.27010450" lon="120.14333493"><ele>11.477</ele><time>2026-09-16T13:59:49Z</time><sat>27</sat></trkpt>
  <trkpt lat="30.27008455" lon="120.14331061"><ele>10.591</ele><time>2026-09-16T13:59:52Z</time><sat>26</sat></trkpt>
  <trkpt lat="30.27003694" lon="120.14326797"><ele>9.968</ele><time>2026-09-16T13:59:55Z</time><sat>36</sat></trkpt>
  <trkpt lat="30.27000908" lon="120.14322992"><ele>10.073</ele><time>2026-09-16T13:59:58Z</time><sat>37</sat></trkpt>
  <trkpt lat="30.26999163" lon="120.14318941"><ele>12.212</ele><time>2026-09-16T14:00:01Z</time><sat>35</sat></trkpt>
  <trkpt lat="30.26999400" lon="120.14315601"><ele>11.546</ele><time>2026-09-16T14:00:04Z</time><sat>35</sat></trkpt>
  <trkpt lat="30.27001345" lon="120.14311818"><ele>11.762</ele><time>2026-09-16T14:00:07Z</time><sat>33</sat></trkpt>
  <trkpt lat="30.26998484" lon="120.14307098"><ele>12.364</ele><time>2026-09-16T14:00:10Z</time><sat>26</sat></trkpt>
  <trkpt lat="30.26997117" lon="120.14302860"><ele>12.860</ele><time>2026-09-16T14:00:13Z</time><sat>26</sat></trkpt>
  <trkpt lat="30.26996983" lon="120.14300504"><ele>11.027</ele><time>2026-09-16T14:00:16Z</time><sat>31</sat></trkpt>
  <trkpt lat="30.26996360" lon="120.14297921"><ele>12.396</ele><time>2026-09-16T14:00:19Z</time><sat>32</sat></trkpt>
  <trkpt lat="30.26994088" lon="120.14294727"><ele>13.990</ele><time>2026-09-16T14:00:22Z</time><sat>37</sat></trkpt>
  <trkpt lat="30.26992920" lon="120.14291663"><ele>13.767</ele><time>2026-09-16T14:00:25Z</time><sat>37</sat></trkpt>
  <trkpt lat="30.26992021" lon="120.14288310"><ele>13.463</ele><time>2026-09-16T14:00:28Z</time><sat>33</sat></trkpt>
  <trkpt lat="30.26991319" lon="120.14284934"><ele>13.041</ele><time>2026-09-16T14:00:31Z</time><sat>36</sat></trkpt>
  <trkpt lat="30.26989245" lon="120.14282579"><ele>12.045</ele><time>2026-09-16T14:00:34Z</time><sat>35</sat></trkpt>
  <trkpt lat="30.26987363" lon="120.14278276"><ele>13.116</ele><time>2026-09-16T14:00:37Z</time><sat>34</sat></trkpt>
  <trkpt lat="30.26984899" lon="120.14274575"><ele>12.046</ele><time>2026-09-16T14:00:40Z</time><sat>34</sat></trkpt>
  <trkpt lat="30.26983662" lon="120.14273281"><ele>11.315</ele><time>2026-09-16T14:00:43Z</time><sat>34</sat></trkpt>
  <trkpt lat="30.26983009" lon="120.14272742"><ele>10.617</ele><time>2026-09-16T14:00:46Z</time><sat>34</sat></trkpt>
  <trkpt lat="30.26983171" lon="120.14272626"><ele>10.594</ele><time>2026-09-16T14:00:49Z</time><sat>35</sat></trkpt>
  <trkpt lat="30.26983228" lon="120.14271209"><ele>11.131</ele><time>2026-09-16T14:00:52Z</time><sat>35</sat></trkpt>
  <trkpt lat="30.26983801" lon="120.14270452"><ele>11.404</ele><time>2026-09-16T14:00:55Z</time><sat>34</sat></trkpt>
  <trkpt lat="30.26984046" lon="120.14270626"><ele>11.439</ele><time>2026-09-16T14:00:58Z</time><sat>36</sat></trkpt>
  <trkpt lat="30.26984061" lon="120.14270610"><ele>11.483</ele><time>2026-09-16T14:01:01Z</time><sat>37</sat></trkpt>
  <trkpt lat="30.26984069" lon="120.14270590"><ele>11.519</ele><time>2026-09-16T14:01:04Z</time><sat>36</sat></trkpt>
  <trkpt lat="30.26984071" lon="120.14270584"><ele>11.533</ele><time>2026-09-16T14:01:07Z</time><sat>35</sat></trkpt>
  <trkpt lat="30.26984071" lon="120.14270576"><ele>11.543</ele><time>2026-09-16T14:01:10Z</time><sat>36</sat></trkpt>
  <trkpt lat="30.26984074" lon="120.14270571"><ele>11.551</ele><time>2026-09-16T14:01:13Z</time><sat>34</sat></trkpt>
  <trkpt lat="30.26984079" lon="120.14270562"><ele>11.567</ele><time>2026-09-16T14:01:16Z</time><sat>34</sat></trkpt>
  <trkpt lat="30.26984127" lon="120.14270530"><ele>11.984</ele><time>2026-09-16T14:01:19Z</time><sat>36</sat></trkpt>
  <trkpt lat="30.26983856" lon="120.14269679"><ele>12.474</ele><time>2026-09-16T14:01:22Z</time><sat>37</sat></trkpt>
  <trkpt lat="30.26981681" lon="120.14264655"><ele>12.200</ele><time>2026-09-16T14:01:25Z</time><sat>35</sat></trkpt>
  <trkpt lat="30.26978166" lon="120.14255364"><ele>12.177</ele><time>2026-09-16T14:01:28Z</time><sat>35</sat></trkpt>
  <trkpt lat="30.26975343" lon="120.14245197"><ele>14.782</ele><time>2026-09-16T14:01:31Z</time><sat>36</sat></trkpt>
  <trkpt lat="30.26971656" lon="120.14236019"><ele>14.781</ele><time>2026-09-16T14:01:34Z</time><sat>33</sat></trkpt>
  <trkpt lat="30.26968081" lon="120.14228042"><ele>15.667</ele><time>2026-09-16T14:01:37Z</time><sat>35</sat></trkpt>
  <trkpt lat="30.26964972" lon="120.14218483"><ele>14.356</ele><time>2026-09-16T14:01:40Z</time><sat>35</sat></trkpt>
  <trkpt lat="30.26962514" lon="120.14207973"><ele>13.952</ele><time>2026-09-16T14:01:43Z</time><sat>32</sat></trkpt>
  <trkpt lat="30.26960498" lon="120.14198282"><ele>13.436</ele><time>2026-09-16T14:01:46Z</time><sat>33</sat></trkpt>
  <trkpt lat="30.26958249" lon="120.14189378"><ele>13.304</ele><time>2026-09-16T14:01:49Z</time><sat>30</sat></trkpt>
  <trkpt lat="30.26955804" lon="120.14180707"><ele>12.204</ele><time>2026-09-16T14:01:52Z</time><sat>30</sat></trkpt>
  <trkpt lat="30.26953009" lon="120.14172371"><ele>13.798</ele><time>2026-09-16T14:01:55Z</time><sat>32</sat></trkpt>
  <trkpt lat="30.26950443" lon="120.14164546"><ele>13.841</ele><time>2026-09-16T14:01:58Z</time><sat>31</sat></trkpt>
  <trkpt lat="30.26948275" lon="120.14156860"><ele>13.585</ele><time>2026-09-16T14:02:01Z</time><sat>29</sat></trkpt>
  <trkpt lat="30.26946421" lon="120.14148502"><ele>14.015</ele><time>2026-09-16T14:02:04Z</time><sat>30</sat></trkpt>
  <trkpt lat="30.26944535" lon="120.14140116"><ele>13.683</ele><time>2026-09-16T14:02:07Z</time><sat>34</sat></trkpt>
  <trkpt lat="30.26941950" lon="120.14133490"><ele>15.252</ele><time>2026-09-16T14:02:10Z</time><sat>34</sat></trkpt>
  <trkpt lat="30.26939965" lon="120.14127077"><ele>15.551</ele><time>2026-09-16T14:02:13Z</time><sat>35</sat></trkpt>
  <trkpt lat="30.26938228" lon="120.14120455"><ele>15.977</ele><time>2026-09-16T14:02:16Z</time><sat>37</sat></trkpt>
  <trkpt lat="30.26934571" lon="120.14111042"><ele>16.850</ele><time>2026-09-16T14:02:19Z</time><sat>37</sat></trkpt>
  <trkpt lat="30.26930831" lon="120.14102105"><ele>17.902</ele><time>2026-09-16T14:02:22Z</time><sat>35</sat></trkpt>
  <trkpt lat="30.26929957" lon="120.14095787"><ele>18.199</ele><time>2026-09-16T14:02:25Z</time><sat>35</sat></trkpt>
  <trkpt lat="30.26928344" lon="120.14091138"><ele>20.142</ele><time>2026-09-16T14:02:28Z</time><sat>37</sat></trkpt>
  <trkpt lat="30.26926716" lon="120.14086291"><ele>21.471</ele><time>2026-09-16T14:02:31Z</time><sat>36</sat></trkpt>
  <trkpt lat="30.26925953" lon="120.14081322"><ele>20.483</ele><time>2026-09-16T14:02:34Z</time><sat>35</sat></trkpt>
  <trkpt lat="30.26925365" lon="120.14075990"><ele>21.996</ele><time>2026-09-16T14:02:37Z</time><sat>36</sat></trkpt>
  <trkpt lat="30.26924532" lon="120.14070493"><ele>19.687</ele><time>2026-09-16T14:02:40Z</time><sat>36</sat></trkpt>
  <trkpt lat="30.26923088" lon="120.14065167"><ele>21.089</ele><time>2026-09-16T14:02:43Z</time><sat>36</sat></trkpt>
  <trkpt lat="30.26922042" lon="120.14060214"><ele>20.161</ele><time>2026-09-16T14:02:46Z</time><sat>36</sat></trkpt>
  <trkpt lat="30.26921023" lon="120.14055271"><ele>18.238</ele><time>2026-09-16T14:02:49Z</time><sat>36</sat></trkpt>
  <trkpt lat="30.26920059" lon="120.14050622"><ele>16.626</ele><time>2026-09-16T14:02:52Z</time><sat>36</sat></trkpt>
  <trkpt lat="30.26918396" lon="120.14047816"><ele>15.972</ele><time>2026-09-16T14:02:55Z</time><sat>37</sat></trkpt>
  <trkpt lat="30.26916127" lon="120.14043258"><ele>17.364</ele><time>2026-09-16T14:02:58Z</time><sat>37</sat></trkpt>
  <trkpt lat="30.26914673" lon="120.14038734"><ele>17.205</ele><time>2026-09-16T14:03:01Z</time><sat>35</sat></trkpt>
  <trkpt lat="30.26913657" lon="120.14033851"><ele>17.624</ele><time>2026-09-16T14:03:04Z</time><sat>36</sat></trkpt>
  <trkpt lat="30.26912991" lon="120.14028370"><ele>18.519</ele><time>2026-09-16T14:03:07Z</time><sat>36</sat></trkpt>
  <trkpt lat="30.26911703" lon="120.14023423"><ele>18.299</ele><time>2026-09-16T14:03:10Z</time><sat>35</sat></trkpt>
  <trkpt lat="30.26911332" lon="120.14019062"><ele>16.994</ele><time>2026-09-16T14:03:13Z</time><sat>35</sat></trkpt>
  <trkpt lat="30.26909658" lon="120.14014569"><ele>15.022</ele><time>2026-09-16T14:03:16Z</time><sat>36</sat></trkpt>
  <trkpt lat="30.26908121" lon="120.14010462"><ele>12.070</ele><time>2026-09-16T14:03:19Z</time><sat>36</sat></trkpt>
  <trkpt lat="30.26907263" lon="120.14006202"><ele>12.094</ele><time>2026-09-16T14:03:22Z</time><sat>37</sat></trkpt>
  <trkpt lat="30.26907464" lon="120.14002071"><ele>11.355</ele><time>2026-09-16T14:03:25Z</time><sat>37</sat></trkpt>
  <trkpt lat="30.26907966" lon="120.13997778"><ele>9.613</ele><time>2026-09-16T14:03:28Z</time><sat>34</sat></trkpt>
  <trkpt lat="30.26907646" lon="120.13993578"><ele>9.081</ele><time>2026-09-16T14:03:31Z</time><sat>29</sat></trkpt>
  <trkpt lat="30.26907813" lon="120.13987910"><ele>9.118</ele><time>2026-09-16T14:03:34Z</time><sat>28</sat></trkpt>
  <trkpt lat="30.26905724" lon="120.13982615"><ele>10.191</ele><time>2026-09-16T14:03:37Z</time><sat>31</sat></trkpt>
  <trkpt lat="30.26902356" lon="120.13977368"><ele>9.330</ele><time>2026-09-16T14:03:40Z</time><sat>33</sat></trkpt>
  <trkpt lat="30.26902222" lon="120.13972201"><ele>10.277</ele><time>2026-09-16T14:03:43Z</time><sat>33</sat></trkpt>
  <trkpt lat="30.26900399" lon="120.13968260"><ele>12.085</ele><time>2026-09-16T14:03:46Z</time><sat>36</sat></trkpt>
  <trkpt lat="30.26898736" lon="120.13965091"><ele>11.738</ele><time>2026-09-16T14:03:49Z</time><sat>37</sat></trkpt>
  <trkpt lat="30.26897350" lon="120.13961409"><ele>11.659</ele><time>2026-09-16T14:03:52Z</time><sat>35</sat></trkpt>
  <trkpt lat="30.26897509" lon="120.13956818"><ele>12.114</ele><time>2026-09-16T14:03:55Z</time><sat>31</sat></trkpt>
  <trkpt lat="30.26896268" lon="120.13953827"><ele>14.338</ele><time>2026-09-16T14:03:58Z</time><sat>33</sat></trkpt>
  <trkpt lat="30.26895185" lon="120.13950362"><ele>14.616</ele><time>2026-09-16T14:04:01Z</time><sat>31</sat></trkpt>
  <trkpt lat="30.26893870" lon="120.13946287"><ele>15.209</ele><time>2026-09-16T14:04:04Z</time><sat>28</sat></trkpt>
  <trkpt lat="30.26892418" lon="120.13942200"><ele>15.406</ele><time>2026-09-16T14:04:07Z</time><sat>29</sat></trkpt>
  <trkpt lat="30.26890916" lon="120.13939799"><ele>14.610</ele><time>2026-09-16T14:04:10Z</time><sat>30</sat></trkpt>
  <trkpt lat="30.26889022" lon="120.13936607"><ele>13.647</ele><time>2026-09-16T14:04:13Z</time><sat>36</sat></trkpt>
  <trkpt lat="30.26888422" lon="120.13933111"><ele>13.911</ele><time>2026-09-16T14:04:16Z</time><sat>37</sat></trkpt>
  <trkpt lat="30.26887432" lon="120.13928096"><ele>13.548</ele><time>2026-09-16T14:04:19Z</time><sat>37</sat></trkpt>
  <trkpt lat="30.26885655" lon="120.13923468"><ele>12.223</ele><time>2026-09-16T14:04:22Z</time><sat>33</sat></trkpt>
  <trkpt lat="30.26884598" lon="120.13920213"><ele>10.034</ele><time>2026-09-16T14:04:25Z</time><sat>36</sat></trkpt>
  <trkpt lat="30.26884154" lon="120.13916668"><ele>9.261</ele><time>2026-09-16T14:04:28Z</time><sat>36</sat></trkpt>
  <trkpt lat="30.26884605" lon="120.13912313"><ele>9.587</ele><time>2026-09-16T14:04:31Z</time><sat>35</sat></trkpt>
  <trkpt lat="30.26881322" lon="120.13908737"><ele>9.767</ele><time>2026-09-16T14:04:34Z</time><sat>36</sat></trkpt>
  <trkpt lat="30.26880306" lon="120.13904895"><ele>10.369</ele><time>2026-09-16T14:04:37Z</time><sat>38</sat></trkpt>
  <trkpt lat="30.26879652" lon="120.13901564"><ele>9.594</ele><time>2026-09-16T14:04:40Z</time><sat>38</sat></trkpt>
  <trkpt lat="30.26878180" lon="120.13898165"><ele>10.182</ele><time>2026-09-16T14:04:43Z</time><sat>38</sat></trkpt>
  <trkpt lat="30.26877415" lon="120.13895238"><ele>10.896</ele><time>2026-09-16T14:04:46Z</time><sat>37</sat></trkpt>
  <trkpt lat="30.26875879" lon="120.13891727"><ele>11.477</ele><time>2026-09-16T14:04:49Z</time><sat>37</sat></trkpt>
  <trkpt lat="30.26876830" lon="120.13892402"><ele>11.028</ele><time>2026-09-16T14:04:52Z</time><sat>37</sat></trkpt>
  <trkpt lat="30.26876816" lon="120.13892807"><ele>10.741</ele><time>2026-09-16T14:04:55Z</time><sat>37</sat></trkpt>
  <trkpt lat="30.26875141" lon="120.13894827"><ele>10.323</ele><time>2026-09-16T14:04:58Z</time><sat>37</sat></trkpt>
  <trkpt lat="30.26875052" lon="120.13893822"><ele>10.269</ele><time>2026-09-16T14:05:01Z</time><sat>37</sat></trkpt>
  <trkpt lat="30.26875447" lon="120.13890547"><ele>11.283</ele><time>2026-09-16T14:05:04Z</time><sat>37</sat></trkpt>
  <trkpt lat="30.26873785" lon="120.13885055"><ele>11.054</ele><time>2026-09-16T14:05:07Z</time><sat>37</sat></trkpt>
  <trkpt lat="30.26872217" lon="120.13879125"><ele>11.035</ele><time>2026-09-16T14:05:10Z</time><sat>38</sat></trkpt>
  <trkpt lat="30.26870126" lon="120.13871314"><ele>10.835</ele><time>2026-09-16T14:05:13Z</time><sat>38</sat></trkpt>
  <trkpt lat="30.26868166" lon="120.13864417"><ele>10.162</ele><time>2026-09-16T14:05:16Z</time><sat>38</sat></trkpt>
  <trkpt lat="30.26867065" lon="120.13857632"><ele>9.770</ele><time>2026-09-16T14:05:19Z</time><sat>37</sat></trkpt>
  <trkpt lat="30.26865497" lon="120.13851047"><ele>9.599</ele><time>2026-09-16T14:05:22Z</time><sat>37</sat></trkpt>
  <trkpt lat="30.26863611" lon="120.13844091"><ele>9.969</ele><time>2026-09-16T14:05:25Z</time><sat>37</sat></trkpt>
  <trkpt lat="30.26861845" lon="120.13837144"><ele>9.583</ele><time>2026-09-16T14:05:28Z</time><sat>37</sat></trkpt>
  <trkpt lat="30.26860304" lon="120.13829567"><ele>9.323</ele><time>2026-09-16T14:05:31Z</time><sat>38</sat></trkpt>
  <trkpt lat="30.26859076" lon="120.13822082"><ele>9.600</ele><time>2026-09-16T14:05:34Z</time><sat>39</sat></trkpt>
  <trkpt lat="30.26857698" lon="120.13814964"><ele>9.134</ele><time>2026-09-16T14:05:37Z</time><sat>39</sat></trkpt>
  <trkpt lat="30.26855688" lon="120.13807512"><ele>9.629</ele><time>2026-09-16T14:05:40Z</time><sat>38</sat></trkpt>
  <trkpt lat="30.26853291" lon="120.13800668"><ele>9.707</ele><time>2026-09-16T14:05:43Z</time><sat>37</sat></trkpt>
  <trkpt lat="30.26851163" lon="120.13793371"><ele>9.405</ele><time>2026-09-16T14:05:46Z</time><sat>37</sat></trkpt>
  <trkpt lat="30.26849456" lon="120.13786392"><ele>9.617</ele><time>2026-09-16T14:05:49Z</time><sat>38</sat></trkpt>
  <trkpt lat="30.26847706" lon="120.13779457"><ele>9.608</ele><time>2026-09-16T14:05:52Z</time><sat>38</sat></trkpt>
  <trkpt lat="30.26846062" lon="120.13773009"><ele>9.649</ele><time>2026-09-16T14:05:55Z</time><sat>36</sat></trkpt>
  <trkpt lat="30.26844167" lon="120.13766560"><ele>9.668</ele><time>2026-09-16T14:05:58Z</time><sat>35</sat></trkpt>
  <trkpt lat="30.26842353" lon="120.13760064"><ele>9.906</ele><time>2026-09-16T14:06:01Z</time><sat>35</sat></trkpt>
  <trkpt lat="30.26840940" lon="120.13753654"><ele>10.142</ele><time>2026-09-16T14:06:04Z</time><sat>36</sat></trkpt>
  <trkpt lat="30.26839325" lon="120.13747839"><ele>10.237</ele><time>2026-09-16T14:06:07Z</time><sat>36</sat></trkpt>
  <trkpt lat="30.26837746" lon="120.13742635"><ele>10.744</ele><time>2026-09-16T14:06:10Z</time><sat>38</sat></trkpt>
  <trkpt lat="30.26836482" lon="120.13737726"><ele>10.786</ele><time>2026-09-16T14:06:13Z</time><sat>39</sat></trkpt>
  <trkpt lat="30.26834905" lon="120.13732958"><ele>10.842</ele><time>2026-09-16T14:06:16Z</time><sat>38</sat></trkpt>
  <trkpt lat="30.26833636" lon="120.13729100"><ele>10.794</ele><time>2026-09-16T14:06:19Z</time><sat>39</sat></trkpt>
  <trkpt lat="30.26832668" lon="120.13726986"><ele>10.416</ele><time>2026-09-16T14:06:22Z</time><sat>40</sat></trkpt>
  <trkpt lat="30.26832583" lon="120.13726971"><ele>10.798</ele><time>2026-09-16T14:06:25Z</time><sat>38</sat></trkpt>
  <trkpt lat="30.26833018" lon="120.13727177"><ele>11.148</ele><time>2026-09-16T14:06:28Z</time><sat>37</sat></trkpt>
  <trkpt lat="30.26833226" lon="120.13727320"><ele>10.386</ele><time>2026-09-16T14:06:31Z</time><sat>37</sat></trkpt>
  <trkpt lat="30.26833210" lon="120.13727068"><ele>10.090</ele><time>2026-09-16T14:06:34Z</time><sat>38</sat></trkpt>
  <trkpt lat="30.26833212" lon="120.13726420"><ele>10.347</ele><time>2026-09-16T14:06:37Z</time><sat>39</sat></trkpt>
  <trkpt lat="30.26833799" lon="120.13726071"><ele>9.933</ele><time>2026-09-16T14:06:40Z</time><sat>40</sat></trkpt>
  <trkpt lat="30.26833872" lon="120.13725745"><ele>9.640</ele><time>2026-09-16T14:06:43Z</time><sat>40</sat></trkpt>
  <trkpt lat="30.26833822" lon="120.13725606"><ele>9.568</ele><time>2026-09-16T14:06:46Z</time><sat>38</sat></trkpt>
  <trkpt lat="30.26833821" lon="120.13725599"><ele>9.599</ele><time>2026-09-16T14:06:49Z</time><sat>38</sat></trkpt>
  <trkpt lat="30.26833809" lon="120.13725588"><ele>9.607</ele><time>2026-09-16T14:06:52Z</time><sat>37</sat></trkpt>
  <trkpt lat="30.26833799" lon="120.13725583"><ele>9.615</ele><time>2026-09-16T14:06:55Z</time><sat>37</sat></trkpt>
  <trkpt lat="30.26833501" lon="120.13723923"><ele>9.937</ele><time>2026-09-16T14:06:58Z</time><sat>38</sat></trkpt>
  <trkpt lat="30.26831563" lon="120.13718500"><ele>10.569</ele><time>2026-09-16T14:07:01Z</time><sat>39</sat></trkpt>
  <trkpt lat="30.26828513" lon="120.13710388"><ele>11.195</ele><time>2026-09-16T14:07:04Z</time><sat>39</sat></trkpt>
  <trkpt lat="30.26825193" lon="120.13701778"><ele>11.576</ele><time>2026-09-16T14:07:07Z</time><sat>39</sat></trkpt>
  <trkpt lat="30.26821907" lon="120.13693968"><ele>12.211</ele><time>2026-09-16T14:07:10Z</time><sat>40</sat></trkpt>
  <trkpt lat="30.26818840" lon="120.13687654"><ele>12.343</ele><time>2026-09-16T14:07:13Z</time><sat>39</sat></trkpt>
  <trkpt lat="30.26816406" lon="120.13680579"><ele>12.659</ele><time>2026-09-16T14:07:16Z</time><sat>38</sat></trkpt>
  <trkpt lat="30.26814653" lon="120.13673456"><ele>12.767</ele><time>2026-09-16T14:07:19Z</time><sat>34</sat></trkpt>
  <trkpt lat="30.26812399" lon="120.13666798"><ele>12.672</ele><time>2026-09-16T14:07:22Z</time><sat>34</sat></trkpt>
  <trkpt lat="30.26810063" lon="120.13659924"><ele>12.528</ele><time>2026-09-16T14:07:25Z</time><sat>34</sat></trkpt>
  <trkpt lat="30.26807655" lon="120.13653104"><ele>12.846</ele><time>2026-09-16T14:07:28Z</time><sat>34</sat></trkpt>
  <trkpt lat="30.26805776" lon="120.13646358"><ele>13.652</ele><time>2026-09-16T14:07:31Z</time><sat>35</sat></trkpt>
  <trkpt lat="30.26804068" lon="120.13639963"><ele>13.947</ele><time>2026-09-16T14:07:34Z</time><sat>35</sat></trkpt>
  <trkpt lat="30.26802071" lon="120.13633779"><ele>13.862</ele><time>2026-09-16T14:07:37Z</time><sat>35</sat></trkpt>
  <trkpt lat="30.26800106" lon="120.13627710"><ele>14.642</ele><time>2026-09-16T14:07:40Z</time><sat>35</sat></trkpt>
  <trkpt lat="30.26798447" lon="120.13621489"><ele>14.715</ele><time>2026-09-16T14:07:43Z</time><sat>35</sat></trkpt>
  <trkpt lat="30.26796431" lon="120.13615673"><ele>15.294</ele><time>2026-09-16T14:07:46Z</time><sat>40</sat></trkpt>
  <trkpt lat="30.26794163" lon="120.13609890"><ele>15.287</ele><time>2026-09-16T14:07:49Z</time><sat>39</sat></trkpt>
  <trkpt lat="30.26792423" lon="120.13604266"><ele>15.566</ele><time>2026-09-16T14:07:52Z</time><sat>39</sat></trkpt>
  <trkpt lat="30.26790726" lon="120.13599034"><ele>15.425</ele><time>2026-09-16T14:07:55Z</time><sat>38</sat></trkpt>
  <trkpt lat="30.26789068" lon="120.13594004"><ele>15.458</ele><time>2026-09-16T14:07:58Z</time><sat>38</sat></trkpt>
  <trkpt lat="30.26787483" lon="120.13588676"><ele>15.399</ele><time>2026-09-16T14:08:01Z</time><sat>39</sat></trkpt>
  <trkpt lat="30.26786315" lon="120.13583284"><ele>15.545</ele><time>2026-09-16T14:08:04Z</time><sat>38</sat></trkpt>
  <trkpt lat="30.26784687" lon="120.13577568"><ele>16.018</ele><time>2026-09-16T14:08:07Z</time><sat>39</sat></trkpt>
  <trkpt lat="30.26782767" lon="120.13572068"><ele>16.686</ele><time>2026-09-16T14:08:10Z</time><sat>39</sat></trkpt>
  <trkpt lat="30.26781416" lon="120.13566818"><ele>17.347</ele><time>2026-09-16T14:08:13Z</time><sat>37</sat></trkpt>
  <trkpt lat="30.26780242" lon="120.13563149"><ele>17.400</ele><time>2026-09-16T14:08:16Z</time><sat>37</sat></trkpt>
  <trkpt lat="30.26779319" lon="120.13559374"><ele>17.477</ele><time>2026-09-16T14:08:19Z</time><sat>35</sat></trkpt>
  <trkpt lat="30.26777987" lon="120.13555668"><ele>17.134</ele><time>2026-09-16T14:08:22Z</time><sat>39</sat></trkpt>
  <trkpt lat="30.26776657" lon="120.13551564"><ele>17.228</ele><time>2026-09-16T14:08:25Z</time><sat>39</sat></trkpt>
  <trkpt lat="30.26775320" lon="120.13547379"><ele>17.374</ele><time>2026-09-16T14:08:28Z</time><sat>39</sat></trkpt>
  <trkpt lat="30.26774051" lon="120.13543310"><ele>17.103</ele><time>2026-09-16T14:08:31Z</time><sat>37</sat></trkpt>
  <trkpt lat="30.26772852" lon="120.13539904"><ele>16.729</ele><time>2026-09-16T14:08:34Z</time><sat>38</sat></trkpt>
  <trkpt lat="30.26771913" lon="120.13536426"><ele>16.815</ele><time>2026-09-16T14:08:37Z</time><sat>38</sat></trkpt>
  <trkpt lat="30.26770711" lon="120.13532230"><ele>17.164</ele><time>2026-09-16T14:08:40Z</time><sat>40</sat></trkpt>
  <trkpt lat="30.26769292" lon="120.13527513"><ele>17.195</ele><time>2026-09-16T14:08:43Z</time><sat>40</sat></trkpt>
  <trkpt lat="30.26768268" lon="120.13522729"><ele>16.897</ele><time>2026-09-16T14:08:46Z</time><sat>39</sat></trkpt>
  <trkpt lat="30.26767114" lon="120.13518685"><ele>16.074</ele><time>2026-09-16T14:08:49Z</time><sat>39</sat></trkpt>
  <trkpt lat="30.26765911" lon="120.13514641"><ele>15.906</ele><time>2026-09-16T14:08:52Z</time><sat>39</sat></trkpt>
  <trkpt lat="30.26764663" lon="120.13510482"><ele>15.894</ele><time>2026-09-16T14:08:55Z</time><sat>39</sat></trkpt>
  <trkpt lat="30.26763210" lon="120.13506364"><ele>15.556</ele><time>2026-09-16T14:08:58Z</time><sat>39</sat></trkpt>
  <trkpt lat="30.26762346" lon="120.13501953"><ele>15.598</ele><time>2026-09-16T14:09:01Z</time><sat>39</sat></trkpt>
  <trkpt lat="30.26760712" lon="120.13497710"><ele>15.632</ele><time>2026-09-16T14:09:04Z</time><sat>40</sat></trkpt>
  <trkpt lat="30.26759140" lon="120.13493651"><ele>16.081</ele><time>2026-09-16T14:09:07Z</time><sat>40</sat></trkpt>
  <trkpt lat="30.26757755" lon="120.13489285"><ele>16.300</ele><time>2026-09-16T14:09:10Z</time><sat>39</sat></trkpt>
  <trkpt lat="30.26756860" lon="120.13483887"><ele>16.073</ele><time>2026-09-16T14:09:13Z</time><sat>39</sat></trkpt>
  <trkpt lat="30.26756257" lon="120.13478502"><ele>15.863</ele><time>2026-09-16T14:09:16Z</time><sat>40</sat></trkpt>
  <trkpt lat="30.26754542" lon="120.13474163"><ele>15.850</ele><time>2026-09-16T14:09:19Z</time><sat>40</sat></trkpt>
  <trkpt lat="30.26753035" lon="120.13469358"><ele>15.827</ele><time>2026-09-16T14:09:22Z</time><sat>40</sat></trkpt>
  <trkpt lat="30.26751590" lon="120.13464794"><ele>16.181</ele><time>2026-09-16T14:09:25Z</time><sat>39</sat></trkpt>
  <trkpt lat="30.26750162" lon="120.13460351"><ele>16.472</ele><time>2026-09-16T14:09:28Z</time><sat>39</sat></trkpt>
  <trkpt lat="30.26748753" lon="120.13455602"><ele>16.438</ele><time>2026-09-16T14:09:31Z</time><sat>39</sat></trkpt>
  <trkpt lat="30.26747256" lon="120.13451337"><ele>16.462</ele><time>2026-09-16T14:09:34Z</time><sat>39</sat></trkpt>
  <trkpt lat="30.26745962" lon="120.13446745"><ele>16.573</ele><time>2026-09-16T14:09:37Z</time><sat>39</sat></trkpt>
  <trkpt lat="30.26746189" lon="120.13442064"><ele>16.540</ele><time>2026-09-16T14:09:40Z</time><sat>39</sat></trkpt>
  <trkpt lat="30.26747210" lon="120.13438049"><ele>16.277</ele><time>2026-09-16T14:09:43Z</time><sat>39</sat></trkpt>
  <trkpt lat="30.26746268" lon="120.13433538"><ele>16.418</ele><time>2026-09-16T14:09:46Z</time><sat>39</sat></trkpt>
  <trkpt lat="30.26744725" lon="120.13429339"><ele>16.810</ele><time>2026-09-16T14:09:49Z</time><sat>38</sat></trkpt>
  <trkpt lat="30.26743172" lon="120.13424995"><ele>17.060</ele><time>2026-09-16T14:09:52Z</time><sat>37</sat></trkpt>
  <trkpt lat="30.26741741" lon="120.13420401"><ele>17.288</ele><time>2026-09-16T14:09:55Z</time><sat>40</sat></trkpt>
  <trkpt lat="30.26740157" lon="120.13415935"><ele>17.481</ele><time>2026-09-16T14:09:58Z</time><sat>40</sat></trkpt>
  <trkpt lat="30.26738250" lon="120.13411902"><ele>17.348</ele><time>2026-09-16T14:10:01Z</time><sat>40</sat></trkpt>
  <trkpt lat="30.26735713" lon="120.13408270"><ele>17.476</ele><time>2026-09-16T14:10:04Z</time><sat>40</sat></trkpt>
  <trkpt lat="30.26733726" lon="120.13404830"><ele>17.371</ele><time>2026-09-16T14:10:07Z</time><sat>40</sat></trkpt>
  <trkpt lat="30.26731584" lon="120.13402326"><ele>17.417</ele><time>2026-09-16T14:10:10Z</time><sat>40</sat></trkpt>
  <trkpt lat="30.26730401" lon="120.13398750"><ele>17.179</ele><time>2026-09-16T14:10:13Z</time><sat>39</sat></trkpt>
  <trkpt lat="30.26728705" lon="120.13394830"><ele>17.079</ele><time>2026-09-16T14:10:16Z</time><sat>38</sat></trkpt>
  <trkpt lat="30.26727488" lon="120.13390481"><ele>17.121</ele><time>2026-09-16T14:10:19Z</time><sat>38</sat></trkpt>
  <trkpt lat="30.26725814" lon="120.13386340"><ele>16.952</ele><time>2026-09-16T14:10:22Z</time><sat>38</sat></trkpt>
  <trkpt lat="30.26724626" lon="120.13381962"><ele>16.952</ele><time>2026-09-16T14:10:25Z</time><sat>40</sat></trkpt>
  <trkpt lat="30.26723241" lon="120.13377672"><ele>16.789</ele><time>2026-09-16T14:10:28Z</time><sat>40</sat></trkpt>
  <trkpt lat="30.26721578" lon="120.13373065"><ele>16.463</ele><time>2026-09-16T14:10:31Z</time><sat>40</sat></trkpt>
  <trkpt lat="30.26719994" lon="120.13368945"><ele>16.259</ele><time>2026-09-16T14:10:34Z</time><sat>40</sat></trkpt>
  <trkpt lat="30.26717270" lon="120.13365410"><ele>15.809</ele><time>2026-09-16T14:10:37Z</time><sat>40</sat></trkpt>
  <trkpt lat="30.26713924" lon="120.13362365"><ele>15.533</ele><time>2026-09-16T14:10:40Z</time><sat>40</sat></trkpt>
  <trkpt lat="30.26712049" lon="120.13357739"><ele>14.748</ele><time>2026-09-16T14:10:43Z</time><sat>39</sat></trkpt>
  <trkpt lat="30.26713550" lon="120.13352857"><ele>14.456</ele><time>2026-09-16T14:10:46Z</time><sat>38</sat></trkpt>
  <trkpt lat="30.26715055" lon="120.13348596"><ele>14.663</ele><time>2026-09-16T14:10:49Z</time><sat>39</sat></trkpt>
  <trkpt lat="30.26714394" lon="120.13344293"><ele>14.176</ele><time>2026-09-16T14:10:52Z</time><sat>40</sat></trkpt>
  <trkpt lat="30.26712848" lon="120.13340539"><ele>13.629</ele><time>2026-09-16T14:10:55Z</time><sat>40</sat></trkpt>
  <trkpt lat="30.26711001" lon="120.13336242"><ele>13.192</ele><time>2026-09-16T14:10:58Z</time><sat>40</sat></trkpt>
  <trkpt lat="30.26709340" lon="120.13332143"><ele>13.448</ele><time>2026-09-16T14:11:01Z</time><sat>40</sat></trkpt>
  <trkpt lat="30.26707681" lon="120.13328008"><ele>13.312</ele><time>2026-09-16T14:11:04Z</time><sat>40</sat></trkpt>
  <trkpt lat="30.26706222" lon="120.13323966"><ele>12.087</ele><time>2026-09-16T14:11:07Z</time><sat>40</sat></trkpt>
  <trkpt lat="30.26704787" lon="120.13319876"><ele>12.015</ele><time>2026-09-16T14:11:10Z</time><sat>40</sat></trkpt>
  <trkpt lat="30.26703341" lon="120.13315857"><ele>12.159</ele><time>2026-09-16T14:11:13Z</time><sat>39</sat></trkpt>
  <trkpt lat="30.26701901" lon="120.13312259"><ele>11.677</ele><time>2026-09-16T14:11:16Z</time><sat>40</sat></trkpt>
  <trkpt lat="30.26700432" lon="120.13308245"><ele>11.812</ele><time>2026-09-16T14:11:19Z</time><sat>40</sat></trkpt>
  <trkpt lat="30.26698817" lon="120.13304155"><ele>12.192</ele><time>2026-09-16T14:11:22Z</time><sat>40</sat></trkpt>
  <trkpt lat="30.26697579" lon="120.13299771"><ele>12.213</ele><time>2026-09-16T14:11:25Z</time><sat>39</sat></trkpt>
  <trkpt lat="30.26696052" lon="120.13295805"><ele>12.329</ele><time>2026-09-16T14:11:28Z</time><sat>39</sat></trkpt>
  <trkpt lat="30.26694500" lon="120.13291748"><ele>12.754</ele><time>2026-09-16T14:11:31Z</time><sat>39</sat></trkpt>
  <trkpt lat="30.26692962" lon="120.13287817"><ele>12.608</ele><time>2026-09-16T14:11:34Z</time><sat>39</sat></trkpt>
  <trkpt lat="30.26691565" lon="120.13283900"><ele>12.664</ele><time>2026-09-16T14:11:37Z</time><sat>40</sat></trkpt>
  <trkpt lat="30.26690407" lon="120.13280004"><ele>13.360</ele><time>2026-09-16T14:11:40Z</time><sat>40</sat></trkpt>
  <trkpt lat="30.26688983" lon="120.13276470"><ele>13.499</ele><time>2026-09-16T14:11:43Z</time><sat>39</sat></trkpt>
  <trkpt lat="30.26687674" lon="120.13272617"><ele>13.478</ele><time>2026-09-16T14:11:46Z</time><sat>39</sat></trkpt>
  <trkpt lat="30.26686050" lon="120.13268922"><ele>13.581</ele><time>2026-09-16T14:11:49Z</time><sat>39</sat></trkpt>
  <trkpt lat="30.26684547" lon="120.13265480"><ele>12.833</ele><time>2026-09-16T14:11:52Z</time><sat>38</sat></trkpt>
  <trkpt lat="30.26683669" lon="120.13261239"><ele>12.121</ele><time>2026-09-16T14:11:55Z</time><sat>38</sat></trkpt>
  <trkpt lat="30.26683240" lon="120.13258111"><ele>12.402</ele><time>2026-09-16T14:11:58Z</time><sat>39</sat></trkpt>
  <trkpt lat="30.26682981" lon="120.13257136"><ele>12.847</ele><time>2026-09-16T14:12:01Z</time><sat>40</sat></trkpt>
  <trkpt lat="30.26684047" lon="120.13254973"><ele>12.703</ele><time>2026-09-16T14:12:04Z</time><sat>39</sat></trkpt>
  <trkpt lat="30.26687309" lon="120.13255223"><ele>12.079</ele><time>2026-09-16T14:12:07Z</time><sat>39</sat></trkpt>
  <trkpt lat="30.26690390" lon="120.13255662"><ele>11.028</ele><time>2026-09-16T14:12:10Z</time><sat>39</sat></trkpt>
  <trkpt lat="30.26690745" lon="120.13256046"><ele>10.904</ele><time>2026-09-16T14:12:13Z</time><sat>39</sat></trkpt>
  <trkpt lat="30.26690793" lon="120.13255874"><ele>11.205</ele><time>2026-09-16T14:12:16Z</time><sat>38</sat></trkpt>
  <trkpt lat="30.26690921" lon="120.13255844"><ele>11.013</ele><time>2026-09-16T14:12:19Z</time><sat>37</sat></trkpt>
  <trkpt lat="30.26690761" lon="120.13255704"><ele>11.384</ele><time>2026-09-16T14:12:22Z</time><sat>38</sat></trkpt>
  <trkpt lat="30.26690901" lon="120.13255479"><ele>11.931</ele><time>2026-09-16T14:12:25Z</time><sat>39</sat></trkpt>
  <trkpt lat="30.26689175" lon="120.13251975"><ele>12.048</ele><time>2026-09-16T14:12:28Z</time><sat>39</sat></trkpt>
  <trkpt lat="30.26686484" lon="120.13248462"><ele>11.184</ele><time>2026-09-16T14:12:31Z</time><sat>39</sat></trkpt>
  <trkpt lat="30.26683737" lon="120.13244359"><ele>11.401</ele><time>2026-09-16T14:12:34Z</time><sat>38</sat></trkpt>
  <trkpt lat="30.26681152" lon="120.13240273"><ele>11.265</ele><time>2026-09-16T14:12:37Z</time><sat>38</sat></trkpt>
  <trkpt lat="30.26678807" lon="120.13235692"><ele>10.912</ele><time>2026-09-16T14:12:40Z</time><sat>38</sat></trkpt>
  <trkpt lat="30.26676854" lon="120.13230917"><ele>10.767</ele><time>2026-09-16T14:12:43Z</time><sat>38</sat></trkpt>
  <trkpt lat="30.26675028" lon="120.13226190"><ele>10.429</ele><time>2026-09-16T14:12:46Z</time><sat>39</sat></trkpt>
  <trkpt lat="30.26672900" lon="120.13221658"><ele>10.409</ele><time>2026-09-16T14:12:49Z</time><sat>39</sat></trkpt>
  <trkpt lat="30.26670969" lon="120.13217392"><ele>10.697</ele><time>2026-09-16T14:12:52Z</time><sat>39</sat></trkpt>
  <trkpt lat="30.26668912" lon="120.13212761"><ele>10.354</ele><time>2026-09-16T14:12:55Z</time><sat>38</sat></trkpt>
  <trkpt lat="30.26667280" lon="120.13209210"><ele>10.106</ele><time>2026-09-16T14:12:58Z</time><sat>38</sat></trkpt>
  <trkpt lat="30.26664862" lon="120.13207136"><ele>9.894</ele><time>2026-09-16T14:13:01Z</time><sat>38</sat></trkpt>
  <trkpt lat="30.26661516" lon="120.13204868"><ele>9.182</ele><time>2026-09-16T14:13:04Z</time><sat>38</sat></trkpt>
  <trkpt lat="30.26659300" lon="120.13201526"><ele>9.044</ele><time>2026-09-16T14:13:07Z</time><sat>38</sat></trkpt>
  <trkpt lat="30.26657447" lon="120.13197489"><ele>8.555</ele><time>2026-09-16T14:13:10Z</time><sat>38</sat></trkpt>
  <trkpt lat="30.26655978" lon="120.13193564"><ele>8.662</ele><time>2026-09-16T14:13:13Z</time><sat>38</sat></trkpt>
  <trkpt lat="30.26655138" lon="120.13189659"><ele>8.741</ele><time>2026-09-16T14:13:16Z</time><sat>38</sat></trkpt>
  <trkpt lat="30.26653782" lon="120.13185104"><ele>9.805</ele><time>2026-09-16T14:13:19Z</time><sat>38</sat></trkpt>
  <trkpt lat="30.26652127" lon="120.13180782"><ele>9.958</ele><time>2026-09-16T14:13:22Z</time><sat>38</sat></trkpt>
  <trkpt lat="30.26650319" lon="120.13176615"><ele>10.421</ele><time>2026-09-16T14:13:25Z</time><sat>38</sat></trkpt>
  <trkpt lat="30.26648472" lon="120.13172323"><ele>10.828</ele><time>2026-09-16T14:13:28Z</time><sat>39</sat></trkpt>
  <trkpt lat="30.26646952" lon="120.13167857"><ele>10.267</ele><time>2026-09-16T14:13:31Z</time><sat>39</sat></trkpt>
  <trkpt lat="30.26645729" lon="120.13163645"><ele>10.615</ele><time>2026-09-16T14:13:34Z</time><sat>38</sat></trkpt>
  <trkpt lat="30.26644692" lon="120.13159433"><ele>10.500</ele><time>2026-09-16T14:13:37Z</time><sat>38</sat></trkpt>
  <trkpt lat="30.26643134" lon="120.13155676"><ele>10.216</ele><time>2026-09-16T14:13:40Z</time><sat>39</sat></trkpt>
  <trkpt lat="30.26642025" lon="120.13151405"><ele>9.978</ele><time>2026-09-16T14:13:43Z</time><sat>39</sat></trkpt>
  <trkpt lat="30.26640382" lon="120.13147615"><ele>9.630</ele><time>2026-09-16T14:13:46Z</time><sat>38</sat></trkpt>
  <trkpt lat="30.26638835" lon="120.13143839"><ele>9.817</ele><time>2026-09-16T14:13:49Z</time><sat>38</sat></trkpt>
  <trkpt lat="30.26637283" lon="120.13140051"><ele>9.681</ele><time>2026-09-16T14:13:52Z</time><sat>38</sat></trkpt>
  <trkpt lat="30.26635851" lon="120.13136554"><ele>9.181</ele><time>2026-09-16T14:13:55Z</time><sat>38</sat></trkpt>
  <trkpt lat="30.26634045" lon="120.13132554"><ele>9.374</ele><time>2026-09-16T14:13:58Z</time><sat>38</sat></trkpt>
  <trkpt lat="30.26632895" lon="120.13128291"><ele>9.545</ele><time>2026-09-16T14:14:01Z</time><sat>38</sat></trkpt>
  <trkpt lat="30.26631559" lon="120.13124018"><ele>9.795</ele><time>2026-09-16T14:14:04Z</time><sat>38</sat></trkpt>
  <trkpt lat="30.26629655" lon="120.13119740"><ele>9.578</ele><time>2026-09-16T14:14:07Z</time><sat>39</sat></trkpt>
  <trkpt lat="30.26628290" lon="120.13115836"><ele>9.356</ele><time>2026-09-16T14:14:10Z</time><sat>39</sat></trkpt>
  <trkpt lat="30.26627024" lon="120.13111641"><ele>9.192</ele><time>2026-09-16T14:14:13Z</time><sat>39</sat></trkpt>
  <trkpt lat="30.26625545" lon="120.13107935"><ele>8.635</ele><time>2026-09-16T14:14:16Z</time><sat>39</sat></trkpt>
  <trkpt lat="30.26624347" lon="120.13104149"><ele>9.082</ele><time>2026-09-16T14:14:19Z</time><sat>39</sat></trkpt>
  <trkpt lat="30.26622716" lon="120.13100045"><ele>9.557</ele><time>2026-09-16T14:14:22Z</time><sat>38</sat></trkpt>
  <trkpt lat="30.26621320" lon="120.13095881"><ele>9.852</ele><time>2026-09-16T14:14:25Z</time><sat>38</sat></trkpt>
  <trkpt lat="30.26619972" lon="120.13091961"><ele>10.015</ele><time>2026-09-16T14:14:28Z</time><sat>39</sat></trkpt>
  <trkpt lat="30.26618697" lon="120.13088159"><ele>10.080</ele><time>2026-09-16T14:14:31Z</time><sat>39</sat></trkpt>
  <trkpt lat="30.26617254" lon="120.13084575"><ele>10.333</ele><time>2026-09-16T14:14:34Z</time><sat>38</sat></trkpt>
  <trkpt lat="30.26616249" lon="120.13080427"><ele>10.196</ele><time>2026-09-16T14:14:37Z</time><sat>38</sat></trkpt>
  <trkpt lat="30.26614815" lon="120.13077012"><ele>10.422</ele><time>2026-09-16T14:14:40Z</time><sat>39</sat></trkpt>
  <trkpt lat="30.26613769" lon="120.13073437"><ele>10.048</ele><time>2026-09-16T14:14:43Z</time><sat>39</sat></trkpt>
  <trkpt lat="30.26612583" lon="120.13069799"><ele>9.952</ele><time>2026-09-16T14:14:46Z</time><sat>39</sat></trkpt>
  <trkpt lat="30.26611060" lon="120.13065407"><ele>10.041</ele><time>2026-09-16T14:14:49Z</time><sat>39</sat></trkpt>
  <trkpt lat="30.26609609" lon="120.13061716"><ele>9.800</ele><time>2026-09-16T14:14:52Z</time><sat>38</sat></trkpt>
  <trkpt lat="30.26608101" lon="120.13058489"><ele>9.493</ele><time>2026-09-16T14:14:55Z</time><sat>38</sat></trkpt>
  <trkpt lat="30.26606230" lon="120.13054574"><ele>9.040</ele><time>2026-09-16T14:14:58Z</time><sat>38</sat></trkpt>
  <trkpt lat="30.26604460" lon="120.13050740"><ele>9.064</ele><time>2026-09-16T14:15:01Z</time><sat>38</sat></trkpt>
  <trkpt lat="30.26603573" lon="120.13046534"><ele>9.276</ele><time>2026-09-16T14:15:04Z</time><sat>38</sat></trkpt>
  <trkpt lat="30.26602141" lon="120.13042439"><ele>9.445</ele><time>2026-09-16T14:15:07Z</time><sat>38</sat></trkpt>
  <trkpt lat="30.26600867" lon="120.13038251"><ele>9.299</ele><time>2026-09-16T14:15:10Z</time><sat>38</sat></trkpt>
  <trkpt lat="30.26600077" lon="120.13033678"><ele>9.798</ele><time>2026-09-16T14:15:13Z</time><sat>38</sat></trkpt>
  <trkpt lat="30.26599834" lon="120.13029362"><ele>9.479</ele><time>2026-09-16T14:15:16Z</time><sat>38</sat></trkpt>
  <trkpt lat="30.26599801" lon="120.13025153"><ele>9.602</ele><time>2026-09-16T14:15:19Z</time><sat>39</sat></trkpt>
  <trkpt lat="30.26599364" lon="120.13020919"><ele>9.504</ele><time>2026-09-16T14:15:22Z</time><sat>39</sat></trkpt>
  <trkpt lat="30.26598316" lon="120.13016814"><ele>10.041</ele><time>2026-09-16T14:15:25Z</time><sat>38</sat></trkpt>
  <trkpt lat="30.26596716" lon="120.13013618"><ele>9.819</ele><time>2026-09-16T14:15:28Z</time><sat>38</sat></trkpt>
  <trkpt lat="30.26595100" lon="120.13009842"><ele>9.967</ele><time>2026-09-16T14:15:31Z</time><sat>38</sat></trkpt>
  <trkpt lat="30.26593777" lon="120.13005637"><ele>9.891</ele><time>2026-09-16T14:15:34Z</time><sat>38</sat></trkpt>
  <trkpt lat="30.26592465" lon="120.13001852"><ele>9.637</ele><time>2026-09-16T14:15:37Z</time><sat>38</sat></trkpt>
  <trkpt lat="30.26591365" lon="120.12997592"><ele>8.727</ele><time>2026-09-16T14:15:40Z</time><sat>38</sat></trkpt>
  <trkpt lat="30.26590083" lon="120.12994300"><ele>7.854</ele><time>2026-09-16T14:15:43Z</time><sat>38</sat></trkpt>
  <trkpt lat="30.26588664" lon="120.12990392"><ele>7.769</ele><time>2026-09-16T14:15:46Z</time><sat>38</sat></trkpt>
  <trkpt lat="30.26587154" lon="120.12985906"><ele>8.310</ele><time>2026-09-16T14:15:49Z</time><sat>38</sat></trkpt>
  <trkpt lat="30.26585902" lon="120.12981721"><ele>8.575</ele><time>2026-09-16T14:15:52Z</time><sat>38</sat></trkpt>
  <trkpt lat="30.26584530" lon="120.12977181"><ele>8.828</ele><time>2026-09-16T14:15:55Z</time><sat>38</sat></trkpt>
  <trkpt lat="30.26583107" lon="120.12973098"><ele>8.693</ele><time>2026-09-16T14:15:58Z</time><sat>39</sat></trkpt>
  <trkpt lat="30.26581594" lon="120.12968912"><ele>8.918</ele><time>2026-09-16T14:16:01Z</time><sat>39</sat></trkpt>
  <trkpt lat="30.26580255" lon="120.12964862"><ele>8.714</ele><time>2026-09-16T14:16:04Z</time><sat>38</sat></trkpt>
  <trkpt lat="30.26578562" lon="120.12960981"><ele>9.109</ele><time>2026-09-16T14:16:07Z</time><sat>38</sat></trkpt>
  <trkpt lat="30.26576970" lon="120.12956801"><ele>8.870</ele><time>2026-09-16T14:16:10Z</time><sat>38</sat></trkpt>
  <trkpt lat="30.26575340" lon="120.12952724"><ele>9.202</ele><time>2026-09-16T14:16:13Z</time><sat>38</sat></trkpt>
  <trkpt lat="30.26574009" lon="120.12948655"><ele>9.637</ele><time>2026-09-16T14:16:16Z</time><sat>39</sat></trkpt>
  <trkpt lat="30.26572670" lon="120.12944796"><ele>8.896</ele><time>2026-09-16T14:16:19Z</time><sat>40</sat></trkpt>
  <trkpt lat="30.26571268" lon="120.12940740"><ele>9.149</ele><time>2026-09-16T14:16:22Z</time><sat>39</sat></trkpt>
  <trkpt lat="30.26569540" lon="120.12936382"><ele>9.753</ele><time>2026-09-16T14:16:25Z</time><sat>39</sat></trkpt>
  <trkpt lat="30.26568168" lon="120.12932063"><ele>10.051</ele><time>2026-09-16T14:16:28Z</time><sat>39</sat></trkpt>
  <trkpt lat="30.26566819" lon="120.12927608"><ele>10.369</ele><time>2026-09-16T14:16:31Z</time><sat>39</sat></trkpt>
  <trkpt lat="30.26565351" lon="120.12923445"><ele>10.502</ele><time>2026-09-16T14:16:34Z</time><sat>39</sat></trkpt>
  <trkpt lat="30.26563614" lon="120.12919222"><ele>11.042</ele><time>2026-09-16T14:16:37Z</time><sat>39</sat></trkpt>
  <trkpt lat="30.26561973" lon="120.12915138"><ele>10.696</ele><time>2026-09-16T14:16:40Z</time><sat>40</sat></trkpt>
  <trkpt lat="30.26560722" lon="120.12911155"><ele>9.860</ele><time>2026-09-16T14:16:43Z</time><sat>40</sat></trkpt>
  <trkpt lat="30.26559623" lon="120.12907363"><ele>9.667</ele><time>2026-09-16T14:16:46Z</time><sat>40</sat></trkpt>
  <trkpt lat="30.26558252" lon="120.12903445"><ele>9.373</ele><time>2026-09-16T14:16:49Z</time><sat>40</sat></trkpt>
  <trkpt lat="30.26558314" lon="120.12899190"><ele>8.726</ele><time>2026-09-16T14:16:52Z</time><sat>40</sat></trkpt>
  <trkpt lat="30.26558993" lon="120.12894363"><ele>8.597</ele><time>2026-09-16T14:16:55Z</time><sat>40</sat></trkpt>
  <trkpt lat="30.26559537" lon="120.12889887"><ele>8.823</ele><time>2026-09-16T14:16:58Z</time><sat>39</sat></trkpt>
  <trkpt lat="30.26560421" lon="120.12885740"><ele>9.278</ele><time>2026-09-16T14:17:01Z</time><sat>37</sat></trkpt>
  <trkpt lat="30.26561274" lon="120.12881587"><ele>9.542</ele><time>2026-09-16T14:17:04Z</time><sat>37</sat></trkpt>
  <trkpt lat="30.26562521" lon="120.12877199"><ele>9.923</ele><time>2026-09-16T14:17:07Z</time><sat>37</sat></trkpt>
  <trkpt lat="30.26563565" lon="120.12872700"><ele>9.674</ele><time>2026-09-16T14:17:10Z</time><sat>37</sat></trkpt>
  <trkpt lat="30.26565259" lon="120.12866870"><ele>8.962</ele><time>2026-09-16T14:17:13Z</time><sat>37</sat></trkpt>
  <trkpt lat="30.26567139" lon="120.12860849"><ele>8.962</ele><time>2026-09-16T14:17:16Z</time><sat>37</sat></trkpt>
  <trkpt lat="30.26568915" lon="120.12854899"><ele>8.891</ele><time>2026-09-16T14:17:19Z</time><sat>36</sat></trkpt>
  <trkpt lat="30.26571030" lon="120.12848325"><ele>8.676</ele><time>2026-09-16T14:17:22Z</time><sat>37</sat></trkpt>
  <trkpt lat="30.26573733" lon="120.12841468"><ele>9.072</ele><time>2026-09-16T14:17:25Z</time><sat>37</sat></trkpt>
  <trkpt lat="30.26576075" lon="120.12833692"><ele>9.448</ele><time>2026-09-16T14:17:28Z</time><sat>35</sat></trkpt>
  <trkpt lat="30.26578149" lon="120.12825809"><ele>9.594</ele><time>2026-09-16T14:17:31Z</time><sat>36</sat></trkpt>
  <trkpt lat="30.26580688" lon="120.12818284"><ele>9.531</ele><time>2026-09-16T14:17:34Z</time><sat>36</sat></trkpt>
  <trkpt lat="30.26583509" lon="120.12810470"><ele>9.596</ele><time>2026-09-16T14:17:37Z</time><sat>36</sat></trkpt>
  <trkpt lat="30.26586492" lon="120.12802440"><ele>9.008</ele><time>2026-09-16T14:17:40Z</time><sat>36</sat></trkpt>
  <trkpt lat="30.26588906" lon="120.12794404"><ele>9.020</ele><time>2026-09-16T14:17:43Z</time><sat>35</sat></trkpt>
  <trkpt lat="30.26591371" lon="120.12786144"><ele>8.143</ele><time>2026-09-16T14:17:46Z</time><sat>35</sat></trkpt>
  <trkpt lat="30.26594001" lon="120.12778784"><ele>7.808</ele><time>2026-09-16T14:17:49Z</time><sat>35</sat></trkpt>
  <trkpt lat="30.26596487" lon="120.12771757"><ele>7.981</ele><time>2026-09-16T14:17:52Z</time><sat>36</sat></trkpt>
  <trkpt lat="30.26599237" lon="120.12764392"><ele>8.176</ele><time>2026-09-16T14:17:55Z</time><sat>36</sat></trkpt>
  <trkpt lat="30.26601449" lon="120.12757481"><ele>8.372</ele><time>2026-09-16T14:17:58Z</time><sat>36</sat></trkpt>
  <trkpt lat="30.26603233" lon="120.12751345"><ele>8.589</ele><time>2026-09-16T14:18:01Z</time><sat>34</sat></trkpt>
  <trkpt lat="30.26604994" lon="120.12745342"><ele>9.379</ele><time>2026-09-16T14:18:04Z</time><sat>33</sat></trkpt>
  <trkpt lat="30.26607440" lon="120.12738470"><ele>9.040</ele><time>2026-09-16T14:18:07Z</time><sat>34</sat></trkpt>
  <trkpt lat="30.26610699" lon="120.12729965"><ele>8.776</ele><time>2026-09-16T14:18:10Z</time><sat>36</sat></trkpt>
  <trkpt lat="30.26611647" lon="120.12722160"><ele>8.753</ele><time>2026-09-16T14:18:13Z</time><sat>37</sat></trkpt>
  <trkpt lat="30.26614148" lon="120.12715264"><ele>8.318</ele><time>2026-09-16T14:18:16Z</time><sat>38</sat></trkpt>
  <trkpt lat="30.26616758" lon="120.12707991"><ele>7.878</ele><time>2026-09-16T14:18:19Z</time><sat>38</sat></trkpt>
  <trkpt lat="30.26619777" lon="120.12700668"><ele>7.652</ele><time>2026-09-16T14:18:22Z</time><sat>36</sat></trkpt>
  <trkpt lat="30.26622398" lon="120.12693972"><ele>7.329</ele><time>2026-09-16T14:18:25Z</time><sat>37</sat></trkpt>
  <trkpt lat="30.26624369" lon="120.12688063"><ele>7.350</ele><time>2026-09-16T14:18:28Z</time><sat>36</sat></trkpt>
  <trkpt lat="30.26626758" lon="120.12681292"><ele>7.123</ele><time>2026-09-16T14:18:31Z</time><sat>38</sat></trkpt>
  <trkpt lat="30.26629448" lon="120.12674571"><ele>7.268</ele><time>2026-09-16T14:18:34Z</time><sat>38</sat></trkpt>
  <trkpt lat="30.26631306" lon="120.12668392"><ele>7.491</ele><time>2026-09-16T14:18:37Z</time><sat>38</sat></trkpt>
  <trkpt lat="30.26633879" lon="120.12662414"><ele>8.019</ele><time>2026-09-16T14:18:40Z</time><sat>37</sat></trkpt>
  <trkpt lat="30.26636576" lon="120.12656012"><ele>9.120</ele><time>2026-09-16T14:18:43Z</time><sat>37</sat></trkpt>
  <trkpt lat="30.26639578" lon="120.12649214"><ele>8.962</ele><time>2026-09-16T14:18:46Z</time><sat>38</sat></trkpt>
  <trkpt lat="30.26642344" lon="120.12642008"><ele>8.706</ele><time>2026-09-16T14:18:49Z</time><sat>38</sat></trkpt>
  <trkpt lat="30.26645404" lon="120.12635184"><ele>8.006</ele><time>2026-09-16T14:18:52Z</time><sat>35</sat></trkpt>
  <trkpt lat="30.26648561" lon="120.12628853"><ele>7.423</ele><time>2026-09-16T14:18:55Z</time><sat>36</sat></trkpt>
  <trkpt lat="30.26650977" lon="120.12622727"><ele>8.055</ele><time>2026-09-16T14:18:58Z</time><sat>37</sat></trkpt>
  <trkpt lat="30.26652504" lon="120.12616597"><ele>8.606</ele><time>2026-09-16T14:19:01Z</time><sat>37</sat></trkpt>
  <trkpt lat="30.26654990" lon="120.12611376"><ele>8.818</ele><time>2026-09-16T14:19:04Z</time><sat>35</sat></trkpt>
  <trkpt lat="30.26656936" lon="120.12605662"><ele>9.005</ele><time>2026-09-16T14:19:07Z</time><sat>35</sat></trkpt>
  <trkpt lat="30.26658919" lon="120.12599891"><ele>9.134</ele><time>2026-09-16T14:19:10Z</time><sat>35</sat></trkpt>
  <trkpt lat="30.26661027" lon="120.12594156"><ele>8.730</ele><time>2026-09-16T14:19:13Z</time><sat>35</sat></trkpt>
  <trkpt lat="30.26662324" lon="120.12588296"><ele>9.845</ele><time>2026-09-16T14:19:16Z</time><sat>35</sat></trkpt>
  <trkpt lat="30.26663347" lon="120.12582880"><ele>9.931</ele><time>2026-09-16T14:19:19Z</time><sat>35</sat></trkpt>
  <trkpt lat="30.26663473" lon="120.12576561"><ele>11.781</ele><time>2026-09-16T14:19:22Z</time><sat>36</sat></trkpt>
  <trkpt lat="30.26662578" lon="120.12571784"><ele>11.707</ele><time>2026-09-16T14:19:25Z</time><sat>36</sat></trkpt>
  <trkpt lat="30.26664182" lon="120.12567777"><ele>11.826</ele><time>2026-09-16T14:19:28Z</time><sat>37</sat></trkpt>
  <trkpt lat="30.26665325" lon="120.12562947"><ele>11.535</ele><time>2026-09-16T14:19:31Z</time><sat>36</sat></trkpt>
  <trkpt lat="30.26667018" lon="120.12558364"><ele>11.885</ele><time>2026-09-16T14:19:34Z</time><sat>36</sat></trkpt>
  <trkpt lat="30.26669270" lon="120.12553924"><ele>11.590</ele><time>2026-09-16T14:19:37Z</time><sat>35</sat></trkpt>
  <trkpt lat="30.26670807" lon="120.12549753"><ele>11.561</ele><time>2026-09-16T14:19:40Z</time><sat>36</sat></trkpt>
  <trkpt lat="30.26671988" lon="120.12545766"><ele>11.076</ele><time>2026-09-16T14:19:43Z</time><sat>37</sat></trkpt>
  <trkpt lat="30.26673355" lon="120.12541277"><ele>10.865</ele><time>2026-09-16T14:19:46Z</time><sat>37</sat></trkpt>
  <trkpt lat="30.26674407" lon="120.12537100"><ele>10.650</ele><time>2026-09-16T14:19:49Z</time><sat>36</sat></trkpt>
  <trkpt lat="30.26675113" lon="120.12532477"><ele>10.066</ele><time>2026-09-16T14:19:52Z</time><sat>37</sat></trkpt>
  <trkpt lat="30.26675946" lon="120.12527814"><ele>10.681</ele><time>2026-09-16T14:19:55Z</time><sat>36</sat></trkpt>
  <trkpt lat="30.26677227" lon="120.12523383"><ele>11.115</ele><time>2026-09-16T14:19:58Z</time><sat>37</sat></trkpt>
  <trkpt lat="30.26678586" lon="120.12519441"><ele>10.743</ele><time>2026-09-16T14:20:01Z</time><sat>38</sat></trkpt>
  <trkpt lat="30.26679822" lon="120.12515347"><ele>10.238</ele><time>2026-09-16T14:20:04Z</time><sat>37</sat></trkpt>
  <trkpt lat="30.26681382" lon="120.12511198"><ele>9.750</ele><time>2026-09-16T14:20:07Z</time><sat>37</sat></trkpt>
  <trkpt lat="30.26682745" lon="120.12507274"><ele>8.886</ele><time>2026-09-16T14:20:10Z</time><sat>36</sat></trkpt>
  <trkpt lat="30.26684257" lon="120.12503323"><ele>8.514</ele><time>2026-09-16T14:20:13Z</time><sat>36</sat></trkpt>
  <trkpt lat="30.26685977" lon="120.12499158"><ele>8.670</ele><time>2026-09-16T14:20:16Z</time><sat>36</sat></trkpt>
  <trkpt lat="30.26687139" lon="120.12495257"><ele>8.956</ele><time>2026-09-16T14:20:19Z</time><sat>36</sat></trkpt>
  <trkpt lat="30.26688262" lon="120.12491802"><ele>7.452</ele><time>2026-09-16T14:20:22Z</time><sat>36</sat></trkpt>
  <trkpt lat="30.26689882" lon="120.12487350"><ele>8.310</ele><time>2026-09-16T14:20:25Z</time><sat>36</sat></trkpt>
  <trkpt lat="30.26691037" lon="120.12482946"><ele>8.626</ele><time>2026-09-16T14:20:28Z</time><sat>36</sat></trkpt>
  <trkpt lat="30.26692102" lon="120.12479115"><ele>8.840</ele><time>2026-09-16T14:20:31Z</time><sat>36</sat></trkpt>
  <trkpt lat="30.26693731" lon="120.12474320"><ele>8.744</ele><time>2026-09-16T14:20:34Z</time><sat>36</sat></trkpt>
  <trkpt lat="30.26694731" lon="120.12470008"><ele>8.923</ele><time>2026-09-16T14:20:37Z</time><sat>35</sat></trkpt>
  <trkpt lat="30.26696411" lon="120.12465668"><ele>8.569</ele><time>2026-09-16T14:20:40Z</time><sat>36</sat></trkpt>
  <trkpt lat="30.26698450" lon="120.12461916"><ele>7.962</ele><time>2026-09-16T14:20:43Z</time><sat>36</sat></trkpt>
  <trkpt lat="30.26700109" lon="120.12457230"><ele>8.521</ele><time>2026-09-16T14:20:46Z</time><sat>36</sat></trkpt>
  <trkpt lat="30.26701481" lon="120.12452492"><ele>7.658</ele><time>2026-09-16T14:20:49Z</time><sat>36</sat></trkpt>
  <trkpt lat="30.26702725" lon="120.12447375"><ele>7.832</ele><time>2026-09-16T14:20:52Z</time><sat>36</sat></trkpt>
  <trkpt lat="30.26704132" lon="120.12442592"><ele>7.990</ele><time>2026-09-16T14:20:55Z</time><sat>36</sat></trkpt>
  <trkpt lat="30.26706007" lon="120.12438067"><ele>8.583</ele><time>2026-09-16T14:20:58Z</time><sat>33</sat></trkpt>
  <trkpt lat="30.26707976" lon="120.12433985"><ele>8.998</ele><time>2026-09-16T14:21:01Z</time><sat>34</sat></trkpt>
  <trkpt lat="30.26709504" lon="120.12429607"><ele>9.340</ele><time>2026-09-16T14:21:04Z</time><sat>36</sat></trkpt>
  <trkpt lat="30.26711423" lon="120.12425631"><ele>9.161</ele><time>2026-09-16T14:21:07Z</time><sat>36</sat></trkpt>
  <trkpt lat="30.26713295" lon="120.12421418"><ele>9.145</ele><time>2026-09-16T14:21:10Z</time><sat>36</sat></trkpt>
  <trkpt lat="30.26715279" lon="120.12417619"><ele>9.132</ele><time>2026-09-16T14:21:13Z</time><sat>35</sat></trkpt>
  <trkpt lat="30.26718005" lon="120.12413619"><ele>9.295</ele><time>2026-09-16T14:21:16Z</time><sat>36</sat></trkpt>
  <trkpt lat="30.26719808" lon="120.12410108"><ele>9.368</ele><time>2026-09-16T14:21:19Z</time><sat>36</sat></trkpt>
  <trkpt lat="30.26721282" lon="120.12405703"><ele>9.630</ele><time>2026-09-16T14:21:22Z</time><sat>36</sat></trkpt>
  <trkpt lat="30.26722925" lon="120.12401548"><ele>9.978</ele><time>2026-09-16T14:21:25Z</time><sat>37</sat></trkpt>
  <trkpt lat="30.26724853" lon="120.12397559"><ele>9.707</ele><time>2026-09-16T14:21:28Z</time><sat>37</sat></trkpt>
  <trkpt lat="30.26726622" lon="120.12393229"><ele>9.542</ele><time>2026-09-16T14:21:31Z</time><sat>36</sat></trkpt>
  <trkpt lat="30.26728390" lon="120.12388446"><ele>10.026</ele><time>2026-09-16T14:21:34Z</time><sat>36</sat></trkpt>
  <trkpt lat="30.26730031" lon="120.12384177"><ele>9.802</ele><time>2026-09-16T14:21:37Z</time><sat>37</sat></trkpt>
  <trkpt lat="30.26731087" lon="120.12379562"><ele>9.717</ele><time>2026-09-16T14:21:40Z</time><sat>37</sat></trkpt>
  <trkpt lat="30.26732107" lon="120.12375275"><ele>10.603</ele><time>2026-09-16T14:21:43Z</time><sat>37</sat></trkpt>
  <trkpt lat="30.26733124" lon="120.12371037"><ele>11.502</ele><time>2026-09-16T14:21:46Z</time><sat>36</sat></trkpt>
  <trkpt lat="30.26735681" lon="120.12365976"><ele>11.544</ele><time>2026-09-16T14:21:49Z</time><sat>37</sat></trkpt>
  <trkpt lat="30.26737879" lon="120.12361509"><ele>10.327</ele><time>2026-09-16T14:21:52Z</time><sat>36</sat></trkpt>
  <trkpt lat="30.26739275" lon="120.12357145"><ele>10.103</ele><time>2026-09-16T14:21:55Z</time><sat>36</sat></trkpt>
  <trkpt lat="30.26740221" lon="120.12353008"><ele>10.547</ele><time>2026-09-16T14:21:58Z</time><sat>36</sat></trkpt>
  <trkpt lat="30.26741313" lon="120.12349444"><ele>10.216</ele><time>2026-09-16T14:22:01Z</time><sat>35</sat></trkpt>
  <trkpt lat="30.26742319" lon="120.12345488"><ele>10.017</ele><time>2026-09-16T14:22:04Z</time><sat>36</sat></trkpt>
  <trkpt lat="30.26742953" lon="120.12342003"><ele>10.117</ele><time>2026-09-16T14:22:07Z</time><sat>37</sat></trkpt>
  <trkpt lat="30.26744057" lon="120.12338583"><ele>8.895</ele><time>2026-09-16T14:22:10Z</time><sat>37</sat></trkpt>
  <trkpt lat="30.26744963" lon="120.12334321"><ele>9.047</ele><time>2026-09-16T14:22:13Z</time><sat>37</sat></trkpt>
  <trkpt lat="30.26746189" lon="120.12330372"><ele>8.696</ele><time>2026-09-16T14:22:16Z</time><sat>37</sat></trkpt>
  <trkpt lat="30.26747419" lon="120.12326913"><ele>8.476</ele><time>2026-09-16T14:22:19Z</time><sat>37</sat></trkpt>
  <trkpt lat="30.26748510" lon="120.12322441"><ele>8.747</ele><time>2026-09-16T14:22:22Z</time><sat>37</sat></trkpt>
  <trkpt lat="30.26750020" lon="120.12318133"><ele>8.953</ele><time>2026-09-16T14:22:25Z</time><sat>37</sat></trkpt>
  <trkpt lat="30.26752039" lon="120.12313684"><ele>8.942</ele><time>2026-09-16T14:22:28Z</time><sat>38</sat></trkpt>
  <trkpt lat="30.26754235" lon="120.12309464"><ele>9.079</ele><time>2026-09-16T14:22:31Z</time><sat>38</sat></trkpt>
  <trkpt lat="30.26755744" lon="120.12304959"><ele>9.404</ele><time>2026-09-16T14:22:34Z</time><sat>37</sat></trkpt>
  <trkpt lat="30.26756772" lon="120.12297655"><ele>9.653</ele><time>2026-09-16T14:22:37Z</time><sat>36</sat></trkpt>
  <trkpt lat="30.26757583" lon="120.12289454"><ele>9.710</ele><time>2026-09-16T14:22:40Z</time><sat>36</sat></trkpt>
  <trkpt lat="30.26756895" lon="120.12281732"><ele>9.967</ele><time>2026-09-16T14:22:43Z</time><sat>36</sat></trkpt>
  <trkpt lat="30.26754085" lon="120.12273717"><ele>9.398</ele><time>2026-09-16T14:22:46Z</time><sat>37</sat></trkpt>
  <trkpt lat="30.26754968" lon="120.12266005"><ele>9.702</ele><time>2026-09-16T14:22:49Z</time><sat>37</sat></trkpt>
  <trkpt lat="30.26756582" lon="120.12259246"><ele>9.535</ele><time>2026-09-16T14:22:52Z</time><sat>37</sat></trkpt>
  <trkpt lat="30.26758547" lon="120.12252453"><ele>9.151</ele><time>2026-09-16T14:22:55Z</time><sat>35</sat></trkpt>
  <trkpt lat="30.26761366" lon="120.12247130"><ele>8.942</ele><time>2026-09-16T14:22:58Z</time><sat>38</sat></trkpt>
  <trkpt lat="30.26761710" lon="120.12246632"><ele>8.876</ele><time>2026-09-16T14:23:01Z</time><sat>38</sat></trkpt>
  <trkpt lat="30.26762717" lon="120.12243204"><ele>8.972</ele><time>2026-09-16T14:23:04Z</time><sat>38</sat></trkpt>
  <trkpt lat="30.26764401" lon="120.12238538"><ele>9.133</ele><time>2026-09-16T14:23:07Z</time><sat>38</sat></trkpt>
  <trkpt lat="30.26765900" lon="120.12233554"><ele>9.051</ele><time>2026-09-16T14:23:10Z</time><sat>38</sat></trkpt>
  <trkpt lat="30.26767664" lon="120.12228026"><ele>9.720</ele><time>2026-09-16T14:23:13Z</time><sat>37</sat></trkpt>
  <trkpt lat="30.26768761" lon="120.12221557"><ele>9.643</ele><time>2026-09-16T14:23:16Z</time><sat>37</sat></trkpt>
  <trkpt lat="30.26770482" lon="120.12215662"><ele>9.702</ele><time>2026-09-16T14:23:19Z</time><sat>38</sat></trkpt>
  <trkpt lat="30.26772181" lon="120.12209710"><ele>9.608</ele><time>2026-09-16T14:23:22Z</time><sat>38</sat></trkpt>
  <trkpt lat="30.26773725" lon="120.12204371"><ele>8.543</ele><time>2026-09-16T14:23:25Z</time><sat>37</sat></trkpt>
  <trkpt lat="30.26775629" lon="120.12201136"><ele>8.439</ele><time>2026-09-16T14:23:28Z</time><sat>38</sat></trkpt>
  <trkpt lat="30.26776001" lon="120.12201344"><ele>9.985</ele><time>2026-09-16T14:23:31Z</time><sat>38</sat></trkpt>
  <trkpt lat="30.26776050" lon="120.12201928"><ele>10.757</ele><time>2026-09-16T14:23:34Z</time><sat>38</sat></trkpt>
  <trkpt lat="30.26776020" lon="120.12201811"><ele>10.859</ele><time>2026-09-16T14:23:37Z</time><sat>37</sat></trkpt>
  <trkpt lat="30.26776523" lon="120.12198885"><ele>12.018</ele><time>2026-09-16T14:23:40Z</time><sat>38</sat></trkpt>
  <trkpt lat="30.26777187" lon="120.12194631"><ele>11.755</ele><time>2026-09-16T14:23:43Z</time><sat>38</sat></trkpt>
  <trkpt lat="30.26778453" lon="120.12191052"><ele>10.380</ele><time>2026-09-16T14:23:46Z</time><sat>37</sat></trkpt>
  <trkpt lat="30.26779411" lon="120.12186898"><ele>9.806</ele><time>2026-09-16T14:23:49Z</time><sat>37</sat></trkpt>
  <trkpt lat="30.26780837" lon="120.12183100"><ele>10.097</ele><time>2026-09-16T14:23:52Z</time><sat>37</sat></trkpt>
  <trkpt lat="30.26781306" lon="120.12181080"><ele>10.526</ele><time>2026-09-16T14:23:55Z</time><sat>36</sat></trkpt>
  <trkpt lat="30.26780983" lon="120.12181098"><ele>10.786</ele><time>2026-09-16T14:23:58Z</time><sat>38</sat></trkpt>
  <trkpt lat="30.26780988" lon="120.12180255"><ele>10.843</ele><time>2026-09-16T14:24:01Z</time><sat>38</sat></trkpt>
  <trkpt lat="30.26781979" lon="120.12176636"><ele>10.290</ele><time>2026-09-16T14:24:04Z</time><sat>37</sat></trkpt>
  <trkpt lat="30.26783032" lon="120.12172335"><ele>10.145</ele><time>2026-09-16T14:24:07Z</time><sat>38</sat></trkpt>
  <trkpt lat="30.26784072" lon="120.12168320"><ele>10.174</ele><time>2026-09-16T14:24:10Z</time><sat>38</sat></trkpt>
  <trkpt lat="30.26785200" lon="120.12164184"><ele>11.178</ele><time>2026-09-16T14:24:13Z</time><sat>36</sat></trkpt>
  <trkpt lat="30.26786244" lon="120.12160010"><ele>12.766</ele><time>2026-09-16T14:24:16Z</time><sat>38</sat></trkpt>
  <trkpt lat="30.26788348" lon="120.12155263"><ele>10.643</ele><time>2026-09-16T14:24:19Z</time><sat>39</sat></trkpt>
  <trkpt lat="30.26791162" lon="120.12150478"><ele>10.184</ele><time>2026-09-16T14:24:22Z</time><sat>39</sat></trkpt>
  <trkpt lat="30.26793845" lon="120.12147071"><ele>10.184</ele><time>2026-09-16T14:24:25Z</time><sat>38</sat></trkpt>
  <trkpt lat="30.26795196" lon="120.12143861"><ele>9.968</ele><time>2026-09-16T14:24:28Z</time><sat>39</sat></trkpt>
  <trkpt lat="30.26796051" lon="120.12141334"><ele>9.568</ele><time>2026-09-16T14:24:31Z</time><sat>39</sat></trkpt>
  <trkpt lat="30.26796263" lon="120.12138841"><ele>9.383</ele><time>2026-09-16T14:24:34Z</time><sat>39</sat></trkpt>
  <trkpt lat="30.26796920" lon="120.12136901"><ele>9.076</ele><time>2026-09-16T14:24:37Z</time><sat>39</sat></trkpt>
  <trkpt lat="30.26798248" lon="120.12133389"><ele>9.917</ele><time>2026-09-16T14:24:40Z</time><sat>39</sat></trkpt>
  <trkpt lat="30.26799211" lon="120.12129764"><ele>9.545</ele><time>2026-09-16T14:24:43Z</time><sat>39</sat></trkpt>
  <trkpt lat="30.26800088" lon="120.12126001"><ele>9.339</ele><time>2026-09-16T14:24:46Z</time><sat>39</sat></trkpt>
  <trkpt lat="30.26801109" lon="120.12122064"><ele>9.674</ele><time>2026-09-16T14:24:49Z</time><sat>39</sat></trkpt>
  <trkpt lat="30.26801829" lon="120.12118495"><ele>9.624</ele><time>2026-09-16T14:24:52Z</time><sat>38</sat></trkpt>
  <trkpt lat="30.26802773" lon="120.12114687"><ele>9.598</ele><time>2026-09-16T14:24:55Z</time><sat>35</sat></trkpt>
  <trkpt lat="30.26804090" lon="120.12110880"><ele>9.380</ele><time>2026-09-16T14:24:58Z</time><sat>38</sat></trkpt>
  <trkpt lat="30.26805255" lon="120.12107306"><ele>9.512</ele><time>2026-09-16T14:25:01Z</time><sat>38</sat></trkpt>
  <trkpt lat="30.26805777" lon="120.12103702"><ele>9.810</ele><time>2026-09-16T14:25:04Z</time><sat>37</sat></trkpt>
  <trkpt lat="30.26805830" lon="120.12099663"><ele>10.292</ele><time>2026-09-16T14:25:07Z</time><sat>35</sat></trkpt>
  <trkpt lat="30.26805814" lon="120.12095632"><ele>10.552</ele><time>2026-09-16T14:25:10Z</time><sat>28</sat></trkpt>
  <trkpt lat="30.26805738" lon="120.12091603"><ele>10.678</ele><time>2026-09-16T14:25:13Z</time><sat>39</sat></trkpt>
  <trkpt lat="30.26805820" lon="120.12087299"><ele>10.432</ele><time>2026-09-16T14:25:16Z</time><sat>38</sat></trkpt>
  <trkpt lat="30.26807375" lon="120.12083545"><ele>10.332</ele><time>2026-09-16T14:25:19Z</time><sat>38</sat></trkpt>
  <trkpt lat="30.26808999" lon="120.12080694"><ele>9.632</ele><time>2026-09-16T14:25:22Z</time><sat>39</sat></trkpt>
  <trkpt lat="30.26809849" lon="120.12078086"><ele>8.983</ele><time>2026-09-16T14:25:25Z</time><sat>39</sat></trkpt>
  <trkpt lat="30.26810757" lon="120.12075123"><ele>7.986</ele><time>2026-09-16T14:25:28Z</time><sat>39</sat></trkpt>
  <trkpt lat="30.26811299" lon="120.12071512"><ele>7.628</ele><time>2026-09-16T14:25:31Z</time><sat>39</sat></trkpt>
  <trkpt lat="30.26810978" lon="120.12067709"><ele>7.878</ele><time>2026-09-16T14:25:34Z</time><sat>39</sat></trkpt>
  <trkpt lat="30.26811160" lon="120.12063906"><ele>7.006</ele><time>2026-09-16T14:25:37Z</time><sat>39</sat></trkpt>
  <trkpt lat="30.26811850" lon="120.12059874"><ele>7.504</ele><time>2026-09-16T14:25:40Z</time><sat>39</sat></trkpt>
  <trkpt lat="30.26812755" lon="120.12056294"><ele>7.129</ele><time>2026-09-16T14:25:43Z</time><sat>39</sat></trkpt>
  <trkpt lat="30.26813459" lon="120.12052213"><ele>8.259</ele><time>2026-09-16T14:25:46Z</time><sat>39</sat></trkpt>
  <trkpt lat="30.26813893" lon="120.12048322"><ele>7.904</ele><time>2026-09-16T14:25:49Z</time><sat>39</sat></trkpt>
  <trkpt lat="30.26814360" lon="120.12045208"><ele>8.028</ele><time>2026-09-16T14:25:52Z</time><sat>38</sat></trkpt>
  <trkpt lat="30.26815153" lon="120.12042553"><ele>6.883</ele><time>2026-09-16T14:25:55Z</time><sat>39</sat></trkpt>
  <trkpt lat="30.26815795" lon="120.12041606"><ele>8.924</ele><time>2026-09-16T14:25:58Z</time><sat>39</sat></trkpt>
  <trkpt lat="30.26816258" lon="120.12040019"><ele>9.254</ele><time>2026-09-16T14:26:01Z</time><sat>39</sat></trkpt>
  <trkpt lat="30.26817639" lon="120.12036918"><ele>9.879</ele><time>2026-09-16T14:26:04Z</time><sat>39</sat></trkpt>
  <trkpt lat="30.26819457" lon="120.12032964"><ele>10.157</ele><time>2026-09-16T14:26:07Z</time><sat>38</sat></trkpt>
  <trkpt lat="30.26820710" lon="120.12028769"><ele>10.862</ele><time>2026-09-16T14:26:10Z</time><sat>38</sat></trkpt>
  <trkpt lat="30.26821766" lon="120.12024852"><ele>10.653</ele><time>2026-09-16T14:26:13Z</time><sat>38</sat></trkpt>
  <trkpt lat="30.26823594" lon="120.12020505"><ele>10.580</ele><time>2026-09-16T14:26:16Z</time><sat>39</sat></trkpt>
  <trkpt lat="30.26825075" lon="120.12016548"><ele>11.444</ele><time>2026-09-16T14:26:19Z</time><sat>39</sat></trkpt>
  <trkpt lat="30.26825801" lon="120.12012480"><ele>12.277</ele><time>2026-09-16T14:26:22Z</time><sat>37</sat></trkpt>
  <trkpt lat="30.26827043" lon="120.12008456"><ele>11.824</ele><time>2026-09-16T14:26:25Z</time><sat>37</sat></trkpt>
  <trkpt lat="30.26827507" lon="120.12004581"><ele>11.190</ele><time>2026-09-16T14:26:28Z</time><sat>37</sat></trkpt>
  <trkpt lat="30.26828189" lon="120.12000063"><ele>11.508</ele><time>2026-09-16T14:26:31Z</time><sat>37</sat></trkpt>
  <trkpt lat="30.26829084" lon="120.11995492"><ele>11.536</ele><time>2026-09-16T14:26:34Z</time><sat>38</sat></trkpt>
  <trkpt lat="30.26829696" lon="120.11991699"><ele>10.896</ele><time>2026-09-16T14:26:37Z</time><sat>38</sat></trkpt>
  <trkpt lat="30.26830547" lon="120.11987872"><ele>11.364</ele><time>2026-09-16T14:26:40Z</time><sat>38</sat></trkpt>
  <trkpt lat="30.26831108" lon="120.11984213"><ele>10.819</ele><time>2026-09-16T14:26:43Z</time><sat>38</sat></trkpt>
  <trkpt lat="30.26832126" lon="120.11980478"><ele>10.600</ele><time>2026-09-16T14:26:46Z</time><sat>38</sat></trkpt>
  <trkpt lat="30.26833803" lon="120.11977379"><ele>10.675</ele><time>2026-09-16T14:26:49Z</time><sat>39</sat></trkpt>
  <trkpt lat="30.26836606" lon="120.11974659"><ele>10.443</ele><time>2026-09-16T14:26:52Z</time><sat>39</sat></trkpt>
  <trkpt lat="30.26839652" lon="120.11973244"><ele>10.197</ele><time>2026-09-16T14:26:55Z</time><sat>39</sat></trkpt>
  <trkpt lat="30.26841811" lon="120.11970654"><ele>9.790</ele><time>2026-09-16T14:26:58Z</time><sat>38</sat></trkpt>
  <trkpt lat="30.26843753" lon="120.11967223"><ele>10.697</ele><time>2026-09-16T14:27:01Z</time><sat>37</sat></trkpt>
  <trkpt lat="30.26845605" lon="120.11963816"><ele>10.954</ele><time>2026-09-16T14:27:04Z</time><sat>37</sat></trkpt>
  <trkpt lat="30.26847223" lon="120.11960244"><ele>11.033</ele><time>2026-09-16T14:27:07Z</time><sat>39</sat></trkpt>
  <trkpt lat="30.26848799" lon="120.11957640"><ele>11.634</ele><time>2026-09-16T14:27:10Z</time><sat>39</sat></trkpt>
  <trkpt lat="30.26849775" lon="120.11955880"><ele>12.277</ele><time>2026-09-16T14:27:13Z</time><sat>38</sat></trkpt>
  <trkpt lat="30.26849418" lon="120.11956533"><ele>11.956</ele><time>2026-09-16T14:27:16Z</time><sat>38</sat></trkpt>
  <trkpt lat="30.26849415" lon="120.11956863"><ele>11.991</ele><time>2026-09-16T14:27:19Z</time><sat>37</sat></trkpt>
  <trkpt lat="30.26849253" lon="120.11957005"><ele>12.117</ele><time>2026-09-16T14:27:22Z</time><sat>36</sat></trkpt>
  <trkpt lat="30.26849178" lon="120.11957884"><ele>12.691</ele><time>2026-09-16T14:27:25Z</time><sat>37</sat></trkpt>
  <trkpt lat="30.26849900" lon="120.11957576"><ele>12.742</ele><time>2026-09-16T14:27:28Z</time><sat>38</sat></trkpt>
  <trkpt lat="30.26850232" lon="120.11957858"><ele>12.751</ele><time>2026-09-16T14:27:31Z</time><sat>38</sat></trkpt>
  <trkpt lat="30.26850238" lon="120.11957854"><ele>12.755</ele><time>2026-09-16T14:27:34Z</time><sat>37</sat></trkpt>
  <trkpt lat="30.26850391" lon="120.11957390"><ele>12.928</ele><time>2026-09-16T14:27:37Z</time><sat>37</sat></trkpt>
  <trkpt lat="30.26850970" lon="120.11957509"><ele>13.093</ele><time>2026-09-16T14:27:40Z</time><sat>37</sat></trkpt>
  <trkpt lat="30.26851083" lon="120.11957550"><ele>12.984</ele><time>2026-09-16T14:27:43Z</time><sat>37</sat></trkpt>
  <trkpt lat="30.26851294" lon="120.11957247"><ele>13.674</ele><time>2026-09-16T14:27:46Z</time><sat>37</sat></trkpt>
  <trkpt lat="30.26850995" lon="120.11956660"><ele>13.794</ele><time>2026-09-16T14:27:49Z</time><sat>38</sat></trkpt>
  <trkpt lat="30.26851027" lon="120.11957360"><ele>14.156</ele><time>2026-09-16T14:27:52Z</time><sat>39</sat></trkpt>
  <trkpt lat="30.26851058" lon="120.11956562"><ele>14.168</ele><time>2026-09-16T14:27:55Z</time><sat>38</sat></trkpt>
  <trkpt lat="30.26850905" lon="120.11955715"><ele>14.610</ele><time>2026-09-16T14:27:58Z</time><sat>38</sat></trkpt>
  <trkpt lat="30.26851129" lon="120.11953422"><ele>14.860</ele><time>2026-09-16T14:28:01Z</time><sat>38</sat></trkpt>
  <trkpt lat="30.26851052" lon="120.11951380"><ele>14.910</ele><time>2026-09-16T14:28:04Z</time><sat>38</sat></trkpt>
  <trkpt lat="30.26851083" lon="120.11950448"><ele>13.570</ele><time>2026-09-16T14:28:07Z</time><sat>39</sat></trkpt>
  <trkpt lat="30.26850951" lon="120.11950518"><ele>13.573</ele><time>2026-09-16T14:28:10Z</time><sat>39</sat></trkpt>
  <trkpt lat="30.26850940" lon="120.11950523"><ele>13.569</ele><time>2026-09-16T14:28:13Z</time><sat>39</sat></trkpt>
  <trkpt lat="30.26850804" lon="120.11950279"><ele>13.595</ele><time>2026-09-16T14:28:16Z</time><sat>39</sat></trkpt>
  <trkpt lat="30.26851084" lon="120.11947607"><ele>13.176</ele><time>2026-09-16T14:28:19Z</time><sat>39</sat></trkpt>
  <trkpt lat="30.26851998" lon="120.11943820"><ele>13.115</ele><time>2026-09-16T14:28:22Z</time><sat>38</sat></trkpt>
  <trkpt lat="30.26852819" lon="120.11940131"><ele>11.799</ele><time>2026-09-16T14:28:25Z</time><sat>38</sat></trkpt>
  <trkpt lat="30.26853781" lon="120.11936896"><ele>11.611</ele><time>2026-09-16T14:28:28Z</time><sat>38</sat></trkpt>
  <trkpt lat="30.26854334" lon="120.11933730"><ele>11.449</ele><time>2026-09-16T14:28:31Z</time><sat>38</sat></trkpt>
  <trkpt lat="30.26855204" lon="120.11930490"><ele>11.274</ele><time>2026-09-16T14:28:34Z</time><sat>38</sat></trkpt>
  <trkpt lat="30.26855744" lon="120.11927595"><ele>10.959</ele><time>2026-09-16T14:28:37Z</time><sat>38</sat></trkpt>
  <trkpt lat="30.26856159" lon="120.11924722"><ele>11.010</ele><time>2026-09-16T14:28:40Z</time><sat>38</sat></trkpt>
  <trkpt lat="30.26856480" lon="120.11924332"><ele>10.878</ele><time>2026-09-16T14:28:43Z</time><sat>38</sat></trkpt>
  <trkpt lat="30.26856499" lon="120.11924311"><ele>10.879</ele><time>2026-09-16T14:28:46Z</time><sat>38</sat></trkpt>
  <trkpt lat="30.26856499" lon="120.11924297"><ele>10.880</ele><time>2026-09-16T14:28:49Z</time><sat>38</sat></trkpt>
  <trkpt lat="30.26856497" lon="120.11924283"><ele>10.877</ele><time>2026-09-16T14:28:52Z</time><sat>38</sat></trkpt>
  <trkpt lat="30.26856492" lon="120.11924271"><ele>10.872</ele><time>2026-09-16T14:28:55Z</time><sat>38</sat></trkpt>
  <trkpt lat="30.26856492" lon="120.11924256"><ele>10.865</ele><time>2026-09-16T14:28:58Z</time><sat>36</sat></trkpt>
  <trkpt lat="30.26856496" lon="120.11924244"><ele>10.858</ele><time>2026-09-16T14:29:01Z</time><sat>36</sat></trkpt>
  <trkpt lat="30.26856499" lon="120.11924231"><ele>10.853</ele><time>2026-09-16T14:29:04Z</time><sat>37</sat></trkpt>
  <trkpt lat="30.26856584" lon="120.11923936"><ele>10.426</ele><time>2026-09-16T14:29:07Z</time><sat>36</sat></trkpt>
  <trkpt lat="30.26857124" lon="120.11922139"><ele>10.306</ele><time>2026-09-16T14:29:10Z</time><sat>38</sat></trkpt>
  <trkpt lat="30.26857691" lon="120.11919310"><ele>10.787</ele><time>2026-09-16T14:29:13Z</time><sat>37</sat></trkpt>
  <trkpt lat="30.26858468" lon="120.11916039"><ele>11.221</ele><time>2026-09-16T14:29:16Z</time><sat>37</sat></trkpt>
  <trkpt lat="30.26859425" lon="120.11912853"><ele>11.604</ele><time>2026-09-16T14:29:19Z</time><sat>38</sat></trkpt>
  <trkpt lat="30.26860717" lon="120.11909311"><ele>11.917</ele><time>2026-09-16T14:29:22Z</time><sat>38</sat></trkpt>
  <trkpt lat="30.26862096" lon="120.11905490"><ele>11.994</ele><time>2026-09-16T14:29:25Z</time><sat>37</sat></trkpt>
  <trkpt lat="30.26863150" lon="120.11901772"><ele>12.136</ele><time>2026-09-16T14:29:28Z</time><sat>37</sat></trkpt>
  <trkpt lat="30.26864081" lon="120.11898042"><ele>12.044</ele><time>2026-09-16T14:29:31Z</time><sat>37</sat></trkpt>
  <trkpt lat="30.26865002" lon="120.11894005"><ele>12.100</ele><time>2026-09-16T14:29:34Z</time><sat>38</sat></trkpt>
  <trkpt lat="30.26865778" lon="120.11889864"><ele>12.500</ele><time>2026-09-16T14:29:37Z</time><sat>38</sat></trkpt>
  <trkpt lat="30.26866915" lon="120.11885750"><ele>12.654</ele><time>2026-09-16T14:29:40Z</time><sat>36</sat></trkpt>
  <trkpt lat="30.26868811" lon="120.11881460"><ele>12.261</ele><time>2026-09-16T14:29:43Z</time><sat>36</sat></trkpt>
  <trkpt lat="30.26870949" lon="120.11877254"><ele>11.877</ele><time>2026-09-16T14:29:46Z</time><sat>37</sat></trkpt>
  <trkpt lat="30.26871403" lon="120.11872438"><ele>12.198</ele><time>2026-09-16T14:29:49Z</time><sat>37</sat></trkpt>
  <trkpt lat="30.26869656" lon="120.11867595"><ele>12.539</ele><time>2026-09-16T14:29:52Z</time><sat>37</sat></trkpt>
  <trkpt lat="30.26867140" lon="120.11863522"><ele>12.540</ele><time>2026-09-16T14:29:55Z</time><sat>38</sat></trkpt>
  <trkpt lat="30.26863990" lon="120.11860653"><ele>12.594</ele><time>2026-09-16T14:29:58Z</time><sat>38</sat></trkpt>
  <trkpt lat="30.26860252" lon="120.11857964"><ele>12.956</ele><time>2026-09-16T14:30:01Z</time><sat>38</sat></trkpt>
  <trkpt lat="30.26855991" lon="120.11855760"><ele>12.764</ele><time>2026-09-16T14:30:04Z</time><sat>36</sat></trkpt>
  <trkpt lat="30.26851875" lon="120.11853899"><ele>12.786</ele><time>2026-09-16T14:30:07Z</time><sat>38</sat></trkpt>
  <trkpt lat="30.26847866" lon="120.11852397"><ele>12.918</ele><time>2026-09-16T14:30:10Z</time><sat>39</sat></trkpt>
  <trkpt lat="30.26843555" lon="120.11851035"><ele>12.861</ele><time>2026-09-16T14:30:13Z</time><sat>39</sat></trkpt>
  <trkpt lat="30.26839739" lon="120.11849094"><ele>13.018</ele><time>2026-09-16T14:30:16Z</time><sat>37</sat></trkpt>
  <trkpt lat="30.26835932" lon="120.11846737"><ele>13.403</ele><time>2026-09-16T14:30:19Z</time><sat>35</sat></trkpt>
  <trkpt lat="30.26832263" lon="120.11844704"><ele>13.453</ele><time>2026-09-16T14:30:22Z</time><sat>33</sat></trkpt>
  <trkpt lat="30.26828366" lon="120.11842845"><ele>13.388</ele><time>2026-09-16T14:30:25Z</time><sat>33</sat></trkpt>
  <trkpt lat="30.26824500" lon="120.11841364"><ele>13.432</ele><time>2026-09-16T14:30:28Z</time><sat>32</sat></trkpt>
  <trkpt lat="30.26820825" lon="120.11840139"><ele>13.437</ele><time>2026-09-16T14:30:31Z</time><sat>32</sat></trkpt>
  <trkpt lat="30.26817346" lon="120.11838796"><ele>13.633</ele><time>2026-09-16T14:30:34Z</time><sat>32</sat></trkpt>
  <trkpt lat="30.26813680" lon="120.11837439"><ele>13.998</ele><time>2026-09-16T14:30:37Z</time><sat>32</sat></trkpt>
  <trkpt lat="30.26810103" lon="120.11835934"><ele>14.623</ele><time>2026-09-16T14:30:40Z</time><sat>32</sat></trkpt>
  <trkpt lat="30.26806603" lon="120.11834653"><ele>14.848</ele><time>2026-09-16T14:30:43Z</time><sat>34</sat></trkpt>
  <trkpt lat="30.26802994" lon="120.11833325"><ele>14.885</ele><time>2026-09-16T14:30:46Z</time><sat>36</sat></trkpt>
  <trkpt lat="30.26799282" lon="120.11831980"><ele>14.928</ele><time>2026-09-16T14:30:49Z</time><sat>35</sat></trkpt>
  <trkpt lat="30.26795980" lon="120.11830089"><ele>14.923</ele><time>2026-09-16T14:30:52Z</time><sat>33</sat></trkpt>
  <trkpt lat="30.26792355" lon="120.11828564"><ele>14.975</ele><time>2026-09-16T14:30:55Z</time><sat>33</sat></trkpt>
  <trkpt lat="30.26788795" lon="120.11826914"><ele>15.086</ele><time>2026-09-16T14:30:58Z</time><sat>33</sat></trkpt>
  <trkpt lat="30.26785197" lon="120.11826143"><ele>14.935</ele><time>2026-09-16T14:31:01Z</time><sat>36</sat></trkpt>
  <trkpt lat="30.26781576" lon="120.11825154"><ele>15.051</ele><time>2026-09-16T14:31:04Z</time><sat>36</sat></trkpt>
  <trkpt lat="30.26778213" lon="120.11823756"><ele>14.993</ele><time>2026-09-16T14:31:07Z</time><sat>36</sat></trkpt>
  <trkpt lat="30.26774926" lon="120.11822709"><ele>15.237</ele><time>2026-09-16T14:31:10Z</time><sat>37</sat></trkpt>
  <trkpt lat="30.26771624" lon="120.11821605"><ele>15.245</ele><time>2026-09-16T14:31:13Z</time><sat>33</sat></trkpt>
  <trkpt lat="30.26768238" lon="120.11820467"><ele>15.369</ele><time>2026-09-16T14:31:16Z</time><sat>34</sat></trkpt>
  <trkpt lat="30.26764916" lon="120.11818842"><ele>15.551</ele><time>2026-09-16T14:31:19Z</time><sat>35</sat></trkpt>
  <trkpt lat="30.26762279" lon="120.11816197"><ele>15.597</ele><time>2026-09-16T14:31:22Z</time><sat>35</sat></trkpt>
  <trkpt lat="30.26760919" lon="120.11812784"><ele>15.939</ele><time>2026-09-16T14:31:25Z</time><sat>34</sat></trkpt>
  <trkpt lat="30.26760851" lon="120.11809082"><ele>15.860</ele><time>2026-09-16T14:31:28Z</time><sat>35</sat></trkpt>
  <trkpt lat="30.26761596" lon="120.11805903"><ele>16.119</ele><time>2026-09-16T14:31:31Z</time><sat>36</sat></trkpt>
  <trkpt lat="30.26762972" lon="120.11802821"><ele>15.644</ele><time>2026-09-16T14:31:34Z</time><sat>36</sat></trkpt>
  <trkpt lat="30.26763995" lon="120.11800010"><ele>15.755</ele><time>2026-09-16T14:31:37Z</time><sat>37</sat></trkpt>
  <trkpt lat="30.26765153" lon="120.11796617"><ele>16.147</ele><time>2026-09-16T14:31:40Z</time><sat>38</sat></trkpt>
  <trkpt lat="30.26766349" lon="120.11793719"><ele>16.345</ele><time>2026-09-16T14:31:43Z</time><sat>37</sat></trkpt>
  <trkpt lat="30.26767595" lon="120.11790923"><ele>16.388</ele><time>2026-09-16T14:31:46Z</time><sat>36</sat></trkpt>
  <trkpt lat="30.26768664" lon="120.11787437"><ele>17.172</ele><time>2026-09-16T14:31:49Z</time><sat>36</sat></trkpt>
  <trkpt lat="30.26770019" lon="120.11784344"><ele>17.230</ele><time>2026-09-16T14:31:52Z</time><sat>36</sat></trkpt>
  <trkpt lat="30.26771273" lon="120.11781354"><ele>17.523</ele><time>2026-09-16T14:31:55Z</time><sat>36</sat></trkpt>
  <trkpt lat="30.26772777" lon="120.11777925"><ele>17.958</ele><time>2026-09-16T14:31:58Z</time><sat>35</sat></trkpt>
  <trkpt lat="30.26774160" lon="120.11774254"><ele>17.898</ele><time>2026-09-16T14:32:01Z</time><sat>35</sat></trkpt>
  <trkpt lat="30.26775695" lon="120.11770920"><ele>18.453</ele><time>2026-09-16T14:32:04Z</time><sat>35</sat></trkpt>
  <trkpt lat="30.26777794" lon="120.11767902"><ele>19.025</ele><time>2026-09-16T14:32:07Z</time><sat>35</sat></trkpt>
  <trkpt lat="30.26780372" lon="120.11765357"><ele>19.440</ele><time>2026-09-16T14:32:10Z</time><sat>35</sat></trkpt>
  <trkpt lat="30.26783962" lon="120.11762499"><ele>20.393</ele><time>2026-09-16T14:32:13Z</time><sat>34</sat></trkpt>
  <trkpt lat="30.26787084" lon="120.11761301"><ele>20.841</ele><time>2026-09-16T14:32:16Z</time><sat>34</sat></trkpt>
  <trkpt lat="30.26790469" lon="120.11760154"><ele>20.905</ele><time>2026-09-16T14:32:19Z</time><sat>34</sat></trkpt>
  <trkpt lat="30.26794245" lon="120.11759341"><ele>20.911</ele><time>2026-09-16T14:32:22Z</time><sat>33</sat></trkpt>
  <trkpt lat="30.26798391" lon="120.11759621"><ele>20.617</ele><time>2026-09-16T14:32:25Z</time><sat>32</sat></trkpt>
  <trkpt lat="30.26803716" lon="120.11761033"><ele>20.727</ele><time>2026-09-16T14:32:28Z</time><sat>33</sat></trkpt>
  <trkpt lat="30.26808863" lon="120.11762892"><ele>20.808</ele><time>2026-09-16T14:32:31Z</time><sat>36</sat></trkpt>
  <trkpt lat="30.26813978" lon="120.11764387"><ele>21.215</ele><time>2026-09-16T14:32:34Z</time><sat>37</sat></trkpt>
  <trkpt lat="30.26818696" lon="120.11765333"><ele>21.281</ele><time>2026-09-16T14:32:37Z</time><sat>35</sat></trkpt>
  <trkpt lat="30.26823411" lon="120.11764867"><ele>21.370</ele><time>2026-09-16T14:32:41Z</time><sat>36</sat></trkpt>
  <trkpt lat="30.26826438" lon="120.11764151"><ele>21.173</ele><time>2026-09-16T14:32:44Z</time><sat>35</sat></trkpt>
  <trkpt lat="30.26829386" lon="120.11763747"><ele>21.255</ele><time>2026-09-16T14:32:47Z</time><sat>35</sat></trkpt>
  <trkpt lat="30.26831788" lon="120.11763451"><ele>21.697</ele><time>2026-09-16T14:32:50Z</time><sat>35</sat></trkpt>
  <trkpt lat="30.26833934" lon="120.11763219"><ele>21.865</ele><time>2026-09-16T14:32:53Z</time><sat>36</sat></trkpt>
  <trkpt lat="30.26836502" lon="120.11762145"><ele>22.188</ele><time>2026-09-16T14:32:56Z</time><sat>35</sat></trkpt>
  <trkpt lat="30.26838309" lon="120.11760042"><ele>22.294</ele><time>2026-09-16T14:32:59Z</time><sat>35</sat></trkpt>
  <trkpt lat="30.26839054" lon="120.11757236"><ele>22.368</ele><time>2026-09-16T14:33:02Z</time><sat>36</sat></trkpt>
  <trkpt lat="30.26839393" lon="120.11754873"><ele>22.569</ele><time>2026-09-16T14:33:05Z</time><sat>37</sat></trkpt>
  <trkpt lat="30.26839657" lon="120.11752046"><ele>22.431</ele><time>2026-09-16T14:33:08Z</time><sat>36</sat></trkpt>
  <trkpt lat="30.26840708" lon="120.11748989"><ele>22.787</ele><time>2026-09-16T14:33:11Z</time><sat>35</sat></trkpt>
  <trkpt lat="30.26840888" lon="120.11746449"><ele>22.912</ele><time>2026-09-16T14:33:14Z</time><sat>25</sat></trkpt>
  <trkpt lat="30.26840583" lon="120.11743701"><ele>23.338</ele><time>2026-09-16T14:33:17Z</time><sat>35</sat></trkpt>
  <trkpt lat="30.26841274" lon="120.11740916"><ele>23.341</ele><time>2026-09-16T14:33:20Z</time><sat>36</sat></trkpt>
  <trkpt lat="30.26842260" lon="120.11738353"><ele>23.126</ele><time>2026-09-16T14:33:23Z</time><sat>37</sat></trkpt>
  <trkpt lat="30.26843135" lon="120.11735573"><ele>23.154</ele><time>2026-09-16T14:33:26Z</time><sat>36</sat></trkpt>
  <trkpt lat="30.26843634" lon="120.11732634"><ele>23.183</ele><time>2026-09-16T14:33:29Z</time><sat>37</sat></trkpt>
  <trkpt lat="30.26844231" lon="120.11729537"><ele>23.358</ele><time>2026-09-16T14:33:32Z</time><sat>37</sat></trkpt>
  <trkpt lat="30.26843910" lon="120.11725605"><ele>23.543</ele><time>2026-09-16T14:33:35Z</time><sat>37</sat></trkpt>
  <trkpt lat="30.26841792" lon="120.11722766"><ele>24.660</ele><time>2026-09-16T14:33:38Z</time><sat>37</sat></trkpt>
  <trkpt lat="30.26839135" lon="120.11720329"><ele>24.368</ele><time>2026-09-16T14:33:41Z</time><sat>37</sat></trkpt>
  <trkpt lat="30.26836106" lon="120.11718469"><ele>24.399</ele><time>2026-09-16T14:33:44Z</time><sat>37</sat></trkpt>
  <trkpt lat="30.26833134" lon="120.11716713"><ele>24.145</ele><time>2026-09-16T14:33:47Z</time><sat>35</sat></trkpt>
  <trkpt lat="30.26830453" lon="120.11714758"><ele>23.587</ele><time>2026-09-16T14:33:50Z</time><sat>35</sat></trkpt>
  <trkpt lat="30.26827952" lon="120.11712404"><ele>24.055</ele><time>2026-09-16T14:33:53Z</time><sat>35</sat></trkpt>
  <trkpt lat="30.26825242" lon="120.11710225"><ele>24.104</ele><time>2026-09-16T14:33:56Z</time><sat>35</sat></trkpt>
  <trkpt lat="30.26822266" lon="120.11708423"><ele>24.333</ele><time>2026-09-16T14:33:59Z</time><sat>35</sat></trkpt>
  <trkpt lat="30.26819639" lon="120.11705744"><ele>24.184</ele><time>2026-09-16T14:34:02Z</time><sat>35</sat></trkpt>
  <trkpt lat="30.26816930" lon="120.11702908"><ele>24.432</ele><time>2026-09-16T14:34:05Z</time><sat>35</sat></trkpt>
  <trkpt lat="30.26814480" lon="120.11701038"><ele>24.370</ele><time>2026-09-16T14:34:08Z</time><sat>35</sat></trkpt>
  <trkpt lat="30.26812310" lon="120.11699032"><ele>24.413</ele><time>2026-09-16T14:34:11Z</time><sat>36</sat></trkpt>
  <trkpt lat="30.26810315" lon="120.11697848"><ele>24.317</ele><time>2026-09-16T14:34:14Z</time><sat>37</sat></trkpt>
  <trkpt lat="30.26807605" lon="120.11695421"><ele>23.872</ele><time>2026-09-16T14:34:17Z</time><sat>37</sat></trkpt>
  <trkpt lat="30.26804929" lon="120.11693410"><ele>23.884</ele><time>2026-09-16T14:34:20Z</time><sat>37</sat></trkpt>
  <trkpt lat="30.26802132" lon="120.11691191"><ele>23.875</ele><time>2026-09-16T14:34:23Z</time><sat>38</sat></trkpt>
  <trkpt lat="30.26799119" lon="120.11687993"><ele>23.508</ele><time>2026-09-16T14:34:26Z</time><sat>38</sat></trkpt>
  <trkpt lat="30.26795711" lon="120.11685389"><ele>23.669</ele><time>2026-09-16T14:34:29Z</time><sat>38</sat></trkpt>
  <trkpt lat="30.26792625" lon="120.11682860"><ele>23.652</ele><time>2026-09-16T14:34:32Z</time><sat>38</sat></trkpt>
  <trkpt lat="30.26789806" lon="120.11680719"><ele>24.111</ele><time>2026-09-16T14:34:35Z</time><sat>38</sat></trkpt>
  <trkpt lat="30.26787660" lon="120.11678505"><ele>24.224</ele><time>2026-09-16T14:34:38Z</time><sat>37</sat></trkpt>
  <trkpt lat="30.26785534" lon="120.11675904"><ele>24.608</ele><time>2026-09-16T14:34:41Z</time><sat>36</sat></trkpt>
  <trkpt lat="30.26783210" lon="120.11672980"><ele>24.870</ele><time>2026-09-16T14:34:44Z</time><sat>33</sat></trkpt>
  <trkpt lat="30.26780711" lon="120.11670518"><ele>25.179</ele><time>2026-09-16T14:34:47Z</time><sat>34</sat></trkpt>
  <trkpt lat="30.26777624" lon="120.11668635"><ele>25.507</ele><time>2026-09-16T14:34:50Z</time><sat>36</sat></trkpt>
  <trkpt lat="30.26774727" lon="120.11667690"><ele>25.626</ele><time>2026-09-16T14:34:53Z</time><sat>35</sat></trkpt>
  <trkpt lat="30.26771783" lon="120.11666853"><ele>25.899</ele><time>2026-09-16T14:34:56Z</time><sat>34</sat></trkpt>
  <trkpt lat="30.26768540" lon="120.11664777"><ele>25.973</ele><time>2026-09-16T14:34:59Z</time><sat>34</sat></trkpt>
  <trkpt lat="30.26766320" lon="120.11663233"><ele>26.511</ele><time>2026-09-16T14:35:02Z</time><sat>32</sat></trkpt>
  <trkpt lat="30.26764468" lon="120.11662679"><ele>27.435</ele><time>2026-09-16T14:35:05Z</time><sat>31</sat></trkpt>
  <trkpt lat="30.26761495" lon="120.11661605"><ele>27.798</ele><time>2026-09-16T14:35:08Z</time><sat>32</sat></trkpt>
  <trkpt lat="30.26758720" lon="120.11660577"><ele>27.583</ele><time>2026-09-16T14:35:11Z</time><sat>33</sat></trkpt>
  <trkpt lat="30.26756103" lon="120.11659716"><ele>27.535</ele><time>2026-09-16T14:35:14Z</time><sat>32</sat></trkpt>
  <trkpt lat="30.26753193" lon="120.11658285"><ele>27.612</ele><time>2026-09-16T14:35:17Z</time><sat>30</sat></trkpt>
  <trkpt lat="30.26750421" lon="120.11657026"><ele>27.982</ele><time>2026-09-16T14:35:20Z</time><sat>31</sat></trkpt>
  <trkpt lat="30.26747427" lon="120.11655771"><ele>28.466</ele><time>2026-09-16T14:35:23Z</time><sat>30</sat></trkpt>
  <trkpt lat="30.26743991" lon="120.11655438"><ele>29.884</ele><time>2026-09-16T14:35:26Z</time><sat>28</sat></trkpt>
  <trkpt lat="30.26741143" lon="120.11654087"><ele>30.814</ele><time>2026-09-16T14:35:29Z</time><sat>32</sat></trkpt>
  <trkpt lat="30.26740111" lon="120.11653716"><ele>31.180</ele><time>2026-09-16T14:35:32Z</time><sat>33</sat></trkpt>
  <trkpt lat="30.26737960" lon="120.11652665"><ele>31.339</ele><time>2026-09-16T14:35:35Z</time><sat>32</sat></trkpt>
  <trkpt lat="30.26734747" lon="120.11651238"><ele>30.858</ele><time>2026-09-16T14:35:38Z</time><sat>32</sat></trkpt>
  <trkpt lat="30.26731589" lon="120.11649774"><ele>30.767</ele><time>2026-09-16T14:35:41Z</time><sat>32</sat></trkpt>
  <trkpt lat="30.26728510" lon="120.11648507"><ele>30.586</ele><time>2026-09-16T14:35:44Z</time><sat>32</sat></trkpt>
  <trkpt lat="30.26725283" lon="120.11646617"><ele>29.563</ele><time>2026-09-16T14:35:47Z</time><sat>32</sat></trkpt>
  <trkpt lat="30.26722072" lon="120.11645236"><ele>29.949</ele><time>2026-09-16T14:35:50Z</time><sat>32</sat></trkpt>
  <trkpt lat="30.26718575" lon="120.11644284"><ele>30.007</ele><time>2026-09-16T14:35:53Z</time><sat>33</sat></trkpt>
  <trkpt lat="30.26714998" lon="120.11642847"><ele>30.472</ele><time>2026-09-16T14:35:56Z</time><sat>33</sat></trkpt>
  <trkpt lat="30.26711855" lon="120.11640796"><ele>30.289</ele><time>2026-09-16T14:35:59Z</time><sat>33</sat></trkpt>
  <trkpt lat="30.26708610" lon="120.11638197"><ele>30.471</ele><time>2026-09-16T14:36:02Z</time><sat>33</sat></trkpt>
  <trkpt lat="30.26704965" lon="120.11636409"><ele>30.674</ele><time>2026-09-16T14:36:05Z</time><sat>33</sat></trkpt>
  <trkpt lat="30.26701208" lon="120.11634626"><ele>30.825</ele><time>2026-09-16T14:36:08Z</time><sat>34</sat></trkpt>
  <trkpt lat="30.26697805" lon="120.11632324"><ele>30.493</ele><time>2026-09-16T14:36:11Z</time><sat>32</sat></trkpt>
  <trkpt lat="30.26694752" lon="120.11630327"><ele>30.540</ele><time>2026-09-16T14:36:14Z</time><sat>29</sat></trkpt>
  <trkpt lat="30.26691743" lon="120.11628740"><ele>30.177</ele><time>2026-09-16T14:36:17Z</time><sat>28</sat></trkpt>
  <trkpt lat="30.26688645" lon="120.11627082"><ele>29.836</ele><time>2026-09-16T14:36:20Z</time><sat>27</sat></trkpt>
  <trkpt lat="30.26685350" lon="120.11625310"><ele>29.780</ele><time>2026-09-16T14:36:23Z</time><sat>26</sat></trkpt>
  <trkpt lat="30.26681958" lon="120.11623770"><ele>29.707</ele><time>2026-09-16T14:36:26Z</time><sat>25</sat></trkpt>
  <trkpt lat="30.26678660" lon="120.11622508"><ele>29.557</ele><time>2026-09-16T14:36:29Z</time><sat>14</sat></trkpt>
  <trkpt lat="30.26674924" lon="120.11621208"><ele>29.640</ele><time>2026-09-16T14:36:32Z</time><sat>15</sat></trkpt>
  <trkpt lat="30.26671253" lon="120.11620146"><ele>29.131</ele><time>2026-09-16T14:36:35Z</time><sat>15</sat></trkpt>
  <trkpt lat="30.26667741" lon="120.11618910"><ele>28.742</ele><time>2026-09-16T14:36:38Z</time><sat>20</sat></trkpt>
  <trkpt lat="30.26664398" lon="120.11617842"><ele>29.062</ele><time>2026-09-16T14:36:41Z</time><sat>21</sat></trkpt>
  <trkpt lat="30.26661932" lon="120.11616289"><ele>29.273</ele><time>2026-09-16T14:36:44Z</time><sat>21</sat></trkpt>
  <trkpt lat="30.26660565" lon="120.11612776"><ele>28.833</ele><time>2026-09-16T14:36:47Z</time><sat>30</sat></trkpt>
  <trkpt lat="30.26659777" lon="120.11608476"><ele>28.817</ele><time>2026-09-16T14:36:50Z</time><sat>31</sat></trkpt>
  <trkpt lat="30.26660257" lon="120.11604944"><ele>28.431</ele><time>2026-09-16T14:36:53Z</time><sat>31</sat></trkpt>
  <trkpt lat="30.26661590" lon="120.11601549"><ele>28.822</ele><time>2026-09-16T14:36:56Z</time><sat>30</sat></trkpt>
  <trkpt lat="30.26663086" lon="120.11598035"><ele>28.843</ele><time>2026-09-16T14:36:59Z</time><sat>28</sat></trkpt>
  <trkpt lat="30.26664444" lon="120.11594670"><ele>29.221</ele><time>2026-09-16T14:37:02Z</time><sat>28</sat></trkpt>
  <trkpt lat="30.26665913" lon="120.11591468"><ele>29.468</ele><time>2026-09-16T14:37:05Z</time><sat>20</sat></trkpt>
  <trkpt lat="30.26667111" lon="120.11588057"><ele>29.576</ele><time>2026-09-16T14:37:08Z</time><sat>18</sat></trkpt>
  <trkpt lat="30.26668710" lon="120.11584473"><ele>29.984</ele><time>2026-09-16T14:37:11Z</time><sat>18</sat></trkpt>
  <trkpt lat="30.26670620" lon="120.11580522"><ele>30.480</ele><time>2026-09-16T14:37:14Z</time><sat>20</sat></trkpt>
  <trkpt lat="30.26671641" lon="120.11576801"><ele>30.788</ele><time>2026-09-16T14:37:17Z</time><sat>20</sat></trkpt>
  <trkpt lat="30.26672158" lon="120.11573065"><ele>31.466</ele><time>2026-09-16T14:37:20Z</time><sat>22</sat></trkpt>
  <trkpt lat="30.26671900" lon="120.11570132"><ele>30.845</ele><time>2026-09-16T14:37:23Z</time><sat>21</sat></trkpt>
  <trkpt lat="30.26671821" lon="120.11567962"><ele>30.421</ele><time>2026-09-16T14:37:26Z</time><sat>20</sat></trkpt>
  <trkpt lat="30.26671406" lon="120.11565790"><ele>30.269</ele><time>2026-09-16T14:37:29Z</time><sat>26</sat></trkpt>
  <trkpt lat="30.26671643" lon="120.11563668"><ele>30.293</ele><time>2026-09-16T14:37:32Z</time><sat>29</sat></trkpt>
  <trkpt lat="30.26672202" lon="120.11560908"><ele>30.849</ele><time>2026-09-16T14:37:35Z</time><sat>31</sat></trkpt>
  <trkpt lat="30.26672707" lon="120.11558437"><ele>31.031</ele><time>2026-09-16T14:37:38Z</time><sat>32</sat></trkpt>
  <trkpt lat="30.26673134" lon="120.11556211"><ele>31.351</ele><time>2026-09-16T14:37:41Z</time><sat>32</sat></trkpt>
  <trkpt lat="30.26673387" lon="120.11553994"><ele>31.994</ele><time>2026-09-16T14:37:44Z</time><sat>30</sat></trkpt>
  <trkpt lat="30.26673650" lon="120.11551488"><ele>32.211</ele><time>2026-09-16T14:37:47Z</time><sat>31</sat></trkpt>
  <trkpt lat="30.26673896" lon="120.11548736"><ele>32.418</ele><time>2026-09-16T14:37:50Z</time><sat>31</sat></trkpt>
  <trkpt lat="30.26673197" lon="120.11545424"><ele>32.620</ele><time>2026-09-16T14:37:53Z</time><sat>31</sat></trkpt>
  <trkpt lat="30.26671126" lon="120.11543791"><ele>32.630</ele><time>2026-09-16T14:37:56Z</time><sat>32</sat></trkpt>
  <trkpt lat="30.26669014" lon="120.11542527"><ele>32.359</ele><time>2026-09-16T14:37:59Z</time><sat>32</sat></trkpt>
  <trkpt lat="30.26666929" lon="120.11541082"><ele>32.482</ele><time>2026-09-16T14:38:02Z</time><sat>31</sat></trkpt>
  <trkpt lat="30.26664804" lon="120.11539424"><ele>32.206</ele><time>2026-09-16T14:38:05Z</time><sat>30</sat></trkpt>
  <trkpt lat="30.26663153" lon="120.11537066"><ele>33.305</ele><time>2026-09-16T14:38:08Z</time><sat>28</sat></trkpt>
  <trkpt lat="30.26663077" lon="120.11534351"><ele>33.639</ele><time>2026-09-16T14:38:11Z</time><sat>30</sat></trkpt>
  <trkpt lat="30.26663276" lon="120.11532099"><ele>33.985</ele><time>2026-09-16T14:38:14Z</time><sat>32</sat></trkpt>
  <trkpt lat="30.26662935" lon="120.11532550"><ele>34.358</ele><time>2026-09-16T14:38:17Z</time><sat>31</sat></trkpt>
  <trkpt lat="30.26662447" lon="120.11532183"><ele>34.143</ele><time>2026-09-16T14:38:20Z</time><sat>32</sat></trkpt>
  <trkpt lat="30.26662433" lon="120.11532167"><ele>34.141</ele><time>2026-09-16T14:38:23Z</time><sat>31</sat></trkpt>
  <trkpt lat="30.26662323" lon="120.11531668"><ele>34.062</ele><time>2026-09-16T14:38:26Z</time><sat>30</sat></trkpt>
  <trkpt lat="30.26662595" lon="120.11531839"><ele>34.786</ele><time>2026-09-16T14:38:29Z</time><sat>30</sat></trkpt>
  <trkpt lat="30.26662532" lon="120.11531643"><ele>34.614</ele><time>2026-09-16T14:38:32Z</time><sat>29</sat></trkpt>
  <trkpt lat="30.26662454" lon="120.11531185"><ele>34.890</ele><time>2026-09-16T14:38:35Z</time><sat>29</sat></trkpt>
  <trkpt lat="30.26662451" lon="120.11531178"><ele>34.886</ele><time>2026-09-16T14:38:38Z</time><sat>31</sat></trkpt>
  <trkpt lat="30.26662051" lon="120.11530972"><ele>34.135</ele><time>2026-09-16T14:38:41Z</time><sat>32</sat></trkpt>
  <trkpt lat="30.26661803" lon="120.11530580"><ele>33.489</ele><time>2026-09-16T14:38:44Z</time><sat>32</sat></trkpt>
  <trkpt lat="30.26662052" lon="120.11530464"><ele>31.817</ele><time>2026-09-16T14:38:47Z</time><sat>31</sat></trkpt>
  <trkpt lat="30.26661875" lon="120.11530281"><ele>31.709</ele><time>2026-09-16T14:38:50Z</time><sat>30</sat></trkpt>
  <trkpt lat="30.26661770" lon="120.11530229"><ele>31.433</ele><time>2026-09-16T14:38:53Z</time><sat>30</sat></trkpt>
  <trkpt lat="30.26661866" lon="120.11529677"><ele>31.110</ele><time>2026-09-16T14:38:56Z</time><sat>29</sat></trkpt>
  <trkpt lat="30.26662025" lon="120.11530434"><ele>30.589</ele><time>2026-09-16T14:38:59Z</time><sat>30</sat></trkpt>
  <trkpt lat="30.26662122" lon="120.11531034"><ele>30.663</ele><time>2026-09-16T14:39:02Z</time><sat>30</sat></trkpt>
  <trkpt lat="30.26661790" lon="120.11530894"><ele>30.836</ele><time>2026-09-16T14:39:05Z</time><sat>30</sat></trkpt>
  <trkpt lat="30.26661821" lon="120.11530858"><ele>30.841</ele><time>2026-09-16T14:39:08Z</time><sat>33</sat></trkpt>
  <trkpt lat="30.26661939" lon="120.11530958"><ele>30.968</ele><time>2026-09-16T14:39:11Z</time><sat>33</sat></trkpt>
  <trkpt lat="30.26661948" lon="120.11530970"><ele>30.973</ele><time>2026-09-16T14:39:14Z</time><sat>29</sat></trkpt>
  <trkpt lat="30.26661946" lon="120.11530975"><ele>30.968</ele><time>2026-09-16T14:39:17Z</time><sat>29</sat></trkpt>
  <trkpt lat="30.26661945" lon="120.11530997"><ele>30.983</ele><time>2026-09-16T14:39:20Z</time><sat>28</sat></trkpt>
  <trkpt lat="30.26662012" lon="120.11530866"><ele>31.186</ele><time>2026-09-16T14:39:23Z</time><sat>31</sat></trkpt>
  <trkpt lat="30.26662013" lon="120.11530895"><ele>31.231</ele><time>2026-09-16T14:39:26Z</time><sat>32</sat></trkpt>
  <trkpt lat="30.26661452" lon="120.11531517"><ele>30.286</ele><time>2026-09-16T14:39:29Z</time><sat>33</sat></trkpt>
  <trkpt lat="30.26661394" lon="120.11531881"><ele>30.215</ele><time>2026-09-16T14:39:32Z</time><sat>32</sat></trkpt>
  <trkpt lat="30.26661392" lon="120.11531849"><ele>30.259</ele><time>2026-09-16T14:39:35Z</time><sat>30</sat></trkpt>
  <trkpt lat="30.26661383" lon="120.11531875"><ele>30.288</ele><time>2026-09-16T14:39:38Z</time><sat>30</sat></trkpt>
  <trkpt lat="30.26661382" lon="120.11531900"><ele>30.340</ele><time>2026-09-16T14:39:41Z</time><sat>30</sat></trkpt>
  <trkpt lat="30.26661384" lon="120.11531911"><ele>30.357</ele><time>2026-09-16T14:39:44Z</time><sat>30</sat></trkpt>
  <trkpt lat="30.26661382" lon="120.11531922"><ele>30.362</ele><time>2026-09-16T14:39:47Z</time><sat>29</sat></trkpt>
  <trkpt lat="30.26661003" lon="120.11531400"><ele>30.699</ele><time>2026-09-16T14:39:50Z</time><sat>28</sat></trkpt>
  <trkpt lat="30.26660935" lon="120.11531605"><ele>31.283</ele><time>2026-09-16T14:39:53Z</time><sat>30</sat></trkpt>
  <trkpt lat="30.26660478" lon="120.11532909"><ele>30.306</ele><time>2026-09-16T14:39:56Z</time><sat>31</sat></trkpt>
  <trkpt lat="30.26660637" lon="120.11534154"><ele>30.296</ele><time>2026-09-16T14:39:59Z</time><sat>31</sat></trkpt>
  <trkpt lat="30.26660760" lon="120.11533729"><ele>30.999</ele><time>2026-09-16T14:40:02Z</time><sat>31</sat></trkpt>
  <trkpt lat="30.26660872" lon="120.11532548"><ele>30.489</ele><time>2026-09-16T14:40:05Z</time><sat>32</sat></trkpt>
  <trkpt lat="30.26660940" lon="120.11532426"><ele>30.493</ele><time>2026-09-16T14:40:08Z</time><sat>32</sat></trkpt>
  <trkpt lat="30.26660952" lon="120.11532440"><ele>30.499</ele><time>2026-09-16T14:40:11Z</time><sat>32</sat></trkpt>
  <trkpt lat="30.26660959" lon="120.11532445"><ele>30.493</ele><time>2026-09-16T14:40:14Z</time><sat>31</sat></trkpt>
  <trkpt lat="30.26660960" lon="120.11532460"><ele>30.502</ele><time>2026-09-16T14:40:17Z</time><sat>32</sat></trkpt>
  <trkpt lat="30.26660910" lon="120.11532668"><ele>30.361</ele><time>2026-09-16T14:40:20Z</time><sat>33</sat></trkpt>
  <trkpt lat="30.26660895" lon="120.11532685"><ele>30.384</ele><time>2026-09-16T14:40:23Z</time><sat>33</sat></trkpt>
  <trkpt lat="30.26661184" lon="120.11532711"><ele>30.520</ele><time>2026-09-16T14:40:26Z</time><sat>34</sat></trkpt>
  <trkpt lat="30.26661355" lon="120.11534210"><ele>30.477</ele><time>2026-09-16T14:40:29Z</time><sat>31</sat></trkpt>
  <trkpt lat="30.26661002" lon="120.11537239"><ele>31.039</ele><time>2026-09-16T14:40:32Z</time><sat>31</sat></trkpt>
  <trkpt lat="30.26662857" lon="120.11539555"><ele>30.970</ele><time>2026-09-16T14:40:35Z</time><sat>31</sat></trkpt>
  <trkpt lat="30.26665836" lon="120.11540966"><ele>31.427</ele><time>2026-09-16T14:40:38Z</time><sat>32</sat></trkpt>
  <trkpt lat="30.26669109" lon="120.11542007"><ele>32.045</ele><time>2026-09-16T14:40:41Z</time><sat>35</sat></trkpt>
  <trkpt lat="30.26672085" lon="120.11542825"><ele>31.666</ele><time>2026-09-16T14:40:44Z</time><sat>34</sat></trkpt>
  <trkpt lat="30.26674613" lon="120.11544458"><ele>32.401</ele><time>2026-09-16T14:40:47Z</time><sat>33</sat></trkpt>
  <trkpt lat="30.26676095" lon="120.11547108"><ele>32.464</ele><time>2026-09-16T14:40:50Z</time><sat>33</sat></trkpt>
  <trkpt lat="30.26675986" lon="120.11551079"><ele>31.636</ele><time>2026-09-16T14:40:53Z</time><sat>30</sat></trkpt>
  <trkpt lat="30.26675010" lon="120.11554432"><ele>31.793</ele><time>2026-09-16T14:40:56Z</time><sat>30</sat></trkpt>
  <trkpt lat="30.26674071" lon="120.11557476"><ele>33.717</ele><time>2026-09-16T14:40:59Z</time><sat>31</sat></trkpt>
  <trkpt lat="30.26672358" lon="120.11560607"><ele>33.166</ele><time>2026-09-16T14:41:02Z</time><sat>31</sat></trkpt>
  <trkpt lat="30.26670532" lon="120.11564074"><ele>32.625</ele><time>2026-09-16T14:41:05Z</time><sat>30</sat></trkpt>
  <trkpt lat="30.26669095" lon="120.11567814"><ele>32.530</ele><time>2026-09-16T14:41:08Z</time><sat>31</sat></trkpt>
  <trkpt lat="30.26667610" lon="120.11571337"><ele>32.060</ele><time>2026-09-16T14:41:11Z</time><sat>31</sat></trkpt>
  <trkpt lat="30.26668336" lon="120.11575101"><ele>30.502</ele><time>2026-09-16T14:41:14Z</time><sat>28</sat></trkpt>
  <trkpt lat="30.26667729" lon="120.11578115"><ele>30.017</ele><time>2026-09-16T14:41:17Z</time><sat>28</sat></trkpt>
  <trkpt lat="30.26666719" lon="120.11581220"><ele>29.851</ele><time>2026-09-16T14:41:20Z</time><sat>30</sat></trkpt>
  <trkpt lat="30.26665410" lon="120.11584155"><ele>28.813</ele><time>2026-09-16T14:41:23Z</time><sat>31</sat></trkpt>
  <trkpt lat="30.26664888" lon="120.11587293"><ele>29.030</ele><time>2026-09-16T14:41:26Z</time><sat>30</sat></trkpt>
  <trkpt lat="30.26663964" lon="120.11590347"><ele>28.215</ele><time>2026-09-16T14:41:29Z</time><sat>20</sat></trkpt>
  <trkpt lat="30.26663323" lon="120.11593930"><ele>28.385</ele><time>2026-09-16T14:41:32Z</time><sat>24</sat></trkpt>
  <trkpt lat="30.26663159" lon="120.11597589"><ele>28.588</ele><time>2026-09-16T14:41:35Z</time><sat>30</sat></trkpt>
  <trkpt lat="30.26663324" lon="120.11601162"><ele>28.231</ele><time>2026-09-16T14:41:38Z</time><sat>30</sat></trkpt>
  <trkpt lat="30.26662876" lon="120.11604546"><ele>27.739</ele><time>2026-09-16T14:41:41Z</time><sat>30</sat></trkpt>
  <trkpt lat="30.26662349" lon="120.11608038"><ele>27.107</ele><time>2026-09-16T14:41:44Z</time><sat>29</sat></trkpt>
  <trkpt lat="30.26661661" lon="120.11611564"><ele>26.521</ele><time>2026-09-16T14:41:47Z</time><sat>30</sat></trkpt>
  <trkpt lat="30.26660776" lon="120.11615282"><ele>26.096</ele><time>2026-09-16T14:41:50Z</time><sat>31</sat></trkpt>
  <trkpt lat="30.26661548" lon="120.11618894"><ele>26.748</ele><time>2026-09-16T14:41:53Z</time><sat>31</sat></trkpt>
  <trkpt lat="30.26663128" lon="120.11621662"><ele>27.032</ele><time>2026-09-16T14:41:56Z</time><sat>32</sat></trkpt>
  <trkpt lat="30.26665311" lon="120.11623682"><ele>27.122</ele><time>2026-09-16T14:41:59Z</time><sat>32</sat></trkpt>
  <trkpt lat="30.26667413" lon="120.11625700"><ele>26.889</ele><time>2026-09-16T14:42:02Z</time><sat>32</sat></trkpt>
  <trkpt lat="30.26670002" lon="120.11626469"><ele>26.754</ele><time>2026-09-16T14:42:05Z</time><sat>32</sat></trkpt>
  <trkpt lat="30.26672528" lon="120.11627549"><ele>26.616</ele><time>2026-09-16T14:42:08Z</time><sat>31</sat></trkpt>
  <trkpt lat="30.26675425" lon="120.11628339"><ele>26.534</ele><time>2026-09-16T14:42:11Z</time><sat>32</sat></trkpt>
  <trkpt lat="30.26678291" lon="120.11628528"><ele>26.402</ele><time>2026-09-16T14:42:14Z</time><sat>32</sat></trkpt>
  <trkpt lat="30.26680903" lon="120.11629173"><ele>26.261</ele><time>2026-09-16T14:42:17Z</time><sat>29</sat></trkpt>
  <trkpt lat="30.26683503" lon="120.11629676"><ele>26.185</ele><time>2026-09-16T14:42:20Z</time><sat>30</sat></trkpt>
  <trkpt lat="30.26686128" lon="120.11630607"><ele>26.586</ele><time>2026-09-16T14:42:23Z</time><sat>29</sat></trkpt>
  <trkpt lat="30.26688932" lon="120.11631416"><ele>26.562</ele><time>2026-09-16T14:42:26Z</time><sat>29</sat></trkpt>
  <trkpt lat="30.26691347" lon="120.11632867"><ele>27.277</ele><time>2026-09-16T14:42:29Z</time><sat>29</sat></trkpt>
  <trkpt lat="30.26693914" lon="120.11634324"><ele>27.573</ele><time>2026-09-16T14:42:32Z</time><sat>28</sat></trkpt>
  <trkpt lat="30.26696923" lon="120.11635547"><ele>28.496</ele><time>2026-09-16T14:42:35Z</time><sat>27</sat></trkpt>
  <trkpt lat="30.26699946" lon="120.11636489"><ele>29.285</ele><time>2026-09-16T14:42:38Z</time><sat>30</sat></trkpt>
  <trkpt lat="30.26702762" lon="120.11637522"><ele>29.625</ele><time>2026-09-16T14:42:41Z</time><sat>31</sat></trkpt>
  <trkpt lat="30.26705304" lon="120.11638466"><ele>29.681</ele><time>2026-09-16T14:42:44Z</time><sat>33</sat></trkpt>
  <trkpt lat="30.26707621" lon="120.11639585"><ele>29.551</ele><time>2026-09-16T14:42:47Z</time><sat>33</sat></trkpt>
  <trkpt lat="30.26710141" lon="120.11640490"><ele>29.412</ele><time>2026-09-16T14:42:50Z</time><sat>33</sat></trkpt>
  <trkpt lat="30.26712741" lon="120.11641818"><ele>30.432</ele><time>2026-09-16T14:42:53Z</time><sat>33</sat></trkpt>
  <trkpt lat="30.26715374" lon="120.11643430"><ele>30.284</ele><time>2026-09-16T14:42:56Z</time><sat>34</sat></trkpt>
  <trkpt lat="30.26718216" lon="120.11643973"><ele>29.359</ele><time>2026-09-16T14:42:59Z</time><sat>34</sat></trkpt>
  <trkpt lat="30.26720515" lon="120.11645461"><ele>28.915</ele><time>2026-09-16T14:43:02Z</time><sat>34</sat></trkpt>
  <trkpt lat="30.26722859" lon="120.11646919"><ele>28.901</ele><time>2026-09-16T14:43:05Z</time><sat>34</sat></trkpt>
  <trkpt lat="30.26725279" lon="120.11648826"><ele>28.774</ele><time>2026-09-16T14:43:08Z</time><sat>34</sat></trkpt>
  <trkpt lat="30.26727703" lon="120.11650841"><ele>29.422</ele><time>2026-09-16T14:43:11Z</time><sat>34</sat></trkpt>
  <trkpt lat="30.26730263" lon="120.11652724"><ele>32.494</ele><time>2026-09-16T14:43:14Z</time><sat>34</sat></trkpt>
  <trkpt lat="30.26732559" lon="120.11654740"><ele>31.344</ele><time>2026-09-16T14:43:17Z</time><sat>32</sat></trkpt>
  <trkpt lat="30.26735063" lon="120.11656093"><ele>31.275</ele><time>2026-09-16T14:43:20Z</time><sat>32</sat></trkpt>
  <trkpt lat="30.26737628" lon="120.11656098"><ele>31.665</ele><time>2026-09-16T14:43:23Z</time><sat>32</sat></trkpt>
  <trkpt lat="30.26740997" lon="120.11655845"><ele>29.619</ele><time>2026-09-16T14:43:26Z</time><sat>32</sat></trkpt>
  <trkpt lat="30.26743948" lon="120.11657026"><ele>29.572</ele><time>2026-09-16T14:43:29Z</time><sat>32</sat></trkpt>
  <trkpt lat="30.26746600" lon="120.11658384"><ele>30.057</ele><time>2026-09-16T14:43:32Z</time><sat>32</sat></trkpt>
  <trkpt lat="30.26749444" lon="120.11659273"><ele>30.875</ele><time>2026-09-16T14:43:35Z</time><sat>32</sat></trkpt>
  <trkpt lat="30.26752773" lon="120.11659817"><ele>31.772</ele><time>2026-09-16T14:43:38Z</time><sat>31</sat></trkpt>
  <trkpt lat="30.26755574" lon="120.11660501"><ele>31.638</ele><time>2026-09-16T14:43:41Z</time><sat>32</sat></trkpt>
  <trkpt lat="30.26758434" lon="120.11661491"><ele>31.653</ele><time>2026-09-16T14:43:44Z</time><sat>31</sat></trkpt>
  <trkpt lat="30.26761150" lon="120.11662621"><ele>31.477</ele><time>2026-09-16T14:43:47Z</time><sat>32</sat></trkpt>
  <trkpt lat="30.26763989" lon="120.11664013"><ele>31.187</ele><time>2026-09-16T14:43:50Z</time><sat>31</sat></trkpt>
  <trkpt lat="30.26766863" lon="120.11665954"><ele>30.811</ele><time>2026-09-16T14:43:53Z</time><sat>31</sat></trkpt>
  <trkpt lat="30.26769682" lon="120.11667239"><ele>30.840</ele><time>2026-09-16T14:43:56Z</time><sat>32</sat></trkpt>
  <trkpt lat="30.26772463" lon="120.11668434"><ele>31.167</ele><time>2026-09-16T14:43:59Z</time><sat>32</sat></trkpt>
  <trkpt lat="30.26775227" lon="120.11669645"><ele>31.608</ele><time>2026-09-16T14:44:02Z</time><sat>31</sat></trkpt>
  <trkpt lat="30.26777952" lon="120.11670790"><ele>31.248</ele><time>2026-09-16T14:44:05Z</time><sat>32</sat></trkpt>
  <trkpt lat="30.26780713" lon="120.11671829"><ele>30.692</ele><time>2026-09-16T14:44:08Z</time><sat>33</sat></trkpt>
  <trkpt lat="30.26783291" lon="120.11674055"><ele>30.230</ele><time>2026-09-16T14:44:11Z</time><sat>33</sat></trkpt>
  <trkpt lat="30.26785606" lon="120.11676435"><ele>30.197</ele><time>2026-09-16T14:44:14Z</time><sat>33</sat></trkpt>
  <trkpt lat="30.26788154" lon="120.11678539"><ele>30.045</ele><time>2026-09-16T14:44:17Z</time><sat>33</sat></trkpt>
  <trkpt lat="30.26790303" lon="120.11680480"><ele>30.193</ele><time>2026-09-16T14:44:20Z</time><sat>33</sat></trkpt>
  <trkpt lat="30.26792424" lon="120.11682751"><ele>29.280</ele><time>2026-09-16T14:44:23Z</time><sat>33</sat></trkpt>
  <trkpt lat="30.26794224" lon="120.11685109"><ele>27.858</ele><time>2026-09-16T14:44:26Z</time><sat>22</sat></trkpt>
  <trkpt lat="30.26796144" lon="120.11687166"><ele>27.755</ele><time>2026-09-16T14:44:29Z</time><sat>32</sat></trkpt>
  <trkpt lat="30.26798337" lon="120.11688926"><ele>27.141</ele><time>2026-09-16T14:44:32Z</time><sat>34</sat></trkpt>
  <trkpt lat="30.26800754" lon="120.11690962"><ele>26.892</ele><time>2026-09-16T14:44:35Z</time><sat>34</sat></trkpt>
  <trkpt lat="30.26803247" lon="120.11693194"><ele>26.359</ele><time>2026-09-16T14:44:38Z</time><sat>34</sat></trkpt>
  <trkpt lat="30.26804572" lon="120.11696535"><ele>26.318</ele><time>2026-09-16T14:44:41Z</time><sat>35</sat></trkpt>
  <trkpt lat="30.26804580" lon="120.11699722"><ele>26.252</ele><time>2026-09-16T14:44:44Z</time><sat>35</sat></trkpt>
  <trkpt lat="30.26803987" lon="120.11702711"><ele>26.247</ele><time>2026-09-16T14:44:47Z</time><sat>34</sat></trkpt>
  <trkpt lat="30.26803354" lon="120.11705666"><ele>25.850</ele><time>2026-09-16T14:44:50Z</time><sat>34</sat></trkpt>
  <trkpt lat="30.26802173" lon="120.11708413"><ele>26.126</ele><time>2026-09-16T14:44:53Z</time><sat>34</sat></trkpt>
  <trkpt lat="30.26801573" lon="120.11711548"><ele>26.206</ele><time>2026-09-16T14:44:56Z</time><sat>33</sat></trkpt>
  <trkpt lat="30.26802193" lon="120.11715128"><ele>26.232</ele><time>2026-09-16T14:44:59Z</time><sat>33</sat></trkpt>
  <trkpt lat="30.26804244" lon="120.11717510"><ele>26.424</ele><time>2026-09-16T14:45:02Z</time><sat>33</sat></trkpt>
  <trkpt lat="30.26806548" lon="120.11719496"><ele>26.100</ele><time>2026-09-16T14:45:05Z</time><sat>33</sat></trkpt>
  <trkpt lat="30.26808897" lon="120.11721668"><ele>25.505</ele><time>2026-09-16T14:45:08Z</time><sat>33</sat></trkpt>
  <trkpt lat="30.26811485" lon="120.11723256"><ele>25.360</ele><time>2026-09-16T14:45:11Z</time><sat>34</sat></trkpt>
  <trkpt lat="30.26813921" lon="120.11725196"><ele>25.243</ele><time>2026-09-16T14:45:14Z</time><sat>34</sat></trkpt>
  <trkpt lat="30.26816350" lon="120.11727340"><ele>25.339</ele><time>2026-09-16T14:45:17Z</time><sat>34</sat></trkpt>
  <trkpt lat="30.26818642" lon="120.11729169"><ele>25.393</ele><time>2026-09-16T14:45:20Z</time><sat>34</sat></trkpt>
  <trkpt lat="30.26821158" lon="120.11730984"><ele>25.832</ele><time>2026-09-16T14:45:23Z</time><sat>33</sat></trkpt>
  <trkpt lat="30.26823681" lon="120.11733299"><ele>26.198</ele><time>2026-09-16T14:45:26Z</time><sat>21</sat></trkpt>
  <trkpt lat="30.26826045" lon="120.11736081"><ele>26.740</ele><time>2026-09-16T14:45:29Z</time><sat>22</sat></trkpt>
  <trkpt lat="30.26827982" lon="120.11738382"><ele>26.328</ele><time>2026-09-16T14:45:32Z</time><sat>22</sat></trkpt>
  <trkpt lat="30.26829559" lon="120.11741624"><ele>25.639</ele><time>2026-09-16T14:45:35Z</time><sat>35</sat></trkpt>
  <trkpt lat="30.26830293" lon="120.11744490"><ele>24.923</ele><time>2026-09-16T14:45:38Z</time><sat>35</sat></trkpt>
  <trkpt lat="30.26831972" lon="120.11746755"><ele>24.735</ele><time>2026-09-16T14:45:41Z</time><sat>36</sat></trkpt>
  <trkpt lat="30.26834082" lon="120.11748935"><ele>23.375</ele><time>2026-09-16T14:45:44Z</time><sat>36</sat></trkpt>
  <trkpt lat="30.26837656" lon="120.11751512"><ele>22.050</ele><time>2026-09-16T14:45:47Z</time><sat>36</sat></trkpt>
  <trkpt lat="30.26839755" lon="120.11753487"><ele>20.830</ele><time>2026-09-16T14:45:50Z</time><sat>36</sat></trkpt>
  <trkpt lat="30.26840945" lon="120.11755767"><ele>18.415</ele><time>2026-09-16T14:45:53Z</time><sat>36</sat></trkpt>
  <trkpt lat="30.26840102" lon="120.11759312"><ele>19.383</ele><time>2026-09-16T14:45:56Z</time><sat>36</sat></trkpt>
  <trkpt lat="30.26838026" lon="120.11762579"><ele>20.106</ele><time>2026-09-16T14:45:59Z</time><sat>35</sat></trkpt>
  <trkpt lat="30.26834970" lon="120.11764657"><ele>20.325</ele><time>2026-09-16T14:46:02Z</time><sat>35</sat></trkpt>
  <trkpt lat="30.26831377" lon="120.11766311"><ele>20.660</ele><time>2026-09-16T14:46:05Z</time><sat>36</sat></trkpt>
  <trkpt lat="30.26827422" lon="120.11766840"><ele>19.984</ele><time>2026-09-16T14:46:08Z</time><sat>36</sat></trkpt>
  <trkpt lat="30.26823774" lon="120.11767988"><ele>19.716</ele><time>2026-09-16T14:46:11Z</time><sat>35</sat></trkpt>
  <trkpt lat="30.26821606" lon="120.11770657"><ele>19.350</ele><time>2026-09-16T14:46:14Z</time><sat>35</sat></trkpt>
  <trkpt lat="30.26824012" lon="120.11772723"><ele>19.055</ele><time>2026-09-16T14:46:17Z</time><sat>36</sat></trkpt>
  <trkpt lat="30.26827342" lon="120.11773801"><ele>18.893</ele><time>2026-09-16T14:46:20Z</time><sat>35</sat></trkpt>
  <trkpt lat="30.26830980" lon="120.11774644"><ele>19.958</ele><time>2026-09-16T14:46:23Z</time><sat>34</sat></trkpt>
  <trkpt lat="30.26833603" lon="120.11775825"><ele>19.536</ele><time>2026-09-16T14:46:26Z</time><sat>33</sat></trkpt>
  <trkpt lat="30.26837111" lon="120.11776840"><ele>19.889</ele><time>2026-09-16T14:46:29Z</time><sat>34</sat></trkpt>
  <trkpt lat="30.26839561" lon="120.11778982"><ele>21.036</ele><time>2026-09-16T14:46:32Z</time><sat>34</sat></trkpt>
  <trkpt lat="30.26841286" lon="120.11781239"><ele>19.804</ele><time>2026-09-16T14:46:35Z</time><sat>33</sat></trkpt>
  <trkpt lat="30.26843297" lon="120.11784002"><ele>19.652</ele><time>2026-09-16T14:46:38Z</time><sat>34</sat></trkpt>
  <trkpt lat="30.26842524" lon="120.11787012"><ele>19.421</ele><time>2026-09-16T14:46:41Z</time><sat>35</sat></trkpt>
  <trkpt lat="30.26838985" lon="120.11788523"><ele>18.684</ele><time>2026-09-16T14:46:44Z</time><sat>35</sat></trkpt>
  <trkpt lat="30.26834766" lon="120.11786894"><ele>16.536</ele><time>2026-09-16T14:46:47Z</time><sat>35</sat></trkpt>
  <trkpt lat="30.26831060" lon="120.11787219"><ele>16.852</ele><time>2026-09-16T14:46:50Z</time><sat>35</sat></trkpt>
  <trkpt lat="30.26828304" lon="120.11790552"><ele>16.892</ele><time>2026-09-16T14:46:53Z</time><sat>34</sat></trkpt>
  <trkpt lat="30.26825932" lon="120.11793691"><ele>17.388</ele><time>2026-09-16T14:46:56Z</time><sat>34</sat></trkpt>
  <trkpt lat="30.26822986" lon="120.11796558"><ele>20.147</ele><time>2026-09-16T14:46:59Z</time><sat>32</sat></trkpt>
  <trkpt lat="30.26819219" lon="120.11799242"><ele>21.380</ele><time>2026-09-16T14:47:02Z</time><sat>32</sat></trkpt>
  <trkpt lat="30.26815862" lon="120.11798318"><ele>20.576</ele><time>2026-09-16T14:47:05Z</time><sat>32</sat></trkpt>
  <trkpt lat="30.26817778" lon="120.11791627"><ele>24.395</ele><time>2026-09-16T14:47:08Z</time><sat>32</sat></trkpt>
  <trkpt lat="30.26821809" lon="120.11786230"><ele>27.670</ele><time>2026-09-16T14:47:11Z</time><sat>34</sat></trkpt>
  <trkpt lat="30.26826091" lon="120.11783308"><ele>27.840</ele><time>2026-09-16T14:47:14Z</time><sat>34</sat></trkpt>
  <trkpt lat="30.26827145" lon="120.11782471"><ele>27.847</ele><time>2026-09-16T14:47:17Z</time><sat>29</sat></trkpt>
  <trkpt lat="30.26821717" lon="120.11776988"><ele>27.916</ele><time>2026-09-16T14:47:20Z</time><sat>1</sat></trkpt>
  <trkpt lat="30.26816485" lon="120.11773715"><ele>25.983</ele><time>2026-09-16T14:47:23Z</time><sat>4</sat></trkpt>
  <trkpt lat="30.26815743" lon="120.11772719"><ele>32.598</ele><time>2026-09-16T14:47:26Z</time><sat>19</sat></trkpt>
  <trkpt lat="30.26818890" lon="120.11773284"><ele>31.019</ele><time>2026-09-16T14:47:29Z</time><sat>25</sat></trkpt>
  <trkpt lat="30.26820771" lon="120.11773464"><ele>30.924</ele><time>2026-09-16T14:47:32Z</time><sat>28</sat></trkpt>
  <trkpt lat="30.26821796" lon="120.11773549"><ele>30.589</ele><time>2026-09-16T14:47:35Z</time><sat>27</sat></trkpt>
  <trkpt lat="30.26823263" lon="120.11771938"><ele>31.803</ele><time>2026-09-16T14:47:38Z</time><sat>6</sat></trkpt>
  <trkpt lat="30.26824187" lon="120.11772592"><ele>35.178</ele><time>2026-09-16T14:47:41Z</time><sat>8</sat></trkpt>
  <trkpt lat="30.26822573" lon="120.11783215"><ele>20.357</ele><time>2026-09-16T14:47:44Z</time><sat>17</sat></trkpt>
  <trkpt lat="30.26821797" lon="120.11787142"><ele>21.754</ele><time>2026-09-16T14:47:47Z</time><sat>29</sat></trkpt>
  <trkpt lat="30.26820456" lon="120.11786208"><ele>21.846</ele><time>2026-09-16T14:47:50Z</time><sat>29</sat></trkpt>
  <trkpt lat="30.26820011" lon="120.11786482"><ele>21.855</ele><time>2026-09-16T14:47:53Z</time><sat>18</sat></trkpt>
  <trkpt lat="30.26822973" lon="120.11787494"><ele>21.747</ele><time>2026-09-16T14:47:56Z</time><sat>9</sat></trkpt>
  <trkpt lat="30.26826296" lon="120.11790576"><ele>21.578</ele><time>2026-09-16T14:47:59Z</time><sat>12</sat></trkpt>
  <trkpt lat="30.26826755" lon="120.11791574"><ele>22.015</ele><time>2026-09-16T14:48:02Z</time><sat>19</sat></trkpt>
  <trkpt lat="30.26826015" lon="120.11789156"><ele>22.578</ele><time>2026-09-16T14:48:05Z</time><sat>14</sat></trkpt>
  <trkpt lat="30.26826709" lon="120.11789434"><ele>22.009</ele><time>2026-09-16T14:48:08Z</time><sat>9</sat></trkpt>
  <trkpt lat="30.26826323" lon="120.11789975"><ele>22.099</ele><time>2026-09-16T14:48:11Z</time><sat>16</sat></trkpt>
  <trkpt lat="30.26826953" lon="120.11788324"><ele>21.227</ele><time>2026-09-16T14:48:14Z</time><sat>21</sat></trkpt>
  <trkpt lat="30.26828539" lon="120.11787969"><ele>21.207</ele><time>2026-09-16T14:48:17Z</time><sat>13</sat></trkpt>
  <trkpt lat="30.26831866" lon="120.11788998"><ele>20.242</ele><time>2026-09-16T14:48:20Z</time><sat>8</sat></trkpt>
  <trkpt lat="30.26840594" lon="120.11798248"><ele>14.719</ele><time>2026-09-16T14:48:23Z</time><sat>13</sat></trkpt>
  <trkpt lat="30.26847415" lon="120.11798644"><ele>14.877</ele><time>2026-09-16T14:48:26Z</time><sat>24</sat></trkpt>
  <trkpt lat="30.26850062" lon="120.11800212"><ele>17.281</ele><time>2026-09-16T14:48:29Z</time><sat>24</sat></trkpt>
  <trkpt lat="30.26854722" lon="120.11797646"><ele>14.134</ele><time>2026-09-16T14:48:32Z</time><sat>19</sat></trkpt>
  <trkpt lat="30.26854585" lon="120.11797242"><ele>13.655</ele><time>2026-09-16T14:48:35Z</time><sat>14</sat></trkpt>
  <trkpt lat="30.26854598" lon="120.11797241"><ele>13.611</ele><time>2026-09-16T14:48:38Z</time><sat>18</sat></trkpt>
  <trkpt lat="30.26854619" lon="120.11797242"><ele>13.597</ele><time>2026-09-16T14:48:41Z</time><sat>18</sat></trkpt>
  <trkpt lat="30.26854613" lon="120.11797244"><ele>13.619</ele><time>2026-09-16T14:48:44Z</time><sat>14</sat></trkpt>
  <trkpt lat="30.26854607" lon="120.11797250"><ele>13.621</ele><time>2026-09-16T14:48:47Z</time><sat>12</sat></trkpt>
  <trkpt lat="30.26854604" lon="120.11797254"><ele>13.615</ele><time>2026-09-16T14:48:50Z</time><sat>10</sat></trkpt>
  <trkpt lat="30.26854600" lon="120.11797258"><ele>13.614</ele><time>2026-09-16T14:48:53Z</time><sat>11</sat></trkpt>
  <trkpt lat="30.26854598" lon="120.11797259"><ele>13.624</ele><time>2026-09-16T14:48:56Z</time><sat>10</sat></trkpt>
  <trkpt lat="30.26854503" lon="120.11796683"><ele>15.842</ele><time>2026-09-16T14:48:59Z</time><sat>7</sat></trkpt>
  <trkpt lat="30.26854142" lon="120.11795996"><ele>15.466</ele><time>2026-09-16T14:49:02Z</time><sat>7</sat></trkpt>
  <trkpt lat="30.26853772" lon="120.11795464"><ele>15.423</ele><time>2026-09-16T14:49:05Z</time><sat>11</sat></trkpt>
  <trkpt lat="30.26852866" lon="120.11795842"><ele>15.717</ele><time>2026-09-16T14:49:08Z</time><sat>13</sat></trkpt>
  <trkpt lat="30.26852844" lon="120.11795852"><ele>15.723</ele><time>2026-09-16T14:49:11Z</time><sat>10</sat></trkpt>
  <trkpt lat="30.26852841" lon="120.11795851"><ele>15.722</ele><time>2026-09-16T14:49:14Z</time><sat>7</sat></trkpt>
  <trkpt lat="30.26853377" lon="120.11796481"><ele>15.561</ele><time>2026-09-16T14:49:18Z</time><sat>11</sat></trkpt>
  <trkpt lat="30.26852727" lon="120.11796445"><ele>15.391</ele><time>2026-09-16T14:49:21Z</time><sat>12</sat></trkpt>
  <trkpt lat="30.26851397" lon="120.11795365"><ele>15.001</ele><time>2026-09-16T14:49:24Z</time><sat>9</sat></trkpt>
  <trkpt lat="30.26851346" lon="120.11795315"><ele>15.021</ele><time>2026-09-16T14:49:27Z</time><sat>8</sat></trkpt>
  <trkpt lat="30.26850749" lon="120.11795118"><ele>14.580</ele><time>2026-09-16T14:49:30Z</time><sat>4</sat></trkpt>
  <trkpt lat="30.26849378" lon="120.11793546"><ele>15.746</ele><time>2026-09-16T14:49:33Z</time><sat>8</sat></trkpt>
  <trkpt lat="30.26849595" lon="120.11793755"><ele>15.558</ele><time>2026-09-16T14:49:36Z</time><sat>11</sat></trkpt>
  <trkpt lat="30.26851060" lon="120.11797332"><ele>15.727</ele><time>2026-09-16T14:49:39Z</time><sat>8</sat></trkpt>
  <trkpt lat="30.26850659" lon="120.11797219"><ele>15.866</ele><time>2026-09-16T14:49:42Z</time><sat>5</sat></trkpt>
  <trkpt lat="30.26849521" lon="120.11798494"><ele>17.223</ele><time>2026-09-16T14:49:45Z</time><sat>5</sat></trkpt>
  <trkpt lat="30.26848392" lon="120.11799678"><ele>15.485</ele><time>2026-09-16T14:49:48Z</time><sat>7</sat></trkpt>
  <trkpt lat="30.26849329" lon="120.11801190"><ele>15.963</ele><time>2026-09-16T14:49:51Z</time><sat>9</sat></trkpt>
  <trkpt lat="30.26851416" lon="120.11804043"><ele>16.931</ele><time>2026-09-16T14:49:54Z</time><sat>10</sat></trkpt>
  <trkpt lat="30.26850465" lon="120.11802474"><ele>16.819</ele><time>2026-09-16T14:49:57Z</time><sat>7</sat></trkpt>
  <trkpt lat="30.26850864" lon="120.11802427"><ele>16.958</ele><time>2026-09-16T14:50:00Z</time><sat>6</sat></trkpt>
  <trkpt lat="30.26852087" lon="120.11802843"><ele>16.458</ele><time>2026-09-16T14:50:03Z</time><sat>9</sat></trkpt>
  <trkpt lat="30.26852340" lon="120.11802894"><ele>16.150</ele><time>2026-09-16T14:50:06Z</time><sat>9</sat></trkpt>
  <trkpt lat="30.26851995" lon="120.11802234"><ele>15.664</ele><time>2026-09-16T14:50:09Z</time><sat>5</sat></trkpt>
  <trkpt lat="30.26852383" lon="120.11801424"><ele>15.459</ele><time>2026-09-16T14:50:12Z</time><sat>4</sat></trkpt>
  <trkpt lat="30.26852842" lon="120.11800862"><ele>15.356</ele><time>2026-09-16T14:50:15Z</time><sat>3</sat></trkpt>
  <trkpt lat="30.26852793" lon="120.11799099"><ele>16.389</ele><time>2026-09-16T14:50:18Z</time><sat>6</sat></trkpt>
  <trkpt lat="30.26852658" lon="120.11798119"><ele>17.090</ele><time>2026-09-16T14:50:21Z</time><sat>8</sat></trkpt>
  <trkpt lat="30.26852563" lon="120.11798410"><ele>17.391</ele><time>2026-09-16T14:50:24Z</time><sat>7</sat></trkpt>
  <trkpt lat="30.26852732" lon="120.11798637"><ele>17.105</ele><time>2026-09-16T14:50:27Z</time><sat>7</sat></trkpt>
  <trkpt lat="30.26852543" lon="120.11798683"><ele>17.484</ele><time>2026-09-16T14:50:30Z</time><sat>8</sat></trkpt>
  <trkpt lat="30.26852083" lon="120.11799545"><ele>17.520</ele><time>2026-09-16T14:50:33Z</time><sat>8</sat></trkpt>
  <trkpt lat="30.26852562" lon="120.11800354"><ele>17.678</ele><time>2026-09-16T14:50:36Z</time><sat>8</sat></trkpt>
  <trkpt lat="30.26852619" lon="120.11800427"><ele>17.670</ele><time>2026-09-16T14:50:39Z</time><sat>6</sat></trkpt>
  <trkpt lat="30.26854918" lon="120.11803287"><ele>15.368</ele><time>2026-09-16T14:50:42Z</time><sat>5</sat></trkpt>
  <trkpt lat="30.26855240" lon="120.11804015"><ele>15.345</ele><time>2026-09-16T14:50:45Z</time><sat>8</sat></trkpt>
  <trkpt lat="30.26855297" lon="120.11803976"><ele>15.290</ele><time>2026-09-16T14:50:48Z</time><sat>12</sat></trkpt>
  <trkpt lat="30.26855331" lon="120.11803939"><ele>15.276</ele><time>2026-09-16T14:50:51Z</time><sat>13</sat></trkpt>
  <trkpt lat="30.26855377" lon="120.11803886"><ele>15.221</ele><time>2026-09-16T14:50:54Z</time><sat>14</sat></trkpt>
  <trkpt lat="30.26855395" lon="120.11803826"><ele>15.155</ele><time>2026-09-16T14:50:57Z</time><sat>13</sat></trkpt>
  <trkpt lat="30.26856334" lon="120.11802170"><ele>13.814</ele><time>2026-09-16T14:51:00Z</time><sat>12</sat></trkpt>
  <trkpt lat="30.26857326" lon="120.11801494"><ele>14.156</ele><time>2026-09-16T14:51:03Z</time><sat>13</sat></trkpt>
  <trkpt lat="30.26857338" lon="120.11801482"><ele>14.151</ele><time>2026-09-16T14:51:06Z</time><sat>14</sat></trkpt>
  <trkpt lat="30.26857308" lon="120.11801492"><ele>14.150</ele><time>2026-09-16T14:51:09Z</time><sat>12</sat></trkpt>
  <trkpt lat="30.26857276" lon="120.11801496"><ele>14.136</ele><time>2026-09-16T14:51:12Z</time><sat>11</sat></trkpt>
  <trkpt lat="30.26857258" lon="120.11801496"><ele>14.137</ele><time>2026-09-16T14:51:15Z</time><sat>14</sat></trkpt>
  <trkpt lat="30.26857230" lon="120.11801500"><ele>14.134</ele><time>2026-09-16T14:51:18Z</time><sat>17</sat></trkpt>
  <trkpt lat="30.26857191" lon="120.11801493"><ele>14.136</ele><time>2026-09-16T14:51:21Z</time><sat>14</sat></trkpt>
  <trkpt lat="30.26849654" lon="120.11801000"><ele>11.858</ele><time>2026-09-16T14:51:24Z</time><sat>13</sat></trkpt>
  <trkpt lat="30.26849119" lon="120.11800933"><ele>11.859</ele><time>2026-09-16T14:51:27Z</time><sat>14</sat></trkpt>
  <trkpt lat="30.26849122" lon="120.11800942"><ele>11.868</ele><time>2026-09-16T14:51:30Z</time><sat>14</sat></trkpt>
  <trkpt lat="30.26849104" lon="120.11800937"><ele>11.862</ele><time>2026-09-16T14:51:33Z</time><sat>14</sat></trkpt>
  <trkpt lat="30.26849118" lon="120.11800930"><ele>11.860</ele><time>2026-09-16T14:51:36Z</time><sat>12</sat></trkpt>
  <trkpt lat="30.26849126" lon="120.11800935"><ele>11.865</ele><time>2026-09-16T14:51:39Z</time><sat>13</sat></trkpt>
  <trkpt lat="30.26849122" lon="120.11800934"><ele>11.863</ele><time>2026-09-16T14:51:42Z</time><sat>14</sat></trkpt>
  <trkpt lat="30.26849120" lon="120.11800936"><ele>11.864</ele><time>2026-09-16T14:51:45Z</time><sat>12</sat></trkpt>
  <trkpt lat="30.26849110" lon="120.11800939"><ele>11.870</ele><time>2026-09-16T14:51:48Z</time><sat>12</sat></trkpt>
  <trkpt lat="30.26849106" lon="120.11800944"><ele>11.865</ele><time>2026-09-16T14:51:51Z</time><sat>12</sat></trkpt>
  <trkpt lat="30.26849096" lon="120.11800947"><ele>11.857</ele><time>2026-09-16T14:51:54Z</time><sat>13</sat></trkpt>
  <trkpt lat="30.26849087" lon="120.11800947"><ele>11.864</ele><time>2026-09-16T14:51:57Z</time><sat>11</sat></trkpt>
  <trkpt lat="30.26849067" lon="120.11800951"><ele>11.836</ele><time>2026-09-16T14:52:00Z</time><sat>12</sat></trkpt>
  <trkpt lat="30.26849050" lon="120.11800957"><ele>11.792</ele><time>2026-09-16T14:52:03Z</time><sat>12</sat></trkpt>
  <trkpt lat="30.26849003" lon="120.11800967"><ele>11.719</ele><time>2026-09-16T14:52:06Z</time><sat>10</sat></trkpt>
  <trkpt lat="30.26848963" lon="120.11800982"><ele>11.620</ele><time>2026-09-16T14:52:09Z</time><sat>10</sat></trkpt>
  <trkpt lat="30.26848954" lon="120.11800984"><ele>11.633</ele><time>2026-09-16T14:52:12Z</time><sat>10</sat></trkpt>
  <trkpt lat="30.26848834" lon="120.11800967"><ele>11.620</ele><time>2026-09-16T14:52:15Z</time><sat>10</sat></trkpt>
  <trkpt lat="30.26848786" lon="120.11800963"><ele>11.615</ele><time>2026-09-16T14:52:18Z</time><sat>13</sat></trkpt>
  <trkpt lat="30.26848753" lon="120.11800961"><ele>11.618</ele><time>2026-09-16T14:52:21Z</time><sat>14</sat></trkpt>
  <trkpt lat="30.26848738" lon="120.11800962"><ele>11.604</ele><time>2026-09-16T14:52:24Z</time><sat>11</sat></trkpt>
  <trkpt lat="30.26848779" lon="120.11800969"><ele>11.601</ele><time>2026-09-16T14:52:27Z</time><sat>12</sat></trkpt>
  <trkpt lat="30.26848847" lon="120.11800982"><ele>11.596</ele><time>2026-09-16T14:52:30Z</time><sat>13</sat></trkpt>
  <trkpt lat="30.26848721" lon="120.11800873"><ele>11.417</ele><time>2026-09-16T14:52:33Z</time><sat>14</sat></trkpt>
  <trkpt lat="30.26848518" lon="120.11800695"><ele>11.263</ele><time>2026-09-16T14:52:36Z</time><sat>11</sat></trkpt>
  <trkpt lat="30.26848458" lon="120.11800703"><ele>11.179</ele><time>2026-09-16T14:52:39Z</time><sat>7</sat></trkpt>
  <trkpt lat="30.26848423" lon="120.11800712"><ele>11.129</ele><time>2026-09-16T14:52:42Z</time><sat>6</sat></trkpt>
  <trkpt lat="30.26848396" lon="120.11800717"><ele>11.095</ele><time>2026-09-16T14:52:45Z</time><sat>7</sat></trkpt>
  <trkpt lat="30.26848386" lon="120.11800721"><ele>11.077</ele><time>2026-09-16T14:52:48Z</time><sat>10</sat></trkpt>
  <trkpt lat="30.26848377" lon="120.11800724"><ele>11.068</ele><time>2026-09-16T14:52:51Z</time><sat>11</sat></trkpt>
  <trkpt lat="30.26848370" lon="120.11800726"><ele>11.058</ele><time>2026-09-16T14:52:54Z</time><sat>9</sat></trkpt>
  <trkpt lat="30.26848361" lon="120.11800728"><ele>11.037</ele><time>2026-09-16T14:52:57Z</time><sat>5</sat></trkpt>
  <trkpt lat="30.26848346" lon="120.11800754"><ele>11.005</ele><time>2026-09-16T14:53:00Z</time><sat>9</sat></trkpt>
  <trkpt lat="30.26848225" lon="120.11800753"><ele>10.927</ele><time>2026-09-16T14:53:03Z</time><sat>13</sat></trkpt>
  <trkpt lat="30.26848078" lon="120.11800753"><ele>10.874</ele><time>2026-09-16T14:53:06Z</time><sat>10</sat></trkpt>
  <trkpt lat="30.26847968" lon="120.11800749"><ele>10.828</ele><time>2026-09-16T14:53:09Z</time><sat>10</sat></trkpt>
  <trkpt lat="30.26847878" lon="120.11800745"><ele>10.791</ele><time>2026-09-16T14:53:12Z</time><sat>14</sat></trkpt>
  <trkpt lat="30.26847874" lon="120.11800745"><ele>10.794</ele><time>2026-09-16T14:53:15Z</time><sat>14</sat></trkpt>
  <trkpt lat="30.26847876" lon="120.11800747"><ele>10.791</ele><time>2026-09-16T14:53:18Z</time><sat>9</sat></trkpt>
  <trkpt lat="30.26847867" lon="120.11800746"><ele>10.787</ele><time>2026-09-16T14:53:21Z</time><sat>9</sat></trkpt>
  <trkpt lat="30.26847855" lon="120.11800742"><ele>10.778</ele><time>2026-09-16T14:53:24Z</time><sat>11</sat></trkpt>
  <trkpt lat="30.26847833" lon="120.11800738"><ele>10.781</ele><time>2026-09-16T14:53:27Z</time><sat>10</sat></trkpt>
  <trkpt lat="30.26847831" lon="120.11800731"><ele>10.777</ele><time>2026-09-16T14:53:30Z</time><sat>9</sat></trkpt>
  <trkpt lat="30.26847823" lon="120.11800730"><ele>10.774</ele><time>2026-09-16T14:53:33Z</time><sat>11</sat></trkpt>
  <trkpt lat="30.26847821" lon="120.11800733"><ele>10.768</ele><time>2026-09-16T14:53:36Z</time><sat>13</sat></trkpt>
  <trkpt lat="30.26847817" lon="120.11800734"><ele>10.768</ele><time>2026-09-16T14:53:39Z</time><sat>7</sat></trkpt>
  <trkpt lat="30.26847828" lon="120.11800738"><ele>10.769</ele><time>2026-09-16T14:53:42Z</time><sat>4</sat></trkpt>
  <trkpt lat="30.26847830" lon="120.11800737"><ele>10.765</ele><time>2026-09-16T14:53:45Z</time><sat>8</sat></trkpt>
  <trkpt lat="30.26847826" lon="120.11800737"><ele>10.767</ele><time>2026-09-16T14:53:48Z</time><sat>9</sat></trkpt>
  <trkpt lat="30.26847823" lon="120.11800737"><ele>10.767</ele><time>2026-09-16T14:53:51Z</time><sat>6</sat></trkpt>
  <trkpt lat="30.26847821" lon="120.11800741"><ele>10.771</ele><time>2026-09-16T14:53:54Z</time><sat>5</sat></trkpt>
  <trkpt lat="30.26847823" lon="120.11800749"><ele>10.771</ele><time>2026-09-16T14:53:57Z</time><sat>9</sat></trkpt>
  <trkpt lat="30.26849679" lon="120.11798668"><ele>12.236</ele><time>2026-09-16T14:54:00Z</time><sat>10</sat></trkpt>
  <trkpt lat="30.26850313" lon="120.11797768"><ele>12.245</ele><time>2026-09-16T14:54:03Z</time><sat>12</sat></trkpt>
  <trkpt lat="30.26850340" lon="120.11797735"><ele>12.222</ele><time>2026-09-16T14:54:06Z</time><sat>12</sat></trkpt>
  <trkpt lat="30.26850369" lon="120.11797701"><ele>12.211</ele><time>2026-09-16T14:54:09Z</time><sat>14</sat></trkpt>
  <trkpt lat="30.26850429" lon="120.11797684"><ele>12.123</ele><time>2026-09-16T14:54:12Z</time><sat>13</sat></trkpt>
  <trkpt lat="30.26850476" lon="120.11797656"><ele>12.051</ele><time>2026-09-16T14:54:15Z</time><sat>13</sat></trkpt>
  <trkpt lat="30.26850509" lon="120.11797637"><ele>11.970</ele><time>2026-09-16T14:54:18Z</time><sat>13</sat></trkpt>
  <trkpt lat="30.26850523" lon="120.11797643"><ele>11.931</ele><time>2026-09-16T14:54:21Z</time><sat>13</sat></trkpt>
  <trkpt lat="30.26850494" lon="120.11797722"><ele>11.927</ele><time>2026-09-16T14:54:24Z</time><sat>12</sat></trkpt>
  <trkpt lat="30.26850455" lon="120.11797781"><ele>11.878</ele><time>2026-09-16T14:54:27Z</time><sat>11</sat></trkpt>
  <trkpt lat="30.26850421" lon="120.11797831"><ele>11.844</ele><time>2026-09-16T14:54:30Z</time><sat>10</sat></trkpt>
  <trkpt lat="30.26850413" lon="120.11797872"><ele>11.778</ele><time>2026-09-16T14:54:33Z</time><sat>10</sat></trkpt>
  <trkpt lat="30.26850419" lon="120.11797883"><ele>11.759</ele><time>2026-09-16T14:54:36Z</time><sat>11</sat></trkpt>
  <trkpt lat="30.26850424" lon="120.11797883"><ele>11.715</ele><time>2026-09-16T14:54:39Z</time><sat>12</sat></trkpt>
  <trkpt lat="30.26850435" lon="120.11797890"><ele>11.678</ele><time>2026-09-16T14:54:42Z</time><sat>10</sat></trkpt>
  <trkpt lat="30.26850438" lon="120.11797877"><ele>11.667</ele><time>2026-09-16T14:54:45Z</time><sat>8</sat></trkpt>
  <trkpt lat="30.26850454" lon="120.11797866"><ele>11.634</ele><time>2026-09-16T14:54:48Z</time><sat>7</sat></trkpt>
  <trkpt lat="30.26850500" lon="120.11797800"><ele>11.560</ele><time>2026-09-16T14:54:51Z</time><sat>8</sat></trkpt>
  <trkpt lat="30.26850544" lon="120.11797739"><ele>11.543</ele><time>2026-09-16T14:54:54Z</time><sat>11</sat></trkpt>
  <trkpt lat="30.26850556" lon="120.11797722"><ele>11.539</ele><time>2026-09-16T14:54:57Z</time><sat>9</sat></trkpt>
  <trkpt lat="30.26850596" lon="120.11797678"><ele>11.486</ele><time>2026-09-16T14:55:00Z</time><sat>7</sat></trkpt>
  <trkpt lat="30.26850610" lon="120.11797656"><ele>11.470</ele><time>2026-09-16T14:55:03Z</time><sat>6</sat></trkpt>
  <trkpt lat="30.26850601" lon="120.11797680"><ele>11.452</ele><time>2026-09-16T14:55:06Z</time><sat>7</sat></trkpt>
  <trkpt lat="30.26850597" lon="120.11797696"><ele>11.444</ele><time>2026-09-16T14:55:09Z</time><sat>8</sat></trkpt>
  <trkpt lat="30.26850595" lon="120.11797703"><ele>11.449</ele><time>2026-09-16T14:55:12Z</time><sat>10</sat></trkpt>
  <trkpt lat="30.26850562" lon="120.11797745"><ele>11.476</ele><time>2026-09-16T14:55:15Z</time><sat>10</sat></trkpt>
  <trkpt lat="30.26850572" lon="120.11797742"><ele>11.442</ele><time>2026-09-16T14:55:18Z</time><sat>8</sat></trkpt>
  <trkpt lat="30.26850567" lon="120.11797728"><ele>11.449</ele><time>2026-09-16T14:55:21Z</time><sat>11</sat></trkpt>
  <trkpt lat="30.26850575" lon="120.11797703"><ele>11.445</ele><time>2026-09-16T14:55:24Z</time><sat>12</sat></trkpt>
  <trkpt lat="30.26850590" lon="120.11797688"><ele>11.417</ele><time>2026-09-16T14:55:27Z</time><sat>13</sat></trkpt>
  <trkpt lat="30.26850612" lon="120.11797647"><ele>11.369</ele><time>2026-09-16T14:55:30Z</time><sat>13</sat></trkpt>
  <trkpt lat="30.26850674" lon="120.11797636"><ele>11.324</ele><time>2026-09-16T14:55:33Z</time><sat>13</sat></trkpt>
  <trkpt lat="30.26850732" lon="120.11797601"><ele>11.281</ele><time>2026-09-16T14:55:36Z</time><sat>16</sat></trkpt>
  <trkpt lat="30.26850777" lon="120.11797559"><ele>11.225</ele><time>2026-09-16T14:55:39Z</time><sat>14</sat></trkpt>
  <trkpt lat="30.26850795" lon="120.11797527"><ele>11.217</ele><time>2026-09-16T14:55:42Z</time><sat>14</sat></trkpt>
  <trkpt lat="30.26850847" lon="120.11797491"><ele>11.195</ele><time>2026-09-16T14:55:45Z</time><sat>15</sat></trkpt>
  <trkpt lat="30.26850857" lon="120.11797486"><ele>11.193</ele><time>2026-09-16T14:55:48Z</time><sat>14</sat></trkpt>
  <trkpt lat="30.26850862" lon="120.11797480"><ele>11.187</ele><time>2026-09-16T14:55:51Z</time><sat>12</sat></trkpt>
  <trkpt lat="30.26850882" lon="120.11797434"><ele>11.190</ele><time>2026-09-16T14:55:54Z</time><sat>12</sat></trkpt>
  <trkpt lat="30.26850876" lon="120.11797412"><ele>11.205</ele><time>2026-09-16T14:55:57Z</time><sat>13</sat></trkpt>
  <trkpt lat="30.26850875" lon="120.11797411"><ele>11.202</ele><time>2026-09-16T14:56:00Z</time><sat>12</sat></trkpt>
  <trkpt lat="30.26850892" lon="120.11797404"><ele>11.189</ele><time>2026-09-16T14:56:03Z</time><sat>11</sat></trkpt>
  <trkpt lat="30.26850901" lon="120.11797371"><ele>11.192</ele><time>2026-09-16T14:56:06Z</time><sat>11</sat></trkpt>
  <trkpt lat="30.26850919" lon="120.11797375"><ele>11.181</ele><time>2026-09-16T14:56:09Z</time><sat>13</sat></trkpt>
  <trkpt lat="30.26850948" lon="120.11797383"><ele>11.155</ele><time>2026-09-16T14:56:12Z</time><sat>14</sat></trkpt>
  <trkpt lat="30.26850926" lon="120.11797396"><ele>11.172</ele><time>2026-09-16T14:56:15Z</time><sat>11</sat></trkpt>
  <trkpt lat="30.26850943" lon="120.11797395"><ele>11.170</ele><time>2026-09-16T14:56:18Z</time><sat>13</sat></trkpt>
  <trkpt lat="30.26850965" lon="120.11797400"><ele>11.161</ele><time>2026-09-16T14:56:21Z</time><sat>14</sat></trkpt>
  <trkpt lat="30.26850993" lon="120.11797411"><ele>11.152</ele><time>2026-09-16T14:56:24Z</time><sat>13</sat></trkpt>
  <trkpt lat="30.26851050" lon="120.11797421"><ele>11.090</ele><time>2026-09-16T14:56:27Z</time><sat>10</sat></trkpt>
  <trkpt lat="30.26851185" lon="120.11797401"><ele>11.011</ele><time>2026-09-16T14:56:30Z</time><sat>13</sat></trkpt>
  <trkpt lat="30.26851220" lon="120.11797400"><ele>10.986</ele><time>2026-09-16T14:56:33Z</time><sat>14</sat></trkpt>
  <trkpt lat="30.26851257" lon="120.11797382"><ele>10.970</ele><time>2026-09-16T14:56:36Z</time><sat>12</sat></trkpt>
  <trkpt lat="30.26856508" lon="120.11793955"><ele>7.857</ele><time>2026-09-16T14:56:39Z</time><sat>6</sat></trkpt>
  <trkpt lat="30.26856900" lon="120.11793679"><ele>7.864</ele><time>2026-09-16T14:56:42Z</time><sat>5</sat></trkpt>
  <trkpt lat="30.26856926" lon="120.11793631"><ele>7.885</ele><time>2026-09-16T14:56:45Z</time><sat>8</sat></trkpt>
  <trkpt lat="30.26856989" lon="120.11793628"><ele>7.879</ele><time>2026-09-16T14:56:48Z</time><sat>9</sat></trkpt>
  <trkpt lat="30.26857046" lon="120.11793658"><ele>7.897</ele><time>2026-09-16T14:56:51Z</time><sat>8</sat></trkpt>
  <trkpt lat="30.26857116" lon="120.11793673"><ele>7.904</ele><time>2026-09-16T14:56:54Z</time><sat>8</sat></trkpt>
  <trkpt lat="30.26858023" lon="120.11794229"><ele>8.256</ele><time>2026-09-16T14:56:57Z</time><sat>9</sat></trkpt>
  <trkpt lat="30.26858000" lon="120.11794242"><ele>8.262</ele><time>2026-09-16T14:57:00Z</time><sat>10</sat></trkpt>
  <trkpt lat="30.26857145" lon="120.11794465"><ele>8.485</ele><time>2026-09-16T14:57:03Z</time><sat>9</sat></trkpt>
  <trkpt lat="30.26856864" lon="120.11794428"><ele>8.479</ele><time>2026-09-16T14:57:06Z</time><sat>8</sat></trkpt>
  <trkpt lat="30.26856855" lon="120.11794428"><ele>8.477</ele><time>2026-09-16T14:57:09Z</time><sat>10</sat></trkpt>
  <trkpt lat="30.26856844" lon="120.11794431"><ele>8.478</ele><time>2026-09-16T14:57:12Z</time><sat>13</sat></trkpt>
  <trkpt lat="30.26856840" lon="120.11794439"><ele>8.468</ele><time>2026-09-16T14:57:15Z</time><sat>12</sat></trkpt>
  <trkpt lat="30.26856819" lon="120.11794460"><ele>8.459</ele><time>2026-09-16T14:57:18Z</time><sat>12</sat></trkpt>
  <trkpt lat="30.26856819" lon="120.11794470"><ele>8.461</ele><time>2026-09-16T14:57:21Z</time><sat>13</sat></trkpt>
  <trkpt lat="30.26856813" lon="120.11794485"><ele>8.461</ele><time>2026-09-16T14:57:24Z</time><sat>13</sat></trkpt>
  <trkpt lat="30.26856797" lon="120.11794495"><ele>8.472</ele><time>2026-09-16T14:57:27Z</time><sat>12</sat></trkpt>
  <trkpt lat="30.26856768" lon="120.11794527"><ele>8.478</ele><time>2026-09-16T14:57:30Z</time><sat>14</sat></trkpt>
  <trkpt lat="30.26856721" lon="120.11794572"><ele>8.464</ele><time>2026-09-16T14:57:33Z</time><sat>14</sat></trkpt>
  <trkpt lat="30.26856719" lon="120.11794564"><ele>8.468</ele><time>2026-09-16T14:57:36Z</time><sat>11</sat></trkpt>
  <trkpt lat="30.26856734" lon="120.11794553"><ele>8.487</ele><time>2026-09-16T14:57:39Z</time><sat>11</sat></trkpt>
  <trkpt lat="30.26856721" lon="120.11794582"><ele>8.462</ele><time>2026-09-16T14:57:42Z</time><sat>14</sat></trkpt>
  <trkpt lat="30.26856709" lon="120.11794593"><ele>8.468</ele><time>2026-09-16T14:57:45Z</time><sat>14</sat></trkpt>
  <trkpt lat="30.26856705" lon="120.11794614"><ele>8.456</ele><time>2026-09-16T14:57:48Z</time><sat>11</sat></trkpt>
  <trkpt lat="30.26856672" lon="120.11794644"><ele>8.481</ele><time>2026-09-16T14:57:51Z</time><sat>13</sat></trkpt>
  <trkpt lat="30.26856690" lon="120.11794644"><ele>8.449</ele><time>2026-09-16T14:57:54Z</time><sat>14</sat></trkpt>
  <trkpt lat="30.26856680" lon="120.11794659"><ele>8.452</ele><time>2026-09-16T14:57:57Z</time><sat>10</sat></trkpt>
  <trkpt lat="30.26856677" lon="120.11794678"><ele>8.456</ele><time>2026-09-16T14:58:00Z</time><sat>12</sat></trkpt>
  <trkpt lat="30.26856728" lon="120.11794672"><ele>8.390</ele><time>2026-09-16T14:58:03Z</time><sat>18</sat></trkpt>
  <trkpt lat="30.26856764" lon="120.11794669"><ele>8.393</ele><time>2026-09-16T14:58:06Z</time><sat>17</sat></trkpt>
  <trkpt lat="30.26856794" lon="120.11794665"><ele>8.422</ele><time>2026-09-16T14:58:09Z</time><sat>14</sat></trkpt>
  <trkpt lat="30.26856817" lon="120.11794668"><ele>8.439</ele><time>2026-09-16T14:58:12Z</time><sat>13</sat></trkpt>
  <trkpt lat="30.26856833" lon="120.11794661"><ele>8.436</ele><time>2026-09-16T14:58:15Z</time><sat>17</sat></trkpt>
  <trkpt lat="30.26856849" lon="120.11794638"><ele>8.463</ele><time>2026-09-16T14:58:18Z</time><sat>18</sat></trkpt>
  <trkpt lat="30.26856856" lon="120.11794629"><ele>8.432</ele><time>2026-09-16T14:58:21Z</time><sat>16</sat></trkpt>
  <trkpt lat="30.26856866" lon="120.11794620"><ele>8.402</ele><time>2026-09-16T14:58:24Z</time><sat>12</sat></trkpt>
  <trkpt lat="30.26856861" lon="120.11794631"><ele>8.398</ele><time>2026-09-16T14:58:27Z</time><sat>16</sat></trkpt>
  <trkpt lat="30.26856867" lon="120.11794633"><ele>8.387</ele><time>2026-09-16T14:58:30Z</time><sat>18</sat></trkpt>
  <trkpt lat="30.26856864" lon="120.11794644"><ele>8.382</ele><time>2026-09-16T14:58:33Z</time><sat>17</sat></trkpt>
  <trkpt lat="30.26856864" lon="120.11794641"><ele>8.377</ele><time>2026-09-16T14:58:36Z</time><sat>14</sat></trkpt>
  <trkpt lat="30.26856825" lon="120.11794641"><ele>8.322</ele><time>2026-09-16T14:58:39Z</time><sat>14</sat></trkpt>
  <trkpt lat="30.26856831" lon="120.11794639"><ele>8.307</ele><time>2026-09-16T14:58:42Z</time><sat>15</sat></trkpt>
  <trkpt lat="30.26856831" lon="120.11794644"><ele>8.299</ele><time>2026-09-16T14:58:45Z</time><sat>15</sat></trkpt>
  <trkpt lat="30.26856835" lon="120.11794645"><ele>8.264</ele><time>2026-09-16T14:58:48Z</time><sat>14</sat></trkpt>
  <trkpt lat="30.26856841" lon="120.11794650"><ele>8.266</ele><time>2026-09-16T14:58:51Z</time><sat>13</sat></trkpt>
  <trkpt lat="30.26856852" lon="120.11794651"><ele>8.250</ele><time>2026-09-16T14:58:54Z</time><sat>11</sat></trkpt>
  <trkpt lat="30.26856859" lon="120.11794651"><ele>8.246</ele><time>2026-09-16T14:58:57Z</time><sat>11</sat></trkpt>
  <trkpt lat="30.26856860" lon="120.11794651"><ele>8.243</ele><time>2026-09-16T14:59:00Z</time><sat>11</sat></trkpt>
  <trkpt lat="30.26856861" lon="120.11794650"><ele>8.247</ele><time>2026-09-16T14:59:03Z</time><sat>11</sat></trkpt>
  <trkpt lat="30.26856866" lon="120.11794650"><ele>8.252</ele><time>2026-09-16T14:59:06Z</time><sat>15</sat></trkpt>
  <trkpt lat="30.26856871" lon="120.11794649"><ele>8.250</ele><time>2026-09-16T14:59:09Z</time><sat>14</sat></trkpt>
  <trkpt lat="30.26856866" lon="120.11794648"><ele>8.250</ele><time>2026-09-16T14:59:12Z</time><sat>13</sat></trkpt>
  <trkpt lat="30.26856792" lon="120.11794642"><ele>8.218</ele><time>2026-09-16T14:59:15Z</time><sat>12</sat></trkpt>
  <trkpt lat="30.26856821" lon="120.11794645"><ele>8.232</ele><time>2026-09-16T14:59:18Z</time><sat>12</sat></trkpt>
  <trkpt lat="30.26856727" lon="120.11794634"><ele>8.186</ele><time>2026-09-16T14:59:21Z</time><sat>15</sat></trkpt>
  <trkpt lat="30.26856692" lon="120.11794635"><ele>8.172</ele><time>2026-09-16T14:59:24Z</time><sat>14</sat></trkpt>
  <trkpt lat="30.26856705" lon="120.11794642"><ele>8.163</ele><time>2026-09-16T14:59:27Z</time><sat>12</sat></trkpt>
  <trkpt lat="30.26856709" lon="120.11794643"><ele>8.161</ele><time>2026-09-16T14:59:30Z</time><sat>9</sat></trkpt>
  <trkpt lat="30.26856704" lon="120.11794640"><ele>8.176</ele><time>2026-09-16T14:59:33Z</time><sat>11</sat></trkpt>
  <trkpt lat="30.26856707" lon="120.11794641"><ele>8.169</ele><time>2026-09-16T14:59:36Z</time><sat>13</sat></trkpt>
  <trkpt lat="30.26856696" lon="120.11794661"><ele>8.122</ele><time>2026-09-16T14:59:39Z</time><sat>10</sat></trkpt>
  <trkpt lat="30.26856683" lon="120.11794694"><ele>8.062</ele><time>2026-09-16T14:59:42Z</time><sat>11</sat></trkpt>
  <trkpt lat="30.26856671" lon="120.11794715"><ele>7.999</ele><time>2026-09-16T14:59:45Z</time><sat>16</sat></trkpt>
  <trkpt lat="30.26856670" lon="120.11794717"><ele>8.000</ele><time>2026-09-16T14:59:48Z</time><sat>15</sat></trkpt>
  <trkpt lat="30.26856674" lon="120.11794729"><ele>8.038</ele><time>2026-09-16T14:59:51Z</time><sat>11</sat></trkpt>
  <trkpt lat="30.26856683" lon="120.11794734"><ele>8.063</ele><time>2026-09-16T14:59:54Z</time><sat>10</sat></trkpt>
  <trkpt lat="30.26856718" lon="120.11794722"><ele>8.106</ele><time>2026-09-16T14:59:57Z</time><sat>12</sat></trkpt>
  <trkpt lat="30.26856736" lon="120.11794738"><ele>8.117</ele><time>2026-09-16T15:00:00Z</time><sat>14</sat></trkpt>
  <trkpt lat="30.26856743" lon="120.11794740"><ele>8.148</ele><time>2026-09-16T15:00:03Z</time><sat>13</sat></trkpt>
  <trkpt lat="30.26856748" lon="120.11794756"><ele>8.185</ele><time>2026-09-16T15:00:06Z</time><sat>10</sat></trkpt>
  <trkpt lat="30.26856723" lon="120.11794837"><ele>8.175</ele><time>2026-09-16T15:00:09Z</time><sat>12</sat></trkpt>
  <trkpt lat="30.26856688" lon="120.11794945"><ele>8.143</ele><time>2026-09-16T15:00:12Z</time><sat>12</sat></trkpt>
  <trkpt lat="30.26856661" lon="120.11795036"><ele>8.129</ele><time>2026-09-16T15:00:15Z</time><sat>13</sat></trkpt>
  <trkpt lat="30.26856623" lon="120.11795124"><ele>8.096</ele><time>2026-09-16T15:00:18Z</time><sat>13</sat></trkpt>
  <trkpt lat="30.26856608" lon="120.11795185"><ele>8.068</ele><time>2026-09-16T15:00:21Z</time><sat>12</sat></trkpt>
  <trkpt lat="30.26856588" lon="120.11795247"><ele>8.050</ele><time>2026-09-16T15:00:24Z</time><sat>11</sat></trkpt>
  <trkpt lat="30.26856588" lon="120.11795286"><ele>8.047</ele><time>2026-09-16T15:00:27Z</time><sat>10</sat></trkpt>
  <trkpt lat="30.26856724" lon="120.11795347"><ele>8.057</ele><time>2026-09-16T15:00:30Z</time><sat>10</sat></trkpt>
  <trkpt lat="30.26856876" lon="120.11795348"><ele>8.052</ele><time>2026-09-16T15:00:33Z</time><sat>11</sat></trkpt>
  <trkpt lat="30.26856885" lon="120.11795360"><ele>8.058</ele><time>2026-09-16T15:00:36Z</time><sat>12</sat></trkpt>
  <trkpt lat="30.26856857" lon="120.11796320"><ele>8.100</ele><time>2026-09-16T15:00:39Z</time><sat>11</sat></trkpt>
  <trkpt lat="30.26878574" lon="120.11815321"><ele>11.250</ele><time>2026-09-16T15:00:43Z</time><sat>9</sat></trkpt>
  <trkpt lat="30.26866293" lon="120.11811928"><ele>13.981</ele><time>2026-09-16T15:00:46Z</time><sat>6</sat></trkpt>
  <trkpt lat="30.26865410" lon="120.11813004"><ele>14.693</ele><time>2026-09-16T15:00:49Z</time><sat>4</sat></trkpt>
  <trkpt lat="30.26863140" lon="120.11810624"><ele>14.698</ele><time>2026-09-16T15:00:52Z</time><sat>4</sat></trkpt>
  <trkpt lat="30.26863100" lon="120.11810472"><ele>14.769</ele><time>2026-09-16T15:00:55Z</time><sat>5</sat></trkpt>
  <trkpt lat="30.26863124" lon="120.11810466"><ele>14.768</ele><time>2026-09-16T15:00:58Z</time><sat>4</sat></trkpt>
  <trkpt lat="30.26863125" lon="120.11810486"><ele>14.772</ele><time>2026-09-16T15:01:01Z</time><sat>4</sat></trkpt>
  <trkpt lat="30.26863129" lon="120.11810484"><ele>14.776</ele><time>2026-09-16T15:01:04Z</time><sat>5</sat></trkpt>
  <trkpt lat="30.26863125" lon="120.11810482"><ele>14.779</ele><time>2026-09-16T15:01:07Z</time><sat>5</sat></trkpt>
  <trkpt lat="30.26863045" lon="120.11810497"><ele>14.830</ele><time>2026-09-16T15:01:10Z</time><sat>4</sat></trkpt>
  <trkpt lat="30.26863045" lon="120.11810495"><ele>14.831</ele><time>2026-09-16T15:01:13Z</time><sat>4</sat></trkpt>
  <trkpt lat="30.26863049" lon="120.11810485"><ele>14.834</ele><time>2026-09-16T15:01:16Z</time><sat>5</sat></trkpt>
  <trkpt lat="30.26863062" lon="120.11810467"><ele>14.837</ele><time>2026-09-16T15:01:19Z</time><sat>4</sat></trkpt>
  <trkpt lat="30.26863066" lon="120.11810459"><ele>14.839</ele><time>2026-09-16T15:01:22Z</time><sat>3</sat></trkpt>
  <trkpt lat="30.26863073" lon="120.11810449"><ele>14.842</ele><time>2026-09-16T15:01:25Z</time><sat>3</sat></trkpt>
  <trkpt lat="30.26863086" lon="120.11810434"><ele>14.844</ele><time>2026-09-16T15:01:28Z</time><sat>4</sat></trkpt>
  <trkpt lat="30.26863101" lon="120.11810421"><ele>14.844</ele><time>2026-09-16T15:01:31Z</time><sat>4</sat></trkpt>
  <trkpt lat="30.26863119" lon="120.11810417"><ele>14.831</ele><time>2026-09-16T15:01:34Z</time><sat>3</sat></trkpt>
  <trkpt lat="30.26863122" lon="120.11810425"><ele>14.824</ele><time>2026-09-16T15:01:37Z</time><sat>4</sat></trkpt>
  <trkpt lat="30.26863010" lon="120.11810477"><ele>14.888</ele><time>2026-09-16T15:01:40Z</time><sat>6</sat></trkpt>
  <trkpt lat="30.26863008" lon="120.11810475"><ele>14.889</ele><time>2026-09-16T15:01:43Z</time><sat>6</sat></trkpt>
  <trkpt lat="30.26863010" lon="120.11810473"><ele>14.889</ele><time>2026-09-16T15:01:46Z</time><sat>6</sat></trkpt>
  <trkpt lat="30.26863011" lon="120.11810473"><ele>14.889</ele><time>2026-09-16T15:01:49Z</time><sat>4</sat></trkpt>
  <trkpt lat="30.26863013" lon="120.11810472"><ele>14.888</ele><time>2026-09-16T15:01:52Z</time><sat>5</sat></trkpt>
  <trkpt lat="30.26863010" lon="120.11810471"><ele>14.890</ele><time>2026-09-16T15:01:55Z</time><sat>5</sat></trkpt>
  <trkpt lat="30.26863002" lon="120.11810475"><ele>14.892</ele><time>2026-09-16T15:01:58Z</time><sat>3</sat></trkpt>
  <trkpt lat="30.26863001" lon="120.11810475"><ele>14.891</ele><time>2026-09-16T15:02:01Z</time><sat>4</sat></trkpt>
  <trkpt lat="30.26862998" lon="120.11810474"><ele>14.893</ele><time>2026-09-16T15:02:04Z</time><sat>5</sat></trkpt>
  <trkpt lat="30.26862997" lon="120.11810473"><ele>14.893</ele><time>2026-09-16T15:02:07Z</time><sat>4</sat></trkpt>
  <trkpt lat="30.26862996" lon="120.11810475"><ele>14.894</ele><time>2026-09-16T15:02:10Z</time><sat>3</sat></trkpt>
  <trkpt lat="30.26862990" lon="120.11810472"><ele>14.898</ele><time>2026-09-16T15:02:13Z</time><sat>5</sat></trkpt>
  <trkpt lat="30.26862991" lon="120.11810466"><ele>14.898</ele><time>2026-09-16T15:02:16Z</time><sat>4</sat></trkpt>
  <trkpt lat="30.26862907" lon="120.11810233"><ele>14.662</ele><time>2026-09-16T15:02:19Z</time><sat>5</sat></trkpt>
  <trkpt lat="30.26861337" lon="120.11811303"><ele>14.496</ele><time>2026-09-16T15:02:22Z</time><sat>5</sat></trkpt>
  <trkpt lat="30.26862592" lon="120.11812896"><ele>14.765</ele><time>2026-09-16T15:02:25Z</time><sat>5</sat></trkpt>
  <trkpt lat="30.26862626" lon="120.11811439"><ele>13.914</ele><time>2026-09-16T15:02:28Z</time><sat>4</sat></trkpt>
  <trkpt lat="30.26862797" lon="120.11811548"><ele>14.112</ele><time>2026-09-16T15:02:31Z</time><sat>2</sat></trkpt>
  <trkpt lat="30.26862802" lon="120.11811549"><ele>14.112</ele><time>2026-09-16T15:02:34Z</time><sat>3</sat></trkpt>
  <trkpt lat="30.26862804" lon="120.11811547"><ele>14.108</ele><time>2026-09-16T15:02:37Z</time><sat>5</sat></trkpt>
  <trkpt lat="30.26862797" lon="120.11811562"><ele>14.096</ele><time>2026-09-16T15:02:40Z</time><sat>5</sat></trkpt>
  <trkpt lat="30.26862802" lon="120.11811556"><ele>14.104</ele><time>2026-09-16T15:02:43Z</time><sat>5</sat></trkpt>
  <trkpt lat="30.26862803" lon="120.11811554"><ele>14.106</ele><time>2026-09-16T15:02:46Z</time><sat>3</sat></trkpt>
  <trkpt lat="30.26862806" lon="120.11811517"><ele>14.191</ele><time>2026-09-16T15:02:49Z</time><sat>4</sat></trkpt>
  <trkpt lat="30.26862334" lon="120.11811797"><ele>13.618</ele><time>2026-09-16T15:02:52Z</time><sat>5</sat></trkpt>
  <trkpt lat="30.26862329" lon="120.11811796"><ele>13.620</ele><time>2026-09-16T15:02:55Z</time><sat>5</sat></trkpt>
  <trkpt lat="30.26862330" lon="120.11811790"><ele>13.616</ele><time>2026-09-16T15:02:58Z</time><sat>4</sat></trkpt>
  <trkpt lat="30.26862358" lon="120.11811671"><ele>13.618</ele><time>2026-09-16T15:03:01Z</time><sat>4</sat></trkpt>
  <trkpt lat="30.26862449" lon="120.11811172"><ele>13.600</ele><time>2026-09-16T15:03:04Z</time><sat>4</sat></trkpt>
  <trkpt lat="30.26862490" lon="120.11810933"><ele>13.592</ele><time>2026-09-16T15:03:07Z</time><sat>5</sat></trkpt>
  <trkpt lat="30.26862523" lon="120.11810766"><ele>13.591</ele><time>2026-09-16T15:03:10Z</time><sat>5</sat></trkpt>
  <trkpt lat="30.26862522" lon="120.11810766"><ele>13.590</ele><time>2026-09-16T15:03:13Z</time><sat>5</sat></trkpt>
  <trkpt lat="30.26862535" lon="120.11810720"><ele>13.589</ele><time>2026-09-16T15:03:16Z</time><sat>4</sat></trkpt>
  <trkpt lat="30.26862537" lon="120.11810709"><ele>13.588</ele><time>2026-09-16T15:03:19Z</time><sat>5</sat></trkpt>
  <trkpt lat="30.26862543" lon="120.11810680"><ele>13.584</ele><time>2026-09-16T15:03:22Z</time><sat>5</sat></trkpt>
  <trkpt lat="30.26862544" lon="120.11810679"><ele>13.584</ele><time>2026-09-16T15:03:25Z</time><sat>5</sat></trkpt>
  <trkpt lat="30.26862488" lon="120.11808657"><ele>15.052</ele><time>2026-09-16T15:03:28Z</time><sat>4</sat></trkpt>
  <trkpt lat="30.26862899" lon="120.11808809"><ele>14.754</ele><time>2026-09-16T15:03:31Z</time><sat>4</sat></trkpt>
  <trkpt lat="30.26862874" lon="120.11809011"><ele>14.767</ele><time>2026-09-16T15:03:34Z</time><sat>5</sat></trkpt>
  <trkpt lat="30.26862838" lon="120.11809458"><ele>14.549</ele><time>2026-09-16T15:03:37Z</time><sat>9</sat></trkpt>
  <trkpt lat="30.26862890" lon="120.11809628"><ele>14.587</ele><time>2026-09-16T15:03:40Z</time><sat>9</sat></trkpt>
  <trkpt lat="30.26862897" lon="120.11809640"><ele>14.586</ele><time>2026-09-16T15:03:43Z</time><sat>5</sat></trkpt>
  <trkpt lat="30.26862902" lon="120.11809638"><ele>14.589</ele><time>2026-09-16T15:03:46Z</time><sat>3</sat></trkpt>
  <trkpt lat="30.26862903" lon="120.11809637"><ele>14.593</ele><time>2026-09-16T15:03:49Z</time><sat>4</sat></trkpt>
  <trkpt lat="30.26862906" lon="120.11809639"><ele>14.588</ele><time>2026-09-16T15:03:52Z</time><sat>5</sat></trkpt>
  <trkpt lat="30.26862907" lon="120.11809640"><ele>14.594</ele><time>2026-09-16T15:03:55Z</time><sat>4</sat></trkpt>
  <trkpt lat="30.26862911" lon="120.11809645"><ele>14.592</ele><time>2026-09-16T15:03:58Z</time><sat>4</sat></trkpt>
  <trkpt lat="30.26862912" lon="120.11809646"><ele>14.591</ele><time>2026-09-16T15:04:01Z</time><sat>5</sat></trkpt>
  <trkpt lat="30.26862913" lon="120.11809646"><ele>14.590</ele><time>2026-09-16T15:04:04Z</time><sat>5</sat></trkpt>
  <trkpt lat="30.26862913" lon="120.11809647"><ele>14.592</ele><time>2026-09-16T15:04:07Z</time><sat>4</sat></trkpt>
  <trkpt lat="30.26862917" lon="120.11809653"><ele>14.601</ele><time>2026-09-16T15:04:10Z</time><sat>4</sat></trkpt>
  <trkpt lat="30.26862918" lon="120.11809655"><ele>14.601</ele><time>2026-09-16T15:04:13Z</time><sat>3</sat></trkpt>
  <trkpt lat="30.26873284" lon="120.11808896"><ele>25.362</ele><time>2026-09-16T15:04:16Z</time><sat>3</sat></trkpt>
  <trkpt lat="30.26864119" lon="120.11809247"><ele>13.064</ele><time>2026-09-16T15:04:20Z</time><sat>2</sat></trkpt>
  <trkpt lat="30.26864916" lon="120.11808271"><ele>13.035</ele><time>2026-09-16T15:04:25Z</time><sat>4</sat></trkpt>
  <trkpt lat="30.26864921" lon="120.11808271"><ele>13.035</ele><time>2026-09-16T15:04:29Z</time><sat>4</sat></trkpt>
  <trkpt lat="30.26864906" lon="120.11808302"><ele>13.043</ele><time>2026-09-16T15:04:44Z</time><sat>3</sat></trkpt>
  <trkpt lat="30.26865187" lon="120.11807715"><ele>13.358</ele><time>2026-09-16T15:05:06Z</time><sat>3</sat></trkpt>
  <trkpt lat="30.26865194" lon="120.11807690"><ele>13.364</ele><time>2026-09-16T15:05:09Z</time><sat>6</sat></trkpt>
  <trkpt lat="30.26865215" lon="120.11807671"><ele>13.348</ele><time>2026-09-16T15:05:12Z</time><sat>7</sat></trkpt>
  <trkpt lat="30.26864925" lon="120.11803184"><ele>13.103</ele><time>2026-09-16T15:05:15Z</time><sat>9</sat></trkpt>
  <trkpt lat="30.26864912" lon="120.11802451"><ele>12.612</ele><time>2026-09-16T15:05:18Z</time><sat>9</sat></trkpt>
  <trkpt lat="30.26864086" lon="120.11805173"><ele>12.185</ele><time>2026-09-16T15:05:22Z</time><sat>8</sat></trkpt>
  <trkpt lat="30.26864014" lon="120.11805586"><ele>12.088</ele><time>2026-09-16T15:05:25Z</time><sat>4</sat></trkpt>
  <trkpt lat="30.26863687" lon="120.11798838"><ele>11.893</ele><time>2026-09-16T15:05:28Z</time><sat>6</sat></trkpt>
  <trkpt lat="30.26863517" lon="120.11798309"><ele>11.950</ele><time>2026-09-16T15:05:31Z</time><sat>9</sat></trkpt>
  <trkpt lat="30.26863645" lon="120.11798332"><ele>11.940</ele><time>2026-09-16T15:05:34Z</time><sat>8</sat></trkpt>
  <trkpt lat="30.26863993" lon="120.11798098"><ele>11.933</ele><time>2026-09-16T15:05:37Z</time><sat>4</sat></trkpt>
  <trkpt lat="30.26863151" lon="120.11800780"><ele>11.374</ele><time>2026-09-16T15:05:40Z</time><sat>4</sat></trkpt>
  <trkpt lat="30.26863154" lon="120.11801276"><ele>10.262</ele><time>2026-09-16T15:05:43Z</time><sat>5</sat></trkpt>
  <trkpt lat="30.26863157" lon="120.11801257"><ele>10.258</ele><time>2026-09-16T15:05:46Z</time><sat>6</sat></trkpt>
  <trkpt lat="30.26863133" lon="120.11801273"><ele>10.221</ele><time>2026-09-16T15:05:49Z</time><sat>7</sat></trkpt>
  <trkpt lat="30.26860681" lon="120.11799210"><ele>5.564</ele><time>2026-09-16T15:05:52Z</time><sat>5</sat></trkpt>
  <trkpt lat="30.26857713" lon="120.11796847"><ele>3.819</ele><time>2026-09-16T15:05:55Z</time><sat>4</sat></trkpt>
  <trkpt lat="30.26857486" lon="120.11796630"><ele>3.753</ele><time>2026-09-16T15:05:58Z</time><sat>2</sat></trkpt>
  <trkpt lat="30.26856689" lon="120.11796993"><ele>3.425</ele><time>2026-09-16T15:06:01Z</time><sat>3</sat></trkpt>
  <trkpt lat="30.26856264" lon="120.11799157"><ele>2.782</ele><time>2026-09-16T15:06:04Z</time><sat>5</sat></trkpt>
 </trkseg>
</trk>

</gpx>
 