<?xml version="1.0" encoding="UTF-8"?>
<!-- Created with BasicAirData GPS Logger for Android - ver. 3.3.0 -->
<!-- Track 393 = 1009 TrackPoints + 0 Placemarks -->

<!-- Track Statistics (based on Total Time | Time in Movement): -->
<!--  Distance = 7.58 公里 -->
<!--  Duration = 01:04:43 | 36:04 -->
<!--  Altitude Gap = 30 米 -->
<!--  Max Speed = 29 公里/时 -->
<!--  Avg Speed = 7.0 | 12.6 公里/时 -->
<!--  Direction = 142° -->
<!--  Activity = cycling -->
<!--  Altitudes = Corrected using EGM96 grid (bilinear interpolation) -->

<gpx version="1.1"
     creator="BasicAirData GPS Logger 3.3.0"
     xmlns="http://www.topografix.com/GPX/1/1"
     xmlns:xsi="http://www.w3.org/2001/XMLSchema-instance"
     xsi:schemaLocation="http://www.topografix.com/GPX/1/1 http://www.topografix.com/GPX/1/1/gpx.xsd">
<metadata> 
 <name>GPS Logger 20260628-154019</name>
 <time>2026-08-05T14:29:15Z</time>
 <keywords>cycling</keywords>
 <bounds minlat="30.26963284" minlon="120.08743137" maxlat="30.30708979" maxlon="120.12088821" />
</metadata>

<trk>
 <name>轨迹 20260628-154019</name>
 <trkseg>
  <trkpt lat="30.30708979" lon="120.08743137"><ele>12.910</ele><time>2026-06-28T07:40:19Z</time><sat>32</sat></trkpt>
  <trkpt lat="30.30701297" lon="120.08751472"><ele>11.533</ele><time>2026-06-28T07:40:22Z</time><sat>35</sat></trkpt>
  <trkpt lat="30.30687890" lon="120.08755870"><ele>11.565</ele><time>2026-06-28T07:40:25Z</time><sat>29</sat></trkpt>
  <trkpt lat="30.30672385" lon="120.08753806"><ele>11.475</ele><time>2026-06-28T07:40:28Z</time><sat>25</sat></trkpt>
  <trkpt lat="30.30659236" lon="120.08753689"><ele>13.088</ele><time>2026-06-28T07:40:31Z</time><sat>28</sat></trkpt>
  <trkpt lat="30.30642051" lon="120.08754504"><ele>14.496</ele><time>2026-06-28T07:40:34Z</time><sat>31</sat></trkpt>
  <trkpt lat="30.30625993" lon="120.08755582"><ele>13.739</ele><time>2026-06-28T07:40:37Z</time><sat>30</sat></trkpt>
  <trkpt lat="30.30611532" lon="120.08756092"><ele>13.656</ele><time>2026-06-28T07:40:40Z</time><sat>30</sat></trkpt>
  <trkpt lat="30.30596890" lon="120.08756448"><ele>13.383</ele><time>2026-06-28T07:40:43Z</time><sat>31</sat></trkpt>
  <trkpt lat="30.30580816" lon="120.08754118"><ele>13.095</ele><time>2026-06-28T07:40:46Z</time><sat>30</sat></trkpt>
  <trkpt lat="30.30563446" lon="120.08754115"><ele>12.784</ele><time>2026-06-28T07:40:49Z</time><sat>32</sat></trkpt>
  <trkpt lat="30.30546481" lon="120.08753998"><ele>12.355</ele><time>2026-06-28T07:40:52Z</time><sat>31</sat></trkpt>
  <trkpt lat="30.30529176" lon="120.08754247"><ele>12.207</ele><time>2026-06-28T07:40:55Z</time><sat>27</sat></trkpt>
  <trkpt lat="30.30512124" lon="120.08754956"><ele>12.415</ele><time>2026-06-28T07:40:58Z</time><sat>27</sat></trkpt>
  <trkpt lat="30.30494897" lon="120.08756385"><ele>12.594</ele><time>2026-06-28T07:41:01Z</time><sat>29</sat></trkpt>
  <trkpt lat="30.30478035" lon="120.08755950"><ele>13.080</ele><time>2026-06-28T07:41:04Z</time><sat>30</sat></trkpt>
  <trkpt lat="30.30461200" lon="120.08754366"><ele>14.091</ele><time>2026-06-28T07:41:07Z</time><sat>31</sat></trkpt>
  <trkpt lat="30.30444176" lon="120.08754800"><ele>14.208</ele><time>2026-06-28T07:41:10Z</time><sat>31</sat></trkpt>
  <trkpt lat="30.30427577" lon="120.08754496"><ele>13.727</ele><time>2026-06-28T07:41:13Z</time><sat>31</sat></trkpt>
  <trkpt lat="30.30411055" lon="120.08754239"><ele>13.340</ele><time>2026-06-28T07:41:16Z</time><sat>30</sat></trkpt>
  <trkpt lat="30.30393680" lon="120.08753260"><ele>13.420</ele><time>2026-06-28T07:41:19Z</time><sat>30</sat></trkpt>
  <trkpt lat="30.30377078" lon="120.08754045"><ele>13.786</ele><time>2026-06-28T07:41:22Z</time><sat>30</sat></trkpt>
  <trkpt lat="30.30360029" lon="120.08754309"><ele>14.541</ele><time>2026-06-28T07:41:25Z</time><sat>26</sat></trkpt>
  <trkpt lat="30.30343397" lon="120.08754640"><ele>15.329</ele><time>2026-06-28T07:41:28Z</time><sat>24</sat></trkpt>
  <trkpt lat="30.30326113" lon="120.08754101"><ele>14.724</ele><time>2026-06-28T07:41:31Z</time><sat>26</sat></trkpt>
  <trkpt lat="30.30309254" lon="120.08754121"><ele>14.458</ele><time>2026-06-28T07:41:34Z</time><sat>28</sat></trkpt>
  <trkpt lat="30.30292984" lon="120.08754613"><ele>15.943</ele><time>2026-06-28T07:41:37Z</time><sat>26</sat></trkpt>
  <trkpt lat="30.30276821" lon="120.08754727"><ele>16.150</ele><time>2026-06-28T07:41:40Z</time><sat>25</sat></trkpt>
  <trkpt lat="30.30260989" lon="120.08756817"><ele>16.835</ele><time>2026-06-28T07:41:43Z</time><sat>26</sat></trkpt>
  <trkpt lat="30.30246060" lon="120.08763188"><ele>16.639</ele><time>2026-06-28T07:41:46Z</time><sat>27</sat></trkpt>
  <trkpt lat="30.30236223" lon="120.08776606"><ele>16.411</ele><time>2026-06-28T07:41:49Z</time><sat>28</sat></trkpt>
  <trkpt lat="30.30232539" lon="120.08793909"><ele>16.592</ele><time>2026-06-28T07:41:52Z</time><sat>32</sat></trkpt>
  <trkpt lat="30.30232263" lon="120.08812626"><ele>16.056</ele><time>2026-06-28T07:41:55Z</time><sat>32</sat></trkpt>
  <trkpt lat="30.30232514" lon="120.08831892"><ele>16.894</ele><time>2026-06-28T07:41:58Z</time><sat>31</sat></trkpt>
  <trkpt lat="30.30232640" lon="120.08851484"><ele>16.355</ele><time>2026-06-28T07:42:01Z</time><sat>30</sat></trkpt>
  <trkpt lat="30.30233103" lon="120.08869708"><ele>15.449</ele><time>2026-06-28T07:42:04Z</time><sat>26</sat></trkpt>
  <trkpt lat="30.30230604" lon="120.08881849"><ele>14.857</ele><time>2026-06-28T07:42:07Z</time><sat>21</sat></trkpt>
  <trkpt lat="30.30228448" lon="120.08890493"><ele>12.946</ele><time>2026-06-28T07:42:10Z</time><sat>22</sat></trkpt>
  <trkpt lat="30.30228430" lon="120.08906999"><ele>12.352</ele><time>2026-06-28T07:42:13Z</time><sat>20</sat></trkpt>
  <trkpt lat="30.30228169" lon="120.08924459"><ele>11.650</ele><time>2026-06-28T07:42:16Z</time><sat>18</sat></trkpt>
  <trkpt lat="30.30229726" lon="120.08944534"><ele>11.692</ele><time>2026-06-28T07:42:19Z</time><sat>20</sat></trkpt>
  <trkpt lat="30.30230152" lon="120.08964635"><ele>11.473</ele><time>2026-06-28T07:42:22Z</time><sat>20</sat></trkpt>
  <trkpt lat="30.30230834" lon="120.08982802"><ele>10.709</ele><time>2026-06-28T07:42:25Z</time><sat>15</sat></trkpt>
  <trkpt lat="30.30229608" lon="120.09002536"><ele>10.094</ele><time>2026-06-28T07:42:28Z</time><sat>15</sat></trkpt>
  <trkpt lat="30.30227522" lon="120.09019955"><ele>8.274</ele><time>2026-06-28T07:42:31Z</time><sat>18</sat></trkpt>
  <trkpt lat="30.30228946" lon="120.09036918"><ele>7.579</ele><time>2026-06-28T07:42:34Z</time><sat>18</sat></trkpt>
  <trkpt lat="30.30230058" lon="120.09056726"><ele>7.420</ele><time>2026-06-28T07:42:37Z</time><sat>16</sat></trkpt>
  <trkpt lat="30.30229155" lon="120.09075978"><ele>6.403</ele><time>2026-06-28T07:42:40Z</time><sat>18</sat></trkpt>
  <trkpt lat="30.30229903" lon="120.09094573"><ele>5.559</ele><time>2026-06-28T07:42:43Z</time><sat>19</sat></trkpt>
  <trkpt lat="30.30231221" lon="120.09107991"><ele>5.014</ele><time>2026-06-28T07:42:46Z</time><sat>17</sat></trkpt>
  <trkpt lat="30.30231005" lon="120.09128153"><ele>4.171</ele><time>2026-06-28T07:42:49Z</time><sat>13</sat></trkpt>
  <trkpt lat="30.30229624" lon="120.09142743"><ele>2.278</ele><time>2026-06-28T07:42:52Z</time><sat>13</sat></trkpt>
  <trkpt lat="30.30230019" lon="120.09163951"><ele>2.433</ele><time>2026-06-28T07:42:55Z</time><sat>18</sat></trkpt>
  <trkpt lat="30.30228866" lon="120.09184128"><ele>1.969</ele><time>2026-06-28T07:42:58Z</time><sat>18</sat></trkpt>
  <trkpt lat="30.30227123" lon="120.09205834"><ele>3.427</ele><time>2026-06-28T07:43:01Z</time><sat>12</sat></trkpt>
  <trkpt lat="30.30227021" lon="120.09224045"><ele>2.080</ele><time>2026-06-28T07:43:04Z</time><sat>12</sat></trkpt>
  <trkpt lat="30.30227738" lon="120.09246087"><ele>5.795</ele><time>2026-06-28T07:43:07Z</time><sat>17</sat></trkpt>
  <trkpt lat="30.30228103" lon="120.09265384"><ele>5.772</ele><time>2026-06-28T07:43:10Z</time><sat>22</sat></trkpt>
  <trkpt lat="30.30227586" lon="120.09285781"><ele>6.154</ele><time>2026-06-28T07:43:13Z</time><sat>21</sat></trkpt>
  <trkpt lat="30.30229419" lon="120.09303909"><ele>5.927</ele><time>2026-06-28T07:43:16Z</time><sat>19</sat></trkpt>
  <trkpt lat="30.30230468" lon="120.09324404"><ele>8.137</ele><time>2026-06-28T07:43:19Z</time><sat>23</sat></trkpt>
  <trkpt lat="30.30232959" lon="120.09345370"><ele>10.037</ele><time>2026-06-28T07:43:22Z</time><sat>26</sat></trkpt>
  <trkpt lat="30.30233713" lon="120.09365819"><ele>11.812</ele><time>2026-06-28T07:43:25Z</time><sat>28</sat></trkpt>
  <trkpt lat="30.30233670" lon="120.09385404"><ele>12.396</ele><time>2026-06-28T07:43:28Z</time><sat>28</sat></trkpt>
  <trkpt lat="30.30234330" lon="120.09405272"><ele>12.818</ele><time>2026-06-28T07:43:31Z</time><sat>27</sat></trkpt>
  <trkpt lat="30.30235940" lon="120.09422674"><ele>13.050</ele><time>2026-06-28T07:43:34Z</time><sat>25</sat></trkpt>
  <trkpt lat="30.30236804" lon="120.09440345"><ele>13.165</ele><time>2026-06-28T07:43:37Z</time><sat>19</sat></trkpt>
  <trkpt lat="30.30234194" lon="120.09460725"><ele>11.997</ele><time>2026-06-28T07:43:40Z</time><sat>20</sat></trkpt>
  <trkpt lat="30.30235344" lon="120.09478457"><ele>11.910</ele><time>2026-06-28T07:43:43Z</time><sat>20</sat></trkpt>
  <trkpt lat="30.30234858" lon="120.09494407"><ele>11.420</ele><time>2026-06-28T07:43:46Z</time><sat>17</sat></trkpt>
  <trkpt lat="30.30235561" lon="120.09512480"><ele>12.990</ele><time>2026-06-28T07:43:49Z</time><sat>18</sat></trkpt>
  <trkpt lat="30.30235104" lon="120.09531694"><ele>11.946</ele><time>2026-06-28T07:43:52Z</time><sat>19</sat></trkpt>
  <trkpt lat="30.30233325" lon="120.09554416"><ele>11.144</ele><time>2026-06-28T07:43:55Z</time><sat>20</sat></trkpt>
  <trkpt lat="30.30233756" lon="120.09575326"><ele>12.833</ele><time>2026-06-28T07:43:58Z</time><sat>19</sat></trkpt>
  <trkpt lat="30.30233562" lon="120.09595226"><ele>12.811</ele><time>2026-06-28T07:44:01Z</time><sat>22</sat></trkpt>
  <trkpt lat="30.30233269" lon="120.09614407"><ele>13.161</ele><time>2026-06-28T07:44:04Z</time><sat>20</sat></trkpt>
  <trkpt lat="30.30234305" lon="120.09629900"><ele>10.251</ele><time>2026-06-28T07:44:07Z</time><sat>16</sat></trkpt>
  <trkpt lat="30.30235164" lon="120.09646392"><ele>10.132</ele><time>2026-06-28T07:44:10Z</time><sat>19</sat></trkpt>
  <trkpt lat="30.30234366" lon="120.09660037"><ele>12.038</ele><time>2026-06-28T07:44:13Z</time><sat>22</sat></trkpt>
  <trkpt lat="30.30228635" lon="120.09668999"><ele>11.668</ele><time>2026-06-28T07:44:16Z</time><sat>26</sat></trkpt>
  <trkpt lat="30.30215290" lon="120.09670061"><ele>12.945</ele><time>2026-06-28T07:44:19Z</time><sat>25</sat></trkpt>
  <trkpt lat="30.30200606" lon="120.09671265"><ele>14.486</ele><time>2026-06-28T07:44:22Z</time><sat>28</sat></trkpt>
  <trkpt lat="30.30192698" lon="120.09673599"><ele>16.310</ele><time>2026-06-28T07:44:25Z</time><sat>26</sat></trkpt>
  <trkpt lat="30.30192613" lon="120.09678996"><ele>17.598</ele><time>2026-06-28T07:44:28Z</time><sat>25</sat></trkpt>
  <trkpt lat="30.30200617" lon="120.09683593"><ele>16.344</ele><time>2026-06-28T07:44:31Z</time><sat>26</sat></trkpt>
  <trkpt lat="30.30211562" lon="120.09686033"><ele>15.510</ele><time>2026-06-28T07:44:34Z</time><sat>28</sat></trkpt>
  <trkpt lat="30.30226280" lon="120.09686057"><ele>14.810</ele><time>2026-06-28T07:44:37Z</time><sat>26</sat></trkpt>
  <trkpt lat="30.30237984" lon="120.09693652"><ele>13.476</ele><time>2026-06-28T07:44:40Z</time><sat>25</sat></trkpt>
  <trkpt lat="30.30238499" lon="120.09709828"><ele>12.538</ele><time>2026-06-28T07:44:43Z</time><sat>24</sat></trkpt>
  <trkpt lat="30.30239077" lon="120.09727748"><ele>11.828</ele><time>2026-06-28T07:44:46Z</time><sat>28</sat></trkpt>
  <trkpt lat="30.30239990" lon="120.09747753"><ele>11.901</ele><time>2026-06-28T07:44:49Z</time><sat>28</sat></trkpt>
  <trkpt lat="30.30240695" lon="120.09768593"><ele>12.321</ele><time>2026-06-28T07:44:52Z</time><sat>23</sat></trkpt>
  <trkpt lat="30.30240428" lon="120.09786773"><ele>11.205</ele><time>2026-06-28T07:44:55Z</time><sat>24</sat></trkpt>
  <trkpt lat="30.30240350" lon="120.09805124"><ele>10.363</ele><time>2026-06-28T07:44:58Z</time><sat>21</sat></trkpt>
  <trkpt lat="30.30239389" lon="120.09824188"><ele>10.199</ele><time>2026-06-28T07:45:01Z</time><sat>18</sat></trkpt>
  <trkpt lat="30.30238612" lon="120.09842499"><ele>8.498</ele><time>2026-06-28T07:45:04Z</time><sat>17</sat></trkpt>
  <trkpt lat="30.30240204" lon="120.09862313"><ele>8.347</ele><time>2026-06-28T07:45:07Z</time><sat>18</sat></trkpt>
  <trkpt lat="30.30241632" lon="120.09882015"><ele>8.100</ele><time>2026-06-28T07:45:10Z</time><sat>19</sat></trkpt>
  <trkpt lat="30.30242993" lon="120.09899913"><ele>7.121</ele><time>2026-06-28T07:45:13Z</time><sat>19</sat></trkpt>
  <trkpt lat="30.30242634" lon="120.09921582"><ele>6.918</ele><time>2026-06-28T07:45:16Z</time><sat>18</sat></trkpt>
  <trkpt lat="30.30242753" lon="120.09941045"><ele>6.275</ele><time>2026-06-28T07:45:19Z</time><sat>16</sat></trkpt>
  <trkpt lat="30.30242202" lon="120.09958886"><ele>5.710</ele><time>2026-06-28T07:45:22Z</time><sat>16</sat></trkpt>
  <trkpt lat="30.30241704" lon="120.09979170"><ele>6.079</ele><time>2026-06-28T07:45:25Z</time><sat>14</sat></trkpt>
  <trkpt lat="30.30241065" lon="120.09999035"><ele>5.310</ele><time>2026-06-28T07:45:28Z</time><sat>16</sat></trkpt>
  <trkpt lat="30.30241805" lon="120.10017642"><ele>4.904</ele><time>2026-06-28T07:45:31Z</time><sat>17</sat></trkpt>
  <trkpt lat="30.30242223" lon="120.10037893"><ele>5.950</ele><time>2026-06-28T07:45:34Z</time><sat>17</sat></trkpt>
  <trkpt lat="30.30242592" lon="120.10056013"><ele>8.667</ele><time>2026-06-28T07:45:37Z</time><sat>16</sat></trkpt>
  <trkpt lat="30.30242357" lon="120.10060040"><ele>9.448</ele><time>2026-06-28T07:45:40Z</time><sat>23</sat></trkpt>
  <trkpt lat="30.30242473" lon="120.10061395"><ele>11.237</ele><time>2026-06-28T07:45:43Z</time><sat>27</sat></trkpt>
  <trkpt lat="30.30239163" lon="120.10066883"><ele>10.664</ele><time>2026-06-28T07:45:46Z</time><sat>28</sat></trkpt>
  <trkpt lat="30.30228713" lon="120.10071863"><ele>12.029</ele><time>2026-06-28T07:45:49Z</time><sat>27</sat></trkpt>
  <trkpt lat="30.30214264" lon="120.10074460"><ele>15.154</ele><time>2026-06-28T07:45:52Z</time><sat>30</sat></trkpt>
  <trkpt lat="30.30197669" lon="120.10074882"><ele>15.535</ele><time>2026-06-28T07:45:55Z</time><sat>28</sat></trkpt>
  <trkpt lat="30.30180145" lon="120.10076298"><ele>17.178</ele><time>2026-06-28T07:45:58Z</time><sat>27</sat></trkpt>
  <trkpt lat="30.30164054" lon="120.10076403"><ele>17.386</ele><time>2026-06-28T07:46:01Z</time><sat>24</sat></trkpt>
  <trkpt lat="30.30146892" lon="120.10076739"><ele>17.060</ele><time>2026-06-28T07:46:04Z</time><sat>25</sat></trkpt>
  <trkpt lat="30.30130151" lon="120.10078096"><ele>16.816</ele><time>2026-06-28T07:46:07Z</time><sat>29</sat></trkpt>
  <trkpt lat="30.30112691" lon="120.10080004"><ele>18.378</ele><time>2026-06-28T07:46:10Z</time><sat>24</sat></trkpt>
  <trkpt lat="30.30097154" lon="120.10081217"><ele>18.003</ele><time>2026-06-28T07:46:13Z</time><sat>23</sat></trkpt>
  <trkpt lat="30.30081269" lon="120.10081954"><ele>18.213</ele><time>2026-06-28T07:46:16Z</time><sat>21</sat></trkpt>
  <trkpt lat="30.30064506" lon="120.10084763"><ele>18.605</ele><time>2026-06-28T07:46:19Z</time><sat>25</sat></trkpt>
  <trkpt lat="30.30047619" lon="120.10088055"><ele>19.445</ele><time>2026-06-28T07:46:22Z</time><sat>27</sat></trkpt>
  <trkpt lat="30.30031356" lon="120.10090298"><ele>20.819</ele><time>2026-06-28T07:46:25Z</time><sat>20</sat></trkpt>
  <trkpt lat="30.30015353" lon="120.10093328"><ele>21.813</ele><time>2026-06-28T07:46:28Z</time><sat>15</sat></trkpt>
  <trkpt lat="30.30002190" lon="120.10092978"><ele>18.354</ele><time>2026-06-28T07:46:31Z</time><sat>20</sat></trkpt>
  <trkpt lat="30.29984725" lon="120.10097185"><ele>18.913</ele><time>2026-06-28T07:46:34Z</time><sat>29</sat></trkpt>
  <trkpt lat="30.29966589" lon="120.10099786"><ele>19.342</ele><time>2026-06-28T07:46:37Z</time><sat>29</sat></trkpt>
  <trkpt lat="30.29947580" lon="120.10101227"><ele>19.391</ele><time>2026-06-28T07:46:40Z</time><sat>32</sat></trkpt>
  <trkpt lat="30.29930441" lon="120.10105189"><ele>19.346</ele><time>2026-06-28T07:46:43Z</time><sat>33</sat></trkpt>
  <trkpt lat="30.29911224" lon="120.10108609"><ele>19.510</ele><time>2026-06-28T07:46:46Z</time><sat>35</sat></trkpt>
  <trkpt lat="30.29895567" lon="120.10109073"><ele>18.502</ele><time>2026-06-28T07:46:49Z</time><sat>35</sat></trkpt>
  <trkpt lat="30.29879755" lon="120.10111970"><ele>19.601</ele><time>2026-06-28T07:46:52Z</time><sat>36</sat></trkpt>
  <trkpt lat="30.29862163" lon="120.10109108"><ele>18.780</ele><time>2026-06-28T07:46:55Z</time><sat>36</sat></trkpt>
  <trkpt lat="30.29847010" lon="120.10112081"><ele>21.461</ele><time>2026-06-28T07:46:58Z</time><sat>35</sat></trkpt>
  <trkpt lat="30.29830904" lon="120.10114133"><ele>22.998</ele><time>2026-06-28T07:47:01Z</time><sat>35</sat></trkpt>
  <trkpt lat="30.29813908" lon="120.10117388"><ele>24.463</ele><time>2026-06-28T07:47:04Z</time><sat>31</sat></trkpt>
  <trkpt lat="30.29798337" lon="120.10122371"><ele>25.917</ele><time>2026-06-28T07:47:07Z</time><sat>21</sat></trkpt>
  <trkpt lat="30.29781676" lon="120.10126529"><ele>27.622</ele><time>2026-06-28T07:47:10Z</time><sat>18</sat></trkpt>
  <trkpt lat="30.29766855" lon="120.10131750"><ele>27.523</ele><time>2026-06-28T07:47:13Z</time><sat>22</sat></trkpt>
  <trkpt lat="30.29750222" lon="120.10133290"><ele>26.970</ele><time>2026-06-28T07:47:16Z</time><sat>27</sat></trkpt>
  <trkpt lat="30.29733506" lon="120.10135822"><ele>28.113</ele><time>2026-06-28T07:47:19Z</time><sat>23</sat></trkpt>
  <trkpt lat="30.29716360" lon="120.10138731"><ele>28.929</ele><time>2026-06-28T07:47:22Z</time><sat>24</sat></trkpt>
  <trkpt lat="30.29701378" lon="120.10141892"><ele>29.520</ele><time>2026-06-28T07:47:25Z</time><sat>25</sat></trkpt>
  <trkpt lat="30.29684843" lon="120.10142987"><ele>29.840</ele><time>2026-06-28T07:47:28Z</time><sat>22</sat></trkpt>
  <trkpt lat="30.29667537" lon="120.10144600"><ele>28.636</ele><time>2026-06-28T07:47:31Z</time><sat>24</sat></trkpt>
  <trkpt lat="30.29649540" lon="120.10147572"><ele>29.242</ele><time>2026-06-28T07:47:34Z</time><sat>27</sat></trkpt>
  <trkpt lat="30.29635733" lon="120.10150533"><ele>27.508</ele><time>2026-06-28T07:47:37Z</time><sat>25</sat></trkpt>
  <trkpt lat="30.29623071" lon="120.10152582"><ele>28.323</ele><time>2026-06-28T07:47:40Z</time><sat>24</sat></trkpt>
  <trkpt lat="30.29615874" lon="120.10159240"><ele>27.997</ele><time>2026-06-28T07:47:43Z</time><sat>31</sat></trkpt>
  <trkpt lat="30.29616763" lon="120.10170987"><ele>27.576</ele><time>2026-06-28T07:47:46Z</time><sat>30</sat></trkpt>
  <trkpt lat="30.29616747" lon="120.10184122"><ele>27.618</ele><time>2026-06-28T07:47:49Z</time><sat>31</sat></trkpt>
  <trkpt lat="30.29609800" lon="120.10187432"><ele>26.445</ele><time>2026-06-28T07:47:52Z</time><sat>32</sat></trkpt>
  <trkpt lat="30.29600161" lon="120.10179605"><ele>24.995</ele><time>2026-06-28T07:47:55Z</time><sat>34</sat></trkpt>
  <trkpt lat="30.29588258" lon="120.10170322"><ele>24.299</ele><time>2026-06-28T07:47:58Z</time><sat>36</sat></trkpt>
  <trkpt lat="30.29574153" lon="120.10165259"><ele>24.059</ele><time>2026-06-28T07:48:01Z</time><sat>35</sat></trkpt>
  <trkpt lat="30.29558893" lon="120.10163411"><ele>23.028</ele><time>2026-06-28T07:48:04Z</time><sat>31</sat></trkpt>
  <trkpt lat="30.29542249" lon="120.10165565"><ele>24.477</ele><time>2026-06-28T07:48:07Z</time><sat>31</sat></trkpt>
  <trkpt lat="30.29527667" lon="120.10168317"><ele>25.450</ele><time>2026-06-28T07:48:10Z</time><sat>29</sat></trkpt>
  <trkpt lat="30.29512503" lon="120.10170401"><ele>26.285</ele><time>2026-06-28T07:48:13Z</time><sat>26</sat></trkpt>
  <trkpt lat="30.29498321" lon="120.10172806"><ele>26.702</ele><time>2026-06-28T07:48:16Z</time><sat>27</sat></trkpt>
  <trkpt lat="30.29483819" lon="120.10175412"><ele>27.755</ele><time>2026-06-28T07:48:19Z</time><sat>29</sat></trkpt>
  <trkpt lat="30.29469179" lon="120.10177814"><ele>28.643</ele><time>2026-06-28T07:48:22Z</time><sat>28</sat></trkpt>
  <trkpt lat="30.29454303" lon="120.10179418"><ele>29.343</ele><time>2026-06-28T07:48:25Z</time><sat>27</sat></trkpt>
  <trkpt lat="30.29439878" lon="120.10181704"><ele>27.766</ele><time>2026-06-28T07:48:28Z</time><sat>24</sat></trkpt>
  <trkpt lat="30.29421769" lon="120.10184376"><ele>27.365</ele><time>2026-06-28T07:48:31Z</time><sat>26</sat></trkpt>
  <trkpt lat="30.29404918" lon="120.10187939"><ele>27.314</ele><time>2026-06-28T07:48:34Z</time><sat>27</sat></trkpt>
  <trkpt lat="30.29387946" lon="120.10191111"><ele>28.074</ele><time>2026-06-28T07:48:37Z</time><sat>25</sat></trkpt>
  <trkpt lat="30.29370702" lon="120.10194701"><ele>28.645</ele><time>2026-06-28T07:48:40Z</time><sat>19</sat></trkpt>
  <trkpt lat="30.29352176" lon="120.10197232"><ele>28.877</ele><time>2026-06-28T07:48:43Z</time><sat>23</sat></trkpt>
  <trkpt lat="30.29333745" lon="120.10199592"><ele>29.064</ele><time>2026-06-28T07:48:46Z</time><sat>24</sat></trkpt>
  <trkpt lat="30.29315311" lon="120.10202940"><ele>31.019</ele><time>2026-06-28T07:48:49Z</time><sat>18</sat></trkpt>
  <trkpt lat="30.29297766" lon="120.10206038"><ele>31.087</ele><time>2026-06-28T07:48:52Z</time><sat>18</sat></trkpt>
  <trkpt lat="30.29280341" lon="120.10208181"><ele>31.433</ele><time>2026-06-28T07:48:55Z</time><sat>16</sat></trkpt>
  <trkpt lat="30.29264526" lon="120.10212426"><ele>32.646</ele><time>2026-06-28T07:48:58Z</time><sat>16</sat></trkpt>
  <trkpt lat="30.29247194" lon="120.10214820"><ele>32.267</ele><time>2026-06-28T07:49:01Z</time><sat>16</sat></trkpt>
  <trkpt lat="30.29229880" lon="120.10217136"><ele>32.267</ele><time>2026-06-28T07:49:04Z</time><sat>18</sat></trkpt>
  <trkpt lat="30.29212043" lon="120.10221370"><ele>32.789</ele><time>2026-06-28T07:49:07Z</time><sat>18</sat></trkpt>
  <trkpt lat="30.29195897" lon="120.10222333"><ele>31.540</ele><time>2026-06-28T07:49:10Z</time><sat>19</sat></trkpt>
  <trkpt lat="30.29179524" lon="120.10224679"><ele>31.779</ele><time>2026-06-28T07:49:13Z</time><sat>17</sat></trkpt>
  <trkpt lat="30.29163279" lon="120.10229340"><ele>33.220</ele><time>2026-06-28T07:49:16Z</time><sat>15</sat></trkpt>
  <trkpt lat="30.29144878" lon="120.10230564"><ele>33.330</ele><time>2026-06-28T07:49:19Z</time><sat>16</sat></trkpt>
  <trkpt lat="30.29128598" lon="120.10234125"><ele>33.663</ele><time>2026-06-28T07:49:22Z</time><sat>18</sat></trkpt>
  <trkpt lat="30.29112820" lon="120.10233356"><ele>32.278</ele><time>2026-06-28T07:49:25Z</time><sat>15</sat></trkpt>
  <trkpt lat="30.29095230" lon="120.10234075"><ele>32.276</ele><time>2026-06-28T07:49:28Z</time><sat>18</sat></trkpt>
  <trkpt lat="30.29079007" lon="120.10238196"><ele>31.320</ele><time>2026-06-28T07:49:31Z</time><sat>20</sat></trkpt>
  <trkpt lat="30.29061450" lon="120.10241596"><ele>31.026</ele><time>2026-06-28T07:49:34Z</time><sat>19</sat></trkpt>
  <trkpt lat="30.29044665" lon="120.10244641"><ele>30.633</ele><time>2026-06-28T07:49:37Z</time><sat>20</sat></trkpt>
  <trkpt lat="30.29027267" lon="120.10249852"><ele>31.547</ele><time>2026-06-28T07:49:40Z</time><sat>21</sat></trkpt>
  <trkpt lat="30.29012605" lon="120.10254472"><ele>31.683</ele><time>2026-06-28T07:49:43Z</time><sat>16</sat></trkpt>
  <trkpt lat="30.28995498" lon="120.10260991"><ele>32.294</ele><time>2026-06-28T07:49:46Z</time><sat>15</sat></trkpt>
  <trkpt lat="30.28979493" lon="120.10265631"><ele>32.303</ele><time>2026-06-28T07:49:49Z</time><sat>18</sat></trkpt>
  <trkpt lat="30.28962599" lon="120.10270842"><ele>32.382</ele><time>2026-06-28T07:49:52Z</time><sat>21</sat></trkpt>
  <trkpt lat="30.28946515" lon="120.10273929"><ele>32.108</ele><time>2026-06-28T07:49:55Z</time><sat>21</sat></trkpt>
  <trkpt lat="30.28937845" lon="120.10280130"><ele>31.423</ele><time>2026-06-28T07:49:58Z</time><sat>19</sat></trkpt>
  <trkpt lat="30.28939315" lon="120.10291692"><ele>28.757</ele><time>2026-06-28T07:50:01Z</time><sat>29</sat></trkpt>
  <trkpt lat="30.28941185" lon="120.10300311"><ele>27.388</ele><time>2026-06-28T07:50:04Z</time><sat>32</sat></trkpt>
  <trkpt lat="30.28941583" lon="120.10304778"><ele>26.164</ele><time>2026-06-28T07:50:07Z</time><sat>30</sat></trkpt>
  <trkpt lat="30.28940518" lon="120.10305867"><ele>24.970</ele><time>2026-06-28T07:50:10Z</time><sat>32</sat></trkpt>
  <trkpt lat="30.28935440" lon="120.10304100"><ele>23.362</ele><time>2026-06-28T07:50:13Z</time><sat>34</sat></trkpt>
  <trkpt lat="30.28928051" lon="120.10299981"><ele>22.829</ele><time>2026-06-28T07:50:16Z</time><sat>31</sat></trkpt>
  <trkpt lat="30.28919012" lon="120.10295627"><ele>21.874</ele><time>2026-06-28T07:50:19Z</time><sat>28</sat></trkpt>
  <trkpt lat="30.28907774" lon="120.10291039"><ele>20.737</ele><time>2026-06-28T07:50:22Z</time><sat>28</sat></trkpt>
  <trkpt lat="30.28892928" lon="120.10289571"><ele>20.176</ele><time>2026-06-28T07:50:25Z</time><sat>30</sat></trkpt>
  <trkpt lat="30.28875630" lon="120.10294067"><ele>20.093</ele><time>2026-06-28T07:50:28Z</time><sat>29</sat></trkpt>
  <trkpt lat="30.28859244" lon="120.10298799"><ele>19.804</ele><time>2026-06-28T07:50:31Z</time><sat>27</sat></trkpt>
  <trkpt lat="30.28842400" lon="120.10303619"><ele>20.498</ele><time>2026-06-28T07:50:34Z</time><sat>22</sat></trkpt>
  <trkpt lat="30.28824475" lon="120.10308727"><ele>22.015</ele><time>2026-06-28T07:50:37Z</time><sat>23</sat></trkpt>
  <trkpt lat="30.28808572" lon="120.10313787"><ele>22.477</ele><time>2026-06-28T07:50:40Z</time><sat>23</sat></trkpt>
  <trkpt lat="30.28791902" lon="120.10317687"><ele>23.317</ele><time>2026-06-28T07:50:43Z</time><sat>20</sat></trkpt>
  <trkpt lat="30.28775305" lon="120.10320784"><ele>23.821</ele><time>2026-06-28T07:50:46Z</time><sat>19</sat></trkpt>
  <trkpt lat="30.28759443" lon="120.10325743"><ele>23.927</ele><time>2026-06-28T07:50:49Z</time><sat>21</sat></trkpt>
  <trkpt lat="30.28743834" lon="120.10332327"><ele>25.024</ele><time>2026-06-28T07:50:52Z</time><sat>20</sat></trkpt>
  <trkpt lat="30.28728331" lon="120.10337396"><ele>26.312</ele><time>2026-06-28T07:50:55Z</time><sat>19</sat></trkpt>
  <trkpt lat="30.28713468" lon="120.10342883"><ele>26.850</ele><time>2026-06-28T07:50:58Z</time><sat>17</sat></trkpt>
  <trkpt lat="30.28696836" lon="120.10345878"><ele>26.925</ele><time>2026-06-28T07:51:01Z</time><sat>17</sat></trkpt>
  <trkpt lat="30.28682437" lon="120.10349805"><ele>27.225</ele><time>2026-06-28T07:51:04Z</time><sat>19</sat></trkpt>
  <trkpt lat="30.28668136" lon="120.10353779"><ele>28.011</ele><time>2026-06-28T07:51:07Z</time><sat>20</sat></trkpt>
  <trkpt lat="30.28654589" lon="120.10357667"><ele>27.031</ele><time>2026-06-28T07:51:10Z</time><sat>20</sat></trkpt>
  <trkpt lat="30.28640596" lon="120.10362664"><ele>27.765</ele><time>2026-06-28T07:51:13Z</time><sat>24</sat></trkpt>
  <trkpt lat="30.28627022" lon="120.10366520"><ele>28.401</ele><time>2026-06-28T07:51:16Z</time><sat>23</sat></trkpt>
  <trkpt lat="30.28615181" lon="120.10370645"><ele>29.024</ele><time>2026-06-28T07:51:19Z</time><sat>20</sat></trkpt>
  <trkpt lat="30.28604672" lon="120.10372938"><ele>29.133</ele><time>2026-06-28T07:51:22Z</time><sat>20</sat></trkpt>
  <trkpt lat="30.28592419" lon="120.10376075"><ele>28.779</ele><time>2026-06-28T07:51:25Z</time><sat>20</sat></trkpt>
  <trkpt lat="30.28578049" lon="120.10380695"><ele>29.095</ele><time>2026-06-28T07:51:28Z</time><sat>22</sat></trkpt>
  <trkpt lat="30.28563579" lon="120.10385746"><ele>28.746</ele><time>2026-06-28T07:51:31Z</time><sat>24</sat></trkpt>
  <trkpt lat="30.28547380" lon="120.10388631"><ele>27.607</ele><time>2026-06-28T07:51:34Z</time><sat>22</sat></trkpt>
  <trkpt lat="30.28531044" lon="120.10391753"><ele>27.559</ele><time>2026-06-28T07:51:37Z</time><sat>21</sat></trkpt>
  <trkpt lat="30.28514317" lon="120.10394776"><ele>28.452</ele><time>2026-06-28T07:51:40Z</time><sat>20</sat></trkpt>
  <trkpt lat="30.28500280" lon="120.10398468"><ele>27.869</ele><time>2026-06-28T07:51:43Z</time><sat>22</sat></trkpt>
  <trkpt lat="30.28488662" lon="120.10402125"><ele>27.543</ele><time>2026-06-28T07:51:46Z</time><sat>24</sat></trkpt>
  <trkpt lat="30.28480040" lon="120.10404810"><ele>26.131</ele><time>2026-06-28T07:51:49Z</time><sat>21</sat></trkpt>
  <trkpt lat="30.28471578" lon="120.10408305"><ele>26.169</ele><time>2026-06-28T07:51:52Z</time><sat>25</sat></trkpt>
  <trkpt lat="30.28461001" lon="120.10410811"><ele>26.376</ele><time>2026-06-28T07:51:55Z</time><sat>26</sat></trkpt>
  <trkpt lat="30.28451471" lon="120.10412919"><ele>25.504</ele><time>2026-06-28T07:51:58Z</time><sat>24</sat></trkpt>
  <trkpt lat="30.28445272" lon="120.10415851"><ele>24.707</ele><time>2026-06-28T07:52:01Z</time><sat>23</sat></trkpt>
  <trkpt lat="30.28441944" lon="120.10416644"><ele>24.218</ele><time>2026-06-28T07:52:04Z</time><sat>25</sat></trkpt>
  <trkpt lat="30.28438397" lon="120.10417778"><ele>22.466</ele><time>2026-06-28T07:52:07Z</time><sat>24</sat></trkpt>
  <trkpt lat="30.28433570" lon="120.10421502"><ele>22.000</ele><time>2026-06-28T07:52:10Z</time><sat>28</sat></trkpt>
  <trkpt lat="30.28428682" lon="120.10429189"><ele>22.348</ele><time>2026-06-28T07:52:13Z</time><sat>31</sat></trkpt>
  <trkpt lat="30.28424584" lon="120.10439349"><ele>21.689</ele><time>2026-06-28T07:52:16Z</time><sat>29</sat></trkpt>
  <trkpt lat="30.28419350" lon="120.10451513"><ele>20.813</ele><time>2026-06-28T07:52:19Z</time><sat>25</sat></trkpt>
  <trkpt lat="30.28413748" lon="120.10465902"><ele>20.467</ele><time>2026-06-28T07:52:22Z</time><sat>24</sat></trkpt>
  <trkpt lat="30.28409773" lon="120.10483092"><ele>20.067</ele><time>2026-06-28T07:52:25Z</time><sat>27</sat></trkpt>
  <trkpt lat="30.28409427" lon="120.10500206"><ele>18.801</ele><time>2026-06-28T07:52:28Z</time><sat>26</sat></trkpt>
  <trkpt lat="30.28409186" lon="120.10518142"><ele>18.054</ele><time>2026-06-28T07:52:31Z</time><sat>27</sat></trkpt>
  <trkpt lat="30.28408419" lon="120.10534465"><ele>15.933</ele><time>2026-06-28T07:52:34Z</time><sat>19</sat></trkpt>
  <trkpt lat="30.28407766" lon="120.10552081"><ele>15.533</ele><time>2026-06-28T07:52:37Z</time><sat>19</sat></trkpt>
  <trkpt lat="30.28408168" lon="120.10569800"><ele>15.085</ele><time>2026-06-28T07:52:40Z</time><sat>20</sat></trkpt>
  <trkpt lat="30.28409272" lon="120.10586549"><ele>14.548</ele><time>2026-06-28T07:52:43Z</time><sat>21</sat></trkpt>
  <trkpt lat="30.28409785" lon="120.10603967"><ele>14.040</ele><time>2026-06-28T07:52:46Z</time><sat>19</sat></trkpt>
  <trkpt lat="30.28412509" lon="120.10624704"><ele>15.024</ele><time>2026-06-28T07:52:49Z</time><sat>13</sat></trkpt>
  <trkpt lat="30.28409824" lon="120.10641737"><ele>14.246</ele><time>2026-06-28T07:52:52Z</time><sat>14</sat></trkpt>
  <trkpt lat="30.28407104" lon="120.10659490"><ele>13.629</ele><time>2026-06-28T07:52:55Z</time><sat>18</sat></trkpt>
  <trkpt lat="30.28406663" lon="120.10674153"><ele>12.862</ele><time>2026-06-28T07:52:58Z</time><sat>13</sat></trkpt>
  <trkpt lat="30.28411742" lon="120.10688866"><ele>14.492</ele><time>2026-06-28T07:53:01Z</time><sat>12</sat></trkpt>
  <trkpt lat="30.28412863" lon="120.10704358"><ele>15.343</ele><time>2026-06-28T07:53:04Z</time><sat>16</sat></trkpt>
  <trkpt lat="30.28411274" lon="120.10722379"><ele>16.110</ele><time>2026-06-28T07:53:07Z</time><sat>17</sat></trkpt>
  <trkpt lat="30.28411213" lon="120.10736349"><ele>15.211</ele><time>2026-06-28T07:53:10Z</time><sat>19</sat></trkpt>
  <trkpt lat="30.28413602" lon="120.10746510"><ele>15.079</ele><time>2026-06-28T07:53:13Z</time><sat>12</sat></trkpt>
  <trkpt lat="30.28411782" lon="120.10762511"><ele>15.636</ele><time>2026-06-28T07:53:16Z</time><sat>9</sat></trkpt>
  <trkpt lat="30.28413298" lon="120.10775340"><ele>15.322</ele><time>2026-06-28T07:53:19Z</time><sat>14</sat></trkpt>
  <trkpt lat="30.28412856" lon="120.10789702"><ele>14.186</ele><time>2026-06-28T07:53:22Z</time><sat>15</sat></trkpt>
  <trkpt lat="30.28413007" lon="120.10803641"><ele>13.087</ele><time>2026-06-28T07:53:25Z</time><sat>11</sat></trkpt>
  <trkpt lat="30.28412982" lon="120.10818168"><ele>12.652</ele><time>2026-06-28T07:53:28Z</time><sat>9</sat></trkpt>
  <trkpt lat="30.28415101" lon="120.10834497"><ele>14.230</ele><time>2026-06-28T07:53:31Z</time><sat>10</sat></trkpt>
  <trkpt lat="30.28414435" lon="120.10847317"><ele>12.531</ele><time>2026-06-28T07:53:34Z</time><sat>10</sat></trkpt>
  <trkpt lat="30.28414872" lon="120.10858968"><ele>10.572</ele><time>2026-06-28T07:53:37Z</time><sat>8</sat></trkpt>
  <trkpt lat="30.28415173" lon="120.10871987"><ele>8.124</ele><time>2026-06-28T07:53:40Z</time><sat>9</sat></trkpt>
  <trkpt lat="30.28415815" lon="120.10886242"><ele>7.294</ele><time>2026-06-28T07:53:43Z</time><sat>11</sat></trkpt>
  <trkpt lat="30.28415326" lon="120.10909673"><ele>12.532</ele><time>2026-06-28T07:53:46Z</time><sat>10</sat></trkpt>
  <trkpt lat="30.28416399" lon="120.10922278"><ele>11.873</ele><time>2026-06-28T07:53:49Z</time><sat>12</sat></trkpt>
  <trkpt lat="30.28411839" lon="120.10929642"><ele>9.662</ele><time>2026-06-28T07:53:52Z</time><sat>15</sat></trkpt>
  <trkpt lat="30.28402832" lon="120.10933976"><ele>9.112</ele><time>2026-06-28T07:53:55Z</time><sat>18</sat></trkpt>
  <trkpt lat="30.28392066" lon="120.10937081"><ele>9.744</ele><time>2026-06-28T07:53:58Z</time><sat>21</sat></trkpt>
  <trkpt lat="30.28380873" lon="120.10936176"><ele>14.393</ele><time>2026-06-28T07:54:01Z</time><sat>16</sat></trkpt>
  <trkpt lat="30.28368912" lon="120.10934547"><ele>18.345</ele><time>2026-06-28T07:54:04Z</time><sat>18</sat></trkpt>
  <trkpt lat="30.28357149" lon="120.10933563"><ele>18.055</ele><time>2026-06-28T07:54:07Z</time><sat>22</sat></trkpt>
  <trkpt lat="30.28347362" lon="120.10933769"><ele>20.299</ele><time>2026-06-28T07:54:10Z</time><sat>23</sat></trkpt>
  <trkpt lat="30.28341364" lon="120.10935143"><ele>22.270</ele><time>2026-06-28T07:54:13Z</time><sat>23</sat></trkpt>
  <trkpt lat="30.28332983" lon="120.10935866"><ele>23.119</ele><time>2026-06-28T07:54:16Z</time><sat>23</sat></trkpt>
  <trkpt lat="30.28323640" lon="120.10936073"><ele>22.868</ele><time>2026-06-28T07:54:19Z</time><sat>23</sat></trkpt>
  <trkpt lat="30.28313937" lon="120.10936852"><ele>24.454</ele><time>2026-06-28T07:54:22Z</time><sat>20</sat></trkpt>
  <trkpt lat="30.28304102" lon="120.10937003"><ele>25.256</ele><time>2026-06-28T07:54:25Z</time><sat>20</sat></trkpt>
  <trkpt lat="30.28293673" lon="120.10936276"><ele>25.949</ele><time>2026-06-28T07:54:28Z</time><sat>18</sat></trkpt>
  <trkpt lat="30.28281963" lon="120.10936190"><ele>29.350</ele><time>2026-06-28T07:54:31Z</time><sat>18</sat></trkpt>
  <trkpt lat="30.28270770" lon="120.10935524"><ele>28.028</ele><time>2026-06-28T07:54:34Z</time><sat>21</sat></trkpt>
  <trkpt lat="30.28259084" lon="120.10934193"><ele>28.996</ele><time>2026-06-28T07:54:37Z</time><sat>20</sat></trkpt>
  <trkpt lat="30.28246476" lon="120.10932489"><ele>30.044</ele><time>2026-06-28T07:54:40Z</time><sat>21</sat></trkpt>
  <trkpt lat="30.28234214" lon="120.10932530"><ele>31.823</ele><time>2026-06-28T07:54:43Z</time><sat>22</sat></trkpt>
  <trkpt lat="30.28227100" lon="120.10928713"><ele>33.593</ele><time>2026-06-28T07:54:46Z</time><sat>25</sat></trkpt>
  <trkpt lat="30.28207786" lon="120.10920470"><ele>34.576</ele><time>2026-06-28T07:54:49Z</time><sat>26</sat></trkpt>
  <trkpt lat="30.28195479" lon="120.10934175"><ele>32.800</ele><time>2026-06-28T07:54:53Z</time><sat>31</sat></trkpt>
  <trkpt lat="30.28183175" lon="120.10940953"><ele>32.591</ele><time>2026-06-28T07:54:56Z</time><sat>32</sat></trkpt>
  <trkpt lat="30.28172651" lon="120.10941802"><ele>31.730</ele><time>2026-06-28T07:54:59Z</time><sat>31</sat></trkpt>
  <trkpt lat="30.28160185" lon="120.10940359"><ele>33.423</ele><time>2026-06-28T07:55:02Z</time><sat>31</sat></trkpt>
  <trkpt lat="30.28130559" lon="120.10954891"><ele>28.795</ele><time>2026-06-28T07:55:12Z</time><sat>33</sat></trkpt>
  <trkpt lat="30.28119965" lon="120.10959651"><ele>27.174</ele><time>2026-06-28T07:55:15Z</time><sat>34</sat></trkpt>
  <trkpt lat="30.28109536" lon="120.10962423"><ele>26.014</ele><time>2026-06-28T07:55:18Z</time><sat>35</sat></trkpt>
  <trkpt lat="30.28100511" lon="120.10966666"><ele>23.875</ele><time>2026-06-28T07:55:21Z</time><sat>37</sat></trkpt>
  <trkpt lat="30.28091705" lon="120.10972725"><ele>24.152</ele><time>2026-06-28T07:55:24Z</time><sat>36</sat></trkpt>
  <trkpt lat="30.28083648" lon="120.10982379"><ele>23.722</ele><time>2026-06-28T07:55:27Z</time><sat>37</sat></trkpt>
  <trkpt lat="30.28075647" lon="120.10986999"><ele>22.496</ele><time>2026-06-28T07:55:30Z</time><sat>35</sat></trkpt>
  <trkpt lat="30.28069798" lon="120.10989907"><ele>21.264</ele><time>2026-06-28T07:55:33Z</time><sat>36</sat></trkpt>
  <trkpt lat="30.28063948" lon="120.10993906"><ele>20.263</ele><time>2026-06-28T07:55:36Z</time><sat>35</sat></trkpt>
  <trkpt lat="30.28055960" lon="120.10996789"><ele>20.909</ele><time>2026-06-28T07:55:39Z</time><sat>35</sat></trkpt>
  <trkpt lat="30.28048241" lon="120.10999246"><ele>21.063</ele><time>2026-06-28T07:55:42Z</time><sat>36</sat></trkpt>
  <trkpt lat="30.28041504" lon="120.11006809"><ele>21.242</ele><time>2026-06-28T07:55:45Z</time><sat>36</sat></trkpt>
  <trkpt lat="30.28035430" lon="120.11010669"><ele>23.389</ele><time>2026-06-28T07:55:48Z</time><sat>35</sat></trkpt>
  <trkpt lat="30.28026493" lon="120.11014978"><ele>21.821</ele><time>2026-06-28T07:55:51Z</time><sat>34</sat></trkpt>
  <trkpt lat="30.28019342" lon="120.11020824"><ele>21.293</ele><time>2026-06-28T07:55:54Z</time><sat>36</sat></trkpt>
  <trkpt lat="30.28011278" lon="120.11027853"><ele>24.789</ele><time>2026-06-28T07:55:57Z</time><sat>35</sat></trkpt>
  <trkpt lat="30.28006777" lon="120.11030892"><ele>25.243</ele><time>2026-06-28T07:56:00Z</time><sat>35</sat></trkpt>
  <trkpt lat="30.27999421" lon="120.11036944"><ele>27.545</ele><time>2026-06-28T07:56:03Z</time><sat>35</sat></trkpt>
  <trkpt lat="30.27988400" lon="120.11045334"><ele>24.552</ele><time>2026-06-28T07:56:08Z</time><sat>35</sat></trkpt>
  <trkpt lat="30.27985282" lon="120.11050600"><ele>21.718</ele><time>2026-06-28T07:56:11Z</time><sat>35</sat></trkpt>
  <trkpt lat="30.27979996" lon="120.11055784"><ele>21.927</ele><time>2026-06-28T07:56:14Z</time><sat>35</sat></trkpt>
  <trkpt lat="30.27975067" lon="120.11059644"><ele>22.818</ele><time>2026-06-28T07:56:17Z</time><sat>35</sat></trkpt>
  <trkpt lat="30.27969751" lon="120.11061912"><ele>19.411</ele><time>2026-06-28T07:56:20Z</time><sat>35</sat></trkpt>
  <trkpt lat="30.27961525" lon="120.11064549"><ele>19.513</ele><time>2026-06-28T07:56:23Z</time><sat>35</sat></trkpt>
  <trkpt lat="30.27952359" lon="120.11067583"><ele>16.350</ele><time>2026-06-28T07:56:26Z</time><sat>35</sat></trkpt>
  <trkpt lat="30.27943615" lon="120.11071744"><ele>15.785</ele><time>2026-06-28T07:56:29Z</time><sat>35</sat></trkpt>
  <trkpt lat="30.27933386" lon="120.11077070"><ele>14.922</ele><time>2026-06-28T07:56:32Z</time><sat>35</sat></trkpt>
  <trkpt lat="30.27923052" lon="120.11082744"><ele>14.860</ele><time>2026-06-28T07:56:35Z</time><sat>35</sat></trkpt>
  <trkpt lat="30.27913149" lon="120.11088269"><ele>16.018</ele><time>2026-06-28T07:56:38Z</time><sat>35</sat></trkpt>
  <trkpt lat="30.27904036" lon="120.11092029"><ele>16.622</ele><time>2026-06-28T07:56:41Z</time><sat>35</sat></trkpt>
  <trkpt lat="30.27896447" lon="120.11094317"><ele>17.010</ele><time>2026-06-28T07:56:44Z</time><sat>35</sat></trkpt>
  <trkpt lat="30.27890281" lon="120.11096316"><ele>17.636</ele><time>2026-06-28T07:56:47Z</time><sat>35</sat></trkpt>
  <trkpt lat="30.27883501" lon="120.11098869"><ele>18.059</ele><time>2026-06-28T07:56:50Z</time><sat>35</sat></trkpt>
  <trkpt lat="30.27876381" lon="120.11105224"><ele>18.439</ele><time>2026-06-28T07:56:53Z</time><sat>35</sat></trkpt>
  <trkpt lat="30.27873371" lon="120.11114388"><ele>18.505</ele><time>2026-06-28T07:56:56Z</time><sat>35</sat></trkpt>
  <trkpt lat="30.27870394" lon="120.11118871"><ele>18.603</ele><time>2026-06-28T07:56:59Z</time><sat>35</sat></trkpt>
  <trkpt lat="30.27871065" lon="120.11119220"><ele>18.754</ele><time>2026-06-28T07:57:02Z</time><sat>34</sat></trkpt>
  <trkpt lat="30.27871039" lon="120.11118925"><ele>19.294</ele><time>2026-06-28T07:57:05Z</time><sat>35</sat></trkpt>
  <trkpt lat="30.27871109" lon="120.11119031"><ele>19.328</ele><time>2026-06-28T07:57:08Z</time><sat>36</sat></trkpt>
  <trkpt lat="30.27871098" lon="120.11119692"><ele>18.990</ele><time>2026-06-28T07:57:12Z</time><sat>36</sat></trkpt>
  <trkpt lat="30.27870804" lon="120.11119612"><ele>18.888</ele><time>2026-06-28T07:57:15Z</time><sat>36</sat></trkpt>
  <trkpt lat="30.27870612" lon="120.11119477"><ele>19.024</ele><time>2026-06-28T07:57:18Z</time><sat>38</sat></trkpt>
  <trkpt lat="30.27870566" lon="120.11119451"><ele>19.043</ele><time>2026-06-28T07:57:21Z</time><sat>38</sat></trkpt>
  <trkpt lat="30.27870499" lon="120.11119360"><ele>19.408</ele><time>2026-06-28T07:57:24Z</time><sat>38</sat></trkpt>
  <trkpt lat="30.27868364" lon="120.11119321"><ele>19.019</ele><time>2026-06-28T07:57:27Z</time><sat>39</sat></trkpt>
  <trkpt lat="30.27865934" lon="120.11119438"><ele>19.527</ele><time>2026-06-28T07:57:30Z</time><sat>39</sat></trkpt>
  <trkpt lat="30.27860706" lon="120.11120164"><ele>19.777</ele><time>2026-06-28T07:57:33Z</time><sat>40</sat></trkpt>
  <trkpt lat="30.27854535" lon="120.11122946"><ele>18.887</ele><time>2026-06-28T07:57:36Z</time><sat>40</sat></trkpt>
  <trkpt lat="30.27847398" lon="120.11125953"><ele>17.686</ele><time>2026-06-28T07:57:39Z</time><sat>40</sat></trkpt>
  <trkpt lat="30.27839883" lon="120.11130876"><ele>17.084</ele><time>2026-06-28T07:57:42Z</time><sat>40</sat></trkpt>
  <trkpt lat="30.27836864" lon="120.11139373"><ele>16.210</ele><time>2026-06-28T07:57:45Z</time><sat>40</sat></trkpt>
  <trkpt lat="30.27836836" lon="120.11149057"><ele>15.163</ele><time>2026-06-28T07:57:48Z</time><sat>40</sat></trkpt>
  <trkpt lat="30.27837486" lon="120.11158685"><ele>14.147</ele><time>2026-06-28T07:57:51Z</time><sat>40</sat></trkpt>
  <trkpt lat="30.27837889" lon="120.11168587"><ele>13.545</ele><time>2026-06-28T07:57:54Z</time><sat>41</sat></trkpt>
  <trkpt lat="30.27838400" lon="120.11178628"><ele>13.081</ele><time>2026-06-28T07:57:57Z</time><sat>41</sat></trkpt>
  <trkpt lat="30.27838550" lon="120.11188504"><ele>13.006</ele><time>2026-06-28T07:58:00Z</time><sat>41</sat></trkpt>
  <trkpt lat="30.27838731" lon="120.11198608"><ele>12.650</ele><time>2026-06-28T07:58:03Z</time><sat>41</sat></trkpt>
  <trkpt lat="30.27839223" lon="120.11209055"><ele>12.385</ele><time>2026-06-28T07:58:06Z</time><sat>40</sat></trkpt>
  <trkpt lat="30.27841215" lon="120.11219716"><ele>12.706</ele><time>2026-06-28T07:58:09Z</time><sat>41</sat></trkpt>
  <trkpt lat="30.27842807" lon="120.11230355"><ele>13.638</ele><time>2026-06-28T07:58:12Z</time><sat>39</sat></trkpt>
  <trkpt lat="30.27844155" lon="120.11241306"><ele>14.369</ele><time>2026-06-28T07:58:15Z</time><sat>37</sat></trkpt>
  <trkpt lat="30.27843991" lon="120.11252424"><ele>14.281</ele><time>2026-06-28T07:58:18Z</time><sat>38</sat></trkpt>
  <trkpt lat="30.27843776" lon="120.11263834"><ele>14.342</ele><time>2026-06-28T07:58:21Z</time><sat>38</sat></trkpt>
  <trkpt lat="30.27844120" lon="120.11275642"><ele>14.246</ele><time>2026-06-28T07:58:24Z</time><sat>39</sat></trkpt>
  <trkpt lat="30.27844116" lon="120.11287645"><ele>13.671</ele><time>2026-06-28T07:58:27Z</time><sat>41</sat></trkpt>
  <trkpt lat="30.27844228" lon="120.11300209"><ele>13.121</ele><time>2026-06-28T07:58:30Z</time><sat>40</sat></trkpt>
  <trkpt lat="30.27844271" lon="120.11311700"><ele>11.107</ele><time>2026-06-28T07:58:33Z</time><sat>40</sat></trkpt>
  <trkpt lat="30.27844244" lon="120.11323653"><ele>10.644</ele><time>2026-06-28T07:58:36Z</time><sat>40</sat></trkpt>
  <trkpt lat="30.27844207" lon="120.11335581"><ele>8.915</ele><time>2026-06-28T07:58:39Z</time><sat>40</sat></trkpt>
  <trkpt lat="30.27844654" lon="120.11347220"><ele>8.032</ele><time>2026-06-28T07:58:42Z</time><sat>40</sat></trkpt>
  <trkpt lat="30.27845196" lon="120.11357753"><ele>6.607</ele><time>2026-06-28T07:58:45Z</time><sat>40</sat></trkpt>
  <trkpt lat="30.27845252" lon="120.11368310"><ele>6.540</ele><time>2026-06-28T07:58:48Z</time><sat>40</sat></trkpt>
  <trkpt lat="30.27844994" lon="120.11377981"><ele>6.367</ele><time>2026-06-28T07:58:51Z</time><sat>40</sat></trkpt>
  <trkpt lat="30.27843803" lon="120.11386749"><ele>6.451</ele><time>2026-06-28T07:58:54Z</time><sat>39</sat></trkpt>
  <trkpt lat="30.27842580" lon="120.11395598"><ele>7.143</ele><time>2026-06-28T07:58:57Z</time><sat>39</sat></trkpt>
  <trkpt lat="30.27841540" lon="120.11404548"><ele>7.799</ele><time>2026-06-28T07:59:00Z</time><sat>38</sat></trkpt>
  <trkpt lat="30.27841514" lon="120.11413336"><ele>8.399</ele><time>2026-06-28T07:59:03Z</time><sat>39</sat></trkpt>
  <trkpt lat="30.27841781" lon="120.11422276"><ele>9.037</ele><time>2026-06-28T07:59:06Z</time><sat>39</sat></trkpt>
  <trkpt lat="30.27841935" lon="120.11430941"><ele>9.676</ele><time>2026-06-28T07:59:09Z</time><sat>39</sat></trkpt>
  <trkpt lat="30.27842024" lon="120.11439226"><ele>10.179</ele><time>2026-06-28T07:59:12Z</time><sat>39</sat></trkpt>
  <trkpt lat="30.27841959" lon="120.11447562"><ele>10.388</ele><time>2026-06-28T07:59:15Z</time><sat>39</sat></trkpt>
  <trkpt lat="30.27842083" lon="120.11456889"><ele>10.942</ele><time>2026-06-28T07:59:18Z</time><sat>39</sat></trkpt>
  <trkpt lat="30.27842469" lon="120.11468253"><ele>11.396</ele><time>2026-06-28T07:59:21Z</time><sat>39</sat></trkpt>
  <trkpt lat="30.27842980" lon="120.11481362"><ele>11.336</ele><time>2026-06-28T07:59:24Z</time><sat>39</sat></trkpt>
  <trkpt lat="30.27843681" lon="120.11495246"><ele>11.402</ele><time>2026-06-28T07:59:27Z</time><sat>39</sat></trkpt>
  <trkpt lat="30.27845069" lon="120.11510080"><ele>10.967</ele><time>2026-06-28T07:59:30Z</time><sat>39</sat></trkpt>
  <trkpt lat="30.27847245" lon="120.11524948"><ele>11.204</ele><time>2026-06-28T07:59:33Z</time><sat>39</sat></trkpt>
  <trkpt lat="30.27847592" lon="120.11542762"><ele>11.060</ele><time>2026-06-28T07:59:36Z</time><sat>39</sat></trkpt>
  <trkpt lat="30.27849425" lon="120.11557757"><ele>10.060</ele><time>2026-06-28T07:59:39Z</time><sat>39</sat></trkpt>
  <trkpt lat="30.27849764" lon="120.11572656"><ele>9.677</ele><time>2026-06-28T07:59:42Z</time><sat>39</sat></trkpt>
  <trkpt lat="30.27848286" lon="120.11588781"><ele>9.202</ele><time>2026-06-28T07:59:45Z</time><sat>39</sat></trkpt>
  <trkpt lat="30.27849431" lon="120.11603093"><ele>9.363</ele><time>2026-06-28T07:59:48Z</time><sat>39</sat></trkpt>
  <trkpt lat="30.27850489" lon="120.11616795"><ele>9.540</ele><time>2026-06-28T07:59:51Z</time><sat>39</sat></trkpt>
  <trkpt lat="30.27853012" lon="120.11629791"><ele>10.602</ele><time>2026-06-28T07:59:54Z</time><sat>39</sat></trkpt>
  <trkpt lat="30.27854824" lon="120.11642401"><ele>10.814</ele><time>2026-06-28T07:59:57Z</time><sat>39</sat></trkpt>
  <trkpt lat="30.27855178" lon="120.11654069"><ele>10.694</ele><time>2026-06-28T08:00:00Z</time><sat>39</sat></trkpt>
  <trkpt lat="30.27855969" lon="120.11665594"><ele>9.883</ele><time>2026-06-28T08:00:03Z</time><sat>39</sat></trkpt>
  <trkpt lat="30.27855932" lon="120.11676806"><ele>9.036</ele><time>2026-06-28T08:00:06Z</time><sat>39</sat></trkpt>
  <trkpt lat="30.27855929" lon="120.11688703"><ele>8.239</ele><time>2026-06-28T08:00:09Z</time><sat>39</sat></trkpt>
  <trkpt lat="30.27856470" lon="120.11699905"><ele>7.988</ele><time>2026-06-28T08:00:12Z</time><sat>39</sat></trkpt>
  <trkpt lat="30.27855813" lon="120.11710153"><ele>10.258</ele><time>2026-06-28T08:00:15Z</time><sat>39</sat></trkpt>
  <trkpt lat="30.27854209" lon="120.11720345"><ele>9.697</ele><time>2026-06-28T08:00:18Z</time><sat>39</sat></trkpt>
  <trkpt lat="30.27854763" lon="120.11730046"><ele>9.385</ele><time>2026-06-28T08:00:21Z</time><sat>39</sat></trkpt>
  <trkpt lat="30.27855128" lon="120.11739469"><ele>10.333</ele><time>2026-06-28T08:00:24Z</time><sat>39</sat></trkpt>
  <trkpt lat="30.27855741" lon="120.11749275"><ele>11.011</ele><time>2026-06-28T08:00:27Z</time><sat>39</sat></trkpt>
  <trkpt lat="30.27856178" lon="120.11759337"><ele>13.005</ele><time>2026-06-28T08:00:30Z</time><sat>39</sat></trkpt>
  <trkpt lat="30.27856694" lon="120.11769148"><ele>12.877</ele><time>2026-06-28T08:00:33Z</time><sat>37</sat></trkpt>
  <trkpt lat="30.27858378" lon="120.11779429"><ele>12.215</ele><time>2026-06-28T08:00:36Z</time><sat>35</sat></trkpt>
  <trkpt lat="30.27859947" lon="120.11789840"><ele>11.555</ele><time>2026-06-28T08:00:39Z</time><sat>36</sat></trkpt>
  <trkpt lat="30.27861153" lon="120.11800731"><ele>10.846</ele><time>2026-06-28T08:00:42Z</time><sat>36</sat></trkpt>
  <trkpt lat="30.27862078" lon="120.11811330"><ele>10.400</ele><time>2026-06-28T08:00:45Z</time><sat>38</sat></trkpt>
  <trkpt lat="30.27862985" lon="120.11821735"><ele>9.848</ele><time>2026-06-28T08:00:48Z</time><sat>38</sat></trkpt>
  <trkpt lat="30.27863112" lon="120.11831108"><ele>9.419</ele><time>2026-06-28T08:00:51Z</time><sat>37</sat></trkpt>
  <trkpt lat="30.27862679" lon="120.11840896"><ele>9.792</ele><time>2026-06-28T08:00:54Z</time><sat>37</sat></trkpt>
  <trkpt lat="30.27862333" lon="120.11850098"><ele>10.119</ele><time>2026-06-28T08:00:57Z</time><sat>37</sat></trkpt>
  <trkpt lat="30.27861511" lon="120.11858920"><ele>11.092</ele><time>2026-06-28T08:01:00Z</time><sat>37</sat></trkpt>
  <trkpt lat="30.27861702" lon="120.11866567"><ele>11.630</ele><time>2026-06-28T08:01:03Z</time><sat>37</sat></trkpt>
  <trkpt lat="30.27862192" lon="120.11873614"><ele>11.964</ele><time>2026-06-28T08:01:06Z</time><sat>37</sat></trkpt>
  <trkpt lat="30.27862533" lon="120.11880219"><ele>12.484</ele><time>2026-06-28T08:01:09Z</time><sat>37</sat></trkpt>
  <trkpt lat="30.27862921" lon="120.11886890"><ele>12.809</ele><time>2026-06-28T08:01:12Z</time><sat>37</sat></trkpt>
  <trkpt lat="30.27862656" lon="120.11894450"><ele>12.966</ele><time>2026-06-28T08:01:15Z</time><sat>37</sat></trkpt>
  <trkpt lat="30.27863629" lon="120.11902208"><ele>13.069</ele><time>2026-06-28T08:01:18Z</time><sat>37</sat></trkpt>
  <trkpt lat="30.27864322" lon="120.11910512"><ele>13.230</ele><time>2026-06-28T08:01:21Z</time><sat>37</sat></trkpt>
  <trkpt lat="30.27864497" lon="120.11919500"><ele>13.184</ele><time>2026-06-28T08:01:24Z</time><sat>37</sat></trkpt>
  <trkpt lat="30.27864783" lon="120.11927981"><ele>13.061</ele><time>2026-06-28T08:01:27Z</time><sat>37</sat></trkpt>
  <trkpt lat="30.27863731" lon="120.11936578"><ele>13.513</ele><time>2026-06-28T08:01:30Z</time><sat>37</sat></trkpt>
  <trkpt lat="30.27861938" lon="120.11945955"><ele>13.926</ele><time>2026-06-28T08:01:33Z</time><sat>37</sat></trkpt>
  <trkpt lat="30.27855292" lon="120.11951709"><ele>16.436</ele><time>2026-06-28T08:01:36Z</time><sat>38</sat></trkpt>
  <trkpt lat="30.27845870" lon="120.11951325"><ele>16.320</ele><time>2026-06-28T08:01:39Z</time><sat>39</sat></trkpt>
  <trkpt lat="30.27836761" lon="120.11951229"><ele>18.642</ele><time>2026-06-28T08:01:42Z</time><sat>36</sat></trkpt>
  <trkpt lat="30.27830720" lon="120.11952261"><ele>20.110</ele><time>2026-06-28T08:01:45Z</time><sat>36</sat></trkpt>
  <trkpt lat="30.27825771" lon="120.11952720"><ele>23.426</ele><time>2026-06-28T08:01:48Z</time><sat>35</sat></trkpt>
  <trkpt lat="30.27817209" lon="120.11953497"><ele>23.298</ele><time>2026-06-28T08:01:51Z</time><sat>37</sat></trkpt>
  <trkpt lat="30.27809976" lon="120.11954062"><ele>25.167</ele><time>2026-06-28T08:01:54Z</time><sat>38</sat></trkpt>
  <trkpt lat="30.27804265" lon="120.11954487"><ele>23.718</ele><time>2026-06-28T08:01:57Z</time><sat>38</sat></trkpt>
  <trkpt lat="30.27796019" lon="120.11955386"><ele>22.838</ele><time>2026-06-28T08:02:00Z</time><sat>38</sat></trkpt>
  <trkpt lat="30.27787917" lon="120.11956177"><ele>23.591</ele><time>2026-06-28T08:02:03Z</time><sat>37</sat></trkpt>
  <trkpt lat="30.27780040" lon="120.11956896"><ele>23.301</ele><time>2026-06-28T08:02:06Z</time><sat>37</sat></trkpt>
  <trkpt lat="30.27772971" lon="120.11957417"><ele>23.266</ele><time>2026-06-28T08:02:09Z</time><sat>34</sat></trkpt>
  <trkpt lat="30.27765786" lon="120.11958039"><ele>23.010</ele><time>2026-06-28T08:02:12Z</time><sat>36</sat></trkpt>
  <trkpt lat="30.27758171" lon="120.11958878"><ele>22.826</ele><time>2026-06-28T08:02:15Z</time><sat>36</sat></trkpt>
  <trkpt lat="30.27751525" lon="120.11959589"><ele>23.345</ele><time>2026-06-28T08:02:18Z</time><sat>37</sat></trkpt>
  <trkpt lat="30.27743282" lon="120.11960374"><ele>23.064</ele><time>2026-06-28T08:02:21Z</time><sat>39</sat></trkpt>
  <trkpt lat="30.27736032" lon="120.11961408"><ele>23.997</ele><time>2026-06-28T08:02:24Z</time><sat>39</sat></trkpt>
  <trkpt lat="30.27727673" lon="120.11961963"><ele>24.183</ele><time>2026-06-28T08:02:27Z</time><sat>37</sat></trkpt>
  <trkpt lat="30.27718871" lon="120.11962699"><ele>24.610</ele><time>2026-06-28T08:02:30Z</time><sat>36</sat></trkpt>
  <trkpt lat="30.27710307" lon="120.11963622"><ele>25.334</ele><time>2026-06-28T08:02:33Z</time><sat>36</sat></trkpt>
  <trkpt lat="30.27703148" lon="120.11964845"><ele>23.731</ele><time>2026-06-28T08:02:36Z</time><sat>36</sat></trkpt>
  <trkpt lat="30.27693949" lon="120.11966118"><ele>23.435</ele><time>2026-06-28T08:02:39Z</time><sat>36</sat></trkpt>
  <trkpt lat="30.27685648" lon="120.11966711"><ele>23.172</ele><time>2026-06-28T08:02:42Z</time><sat>36</sat></trkpt>
  <trkpt lat="30.27678774" lon="120.11967139"><ele>20.780</ele><time>2026-06-28T08:02:45Z</time><sat>35</sat></trkpt>
  <trkpt lat="30.27673083" lon="120.11967235"><ele>19.120</ele><time>2026-06-28T08:02:48Z</time><sat>35</sat></trkpt>
  <trkpt lat="30.27668593" lon="120.11967171"><ele>17.942</ele><time>2026-06-28T08:02:51Z</time><sat>36</sat></trkpt>
  <trkpt lat="30.27665723" lon="120.11967295"><ele>17.520</ele><time>2026-06-28T08:02:54Z</time><sat>37</sat></trkpt>
  <trkpt lat="30.27665670" lon="120.11967409"><ele>16.375</ele><time>2026-06-28T08:02:57Z</time><sat>37</sat></trkpt>
  <trkpt lat="30.27665306" lon="120.11967674"><ele>16.067</ele><time>2026-06-28T08:03:00Z</time><sat>37</sat></trkpt>
  <trkpt lat="30.27661223" lon="120.11967430"><ele>16.053</ele><time>2026-06-28T08:03:03Z</time><sat>37</sat></trkpt>
  <trkpt lat="30.27656001" lon="120.11967574"><ele>15.958</ele><time>2026-06-28T08:03:06Z</time><sat>35</sat></trkpt>
  <trkpt lat="30.27650112" lon="120.11968548"><ele>16.014</ele><time>2026-06-28T08:03:09Z</time><sat>36</sat></trkpt>
  <trkpt lat="30.27643488" lon="120.11969950"><ele>15.943</ele><time>2026-06-28T08:03:12Z</time><sat>35</sat></trkpt>
  <trkpt lat="30.27636448" lon="120.11970806"><ele>15.936</ele><time>2026-06-28T08:03:15Z</time><sat>37</sat></trkpt>
  <trkpt lat="30.27629195" lon="120.11971769"><ele>16.420</ele><time>2026-06-28T08:03:18Z</time><sat>37</sat></trkpt>
  <trkpt lat="30.27621317" lon="120.11971931"><ele>16.363</ele><time>2026-06-28T08:03:21Z</time><sat>37</sat></trkpt>
  <trkpt lat="30.27613352" lon="120.11972533"><ele>16.243</ele><time>2026-06-28T08:03:24Z</time><sat>38</sat></trkpt>
  <trkpt lat="30.27604688" lon="120.11973188"><ele>16.301</ele><time>2026-06-28T08:03:27Z</time><sat>38</sat></trkpt>
  <trkpt lat="30.27596098" lon="120.11974032"><ele>17.219</ele><time>2026-06-28T08:03:30Z</time><sat>38</sat></trkpt>
  <trkpt lat="30.27588003" lon="120.11974522"><ele>16.970</ele><time>2026-06-28T08:03:33Z</time><sat>38</sat></trkpt>
  <trkpt lat="30.27580484" lon="120.11975460"><ele>17.603</ele><time>2026-06-28T08:03:36Z</time><sat>38</sat></trkpt>
  <trkpt lat="30.27575616" lon="120.11975626"><ele>17.861</ele><time>2026-06-28T08:03:39Z</time><sat>38</sat></trkpt>
  <trkpt lat="30.27570060" lon="120.11976220"><ele>18.551</ele><time>2026-06-28T08:03:42Z</time><sat>40</sat></trkpt>
  <trkpt lat="30.27562181" lon="120.11976930"><ele>18.748</ele><time>2026-06-28T08:03:45Z</time><sat>40</sat></trkpt>
  <trkpt lat="30.27553856" lon="120.11977182"><ele>19.429</ele><time>2026-06-28T08:03:48Z</time><sat>40</sat></trkpt>
  <trkpt lat="30.27545227" lon="120.11977309"><ele>19.657</ele><time>2026-06-28T08:03:51Z</time><sat>42</sat></trkpt>
  <trkpt lat="30.27536687" lon="120.11978748"><ele>20.174</ele><time>2026-06-28T08:03:54Z</time><sat>42</sat></trkpt>
  <trkpt lat="30.27528243" lon="120.11980716"><ele>20.525</ele><time>2026-06-28T08:03:57Z</time><sat>40</sat></trkpt>
  <trkpt lat="30.27519528" lon="120.11980881"><ele>21.260</ele><time>2026-06-28T08:04:00Z</time><sat>39</sat></trkpt>
  <trkpt lat="30.27510693" lon="120.11981451"><ele>21.851</ele><time>2026-06-28T08:04:03Z</time><sat>40</sat></trkpt>
  <trkpt lat="30.27502259" lon="120.11982105"><ele>21.933</ele><time>2026-06-28T08:04:06Z</time><sat>40</sat></trkpt>
  <trkpt lat="30.27493669" lon="120.11982548"><ele>21.561</ele><time>2026-06-28T08:04:09Z</time><sat>40</sat></trkpt>
  <trkpt lat="30.27486160" lon="120.11982642"><ele>21.909</ele><time>2026-06-28T08:04:12Z</time><sat>40</sat></trkpt>
  <trkpt lat="30.27480297" lon="120.11982474"><ele>22.439</ele><time>2026-06-28T08:04:15Z</time><sat>38</sat></trkpt>
  <trkpt lat="30.27477130" lon="120.11982012"><ele>22.602</ele><time>2026-06-28T08:04:18Z</time><sat>38</sat></trkpt>
  <trkpt lat="30.27476645" lon="120.11981387"><ele>23.140</ele><time>2026-06-28T08:04:21Z</time><sat>39</sat></trkpt>
  <trkpt lat="30.27476286" lon="120.11981116"><ele>23.457</ele><time>2026-06-28T08:04:24Z</time><sat>40</sat></trkpt>
  <trkpt lat="30.27475973" lon="120.11980333"><ele>23.438</ele><time>2026-06-28T08:04:27Z</time><sat>39</sat></trkpt>
  <trkpt lat="30.27475032" lon="120.11980672"><ele>24.463</ele><time>2026-06-28T08:04:30Z</time><sat>38</sat></trkpt>
  <trkpt lat="30.27470445" lon="120.11980837"><ele>24.626</ele><time>2026-06-28T08:04:33Z</time><sat>39</sat></trkpt>
  <trkpt lat="30.27464495" lon="120.11980985"><ele>24.909</ele><time>2026-06-28T08:04:36Z</time><sat>38</sat></trkpt>
  <trkpt lat="30.27458876" lon="120.11978251"><ele>24.721</ele><time>2026-06-28T08:04:39Z</time><sat>38</sat></trkpt>
  <trkpt lat="30.27453970" lon="120.11971731"><ele>24.970</ele><time>2026-06-28T08:04:42Z</time><sat>39</sat></trkpt>
  <trkpt lat="30.27450623" lon="120.11964105"><ele>23.414</ele><time>2026-06-28T08:04:45Z</time><sat>39</sat></trkpt>
  <trkpt lat="30.27446310" lon="120.11957206"><ele>22.036</ele><time>2026-06-28T08:04:48Z</time><sat>40</sat></trkpt>
  <trkpt lat="30.27441516" lon="120.11950625"><ele>21.206</ele><time>2026-06-28T08:04:51Z</time><sat>40</sat></trkpt>
  <trkpt lat="30.27436450" lon="120.11944197"><ele>20.632</ele><time>2026-06-28T08:04:54Z</time><sat>40</sat></trkpt>
  <trkpt lat="30.27431190" lon="120.11938364"><ele>20.151</ele><time>2026-06-28T08:04:57Z</time><sat>41</sat></trkpt>
  <trkpt lat="30.27425780" lon="120.11932743"><ele>19.315</ele><time>2026-06-28T08:05:00Z</time><sat>39</sat></trkpt>
  <trkpt lat="30.27420347" lon="120.11927512"><ele>18.550</ele><time>2026-06-28T08:05:03Z</time><sat>39</sat></trkpt>
  <trkpt lat="30.27413951" lon="120.11920729"><ele>17.984</ele><time>2026-06-28T08:05:06Z</time><sat>41</sat></trkpt>
  <trkpt lat="30.27406182" lon="120.11913033"><ele>17.134</ele><time>2026-06-28T08:05:09Z</time><sat>41</sat></trkpt>
  <trkpt lat="30.27397039" lon="120.11907245"><ele>17.262</ele><time>2026-06-28T08:05:12Z</time><sat>40</sat></trkpt>
  <trkpt lat="30.27388621" lon="120.11901051"><ele>16.882</ele><time>2026-06-28T08:05:15Z</time><sat>41</sat></trkpt>
  <trkpt lat="30.27381441" lon="120.11894039"><ele>16.494</ele><time>2026-06-28T08:05:18Z</time><sat>41</sat></trkpt>
  <trkpt lat="30.27374432" lon="120.11888452"><ele>16.276</ele><time>2026-06-28T08:05:21Z</time><sat>41</sat></trkpt>
  <trkpt lat="30.27368119" lon="120.11883164"><ele>16.573</ele><time>2026-06-28T08:05:24Z</time><sat>41</sat></trkpt>
  <trkpt lat="30.27362074" lon="120.11878660"><ele>16.511</ele><time>2026-06-28T08:05:27Z</time><sat>40</sat></trkpt>
  <trkpt lat="30.27356790" lon="120.11874714"><ele>16.550</ele><time>2026-06-28T08:05:30Z</time><sat>38</sat></trkpt>
  <trkpt lat="30.27351511" lon="120.11870902"><ele>16.739</ele><time>2026-06-28T08:05:33Z</time><sat>38</sat></trkpt>
  <trkpt lat="30.27346445" lon="120.11867410"><ele>15.800</ele><time>2026-06-28T08:05:36Z</time><sat>38</sat></trkpt>
  <trkpt lat="30.27341988" lon="120.11863232"><ele>14.640</ele><time>2026-06-28T08:05:39Z</time><sat>39</sat></trkpt>
  <trkpt lat="30.27337580" lon="120.11859588"><ele>14.693</ele><time>2026-06-28T08:05:42Z</time><sat>39</sat></trkpt>
  <trkpt lat="30.27332718" lon="120.11855803"><ele>14.979</ele><time>2026-06-28T08:05:45Z</time><sat>38</sat></trkpt>
  <trkpt lat="30.27327818" lon="120.11852229"><ele>14.981</ele><time>2026-06-28T08:05:48Z</time><sat>38</sat></trkpt>
  <trkpt lat="30.27322842" lon="120.11848564"><ele>15.369</ele><time>2026-06-28T08:05:51Z</time><sat>39</sat></trkpt>
  <trkpt lat="30.27317779" lon="120.11844397"><ele>15.498</ele><time>2026-06-28T08:05:54Z</time><sat>39</sat></trkpt>
  <trkpt lat="30.27312683" lon="120.11840154"><ele>14.884</ele><time>2026-06-28T08:05:57Z</time><sat>38</sat></trkpt>
  <trkpt lat="30.27307957" lon="120.11836429"><ele>14.976</ele><time>2026-06-28T08:06:00Z</time><sat>38</sat></trkpt>
  <trkpt lat="30.27303751" lon="120.11833460"><ele>14.713</ele><time>2026-06-28T08:06:03Z</time><sat>38</sat></trkpt>
  <trkpt lat="30.27300546" lon="120.11831196"><ele>14.593</ele><time>2026-06-28T08:06:06Z</time><sat>38</sat></trkpt>
  <trkpt lat="30.27299762" lon="120.11830114"><ele>14.989</ele><time>2026-06-28T08:06:09Z</time><sat>39</sat></trkpt>
  <trkpt lat="30.27300563" lon="120.11830296"><ele>15.427</ele><time>2026-06-28T08:06:12Z</time><sat>39</sat></trkpt>
  <trkpt lat="30.27300244" lon="120.11830645"><ele>15.678</ele><time>2026-06-28T08:06:15Z</time><sat>38</sat></trkpt>
  <trkpt lat="30.27300910" lon="120.11831686"><ele>15.657</ele><time>2026-06-28T08:06:18Z</time><sat>34</sat></trkpt>
  <trkpt lat="30.27301050" lon="120.11831871"><ele>15.406</ele><time>2026-06-28T08:06:21Z</time><sat>36</sat></trkpt>
  <trkpt lat="30.27300939" lon="120.11831941"><ele>15.244</ele><time>2026-06-28T08:06:24Z</time><sat>36</sat></trkpt>
  <trkpt lat="30.27300968" lon="120.11832127"><ele>14.190</ele><time>2026-06-28T08:06:27Z</time><sat>36</sat></trkpt>
  <trkpt lat="30.27302255" lon="120.11832637"><ele>12.773</ele><time>2026-06-28T08:06:30Z</time><sat>36</sat></trkpt>
  <trkpt lat="30.27303498" lon="120.11833056"><ele>12.724</ele><time>2026-06-28T08:06:33Z</time><sat>37</sat></trkpt>
  <trkpt lat="30.27304298" lon="120.11833142"><ele>12.921</ele><time>2026-06-28T08:06:36Z</time><sat>40</sat></trkpt>
  <trkpt lat="30.27304579" lon="120.11833298"><ele>12.714</ele><time>2026-06-28T08:06:39Z</time><sat>41</sat></trkpt>
  <trkpt lat="30.27303734" lon="120.11832524"><ele>12.929</ele><time>2026-06-28T08:06:42Z</time><sat>41</sat></trkpt>
  <trkpt lat="30.27302762" lon="120.11832187"><ele>13.229</ele><time>2026-06-28T08:06:45Z</time><sat>41</sat></trkpt>
  <trkpt lat="30.27302220" lon="120.11831261"><ele>14.126</ele><time>2026-06-28T08:06:48Z</time><sat>35</sat></trkpt>
  <trkpt lat="30.27301294" lon="120.11830979"><ele>15.447</ele><time>2026-06-28T08:06:51Z</time><sat>35</sat></trkpt>
  <trkpt lat="30.27301088" lon="120.11830596"><ele>15.222</ele><time>2026-06-28T08:06:54Z</time><sat>35</sat></trkpt>
  <trkpt lat="30.27301103" lon="120.11829938"><ele>15.759</ele><time>2026-06-28T08:06:57Z</time><sat>36</sat></trkpt>
  <trkpt lat="30.27301342" lon="120.11829131"><ele>15.375</ele><time>2026-06-28T08:07:00Z</time><sat>35</sat></trkpt>
  <trkpt lat="30.27301473" lon="120.11829068"><ele>15.610</ele><time>2026-06-28T08:07:03Z</time><sat>36</sat></trkpt>
  <trkpt lat="30.27301239" lon="120.11828897"><ele>15.746</ele><time>2026-06-28T08:07:06Z</time><sat>37</sat></trkpt>
  <trkpt lat="30.27301420" lon="120.11829044"><ele>15.573</ele><time>2026-06-28T08:07:09Z</time><sat>38</sat></trkpt>
  <trkpt lat="30.27298014" lon="120.11828166"><ele>15.060</ele><time>2026-06-28T08:07:12Z</time><sat>38</sat></trkpt>
  <trkpt lat="30.27289064" lon="120.11827176"><ele>15.235</ele><time>2026-06-28T08:07:15Z</time><sat>37</sat></trkpt>
  <trkpt lat="30.27276718" lon="120.11828443"><ele>13.208</ele><time>2026-06-28T08:07:18Z</time><sat>38</sat></trkpt>
  <trkpt lat="30.27267533" lon="120.11835087"><ele>11.076</ele><time>2026-06-28T08:07:21Z</time><sat>35</sat></trkpt>
  <trkpt lat="30.27260631" lon="120.11844474"><ele>11.630</ele><time>2026-06-28T08:07:24Z</time><sat>35</sat></trkpt>
  <trkpt lat="30.27256347" lon="120.11852672"><ele>10.482</ele><time>2026-06-28T08:07:27Z</time><sat>35</sat></trkpt>
  <trkpt lat="30.27251550" lon="120.11860999"><ele>12.824</ele><time>2026-06-28T08:07:30Z</time><sat>37</sat></trkpt>
  <trkpt lat="30.27247849" lon="120.11871135"><ele>13.365</ele><time>2026-06-28T08:07:33Z</time><sat>39</sat></trkpt>
  <trkpt lat="30.27240479" lon="120.11883217"><ele>11.594</ele><time>2026-06-28T08:07:36Z</time><sat>39</sat></trkpt>
  <trkpt lat="30.27233689" lon="120.11895273"><ele>11.714</ele><time>2026-06-28T08:07:39Z</time><sat>36</sat></trkpt>
  <trkpt lat="30.27227466" lon="120.11906853"><ele>11.008</ele><time>2026-06-28T08:07:42Z</time><sat>37</sat></trkpt>
  <trkpt lat="30.27221488" lon="120.11918178"><ele>10.321</ele><time>2026-06-28T08:07:45Z</time><sat>32</sat></trkpt>
  <trkpt lat="30.27215496" lon="120.11929684"><ele>9.981</ele><time>2026-06-28T08:07:48Z</time><sat>32</sat></trkpt>
  <trkpt lat="30.27209643" lon="120.11940862"><ele>9.725</ele><time>2026-06-28T08:07:51Z</time><sat>34</sat></trkpt>
  <trkpt lat="30.27204069" lon="120.11950917"><ele>9.228</ele><time>2026-06-28T08:07:54Z</time><sat>31</sat></trkpt>
  <trkpt lat="30.27198975" lon="120.11959686"><ele>10.152</ele><time>2026-06-28T08:07:57Z</time><sat>37</sat></trkpt>
  <trkpt lat="30.27195410" lon="120.11964777"><ele>10.547</ele><time>2026-06-28T08:08:00Z</time><sat>39</sat></trkpt>
  <trkpt lat="30.27190296" lon="120.11965928"><ele>11.164</ele><time>2026-06-28T08:08:03Z</time><sat>37</sat></trkpt>
  <trkpt lat="30.27188211" lon="120.11964526"><ele>12.105</ele><time>2026-06-28T08:08:06Z</time><sat>36</sat></trkpt>
  <trkpt lat="30.27186263" lon="120.11963760"><ele>12.723</ele><time>2026-06-28T08:08:09Z</time><sat>35</sat></trkpt>
  <trkpt lat="30.27181447" lon="120.11963239"><ele>13.105</ele><time>2026-06-28T08:08:12Z</time><sat>39</sat></trkpt>
  <trkpt lat="30.27175960" lon="120.11961821"><ele>13.530</ele><time>2026-06-28T08:08:15Z</time><sat>38</sat></trkpt>
  <trkpt lat="30.27169778" lon="120.11959801"><ele>14.193</ele><time>2026-06-28T08:08:18Z</time><sat>37</sat></trkpt>
  <trkpt lat="30.27163361" lon="120.11957396"><ele>14.814</ele><time>2026-06-28T08:08:21Z</time><sat>32</sat></trkpt>
  <trkpt lat="30.27156749" lon="120.11955139"><ele>15.745</ele><time>2026-06-28T08:08:24Z</time><sat>30</sat></trkpt>
  <trkpt lat="30.27150472" lon="120.11953081"><ele>16.628</ele><time>2026-06-28T08:08:27Z</time><sat>30</sat></trkpt>
  <trkpt lat="30.27148402" lon="120.11946806"><ele>15.384</ele><time>2026-06-28T08:08:30Z</time><sat>33</sat></trkpt>
  <trkpt lat="30.27151226" lon="120.11937157"><ele>14.547</ele><time>2026-06-28T08:08:33Z</time><sat>35</sat></trkpt>
  <trkpt lat="30.27156734" lon="120.11927435"><ele>13.963</ele><time>2026-06-28T08:08:36Z</time><sat>34</sat></trkpt>
  <trkpt lat="30.27168227" lon="120.11923580"><ele>13.708</ele><time>2026-06-28T08:08:39Z</time><sat>33</sat></trkpt>
  <trkpt lat="30.27178840" lon="120.11917513"><ele>13.567</ele><time>2026-06-28T08:08:42Z</time><sat>33</sat></trkpt>
  <trkpt lat="30.27180838" lon="120.11905084"><ele>12.057</ele><time>2026-06-28T08:08:45Z</time><sat>34</sat></trkpt>
  <trkpt lat="30.27183856" lon="120.11893862"><ele>11.748</ele><time>2026-06-28T08:08:48Z</time><sat>31</sat></trkpt>
  <trkpt lat="30.27187892" lon="120.11885160"><ele>11.160</ele><time>2026-06-28T08:08:51Z</time><sat>30</sat></trkpt>
  <trkpt lat="30.27190461" lon="120.11879458"><ele>11.853</ele><time>2026-06-28T08:08:54Z</time><sat>33</sat></trkpt>
  <trkpt lat="30.27191597" lon="120.11877251"><ele>11.242</ele><time>2026-06-28T08:08:57Z</time><sat>36</sat></trkpt>
  <trkpt lat="30.27192286" lon="120.11877252"><ele>11.268</ele><time>2026-06-28T08:09:00Z</time><sat>37</sat></trkpt>
  <trkpt lat="30.27192435" lon="120.11877524"><ele>11.089</ele><time>2026-06-28T08:09:03Z</time><sat>37</sat></trkpt>
  <trkpt lat="30.27193280" lon="120.11877490"><ele>10.796</ele><time>2026-06-28T08:09:06Z</time><sat>38</sat></trkpt>
  <trkpt lat="30.27196575" lon="120.11876956"><ele>10.003</ele><time>2026-06-28T08:09:09Z</time><sat>39</sat></trkpt>
  <trkpt lat="30.27198094" lon="120.11879950"><ele>9.852</ele><time>2026-06-28T08:09:12Z</time><sat>39</sat></trkpt>
  <trkpt lat="30.27198303" lon="120.11885595"><ele>9.660</ele><time>2026-06-28T08:09:15Z</time><sat>38</sat></trkpt>
  <trkpt lat="30.27198854" lon="120.11887954"><ele>9.087</ele><time>2026-06-28T08:09:18Z</time><sat>37</sat></trkpt>
  <trkpt lat="30.27198155" lon="120.11885652"><ele>9.318</ele><time>2026-06-28T08:09:21Z</time><sat>37</sat></trkpt>
  <trkpt lat="30.27197218" lon="120.11881441"><ele>9.823</ele><time>2026-06-28T08:09:24Z</time><sat>35</sat></trkpt>
  <trkpt lat="30.27195765" lon="120.11877511"><ele>11.447</ele><time>2026-06-28T08:09:27Z</time><sat>36</sat></trkpt>
  <trkpt lat="30.27193752" lon="120.11877288"><ele>11.850</ele><time>2026-06-28T08:09:30Z</time><sat>37</sat></trkpt>
  <trkpt lat="30.27192671" lon="120.11879335"><ele>12.067</ele><time>2026-06-28T08:09:33Z</time><sat>35</sat></trkpt>
  <trkpt lat="30.27192154" lon="120.11879892"><ele>12.951</ele><time>2026-06-28T08:09:36Z</time><sat>36</sat></trkpt>
  <trkpt lat="30.27191703" lon="120.11880445"><ele>12.922</ele><time>2026-06-28T08:09:39Z</time><sat>37</sat></trkpt>
  <trkpt lat="30.27191970" lon="120.11880210"><ele>12.784</ele><time>2026-06-28T08:09:42Z</time><sat>36</sat></trkpt>
  <trkpt lat="30.27192261" lon="120.11879960"><ele>12.827</ele><time>2026-06-28T08:09:45Z</time><sat>37</sat></trkpt>
  <trkpt lat="30.27192444" lon="120.11879780"><ele>13.033</ele><time>2026-06-28T08:09:48Z</time><sat>38</sat></trkpt>
  <trkpt lat="30.27192507" lon="120.11879803"><ele>13.103</ele><time>2026-06-28T08:09:51Z</time><sat>39</sat></trkpt>
  <trkpt lat="30.27192546" lon="120.11879833"><ele>13.130</ele><time>2026-06-28T08:09:54Z</time><sat>40</sat></trkpt>
  <trkpt lat="30.27192652" lon="120.11879854"><ele>12.978</ele><time>2026-06-28T08:09:57Z</time><sat>38</sat></trkpt>
  <trkpt lat="30.27194119" lon="120.11875617"><ele>12.659</ele><time>2026-06-28T08:10:00Z</time><sat>37</sat></trkpt>
  <trkpt lat="30.27195653" lon="120.11872422"><ele>12.248</ele><time>2026-06-28T08:10:03Z</time><sat>37</sat></trkpt>
  <trkpt lat="30.27197340" lon="120.11871725"><ele>11.727</ele><time>2026-06-28T08:10:06Z</time><sat>36</sat></trkpt>
  <trkpt lat="30.27196800" lon="120.11871979"><ele>11.842</ele><time>2026-06-28T08:10:09Z</time><sat>38</sat></trkpt>
  <trkpt lat="30.27197130" lon="120.11868547"><ele>12.112</ele><time>2026-06-28T08:10:12Z</time><sat>38</sat></trkpt>
  <trkpt lat="30.27197100" lon="120.11864242"><ele>13.935</ele><time>2026-06-28T08:10:15Z</time><sat>38</sat></trkpt>
  <trkpt lat="30.27197033" lon="120.11864025"><ele>12.341</ele><time>2026-06-28T08:10:18Z</time><sat>37</sat></trkpt>
  <trkpt lat="30.27197217" lon="120.11865512"><ele>11.355</ele><time>2026-06-28T08:10:21Z</time><sat>38</sat></trkpt>
  <trkpt lat="30.27197906" lon="120.11869424"><ele>10.278</ele><time>2026-06-28T08:10:24Z</time><sat>38</sat></trkpt>
  <trkpt lat="30.27197401" lon="120.11873282"><ele>10.858</ele><time>2026-06-28T08:10:27Z</time><sat>38</sat></trkpt>
  <trkpt lat="30.27193594" lon="120.11876022"><ele>11.093</ele><time>2026-06-28T08:10:30Z</time><sat>38</sat></trkpt>
  <trkpt lat="30.27192455" lon="120.11879806"><ele>10.527</ele><time>2026-06-28T08:10:33Z</time><sat>37</sat></trkpt>
  <trkpt lat="30.27193038" lon="120.11879049"><ele>10.499</ele><time>2026-06-28T08:10:36Z</time><sat>38</sat></trkpt>
  <trkpt lat="30.27192492" lon="120.11876453"><ele>11.740</ele><time>2026-06-28T08:10:39Z</time><sat>36</sat></trkpt>
  <trkpt lat="30.27191638" lon="120.11873950"><ele>12.911</ele><time>2026-06-28T08:10:42Z</time><sat>35</sat></trkpt>
  <trkpt lat="30.27194112" lon="120.11871847"><ele>11.527</ele><time>2026-06-28T08:10:45Z</time><sat>36</sat></trkpt>
  <trkpt lat="30.27195317" lon="120.11871813"><ele>11.723</ele><time>2026-06-28T08:10:48Z</time><sat>36</sat></trkpt>
  <trkpt lat="30.27195693" lon="120.11871451"><ele>11.141</ele><time>2026-06-28T08:10:51Z</time><sat>37</sat></trkpt>
  <trkpt lat="30.27198106" lon="120.11871922"><ele>11.004</ele><time>2026-06-28T08:10:54Z</time><sat>36</sat></trkpt>
  <trkpt lat="30.27198577" lon="120.11873636"><ele>10.660</ele><time>2026-06-28T08:10:57Z</time><sat>36</sat></trkpt>
  <trkpt lat="30.27199038" lon="120.11874695"><ele>10.032</ele><time>2026-06-28T08:11:00Z</time><sat>36</sat></trkpt>
  <trkpt lat="30.27199212" lon="120.11874991"><ele>9.912</ele><time>2026-06-28T08:11:03Z</time><sat>35</sat></trkpt>
  <trkpt lat="30.27199472" lon="120.11875193"><ele>9.602</ele><time>2026-06-28T08:11:06Z</time><sat>36</sat></trkpt>
  <trkpt lat="30.27199326" lon="120.11875034"><ele>10.026</ele><time>2026-06-28T08:11:09Z</time><sat>35</sat></trkpt>
  <trkpt lat="30.27199314" lon="120.11874872"><ele>9.953</ele><time>2026-06-28T08:11:12Z</time><sat>36</sat></trkpt>
  <trkpt lat="30.27199548" lon="120.11874519"><ele>10.177</ele><time>2026-06-28T08:11:15Z</time><sat>38</sat></trkpt>
  <trkpt lat="30.27200080" lon="120.11874591"><ele>10.310</ele><time>2026-06-28T08:11:18Z</time><sat>38</sat></trkpt>
  <trkpt lat="30.27200101" lon="120.11874869"><ele>9.760</ele><time>2026-06-28T08:11:21Z</time><sat>37</sat></trkpt>
  <trkpt lat="30.27200282" lon="120.11875186"><ele>9.558</ele><time>2026-06-28T08:11:24Z</time><sat>37</sat></trkpt>
  <trkpt lat="30.27200271" lon="120.11875047"><ele>9.478</ele><time>2026-06-28T08:11:27Z</time><sat>38</sat></trkpt>
  <trkpt lat="30.27200068" lon="120.11874819"><ele>10.333</ele><time>2026-06-28T08:11:30Z</time><sat>37</sat></trkpt>
  <trkpt lat="30.27199611" lon="120.11873731"><ele>11.917</ele><time>2026-06-28T08:11:33Z</time><sat>35</sat></trkpt>
  <trkpt lat="30.27199543" lon="120.11873541"><ele>13.188</ele><time>2026-06-28T08:11:36Z</time><sat>37</sat></trkpt>
  <trkpt lat="30.27200812" lon="120.11873470"><ele>13.381</ele><time>2026-06-28T08:11:39Z</time><sat>37</sat></trkpt>
  <trkpt lat="30.27199789" lon="120.11873988"><ele>15.340</ele><time>2026-06-28T08:11:42Z</time><sat>37</sat></trkpt>
  <trkpt lat="30.27199531" lon="120.11874189"><ele>16.397</ele><time>2026-06-28T08:11:45Z</time><sat>39</sat></trkpt>
  <trkpt lat="30.27199794" lon="120.11874396"><ele>16.653</ele><time>2026-06-28T08:11:48Z</time><sat>40</sat></trkpt>
  <trkpt lat="30.27199855" lon="120.11874282"><ele>16.773</ele><time>2026-06-28T08:11:51Z</time><sat>40</sat></trkpt>
  <trkpt lat="30.27199900" lon="120.11873973"><ele>16.738</ele><time>2026-06-28T08:11:54Z</time><sat>40</sat></trkpt>
  <trkpt lat="30.27199915" lon="120.11873889"><ele>16.750</ele><time>2026-06-28T08:11:57Z</time><sat>39</sat></trkpt>
  <trkpt lat="30.27200133" lon="120.11873936"><ele>16.925</ele><time>2026-06-28T08:12:00Z</time><sat>39</sat></trkpt>
  <trkpt lat="30.27199982" lon="120.11874015"><ele>17.162</ele><time>2026-06-28T08:12:03Z</time><sat>40</sat></trkpt>
  <trkpt lat="30.27199760" lon="120.11873778"><ele>16.870</ele><time>2026-06-28T08:12:06Z</time><sat>40</sat></trkpt>
  <trkpt lat="30.27200327" lon="120.11874979"><ele>15.706</ele><time>2026-06-28T08:12:09Z</time><sat>40</sat></trkpt>
  <trkpt lat="30.27200322" lon="120.11874821"><ele>15.411</ele><time>2026-06-28T08:12:12Z</time><sat>37</sat></trkpt>
  <trkpt lat="30.27199868" lon="120.11874471"><ele>15.238</ele><time>2026-06-28T08:12:15Z</time><sat>37</sat></trkpt>
  <trkpt lat="30.27199483" lon="120.11874222"><ele>14.576</ele><time>2026-06-28T08:12:18Z</time><sat>36</sat></trkpt>
  <trkpt lat="30.27199174" lon="120.11873884"><ele>14.559</ele><time>2026-06-28T08:12:21Z</time><sat>37</sat></trkpt>
  <trkpt lat="30.27199330" lon="120.11873791"><ele>14.339</ele><time>2026-06-28T08:12:24Z</time><sat>38</sat></trkpt>
  <trkpt lat="30.27199270" lon="120.11873823"><ele>13.721</ele><time>2026-06-28T08:12:27Z</time><sat>38</sat></trkpt>
  <trkpt lat="30.27199281" lon="120.11874218"><ele>13.594</ele><time>2026-06-28T08:12:30Z</time><sat>37</sat></trkpt>
  <trkpt lat="30.27199365" lon="120.11874617"><ele>12.785</ele><time>2026-06-28T08:12:33Z</time><sat>37</sat></trkpt>
  <trkpt lat="30.27199029" lon="120.11874481"><ele>11.999</ele><time>2026-06-28T08:12:36Z</time><sat>38</sat></trkpt>
  <trkpt lat="30.27198522" lon="120.11874138"><ele>11.665</ele><time>2026-06-28T08:12:39Z</time><sat>39</sat></trkpt>
  <trkpt lat="30.27198267" lon="120.11874473"><ele>11.256</ele><time>2026-06-28T08:12:42Z</time><sat>40</sat></trkpt>
  <trkpt lat="30.27198017" lon="120.11874095"><ele>11.515</ele><time>2026-06-28T08:12:45Z</time><sat>38</sat></trkpt>
  <trkpt lat="30.27197302" lon="120.11873247"><ele>11.319</ele><time>2026-06-28T08:12:48Z</time><sat>37</sat></trkpt>
  <trkpt lat="30.27196097" lon="120.11872976"><ele>11.471</ele><time>2026-06-28T08:12:51Z</time><sat>37</sat></trkpt>
  <trkpt lat="30.27195319" lon="120.11872764"><ele>11.141</ele><time>2026-06-28T08:12:54Z</time><sat>37</sat></trkpt>
  <trkpt lat="30.27194113" lon="120.11872742"><ele>10.553</ele><time>2026-06-28T08:12:57Z</time><sat>37</sat></trkpt>
  <trkpt lat="30.27194263" lon="120.11871667"><ele>10.473</ele><time>2026-06-28T08:13:00Z</time><sat>37</sat></trkpt>
  <trkpt lat="30.27194374" lon="120.11869867"><ele>11.745</ele><time>2026-06-28T08:13:03Z</time><sat>36</sat></trkpt>
  <trkpt lat="30.27194153" lon="120.11867523"><ele>12.718</ele><time>2026-06-28T08:13:06Z</time><sat>38</sat></trkpt>
  <trkpt lat="30.27193758" lon="120.11865130"><ele>14.003</ele><time>2026-06-28T08:13:09Z</time><sat>37</sat></trkpt>
  <trkpt lat="30.27193628" lon="120.11862389"><ele>13.338</ele><time>2026-06-28T08:13:12Z</time><sat>38</sat></trkpt>
  <trkpt lat="30.27194574" lon="120.11860016"><ele>13.692</ele><time>2026-06-28T08:13:15Z</time><sat>38</sat></trkpt>
  <trkpt lat="30.27195499" lon="120.11860396"><ele>12.833</ele><time>2026-06-28T08:13:18Z</time><sat>37</sat></trkpt>
  <trkpt lat="30.27195096" lon="120.11860467"><ele>12.107</ele><time>2026-06-28T08:13:21Z</time><sat>39</sat></trkpt>
  <trkpt lat="30.27195630" lon="120.11859817"><ele>12.108</ele><time>2026-06-28T08:13:24Z</time><sat>40</sat></trkpt>
  <trkpt lat="30.27196462" lon="120.11860094"><ele>11.581</ele><time>2026-06-28T08:13:27Z</time><sat>40</sat></trkpt>
  <trkpt lat="30.27196296" lon="120.11860122"><ele>11.464</ele><time>2026-06-28T08:13:30Z</time><sat>39</sat></trkpt>
  <trkpt lat="30.27196156" lon="120.11860071"><ele>11.329</ele><time>2026-06-28T08:13:33Z</time><sat>38</sat></trkpt>
  <trkpt lat="30.27195085" lon="120.11860017"><ele>11.295</ele><time>2026-06-28T08:13:36Z</time><sat>38</sat></trkpt>
  <trkpt lat="30.27194772" lon="120.11860500"><ele>11.477</ele><time>2026-06-28T08:13:39Z</time><sat>37</sat></trkpt>
  <trkpt lat="30.27194573" lon="120.11860622"><ele>11.511</ele><time>2026-06-28T08:13:42Z</time><sat>36</sat></trkpt>
  <trkpt lat="30.27194405" lon="120.11860785"><ele>11.644</ele><time>2026-06-28T08:13:45Z</time><sat>38</sat></trkpt>
  <trkpt lat="30.27194354" lon="120.11860871"><ele>11.696</ele><time>2026-06-28T08:13:48Z</time><sat>38</sat></trkpt>
  <trkpt lat="30.27194343" lon="120.11860895"><ele>11.711</ele><time>2026-06-28T08:13:51Z</time><sat>38</sat></trkpt>
  <trkpt lat="30.27194333" lon="120.11860910"><ele>11.718</ele><time>2026-06-28T08:13:54Z</time><sat>39</sat></trkpt>
  <trkpt lat="30.27194329" lon="120.11860917"><ele>11.720</ele><time>2026-06-28T08:13:57Z</time><sat>39</sat></trkpt>
  <trkpt lat="30.27194872" lon="120.11860656"><ele>10.783</ele><time>2026-06-28T08:14:00Z</time><sat>39</sat></trkpt>
  <trkpt lat="30.27195080" lon="120.11861586"><ele>10.140</ele><time>2026-06-28T08:14:03Z</time><sat>39</sat></trkpt>
  <trkpt lat="30.27195100" lon="120.11861812"><ele>10.362</ele><time>2026-06-28T08:14:06Z</time><sat>37</sat></trkpt>
  <trkpt lat="30.27194857" lon="120.11861521"><ele>10.491</ele><time>2026-06-28T08:14:09Z</time><sat>38</sat></trkpt>
  <trkpt lat="30.27194387" lon="120.11861010"><ele>10.656</ele><time>2026-06-28T08:14:12Z</time><sat>37</sat></trkpt>
  <trkpt lat="30.27193914" lon="120.11860483"><ele>9.884</ele><time>2026-06-28T08:14:15Z</time><sat>37</sat></trkpt>
  <trkpt lat="30.27194192" lon="120.11860207"><ele>9.890</ele><time>2026-06-28T08:14:18Z</time><sat>37</sat></trkpt>
  <trkpt lat="30.27194956" lon="120.11861659"><ele>10.224</ele><time>2026-06-28T08:14:21Z</time><sat>36</sat></trkpt>
  <trkpt lat="30.27196246" lon="120.11861380"><ele>9.682</ele><time>2026-06-28T08:14:24Z</time><sat>36</sat></trkpt>
  <trkpt lat="30.27196424" lon="120.11861220"><ele>9.938</ele><time>2026-06-28T08:14:27Z</time><sat>33</sat></trkpt>
  <trkpt lat="30.27196531" lon="120.11861428"><ele>10.306</ele><time>2026-06-28T08:14:30Z</time><sat>35</sat></trkpt>
  <trkpt lat="30.27196557" lon="120.11862168"><ele>10.418</ele><time>2026-06-28T08:14:33Z</time><sat>38</sat></trkpt>
  <trkpt lat="30.27196980" lon="120.11861994"><ele>10.681</ele><time>2026-06-28T08:14:36Z</time><sat>39</sat></trkpt>
  <trkpt lat="30.27196480" lon="120.11861740"><ele>10.546</ele><time>2026-06-28T08:14:39Z</time><sat>39</sat></trkpt>
  <trkpt lat="30.27196894" lon="120.11861578"><ele>10.326</ele><time>2026-06-28T08:14:42Z</time><sat>39</sat></trkpt>
  <trkpt lat="30.27196936" lon="120.11861295"><ele>9.892</ele><time>2026-06-28T08:14:45Z</time><sat>37</sat></trkpt>
  <trkpt lat="30.27196673" lon="120.11861171"><ele>9.708</ele><time>2026-06-28T08:14:48Z</time><sat>39</sat></trkpt>
  <trkpt lat="30.27196835" lon="120.11861523"><ele>10.283</ele><time>2026-06-28T08:14:51Z</time><sat>38</sat></trkpt>
  <trkpt lat="30.27195909" lon="120.11861519"><ele>10.874</ele><time>2026-06-28T08:14:54Z</time><sat>39</sat></trkpt>
  <trkpt lat="30.27195554" lon="120.11861225"><ele>10.986</ele><time>2026-06-28T08:14:57Z</time><sat>39</sat></trkpt>
  <trkpt lat="30.27192928" lon="120.11862052"><ele>10.442</ele><time>2026-06-28T08:15:00Z</time><sat>39</sat></trkpt>
  <trkpt lat="30.27191502" lon="120.11864897"><ele>9.796</ele><time>2026-06-28T08:15:03Z</time><sat>39</sat></trkpt>
  <trkpt lat="30.27191100" lon="120.11868546"><ele>10.493</ele><time>2026-06-28T08:15:06Z</time><sat>39</sat></trkpt>
  <trkpt lat="30.27190751" lon="120.11872086"><ele>10.895</ele><time>2026-06-28T08:15:09Z</time><sat>39</sat></trkpt>
  <trkpt lat="30.27189972" lon="120.11875278"><ele>11.606</ele><time>2026-06-28T08:15:12Z</time><sat>41</sat></trkpt>
  <trkpt lat="30.27189119" lon="120.11878922"><ele>11.530</ele><time>2026-06-28T08:15:15Z</time><sat>41</sat></trkpt>
  <trkpt lat="30.27188297" lon="120.11882364"><ele>11.899</ele><time>2026-06-28T08:15:18Z</time><sat>38</sat></trkpt>
  <trkpt lat="30.27187295" lon="120.11885239"><ele>12.286</ele><time>2026-06-28T08:15:21Z</time><sat>39</sat></trkpt>
  <trkpt lat="30.27185700" lon="120.11888439"><ele>12.909</ele><time>2026-06-28T08:15:24Z</time><sat>39</sat></trkpt>
  <trkpt lat="30.27184251" lon="120.11891567"><ele>13.389</ele><time>2026-06-28T08:15:27Z</time><sat>38</sat></trkpt>
  <trkpt lat="30.27183261" lon="120.11895000"><ele>13.434</ele><time>2026-06-28T08:15:30Z</time><sat>39</sat></trkpt>
  <trkpt lat="30.27182230" lon="120.11898595"><ele>13.265</ele><time>2026-06-28T08:15:33Z</time><sat>39</sat></trkpt>
  <trkpt lat="30.27181027" lon="120.11901646"><ele>12.355</ele><time>2026-06-28T08:15:36Z</time><sat>39</sat></trkpt>
  <trkpt lat="30.27180150" lon="120.11904264"><ele>12.083</ele><time>2026-06-28T08:15:39Z</time><sat>39</sat></trkpt>
  <trkpt lat="30.27179175" lon="120.11907652"><ele>12.217</ele><time>2026-06-28T08:15:42Z</time><sat>37</sat></trkpt>
  <trkpt lat="30.27178271" lon="120.11910677"><ele>11.380</ele><time>2026-06-28T08:15:45Z</time><sat>36</sat></trkpt>
  <trkpt lat="30.27177519" lon="120.11912844"><ele>10.009</ele><time>2026-06-28T08:15:48Z</time><sat>34</sat></trkpt>
  <trkpt lat="30.27176981" lon="120.11914544"><ele>11.342</ele><time>2026-06-28T08:15:51Z</time><sat>33</sat></trkpt>
  <trkpt lat="30.27175764" lon="120.11917289"><ele>11.797</ele><time>2026-06-28T08:15:54Z</time><sat>36</sat></trkpt>
  <trkpt lat="30.27174340" lon="120.11919174"><ele>14.346</ele><time>2026-06-28T08:15:57Z</time><sat>39</sat></trkpt>
  <trkpt lat="30.27172851" lon="120.11920841"><ele>18.381</ele><time>2026-06-28T08:16:00Z</time><sat>38</sat></trkpt>
  <trkpt lat="30.27169400" lon="120.11923570"><ele>21.822</ele><time>2026-06-28T08:16:03Z</time><sat>38</sat></trkpt>
  <trkpt lat="30.27165828" lon="120.11926209"><ele>22.610</ele><time>2026-06-28T08:16:06Z</time><sat>38</sat></trkpt>
  <trkpt lat="30.27162782" lon="120.11928312"><ele>20.620</ele><time>2026-06-28T08:16:09Z</time><sat>38</sat></trkpt>
  <trkpt lat="30.27155488" lon="120.11934897"><ele>15.863</ele><time>2026-06-28T08:16:19Z</time><sat>38</sat></trkpt>
  <trkpt lat="30.27153657" lon="120.11938290"><ele>13.848</ele><time>2026-06-28T08:16:22Z</time><sat>38</sat></trkpt>
  <trkpt lat="30.27152175" lon="120.11941989"><ele>14.550</ele><time>2026-06-28T08:16:25Z</time><sat>38</sat></trkpt>
  <trkpt lat="30.27150755" lon="120.11945448"><ele>12.672</ele><time>2026-06-28T08:16:28Z</time><sat>38</sat></trkpt>
  <trkpt lat="30.27148519" lon="120.11949307"><ele>12.295</ele><time>2026-06-28T08:16:31Z</time><sat>38</sat></trkpt>
  <trkpt lat="30.27146387" lon="120.11951919"><ele>11.178</ele><time>2026-06-28T08:16:34Z</time><sat>38</sat></trkpt>
  <trkpt lat="30.27143591" lon="120.11954003"><ele>10.346</ele><time>2026-06-28T08:16:37Z</time><sat>38</sat></trkpt>
  <trkpt lat="30.27140655" lon="120.11954509"><ele>10.051</ele><time>2026-06-28T08:16:40Z</time><sat>38</sat></trkpt>
  <trkpt lat="30.27138313" lon="120.11954033"><ele>10.538</ele><time>2026-06-28T08:16:43Z</time><sat>38</sat></trkpt>
  <trkpt lat="30.27135921" lon="120.11952959"><ele>11.546</ele><time>2026-06-28T08:16:46Z</time><sat>38</sat></trkpt>
  <trkpt lat="30.27133505" lon="120.11952346"><ele>12.623</ele><time>2026-06-28T08:16:49Z</time><sat>38</sat></trkpt>
  <trkpt lat="30.27128842" lon="120.11951048"><ele>14.118</ele><time>2026-06-28T08:16:54Z</time><sat>38</sat></trkpt>
  <trkpt lat="30.27126863" lon="120.11950421"><ele>14.631</ele><time>2026-06-28T08:16:57Z</time><sat>38</sat></trkpt>
  <trkpt lat="30.27124700" lon="120.11949607"><ele>14.935</ele><time>2026-06-28T08:17:00Z</time><sat>38</sat></trkpt>
  <trkpt lat="30.27122249" lon="120.11948858"><ele>15.594</ele><time>2026-06-28T08:17:03Z</time><sat>38</sat></trkpt>
  <trkpt lat="30.27119740" lon="120.11947949"><ele>16.335</ele><time>2026-06-28T08:17:06Z</time><sat>38</sat></trkpt>
  <trkpt lat="30.27117134" lon="120.11947114"><ele>16.404</ele><time>2026-06-28T08:17:09Z</time><sat>36</sat></trkpt>
  <trkpt lat="30.27114295" lon="120.11946273"><ele>17.459</ele><time>2026-06-28T08:17:12Z</time><sat>37</sat></trkpt>
  <trkpt lat="30.27111618" lon="120.11945246"><ele>17.565</ele><time>2026-06-28T08:17:15Z</time><sat>38</sat></trkpt>
  <trkpt lat="30.27109224" lon="120.11944060"><ele>16.365</ele><time>2026-06-28T08:17:18Z</time><sat>38</sat></trkpt>
  <trkpt lat="30.27107719" lon="120.11941423"><ele>14.996</ele><time>2026-06-28T08:17:21Z</time><sat>38</sat></trkpt>
  <trkpt lat="30.27107363" lon="120.11938887"><ele>14.268</ele><time>2026-06-28T08:17:24Z</time><sat>39</sat></trkpt>
  <trkpt lat="30.27106595" lon="120.11936488"><ele>13.336</ele><time>2026-06-28T08:17:27Z</time><sat>39</sat></trkpt>
  <trkpt lat="30.27105034" lon="120.11933612"><ele>14.653</ele><time>2026-06-28T08:17:30Z</time><sat>39</sat></trkpt>
  <trkpt lat="30.27103157" lon="120.11931031"><ele>15.740</ele><time>2026-06-28T08:17:33Z</time><sat>39</sat></trkpt>
  <trkpt lat="30.27100950" lon="120.11928321"><ele>17.190</ele><time>2026-06-28T08:17:36Z</time><sat>36</sat></trkpt>
  <trkpt lat="30.27099182" lon="120.11925827"><ele>19.414</ele><time>2026-06-28T08:17:39Z</time><sat>36</sat></trkpt>
  <trkpt lat="30.27096071" lon="120.11924440"><ele>21.512</ele><time>2026-06-28T08:17:42Z</time><sat>36</sat></trkpt>
  <trkpt lat="30.27093571" lon="120.11923344"><ele>23.220</ele><time>2026-06-28T08:17:45Z</time><sat>36</sat></trkpt>
  <trkpt lat="30.27091921" lon="120.11921569"><ele>24.690</ele><time>2026-06-28T08:17:48Z</time><sat>36</sat></trkpt>
  <trkpt lat="30.27091131" lon="120.11920381"><ele>24.711</ele><time>2026-06-28T08:17:51Z</time><sat>37</sat></trkpt>
  <trkpt lat="30.27091363" lon="120.11919689"><ele>24.073</ele><time>2026-06-28T08:17:54Z</time><sat>37</sat></trkpt>
  <trkpt lat="30.27091961" lon="120.11919648"><ele>23.055</ele><time>2026-06-28T08:17:57Z</time><sat>37</sat></trkpt>
  <trkpt lat="30.27093746" lon="120.11922896"><ele>19.617</ele><time>2026-06-28T08:18:00Z</time><sat>37</sat></trkpt>
  <trkpt lat="30.27105150" lon="120.11921040"><ele>17.661</ele><time>2026-06-28T08:18:03Z</time><sat>39</sat></trkpt>
  <trkpt lat="30.27105268" lon="120.11917490"><ele>16.954</ele><time>2026-06-28T08:18:06Z</time><sat>39</sat></trkpt>
  <trkpt lat="30.27104450" lon="120.11916255"><ele>14.754</ele><time>2026-06-28T08:18:09Z</time><sat>39</sat></trkpt>
  <trkpt lat="30.27104132" lon="120.11915467"><ele>14.812</ele><time>2026-06-28T08:18:12Z</time><sat>40</sat></trkpt>
  <trkpt lat="30.27104047" lon="120.11915440"><ele>14.711</ele><time>2026-06-28T08:18:15Z</time><sat>40</sat></trkpt>
  <trkpt lat="30.27103715" lon="120.11915505"><ele>14.162</ele><time>2026-06-28T08:18:18Z</time><sat>40</sat></trkpt>
  <trkpt lat="30.27103600" lon="120.11915535"><ele>14.187</ele><time>2026-06-28T08:18:21Z</time><sat>40</sat></trkpt>
  <trkpt lat="30.27103603" lon="120.11915542"><ele>14.237</ele><time>2026-06-28T08:18:24Z</time><sat>38</sat></trkpt>
  <trkpt lat="30.27103140" lon="120.11915525"><ele>14.070</ele><time>2026-06-28T08:18:27Z</time><sat>37</sat></trkpt>
  <trkpt lat="30.27102872" lon="120.11915534"><ele>14.054</ele><time>2026-06-28T08:18:30Z</time><sat>38</sat></trkpt>
  <trkpt lat="30.27102765" lon="120.11915584"><ele>13.967</ele><time>2026-06-28T08:18:33Z</time><sat>36</sat></trkpt>
  <trkpt lat="30.27102684" lon="120.11915582"><ele>13.909</ele><time>2026-06-28T08:18:36Z</time><sat>36</sat></trkpt>
  <trkpt lat="30.27102653" lon="120.11915577"><ele>13.903</ele><time>2026-06-28T08:18:39Z</time><sat>36</sat></trkpt>
  <trkpt lat="30.27102642" lon="120.11915576"><ele>13.900</ele><time>2026-06-28T08:18:42Z</time><sat>36</sat></trkpt>
  <trkpt lat="30.27102627" lon="120.11915586"><ele>13.889</ele><time>2026-06-28T08:18:45Z</time><sat>35</sat></trkpt>
  <trkpt lat="30.27103093" lon="120.11915945"><ele>13.796</ele><time>2026-06-28T08:18:48Z</time><sat>35</sat></trkpt>
  <trkpt lat="30.27099250" lon="120.11919918"><ele>17.263</ele><time>2026-06-28T08:18:51Z</time><sat>35</sat></trkpt>
  <trkpt lat="30.27092609" lon="120.11922171"><ele>23.676</ele><time>2026-06-28T08:18:54Z</time><sat>35</sat></trkpt>
  <trkpt lat="30.27086270" lon="120.11924691"><ele>25.987</ele><time>2026-06-28T08:18:57Z</time><sat>35</sat></trkpt>
  <trkpt lat="30.27082236" lon="120.11924669"><ele>28.580</ele><time>2026-06-28T08:19:00Z</time><sat>35</sat></trkpt>
  <trkpt lat="30.27079198" lon="120.11924653"><ele>29.189</ele><time>2026-06-28T08:19:03Z</time><sat>35</sat></trkpt>
  <trkpt lat="30.27075809" lon="120.11924001"><ele>26.688</ele><time>2026-06-28T08:19:06Z</time><sat>34</sat></trkpt>
  <trkpt lat="30.27071807" lon="120.11923331"><ele>26.710</ele><time>2026-06-28T08:19:09Z</time><sat>34</sat></trkpt>
  <trkpt lat="30.27067144" lon="120.11923226"><ele>24.687</ele><time>2026-06-28T08:19:12Z</time><sat>36</sat></trkpt>
  <trkpt lat="30.27063718" lon="120.11922602"><ele>23.333</ele><time>2026-06-28T08:19:15Z</time><sat>34</sat></trkpt>
  <trkpt lat="30.27059778" lon="120.11921677"><ele>25.346</ele><time>2026-06-28T08:19:18Z</time><sat>11</sat></trkpt>
  <trkpt lat="30.27059515" lon="120.11922656"><ele>27.653</ele><time>2026-06-28T08:19:21Z</time><sat>11</sat></trkpt>
  <trkpt lat="30.27056017" lon="120.11921536"><ele>31.585</ele><time>2026-06-28T08:19:24Z</time><sat>11</sat></trkpt>
  <trkpt lat="30.27050764" lon="120.11921191"><ele>34.032</ele><time>2026-06-28T08:19:27Z</time><sat>27</sat></trkpt>
  <trkpt lat="30.27048912" lon="120.11922953"><ele>34.517</ele><time>2026-06-28T08:19:30Z</time><sat>30</sat></trkpt>
  <trkpt lat="30.27047775" lon="120.11922411"><ele>35.326</ele><time>2026-06-28T08:19:33Z</time><sat>30</sat></trkpt>
  <trkpt lat="30.27048092" lon="120.11923821"><ele>37.465</ele><time>2026-06-28T08:19:36Z</time><sat>31</sat></trkpt>
  <trkpt lat="30.27047033" lon="120.11926521"><ele>38.267</ele><time>2026-06-28T08:19:39Z</time><sat>30</sat></trkpt>
  <trkpt lat="30.27048191" lon="120.11929175"><ele>34.569</ele><time>2026-06-28T08:19:42Z</time><sat>30</sat></trkpt>
  <trkpt lat="30.27049307" lon="120.11930325"><ele>34.761</ele><time>2026-06-28T08:19:45Z</time><sat>29</sat></trkpt>
  <trkpt lat="30.27049091" lon="120.11930516"><ele>34.827</ele><time>2026-06-28T08:19:48Z</time><sat>31</sat></trkpt>
  <trkpt lat="30.27048942" lon="120.11930775"><ele>34.891</ele><time>2026-06-28T08:19:51Z</time><sat>32</sat></trkpt>
  <trkpt lat="30.27048888" lon="120.11930824"><ele>34.975</ele><time>2026-06-28T08:19:54Z</time><sat>32</sat></trkpt>
  <trkpt lat="30.27048941" lon="120.11930522"><ele>34.790</ele><time>2026-06-28T08:19:57Z</time><sat>28</sat></trkpt>
  <trkpt lat="30.27048910" lon="120.11930311"><ele>34.861</ele><time>2026-06-28T08:20:00Z</time><sat>29</sat></trkpt>
  <trkpt lat="30.27048860" lon="120.11930465"><ele>34.962</ele><time>2026-06-28T08:20:03Z</time><sat>29</sat></trkpt>
  <trkpt lat="30.27048781" lon="120.11930575"><ele>34.987</ele><time>2026-06-28T08:20:06Z</time><sat>18</sat></trkpt>
  <trkpt lat="30.27048780" lon="120.11930494"><ele>34.884</ele><time>2026-06-28T08:20:09Z</time><sat>18</sat></trkpt>
  <trkpt lat="30.27048709" lon="120.11930565"><ele>35.053</ele><time>2026-06-28T08:20:12Z</time><sat>12</sat></trkpt>
  <trkpt lat="30.27048725" lon="120.11930596"><ele>35.096</ele><time>2026-06-28T08:20:15Z</time><sat>12</sat></trkpt>
  <trkpt lat="30.27048583" lon="120.11930719"><ele>35.361</ele><time>2026-06-28T08:20:18Z</time><sat>24</sat></trkpt>
  <trkpt lat="30.27048505" lon="120.11930765"><ele>35.327</ele><time>2026-06-28T08:20:21Z</time><sat>31</sat></trkpt>
  <trkpt lat="30.27048490" lon="120.11930787"><ele>35.321</ele><time>2026-06-28T08:20:24Z</time><sat>31</sat></trkpt>
  <trkpt lat="30.27048475" lon="120.11930811"><ele>35.312</ele><time>2026-06-28T08:20:27Z</time><sat>37</sat></trkpt>
  <trkpt lat="30.27047844" lon="120.11930722"><ele>35.793</ele><time>2026-06-28T08:20:30Z</time><sat>39</sat></trkpt>
  <trkpt lat="30.27047827" lon="120.11929979"><ele>30.841</ele><time>2026-06-28T08:20:33Z</time><sat>39</sat></trkpt>
  <trkpt lat="30.27047069" lon="120.11930187"><ele>30.192</ele><time>2026-06-28T08:20:36Z</time><sat>37</sat></trkpt>
  <trkpt lat="30.27045234" lon="120.11928850"><ele>28.722</ele><time>2026-06-28T08:20:39Z</time><sat>39</sat></trkpt>
  <trkpt lat="30.27042491" lon="120.11926032"><ele>28.269</ele><time>2026-06-28T08:20:42Z</time><sat>39</sat></trkpt>
  <trkpt lat="30.27040734" lon="120.11924547"><ele>25.623</ele><time>2026-06-28T08:20:45Z</time><sat>39</sat></trkpt>
  <trkpt lat="30.27038956" lon="120.11926622"><ele>24.526</ele><time>2026-06-28T08:20:48Z</time><sat>38</sat></trkpt>
  <trkpt lat="30.27038240" lon="120.11929426"><ele>24.312</ele><time>2026-06-28T08:20:51Z</time><sat>39</sat></trkpt>
  <trkpt lat="30.27038370" lon="120.11931948"><ele>22.855</ele><time>2026-06-28T08:20:54Z</time><sat>39</sat></trkpt>
  <trkpt lat="30.27039143" lon="120.11934008"><ele>21.250</ele><time>2026-06-28T08:20:57Z</time><sat>39</sat></trkpt>
  <trkpt lat="30.27040512" lon="120.11936812"><ele>20.693</ele><time>2026-06-28T08:21:00Z</time><sat>39</sat></trkpt>
  <trkpt lat="30.27042616" lon="120.11939079"><ele>19.869</ele><time>2026-06-28T08:21:03Z</time><sat>39</sat></trkpt>
  <trkpt lat="30.27044762" lon="120.11940821"><ele>19.802</ele><time>2026-06-28T08:21:06Z</time><sat>38</sat></trkpt>
  <trkpt lat="30.27046948" lon="120.11941837"><ele>18.674</ele><time>2026-06-28T08:21:09Z</time><sat>38</sat></trkpt>
  <trkpt lat="30.27049113" lon="120.11942747"><ele>18.188</ele><time>2026-06-28T08:21:12Z</time><sat>38</sat></trkpt>
  <trkpt lat="30.27051522" lon="120.11943564"><ele>17.608</ele><time>2026-06-28T08:21:15Z</time><sat>38</sat></trkpt>
  <trkpt lat="30.27053845" lon="120.11944151"><ele>13.980</ele><time>2026-06-28T08:21:18Z</time><sat>39</sat></trkpt>
  <trkpt lat="30.27059437" lon="120.11944995"><ele>13.364</ele><time>2026-06-28T08:21:21Z</time><sat>39</sat></trkpt>
  <trkpt lat="30.27059950" lon="120.11945093"><ele>13.805</ele><time>2026-06-28T08:21:24Z</time><sat>39</sat></trkpt>
  <trkpt lat="30.27058456" lon="120.11943958"><ele>14.946</ele><time>2026-06-28T08:21:27Z</time><sat>36</sat></trkpt>
  <trkpt lat="30.27056049" lon="120.11943100"><ele>15.988</ele><time>2026-06-28T08:21:30Z</time><sat>32</sat></trkpt>
  <trkpt lat="30.27053207" lon="120.11941547"><ele>16.884</ele><time>2026-06-28T08:21:33Z</time><sat>32</sat></trkpt>
  <trkpt lat="30.27050840" lon="120.11940419"><ele>17.206</ele><time>2026-06-28T08:21:36Z</time><sat>32</sat></trkpt>
  <trkpt lat="30.27048453" lon="120.11939063"><ele>17.320</ele><time>2026-06-28T08:21:39Z</time><sat>31</sat></trkpt>
  <trkpt lat="30.27045850" lon="120.11938011"><ele>18.681</ele><time>2026-06-28T08:21:42Z</time><sat>31</sat></trkpt>
  <trkpt lat="30.27042955" lon="120.11936744"><ele>19.048</ele><time>2026-06-28T08:21:45Z</time><sat>20</sat></trkpt>
  <trkpt lat="30.27040548" lon="120.11935722"><ele>19.557</ele><time>2026-06-28T08:21:48Z</time><sat>29</sat></trkpt>
  <trkpt lat="30.27037607" lon="120.11934341"><ele>19.605</ele><time>2026-06-28T08:21:51Z</time><sat>29</sat></trkpt>
  <trkpt lat="30.27035212" lon="120.11933296"><ele>19.531</ele><time>2026-06-28T08:21:54Z</time><sat>25</sat></trkpt>
  <trkpt lat="30.27033057" lon="120.11932682"><ele>19.789</ele><time>2026-06-28T08:21:57Z</time><sat>26</sat></trkpt>
  <trkpt lat="30.27031811" lon="120.11932254"><ele>20.883</ele><time>2026-06-28T08:22:00Z</time><sat>30</sat></trkpt>
  <trkpt lat="30.27030477" lon="120.11931826"><ele>21.406</ele><time>2026-06-28T08:22:03Z</time><sat>29</sat></trkpt>
  <trkpt lat="30.27027587" lon="120.11930606"><ele>21.035</ele><time>2026-06-28T08:22:06Z</time><sat>31</sat></trkpt>
  <trkpt lat="30.27025523" lon="120.11929680"><ele>21.083</ele><time>2026-06-28T08:22:09Z</time><sat>32</sat></trkpt>
  <trkpt lat="30.27023901" lon="120.11929124"><ele>20.800</ele><time>2026-06-28T08:22:12Z</time><sat>28</sat></trkpt>
  <trkpt lat="30.27022208" lon="120.11928410"><ele>22.723</ele><time>2026-06-28T08:22:15Z</time><sat>28</sat></trkpt>
  <trkpt lat="30.27020640" lon="120.11927435"><ele>23.923</ele><time>2026-06-28T08:22:18Z</time><sat>24</sat></trkpt>
  <trkpt lat="30.27018646" lon="120.11926720"><ele>24.292</ele><time>2026-06-28T08:22:21Z</time><sat>34</sat></trkpt>
  <trkpt lat="30.27008091" lon="120.11923155"><ele>24.895</ele><time>2026-06-28T08:22:24Z</time><sat>37</sat></trkpt>
  <trkpt lat="30.27004778" lon="120.11926960"><ele>23.351</ele><time>2026-06-28T08:22:27Z</time><sat>37</sat></trkpt>
  <trkpt lat="30.27003413" lon="120.11931133"><ele>24.394</ele><time>2026-06-28T08:22:30Z</time><sat>36</sat></trkpt>
  <trkpt lat="30.27001295" lon="120.11933777"><ele>26.159</ele><time>2026-06-28T08:22:33Z</time><sat>34</sat></trkpt>
  <trkpt lat="30.27000499" lon="120.11935051"><ele>26.581</ele><time>2026-06-28T08:22:36Z</time><sat>37</sat></trkpt>
  <trkpt lat="30.27000259" lon="120.11936953"><ele>24.278</ele><time>2026-06-28T08:22:39Z</time><sat>39</sat></trkpt>
  <trkpt lat="30.26998479" lon="120.11939386"><ele>22.899</ele><time>2026-06-28T08:22:42Z</time><sat>39</sat></trkpt>
  <trkpt lat="30.26995957" lon="120.11942532"><ele>20.266</ele><time>2026-06-28T08:22:45Z</time><sat>39</sat></trkpt>
  <trkpt lat="30.26992015" lon="120.11946452"><ele>19.458</ele><time>2026-06-28T08:22:48Z</time><sat>39</sat></trkpt>
  <trkpt lat="30.26990822" lon="120.11950998"><ele>17.444</ele><time>2026-06-28T08:22:51Z</time><sat>39</sat></trkpt>
  <trkpt lat="30.26989642" lon="120.11954315"><ele>17.796</ele><time>2026-06-28T08:22:54Z</time><sat>39</sat></trkpt>
  <trkpt lat="30.26988615" lon="120.11956292"><ele>19.214</ele><time>2026-06-28T08:22:57Z</time><sat>39</sat></trkpt>
  <trkpt lat="30.26988477" lon="120.11956939"><ele>19.874</ele><time>2026-06-28T08:23:00Z</time><sat>39</sat></trkpt>
  <trkpt lat="30.26988509" lon="120.11957147"><ele>20.076</ele><time>2026-06-28T08:23:04Z</time><sat>39</sat></trkpt>
  <trkpt lat="30.26987955" lon="120.11957957"><ele>19.914</ele><time>2026-06-28T08:23:09Z</time><sat>25</sat></trkpt>
  <trkpt lat="30.26987076" lon="120.11958813"><ele>18.671</ele><time>2026-06-28T08:23:12Z</time><sat>24</sat></trkpt>
  <trkpt lat="30.26984932" lon="120.11962864"><ele>20.353</ele><time>2026-06-28T08:23:15Z</time><sat>21</sat></trkpt>
  <trkpt lat="30.26984645" lon="120.11964481"><ele>21.385</ele><time>2026-06-28T08:23:18Z</time><sat>21</sat></trkpt>
  <trkpt lat="30.26984588" lon="120.11964852"><ele>20.091</ele><time>2026-06-28T08:23:21Z</time><sat>28</sat></trkpt>
  <trkpt lat="30.26983100" lon="120.11966673"><ele>19.236</ele><time>2026-06-28T08:23:24Z</time><sat>31</sat></trkpt>
  <trkpt lat="30.26982683" lon="120.11967284"><ele>19.345</ele><time>2026-06-28T08:23:27Z</time><sat>28</sat></trkpt>
  <trkpt lat="30.26981473" lon="120.11968879"><ele>19.157</ele><time>2026-06-28T08:23:30Z</time><sat>21</sat></trkpt>
  <trkpt lat="30.26979265" lon="120.11979753"><ele>16.903</ele><time>2026-06-28T08:23:44Z</time><sat>5</sat></trkpt>
  <trkpt lat="30.26967015" lon="120.12005572"><ele>10.227</ele><time>2026-06-28T08:23:47Z</time><sat>11</sat></trkpt>
  <trkpt lat="30.26963284" lon="120.12009986"><ele>6.552</ele><time>2026-06-28T08:23:50Z</time><sat>23</sat></trkpt>
  <trkpt lat="30.26964612" lon="120.12008932"><ele>12.766</ele><time>2026-06-28T08:23:53Z</time><sat>27</sat></trkpt>
  <trkpt lat="30.26966046" lon="120.12007370"><ele>12.109</ele><time>2026-06-28T08:23:56Z</time><sat>33</sat></trkpt>
  <trkpt lat="30.26966234" lon="120.12007235"><ele>11.634</ele><time>2026-06-28T08:23:59Z</time><sat>34</sat></trkpt>
  <trkpt lat="30.26965764" lon="120.12008586"><ele>11.133</ele><time>2026-06-28T08:24:02Z</time><sat>36</sat></trkpt>
  <trkpt lat="30.26965691" lon="120.12010717"><ele>12.199</ele><time>2026-06-28T08:24:05Z</time><sat>36</sat></trkpt>
  <trkpt lat="30.26965987" lon="120.12011731"><ele>11.871</ele><time>2026-06-28T08:24:08Z</time><sat>38</sat></trkpt>
  <trkpt lat="30.26966711" lon="120.12013440"><ele>12.206</ele><time>2026-06-28T08:24:11Z</time><sat>37</sat></trkpt>
  <trkpt lat="30.26968977" lon="120.12015339"><ele>11.602</ele><time>2026-06-28T08:24:14Z</time><sat>36</sat></trkpt>
  <trkpt lat="30.26972358" lon="120.12016483"><ele>11.879</ele><time>2026-06-28T08:24:17Z</time><sat>35</sat></trkpt>
  <trkpt lat="30.26975496" lon="120.12017048"><ele>11.511</ele><time>2026-06-28T08:24:20Z</time><sat>34</sat></trkpt>
  <trkpt lat="30.26978433" lon="120.12017718"><ele>11.848</ele><time>2026-06-28T08:24:23Z</time><sat>34</sat></trkpt>
  <trkpt lat="30.26980744" lon="120.12018520"><ele>12.375</ele><time>2026-06-28T08:24:26Z</time><sat>35</sat></trkpt>
  <trkpt lat="30.26983242" lon="120.12019385"><ele>12.329</ele><time>2026-06-28T08:24:29Z</time><sat>34</sat></trkpt>
  <trkpt lat="30.26985842" lon="120.12020028"><ele>12.998</ele><time>2026-06-28T08:24:32Z</time><sat>34</sat></trkpt>
  <trkpt lat="30.26988727" lon="120.12020732"><ele>13.316</ele><time>2026-06-28T08:24:35Z</time><sat>33</sat></trkpt>
  <trkpt lat="30.26992203" lon="120.12021417"><ele>13.142</ele><time>2026-06-28T08:24:38Z</time><sat>33</sat></trkpt>
  <trkpt lat="30.26995532" lon="120.12022044"><ele>12.553</ele><time>2026-06-28T08:24:41Z</time><sat>31</sat></trkpt>
  <trkpt lat="30.26998417" lon="120.12022790"><ele>11.316</ele><time>2026-06-28T08:24:44Z</time><sat>32</sat></trkpt>
  <trkpt lat="30.27003552" lon="120.12024498"><ele>10.568</ele><time>2026-06-28T08:24:47Z</time><sat>31</sat></trkpt>
  <trkpt lat="30.27005048" lon="120.12026674"><ele>10.527</ele><time>2026-06-28T08:24:50Z</time><sat>31</sat></trkpt>
  <trkpt lat="30.27006675" lon="120.12028969"><ele>10.474</ele><time>2026-06-28T08:24:53Z</time><sat>31</sat></trkpt>
  <trkpt lat="30.27008994" lon="120.12030785"><ele>9.386</ele><time>2026-06-28T08:24:56Z</time><sat>34</sat></trkpt>
  <trkpt lat="30.27011038" lon="120.12033002"><ele>8.448</ele><time>2026-06-28T08:24:59Z</time><sat>34</sat></trkpt>
  <trkpt lat="30.27012603" lon="120.12034267"><ele>9.845</ele><time>2026-06-28T08:25:02Z</time><sat>34</sat></trkpt>
  <trkpt lat="30.27014430" lon="120.12035465"><ele>9.753</ele><time>2026-06-28T08:25:05Z</time><sat>32</sat></trkpt>
  <trkpt lat="30.27016206" lon="120.12036505"><ele>9.339</ele><time>2026-06-28T08:25:08Z</time><sat>31</sat></trkpt>
  <trkpt lat="30.27018234" lon="120.12037645"><ele>9.966</ele><time>2026-06-28T08:25:11Z</time><sat>32</sat></trkpt>
  <trkpt lat="30.27020833" lon="120.12038830"><ele>8.179</ele><time>2026-06-28T08:25:14Z</time><sat>30</sat></trkpt>
  <trkpt lat="30.27022312" lon="120.12039341"><ele>7.081</ele><time>2026-06-28T08:25:17Z</time><sat>27</sat></trkpt>
  <trkpt lat="30.27024377" lon="120.12040149"><ele>6.280</ele><time>2026-06-28T08:25:20Z</time><sat>27</sat></trkpt>
  <trkpt lat="30.27027025" lon="120.12040903"><ele>6.309</ele><time>2026-06-28T08:25:23Z</time><sat>26</sat></trkpt>
  <trkpt lat="30.27029175" lon="120.12041475"><ele>6.940</ele><time>2026-06-28T08:25:26Z</time><sat>26</sat></trkpt>
  <trkpt lat="30.27036356" lon="120.12044012"><ele>9.168</ele><time>2026-06-28T08:25:29Z</time><sat>25</sat></trkpt>
  <trkpt lat="30.27037206" lon="120.12043891"><ele>10.532</ele><time>2026-06-28T08:25:32Z</time><sat>27</sat></trkpt>
  <trkpt lat="30.27037360" lon="120.12043832"><ele>10.495</ele><time>2026-06-28T08:25:35Z</time><sat>28</sat></trkpt>
  <trkpt lat="30.27037365" lon="120.12043956"><ele>10.527</ele><time>2026-06-28T08:25:38Z</time><sat>28</sat></trkpt>
  <trkpt lat="30.27037369" lon="120.12044023"><ele>10.480</ele><time>2026-06-28T08:25:41Z</time><sat>23</sat></trkpt>
  <trkpt lat="30.27037403" lon="120.12044032"><ele>10.547</ele><time>2026-06-28T08:25:44Z</time><sat>20</sat></trkpt>
  <trkpt lat="30.27037424" lon="120.12044055"><ele>10.527</ele><time>2026-06-28T08:25:47Z</time><sat>20</sat></trkpt>
  <trkpt lat="30.27044866" lon="120.12045885"><ele>9.189</ele><time>2026-06-28T08:25:50Z</time><sat>22</sat></trkpt>
  <trkpt lat="30.27049481" lon="120.12046514"><ele>8.624</ele><time>2026-06-28T08:25:53Z</time><sat>23</sat></trkpt>
  <trkpt lat="30.27048833" lon="120.12046717"><ele>8.699</ele><time>2026-06-28T08:25:56Z</time><sat>19</sat></trkpt>
  <trkpt lat="30.27048361" lon="120.12046828"><ele>8.957</ele><time>2026-06-28T08:25:59Z</time><sat>22</sat></trkpt>
  <trkpt lat="30.27047882" lon="120.12046877"><ele>9.165</ele><time>2026-06-28T08:26:02Z</time><sat>19</sat></trkpt>
  <trkpt lat="30.27047818" lon="120.12046891"><ele>9.161</ele><time>2026-06-28T08:26:05Z</time><sat>10</sat></trkpt>
  <trkpt lat="30.27047803" lon="120.12046971"><ele>9.133</ele><time>2026-06-28T08:26:08Z</time><sat>8</sat></trkpt>
  <trkpt lat="30.27047766" lon="120.12047082"><ele>8.884</ele><time>2026-06-28T08:26:11Z</time><sat>12</sat></trkpt>
  <trkpt lat="30.27047760" lon="120.12047106"><ele>8.877</ele><time>2026-06-28T08:26:14Z</time><sat>10</sat></trkpt>
  <trkpt lat="30.27047753" lon="120.12047111"><ele>8.868</ele><time>2026-06-28T08:26:17Z</time><sat>7</sat></trkpt>
  <trkpt lat="30.27047749" lon="120.12047113"><ele>8.868</ele><time>2026-06-28T08:26:20Z</time><sat>5</sat></trkpt>
  <trkpt lat="30.27047732" lon="120.12047115"><ele>8.802</ele><time>2026-06-28T08:26:23Z</time><sat>4</sat></trkpt>
  <trkpt lat="30.27047694" lon="120.12047136"><ele>8.584</ele><time>2026-06-28T08:26:26Z</time><sat>6</sat></trkpt>
  <trkpt lat="30.27047713" lon="120.12047271"><ele>8.193</ele><time>2026-06-28T08:26:29Z</time><sat>7</sat></trkpt>
  <trkpt lat="30.27047739" lon="120.12047308"><ele>8.243</ele><time>2026-06-28T08:26:32Z</time><sat>7</sat></trkpt>
  <trkpt lat="30.27047762" lon="120.12047329"><ele>8.162</ele><time>2026-06-28T08:26:35Z</time><sat>7</sat></trkpt>
  <trkpt lat="30.27047765" lon="120.12047332"><ele>8.162</ele><time>2026-06-28T08:26:38Z</time><sat>7</sat></trkpt>
  <trkpt lat="30.27031788" lon="120.12057184"><ele>4.020</ele><time>2026-06-28T08:26:41Z</time><sat>4</sat></trkpt>
  <trkpt lat="30.27047761" lon="120.12047334"><ele>8.163</ele><time>2026-06-28T08:26:44Z</time><sat>2</sat></trkpt>
  <trkpt lat="30.27047758" lon="120.12047336"><ele>8.157</ele><time>2026-06-28T08:26:47Z</time><sat>3</sat></trkpt>
  <trkpt lat="30.27047777" lon="120.12047347"><ele>8.100</ele><time>2026-06-28T08:26:50Z</time><sat>7</sat></trkpt>
  <trkpt lat="30.27047774" lon="120.12047361"><ele>8.102</ele><time>2026-06-28T08:26:53Z</time><sat>8</sat></trkpt>
  <trkpt lat="30.27047777" lon="120.12047370"><ele>8.102</ele><time>2026-06-28T08:26:56Z</time><sat>13</sat></trkpt>
  <trkpt lat="30.27047777" lon="120.12047371"><ele>8.102</ele><time>2026-06-28T08:26:59Z</time><sat>13</sat></trkpt>
  <trkpt lat="30.27059468" lon="120.12061137"><ele>-6.590</ele><time>2026-06-28T08:27:02Z</time><sat>9</sat></trkpt>
  <trkpt lat="30.27061955" lon="120.12061333"><ele>-6.549</ele><time>2026-06-28T08:27:05Z</time><sat>5</sat></trkpt>
  <trkpt lat="30.27047930" lon="120.12047406"><ele>8.218</ele><time>2026-06-28T08:27:08Z</time><sat>2</sat></trkpt>
  <trkpt lat="30.27047970" lon="120.12047419"><ele>8.219</ele><time>2026-06-28T08:27:11Z</time><sat>8</sat></trkpt>
  <trkpt lat="30.27048089" lon="120.12047552"><ele>9.074</ele><time>2026-06-28T08:27:14Z</time><sat>10</sat></trkpt>
  <trkpt lat="30.27048126" lon="120.12047599"><ele>9.084</ele><time>2026-06-28T08:27:17Z</time><sat>14</sat></trkpt>
  <trkpt lat="30.27048131" lon="120.12047604"><ele>9.084</ele><time>2026-06-28T08:27:20Z</time><sat>14</sat></trkpt>
  <trkpt lat="30.27048160" lon="120.12047609"><ele>9.091</ele><time>2026-06-28T08:27:23Z</time><sat>4</sat></trkpt>
  <trkpt lat="30.27048232" lon="120.12047617"><ele>9.095</ele><time>2026-06-28T08:27:26Z</time><sat>2</sat></trkpt>
  <trkpt lat="30.27048897" lon="120.12047792"><ele>9.543</ele><time>2026-06-28T08:27:29Z</time><sat>12</sat></trkpt>
  <trkpt lat="30.27049076" lon="120.12047859"><ele>9.524</ele><time>2026-06-28T08:27:32Z</time><sat>17</sat></trkpt>
  <trkpt lat="30.27049091" lon="120.12047865"><ele>9.530</ele><time>2026-06-28T08:27:35Z</time><sat>16</sat></trkpt>
  <trkpt lat="30.27049088" lon="120.12047863"><ele>9.530</ele><time>2026-06-28T08:27:38Z</time><sat>6</sat></trkpt>
  <trkpt lat="30.27049094" lon="120.12047867"><ele>9.521</ele><time>2026-06-28T08:27:41Z</time><sat>3</sat></trkpt>
  <trkpt lat="30.27049103" lon="120.12047871"><ele>9.521</ele><time>2026-06-28T08:27:44Z</time><sat>7</sat></trkpt>
  <trkpt lat="30.27049104" lon="120.12047871"><ele>9.521</ele><time>2026-06-28T08:27:47Z</time><sat>7</sat></trkpt>
  <trkpt lat="30.27049063" lon="120.12047858"><ele>9.527</ele><time>2026-06-28T08:27:50Z</time><sat>2</sat></trkpt>
  <trkpt lat="30.27049593" lon="120.12048085"><ele>10.424</ele><time>2026-06-28T08:27:53Z</time><sat>3</sat></trkpt>
  <trkpt lat="30.27049789" lon="120.12048168"><ele>10.462</ele><time>2026-06-28T08:27:56Z</time><sat>3</sat></trkpt>
  <trkpt lat="30.27049805" lon="120.12048174"><ele>10.470</ele><time>2026-06-28T08:27:59Z</time><sat>2</sat></trkpt>
  <trkpt lat="30.27049595" lon="120.12048197"><ele>10.196</ele><time>2026-06-28T08:28:19Z</time><sat>10</sat></trkpt>
  <trkpt lat="30.27049595" lon="120.12048196"><ele>10.273</ele><time>2026-06-28T08:28:22Z</time><sat>9</sat></trkpt>
  <trkpt lat="30.27049587" lon="120.12048224"><ele>10.361</ele><time>2026-06-28T08:28:25Z</time><sat>6</sat></trkpt>
  <trkpt lat="30.27049586" lon="120.12048238"><ele>10.352</ele><time>2026-06-28T08:28:28Z</time><sat>9</sat></trkpt>
  <trkpt lat="30.27049598" lon="120.12048251"><ele>10.408</ele><time>2026-06-28T08:28:31Z</time><sat>10</sat></trkpt>
  <trkpt lat="30.27049612" lon="120.12048277"><ele>10.350</ele><time>2026-06-28T08:28:34Z</time><sat>8</sat></trkpt>
  <trkpt lat="30.27049327" lon="120.12049030"><ele>9.978</ele><time>2026-06-28T08:28:37Z</time><sat>9</sat></trkpt>
  <trkpt lat="30.27048725" lon="120.12051632"><ele>9.906</ele><time>2026-06-28T08:28:40Z</time><sat>12</sat></trkpt>
  <trkpt lat="30.27048638" lon="120.12051947"><ele>9.906</ele><time>2026-06-28T08:28:43Z</time><sat>11</sat></trkpt>
  <trkpt lat="30.27048598" lon="120.12052008"><ele>9.992</ele><time>2026-06-28T08:28:46Z</time><sat>5</sat></trkpt>
  <trkpt lat="30.27045985" lon="120.12052778"><ele>10.275</ele><time>2026-06-28T08:28:49Z</time><sat>3</sat></trkpt>
  <trkpt lat="30.27046127" lon="120.12053071"><ele>9.697</ele><time>2026-06-28T08:28:52Z</time><sat>7</sat></trkpt>
  <trkpt lat="30.27046003" lon="120.12053206"><ele>9.697</ele><time>2026-06-28T08:28:55Z</time><sat>8</sat></trkpt>
  <trkpt lat="30.27002809" lon="120.12088821"><ele>29.091</ele><time>2026-06-28T08:28:58Z</time><sat>5</sat></trkpt>
  <trkpt lat="30.27041398" lon="120.12055111"><ele>6.759</ele><time>2026-06-28T08:29:01Z</time><sat>3</sat></trkpt>
  <trkpt lat="30.27037529" lon="120.12057291"><ele>4.828</ele><time>2026-06-28T08:29:04Z</time><sat>6</sat></trkpt>
  <trkpt lat="30.27032277" lon="120.12059084"><ele>4.511</ele><time>2026-06-28T08:29:07Z</time><sat>13</sat></trkpt>
  <trkpt lat="30.27028164" lon="120.12059303"><ele>4.194</ele><time>2026-06-28T08:29:10Z</time><sat>12</sat></trkpt>
  <trkpt lat="30.27028104" lon="120.12059295"><ele>4.923</ele><time>2026-06-28T08:29:13Z</time><sat>13</sat></trkpt>
  <trkpt lat="30.27028519" lon="120.12059001"><ele>4.924</ele><time>2026-06-28T08:29:16Z</time><sat>10</sat></trkpt>
  <trkpt lat="30.27030113" lon="120.12058373"><ele>5.042</ele><time>2026-06-28T08:29:19Z</time><sat>4</sat></trkpt>
  <trkpt lat="30.27036613" lon="120.12058170"><ele>5.444</ele><time>2026-06-28T08:29:22Z</time><sat>2</sat></trkpt>
  <trkpt lat="30.27007468" lon="120.12072372"><ele>22.433</ele><time>2026-06-28T08:31:20Z</time><sat>2</sat></trkpt>
  <trkpt lat="30.26991584" lon="120.12085122"><ele>14.855</ele><time>2026-06-28T08:31:41Z</time><sat>2</sat></trkpt>
  <trkpt lat="30.26997501" lon="120.12065461"><ele>15.615</ele><time>2026-06-28T08:34:21Z</time></trkpt>
  <trkpt lat="30.26996925" lon="120.12065853"><ele>14.403</ele><time>2026-06-28T08:34:24Z</time></trkpt>
  <trkpt lat="30.26996531" lon="120.12066323"><ele>14.448</ele><time>2026-06-28T08:34:27Z</time></trkpt>
  <trkpt lat="30.26996175" lon="120.12065731"><ele>19.735</ele><time>2026-06-28T08:34:30Z</time></trkpt>
  <trkpt lat="30.26996738" lon="120.12065586"><ele>14.832</ele><time>2026-06-28T08:34:34Z</time></trkpt>
  <trkpt lat="30.26999171" lon="120.12065218"><ele>14.808</ele><time>2026-06-28T08:34:39Z</time></trkpt>
  <trkpt lat="30.26999644" lon="120.12065760"><ele>13.518</ele><time>2026-06-28T08:34:42Z</time></trkpt>
  <trkpt lat="30.26999558" lon="120.12067248"><ele>13.332</ele><time>2026-06-28T08:34:45Z</time></trkpt>
  <trkpt lat="30.26999282" lon="120.12066036"><ele>12.811</ele><time>2026-06-28T08:34:48Z</time></trkpt>
  <trkpt lat="30.26999065" lon="120.12065044"><ele>12.811</ele><time>2026-06-28T08:34:51Z</time></trkpt>
  <trkpt lat="30.26998536" lon="120.12065437"><ele>11.749</ele><time>2026-06-28T08:34:57Z</time></trkpt>
  <trkpt lat="30.26997714" lon="120.12067251"><ele>11.391</ele><time>2026-06-28T08:35:02Z</time></trkpt>
  <trkpt lat="30.26997245" lon="120.12067327"><ele>10.797</ele><time>2026-06-28T08:35:05Z</time></trkpt>
  <trkpt lat="30.26997293" lon="120.12064452"><ele>19.897</ele><time>2026-06-28T08:41:03Z</time><sat>2</sat></trkpt>
  <trkpt lat="30.26997230" lon="120.12064144"><ele>19.397</ele><time>2026-06-28T08:41:25Z</time><sat>3</sat></trkpt>
  <trkpt lat="30.26997521" lon="120.12064103"><ele>20.402</ele><time>2026-06-28T08:42:23Z</time><sat>1</sat></trkpt>
  <trkpt lat="30.26997606" lon="120.12064106"><ele>21.193</ele><time>2026-06-28T08:42:39Z</time><sat>4</sat></trkpt>
  <trkpt lat="30.26997581" lon="120.12064096"><ele>18.319</ele><time>2026-06-28T08:42:42Z</time><sat>2</sat></trkpt>
  <trkpt lat="30.26997619" lon="120.12064122"><ele>20.931</ele><time>2026-06-28T08:42:45Z</time><sat>4</sat></trkpt>
  <trkpt lat="30.26997615" lon="120.12064117"><ele>20.553</ele><time>2026-06-28T08:42:48Z</time><sat>5</sat></trkpt>
  <trkpt lat="30.26997622" lon="120.12064132"><ele>21.259</ele><time>2026-06-28T08:42:51Z</time><sat>4</sat></trkpt>
  <trkpt lat="30.26997639" lon="120.12064059"><ele>19.360</ele><time>2026-06-28T08:43:11Z</time></trkpt>
  <trkpt lat="30.26997643" lon="120.12064073"><ele>19.988</ele><time>2026-06-28T08:43:14Z</time></trkpt>
  <trkpt lat="30.26997720" lon="120.12063988"><ele>27.442</ele><time>2026-06-28T08:43:28Z</time></trkpt>
  <trkpt lat="30.26997745" lon="120.12063959"><ele>29.774</ele><time>2026-06-28T08:43:32Z</time></trkpt>
  <trkpt lat="30.26997751" lon="120.12063984"><ele>30.677</ele><time>2026-06-28T08:43:35Z</time></trkpt>
  <trkpt lat="30.26997754" lon="120.12064018"><ele>31.241</ele><time>2026-06-28T08:43:38Z</time></trkpt>
  <trkpt lat="30.26997763" lon="120.12064061"><ele>33.612</ele><time>2026-06-28T08:44:07Z</time></trkpt>
  <trkpt lat="30.26997766" lon="120.12064118"><ele>34.552</ele><time>2026-06-28T08:44:11Z</time></trkpt>
  <trkpt lat="30.26997774" lon="120.12064137"><ele>36.069</ele><time>2026-06-28T08:44:14Z</time></trkpt>
  <trkpt lat="30.26997762" lon="120.12063946"><ele>32.587</ele><time>2026-06-28T08:44:17Z</time></trkpt>
  <trkpt lat="30.26997765" lon="120.12063935"><ele>32.945</ele><time>2026-06-28T08:44:20Z</time></trkpt>
  <trkpt lat="30.26997770" lon="120.12063983"><ele>34.924</ele><time>2026-06-28T08:44:23Z</time></trkpt>
  <trkpt lat="30.26997778" lon="120.12063969"><ele>36.019</ele><time>2026-06-28T08:44:26Z</time></trkpt>
  <trkpt lat="30.26997777" lon="120.12063898"><ele>35.394</ele><time>2026-06-28T08:44:29Z</time></trkpt>
  <trkpt lat="30.26997777" lon="120.12063900"><ele>35.433</ele><time>2026-06-28T08:44:32Z</time></trkpt>
  <trkpt lat="30.26997791" lon="120.12063910"><ele>38.548</ele><time>2026-06-28T08:44:35Z</time></trkpt>
  <trkpt lat="30.26997790" lon="120.12063911"><ele>38.432</ele><time>2026-06-28T08:44:38Z</time></trkpt>
  <trkpt lat="30.26997790" lon="120.12063915"><ele>38.505</ele><time>2026-06-28T08:44:41Z</time><sat>3</sat></trkpt>
  <trkpt lat="30.26997802" lon="120.12063921"><ele>42.056</ele><time>2026-06-28T08:44:55Z</time><sat>2</sat></trkpt>
  <trkpt lat="30.26997799" lon="120.12063916"><ele>42.169</ele><time>2026-06-28T08:44:59Z</time></trkpt>
  <trkpt lat="30.26997804" lon="120.12063910"><ele>42.903</ele><time>2026-06-28T08:45:02Z</time></trkpt>
 </trkseg>
</trk>

</gpx>
 