<?xml version="1.0" encoding="UTF-8"?>
<!-- Created with BasicAirData GPS Logger for Android - ver. 3.3.0 -->
<!-- Track 391 = 4149 TrackPoints + 0 Placemarks -->

<!-- Track Statistics (based on Total Time | Time in Movement): -->
<!--  Distance = 38 米 -->
<!--  Duration = 07:39:40 | 00:03 -->
<!--  Altitude Gap = 20 米 -->
<!--  Max Speed = 3 公里/时 -->
<!--  Avg Speed = 0.0 | 46.0 公里/时 -->
<!--  Direction = 233° -->
<!--  Activity = walking -->
<!--  Altitudes = Corrected using EGM96 grid (bilinear interpolation) -->

<gpx version="1.1"
     creator="BasicAirData GPS Logger 3.3.0"
     xmlns="http://www.topografix.com/GPX/1/1"
     xmlns:xsi="http://www.w3.org/2001/XMLSchema-instance"
     xsi:schemaLocation="http://www.topografix.com/GPX/1/1 http://www.topografix.com/GPX/1/1/gpx.xsd">
<metadata> 
 <name>GPS Logger 20260602-004921</name>
 <time>2026-08-05T14:29:15Z</time>
 <keywords>walking</keywords>
 <bounds minlat="30.26959025" minlon="120.12059730" maxlat="30.26999781" maxlon="120.12093777" />
</metadata>

<trk>
 <name>轨迹 20260602-004921</name>
 <trkseg>
  <trkpt lat="30.26999781" lon="120.12088776"><ele>16.560</ele><time>2026-06-01T16:49:21Z</time><sat>10</sat></trkpt>
  <trkpt lat="30.26999184" lon="120.12093777"><ele>16.578</ele><time>2026-06-01T16:49:24Z</time><sat>10</sat></trkpt>
  <trkpt lat="30.26998562" lon="120.12091768"><ele>16.560</ele><time>2026-06-01T16:49:27Z</time><sat>10</sat></trkpt>
  <trkpt lat="30.26998037" lon="120.12091814"><ele>16.552</ele><time>2026-06-01T16:49:30Z</time><sat>11</sat></trkpt>
  <trkpt lat="30.26996377" lon="120.12091138"><ele>16.573</ele><time>2026-06-01T16:49:33Z</time><sat>11</sat></trkpt>
  <trkpt lat="30.26995390" lon="120.12091336"><ele>16.566</ele><time>2026-06-01T16:49:36Z</time><sat>10</sat></trkpt>
  <trkpt lat="30.26994966" lon="120.12088539"><ele>16.612</ele><time>2026-06-01T16:49:39Z</time><sat>11</sat></trkpt>
  <trkpt lat="30.26995545" lon="120.12087661"><ele>16.621</ele><time>2026-06-01T16:49:42Z</time><sat>15</sat></trkpt>
  <trkpt lat="30.26995819" lon="120.12086457"><ele>16.632</ele><time>2026-06-01T16:49:45Z</time><sat>16</sat></trkpt>
  <trkpt lat="30.26995148" lon="120.12086454"><ele>16.629</ele><time>2026-06-01T16:49:48Z</time><sat>11</sat></trkpt>
  <trkpt lat="30.26995321" lon="120.12085787"><ele>16.641</ele><time>2026-06-01T16:49:51Z</time><sat>10</sat></trkpt>
  <trkpt lat="30.26995288" lon="120.12085798"><ele>16.639</ele><time>2026-06-01T16:49:54Z</time><sat>11</sat></trkpt>
  <trkpt lat="30.26996527" lon="120.12083452"><ele>16.671</ele><time>2026-06-01T16:49:57Z</time><sat>11</sat></trkpt>
  <trkpt lat="30.26995968" lon="120.12082561"><ele>16.669</ele><time>2026-06-01T16:50:00Z</time><sat>10</sat></trkpt>
  <trkpt lat="30.26995306" lon="120.12082785"><ele>16.662</ele><time>2026-06-01T16:50:03Z</time><sat>11</sat></trkpt>
  <trkpt lat="30.26997204" lon="120.12081924"><ele>16.669</ele><time>2026-06-01T16:50:06Z</time><sat>10</sat></trkpt>
  <trkpt lat="30.26997192" lon="120.12081915"><ele>16.670</ele><time>2026-06-01T16:50:09Z</time><sat>10</sat></trkpt>
  <trkpt lat="30.26997349" lon="120.12081800"><ele>16.670</ele><time>2026-06-01T16:50:12Z</time><sat>10</sat></trkpt>
  <trkpt lat="30.26997756" lon="120.12081617"><ele>16.672</ele><time>2026-06-01T16:50:17Z</time><sat>8</sat></trkpt>
  <trkpt lat="30.26998525" lon="120.12081418"><ele>16.668</ele><time>2026-06-01T16:50:20Z</time><sat>9</sat></trkpt>
  <trkpt lat="30.26998488" lon="120.12081357"><ele>16.667</ele><time>2026-06-01T16:50:23Z</time><sat>10</sat></trkpt>
  <trkpt lat="30.26998697" lon="120.12081302"><ele>16.668</ele><time>2026-06-01T16:50:26Z</time><sat>8</sat></trkpt>
  <trkpt lat="30.26998808" lon="120.12080929"><ele>16.676</ele><time>2026-06-01T16:50:29Z</time><sat>8</sat></trkpt>
  <trkpt lat="30.26998751" lon="120.12081412"><ele>16.666</ele><time>2026-06-01T16:50:32Z</time><sat>10</sat></trkpt>
  <trkpt lat="30.26998714" lon="120.12082341"><ele>16.646</ele><time>2026-06-01T16:50:35Z</time><sat>11</sat></trkpt>
  <trkpt lat="30.26998986" lon="120.12081170"><ele>16.670</ele><time>2026-06-01T16:50:38Z</time><sat>12</sat></trkpt>
  <trkpt lat="30.26999111" lon="120.12080325"><ele>16.690</ele><time>2026-06-01T16:50:41Z</time><sat>13</sat></trkpt>
  <trkpt lat="30.26999220" lon="120.12080214"><ele>16.691</ele><time>2026-06-01T16:50:44Z</time><sat>11</sat></trkpt>
  <trkpt lat="30.26999222" lon="120.12080184"><ele>16.691</ele><time>2026-06-01T16:50:47Z</time><sat>10</sat></trkpt>
  <trkpt lat="30.26999222" lon="120.12079939"><ele>16.697</ele><time>2026-06-01T16:50:50Z</time><sat>10</sat></trkpt>
  <trkpt lat="30.26999042" lon="120.12080259"><ele>16.689</ele><time>2026-06-01T16:50:53Z</time><sat>11</sat></trkpt>
  <trkpt lat="30.26999207" lon="120.12080161"><ele>16.689</ele><time>2026-06-01T16:50:56Z</time><sat>9</sat></trkpt>
  <trkpt lat="30.26999120" lon="120.12080124"><ele>16.691</ele><time>2026-06-01T16:50:59Z</time><sat>9</sat></trkpt>
  <trkpt lat="30.26999115" lon="120.12079574"><ele>16.703</ele><time>2026-06-01T16:51:02Z</time><sat>10</sat></trkpt>
  <trkpt lat="30.26999072" lon="120.12079513"><ele>16.703</ele><time>2026-06-01T16:51:05Z</time><sat>12</sat></trkpt>
  <trkpt lat="30.26999127" lon="120.12079481"><ele>16.704</ele><time>2026-06-01T16:51:08Z</time><sat>9</sat></trkpt>
  <trkpt lat="30.26999091" lon="120.12079407"><ele>16.705</ele><time>2026-06-01T16:51:11Z</time><sat>6</sat></trkpt>
  <trkpt lat="30.26999111" lon="120.12079595"><ele>16.702</ele><time>2026-06-01T16:51:14Z</time><sat>6</sat></trkpt>
  <trkpt lat="30.26999106" lon="120.12079575"><ele>16.702</ele><time>2026-06-01T16:51:17Z</time><sat>9</sat></trkpt>
  <trkpt lat="30.26999073" lon="120.12079447"><ele>16.703</ele><time>2026-06-01T16:51:20Z</time><sat>9</sat></trkpt>
  <trkpt lat="30.26999066" lon="120.12079506"><ele>16.701</ele><time>2026-06-01T16:51:23Z</time><sat>8</sat></trkpt>
  <trkpt lat="30.26999074" lon="120.12079518"><ele>16.700</ele><time>2026-06-01T16:51:26Z</time><sat>8</sat></trkpt>
  <trkpt lat="30.26999051" lon="120.12079410"><ele>16.702</ele><time>2026-06-01T16:51:29Z</time><sat>7</sat></trkpt>
  <trkpt lat="30.26999125" lon="120.12079357"><ele>16.701</ele><time>2026-06-01T16:51:32Z</time><sat>8</sat></trkpt>
  <trkpt lat="30.26998871" lon="120.12079282"><ele>16.702</ele><time>2026-06-01T16:51:35Z</time><sat>10</sat></trkpt>
  <trkpt lat="30.26992395" lon="120.12077950"><ele>16.747</ele><time>2026-06-01T16:51:38Z</time><sat>9</sat></trkpt>
  <trkpt lat="30.26993112" lon="120.12078060"><ele>16.743</ele><time>2026-06-01T16:51:41Z</time><sat>7</sat></trkpt>
  <trkpt lat="30.26992600" lon="120.12077925"><ele>16.746</ele><time>2026-06-01T16:51:44Z</time><sat>9</sat></trkpt>
  <trkpt lat="30.26992393" lon="120.12077811"><ele>16.747</ele><time>2026-06-01T16:51:47Z</time><sat>10</sat></trkpt>
  <trkpt lat="30.26992302" lon="120.12077789"><ele>16.748</ele><time>2026-06-01T16:51:50Z</time><sat>7</sat></trkpt>
  <trkpt lat="30.26992302" lon="120.12077764"><ele>16.748</ele><time>2026-06-01T16:51:53Z</time><sat>8</sat></trkpt>
  <trkpt lat="30.26992302" lon="120.12077741"><ele>16.748</ele><time>2026-06-01T16:51:56Z</time><sat>9</sat></trkpt>
  <trkpt lat="30.26992301" lon="120.12077738"><ele>16.748</ele><time>2026-06-01T16:51:59Z</time><sat>8</sat></trkpt>
  <trkpt lat="30.26992299" lon="120.12077711"><ele>16.748</ele><time>2026-06-01T16:52:02Z</time><sat>6</sat></trkpt>
  <trkpt lat="30.26992298" lon="120.12077702"><ele>16.748</ele><time>2026-06-01T16:52:05Z</time><sat>6</sat></trkpt>
  <trkpt lat="30.26992296" lon="120.12077701"><ele>16.748</ele><time>2026-06-01T16:52:08Z</time><sat>6</sat></trkpt>
  <trkpt lat="30.26992295" lon="120.12077679"><ele>16.748</ele><time>2026-06-01T16:52:11Z</time><sat>7</sat></trkpt>
  <trkpt lat="30.26992291" lon="120.12077654"><ele>16.747</ele><time>2026-06-01T16:52:14Z</time><sat>7</sat></trkpt>
  <trkpt lat="30.26992528" lon="120.12077534"><ele>16.753</ele><time>2026-06-01T16:52:17Z</time><sat>4</sat></trkpt>
  <trkpt lat="30.26992224" lon="120.12077664"><ele>16.747</ele><time>2026-06-01T16:52:20Z</time><sat>6</sat></trkpt>
  <trkpt lat="30.26992254" lon="120.12077684"><ele>16.747</ele><time>2026-06-01T16:52:23Z</time><sat>8</sat></trkpt>
  <trkpt lat="30.26992258" lon="120.12077683"><ele>16.747</ele><time>2026-06-01T16:52:26Z</time><sat>11</sat></trkpt>
  <trkpt lat="30.26992262" lon="120.12077672"><ele>16.748</ele><time>2026-06-01T16:52:29Z</time><sat>7</sat></trkpt>
  <trkpt lat="30.26992262" lon="120.12077660"><ele>16.748</ele><time>2026-06-01T16:52:32Z</time><sat>7</sat></trkpt>
  <trkpt lat="30.26992244" lon="120.12077531"><ele>16.748</ele><time>2026-06-01T16:52:35Z</time><sat>8</sat></trkpt>
  <trkpt lat="30.26992243" lon="120.12077537"><ele>16.748</ele><time>2026-06-01T16:52:38Z</time><sat>8</sat></trkpt>
  <trkpt lat="30.26992228" lon="120.12077587"><ele>16.748</ele><time>2026-06-01T16:52:41Z</time><sat>7</sat></trkpt>
  <trkpt lat="30.26992218" lon="120.12077609"><ele>16.747</ele><time>2026-06-01T16:52:44Z</time><sat>8</sat></trkpt>
  <trkpt lat="30.26992171" lon="120.12077418"><ele>16.748</ele><time>2026-06-01T16:52:47Z</time><sat>8</sat></trkpt>
  <trkpt lat="30.26992330" lon="120.12077238"><ele>16.751</ele><time>2026-06-01T16:52:50Z</time><sat>8</sat></trkpt>
  <trkpt lat="30.26992482" lon="120.12077095"><ele>16.752</ele><time>2026-06-01T16:52:53Z</time><sat>9</sat></trkpt>
  <trkpt lat="30.26992453" lon="120.12077144"><ele>16.752</ele><time>2026-06-01T16:52:56Z</time><sat>7</sat></trkpt>
  <trkpt lat="30.26993232" lon="120.12076735"><ele>16.775</ele><time>2026-06-01T16:52:59Z</time><sat>7</sat></trkpt>
  <trkpt lat="30.26993947" lon="120.12076117"><ele>16.798</ele><time>2026-06-01T16:53:02Z</time><sat>10</sat></trkpt>
  <trkpt lat="30.26994282" lon="120.12075828"><ele>16.801</ele><time>2026-06-01T16:53:05Z</time><sat>9</sat></trkpt>
  <trkpt lat="30.26994349" lon="120.12075853"><ele>16.805</ele><time>2026-06-01T16:53:08Z</time><sat>13</sat></trkpt>
  <trkpt lat="30.26994432" lon="120.12075628"><ele>16.805</ele><time>2026-06-01T16:53:11Z</time><sat>11</sat></trkpt>
  <trkpt lat="30.26994509" lon="120.12075518"><ele>16.806</ele><time>2026-06-01T16:53:14Z</time><sat>9</sat></trkpt>
  <trkpt lat="30.26994528" lon="120.12075417"><ele>16.805</ele><time>2026-06-01T16:53:17Z</time><sat>10</sat></trkpt>
  <trkpt lat="30.26994551" lon="120.12075399"><ele>16.806</ele><time>2026-06-01T16:53:20Z</time><sat>10</sat></trkpt>
  <trkpt lat="30.26994655" lon="120.12075331"><ele>16.809</ele><time>2026-06-01T16:53:23Z</time><sat>9</sat></trkpt>
  <trkpt lat="30.26994680" lon="120.12075076"><ele>16.811</ele><time>2026-06-01T16:53:26Z</time><sat>8</sat></trkpt>
  <trkpt lat="30.26994712" lon="120.12075091"><ele>16.812</ele><time>2026-06-01T16:53:29Z</time><sat>9</sat></trkpt>
  <trkpt lat="30.26994781" lon="120.12075075"><ele>16.814</ele><time>2026-06-01T16:53:32Z</time><sat>10</sat></trkpt>
  <trkpt lat="30.26994744" lon="120.12075114"><ele>16.812</ele><time>2026-06-01T16:53:35Z</time><sat>10</sat></trkpt>
  <trkpt lat="30.26994772" lon="120.12075109"><ele>16.812</ele><time>2026-06-01T16:53:38Z</time><sat>9</sat></trkpt>
  <trkpt lat="30.26994788" lon="120.12075084"><ele>16.813</ele><time>2026-06-01T16:53:41Z</time><sat>8</sat></trkpt>
  <trkpt lat="30.26994825" lon="120.12075064"><ele>16.815</ele><time>2026-06-01T16:53:44Z</time><sat>8</sat></trkpt>
  <trkpt lat="30.26994687" lon="120.12075114"><ele>16.810</ele><time>2026-06-01T16:53:47Z</time><sat>9</sat></trkpt>
  <trkpt lat="30.26994192" lon="120.12074785"><ele>16.811</ele><time>2026-06-01T16:53:50Z</time><sat>9</sat></trkpt>
  <trkpt lat="30.26994205" lon="120.12074755"><ele>16.812</ele><time>2026-06-01T16:53:53Z</time><sat>10</sat></trkpt>
  <trkpt lat="30.26994229" lon="120.12074751"><ele>16.813</ele><time>2026-06-01T16:53:56Z</time><sat>10</sat></trkpt>
  <trkpt lat="30.26993608" lon="120.12074369"><ele>16.813</ele><time>2026-06-01T16:53:59Z</time><sat>9</sat></trkpt>
  <trkpt lat="30.26993630" lon="120.12074336"><ele>16.815</ele><time>2026-06-01T16:54:02Z</time><sat>10</sat></trkpt>
  <trkpt lat="30.26993647" lon="120.12074331"><ele>16.815</ele><time>2026-06-01T16:54:05Z</time><sat>9</sat></trkpt>
  <trkpt lat="30.26993615" lon="120.12074351"><ele>16.814</ele><time>2026-06-01T16:54:08Z</time><sat>8</sat></trkpt>
  <trkpt lat="30.26993677" lon="120.12074296"><ele>16.818</ele><time>2026-06-01T16:54:11Z</time><sat>9</sat></trkpt>
  <trkpt lat="30.26993709" lon="120.12074275"><ele>16.820</ele><time>2026-06-01T16:54:14Z</time><sat>7</sat></trkpt>
  <trkpt lat="30.26993740" lon="120.12074269"><ele>16.822</ele><time>2026-06-01T16:54:17Z</time><sat>8</sat></trkpt>
  <trkpt lat="30.26993796" lon="120.12074254"><ele>16.825</ele><time>2026-06-01T16:54:20Z</time><sat>10</sat></trkpt>
  <trkpt lat="30.26993759" lon="120.12074274"><ele>16.824</ele><time>2026-06-01T16:54:23Z</time><sat>11</sat></trkpt>
  <trkpt lat="30.26993742" lon="120.12074293"><ele>16.823</ele><time>2026-06-01T16:54:26Z</time><sat>8</sat></trkpt>
  <trkpt lat="30.26993748" lon="120.12074348"><ele>16.825</ele><time>2026-06-01T16:54:29Z</time><sat>8</sat></trkpt>
  <trkpt lat="30.26993738" lon="120.12074349"><ele>16.826</ele><time>2026-06-01T16:54:32Z</time><sat>10</sat></trkpt>
  <trkpt lat="30.26993773" lon="120.12074341"><ele>16.827</ele><time>2026-06-01T16:54:35Z</time><sat>11</sat></trkpt>
  <trkpt lat="30.26993782" lon="120.12074327"><ele>16.828</ele><time>2026-06-01T16:54:38Z</time><sat>9</sat></trkpt>
  <trkpt lat="30.26993633" lon="120.12074281"><ele>16.833</ele><time>2026-06-01T16:54:41Z</time><sat>9</sat></trkpt>
  <trkpt lat="30.26993682" lon="120.12074241"><ele>16.836</ele><time>2026-06-01T16:54:44Z</time><sat>12</sat></trkpt>
  <trkpt lat="30.26993717" lon="120.12074194"><ele>16.838</ele><time>2026-06-01T16:54:47Z</time><sat>10</sat></trkpt>
  <trkpt lat="30.26993720" lon="120.12074181"><ele>16.838</ele><time>2026-06-01T16:54:50Z</time><sat>7</sat></trkpt>
  <trkpt lat="30.26993693" lon="120.12074195"><ele>16.837</ele><time>2026-06-01T16:54:53Z</time><sat>10</sat></trkpt>
  <trkpt lat="30.26993706" lon="120.12074148"><ele>16.838</ele><time>2026-06-01T16:54:56Z</time><sat>13</sat></trkpt>
  <trkpt lat="30.26993652" lon="120.12074149"><ele>16.836</ele><time>2026-06-01T16:54:59Z</time><sat>13</sat></trkpt>
  <trkpt lat="30.26993637" lon="120.12074126"><ele>16.836</ele><time>2026-06-01T16:55:02Z</time><sat>11</sat></trkpt>
  <trkpt lat="30.26993625" lon="120.12074128"><ele>16.835</ele><time>2026-06-01T16:55:05Z</time><sat>13</sat></trkpt>
  <trkpt lat="30.26993634" lon="120.12074099"><ele>16.837</ele><time>2026-06-01T16:55:08Z</time><sat>12</sat></trkpt>
  <trkpt lat="30.26994053" lon="120.12074447"><ele>16.829</ele><time>2026-06-01T16:55:11Z</time><sat>11</sat></trkpt>
  <trkpt lat="30.26994029" lon="120.12074437"><ele>16.829</ele><time>2026-06-01T16:55:14Z</time><sat>13</sat></trkpt>
  <trkpt lat="30.26994015" lon="120.12074455"><ele>16.829</ele><time>2026-06-01T16:55:17Z</time><sat>15</sat></trkpt>
  <trkpt lat="30.26994014" lon="120.12074440"><ele>16.829</ele><time>2026-06-01T16:55:20Z</time><sat>14</sat></trkpt>
  <trkpt lat="30.26993629" lon="120.12074115"><ele>16.837</ele><time>2026-06-01T16:55:23Z</time><sat>12</sat></trkpt>
  <trkpt lat="30.26993648" lon="120.12074092"><ele>16.837</ele><time>2026-06-01T16:55:26Z</time><sat>15</sat></trkpt>
  <trkpt lat="30.26993675" lon="120.12074054"><ele>16.838</ele><time>2026-06-01T16:55:29Z</time><sat>15</sat></trkpt>
  <trkpt lat="30.26993719" lon="120.12074069"><ele>16.841</ele><time>2026-06-01T16:55:32Z</time><sat>12</sat></trkpt>
  <trkpt lat="30.26993556" lon="120.12073831"><ele>16.848</ele><time>2026-06-01T16:55:35Z</time><sat>13</sat></trkpt>
  <trkpt lat="30.26993599" lon="120.12073822"><ele>16.851</ele><time>2026-06-01T16:55:38Z</time><sat>15</sat></trkpt>
  <trkpt lat="30.26993539" lon="120.12073654"><ele>16.856</ele><time>2026-06-01T16:55:41Z</time><sat>14</sat></trkpt>
  <trkpt lat="30.26993550" lon="120.12073639"><ele>16.856</ele><time>2026-06-01T16:55:44Z</time><sat>12</sat></trkpt>
  <trkpt lat="30.26993216" lon="120.12073331"><ele>16.866</ele><time>2026-06-01T16:55:47Z</time><sat>13</sat></trkpt>
  <trkpt lat="30.26993236" lon="120.12073321"><ele>16.866</ele><time>2026-06-01T16:55:50Z</time><sat>13</sat></trkpt>
  <trkpt lat="30.26993276" lon="120.12073274"><ele>16.869</ele><time>2026-06-01T16:55:53Z</time><sat>14</sat></trkpt>
  <trkpt lat="30.26993303" lon="120.12073245"><ele>16.870</ele><time>2026-06-01T16:55:56Z</time><sat>13</sat></trkpt>
  <trkpt lat="30.26993600" lon="120.12073548"><ele>16.860</ele><time>2026-06-01T16:55:59Z</time><sat>9</sat></trkpt>
  <trkpt lat="30.26993604" lon="120.12073553"><ele>16.859</ele><time>2026-06-01T16:56:02Z</time><sat>9</sat></trkpt>
  <trkpt lat="30.26993624" lon="120.12073534"><ele>16.859</ele><time>2026-06-01T16:56:05Z</time><sat>12</sat></trkpt>
  <trkpt lat="30.26993640" lon="120.12073517"><ele>16.859</ele><time>2026-06-01T16:56:08Z</time><sat>12</sat></trkpt>
  <trkpt lat="30.26993682" lon="120.12073464"><ele>16.862</ele><time>2026-06-01T16:56:11Z</time><sat>9</sat></trkpt>
  <trkpt lat="30.26993716" lon="120.12073421"><ele>16.863</ele><time>2026-06-01T16:56:14Z</time><sat>8</sat></trkpt>
  <trkpt lat="30.26993729" lon="120.12073403"><ele>16.863</ele><time>2026-06-01T16:56:17Z</time><sat>9</sat></trkpt>
  <trkpt lat="30.26993737" lon="120.12073391"><ele>16.863</ele><time>2026-06-01T16:56:20Z</time><sat>10</sat></trkpt>
  <trkpt lat="30.26993751" lon="120.12073379"><ele>16.863</ele><time>2026-06-01T16:56:23Z</time><sat>9</sat></trkpt>
  <trkpt lat="30.26993768" lon="120.12073356"><ele>16.863</ele><time>2026-06-01T16:56:26Z</time><sat>8</sat></trkpt>
  <trkpt lat="30.26993788" lon="120.12073325"><ele>16.863</ele><time>2026-06-01T16:56:29Z</time><sat>9</sat></trkpt>
  <trkpt lat="30.26993808" lon="120.12073300"><ele>16.864</ele><time>2026-06-01T16:56:32Z</time><sat>9</sat></trkpt>
  <trkpt lat="30.26994270" lon="120.12073189"><ele>16.856</ele><time>2026-06-01T16:56:35Z</time><sat>7</sat></trkpt>
  <trkpt lat="30.26994273" lon="120.12073186"><ele>16.856</ele><time>2026-06-01T16:56:38Z</time><sat>10</sat></trkpt>
  <trkpt lat="30.26994395" lon="120.12073151"><ele>16.854</ele><time>2026-06-01T16:56:41Z</time><sat>12</sat></trkpt>
  <trkpt lat="30.26994405" lon="120.12073140"><ele>16.854</ele><time>2026-06-01T16:56:44Z</time><sat>10</sat></trkpt>
  <trkpt lat="30.26994370" lon="120.12073138"><ele>16.853</ele><time>2026-06-01T16:56:47Z</time><sat>9</sat></trkpt>
  <trkpt lat="30.26994375" lon="120.12073133"><ele>16.852</ele><time>2026-06-01T16:56:50Z</time><sat>9</sat></trkpt>
  <trkpt lat="30.26994450" lon="120.12073109"><ele>16.850</ele><time>2026-06-01T16:56:53Z</time><sat>10</sat></trkpt>
  <trkpt lat="30.26994440" lon="120.12073053"><ele>16.850</ele><time>2026-06-01T16:56:56Z</time><sat>9</sat></trkpt>
  <trkpt lat="30.26994411" lon="120.12073051"><ele>16.850</ele><time>2026-06-01T16:56:59Z</time><sat>10</sat></trkpt>
  <trkpt lat="30.26994395" lon="120.12073058"><ele>16.849</ele><time>2026-06-01T16:57:02Z</time><sat>10</sat></trkpt>
  <trkpt lat="30.26994504" lon="120.12073025"><ele>16.848</ele><time>2026-06-01T16:57:05Z</time><sat>10</sat></trkpt>
  <trkpt lat="30.26994520" lon="120.12072990"><ele>16.849</ele><time>2026-06-01T16:57:08Z</time><sat>10</sat></trkpt>
  <trkpt lat="30.26994573" lon="120.12072935"><ele>16.851</ele><time>2026-06-01T16:57:11Z</time><sat>13</sat></trkpt>
  <trkpt lat="30.26994565" lon="120.12072983"><ele>16.850</ele><time>2026-06-01T16:57:14Z</time><sat>11</sat></trkpt>
  <trkpt lat="30.26994629" lon="120.12072966"><ele>16.849</ele><time>2026-06-01T16:57:17Z</time><sat>9</sat></trkpt>
  <trkpt lat="30.26994538" lon="120.12072911"><ele>16.849</ele><time>2026-06-01T16:57:20Z</time><sat>12</sat></trkpt>
  <trkpt lat="30.26994536" lon="120.12072907"><ele>16.850</ele><time>2026-06-01T16:57:23Z</time><sat>15</sat></trkpt>
  <trkpt lat="30.26994541" lon="120.12072903"><ele>16.851</ele><time>2026-06-01T16:57:26Z</time><sat>10</sat></trkpt>
  <trkpt lat="30.26994494" lon="120.12072833"><ele>16.851</ele><time>2026-06-01T16:57:29Z</time><sat>7</sat></trkpt>
  <trkpt lat="30.26994498" lon="120.12072835"><ele>16.853</ele><time>2026-06-01T16:57:32Z</time><sat>10</sat></trkpt>
  <trkpt lat="30.26994501" lon="120.12072834"><ele>16.854</ele><time>2026-06-01T16:57:35Z</time><sat>14</sat></trkpt>
  <trkpt lat="30.26994504" lon="120.12072836"><ele>16.855</ele><time>2026-06-01T16:57:38Z</time><sat>12</sat></trkpt>
  <trkpt lat="30.26994620" lon="120.12072900"><ele>16.856</ele><time>2026-06-01T16:57:41Z</time><sat>6</sat></trkpt>
  <trkpt lat="30.26994624" lon="120.12072905"><ele>16.856</ele><time>2026-06-01T16:57:44Z</time><sat>9</sat></trkpt>
  <trkpt lat="30.26994704" lon="120.12072839"><ele>16.856</ele><time>2026-06-01T16:57:47Z</time><sat>11</sat></trkpt>
  <trkpt lat="30.26994706" lon="120.12072848"><ele>16.856</ele><time>2026-06-01T16:57:50Z</time><sat>9</sat></trkpt>
  <trkpt lat="30.26994175" lon="120.12073216"><ele>16.867</ele><time>2026-06-01T16:57:53Z</time><sat>8</sat></trkpt>
  <trkpt lat="30.26994177" lon="120.12073212"><ele>16.868</ele><time>2026-06-01T16:57:56Z</time><sat>14</sat></trkpt>
  <trkpt lat="30.26994048" lon="120.12072975"><ele>16.873</ele><time>2026-06-01T16:57:59Z</time><sat>13</sat></trkpt>
  <trkpt lat="30.26994062" lon="120.12072948"><ele>16.875</ele><time>2026-06-01T16:58:02Z</time><sat>12</sat></trkpt>
  <trkpt lat="30.26994069" lon="120.12072947"><ele>16.876</ele><time>2026-06-01T16:58:05Z</time><sat>12</sat></trkpt>
  <trkpt lat="30.26994050" lon="120.12072915"><ele>16.876</ele><time>2026-06-01T16:58:08Z</time><sat>9</sat></trkpt>
  <trkpt lat="30.26994275" lon="120.12073183"><ele>16.869</ele><time>2026-06-01T16:58:11Z</time><sat>10</sat></trkpt>
  <trkpt lat="30.26994275" lon="120.12073164"><ele>16.870</ele><time>2026-06-01T16:58:14Z</time><sat>12</sat></trkpt>
  <trkpt lat="30.26994280" lon="120.12073153"><ele>16.871</ele><time>2026-06-01T16:58:17Z</time><sat>11</sat></trkpt>
  <trkpt lat="30.26994247" lon="120.12073241"><ele>16.874</ele><time>2026-06-01T16:58:20Z</time><sat>9</sat></trkpt>
  <trkpt lat="30.26994282" lon="120.12073312"><ele>16.871</ele><time>2026-06-01T16:58:23Z</time><sat>10</sat></trkpt>
  <trkpt lat="30.26994293" lon="120.12073304"><ele>16.873</ele><time>2026-06-01T16:58:26Z</time><sat>12</sat></trkpt>
  <trkpt lat="30.26994307" lon="120.12073304"><ele>16.874</ele><time>2026-06-01T16:58:29Z</time><sat>12</sat></trkpt>
  <trkpt lat="30.26994340" lon="120.12073310"><ele>16.875</ele><time>2026-06-01T16:58:32Z</time><sat>10</sat></trkpt>
  <trkpt lat="30.26994015" lon="120.12073129"><ele>16.886</ele><time>2026-06-01T16:58:35Z</time><sat>10</sat></trkpt>
  <trkpt lat="30.26994019" lon="120.12073129"><ele>16.887</ele><time>2026-06-01T16:58:38Z</time><sat>10</sat></trkpt>
  <trkpt lat="30.26994020" lon="120.12073117"><ele>16.888</ele><time>2026-06-01T16:58:41Z</time><sat>10</sat></trkpt>
  <trkpt lat="30.26994021" lon="120.12073121"><ele>16.888</ele><time>2026-06-01T16:58:44Z</time><sat>10</sat></trkpt>
  <trkpt lat="30.26993404" lon="120.12072738"><ele>16.901</ele><time>2026-06-01T16:58:47Z</time><sat>10</sat></trkpt>
  <trkpt lat="30.26993415" lon="120.12072739"><ele>16.903</ele><time>2026-06-01T16:58:50Z</time><sat>12</sat></trkpt>
  <trkpt lat="30.26993451" lon="120.12072746"><ele>16.906</ele><time>2026-06-01T16:58:53Z</time><sat>13</sat></trkpt>
  <trkpt lat="30.26993357" lon="120.12072664"><ele>16.913</ele><time>2026-06-01T16:58:56Z</time><sat>12</sat></trkpt>
  <trkpt lat="30.26993413" lon="120.12072660"><ele>16.915</ele><time>2026-06-01T16:58:59Z</time><sat>14</sat></trkpt>
  <trkpt lat="30.26993426" lon="120.12072650"><ele>16.917</ele><time>2026-06-01T16:59:02Z</time><sat>13</sat></trkpt>
  <trkpt lat="30.26993441" lon="120.12072628"><ele>16.920</ele><time>2026-06-01T16:59:05Z</time><sat>14</sat></trkpt>
  <trkpt lat="30.26993131" lon="120.12072423"><ele>16.927</ele><time>2026-06-01T16:59:08Z</time><sat>14</sat></trkpt>
  <trkpt lat="30.26993302" lon="120.12072421"><ele>16.928</ele><time>2026-06-01T16:59:11Z</time><sat>15</sat></trkpt>
  <trkpt lat="30.26993321" lon="120.12072429"><ele>16.928</ele><time>2026-06-01T16:59:14Z</time><sat>15</sat></trkpt>
  <trkpt lat="30.26993343" lon="120.12072435"><ele>16.929</ele><time>2026-06-01T16:59:17Z</time><sat>11</sat></trkpt>
  <trkpt lat="30.26993279" lon="120.12072383"><ele>16.929</ele><time>2026-06-01T16:59:20Z</time><sat>10</sat></trkpt>
  <trkpt lat="30.26993279" lon="120.12072377"><ele>16.930</ele><time>2026-06-01T16:59:23Z</time><sat>12</sat></trkpt>
  <trkpt lat="30.26993281" lon="120.12072384"><ele>16.929</ele><time>2026-06-01T16:59:26Z</time><sat>11</sat></trkpt>
  <trkpt lat="30.26993284" lon="120.12072385"><ele>16.930</ele><time>2026-06-01T16:59:29Z</time><sat>8</sat></trkpt>
  <trkpt lat="30.26993270" lon="120.12072377"><ele>16.930</ele><time>2026-06-01T16:59:32Z</time><sat>8</sat></trkpt>
  <trkpt lat="30.26993274" lon="120.12072371"><ele>16.930</ele><time>2026-06-01T16:59:35Z</time><sat>11</sat></trkpt>
  <trkpt lat="30.26993288" lon="120.12072362"><ele>16.930</ele><time>2026-06-01T16:59:38Z</time><sat>11</sat></trkpt>
  <trkpt lat="30.26993283" lon="120.12072369"><ele>16.930</ele><time>2026-06-01T16:59:41Z</time><sat>11</sat></trkpt>
  <trkpt lat="30.26993275" lon="120.12072357"><ele>16.930</ele><time>2026-06-01T16:59:44Z</time><sat>11</sat></trkpt>
  <trkpt lat="30.26992752" lon="120.12072286"><ele>16.941</ele><time>2026-06-01T16:59:47Z</time><sat>11</sat></trkpt>
  <trkpt lat="30.26992747" lon="120.12072287"><ele>16.940</ele><time>2026-06-01T16:59:50Z</time><sat>13</sat></trkpt>
  <trkpt lat="30.26992742" lon="120.12072296"><ele>16.941</ele><time>2026-06-01T16:59:53Z</time><sat>11</sat></trkpt>
  <trkpt lat="30.26992739" lon="120.12072290"><ele>16.942</ele><time>2026-06-01T16:59:56Z</time><sat>10</sat></trkpt>
  <trkpt lat="30.26992737" lon="120.12072290"><ele>16.943</ele><time>2026-06-01T16:59:59Z</time><sat>11</sat></trkpt>
  <trkpt lat="30.26992743" lon="120.12072275"><ele>16.944</ele><time>2026-06-01T17:00:02Z</time><sat>12</sat></trkpt>
  <trkpt lat="30.26992730" lon="120.12072279"><ele>16.944</ele><time>2026-06-01T17:00:05Z</time><sat>12</sat></trkpt>
  <trkpt lat="30.26992736" lon="120.12072288"><ele>16.943</ele><time>2026-06-01T17:00:08Z</time><sat>11</sat></trkpt>
  <trkpt lat="30.26992745" lon="120.12072262"><ele>16.945</ele><time>2026-06-01T17:00:11Z</time><sat>12</sat></trkpt>
  <trkpt lat="30.26992794" lon="120.12072204"><ele>16.943</ele><time>2026-06-01T17:00:14Z</time><sat>12</sat></trkpt>
  <trkpt lat="30.26992794" lon="120.12072214"><ele>16.943</ele><time>2026-06-01T17:00:17Z</time><sat>13</sat></trkpt>
  <trkpt lat="30.26992737" lon="120.12072208"><ele>16.943</ele><time>2026-06-01T17:00:20Z</time><sat>12</sat></trkpt>
  <trkpt lat="30.26992686" lon="120.12072241"><ele>16.944</ele><time>2026-06-01T17:00:23Z</time><sat>12</sat></trkpt>
  <trkpt lat="30.26992338" lon="120.12072683"><ele>16.960</ele><time>2026-06-01T17:00:26Z</time><sat>13</sat></trkpt>
  <trkpt lat="30.26991680" lon="120.12072940"><ele>16.973</ele><time>2026-06-01T17:00:29Z</time><sat>11</sat></trkpt>
  <trkpt lat="30.26991693" lon="120.12072941"><ele>16.973</ele><time>2026-06-01T17:00:32Z</time><sat>13</sat></trkpt>
  <trkpt lat="30.26991681" lon="120.12072934"><ele>16.974</ele><time>2026-06-01T17:00:35Z</time><sat>13</sat></trkpt>
  <trkpt lat="30.26991551" lon="120.12073088"><ele>16.978</ele><time>2026-06-01T17:00:38Z</time><sat>11</sat></trkpt>
  <trkpt lat="30.26991559" lon="120.12073088"><ele>16.978</ele><time>2026-06-01T17:00:41Z</time><sat>11</sat></trkpt>
  <trkpt lat="30.26991549" lon="120.12073087"><ele>16.978</ele><time>2026-06-01T17:00:44Z</time><sat>13</sat></trkpt>
  <trkpt lat="30.26991655" lon="120.12073031"><ele>16.976</ele><time>2026-06-01T17:00:47Z</time><sat>10</sat></trkpt>
  <trkpt lat="30.26991639" lon="120.12073042"><ele>16.977</ele><time>2026-06-01T17:00:50Z</time><sat>10</sat></trkpt>
  <trkpt lat="30.26991627" lon="120.12073038"><ele>16.976</ele><time>2026-06-01T17:00:53Z</time><sat>10</sat></trkpt>
  <trkpt lat="30.26991617" lon="120.12073045"><ele>16.975</ele><time>2026-06-01T17:00:56Z</time><sat>11</sat></trkpt>
  <trkpt lat="30.26991960" lon="120.12072932"><ele>16.970</ele><time>2026-06-01T17:00:59Z</time><sat>12</sat></trkpt>
  <trkpt lat="30.26991940" lon="120.12072960"><ele>16.970</ele><time>2026-06-01T17:01:02Z</time><sat>10</sat></trkpt>
  <trkpt lat="30.26991951" lon="120.12072940"><ele>16.970</ele><time>2026-06-01T17:01:05Z</time><sat>8</sat></trkpt>
  <trkpt lat="30.26991973" lon="120.12072919"><ele>16.970</ele><time>2026-06-01T17:01:08Z</time><sat>9</sat></trkpt>
  <trkpt lat="30.26991960" lon="120.12072971"><ele>16.971</ele><time>2026-06-01T17:01:11Z</time><sat>12</sat></trkpt>
  <trkpt lat="30.26991950" lon="120.12073010"><ele>16.971</ele><time>2026-06-01T17:01:14Z</time><sat>11</sat></trkpt>
  <trkpt lat="30.26991939" lon="120.12073052"><ele>16.971</ele><time>2026-06-01T17:01:17Z</time><sat>10</sat></trkpt>
  <trkpt lat="30.26991964" lon="120.12073024"><ele>16.974</ele><time>2026-06-01T17:01:20Z</time><sat>10</sat></trkpt>
  <trkpt lat="30.26991960" lon="120.12073030"><ele>16.974</ele><time>2026-06-01T17:01:23Z</time><sat>11</sat></trkpt>
  <trkpt lat="30.26991966" lon="120.12073035"><ele>16.975</ele><time>2026-06-01T17:01:26Z</time><sat>10</sat></trkpt>
  <trkpt lat="30.26991464" lon="120.12072983"><ele>16.981</ele><time>2026-06-01T17:01:29Z</time><sat>9</sat></trkpt>
  <trkpt lat="30.26991464" lon="120.12072990"><ele>16.982</ele><time>2026-06-01T17:01:32Z</time><sat>10</sat></trkpt>
  <trkpt lat="30.26991463" lon="120.12073001"><ele>16.982</ele><time>2026-06-01T17:01:35Z</time><sat>12</sat></trkpt>
  <trkpt lat="30.26991380" lon="120.12073115"><ele>16.987</ele><time>2026-06-01T17:01:38Z</time><sat>12</sat></trkpt>
  <trkpt lat="30.26991385" lon="120.12073107"><ele>16.988</ele><time>2026-06-01T17:01:41Z</time><sat>11</sat></trkpt>
  <trkpt lat="30.26991377" lon="120.12073113"><ele>16.987</ele><time>2026-06-01T17:01:44Z</time><sat>11</sat></trkpt>
  <trkpt lat="30.26991338" lon="120.12073164"><ele>16.988</ele><time>2026-06-01T17:01:47Z</time><sat>12</sat></trkpt>
  <trkpt lat="30.26991345" lon="120.12073173"><ele>16.990</ele><time>2026-06-01T17:01:50Z</time><sat>11</sat></trkpt>
  <trkpt lat="30.26991345" lon="120.12073167"><ele>16.989</ele><time>2026-06-01T17:01:53Z</time><sat>10</sat></trkpt>
  <trkpt lat="30.26991351" lon="120.12073158"><ele>16.990</ele><time>2026-06-01T17:01:56Z</time><sat>11</sat></trkpt>
  <trkpt lat="30.26991351" lon="120.12073169"><ele>16.991</ele><time>2026-06-01T17:01:59Z</time><sat>11</sat></trkpt>
  <trkpt lat="30.26991350" lon="120.12073182"><ele>16.990</ele><time>2026-06-01T17:02:02Z</time><sat>11</sat></trkpt>
  <trkpt lat="30.26991366" lon="120.12073158"><ele>16.992</ele><time>2026-06-01T17:02:05Z</time><sat>11</sat></trkpt>
  <trkpt lat="30.26991364" lon="120.12073141"><ele>16.992</ele><time>2026-06-01T17:02:08Z</time><sat>11</sat></trkpt>
  <trkpt lat="30.26991375" lon="120.12073116"><ele>16.994</ele><time>2026-06-01T17:02:11Z</time><sat>13</sat></trkpt>
  <trkpt lat="30.26991386" lon="120.12073086"><ele>16.995</ele><time>2026-06-01T17:02:14Z</time><sat>10</sat></trkpt>
  <trkpt lat="30.26991393" lon="120.12073093"><ele>16.996</ele><time>2026-06-01T17:02:17Z</time><sat>11</sat></trkpt>
  <trkpt lat="30.26991403" lon="120.12073077"><ele>16.997</ele><time>2026-06-01T17:02:20Z</time><sat>12</sat></trkpt>
  <trkpt lat="30.26991420" lon="120.12073085"><ele>16.999</ele><time>2026-06-01T17:02:23Z</time><sat>13</sat></trkpt>
  <trkpt lat="30.26991423" lon="120.12073076"><ele>16.999</ele><time>2026-06-01T17:02:26Z</time><sat>14</sat></trkpt>
  <trkpt lat="30.26991433" lon="120.12073063"><ele>17.000</ele><time>2026-06-01T17:02:29Z</time><sat>12</sat></trkpt>
  <trkpt lat="30.26991422" lon="120.12073054"><ele>17.000</ele><time>2026-06-01T17:02:32Z</time><sat>12</sat></trkpt>
  <trkpt lat="30.26991427" lon="120.12073050"><ele>17.000</ele><time>2026-06-01T17:02:35Z</time><sat>14</sat></trkpt>
  <trkpt lat="30.26991423" lon="120.12073058"><ele>17.001</ele><time>2026-06-01T17:02:38Z</time><sat>14</sat></trkpt>
  <trkpt lat="30.26991425" lon="120.12073041"><ele>17.001</ele><time>2026-06-01T17:02:41Z</time><sat>10</sat></trkpt>
  <trkpt lat="30.26991426" lon="120.12073038"><ele>17.001</ele><time>2026-06-01T17:02:44Z</time><sat>11</sat></trkpt>
  <trkpt lat="30.26991433" lon="120.12073027"><ele>17.002</ele><time>2026-06-01T17:02:47Z</time><sat>11</sat></trkpt>
  <trkpt lat="30.26991436" lon="120.12073005"><ele>17.003</ele><time>2026-06-01T17:02:50Z</time><sat>10</sat></trkpt>
  <trkpt lat="30.26991424" lon="120.12072999"><ele>17.002</ele><time>2026-06-01T17:02:53Z</time><sat>11</sat></trkpt>
  <trkpt lat="30.26991425" lon="120.12072985"><ele>17.003</ele><time>2026-06-01T17:02:56Z</time><sat>12</sat></trkpt>
  <trkpt lat="30.26991412" lon="120.12072984"><ele>17.001</ele><time>2026-06-01T17:02:59Z</time><sat>12</sat></trkpt>
  <trkpt lat="30.26991407" lon="120.12072993"><ele>17.001</ele><time>2026-06-01T17:03:02Z</time><sat>11</sat></trkpt>
  <trkpt lat="30.26991418" lon="120.12072979"><ele>17.002</ele><time>2026-06-01T17:03:05Z</time><sat>11</sat></trkpt>
  <trkpt lat="30.26991405" lon="120.12072984"><ele>17.000</ele><time>2026-06-01T17:03:08Z</time><sat>13</sat></trkpt>
  <trkpt lat="30.26991401" lon="120.12073014"><ele>17.000</ele><time>2026-06-01T17:03:11Z</time><sat>11</sat></trkpt>
  <trkpt lat="30.26991404" lon="120.12073005"><ele>17.000</ele><time>2026-06-01T17:03:14Z</time><sat>10</sat></trkpt>
  <trkpt lat="30.26991356" lon="120.12073027"><ele>17.000</ele><time>2026-06-01T17:03:17Z</time><sat>11</sat></trkpt>
  <trkpt lat="30.26991354" lon="120.12073016"><ele>17.000</ele><time>2026-06-01T17:03:20Z</time><sat>13</sat></trkpt>
  <trkpt lat="30.26991353" lon="120.12073013"><ele>17.000</ele><time>2026-06-01T17:03:23Z</time><sat>11</sat></trkpt>
  <trkpt lat="30.26991351" lon="120.12073036"><ele>17.000</ele><time>2026-06-01T17:03:26Z</time><sat>12</sat></trkpt>
  <trkpt lat="30.26991355" lon="120.12073065"><ele>17.001</ele><time>2026-06-01T17:03:29Z</time><sat>11</sat></trkpt>
  <trkpt lat="30.26991360" lon="120.12073042"><ele>17.001</ele><time>2026-06-01T17:03:32Z</time><sat>11</sat></trkpt>
  <trkpt lat="30.26991359" lon="120.12073043"><ele>17.001</ele><time>2026-06-01T17:03:35Z</time><sat>13</sat></trkpt>
  <trkpt lat="30.26991013" lon="120.12073891"><ele>16.978</ele><time>2026-06-01T17:03:38Z</time><sat>12</sat></trkpt>
  <trkpt lat="30.26990941" lon="120.12073915"><ele>16.979</ele><time>2026-06-01T17:03:41Z</time><sat>13</sat></trkpt>
  <trkpt lat="30.26990944" lon="120.12073940"><ele>16.979</ele><time>2026-06-01T17:03:44Z</time><sat>15</sat></trkpt>
  <trkpt lat="30.26990946" lon="120.12073955"><ele>16.978</ele><time>2026-06-01T17:03:47Z</time><sat>12</sat></trkpt>
  <trkpt lat="30.26990948" lon="120.12073972"><ele>16.978</ele><time>2026-06-01T17:03:50Z</time><sat>12</sat></trkpt>
  <trkpt lat="30.26990918" lon="120.12073982"><ele>16.978</ele><time>2026-06-01T17:03:53Z</time><sat>11</sat></trkpt>
  <trkpt lat="30.26990915" lon="120.12073990"><ele>16.976</ele><time>2026-06-01T17:03:56Z</time><sat>13</sat></trkpt>
  <trkpt lat="30.26990927" lon="120.12073982"><ele>16.977</ele><time>2026-06-01T17:03:59Z</time><sat>13</sat></trkpt>
  <trkpt lat="30.26990933" lon="120.12073991"><ele>16.978</ele><time>2026-06-01T17:04:02Z</time><sat>15</sat></trkpt>
  <trkpt lat="30.26990983" lon="120.12074007"><ele>16.978</ele><time>2026-06-01T17:04:05Z</time><sat>15</sat></trkpt>
  <trkpt lat="30.26990990" lon="120.12074020"><ele>16.979</ele><time>2026-06-01T17:04:08Z</time><sat>12</sat></trkpt>
  <trkpt lat="30.26990993" lon="120.12074015"><ele>16.979</ele><time>2026-06-01T17:04:11Z</time><sat>12</sat></trkpt>
  <trkpt lat="30.26990995" lon="120.12074025"><ele>16.979</ele><time>2026-06-01T17:04:14Z</time><sat>13</sat></trkpt>
  <trkpt lat="30.26991207" lon="120.12074067"><ele>16.976</ele><time>2026-06-01T17:04:17Z</time><sat>11</sat></trkpt>
  <trkpt lat="30.26991212" lon="120.12074074"><ele>16.977</ele><time>2026-06-01T17:04:20Z</time><sat>12</sat></trkpt>
  <trkpt lat="30.26991213" lon="120.12074074"><ele>16.977</ele><time>2026-06-01T17:04:23Z</time><sat>13</sat></trkpt>
  <trkpt lat="30.26991214" lon="120.12074085"><ele>16.977</ele><time>2026-06-01T17:04:26Z</time><sat>11</sat></trkpt>
  <trkpt lat="30.26991326" lon="120.12074114"><ele>16.975</ele><time>2026-06-01T17:04:29Z</time><sat>10</sat></trkpt>
  <trkpt lat="30.26991333" lon="120.12074113"><ele>16.977</ele><time>2026-06-01T17:04:32Z</time><sat>12</sat></trkpt>
  <trkpt lat="30.26991339" lon="120.12074099"><ele>16.977</ele><time>2026-06-01T17:04:35Z</time><sat>14</sat></trkpt>
  <trkpt lat="30.26991340" lon="120.12074100"><ele>16.977</ele><time>2026-06-01T17:04:38Z</time><sat>12</sat></trkpt>
  <trkpt lat="30.26991342" lon="120.12074112"><ele>16.978</ele><time>2026-06-01T17:04:41Z</time><sat>10</sat></trkpt>
  <trkpt lat="30.26991341" lon="120.12074112"><ele>16.977</ele><time>2026-06-01T17:04:44Z</time><sat>10</sat></trkpt>
  <trkpt lat="30.26991347" lon="120.12074103"><ele>16.978</ele><time>2026-06-01T17:04:47Z</time><sat>10</sat></trkpt>
  <trkpt lat="30.26991349" lon="120.12074101"><ele>16.978</ele><time>2026-06-01T17:04:50Z</time><sat>10</sat></trkpt>
  <trkpt lat="30.26991530" lon="120.12073971"><ele>16.977</ele><time>2026-06-01T17:04:53Z</time><sat>11</sat></trkpt>
  <trkpt lat="30.26991535" lon="120.12073950"><ele>16.977</ele><time>2026-06-01T17:04:56Z</time><sat>12</sat></trkpt>
  <trkpt lat="30.26991545" lon="120.12073950"><ele>16.978</ele><time>2026-06-01T17:04:59Z</time><sat>12</sat></trkpt>
  <trkpt lat="30.26991548" lon="120.12073951"><ele>16.978</ele><time>2026-06-01T17:05:02Z</time><sat>11</sat></trkpt>
  <trkpt lat="30.26991674" lon="120.12073853"><ele>16.976</ele><time>2026-06-01T17:05:05Z</time><sat>9</sat></trkpt>
  <trkpt lat="30.26991679" lon="120.12073852"><ele>16.977</ele><time>2026-06-01T17:05:08Z</time><sat>10</sat></trkpt>
  <trkpt lat="30.26991688" lon="120.12073849"><ele>16.977</ele><time>2026-06-01T17:05:11Z</time><sat>11</sat></trkpt>
  <trkpt lat="30.26991705" lon="120.12073842"><ele>16.978</ele><time>2026-06-01T17:05:14Z</time><sat>8</sat></trkpt>
  <trkpt lat="30.26991791" lon="120.12073797"><ele>16.977</ele><time>2026-06-01T17:05:17Z</time><sat>6</sat></trkpt>
  <trkpt lat="30.26991792" lon="120.12073777"><ele>16.977</ele><time>2026-06-01T17:05:20Z</time><sat>12</sat></trkpt>
  <trkpt lat="30.26991794" lon="120.12073752"><ele>16.976</ele><time>2026-06-01T17:05:23Z</time><sat>12</sat></trkpt>
  <trkpt lat="30.26991794" lon="120.12073740"><ele>16.977</ele><time>2026-06-01T17:05:26Z</time><sat>6</sat></trkpt>
  <trkpt lat="30.26991797" lon="120.12073728"><ele>16.977</ele><time>2026-06-01T17:05:29Z</time><sat>5</sat></trkpt>
  <trkpt lat="30.26991796" lon="120.12073729"><ele>16.977</ele><time>2026-06-01T17:05:32Z</time><sat>10</sat></trkpt>
  <trkpt lat="30.26991795" lon="120.12073732"><ele>16.977</ele><time>2026-06-01T17:05:35Z</time><sat>11</sat></trkpt>
  <trkpt lat="30.26991794" lon="120.12073738"><ele>16.978</ele><time>2026-06-01T17:05:38Z</time><sat>7</sat></trkpt>
  <trkpt lat="30.26991795" lon="120.12073711"><ele>16.978</ele><time>2026-06-01T17:05:41Z</time><sat>7</sat></trkpt>
  <trkpt lat="30.26991795" lon="120.12073694"><ele>16.978</ele><time>2026-06-01T17:05:44Z</time><sat>10</sat></trkpt>
  <trkpt lat="30.26991796" lon="120.12073668"><ele>16.978</ele><time>2026-06-01T17:05:47Z</time><sat>10</sat></trkpt>
  <trkpt lat="30.26991793" lon="120.12073638"><ele>16.978</ele><time>2026-06-01T17:05:50Z</time><sat>8</sat></trkpt>
  <trkpt lat="30.26991794" lon="120.12073647"><ele>16.978</ele><time>2026-06-01T17:05:53Z</time><sat>7</sat></trkpt>
  <trkpt lat="30.26991793" lon="120.12073622"><ele>16.979</ele><time>2026-06-01T17:05:56Z</time><sat>8</sat></trkpt>
  <trkpt lat="30.26991789" lon="120.12073613"><ele>16.978</ele><time>2026-06-01T17:05:59Z</time><sat>9</sat></trkpt>
  <trkpt lat="30.26991789" lon="120.12073613"><ele>16.978</ele><time>2026-06-01T17:06:02Z</time><sat>8</sat></trkpt>
  <trkpt lat="30.26991787" lon="120.12073607"><ele>16.978</ele><time>2026-06-01T17:06:05Z</time><sat>7</sat></trkpt>
  <trkpt lat="30.26991789" lon="120.12073612"><ele>16.978</ele><time>2026-06-01T17:06:08Z</time><sat>7</sat></trkpt>
  <trkpt lat="30.26991786" lon="120.12073599"><ele>16.978</ele><time>2026-06-01T17:06:11Z</time><sat>9</sat></trkpt>
  <trkpt lat="30.26991786" lon="120.12073605"><ele>16.978</ele><time>2026-06-01T17:06:14Z</time><sat>9</sat></trkpt>
  <trkpt lat="30.26991785" lon="120.12073589"><ele>16.978</ele><time>2026-06-01T17:06:17Z</time><sat>7</sat></trkpt>
  <trkpt lat="30.26991787" lon="120.12073572"><ele>16.978</ele><time>2026-06-01T17:06:20Z</time><sat>7</sat></trkpt>
  <trkpt lat="30.26991784" lon="120.12073570"><ele>16.978</ele><time>2026-06-01T17:06:23Z</time><sat>8</sat></trkpt>
  <trkpt lat="30.26991779" lon="120.12073590"><ele>16.978</ele><time>2026-06-01T17:06:26Z</time><sat>10</sat></trkpt>
  <trkpt lat="30.26991778" lon="120.12073586"><ele>16.978</ele><time>2026-06-01T17:06:29Z</time><sat>9</sat></trkpt>
  <trkpt lat="30.26991779" lon="120.12073585"><ele>16.978</ele><time>2026-06-01T17:06:32Z</time><sat>8</sat></trkpt>
  <trkpt lat="30.26991780" lon="120.12073581"><ele>16.978</ele><time>2026-06-01T17:06:35Z</time><sat>8</sat></trkpt>
  <trkpt lat="30.26991777" lon="120.12073589"><ele>16.978</ele><time>2026-06-01T17:06:38Z</time><sat>10</sat></trkpt>
  <trkpt lat="30.26991771" lon="120.12073600"><ele>16.977</ele><time>2026-06-01T17:06:41Z</time><sat>11</sat></trkpt>
  <trkpt lat="30.26991774" lon="120.12073594"><ele>16.978</ele><time>2026-06-01T17:06:44Z</time><sat>12</sat></trkpt>
  <trkpt lat="30.26991775" lon="120.12073598"><ele>16.978</ele><time>2026-06-01T17:06:47Z</time><sat>11</sat></trkpt>
  <trkpt lat="30.26991778" lon="120.12073577"><ele>16.978</ele><time>2026-06-01T17:06:50Z</time><sat>12</sat></trkpt>
  <trkpt lat="30.26991774" lon="120.12073593"><ele>16.978</ele><time>2026-06-01T17:06:53Z</time><sat>12</sat></trkpt>
  <trkpt lat="30.26991771" lon="120.12073597"><ele>16.977</ele><time>2026-06-01T17:06:56Z</time><sat>11</sat></trkpt>
  <trkpt lat="30.26991776" lon="120.12073578"><ele>16.977</ele><time>2026-06-01T17:06:59Z</time><sat>10</sat></trkpt>
  <trkpt lat="30.26991779" lon="120.12073568"><ele>16.978</ele><time>2026-06-01T17:07:02Z</time><sat>11</sat></trkpt>
  <trkpt lat="30.26991782" lon="120.12073561"><ele>16.978</ele><time>2026-06-01T17:07:05Z</time><sat>13</sat></trkpt>
  <trkpt lat="30.26991786" lon="120.12073543"><ele>16.978</ele><time>2026-06-01T17:07:08Z</time><sat>11</sat></trkpt>
  <trkpt lat="30.26991788" lon="120.12073534"><ele>16.978</ele><time>2026-06-01T17:07:11Z</time><sat>10</sat></trkpt>
  <trkpt lat="30.26991788" lon="120.12073522"><ele>16.978</ele><time>2026-06-01T17:07:14Z</time><sat>11</sat></trkpt>
  <trkpt lat="30.26991787" lon="120.12073515"><ele>16.978</ele><time>2026-06-01T17:07:17Z</time><sat>11</sat></trkpt>
  <trkpt lat="30.26991788" lon="120.12073515"><ele>16.978</ele><time>2026-06-01T17:07:20Z</time><sat>12</sat></trkpt>
  <trkpt lat="30.26991785" lon="120.12073526"><ele>16.978</ele><time>2026-06-01T17:07:23Z</time><sat>11</sat></trkpt>
  <trkpt lat="30.26991778" lon="120.12073562"><ele>16.978</ele><time>2026-06-01T17:07:26Z</time><sat>10</sat></trkpt>
  <trkpt lat="30.26991775" lon="120.12073564"><ele>16.978</ele><time>2026-06-01T17:07:29Z</time><sat>11</sat></trkpt>
  <trkpt lat="30.26991771" lon="120.12073573"><ele>16.978</ele><time>2026-06-01T17:07:32Z</time><sat>11</sat></trkpt>
  <trkpt lat="30.26991760" lon="120.12073628"><ele>16.978</ele><time>2026-06-01T17:07:35Z</time><sat>9</sat></trkpt>
  <trkpt lat="30.26991758" lon="120.12073637"><ele>16.978</ele><time>2026-06-01T17:07:38Z</time><sat>10</sat></trkpt>
  <trkpt lat="30.26991758" lon="120.12073636"><ele>16.978</ele><time>2026-06-01T17:07:41Z</time><sat>10</sat></trkpt>
  <trkpt lat="30.26991764" lon="120.12073611"><ele>16.978</ele><time>2026-06-01T17:07:44Z</time><sat>7</sat></trkpt>
  <trkpt lat="30.26991913" lon="120.12073606"><ele>16.980</ele><time>2026-06-01T17:07:47Z</time><sat>7</sat></trkpt>
  <trkpt lat="30.26991914" lon="120.12073595"><ele>16.980</ele><time>2026-06-01T17:07:50Z</time><sat>11</sat></trkpt>
  <trkpt lat="30.26991905" lon="120.12073626"><ele>16.980</ele><time>2026-06-01T17:07:53Z</time><sat>12</sat></trkpt>
  <trkpt lat="30.26991901" lon="120.12073640"><ele>16.980</ele><time>2026-06-01T17:07:56Z</time><sat>8</sat></trkpt>
  <trkpt lat="30.26991905" lon="120.12073677"><ele>16.982</ele><time>2026-06-01T17:07:59Z</time><sat>8</sat></trkpt>
  <trkpt lat="30.26991905" lon="120.12073694"><ele>16.983</ele><time>2026-06-01T17:08:02Z</time><sat>11</sat></trkpt>
  <trkpt lat="30.26991904" lon="120.12073682"><ele>16.983</ele><time>2026-06-01T17:08:05Z</time><sat>13</sat></trkpt>
  <trkpt lat="30.26991910" lon="120.12073653"><ele>16.983</ele><time>2026-06-01T17:08:08Z</time><sat>11</sat></trkpt>
  <trkpt lat="30.26991913" lon="120.12073654"><ele>16.983</ele><time>2026-06-01T17:08:11Z</time><sat>12</sat></trkpt>
  <trkpt lat="30.26991913" lon="120.12073660"><ele>16.983</ele><time>2026-06-01T17:08:14Z</time><sat>12</sat></trkpt>
  <trkpt lat="30.26991917" lon="120.12073625"><ele>16.983</ele><time>2026-06-01T17:08:17Z</time><sat>11</sat></trkpt>
  <trkpt lat="30.26991929" lon="120.12073646"><ele>16.983</ele><time>2026-06-01T17:08:20Z</time><sat>12</sat></trkpt>
  <trkpt lat="30.26991929" lon="120.12073631"><ele>16.982</ele><time>2026-06-01T17:08:23Z</time><sat>15</sat></trkpt>
  <trkpt lat="30.26991926" lon="120.12073626"><ele>16.982</ele><time>2026-06-01T17:08:26Z</time><sat>13</sat></trkpt>
  <trkpt lat="30.26991927" lon="120.12073626"><ele>16.982</ele><time>2026-06-01T17:08:29Z</time><sat>11</sat></trkpt>
  <trkpt lat="30.26991925" lon="120.12073635"><ele>16.983</ele><time>2026-06-01T17:08:32Z</time><sat>10</sat></trkpt>
  <trkpt lat="30.26991922" lon="120.12073619"><ele>16.983</ele><time>2026-06-01T17:08:35Z</time><sat>9</sat></trkpt>
  <trkpt lat="30.26991923" lon="120.12073619"><ele>16.984</ele><time>2026-06-01T17:08:38Z</time><sat>8</sat></trkpt>
  <trkpt lat="30.26991923" lon="120.12073605"><ele>16.984</ele><time>2026-06-01T17:08:41Z</time><sat>10</sat></trkpt>
  <trkpt lat="30.26991921" lon="120.12073620"><ele>16.984</ele><time>2026-06-01T17:08:44Z</time><sat>9</sat></trkpt>
  <trkpt lat="30.26991920" lon="120.12073620"><ele>16.984</ele><time>2026-06-01T17:08:47Z</time><sat>7</sat></trkpt>
  <trkpt lat="30.26991923" lon="120.12073613"><ele>16.984</ele><time>2026-06-01T17:08:50Z</time><sat>9</sat></trkpt>
  <trkpt lat="30.26991922" lon="120.12073627"><ele>16.984</ele><time>2026-06-01T17:08:53Z</time><sat>6</sat></trkpt>
  <trkpt lat="30.26991926" lon="120.12073614"><ele>16.984</ele><time>2026-06-01T17:08:56Z</time><sat>4</sat></trkpt>
  <trkpt lat="30.26991925" lon="120.12073625"><ele>16.984</ele><time>2026-06-01T17:08:59Z</time><sat>6</sat></trkpt>
  <trkpt lat="30.26991927" lon="120.12073613"><ele>16.985</ele><time>2026-06-01T17:09:02Z</time><sat>8</sat></trkpt>
  <trkpt lat="30.26991926" lon="120.12073620"><ele>16.985</ele><time>2026-06-01T17:09:05Z</time><sat>6</sat></trkpt>
  <trkpt lat="30.26991930" lon="120.12073617"><ele>16.985</ele><time>2026-06-01T17:09:08Z</time><sat>4</sat></trkpt>
  <trkpt lat="30.26991932" lon="120.12073605"><ele>16.985</ele><time>2026-06-01T17:09:11Z</time><sat>6</sat></trkpt>
  <trkpt lat="30.26991935" lon="120.12073599"><ele>16.985</ele><time>2026-06-01T17:09:14Z</time><sat>8</sat></trkpt>
  <trkpt lat="30.26991936" lon="120.12073579"><ele>16.985</ele><time>2026-06-01T17:09:17Z</time><sat>8</sat></trkpt>
  <trkpt lat="30.26991934" lon="120.12073596"><ele>16.985</ele><time>2026-06-01T17:09:20Z</time><sat>9</sat></trkpt>
  <trkpt lat="30.26991936" lon="120.12073585"><ele>16.985</ele><time>2026-06-01T17:09:23Z</time><sat>8</sat></trkpt>
  <trkpt lat="30.26991935" lon="120.12073591"><ele>16.985</ele><time>2026-06-01T17:09:26Z</time><sat>7</sat></trkpt>
  <trkpt lat="30.26991937" lon="120.12073588"><ele>16.985</ele><time>2026-06-01T17:09:29Z</time><sat>8</sat></trkpt>
  <trkpt lat="30.26991936" lon="120.12073603"><ele>16.985</ele><time>2026-06-01T17:09:32Z</time><sat>7</sat></trkpt>
  <trkpt lat="30.26991934" lon="120.12073620"><ele>16.985</ele><time>2026-06-01T17:09:35Z</time><sat>8</sat></trkpt>
  <trkpt lat="30.26991933" lon="120.12073606"><ele>16.985</ele><time>2026-06-01T17:09:38Z</time><sat>7</sat></trkpt>
  <trkpt lat="30.26991924" lon="120.12073639"><ele>16.985</ele><time>2026-06-01T17:09:41Z</time><sat>7</sat></trkpt>
  <trkpt lat="30.26991924" lon="120.12073641"><ele>16.985</ele><time>2026-06-01T17:09:44Z</time><sat>9</sat></trkpt>
  <trkpt lat="30.26991920" lon="120.12073656"><ele>16.985</ele><time>2026-06-01T17:09:47Z</time><sat>8</sat></trkpt>
  <trkpt lat="30.26991916" lon="120.12073672"><ele>16.985</ele><time>2026-06-01T17:09:50Z</time><sat>8</sat></trkpt>
  <trkpt lat="30.26991909" lon="120.12073706"><ele>16.985</ele><time>2026-06-01T17:09:53Z</time><sat>8</sat></trkpt>
  <trkpt lat="30.26991906" lon="120.12073743"><ele>16.985</ele><time>2026-06-01T17:09:56Z</time><sat>8</sat></trkpt>
  <trkpt lat="30.26991908" lon="120.12073748"><ele>16.985</ele><time>2026-06-01T17:09:59Z</time><sat>10</sat></trkpt>
  <trkpt lat="30.26991912" lon="120.12073735"><ele>16.985</ele><time>2026-06-01T17:10:02Z</time><sat>9</sat></trkpt>
  <trkpt lat="30.26991917" lon="120.12073743"><ele>16.986</ele><time>2026-06-01T17:10:05Z</time><sat>9</sat></trkpt>
  <trkpt lat="30.26991921" lon="120.12073732"><ele>16.987</ele><time>2026-06-01T17:10:08Z</time><sat>10</sat></trkpt>
  <trkpt lat="30.26991931" lon="120.12073706"><ele>16.987</ele><time>2026-06-01T17:10:11Z</time><sat>10</sat></trkpt>
  <trkpt lat="30.26991935" lon="120.12073699"><ele>16.988</ele><time>2026-06-01T17:10:14Z</time><sat>10</sat></trkpt>
  <trkpt lat="30.26991936" lon="120.12073704"><ele>16.988</ele><time>2026-06-01T17:10:17Z</time><sat>12</sat></trkpt>
  <trkpt lat="30.26991963" lon="120.12073702"><ele>16.988</ele><time>2026-06-01T17:10:20Z</time><sat>11</sat></trkpt>
  <trkpt lat="30.26992075" lon="120.12073669"><ele>16.988</ele><time>2026-06-01T17:10:23Z</time><sat>11</sat></trkpt>
  <trkpt lat="30.26992076" lon="120.12073674"><ele>16.989</ele><time>2026-06-01T17:10:26Z</time><sat>13</sat></trkpt>
  <trkpt lat="30.26992148" lon="120.12073678"><ele>16.989</ele><time>2026-06-01T17:10:29Z</time><sat>12</sat></trkpt>
  <trkpt lat="30.26992138" lon="120.12073688"><ele>16.990</ele><time>2026-06-01T17:10:32Z</time><sat>11</sat></trkpt>
  <trkpt lat="30.26992133" lon="120.12073697"><ele>16.991</ele><time>2026-06-01T17:10:35Z</time><sat>11</sat></trkpt>
  <trkpt lat="30.26992123" lon="120.12073714"><ele>16.991</ele><time>2026-06-01T17:10:38Z</time><sat>12</sat></trkpt>
  <trkpt lat="30.26992106" lon="120.12073726"><ele>16.992</ele><time>2026-06-01T17:10:41Z</time><sat>11</sat></trkpt>
  <trkpt lat="30.26992108" lon="120.12073735"><ele>16.994</ele><time>2026-06-01T17:10:44Z</time><sat>11</sat></trkpt>
  <trkpt lat="30.26992108" lon="120.12073739"><ele>16.994</ele><time>2026-06-01T17:10:47Z</time><sat>12</sat></trkpt>
  <trkpt lat="30.26992108" lon="120.12073760"><ele>16.995</ele><time>2026-06-01T17:10:50Z</time><sat>11</sat></trkpt>
  <trkpt lat="30.26992361" lon="120.12073684"><ele>16.989</ele><time>2026-06-01T17:10:53Z</time><sat>11</sat></trkpt>
  <trkpt lat="30.26992361" lon="120.12073644"><ele>16.989</ele><time>2026-06-01T17:10:56Z</time><sat>11</sat></trkpt>
  <trkpt lat="30.26992374" lon="120.12073651"><ele>16.989</ele><time>2026-06-01T17:10:59Z</time><sat>10</sat></trkpt>
  <trkpt lat="30.26992391" lon="120.12073606"><ele>16.989</ele><time>2026-06-01T17:11:02Z</time><sat>8</sat></trkpt>
  <trkpt lat="30.26992395" lon="120.12073593"><ele>16.990</ele><time>2026-06-01T17:11:05Z</time><sat>7</sat></trkpt>
  <trkpt lat="30.26992405" lon="120.12073558"><ele>16.989</ele><time>2026-06-01T17:11:08Z</time><sat>8</sat></trkpt>
  <trkpt lat="30.26992421" lon="120.12073527"><ele>16.989</ele><time>2026-06-01T17:11:11Z</time><sat>9</sat></trkpt>
  <trkpt lat="30.26992039" lon="120.12073459"><ele>16.999</ele><time>2026-06-01T17:11:14Z</time><sat>8</sat></trkpt>
  <trkpt lat="30.26992050" lon="120.12073464"><ele>16.999</ele><time>2026-06-01T17:11:17Z</time><sat>10</sat></trkpt>
  <trkpt lat="30.26992051" lon="120.12073471"><ele>16.999</ele><time>2026-06-01T17:11:20Z</time><sat>11</sat></trkpt>
  <trkpt lat="30.26992189" lon="120.12073492"><ele>16.998</ele><time>2026-06-01T17:11:23Z</time><sat>9</sat></trkpt>
  <trkpt lat="30.26992198" lon="120.12073498"><ele>16.999</ele><time>2026-06-01T17:11:26Z</time><sat>10</sat></trkpt>
  <trkpt lat="30.26992192" lon="120.12073517"><ele>17.000</ele><time>2026-06-01T17:11:29Z</time><sat>11</sat></trkpt>
  <trkpt lat="30.26992198" lon="120.12073505"><ele>17.000</ele><time>2026-06-01T17:11:32Z</time><sat>10</sat></trkpt>
  <trkpt lat="30.26992297" lon="120.12073508"><ele>16.999</ele><time>2026-06-01T17:11:35Z</time><sat>9</sat></trkpt>
  <trkpt lat="30.26992318" lon="120.12073517"><ele>17.002</ele><time>2026-06-01T17:11:38Z</time><sat>10</sat></trkpt>
  <trkpt lat="30.26992311" lon="120.12073502"><ele>17.000</ele><time>2026-06-01T17:11:41Z</time><sat>11</sat></trkpt>
  <trkpt lat="30.26992307" lon="120.12073521"><ele>17.001</ele><time>2026-06-01T17:11:44Z</time><sat>12</sat></trkpt>
  <trkpt lat="30.26992374" lon="120.12073530"><ele>17.000</ele><time>2026-06-01T17:11:47Z</time><sat>11</sat></trkpt>
  <trkpt lat="30.26992378" lon="120.12073506"><ele>17.000</ele><time>2026-06-01T17:11:50Z</time><sat>11</sat></trkpt>
  <trkpt lat="30.26992385" lon="120.12073492"><ele>17.001</ele><time>2026-06-01T17:11:53Z</time><sat>12</sat></trkpt>
  <trkpt lat="30.26992387" lon="120.12073483"><ele>17.001</ele><time>2026-06-01T17:11:56Z</time><sat>11</sat></trkpt>
  <trkpt lat="30.26992542" lon="120.12073477"><ele>16.997</ele><time>2026-06-01T17:11:59Z</time><sat>11</sat></trkpt>
  <trkpt lat="30.26992552" lon="120.12073448"><ele>16.997</ele><time>2026-06-01T17:12:02Z</time><sat>10</sat></trkpt>
  <trkpt lat="30.26992565" lon="120.12073424"><ele>16.999</ele><time>2026-06-01T17:12:05Z</time><sat>10</sat></trkpt>
  <trkpt lat="30.26992566" lon="120.12073418"><ele>16.999</ele><time>2026-06-01T17:12:08Z</time><sat>11</sat></trkpt>
  <trkpt lat="30.26992659" lon="120.12073372"><ele>17.000</ele><time>2026-06-01T17:12:11Z</time><sat>11</sat></trkpt>
  <trkpt lat="30.26992656" lon="120.12073381"><ele>17.001</ele><time>2026-06-01T17:12:14Z</time><sat>12</sat></trkpt>
  <trkpt lat="30.26992597" lon="120.12073302"><ele>17.004</ele><time>2026-06-01T17:12:17Z</time><sat>10</sat></trkpt>
  <trkpt lat="30.26992599" lon="120.12073290"><ele>17.005</ele><time>2026-06-01T17:12:20Z</time><sat>10</sat></trkpt>
  <trkpt lat="30.26992627" lon="120.12073272"><ele>17.005</ele><time>2026-06-01T17:12:23Z</time><sat>10</sat></trkpt>
  <trkpt lat="30.26992638" lon="120.12073261"><ele>17.005</ele><time>2026-06-01T17:12:26Z</time><sat>10</sat></trkpt>
  <trkpt lat="30.26992654" lon="120.12073237"><ele>17.006</ele><time>2026-06-01T17:12:29Z</time><sat>11</sat></trkpt>
  <trkpt lat="30.26992655" lon="120.12073237"><ele>17.006</ele><time>2026-06-01T17:12:32Z</time><sat>10</sat></trkpt>
  <trkpt lat="30.26992655" lon="120.12073233"><ele>17.006</ele><time>2026-06-01T17:12:35Z</time><sat>9</sat></trkpt>
  <trkpt lat="30.26992648" lon="120.12073227"><ele>17.005</ele><time>2026-06-01T17:12:38Z</time><sat>7</sat></trkpt>
  <trkpt lat="30.26992649" lon="120.12073220"><ele>17.006</ele><time>2026-06-01T17:12:41Z</time><sat>6</sat></trkpt>
  <trkpt lat="30.26992652" lon="120.12073219"><ele>17.006</ele><time>2026-06-01T17:12:44Z</time><sat>9</sat></trkpt>
  <trkpt lat="30.26992652" lon="120.12073218"><ele>17.006</ele><time>2026-06-01T17:12:47Z</time><sat>9</sat></trkpt>
  <trkpt lat="30.26992653" lon="120.12073216"><ele>17.006</ele><time>2026-06-01T17:12:50Z</time><sat>7</sat></trkpt>
  <trkpt lat="30.26992654" lon="120.12073216"><ele>17.006</ele><time>2026-06-01T17:12:53Z</time><sat>7</sat></trkpt>
  <trkpt lat="30.26992517" lon="120.12073281"><ele>17.009</ele><time>2026-06-01T17:12:56Z</time><sat>7</sat></trkpt>
  <trkpt lat="30.26992519" lon="120.12073279"><ele>17.009</ele><time>2026-06-01T17:12:59Z</time><sat>6</sat></trkpt>
  <trkpt lat="30.26992519" lon="120.12073282"><ele>17.009</ele><time>2026-06-01T17:13:02Z</time><sat>8</sat></trkpt>
  <trkpt lat="30.26992520" lon="120.12073278"><ele>17.010</ele><time>2026-06-01T17:13:05Z</time><sat>7</sat></trkpt>
  <trkpt lat="30.26992519" lon="120.12073279"><ele>17.009</ele><time>2026-06-01T17:13:08Z</time><sat>9</sat></trkpt>
  <trkpt lat="30.26992521" lon="120.12073273"><ele>17.010</ele><time>2026-06-01T17:13:11Z</time><sat>8</sat></trkpt>
  <trkpt lat="30.26992529" lon="120.12073258"><ele>17.012</ele><time>2026-06-01T17:13:14Z</time><sat>7</sat></trkpt>
  <trkpt lat="30.26992532" lon="120.12073244"><ele>17.013</ele><time>2026-06-01T17:13:17Z</time><sat>8</sat></trkpt>
  <trkpt lat="30.26992532" lon="120.12073244"><ele>17.013</ele><time>2026-06-01T17:13:20Z</time><sat>8</sat></trkpt>
  <trkpt lat="30.26992533" lon="120.12073243"><ele>17.014</ele><time>2026-06-01T17:13:23Z</time><sat>7</sat></trkpt>
  <trkpt lat="30.26992533" lon="120.12073249"><ele>17.014</ele><time>2026-06-01T17:13:26Z</time><sat>7</sat></trkpt>
  <trkpt lat="30.26992534" lon="120.12073250"><ele>17.014</ele><time>2026-06-01T17:13:29Z</time><sat>8</sat></trkpt>
  <trkpt lat="30.26992534" lon="120.12073231"><ele>17.013</ele><time>2026-06-01T17:13:32Z</time><sat>8</sat></trkpt>
  <trkpt lat="30.26992533" lon="120.12073225"><ele>17.014</ele><time>2026-06-01T17:13:35Z</time><sat>8</sat></trkpt>
  <trkpt lat="30.26992534" lon="120.12073228"><ele>17.014</ele><time>2026-06-01T17:13:38Z</time><sat>7</sat></trkpt>
  <trkpt lat="30.26992534" lon="120.12073226"><ele>17.014</ele><time>2026-06-01T17:13:41Z</time><sat>7</sat></trkpt>
  <trkpt lat="30.26992536" lon="120.12073221"><ele>17.014</ele><time>2026-06-01T17:13:44Z</time><sat>6</sat></trkpt>
  <trkpt lat="30.26992536" lon="120.12073214"><ele>17.015</ele><time>2026-06-01T17:13:47Z</time><sat>7</sat></trkpt>
  <trkpt lat="30.26992534" lon="120.12073210"><ele>17.014</ele><time>2026-06-01T17:13:50Z</time><sat>9</sat></trkpt>
  <trkpt lat="30.26992536" lon="120.12073210"><ele>17.014</ele><time>2026-06-01T17:13:53Z</time><sat>11</sat></trkpt>
  <trkpt lat="30.26992538" lon="120.12073208"><ele>17.015</ele><time>2026-06-01T17:13:56Z</time><sat>10</sat></trkpt>
  <trkpt lat="30.26992540" lon="120.12073205"><ele>17.015</ele><time>2026-06-01T17:13:59Z</time><sat>8</sat></trkpt>
  <trkpt lat="30.26992539" lon="120.12073204"><ele>17.015</ele><time>2026-06-01T17:14:02Z</time><sat>8</sat></trkpt>
  <trkpt lat="30.26992536" lon="120.12073205"><ele>17.014</ele><time>2026-06-01T17:14:05Z</time><sat>10</sat></trkpt>
  <trkpt lat="30.26992534" lon="120.12073206"><ele>17.014</ele><time>2026-06-01T17:14:08Z</time><sat>8</sat></trkpt>
  <trkpt lat="30.26992534" lon="120.12073205"><ele>17.014</ele><time>2026-06-01T17:14:11Z</time><sat>8</sat></trkpt>
  <trkpt lat="30.26992531" lon="120.12073202"><ele>17.013</ele><time>2026-06-01T17:14:14Z</time><sat>10</sat></trkpt>
  <trkpt lat="30.26992528" lon="120.12073208"><ele>17.012</ele><time>2026-06-01T17:14:17Z</time><sat>11</sat></trkpt>
  <trkpt lat="30.26992531" lon="120.12073198"><ele>17.013</ele><time>2026-06-01T17:14:20Z</time><sat>9</sat></trkpt>
  <trkpt lat="30.26992533" lon="120.12073190"><ele>17.014</ele><time>2026-06-01T17:14:23Z</time><sat>10</sat></trkpt>
  <trkpt lat="30.26992531" lon="120.12073184"><ele>17.014</ele><time>2026-06-01T17:14:26Z</time><sat>11</sat></trkpt>
  <trkpt lat="30.26992530" lon="120.12073181"><ele>17.013</ele><time>2026-06-01T17:14:29Z</time><sat>8</sat></trkpt>
  <trkpt lat="30.26992531" lon="120.12073172"><ele>17.014</ele><time>2026-06-01T17:14:32Z</time><sat>8</sat></trkpt>
  <trkpt lat="30.26992526" lon="120.12073168"><ele>17.013</ele><time>2026-06-01T17:14:35Z</time><sat>8</sat></trkpt>
  <trkpt lat="30.26992524" lon="120.12073166"><ele>17.013</ele><time>2026-06-01T17:14:38Z</time><sat>9</sat></trkpt>
  <trkpt lat="30.26992526" lon="120.12073165"><ele>17.013</ele><time>2026-06-01T17:14:41Z</time><sat>9</sat></trkpt>
  <trkpt lat="30.26992533" lon="120.12073161"><ele>17.014</ele><time>2026-06-01T17:14:44Z</time><sat>9</sat></trkpt>
  <trkpt lat="30.26992534" lon="120.12073158"><ele>17.014</ele><time>2026-06-01T17:14:47Z</time><sat>10</sat></trkpt>
  <trkpt lat="30.26992537" lon="120.12073151"><ele>17.015</ele><time>2026-06-01T17:14:50Z</time><sat>11</sat></trkpt>
  <trkpt lat="30.26992541" lon="120.12073148"><ele>17.016</ele><time>2026-06-01T17:14:53Z</time><sat>10</sat></trkpt>
  <trkpt lat="30.26992543" lon="120.12073149"><ele>17.016</ele><time>2026-06-01T17:14:56Z</time><sat>10</sat></trkpt>
  <trkpt lat="30.26992541" lon="120.12073147"><ele>17.016</ele><time>2026-06-01T17:14:59Z</time><sat>10</sat></trkpt>
  <trkpt lat="30.26992547" lon="120.12073145"><ele>17.017</ele><time>2026-06-01T17:15:02Z</time><sat>8</sat></trkpt>
  <trkpt lat="30.26992548" lon="120.12073141"><ele>17.017</ele><time>2026-06-01T17:15:05Z</time><sat>9</sat></trkpt>
  <trkpt lat="30.26992551" lon="120.12073137"><ele>17.018</ele><time>2026-06-01T17:15:08Z</time><sat>10</sat></trkpt>
  <trkpt lat="30.26992556" lon="120.12073133"><ele>17.019</ele><time>2026-06-01T17:15:11Z</time><sat>10</sat></trkpt>
  <trkpt lat="30.26992560" lon="120.12073132"><ele>17.019</ele><time>2026-06-01T17:15:14Z</time><sat>9</sat></trkpt>
  <trkpt lat="30.26992559" lon="120.12073138"><ele>17.019</ele><time>2026-06-01T17:15:17Z</time><sat>9</sat></trkpt>
  <trkpt lat="30.26992566" lon="120.12073136"><ele>17.021</ele><time>2026-06-01T17:15:20Z</time><sat>8</sat></trkpt>
  <trkpt lat="30.26992564" lon="120.12073134"><ele>17.020</ele><time>2026-06-01T17:15:23Z</time><sat>10</sat></trkpt>
  <trkpt lat="30.26992565" lon="120.12073128"><ele>17.020</ele><time>2026-06-01T17:15:26Z</time><sat>9</sat></trkpt>
  <trkpt lat="30.26992570" lon="120.12073124"><ele>17.021</ele><time>2026-06-01T17:15:29Z</time><sat>9</sat></trkpt>
  <trkpt lat="30.26992568" lon="120.12073126"><ele>17.021</ele><time>2026-06-01T17:15:32Z</time><sat>11</sat></trkpt>
  <trkpt lat="30.26992573" lon="120.12073124"><ele>17.022</ele><time>2026-06-01T17:15:35Z</time><sat>10</sat></trkpt>
  <trkpt lat="30.26992579" lon="120.12073119"><ele>17.023</ele><time>2026-06-01T17:15:38Z</time><sat>9</sat></trkpt>
  <trkpt lat="30.26992582" lon="120.12073116"><ele>17.024</ele><time>2026-06-01T17:15:41Z</time><sat>9</sat></trkpt>
  <trkpt lat="30.26992592" lon="120.12073113"><ele>17.026</ele><time>2026-06-01T17:15:44Z</time><sat>10</sat></trkpt>
  <trkpt lat="30.26992595" lon="120.12073111"><ele>17.027</ele><time>2026-06-01T17:15:47Z</time><sat>9</sat></trkpt>
  <trkpt lat="30.26992505" lon="120.12072996"><ele>17.029</ele><time>2026-06-01T17:15:50Z</time><sat>10</sat></trkpt>
  <trkpt lat="30.26992498" lon="120.12073003"><ele>17.029</ele><time>2026-06-01T17:15:53Z</time><sat>10</sat></trkpt>
  <trkpt lat="30.26992477" lon="120.12072966"><ele>17.030</ele><time>2026-06-01T17:15:56Z</time><sat>10</sat></trkpt>
  <trkpt lat="30.26992489" lon="120.12072969"><ele>17.031</ele><time>2026-06-01T17:15:59Z</time><sat>11</sat></trkpt>
  <trkpt lat="30.26992524" lon="120.12073020"><ele>17.029</ele><time>2026-06-01T17:16:02Z</time><sat>13</sat></trkpt>
  <trkpt lat="30.26992519" lon="120.12073008"><ele>17.030</ele><time>2026-06-01T17:16:05Z</time><sat>9</sat></trkpt>
  <trkpt lat="30.26992523" lon="120.12073007"><ele>17.031</ele><time>2026-06-01T17:16:08Z</time><sat>9</sat></trkpt>
  <trkpt lat="30.26992529" lon="120.12072998"><ele>17.032</ele><time>2026-06-01T17:16:11Z</time><sat>11</sat></trkpt>
  <trkpt lat="30.26992526" lon="120.12072989"><ele>17.033</ele><time>2026-06-01T17:16:14Z</time><sat>10</sat></trkpt>
  <trkpt lat="30.26992529" lon="120.12072990"><ele>17.034</ele><time>2026-06-01T17:16:17Z</time><sat>9</sat></trkpt>
  <trkpt lat="30.26992536" lon="120.12072973"><ele>17.035</ele><time>2026-06-01T17:16:20Z</time><sat>10</sat></trkpt>
  <trkpt lat="30.26992542" lon="120.12072974"><ele>17.037</ele><time>2026-06-01T17:16:23Z</time><sat>11</sat></trkpt>
  <trkpt lat="30.26992551" lon="120.12072966"><ele>17.039</ele><time>2026-06-01T17:16:26Z</time><sat>11</sat></trkpt>
  <trkpt lat="30.26992564" lon="120.12072981"><ele>17.042</ele><time>2026-06-01T17:16:29Z</time><sat>10</sat></trkpt>
  <trkpt lat="30.26992567" lon="120.12072970"><ele>17.042</ele><time>2026-06-01T17:16:32Z</time><sat>10</sat></trkpt>
  <trkpt lat="30.26992575" lon="120.12072946"><ele>17.042</ele><time>2026-06-01T17:16:35Z</time><sat>11</sat></trkpt>
  <trkpt lat="30.26992576" lon="120.12072943"><ele>17.042</ele><time>2026-06-01T17:16:38Z</time><sat>11</sat></trkpt>
  <trkpt lat="30.26992583" lon="120.12072925"><ele>17.043</ele><time>2026-06-01T17:16:41Z</time><sat>7</sat></trkpt>
  <trkpt lat="30.26992585" lon="120.12072919"><ele>17.044</ele><time>2026-06-01T17:16:44Z</time><sat>9</sat></trkpt>
  <trkpt lat="30.26992593" lon="120.12072916"><ele>17.045</ele><time>2026-06-01T17:16:47Z</time><sat>11</sat></trkpt>
  <trkpt lat="30.26992591" lon="120.12072910"><ele>17.044</ele><time>2026-06-01T17:16:50Z</time><sat>9</sat></trkpt>
  <trkpt lat="30.26992606" lon="120.12072904"><ele>17.047</ele><time>2026-06-01T17:16:53Z</time><sat>9</sat></trkpt>
  <trkpt lat="30.26992613" lon="120.12072921"><ele>17.050</ele><time>2026-06-01T17:16:56Z</time><sat>11</sat></trkpt>
  <trkpt lat="30.26992616" lon="120.12072935"><ele>17.051</ele><time>2026-06-01T17:16:59Z</time><sat>9</sat></trkpt>
  <trkpt lat="30.26992619" lon="120.12072938"><ele>17.052</ele><time>2026-06-01T17:17:02Z</time><sat>8</sat></trkpt>
  <trkpt lat="30.26992638" lon="120.12072902"><ele>17.052</ele><time>2026-06-01T17:17:05Z</time><sat>11</sat></trkpt>
  <trkpt lat="30.26992683" lon="120.12072856"><ele>17.052</ele><time>2026-06-01T17:17:08Z</time><sat>12</sat></trkpt>
  <trkpt lat="30.26992688" lon="120.12072840"><ele>17.052</ele><time>2026-06-01T17:17:11Z</time><sat>12</sat></trkpt>
  <trkpt lat="30.26992681" lon="120.12072853"><ele>17.052</ele><time>2026-06-01T17:17:14Z</time><sat>12</sat></trkpt>
  <trkpt lat="30.26992719" lon="120.12072825"><ele>17.051</ele><time>2026-06-01T17:17:17Z</time><sat>10</sat></trkpt>
  <trkpt lat="30.26992720" lon="120.12072812"><ele>17.050</ele><time>2026-06-01T17:17:20Z</time><sat>11</sat></trkpt>
  <trkpt lat="30.26992715" lon="120.12072825"><ele>17.050</ele><time>2026-06-01T17:17:23Z</time><sat>13</sat></trkpt>
  <trkpt lat="30.26992703" lon="120.12072857"><ele>17.050</ele><time>2026-06-01T17:17:26Z</time><sat>13</sat></trkpt>
  <trkpt lat="30.26992846" lon="120.12072756"><ele>17.048</ele><time>2026-06-01T17:17:29Z</time><sat>12</sat></trkpt>
  <trkpt lat="30.26992837" lon="120.12072775"><ele>17.048</ele><time>2026-06-01T17:17:32Z</time><sat>13</sat></trkpt>
  <trkpt lat="30.26992831" lon="120.12072795"><ele>17.048</ele><time>2026-06-01T17:17:35Z</time><sat>13</sat></trkpt>
  <trkpt lat="30.26992827" lon="120.12072807"><ele>17.047</ele><time>2026-06-01T17:17:38Z</time><sat>10</sat></trkpt>
  <trkpt lat="30.26992828" lon="120.12072793"><ele>17.047</ele><time>2026-06-01T17:17:41Z</time><sat>9</sat></trkpt>
  <trkpt lat="30.26992826" lon="120.12072797"><ele>17.046</ele><time>2026-06-01T17:17:44Z</time><sat>9</sat></trkpt>
  <trkpt lat="30.26992832" lon="120.12072780"><ele>17.046</ele><time>2026-06-01T17:17:47Z</time><sat>10</sat></trkpt>
  <trkpt lat="30.26992839" lon="120.12072751"><ele>17.046</ele><time>2026-06-01T17:17:50Z</time><sat>9</sat></trkpt>
  <trkpt lat="30.26992841" lon="120.12072743"><ele>17.046</ele><time>2026-06-01T17:17:53Z</time><sat>8</sat></trkpt>
  <trkpt lat="30.26992847" lon="120.12072718"><ele>17.047</ele><time>2026-06-01T17:17:56Z</time><sat>10</sat></trkpt>
  <trkpt lat="30.26992850" lon="120.12072723"><ele>17.048</ele><time>2026-06-01T17:17:59Z</time><sat>12</sat></trkpt>
  <trkpt lat="30.26992853" lon="120.12072713"><ele>17.048</ele><time>2026-06-01T17:18:02Z</time><sat>12</sat></trkpt>
  <trkpt lat="30.26992872" lon="120.12072706"><ele>17.051</ele><time>2026-06-01T17:18:05Z</time><sat>12</sat></trkpt>
  <trkpt lat="30.26992878" lon="120.12072700"><ele>17.052</ele><time>2026-06-01T17:18:08Z</time><sat>11</sat></trkpt>
  <trkpt lat="30.26992885" lon="120.12072716"><ele>17.053</ele><time>2026-06-01T17:18:11Z</time><sat>10</sat></trkpt>
  <trkpt lat="30.26992878" lon="120.12072718"><ele>17.053</ele><time>2026-06-01T17:18:14Z</time><sat>12</sat></trkpt>
  <trkpt lat="30.26992888" lon="120.12072706"><ele>17.055</ele><time>2026-06-01T17:18:17Z</time><sat>12</sat></trkpt>
  <trkpt lat="30.26992885" lon="120.12072692"><ele>17.054</ele><time>2026-06-01T17:18:20Z</time><sat>11</sat></trkpt>
  <trkpt lat="30.26992889" lon="120.12072685"><ele>17.054</ele><time>2026-06-01T17:18:23Z</time><sat>10</sat></trkpt>
  <trkpt lat="30.26992897" lon="120.12072698"><ele>17.056</ele><time>2026-06-01T17:18:26Z</time><sat>10</sat></trkpt>
  <trkpt lat="30.26992902" lon="120.12072696"><ele>17.056</ele><time>2026-06-01T17:18:29Z</time><sat>11</sat></trkpt>
  <trkpt lat="30.26992901" lon="120.12072704"><ele>17.056</ele><time>2026-06-01T17:18:32Z</time><sat>12</sat></trkpt>
  <trkpt lat="30.26992900" lon="120.12072727"><ele>17.058</ele><time>2026-06-01T17:18:35Z</time><sat>12</sat></trkpt>
  <trkpt lat="30.26992898" lon="120.12072731"><ele>17.058</ele><time>2026-06-01T17:18:38Z</time><sat>11</sat></trkpt>
  <trkpt lat="30.26992900" lon="120.12072753"><ele>17.059</ele><time>2026-06-01T17:18:41Z</time><sat>12</sat></trkpt>
  <trkpt lat="30.26992907" lon="120.12072751"><ele>17.060</ele><time>2026-06-01T17:18:44Z</time><sat>15</sat></trkpt>
  <trkpt lat="30.26992902" lon="120.12072754"><ele>17.061</ele><time>2026-06-01T17:18:47Z</time><sat>13</sat></trkpt>
  <trkpt lat="30.26992908" lon="120.12072761"><ele>17.062</ele><time>2026-06-01T17:18:50Z</time><sat>11</sat></trkpt>
  <trkpt lat="30.26992911" lon="120.12072761"><ele>17.064</ele><time>2026-06-01T17:18:53Z</time><sat>12</sat></trkpt>
  <trkpt lat="30.26992911" lon="120.12072756"><ele>17.064</ele><time>2026-06-01T17:18:56Z</time><sat>13</sat></trkpt>
  <trkpt lat="30.26992903" lon="120.12072781"><ele>17.064</ele><time>2026-06-01T17:18:59Z</time><sat>13</sat></trkpt>
  <trkpt lat="30.26992891" lon="120.12072773"><ele>17.062</ele><time>2026-06-01T17:19:02Z</time><sat>12</sat></trkpt>
  <trkpt lat="30.26992893" lon="120.12072770"><ele>17.062</ele><time>2026-06-01T17:19:05Z</time><sat>14</sat></trkpt>
  <trkpt lat="30.26992898" lon="120.12072762"><ele>17.063</ele><time>2026-06-01T17:19:08Z</time><sat>11</sat></trkpt>
  <trkpt lat="30.26992899" lon="120.12072806"><ele>17.064</ele><time>2026-06-01T17:19:11Z</time><sat>9</sat></trkpt>
  <trkpt lat="30.26992895" lon="120.12072820"><ele>17.064</ele><time>2026-06-01T17:19:14Z</time><sat>13</sat></trkpt>
  <trkpt lat="30.26992887" lon="120.12072810"><ele>17.061</ele><time>2026-06-01T17:19:17Z</time><sat>12</sat></trkpt>
  <trkpt lat="30.26992703" lon="120.12072767"><ele>17.068</ele><time>2026-06-01T17:19:20Z</time><sat>8</sat></trkpt>
  <trkpt lat="30.26992702" lon="120.12072765"><ele>17.068</ele><time>2026-06-01T17:19:23Z</time><sat>10</sat></trkpt>
  <trkpt lat="30.26992701" lon="120.12072733"><ele>17.066</ele><time>2026-06-01T17:19:26Z</time><sat>13</sat></trkpt>
  <trkpt lat="30.26992688" lon="120.12072751"><ele>17.064</ele><time>2026-06-01T17:19:29Z</time><sat>11</sat></trkpt>
  <trkpt lat="30.26992658" lon="120.12072753"><ele>17.066</ele><time>2026-06-01T17:19:32Z</time><sat>9</sat></trkpt>
  <trkpt lat="30.26992664" lon="120.12072733"><ele>17.067</ele><time>2026-06-01T17:19:35Z</time><sat>12</sat></trkpt>
  <trkpt lat="30.26992668" lon="120.12072740"><ele>17.069</ele><time>2026-06-01T17:19:38Z</time><sat>11</sat></trkpt>
  <trkpt lat="30.26992666" lon="120.12072733"><ele>17.068</ele><time>2026-06-01T17:19:41Z</time><sat>10</sat></trkpt>
  <trkpt lat="30.26992657" lon="120.12072746"><ele>17.068</ele><time>2026-06-01T17:19:44Z</time><sat>8</sat></trkpt>
  <trkpt lat="30.26992656" lon="120.12072748"><ele>17.068</ele><time>2026-06-01T17:19:47Z</time><sat>8</sat></trkpt>
  <trkpt lat="30.26992659" lon="120.12072748"><ele>17.069</ele><time>2026-06-01T17:19:50Z</time><sat>12</sat></trkpt>
  <trkpt lat="30.26992660" lon="120.12072728"><ele>17.067</ele><time>2026-06-01T17:19:53Z</time><sat>12</sat></trkpt>
  <trkpt lat="30.26992656" lon="120.12072720"><ele>17.067</ele><time>2026-06-01T17:19:56Z</time><sat>8</sat></trkpt>
  <trkpt lat="30.26992659" lon="120.12072719"><ele>17.067</ele><time>2026-06-01T17:19:59Z</time><sat>10</sat></trkpt>
  <trkpt lat="30.26992665" lon="120.12072734"><ele>17.069</ele><time>2026-06-01T17:20:02Z</time><sat>9</sat></trkpt>
  <trkpt lat="30.26992675" lon="120.12072751"><ele>17.072</ele><time>2026-06-01T17:20:05Z</time><sat>8</sat></trkpt>
  <trkpt lat="30.26992680" lon="120.12072760"><ele>17.073</ele><time>2026-06-01T17:20:08Z</time><sat>8</sat></trkpt>
  <trkpt lat="30.26992682" lon="120.12072770"><ele>17.074</ele><time>2026-06-01T17:20:11Z</time><sat>9</sat></trkpt>
  <trkpt lat="30.26992686" lon="120.12072790"><ele>17.075</ele><time>2026-06-01T17:20:14Z</time><sat>9</sat></trkpt>
  <trkpt lat="30.26992696" lon="120.12072804"><ele>17.078</ele><time>2026-06-01T17:20:17Z</time><sat>8</sat></trkpt>
  <trkpt lat="30.26992698" lon="120.12072813"><ele>17.079</ele><time>2026-06-01T17:20:20Z</time><sat>9</sat></trkpt>
  <trkpt lat="30.26992707" lon="120.12072827"><ele>17.081</ele><time>2026-06-01T17:20:23Z</time><sat>10</sat></trkpt>
  <trkpt lat="30.26992719" lon="120.12072850"><ele>17.085</ele><time>2026-06-01T17:20:26Z</time><sat>8</sat></trkpt>
  <trkpt lat="30.26992718" lon="120.12072863"><ele>17.086</ele><time>2026-06-01T17:20:29Z</time><sat>8</sat></trkpt>
  <trkpt lat="30.26992726" lon="120.12072878"><ele>17.088</ele><time>2026-06-01T17:20:33Z</time><sat>11</sat></trkpt>
  <trkpt lat="30.26992735" lon="120.12072887"><ele>17.089</ele><time>2026-06-01T17:20:36Z</time><sat>9</sat></trkpt>
  <trkpt lat="30.26992755" lon="120.12072915"><ele>17.094</ele><time>2026-06-01T17:20:39Z</time><sat>7</sat></trkpt>
  <trkpt lat="30.26992765" lon="120.12072922"><ele>17.096</ele><time>2026-06-01T17:20:42Z</time><sat>9</sat></trkpt>
  <trkpt lat="30.26992770" lon="120.12072930"><ele>17.097</ele><time>2026-06-01T17:20:45Z</time><sat>10</sat></trkpt>
  <trkpt lat="30.26992769" lon="120.12072944"><ele>17.098</ele><time>2026-06-01T17:20:48Z</time><sat>11</sat></trkpt>
  <trkpt lat="30.26992784" lon="120.12072968"><ele>17.102</ele><time>2026-06-01T17:20:51Z</time><sat>7</sat></trkpt>
  <trkpt lat="30.26992788" lon="120.12072976"><ele>17.103</ele><time>2026-06-01T17:20:54Z</time><sat>8</sat></trkpt>
  <trkpt lat="30.26992791" lon="120.12072979"><ele>17.104</ele><time>2026-06-01T17:20:57Z</time><sat>10</sat></trkpt>
  <trkpt lat="30.26992801" lon="120.12072993"><ele>17.106</ele><time>2026-06-01T17:21:00Z</time><sat>10</sat></trkpt>
  <trkpt lat="30.26992811" lon="120.12072999"><ele>17.108</ele><time>2026-06-01T17:21:03Z</time><sat>8</sat></trkpt>
  <trkpt lat="30.26992817" lon="120.12073003"><ele>17.109</ele><time>2026-06-01T17:21:06Z</time><sat>8</sat></trkpt>
  <trkpt lat="30.26992819" lon="120.12073006"><ele>17.109</ele><time>2026-06-01T17:21:09Z</time><sat>9</sat></trkpt>
  <trkpt lat="30.26992823" lon="120.12073014"><ele>17.111</ele><time>2026-06-01T17:21:12Z</time><sat>9</sat></trkpt>
  <trkpt lat="30.26992846" lon="120.12073059"><ele>17.117</ele><time>2026-06-01T17:21:15Z</time><sat>8</sat></trkpt>
  <trkpt lat="30.26992853" lon="120.12073073"><ele>17.119</ele><time>2026-06-01T17:21:18Z</time><sat>8</sat></trkpt>
  <trkpt lat="30.26992859" lon="120.12073087"><ele>17.121</ele><time>2026-06-01T17:21:21Z</time><sat>7</sat></trkpt>
  <trkpt lat="30.26992864" lon="120.12073092"><ele>17.122</ele><time>2026-06-01T17:21:24Z</time><sat>8</sat></trkpt>
  <trkpt lat="30.26992876" lon="120.12073112"><ele>17.125</ele><time>2026-06-01T17:21:27Z</time><sat>9</sat></trkpt>
  <trkpt lat="30.26992886" lon="120.12073130"><ele>17.128</ele><time>2026-06-01T17:21:30Z</time><sat>9</sat></trkpt>
  <trkpt lat="30.26992891" lon="120.12073137"><ele>17.129</ele><time>2026-06-01T17:21:33Z</time><sat>9</sat></trkpt>
  <trkpt lat="30.26992895" lon="120.12073138"><ele>17.130</ele><time>2026-06-01T17:21:36Z</time><sat>8</sat></trkpt>
  <trkpt lat="30.26992899" lon="120.12073153"><ele>17.132</ele><time>2026-06-01T17:21:39Z</time><sat>11</sat></trkpt>
  <trkpt lat="30.26992905" lon="120.12073151"><ele>17.133</ele><time>2026-06-01T17:21:42Z</time><sat>11</sat></trkpt>
  <trkpt lat="30.26992912" lon="120.12073167"><ele>17.135</ele><time>2026-06-01T17:21:45Z</time><sat>10</sat></trkpt>
  <trkpt lat="30.26992919" lon="120.12073177"><ele>17.137</ele><time>2026-06-01T17:21:48Z</time><sat>11</sat></trkpt>
  <trkpt lat="30.26992927" lon="120.12073189"><ele>17.139</ele><time>2026-06-01T17:21:51Z</time><sat>11</sat></trkpt>
  <trkpt lat="30.26992933" lon="120.12073191"><ele>17.141</ele><time>2026-06-01T17:21:54Z</time><sat>8</sat></trkpt>
  <trkpt lat="30.26992941" lon="120.12073202"><ele>17.143</ele><time>2026-06-01T17:21:57Z</time><sat>12</sat></trkpt>
  <trkpt lat="30.26992949" lon="120.12073212"><ele>17.145</ele><time>2026-06-01T17:22:00Z</time><sat>12</sat></trkpt>
  <trkpt lat="30.26992948" lon="120.12073208"><ele>17.144</ele><time>2026-06-01T17:22:03Z</time><sat>11</sat></trkpt>
  <trkpt lat="30.26992949" lon="120.12073193"><ele>17.145</ele><time>2026-06-01T17:22:06Z</time><sat>11</sat></trkpt>
  <trkpt lat="30.26992882" lon="120.12073113"><ele>17.150</ele><time>2026-06-01T17:22:09Z</time><sat>10</sat></trkpt>
  <trkpt lat="30.26992878" lon="120.12073107"><ele>17.149</ele><time>2026-06-01T17:22:12Z</time><sat>9</sat></trkpt>
  <trkpt lat="30.26992877" lon="120.12073122"><ele>17.150</ele><time>2026-06-01T17:22:15Z</time><sat>11</sat></trkpt>
  <trkpt lat="30.26992887" lon="120.12073129"><ele>17.153</ele><time>2026-06-01T17:22:18Z</time><sat>10</sat></trkpt>
  <trkpt lat="30.26992877" lon="120.12073117"><ele>17.156</ele><time>2026-06-01T17:22:21Z</time><sat>10</sat></trkpt>
  <trkpt lat="30.26992876" lon="120.12073103"><ele>17.156</ele><time>2026-06-01T17:22:24Z</time><sat>10</sat></trkpt>
  <trkpt lat="30.26992871" lon="120.12073090"><ele>17.155</ele><time>2026-06-01T17:22:27Z</time><sat>11</sat></trkpt>
  <trkpt lat="30.26992867" lon="120.12073072"><ele>17.154</ele><time>2026-06-01T17:22:30Z</time><sat>11</sat></trkpt>
  <trkpt lat="30.26992866" lon="120.12073076"><ele>17.156</ele><time>2026-06-01T17:22:33Z</time><sat>8</sat></trkpt>
  <trkpt lat="30.26992863" lon="120.12073073"><ele>17.155</ele><time>2026-06-01T17:22:36Z</time><sat>10</sat></trkpt>
  <trkpt lat="30.26992865" lon="120.12073059"><ele>17.155</ele><time>2026-06-01T17:22:39Z</time><sat>11</sat></trkpt>
  <trkpt lat="30.26992872" lon="120.12073056"><ele>17.157</ele><time>2026-06-01T17:22:42Z</time><sat>10</sat></trkpt>
  <trkpt lat="30.26992804" lon="120.12073043"><ele>17.160</ele><time>2026-06-01T17:22:45Z</time><sat>11</sat></trkpt>
  <trkpt lat="30.26992803" lon="120.12073040"><ele>17.160</ele><time>2026-06-01T17:22:48Z</time><sat>13</sat></trkpt>
  <trkpt lat="30.26992805" lon="120.12073042"><ele>17.161</ele><time>2026-06-01T17:22:51Z</time><sat>11</sat></trkpt>
  <trkpt lat="30.26992805" lon="120.12073069"><ele>17.163</ele><time>2026-06-01T17:22:54Z</time><sat>10</sat></trkpt>
  <trkpt lat="30.26992811" lon="120.12073076"><ele>17.164</ele><time>2026-06-01T17:22:57Z</time><sat>11</sat></trkpt>
  <trkpt lat="30.26992815" lon="120.12073081"><ele>17.166</ele><time>2026-06-01T17:23:00Z</time><sat>13</sat></trkpt>
  <trkpt lat="30.26992828" lon="120.12073093"><ele>17.169</ele><time>2026-06-01T17:23:03Z</time><sat>10</sat></trkpt>
  <trkpt lat="30.26992831" lon="120.12073109"><ele>17.171</ele><time>2026-06-01T17:23:06Z</time><sat>9</sat></trkpt>
  <trkpt lat="30.26992825" lon="120.12073108"><ele>17.172</ele><time>2026-06-01T17:23:09Z</time><sat>12</sat></trkpt>
  <trkpt lat="30.26992834" lon="120.12073128"><ele>17.174</ele><time>2026-06-01T17:23:12Z</time><sat>11</sat></trkpt>
  <trkpt lat="30.26992838" lon="120.12073145"><ele>17.175</ele><time>2026-06-01T17:23:15Z</time><sat>9</sat></trkpt>
  <trkpt lat="30.26992851" lon="120.12073143"><ele>17.178</ele><time>2026-06-01T17:23:18Z</time><sat>8</sat></trkpt>
  <trkpt lat="30.26992856" lon="120.12073158"><ele>17.180</ele><time>2026-06-01T17:23:21Z</time><sat>10</sat></trkpt>
  <trkpt lat="30.26992856" lon="120.12073160"><ele>17.180</ele><time>2026-06-01T17:23:24Z</time><sat>11</sat></trkpt>
  <trkpt lat="30.26992853" lon="120.12073152"><ele>17.179</ele><time>2026-06-01T17:23:27Z</time><sat>10</sat></trkpt>
  <trkpt lat="30.26992857" lon="120.12073158"><ele>17.180</ele><time>2026-06-01T17:23:30Z</time><sat>9</sat></trkpt>
  <trkpt lat="30.26992858" lon="120.12073161"><ele>17.180</ele><time>2026-06-01T17:23:33Z</time><sat>9</sat></trkpt>
  <trkpt lat="30.26992860" lon="120.12073177"><ele>17.181</ele><time>2026-06-01T17:23:36Z</time><sat>10</sat></trkpt>
  <trkpt lat="30.26992868" lon="120.12073190"><ele>17.183</ele><time>2026-06-01T17:23:39Z</time><sat>9</sat></trkpt>
  <trkpt lat="30.26992867" lon="120.12073189"><ele>17.183</ele><time>2026-06-01T17:23:42Z</time><sat>8</sat></trkpt>
  <trkpt lat="30.26992873" lon="120.12073205"><ele>17.185</ele><time>2026-06-01T17:23:45Z</time><sat>9</sat></trkpt>
  <trkpt lat="30.26992874" lon="120.12073203"><ele>17.185</ele><time>2026-06-01T17:23:48Z</time><sat>10</sat></trkpt>
  <trkpt lat="30.26992880" lon="120.12073215"><ele>17.187</ele><time>2026-06-01T17:23:51Z</time><sat>9</sat></trkpt>
  <trkpt lat="30.26992882" lon="120.12073228"><ele>17.187</ele><time>2026-06-01T17:23:54Z</time><sat>9</sat></trkpt>
  <trkpt lat="30.26992894" lon="120.12073248"><ele>17.190</ele><time>2026-06-01T17:23:57Z</time><sat>9</sat></trkpt>
  <trkpt lat="30.26992903" lon="120.12073257"><ele>17.192</ele><time>2026-06-01T17:24:00Z</time><sat>10</sat></trkpt>
  <trkpt lat="30.26992917" lon="120.12073280"><ele>17.196</ele><time>2026-06-01T17:24:03Z</time><sat>10</sat></trkpt>
  <trkpt lat="30.26992913" lon="120.12073270"><ele>17.195</ele><time>2026-06-01T17:24:06Z</time><sat>7</sat></trkpt>
  <trkpt lat="30.26992916" lon="120.12073271"><ele>17.196</ele><time>2026-06-01T17:24:09Z</time><sat>6</sat></trkpt>
  <trkpt lat="30.26992924" lon="120.12073289"><ele>17.198</ele><time>2026-06-01T17:24:12Z</time><sat>10</sat></trkpt>
  <trkpt lat="30.26992934" lon="120.12073305"><ele>17.201</ele><time>2026-06-01T17:24:15Z</time><sat>11</sat></trkpt>
  <trkpt lat="30.26992945" lon="120.12073322"><ele>17.204</ele><time>2026-06-01T17:24:18Z</time><sat>8</sat></trkpt>
  <trkpt lat="30.26992954" lon="120.12073325"><ele>17.206</ele><time>2026-06-01T17:24:21Z</time><sat>7</sat></trkpt>
  <trkpt lat="30.26992973" lon="120.12073323"><ele>17.206</ele><time>2026-06-01T17:24:24Z</time><sat>11</sat></trkpt>
  <trkpt lat="30.26992983" lon="120.12073337"><ele>17.208</ele><time>2026-06-01T17:24:27Z</time><sat>11</sat></trkpt>
  <trkpt lat="30.26992996" lon="120.12073351"><ele>17.211</ele><time>2026-06-01T17:24:30Z</time><sat>8</sat></trkpt>
  <trkpt lat="30.26992996" lon="120.12073354"><ele>17.211</ele><time>2026-06-01T17:24:33Z</time><sat>8</sat></trkpt>
  <trkpt lat="30.26993014" lon="120.12073368"><ele>17.215</ele><time>2026-06-01T17:24:36Z</time><sat>9</sat></trkpt>
  <trkpt lat="30.26993024" lon="120.12073383"><ele>17.218</ele><time>2026-06-01T17:24:39Z</time><sat>8</sat></trkpt>
  <trkpt lat="30.26993037" lon="120.12073389"><ele>17.220</ele><time>2026-06-01T17:24:42Z</time><sat>8</sat></trkpt>
  <trkpt lat="30.26993051" lon="120.12073376"><ele>17.222</ele><time>2026-06-01T17:24:45Z</time><sat>9</sat></trkpt>
  <trkpt lat="30.26993066" lon="120.12073385"><ele>17.226</ele><time>2026-06-01T17:24:48Z</time><sat>10</sat></trkpt>
  <trkpt lat="30.26993076" lon="120.12073382"><ele>17.228</ele><time>2026-06-01T17:24:51Z</time><sat>9</sat></trkpt>
  <trkpt lat="30.26993091" lon="120.12073395"><ele>17.231</ele><time>2026-06-01T17:24:54Z</time><sat>10</sat></trkpt>
  <trkpt lat="30.26993100" lon="120.12073431"><ele>17.234</ele><time>2026-06-01T17:24:57Z</time><sat>11</sat></trkpt>
  <trkpt lat="30.26993099" lon="120.12073425"><ele>17.234</ele><time>2026-06-01T17:25:00Z</time><sat>9</sat></trkpt>
  <trkpt lat="30.26993111" lon="120.12073453"><ele>17.238</ele><time>2026-06-01T17:25:03Z</time><sat>9</sat></trkpt>
  <trkpt lat="30.26993121" lon="120.12073468"><ele>17.240</ele><time>2026-06-01T17:25:06Z</time><sat>10</sat></trkpt>
  <trkpt lat="30.26993131" lon="120.12073479"><ele>17.242</ele><time>2026-06-01T17:25:09Z</time><sat>9</sat></trkpt>
  <trkpt lat="30.26993142" lon="120.12073506"><ele>17.246</ele><time>2026-06-01T17:25:12Z</time><sat>8</sat></trkpt>
  <trkpt lat="30.26993154" lon="120.12073523"><ele>17.250</ele><time>2026-06-01T17:25:15Z</time><sat>10</sat></trkpt>
  <trkpt lat="30.26993160" lon="120.12073543"><ele>17.252</ele><time>2026-06-01T17:25:18Z</time><sat>10</sat></trkpt>
  <trkpt lat="30.26993187" lon="120.12073551"><ele>17.257</ele><time>2026-06-01T17:25:27Z</time><sat>8</sat></trkpt>
  <trkpt lat="30.26993192" lon="120.12073553"><ele>17.258</ele><time>2026-06-01T17:25:30Z</time><sat>8</sat></trkpt>
  <trkpt lat="30.26993211" lon="120.12073573"><ele>17.262</ele><time>2026-06-01T17:25:33Z</time><sat>8</sat></trkpt>
  <trkpt lat="30.26993235" lon="120.12073587"><ele>17.267</ele><time>2026-06-01T17:25:36Z</time><sat>8</sat></trkpt>
  <trkpt lat="30.26993240" lon="120.12073597"><ele>17.267</ele><time>2026-06-01T17:25:39Z</time><sat>8</sat></trkpt>
  <trkpt lat="30.26993249" lon="120.12073607"><ele>17.269</ele><time>2026-06-01T17:25:42Z</time><sat>8</sat></trkpt>
  <trkpt lat="30.26993261" lon="120.12073606"><ele>17.272</ele><time>2026-06-01T17:25:45Z</time><sat>8</sat></trkpt>
  <trkpt lat="30.26993266" lon="120.12073612"><ele>17.273</ele><time>2026-06-01T17:25:48Z</time><sat>8</sat></trkpt>
  <trkpt lat="30.26993271" lon="120.12073612"><ele>17.274</ele><time>2026-06-01T17:25:51Z</time><sat>8</sat></trkpt>
  <trkpt lat="30.26993267" lon="120.12073610"><ele>17.273</ele><time>2026-06-01T17:25:54Z</time><sat>8</sat></trkpt>
  <trkpt lat="30.26993271" lon="120.12073622"><ele>17.274</ele><time>2026-06-01T17:25:57Z</time><sat>8</sat></trkpt>
  <trkpt lat="30.26993283" lon="120.12073639"><ele>17.277</ele><time>2026-06-01T17:26:00Z</time><sat>8</sat></trkpt>
  <trkpt lat="30.26993299" lon="120.12073655"><ele>17.281</ele><time>2026-06-01T17:26:03Z</time><sat>8</sat></trkpt>
  <trkpt lat="30.26993311" lon="120.12073637"><ele>17.283</ele><time>2026-06-01T17:26:06Z</time><sat>9</sat></trkpt>
  <trkpt lat="30.26993316" lon="120.12073622"><ele>17.284</ele><time>2026-06-01T17:26:09Z</time><sat>9</sat></trkpt>
  <trkpt lat="30.26993316" lon="120.12073624"><ele>17.284</ele><time>2026-06-01T17:26:12Z</time><sat>9</sat></trkpt>
  <trkpt lat="30.26993315" lon="120.12073625"><ele>17.283</ele><time>2026-06-01T17:26:15Z</time><sat>9</sat></trkpt>
  <trkpt lat="30.26993317" lon="120.12073622"><ele>17.284</ele><time>2026-06-01T17:26:18Z</time><sat>9</sat></trkpt>
  <trkpt lat="30.26993314" lon="120.12073631"><ele>17.283</ele><time>2026-06-01T17:26:21Z</time><sat>6</sat></trkpt>
  <trkpt lat="30.26993314" lon="120.12073632"><ele>17.283</ele><time>2026-06-01T17:26:24Z</time><sat>6</sat></trkpt>
  <trkpt lat="30.26993315" lon="120.12073633"><ele>17.283</ele><time>2026-06-01T17:26:27Z</time><sat>6</sat></trkpt>
  <trkpt lat="30.26993326" lon="120.12073636"><ele>17.286</ele><time>2026-06-01T17:26:30Z</time><sat>7</sat></trkpt>
  <trkpt lat="30.26993329" lon="120.12073638"><ele>17.286</ele><time>2026-06-01T17:26:33Z</time><sat>7</sat></trkpt>
  <trkpt lat="30.26993333" lon="120.12073644"><ele>17.287</ele><time>2026-06-01T17:26:36Z</time><sat>7</sat></trkpt>
  <trkpt lat="30.26993333" lon="120.12073644"><ele>17.287</ele><time>2026-06-01T17:26:39Z</time><sat>8</sat></trkpt>
  <trkpt lat="30.26993335" lon="120.12073647"><ele>17.287</ele><time>2026-06-01T17:26:42Z</time><sat>8</sat></trkpt>
  <trkpt lat="30.26993337" lon="120.12073652"><ele>17.287</ele><time>2026-06-01T17:26:45Z</time><sat>8</sat></trkpt>
  <trkpt lat="30.26993340" lon="120.12073654"><ele>17.287</ele><time>2026-06-01T17:26:48Z</time><sat>8</sat></trkpt>
  <trkpt lat="30.26993347" lon="120.12073656"><ele>17.288</ele><time>2026-06-01T17:26:51Z</time><sat>8</sat></trkpt>
  <trkpt lat="30.26993346" lon="120.12073653"><ele>17.288</ele><time>2026-06-01T17:26:54Z</time><sat>8</sat></trkpt>
  <trkpt lat="30.26993347" lon="120.12073654"><ele>17.288</ele><time>2026-06-01T17:26:57Z</time><sat>8</sat></trkpt>
  <trkpt lat="30.26993349" lon="120.12073653"><ele>17.288</ele><time>2026-06-01T17:27:00Z</time><sat>8</sat></trkpt>
  <trkpt lat="30.26993355" lon="120.12073657"><ele>17.289</ele><time>2026-06-01T17:27:03Z</time><sat>8</sat></trkpt>
  <trkpt lat="30.26993356" lon="120.12073658"><ele>17.289</ele><time>2026-06-01T17:27:06Z</time><sat>8</sat></trkpt>
  <trkpt lat="30.26993359" lon="120.12073661"><ele>17.289</ele><time>2026-06-01T17:27:09Z</time><sat>8</sat></trkpt>
  <trkpt lat="30.26993362" lon="120.12073663"><ele>17.290</ele><time>2026-06-01T17:27:12Z</time><sat>8</sat></trkpt>
  <trkpt lat="30.26993364" lon="120.12073671"><ele>17.290</ele><time>2026-06-01T17:27:15Z</time><sat>9</sat></trkpt>
  <trkpt lat="30.26993367" lon="120.12073670"><ele>17.290</ele><time>2026-06-01T17:27:18Z</time><sat>9</sat></trkpt>
  <trkpt lat="30.26993361" lon="120.12073674"><ele>17.289</ele><time>2026-06-01T17:27:21Z</time><sat>9</sat></trkpt>
  <trkpt lat="30.26993365" lon="120.12073679"><ele>17.289</ele><time>2026-06-01T17:27:24Z</time><sat>7</sat></trkpt>
  <trkpt lat="30.26993373" lon="120.12073682"><ele>17.291</ele><time>2026-06-01T17:27:27Z</time><sat>7</sat></trkpt>
  <trkpt lat="30.26993381" lon="120.12073684"><ele>17.292</ele><time>2026-06-01T17:27:30Z</time><sat>7</sat></trkpt>
  <trkpt lat="30.26993392" lon="120.12073685"><ele>17.294</ele><time>2026-06-01T17:27:33Z</time><sat>8</sat></trkpt>
  <trkpt lat="30.26993383" lon="120.12073684"><ele>17.292</ele><time>2026-06-01T17:27:36Z</time><sat>8</sat></trkpt>
  <trkpt lat="30.26993389" lon="120.12073686"><ele>17.293</ele><time>2026-06-01T17:27:39Z</time><sat>8</sat></trkpt>
  <trkpt lat="30.26993403" lon="120.12073721"><ele>17.296</ele><time>2026-06-01T17:27:42Z</time><sat>9</sat></trkpt>
  <trkpt lat="30.26993415" lon="120.12073745"><ele>17.300</ele><time>2026-06-01T17:27:45Z</time><sat>9</sat></trkpt>
  <trkpt lat="30.26993429" lon="120.12073761"><ele>17.303</ele><time>2026-06-01T17:27:48Z</time><sat>9</sat></trkpt>
  <trkpt lat="30.26993451" lon="120.12073793"><ele>17.309</ele><time>2026-06-01T17:27:51Z</time><sat>8</sat></trkpt>
  <trkpt lat="30.26993470" lon="120.12073824"><ele>17.314</ele><time>2026-06-01T17:27:54Z</time><sat>8</sat></trkpt>
  <trkpt lat="30.26993490" lon="120.12073851"><ele>17.319</ele><time>2026-06-01T17:27:57Z</time><sat>8</sat></trkpt>
  <trkpt lat="30.26993505" lon="120.12073871"><ele>17.323</ele><time>2026-06-01T17:28:00Z</time><sat>10</sat></trkpt>
  <trkpt lat="30.26993512" lon="120.12073880"><ele>17.325</ele><time>2026-06-01T17:28:03Z</time><sat>10</sat></trkpt>
  <trkpt lat="30.26993529" lon="120.12073906"><ele>17.329</ele><time>2026-06-01T17:28:06Z</time><sat>10</sat></trkpt>
  <trkpt lat="30.26993540" lon="120.12073923"><ele>17.332</ele><time>2026-06-01T17:28:09Z</time><sat>10</sat></trkpt>
  <trkpt lat="30.26993542" lon="120.12073932"><ele>17.333</ele><time>2026-06-01T17:28:12Z</time><sat>10</sat></trkpt>
  <trkpt lat="30.26993550" lon="120.12073943"><ele>17.334</ele><time>2026-06-01T17:28:15Z</time><sat>10</sat></trkpt>
  <trkpt lat="30.26993559" lon="120.12073958"><ele>17.337</ele><time>2026-06-01T17:28:18Z</time><sat>7</sat></trkpt>
  <trkpt lat="30.26993568" lon="120.12073972"><ele>17.339</ele><time>2026-06-01T17:28:21Z</time><sat>7</sat></trkpt>
  <trkpt lat="30.26993576" lon="120.12073986"><ele>17.341</ele><time>2026-06-01T17:28:24Z</time><sat>7</sat></trkpt>
  <trkpt lat="30.26993585" lon="120.12074001"><ele>17.343</ele><time>2026-06-01T17:28:27Z</time><sat>3</sat></trkpt>
  <trkpt lat="30.26993596" lon="120.12074019"><ele>17.346</ele><time>2026-06-01T17:28:30Z</time><sat>3</sat></trkpt>
  <trkpt lat="30.26993610" lon="120.12074041"><ele>17.349</ele><time>2026-06-01T17:28:33Z</time><sat>3</sat></trkpt>
  <trkpt lat="30.26993626" lon="120.12074067"><ele>17.353</ele><time>2026-06-01T17:28:36Z</time><sat>5</sat></trkpt>
  <trkpt lat="30.26993589" lon="120.12074103"><ele>17.358</ele><time>2026-06-01T17:28:39Z</time><sat>5</sat></trkpt>
  <trkpt lat="30.26993593" lon="120.12074111"><ele>17.358</ele><time>2026-06-01T17:28:42Z</time><sat>7</sat></trkpt>
  <trkpt lat="30.26993598" lon="120.12074116"><ele>17.360</ele><time>2026-06-01T17:28:45Z</time><sat>7</sat></trkpt>
  <trkpt lat="30.26993609" lon="120.12074128"><ele>17.362</ele><time>2026-06-01T17:28:48Z</time><sat>7</sat></trkpt>
  <trkpt lat="30.26993651" lon="120.12074134"><ele>17.364</ele><time>2026-06-01T17:28:51Z</time><sat>7</sat></trkpt>
  <trkpt lat="30.26993662" lon="120.12074136"><ele>17.366</ele><time>2026-06-01T17:28:54Z</time><sat>7</sat></trkpt>
  <trkpt lat="30.26993714" lon="120.12074139"><ele>17.371</ele><time>2026-06-01T17:28:57Z</time><sat>7</sat></trkpt>
  <trkpt lat="30.26993716" lon="120.12074154"><ele>17.374</ele><time>2026-06-01T17:29:00Z</time><sat>6</sat></trkpt>
  <trkpt lat="30.26993720" lon="120.12074169"><ele>17.379</ele><time>2026-06-01T17:29:03Z</time><sat>6</sat></trkpt>
  <trkpt lat="30.26993727" lon="120.12074188"><ele>17.381</ele><time>2026-06-01T17:29:06Z</time><sat>6</sat></trkpt>
  <trkpt lat="30.26993734" lon="120.12074199"><ele>17.383</ele><time>2026-06-01T17:29:09Z</time><sat>6</sat></trkpt>
  <trkpt lat="30.26993740" lon="120.12074211"><ele>17.384</ele><time>2026-06-01T17:29:12Z</time><sat>6</sat></trkpt>
  <trkpt lat="30.26993749" lon="120.12074229"><ele>17.386</ele><time>2026-06-01T17:29:15Z</time><sat>10</sat></trkpt>
  <trkpt lat="30.26993761" lon="120.12074241"><ele>17.389</ele><time>2026-06-01T17:29:18Z</time><sat>10</sat></trkpt>
  <trkpt lat="30.26993772" lon="120.12074274"><ele>17.392</ele><time>2026-06-01T17:29:21Z</time><sat>10</sat></trkpt>
  <trkpt lat="30.26993783" lon="120.12074305"><ele>17.395</ele><time>2026-06-01T17:29:24Z</time><sat>9</sat></trkpt>
  <trkpt lat="30.26993794" lon="120.12074320"><ele>17.397</ele><time>2026-06-01T17:29:27Z</time><sat>9</sat></trkpt>
  <trkpt lat="30.26993805" lon="120.12074335"><ele>17.400</ele><time>2026-06-01T17:29:30Z</time><sat>9</sat></trkpt>
  <trkpt lat="30.26993815" lon="120.12074353"><ele>17.403</ele><time>2026-06-01T17:29:33Z</time><sat>9</sat></trkpt>
  <trkpt lat="30.26993832" lon="120.12074382"><ele>17.408</ele><time>2026-06-01T17:29:36Z</time><sat>7</sat></trkpt>
  <trkpt lat="30.26993841" lon="120.12074404"><ele>17.412</ele><time>2026-06-01T17:29:39Z</time><sat>10</sat></trkpt>
  <trkpt lat="30.26993854" lon="120.12074428"><ele>17.416</ele><time>2026-06-01T17:29:42Z</time><sat>11</sat></trkpt>
  <trkpt lat="30.26993873" lon="120.12074465"><ele>17.421</ele><time>2026-06-01T17:29:45Z</time><sat>8</sat></trkpt>
  <trkpt lat="30.26993886" lon="120.12074482"><ele>17.424</ele><time>2026-06-01T17:29:48Z</time><sat>5</sat></trkpt>
  <trkpt lat="30.26994323" lon="120.12073881"><ele>17.412</ele><time>2026-06-01T17:29:51Z</time><sat>5</sat></trkpt>
  <trkpt lat="30.26994340" lon="120.12073903"><ele>17.417</ele><time>2026-06-01T17:29:54Z</time><sat>7</sat></trkpt>
  <trkpt lat="30.26994353" lon="120.12073927"><ele>17.420</ele><time>2026-06-01T17:29:57Z</time><sat>7</sat></trkpt>
  <trkpt lat="30.26994374" lon="120.12073951"><ele>17.426</ele><time>2026-06-01T17:30:00Z</time><sat>6</sat></trkpt>
  <trkpt lat="30.26994388" lon="120.12073974"><ele>17.431</ele><time>2026-06-01T17:30:03Z</time><sat>5</sat></trkpt>
  <trkpt lat="30.26994407" lon="120.12074004"><ele>17.435</ele><time>2026-06-01T17:30:06Z</time><sat>5</sat></trkpt>
  <trkpt lat="30.26994427" lon="120.12074045"><ele>17.441</ele><time>2026-06-01T17:30:09Z</time><sat>5</sat></trkpt>
  <trkpt lat="30.26994441" lon="120.12074058"><ele>17.444</ele><time>2026-06-01T17:30:12Z</time><sat>5</sat></trkpt>
  <trkpt lat="30.26994442" lon="120.12074081"><ele>17.445</ele><time>2026-06-01T17:30:15Z</time><sat>5</sat></trkpt>
  <trkpt lat="30.26994461" lon="120.12074104"><ele>17.450</ele><time>2026-06-01T17:30:18Z</time><sat>5</sat></trkpt>
  <trkpt lat="30.26994470" lon="120.12074116"><ele>17.453</ele><time>2026-06-01T17:30:21Z</time><sat>5</sat></trkpt>
  <trkpt lat="30.26994490" lon="120.12074136"><ele>17.458</ele><time>2026-06-01T17:30:24Z</time><sat>5</sat></trkpt>
  <trkpt lat="30.26994495" lon="120.12074147"><ele>17.460</ele><time>2026-06-01T17:30:27Z</time><sat>5</sat></trkpt>
  <trkpt lat="30.26994517" lon="120.12074154"><ele>17.465</ele><time>2026-06-01T17:30:30Z</time><sat>5</sat></trkpt>
  <trkpt lat="30.26994526" lon="120.12074166"><ele>17.467</ele><time>2026-06-01T17:30:33Z</time><sat>5</sat></trkpt>
  <trkpt lat="30.26994540" lon="120.12074197"><ele>17.471</ele><time>2026-06-01T17:30:36Z</time><sat>5</sat></trkpt>
  <trkpt lat="30.26994544" lon="120.12074216"><ele>17.472</ele><time>2026-06-01T17:30:39Z</time><sat>5</sat></trkpt>
  <trkpt lat="30.26994556" lon="120.12074233"><ele>17.476</ele><time>2026-06-01T17:30:42Z</time><sat>5</sat></trkpt>
  <trkpt lat="30.26994563" lon="120.12074249"><ele>17.478</ele><time>2026-06-01T17:30:45Z</time><sat>5</sat></trkpt>
  <trkpt lat="30.26994586" lon="120.12074297"><ele>17.484</ele><time>2026-06-01T17:30:48Z</time><sat>5</sat></trkpt>
  <trkpt lat="30.26994610" lon="120.12074338"><ele>17.490</ele><time>2026-06-01T17:30:51Z</time><sat>5</sat></trkpt>
  <trkpt lat="30.26994623" lon="120.12074360"><ele>17.493</ele><time>2026-06-01T17:30:54Z</time><sat>5</sat></trkpt>
  <trkpt lat="30.26994636" lon="120.12074381"><ele>17.497</ele><time>2026-06-01T17:30:57Z</time><sat>5</sat></trkpt>
  <trkpt lat="30.26994650" lon="120.12074400"><ele>17.501</ele><time>2026-06-01T17:31:00Z</time><sat>5</sat></trkpt>
  <trkpt lat="30.26994657" lon="120.12074418"><ele>17.503</ele><time>2026-06-01T17:31:03Z</time><sat>5</sat></trkpt>
  <trkpt lat="30.26994672" lon="120.12074443"><ele>17.507</ele><time>2026-06-01T17:31:06Z</time><sat>5</sat></trkpt>
  <trkpt lat="30.26994679" lon="120.12074450"><ele>17.508</ele><time>2026-06-01T17:31:09Z</time><sat>5</sat></trkpt>
  <trkpt lat="30.26994692" lon="120.12074474"><ele>17.512</ele><time>2026-06-01T17:31:12Z</time><sat>5</sat></trkpt>
  <trkpt lat="30.26994713" lon="120.12074497"><ele>17.518</ele><time>2026-06-01T17:31:15Z</time><sat>5</sat></trkpt>
  <trkpt lat="30.26994720" lon="120.12074509"><ele>17.521</ele><time>2026-06-01T17:31:18Z</time><sat>5</sat></trkpt>
  <trkpt lat="30.26994723" lon="120.12074510"><ele>17.521</ele><time>2026-06-01T17:31:21Z</time><sat>5</sat></trkpt>
  <trkpt lat="30.26994727" lon="120.12074510"><ele>17.523</ele><time>2026-06-01T17:31:24Z</time><sat>5</sat></trkpt>
  <trkpt lat="30.26994744" lon="120.12074526"><ele>17.528</ele><time>2026-06-01T17:31:27Z</time><sat>5</sat></trkpt>
  <trkpt lat="30.26994764" lon="120.12074528"><ele>17.530</ele><time>2026-06-01T17:31:30Z</time><sat>5</sat></trkpt>
  <trkpt lat="30.26994778" lon="120.12074534"><ele>17.535</ele><time>2026-06-01T17:31:33Z</time><sat>5</sat></trkpt>
  <trkpt lat="30.26994791" lon="120.12074543"><ele>17.538</ele><time>2026-06-01T17:31:36Z</time><sat>5</sat></trkpt>
  <trkpt lat="30.26994803" lon="120.12074562"><ele>17.542</ele><time>2026-06-01T17:31:39Z</time><sat>5</sat></trkpt>
  <trkpt lat="30.26994814" lon="120.12074573"><ele>17.545</ele><time>2026-06-01T17:31:42Z</time><sat>5</sat></trkpt>
  <trkpt lat="30.26994811" lon="120.12074572"><ele>17.545</ele><time>2026-06-01T17:31:45Z</time><sat>5</sat></trkpt>
  <trkpt lat="30.26994821" lon="120.12074587"><ele>17.548</ele><time>2026-06-01T17:31:48Z</time><sat>5</sat></trkpt>
  <trkpt lat="30.26994824" lon="120.12074590"><ele>17.549</ele><time>2026-06-01T17:31:51Z</time><sat>5</sat></trkpt>
  <trkpt lat="30.26994830" lon="120.12074595"><ele>17.551</ele><time>2026-06-01T17:31:54Z</time><sat>5</sat></trkpt>
  <trkpt lat="30.26994842" lon="120.12074605"><ele>17.553</ele><time>2026-06-01T17:31:57Z</time><sat>5</sat></trkpt>
  <trkpt lat="30.26994846" lon="120.12074609"><ele>17.554</ele><time>2026-06-01T17:32:00Z</time><sat>5</sat></trkpt>
  <trkpt lat="30.26994846" lon="120.12074610"><ele>17.554</ele><time>2026-06-01T17:32:03Z</time><sat>5</sat></trkpt>
  <trkpt lat="30.26994851" lon="120.12074611"><ele>17.556</ele><time>2026-06-01T17:32:06Z</time><sat>5</sat></trkpt>
  <trkpt lat="30.26994853" lon="120.12074616"><ele>17.557</ele><time>2026-06-01T17:32:09Z</time><sat>5</sat></trkpt>
  <trkpt lat="30.26994857" lon="120.12074620"><ele>17.558</ele><time>2026-06-01T17:32:12Z</time><sat>5</sat></trkpt>
  <trkpt lat="30.26994861" lon="120.12074618"><ele>17.559</ele><time>2026-06-01T17:32:15Z</time><sat>5</sat></trkpt>
  <trkpt lat="30.26994863" lon="120.12074619"><ele>17.559</ele><time>2026-06-01T17:32:18Z</time><sat>5</sat></trkpt>
  <trkpt lat="30.26994862" lon="120.12074616"><ele>17.559</ele><time>2026-06-01T17:32:21Z</time><sat>11</sat></trkpt>
  <trkpt lat="30.26994860" lon="120.12074618"><ele>17.559</ele><time>2026-06-01T17:32:24Z</time><sat>10</sat></trkpt>
  <trkpt lat="30.26994868" lon="120.12074613"><ele>17.561</ele><time>2026-06-01T17:32:27Z</time><sat>10</sat></trkpt>
  <trkpt lat="30.26994879" lon="120.12074597"><ele>17.562</ele><time>2026-06-01T17:32:30Z</time><sat>12</sat></trkpt>
  <trkpt lat="30.26994854" lon="120.12074588"><ele>17.561</ele><time>2026-06-01T17:32:33Z</time><sat>13</sat></trkpt>
  <trkpt lat="30.26994858" lon="120.12074593"><ele>17.562</ele><time>2026-06-01T17:32:36Z</time><sat>12</sat></trkpt>
  <trkpt lat="30.26994855" lon="120.12074579"><ele>17.561</ele><time>2026-06-01T17:32:39Z</time><sat>11</sat></trkpt>
  <trkpt lat="30.26994846" lon="120.12074564"><ele>17.559</ele><time>2026-06-01T17:32:42Z</time><sat>9</sat></trkpt>
  <trkpt lat="30.26994806" lon="120.12074561"><ele>17.557</ele><time>2026-06-01T17:32:45Z</time><sat>11</sat></trkpt>
  <trkpt lat="30.26994809" lon="120.12074566"><ele>17.557</ele><time>2026-06-01T17:32:48Z</time><sat>12</sat></trkpt>
  <trkpt lat="30.26994807" lon="120.12074564"><ele>17.557</ele><time>2026-06-01T17:32:51Z</time><sat>11</sat></trkpt>
  <trkpt lat="30.26994820" lon="120.12074575"><ele>17.560</ele><time>2026-06-01T17:32:54Z</time><sat>10</sat></trkpt>
  <trkpt lat="30.26994865" lon="120.12074579"><ele>17.564</ele><time>2026-06-01T17:32:57Z</time><sat>9</sat></trkpt>
  <trkpt lat="30.26994859" lon="120.12074585"><ele>17.564</ele><time>2026-06-01T17:33:00Z</time><sat>10</sat></trkpt>
  <trkpt lat="30.26994865" lon="120.12074591"><ele>17.566</ele><time>2026-06-01T17:33:03Z</time><sat>11</sat></trkpt>
  <trkpt lat="30.26994861" lon="120.12074606"><ele>17.565</ele><time>2026-06-01T17:33:06Z</time><sat>10</sat></trkpt>
  <trkpt lat="30.26994848" lon="120.12074591"><ele>17.562</ele><time>2026-06-01T17:33:09Z</time><sat>10</sat></trkpt>
  <trkpt lat="30.26994848" lon="120.12074584"><ele>17.562</ele><time>2026-06-01T17:33:12Z</time><sat>9</sat></trkpt>
  <trkpt lat="30.26994851" lon="120.12074583"><ele>17.561</ele><time>2026-06-01T17:33:15Z</time><sat>10</sat></trkpt>
  <trkpt lat="30.26994849" lon="120.12074589"><ele>17.561</ele><time>2026-06-01T17:33:18Z</time><sat>10</sat></trkpt>
  <trkpt lat="30.26994848" lon="120.12074599"><ele>17.562</ele><time>2026-06-01T17:33:21Z</time><sat>10</sat></trkpt>
  <trkpt lat="30.26994850" lon="120.12074609"><ele>17.563</ele><time>2026-06-01T17:33:24Z</time><sat>11</sat></trkpt>
  <trkpt lat="30.26994857" lon="120.12074597"><ele>17.563</ele><time>2026-06-01T17:33:27Z</time><sat>10</sat></trkpt>
  <trkpt lat="30.26994857" lon="120.12074599"><ele>17.563</ele><time>2026-06-01T17:33:30Z</time><sat>10</sat></trkpt>
  <trkpt lat="30.26994860" lon="120.12074601"><ele>17.563</ele><time>2026-06-01T17:33:33Z</time><sat>10</sat></trkpt>
  <trkpt lat="30.26994853" lon="120.12074592"><ele>17.562</ele><time>2026-06-01T17:33:36Z</time><sat>9</sat></trkpt>
  <trkpt lat="30.26994853" lon="120.12074602"><ele>17.562</ele><time>2026-06-01T17:33:39Z</time><sat>9</sat></trkpt>
  <trkpt lat="30.26994844" lon="120.12074614"><ele>17.561</ele><time>2026-06-01T17:33:42Z</time><sat>10</sat></trkpt>
  <trkpt lat="30.26994842" lon="120.12074625"><ele>17.561</ele><time>2026-06-01T17:33:45Z</time><sat>10</sat></trkpt>
  <trkpt lat="30.26994834" lon="120.12074612"><ele>17.560</ele><time>2026-06-01T17:33:48Z</time><sat>9</sat></trkpt>
  <trkpt lat="30.26994830" lon="120.12074615"><ele>17.559</ele><time>2026-06-01T17:33:51Z</time><sat>9</sat></trkpt>
  <trkpt lat="30.26994831" lon="120.12074635"><ele>17.561</ele><time>2026-06-01T17:33:54Z</time><sat>9</sat></trkpt>
  <trkpt lat="30.26994832" lon="120.12074645"><ele>17.562</ele><time>2026-06-01T17:33:57Z</time><sat>8</sat></trkpt>
  <trkpt lat="30.26994833" lon="120.12074655"><ele>17.562</ele><time>2026-06-01T17:34:00Z</time><sat>9</sat></trkpt>
  <trkpt lat="30.26994829" lon="120.12074650"><ele>17.561</ele><time>2026-06-01T17:34:03Z</time><sat>10</sat></trkpt>
  <trkpt lat="30.26994916" lon="120.12074624"><ele>17.562</ele><time>2026-06-01T17:34:06Z</time><sat>8</sat></trkpt>
  <trkpt lat="30.26994924" lon="120.12074632"><ele>17.563</ele><time>2026-06-01T17:34:09Z</time><sat>8</sat></trkpt>
  <trkpt lat="30.26994947" lon="120.12074629"><ele>17.564</ele><time>2026-06-01T17:34:12Z</time><sat>9</sat></trkpt>
  <trkpt lat="30.26994952" lon="120.12074629"><ele>17.564</ele><time>2026-06-01T17:34:15Z</time><sat>10</sat></trkpt>
  <trkpt lat="30.26994948" lon="120.12074629"><ele>17.563</ele><time>2026-06-01T17:34:18Z</time><sat>8</sat></trkpt>
  <trkpt lat="30.26994995" lon="120.12074631"><ele>17.563</ele><time>2026-06-01T17:34:21Z</time><sat>7</sat></trkpt>
  <trkpt lat="30.26994993" lon="120.12074632"><ele>17.562</ele><time>2026-06-01T17:34:24Z</time><sat>9</sat></trkpt>
  <trkpt lat="30.26994998" lon="120.12074655"><ele>17.563</ele><time>2026-06-01T17:34:27Z</time><sat>9</sat></trkpt>
  <trkpt lat="30.26994991" lon="120.12074666"><ele>17.561</ele><time>2026-06-01T17:34:30Z</time><sat>7</sat></trkpt>
  <trkpt lat="30.26995007" lon="120.12074681"><ele>17.561</ele><time>2026-06-01T17:34:33Z</time><sat>8</sat></trkpt>
  <trkpt lat="30.26995004" lon="120.12074683"><ele>17.560</ele><time>2026-06-01T17:34:36Z</time><sat>9</sat></trkpt>
  <trkpt lat="30.26995002" lon="120.12074691"><ele>17.559</ele><time>2026-06-01T17:34:39Z</time><sat>8</sat></trkpt>
  <trkpt lat="30.26995004" lon="120.12074699"><ele>17.560</ele><time>2026-06-01T17:34:42Z</time><sat>7</sat></trkpt>
  <trkpt lat="30.26995012" lon="120.12074714"><ele>17.559</ele><time>2026-06-01T17:34:45Z</time><sat>8</sat></trkpt>
  <trkpt lat="30.26995017" lon="120.12074728"><ele>17.561</ele><time>2026-06-01T17:34:48Z</time><sat>9</sat></trkpt>
  <trkpt lat="30.26995019" lon="120.12074740"><ele>17.562</ele><time>2026-06-01T17:34:51Z</time><sat>9</sat></trkpt>
  <trkpt lat="30.26995017" lon="120.12074738"><ele>17.562</ele><time>2026-06-01T17:34:54Z</time><sat>8</sat></trkpt>
  <trkpt lat="30.26995019" lon="120.12074737"><ele>17.561</ele><time>2026-06-01T17:34:57Z</time><sat>6</sat></trkpt>
  <trkpt lat="30.26995019" lon="120.12074757"><ele>17.562</ele><time>2026-06-01T17:35:00Z</time><sat>8</sat></trkpt>
  <trkpt lat="30.26995013" lon="120.12074754"><ele>17.560</ele><time>2026-06-01T17:35:03Z</time><sat>10</sat></trkpt>
  <trkpt lat="30.26995014" lon="120.12074747"><ele>17.560</ele><time>2026-06-01T17:35:06Z</time><sat>6</sat></trkpt>
  <trkpt lat="30.26995015" lon="120.12074757"><ele>17.560</ele><time>2026-06-01T17:35:09Z</time><sat>7</sat></trkpt>
  <trkpt lat="30.26995016" lon="120.12074766"><ele>17.561</ele><time>2026-06-01T17:35:12Z</time><sat>9</sat></trkpt>
  <trkpt lat="30.26995010" lon="120.12074780"><ele>17.560</ele><time>2026-06-01T17:35:15Z</time><sat>9</sat></trkpt>
  <trkpt lat="30.26995010" lon="120.12074785"><ele>17.560</ele><time>2026-06-01T17:35:18Z</time><sat>9</sat></trkpt>
  <trkpt lat="30.26995015" lon="120.12074767"><ele>17.560</ele><time>2026-06-01T17:35:21Z</time><sat>9</sat></trkpt>
  <trkpt lat="30.26995013" lon="120.12074763"><ele>17.559</ele><time>2026-06-01T17:35:24Z</time><sat>10</sat></trkpt>
  <trkpt lat="30.26995018" lon="120.12074763"><ele>17.560</ele><time>2026-06-01T17:35:27Z</time><sat>8</sat></trkpt>
  <trkpt lat="30.26995023" lon="120.12074740"><ele>17.560</ele><time>2026-06-01T17:35:30Z</time><sat>8</sat></trkpt>
  <trkpt lat="30.26995023" lon="120.12074741"><ele>17.560</ele><time>2026-06-01T17:35:33Z</time><sat>9</sat></trkpt>
  <trkpt lat="30.26995024" lon="120.12074732"><ele>17.559</ele><time>2026-06-01T17:35:36Z</time><sat>8</sat></trkpt>
  <trkpt lat="30.26995024" lon="120.12074735"><ele>17.559</ele><time>2026-06-01T17:35:39Z</time><sat>8</sat></trkpt>
  <trkpt lat="30.26995024" lon="120.12074736"><ele>17.559</ele><time>2026-06-01T17:35:42Z</time><sat>8</sat></trkpt>
  <trkpt lat="30.26995024" lon="120.12074728"><ele>17.559</ele><time>2026-06-01T17:35:45Z</time><sat>7</sat></trkpt>
  <trkpt lat="30.26995025" lon="120.12074727"><ele>17.559</ele><time>2026-06-01T17:35:48Z</time><sat>7</sat></trkpt>
  <trkpt lat="30.26995025" lon="120.12074736"><ele>17.559</ele><time>2026-06-01T17:35:51Z</time><sat>9</sat></trkpt>
  <trkpt lat="30.26995026" lon="120.12074725"><ele>17.559</ele><time>2026-06-01T17:35:54Z</time><sat>10</sat></trkpt>
  <trkpt lat="30.26995425" lon="120.12074621"><ele>17.539</ele><time>2026-06-01T17:35:57Z</time><sat>11</sat></trkpt>
  <trkpt lat="30.26995425" lon="120.12074616"><ele>17.539</ele><time>2026-06-01T17:36:00Z</time><sat>11</sat></trkpt>
  <trkpt lat="30.26995429" lon="120.12074610"><ele>17.539</ele><time>2026-06-01T17:36:03Z</time><sat>11</sat></trkpt>
  <trkpt lat="30.26995431" lon="120.12074598"><ele>17.539</ele><time>2026-06-01T17:36:06Z</time><sat>10</sat></trkpt>
  <trkpt lat="30.26995691" lon="120.12074533"><ele>17.525</ele><time>2026-06-01T17:36:09Z</time><sat>9</sat></trkpt>
  <trkpt lat="30.26995690" lon="120.12074536"><ele>17.525</ele><time>2026-06-01T17:36:12Z</time><sat>10</sat></trkpt>
  <trkpt lat="30.26995692" lon="120.12074535"><ele>17.525</ele><time>2026-06-01T17:36:15Z</time><sat>11</sat></trkpt>
  <trkpt lat="30.26995688" lon="120.12074528"><ele>17.525</ele><time>2026-06-01T17:36:18Z</time><sat>10</sat></trkpt>
  <trkpt lat="30.26995972" lon="120.12074453"><ele>17.509</ele><time>2026-06-01T17:36:21Z</time><sat>9</sat></trkpt>
  <trkpt lat="30.26995976" lon="120.12074453"><ele>17.509</ele><time>2026-06-01T17:36:24Z</time><sat>9</sat></trkpt>
  <trkpt lat="30.26995978" lon="120.12074452"><ele>17.509</ele><time>2026-06-01T17:36:27Z</time><sat>10</sat></trkpt>
  <trkpt lat="30.26995978" lon="120.12074454"><ele>17.509</ele><time>2026-06-01T17:36:30Z</time><sat>9</sat></trkpt>
  <trkpt lat="30.26996210" lon="120.12074403"><ele>17.498</ele><time>2026-06-01T17:36:33Z</time><sat>7</sat></trkpt>
  <trkpt lat="30.26996212" lon="120.12074403"><ele>17.498</ele><time>2026-06-01T17:36:36Z</time><sat>9</sat></trkpt>
  <trkpt lat="30.26996207" lon="120.12074397"><ele>17.497</ele><time>2026-06-01T17:36:39Z</time><sat>9</sat></trkpt>
  <trkpt lat="30.26996208" lon="120.12074397"><ele>17.497</ele><time>2026-06-01T17:36:42Z</time><sat>8</sat></trkpt>
  <trkpt lat="30.26996742" lon="120.12074298"><ele>17.470</ele><time>2026-06-01T17:36:45Z</time><sat>8</sat></trkpt>
  <trkpt lat="30.26996735" lon="120.12074293"><ele>17.468</ele><time>2026-06-01T17:36:48Z</time><sat>10</sat></trkpt>
  <trkpt lat="30.26996738" lon="120.12074299"><ele>17.467</ele><time>2026-06-01T17:36:51Z</time><sat>10</sat></trkpt>
  <trkpt lat="30.26996744" lon="120.12074310"><ele>17.465</ele><time>2026-06-01T17:36:54Z</time><sat>10</sat></trkpt>
  <trkpt lat="30.26996633" lon="120.12074331"><ele>17.470</ele><time>2026-06-01T17:36:57Z</time><sat>9</sat></trkpt>
  <trkpt lat="30.26996635" lon="120.12074333"><ele>17.469</ele><time>2026-06-01T17:37:00Z</time><sat>8</sat></trkpt>
  <trkpt lat="30.26996636" lon="120.12074333"><ele>17.469</ele><time>2026-06-01T17:37:03Z</time><sat>9</sat></trkpt>
  <trkpt lat="30.26996639" lon="120.12074337"><ele>17.468</ele><time>2026-06-01T17:37:06Z</time><sat>10</sat></trkpt>
  <trkpt lat="30.26996320" lon="120.12074381"><ele>17.486</ele><time>2026-06-01T17:37:09Z</time><sat>9</sat></trkpt>
  <trkpt lat="30.26996331" lon="120.12074391"><ele>17.484</ele><time>2026-06-01T17:37:12Z</time><sat>9</sat></trkpt>
  <trkpt lat="30.26996328" lon="120.12074390"><ele>17.485</ele><time>2026-06-01T17:37:15Z</time><sat>10</sat></trkpt>
  <trkpt lat="30.26996324" lon="120.12074385"><ele>17.485</ele><time>2026-06-01T17:37:18Z</time><sat>10</sat></trkpt>
  <trkpt lat="30.26996323" lon="120.12074380"><ele>17.486</ele><time>2026-06-01T17:37:21Z</time><sat>11</sat></trkpt>
  <trkpt lat="30.26996331" lon="120.12074353"><ele>17.486</ele><time>2026-06-01T17:37:24Z</time><sat>10</sat></trkpt>
  <trkpt lat="30.26996335" lon="120.12074338"><ele>17.487</ele><time>2026-06-01T17:37:27Z</time><sat>9</sat></trkpt>
  <trkpt lat="30.26996336" lon="120.12074332"><ele>17.487</ele><time>2026-06-01T17:37:30Z</time><sat>8</sat></trkpt>
  <trkpt lat="30.26996336" lon="120.12074332"><ele>17.487</ele><time>2026-06-01T17:37:33Z</time><sat>7</sat></trkpt>
  <trkpt lat="30.26996339" lon="120.12074334"><ele>17.487</ele><time>2026-06-01T17:37:36Z</time><sat>8</sat></trkpt>
  <trkpt lat="30.26996347" lon="120.12074337"><ele>17.486</ele><time>2026-06-01T17:37:39Z</time><sat>8</sat></trkpt>
  <trkpt lat="30.26996349" lon="120.12074339"><ele>17.486</ele><time>2026-06-01T17:37:42Z</time><sat>9</sat></trkpt>
  <trkpt lat="30.26996351" lon="120.12074342"><ele>17.486</ele><time>2026-06-01T17:37:45Z</time><sat>10</sat></trkpt>
  <trkpt lat="30.26996353" lon="120.12074340"><ele>17.486</ele><time>2026-06-01T17:37:48Z</time><sat>9</sat></trkpt>
  <trkpt lat="30.26996355" lon="120.12074338"><ele>17.485</ele><time>2026-06-01T17:37:51Z</time><sat>8</sat></trkpt>
  <trkpt lat="30.26996361" lon="120.12074348"><ele>17.487</ele><time>2026-06-01T17:37:54Z</time><sat>7</sat></trkpt>
  <trkpt lat="30.26996361" lon="120.12074349"><ele>17.487</ele><time>2026-06-01T17:37:57Z</time><sat>7</sat></trkpt>
  <trkpt lat="30.26996361" lon="120.12074348"><ele>17.487</ele><time>2026-06-01T17:38:00Z</time><sat>8</sat></trkpt>
  <trkpt lat="30.26996360" lon="120.12074346"><ele>17.487</ele><time>2026-06-01T17:38:03Z</time><sat>4</sat></trkpt>
  <trkpt lat="30.26996360" lon="120.12074346"><ele>17.487</ele><time>2026-06-01T17:38:06Z</time><sat>5</sat></trkpt>
  <trkpt lat="30.26996359" lon="120.12074346"><ele>17.487</ele><time>2026-06-01T17:38:09Z</time><sat>6</sat></trkpt>
  <trkpt lat="30.26996360" lon="120.12074344"><ele>17.487</ele><time>2026-06-01T17:38:12Z</time><sat>6</sat></trkpt>
  <trkpt lat="30.26996361" lon="120.12074341"><ele>17.487</ele><time>2026-06-01T17:38:15Z</time><sat>6</sat></trkpt>
  <trkpt lat="30.26996362" lon="120.12074336"><ele>17.487</ele><time>2026-06-01T17:38:18Z</time><sat>5</sat></trkpt>
  <trkpt lat="30.26996542" lon="120.12073818"><ele>17.491</ele><time>2026-06-01T17:38:29Z</time><sat>4</sat></trkpt>
  <trkpt lat="30.26996536" lon="120.12073805"><ele>17.489</ele><time>2026-06-01T17:38:32Z</time><sat>4</sat></trkpt>
  <trkpt lat="30.26996527" lon="120.12073784"><ele>17.487</ele><time>2026-06-01T17:38:35Z</time><sat>4</sat></trkpt>
  <trkpt lat="30.26996537" lon="120.12073767"><ele>17.488</ele><time>2026-06-01T17:38:38Z</time><sat>4</sat></trkpt>
  <trkpt lat="30.26996545" lon="120.12073775"><ele>17.489</ele><time>2026-06-01T17:38:41Z</time><sat>4</sat></trkpt>
  <trkpt lat="30.26996546" lon="120.12073747"><ele>17.488</ele><time>2026-06-01T17:38:44Z</time><sat>5</sat></trkpt>
  <trkpt lat="30.26996549" lon="120.12073727"><ele>17.489</ele><time>2026-06-01T17:38:47Z</time><sat>5</sat></trkpt>
  <trkpt lat="30.26996557" lon="120.12073711"><ele>17.489</ele><time>2026-06-01T17:38:50Z</time><sat>5</sat></trkpt>
  <trkpt lat="30.26996554" lon="120.12073715"><ele>17.488</ele><time>2026-06-01T17:38:53Z</time><sat>5</sat></trkpt>
  <trkpt lat="30.26996546" lon="120.12073720"><ele>17.487</ele><time>2026-06-01T17:38:56Z</time><sat>5</sat></trkpt>
  <trkpt lat="30.26996554" lon="120.12073726"><ele>17.488</ele><time>2026-06-01T17:38:59Z</time><sat>4</sat></trkpt>
  <trkpt lat="30.26996563" lon="120.12073718"><ele>17.490</ele><time>2026-06-01T17:39:02Z</time><sat>4</sat></trkpt>
  <trkpt lat="30.26996569" lon="120.12073706"><ele>17.491</ele><time>2026-06-01T17:39:05Z</time><sat>4</sat></trkpt>
  <trkpt lat="30.26996577" lon="120.12073684"><ele>17.492</ele><time>2026-06-01T17:39:08Z</time><sat>5</sat></trkpt>
  <trkpt lat="30.26996587" lon="120.12073679"><ele>17.494</ele><time>2026-06-01T17:39:11Z</time><sat>5</sat></trkpt>
  <trkpt lat="30.26996595" lon="120.12073675"><ele>17.495</ele><time>2026-06-01T17:39:14Z</time><sat>5</sat></trkpt>
  <trkpt lat="30.26996609" lon="120.12073663"><ele>17.497</ele><time>2026-06-01T17:39:17Z</time><sat>5</sat></trkpt>
  <trkpt lat="30.26996609" lon="120.12073667"><ele>17.497</ele><time>2026-06-01T17:39:20Z</time><sat>5</sat></trkpt>
  <trkpt lat="30.26996615" lon="120.12073675"><ele>17.498</ele><time>2026-06-01T17:39:23Z</time><sat>5</sat></trkpt>
  <trkpt lat="30.26996625" lon="120.12073682"><ele>17.500</ele><time>2026-06-01T17:39:26Z</time><sat>8</sat></trkpt>
  <trkpt lat="30.26996621" lon="120.12073687"><ele>17.500</ele><time>2026-06-01T17:39:29Z</time><sat>8</sat></trkpt>
  <trkpt lat="30.26996611" lon="120.12073693"><ele>17.499</ele><time>2026-06-01T17:39:32Z</time><sat>8</sat></trkpt>
  <trkpt lat="30.26996617" lon="120.12073689"><ele>17.499</ele><time>2026-06-01T17:39:35Z</time><sat>8</sat></trkpt>
  <trkpt lat="30.26996624" lon="120.12073690"><ele>17.501</ele><time>2026-06-01T17:39:38Z</time><sat>8</sat></trkpt>
  <trkpt lat="30.26996636" lon="120.12073703"><ele>17.503</ele><time>2026-06-01T17:39:41Z</time><sat>8</sat></trkpt>
  <trkpt lat="30.26996646" lon="120.12073695"><ele>17.505</ele><time>2026-06-01T17:39:44Z</time><sat>8</sat></trkpt>
  <trkpt lat="30.26996641" lon="120.12073697"><ele>17.504</ele><time>2026-06-01T17:39:47Z</time><sat>8</sat></trkpt>
  <trkpt lat="30.26996635" lon="120.12073701"><ele>17.504</ele><time>2026-06-01T17:39:50Z</time><sat>8</sat></trkpt>
  <trkpt lat="30.26996634" lon="120.12073707"><ele>17.504</ele><time>2026-06-01T17:39:53Z</time><sat>8</sat></trkpt>
  <trkpt lat="30.26996636" lon="120.12073693"><ele>17.504</ele><time>2026-06-01T17:39:56Z</time><sat>8</sat></trkpt>
  <trkpt lat="30.26996637" lon="120.12073680"><ele>17.504</ele><time>2026-06-01T17:39:59Z</time><sat>8</sat></trkpt>
  <trkpt lat="30.26996635" lon="120.12073684"><ele>17.504</ele><time>2026-06-01T17:40:02Z</time><sat>10</sat></trkpt>
  <trkpt lat="30.26996640" lon="120.12073684"><ele>17.505</ele><time>2026-06-01T17:40:05Z</time><sat>10</sat></trkpt>
  <trkpt lat="30.26996643" lon="120.12073686"><ele>17.505</ele><time>2026-06-01T17:40:08Z</time><sat>10</sat></trkpt>
  <trkpt lat="30.26996639" lon="120.12073692"><ele>17.505</ele><time>2026-06-01T17:40:11Z</time><sat>10</sat></trkpt>
  <trkpt lat="30.26996633" lon="120.12073697"><ele>17.504</ele><time>2026-06-01T17:40:14Z</time><sat>10</sat></trkpt>
  <trkpt lat="30.26996633" lon="120.12073700"><ele>17.504</ele><time>2026-06-01T17:40:17Z</time><sat>10</sat></trkpt>
  <trkpt lat="30.26996638" lon="120.12073708"><ele>17.505</ele><time>2026-06-01T17:40:20Z</time><sat>8</sat></trkpt>
  <trkpt lat="30.26996639" lon="120.12073723"><ele>17.506</ele><time>2026-06-01T17:40:23Z</time><sat>8</sat></trkpt>
  <trkpt lat="30.26996641" lon="120.12073743"><ele>17.507</ele><time>2026-06-01T17:40:26Z</time><sat>8</sat></trkpt>
  <trkpt lat="30.26996647" lon="120.12073753"><ele>17.508</ele><time>2026-06-01T17:40:29Z</time><sat>8</sat></trkpt>
  <trkpt lat="30.26996650" lon="120.12073747"><ele>17.509</ele><time>2026-06-01T17:40:32Z</time><sat>8</sat></trkpt>
  <trkpt lat="30.26996648" lon="120.12073745"><ele>17.509</ele><time>2026-06-01T17:40:35Z</time><sat>9</sat></trkpt>
  <trkpt lat="30.26996657" lon="120.12073751"><ele>17.511</ele><time>2026-06-01T17:40:38Z</time><sat>9</sat></trkpt>
  <trkpt lat="30.26996658" lon="120.12073754"><ele>17.511</ele><time>2026-06-01T17:40:41Z</time><sat>9</sat></trkpt>
  <trkpt lat="30.26996667" lon="120.12073766"><ele>17.513</ele><time>2026-06-01T17:40:44Z</time><sat>10</sat></trkpt>
  <trkpt lat="30.26996674" lon="120.12073770"><ele>17.514</ele><time>2026-06-01T17:40:47Z</time><sat>10</sat></trkpt>
  <trkpt lat="30.26996679" lon="120.12073772"><ele>17.515</ele><time>2026-06-01T17:40:50Z</time><sat>8</sat></trkpt>
  <trkpt lat="30.26996684" lon="120.12073749"><ele>17.516</ele><time>2026-06-01T17:40:53Z</time><sat>8</sat></trkpt>
  <trkpt lat="30.26996684" lon="120.12073745"><ele>17.516</ele><time>2026-06-01T17:40:56Z</time><sat>8</sat></trkpt>
  <trkpt lat="30.26996684" lon="120.12073731"><ele>17.516</ele><time>2026-06-01T17:40:59Z</time><sat>8</sat></trkpt>
  <trkpt lat="30.26996690" lon="120.12073737"><ele>17.518</ele><time>2026-06-01T17:41:02Z</time><sat>8</sat></trkpt>
  <trkpt lat="30.26996733" lon="120.12073698"><ele>17.517</ele><time>2026-06-01T17:41:05Z</time><sat>8</sat></trkpt>
  <trkpt lat="30.26996732" lon="120.12073693"><ele>17.517</ele><time>2026-06-01T17:41:08Z</time><sat>11</sat></trkpt>
  <trkpt lat="30.26996737" lon="120.12073676"><ele>17.518</ele><time>2026-06-01T17:41:11Z</time><sat>11</sat></trkpt>
  <trkpt lat="30.26996741" lon="120.12073665"><ele>17.519</ele><time>2026-06-01T17:41:14Z</time><sat>11</sat></trkpt>
  <trkpt lat="30.26996748" lon="120.12073669"><ele>17.520</ele><time>2026-06-01T17:41:17Z</time><sat>12</sat></trkpt>
  <trkpt lat="30.26996745" lon="120.12073672"><ele>17.519</ele><time>2026-06-01T17:41:20Z</time><sat>12</sat></trkpt>
  <trkpt lat="30.26996741" lon="120.12073698"><ele>17.519</ele><time>2026-06-01T17:41:23Z</time><sat>11</sat></trkpt>
  <trkpt lat="30.26996742" lon="120.12073701"><ele>17.519</ele><time>2026-06-01T17:41:26Z</time><sat>11</sat></trkpt>
  <trkpt lat="30.26996740" lon="120.12073704"><ele>17.519</ele><time>2026-06-01T17:41:29Z</time><sat>10</sat></trkpt>
  <trkpt lat="30.26996742" lon="120.12073700"><ele>17.519</ele><time>2026-06-01T17:41:32Z</time><sat>10</sat></trkpt>
  <trkpt lat="30.26996742" lon="120.12073697"><ele>17.519</ele><time>2026-06-01T17:41:35Z</time><sat>10</sat></trkpt>
  <trkpt lat="30.26996739" lon="120.12073714"><ele>17.519</ele><time>2026-06-01T17:41:38Z</time><sat>10</sat></trkpt>
  <trkpt lat="30.26996736" lon="120.12073726"><ele>17.519</ele><time>2026-06-01T17:41:41Z</time><sat>10</sat></trkpt>
  <trkpt lat="30.26996735" lon="120.12073728"><ele>17.519</ele><time>2026-06-01T17:41:44Z</time><sat>9</sat></trkpt>
  <trkpt lat="30.26996737" lon="120.12073720"><ele>17.519</ele><time>2026-06-01T17:41:47Z</time><sat>9</sat></trkpt>
  <trkpt lat="30.26996737" lon="120.12073715"><ele>17.519</ele><time>2026-06-01T17:41:50Z</time><sat>9</sat></trkpt>
  <trkpt lat="30.26996739" lon="120.12073703"><ele>17.519</ele><time>2026-06-01T17:41:53Z</time><sat>10</sat></trkpt>
  <trkpt lat="30.26996736" lon="120.12073713"><ele>17.519</ele><time>2026-06-01T17:41:56Z</time><sat>10</sat></trkpt>
  <trkpt lat="30.26996736" lon="120.12073712"><ele>17.519</ele><time>2026-06-01T17:41:59Z</time><sat>11</sat></trkpt>
  <trkpt lat="30.26996735" lon="120.12073713"><ele>17.518</ele><time>2026-06-01T17:42:02Z</time><sat>11</sat></trkpt>
  <trkpt lat="30.26996737" lon="120.12073704"><ele>17.519</ele><time>2026-06-01T17:42:05Z</time><sat>10</sat></trkpt>
  <trkpt lat="30.26996738" lon="120.12073701"><ele>17.519</ele><time>2026-06-01T17:42:08Z</time><sat>10</sat></trkpt>
  <trkpt lat="30.26996737" lon="120.12073709"><ele>17.519</ele><time>2026-06-01T17:42:11Z</time><sat>10</sat></trkpt>
  <trkpt lat="30.26996740" lon="120.12073683"><ele>17.519</ele><time>2026-06-01T17:42:14Z</time><sat>8</sat></trkpt>
  <trkpt lat="30.26996733" lon="120.12073679"><ele>17.520</ele><time>2026-06-01T17:42:17Z</time><sat>9</sat></trkpt>
  <trkpt lat="30.26996730" lon="120.12073681"><ele>17.520</ele><time>2026-06-01T17:42:20Z</time><sat>9</sat></trkpt>
  <trkpt lat="30.26996725" lon="120.12073681"><ele>17.520</ele><time>2026-06-01T17:42:23Z</time><sat>11</sat></trkpt>
  <trkpt lat="30.26996723" lon="120.12073686"><ele>17.520</ele><time>2026-06-01T17:42:26Z</time><sat>10</sat></trkpt>
  <trkpt lat="30.26996722" lon="120.12073698"><ele>17.520</ele><time>2026-06-01T17:42:29Z</time><sat>11</sat></trkpt>
  <trkpt lat="30.26996717" lon="120.12073711"><ele>17.520</ele><time>2026-06-01T17:42:32Z</time><sat>12</sat></trkpt>
  <trkpt lat="30.26996716" lon="120.12073714"><ele>17.520</ele><time>2026-06-01T17:42:35Z</time><sat>10</sat></trkpt>
  <trkpt lat="30.26996709" lon="120.12073716"><ele>17.519</ele><time>2026-06-01T17:42:38Z</time><sat>9</sat></trkpt>
  <trkpt lat="30.26996711" lon="120.12073706"><ele>17.519</ele><time>2026-06-01T17:42:41Z</time><sat>9</sat></trkpt>
  <trkpt lat="30.26996712" lon="120.12073706"><ele>17.520</ele><time>2026-06-01T17:42:44Z</time><sat>10</sat></trkpt>
  <trkpt lat="30.26996708" lon="120.12073715"><ele>17.520</ele><time>2026-06-01T17:42:47Z</time><sat>12</sat></trkpt>
  <trkpt lat="30.26996709" lon="120.12073702"><ele>17.520</ele><time>2026-06-01T17:42:50Z</time><sat>12</sat></trkpt>
  <trkpt lat="30.26996707" lon="120.12073703"><ele>17.520</ele><time>2026-06-01T17:42:53Z</time><sat>10</sat></trkpt>
  <trkpt lat="30.26996702" lon="120.12073698"><ele>17.520</ele><time>2026-06-01T17:42:56Z</time><sat>10</sat></trkpt>
  <trkpt lat="30.26996704" lon="120.12073691"><ele>17.520</ele><time>2026-06-01T17:42:59Z</time><sat>11</sat></trkpt>
  <trkpt lat="30.26996702" lon="120.12073683"><ele>17.520</ele><time>2026-06-01T17:43:02Z</time><sat>11</sat></trkpt>
  <trkpt lat="30.26996689" lon="120.12073684"><ele>17.518</ele><time>2026-06-01T17:43:05Z</time><sat>10</sat></trkpt>
  <trkpt lat="30.26996691" lon="120.12073669"><ele>17.519</ele><time>2026-06-01T17:43:08Z</time><sat>11</sat></trkpt>
  <trkpt lat="30.26996684" lon="120.12073665"><ele>17.518</ele><time>2026-06-01T17:43:11Z</time><sat>11</sat></trkpt>
  <trkpt lat="30.26996674" lon="120.12073667"><ele>17.517</ele><time>2026-06-01T17:43:14Z</time><sat>11</sat></trkpt>
  <trkpt lat="30.26996676" lon="120.12073668"><ele>17.517</ele><time>2026-06-01T17:43:17Z</time><sat>8</sat></trkpt>
  <trkpt lat="30.26996654" lon="120.12073680"><ele>17.515</ele><time>2026-06-01T17:43:20Z</time><sat>8</sat></trkpt>
  <trkpt lat="30.26996632" lon="120.12073689"><ele>17.513</ele><time>2026-06-01T17:43:23Z</time><sat>8</sat></trkpt>
  <trkpt lat="30.26996635" lon="120.12073701"><ele>17.513</ele><time>2026-06-01T17:43:26Z</time><sat>12</sat></trkpt>
  <trkpt lat="30.26996629" lon="120.12073705"><ele>17.513</ele><time>2026-06-01T17:43:29Z</time><sat>8</sat></trkpt>
  <trkpt lat="30.26996608" lon="120.12073715"><ele>17.511</ele><time>2026-06-01T17:43:32Z</time><sat>9</sat></trkpt>
  <trkpt lat="30.26996606" lon="120.12073724"><ele>17.511</ele><time>2026-06-01T17:43:35Z</time><sat>9</sat></trkpt>
  <trkpt lat="30.26996591" lon="120.12073741"><ele>17.509</ele><time>2026-06-01T17:43:38Z</time><sat>8</sat></trkpt>
  <trkpt lat="30.26996573" lon="120.12073756"><ele>17.507</ele><time>2026-06-01T17:43:41Z</time><sat>8</sat></trkpt>
  <trkpt lat="30.26996577" lon="120.12073758"><ele>17.508</ele><time>2026-06-01T17:43:44Z</time><sat>7</sat></trkpt>
  <trkpt lat="30.26996568" lon="120.12073758"><ele>17.507</ele><time>2026-06-01T17:43:47Z</time><sat>7</sat></trkpt>
  <trkpt lat="30.26996541" lon="120.12073779"><ele>17.504</ele><time>2026-06-01T17:43:50Z</time><sat>8</sat></trkpt>
  <trkpt lat="30.26996537" lon="120.12073785"><ele>17.503</ele><time>2026-06-01T17:43:53Z</time><sat>8</sat></trkpt>
  <trkpt lat="30.26996521" lon="120.12073795"><ele>17.502</ele><time>2026-06-01T17:43:56Z</time><sat>9</sat></trkpt>
  <trkpt lat="30.26996501" lon="120.12073803"><ele>17.499</ele><time>2026-06-01T17:43:59Z</time><sat>8</sat></trkpt>
  <trkpt lat="30.26996504" lon="120.12073806"><ele>17.499</ele><time>2026-06-01T17:44:02Z</time><sat>7</sat></trkpt>
  <trkpt lat="30.26996489" lon="120.12073810"><ele>17.498</ele><time>2026-06-01T17:44:05Z</time><sat>8</sat></trkpt>
  <trkpt lat="30.26996475" lon="120.12073822"><ele>17.496</ele><time>2026-06-01T17:44:08Z</time><sat>8</sat></trkpt>
  <trkpt lat="30.26996469" lon="120.12073832"><ele>17.495</ele><time>2026-06-01T17:44:11Z</time><sat>8</sat></trkpt>
  <trkpt lat="30.26996467" lon="120.12073832"><ele>17.495</ele><time>2026-06-01T17:44:14Z</time><sat>10</sat></trkpt>
  <trkpt lat="30.26996459" lon="120.12073840"><ele>17.495</ele><time>2026-06-01T17:44:17Z</time><sat>10</sat></trkpt>
  <trkpt lat="30.26996455" lon="120.12073842"><ele>17.494</ele><time>2026-06-01T17:44:20Z</time><sat>10</sat></trkpt>
  <trkpt lat="30.26996433" lon="120.12073851"><ele>17.493</ele><time>2026-06-01T17:44:23Z</time><sat>7</sat></trkpt>
  <trkpt lat="30.26996394" lon="120.12073871"><ele>17.492</ele><time>2026-06-01T17:44:26Z</time><sat>7</sat></trkpt>
  <trkpt lat="30.26996394" lon="120.12073871"><ele>17.493</ele><time>2026-06-01T17:44:29Z</time><sat>7</sat></trkpt>
  <trkpt lat="30.26996378" lon="120.12073875"><ele>17.491</ele><time>2026-06-01T17:44:32Z</time><sat>7</sat></trkpt>
  <trkpt lat="30.26996358" lon="120.12073881"><ele>17.489</ele><time>2026-06-01T17:44:35Z</time><sat>7</sat></trkpt>
  <trkpt lat="30.26996356" lon="120.12073882"><ele>17.489</ele><time>2026-06-01T17:44:38Z</time><sat>7</sat></trkpt>
  <trkpt lat="30.26996347" lon="120.12073884"><ele>17.488</ele><time>2026-06-01T17:44:41Z</time><sat>7</sat></trkpt>
  <trkpt lat="30.26996339" lon="120.12073882"><ele>17.487</ele><time>2026-06-01T17:44:44Z</time><sat>7</sat></trkpt>
  <trkpt lat="30.26996337" lon="120.12073887"><ele>17.487</ele><time>2026-06-01T17:44:47Z</time><sat>8</sat></trkpt>
  <trkpt lat="30.26996325" lon="120.12073893"><ele>17.486</ele><time>2026-06-01T17:44:50Z</time><sat>8</sat></trkpt>
  <trkpt lat="30.26996310" lon="120.12073896"><ele>17.484</ele><time>2026-06-01T17:44:53Z</time><sat>8</sat></trkpt>
  <trkpt lat="30.26996202" lon="120.12073886"><ele>17.489</ele><time>2026-06-01T17:44:56Z</time><sat>7</sat></trkpt>
  <trkpt lat="30.26996193" lon="120.12073888"><ele>17.489</ele><time>2026-06-01T17:44:59Z</time><sat>6</sat></trkpt>
  <trkpt lat="30.26996175" lon="120.12073894"><ele>17.487</ele><time>2026-06-01T17:45:02Z</time><sat>6</sat></trkpt>
  <trkpt lat="30.26996038" lon="120.12073850"><ele>17.499</ele><time>2026-06-01T17:45:05Z</time><sat>7</sat></trkpt>
  <trkpt lat="30.26996029" lon="120.12073850"><ele>17.499</ele><time>2026-06-01T17:45:08Z</time><sat>7</sat></trkpt>
  <trkpt lat="30.26995960" lon="120.12073856"><ele>17.503</ele><time>2026-06-01T17:45:11Z</time><sat>6</sat></trkpt>
  <trkpt lat="30.26995867" lon="120.12073850"><ele>17.508</ele><time>2026-06-01T17:45:14Z</time><sat>8</sat></trkpt>
  <trkpt lat="30.26995724" lon="120.12073789"><ele>17.528</ele><time>2026-06-01T17:45:17Z</time><sat>9</sat></trkpt>
  <trkpt lat="30.26995684" lon="120.12073800"><ele>17.530</ele><time>2026-06-01T17:45:20Z</time><sat>9</sat></trkpt>
  <trkpt lat="30.26995651" lon="120.12073812"><ele>17.530</ele><time>2026-06-01T17:45:23Z</time><sat>8</sat></trkpt>
  <trkpt lat="30.26995616" lon="120.12073814"><ele>17.532</ele><time>2026-06-01T17:45:26Z</time><sat>8</sat></trkpt>
  <trkpt lat="30.26995504" lon="120.12073791"><ele>17.541</ele><time>2026-06-01T17:45:29Z</time><sat>7</sat></trkpt>
  <trkpt lat="30.26995447" lon="120.12073803"><ele>17.539</ele><time>2026-06-01T17:45:32Z</time><sat>9</sat></trkpt>
  <trkpt lat="30.26995411" lon="120.12073816"><ele>17.538</ele><time>2026-06-01T17:45:35Z</time><sat>10</sat></trkpt>
  <trkpt lat="30.26995381" lon="120.12073817"><ele>17.539</ele><time>2026-06-01T17:45:38Z</time><sat>10</sat></trkpt>
  <trkpt lat="30.26995311" lon="120.12073812"><ele>17.546</ele><time>2026-06-01T17:45:41Z</time><sat>10</sat></trkpt>
  <trkpt lat="30.26995273" lon="120.12073820"><ele>17.545</ele><time>2026-06-01T17:45:44Z</time><sat>11</sat></trkpt>
  <trkpt lat="30.26995226" lon="120.12073834"><ele>17.543</ele><time>2026-06-01T17:45:47Z</time><sat>11</sat></trkpt>
  <trkpt lat="30.26995209" lon="120.12073843"><ele>17.543</ele><time>2026-06-01T17:45:50Z</time><sat>10</sat></trkpt>
  <trkpt lat="30.26995104" lon="120.12073802"><ele>17.557</ele><time>2026-06-01T17:45:53Z</time><sat>10</sat></trkpt>
  <trkpt lat="30.26995079" lon="120.12073814"><ele>17.556</ele><time>2026-06-01T17:45:56Z</time><sat>11</sat></trkpt>
  <trkpt lat="30.26995065" lon="120.12073811"><ele>17.557</ele><time>2026-06-01T17:45:59Z</time><sat>12</sat></trkpt>
  <trkpt lat="30.26995052" lon="120.12073817"><ele>17.558</ele><time>2026-06-01T17:46:02Z</time><sat>10</sat></trkpt>
  <trkpt lat="30.26994868" lon="120.12073776"><ele>17.574</ele><time>2026-06-01T17:46:05Z</time><sat>10</sat></trkpt>
  <trkpt lat="30.26994858" lon="120.12073773"><ele>17.576</ele><time>2026-06-01T17:46:08Z</time><sat>13</sat></trkpt>
  <trkpt lat="30.26994844" lon="120.12073779"><ele>17.576</ele><time>2026-06-01T17:46:11Z</time><sat>13</sat></trkpt>
  <trkpt lat="30.26994819" lon="120.12073795"><ele>17.573</ele><time>2026-06-01T17:46:14Z</time><sat>11</sat></trkpt>
  <trkpt lat="30.26994769" lon="120.12073773"><ele>17.580</ele><time>2026-06-01T17:46:17Z</time><sat>12</sat></trkpt>
  <trkpt lat="30.26994750" lon="120.12073784"><ele>17.578</ele><time>2026-06-01T17:46:20Z</time><sat>12</sat></trkpt>
  <trkpt lat="30.26994718" lon="120.12073801"><ele>17.577</ele><time>2026-06-01T17:46:23Z</time><sat>13</sat></trkpt>
  <trkpt lat="30.26994713" lon="120.12073802"><ele>17.578</ele><time>2026-06-01T17:46:26Z</time><sat>13</sat></trkpt>
  <trkpt lat="30.26994576" lon="120.12073761"><ele>17.591</ele><time>2026-06-01T17:46:29Z</time><sat>12</sat></trkpt>
  <trkpt lat="30.26994543" lon="120.12073779"><ele>17.589</ele><time>2026-06-01T17:46:32Z</time><sat>12</sat></trkpt>
  <trkpt lat="30.26994523" lon="120.12073773"><ele>17.589</ele><time>2026-06-01T17:46:35Z</time><sat>13</sat></trkpt>
  <trkpt lat="30.26994506" lon="120.12073769"><ele>17.589</ele><time>2026-06-01T17:46:38Z</time><sat>12</sat></trkpt>
  <trkpt lat="30.26994399" lon="120.12073752"><ele>17.599</ele><time>2026-06-01T17:46:41Z</time><sat>13</sat></trkpt>
  <trkpt lat="30.26994400" lon="120.12073757"><ele>17.600</ele><time>2026-06-01T17:46:44Z</time><sat>14</sat></trkpt>
  <trkpt lat="30.26994386" lon="120.12073771"><ele>17.599</ele><time>2026-06-01T17:46:47Z</time><sat>13</sat></trkpt>
  <trkpt lat="30.26994377" lon="120.12073771"><ele>17.600</ele><time>2026-06-01T17:46:50Z</time><sat>15</sat></trkpt>
  <trkpt lat="30.26994382" lon="120.12073780"><ele>17.602</ele><time>2026-06-01T17:46:53Z</time><sat>13</sat></trkpt>
  <trkpt lat="30.26994343" lon="120.12073796"><ele>17.598</ele><time>2026-06-01T17:46:56Z</time><sat>9</sat></trkpt>
  <trkpt lat="30.26994332" lon="120.12073804"><ele>17.597</ele><time>2026-06-01T17:46:59Z</time><sat>10</sat></trkpt>
  <trkpt lat="30.26994297" lon="120.12073807"><ele>17.601</ele><time>2026-06-01T17:47:02Z</time><sat>13</sat></trkpt>
  <trkpt lat="30.26994281" lon="120.12073811"><ele>17.600</ele><time>2026-06-01T17:47:05Z</time><sat>14</sat></trkpt>
  <trkpt lat="30.26994269" lon="120.12073810"><ele>17.600</ele><time>2026-06-01T17:47:08Z</time><sat>12</sat></trkpt>
  <trkpt lat="30.26994267" lon="120.12073815"><ele>17.602</ele><time>2026-06-01T17:47:11Z</time><sat>10</sat></trkpt>
  <trkpt lat="30.26994254" lon="120.12073819"><ele>17.603</ele><time>2026-06-01T17:47:14Z</time><sat>11</sat></trkpt>
  <trkpt lat="30.26994114" lon="120.12073940"><ele>17.607</ele><time>2026-06-01T17:47:17Z</time><sat>13</sat></trkpt>
  <trkpt lat="30.26994107" lon="120.12073946"><ele>17.608</ele><time>2026-06-01T17:47:20Z</time><sat>12</sat></trkpt>
  <trkpt lat="30.26994085" lon="120.12073951"><ele>17.606</ele><time>2026-06-01T17:47:23Z</time><sat>11</sat></trkpt>
  <trkpt lat="30.26994057" lon="120.12073969"><ele>17.606</ele><time>2026-06-01T17:47:26Z</time><sat>12</sat></trkpt>
  <trkpt lat="30.26993984" lon="120.12074030"><ele>17.608</ele><time>2026-06-01T17:47:29Z</time><sat>13</sat></trkpt>
  <trkpt lat="30.26993911" lon="120.12074084"><ele>17.609</ele><time>2026-06-01T17:47:32Z</time><sat>11</sat></trkpt>
  <trkpt lat="30.26993888" lon="120.12074101"><ele>17.610</ele><time>2026-06-01T17:47:35Z</time><sat>13</sat></trkpt>
  <trkpt lat="30.26993875" lon="120.12074104"><ele>17.610</ele><time>2026-06-01T17:47:38Z</time><sat>12</sat></trkpt>
  <trkpt lat="30.26993855" lon="120.12074116"><ele>17.609</ele><time>2026-06-01T17:47:41Z</time><sat>13</sat></trkpt>
  <trkpt lat="30.26993851" lon="120.12074121"><ele>17.611</ele><time>2026-06-01T17:47:44Z</time><sat>13</sat></trkpt>
  <trkpt lat="30.26993847" lon="120.12074120"><ele>17.611</ele><time>2026-06-01T17:47:47Z</time><sat>11</sat></trkpt>
  <trkpt lat="30.26993843" lon="120.12074120"><ele>17.611</ele><time>2026-06-01T17:47:50Z</time><sat>11</sat></trkpt>
  <trkpt lat="30.26993842" lon="120.12074123"><ele>17.611</ele><time>2026-06-01T17:47:53Z</time><sat>12</sat></trkpt>
  <trkpt lat="30.26993837" lon="120.12074122"><ele>17.611</ele><time>2026-06-01T17:47:56Z</time><sat>12</sat></trkpt>
  <trkpt lat="30.26993829" lon="120.12074124"><ele>17.610</ele><time>2026-06-01T17:47:59Z</time><sat>13</sat></trkpt>
  <trkpt lat="30.26993826" lon="120.12074129"><ele>17.611</ele><time>2026-06-01T17:48:02Z</time><sat>13</sat></trkpt>
  <trkpt lat="30.26993814" lon="120.12074131"><ele>17.612</ele><time>2026-06-01T17:48:05Z</time><sat>13</sat></trkpt>
  <trkpt lat="30.26993801" lon="120.12074133"><ele>17.611</ele><time>2026-06-01T17:48:08Z</time><sat>15</sat></trkpt>
  <trkpt lat="30.26993796" lon="120.12074132"><ele>17.611</ele><time>2026-06-01T17:48:11Z</time><sat>12</sat></trkpt>
  <trkpt lat="30.26993791" lon="120.12074133"><ele>17.612</ele><time>2026-06-01T17:48:14Z</time><sat>10</sat></trkpt>
  <trkpt lat="30.26993796" lon="120.12074139"><ele>17.612</ele><time>2026-06-01T17:48:18Z</time><sat>12</sat></trkpt>
  <trkpt lat="30.26993786" lon="120.12074141"><ele>17.612</ele><time>2026-06-01T17:48:23Z</time><sat>11</sat></trkpt>
  <trkpt lat="30.26993781" lon="120.12074141"><ele>17.612</ele><time>2026-06-01T17:48:26Z</time><sat>14</sat></trkpt>
  <trkpt lat="30.26993790" lon="120.12074150"><ele>17.614</ele><time>2026-06-01T17:48:29Z</time><sat>14</sat></trkpt>
  <trkpt lat="30.26993785" lon="120.12074156"><ele>17.613</ele><time>2026-06-01T17:48:32Z</time><sat>11</sat></trkpt>
  <trkpt lat="30.26993785" lon="120.12074164"><ele>17.615</ele><time>2026-06-01T17:48:35Z</time><sat>12</sat></trkpt>
  <trkpt lat="30.26993786" lon="120.12074164"><ele>17.616</ele><time>2026-06-01T17:48:38Z</time><sat>15</sat></trkpt>
  <trkpt lat="30.26993788" lon="120.12074172"><ele>17.617</ele><time>2026-06-01T17:48:41Z</time><sat>13</sat></trkpt>
  <trkpt lat="30.26993788" lon="120.12074176"><ele>17.618</ele><time>2026-06-01T17:48:44Z</time><sat>9</sat></trkpt>
  <trkpt lat="30.26993792" lon="120.12074178"><ele>17.619</ele><time>2026-06-01T17:48:47Z</time><sat>12</sat></trkpt>
  <trkpt lat="30.26993784" lon="120.12074176"><ele>17.618</ele><time>2026-06-01T17:48:50Z</time><sat>15</sat></trkpt>
  <trkpt lat="30.26993768" lon="120.12074199"><ele>17.619</ele><time>2026-06-01T17:48:53Z</time><sat>13</sat></trkpt>
  <trkpt lat="30.26993772" lon="120.12074200"><ele>17.619</ele><time>2026-06-01T17:48:56Z</time><sat>12</sat></trkpt>
  <trkpt lat="30.26993777" lon="120.12074214"><ele>17.621</ele><time>2026-06-01T17:48:59Z</time><sat>11</sat></trkpt>
  <trkpt lat="30.26993780" lon="120.12074215"><ele>17.622</ele><time>2026-06-01T17:49:02Z</time><sat>12</sat></trkpt>
  <trkpt lat="30.26993784" lon="120.12074223"><ele>17.623</ele><time>2026-06-01T17:49:05Z</time><sat>14</sat></trkpt>
  <trkpt lat="30.26993781" lon="120.12074226"><ele>17.623</ele><time>2026-06-01T17:49:08Z</time><sat>12</sat></trkpt>
  <trkpt lat="30.26993780" lon="120.12074223"><ele>17.622</ele><time>2026-06-01T17:49:11Z</time><sat>9</sat></trkpt>
  <trkpt lat="30.26993786" lon="120.12074223"><ele>17.624</ele><time>2026-06-01T17:49:14Z</time><sat>11</sat></trkpt>
  <trkpt lat="30.26993782" lon="120.12074233"><ele>17.624</ele><time>2026-06-01T17:49:17Z</time><sat>12</sat></trkpt>
  <trkpt lat="30.26993778" lon="120.12074230"><ele>17.625</ele><time>2026-06-01T17:49:20Z</time><sat>13</sat></trkpt>
  <trkpt lat="30.26993783" lon="120.12074229"><ele>17.626</ele><time>2026-06-01T17:49:23Z</time><sat>12</sat></trkpt>
  <trkpt lat="30.26993781" lon="120.12074227"><ele>17.625</ele><time>2026-06-01T17:49:26Z</time><sat>14</sat></trkpt>
  <trkpt lat="30.26993792" lon="120.12074240"><ele>17.626</ele><time>2026-06-01T17:49:29Z</time><sat>13</sat></trkpt>
  <trkpt lat="30.26993796" lon="120.12074245"><ele>17.627</ele><time>2026-06-01T17:49:32Z</time><sat>11</sat></trkpt>
  <trkpt lat="30.26993790" lon="120.12074239"><ele>17.627</ele><time>2026-06-01T17:49:35Z</time><sat>12</sat></trkpt>
  <trkpt lat="30.26993799" lon="120.12074228"><ele>17.628</ele><time>2026-06-01T17:49:38Z</time><sat>11</sat></trkpt>
  <trkpt lat="30.26993796" lon="120.12074239"><ele>17.628</ele><time>2026-06-01T17:49:41Z</time><sat>10</sat></trkpt>
  <trkpt lat="30.26993791" lon="120.12074260"><ele>17.628</ele><time>2026-06-01T17:49:44Z</time><sat>10</sat></trkpt>
  <trkpt lat="30.26993805" lon="120.12074261"><ele>17.629</ele><time>2026-06-01T17:49:47Z</time><sat>9</sat></trkpt>
  <trkpt lat="30.26993872" lon="120.12074237"><ele>17.627</ele><time>2026-06-01T17:49:50Z</time><sat>10</sat></trkpt>
  <trkpt lat="30.26993875" lon="120.12074229"><ele>17.629</ele><time>2026-06-01T17:49:53Z</time><sat>12</sat></trkpt>
  <trkpt lat="30.26993887" lon="120.12074215"><ele>17.631</ele><time>2026-06-01T17:49:56Z</time><sat>12</sat></trkpt>
  <trkpt lat="30.26993894" lon="120.12074213"><ele>17.632</ele><time>2026-06-01T17:49:59Z</time><sat>10</sat></trkpt>
  <trkpt lat="30.26993843" lon="120.12074236"><ele>17.637</ele><time>2026-06-01T17:50:02Z</time><sat>10</sat></trkpt>
  <trkpt lat="30.26993854" lon="120.12074236"><ele>17.639</ele><time>2026-06-01T17:50:05Z</time><sat>13</sat></trkpt>
  <trkpt lat="30.26993865" lon="120.12074236"><ele>17.640</ele><time>2026-06-01T17:50:08Z</time><sat>13</sat></trkpt>
  <trkpt lat="30.26993876" lon="120.12074231"><ele>17.641</ele><time>2026-06-01T17:50:11Z</time><sat>13</sat></trkpt>
  <trkpt lat="30.26993881" lon="120.12074247"><ele>17.641</ele><time>2026-06-01T17:50:14Z</time><sat>13</sat></trkpt>
  <trkpt lat="30.26993896" lon="120.12074252"><ele>17.643</ele><time>2026-06-01T17:50:17Z</time><sat>12</sat></trkpt>
  <trkpt lat="30.26993902" lon="120.12074250"><ele>17.644</ele><time>2026-06-01T17:50:20Z</time><sat>11</sat></trkpt>
  <trkpt lat="30.26993914" lon="120.12074235"><ele>17.645</ele><time>2026-06-01T17:50:23Z</time><sat>11</sat></trkpt>
  <trkpt lat="30.26993920" lon="120.12074228"><ele>17.646</ele><time>2026-06-01T17:50:26Z</time><sat>12</sat></trkpt>
  <trkpt lat="30.26993926" lon="120.12074231"><ele>17.647</ele><time>2026-06-01T17:50:29Z</time><sat>9</sat></trkpt>
  <trkpt lat="30.26993934" lon="120.12074237"><ele>17.648</ele><time>2026-06-01T17:50:32Z</time><sat>8</sat></trkpt>
  <trkpt lat="30.26993937" lon="120.12074246"><ele>17.648</ele><time>2026-06-01T17:50:35Z</time><sat>9</sat></trkpt>
  <trkpt lat="30.26993945" lon="120.12074247"><ele>17.648</ele><time>2026-06-01T17:50:38Z</time><sat>10</sat></trkpt>
  <trkpt lat="30.26993958" lon="120.12074254"><ele>17.650</ele><time>2026-06-01T17:50:41Z</time><sat>11</sat></trkpt>
  <trkpt lat="30.26993962" lon="120.12074261"><ele>17.650</ele><time>2026-06-01T17:50:44Z</time><sat>12</sat></trkpt>
  <trkpt lat="30.26993971" lon="120.12074266"><ele>17.651</ele><time>2026-06-01T17:50:47Z</time><sat>11</sat></trkpt>
  <trkpt lat="30.26993986" lon="120.12074266"><ele>17.653</ele><time>2026-06-01T17:50:50Z</time><sat>11</sat></trkpt>
  <trkpt lat="30.26993991" lon="120.12074267"><ele>17.653</ele><time>2026-06-01T17:50:53Z</time><sat>11</sat></trkpt>
  <trkpt lat="30.26994000" lon="120.12074269"><ele>17.655</ele><time>2026-06-01T17:50:56Z</time><sat>11</sat></trkpt>
  <trkpt lat="30.26994006" lon="120.12074265"><ele>17.655</ele><time>2026-06-01T17:50:59Z</time><sat>12</sat></trkpt>
  <trkpt lat="30.26994015" lon="120.12074260"><ele>17.657</ele><time>2026-06-01T17:51:02Z</time><sat>11</sat></trkpt>
  <trkpt lat="30.26994021" lon="120.12074259"><ele>17.657</ele><time>2026-06-01T17:51:05Z</time><sat>11</sat></trkpt>
  <trkpt lat="30.26994021" lon="120.12074260"><ele>17.658</ele><time>2026-06-01T17:51:08Z</time><sat>10</sat></trkpt>
  <trkpt lat="30.26994020" lon="120.12074260"><ele>17.657</ele><time>2026-06-01T17:51:11Z</time><sat>9</sat></trkpt>
  <trkpt lat="30.26994023" lon="120.12074259"><ele>17.658</ele><time>2026-06-01T17:51:14Z</time><sat>8</sat></trkpt>
  <trkpt lat="30.26994028" lon="120.12074265"><ele>17.658</ele><time>2026-06-01T17:51:17Z</time><sat>7</sat></trkpt>
  <trkpt lat="30.26994031" lon="120.12074266"><ele>17.658</ele><time>2026-06-01T17:51:20Z</time><sat>8</sat></trkpt>
  <trkpt lat="30.26994036" lon="120.12074264"><ele>17.658</ele><time>2026-06-01T17:51:23Z</time><sat>7</sat></trkpt>
  <trkpt lat="30.26994036" lon="120.12074262"><ele>17.658</ele><time>2026-06-01T17:51:26Z</time><sat>7</sat></trkpt>
  <trkpt lat="30.26994038" lon="120.12074259"><ele>17.658</ele><time>2026-06-01T17:51:29Z</time><sat>8</sat></trkpt>
  <trkpt lat="30.26994038" lon="120.12074258"><ele>17.658</ele><time>2026-06-01T17:51:32Z</time><sat>8</sat></trkpt>
  <trkpt lat="30.26994043" lon="120.12074256"><ele>17.658</ele><time>2026-06-01T17:51:35Z</time><sat>7</sat></trkpt>
  <trkpt lat="30.26994037" lon="120.12074255"><ele>17.658</ele><time>2026-06-01T17:51:38Z</time><sat>10</sat></trkpt>
  <trkpt lat="30.26994042" lon="120.12074250"><ele>17.659</ele><time>2026-06-01T17:51:41Z</time><sat>11</sat></trkpt>
  <trkpt lat="30.26994049" lon="120.12074251"><ele>17.660</ele><time>2026-06-01T17:51:44Z</time><sat>11</sat></trkpt>
  <trkpt lat="30.26994058" lon="120.12074256"><ele>17.661</ele><time>2026-06-01T17:51:47Z</time><sat>10</sat></trkpt>
  <trkpt lat="30.26994058" lon="120.12074255"><ele>17.661</ele><time>2026-06-01T17:51:50Z</time><sat>10</sat></trkpt>
  <trkpt lat="30.26994059" lon="120.12074256"><ele>17.661</ele><time>2026-06-01T17:51:53Z</time><sat>9</sat></trkpt>
  <trkpt lat="30.26994061" lon="120.12074258"><ele>17.661</ele><time>2026-06-01T17:51:56Z</time><sat>10</sat></trkpt>
  <trkpt lat="30.26994067" lon="120.12074266"><ele>17.662</ele><time>2026-06-01T17:51:59Z</time><sat>12</sat></trkpt>
  <trkpt lat="30.26994076" lon="120.12074278"><ele>17.663</ele><time>2026-06-01T17:52:02Z</time><sat>9</sat></trkpt>
  <trkpt lat="30.26994083" lon="120.12074283"><ele>17.664</ele><time>2026-06-01T17:52:05Z</time><sat>8</sat></trkpt>
  <trkpt lat="30.26994079" lon="120.12074287"><ele>17.664</ele><time>2026-06-01T17:52:08Z</time><sat>10</sat></trkpt>
  <trkpt lat="30.26994085" lon="120.12074291"><ele>17.665</ele><time>2026-06-01T17:52:11Z</time><sat>10</sat></trkpt>
  <trkpt lat="30.26994091" lon="120.12074298"><ele>17.665</ele><time>2026-06-01T17:52:14Z</time><sat>10</sat></trkpt>
  <trkpt lat="30.26994092" lon="120.12074304"><ele>17.666</ele><time>2026-06-01T17:52:17Z</time><sat>10</sat></trkpt>
  <trkpt lat="30.26994089" lon="120.12074301"><ele>17.666</ele><time>2026-06-01T17:52:20Z</time><sat>9</sat></trkpt>
  <trkpt lat="30.26994092" lon="120.12074304"><ele>17.666</ele><time>2026-06-01T17:52:23Z</time><sat>9</sat></trkpt>
  <trkpt lat="30.26994099" lon="120.12074302"><ele>17.667</ele><time>2026-06-01T17:52:26Z</time><sat>10</sat></trkpt>
  <trkpt lat="30.26994104" lon="120.12074314"><ele>17.667</ele><time>2026-06-01T17:52:29Z</time><sat>8</sat></trkpt>
  <trkpt lat="30.26994106" lon="120.12074326"><ele>17.668</ele><time>2026-06-01T17:52:32Z</time><sat>7</sat></trkpt>
  <trkpt lat="30.26994112" lon="120.12074329"><ele>17.668</ele><time>2026-06-01T17:52:35Z</time><sat>9</sat></trkpt>
  <trkpt lat="30.26994114" lon="120.12074341"><ele>17.669</ele><time>2026-06-01T17:52:38Z</time><sat>7</sat></trkpt>
  <trkpt lat="30.26994112" lon="120.12074353"><ele>17.669</ele><time>2026-06-01T17:52:41Z</time><sat>8</sat></trkpt>
  <trkpt lat="30.26994115" lon="120.12074357"><ele>17.669</ele><time>2026-06-01T17:52:44Z</time><sat>10</sat></trkpt>
  <trkpt lat="30.26994117" lon="120.12074362"><ele>17.669</ele><time>2026-06-01T17:52:47Z</time><sat>9</sat></trkpt>
  <trkpt lat="30.26994118" lon="120.12074367"><ele>17.670</ele><time>2026-06-01T17:52:50Z</time><sat>7</sat></trkpt>
  <trkpt lat="30.26994116" lon="120.12074375"><ele>17.670</ele><time>2026-06-01T17:52:53Z</time><sat>9</sat></trkpt>
  <trkpt lat="30.26994114" lon="120.12074380"><ele>17.670</ele><time>2026-06-01T17:52:56Z</time><sat>10</sat></trkpt>
  <trkpt lat="30.26994111" lon="120.12074391"><ele>17.670</ele><time>2026-06-01T17:52:59Z</time><sat>9</sat></trkpt>
  <trkpt lat="30.26994099" lon="120.12074402"><ele>17.668</ele><time>2026-06-01T17:53:02Z</time><sat>8</sat></trkpt>
  <trkpt lat="30.26994087" lon="120.12074413"><ele>17.666</ele><time>2026-06-01T17:53:06Z</time><sat>7</sat></trkpt>
  <trkpt lat="30.26994085" lon="120.12074418"><ele>17.666</ele><time>2026-06-01T17:53:09Z</time><sat>9</sat></trkpt>
  <trkpt lat="30.26994083" lon="120.12074420"><ele>17.666</ele><time>2026-06-01T17:53:12Z</time><sat>9</sat></trkpt>
  <trkpt lat="30.26994084" lon="120.12074416"><ele>17.666</ele><time>2026-06-01T17:53:18Z</time><sat>9</sat></trkpt>
  <trkpt lat="30.26994087" lon="120.12074435"><ele>17.667</ele><time>2026-06-01T17:53:23Z</time><sat>9</sat></trkpt>
  <trkpt lat="30.26994086" lon="120.12074449"><ele>17.668</ele><time>2026-06-01T17:53:26Z</time><sat>12</sat></trkpt>
  <trkpt lat="30.26994088" lon="120.12074455"><ele>17.668</ele><time>2026-06-01T17:53:29Z</time><sat>10</sat></trkpt>
  <trkpt lat="30.26994095" lon="120.12074468"><ele>17.669</ele><time>2026-06-01T17:53:32Z</time><sat>8</sat></trkpt>
  <trkpt lat="30.26994088" lon="120.12074486"><ele>17.669</ele><time>2026-06-01T17:53:35Z</time><sat>9</sat></trkpt>
  <trkpt lat="30.26994091" lon="120.12074501"><ele>17.669</ele><time>2026-06-01T17:53:38Z</time><sat>10</sat></trkpt>
  <trkpt lat="30.26994108" lon="120.12074505"><ele>17.671</ele><time>2026-06-01T17:53:42Z</time><sat>9</sat></trkpt>
  <trkpt lat="30.26994126" lon="120.12074516"><ele>17.675</ele><time>2026-06-01T17:53:47Z</time><sat>12</sat></trkpt>
  <trkpt lat="30.26994134" lon="120.12074525"><ele>17.676</ele><time>2026-06-01T17:53:50Z</time><sat>10</sat></trkpt>
  <trkpt lat="30.26994140" lon="120.12074527"><ele>17.678</ele><time>2026-06-01T17:53:53Z</time><sat>8</sat></trkpt>
  <trkpt lat="30.26994143" lon="120.12074531"><ele>17.678</ele><time>2026-06-01T17:53:56Z</time><sat>10</sat></trkpt>
  <trkpt lat="30.26994145" lon="120.12074541"><ele>17.680</ele><time>2026-06-01T17:54:00Z</time><sat>10</sat></trkpt>
  <trkpt lat="30.26994150" lon="120.12074555"><ele>17.681</ele><time>2026-06-01T17:54:06Z</time><sat>9</sat></trkpt>
  <trkpt lat="30.26994158" lon="120.12074556"><ele>17.682</ele><time>2026-06-01T17:54:09Z</time><sat>11</sat></trkpt>
  <trkpt lat="30.26994166" lon="120.12074562"><ele>17.684</ele><time>2026-06-01T17:54:14Z</time><sat>11</sat></trkpt>
  <trkpt lat="30.26994179" lon="120.12074568"><ele>17.687</ele><time>2026-06-01T17:54:17Z</time><sat>9</sat></trkpt>
  <trkpt lat="30.26994196" lon="120.12074581"><ele>17.691</ele><time>2026-06-01T17:54:21Z</time><sat>8</sat></trkpt>
  <trkpt lat="30.26994205" lon="120.12074589"><ele>17.692</ele><time>2026-06-01T17:54:26Z</time><sat>11</sat></trkpt>
  <trkpt lat="30.26994213" lon="120.12074596"><ele>17.695</ele><time>2026-06-01T17:54:29Z</time><sat>9</sat></trkpt>
  <trkpt lat="30.26994219" lon="120.12074602"><ele>17.696</ele><time>2026-06-01T17:54:33Z</time><sat>9</sat></trkpt>
  <trkpt lat="30.26994225" lon="120.12074607"><ele>17.698</ele><time>2026-06-01T17:54:36Z</time><sat>8</sat></trkpt>
  <trkpt lat="30.26994233" lon="120.12074616"><ele>17.700</ele><time>2026-06-01T17:54:42Z</time><sat>8</sat></trkpt>
  <trkpt lat="30.26994236" lon="120.12074620"><ele>17.702</ele><time>2026-06-01T17:54:45Z</time><sat>8</sat></trkpt>
  <trkpt lat="30.26994242" lon="120.12074627"><ele>17.703</ele><time>2026-06-01T17:54:48Z</time><sat>8</sat></trkpt>
  <trkpt lat="30.26994252" lon="120.12074636"><ele>17.705</ele><time>2026-06-01T17:54:54Z</time><sat>8</sat></trkpt>
  <trkpt lat="30.26994250" lon="120.12074637"><ele>17.705</ele><time>2026-06-01T17:54:57Z</time><sat>9</sat></trkpt>
  <trkpt lat="30.26994255" lon="120.12074641"><ele>17.706</ele><time>2026-06-01T17:55:00Z</time><sat>10</sat></trkpt>
  <trkpt lat="30.26994263" lon="120.12074649"><ele>17.708</ele><time>2026-06-01T17:55:03Z</time><sat>10</sat></trkpt>
  <trkpt lat="30.26994269" lon="120.12074660"><ele>17.710</ele><time>2026-06-01T17:55:06Z</time><sat>10</sat></trkpt>
  <trkpt lat="30.26994278" lon="120.12074664"><ele>17.712</ele><time>2026-06-01T17:55:09Z</time><sat>8</sat></trkpt>
  <trkpt lat="30.26994292" lon="120.12074675"><ele>17.714</ele><time>2026-06-01T17:55:12Z</time><sat>9</sat></trkpt>
  <trkpt lat="30.26994295" lon="120.12074680"><ele>17.715</ele><time>2026-06-01T17:55:15Z</time><sat>10</sat></trkpt>
  <trkpt lat="30.26994298" lon="120.12074681"><ele>17.715</ele><time>2026-06-01T17:55:18Z</time><sat>10</sat></trkpt>
  <trkpt lat="30.26994391" lon="120.12074644"><ele>17.712</ele><time>2026-06-01T17:55:21Z</time><sat>10</sat></trkpt>
  <trkpt lat="30.26994397" lon="120.12074648"><ele>17.713</ele><time>2026-06-01T17:55:24Z</time><sat>11</sat></trkpt>
  <trkpt lat="30.26994402" lon="120.12074652"><ele>17.714</ele><time>2026-06-01T17:55:27Z</time><sat>10</sat></trkpt>
  <trkpt lat="30.26994408" lon="120.12074658"><ele>17.715</ele><time>2026-06-01T17:55:30Z</time><sat>11</sat></trkpt>
  <trkpt lat="30.26994468" lon="120.12074648"><ele>17.716</ele><time>2026-06-01T17:55:33Z</time><sat>11</sat></trkpt>
  <trkpt lat="30.26994485" lon="120.12074663"><ele>17.719</ele><time>2026-06-01T17:55:36Z</time><sat>11</sat></trkpt>
  <trkpt lat="30.26994488" lon="120.12074670"><ele>17.720</ele><time>2026-06-01T17:55:39Z</time><sat>9</sat></trkpt>
  <trkpt lat="30.26994514" lon="120.12074678"><ele>17.723</ele><time>2026-06-01T17:55:42Z</time><sat>10</sat></trkpt>
  <trkpt lat="30.26994515" lon="120.12074678"><ele>17.723</ele><time>2026-06-01T17:55:45Z</time><sat>10</sat></trkpt>
  <trkpt lat="30.26994517" lon="120.12074682"><ele>17.723</ele><time>2026-06-01T17:55:48Z</time><sat>10</sat></trkpt>
  <trkpt lat="30.26994529" lon="120.12074690"><ele>17.726</ele><time>2026-06-01T17:55:51Z</time><sat>10</sat></trkpt>
  <trkpt lat="30.26994538" lon="120.12074693"><ele>17.727</ele><time>2026-06-01T17:55:54Z</time><sat>8</sat></trkpt>
  <trkpt lat="30.26994549" lon="120.12074700"><ele>17.728</ele><time>2026-06-01T17:55:57Z</time><sat>9</sat></trkpt>
  <trkpt lat="30.26994563" lon="120.12074707"><ele>17.731</ele><time>2026-06-01T17:56:00Z</time><sat>9</sat></trkpt>
  <trkpt lat="30.26994576" lon="120.12074714"><ele>17.733</ele><time>2026-06-01T17:56:03Z</time><sat>8</sat></trkpt>
  <trkpt lat="30.26994637" lon="120.12074686"><ele>17.730</ele><time>2026-06-01T17:56:06Z</time><sat>8</sat></trkpt>
  <trkpt lat="30.26994641" lon="120.12074687"><ele>17.730</ele><time>2026-06-01T17:56:09Z</time><sat>10</sat></trkpt>
  <trkpt lat="30.26994647" lon="120.12074689"><ele>17.730</ele><time>2026-06-01T17:56:12Z</time><sat>9</sat></trkpt>
  <trkpt lat="30.26994629" lon="120.12074692"><ele>17.736</ele><time>2026-06-01T17:56:18Z</time><sat>9</sat></trkpt>
  <trkpt lat="30.26994635" lon="120.12074696"><ele>17.737</ele><time>2026-06-01T17:56:21Z</time><sat>11</sat></trkpt>
  <trkpt lat="30.26994636" lon="120.12074703"><ele>17.737</ele><time>2026-06-01T17:56:24Z</time><sat>12</sat></trkpt>
  <trkpt lat="30.26994636" lon="120.12074715"><ele>17.737</ele><time>2026-06-01T17:56:27Z</time><sat>9</sat></trkpt>
  <trkpt lat="30.26994788" lon="120.12074647"><ele>17.731</ele><time>2026-06-01T17:56:30Z</time><sat>11</sat></trkpt>
  <trkpt lat="30.26994796" lon="120.12074652"><ele>17.732</ele><time>2026-06-01T17:56:33Z</time><sat>12</sat></trkpt>
  <trkpt lat="30.26994805" lon="120.12074661"><ele>17.733</ele><time>2026-06-01T17:56:36Z</time><sat>10</sat></trkpt>
  <trkpt lat="30.26994815" lon="120.12074666"><ele>17.734</ele><time>2026-06-01T17:56:39Z</time><sat>9</sat></trkpt>
  <trkpt lat="30.26994826" lon="120.12074668"><ele>17.736</ele><time>2026-06-01T17:56:42Z</time><sat>11</sat></trkpt>
  <trkpt lat="30.26994839" lon="120.12074672"><ele>17.737</ele><time>2026-06-01T17:56:45Z</time><sat>11</sat></trkpt>
  <trkpt lat="30.26994856" lon="120.12074680"><ele>17.739</ele><time>2026-06-01T17:56:48Z</time><sat>9</sat></trkpt>
  <trkpt lat="30.26994860" lon="120.12074682"><ele>17.740</ele><time>2026-06-01T17:56:51Z</time><sat>8</sat></trkpt>
  <trkpt lat="30.26994867" lon="120.12074685"><ele>17.740</ele><time>2026-06-01T17:56:54Z</time><sat>9</sat></trkpt>
  <trkpt lat="30.26994871" lon="120.12074687"><ele>17.741</ele><time>2026-06-01T17:56:57Z</time><sat>9</sat></trkpt>
  <trkpt lat="30.26994869" lon="120.12074686"><ele>17.741</ele><time>2026-06-01T17:57:00Z</time><sat>8</sat></trkpt>
  <trkpt lat="30.26994883" lon="120.12074692"><ele>17.742</ele><time>2026-06-01T17:57:03Z</time><sat>8</sat></trkpt>
  <trkpt lat="30.26994880" lon="120.12074690"><ele>17.742</ele><time>2026-06-01T17:57:06Z</time><sat>8</sat></trkpt>
  <trkpt lat="30.26994891" lon="120.12074696"><ele>17.743</ele><time>2026-06-01T17:57:09Z</time><sat>10</sat></trkpt>
  <trkpt lat="30.26994898" lon="120.12074699"><ele>17.744</ele><time>2026-06-01T17:57:12Z</time><sat>11</sat></trkpt>
  <trkpt lat="30.26994903" lon="120.12074701"><ele>17.744</ele><time>2026-06-01T17:57:15Z</time><sat>10</sat></trkpt>
  <trkpt lat="30.26994913" lon="120.12074704"><ele>17.746</ele><time>2026-06-01T17:57:18Z</time><sat>10</sat></trkpt>
  <trkpt lat="30.26994917" lon="120.12074705"><ele>17.746</ele><time>2026-06-01T17:57:21Z</time><sat>8</sat></trkpt>
  <trkpt lat="30.26994926" lon="120.12074708"><ele>17.747</ele><time>2026-06-01T17:57:24Z</time><sat>7</sat></trkpt>
  <trkpt lat="30.26994928" lon="120.12074708"><ele>17.747</ele><time>2026-06-01T17:57:27Z</time><sat>8</sat></trkpt>
  <trkpt lat="30.26994934" lon="120.12074674"><ele>17.751</ele><time>2026-06-01T17:57:30Z</time><sat>7</sat></trkpt>
  <trkpt lat="30.26994939" lon="120.12074676"><ele>17.752</ele><time>2026-06-01T17:57:33Z</time><sat>7</sat></trkpt>
  <trkpt lat="30.26994945" lon="120.12074677"><ele>17.752</ele><time>2026-06-01T17:57:36Z</time><sat>8</sat></trkpt>
  <trkpt lat="30.26994946" lon="120.12074678"><ele>17.753</ele><time>2026-06-01T17:57:39Z</time><sat>8</sat></trkpt>
  <trkpt lat="30.26994947" lon="120.12074670"><ele>17.754</ele><time>2026-06-01T17:57:42Z</time><sat>8</sat></trkpt>
  <trkpt lat="30.26994951" lon="120.12074672"><ele>17.754</ele><time>2026-06-01T17:57:45Z</time><sat>7</sat></trkpt>
  <trkpt lat="30.26994958" lon="120.12074673"><ele>17.755</ele><time>2026-06-01T17:57:48Z</time><sat>9</sat></trkpt>
  <trkpt lat="30.26994964" lon="120.12074676"><ele>17.756</ele><time>2026-06-01T17:57:51Z</time><sat>8</sat></trkpt>
  <trkpt lat="30.26994970" lon="120.12074676"><ele>17.756</ele><time>2026-06-01T17:57:54Z</time><sat>7</sat></trkpt>
  <trkpt lat="30.26994971" lon="120.12074679"><ele>17.756</ele><time>2026-06-01T17:57:57Z</time><sat>9</sat></trkpt>
  <trkpt lat="30.26994973" lon="120.12074679"><ele>17.757</ele><time>2026-06-01T17:58:00Z</time><sat>9</sat></trkpt>
  <trkpt lat="30.26994975" lon="120.12074679"><ele>17.757</ele><time>2026-06-01T17:58:03Z</time><sat>10</sat></trkpt>
  <trkpt lat="30.26994977" lon="120.12074676"><ele>17.757</ele><time>2026-06-01T17:58:06Z</time><sat>9</sat></trkpt>
  <trkpt lat="30.26994977" lon="120.12074677"><ele>17.757</ele><time>2026-06-01T17:58:09Z</time><sat>10</sat></trkpt>
  <trkpt lat="30.26994978" lon="120.12074677"><ele>17.757</ele><time>2026-06-01T17:58:12Z</time><sat>12</sat></trkpt>
  <trkpt lat="30.26994978" lon="120.12074677"><ele>17.757</ele><time>2026-06-01T17:58:15Z</time><sat>10</sat></trkpt>
  <trkpt lat="30.26994975" lon="120.12074682"><ele>17.757</ele><time>2026-06-01T17:58:18Z</time><sat>8</sat></trkpt>
  <trkpt lat="30.26994977" lon="120.12074683"><ele>17.757</ele><time>2026-06-01T17:58:21Z</time><sat>8</sat></trkpt>
  <trkpt lat="30.26994978" lon="120.12074680"><ele>17.757</ele><time>2026-06-01T17:58:24Z</time><sat>11</sat></trkpt>
  <trkpt lat="30.26994986" lon="120.12074672"><ele>17.758</ele><time>2026-06-01T17:58:27Z</time><sat>12</sat></trkpt>
  <trkpt lat="30.26994986" lon="120.12074669"><ele>17.759</ele><time>2026-06-01T17:58:30Z</time><sat>11</sat></trkpt>
  <trkpt lat="30.26994987" lon="120.12074668"><ele>17.758</ele><time>2026-06-01T17:58:33Z</time><sat>9</sat></trkpt>
  <trkpt lat="30.26994993" lon="120.12074660"><ele>17.759</ele><time>2026-06-01T17:58:36Z</time><sat>10</sat></trkpt>
  <trkpt lat="30.26994994" lon="120.12074656"><ele>17.760</ele><time>2026-06-01T17:58:39Z</time><sat>12</sat></trkpt>
  <trkpt lat="30.26994997" lon="120.12074654"><ele>17.760</ele><time>2026-06-01T17:58:42Z</time><sat>12</sat></trkpt>
  <trkpt lat="30.26994996" lon="120.12074654"><ele>17.760</ele><time>2026-06-01T17:58:45Z</time><sat>9</sat></trkpt>
  <trkpt lat="30.26994999" lon="120.12074649"><ele>17.761</ele><time>2026-06-01T17:58:48Z</time><sat>8</sat></trkpt>
  <trkpt lat="30.26994997" lon="120.12074653"><ele>17.760</ele><time>2026-06-01T17:58:51Z</time><sat>11</sat></trkpt>
  <trkpt lat="30.26994997" lon="120.12074655"><ele>17.760</ele><time>2026-06-01T17:58:54Z</time><sat>10</sat></trkpt>
  <trkpt lat="30.26995004" lon="120.12074655"><ele>17.761</ele><time>2026-06-01T17:58:57Z</time><sat>9</sat></trkpt>
  <trkpt lat="30.26995009" lon="120.12074648"><ele>17.762</ele><time>2026-06-01T17:59:00Z</time><sat>9</sat></trkpt>
  <trkpt lat="30.26995008" lon="120.12074643"><ele>17.762</ele><time>2026-06-01T17:59:03Z</time><sat>12</sat></trkpt>
  <trkpt lat="30.26995015" lon="120.12074642"><ele>17.763</ele><time>2026-06-01T17:59:06Z</time><sat>12</sat></trkpt>
  <trkpt lat="30.26995021" lon="120.12074641"><ele>17.764</ele><time>2026-06-01T17:59:09Z</time><sat>8</sat></trkpt>
  <trkpt lat="30.26995024" lon="120.12074643"><ele>17.764</ele><time>2026-06-01T17:59:12Z</time><sat>8</sat></trkpt>
  <trkpt lat="30.26995022" lon="120.12074640"><ele>17.764</ele><time>2026-06-01T17:59:15Z</time><sat>10</sat></trkpt>
  <trkpt lat="30.26995029" lon="120.12074639"><ele>17.765</ele><time>2026-06-01T17:59:18Z</time><sat>10</sat></trkpt>
  <trkpt lat="30.26995033" lon="120.12074638"><ele>17.766</ele><time>2026-06-01T17:59:21Z</time><sat>7</sat></trkpt>
  <trkpt lat="30.26995041" lon="120.12074642"><ele>17.767</ele><time>2026-06-01T17:59:24Z</time><sat>8</sat></trkpt>
  <trkpt lat="30.26995044" lon="120.12074641"><ele>17.768</ele><time>2026-06-01T17:59:27Z</time><sat>8</sat></trkpt>
  <trkpt lat="30.26995053" lon="120.12074642"><ele>17.769</ele><time>2026-06-01T17:59:30Z</time><sat>7</sat></trkpt>
  <trkpt lat="30.26995063" lon="120.12074642"><ele>17.770</ele><time>2026-06-01T17:59:33Z</time><sat>7</sat></trkpt>
  <trkpt lat="30.26995065" lon="120.12074640"><ele>17.771</ele><time>2026-06-01T17:59:36Z</time><sat>9</sat></trkpt>
  <trkpt lat="30.26995080" lon="120.12074638"><ele>17.772</ele><time>2026-06-01T17:59:39Z</time><sat>8</sat></trkpt>
  <trkpt lat="30.26995088" lon="120.12074635"><ele>17.774</ele><time>2026-06-01T17:59:42Z</time><sat>8</sat></trkpt>
  <trkpt lat="30.26995097" lon="120.12074635"><ele>17.775</ele><time>2026-06-01T17:59:45Z</time><sat>7</sat></trkpt>
  <trkpt lat="30.26995107" lon="120.12074636"><ele>17.776</ele><time>2026-06-01T17:59:48Z</time><sat>6</sat></trkpt>
  <trkpt lat="30.26995109" lon="120.12074637"><ele>17.776</ele><time>2026-06-01T17:59:51Z</time><sat>8</sat></trkpt>
  <trkpt lat="30.26995112" lon="120.12074640"><ele>17.776</ele><time>2026-06-01T17:59:54Z</time><sat>9</sat></trkpt>
  <trkpt lat="30.26995116" lon="120.12074639"><ele>17.777</ele><time>2026-06-01T17:59:57Z</time><sat>9</sat></trkpt>
  <trkpt lat="30.26995125" lon="120.12074633"><ele>17.779</ele><time>2026-06-01T18:00:00Z</time><sat>10</sat></trkpt>
  <trkpt lat="30.26995129" lon="120.12074635"><ele>17.779</ele><time>2026-06-01T18:00:03Z</time><sat>9</sat></trkpt>
  <trkpt lat="30.26995137" lon="120.12074631"><ele>17.780</ele><time>2026-06-01T18:00:06Z</time><sat>7</sat></trkpt>
  <trkpt lat="30.26995145" lon="120.12074626"><ele>17.782</ele><time>2026-06-01T18:00:09Z</time><sat>8</sat></trkpt>
  <trkpt lat="30.26995148" lon="120.12074620"><ele>17.783</ele><time>2026-06-01T18:00:12Z</time><sat>9</sat></trkpt>
  <trkpt lat="30.26995150" lon="120.12074619"><ele>17.783</ele><time>2026-06-01T18:00:15Z</time><sat>10</sat></trkpt>
  <trkpt lat="30.26995159" lon="120.12074615"><ele>17.784</ele><time>2026-06-01T18:00:18Z</time><sat>10</sat></trkpt>
  <trkpt lat="30.26995163" lon="120.12074611"><ele>17.785</ele><time>2026-06-01T18:00:21Z</time><sat>11</sat></trkpt>
  <trkpt lat="30.26995172" lon="120.12074606"><ele>17.787</ele><time>2026-06-01T18:00:24Z</time><sat>13</sat></trkpt>
  <trkpt lat="30.26995176" lon="120.12074604"><ele>17.787</ele><time>2026-06-01T18:00:27Z</time><sat>9</sat></trkpt>
  <trkpt lat="30.26995182" lon="120.12074605"><ele>17.788</ele><time>2026-06-01T18:00:30Z</time><sat>8</sat></trkpt>
  <trkpt lat="30.26995189" lon="120.12074604"><ele>17.789</ele><time>2026-06-01T18:00:33Z</time><sat>12</sat></trkpt>
  <trkpt lat="30.26995191" lon="120.12074599"><ele>17.790</ele><time>2026-06-01T18:00:36Z</time><sat>12</sat></trkpt>
  <trkpt lat="30.26995193" lon="120.12074593"><ele>17.790</ele><time>2026-06-01T18:00:39Z</time><sat>8</sat></trkpt>
  <trkpt lat="30.26995195" lon="120.12074593"><ele>17.791</ele><time>2026-06-01T18:00:42Z</time><sat>10</sat></trkpt>
  <trkpt lat="30.26995196" lon="120.12074587"><ele>17.791</ele><time>2026-06-01T18:00:45Z</time><sat>10</sat></trkpt>
  <trkpt lat="30.26995198" lon="120.12074583"><ele>17.792</ele><time>2026-06-01T18:00:48Z</time><sat>9</sat></trkpt>
  <trkpt lat="30.26995197" lon="120.12074578"><ele>17.792</ele><time>2026-06-01T18:00:51Z</time><sat>9</sat></trkpt>
  <trkpt lat="30.26995197" lon="120.12074579"><ele>17.793</ele><time>2026-06-01T18:00:54Z</time><sat>8</sat></trkpt>
  <trkpt lat="30.26995199" lon="120.12074581"><ele>17.793</ele><time>2026-06-01T18:00:57Z</time><sat>9</sat></trkpt>
  <trkpt lat="30.26995202" lon="120.12074574"><ele>17.794</ele><time>2026-06-01T18:01:00Z</time><sat>9</sat></trkpt>
  <trkpt lat="30.26995203" lon="120.12074573"><ele>17.794</ele><time>2026-06-01T18:01:03Z</time><sat>7</sat></trkpt>
  <trkpt lat="30.26995205" lon="120.12074569"><ele>17.795</ele><time>2026-06-01T18:01:06Z</time><sat>7</sat></trkpt>
  <trkpt lat="30.26995205" lon="120.12074561"><ele>17.796</ele><time>2026-06-01T18:01:09Z</time><sat>8</sat></trkpt>
  <trkpt lat="30.26995205" lon="120.12074561"><ele>17.795</ele><time>2026-06-01T18:01:12Z</time><sat>8</sat></trkpt>
  <trkpt lat="30.26995208" lon="120.12074552"><ele>17.796</ele><time>2026-06-01T18:01:15Z</time><sat>9</sat></trkpt>
  <trkpt lat="30.26995210" lon="120.12074549"><ele>17.797</ele><time>2026-06-01T18:01:18Z</time><sat>9</sat></trkpt>
  <trkpt lat="30.26995212" lon="120.12074538"><ele>17.798</ele><time>2026-06-01T18:01:21Z</time><sat>6</sat></trkpt>
  <trkpt lat="30.26995220" lon="120.12074515"><ele>17.799</ele><time>2026-06-01T18:01:24Z</time><sat>7</sat></trkpt>
  <trkpt lat="30.26995223" lon="120.12074508"><ele>17.800</ele><time>2026-06-01T18:01:27Z</time><sat>11</sat></trkpt>
  <trkpt lat="30.26995225" lon="120.12074500"><ele>17.801</ele><time>2026-06-01T18:01:30Z</time><sat>11</sat></trkpt>
  <trkpt lat="30.26995230" lon="120.12074493"><ele>17.801</ele><time>2026-06-01T18:01:33Z</time><sat>5</sat></trkpt>
  <trkpt lat="30.26995234" lon="120.12074494"><ele>17.801</ele><time>2026-06-01T18:01:36Z</time><sat>7</sat></trkpt>
  <trkpt lat="30.26995236" lon="120.12074492"><ele>17.802</ele><time>2026-06-01T18:01:39Z</time><sat>10</sat></trkpt>
  <trkpt lat="30.26995239" lon="120.12074487"><ele>17.802</ele><time>2026-06-01T18:01:42Z</time><sat>8</sat></trkpt>
  <trkpt lat="30.26995240" lon="120.12074485"><ele>17.802</ele><time>2026-06-01T18:01:45Z</time><sat>5</sat></trkpt>
  <trkpt lat="30.26995243" lon="120.12074482"><ele>17.803</ele><time>2026-06-01T18:01:48Z</time><sat>7</sat></trkpt>
  <trkpt lat="30.26995246" lon="120.12074477"><ele>17.803</ele><time>2026-06-01T18:01:51Z</time><sat>9</sat></trkpt>
  <trkpt lat="30.26995247" lon="120.12074478"><ele>17.803</ele><time>2026-06-01T18:01:54Z</time><sat>9</sat></trkpt>
  <trkpt lat="30.26995248" lon="120.12074474"><ele>17.804</ele><time>2026-06-01T18:01:57Z</time><sat>7</sat></trkpt>
  <trkpt lat="30.26995250" lon="120.12074473"><ele>17.804</ele><time>2026-06-01T18:02:00Z</time><sat>7</sat></trkpt>
  <trkpt lat="30.26995252" lon="120.12074472"><ele>17.804</ele><time>2026-06-01T18:02:03Z</time><sat>9</sat></trkpt>
  <trkpt lat="30.26995275" lon="120.12074452"><ele>17.804</ele><time>2026-06-01T18:02:06Z</time><sat>9</sat></trkpt>
  <trkpt lat="30.26995283" lon="120.12074447"><ele>17.805</ele><time>2026-06-01T18:02:09Z</time><sat>9</sat></trkpt>
  <trkpt lat="30.26995288" lon="120.12074443"><ele>17.806</ele><time>2026-06-01T18:02:12Z</time><sat>9</sat></trkpt>
  <trkpt lat="30.26995301" lon="120.12074430"><ele>17.806</ele><time>2026-06-01T18:02:15Z</time><sat>12</sat></trkpt>
  <trkpt lat="30.26995309" lon="120.12074428"><ele>17.807</ele><time>2026-06-01T18:02:18Z</time><sat>11</sat></trkpt>
  <trkpt lat="30.26995326" lon="120.12074418"><ele>17.808</ele><time>2026-06-01T18:02:21Z</time><sat>9</sat></trkpt>
  <trkpt lat="30.26995347" lon="120.12074403"><ele>17.808</ele><time>2026-06-01T18:02:24Z</time><sat>9</sat></trkpt>
  <trkpt lat="30.26995357" lon="120.12074396"><ele>17.808</ele><time>2026-06-01T18:02:27Z</time><sat>11</sat></trkpt>
  <trkpt lat="30.26995363" lon="120.12074397"><ele>17.809</ele><time>2026-06-01T18:02:30Z</time><sat>12</sat></trkpt>
  <trkpt lat="30.26995366" lon="120.12074396"><ele>17.809</ele><time>2026-06-01T18:02:33Z</time><sat>11</sat></trkpt>
  <trkpt lat="30.26995363" lon="120.12074399"><ele>17.809</ele><time>2026-06-01T18:02:36Z</time><sat>10</sat></trkpt>
  <trkpt lat="30.26995358" lon="120.12074404"><ele>17.809</ele><time>2026-06-01T18:02:39Z</time><sat>9</sat></trkpt>
  <trkpt lat="30.26995353" lon="120.12074405"><ele>17.809</ele><time>2026-06-01T18:02:42Z</time><sat>11</sat></trkpt>
  <trkpt lat="30.26995357" lon="120.12074403"><ele>17.809</ele><time>2026-06-01T18:02:45Z</time><sat>10</sat></trkpt>
  <trkpt lat="30.26995357" lon="120.12074403"><ele>17.809</ele><time>2026-06-01T18:02:48Z</time><sat>8</sat></trkpt>
  <trkpt lat="30.26995358" lon="120.12074401"><ele>17.810</ele><time>2026-06-01T18:02:51Z</time><sat>12</sat></trkpt>
  <trkpt lat="30.26995360" lon="120.12074399"><ele>17.810</ele><time>2026-06-01T18:02:54Z</time><sat>11</sat></trkpt>
  <trkpt lat="30.26995364" lon="120.12074395"><ele>17.811</ele><time>2026-06-01T18:02:57Z</time><sat>10</sat></trkpt>
  <trkpt lat="30.26995368" lon="120.12074393"><ele>17.811</ele><time>2026-06-01T18:03:00Z</time><sat>8</sat></trkpt>
  <trkpt lat="30.26995377" lon="120.12074394"><ele>17.812</ele><time>2026-06-01T18:03:03Z</time><sat>10</sat></trkpt>
  <trkpt lat="30.26995380" lon="120.12074391"><ele>17.812</ele><time>2026-06-01T18:03:06Z</time><sat>11</sat></trkpt>
  <trkpt lat="30.26995385" lon="120.12074388"><ele>17.813</ele><time>2026-06-01T18:03:09Z</time><sat>9</sat></trkpt>
  <trkpt lat="30.26995401" lon="120.12074384"><ele>17.812</ele><time>2026-06-01T18:03:12Z</time><sat>9</sat></trkpt>
  <trkpt lat="30.26995399" lon="120.12074381"><ele>17.812</ele><time>2026-06-01T18:03:15Z</time><sat>9</sat></trkpt>
  <trkpt lat="30.26995396" lon="120.12074379"><ele>17.811</ele><time>2026-06-01T18:03:18Z</time><sat>11</sat></trkpt>
  <trkpt lat="30.26995393" lon="120.12074378"><ele>17.811</ele><time>2026-06-01T18:03:21Z</time><sat>9</sat></trkpt>
  <trkpt lat="30.26995408" lon="120.12074391"><ele>17.815</ele><time>2026-06-01T18:03:24Z</time><sat>8</sat></trkpt>
  <trkpt lat="30.26995411" lon="120.12074391"><ele>17.815</ele><time>2026-06-01T18:03:27Z</time><sat>9</sat></trkpt>
  <trkpt lat="30.26995413" lon="120.12074391"><ele>17.815</ele><time>2026-06-01T18:03:30Z</time><sat>8</sat></trkpt>
  <trkpt lat="30.26995416" lon="120.12074390"><ele>17.815</ele><time>2026-06-01T18:03:33Z</time><sat>7</sat></trkpt>
  <trkpt lat="30.26995414" lon="120.12074389"><ele>17.815</ele><time>2026-06-01T18:03:36Z</time><sat>8</sat></trkpt>
  <trkpt lat="30.26995411" lon="120.12074387"><ele>17.814</ele><time>2026-06-01T18:03:39Z</time><sat>7</sat></trkpt>
  <trkpt lat="30.26995412" lon="120.12074387"><ele>17.814</ele><time>2026-06-01T18:03:42Z</time><sat>8</sat></trkpt>
  <trkpt lat="30.26995422" lon="120.12074393"><ele>17.817</ele><time>2026-06-01T18:03:45Z</time><sat>9</sat></trkpt>
  <trkpt lat="30.26995426" lon="120.12074395"><ele>17.817</ele><time>2026-06-01T18:03:48Z</time><sat>9</sat></trkpt>
  <trkpt lat="30.26995424" lon="120.12074397"><ele>17.817</ele><time>2026-06-01T18:03:51Z</time><sat>8</sat></trkpt>
  <trkpt lat="30.26995425" lon="120.12074398"><ele>17.817</ele><time>2026-06-01T18:03:54Z</time><sat>7</sat></trkpt>
  <trkpt lat="30.26995425" lon="120.12074397"><ele>17.817</ele><time>2026-06-01T18:03:57Z</time><sat>8</sat></trkpt>
  <trkpt lat="30.26995426" lon="120.12074398"><ele>17.818</ele><time>2026-06-01T18:04:00Z</time><sat>8</sat></trkpt>
  <trkpt lat="30.26995427" lon="120.12074397"><ele>17.818</ele><time>2026-06-01T18:04:03Z</time><sat>7</sat></trkpt>
  <trkpt lat="30.26995428" lon="120.12074399"><ele>17.818</ele><time>2026-06-01T18:04:06Z</time><sat>8</sat></trkpt>
  <trkpt lat="30.26995429" lon="120.12074397"><ele>17.818</ele><time>2026-06-01T18:04:09Z</time><sat>11</sat></trkpt>
  <trkpt lat="30.26995430" lon="120.12074397"><ele>17.818</ele><time>2026-06-01T18:04:12Z</time><sat>9</sat></trkpt>
  <trkpt lat="30.26995372" lon="120.12074393"><ele>17.821</ele><time>2026-06-01T18:04:15Z</time><sat>6</sat></trkpt>
  <trkpt lat="30.26995370" lon="120.12074395"><ele>17.820</ele><time>2026-06-01T18:04:18Z</time><sat>8</sat></trkpt>
  <trkpt lat="30.26995369" lon="120.12074392"><ele>17.820</ele><time>2026-06-01T18:04:21Z</time><sat>11</sat></trkpt>
  <trkpt lat="30.26995368" lon="120.12074390"><ele>17.819</ele><time>2026-06-01T18:04:24Z</time><sat>12</sat></trkpt>
  <trkpt lat="30.26995270" lon="120.12074381"><ele>17.823</ele><time>2026-06-01T18:04:27Z</time><sat>8</sat></trkpt>
  <trkpt lat="30.26995275" lon="120.12074379"><ele>17.824</ele><time>2026-06-01T18:04:30Z</time><sat>10</sat></trkpt>
  <trkpt lat="30.26995281" lon="120.12074382"><ele>17.824</ele><time>2026-06-01T18:04:33Z</time><sat>10</sat></trkpt>
  <trkpt lat="30.26995285" lon="120.12074383"><ele>17.824</ele><time>2026-06-01T18:04:36Z</time><sat>7</sat></trkpt>
  <trkpt lat="30.26995281" lon="120.12074370"><ele>17.822</ele><time>2026-06-01T18:04:39Z</time><sat>6</sat></trkpt>
  <trkpt lat="30.26995284" lon="120.12074367"><ele>17.822</ele><time>2026-06-01T18:04:42Z</time><sat>10</sat></trkpt>
  <trkpt lat="30.26995285" lon="120.12074367"><ele>17.822</ele><time>2026-06-01T18:04:45Z</time><sat>10</sat></trkpt>
  <trkpt lat="30.26995285" lon="120.12074360"><ele>17.820</ele><time>2026-06-01T18:04:48Z</time><sat>5</sat></trkpt>
  <trkpt lat="30.26995286" lon="120.12074358"><ele>17.819</ele><time>2026-06-01T18:04:51Z</time><sat>8</sat></trkpt>
  <trkpt lat="30.26995289" lon="120.12074359"><ele>17.819</ele><time>2026-06-01T18:04:54Z</time><sat>9</sat></trkpt>
  <trkpt lat="30.26995292" lon="120.12074360"><ele>17.820</ele><time>2026-06-01T18:04:57Z</time><sat>6</sat></trkpt>
  <trkpt lat="30.26995293" lon="120.12074360"><ele>17.820</ele><time>2026-06-01T18:05:00Z</time><sat>5</sat></trkpt>
  <trkpt lat="30.26995295" lon="120.12074361"><ele>17.820</ele><time>2026-06-01T18:05:03Z</time><sat>5</sat></trkpt>
  <trkpt lat="30.26995295" lon="120.12074360"><ele>17.820</ele><time>2026-06-01T18:05:06Z</time><sat>5</sat></trkpt>
  <trkpt lat="30.26995296" lon="120.12074361"><ele>17.820</ele><time>2026-06-01T18:05:09Z</time><sat>6</sat></trkpt>
  <trkpt lat="30.26995297" lon="120.12074361"><ele>17.820</ele><time>2026-06-01T18:05:12Z</time><sat>6</sat></trkpt>
  <trkpt lat="30.26995298" lon="120.12074361"><ele>17.820</ele><time>2026-06-01T18:05:15Z</time><sat>6</sat></trkpt>
  <trkpt lat="30.26995298" lon="120.12074361"><ele>17.820</ele><time>2026-06-01T18:05:18Z</time><sat>4</sat></trkpt>
  <trkpt lat="30.26995297" lon="120.12074360"><ele>17.820</ele><time>2026-06-01T18:05:21Z</time><sat>5</sat></trkpt>
  <trkpt lat="30.26995293" lon="120.12074357"><ele>17.819</ele><time>2026-06-01T18:05:24Z</time><sat>7</sat></trkpt>
  <trkpt lat="30.26995292" lon="120.12074357"><ele>17.819</ele><time>2026-06-01T18:05:27Z</time><sat>8</sat></trkpt>
  <trkpt lat="30.26995291" lon="120.12074356"><ele>17.819</ele><time>2026-06-01T18:05:30Z</time><sat>5</sat></trkpt>
  <trkpt lat="30.26995288" lon="120.12074354"><ele>17.818</ele><time>2026-06-01T18:05:33Z</time><sat>7</sat></trkpt>
  <trkpt lat="30.26995292" lon="120.12074357"><ele>17.819</ele><time>2026-06-01T18:05:36Z</time><sat>8</sat></trkpt>
  <trkpt lat="30.26995295" lon="120.12074358"><ele>17.820</ele><time>2026-06-01T18:05:39Z</time><sat>7</sat></trkpt>
  <trkpt lat="30.26995296" lon="120.12074358"><ele>17.821</ele><time>2026-06-01T18:05:42Z</time><sat>8</sat></trkpt>
  <trkpt lat="30.26995297" lon="120.12074359"><ele>17.821</ele><time>2026-06-01T18:05:45Z</time><sat>8</sat></trkpt>
  <trkpt lat="30.26995298" lon="120.12074360"><ele>17.821</ele><time>2026-06-01T18:05:48Z</time><sat>9</sat></trkpt>
  <trkpt lat="30.26995298" lon="120.12074360"><ele>17.821</ele><time>2026-06-01T18:05:51Z</time><sat>9</sat></trkpt>
  <trkpt lat="30.26995303" lon="120.12074359"><ele>17.822</ele><time>2026-06-01T18:05:54Z</time><sat>8</sat></trkpt>
  <trkpt lat="30.26995304" lon="120.12074359"><ele>17.822</ele><time>2026-06-01T18:05:57Z</time><sat>9</sat></trkpt>
  <trkpt lat="30.26995305" lon="120.12074357"><ele>17.822</ele><time>2026-06-01T18:06:00Z</time><sat>8</sat></trkpt>
  <trkpt lat="30.26995317" lon="120.12074353"><ele>17.824</ele><time>2026-06-01T18:06:03Z</time><sat>5</sat></trkpt>
  <trkpt lat="30.26995321" lon="120.12074355"><ele>17.824</ele><time>2026-06-01T18:06:06Z</time><sat>5</sat></trkpt>
  <trkpt lat="30.26995329" lon="120.12074335"><ele>17.827</ele><time>2026-06-01T18:06:09Z</time><sat>8</sat></trkpt>
  <trkpt lat="30.26995335" lon="120.12074340"><ele>17.828</ele><time>2026-06-01T18:06:12Z</time><sat>11</sat></trkpt>
  <trkpt lat="30.26995336" lon="120.12074342"><ele>17.828</ele><time>2026-06-01T18:06:15Z</time><sat>9</sat></trkpt>
  <trkpt lat="30.26995337" lon="120.12074342"><ele>17.828</ele><time>2026-06-01T18:06:18Z</time><sat>9</sat></trkpt>
  <trkpt lat="30.26995313" lon="120.12074358"><ele>17.829</ele><time>2026-06-01T18:06:21Z</time><sat>9</sat></trkpt>
  <trkpt lat="30.26995314" lon="120.12074355"><ele>17.829</ele><time>2026-06-01T18:06:24Z</time><sat>10</sat></trkpt>
  <trkpt lat="30.26995315" lon="120.12074357"><ele>17.829</ele><time>2026-06-01T18:06:27Z</time><sat>11</sat></trkpt>
  <trkpt lat="30.26995317" lon="120.12074355"><ele>17.830</ele><time>2026-06-01T18:06:30Z</time><sat>10</sat></trkpt>
  <trkpt lat="30.26995332" lon="120.12074361"><ele>17.834</ele><time>2026-06-01T18:06:33Z</time><sat>9</sat></trkpt>
  <trkpt lat="30.26995336" lon="120.12074371"><ele>17.834</ele><time>2026-06-01T18:06:36Z</time><sat>12</sat></trkpt>
  <trkpt lat="30.26995351" lon="120.12074370"><ele>17.838</ele><time>2026-06-01T18:06:39Z</time><sat>12</sat></trkpt>
  <trkpt lat="30.26995361" lon="120.12074372"><ele>17.840</ele><time>2026-06-01T18:06:42Z</time><sat>12</sat></trkpt>
  <trkpt lat="30.26995380" lon="120.12074390"><ele>17.844</ele><time>2026-06-01T18:06:45Z</time><sat>12</sat></trkpt>
  <trkpt lat="30.26995395" lon="120.12074401"><ele>17.845</ele><time>2026-06-01T18:06:48Z</time><sat>13</sat></trkpt>
  <trkpt lat="30.26995398" lon="120.12074403"><ele>17.846</ele><time>2026-06-01T18:06:51Z</time><sat>14</sat></trkpt>
  <trkpt lat="30.26995415" lon="120.12074401"><ele>17.850</ele><time>2026-06-01T18:06:54Z</time><sat>13</sat></trkpt>
  <trkpt lat="30.26995418" lon="120.12074391"><ele>17.852</ele><time>2026-06-01T18:06:57Z</time><sat>11</sat></trkpt>
  <trkpt lat="30.26995429" lon="120.12074392"><ele>17.854</ele><time>2026-06-01T18:07:00Z</time><sat>12</sat></trkpt>
  <trkpt lat="30.26995440" lon="120.12074398"><ele>17.856</ele><time>2026-06-01T18:07:03Z</time><sat>13</sat></trkpt>
  <trkpt lat="30.26995449" lon="120.12074386"><ele>17.857</ele><time>2026-06-01T18:07:06Z</time><sat>10</sat></trkpt>
  <trkpt lat="30.26995459" lon="120.12074386"><ele>17.859</ele><time>2026-06-01T18:07:09Z</time><sat>10</sat></trkpt>
  <trkpt lat="30.26995477" lon="120.12074390"><ele>17.861</ele><time>2026-06-01T18:07:12Z</time><sat>12</sat></trkpt>
  <trkpt lat="30.26995491" lon="120.12074394"><ele>17.862</ele><time>2026-06-01T18:07:15Z</time><sat>11</sat></trkpt>
  <trkpt lat="30.26995506" lon="120.12074399"><ele>17.863</ele><time>2026-06-01T18:07:18Z</time><sat>9</sat></trkpt>
  <trkpt lat="30.26995514" lon="120.12074399"><ele>17.864</ele><time>2026-06-01T18:07:21Z</time><sat>9</sat></trkpt>
  <trkpt lat="30.26995529" lon="120.12074400"><ele>17.866</ele><time>2026-06-01T18:07:24Z</time><sat>10</sat></trkpt>
  <trkpt lat="30.26995541" lon="120.12074398"><ele>17.867</ele><time>2026-06-01T18:07:27Z</time><sat>11</sat></trkpt>
  <trkpt lat="30.26995545" lon="120.12074408"><ele>17.868</ele><time>2026-06-01T18:07:30Z</time><sat>10</sat></trkpt>
  <trkpt lat="30.26995552" lon="120.12074415"><ele>17.868</ele><time>2026-06-01T18:07:33Z</time><sat>11</sat></trkpt>
  <trkpt lat="30.26995559" lon="120.12074416"><ele>17.869</ele><time>2026-06-01T18:07:36Z</time><sat>12</sat></trkpt>
  <trkpt lat="30.26995567" lon="120.12074416"><ele>17.870</ele><time>2026-06-01T18:07:39Z</time><sat>11</sat></trkpt>
  <trkpt lat="30.26995577" lon="120.12074413"><ele>17.872</ele><time>2026-06-01T18:07:42Z</time><sat>10</sat></trkpt>
  <trkpt lat="30.26995576" lon="120.12074424"><ele>17.871</ele><time>2026-06-01T18:07:45Z</time><sat>12</sat></trkpt>
  <trkpt lat="30.26995574" lon="120.12074418"><ele>17.871</ele><time>2026-06-01T18:07:48Z</time><sat>12</sat></trkpt>
  <trkpt lat="30.26995584" lon="120.12074408"><ele>17.870</ele><time>2026-06-01T18:07:51Z</time><sat>13</sat></trkpt>
  <trkpt lat="30.26995591" lon="120.12074403"><ele>17.871</ele><time>2026-06-01T18:07:54Z</time><sat>14</sat></trkpt>
  <trkpt lat="30.26995592" lon="120.12074396"><ele>17.870</ele><time>2026-06-01T18:07:57Z</time><sat>12</sat></trkpt>
  <trkpt lat="30.26995583" lon="120.12074385"><ele>17.870</ele><time>2026-06-01T18:08:00Z</time><sat>12</sat></trkpt>
  <trkpt lat="30.26995599" lon="120.12074388"><ele>17.872</ele><time>2026-06-01T18:08:03Z</time><sat>10</sat></trkpt>
  <trkpt lat="30.26995618" lon="120.12074394"><ele>17.876</ele><time>2026-06-01T18:08:06Z</time><sat>13</sat></trkpt>
  <trkpt lat="30.26995637" lon="120.12074390"><ele>17.877</ele><time>2026-06-01T18:08:09Z</time><sat>13</sat></trkpt>
  <trkpt lat="30.26995644" lon="120.12074388"><ele>17.878</ele><time>2026-06-01T18:08:12Z</time><sat>14</sat></trkpt>
  <trkpt lat="30.26995653" lon="120.12074395"><ele>17.880</ele><time>2026-06-01T18:08:15Z</time><sat>14</sat></trkpt>
  <trkpt lat="30.26995658" lon="120.12074405"><ele>17.881</ele><time>2026-06-01T18:08:18Z</time><sat>11</sat></trkpt>
  <trkpt lat="30.26995660" lon="120.12074403"><ele>17.881</ele><time>2026-06-01T18:08:21Z</time><sat>12</sat></trkpt>
  <trkpt lat="30.26995666" lon="120.12074404"><ele>17.882</ele><time>2026-06-01T18:08:24Z</time><sat>14</sat></trkpt>
  <trkpt lat="30.26995681" lon="120.12074403"><ele>17.884</ele><time>2026-06-01T18:08:27Z</time><sat>11</sat></trkpt>
  <trkpt lat="30.26995685" lon="120.12074416"><ele>17.884</ele><time>2026-06-01T18:08:30Z</time><sat>11</sat></trkpt>
  <trkpt lat="30.26995693" lon="120.12074427"><ele>17.886</ele><time>2026-06-01T18:08:33Z</time><sat>14</sat></trkpt>
  <trkpt lat="30.26995696" lon="120.12074433"><ele>17.887</ele><time>2026-06-01T18:08:36Z</time><sat>14</sat></trkpt>
  <trkpt lat="30.26995700" lon="120.12074431"><ele>17.888</ele><time>2026-06-01T18:08:39Z</time><sat>12</sat></trkpt>
  <trkpt lat="30.26995707" lon="120.12074426"><ele>17.889</ele><time>2026-06-01T18:08:42Z</time><sat>10</sat></trkpt>
  <trkpt lat="30.26995717" lon="120.12074424"><ele>17.891</ele><time>2026-06-01T18:08:45Z</time><sat>13</sat></trkpt>
  <trkpt lat="30.26995727" lon="120.12074423"><ele>17.894</ele><time>2026-06-01T18:08:48Z</time><sat>10</sat></trkpt>
  <trkpt lat="30.26995736" lon="120.12074423"><ele>17.895</ele><time>2026-06-01T18:08:51Z</time><sat>10</sat></trkpt>
  <trkpt lat="30.26995734" lon="120.12074415"><ele>17.895</ele><time>2026-06-01T18:08:54Z</time><sat>12</sat></trkpt>
  <trkpt lat="30.26995735" lon="120.12074414"><ele>17.896</ele><time>2026-06-01T18:08:57Z</time><sat>10</sat></trkpt>
  <trkpt lat="30.26995739" lon="120.12074411"><ele>17.897</ele><time>2026-06-01T18:09:00Z</time><sat>10</sat></trkpt>
  <trkpt lat="30.26995749" lon="120.12074405"><ele>17.899</ele><time>2026-06-01T18:09:03Z</time><sat>11</sat></trkpt>
  <trkpt lat="30.26995758" lon="120.12074402"><ele>17.901</ele><time>2026-06-01T18:09:06Z</time><sat>12</sat></trkpt>
  <trkpt lat="30.26995766" lon="120.12074399"><ele>17.903</ele><time>2026-06-01T18:09:09Z</time><sat>11</sat></trkpt>
  <trkpt lat="30.26995773" lon="120.12074394"><ele>17.904</ele><time>2026-06-01T18:09:12Z</time><sat>12</sat></trkpt>
  <trkpt lat="30.26995783" lon="120.12074388"><ele>17.906</ele><time>2026-06-01T18:09:15Z</time><sat>13</sat></trkpt>
  <trkpt lat="30.26995798" lon="120.12074383"><ele>17.908</ele><time>2026-06-01T18:09:18Z</time><sat>12</sat></trkpt>
  <trkpt lat="30.26995812" lon="120.12074381"><ele>17.910</ele><time>2026-06-01T18:09:21Z</time><sat>11</sat></trkpt>
  <trkpt lat="30.26995823" lon="120.12074382"><ele>17.912</ele><time>2026-06-01T18:09:24Z</time><sat>11</sat></trkpt>
  <trkpt lat="30.26995840" lon="120.12074378"><ele>17.915</ele><time>2026-06-01T18:09:27Z</time><sat>15</sat></trkpt>
  <trkpt lat="30.26995840" lon="120.12074372"><ele>17.915</ele><time>2026-06-01T18:09:30Z</time><sat>15</sat></trkpt>
  <trkpt lat="30.26995844" lon="120.12074365"><ele>17.915</ele><time>2026-06-01T18:09:33Z</time><sat>12</sat></trkpt>
  <trkpt lat="30.26995860" lon="120.12074344"><ele>17.915</ele><time>2026-06-01T18:09:36Z</time><sat>12</sat></trkpt>
  <trkpt lat="30.26995885" lon="120.12074342"><ele>17.918</ele><time>2026-06-01T18:09:39Z</time><sat>15</sat></trkpt>
  <trkpt lat="30.26995899" lon="120.12074337"><ele>17.922</ele><time>2026-06-01T18:09:42Z</time><sat>16</sat></trkpt>
  <trkpt lat="30.26995912" lon="120.12074342"><ele>17.924</ele><time>2026-06-01T18:09:45Z</time><sat>12</sat></trkpt>
  <trkpt lat="30.26995924" lon="120.12074352"><ele>17.925</ele><time>2026-06-01T18:09:48Z</time><sat>13</sat></trkpt>
  <trkpt lat="30.26995923" lon="120.12074354"><ele>17.925</ele><time>2026-06-01T18:09:51Z</time><sat>16</sat></trkpt>
  <trkpt lat="30.26995921" lon="120.12074361"><ele>17.923</ele><time>2026-06-01T18:09:54Z</time><sat>17</sat></trkpt>
  <trkpt lat="30.26995915" lon="120.12074363"><ele>17.921</ele><time>2026-06-01T18:09:57Z</time><sat>13</sat></trkpt>
  <trkpt lat="30.26995943" lon="120.12074343"><ele>17.921</ele><time>2026-06-01T18:10:00Z</time><sat>12</sat></trkpt>
  <trkpt lat="30.26995943" lon="120.12074343"><ele>17.920</ele><time>2026-06-01T18:10:03Z</time><sat>16</sat></trkpt>
  <trkpt lat="30.26995952" lon="120.12074338"><ele>17.920</ele><time>2026-06-01T18:10:06Z</time><sat>16</sat></trkpt>
  <trkpt lat="30.26995958" lon="120.12074333"><ele>17.922</ele><time>2026-06-01T18:10:09Z</time><sat>10</sat></trkpt>
  <trkpt lat="30.26995964" lon="120.12074330"><ele>17.923</ele><time>2026-06-01T18:10:12Z</time><sat>13</sat></trkpt>
  <trkpt lat="30.26995965" lon="120.12074326"><ele>17.922</ele><time>2026-06-01T18:10:15Z</time><sat>16</sat></trkpt>
  <trkpt lat="30.26995970" lon="120.12074329"><ele>17.921</ele><time>2026-06-01T18:10:18Z</time><sat>14</sat></trkpt>
  <trkpt lat="30.26995997" lon="120.12074286"><ele>17.919</ele><time>2026-06-01T18:10:21Z</time><sat>11</sat></trkpt>
  <trkpt lat="30.26996012" lon="120.12074266"><ele>17.920</ele><time>2026-06-01T18:10:24Z</time><sat>12</sat></trkpt>
  <trkpt lat="30.26996002" lon="120.12074283"><ele>17.920</ele><time>2026-06-01T18:10:27Z</time><sat>14</sat></trkpt>
  <trkpt lat="30.26995991" lon="120.12074271"><ele>17.922</ele><time>2026-06-01T18:10:30Z</time><sat>14</sat></trkpt>
  <trkpt lat="30.26996017" lon="120.12074226"><ele>17.918</ele><time>2026-06-01T18:10:33Z</time><sat>14</sat></trkpt>
  <trkpt lat="30.26996014" lon="120.12074213"><ele>17.919</ele><time>2026-06-01T18:10:36Z</time><sat>14</sat></trkpt>
  <trkpt lat="30.26996012" lon="120.12074202"><ele>17.919</ele><time>2026-06-01T18:10:39Z</time><sat>15</sat></trkpt>
  <trkpt lat="30.26996010" lon="120.12074202"><ele>17.919</ele><time>2026-06-01T18:10:42Z</time><sat>13</sat></trkpt>
  <trkpt lat="30.26996056" lon="120.12074136"><ele>17.911</ele><time>2026-06-01T18:10:45Z</time><sat>11</sat></trkpt>
  <trkpt lat="30.26996051" lon="120.12074129"><ele>17.910</ele><time>2026-06-01T18:10:48Z</time><sat>11</sat></trkpt>
  <trkpt lat="30.26996053" lon="120.12074130"><ele>17.909</ele><time>2026-06-01T18:10:51Z</time><sat>14</sat></trkpt>
  <trkpt lat="30.26996050" lon="120.12074130"><ele>17.909</ele><time>2026-06-01T18:10:54Z</time><sat>13</sat></trkpt>
  <trkpt lat="30.26996062" lon="120.12074114"><ele>17.908</ele><time>2026-06-01T18:10:57Z</time><sat>9</sat></trkpt>
  <trkpt lat="30.26996067" lon="120.12074103"><ele>17.910</ele><time>2026-06-01T18:11:00Z</time><sat>10</sat></trkpt>
  <trkpt lat="30.26996081" lon="120.12074086"><ele>17.912</ele><time>2026-06-01T18:11:03Z</time><sat>12</sat></trkpt>
  <trkpt lat="30.26996087" lon="120.12074072"><ele>17.914</ele><time>2026-06-01T18:11:06Z</time><sat>12</sat></trkpt>
  <trkpt lat="30.26996100" lon="120.12074065"><ele>17.917</ele><time>2026-06-01T18:11:09Z</time><sat>11</sat></trkpt>
  <trkpt lat="30.26996093" lon="120.12074064"><ele>17.918</ele><time>2026-06-01T18:11:12Z</time><sat>11</sat></trkpt>
  <trkpt lat="30.26996083" lon="120.12074057"><ele>17.916</ele><time>2026-06-01T18:11:15Z</time><sat>12</sat></trkpt>
  <trkpt lat="30.26996083" lon="120.12074061"><ele>17.917</ele><time>2026-06-01T18:11:18Z</time><sat>12</sat></trkpt>
  <trkpt lat="30.26996081" lon="120.12074057"><ele>17.918</ele><time>2026-06-01T18:11:21Z</time><sat>11</sat></trkpt>
  <trkpt lat="30.26996077" lon="120.12074057"><ele>17.919</ele><time>2026-06-01T18:11:24Z</time><sat>9</sat></trkpt>
  <trkpt lat="30.26996078" lon="120.12074055"><ele>17.919</ele><time>2026-06-01T18:11:27Z</time><sat>11</sat></trkpt>
  <trkpt lat="30.26996073" lon="120.12074057"><ele>17.920</ele><time>2026-06-01T18:11:30Z</time><sat>12</sat></trkpt>
  <trkpt lat="30.26996072" lon="120.12074058"><ele>17.921</ele><time>2026-06-01T18:11:33Z</time><sat>10</sat></trkpt>
  <trkpt lat="30.26996069" lon="120.12074058"><ele>17.921</ele><time>2026-06-01T18:11:36Z</time><sat>9</sat></trkpt>
  <trkpt lat="30.26996067" lon="120.12074058"><ele>17.921</ele><time>2026-06-01T18:11:39Z</time><sat>11</sat></trkpt>
  <trkpt lat="30.26996064" lon="120.12074058"><ele>17.922</ele><time>2026-06-01T18:11:42Z</time><sat>11</sat></trkpt>
  <trkpt lat="30.26996057" lon="120.12074057"><ele>17.923</ele><time>2026-06-01T18:11:45Z</time><sat>10</sat></trkpt>
  <trkpt lat="30.26996054" lon="120.12074059"><ele>17.924</ele><time>2026-06-01T18:11:48Z</time><sat>8</sat></trkpt>
  <trkpt lat="30.26996050" lon="120.12074059"><ele>17.924</ele><time>2026-06-01T18:11:51Z</time><sat>9</sat></trkpt>
  <trkpt lat="30.26996045" lon="120.12074058"><ele>17.924</ele><time>2026-06-01T18:11:54Z</time><sat>10</sat></trkpt>
  <trkpt lat="30.26996189" lon="120.12074060"><ele>17.908</ele><time>2026-06-01T18:11:57Z</time><sat>10</sat></trkpt>
  <trkpt lat="30.26996088" lon="120.12074056"><ele>17.908</ele><time>2026-06-01T18:12:00Z</time><sat>13</sat></trkpt>
  <trkpt lat="30.26995990" lon="120.12074052"><ele>17.914</ele><time>2026-06-01T18:12:03Z</time><sat>14</sat></trkpt>
  <trkpt lat="30.26995985" lon="120.12074044"><ele>17.914</ele><time>2026-06-01T18:12:06Z</time><sat>13</sat></trkpt>
  <trkpt lat="30.26995968" lon="120.12074036"><ele>17.915</ele><time>2026-06-01T18:12:09Z</time><sat>12</sat></trkpt>
  <trkpt lat="30.26995912" lon="120.12074010"><ele>17.923</ele><time>2026-06-01T18:12:12Z</time><sat>13</sat></trkpt>
  <trkpt lat="30.26995777" lon="120.12073992"><ele>17.944</ele><time>2026-06-01T18:12:15Z</time><sat>13</sat></trkpt>
  <trkpt lat="30.26995774" lon="120.12073972"><ele>17.944</ele><time>2026-06-01T18:12:18Z</time><sat>14</sat></trkpt>
  <trkpt lat="30.26995780" lon="120.12073961"><ele>17.944</ele><time>2026-06-01T18:12:21Z</time><sat>13</sat></trkpt>
  <trkpt lat="30.26995723" lon="120.12073949"><ele>17.944</ele><time>2026-06-01T18:12:24Z</time><sat>13</sat></trkpt>
  <trkpt lat="30.26995649" lon="120.12073943"><ele>17.951</ele><time>2026-06-01T18:12:27Z</time><sat>14</sat></trkpt>
  <trkpt lat="30.26995632" lon="120.12073932"><ele>17.949</ele><time>2026-06-01T18:12:30Z</time><sat>15</sat></trkpt>
  <trkpt lat="30.26995632" lon="120.12073926"><ele>17.951</ele><time>2026-06-01T18:12:33Z</time><sat>14</sat></trkpt>
  <trkpt lat="30.26995634" lon="120.12073919"><ele>17.954</ele><time>2026-06-01T18:12:36Z</time><sat>14</sat></trkpt>
  <trkpt lat="30.26995656" lon="120.12073917"><ele>17.958</ele><time>2026-06-01T18:12:39Z</time><sat>14</sat></trkpt>
  <trkpt lat="30.26995663" lon="120.12073894"><ele>17.960</ele><time>2026-06-01T18:12:42Z</time><sat>14</sat></trkpt>
  <trkpt lat="30.26995672" lon="120.12073888"><ele>17.962</ele><time>2026-06-01T18:12:45Z</time><sat>15</sat></trkpt>
  <trkpt lat="30.26995692" lon="120.12073856"><ele>17.962</ele><time>2026-06-01T18:12:48Z</time><sat>14</sat></trkpt>
  <trkpt lat="30.26995706" lon="120.12073832"><ele>17.961</ele><time>2026-06-01T18:12:51Z</time><sat>13</sat></trkpt>
  <trkpt lat="30.26995721" lon="120.12073809"><ele>17.963</ele><time>2026-06-01T18:12:54Z</time><sat>13</sat></trkpt>
  <trkpt lat="30.26995739" lon="120.12073778"><ele>17.965</ele><time>2026-06-01T18:12:57Z</time><sat>14</sat></trkpt>
  <trkpt lat="30.26995750" lon="120.12073770"><ele>17.968</ele><time>2026-06-01T18:13:00Z</time><sat>14</sat></trkpt>
  <trkpt lat="30.26995761" lon="120.12073761"><ele>17.971</ele><time>2026-06-01T18:13:03Z</time><sat>12</sat></trkpt>
  <trkpt lat="30.26995782" lon="120.12073751"><ele>17.974</ele><time>2026-06-01T18:13:06Z</time><sat>12</sat></trkpt>
  <trkpt lat="30.26995791" lon="120.12073752"><ele>17.977</ele><time>2026-06-01T18:13:09Z</time><sat>13</sat></trkpt>
  <trkpt lat="30.26995804" lon="120.12073742"><ele>17.978</ele><time>2026-06-01T18:13:12Z</time><sat>14</sat></trkpt>
  <trkpt lat="30.26995817" lon="120.12073747"><ele>17.980</ele><time>2026-06-01T18:13:15Z</time><sat>13</sat></trkpt>
  <trkpt lat="30.26995822" lon="120.12073749"><ele>17.980</ele><time>2026-06-01T18:13:18Z</time><sat>10</sat></trkpt>
  <trkpt lat="30.26995825" lon="120.12073761"><ele>17.981</ele><time>2026-06-01T18:13:21Z</time><sat>11</sat></trkpt>
  <trkpt lat="30.26995826" lon="120.12073764"><ele>17.982</ele><time>2026-06-01T18:13:24Z</time><sat>14</sat></trkpt>
  <trkpt lat="30.26995842" lon="120.12073749"><ele>17.984</ele><time>2026-06-01T18:13:27Z</time><sat>14</sat></trkpt>
  <trkpt lat="30.26995851" lon="120.12073752"><ele>17.986</ele><time>2026-06-01T18:13:30Z</time><sat>13</sat></trkpt>
  <trkpt lat="30.26995858" lon="120.12073747"><ele>17.987</ele><time>2026-06-01T18:13:33Z</time><sat>11</sat></trkpt>
  <trkpt lat="30.26995866" lon="120.12073745"><ele>17.989</ele><time>2026-06-01T18:13:36Z</time><sat>10</sat></trkpt>
  <trkpt lat="30.26995870" lon="120.12073735"><ele>17.990</ele><time>2026-06-01T18:13:39Z</time><sat>11</sat></trkpt>
  <trkpt lat="30.26995886" lon="120.12073736"><ele>17.992</ele><time>2026-06-01T18:13:42Z</time><sat>10</sat></trkpt>
  <trkpt lat="30.26995895" lon="120.12073750"><ele>17.992</ele><time>2026-06-01T18:13:45Z</time><sat>10</sat></trkpt>
  <trkpt lat="30.26995883" lon="120.12073758"><ele>17.989</ele><time>2026-06-01T18:13:48Z</time><sat>10</sat></trkpt>
  <trkpt lat="30.26995883" lon="120.12073769"><ele>17.989</ele><time>2026-06-01T18:13:51Z</time><sat>11</sat></trkpt>
  <trkpt lat="30.26995887" lon="120.12073767"><ele>17.989</ele><time>2026-06-01T18:13:54Z</time><sat>11</sat></trkpt>
  <trkpt lat="30.26995880" lon="120.12073763"><ele>17.988</ele><time>2026-06-01T18:13:57Z</time><sat>11</sat></trkpt>
  <trkpt lat="30.26995889" lon="120.12073767"><ele>17.989</ele><time>2026-06-01T18:14:00Z</time><sat>10</sat></trkpt>
  <trkpt lat="30.26995888" lon="120.12073767"><ele>17.989</ele><time>2026-06-01T18:14:03Z</time><sat>11</sat></trkpt>
  <trkpt lat="30.26995891" lon="120.12073773"><ele>17.990</ele><time>2026-06-01T18:14:06Z</time><sat>11</sat></trkpt>
  <trkpt lat="30.26995896" lon="120.12073784"><ele>17.991</ele><time>2026-06-01T18:14:09Z</time><sat>11</sat></trkpt>
  <trkpt lat="30.26995907" lon="120.12073781"><ele>17.993</ele><time>2026-06-01T18:14:12Z</time><sat>10</sat></trkpt>
  <trkpt lat="30.26995934" lon="120.12073765"><ele>17.999</ele><time>2026-06-01T18:14:15Z</time><sat>11</sat></trkpt>
  <trkpt lat="30.26995957" lon="120.12073771"><ele>18.003</ele><time>2026-06-01T18:14:18Z</time><sat>11</sat></trkpt>
  <trkpt lat="30.26995968" lon="120.12073765"><ele>18.005</ele><time>2026-06-01T18:14:21Z</time><sat>9</sat></trkpt>
  <trkpt lat="30.26995974" lon="120.12073768"><ele>18.005</ele><time>2026-06-01T18:14:24Z</time><sat>9</sat></trkpt>
  <trkpt lat="30.26995973" lon="120.12073764"><ele>18.004</ele><time>2026-06-01T18:14:27Z</time><sat>11</sat></trkpt>
  <trkpt lat="30.26995985" lon="120.12073771"><ele>18.005</ele><time>2026-06-01T18:14:30Z</time><sat>11</sat></trkpt>
  <trkpt lat="30.26995993" lon="120.12073773"><ele>18.006</ele><time>2026-06-01T18:14:33Z</time><sat>10</sat></trkpt>
  <trkpt lat="30.26995996" lon="120.12073770"><ele>18.007</ele><time>2026-06-01T18:14:36Z</time><sat>10</sat></trkpt>
  <trkpt lat="30.26996014" lon="120.12073774"><ele>18.011</ele><time>2026-06-01T18:14:39Z</time><sat>10</sat></trkpt>
  <trkpt lat="30.26996027" lon="120.12073755"><ele>18.013</ele><time>2026-06-01T18:14:42Z</time><sat>11</sat></trkpt>
  <trkpt lat="30.26996037" lon="120.12073749"><ele>18.015</ele><time>2026-06-01T18:14:45Z</time><sat>11</sat></trkpt>
  <trkpt lat="30.26996046" lon="120.12073753"><ele>18.017</ele><time>2026-06-01T18:14:48Z</time><sat>11</sat></trkpt>
  <trkpt lat="30.26996044" lon="120.12073753"><ele>18.017</ele><time>2026-06-01T18:14:51Z</time><sat>10</sat></trkpt>
  <trkpt lat="30.26996046" lon="120.12073733"><ele>18.018</ele><time>2026-06-01T18:14:54Z</time><sat>10</sat></trkpt>
  <trkpt lat="30.26996055" lon="120.12073726"><ele>18.020</ele><time>2026-06-01T18:14:57Z</time><sat>10</sat></trkpt>
  <trkpt lat="30.26996056" lon="120.12073733"><ele>18.020</ele><time>2026-06-01T18:15:00Z</time><sat>10</sat></trkpt>
  <trkpt lat="30.26996062" lon="120.12073729"><ele>18.022</ele><time>2026-06-01T18:15:03Z</time><sat>10</sat></trkpt>
  <trkpt lat="30.26996076" lon="120.12073716"><ele>18.025</ele><time>2026-06-01T18:15:06Z</time><sat>9</sat></trkpt>
  <trkpt lat="30.26996087" lon="120.12073712"><ele>18.028</ele><time>2026-06-01T18:15:09Z</time><sat>10</sat></trkpt>
  <trkpt lat="30.26996081" lon="120.12073708"><ele>18.028</ele><time>2026-06-01T18:15:12Z</time><sat>13</sat></trkpt>
  <trkpt lat="30.26996078" lon="120.12073706"><ele>18.028</ele><time>2026-06-01T18:15:15Z</time><sat>13</sat></trkpt>
  <trkpt lat="30.26996077" lon="120.12073709"><ele>18.028</ele><time>2026-06-01T18:15:18Z</time><sat>14</sat></trkpt>
  <trkpt lat="30.26996070" lon="120.12073708"><ele>18.027</ele><time>2026-06-01T18:15:21Z</time><sat>14</sat></trkpt>
  <trkpt lat="30.26996066" lon="120.12073706"><ele>18.027</ele><time>2026-06-01T18:15:24Z</time><sat>12</sat></trkpt>
  <trkpt lat="30.26996070" lon="120.12073713"><ele>18.028</ele><time>2026-06-01T18:15:27Z</time><sat>13</sat></trkpt>
  <trkpt lat="30.26996079" lon="120.12073716"><ele>18.030</ele><time>2026-06-01T18:15:30Z</time><sat>16</sat></trkpt>
  <trkpt lat="30.26996083" lon="120.12073707"><ele>18.031</ele><time>2026-06-01T18:15:33Z</time><sat>14</sat></trkpt>
  <trkpt lat="30.26996082" lon="120.12073706"><ele>18.031</ele><time>2026-06-01T18:15:36Z</time><sat>12</sat></trkpt>
  <trkpt lat="30.26996075" lon="120.12073705"><ele>18.029</ele><time>2026-06-01T18:15:39Z</time><sat>15</sat></trkpt>
  <trkpt lat="30.26996062" lon="120.12073696"><ele>18.027</ele><time>2026-06-01T18:15:42Z</time><sat>15</sat></trkpt>
  <trkpt lat="30.26996049" lon="120.12073699"><ele>18.024</ele><time>2026-06-01T18:15:45Z</time><sat>13</sat></trkpt>
  <trkpt lat="30.26996041" lon="120.12073700"><ele>18.023</ele><time>2026-06-01T18:15:48Z</time><sat>13</sat></trkpt>
  <trkpt lat="30.26996033" lon="120.12073690"><ele>18.021</ele><time>2026-06-01T18:15:51Z</time><sat>14</sat></trkpt>
  <trkpt lat="30.26996038" lon="120.12073676"><ele>18.021</ele><time>2026-06-01T18:15:54Z</time><sat>14</sat></trkpt>
  <trkpt lat="30.26996040" lon="120.12073669"><ele>18.021</ele><time>2026-06-01T18:15:57Z</time><sat>11</sat></trkpt>
  <trkpt lat="30.26996048" lon="120.12073671"><ele>18.023</ele><time>2026-06-01T18:16:00Z</time><sat>11</sat></trkpt>
  <trkpt lat="30.26996055" lon="120.12073669"><ele>18.024</ele><time>2026-06-01T18:16:03Z</time><sat>15</sat></trkpt>
  <trkpt lat="30.26996051" lon="120.12073660"><ele>18.023</ele><time>2026-06-01T18:16:06Z</time><sat>15</sat></trkpt>
  <trkpt lat="30.26996051" lon="120.12073661"><ele>18.023</ele><time>2026-06-01T18:16:09Z</time><sat>13</sat></trkpt>
  <trkpt lat="30.26996034" lon="120.12073655"><ele>18.020</ele><time>2026-06-01T18:16:12Z</time><sat>11</sat></trkpt>
  <trkpt lat="30.26996034" lon="120.12073645"><ele>18.020</ele><time>2026-06-01T18:16:15Z</time><sat>14</sat></trkpt>
  <trkpt lat="30.26996032" lon="120.12073644"><ele>18.020</ele><time>2026-06-01T18:16:18Z</time><sat>15</sat></trkpt>
  <trkpt lat="30.26996033" lon="120.12073641"><ele>18.020</ele><time>2026-06-01T18:16:21Z</time><sat>12</sat></trkpt>
  <trkpt lat="30.26996031" lon="120.12073639"><ele>18.020</ele><time>2026-06-01T18:16:24Z</time><sat>11</sat></trkpt>
  <trkpt lat="30.26996033" lon="120.12073638"><ele>18.020</ele><time>2026-06-01T18:16:27Z</time><sat>12</sat></trkpt>
  <trkpt lat="30.26996017" lon="120.12073634"><ele>18.020</ele><time>2026-06-01T18:16:30Z</time><sat>13</sat></trkpt>
  <trkpt lat="30.26996016" lon="120.12073635"><ele>18.020</ele><time>2026-06-01T18:16:33Z</time><sat>14</sat></trkpt>
  <trkpt lat="30.26996014" lon="120.12073632"><ele>18.020</ele><time>2026-06-01T18:16:36Z</time><sat>11</sat></trkpt>
  <trkpt lat="30.26995986" lon="120.12073628"><ele>18.021</ele><time>2026-06-01T18:16:39Z</time><sat>12</sat></trkpt>
  <trkpt lat="30.26996003" lon="120.12073605"><ele>18.020</ele><time>2026-06-01T18:16:42Z</time><sat>15</sat></trkpt>
  <trkpt lat="30.26996007" lon="120.12073606"><ele>18.020</ele><time>2026-06-01T18:16:45Z</time><sat>15</sat></trkpt>
  <trkpt lat="30.26995959" lon="120.12073602"><ele>18.023</ele><time>2026-06-01T18:16:48Z</time><sat>12</sat></trkpt>
  <trkpt lat="30.26995972" lon="120.12073591"><ele>18.023</ele><time>2026-06-01T18:16:51Z</time><sat>12</sat></trkpt>
  <trkpt lat="30.26995921" lon="120.12073582"><ele>18.027</ele><time>2026-06-01T18:16:54Z</time><sat>14</sat></trkpt>
  <trkpt lat="30.26995920" lon="120.12073581"><ele>18.027</ele><time>2026-06-01T18:16:57Z</time><sat>13</sat></trkpt>
  <trkpt lat="30.26995912" lon="120.12073577"><ele>18.027</ele><time>2026-06-01T18:17:00Z</time><sat>11</sat></trkpt>
  <trkpt lat="30.26995922" lon="120.12073566"><ele>18.028</ele><time>2026-06-01T18:17:03Z</time><sat>10</sat></trkpt>
  <trkpt lat="30.26995916" lon="120.12073559"><ele>18.030</ele><time>2026-06-01T18:17:06Z</time><sat>12</sat></trkpt>
  <trkpt lat="30.26995917" lon="120.12073555"><ele>18.031</ele><time>2026-06-01T18:17:09Z</time><sat>12</sat></trkpt>
  <trkpt lat="30.26995927" lon="120.12073555"><ele>18.031</ele><time>2026-06-01T18:17:12Z</time><sat>10</sat></trkpt>
  <trkpt lat="30.26995937" lon="120.12073551"><ele>18.033</ele><time>2026-06-01T18:17:15Z</time><sat>8</sat></trkpt>
  <trkpt lat="30.26995937" lon="120.12073552"><ele>18.034</ele><time>2026-06-01T18:17:18Z</time><sat>10</sat></trkpt>
  <trkpt lat="30.26995939" lon="120.12073552"><ele>18.034</ele><time>2026-06-01T18:17:21Z</time><sat>13</sat></trkpt>
  <trkpt lat="30.26995943" lon="120.12073547"><ele>18.035</ele><time>2026-06-01T18:17:24Z</time><sat>11</sat></trkpt>
  <trkpt lat="30.26995956" lon="120.12073555"><ele>18.039</ele><time>2026-06-01T18:17:27Z</time><sat>8</sat></trkpt>
  <trkpt lat="30.26995947" lon="120.12073553"><ele>18.039</ele><time>2026-06-01T18:17:30Z</time><sat>13</sat></trkpt>
  <trkpt lat="30.26995943" lon="120.12073566"><ele>18.041</ele><time>2026-06-01T18:17:33Z</time><sat>14</sat></trkpt>
  <trkpt lat="30.26995936" lon="120.12073562"><ele>18.041</ele><time>2026-06-01T18:17:36Z</time><sat>12</sat></trkpt>
  <trkpt lat="30.26995931" lon="120.12073555"><ele>18.041</ele><time>2026-06-01T18:17:39Z</time><sat>10</sat></trkpt>
  <trkpt lat="30.26995927" lon="120.12073565"><ele>18.042</ele><time>2026-06-01T18:17:42Z</time><sat>12</sat></trkpt>
  <trkpt lat="30.26995922" lon="120.12073567"><ele>18.044</ele><time>2026-06-01T18:17:45Z</time><sat>13</sat></trkpt>
  <trkpt lat="30.26995925" lon="120.12073571"><ele>18.046</ele><time>2026-06-01T18:17:48Z</time><sat>13</sat></trkpt>
  <trkpt lat="30.26995915" lon="120.12073577"><ele>18.045</ele><time>2026-06-01T18:17:51Z</time><sat>12</sat></trkpt>
  <trkpt lat="30.26995909" lon="120.12073575"><ele>18.045</ele><time>2026-06-01T18:17:54Z</time><sat>12</sat></trkpt>
  <trkpt lat="30.26995905" lon="120.12073576"><ele>18.045</ele><time>2026-06-01T18:17:57Z</time><sat>13</sat></trkpt>
  <trkpt lat="30.26995911" lon="120.12073576"><ele>18.047</ele><time>2026-06-01T18:18:00Z</time><sat>15</sat></trkpt>
  <trkpt lat="30.26995913" lon="120.12073586"><ele>18.047</ele><time>2026-06-01T18:18:03Z</time><sat>12</sat></trkpt>
  <trkpt lat="30.26995923" lon="120.12073584"><ele>18.049</ele><time>2026-06-01T18:18:06Z</time><sat>11</sat></trkpt>
  <trkpt lat="30.26995927" lon="120.12073583"><ele>18.050</ele><time>2026-06-01T18:18:09Z</time><sat>12</sat></trkpt>
  <trkpt lat="30.26995925" lon="120.12073581"><ele>18.051</ele><time>2026-06-01T18:18:12Z</time><sat>11</sat></trkpt>
  <trkpt lat="30.26995922" lon="120.12073581"><ele>18.051</ele><time>2026-06-01T18:18:15Z</time><sat>9</sat></trkpt>
  <trkpt lat="30.26995917" lon="120.12073589"><ele>18.053</ele><time>2026-06-01T18:18:18Z</time><sat>9</sat></trkpt>
  <trkpt lat="30.26995918" lon="120.12073592"><ele>18.052</ele><time>2026-06-01T18:18:21Z</time><sat>11</sat></trkpt>
  <trkpt lat="30.26995884" lon="120.12073625"><ele>18.055</ele><time>2026-06-01T18:18:24Z</time><sat>11</sat></trkpt>
  <trkpt lat="30.26995889" lon="120.12073615"><ele>18.056</ele><time>2026-06-01T18:18:27Z</time><sat>12</sat></trkpt>
  <trkpt lat="30.26995904" lon="120.12073624"><ele>18.059</ele><time>2026-06-01T18:18:30Z</time><sat>13</sat></trkpt>
  <trkpt lat="30.26995907" lon="120.12073634"><ele>18.061</ele><time>2026-06-01T18:18:33Z</time><sat>12</sat></trkpt>
  <trkpt lat="30.26995881" lon="120.12073650"><ele>18.066</ele><time>2026-06-01T18:18:36Z</time><sat>11</sat></trkpt>
  <trkpt lat="30.26995876" lon="120.12073636"><ele>18.067</ele><time>2026-06-01T18:18:39Z</time><sat>12</sat></trkpt>
  <trkpt lat="30.26995878" lon="120.12073624"><ele>18.068</ele><time>2026-06-01T18:18:42Z</time><sat>15</sat></trkpt>
  <trkpt lat="30.26995891" lon="120.12073633"><ele>18.069</ele><time>2026-06-01T18:18:45Z</time><sat>14</sat></trkpt>
  <trkpt lat="30.26995897" lon="120.12073638"><ele>18.072</ele><time>2026-06-01T18:18:48Z</time><sat>11</sat></trkpt>
  <trkpt lat="30.26995895" lon="120.12073630"><ele>18.074</ele><time>2026-06-01T18:18:51Z</time><sat>11</sat></trkpt>
  <trkpt lat="30.26995899" lon="120.12073643"><ele>18.076</ele><time>2026-06-01T18:18:54Z</time><sat>16</sat></trkpt>
  <trkpt lat="30.26995910" lon="120.12073652"><ele>18.079</ele><time>2026-06-01T18:18:57Z</time><sat>15</sat></trkpt>
  <trkpt lat="30.26995921" lon="120.12073662"><ele>18.083</ele><time>2026-06-01T18:19:00Z</time><sat>10</sat></trkpt>
  <trkpt lat="30.26995935" lon="120.12073650"><ele>18.086</ele><time>2026-06-01T18:19:03Z</time><sat>8</sat></trkpt>
  <trkpt lat="30.26995958" lon="120.12073649"><ele>18.092</ele><time>2026-06-01T18:19:06Z</time><sat>12</sat></trkpt>
  <trkpt lat="30.26995975" lon="120.12073650"><ele>18.097</ele><time>2026-06-01T18:19:09Z</time><sat>12</sat></trkpt>
  <trkpt lat="30.26996007" lon="120.12073620"><ele>18.096</ele><time>2026-06-01T18:19:12Z</time><sat>10</sat></trkpt>
  <trkpt lat="30.26996021" lon="120.12073622"><ele>18.100</ele><time>2026-06-01T18:19:15Z</time><sat>12</sat></trkpt>
  <trkpt lat="30.26996035" lon="120.12073624"><ele>18.103</ele><time>2026-06-01T18:19:18Z</time><sat>13</sat></trkpt>
  <trkpt lat="30.26996057" lon="120.12073627"><ele>18.109</ele><time>2026-06-01T18:19:21Z</time><sat>11</sat></trkpt>
  <trkpt lat="30.26996097" lon="120.12073618"><ele>18.116</ele><time>2026-06-01T18:19:24Z</time><sat>11</sat></trkpt>
  <trkpt lat="30.26996132" lon="120.12073625"><ele>18.126</ele><time>2026-06-01T18:19:27Z</time><sat>13</sat></trkpt>
  <trkpt lat="30.26996145" lon="120.12073624"><ele>18.130</ele><time>2026-06-01T18:19:30Z</time><sat>12</sat></trkpt>
  <trkpt lat="30.26996162" lon="120.12073628"><ele>18.135</ele><time>2026-06-01T18:19:33Z</time><sat>12</sat></trkpt>
  <trkpt lat="30.26996172" lon="120.12073624"><ele>18.137</ele><time>2026-06-01T18:19:36Z</time><sat>12</sat></trkpt>
  <trkpt lat="30.26996188" lon="120.12073594"><ele>18.138</ele><time>2026-06-01T18:19:39Z</time><sat>9</sat></trkpt>
  <trkpt lat="30.26996218" lon="120.12073586"><ele>18.142</ele><time>2026-06-01T18:19:42Z</time><sat>9</sat></trkpt>
  <trkpt lat="30.26996236" lon="120.12073582"><ele>18.147</ele><time>2026-06-01T18:19:45Z</time><sat>12</sat></trkpt>
  <trkpt lat="30.26996261" lon="120.12073579"><ele>18.152</ele><time>2026-06-01T18:19:48Z</time><sat>12</sat></trkpt>
  <trkpt lat="30.26996235" lon="120.12073588"><ele>18.162</ele><time>2026-06-01T18:19:51Z</time><sat>10</sat></trkpt>
  <trkpt lat="30.26996250" lon="120.12073583"><ele>18.165</ele><time>2026-06-01T18:19:54Z</time><sat>11</sat></trkpt>
  <trkpt lat="30.26996255" lon="120.12073597"><ele>18.166</ele><time>2026-06-01T18:19:57Z</time><sat>12</sat></trkpt>
  <trkpt lat="30.26996262" lon="120.12073600"><ele>18.167</ele><time>2026-06-01T18:20:00Z</time><sat>11</sat></trkpt>
  <trkpt lat="30.26996306" lon="120.12073560"><ele>18.165</ele><time>2026-06-01T18:20:03Z</time><sat>9</sat></trkpt>
  <trkpt lat="30.26996322" lon="120.12073572"><ele>18.169</ele><time>2026-06-01T18:20:06Z</time><sat>8</sat></trkpt>
  <trkpt lat="30.26996334" lon="120.12073578"><ele>18.172</ele><time>2026-06-01T18:20:09Z</time><sat>12</sat></trkpt>
  <trkpt lat="30.26996352" lon="120.12073581"><ele>18.176</ele><time>2026-06-01T18:20:12Z</time><sat>13</sat></trkpt>
  <trkpt lat="30.26996391" lon="120.12073562"><ele>18.175</ele><time>2026-06-01T18:20:15Z</time><sat>7</sat></trkpt>
  <trkpt lat="30.26996397" lon="120.12073576"><ele>18.177</ele><time>2026-06-01T18:20:18Z</time><sat>7</sat></trkpt>
  <trkpt lat="30.26996406" lon="120.12073572"><ele>18.179</ele><time>2026-06-01T18:20:21Z</time><sat>12</sat></trkpt>
  <trkpt lat="30.26996417" lon="120.12073577"><ele>18.183</ele><time>2026-06-01T18:20:24Z</time><sat>12</sat></trkpt>
  <trkpt lat="30.26996430" lon="120.12073575"><ele>18.186</ele><time>2026-06-01T18:20:27Z</time><sat>8</sat></trkpt>
  <trkpt lat="30.26996396" lon="120.12073611"><ele>18.194</ele><time>2026-06-01T18:20:30Z</time><sat>8</sat></trkpt>
  <trkpt lat="30.26996416" lon="120.12073615"><ele>18.199</ele><time>2026-06-01T18:20:33Z</time><sat>13</sat></trkpt>
  <trkpt lat="30.26996431" lon="120.12073599"><ele>18.202</ele><time>2026-06-01T18:20:36Z</time><sat>12</sat></trkpt>
  <trkpt lat="30.26996389" lon="120.12073628"><ele>18.211</ele><time>2026-06-01T18:20:39Z</time><sat>6</sat></trkpt>
  <trkpt lat="30.26996402" lon="120.12073627"><ele>18.214</ele><time>2026-06-01T18:20:42Z</time><sat>8</sat></trkpt>
  <trkpt lat="30.26996415" lon="120.12073626"><ele>18.216</ele><time>2026-06-01T18:20:45Z</time><sat>12</sat></trkpt>
  <trkpt lat="30.26996396" lon="120.12073630"><ele>18.223</ele><time>2026-06-01T18:20:48Z</time><sat>11</sat></trkpt>
  <trkpt lat="30.26996417" lon="120.12073633"><ele>18.228</ele><time>2026-06-01T18:20:51Z</time><sat>9</sat></trkpt>
  <trkpt lat="30.26996431" lon="120.12073636"><ele>18.232</ele><time>2026-06-01T18:20:54Z</time><sat>10</sat></trkpt>
  <trkpt lat="30.26996443" lon="120.12073655"><ele>18.236</ele><time>2026-06-01T18:20:57Z</time><sat>11</sat></trkpt>
  <trkpt lat="30.26996451" lon="120.12073660"><ele>18.240</ele><time>2026-06-01T18:21:00Z</time><sat>10</sat></trkpt>
  <trkpt lat="30.26996467" lon="120.12073664"><ele>18.244</ele><time>2026-06-01T18:21:03Z</time><sat>10</sat></trkpt>
  <trkpt lat="30.26996478" lon="120.12073671"><ele>18.246</ele><time>2026-06-01T18:21:06Z</time><sat>9</sat></trkpt>
  <trkpt lat="30.26996483" lon="120.12073685"><ele>18.247</ele><time>2026-06-01T18:21:09Z</time><sat>8</sat></trkpt>
  <trkpt lat="30.26996481" lon="120.12073685"><ele>18.249</ele><time>2026-06-01T18:21:12Z</time><sat>9</sat></trkpt>
  <trkpt lat="30.26996486" lon="120.12073685"><ele>18.251</ele><time>2026-06-01T18:21:15Z</time><sat>10</sat></trkpt>
  <trkpt lat="30.26996499" lon="120.12073687"><ele>18.254</ele><time>2026-06-01T18:21:18Z</time><sat>9</sat></trkpt>
  <trkpt lat="30.26996518" lon="120.12073682"><ele>18.259</ele><time>2026-06-01T18:21:21Z</time><sat>10</sat></trkpt>
  <trkpt lat="30.26996535" lon="120.12073681"><ele>18.263</ele><time>2026-06-01T18:21:24Z</time><sat>9</sat></trkpt>
  <trkpt lat="30.26996545" lon="120.12073686"><ele>18.267</ele><time>2026-06-01T18:21:27Z</time><sat>7</sat></trkpt>
  <trkpt lat="30.26996556" lon="120.12073687"><ele>18.270</ele><time>2026-06-01T18:21:30Z</time><sat>8</sat></trkpt>
  <trkpt lat="30.26996570" lon="120.12073687"><ele>18.273</ele><time>2026-06-01T18:21:33Z</time><sat>10</sat></trkpt>
  <trkpt lat="30.26996582" lon="120.12073682"><ele>18.276</ele><time>2026-06-01T18:21:36Z</time><sat>9</sat></trkpt>
  <trkpt lat="30.26996596" lon="120.12073697"><ele>18.281</ele><time>2026-06-01T18:21:39Z</time><sat>7</sat></trkpt>
  <trkpt lat="30.26996614" lon="120.12073691"><ele>18.285</ele><time>2026-06-01T18:21:42Z</time><sat>8</sat></trkpt>
  <trkpt lat="30.26996628" lon="120.12073695"><ele>18.289</ele><time>2026-06-01T18:21:45Z</time><sat>8</sat></trkpt>
  <trkpt lat="30.26996657" lon="120.12073699"><ele>18.297</ele><time>2026-06-01T18:21:48Z</time><sat>7</sat></trkpt>
  <trkpt lat="30.26996676" lon="120.12073700"><ele>18.302</ele><time>2026-06-01T18:21:51Z</time><sat>7</sat></trkpt>
  <trkpt lat="30.26996687" lon="120.12073690"><ele>18.305</ele><time>2026-06-01T18:21:54Z</time><sat>8</sat></trkpt>
  <trkpt lat="30.26996701" lon="120.12073690"><ele>18.308</ele><time>2026-06-01T18:21:57Z</time><sat>8</sat></trkpt>
  <trkpt lat="30.26996706" lon="120.12073697"><ele>18.310</ele><time>2026-06-01T18:22:00Z</time><sat>7</sat></trkpt>
  <trkpt lat="30.26996719" lon="120.12073704"><ele>18.314</ele><time>2026-06-01T18:22:03Z</time><sat>8</sat></trkpt>
  <trkpt lat="30.26996730" lon="120.12073706"><ele>18.317</ele><time>2026-06-01T18:22:06Z</time><sat>10</sat></trkpt>
  <trkpt lat="30.26996756" lon="120.12073688"><ele>18.317</ele><time>2026-06-01T18:22:09Z</time><sat>9</sat></trkpt>
  <trkpt lat="30.26996769" lon="120.12073692"><ele>18.322</ele><time>2026-06-01T18:22:12Z</time><sat>9</sat></trkpt>
  <trkpt lat="30.26996781" lon="120.12073695"><ele>18.325</ele><time>2026-06-01T18:22:15Z</time><sat>9</sat></trkpt>
  <trkpt lat="30.26996788" lon="120.12073685"><ele>18.324</ele><time>2026-06-01T18:22:18Z</time><sat>11</sat></trkpt>
  <trkpt lat="30.26996788" lon="120.12073685"><ele>18.324</ele><time>2026-06-01T18:22:21Z</time><sat>12</sat></trkpt>
  <trkpt lat="30.26996798" lon="120.12073688"><ele>18.327</ele><time>2026-06-01T18:22:24Z</time><sat>11</sat></trkpt>
  <trkpt lat="30.26996813" lon="120.12073686"><ele>18.328</ele><time>2026-06-01T18:22:27Z</time><sat>10</sat></trkpt>
  <trkpt lat="30.26996832" lon="120.12073667"><ele>18.328</ele><time>2026-06-01T18:22:30Z</time><sat>11</sat></trkpt>
  <trkpt lat="30.26996844" lon="120.12073659"><ele>18.329</ele><time>2026-06-01T18:22:33Z</time><sat>11</sat></trkpt>
  <trkpt lat="30.26996852" lon="120.12073654"><ele>18.330</ele><time>2026-06-01T18:22:36Z</time><sat>10</sat></trkpt>
  <trkpt lat="30.26996854" lon="120.12073651"><ele>18.329</ele><time>2026-06-01T18:22:39Z</time><sat>12</sat></trkpt>
  <trkpt lat="30.26996854" lon="120.12073649"><ele>18.328</ele><time>2026-06-01T18:22:42Z</time><sat>12</sat></trkpt>
  <trkpt lat="30.26996859" lon="120.12073651"><ele>18.330</ele><time>2026-06-01T18:22:45Z</time><sat>10</sat></trkpt>
  <trkpt lat="30.26996645" lon="120.12073543"><ele>18.379</ele><time>2026-06-01T18:22:48Z</time><sat>11</sat></trkpt>
  <trkpt lat="30.26996657" lon="120.12073552"><ele>18.382</ele><time>2026-06-01T18:22:51Z</time><sat>11</sat></trkpt>
  <trkpt lat="30.26996661" lon="120.12073558"><ele>18.384</ele><time>2026-06-01T18:22:54Z</time><sat>10</sat></trkpt>
  <trkpt lat="30.26996519" lon="120.12073488"><ele>18.416</ele><time>2026-06-01T18:22:57Z</time><sat>9</sat></trkpt>
  <trkpt lat="30.26996519" lon="120.12073488"><ele>18.416</ele><time>2026-06-01T18:23:00Z</time><sat>11</sat></trkpt>
  <trkpt lat="30.26996524" lon="120.12073492"><ele>18.418</ele><time>2026-06-01T18:23:03Z</time><sat>11</sat></trkpt>
  <trkpt lat="30.26996531" lon="120.12073497"><ele>18.420</ele><time>2026-06-01T18:23:06Z</time><sat>9</sat></trkpt>
  <trkpt lat="30.26996511" lon="120.12073493"><ele>18.426</ele><time>2026-06-01T18:23:09Z</time><sat>9</sat></trkpt>
  <trkpt lat="30.26996520" lon="120.12073501"><ele>18.429</ele><time>2026-06-01T18:23:12Z</time><sat>12</sat></trkpt>
  <trkpt lat="30.26996522" lon="120.12073495"><ele>18.429</ele><time>2026-06-01T18:23:15Z</time><sat>13</sat></trkpt>
  <trkpt lat="30.26996524" lon="120.12073489"><ele>18.428</ele><time>2026-06-01T18:23:18Z</time><sat>11</sat></trkpt>
  <trkpt lat="30.26996516" lon="120.12073481"><ele>18.433</ele><time>2026-06-01T18:23:21Z</time><sat>12</sat></trkpt>
  <trkpt lat="30.26996521" lon="120.12073483"><ele>18.434</ele><time>2026-06-01T18:23:24Z</time><sat>15</sat></trkpt>
  <trkpt lat="30.26996523" lon="120.12073485"><ele>18.435</ele><time>2026-06-01T18:23:27Z</time><sat>16</sat></trkpt>
  <trkpt lat="30.26996527" lon="120.12073489"><ele>18.435</ele><time>2026-06-01T18:23:30Z</time><sat>11</sat></trkpt>
  <trkpt lat="30.26996521" lon="120.12073485"><ele>18.437</ele><time>2026-06-01T18:23:33Z</time><sat>9</sat></trkpt>
  <trkpt lat="30.26996523" lon="120.12073488"><ele>18.437</ele><time>2026-06-01T18:23:36Z</time><sat>12</sat></trkpt>
  <trkpt lat="30.26996524" lon="120.12073486"><ele>18.436</ele><time>2026-06-01T18:23:39Z</time><sat>13</sat></trkpt>
  <trkpt lat="30.26996523" lon="120.12073482"><ele>18.436</ele><time>2026-06-01T18:23:42Z</time><sat>12</sat></trkpt>
  <trkpt lat="30.26996524" lon="120.12073482"><ele>18.437</ele><time>2026-06-01T18:23:45Z</time><sat>10</sat></trkpt>
  <trkpt lat="30.26996527" lon="120.12073482"><ele>18.438</ele><time>2026-06-01T18:23:48Z</time><sat>12</sat></trkpt>
  <trkpt lat="30.26996528" lon="120.12073483"><ele>18.439</ele><time>2026-06-01T18:23:51Z</time><sat>9</sat></trkpt>
  <trkpt lat="30.26996528" lon="120.12073480"><ele>18.440</ele><time>2026-06-01T18:23:54Z</time><sat>10</sat></trkpt>
  <trkpt lat="30.26996527" lon="120.12073478"><ele>18.440</ele><time>2026-06-01T18:23:57Z</time><sat>11</sat></trkpt>
  <trkpt lat="30.26996527" lon="120.12073478"><ele>18.440</ele><time>2026-06-01T18:24:00Z</time><sat>10</sat></trkpt>
  <trkpt lat="30.26996526" lon="120.12073477"><ele>18.441</ele><time>2026-06-01T18:24:03Z</time><sat>12</sat></trkpt>
  <trkpt lat="30.26996527" lon="120.12073475"><ele>18.441</ele><time>2026-06-01T18:24:06Z</time><sat>14</sat></trkpt>
  <trkpt lat="30.26996528" lon="120.12073473"><ele>18.441</ele><time>2026-06-01T18:24:09Z</time><sat>13</sat></trkpt>
  <trkpt lat="30.26996526" lon="120.12073475"><ele>18.442</ele><time>2026-06-01T18:24:12Z</time><sat>12</sat></trkpt>
  <trkpt lat="30.26996534" lon="120.12073460"><ele>18.442</ele><time>2026-06-01T18:24:15Z</time><sat>12</sat></trkpt>
  <trkpt lat="30.26996536" lon="120.12073448"><ele>18.443</ele><time>2026-06-01T18:24:18Z</time><sat>14</sat></trkpt>
  <trkpt lat="30.26996542" lon="120.12073436"><ele>18.443</ele><time>2026-06-01T18:24:21Z</time><sat>16</sat></trkpt>
  <trkpt lat="30.26996554" lon="120.12073409"><ele>18.443</ele><time>2026-06-01T18:24:24Z</time><sat>14</sat></trkpt>
  <trkpt lat="30.26996553" lon="120.12073402"><ele>18.444</ele><time>2026-06-01T18:24:27Z</time><sat>14</sat></trkpt>
  <trkpt lat="30.26996556" lon="120.12073390"><ele>18.444</ele><time>2026-06-01T18:24:30Z</time><sat>15</sat></trkpt>
  <trkpt lat="30.26996558" lon="120.12073384"><ele>18.444</ele><time>2026-06-01T18:24:33Z</time><sat>14</sat></trkpt>
  <trkpt lat="30.26996557" lon="120.12073385"><ele>18.444</ele><time>2026-06-01T18:24:36Z</time><sat>13</sat></trkpt>
  <trkpt lat="30.26996556" lon="120.12073385"><ele>18.445</ele><time>2026-06-01T18:24:39Z</time><sat>11</sat></trkpt>
  <trkpt lat="30.26996576" lon="120.12073374"><ele>18.451</ele><time>2026-06-01T18:24:42Z</time><sat>14</sat></trkpt>
  <trkpt lat="30.26996575" lon="120.12073372"><ele>18.451</ele><time>2026-06-01T18:24:45Z</time><sat>14</sat></trkpt>
  <trkpt lat="30.26996585" lon="120.12073374"><ele>18.454</ele><time>2026-06-01T18:24:48Z</time><sat>13</sat></trkpt>
  <trkpt lat="30.26996593" lon="120.12073373"><ele>18.455</ele><time>2026-06-01T18:24:51Z</time><sat>11</sat></trkpt>
  <trkpt lat="30.26996611" lon="120.12073369"><ele>18.458</ele><time>2026-06-01T18:24:54Z</time><sat>10</sat></trkpt>
  <trkpt lat="30.26996623" lon="120.12073368"><ele>18.461</ele><time>2026-06-01T18:24:57Z</time><sat>13</sat></trkpt>
  <trkpt lat="30.26996616" lon="120.12073371"><ele>18.460</ele><time>2026-06-01T18:25:00Z</time><sat>12</sat></trkpt>
  <trkpt lat="30.26996618" lon="120.12073368"><ele>18.461</ele><time>2026-06-01T18:25:03Z</time><sat>11</sat></trkpt>
  <trkpt lat="30.26996634" lon="120.12073359"><ele>18.463</ele><time>2026-06-01T18:25:06Z</time><sat>12</sat></trkpt>
  <trkpt lat="30.26996638" lon="120.12073361"><ele>18.465</ele><time>2026-06-01T18:25:09Z</time><sat>10</sat></trkpt>
  <trkpt lat="30.26996647" lon="120.12073345"><ele>18.466</ele><time>2026-06-01T18:25:12Z</time><sat>11</sat></trkpt>
  <trkpt lat="30.26996674" lon="120.12073310"><ele>18.469</ele><time>2026-06-01T18:25:15Z</time><sat>13</sat></trkpt>
  <trkpt lat="30.26996683" lon="120.12073305"><ele>18.471</ele><time>2026-06-01T18:25:18Z</time><sat>10</sat></trkpt>
  <trkpt lat="30.26996696" lon="120.12073297"><ele>18.472</ele><time>2026-06-01T18:25:21Z</time><sat>9</sat></trkpt>
  <trkpt lat="30.26996712" lon="120.12073291"><ele>18.475</ele><time>2026-06-01T18:25:24Z</time><sat>14</sat></trkpt>
  <trkpt lat="30.26996721" lon="120.12073284"><ele>18.477</ele><time>2026-06-01T18:25:27Z</time><sat>13</sat></trkpt>
  <trkpt lat="30.26996732" lon="120.12073279"><ele>18.480</ele><time>2026-06-01T18:25:30Z</time><sat>13</sat></trkpt>
  <trkpt lat="30.26996734" lon="120.12073277"><ele>18.480</ele><time>2026-06-01T18:25:33Z</time><sat>12</sat></trkpt>
  <trkpt lat="30.26996740" lon="120.12073273"><ele>18.481</ele><time>2026-06-01T18:25:36Z</time><sat>12</sat></trkpt>
  <trkpt lat="30.26996760" lon="120.12073275"><ele>18.486</ele><time>2026-06-01T18:25:39Z</time><sat>10</sat></trkpt>
  <trkpt lat="30.26996781" lon="120.12073278"><ele>18.492</ele><time>2026-06-01T18:25:42Z</time><sat>10</sat></trkpt>
  <trkpt lat="30.26996813" lon="120.12073282"><ele>18.500</ele><time>2026-06-01T18:25:45Z</time><sat>11</sat></trkpt>
  <trkpt lat="30.26996835" lon="120.12073274"><ele>18.508</ele><time>2026-06-01T18:25:48Z</time><sat>14</sat></trkpt>
  <trkpt lat="30.26996857" lon="120.12073271"><ele>18.515</ele><time>2026-06-01T18:25:51Z</time><sat>12</sat></trkpt>
  <trkpt lat="30.26996877" lon="120.12073272"><ele>18.524</ele><time>2026-06-01T18:25:54Z</time><sat>9</sat></trkpt>
  <trkpt lat="30.26996887" lon="120.12073273"><ele>18.527</ele><time>2026-06-01T18:25:57Z</time><sat>15</sat></trkpt>
  <trkpt lat="30.26996902" lon="120.12073275"><ele>18.531</ele><time>2026-06-01T18:26:00Z</time><sat>14</sat></trkpt>
  <trkpt lat="30.26996916" lon="120.12073277"><ele>18.535</ele><time>2026-06-01T18:26:03Z</time><sat>11</sat></trkpt>
  <trkpt lat="30.26996942" lon="120.12073271"><ele>18.541</ele><time>2026-06-01T18:26:06Z</time><sat>12</sat></trkpt>
  <trkpt lat="30.26996965" lon="120.12073267"><ele>18.547</ele><time>2026-06-01T18:26:09Z</time><sat>12</sat></trkpt>
  <trkpt lat="30.26996992" lon="120.12073266"><ele>18.555</ele><time>2026-06-01T18:26:12Z</time><sat>11</sat></trkpt>
  <trkpt lat="30.26997008" lon="120.12073266"><ele>18.562</ele><time>2026-06-01T18:26:15Z</time><sat>13</sat></trkpt>
  <trkpt lat="30.26997018" lon="120.12073253"><ele>18.571</ele><time>2026-06-01T18:26:18Z</time><sat>14</sat></trkpt>
  <trkpt lat="30.26997031" lon="120.12073255"><ele>18.574</ele><time>2026-06-01T18:26:21Z</time><sat>15</sat></trkpt>
  <trkpt lat="30.26997052" lon="120.12073256"><ele>18.579</ele><time>2026-06-01T18:26:24Z</time><sat>14</sat></trkpt>
  <trkpt lat="30.26997069" lon="120.12073259"><ele>18.584</ele><time>2026-06-01T18:26:27Z</time><sat>13</sat></trkpt>
  <trkpt lat="30.26997091" lon="120.12073263"><ele>18.590</ele><time>2026-06-01T18:26:30Z</time><sat>14</sat></trkpt>
  <trkpt lat="30.26997122" lon="120.12073263"><ele>18.598</ele><time>2026-06-01T18:26:33Z</time><sat>13</sat></trkpt>
  <trkpt lat="30.26997162" lon="120.12073265"><ele>18.610</ele><time>2026-06-01T18:26:36Z</time><sat>13</sat></trkpt>
  <trkpt lat="30.26997196" lon="120.12073265"><ele>18.619</ele><time>2026-06-01T18:26:39Z</time><sat>12</sat></trkpt>
  <trkpt lat="30.26997213" lon="120.12073267"><ele>18.624</ele><time>2026-06-01T18:26:42Z</time><sat>12</sat></trkpt>
  <trkpt lat="30.26997224" lon="120.12073267"><ele>18.627</ele><time>2026-06-01T18:26:45Z</time><sat>10</sat></trkpt>
  <trkpt lat="30.26997232" lon="120.12073268"><ele>18.629</ele><time>2026-06-01T18:26:48Z</time><sat>11</sat></trkpt>
  <trkpt lat="30.26997240" lon="120.12073270"><ele>18.632</ele><time>2026-06-01T18:26:51Z</time><sat>13</sat></trkpt>
  <trkpt lat="30.26997249" lon="120.12073267"><ele>18.636</ele><time>2026-06-01T18:26:54Z</time><sat>13</sat></trkpt>
  <trkpt lat="30.26997278" lon="120.12073268"><ele>18.643</ele><time>2026-06-01T18:26:57Z</time><sat>11</sat></trkpt>
  <trkpt lat="30.26997310" lon="120.12073268"><ele>18.655</ele><time>2026-06-01T18:27:00Z</time><sat>11</sat></trkpt>
  <trkpt lat="30.26997323" lon="120.12073267"><ele>18.659</ele><time>2026-06-01T18:27:03Z</time><sat>13</sat></trkpt>
  <trkpt lat="30.26997327" lon="120.12073269"><ele>18.660</ele><time>2026-06-01T18:27:06Z</time><sat>13</sat></trkpt>
  <trkpt lat="30.26997318" lon="120.12073270"><ele>18.658</ele><time>2026-06-01T18:27:09Z</time><sat>11</sat></trkpt>
  <trkpt lat="30.26997315" lon="120.12073271"><ele>18.658</ele><time>2026-06-01T18:27:12Z</time><sat>11</sat></trkpt>
  <trkpt lat="30.26997323" lon="120.12073273"><ele>18.659</ele><time>2026-06-01T18:27:15Z</time><sat>13</sat></trkpt>
  <trkpt lat="30.26997338" lon="120.12073270"><ele>18.664</ele><time>2026-06-01T18:27:18Z</time><sat>12</sat></trkpt>
  <trkpt lat="30.26997359" lon="120.12073271"><ele>18.671</ele><time>2026-06-01T18:27:21Z</time><sat>10</sat></trkpt>
  <trkpt lat="30.26997379" lon="120.12073269"><ele>18.678</ele><time>2026-06-01T18:27:24Z</time><sat>13</sat></trkpt>
  <trkpt lat="30.26997390" lon="120.12073270"><ele>18.681</ele><time>2026-06-01T18:27:27Z</time><sat>13</sat></trkpt>
  <trkpt lat="30.26997396" lon="120.12073271"><ele>18.682</ele><time>2026-06-01T18:27:30Z</time><sat>12</sat></trkpt>
  <trkpt lat="30.26997391" lon="120.12073271"><ele>18.682</ele><time>2026-06-01T18:27:33Z</time><sat>14</sat></trkpt>
  <trkpt lat="30.26997380" lon="120.12073269"><ele>18.679</ele><time>2026-06-01T18:27:36Z</time><sat>13</sat></trkpt>
  <trkpt lat="30.26997373" lon="120.12073268"><ele>18.678</ele><time>2026-06-01T18:27:39Z</time><sat>12</sat></trkpt>
  <trkpt lat="30.26997389" lon="120.12073268"><ele>18.683</ele><time>2026-06-01T18:27:42Z</time><sat>11</sat></trkpt>
  <trkpt lat="30.26997410" lon="120.12073268"><ele>18.690</ele><time>2026-06-01T18:27:45Z</time><sat>10</sat></trkpt>
  <trkpt lat="30.26997444" lon="120.12073269"><ele>18.699</ele><time>2026-06-01T18:27:48Z</time><sat>11</sat></trkpt>
  <trkpt lat="30.26997471" lon="120.12073267"><ele>18.706</ele><time>2026-06-01T18:27:51Z</time><sat>13</sat></trkpt>
  <trkpt lat="30.26997473" lon="120.12073267"><ele>18.707</ele><time>2026-06-01T18:27:54Z</time><sat>10</sat></trkpt>
  <trkpt lat="30.26997469" lon="120.12073264"><ele>18.706</ele><time>2026-06-01T18:27:57Z</time><sat>9</sat></trkpt>
  <trkpt lat="30.26997458" lon="120.12073262"><ele>18.705</ele><time>2026-06-01T18:28:00Z</time><sat>12</sat></trkpt>
  <trkpt lat="30.26997453" lon="120.12073261"><ele>18.704</ele><time>2026-06-01T18:28:03Z</time><sat>11</sat></trkpt>
  <trkpt lat="30.26997470" lon="120.12073261"><ele>18.709</ele><time>2026-06-01T18:28:06Z</time><sat>7</sat></trkpt>
  <trkpt lat="30.26997502" lon="120.12073259"><ele>18.716</ele><time>2026-06-01T18:28:09Z</time><sat>7</sat></trkpt>
  <trkpt lat="30.26997538" lon="120.12073258"><ele>18.726</ele><time>2026-06-01T18:28:12Z</time><sat>12</sat></trkpt>
  <trkpt lat="30.26997561" lon="120.12073258"><ele>18.733</ele><time>2026-06-01T18:28:15Z</time><sat>12</sat></trkpt>
  <trkpt lat="30.26997562" lon="120.12073259"><ele>18.733</ele><time>2026-06-01T18:28:18Z</time><sat>5</sat></trkpt>
  <trkpt lat="30.26997561" lon="120.12073258"><ele>18.732</ele><time>2026-06-01T18:28:21Z</time><sat>7</sat></trkpt>
  <trkpt lat="30.26997554" lon="120.12073261"><ele>18.731</ele><time>2026-06-01T18:28:24Z</time><sat>12</sat></trkpt>
  <trkpt lat="30.26997553" lon="120.12073260"><ele>18.731</ele><time>2026-06-01T18:28:27Z</time><sat>11</sat></trkpt>
  <trkpt lat="30.26997575" lon="120.12073258"><ele>18.736</ele><time>2026-06-01T18:28:30Z</time><sat>7</sat></trkpt>
  <trkpt lat="30.26997611" lon="120.12073255"><ele>18.746</ele><time>2026-06-01T18:28:33Z</time><sat>11</sat></trkpt>
  <trkpt lat="30.26997649" lon="120.12073257"><ele>18.757</ele><time>2026-06-01T18:28:36Z</time><sat>13</sat></trkpt>
  <trkpt lat="30.26997672" lon="120.12073253"><ele>18.763</ele><time>2026-06-01T18:28:39Z</time><sat>9</sat></trkpt>
  <trkpt lat="30.26997673" lon="120.12073247"><ele>18.764</ele><time>2026-06-01T18:28:42Z</time><sat>8</sat></trkpt>
  <trkpt lat="30.26997684" lon="120.12073264"><ele>18.768</ele><time>2026-06-01T18:28:45Z</time><sat>13</sat></trkpt>
  <trkpt lat="30.26997692" lon="120.12073268"><ele>18.769</ele><time>2026-06-01T18:28:48Z</time><sat>13</sat></trkpt>
  <trkpt lat="30.26997709" lon="120.12073275"><ele>18.776</ele><time>2026-06-01T18:28:51Z</time><sat>10</sat></trkpt>
  <trkpt lat="30.26997739" lon="120.12073272"><ele>18.785</ele><time>2026-06-01T18:28:54Z</time><sat>9</sat></trkpt>
  <trkpt lat="30.26997770" lon="120.12073267"><ele>18.794</ele><time>2026-06-01T18:28:57Z</time><sat>13</sat></trkpt>
  <trkpt lat="30.26997797" lon="120.12073264"><ele>18.801</ele><time>2026-06-01T18:29:00Z</time><sat>14</sat></trkpt>
  <trkpt lat="30.26997818" lon="120.12073262"><ele>18.807</ele><time>2026-06-01T18:29:03Z</time><sat>10</sat></trkpt>
  <trkpt lat="30.26997831" lon="120.12073261"><ele>18.810</ele><time>2026-06-01T18:29:06Z</time><sat>9</sat></trkpt>
  <trkpt lat="30.26997847" lon="120.12073264"><ele>18.814</ele><time>2026-06-01T18:29:09Z</time><sat>9</sat></trkpt>
  <trkpt lat="30.26997864" lon="120.12073265"><ele>18.819</ele><time>2026-06-01T18:29:12Z</time><sat>10</sat></trkpt>
  <trkpt lat="30.26997889" lon="120.12073263"><ele>18.827</ele><time>2026-06-01T18:29:15Z</time><sat>9</sat></trkpt>
  <trkpt lat="30.26997916" lon="120.12073265"><ele>18.833</ele><time>2026-06-01T18:29:18Z</time><sat>9</sat></trkpt>
  <trkpt lat="30.26997945" lon="120.12073262"><ele>18.841</ele><time>2026-06-01T18:29:21Z</time><sat>11</sat></trkpt>
  <trkpt lat="30.26997963" lon="120.12073260"><ele>18.848</ele><time>2026-06-01T18:29:24Z</time><sat>11</sat></trkpt>
  <trkpt lat="30.26997984" lon="120.12073246"><ele>18.853</ele><time>2026-06-01T18:29:27Z</time><sat>10</sat></trkpt>
  <trkpt lat="30.26997990" lon="120.12073233"><ele>18.855</ele><time>2026-06-01T18:29:30Z</time><sat>9</sat></trkpt>
  <trkpt lat="30.26998003" lon="120.12073241"><ele>18.859</ele><time>2026-06-01T18:29:33Z</time><sat>10</sat></trkpt>
  <trkpt lat="30.26998006" lon="120.12073229"><ele>18.861</ele><time>2026-06-01T18:29:36Z</time><sat>10</sat></trkpt>
  <trkpt lat="30.26998013" lon="120.12073219"><ele>18.863</ele><time>2026-06-01T18:29:39Z</time><sat>10</sat></trkpt>
  <trkpt lat="30.26998025" lon="120.12073205"><ele>18.866</ele><time>2026-06-01T18:29:42Z</time><sat>10</sat></trkpt>
  <trkpt lat="30.26998049" lon="120.12073218"><ele>18.873</ele><time>2026-06-01T18:29:45Z</time><sat>12</sat></trkpt>
  <trkpt lat="30.26998074" lon="120.12073223"><ele>18.881</ele><time>2026-06-01T18:29:48Z</time><sat>12</sat></trkpt>
  <trkpt lat="30.26998096" lon="120.12073221"><ele>18.888</ele><time>2026-06-01T18:29:51Z</time><sat>11</sat></trkpt>
  <trkpt lat="30.26998113" lon="120.12073222"><ele>18.893</ele><time>2026-06-01T18:29:54Z</time><sat>10</sat></trkpt>
  <trkpt lat="30.26998123" lon="120.12073222"><ele>18.896</ele><time>2026-06-01T18:29:57Z</time><sat>12</sat></trkpt>
  <trkpt lat="30.26998122" lon="120.12073217"><ele>18.898</ele><time>2026-06-01T18:30:00Z</time><sat>15</sat></trkpt>
  <trkpt lat="30.26998121" lon="120.12073218"><ele>18.898</ele><time>2026-06-01T18:30:03Z</time><sat>13</sat></trkpt>
  <trkpt lat="30.26998127" lon="120.12073217"><ele>18.900</ele><time>2026-06-01T18:30:06Z</time><sat>12</sat></trkpt>
  <trkpt lat="30.26998123" lon="120.12073216"><ele>18.900</ele><time>2026-06-01T18:30:09Z</time><sat>11</sat></trkpt>
  <trkpt lat="30.26998135" lon="120.12073214"><ele>18.905</ele><time>2026-06-01T18:30:12Z</time><sat>9</sat></trkpt>
  <trkpt lat="30.26998160" lon="120.12073209"><ele>18.911</ele><time>2026-06-01T18:30:15Z</time><sat>11</sat></trkpt>
  <trkpt lat="30.26998182" lon="120.12073207"><ele>18.917</ele><time>2026-06-01T18:30:18Z</time><sat>12</sat></trkpt>
  <trkpt lat="30.26998198" lon="120.12073206"><ele>18.922</ele><time>2026-06-01T18:30:21Z</time><sat>11</sat></trkpt>
  <trkpt lat="30.26998199" lon="120.12073206"><ele>18.922</ele><time>2026-06-01T18:30:24Z</time><sat>10</sat></trkpt>
  <trkpt lat="30.26998194" lon="120.12073212"><ele>18.921</ele><time>2026-06-01T18:30:27Z</time><sat>11</sat></trkpt>
  <trkpt lat="30.26998191" lon="120.12073207"><ele>18.922</ele><time>2026-06-01T18:30:30Z</time><sat>13</sat></trkpt>
  <trkpt lat="30.26998197" lon="120.12073191"><ele>18.923</ele><time>2026-06-01T18:30:33Z</time><sat>11</sat></trkpt>
  <trkpt lat="30.26998208" lon="120.12073179"><ele>18.927</ele><time>2026-06-01T18:30:36Z</time><sat>11</sat></trkpt>
  <trkpt lat="30.26998234" lon="120.12073168"><ele>18.934</ele><time>2026-06-01T18:30:39Z</time><sat>11</sat></trkpt>
  <trkpt lat="30.26998265" lon="120.12073159"><ele>18.943</ele><time>2026-06-01T18:30:42Z</time><sat>11</sat></trkpt>
  <trkpt lat="30.26998274" lon="120.12073136"><ele>18.946</ele><time>2026-06-01T18:30:45Z</time><sat>11</sat></trkpt>
  <trkpt lat="30.26998287" lon="120.12073132"><ele>18.949</ele><time>2026-06-01T18:30:48Z</time><sat>9</sat></trkpt>
  <trkpt lat="30.26998290" lon="120.12073131"><ele>18.951</ele><time>2026-06-01T18:30:51Z</time><sat>9</sat></trkpt>
  <trkpt lat="30.26998292" lon="120.12073133"><ele>18.952</ele><time>2026-06-01T18:30:54Z</time><sat>11</sat></trkpt>
  <trkpt lat="30.26998308" lon="120.12073133"><ele>18.956</ele><time>2026-06-01T18:30:57Z</time><sat>10</sat></trkpt>
  <trkpt lat="30.26998323" lon="120.12073131"><ele>18.961</ele><time>2026-06-01T18:31:00Z</time><sat>9</sat></trkpt>
  <trkpt lat="30.26998335" lon="120.12073138"><ele>18.969</ele><time>2026-06-01T18:31:03Z</time><sat>10</sat></trkpt>
  <trkpt lat="30.26998361" lon="120.12073136"><ele>18.977</ele><time>2026-06-01T18:31:06Z</time><sat>11</sat></trkpt>
  <trkpt lat="30.26998368" lon="120.12073136"><ele>18.978</ele><time>2026-06-01T18:31:09Z</time><sat>10</sat></trkpt>
  <trkpt lat="30.26998368" lon="120.12073137"><ele>18.978</ele><time>2026-06-01T18:31:12Z</time><sat>10</sat></trkpt>
  <trkpt lat="30.26998359" lon="120.12073138"><ele>18.975</ele><time>2026-06-01T18:31:15Z</time><sat>9</sat></trkpt>
  <trkpt lat="30.26998358" lon="120.12073137"><ele>18.975</ele><time>2026-06-01T18:31:18Z</time><sat>6</sat></trkpt>
  <trkpt lat="30.26998368" lon="120.12073137"><ele>18.977</ele><time>2026-06-01T18:31:21Z</time><sat>8</sat></trkpt>
  <trkpt lat="30.26998384" lon="120.12073135"><ele>18.982</ele><time>2026-06-01T18:31:24Z</time><sat>10</sat></trkpt>
  <trkpt lat="30.26998408" lon="120.12073127"><ele>18.989</ele><time>2026-06-01T18:31:27Z</time><sat>8</sat></trkpt>
  <trkpt lat="30.26998438" lon="120.12073116"><ele>18.997</ele><time>2026-06-01T18:31:30Z</time><sat>10</sat></trkpt>
  <trkpt lat="30.26998449" lon="120.12073118"><ele>19.000</ele><time>2026-06-01T18:31:33Z</time><sat>11</sat></trkpt>
  <trkpt lat="30.26998456" lon="120.12073117"><ele>19.003</ele><time>2026-06-01T18:31:36Z</time><sat>10</sat></trkpt>
  <trkpt lat="30.26998459" lon="120.12073114"><ele>19.004</ele><time>2026-06-01T18:31:39Z</time><sat>8</sat></trkpt>
  <trkpt lat="30.26998469" lon="120.12073113"><ele>19.007</ele><time>2026-06-01T18:31:42Z</time><sat>10</sat></trkpt>
  <trkpt lat="30.26998475" lon="120.12073116"><ele>19.010</ele><time>2026-06-01T18:31:45Z</time><sat>11</sat></trkpt>
  <trkpt lat="30.26998493" lon="120.12073117"><ele>19.014</ele><time>2026-06-01T18:31:48Z</time><sat>10</sat></trkpt>
  <trkpt lat="30.26998522" lon="120.12073113"><ele>19.023</ele><time>2026-06-01T18:31:51Z</time><sat>9</sat></trkpt>
  <trkpt lat="30.26998549" lon="120.12073114"><ele>19.030</ele><time>2026-06-01T18:31:54Z</time><sat>9</sat></trkpt>
  <trkpt lat="30.26998572" lon="120.12073112"><ele>19.034</ele><time>2026-06-01T18:31:57Z</time><sat>10</sat></trkpt>
  <trkpt lat="30.26998576" lon="120.12073111"><ele>19.035</ele><time>2026-06-01T18:32:00Z</time><sat>10</sat></trkpt>
  <trkpt lat="30.26998583" lon="120.12073113"><ele>19.036</ele><time>2026-06-01T18:32:03Z</time><sat>9</sat></trkpt>
  <trkpt lat="30.26998588" lon="120.12073112"><ele>19.038</ele><time>2026-06-01T18:32:06Z</time><sat>8</sat></trkpt>
  <trkpt lat="30.26998602" lon="120.12073109"><ele>19.041</ele><time>2026-06-01T18:32:09Z</time><sat>6</sat></trkpt>
  <trkpt lat="30.26998635" lon="120.12073095"><ele>19.044</ele><time>2026-06-01T18:32:12Z</time><sat>8</sat></trkpt>
  <trkpt lat="30.26998648" lon="120.12073093"><ele>19.050</ele><time>2026-06-01T18:32:15Z</time><sat>12</sat></trkpt>
  <trkpt lat="30.26998704" lon="120.12073061"><ele>19.050</ele><time>2026-06-01T18:32:18Z</time><sat>12</sat></trkpt>
  <trkpt lat="30.26998532" lon="120.12073157"><ele>19.077</ele><time>2026-06-01T18:32:21Z</time><sat>13</sat></trkpt>
  <trkpt lat="30.26998542" lon="120.12073136"><ele>19.076</ele><time>2026-06-01T18:32:24Z</time><sat>14</sat></trkpt>
  <trkpt lat="30.26998536" lon="120.12073135"><ele>19.074</ele><time>2026-06-01T18:32:27Z</time><sat>15</sat></trkpt>
  <trkpt lat="30.26998532" lon="120.12073129"><ele>19.073</ele><time>2026-06-01T18:32:30Z</time><sat>13</sat></trkpt>
  <trkpt lat="30.26998481" lon="120.12073160"><ele>19.083</ele><time>2026-06-01T18:32:33Z</time><sat>12</sat></trkpt>
  <trkpt lat="30.26998506" lon="120.12073148"><ele>19.089</ele><time>2026-06-01T18:32:36Z</time><sat>14</sat></trkpt>
  <trkpt lat="30.26998582" lon="120.12073109"><ele>19.086</ele><time>2026-06-01T18:32:39Z</time><sat>15</sat></trkpt>
  <trkpt lat="30.26998599" lon="120.12073091"><ele>19.090</ele><time>2026-06-01T18:32:42Z</time><sat>14</sat></trkpt>
  <trkpt lat="30.26998602" lon="120.12073081"><ele>19.089</ele><time>2026-06-01T18:32:45Z</time><sat>14</sat></trkpt>
  <trkpt lat="30.26998619" lon="120.12073037"><ele>19.089</ele><time>2026-06-01T18:32:48Z</time><sat>15</sat></trkpt>
  <trkpt lat="30.26998724" lon="120.12072976"><ele>19.080</ele><time>2026-06-01T18:32:51Z</time><sat>11</sat></trkpt>
  <trkpt lat="30.26998736" lon="120.12072987"><ele>19.087</ele><time>2026-06-01T18:32:54Z</time><sat>12</sat></trkpt>
  <trkpt lat="30.26998754" lon="120.12072977"><ele>19.094</ele><time>2026-06-01T18:32:57Z</time><sat>16</sat></trkpt>
  <trkpt lat="30.26998761" lon="120.12072949"><ele>19.095</ele><time>2026-06-01T18:33:00Z</time><sat>13</sat></trkpt>
  <trkpt lat="30.26998649" lon="120.12072999"><ele>19.115</ele><time>2026-06-01T18:33:03Z</time><sat>10</sat></trkpt>
  <trkpt lat="30.26998653" lon="120.12072982"><ele>19.115</ele><time>2026-06-01T18:33:06Z</time><sat>13</sat></trkpt>
  <trkpt lat="30.26998655" lon="120.12072961"><ele>19.115</ele><time>2026-06-01T18:33:09Z</time><sat>13</sat></trkpt>
  <trkpt lat="30.26998663" lon="120.12072937"><ele>19.116</ele><time>2026-06-01T18:33:12Z</time><sat>13</sat></trkpt>
  <trkpt lat="30.26998739" lon="120.12072889"><ele>19.107</ele><time>2026-06-01T18:33:15Z</time><sat>12</sat></trkpt>
  <trkpt lat="30.26998737" lon="120.12072902"><ele>19.110</ele><time>2026-06-01T18:33:18Z</time><sat>11</sat></trkpt>
  <trkpt lat="30.26998736" lon="120.12072913"><ele>19.114</ele><time>2026-06-01T18:33:21Z</time><sat>13</sat></trkpt>
  <trkpt lat="30.26998739" lon="120.12072910"><ele>19.116</ele><time>2026-06-01T18:33:24Z</time><sat>13</sat></trkpt>
  <trkpt lat="30.26998734" lon="120.12072906"><ele>19.117</ele><time>2026-06-01T18:33:27Z</time><sat>12</sat></trkpt>
  <trkpt lat="30.26998729" lon="120.12072909"><ele>19.118</ele><time>2026-06-01T18:33:30Z</time><sat>11</sat></trkpt>
  <trkpt lat="30.26998728" lon="120.12072904"><ele>19.119</ele><time>2026-06-01T18:33:33Z</time><sat>14</sat></trkpt>
  <trkpt lat="30.26998724" lon="120.12072916"><ele>19.122</ele><time>2026-06-01T18:33:36Z</time><sat>14</sat></trkpt>
  <trkpt lat="30.26998728" lon="120.12072913"><ele>19.126</ele><time>2026-06-01T18:33:39Z</time><sat>13</sat></trkpt>
  <trkpt lat="30.26998736" lon="120.12072901"><ele>19.129</ele><time>2026-06-01T18:33:42Z</time><sat>13</sat></trkpt>
  <trkpt lat="30.26998742" lon="120.12072886"><ele>19.129</ele><time>2026-06-01T18:33:45Z</time><sat>13</sat></trkpt>
  <trkpt lat="30.26998745" lon="120.12072885"><ele>19.131</ele><time>2026-06-01T18:33:48Z</time><sat>13</sat></trkpt>
  <trkpt lat="30.26998748" lon="120.12072889"><ele>19.134</ele><time>2026-06-01T18:33:51Z</time><sat>12</sat></trkpt>
  <trkpt lat="30.26998752" lon="120.12072861"><ele>19.134</ele><time>2026-06-01T18:33:54Z</time><sat>14</sat></trkpt>
  <trkpt lat="30.26998761" lon="120.12072849"><ele>19.136</ele><time>2026-06-01T18:33:57Z</time><sat>14</sat></trkpt>
  <trkpt lat="30.26998776" lon="120.12072815"><ele>19.139</ele><time>2026-06-01T18:34:00Z</time><sat>13</sat></trkpt>
  <trkpt lat="30.26998777" lon="120.12072812"><ele>19.141</ele><time>2026-06-01T18:34:03Z</time><sat>13</sat></trkpt>
  <trkpt lat="30.26998775" lon="120.12072816"><ele>19.142</ele><time>2026-06-01T18:34:06Z</time><sat>11</sat></trkpt>
  <trkpt lat="30.26998782" lon="120.12072814"><ele>19.145</ele><time>2026-06-01T18:34:09Z</time><sat>11</sat></trkpt>
  <trkpt lat="30.26998786" lon="120.12072815"><ele>19.147</ele><time>2026-06-01T18:34:12Z</time><sat>13</sat></trkpt>
  <trkpt lat="30.26998790" lon="120.12072818"><ele>19.149</ele><time>2026-06-01T18:34:15Z</time><sat>13</sat></trkpt>
  <trkpt lat="30.26998790" lon="120.12072820"><ele>19.148</ele><time>2026-06-01T18:34:18Z</time><sat>11</sat></trkpt>
  <trkpt lat="30.26998795" lon="120.12072824"><ele>19.149</ele><time>2026-06-01T18:34:21Z</time><sat>14</sat></trkpt>
  <trkpt lat="30.26998801" lon="120.12072823"><ele>19.150</ele><time>2026-06-01T18:34:24Z</time><sat>14</sat></trkpt>
  <trkpt lat="30.26998808" lon="120.12072820"><ele>19.151</ele><time>2026-06-01T18:34:27Z</time><sat>12</sat></trkpt>
  <trkpt lat="30.26998815" lon="120.12072816"><ele>19.153</ele><time>2026-06-01T18:34:30Z</time><sat>11</sat></trkpt>
  <trkpt lat="30.26998821" lon="120.12072813"><ele>19.155</ele><time>2026-06-01T18:34:33Z</time><sat>12</sat></trkpt>
  <trkpt lat="30.26998823" lon="120.12072813"><ele>19.155</ele><time>2026-06-01T18:34:36Z</time><sat>12</sat></trkpt>
  <trkpt lat="30.26998826" lon="120.12072815"><ele>19.155</ele><time>2026-06-01T18:34:39Z</time><sat>12</sat></trkpt>
  <trkpt lat="30.26998829" lon="120.12072810"><ele>19.154</ele><time>2026-06-01T18:34:42Z</time><sat>11</sat></trkpt>
  <trkpt lat="30.26998825" lon="120.12072813"><ele>19.153</ele><time>2026-06-01T18:34:45Z</time><sat>12</sat></trkpt>
  <trkpt lat="30.26998830" lon="120.12072809"><ele>19.155</ele><time>2026-06-01T18:34:48Z</time><sat>14</sat></trkpt>
  <trkpt lat="30.26998840" lon="120.12072795"><ele>19.157</ele><time>2026-06-01T18:34:51Z</time><sat>13</sat></trkpt>
  <trkpt lat="30.26998841" lon="120.12072799"><ele>19.159</ele><time>2026-06-01T18:34:54Z</time><sat>14</sat></trkpt>
  <trkpt lat="30.26998845" lon="120.12072795"><ele>19.160</ele><time>2026-06-01T18:34:57Z</time><sat>14</sat></trkpt>
  <trkpt lat="30.26998846" lon="120.12072801"><ele>19.161</ele><time>2026-06-01T18:35:00Z</time><sat>13</sat></trkpt>
  <trkpt lat="30.26998853" lon="120.12072794"><ele>19.161</ele><time>2026-06-01T18:35:03Z</time><sat>14</sat></trkpt>
  <trkpt lat="30.26998854" lon="120.12072793"><ele>19.161</ele><time>2026-06-01T18:35:06Z</time><sat>13</sat></trkpt>
  <trkpt lat="30.26998858" lon="120.12072787"><ele>19.161</ele><time>2026-06-01T18:35:09Z</time><sat>11</sat></trkpt>
  <trkpt lat="30.26998860" lon="120.12072792"><ele>19.162</ele><time>2026-06-01T18:35:12Z</time><sat>12</sat></trkpt>
  <trkpt lat="30.26998860" lon="120.12072788"><ele>19.162</ele><time>2026-06-01T18:35:15Z</time><sat>13</sat></trkpt>
  <trkpt lat="30.26998863" lon="120.12072792"><ele>19.163</ele><time>2026-06-01T18:35:18Z</time><sat>14</sat></trkpt>
  <trkpt lat="30.26998863" lon="120.12072790"><ele>19.164</ele><time>2026-06-01T18:35:21Z</time><sat>12</sat></trkpt>
  <trkpt lat="30.26998870" lon="120.12072786"><ele>19.166</ele><time>2026-06-01T18:35:24Z</time><sat>12</sat></trkpt>
  <trkpt lat="30.26998868" lon="120.12072784"><ele>19.168</ele><time>2026-06-01T18:35:27Z</time><sat>13</sat></trkpt>
  <trkpt lat="30.26998868" lon="120.12072782"><ele>19.171</ele><time>2026-06-01T18:35:30Z</time><sat>14</sat></trkpt>
  <trkpt lat="30.26998865" lon="120.12072777"><ele>19.174</ele><time>2026-06-01T18:35:33Z</time><sat>12</sat></trkpt>
  <trkpt lat="30.26998864" lon="120.12072770"><ele>19.178</ele><time>2026-06-01T18:35:36Z</time><sat>12</sat></trkpt>
  <trkpt lat="30.26998855" lon="120.12072763"><ele>19.182</ele><time>2026-06-01T18:35:39Z</time><sat>15</sat></trkpt>
  <trkpt lat="30.26998857" lon="120.12072759"><ele>19.184</ele><time>2026-06-01T18:35:42Z</time><sat>12</sat></trkpt>
  <trkpt lat="30.26998867" lon="120.12072758"><ele>19.187</ele><time>2026-06-01T18:35:45Z</time><sat>10</sat></trkpt>
  <trkpt lat="30.26998876" lon="120.12072753"><ele>19.189</ele><time>2026-06-01T18:35:48Z</time><sat>14</sat></trkpt>
  <trkpt lat="30.26998880" lon="120.12072756"><ele>19.191</ele><time>2026-06-01T18:35:51Z</time><sat>14</sat></trkpt>
  <trkpt lat="30.26998883" lon="120.12072761"><ele>19.192</ele><time>2026-06-01T18:35:54Z</time><sat>13</sat></trkpt>
  <trkpt lat="30.26998891" lon="120.12072750"><ele>19.190</ele><time>2026-06-01T18:35:57Z</time><sat>16</sat></trkpt>
  <trkpt lat="30.26998903" lon="120.12072736"><ele>19.190</ele><time>2026-06-01T18:36:00Z</time><sat>16</sat></trkpt>
  <trkpt lat="30.26998907" lon="120.12072738"><ele>19.191</ele><time>2026-06-01T18:36:03Z</time><sat>12</sat></trkpt>
  <trkpt lat="30.26998891" lon="120.12072734"><ele>19.195</ele><time>2026-06-01T18:36:06Z</time><sat>11</sat></trkpt>
  <trkpt lat="30.26998890" lon="120.12072737"><ele>19.200</ele><time>2026-06-01T18:36:09Z</time><sat>13</sat></trkpt>
  <trkpt lat="30.26998878" lon="120.12072735"><ele>19.204</ele><time>2026-06-01T18:36:12Z</time><sat>15</sat></trkpt>
  <trkpt lat="30.26998866" lon="120.12072730"><ele>19.201</ele><time>2026-06-01T18:36:15Z</time><sat>15</sat></trkpt>
  <trkpt lat="30.26998853" lon="120.12072725"><ele>19.197</ele><time>2026-06-01T18:36:18Z</time><sat>14</sat></trkpt>
  <trkpt lat="30.26998836" lon="120.12072718"><ele>19.196</ele><time>2026-06-01T18:36:21Z</time><sat>13</sat></trkpt>
  <trkpt lat="30.26998825" lon="120.12072711"><ele>19.196</ele><time>2026-06-01T18:36:24Z</time><sat>15</sat></trkpt>
  <trkpt lat="30.26998825" lon="120.12072701"><ele>19.197</ele><time>2026-06-01T18:36:27Z</time><sat>16</sat></trkpt>
  <trkpt lat="30.26998827" lon="120.12072689"><ele>19.202</ele><time>2026-06-01T18:36:30Z</time><sat>13</sat></trkpt>
  <trkpt lat="30.26998833" lon="120.12072689"><ele>19.208</ele><time>2026-06-01T18:36:33Z</time><sat>12</sat></trkpt>
  <trkpt lat="30.26998833" lon="120.12072689"><ele>19.207</ele><time>2026-06-01T18:36:36Z</time><sat>13</sat></trkpt>
  <trkpt lat="30.26998821" lon="120.12072677"><ele>19.201</ele><time>2026-06-01T18:36:39Z</time><sat>13</sat></trkpt>
  <trkpt lat="30.26998805" lon="120.12072668"><ele>19.196</ele><time>2026-06-01T18:36:42Z</time><sat>11</sat></trkpt>
  <trkpt lat="30.26998796" lon="120.12072661"><ele>19.192</ele><time>2026-06-01T18:36:45Z</time><sat>12</sat></trkpt>
  <trkpt lat="30.26998795" lon="120.12072659"><ele>19.191</ele><time>2026-06-01T18:36:48Z</time><sat>11</sat></trkpt>
  <trkpt lat="30.26998797" lon="120.12072655"><ele>19.191</ele><time>2026-06-01T18:36:51Z</time><sat>10</sat></trkpt>
  <trkpt lat="30.26998846" lon="120.12072397"><ele>19.203</ele><time>2026-06-01T18:36:54Z</time><sat>12</sat></trkpt>
  <trkpt lat="30.26998854" lon="120.12072398"><ele>19.205</ele><time>2026-06-01T18:36:57Z</time><sat>13</sat></trkpt>
  <trkpt lat="30.26998849" lon="120.12072398"><ele>19.204</ele><time>2026-06-01T18:37:00Z</time><sat>11</sat></trkpt>
  <trkpt lat="30.26998835" lon="120.12072410"><ele>19.200</ele><time>2026-06-01T18:37:03Z</time><sat>10</sat></trkpt>
  <trkpt lat="30.26998820" lon="120.12072402"><ele>19.194</ele><time>2026-06-01T18:37:06Z</time><sat>10</sat></trkpt>
  <trkpt lat="30.26998804" lon="120.12072396"><ele>19.189</ele><time>2026-06-01T18:37:09Z</time><sat>10</sat></trkpt>
  <trkpt lat="30.26998742" lon="120.12072355"><ele>19.198</ele><time>2026-06-01T18:37:12Z</time><sat>8</sat></trkpt>
  <trkpt lat="30.26998628" lon="120.12072270"><ele>19.225</ele><time>2026-06-01T18:37:15Z</time><sat>9</sat></trkpt>
  <trkpt lat="30.26998591" lon="120.12072240"><ele>19.234</ele><time>2026-06-01T18:37:18Z</time><sat>11</sat></trkpt>
  <trkpt lat="30.26998525" lon="120.12072196"><ele>19.247</ele><time>2026-06-01T18:37:21Z</time><sat>11</sat></trkpt>
  <trkpt lat="30.26998519" lon="120.12072199"><ele>19.247</ele><time>2026-06-01T18:37:24Z</time><sat>12</sat></trkpt>
  <trkpt lat="30.26998502" lon="120.12072199"><ele>19.239</ele><time>2026-06-01T18:37:27Z</time><sat>13</sat></trkpt>
  <trkpt lat="30.26998483" lon="120.12072203"><ele>19.234</ele><time>2026-06-01T18:37:30Z</time><sat>11</sat></trkpt>
  <trkpt lat="30.26998474" lon="120.12072220"><ele>19.229</ele><time>2026-06-01T18:37:33Z</time><sat>13</sat></trkpt>
  <trkpt lat="30.26998467" lon="120.12072225"><ele>19.228</ele><time>2026-06-01T18:37:36Z</time><sat>13</sat></trkpt>
  <trkpt lat="30.26998467" lon="120.12072225"><ele>19.228</ele><time>2026-06-01T18:37:39Z</time><sat>14</sat></trkpt>
  <trkpt lat="30.26998463" lon="120.12072237"><ele>19.228</ele><time>2026-06-01T18:37:42Z</time><sat>13</sat></trkpt>
  <trkpt lat="30.26998457" lon="120.12072233"><ele>19.228</ele><time>2026-06-01T18:37:45Z</time><sat>11</sat></trkpt>
  <trkpt lat="30.26998450" lon="120.12072229"><ele>19.228</ele><time>2026-06-01T18:37:48Z</time><sat>14</sat></trkpt>
  <trkpt lat="30.26998445" lon="120.12072222"><ele>19.227</ele><time>2026-06-01T18:37:51Z</time><sat>14</sat></trkpt>
  <trkpt lat="30.26998441" lon="120.12072217"><ele>19.227</ele><time>2026-06-01T18:37:54Z</time><sat>14</sat></trkpt>
  <trkpt lat="30.26998424" lon="120.12072202"><ele>19.225</ele><time>2026-06-01T18:37:57Z</time><sat>14</sat></trkpt>
  <trkpt lat="30.26998405" lon="120.12072196"><ele>19.221</ele><time>2026-06-01T18:38:00Z</time><sat>14</sat></trkpt>
  <trkpt lat="30.26998391" lon="120.12072185"><ele>19.219</ele><time>2026-06-01T18:38:03Z</time><sat>14</sat></trkpt>
  <trkpt lat="30.26998387" lon="120.12072177"><ele>19.218</ele><time>2026-06-01T18:38:06Z</time><sat>14</sat></trkpt>
  <trkpt lat="30.26998385" lon="120.12072172"><ele>19.218</ele><time>2026-06-01T18:38:09Z</time><sat>13</sat></trkpt>
  <trkpt lat="30.26998378" lon="120.12072175"><ele>19.218</ele><time>2026-06-01T18:38:12Z</time><sat>15</sat></trkpt>
  <trkpt lat="30.26998375" lon="120.12072166"><ele>19.218</ele><time>2026-06-01T18:38:15Z</time><sat>16</sat></trkpt>
  <trkpt lat="30.26998369" lon="120.12072168"><ele>19.218</ele><time>2026-06-01T18:38:18Z</time><sat>15</sat></trkpt>
  <trkpt lat="30.26998362" lon="120.12072166"><ele>19.215</ele><time>2026-06-01T18:38:21Z</time><sat>13</sat></trkpt>
  <trkpt lat="30.26998365" lon="120.12072156"><ele>19.216</ele><time>2026-06-01T18:38:24Z</time><sat>12</sat></trkpt>
  <trkpt lat="30.26998368" lon="120.12072151"><ele>19.217</ele><time>2026-06-01T18:38:27Z</time><sat>13</sat></trkpt>
  <trkpt lat="30.26998362" lon="120.12072151"><ele>19.217</ele><time>2026-06-01T18:38:30Z</time><sat>14</sat></trkpt>
  <trkpt lat="30.26998367" lon="120.12072144"><ele>19.217</ele><time>2026-06-01T18:38:33Z</time><sat>12</sat></trkpt>
  <trkpt lat="30.26998369" lon="120.12072139"><ele>19.218</ele><time>2026-06-01T18:38:36Z</time><sat>11</sat></trkpt>
  <trkpt lat="30.26998371" lon="120.12072134"><ele>19.219</ele><time>2026-06-01T18:38:39Z</time><sat>11</sat></trkpt>
  <trkpt lat="30.26998372" lon="120.12072132"><ele>19.221</ele><time>2026-06-01T18:38:42Z</time><sat>11</sat></trkpt>
  <trkpt lat="30.26998374" lon="120.12072131"><ele>19.222</ele><time>2026-06-01T18:38:45Z</time><sat>11</sat></trkpt>
  <trkpt lat="30.26998364" lon="120.12072119"><ele>19.219</ele><time>2026-06-01T18:38:48Z</time><sat>12</sat></trkpt>
  <trkpt lat="30.26998344" lon="120.12072108"><ele>19.215</ele><time>2026-06-01T18:38:51Z</time><sat>15</sat></trkpt>
  <trkpt lat="30.26998322" lon="120.12072096"><ele>19.213</ele><time>2026-06-01T18:38:54Z</time><sat>16</sat></trkpt>
  <trkpt lat="30.26998309" lon="120.12072086"><ele>19.213</ele><time>2026-06-01T18:38:57Z</time><sat>14</sat></trkpt>
  <trkpt lat="30.26998306" lon="120.12072080"><ele>19.219</ele><time>2026-06-01T18:39:00Z</time><sat>15</sat></trkpt>
  <trkpt lat="30.26998303" lon="120.12072075"><ele>19.229</ele><time>2026-06-01T18:39:03Z</time><sat>14</sat></trkpt>
  <trkpt lat="30.26998302" lon="120.12072067"><ele>19.239</ele><time>2026-06-01T18:39:06Z</time><sat>14</sat></trkpt>
  <trkpt lat="30.26998280" lon="120.12072052"><ele>19.239</ele><time>2026-06-01T18:39:09Z</time><sat>13</sat></trkpt>
  <trkpt lat="30.26998249" lon="120.12072034"><ele>19.236</ele><time>2026-06-01T18:39:12Z</time><sat>12</sat></trkpt>
  <trkpt lat="30.26998218" lon="120.12072014"><ele>19.231</ele><time>2026-06-01T18:39:15Z</time><sat>14</sat></trkpt>
  <trkpt lat="30.26998186" lon="120.12071999"><ele>19.226</ele><time>2026-06-01T18:39:18Z</time><sat>13</sat></trkpt>
  <trkpt lat="30.26998169" lon="120.12071987"><ele>19.225</ele><time>2026-06-01T18:39:21Z</time><sat>11</sat></trkpt>
  <trkpt lat="30.26998161" lon="120.12071981"><ele>19.226</ele><time>2026-06-01T18:39:24Z</time><sat>13</sat></trkpt>
  <trkpt lat="30.26998158" lon="120.12071977"><ele>19.234</ele><time>2026-06-01T18:39:27Z</time><sat>16</sat></trkpt>
  <trkpt lat="30.26998167" lon="120.12071976"><ele>19.240</ele><time>2026-06-01T18:39:30Z</time><sat>13</sat></trkpt>
  <trkpt lat="30.26998156" lon="120.12071965"><ele>19.246</ele><time>2026-06-01T18:39:33Z</time><sat>10</sat></trkpt>
  <trkpt lat="30.26998141" lon="120.12071952"><ele>19.242</ele><time>2026-06-01T18:39:36Z</time><sat>14</sat></trkpt>
  <trkpt lat="30.26998127" lon="120.12071945"><ele>19.239</ele><time>2026-06-01T18:39:39Z</time><sat>15</sat></trkpt>
  <trkpt lat="30.26998109" lon="120.12071933"><ele>19.237</ele><time>2026-06-01T18:39:42Z</time><sat>10</sat></trkpt>
  <trkpt lat="30.26998095" lon="120.12071924"><ele>19.233</ele><time>2026-06-01T18:39:45Z</time><sat>9</sat></trkpt>
  <trkpt lat="30.26998090" lon="120.12071915"><ele>19.236</ele><time>2026-06-01T18:39:48Z</time><sat>11</sat></trkpt>
  <trkpt lat="30.26998105" lon="120.12071911"><ele>19.245</ele><time>2026-06-01T18:39:51Z</time><sat>12</sat></trkpt>
  <trkpt lat="30.26998111" lon="120.12071910"><ele>19.252</ele><time>2026-06-01T18:39:54Z</time><sat>10</sat></trkpt>
  <trkpt lat="30.26998088" lon="120.12071902"><ele>19.252</ele><time>2026-06-01T18:39:57Z</time><sat>10</sat></trkpt>
  <trkpt lat="30.26998066" lon="120.12071895"><ele>19.247</ele><time>2026-06-01T18:40:00Z</time><sat>10</sat></trkpt>
  <trkpt lat="30.26998053" lon="120.12071881"><ele>19.245</ele><time>2026-06-01T18:40:03Z</time><sat>11</sat></trkpt>
  <trkpt lat="30.26998032" lon="120.12071877"><ele>19.240</ele><time>2026-06-01T18:40:06Z</time><sat>14</sat></trkpt>
  <trkpt lat="30.26998018" lon="120.12071885"><ele>19.237</ele><time>2026-06-01T18:40:09Z</time><sat>14</sat></trkpt>
  <trkpt lat="30.26997987" lon="120.12071885"><ele>19.230</ele><time>2026-06-01T18:40:12Z</time><sat>11</sat></trkpt>
  <trkpt lat="30.26997955" lon="120.12071899"><ele>19.220</ele><time>2026-06-01T18:40:15Z</time><sat>13</sat></trkpt>
  <trkpt lat="30.26997938" lon="120.12071909"><ele>19.217</ele><time>2026-06-01T18:40:18Z</time><sat>16</sat></trkpt>
  <trkpt lat="30.26997937" lon="120.12071933"><ele>19.219</ele><time>2026-06-01T18:40:21Z</time><sat>15</sat></trkpt>
  <trkpt lat="30.26997931" lon="120.12071962"><ele>19.219</ele><time>2026-06-01T18:40:24Z</time><sat>12</sat></trkpt>
  <trkpt lat="30.26997916" lon="120.12071972"><ele>19.216</ele><time>2026-06-01T18:40:27Z</time><sat>14</sat></trkpt>
  <trkpt lat="30.26997910" lon="120.12071986"><ele>19.214</ele><time>2026-06-01T18:40:30Z</time><sat>15</sat></trkpt>
  <trkpt lat="30.26997895" lon="120.12072011"><ele>19.209</ele><time>2026-06-01T18:40:33Z</time><sat>13</sat></trkpt>
  <trkpt lat="30.26997880" lon="120.12072022"><ele>19.207</ele><time>2026-06-01T18:40:36Z</time><sat>10</sat></trkpt>
  <trkpt lat="30.26997876" lon="120.12072026"><ele>19.208</ele><time>2026-06-01T18:40:39Z</time><sat>12</sat></trkpt>
  <trkpt lat="30.26997869" lon="120.12072025"><ele>19.207</ele><time>2026-06-01T18:40:42Z</time><sat>13</sat></trkpt>
  <trkpt lat="30.26997862" lon="120.12072014"><ele>19.206</ele><time>2026-06-01T18:40:45Z</time><sat>14</sat></trkpt>
  <trkpt lat="30.26997849" lon="120.12072022"><ele>19.204</ele><time>2026-06-01T18:40:48Z</time><sat>14</sat></trkpt>
  <trkpt lat="30.26997841" lon="120.12072026"><ele>19.204</ele><time>2026-06-01T18:40:51Z</time><sat>14</sat></trkpt>
  <trkpt lat="30.26997835" lon="120.12072023"><ele>19.203</ele><time>2026-06-01T18:40:54Z</time><sat>12</sat></trkpt>
  <trkpt lat="30.26997834" lon="120.12072032"><ele>19.204</ele><time>2026-06-01T18:40:57Z</time><sat>11</sat></trkpt>
  <trkpt lat="30.26997831" lon="120.12072032"><ele>19.204</ele><time>2026-06-01T18:41:00Z</time><sat>10</sat></trkpt>
  <trkpt lat="30.26997826" lon="120.12072027"><ele>19.204</ele><time>2026-06-01T18:41:03Z</time><sat>12</sat></trkpt>
  <trkpt lat="30.26997822" lon="120.12072025"><ele>19.204</ele><time>2026-06-01T18:41:06Z</time><sat>12</sat></trkpt>
  <trkpt lat="30.26997818" lon="120.12072034"><ele>19.205</ele><time>2026-06-01T18:41:09Z</time><sat>12</sat></trkpt>
  <trkpt lat="30.26997804" lon="120.12072038"><ele>19.202</ele><time>2026-06-01T18:41:12Z</time><sat>13</sat></trkpt>
  <trkpt lat="30.26997782" lon="120.12072058"><ele>19.197</ele><time>2026-06-01T18:41:15Z</time><sat>14</sat></trkpt>
  <trkpt lat="30.26997772" lon="120.12072061"><ele>19.194</ele><time>2026-06-01T18:41:18Z</time><sat>13</sat></trkpt>
  <trkpt lat="30.26997766" lon="120.12072064"><ele>19.195</ele><time>2026-06-01T18:41:21Z</time><sat>11</sat></trkpt>
  <trkpt lat="30.26997758" lon="120.12072070"><ele>19.198</ele><time>2026-06-01T18:41:24Z</time><sat>11</sat></trkpt>
  <trkpt lat="30.26997749" lon="120.12072066"><ele>19.200</ele><time>2026-06-01T18:41:27Z</time><sat>15</sat></trkpt>
  <trkpt lat="30.26997746" lon="120.12072062"><ele>19.201</ele><time>2026-06-01T18:41:30Z</time><sat>13</sat></trkpt>
  <trkpt lat="30.26997730" lon="120.12072074"><ele>19.197</ele><time>2026-06-01T18:41:33Z</time><sat>12</sat></trkpt>
  <trkpt lat="30.26997708" lon="120.12072089"><ele>19.192</ele><time>2026-06-01T18:41:36Z</time><sat>13</sat></trkpt>
  <trkpt lat="30.26997692" lon="120.12072101"><ele>19.187</ele><time>2026-06-01T18:41:39Z</time><sat>13</sat></trkpt>
  <trkpt lat="30.26997671" lon="120.12072122"><ele>19.182</ele><time>2026-06-01T18:41:42Z</time><sat>13</sat></trkpt>
  <trkpt lat="30.26997657" lon="120.12072134"><ele>19.178</ele><time>2026-06-01T18:41:45Z</time><sat>13</sat></trkpt>
  <trkpt lat="30.26997655" lon="120.12072133"><ele>19.178</ele><time>2026-06-01T18:41:48Z</time><sat>12</sat></trkpt>
  <trkpt lat="30.26997656" lon="120.12072133"><ele>19.178</ele><time>2026-06-01T18:41:51Z</time><sat>11</sat></trkpt>
  <trkpt lat="30.26997659" lon="120.12072153"><ele>19.180</ele><time>2026-06-01T18:41:54Z</time><sat>11</sat></trkpt>
  <trkpt lat="30.26997657" lon="120.12072156"><ele>19.179</ele><time>2026-06-01T18:41:57Z</time><sat>11</sat></trkpt>
  <trkpt lat="30.26997621" lon="120.12072170"><ele>19.170</ele><time>2026-06-01T18:42:00Z</time><sat>11</sat></trkpt>
  <trkpt lat="30.26997594" lon="120.12072183"><ele>19.161</ele><time>2026-06-01T18:42:03Z</time><sat>12</sat></trkpt>
  <trkpt lat="30.26997556" lon="120.12072212"><ele>19.150</ele><time>2026-06-01T18:42:06Z</time><sat>12</sat></trkpt>
  <trkpt lat="30.26997524" lon="120.12072233"><ele>19.141</ele><time>2026-06-01T18:42:09Z</time><sat>10</sat></trkpt>
  <trkpt lat="30.26997489" lon="120.12072259"><ele>19.126</ele><time>2026-06-01T18:42:12Z</time><sat>11</sat></trkpt>
  <trkpt lat="30.26997475" lon="120.12072272"><ele>19.122</ele><time>2026-06-01T18:42:15Z</time><sat>11</sat></trkpt>
  <trkpt lat="30.26997474" lon="120.12072278"><ele>19.122</ele><time>2026-06-01T18:42:18Z</time><sat>11</sat></trkpt>
  <trkpt lat="30.26997464" lon="120.12072294"><ele>19.120</ele><time>2026-06-01T18:42:21Z</time><sat>10</sat></trkpt>
  <trkpt lat="30.26997441" lon="120.12072310"><ele>19.114</ele><time>2026-06-01T18:42:24Z</time><sat>11</sat></trkpt>
  <trkpt lat="30.26997421" lon="120.12072330"><ele>19.108</ele><time>2026-06-01T18:42:27Z</time><sat>11</sat></trkpt>
  <trkpt lat="30.26997400" lon="120.12072347"><ele>19.100</ele><time>2026-06-01T18:42:30Z</time><sat>10</sat></trkpt>
  <trkpt lat="30.26997300" lon="120.12072424"><ele>19.103</ele><time>2026-06-01T18:42:33Z</time><sat>8</sat></trkpt>
  <trkpt lat="30.26997292" lon="120.12072429"><ele>19.100</ele><time>2026-06-01T18:42:36Z</time><sat>11</sat></trkpt>
  <trkpt lat="30.26997279" lon="120.12072439"><ele>19.094</ele><time>2026-06-01T18:42:39Z</time><sat>11</sat></trkpt>
  <trkpt lat="30.26997255" lon="120.12072455"><ele>19.084</ele><time>2026-06-01T18:42:42Z</time><sat>13</sat></trkpt>
  <trkpt lat="30.26997238" lon="120.12072465"><ele>19.070</ele><time>2026-06-01T18:42:45Z</time><sat>11</sat></trkpt>
  <trkpt lat="30.26997218" lon="120.12072475"><ele>19.062</ele><time>2026-06-01T18:42:48Z</time><sat>11</sat></trkpt>
  <trkpt lat="30.26997190" lon="120.12072477"><ele>19.051</ele><time>2026-06-01T18:42:51Z</time><sat>13</sat></trkpt>
  <trkpt lat="30.26997158" lon="120.12072474"><ele>19.040</ele><time>2026-06-01T18:42:54Z</time><sat>10</sat></trkpt>
  <trkpt lat="30.26997151" lon="120.12072448"><ele>19.021</ele><time>2026-06-01T18:42:57Z</time><sat>7</sat></trkpt>
  <trkpt lat="30.26997099" lon="120.12072435"><ele>19.004</ele><time>2026-06-01T18:43:00Z</time><sat>10</sat></trkpt>
  <trkpt lat="30.26997052" lon="120.12072432"><ele>18.988</ele><time>2026-06-01T18:43:03Z</time><sat>14</sat></trkpt>
  <trkpt lat="30.26997003" lon="120.12072417"><ele>18.973</ele><time>2026-06-01T18:43:06Z</time><sat>9</sat></trkpt>
  <trkpt lat="30.26996977" lon="120.12072402"><ele>18.966</ele><time>2026-06-01T18:43:09Z</time><sat>7</sat></trkpt>
  <trkpt lat="30.26996935" lon="120.12072388"><ele>18.955</ele><time>2026-06-01T18:43:12Z</time><sat>10</sat></trkpt>
  <trkpt lat="30.26996891" lon="120.12072379"><ele>18.942</ele><time>2026-06-01T18:43:15Z</time><sat>13</sat></trkpt>
  <trkpt lat="30.26996844" lon="120.12072372"><ele>18.927</ele><time>2026-06-01T18:43:18Z</time><sat>9</sat></trkpt>
  <trkpt lat="30.26996799" lon="120.12072370"><ele>18.912</ele><time>2026-06-01T18:43:21Z</time><sat>6</sat></trkpt>
  <trkpt lat="30.26996752" lon="120.12072359"><ele>18.896</ele><time>2026-06-01T18:43:24Z</time><sat>9</sat></trkpt>
  <trkpt lat="30.26996708" lon="120.12072356"><ele>18.883</ele><time>2026-06-01T18:43:27Z</time><sat>10</sat></trkpt>
  <trkpt lat="30.26996671" lon="120.12072361"><ele>18.873</ele><time>2026-06-01T18:43:30Z</time><sat>8</sat></trkpt>
  <trkpt lat="30.26996635" lon="120.12072355"><ele>18.863</ele><time>2026-06-01T18:43:33Z</time><sat>9</sat></trkpt>
  <trkpt lat="30.26996608" lon="120.12072350"><ele>18.856</ele><time>2026-06-01T18:43:36Z</time><sat>9</sat></trkpt>
  <trkpt lat="30.26996594" lon="120.12072351"><ele>18.852</ele><time>2026-06-01T18:43:39Z</time><sat>8</sat></trkpt>
  <trkpt lat="30.26996576" lon="120.12072357"><ele>18.846</ele><time>2026-06-01T18:43:42Z</time><sat>8</sat></trkpt>
  <trkpt lat="30.26996548" lon="120.12072357"><ele>18.838</ele><time>2026-06-01T18:43:45Z</time><sat>9</sat></trkpt>
  <trkpt lat="30.26996513" lon="120.12072362"><ele>18.827</ele><time>2026-06-01T18:43:48Z</time><sat>11</sat></trkpt>
  <trkpt lat="30.26996482" lon="120.12072366"><ele>18.817</ele><time>2026-06-01T18:43:51Z</time><sat>10</sat></trkpt>
  <trkpt lat="30.26996467" lon="120.12072372"><ele>18.812</ele><time>2026-06-01T18:43:54Z</time><sat>10</sat></trkpt>
  <trkpt lat="30.26996459" lon="120.12072380"><ele>18.810</ele><time>2026-06-01T18:43:57Z</time><sat>10</sat></trkpt>
  <trkpt lat="30.26996456" lon="120.12072402"><ele>18.810</ele><time>2026-06-01T18:44:00Z</time><sat>10</sat></trkpt>
  <trkpt lat="30.26996453" lon="120.12072449"><ele>18.809</ele><time>2026-06-01T18:44:03Z</time><sat>11</sat></trkpt>
  <trkpt lat="30.26996447" lon="120.12072493"><ele>18.807</ele><time>2026-06-01T18:44:06Z</time><sat>13</sat></trkpt>
  <trkpt lat="30.26996436" lon="120.12072553"><ele>18.804</ele><time>2026-06-01T18:44:09Z</time><sat>15</sat></trkpt>
  <trkpt lat="30.26996433" lon="120.12072609"><ele>18.803</ele><time>2026-06-01T18:44:12Z</time><sat>11</sat></trkpt>
  <trkpt lat="30.26996432" lon="120.12072650"><ele>18.803</ele><time>2026-06-01T18:44:15Z</time><sat>11</sat></trkpt>
  <trkpt lat="30.26996424" lon="120.12072676"><ele>18.802</ele><time>2026-06-01T18:44:18Z</time><sat>10</sat></trkpt>
  <trkpt lat="30.26996408" lon="120.12072712"><ele>18.798</ele><time>2026-06-01T18:44:21Z</time><sat>12</sat></trkpt>
  <trkpt lat="30.26996392" lon="120.12072757"><ele>18.794</ele><time>2026-06-01T18:44:24Z</time><sat>12</sat></trkpt>
  <trkpt lat="30.26996373" lon="120.12072795"><ele>18.789</ele><time>2026-06-01T18:44:27Z</time><sat>11</sat></trkpt>
  <trkpt lat="30.26996357" lon="120.12072820"><ele>18.784</ele><time>2026-06-01T18:44:30Z</time><sat>9</sat></trkpt>
  <trkpt lat="30.26996348" lon="120.12072839"><ele>18.782</ele><time>2026-06-01T18:44:33Z</time><sat>11</sat></trkpt>
  <trkpt lat="30.26996301" lon="120.12072897"><ele>18.769</ele><time>2026-06-01T18:44:36Z</time><sat>11</sat></trkpt>
  <trkpt lat="30.26996250" lon="120.12072940"><ele>18.754</ele><time>2026-06-01T18:44:39Z</time><sat>10</sat></trkpt>
  <trkpt lat="30.26996203" lon="120.12072960"><ele>18.742</ele><time>2026-06-01T18:44:42Z</time><sat>11</sat></trkpt>
  <trkpt lat="30.26996170" lon="120.12072984"><ele>18.733</ele><time>2026-06-01T18:44:45Z</time><sat>11</sat></trkpt>
  <trkpt lat="30.26996139" lon="120.12072994"><ele>18.725</ele><time>2026-06-01T18:44:48Z</time><sat>13</sat></trkpt>
  <trkpt lat="30.26996095" lon="120.12072995"><ele>18.715</ele><time>2026-06-01T18:44:51Z</time><sat>12</sat></trkpt>
  <trkpt lat="30.26996061" lon="120.12072978"><ele>18.706</ele><time>2026-06-01T18:44:54Z</time><sat>12</sat></trkpt>
  <trkpt lat="30.26996005" lon="120.12072966"><ele>18.692</ele><time>2026-06-01T18:44:57Z</time><sat>13</sat></trkpt>
  <trkpt lat="30.26995945" lon="120.12072958"><ele>18.676</ele><time>2026-06-01T18:45:00Z</time><sat>14</sat></trkpt>
  <trkpt lat="30.26995915" lon="120.12072932"><ele>18.669</ele><time>2026-06-01T18:45:03Z</time><sat>12</sat></trkpt>
  <trkpt lat="30.26995884" lon="120.12072912"><ele>18.661</ele><time>2026-06-01T18:45:06Z</time><sat>12</sat></trkpt>
  <trkpt lat="30.26995836" lon="120.12072901"><ele>18.649</ele><time>2026-06-01T18:45:09Z</time><sat>12</sat></trkpt>
  <trkpt lat="30.26995795" lon="120.12072884"><ele>18.638</ele><time>2026-06-01T18:45:12Z</time><sat>12</sat></trkpt>
  <trkpt lat="30.26995753" lon="120.12072864"><ele>18.628</ele><time>2026-06-01T18:45:15Z</time><sat>13</sat></trkpt>
  <trkpt lat="30.26995709" lon="120.12072855"><ele>18.617</ele><time>2026-06-01T18:45:18Z</time><sat>12</sat></trkpt>
  <trkpt lat="30.26995643" lon="120.12072845"><ele>18.599</ele><time>2026-06-01T18:45:21Z</time><sat>13</sat></trkpt>
  <trkpt lat="30.26995556" lon="120.12072834"><ele>18.576</ele><time>2026-06-01T18:45:24Z</time><sat>13</sat></trkpt>
  <trkpt lat="30.26995473" lon="120.12072810"><ele>18.553</ele><time>2026-06-01T18:45:27Z</time><sat>15</sat></trkpt>
  <trkpt lat="30.26995408" lon="120.12072784"><ele>18.536</ele><time>2026-06-01T18:45:30Z</time><sat>14</sat></trkpt>
  <trkpt lat="30.26995361" lon="120.12072761"><ele>18.523</ele><time>2026-06-01T18:45:33Z</time><sat>12</sat></trkpt>
  <trkpt lat="30.26995317" lon="120.12072746"><ele>18.512</ele><time>2026-06-01T18:45:36Z</time><sat>12</sat></trkpt>
  <trkpt lat="30.26995268" lon="120.12072736"><ele>18.499</ele><time>2026-06-01T18:45:39Z</time><sat>14</sat></trkpt>
  <trkpt lat="30.26995208" lon="120.12072722"><ele>18.483</ele><time>2026-06-01T18:45:42Z</time><sat>11</sat></trkpt>
  <trkpt lat="30.26995137" lon="120.12072702"><ele>18.464</ele><time>2026-06-01T18:45:45Z</time><sat>12</sat></trkpt>
  <trkpt lat="30.26995048" lon="120.12072682"><ele>18.441</ele><time>2026-06-01T18:45:48Z</time><sat>13</sat></trkpt>
  <trkpt lat="30.26994980" lon="120.12072668"><ele>18.423</ele><time>2026-06-01T18:45:51Z</time><sat>14</sat></trkpt>
  <trkpt lat="30.26994924" lon="120.12072654"><ele>18.408</ele><time>2026-06-01T18:45:54Z</time><sat>12</sat></trkpt>
  <trkpt lat="30.26994876" lon="120.12072633"><ele>18.394</ele><time>2026-06-01T18:45:57Z</time><sat>12</sat></trkpt>
  <trkpt lat="30.26994823" lon="120.12072617"><ele>18.379</ele><time>2026-06-01T18:46:00Z</time><sat>13</sat></trkpt>
  <trkpt lat="30.26994772" lon="120.12072614"><ele>18.366</ele><time>2026-06-01T18:46:03Z</time><sat>11</sat></trkpt>
  <trkpt lat="30.26994699" lon="120.12072602"><ele>18.346</ele><time>2026-06-01T18:46:06Z</time><sat>12</sat></trkpt>
  <trkpt lat="30.26994629" lon="120.12072593"><ele>18.326</ele><time>2026-06-01T18:46:09Z</time><sat>14</sat></trkpt>
  <trkpt lat="30.26994567" lon="120.12072606"><ele>18.310</ele><time>2026-06-01T18:46:12Z</time><sat>13</sat></trkpt>
  <trkpt lat="30.26994525" lon="120.12072581"><ele>18.296</ele><time>2026-06-01T18:46:15Z</time><sat>11</sat></trkpt>
  <trkpt lat="30.26994501" lon="120.12072582"><ele>18.290</ele><time>2026-06-01T18:46:18Z</time><sat>11</sat></trkpt>
  <trkpt lat="30.26994479" lon="120.12072583"><ele>18.283</ele><time>2026-06-01T18:46:21Z</time><sat>12</sat></trkpt>
  <trkpt lat="30.26994453" lon="120.12072586"><ele>18.276</ele><time>2026-06-01T18:46:24Z</time><sat>9</sat></trkpt>
  <trkpt lat="30.26994442" lon="120.12072582"><ele>18.271</ele><time>2026-06-01T18:46:27Z</time><sat>10</sat></trkpt>
  <trkpt lat="30.26994435" lon="120.12072569"><ele>18.267</ele><time>2026-06-01T18:46:30Z</time><sat>10</sat></trkpt>
  <trkpt lat="30.26994415" lon="120.12072548"><ele>18.257</ele><time>2026-06-01T18:46:33Z</time><sat>10</sat></trkpt>
  <trkpt lat="30.26994395" lon="120.12072563"><ele>18.251</ele><time>2026-06-01T18:46:36Z</time><sat>8</sat></trkpt>
  <trkpt lat="30.26994387" lon="120.12072593"><ele>18.248</ele><time>2026-06-01T18:46:39Z</time><sat>9</sat></trkpt>
  <trkpt lat="30.26994380" lon="120.12072602"><ele>18.246</ele><time>2026-06-01T18:46:42Z</time><sat>11</sat></trkpt>
  <trkpt lat="30.26994374" lon="120.12072605"><ele>18.245</ele><time>2026-06-01T18:46:45Z</time><sat>11</sat></trkpt>
  <trkpt lat="30.26994372" lon="120.12072632"><ele>18.244</ele><time>2026-06-01T18:46:48Z</time><sat>9</sat></trkpt>
  <trkpt lat="30.26994362" lon="120.12072640"><ele>18.241</ele><time>2026-06-01T18:46:51Z</time><sat>12</sat></trkpt>
  <trkpt lat="30.26994365" lon="120.12072648"><ele>18.241</ele><time>2026-06-01T18:46:54Z</time><sat>10</sat></trkpt>
  <trkpt lat="30.26994343" lon="120.12072652"><ele>18.235</ele><time>2026-06-01T18:46:57Z</time><sat>10</sat></trkpt>
  <trkpt lat="30.26994306" lon="120.12072661"><ele>18.225</ele><time>2026-06-01T18:47:00Z</time><sat>10</sat></trkpt>
  <trkpt lat="30.26994271" lon="120.12072651"><ele>18.215</ele><time>2026-06-01T18:47:03Z</time><sat>9</sat></trkpt>
  <trkpt lat="30.26994235" lon="120.12072636"><ele>18.207</ele><time>2026-06-01T18:47:06Z</time><sat>9</sat></trkpt>
  <trkpt lat="30.26994206" lon="120.12072624"><ele>18.200</ele><time>2026-06-01T18:47:09Z</time><sat>10</sat></trkpt>
  <trkpt lat="30.26994172" lon="120.12072610"><ele>18.191</ele><time>2026-06-01T18:47:12Z</time><sat>11</sat></trkpt>
  <trkpt lat="30.26994146" lon="120.12072597"><ele>18.185</ele><time>2026-06-01T18:47:15Z</time><sat>9</sat></trkpt>
  <trkpt lat="30.26994125" lon="120.12072581"><ele>18.180</ele><time>2026-06-01T18:47:18Z</time><sat>7</sat></trkpt>
  <trkpt lat="30.26994090" lon="120.12072567"><ele>18.172</ele><time>2026-06-01T18:47:21Z</time><sat>9</sat></trkpt>
  <trkpt lat="30.26994018" lon="120.12072547"><ele>18.153</ele><time>2026-06-01T18:47:24Z</time><sat>9</sat></trkpt>
  <trkpt lat="30.26993993" lon="120.12072533"><ele>18.147</ele><time>2026-06-01T18:47:27Z</time><sat>7</sat></trkpt>
  <trkpt lat="30.26993965" lon="120.12072524"><ele>18.140</ele><time>2026-06-01T18:47:30Z</time><sat>9</sat></trkpt>
  <trkpt lat="30.26993921" lon="120.12072506"><ele>18.130</ele><time>2026-06-01T18:47:33Z</time><sat>11</sat></trkpt>
  <trkpt lat="30.26993884" lon="120.12072490"><ele>18.120</ele><time>2026-06-01T18:47:36Z</time><sat>11</sat></trkpt>
  <trkpt lat="30.26993842" lon="120.12072468"><ele>18.108</ele><time>2026-06-01T18:47:39Z</time><sat>8</sat></trkpt>
  <trkpt lat="30.26993788" lon="120.12072434"><ele>18.092</ele><time>2026-06-01T18:47:42Z</time><sat>9</sat></trkpt>
  <trkpt lat="30.26993724" lon="120.12072407"><ele>18.075</ele><time>2026-06-01T18:47:45Z</time><sat>9</sat></trkpt>
  <trkpt lat="30.26993656" lon="120.12072386"><ele>18.057</ele><time>2026-06-01T18:47:48Z</time><sat>9</sat></trkpt>
  <trkpt lat="30.26993605" lon="120.12072362"><ele>18.042</ele><time>2026-06-01T18:47:51Z</time><sat>11</sat></trkpt>
  <trkpt lat="30.26993566" lon="120.12072330"><ele>18.030</ele><time>2026-06-01T18:47:54Z</time><sat>10</sat></trkpt>
  <trkpt lat="30.26993525" lon="120.12072301"><ele>18.018</ele><time>2026-06-01T18:47:57Z</time><sat>8</sat></trkpt>
  <trkpt lat="30.26993481" lon="120.12072283"><ele>18.006</ele><time>2026-06-01T18:48:00Z</time><sat>9</sat></trkpt>
  <trkpt lat="30.26993450" lon="120.12072262"><ele>17.996</ele><time>2026-06-01T18:48:03Z</time><sat>8</sat></trkpt>
  <trkpt lat="30.26993417" lon="120.12072217"><ele>17.982</ele><time>2026-06-01T18:48:06Z</time><sat>8</sat></trkpt>
  <trkpt lat="30.26993383" lon="120.12072178"><ele>17.968</ele><time>2026-06-01T18:48:09Z</time><sat>8</sat></trkpt>
  <trkpt lat="30.26993361" lon="120.12072160"><ele>17.957</ele><time>2026-06-01T18:48:12Z</time><sat>8</sat></trkpt>
  <trkpt lat="30.26993356" lon="120.12072116"><ele>17.945</ele><time>2026-06-01T18:48:15Z</time><sat>9</sat></trkpt>
  <trkpt lat="30.26993357" lon="120.12072101"><ele>17.936</ele><time>2026-06-01T18:48:18Z</time><sat>8</sat></trkpt>
  <trkpt lat="30.26993359" lon="120.12072071"><ele>17.929</ele><time>2026-06-01T18:48:21Z</time><sat>10</sat></trkpt>
  <trkpt lat="30.26993371" lon="120.12072026"><ele>17.917</ele><time>2026-06-01T18:48:24Z</time><sat>10</sat></trkpt>
  <trkpt lat="30.26993368" lon="120.12071985"><ele>17.906</ele><time>2026-06-01T18:48:27Z</time><sat>10</sat></trkpt>
  <trkpt lat="30.26993356" lon="120.12071960"><ele>17.898</ele><time>2026-06-01T18:48:30Z</time><sat>10</sat></trkpt>
  <trkpt lat="30.26993349" lon="120.12071932"><ele>17.891</ele><time>2026-06-01T18:48:33Z</time><sat>10</sat></trkpt>
  <trkpt lat="30.26993362" lon="120.12071861"><ele>17.880</ele><time>2026-06-01T18:48:36Z</time><sat>10</sat></trkpt>
  <trkpt lat="30.26993368" lon="120.12071811"><ele>17.873</ele><time>2026-06-01T18:48:39Z</time><sat>11</sat></trkpt>
  <trkpt lat="30.26993369" lon="120.12071788"><ele>17.870</ele><time>2026-06-01T18:48:42Z</time><sat>11</sat></trkpt>
  <trkpt lat="30.26993345" lon="120.12071760"><ele>17.861</ele><time>2026-06-01T18:48:45Z</time><sat>10</sat></trkpt>
  <trkpt lat="30.26993312" lon="120.12071710"><ele>17.848</ele><time>2026-06-01T18:48:48Z</time><sat>10</sat></trkpt>
  <trkpt lat="30.26993262" lon="120.12071662"><ele>17.831</ele><time>2026-06-01T18:48:51Z</time><sat>11</sat></trkpt>
  <trkpt lat="30.26993197" lon="120.12071637"><ele>17.815</ele><time>2026-06-01T18:48:54Z</time><sat>10</sat></trkpt>
  <trkpt lat="30.26993137" lon="120.12071603"><ele>17.799</ele><time>2026-06-01T18:48:57Z</time><sat>9</sat></trkpt>
  <trkpt lat="30.26993084" lon="120.12071571"><ele>17.786</ele><time>2026-06-01T18:49:00Z</time><sat>10</sat></trkpt>
  <trkpt lat="30.26993039" lon="120.12071543"><ele>17.774</ele><time>2026-06-01T18:49:03Z</time><sat>10</sat></trkpt>
  <trkpt lat="30.26992984" lon="120.12071520"><ele>17.761</ele><time>2026-06-01T18:49:06Z</time><sat>11</sat></trkpt>
  <trkpt lat="30.26992937" lon="120.12071498"><ele>17.749</ele><time>2026-06-01T18:49:09Z</time><sat>12</sat></trkpt>
  <trkpt lat="30.26992887" lon="120.12071471"><ele>17.736</ele><time>2026-06-01T18:49:12Z</time><sat>12</sat></trkpt>
  <trkpt lat="30.26992827" lon="120.12071451"><ele>17.721</ele><time>2026-06-01T18:49:15Z</time><sat>13</sat></trkpt>
  <trkpt lat="30.26992770" lon="120.12071430"><ele>17.706</ele><time>2026-06-01T18:49:18Z</time><sat>12</sat></trkpt>
  <trkpt lat="30.26992726" lon="120.12071421"><ele>17.696</ele><time>2026-06-01T18:49:21Z</time><sat>10</sat></trkpt>
  <trkpt lat="30.26992695" lon="120.12071402"><ele>17.688</ele><time>2026-06-01T18:49:24Z</time><sat>10</sat></trkpt>
  <trkpt lat="30.26992661" lon="120.12071388"><ele>17.679</ele><time>2026-06-01T18:49:27Z</time><sat>10</sat></trkpt>
  <trkpt lat="30.26992622" lon="120.12071370"><ele>17.668</ele><time>2026-06-01T18:49:30Z</time><sat>9</sat></trkpt>
  <trkpt lat="30.26992583" lon="120.12071352"><ele>17.659</ele><time>2026-06-01T18:49:33Z</time><sat>9</sat></trkpt>
  <trkpt lat="30.26992536" lon="120.12071347"><ele>17.647</ele><time>2026-06-01T18:49:36Z</time><sat>12</sat></trkpt>
  <trkpt lat="30.26992490" lon="120.12071343"><ele>17.635</ele><time>2026-06-01T18:49:39Z</time><sat>13</sat></trkpt>
  <trkpt lat="30.26992434" lon="120.12071321"><ele>17.620</ele><time>2026-06-01T18:49:42Z</time><sat>12</sat></trkpt>
  <trkpt lat="30.26992391" lon="120.12071306"><ele>17.609</ele><time>2026-06-01T18:49:45Z</time><sat>11</sat></trkpt>
  <trkpt lat="30.26992377" lon="120.12071303"><ele>17.606</ele><time>2026-06-01T18:49:48Z</time><sat>9</sat></trkpt>
  <trkpt lat="30.26992369" lon="120.12071290"><ele>17.602</ele><time>2026-06-01T18:49:51Z</time><sat>9</sat></trkpt>
  <trkpt lat="30.26992360" lon="120.12071278"><ele>17.598</ele><time>2026-06-01T18:49:54Z</time><sat>11</sat></trkpt>
  <trkpt lat="30.26992343" lon="120.12071272"><ele>17.592</ele><time>2026-06-01T18:49:57Z</time><sat>11</sat></trkpt>
  <trkpt lat="30.26992316" lon="120.12071261"><ele>17.584</ele><time>2026-06-01T18:50:00Z</time><sat>9</sat></trkpt>
  <trkpt lat="30.26992281" lon="120.12071245"><ele>17.576</ele><time>2026-06-01T18:50:03Z</time><sat>10</sat></trkpt>
  <trkpt lat="30.26992258" lon="120.12071237"><ele>17.568</ele><time>2026-06-01T18:50:06Z</time><sat>9</sat></trkpt>
  <trkpt lat="30.26992219" lon="120.12071223"><ele>17.560</ele><time>2026-06-01T18:50:09Z</time><sat>8</sat></trkpt>
  <trkpt lat="30.26992185" lon="120.12071215"><ele>17.551</ele><time>2026-06-01T18:50:12Z</time><sat>8</sat></trkpt>
  <trkpt lat="30.26992157" lon="120.12071207"><ele>17.544</ele><time>2026-06-01T18:50:15Z</time><sat>9</sat></trkpt>
  <trkpt lat="30.26992110" lon="120.12071192"><ele>17.533</ele><time>2026-06-01T18:50:18Z</time><sat>13</sat></trkpt>
  <trkpt lat="30.26992068" lon="120.12071181"><ele>17.523</ele><time>2026-06-01T18:50:21Z</time><sat>11</sat></trkpt>
  <trkpt lat="30.26992010" lon="120.12071165"><ele>17.508</ele><time>2026-06-01T18:50:24Z</time><sat>11</sat></trkpt>
  <trkpt lat="30.26991943" lon="120.12071144"><ele>17.491</ele><time>2026-06-01T18:50:27Z</time><sat>11</sat></trkpt>
  <trkpt lat="30.26991893" lon="120.12071127"><ele>17.479</ele><time>2026-06-01T18:50:30Z</time><sat>11</sat></trkpt>
  <trkpt lat="30.26991847" lon="120.12071113"><ele>17.469</ele><time>2026-06-01T18:50:33Z</time><sat>9</sat></trkpt>
  <trkpt lat="30.26991805" lon="120.12071098"><ele>17.459</ele><time>2026-06-01T18:50:36Z</time><sat>10</sat></trkpt>
  <trkpt lat="30.26991763" lon="120.12071085"><ele>17.449</ele><time>2026-06-01T18:50:39Z</time><sat>11</sat></trkpt>
  <trkpt lat="30.26991939" lon="120.12070867"><ele>17.407</ele><time>2026-06-01T18:50:42Z</time><sat>11</sat></trkpt>
  <trkpt lat="30.26991892" lon="120.12070850"><ele>17.395</ele><time>2026-06-01T18:50:45Z</time><sat>13</sat></trkpt>
  <trkpt lat="30.26991859" lon="120.12070842"><ele>17.387</ele><time>2026-06-01T18:50:48Z</time><sat>14</sat></trkpt>
  <trkpt lat="30.26991839" lon="120.12070838"><ele>17.382</ele><time>2026-06-01T18:50:51Z</time><sat>15</sat></trkpt>
  <trkpt lat="30.26991823" lon="120.12070834"><ele>17.378</ele><time>2026-06-01T18:50:54Z</time><sat>13</sat></trkpt>
  <trkpt lat="30.26991792" lon="120.12070828"><ele>17.371</ele><time>2026-06-01T18:50:57Z</time><sat>12</sat></trkpt>
  <trkpt lat="30.26991763" lon="120.12070826"><ele>17.364</ele><time>2026-06-01T18:51:00Z</time><sat>15</sat></trkpt>
  <trkpt lat="30.26991733" lon="120.12070819"><ele>17.357</ele><time>2026-06-01T18:51:03Z</time><sat>15</sat></trkpt>
  <trkpt lat="30.26991706" lon="120.12070811"><ele>17.351</ele><time>2026-06-01T18:51:06Z</time><sat>12</sat></trkpt>
  <trkpt lat="30.26991665" lon="120.12070800"><ele>17.341</ele><time>2026-06-01T18:51:09Z</time><sat>10</sat></trkpt>
  <trkpt lat="30.26991665" lon="120.12070800"><ele>17.341</ele><time>2026-06-01T18:51:12.131Z</time><sat>10</sat></trkpt>
  <trkpt lat="30.26991665" lon="120.12070800"><ele>17.341</ele><time>2026-06-01T18:51:15.136Z</time><sat>10</sat></trkpt>
  <trkpt lat="30.26991665" lon="120.12070800"><ele>17.341</ele><time>2026-06-01T18:51:18.139Z</time><sat>10</sat></trkpt>
  <trkpt lat="30.26991665" lon="120.12070800"><ele>17.341</ele><time>2026-06-01T18:51:21.143Z</time><sat>10</sat></trkpt>
  <trkpt lat="30.26991665" lon="120.12070800"><ele>17.341</ele><time>2026-06-01T18:51:24.148Z</time><sat>10</sat></trkpt>
  <trkpt lat="30.26991665" lon="120.12070800"><ele>17.341</ele><time>2026-06-01T18:51:27.152Z</time><sat>10</sat></trkpt>
  <trkpt lat="30.26991665" lon="120.12070800"><ele>17.341</ele><time>2026-06-01T18:51:30.156Z</time><sat>10</sat></trkpt>
  <trkpt lat="30.26991665" lon="120.12070800"><ele>17.341</ele><time>2026-06-01T18:51:33.160Z</time><sat>10</sat></trkpt>
  <trkpt lat="30.26991665" lon="120.12070800"><ele>17.341</ele><time>2026-06-01T18:51:36.164Z</time><sat>10</sat></trkpt>
  <trkpt lat="30.26991665" lon="120.12070800"><ele>17.341</ele><time>2026-06-01T18:51:39.167Z</time><sat>10</sat></trkpt>
  <trkpt lat="30.26991665" lon="120.12070800"><ele>17.341</ele><time>2026-06-01T18:51:42.171Z</time><sat>10</sat></trkpt>
  <trkpt lat="30.26991665" lon="120.12070800"><ele>17.341</ele><time>2026-06-01T18:51:45.176Z</time><sat>10</sat></trkpt>
  <trkpt lat="30.26991665" lon="120.12070800"><ele>17.341</ele><time>2026-06-01T18:51:48.179Z</time><sat>10</sat></trkpt>
  <trkpt lat="30.26991665" lon="120.12070800"><ele>17.341</ele><time>2026-06-01T18:51:51.182Z</time><sat>10</sat></trkpt>
  <trkpt lat="30.26991665" lon="120.12070800"><ele>17.341</ele><time>2026-06-01T18:51:54.187Z</time><sat>10</sat></trkpt>
  <trkpt lat="30.26991665" lon="120.12070800"><ele>17.341</ele><time>2026-06-01T18:51:57.192Z</time><sat>10</sat></trkpt>
  <trkpt lat="30.26991665" lon="120.12070800"><ele>17.341</ele><time>2026-06-01T18:52:00.197Z</time><sat>10</sat></trkpt>
  <trkpt lat="30.26991665" lon="120.12070800"><ele>17.341</ele><time>2026-06-01T18:52:03.200Z</time><sat>10</sat></trkpt>
  <trkpt lat="30.26991665" lon="120.12070800"><ele>17.341</ele><time>2026-06-01T18:52:06.199Z</time><sat>10</sat></trkpt>
  <trkpt lat="30.26991665" lon="120.12070800"><ele>17.341</ele><time>2026-06-01T18:52:09.202Z</time><sat>10</sat></trkpt>
  <trkpt lat="30.26991665" lon="120.12070800"><ele>17.341</ele><time>2026-06-01T18:52:12.205Z</time><sat>10</sat></trkpt>
  <trkpt lat="30.26991665" lon="120.12070800"><ele>17.341</ele><time>2026-06-01T18:52:15.210Z</time><sat>10</sat></trkpt>
  <trkpt lat="30.26991665" lon="120.12070800"><ele>17.341</ele><time>2026-06-01T18:52:18.214Z</time><sat>10</sat></trkpt>
  <trkpt lat="30.26991665" lon="120.12070800"><ele>17.341</ele><time>2026-06-01T18:52:21.217Z</time><sat>10</sat></trkpt>
  <trkpt lat="30.26991665" lon="120.12070800"><ele>17.341</ele><time>2026-06-01T18:52:24.222Z</time><sat>10</sat></trkpt>
  <trkpt lat="30.26991665" lon="120.12070800"><ele>17.341</ele><time>2026-06-01T18:52:27.227Z</time><sat>10</sat></trkpt>
  <trkpt lat="30.26991665" lon="120.12070800"><ele>17.341</ele><time>2026-06-01T18:52:30.232Z</time><sat>10</sat></trkpt>
  <trkpt lat="30.26991665" lon="120.12070800"><ele>17.341</ele><time>2026-06-01T18:52:33.235Z</time><sat>10</sat></trkpt>
  <trkpt lat="30.26991665" lon="120.12070800"><ele>17.341</ele><time>2026-06-01T18:52:36.240Z</time><sat>10</sat></trkpt>
  <trkpt lat="30.26991665" lon="120.12070800"><ele>17.341</ele><time>2026-06-01T18:52:39.243Z</time><sat>10</sat></trkpt>
  <trkpt lat="30.26991665" lon="120.12070800"><ele>17.341</ele><time>2026-06-01T18:52:42.248Z</time><sat>10</sat></trkpt>
  <trkpt lat="30.26991665" lon="120.12070800"><ele>17.341</ele><time>2026-06-01T18:52:45.253Z</time><sat>10</sat></trkpt>
  <trkpt lat="30.26991665" lon="120.12070800"><ele>17.341</ele><time>2026-06-01T18:52:48.258Z</time><sat>10</sat></trkpt>
  <trkpt lat="30.26991665" lon="120.12070800"><ele>17.341</ele><time>2026-06-01T18:52:51.260Z</time><sat>10</sat></trkpt>
  <trkpt lat="30.26991665" lon="120.12070800"><ele>17.341</ele><time>2026-06-01T18:52:54.265Z</time><sat>10</sat></trkpt>
  <trkpt lat="30.26991665" lon="120.12070800"><ele>17.341</ele><time>2026-06-01T18:52:57.268Z</time><sat>10</sat></trkpt>
  <trkpt lat="30.26991665" lon="120.12070800"><ele>17.341</ele><time>2026-06-01T18:53:00.273Z</time><sat>10</sat></trkpt>
  <trkpt lat="30.26991665" lon="120.12070800"><ele>17.341</ele><time>2026-06-01T18:53:03.275Z</time><sat>10</sat></trkpt>
  <trkpt lat="30.26991665" lon="120.12070800"><ele>17.341</ele><time>2026-06-01T18:53:06.275Z</time><sat>10</sat></trkpt>
  <trkpt lat="30.26991665" lon="120.12070800"><ele>17.341</ele><time>2026-06-01T18:53:09.279Z</time><sat>10</sat></trkpt>
  <trkpt lat="30.26991665" lon="120.12070800"><ele>17.341</ele><time>2026-06-01T18:53:12.282Z</time><sat>10</sat></trkpt>
  <trkpt lat="30.26991665" lon="120.12070800"><ele>17.341</ele><time>2026-06-01T18:53:15.286Z</time><sat>10</sat></trkpt>
  <trkpt lat="30.26991665" lon="120.12070800"><ele>17.341</ele><time>2026-06-01T18:53:18.287Z</time><sat>10</sat></trkpt>
  <trkpt lat="30.26991665" lon="120.12070800"><ele>17.341</ele><time>2026-06-01T18:53:21.290Z</time><sat>10</sat></trkpt>
  <trkpt lat="30.26991665" lon="120.12070800"><ele>17.341</ele><time>2026-06-01T18:53:24.294Z</time><sat>10</sat></trkpt>
  <trkpt lat="30.26991665" lon="120.12070800"><ele>17.341</ele><time>2026-06-01T18:53:27.298Z</time><sat>10</sat></trkpt>
  <trkpt lat="30.26991665" lon="120.12070800"><ele>17.341</ele><time>2026-06-01T18:53:30.301Z</time><sat>10</sat></trkpt>
  <trkpt lat="30.26991665" lon="120.12070800"><ele>17.341</ele><time>2026-06-01T18:53:33.304Z</time><sat>10</sat></trkpt>
  <trkpt lat="30.26991665" lon="120.12070800"><ele>17.341</ele><time>2026-06-01T18:53:36.305Z</time><sat>10</sat></trkpt>
  <trkpt lat="30.26991665" lon="120.12070800"><ele>17.341</ele><time>2026-06-01T18:53:39.309Z</time><sat>10</sat></trkpt>
  <trkpt lat="30.26991665" lon="120.12070800"><ele>17.341</ele><time>2026-06-01T18:53:42.311Z</time><sat>10</sat></trkpt>
  <trkpt lat="30.26991665" lon="120.12070800"><ele>17.341</ele><time>2026-06-01T18:53:45.315Z</time><sat>10</sat></trkpt>
  <trkpt lat="30.26991665" lon="120.12070800"><ele>17.341</ele><time>2026-06-01T18:53:48.318Z</time><sat>10</sat></trkpt>
  <trkpt lat="30.26991665" lon="120.12070800"><ele>17.341</ele><time>2026-06-01T18:53:51.320Z</time><sat>10</sat></trkpt>
  <trkpt lat="30.26991665" lon="120.12070800"><ele>17.341</ele><time>2026-06-01T18:53:54.322Z</time><sat>10</sat></trkpt>
  <trkpt lat="30.26991665" lon="120.12070800"><ele>17.341</ele><time>2026-06-01T18:53:57.326Z</time><sat>10</sat></trkpt>
  <trkpt lat="30.26991665" lon="120.12070800"><ele>17.341</ele><time>2026-06-01T18:54:00.331Z</time><sat>10</sat></trkpt>
  <trkpt lat="30.26991665" lon="120.12070800"><ele>17.341</ele><time>2026-06-01T18:54:03.334Z</time><sat>10</sat></trkpt>
  <trkpt lat="30.26991665" lon="120.12070800"><ele>17.341</ele><time>2026-06-01T18:54:06.339Z</time><sat>10</sat></trkpt>
  <trkpt lat="30.26991665" lon="120.12070800"><ele>17.341</ele><time>2026-06-01T18:54:09.344Z</time><sat>10</sat></trkpt>
  <trkpt lat="30.26991665" lon="120.12070800"><ele>17.341</ele><time>2026-06-01T18:54:12.348Z</time><sat>10</sat></trkpt>
  <trkpt lat="30.26991665" lon="120.12070800"><ele>17.341</ele><time>2026-06-01T18:54:15.354Z</time><sat>10</sat></trkpt>
  <trkpt lat="30.26991665" lon="120.12070800"><ele>17.341</ele><time>2026-06-01T18:54:18.357Z</time><sat>10</sat></trkpt>
  <trkpt lat="30.26991665" lon="120.12070800"><ele>17.341</ele><time>2026-06-01T18:54:21.358Z</time><sat>10</sat></trkpt>
  <trkpt lat="30.26991665" lon="120.12070800"><ele>17.341</ele><time>2026-06-01T18:54:24.360Z</time><sat>10</sat></trkpt>
  <trkpt lat="30.26991665" lon="120.12070800"><ele>17.341</ele><time>2026-06-01T18:54:27.365Z</time><sat>10</sat></trkpt>
  <trkpt lat="30.26991665" lon="120.12070800"><ele>17.341</ele><time>2026-06-01T18:54:30.369Z</time><sat>10</sat></trkpt>
  <trkpt lat="30.26991665" lon="120.12070800"><ele>17.341</ele><time>2026-06-01T18:54:33.372Z</time><sat>10</sat></trkpt>
  <trkpt lat="30.26991665" lon="120.12070800"><ele>17.341</ele><time>2026-06-01T18:54:36.374Z</time><sat>10</sat></trkpt>
  <trkpt lat="30.26991665" lon="120.12070800"><ele>17.341</ele><time>2026-06-01T18:54:39.378Z</time><sat>10</sat></trkpt>
  <trkpt lat="30.26991665" lon="120.12070800"><ele>17.341</ele><time>2026-06-01T18:54:42.383Z</time><sat>10</sat></trkpt>
  <trkpt lat="30.26991665" lon="120.12070800"><ele>17.341</ele><time>2026-06-01T18:54:45.387Z</time><sat>10</sat></trkpt>
  <trkpt lat="30.26991665" lon="120.12070800"><ele>17.341</ele><time>2026-06-01T18:54:48.390Z</time><sat>10</sat></trkpt>
  <trkpt lat="30.26991665" lon="120.12070800"><ele>17.341</ele><time>2026-06-01T18:54:51.395Z</time><sat>10</sat></trkpt>
  <trkpt lat="30.26991665" lon="120.12070800"><ele>17.341</ele><time>2026-06-01T18:54:54.396Z</time><sat>10</sat></trkpt>
  <trkpt lat="30.26991665" lon="120.12070800"><ele>17.341</ele><time>2026-06-01T18:54:57.402Z</time><sat>10</sat></trkpt>
  <trkpt lat="30.26991665" lon="120.12070800"><ele>17.341</ele><time>2026-06-01T18:55:00.406Z</time><sat>10</sat></trkpt>
  <trkpt lat="30.26991665" lon="120.12070800"><ele>17.341</ele><time>2026-06-01T18:55:03.408Z</time><sat>10</sat></trkpt>
  <trkpt lat="30.26991665" lon="120.12070800"><ele>17.341</ele><time>2026-06-01T18:55:06.413Z</time><sat>10</sat></trkpt>
  <trkpt lat="30.26991665" lon="120.12070800"><ele>17.341</ele><time>2026-06-01T18:55:09.417Z</time><sat>10</sat></trkpt>
  <trkpt lat="30.26991665" lon="120.12070800"><ele>17.341</ele><time>2026-06-01T18:55:12.422Z</time><sat>10</sat></trkpt>
  <trkpt lat="30.26991665" lon="120.12070800"><ele>17.341</ele><time>2026-06-01T18:55:15.427Z</time><sat>10</sat></trkpt>
  <trkpt lat="30.26991665" lon="120.12070800"><ele>17.341</ele><time>2026-06-01T18:55:18.431Z</time><sat>10</sat></trkpt>
  <trkpt lat="30.26991665" lon="120.12070800"><ele>17.341</ele><time>2026-06-01T18:55:21.434Z</time><sat>10</sat></trkpt>
  <trkpt lat="30.26991665" lon="120.12070800"><ele>17.341</ele><time>2026-06-01T18:55:24.438Z</time><sat>10</sat></trkpt>
  <trkpt lat="30.26991665" lon="120.12070800"><ele>17.341</ele><time>2026-06-01T18:55:27.443Z</time><sat>10</sat></trkpt>
  <trkpt lat="30.26991665" lon="120.12070800"><ele>17.341</ele><time>2026-06-01T18:55:30.447Z</time><sat>10</sat></trkpt>
  <trkpt lat="30.26991665" lon="120.12070800"><ele>17.341</ele><time>2026-06-01T18:55:33.450Z</time><sat>10</sat></trkpt>
  <trkpt lat="30.26991665" lon="120.12070800"><ele>17.341</ele><time>2026-06-01T18:55:36.452Z</time><sat>10</sat></trkpt>
  <trkpt lat="30.26991665" lon="120.12070800"><ele>17.341</ele><time>2026-06-01T18:55:39.456Z</time><sat>10</sat></trkpt>
  <trkpt lat="30.26991665" lon="120.12070800"><ele>17.341</ele><time>2026-06-01T18:55:42.461Z</time><sat>10</sat></trkpt>
  <trkpt lat="30.26991665" lon="120.12070800"><ele>17.341</ele><time>2026-06-01T18:55:45.465Z</time><sat>10</sat></trkpt>
  <trkpt lat="30.26991665" lon="120.12070800"><ele>17.341</ele><time>2026-06-01T18:55:48.469Z</time><sat>10</sat></trkpt>
  <trkpt lat="30.26991665" lon="120.12070800"><ele>17.341</ele><time>2026-06-01T18:55:51.473Z</time><sat>10</sat></trkpt>
  <trkpt lat="30.26991665" lon="120.12070800"><ele>17.341</ele><time>2026-06-01T18:55:54.476Z</time><sat>10</sat></trkpt>
  <trkpt lat="30.26991665" lon="120.12070800"><ele>17.341</ele><time>2026-06-01T18:55:57.480Z</time><sat>10</sat></trkpt>
  <trkpt lat="30.26991665" lon="120.12070800"><ele>17.341</ele><time>2026-06-01T18:56:00.484Z</time><sat>10</sat></trkpt>
  <trkpt lat="30.26991665" lon="120.12070800"><ele>17.341</ele><time>2026-06-01T18:56:03.488Z</time><sat>10</sat></trkpt>
  <trkpt lat="30.26991665" lon="120.12070800"><ele>17.341</ele><time>2026-06-01T18:56:06.490Z</time><sat>10</sat></trkpt>
  <trkpt lat="30.26991665" lon="120.12070800"><ele>17.341</ele><time>2026-06-01T18:56:09.494Z</time><sat>10</sat></trkpt>
  <trkpt lat="30.26991665" lon="120.12070800"><ele>17.341</ele><time>2026-06-01T18:56:12.499Z</time><sat>10</sat></trkpt>
  <trkpt lat="30.26991665" lon="120.12070800"><ele>17.341</ele><time>2026-06-01T18:56:15.503Z</time><sat>10</sat></trkpt>
  <trkpt lat="30.26991665" lon="120.12070800"><ele>17.341</ele><time>2026-06-01T18:56:18.507Z</time><sat>10</sat></trkpt>
  <trkpt lat="30.26991665" lon="120.12070800"><ele>17.341</ele><time>2026-06-01T18:56:21.509Z</time><sat>10</sat></trkpt>
  <trkpt lat="30.26991665" lon="120.12070800"><ele>17.341</ele><time>2026-06-01T18:56:24.514Z</time><sat>10</sat></trkpt>
  <trkpt lat="30.26991665" lon="120.12070800"><ele>17.341</ele><time>2026-06-01T18:56:27.517Z</time><sat>10</sat></trkpt>
  <trkpt lat="30.26991665" lon="120.12070800"><ele>17.341</ele><time>2026-06-01T18:56:30.520Z</time><sat>10</sat></trkpt>
  <trkpt lat="30.26991665" lon="120.12070800"><ele>17.341</ele><time>2026-06-01T18:56:33.525Z</time><sat>10</sat></trkpt>
  <trkpt lat="30.26991665" lon="120.12070800"><ele>17.341</ele><time>2026-06-01T18:56:36.529Z</time><sat>10</sat></trkpt>
  <trkpt lat="30.26991665" lon="120.12070800"><ele>17.341</ele><time>2026-06-01T18:56:39.534Z</time><sat>10</sat></trkpt>
  <trkpt lat="30.26991665" lon="120.12070800"><ele>17.341</ele><time>2026-06-01T18:56:42.538Z</time><sat>10</sat></trkpt>
  <trkpt lat="30.26991665" lon="120.12070800"><ele>17.341</ele><time>2026-06-01T18:56:45.542Z</time><sat>10</sat></trkpt>
  <trkpt lat="30.26991665" lon="120.12070800"><ele>17.341</ele><time>2026-06-01T18:56:48.545Z</time><sat>10</sat></trkpt>
  <trkpt lat="30.26991665" lon="120.12070800"><ele>17.341</ele><time>2026-06-01T18:56:51.546Z</time><sat>10</sat></trkpt>
  <trkpt lat="30.26991665" lon="120.12070800"><ele>17.341</ele><time>2026-06-01T18:56:54.549Z</time><sat>10</sat></trkpt>
  <trkpt lat="30.26991665" lon="120.12070800"><ele>17.341</ele><time>2026-06-01T18:56:57.553Z</time><sat>10</sat></trkpt>
  <trkpt lat="30.26991665" lon="120.12070800"><ele>17.341</ele><time>2026-06-01T18:57:00.558Z</time><sat>10</sat></trkpt>
  <trkpt lat="30.26991665" lon="120.12070800"><ele>17.341</ele><time>2026-06-01T18:57:03.562Z</time><sat>10</sat></trkpt>
  <trkpt lat="30.26991665" lon="120.12070800"><ele>17.341</ele><time>2026-06-01T18:57:06.565Z</time><sat>10</sat></trkpt>
  <trkpt lat="30.26991665" lon="120.12070800"><ele>17.341</ele><time>2026-06-01T18:57:09.568Z</time><sat>10</sat></trkpt>
  <trkpt lat="30.26991665" lon="120.12070800"><ele>17.341</ele><time>2026-06-01T18:57:12.570Z</time><sat>10</sat></trkpt>
  <trkpt lat="30.26991665" lon="120.12070800"><ele>17.341</ele><time>2026-06-01T18:57:15.574Z</time><sat>10</sat></trkpt>
  <trkpt lat="30.26991665" lon="120.12070800"><ele>17.341</ele><time>2026-06-01T18:57:18.577Z</time><sat>10</sat></trkpt>
  <trkpt lat="30.26991665" lon="120.12070800"><ele>17.341</ele><time>2026-06-01T18:57:21.582Z</time><sat>10</sat></trkpt>
  <trkpt lat="30.26991665" lon="120.12070800"><ele>17.341</ele><time>2026-06-01T18:57:24.585Z</time><sat>10</sat></trkpt>
  <trkpt lat="30.26991665" lon="120.12070800"><ele>17.341</ele><time>2026-06-01T18:57:27.587Z</time><sat>10</sat></trkpt>
  <trkpt lat="30.26991665" lon="120.12070800"><ele>17.341</ele><time>2026-06-01T18:57:30.590Z</time><sat>10</sat></trkpt>
  <trkpt lat="30.26991665" lon="120.12070800"><ele>17.341</ele><time>2026-06-01T18:57:33.594Z</time><sat>10</sat></trkpt>
  <trkpt lat="30.26991665" lon="120.12070800"><ele>17.341</ele><time>2026-06-01T18:57:36.597Z</time><sat>10</sat></trkpt>
  <trkpt lat="30.26991665" lon="120.12070800"><ele>17.341</ele><time>2026-06-01T18:57:39.601Z</time><sat>10</sat></trkpt>
  <trkpt lat="30.26991665" lon="120.12070800"><ele>17.341</ele><time>2026-06-01T18:57:42.605Z</time><sat>10</sat></trkpt>
  <trkpt lat="30.26991665" lon="120.12070800"><ele>17.341</ele><time>2026-06-01T18:57:45.609Z</time><sat>10</sat></trkpt>
  <trkpt lat="30.26991665" lon="120.12070800"><ele>17.341</ele><time>2026-06-01T18:57:48.613Z</time><sat>10</sat></trkpt>
  <trkpt lat="30.26991665" lon="120.12070800"><ele>17.341</ele><time>2026-06-01T18:57:51.617Z</time><sat>10</sat></trkpt>
  <trkpt lat="30.26991665" lon="120.12070800"><ele>17.341</ele><time>2026-06-01T18:57:54.620Z</time><sat>10</sat></trkpt>
  <trkpt lat="30.26991665" lon="120.12070800"><ele>17.341</ele><time>2026-06-01T18:57:57.621Z</time><sat>10</sat></trkpt>
  <trkpt lat="30.26991665" lon="120.12070800"><ele>17.341</ele><time>2026-06-01T18:58:00.626Z</time><sat>10</sat></trkpt>
  <trkpt lat="30.26991665" lon="120.12070800"><ele>17.341</ele><time>2026-06-01T18:58:03.630Z</time><sat>10</sat></trkpt>
  <trkpt lat="30.26991665" lon="120.12070800"><ele>17.341</ele><time>2026-06-01T18:58:06.635Z</time><sat>10</sat></trkpt>
  <trkpt lat="30.26991665" lon="120.12070800"><ele>17.341</ele><time>2026-06-01T18:58:09.638Z</time><sat>10</sat></trkpt>
  <trkpt lat="30.26991665" lon="120.12070800"><ele>17.341</ele><time>2026-06-01T18:58:12.639Z</time><sat>10</sat></trkpt>
  <trkpt lat="30.26991665" lon="120.12070800"><ele>17.341</ele><time>2026-06-01T18:58:15.643Z</time><sat>10</sat></trkpt>
  <trkpt lat="30.26991665" lon="120.12070800"><ele>17.341</ele><time>2026-06-01T18:58:18.646Z</time><sat>10</sat></trkpt>
  <trkpt lat="30.26991665" lon="120.12070800"><ele>17.341</ele><time>2026-06-01T18:58:21.650Z</time><sat>10</sat></trkpt>
  <trkpt lat="30.26991665" lon="120.12070800"><ele>17.341</ele><time>2026-06-01T18:58:24.654Z</time><sat>10</sat></trkpt>
  <trkpt lat="30.26991665" lon="120.12070800"><ele>17.341</ele><time>2026-06-01T18:58:27.656Z</time><sat>10</sat></trkpt>
  <trkpt lat="30.26991665" lon="120.12070800"><ele>17.341</ele><time>2026-06-01T18:58:30.662Z</time><sat>10</sat></trkpt>
  <trkpt lat="30.26991665" lon="120.12070800"><ele>17.341</ele><time>2026-06-01T18:58:33.666Z</time><sat>10</sat></trkpt>
  <trkpt lat="30.26991665" lon="120.12070800"><ele>17.341</ele><time>2026-06-01T18:58:36.669Z</time><sat>10</sat></trkpt>
  <trkpt lat="30.26991665" lon="120.12070800"><ele>17.341</ele><time>2026-06-01T18:58:39.673Z</time><sat>10</sat></trkpt>
  <trkpt lat="30.26991665" lon="120.12070800"><ele>17.341</ele><time>2026-06-01T18:58:42.674Z</time><sat>10</sat></trkpt>
  <trkpt lat="30.26991665" lon="120.12070800"><ele>17.341</ele><time>2026-06-01T18:58:45.678Z</time><sat>10</sat></trkpt>
  <trkpt lat="30.26991665" lon="120.12070800"><ele>17.341</ele><time>2026-06-01T18:58:48.681Z</time><sat>10</sat></trkpt>
  <trkpt lat="30.26991665" lon="120.12070800"><ele>17.341</ele><time>2026-06-01T18:58:51.683Z</time><sat>10</sat></trkpt>
  <trkpt lat="30.26991665" lon="120.12070800"><ele>17.341</ele><time>2026-06-01T18:58:54.685Z</time><sat>10</sat></trkpt>
  <trkpt lat="30.26991665" lon="120.12070800"><ele>17.341</ele><time>2026-06-01T18:58:57.688Z</time><sat>10</sat></trkpt>
  <trkpt lat="30.26991665" lon="120.12070800"><ele>17.341</ele><time>2026-06-01T18:59:00.692Z</time><sat>10</sat></trkpt>
  <trkpt lat="30.26991665" lon="120.12070800"><ele>17.341</ele><time>2026-06-01T18:59:03.696Z</time><sat>10</sat></trkpt>
  <trkpt lat="30.26991665" lon="120.12070800"><ele>17.341</ele><time>2026-06-01T18:59:06.700Z</time><sat>10</sat></trkpt>
  <trkpt lat="30.26991665" lon="120.12070800"><ele>17.341</ele><time>2026-06-01T18:59:09.704Z</time><sat>10</sat></trkpt>
  <trkpt lat="30.26991665" lon="120.12070800"><ele>17.341</ele><time>2026-06-01T18:59:12.705Z</time><sat>10</sat></trkpt>
  <trkpt lat="30.26991665" lon="120.12070800"><ele>17.341</ele><time>2026-06-01T18:59:15.710Z</time><sat>10</sat></trkpt>
  <trkpt lat="30.26991665" lon="120.12070800"><ele>17.341</ele><time>2026-06-01T18:59:18.712Z</time><sat>10</sat></trkpt>
  <trkpt lat="30.26991665" lon="120.12070800"><ele>17.341</ele><time>2026-06-01T18:59:21.716Z</time><sat>10</sat></trkpt>
  <trkpt lat="30.26991665" lon="120.12070800"><ele>17.341</ele><time>2026-06-01T18:59:24.720Z</time><sat>10</sat></trkpt>
  <trkpt lat="30.26991665" lon="120.12070800"><ele>17.341</ele><time>2026-06-01T18:59:27.723Z</time><sat>10</sat></trkpt>
  <trkpt lat="30.26991665" lon="120.12070800"><ele>17.341</ele><time>2026-06-01T18:59:30.726Z</time><sat>10</sat></trkpt>
  <trkpt lat="30.26991665" lon="120.12070800"><ele>17.341</ele><time>2026-06-01T18:59:33.731Z</time><sat>10</sat></trkpt>
  <trkpt lat="30.26991665" lon="120.12070800"><ele>17.341</ele><time>2026-06-01T18:59:36.733Z</time><sat>10</sat></trkpt>
  <trkpt lat="30.26991665" lon="120.12070800"><ele>17.341</ele><time>2026-06-01T18:59:39.737Z</time><sat>10</sat></trkpt>
  <trkpt lat="30.26991665" lon="120.12070800"><ele>17.341</ele><time>2026-06-01T18:59:42.739Z</time><sat>10</sat></trkpt>
  <trkpt lat="30.26991665" lon="120.12070800"><ele>17.341</ele><time>2026-06-01T18:59:45.742Z</time><sat>10</sat></trkpt>
  <trkpt lat="30.26991665" lon="120.12070800"><ele>17.341</ele><time>2026-06-01T18:59:48.747Z</time><sat>10</sat></trkpt>
  <trkpt lat="30.26991665" lon="120.12070800"><ele>17.341</ele><time>2026-06-01T18:59:51.751Z</time><sat>10</sat></trkpt>
  <trkpt lat="30.26991665" lon="120.12070800"><ele>17.341</ele><time>2026-06-01T18:59:54.754Z</time><sat>10</sat></trkpt>
  <trkpt lat="30.26991665" lon="120.12070800"><ele>17.341</ele><time>2026-06-01T18:59:57.754Z</time><sat>10</sat></trkpt>
  <trkpt lat="30.26991665" lon="120.12070800"><ele>17.341</ele><time>2026-06-01T19:00:00.760Z</time><sat>10</sat></trkpt>
  <trkpt lat="30.26991665" lon="120.12070800"><ele>17.341</ele><time>2026-06-01T19:00:03.764Z</time><sat>10</sat></trkpt>
  <trkpt lat="30.26991665" lon="120.12070800"><ele>17.341</ele><time>2026-06-01T19:00:06.768Z</time><sat>10</sat></trkpt>
  <trkpt lat="30.26991665" lon="120.12070800"><ele>17.341</ele><time>2026-06-01T19:00:09.772Z</time><sat>10</sat></trkpt>
  <trkpt lat="30.26991665" lon="120.12070800"><ele>17.341</ele><time>2026-06-01T19:00:12.777Z</time><sat>10</sat></trkpt>
  <trkpt lat="30.26991665" lon="120.12070800"><ele>17.341</ele><time>2026-06-01T19:00:15.780Z</time><sat>10</sat></trkpt>
  <trkpt lat="30.26991665" lon="120.12070800"><ele>17.341</ele><time>2026-06-01T19:00:18.784Z</time><sat>10</sat></trkpt>
  <trkpt lat="30.26991665" lon="120.12070800"><ele>17.341</ele><time>2026-06-01T19:00:21.789Z</time><sat>10</sat></trkpt>
  <trkpt lat="30.26991665" lon="120.12070800"><ele>17.341</ele><time>2026-06-01T19:00:24.792Z</time><sat>10</sat></trkpt>
  <trkpt lat="30.26991665" lon="120.12070800"><ele>17.341</ele><time>2026-06-01T19:00:27.797Z</time><sat>10</sat></trkpt>
  <trkpt lat="30.26991665" lon="120.12070800"><ele>17.341</ele><time>2026-06-01T19:00:30.799Z</time><sat>10</sat></trkpt>
  <trkpt lat="30.26991665" lon="120.12070800"><ele>17.341</ele><time>2026-06-01T19:00:33.802Z</time><sat>10</sat></trkpt>
  <trkpt lat="30.26991665" lon="120.12070800"><ele>17.341</ele><time>2026-06-01T19:00:36.806Z</time><sat>10</sat></trkpt>
  <trkpt lat="30.26991665" lon="120.12070800"><ele>17.341</ele><time>2026-06-01T19:00:39.808Z</time><sat>10</sat></trkpt>
  <trkpt lat="30.26991665" lon="120.12070800"><ele>17.341</ele><time>2026-06-01T19:00:42.813Z</time><sat>10</sat></trkpt>
  <trkpt lat="30.26991665" lon="120.12070800"><ele>17.341</ele><time>2026-06-01T19:00:45.817Z</time><sat>10</sat></trkpt>
  <trkpt lat="30.26991665" lon="120.12070800"><ele>17.341</ele><time>2026-06-01T19:00:48.819Z</time><sat>10</sat></trkpt>
  <trkpt lat="30.26991665" lon="120.12070800"><ele>17.341</ele><time>2026-06-01T19:00:51.824Z</time><sat>10</sat></trkpt>
  <trkpt lat="30.26991665" lon="120.12070800"><ele>17.341</ele><time>2026-06-01T19:00:54.828Z</time><sat>10</sat></trkpt>
  <trkpt lat="30.26991665" lon="120.12070800"><ele>17.341</ele><time>2026-06-01T19:00:57.833Z</time><sat>10</sat></trkpt>
  <trkpt lat="30.26991665" lon="120.12070800"><ele>17.341</ele><time>2026-06-01T19:01:00.835Z</time><sat>10</sat></trkpt>
  <trkpt lat="30.26991665" lon="120.12070800"><ele>17.341</ele><time>2026-06-01T19:01:03.839Z</time><sat>10</sat></trkpt>
  <trkpt lat="30.26991665" lon="120.12070800"><ele>17.341</ele><time>2026-06-01T19:01:06.842Z</time><sat>10</sat></trkpt>
  <trkpt lat="30.26991665" lon="120.12070800"><ele>17.341</ele><time>2026-06-01T19:01:09.845Z</time><sat>10</sat></trkpt>
  <trkpt lat="30.26991665" lon="120.12070800"><ele>17.341</ele><time>2026-06-01T19:01:12.850Z</time><sat>10</sat></trkpt>
  <trkpt lat="30.26991665" lon="120.12070800"><ele>17.341</ele><time>2026-06-01T19:01:15.852Z</time><sat>10</sat></trkpt>
  <trkpt lat="30.26991665" lon="120.12070800"><ele>17.341</ele><time>2026-06-01T19:01:18.856Z</time><sat>10</sat></trkpt>
  <trkpt lat="30.26991665" lon="120.12070800"><ele>17.341</ele><time>2026-06-01T19:01:21.861Z</time><sat>10</sat></trkpt>
  <trkpt lat="30.26991665" lon="120.12070800"><ele>17.341</ele><time>2026-06-01T19:01:24.865Z</time><sat>10</sat></trkpt>
  <trkpt lat="30.26991665" lon="120.12070800"><ele>17.341</ele><time>2026-06-01T19:01:27.869Z</time><sat>10</sat></trkpt>
  <trkpt lat="30.26991665" lon="120.12070800"><ele>17.341</ele><time>2026-06-01T19:01:30.873Z</time><sat>10</sat></trkpt>
  <trkpt lat="30.26991665" lon="120.12070800"><ele>17.341</ele><time>2026-06-01T19:01:33.876Z</time><sat>10</sat></trkpt>
  <trkpt lat="30.26991665" lon="120.12070800"><ele>17.341</ele><time>2026-06-01T19:01:36.881Z</time><sat>10</sat></trkpt>
  <trkpt lat="30.26991665" lon="120.12070800"><ele>17.341</ele><time>2026-06-01T19:01:39.885Z</time><sat>10</sat></trkpt>
  <trkpt lat="30.26991665" lon="120.12070800"><ele>17.341</ele><time>2026-06-01T19:01:42.890Z</time><sat>10</sat></trkpt>
  <trkpt lat="30.26991665" lon="120.12070800"><ele>17.341</ele><time>2026-06-01T19:01:45.892Z</time><sat>10</sat></trkpt>
  <trkpt lat="30.26991665" lon="120.12070800"><ele>17.341</ele><time>2026-06-01T19:01:48.897Z</time><sat>10</sat></trkpt>
  <trkpt lat="30.26991665" lon="120.12070800"><ele>17.341</ele><time>2026-06-01T19:01:51.898Z</time><sat>10</sat></trkpt>
  <trkpt lat="30.26991665" lon="120.12070800"><ele>17.341</ele><time>2026-06-01T19:01:54.902Z</time><sat>10</sat></trkpt>
  <trkpt lat="30.26991665" lon="120.12070800"><ele>17.341</ele><time>2026-06-01T19:01:57.906Z</time><sat>10</sat></trkpt>
  <trkpt lat="30.26991665" lon="120.12070800"><ele>17.341</ele><time>2026-06-01T19:02:00.909Z</time><sat>10</sat></trkpt>
  <trkpt lat="30.26991665" lon="120.12070800"><ele>17.341</ele><time>2026-06-01T19:02:03.913Z</time><sat>10</sat></trkpt>
  <trkpt lat="30.26991665" lon="120.12070800"><ele>17.341</ele><time>2026-06-01T19:02:06.915Z</time><sat>10</sat></trkpt>
  <trkpt lat="30.26991665" lon="120.12070800"><ele>17.341</ele><time>2026-06-01T19:02:09.920Z</time><sat>10</sat></trkpt>
  <trkpt lat="30.26991665" lon="120.12070800"><ele>17.341</ele><time>2026-06-01T19:02:12.925Z</time><sat>10</sat></trkpt>
  <trkpt lat="30.26991665" lon="120.12070800"><ele>17.341</ele><time>2026-06-01T19:02:15.930Z</time><sat>10</sat></trkpt>
  <trkpt lat="30.26991665" lon="120.12070800"><ele>17.341</ele><time>2026-06-01T19:02:18.933Z</time><sat>10</sat></trkpt>
  <trkpt lat="30.26991665" lon="120.12070800"><ele>17.341</ele><time>2026-06-01T19:02:21.936Z</time><sat>10</sat></trkpt>
  <trkpt lat="30.26991665" lon="120.12070800"><ele>17.341</ele><time>2026-06-01T19:02:24.939Z</time><sat>10</sat></trkpt>
  <trkpt lat="30.26991665" lon="120.12070800"><ele>17.341</ele><time>2026-06-01T19:02:27.944Z</time><sat>10</sat></trkpt>
  <trkpt lat="30.26991665" lon="120.12070800"><ele>17.341</ele><time>2026-06-01T19:02:30.948Z</time><sat>10</sat></trkpt>
  <trkpt lat="30.26991665" lon="120.12070800"><ele>17.341</ele><time>2026-06-01T19:02:33.949Z</time><sat>10</sat></trkpt>
  <trkpt lat="30.26991665" lon="120.12070800"><ele>17.341</ele><time>2026-06-01T19:02:36.953Z</time><sat>10</sat></trkpt>
  <trkpt lat="30.26991665" lon="120.12070800"><ele>17.341</ele><time>2026-06-01T19:02:39.953Z</time><sat>10</sat></trkpt>
  <trkpt lat="30.26991665" lon="120.12070800"><ele>17.341</ele><time>2026-06-01T19:02:42.957Z</time><sat>10</sat></trkpt>
  <trkpt lat="30.26991665" lon="120.12070800"><ele>17.341</ele><time>2026-06-01T19:02:45.962Z</time><sat>10</sat></trkpt>
  <trkpt lat="30.26991665" lon="120.12070800"><ele>17.341</ele><time>2026-06-01T19:02:48.965Z</time><sat>10</sat></trkpt>
  <trkpt lat="30.26991665" lon="120.12070800"><ele>17.341</ele><time>2026-06-01T19:02:51.967Z</time><sat>10</sat></trkpt>
  <trkpt lat="30.26991665" lon="120.12070800"><ele>17.341</ele><time>2026-06-01T19:02:54.971Z</time><sat>10</sat></trkpt>
  <trkpt lat="30.26991665" lon="120.12070800"><ele>17.341</ele><time>2026-06-01T19:02:57.975Z</time><sat>10</sat></trkpt>
  <trkpt lat="30.26991665" lon="120.12070800"><ele>17.341</ele><time>2026-06-01T19:03:00.979Z</time><sat>10</sat></trkpt>
  <trkpt lat="30.26991665" lon="120.12070800"><ele>17.341</ele><time>2026-06-01T19:03:03.981Z</time><sat>10</sat></trkpt>
  <trkpt lat="30.26991665" lon="120.12070800"><ele>17.341</ele><time>2026-06-01T19:03:06.985Z</time><sat>10</sat></trkpt>
  <trkpt lat="30.26991665" lon="120.12070800"><ele>17.341</ele><time>2026-06-01T19:03:09.989Z</time><sat>10</sat></trkpt>
  <trkpt lat="30.26991665" lon="120.12070800"><ele>17.341</ele><time>2026-06-01T19:03:12.993Z</time><sat>10</sat></trkpt>
  <trkpt lat="30.26991665" lon="120.12070800"><ele>17.341</ele><time>2026-06-01T19:03:15.998Z</time><sat>10</sat></trkpt>
  <trkpt lat="30.26991665" lon="120.12070800"><ele>17.341</ele><time>2026-06-01T19:03:19.002Z</time><sat>10</sat></trkpt>
  <trkpt lat="30.26991665" lon="120.12070800"><ele>17.341</ele><time>2026-06-01T19:03:22.003Z</time><sat>10</sat></trkpt>
  <trkpt lat="30.26991665" lon="120.12070800"><ele>17.341</ele><time>2026-06-01T19:03:25.008Z</time><sat>10</sat></trkpt>
  <trkpt lat="30.26991665" lon="120.12070800"><ele>17.341</ele><time>2026-06-01T19:03:28.011Z</time><sat>10</sat></trkpt>
  <trkpt lat="30.26991665" lon="120.12070800"><ele>17.341</ele><time>2026-06-01T19:03:31.016Z</time><sat>10</sat></trkpt>
  <trkpt lat="30.26991665" lon="120.12070800"><ele>17.341</ele><time>2026-06-01T19:03:34.020Z</time><sat>10</sat></trkpt>
  <trkpt lat="30.26991665" lon="120.12070800"><ele>17.341</ele><time>2026-06-01T19:03:37.023Z</time><sat>10</sat></trkpt>
  <trkpt lat="30.26991665" lon="120.12070800"><ele>17.341</ele><time>2026-06-01T19:03:40.026Z</time><sat>10</sat></trkpt>
  <trkpt lat="30.26991665" lon="120.12070800"><ele>17.341</ele><time>2026-06-01T19:03:43.030Z</time><sat>10</sat></trkpt>
  <trkpt lat="30.26991665" lon="120.12070800"><ele>17.341</ele><time>2026-06-01T19:03:46.034Z</time><sat>10</sat></trkpt>
  <trkpt lat="30.26991665" lon="120.12070800"><ele>17.341</ele><time>2026-06-01T19:03:49.039Z</time><sat>10</sat></trkpt>
  <trkpt lat="30.26991665" lon="120.12070800"><ele>17.341</ele><time>2026-06-01T19:03:52.040Z</time><sat>10</sat></trkpt>
  <trkpt lat="30.26991665" lon="120.12070800"><ele>17.341</ele><time>2026-06-01T19:03:55.044Z</time><sat>10</sat></trkpt>
  <trkpt lat="30.26991665" lon="120.12070800"><ele>17.341</ele><time>2026-06-01T19:03:58.048Z</time><sat>10</sat></trkpt>
  <trkpt lat="30.26991665" lon="120.12070800"><ele>17.341</ele><time>2026-06-01T19:04:01.052Z</time><sat>10</sat></trkpt>
  <trkpt lat="30.26991665" lon="120.12070800"><ele>17.341</ele><time>2026-06-01T19:04:04.056Z</time><sat>10</sat></trkpt>
  <trkpt lat="30.26991665" lon="120.12070800"><ele>17.341</ele><time>2026-06-01T19:04:07.058Z</time><sat>10</sat></trkpt>
  <trkpt lat="30.26991665" lon="120.12070800"><ele>17.341</ele><time>2026-06-01T19:04:10.062Z</time><sat>10</sat></trkpt>
  <trkpt lat="30.26991665" lon="120.12070800"><ele>17.341</ele><time>2026-06-01T19:04:13.065Z</time><sat>10</sat></trkpt>
  <trkpt lat="30.26991665" lon="120.12070800"><ele>17.341</ele><time>2026-06-01T19:04:16.070Z</time><sat>10</sat></trkpt>
  <trkpt lat="30.26991665" lon="120.12070800"><ele>17.341</ele><time>2026-06-01T19:04:19.074Z</time><sat>10</sat></trkpt>
  <trkpt lat="30.26991665" lon="120.12070800"><ele>17.341</ele><time>2026-06-01T19:04:22.079Z</time><sat>10</sat></trkpt>
  <trkpt lat="30.26991665" lon="120.12070800"><ele>17.341</ele><time>2026-06-01T19:04:25.081Z</time><sat>10</sat></trkpt>
  <trkpt lat="30.26991665" lon="120.12070800"><ele>17.341</ele><time>2026-06-01T19:04:28.083Z</time><sat>10</sat></trkpt>
  <trkpt lat="30.26991665" lon="120.12070800"><ele>17.341</ele><time>2026-06-01T19:04:31.088Z</time><sat>10</sat></trkpt>
  <trkpt lat="30.26991665" lon="120.12070800"><ele>17.341</ele><time>2026-06-01T19:04:34.092Z</time><sat>10</sat></trkpt>
  <trkpt lat="30.26991665" lon="120.12070800"><ele>17.341</ele><time>2026-06-01T19:04:37.096Z</time><sat>10</sat></trkpt>
  <trkpt lat="30.26991665" lon="120.12070800"><ele>17.341</ele><time>2026-06-01T19:04:40.097Z</time><sat>10</sat></trkpt>
  <trkpt lat="30.26991665" lon="120.12070800"><ele>17.341</ele><time>2026-06-01T19:04:43.099Z</time><sat>10</sat></trkpt>
  <trkpt lat="30.26991665" lon="120.12070800"><ele>17.341</ele><time>2026-06-01T19:04:46.103Z</time><sat>10</sat></trkpt>
  <trkpt lat="30.26991665" lon="120.12070800"><ele>17.341</ele><time>2026-06-01T19:04:49.106Z</time><sat>10</sat></trkpt>
  <trkpt lat="30.26991665" lon="120.12070800"><ele>17.341</ele><time>2026-06-01T19:04:52.110Z</time><sat>10</sat></trkpt>
  <trkpt lat="30.26991665" lon="120.12070800"><ele>17.341</ele><time>2026-06-01T19:04:55.112Z</time><sat>10</sat></trkpt>
  <trkpt lat="30.26991665" lon="120.12070800"><ele>17.341</ele><time>2026-06-01T19:04:58.113Z</time><sat>10</sat></trkpt>
  <trkpt lat="30.26991665" lon="120.12070800"><ele>17.341</ele><time>2026-06-01T19:05:01.117Z</time><sat>10</sat></trkpt>
  <trkpt lat="30.26991665" lon="120.12070800"><ele>17.341</ele><time>2026-06-01T19:05:04.122Z</time><sat>10</sat></trkpt>
  <trkpt lat="30.26991665" lon="120.12070800"><ele>17.341</ele><time>2026-06-01T19:05:07.126Z</time><sat>10</sat></trkpt>
  <trkpt lat="30.26991665" lon="120.12070800"><ele>17.341</ele><time>2026-06-01T19:05:10.129Z</time><sat>10</sat></trkpt>
  <trkpt lat="30.26991665" lon="120.12070800"><ele>17.341</ele><time>2026-06-01T19:05:13.130Z</time><sat>10</sat></trkpt>
  <trkpt lat="30.26991665" lon="120.12070800"><ele>17.341</ele><time>2026-06-01T19:05:16.134Z</time><sat>10</sat></trkpt>
  <trkpt lat="30.26991665" lon="120.12070800"><ele>17.341</ele><time>2026-06-01T19:05:19.138Z</time><sat>10</sat></trkpt>
  <trkpt lat="30.26991665" lon="120.12070800"><ele>17.341</ele><time>2026-06-01T19:05:22.143Z</time><sat>10</sat></trkpt>
  <trkpt lat="30.26991665" lon="120.12070800"><ele>17.341</ele><time>2026-06-01T19:05:25.145Z</time><sat>10</sat></trkpt>
  <trkpt lat="30.26991665" lon="120.12070800"><ele>17.341</ele><time>2026-06-01T19:05:28.148Z</time><sat>10</sat></trkpt>
  <trkpt lat="30.26991665" lon="120.12070800"><ele>17.341</ele><time>2026-06-01T19:05:31.151Z</time><sat>10</sat></trkpt>
  <trkpt lat="30.26991665" lon="120.12070800"><ele>17.341</ele><time>2026-06-01T19:05:34.155Z</time><sat>10</sat></trkpt>
  <trkpt lat="30.26991665" lon="120.12070800"><ele>17.341</ele><time>2026-06-01T19:05:37.160Z</time><sat>10</sat></trkpt>
  <trkpt lat="30.26991665" lon="120.12070800"><ele>17.341</ele><time>2026-06-01T19:05:40.163Z</time><sat>10</sat></trkpt>
  <trkpt lat="30.26991665" lon="120.12070800"><ele>17.341</ele><time>2026-06-01T19:05:43.164Z</time><sat>10</sat></trkpt>
  <trkpt lat="30.26991665" lon="120.12070800"><ele>17.341</ele><time>2026-06-01T19:05:46.168Z</time><sat>10</sat></trkpt>
  <trkpt lat="30.26991665" lon="120.12070800"><ele>17.341</ele><time>2026-06-01T19:05:49.172Z</time><sat>10</sat></trkpt>
  <trkpt lat="30.26991665" lon="120.12070800"><ele>17.341</ele><time>2026-06-01T19:05:52.177Z</time><sat>10</sat></trkpt>
  <trkpt lat="30.26991665" lon="120.12070800"><ele>17.341</ele><time>2026-06-01T19:05:55.180Z</time><sat>10</sat></trkpt>
  <trkpt lat="30.26991665" lon="120.12070800"><ele>17.341</ele><time>2026-06-01T19:05:58.181Z</time><sat>10</sat></trkpt>
  <trkpt lat="30.26991665" lon="120.12070800"><ele>17.341</ele><time>2026-06-01T19:06:01.184Z</time><sat>10</sat></trkpt>
  <trkpt lat="30.26991665" lon="120.12070800"><ele>17.341</ele><time>2026-06-01T19:06:04.188Z</time><sat>10</sat></trkpt>
  <trkpt lat="30.26991665" lon="120.12070800"><ele>17.341</ele><time>2026-06-01T19:06:07.191Z</time><sat>10</sat></trkpt>
  <trkpt lat="30.26991665" lon="120.12070800"><ele>17.341</ele><time>2026-06-01T19:06:10.193Z</time><sat>10</sat></trkpt>
  <trkpt lat="30.26991665" lon="120.12070800"><ele>17.341</ele><time>2026-06-01T19:06:13.195Z</time><sat>10</sat></trkpt>
  <trkpt lat="30.26991665" lon="120.12070800"><ele>17.341</ele><time>2026-06-01T19:06:16.196Z</time><sat>10</sat></trkpt>
  <trkpt lat="30.26991665" lon="120.12070800"><ele>17.341</ele><time>2026-06-01T19:06:19.200Z</time><sat>10</sat></trkpt>
  <trkpt lat="30.26991665" lon="120.12070800"><ele>17.341</ele><time>2026-06-01T19:06:22.205Z</time><sat>10</sat></trkpt>
  <trkpt lat="30.26991665" lon="120.12070800"><ele>17.341</ele><time>2026-06-01T19:06:25.207Z</time><sat>10</sat></trkpt>
  <trkpt lat="30.26991665" lon="120.12070800"><ele>17.341</ele><time>2026-06-01T19:06:28.209Z</time><sat>10</sat></trkpt>
  <trkpt lat="30.26991665" lon="120.12070800"><ele>17.341</ele><time>2026-06-01T19:06:31.210Z</time><sat>10</sat></trkpt>
  <trkpt lat="30.26991665" lon="120.12070800"><ele>17.341</ele><time>2026-06-01T19:06:34.214Z</time><sat>10</sat></trkpt>
  <trkpt lat="30.26991665" lon="120.12070800"><ele>17.341</ele><time>2026-06-01T19:06:37.219Z</time><sat>10</sat></trkpt>
  <trkpt lat="30.26991665" lon="120.12070800"><ele>17.341</ele><time>2026-06-01T19:06:40.221Z</time><sat>10</sat></trkpt>
  <trkpt lat="30.26991665" lon="120.12070800"><ele>17.341</ele><time>2026-06-01T19:06:43.223Z</time><sat>10</sat></trkpt>
  <trkpt lat="30.26991665" lon="120.12070800"><ele>17.341</ele><time>2026-06-01T19:06:46.227Z</time><sat>10</sat></trkpt>
  <trkpt lat="30.26991665" lon="120.12070800"><ele>17.341</ele><time>2026-06-01T19:06:49.231Z</time><sat>10</sat></trkpt>
  <trkpt lat="30.26991665" lon="120.12070800"><ele>17.341</ele><time>2026-06-01T19:06:52.231Z</time><sat>10</sat></trkpt>
  <trkpt lat="30.26991665" lon="120.12070800"><ele>17.341</ele><time>2026-06-01T19:06:55.237Z</time><sat>10</sat></trkpt>
  <trkpt lat="30.26991665" lon="120.12070800"><ele>17.341</ele><time>2026-06-01T19:06:58.241Z</time><sat>10</sat></trkpt>
  <trkpt lat="30.26991665" lon="120.12070800"><ele>17.341</ele><time>2026-06-01T19:07:01.245Z</time><sat>10</sat></trkpt>
  <trkpt lat="30.26991665" lon="120.12070800"><ele>17.341</ele><time>2026-06-01T19:07:04.248Z</time><sat>10</sat></trkpt>
  <trkpt lat="30.26991665" lon="120.12070800"><ele>17.341</ele><time>2026-06-01T19:07:07.251Z</time><sat>10</sat></trkpt>
  <trkpt lat="30.26991665" lon="120.12070800"><ele>17.341</ele><time>2026-06-01T19:07:10.255Z</time><sat>10</sat></trkpt>
  <trkpt lat="30.26991665" lon="120.12070800"><ele>17.341</ele><time>2026-06-01T19:07:13.258Z</time><sat>10</sat></trkpt>
  <trkpt lat="30.26991665" lon="120.12070800"><ele>17.341</ele><time>2026-06-01T23:18:03.331Z</time><sat>10</sat></trkpt>
  <trkpt lat="30.26991665" lon="120.12070800"><ele>17.341</ele><time>2026-06-01T23:18:06.332Z</time><sat>10</sat></trkpt>
  <trkpt lat="30.26991665" lon="120.12070800"><ele>17.341</ele><time>2026-06-01T23:18:09.334Z</time><sat>10</sat></trkpt>
  <trkpt lat="30.26991665" lon="120.12070800"><ele>17.341</ele><time>2026-06-01T23:18:12.333Z</time><sat>10</sat></trkpt>
  <trkpt lat="30.26991665" lon="120.12070800"><ele>17.341</ele><time>2026-06-01T23:18:15.338Z</time><sat>10</sat></trkpt>
  <trkpt lat="30.26991665" lon="120.12070800"><ele>17.341</ele><time>2026-06-01T23:18:18.342Z</time><sat>10</sat></trkpt>
  <trkpt lat="30.26991665" lon="120.12070800"><ele>17.341</ele><time>2026-06-01T23:18:21.346Z</time><sat>10</sat></trkpt>
  <trkpt lat="30.26991665" lon="120.12070800"><ele>17.341</ele><time>2026-06-01T23:18:24.350Z</time><sat>10</sat></trkpt>
  <trkpt lat="30.26991665" lon="120.12070800"><ele>17.341</ele><time>2026-06-01T23:18:27.354Z</time><sat>10</sat></trkpt>
  <trkpt lat="30.26991665" lon="120.12070800"><ele>17.341</ele><time>2026-06-01T23:18:30.359Z</time><sat>10</sat></trkpt>
  <trkpt lat="30.26991665" lon="120.12070800"><ele>17.341</ele><time>2026-06-01T23:18:33.363Z</time><sat>10</sat></trkpt>
  <trkpt lat="30.26991665" lon="120.12070800"><ele>17.341</ele><time>2026-06-01T23:18:36.368Z</time><sat>10</sat></trkpt>
  <trkpt lat="30.26991665" lon="120.12070800"><ele>17.341</ele><time>2026-06-01T23:18:39.372Z</time><sat>10</sat></trkpt>
  <trkpt lat="30.26991665" lon="120.12070800"><ele>17.341</ele><time>2026-06-01T23:18:42.377Z</time><sat>10</sat></trkpt>
  <trkpt lat="30.26991665" lon="120.12070800"><ele>17.341</ele><time>2026-06-01T23:18:45.379Z</time><sat>10</sat></trkpt>
  <trkpt lat="30.26991665" lon="120.12070800"><ele>17.341</ele><time>2026-06-01T23:18:48.383Z</time><sat>10</sat></trkpt>
  <trkpt lat="30.26991665" lon="120.12070800"><ele>17.341</ele><time>2026-06-01T23:18:51.386Z</time><sat>10</sat></trkpt>
  <trkpt lat="30.26991665" lon="120.12070800"><ele>17.341</ele><time>2026-06-01T23:18:54.390Z</time><sat>10</sat></trkpt>
  <trkpt lat="30.26991665" lon="120.12070800"><ele>17.341</ele><time>2026-06-01T23:18:57.393Z</time><sat>10</sat></trkpt>
  <trkpt lat="30.26991665" lon="120.12070800"><ele>17.341</ele><time>2026-06-01T23:19:00.394Z</time><sat>10</sat></trkpt>
  <trkpt lat="30.26991665" lon="120.12070800"><ele>17.341</ele><time>2026-06-01T23:19:03.398Z</time><sat>10</sat></trkpt>
  <trkpt lat="30.26991665" lon="120.12070800"><ele>17.341</ele><time>2026-06-01T23:19:06.400Z</time><sat>10</sat></trkpt>
  <trkpt lat="30.26991665" lon="120.12070800"><ele>17.341</ele><time>2026-06-01T23:19:09.403Z</time><sat>10</sat></trkpt>
  <trkpt lat="30.26991665" lon="120.12070800"><ele>17.341</ele><time>2026-06-01T23:19:12.406Z</time><sat>10</sat></trkpt>
  <trkpt lat="30.26991665" lon="120.12070800"><ele>17.341</ele><time>2026-06-01T23:19:15.410Z</time><sat>10</sat></trkpt>
  <trkpt lat="30.26991665" lon="120.12070800"><ele>17.341</ele><time>2026-06-01T23:19:18.415Z</time><sat>10</sat></trkpt>
  <trkpt lat="30.26991665" lon="120.12070800"><ele>17.341</ele><time>2026-06-01T23:19:21.419Z</time><sat>10</sat></trkpt>
  <trkpt lat="30.26991665" lon="120.12070800"><ele>17.341</ele><time>2026-06-01T23:19:24.423Z</time><sat>10</sat></trkpt>
  <trkpt lat="30.26991665" lon="120.12070800"><ele>17.341</ele><time>2026-06-01T23:19:27.426Z</time><sat>10</sat></trkpt>
  <trkpt lat="30.26991665" lon="120.12070800"><ele>17.341</ele><time>2026-06-01T23:19:30.429Z</time><sat>10</sat></trkpt>
  <trkpt lat="30.26991665" lon="120.12070800"><ele>17.341</ele><time>2026-06-01T23:19:33.434Z</time><sat>10</sat></trkpt>
  <trkpt lat="30.26991665" lon="120.12070800"><ele>17.341</ele><time>2026-06-01T23:19:36.437Z</time><sat>10</sat></trkpt>
  <trkpt lat="30.26991665" lon="120.12070800"><ele>17.341</ele><time>2026-06-01T23:19:39.440Z</time><sat>10</sat></trkpt>
  <trkpt lat="30.26991665" lon="120.12070800"><ele>17.341</ele><time>2026-06-01T23:19:42.445Z</time><sat>10</sat></trkpt>
  <trkpt lat="30.26991665" lon="120.12070800"><ele>17.341</ele><time>2026-06-01T23:19:45.448Z</time><sat>10</sat></trkpt>
  <trkpt lat="30.26991665" lon="120.12070800"><ele>17.341</ele><time>2026-06-01T23:19:48.452Z</time><sat>10</sat></trkpt>
  <trkpt lat="30.26991665" lon="120.12070800"><ele>17.341</ele><time>2026-06-01T23:19:51.456Z</time><sat>10</sat></trkpt>
  <trkpt lat="30.26991665" lon="120.12070800"><ele>17.341</ele><time>2026-06-01T23:19:54.460Z</time><sat>10</sat></trkpt>
  <trkpt lat="30.26991665" lon="120.12070800"><ele>17.341</ele><time>2026-06-01T23:19:57.464Z</time><sat>10</sat></trkpt>
  <trkpt lat="30.26991665" lon="120.12070800"><ele>17.341</ele><time>2026-06-01T23:20:00.466Z</time><sat>10</sat></trkpt>
  <trkpt lat="30.26991665" lon="120.12070800"><ele>17.341</ele><time>2026-06-01T23:20:03.469Z</time><sat>10</sat></trkpt>
  <trkpt lat="30.26991665" lon="120.12070800"><ele>17.341</ele><time>2026-06-01T23:20:06.474Z</time><sat>10</sat></trkpt>
  <trkpt lat="30.26991665" lon="120.12070800"><ele>17.341</ele><time>2026-06-01T23:20:09.479Z</time><sat>10</sat></trkpt>
  <trkpt lat="30.26991665" lon="120.12070800"><ele>17.341</ele><time>2026-06-01T23:20:12.482Z</time><sat>10</sat></trkpt>
  <trkpt lat="30.26991665" lon="120.12070800"><ele>17.341</ele><time>2026-06-01T23:20:15.484Z</time><sat>10</sat></trkpt>
  <trkpt lat="30.26991665" lon="120.12070800"><ele>17.341</ele><time>2026-06-01T23:20:18.487Z</time><sat>10</sat></trkpt>
  <trkpt lat="30.26991665" lon="120.12070800"><ele>17.341</ele><time>2026-06-01T23:20:21.491Z</time><sat>10</sat></trkpt>
  <trkpt lat="30.26991665" lon="120.12070800"><ele>17.341</ele><time>2026-06-01T23:20:24.494Z</time><sat>10</sat></trkpt>
  <trkpt lat="30.26991665" lon="120.12070800"><ele>17.341</ele><time>2026-06-01T23:20:27.499Z</time><sat>10</sat></trkpt>
  <trkpt lat="30.26991665" lon="120.12070800"><ele>17.341</ele><time>2026-06-01T23:20:30.502Z</time><sat>10</sat></trkpt>
  <trkpt lat="30.26991665" lon="120.12070800"><ele>17.341</ele><time>2026-06-01T23:20:33.503Z</time><sat>10</sat></trkpt>
  <trkpt lat="30.26991665" lon="120.12070800"><ele>17.341</ele><time>2026-06-01T23:20:36.506Z</time><sat>10</sat></trkpt>
  <trkpt lat="30.26991665" lon="120.12070800"><ele>17.341</ele><time>2026-06-01T23:20:39.512Z</time><sat>10</sat></trkpt>
  <trkpt lat="30.26991665" lon="120.12070800"><ele>17.341</ele><time>2026-06-01T23:20:42.515Z</time><sat>10</sat></trkpt>
  <trkpt lat="30.26991665" lon="120.12070800"><ele>17.341</ele><time>2026-06-01T23:20:45.521Z</time><sat>10</sat></trkpt>
  <trkpt lat="30.26991665" lon="120.12070800"><ele>17.341</ele><time>2026-06-01T23:20:48.525Z</time><sat>10</sat></trkpt>
  <trkpt lat="30.26991665" lon="120.12070800"><ele>17.341</ele><time>2026-06-01T23:20:51.528Z</time><sat>10</sat></trkpt>
  <trkpt lat="30.26991665" lon="120.12070800"><ele>17.341</ele><time>2026-06-01T23:20:54.533Z</time><sat>10</sat></trkpt>
  <trkpt lat="30.26991665" lon="120.12070800"><ele>17.341</ele><time>2026-06-01T23:20:57.535Z</time><sat>10</sat></trkpt>
  <trkpt lat="30.26991665" lon="120.12070800"><ele>17.341</ele><time>2026-06-01T23:21:00.537Z</time><sat>10</sat></trkpt>
  <trkpt lat="30.26991665" lon="120.12070800"><ele>17.341</ele><time>2026-06-01T23:21:03.541Z</time><sat>10</sat></trkpt>
  <trkpt lat="30.26991665" lon="120.12070800"><ele>17.341</ele><time>2026-06-01T23:21:06.545Z</time><sat>10</sat></trkpt>
  <trkpt lat="30.26991665" lon="120.12070800"><ele>17.341</ele><time>2026-06-01T23:21:09.549Z</time><sat>10</sat></trkpt>
  <trkpt lat="30.26991665" lon="120.12070800"><ele>17.341</ele><time>2026-06-01T23:21:12.554Z</time><sat>10</sat></trkpt>
  <trkpt lat="30.26991665" lon="120.12070800"><ele>17.341</ele><time>2026-06-01T23:21:15.555Z</time><sat>10</sat></trkpt>
  <trkpt lat="30.26991665" lon="120.12070800"><ele>17.341</ele><time>2026-06-01T23:21:18.559Z</time><sat>10</sat></trkpt>
  <trkpt lat="30.26991665" lon="120.12070800"><ele>17.341</ele><time>2026-06-01T23:21:21.563Z</time><sat>10</sat></trkpt>
  <trkpt lat="30.26991665" lon="120.12070800"><ele>17.341</ele><time>2026-06-01T23:21:24.567Z</time><sat>10</sat></trkpt>
  <trkpt lat="30.26991665" lon="120.12070800"><ele>17.341</ele><time>2026-06-01T23:21:27.570Z</time><sat>10</sat></trkpt>
  <trkpt lat="30.26991665" lon="120.12070800"><ele>17.341</ele><time>2026-06-01T23:21:30.573Z</time><sat>10</sat></trkpt>
  <trkpt lat="30.26991665" lon="120.12070800"><ele>17.341</ele><time>2026-06-01T23:21:33.577Z</time><sat>10</sat></trkpt>
  <trkpt lat="30.26991665" lon="120.12070800"><ele>17.341</ele><time>2026-06-01T23:21:36.581Z</time><sat>10</sat></trkpt>
  <trkpt lat="30.26991665" lon="120.12070800"><ele>17.341</ele><time>2026-06-01T23:21:39.586Z</time><sat>10</sat></trkpt>
  <trkpt lat="30.26991665" lon="120.12070800"><ele>17.341</ele><time>2026-06-01T23:21:42.591Z</time><sat>10</sat></trkpt>
  <trkpt lat="30.26991665" lon="120.12070800"><ele>17.341</ele><time>2026-06-01T23:21:45.595Z</time><sat>10</sat></trkpt>
  <trkpt lat="30.26991665" lon="120.12070800"><ele>17.341</ele><time>2026-06-01T23:21:48.598Z</time><sat>10</sat></trkpt>
  <trkpt lat="30.26991665" lon="120.12070800"><ele>17.341</ele><time>2026-06-01T23:21:51.599Z</time><sat>10</sat></trkpt>
  <trkpt lat="30.26991665" lon="120.12070800"><ele>17.341</ele><time>2026-06-01T23:21:54.605Z</time><sat>10</sat></trkpt>
  <trkpt lat="30.26991665" lon="120.12070800"><ele>17.341</ele><time>2026-06-01T23:21:57.609Z</time><sat>10</sat></trkpt>
  <trkpt lat="30.26991665" lon="120.12070800"><ele>17.341</ele><time>2026-06-01T23:22:00.614Z</time><sat>10</sat></trkpt>
  <trkpt lat="30.26991665" lon="120.12070800"><ele>17.341</ele><time>2026-06-01T23:22:03.618Z</time><sat>10</sat></trkpt>
  <trkpt lat="30.26991665" lon="120.12070800"><ele>17.341</ele><time>2026-06-01T23:22:06.621Z</time><sat>10</sat></trkpt>
  <trkpt lat="30.26991665" lon="120.12070800"><ele>17.341</ele><time>2026-06-01T23:22:09.625Z</time><sat>10</sat></trkpt>
  <trkpt lat="30.26991665" lon="120.12070800"><ele>17.341</ele><time>2026-06-01T23:22:12.626Z</time><sat>10</sat></trkpt>
  <trkpt lat="30.26991665" lon="120.12070800"><ele>17.341</ele><time>2026-06-01T23:22:15.631Z</time><sat>10</sat></trkpt>
  <trkpt lat="30.26991665" lon="120.12070800"><ele>17.341</ele><time>2026-06-01T23:22:18.634Z</time><sat>10</sat></trkpt>
  <trkpt lat="30.26991665" lon="120.12070800"><ele>17.341</ele><time>2026-06-01T23:22:21.639Z</time><sat>10</sat></trkpt>
  <trkpt lat="30.26991665" lon="120.12070800"><ele>17.341</ele><time>2026-06-01T23:22:24.643Z</time><sat>10</sat></trkpt>
  <trkpt lat="30.26991665" lon="120.12070800"><ele>17.341</ele><time>2026-06-01T23:22:27.644Z</time><sat>10</sat></trkpt>
  <trkpt lat="30.26991665" lon="120.12070800"><ele>17.341</ele><time>2026-06-01T23:22:30.648Z</time><sat>10</sat></trkpt>
  <trkpt lat="30.26991665" lon="120.12070800"><ele>17.341</ele><time>2026-06-01T23:22:33.653Z</time><sat>10</sat></trkpt>
  <trkpt lat="30.26991665" lon="120.12070800"><ele>17.341</ele><time>2026-06-01T23:22:36.656Z</time><sat>10</sat></trkpt>
  <trkpt lat="30.26991665" lon="120.12070800"><ele>17.341</ele><time>2026-06-01T23:22:39.660Z</time><sat>10</sat></trkpt>
  <trkpt lat="30.26991665" lon="120.12070800"><ele>17.341</ele><time>2026-06-01T23:22:42.664Z</time><sat>10</sat></trkpt>
  <trkpt lat="30.26991665" lon="120.12070800"><ele>17.341</ele><time>2026-06-01T23:22:45.668Z</time><sat>10</sat></trkpt>
  <trkpt lat="30.26991665" lon="120.12070800"><ele>17.341</ele><time>2026-06-01T23:22:48.671Z</time><sat>10</sat></trkpt>
  <trkpt lat="30.26991665" lon="120.12070800"><ele>17.341</ele><time>2026-06-01T23:22:51.676Z</time><sat>10</sat></trkpt>
  <trkpt lat="30.26991665" lon="120.12070800"><ele>17.341</ele><time>2026-06-01T23:22:54.680Z</time><sat>10</sat></trkpt>
  <trkpt lat="30.26991665" lon="120.12070800"><ele>17.341</ele><time>2026-06-01T23:22:57.684Z</time><sat>10</sat></trkpt>
  <trkpt lat="30.26991665" lon="120.12070800"><ele>17.341</ele><time>2026-06-01T23:23:00.686Z</time><sat>10</sat></trkpt>
  <trkpt lat="30.26991665" lon="120.12070800"><ele>17.341</ele><time>2026-06-01T23:23:03.690Z</time><sat>10</sat></trkpt>
  <trkpt lat="30.26991665" lon="120.12070800"><ele>17.341</ele><time>2026-06-01T23:23:06.693Z</time><sat>10</sat></trkpt>
  <trkpt lat="30.26991665" lon="120.12070800"><ele>17.341</ele><time>2026-06-01T23:23:09.698Z</time><sat>10</sat></trkpt>
  <trkpt lat="30.26991665" lon="120.12070800"><ele>17.341</ele><time>2026-06-01T23:23:12.702Z</time><sat>10</sat></trkpt>
  <trkpt lat="30.26991665" lon="120.12070800"><ele>17.341</ele><time>2026-06-01T23:23:15.703Z</time><sat>10</sat></trkpt>
  <trkpt lat="30.26991665" lon="120.12070800"><ele>17.341</ele><time>2026-06-01T23:23:18.709Z</time><sat>10</sat></trkpt>
  <trkpt lat="30.26991665" lon="120.12070800"><ele>17.341</ele><time>2026-06-01T23:23:21.711Z</time><sat>10</sat></trkpt>
  <trkpt lat="30.26991665" lon="120.12070800"><ele>17.341</ele><time>2026-06-01T23:23:24.715Z</time><sat>10</sat></trkpt>
  <trkpt lat="30.26991665" lon="120.12070800"><ele>17.341</ele><time>2026-06-01T23:23:27.720Z</time><sat>10</sat></trkpt>
  <trkpt lat="30.26991665" lon="120.12070800"><ele>17.341</ele><time>2026-06-01T23:23:30.724Z</time><sat>10</sat></trkpt>
  <trkpt lat="30.26991665" lon="120.12070800"><ele>17.341</ele><time>2026-06-01T23:23:33.728Z</time><sat>10</sat></trkpt>
  <trkpt lat="30.26991665" lon="120.12070800"><ele>17.341</ele><time>2026-06-01T23:23:36.732Z</time><sat>10</sat></trkpt>
  <trkpt lat="30.26991665" lon="120.12070800"><ele>17.341</ele><time>2026-06-01T23:23:39.736Z</time><sat>10</sat></trkpt>
  <trkpt lat="30.26991665" lon="120.12070800"><ele>17.341</ele><time>2026-06-01T23:23:42.740Z</time><sat>10</sat></trkpt>
  <trkpt lat="30.26991665" lon="120.12070800"><ele>17.341</ele><time>2026-06-01T23:23:45.743Z</time><sat>10</sat></trkpt>
  <trkpt lat="30.26991665" lon="120.12070800"><ele>17.341</ele><time>2026-06-01T23:23:48.746Z</time><sat>10</sat></trkpt>
  <trkpt lat="30.26991665" lon="120.12070800"><ele>17.341</ele><time>2026-06-01T23:23:51.750Z</time><sat>10</sat></trkpt>
  <trkpt lat="30.26991665" lon="120.12070800"><ele>17.341</ele><time>2026-06-01T23:23:54.754Z</time><sat>10</sat></trkpt>
  <trkpt lat="30.26991665" lon="120.12070800"><ele>17.341</ele><time>2026-06-01T23:23:57.757Z</time><sat>10</sat></trkpt>
  <trkpt lat="30.26991665" lon="120.12070800"><ele>17.341</ele><time>2026-06-01T23:24:00.762Z</time><sat>10</sat></trkpt>
  <trkpt lat="30.26991665" lon="120.12070800"><ele>17.341</ele><time>2026-06-01T23:24:03.766Z</time><sat>10</sat></trkpt>
  <trkpt lat="30.26991665" lon="120.12070800"><ele>17.341</ele><time>2026-06-01T23:24:06.770Z</time><sat>10</sat></trkpt>
  <trkpt lat="30.26991665" lon="120.12070800"><ele>17.341</ele><time>2026-06-01T23:24:09.772Z</time><sat>10</sat></trkpt>
  <trkpt lat="30.26991665" lon="120.12070800"><ele>17.341</ele><time>2026-06-01T23:24:12.777Z</time><sat>10</sat></trkpt>
  <trkpt lat="30.26991665" lon="120.12070800"><ele>17.341</ele><time>2026-06-01T23:24:15.781Z</time><sat>10</sat></trkpt>
  <trkpt lat="30.26991665" lon="120.12070800"><ele>17.341</ele><time>2026-06-01T23:24:18.786Z</time><sat>10</sat></trkpt>
  <trkpt lat="30.26991665" lon="120.12070800"><ele>17.341</ele><time>2026-06-01T23:24:21.787Z</time><sat>10</sat></trkpt>
  <trkpt lat="30.26991665" lon="120.12070800"><ele>17.341</ele><time>2026-06-01T23:24:24.792Z</time><sat>10</sat></trkpt>
  <trkpt lat="30.26991665" lon="120.12070800"><ele>17.341</ele><time>2026-06-01T23:24:27.796Z</time><sat>10</sat></trkpt>
  <trkpt lat="30.26991665" lon="120.12070800"><ele>17.341</ele><time>2026-06-01T23:24:30.799Z</time><sat>10</sat></trkpt>
  <trkpt lat="30.26991665" lon="120.12070800"><ele>17.341</ele><time>2026-06-01T23:24:33.801Z</time><sat>10</sat></trkpt>
  <trkpt lat="30.26991665" lon="120.12070800"><ele>17.341</ele><time>2026-06-01T23:24:36.805Z</time><sat>10</sat></trkpt>
  <trkpt lat="30.26991665" lon="120.12070800"><ele>17.341</ele><time>2026-06-01T23:24:39.809Z</time><sat>10</sat></trkpt>
  <trkpt lat="30.26991665" lon="120.12070800"><ele>17.341</ele><time>2026-06-01T23:24:42.812Z</time><sat>10</sat></trkpt>
  <trkpt lat="30.26991665" lon="120.12070800"><ele>17.341</ele><time>2026-06-01T23:24:45.817Z</time><sat>10</sat></trkpt>
  <trkpt lat="30.26991665" lon="120.12070800"><ele>17.341</ele><time>2026-06-01T23:24:48.818Z</time><sat>10</sat></trkpt>
  <trkpt lat="30.26991665" lon="120.12070800"><ele>17.341</ele><time>2026-06-01T23:24:51.822Z</time><sat>10</sat></trkpt>
  <trkpt lat="30.26991665" lon="120.12070800"><ele>17.341</ele><time>2026-06-01T23:24:54.826Z</time><sat>10</sat></trkpt>
  <trkpt lat="30.26991665" lon="120.12070800"><ele>17.341</ele><time>2026-06-01T23:24:57.831Z</time><sat>10</sat></trkpt>
  <trkpt lat="30.26991665" lon="120.12070800"><ele>17.341</ele><time>2026-06-01T23:25:00.835Z</time><sat>10</sat></trkpt>
  <trkpt lat="30.26991665" lon="120.12070800"><ele>17.341</ele><time>2026-06-01T23:25:03.839Z</time><sat>10</sat></trkpt>
  <trkpt lat="30.26991665" lon="120.12070800"><ele>17.341</ele><time>2026-06-01T23:25:06.842Z</time><sat>10</sat></trkpt>
  <trkpt lat="30.26991665" lon="120.12070800"><ele>17.341</ele><time>2026-06-01T23:25:09.844Z</time><sat>10</sat></trkpt>
  <trkpt lat="30.26991665" lon="120.12070800"><ele>17.341</ele><time>2026-06-01T23:25:12.849Z</time><sat>10</sat></trkpt>
  <trkpt lat="30.26991665" lon="120.12070800"><ele>17.341</ele><time>2026-06-01T23:25:15.852Z</time><sat>10</sat></trkpt>
  <trkpt lat="30.26991665" lon="120.12070800"><ele>17.341</ele><time>2026-06-01T23:25:18.855Z</time><sat>10</sat></trkpt>
  <trkpt lat="30.26991665" lon="120.12070800"><ele>17.341</ele><time>2026-06-01T23:25:21.860Z</time><sat>10</sat></trkpt>
  <trkpt lat="30.26991665" lon="120.12070800"><ele>17.341</ele><time>2026-06-01T23:25:24.864Z</time><sat>10</sat></trkpt>
  <trkpt lat="30.26991665" lon="120.12070800"><ele>17.341</ele><time>2026-06-01T23:25:27.867Z</time><sat>10</sat></trkpt>
  <trkpt lat="30.26991665" lon="120.12070800"><ele>17.341</ele><time>2026-06-01T23:25:30.868Z</time><sat>10</sat></trkpt>
  <trkpt lat="30.26991665" lon="120.12070800"><ele>17.341</ele><time>2026-06-01T23:25:33.871Z</time><sat>10</sat></trkpt>
  <trkpt lat="30.26991665" lon="120.12070800"><ele>17.341</ele><time>2026-06-01T23:25:36.877Z</time><sat>10</sat></trkpt>
  <trkpt lat="30.26991665" lon="120.12070800"><ele>17.341</ele><time>2026-06-01T23:25:39.880Z</time><sat>10</sat></trkpt>
  <trkpt lat="30.26991665" lon="120.12070800"><ele>17.341</ele><time>2026-06-01T23:25:42.885Z</time><sat>10</sat></trkpt>
  <trkpt lat="30.26991665" lon="120.12070800"><ele>17.341</ele><time>2026-06-01T23:25:45.889Z</time><sat>10</sat></trkpt>
  <trkpt lat="30.26991665" lon="120.12070800"><ele>17.341</ele><time>2026-06-01T23:25:48.895Z</time><sat>10</sat></trkpt>
  <trkpt lat="30.26991665" lon="120.12070800"><ele>17.341</ele><time>2026-06-01T23:25:51.898Z</time><sat>10</sat></trkpt>
  <trkpt lat="30.26991665" lon="120.12070800"><ele>17.341</ele><time>2026-06-01T23:25:54.902Z</time><sat>10</sat></trkpt>
  <trkpt lat="30.26991665" lon="120.12070800"><ele>17.341</ele><time>2026-06-01T23:25:57.907Z</time><sat>10</sat></trkpt>
  <trkpt lat="30.26991665" lon="120.12070800"><ele>17.341</ele><time>2026-06-01T23:26:00.910Z</time><sat>10</sat></trkpt>
  <trkpt lat="30.26991665" lon="120.12070800"><ele>17.341</ele><time>2026-06-01T23:26:03.912Z</time><sat>10</sat></trkpt>
  <trkpt lat="30.26991665" lon="120.12070800"><ele>17.341</ele><time>2026-06-01T23:26:06.917Z</time><sat>10</sat></trkpt>
  <trkpt lat="30.26991665" lon="120.12070800"><ele>17.341</ele><time>2026-06-01T23:26:09.919Z</time><sat>10</sat></trkpt>
  <trkpt lat="30.26991665" lon="120.12070800"><ele>17.341</ele><time>2026-06-01T23:26:12.921Z</time><sat>10</sat></trkpt>
  <trkpt lat="30.26991665" lon="120.12070800"><ele>17.341</ele><time>2026-06-01T23:26:15.925Z</time><sat>10</sat></trkpt>
  <trkpt lat="30.26991665" lon="120.12070800"><ele>17.341</ele><time>2026-06-01T23:26:18.930Z</time><sat>10</sat></trkpt>
  <trkpt lat="30.26991665" lon="120.12070800"><ele>17.341</ele><time>2026-06-01T23:26:21.933Z</time><sat>10</sat></trkpt>
  <trkpt lat="30.26991665" lon="120.12070800"><ele>17.341</ele><time>2026-06-01T23:26:24.936Z</time><sat>10</sat></trkpt>
  <trkpt lat="30.26991665" lon="120.12070800"><ele>17.341</ele><time>2026-06-01T23:26:27.941Z</time><sat>10</sat></trkpt>
  <trkpt lat="30.26991665" lon="120.12070800"><ele>17.341</ele><time>2026-06-01T23:26:30.945Z</time><sat>10</sat></trkpt>
  <trkpt lat="30.26991665" lon="120.12070800"><ele>17.341</ele><time>2026-06-01T23:26:33.949Z</time><sat>10</sat></trkpt>
  <trkpt lat="30.26991665" lon="120.12070800"><ele>17.341</ele><time>2026-06-01T23:26:36.950Z</time><sat>10</sat></trkpt>
  <trkpt lat="30.26991665" lon="120.12070800"><ele>17.341</ele><time>2026-06-01T23:26:39.953Z</time><sat>10</sat></trkpt>
  <trkpt lat="30.26991665" lon="120.12070800"><ele>17.341</ele><time>2026-06-01T23:26:42.955Z</time><sat>10</sat></trkpt>
  <trkpt lat="30.26991665" lon="120.12070800"><ele>17.341</ele><time>2026-06-01T23:26:45.959Z</time><sat>10</sat></trkpt>
  <trkpt lat="30.26991665" lon="120.12070800"><ele>17.341</ele><time>2026-06-01T23:26:48.964Z</time><sat>10</sat></trkpt>
  <trkpt lat="30.26991665" lon="120.12070800"><ele>17.341</ele><time>2026-06-01T23:26:51.965Z</time><sat>10</sat></trkpt>
  <trkpt lat="30.26991665" lon="120.12070800"><ele>17.341</ele><time>2026-06-01T23:26:54.969Z</time><sat>10</sat></trkpt>
  <trkpt lat="30.26991665" lon="120.12070800"><ele>17.341</ele><time>2026-06-01T23:26:57.971Z</time><sat>10</sat></trkpt>
  <trkpt lat="30.26991665" lon="120.12070800"><ele>17.341</ele><time>2026-06-01T23:27:00.975Z</time><sat>10</sat></trkpt>
  <trkpt lat="30.26991665" lon="120.12070800"><ele>17.341</ele><time>2026-06-01T23:27:03.979Z</time><sat>10</sat></trkpt>
  <trkpt lat="30.26991665" lon="120.12070800"><ele>17.341</ele><time>2026-06-01T23:27:06.983Z</time><sat>10</sat></trkpt>
  <trkpt lat="30.26991665" lon="120.12070800"><ele>17.341</ele><time>2026-06-01T23:27:09.984Z</time><sat>10</sat></trkpt>
  <trkpt lat="30.26991665" lon="120.12070800"><ele>17.341</ele><time>2026-06-01T23:27:12.987Z</time><sat>10</sat></trkpt>
  <trkpt lat="30.26991665" lon="120.12070800"><ele>17.341</ele><time>2026-06-01T23:27:15.991Z</time><sat>10</sat></trkpt>
  <trkpt lat="30.26991665" lon="120.12070800"><ele>17.341</ele><time>2026-06-01T23:27:18.995Z</time><sat>10</sat></trkpt>
  <trkpt lat="30.26991665" lon="120.12070800"><ele>17.341</ele><time>2026-06-01T23:27:21.999Z</time><sat>10</sat></trkpt>
  <trkpt lat="30.26991665" lon="120.12070800"><ele>17.341</ele><time>2026-06-01T23:27:25.004Z</time><sat>10</sat></trkpt>
  <trkpt lat="30.26991665" lon="120.12070800"><ele>17.341</ele><time>2026-06-01T23:27:28.006Z</time><sat>10</sat></trkpt>
  <trkpt lat="30.26991665" lon="120.12070800"><ele>17.341</ele><time>2026-06-01T23:27:31.010Z</time><sat>10</sat></trkpt>
  <trkpt lat="30.26991665" lon="120.12070800"><ele>17.341</ele><time>2026-06-01T23:27:34.013Z</time><sat>10</sat></trkpt>
  <trkpt lat="30.26991665" lon="120.12070800"><ele>17.341</ele><time>2026-06-01T23:27:37.017Z</time><sat>10</sat></trkpt>
  <trkpt lat="30.26991665" lon="120.12070800"><ele>17.341</ele><time>2026-06-01T23:27:40.021Z</time><sat>10</sat></trkpt>
  <trkpt lat="30.26991665" lon="120.12070800"><ele>17.341</ele><time>2026-06-01T23:27:43.025Z</time><sat>10</sat></trkpt>
  <trkpt lat="30.26991665" lon="120.12070800"><ele>17.341</ele><time>2026-06-01T23:27:46.028Z</time><sat>10</sat></trkpt>
  <trkpt lat="30.26991665" lon="120.12070800"><ele>17.341</ele><time>2026-06-01T23:27:49.033Z</time><sat>10</sat></trkpt>
  <trkpt lat="30.26991665" lon="120.12070800"><ele>17.341</ele><time>2026-06-01T23:27:52.037Z</time><sat>10</sat></trkpt>
  <trkpt lat="30.26991665" lon="120.12070800"><ele>17.341</ele><time>2026-06-01T23:27:55.039Z</time><sat>10</sat></trkpt>
  <trkpt lat="30.26991665" lon="120.12070800"><ele>17.341</ele><time>2026-06-01T23:27:58.041Z</time><sat>10</sat></trkpt>
  <trkpt lat="30.26991665" lon="120.12070800"><ele>17.341</ele><time>2026-06-01T23:28:01.042Z</time><sat>10</sat></trkpt>
  <trkpt lat="30.26991665" lon="120.12070800"><ele>17.341</ele><time>2026-06-01T23:28:04.045Z</time><sat>10</sat></trkpt>
  <trkpt lat="30.26991665" lon="120.12070800"><ele>17.341</ele><time>2026-06-01T23:28:07.050Z</time><sat>10</sat></trkpt>
  <trkpt lat="30.26991665" lon="120.12070800"><ele>17.341</ele><time>2026-06-01T23:28:10.052Z</time><sat>10</sat></trkpt>
  <trkpt lat="30.26991665" lon="120.12070800"><ele>17.341</ele><time>2026-06-01T23:28:13.056Z</time><sat>10</sat></trkpt>
  <trkpt lat="30.26991665" lon="120.12070800"><ele>17.341</ele><time>2026-06-01T23:28:16.058Z</time><sat>10</sat></trkpt>
  <trkpt lat="30.26991665" lon="120.12070800"><ele>17.341</ele><time>2026-06-01T23:28:19.062Z</time><sat>10</sat></trkpt>
  <trkpt lat="30.26991665" lon="120.12070800"><ele>17.341</ele><time>2026-06-01T23:28:22.066Z</time><sat>10</sat></trkpt>
  <trkpt lat="30.26991665" lon="120.12070800"><ele>17.341</ele><time>2026-06-01T23:28:25.070Z</time><sat>10</sat></trkpt>
  <trkpt lat="30.26991665" lon="120.12070800"><ele>17.341</ele><time>2026-06-01T23:28:28.073Z</time><sat>10</sat></trkpt>
  <trkpt lat="30.26991665" lon="120.12070800"><ele>17.341</ele><time>2026-06-01T23:28:31.078Z</time><sat>10</sat></trkpt>
  <trkpt lat="30.26991665" lon="120.12070800"><ele>17.341</ele><time>2026-06-01T23:28:34.079Z</time><sat>10</sat></trkpt>
  <trkpt lat="30.26991665" lon="120.12070800"><ele>17.341</ele><time>2026-06-01T23:28:37.084Z</time><sat>10</sat></trkpt>
  <trkpt lat="30.26991665" lon="120.12070800"><ele>17.341</ele><time>2026-06-01T23:28:40.087Z</time><sat>10</sat></trkpt>
  <trkpt lat="30.26991665" lon="120.12070800"><ele>17.341</ele><time>2026-06-01T23:28:43.090Z</time><sat>10</sat></trkpt>
  <trkpt lat="30.26991665" lon="120.12070800"><ele>17.341</ele><time>2026-06-01T23:28:46.093Z</time><sat>10</sat></trkpt>
  <trkpt lat="30.26991665" lon="120.12070800"><ele>17.341</ele><time>2026-06-01T23:28:49.094Z</time><sat>10</sat></trkpt>
  <trkpt lat="30.26991665" lon="120.12070800"><ele>17.341</ele><time>2026-06-01T23:28:52.099Z</time><sat>10</sat></trkpt>
  <trkpt lat="30.26991665" lon="120.12070800"><ele>17.341</ele><time>2026-06-01T23:28:55.105Z</time><sat>10</sat></trkpt>
  <trkpt lat="30.26991665" lon="120.12070800"><ele>17.341</ele><time>2026-06-01T23:28:58.110Z</time><sat>10</sat></trkpt>
  <trkpt lat="30.26991665" lon="120.12070800"><ele>17.341</ele><time>2026-06-01T23:29:01.115Z</time><sat>10</sat></trkpt>
  <trkpt lat="30.26991665" lon="120.12070800"><ele>17.341</ele><time>2026-06-01T23:29:04.118Z</time><sat>10</sat></trkpt>
  <trkpt lat="30.26991665" lon="120.12070800"><ele>17.341</ele><time>2026-06-01T23:29:07.120Z</time><sat>10</sat></trkpt>
  <trkpt lat="30.26991665" lon="120.12070800"><ele>17.341</ele><time>2026-06-01T23:29:10.124Z</time><sat>10</sat></trkpt>
  <trkpt lat="30.26991665" lon="120.12070800"><ele>17.341</ele><time>2026-06-01T23:29:13.127Z</time><sat>10</sat></trkpt>
  <trkpt lat="30.26991665" lon="120.12070800"><ele>17.341</ele><time>2026-06-01T23:29:16.131Z</time><sat>10</sat></trkpt>
  <trkpt lat="30.26991665" lon="120.12070800"><ele>17.341</ele><time>2026-06-01T23:29:19.135Z</time><sat>10</sat></trkpt>
  <trkpt lat="30.26991665" lon="120.12070800"><ele>17.341</ele><time>2026-06-01T23:29:22.136Z</time><sat>10</sat></trkpt>
  <trkpt lat="30.26991665" lon="120.12070800"><ele>17.341</ele><time>2026-06-01T23:29:25.141Z</time><sat>10</sat></trkpt>
  <trkpt lat="30.26991665" lon="120.12070800"><ele>17.341</ele><time>2026-06-01T23:29:28.145Z</time><sat>10</sat></trkpt>
  <trkpt lat="30.26991665" lon="120.12070800"><ele>17.341</ele><time>2026-06-01T23:29:31.145Z</time><sat>10</sat></trkpt>
  <trkpt lat="30.26991665" lon="120.12070800"><ele>17.341</ele><time>2026-06-01T23:29:34.148Z</time><sat>10</sat></trkpt>
  <trkpt lat="30.26991665" lon="120.12070800"><ele>17.341</ele><time>2026-06-01T23:29:37.153Z</time><sat>10</sat></trkpt>
  <trkpt lat="30.26991665" lon="120.12070800"><ele>17.341</ele><time>2026-06-01T23:29:40.157Z</time><sat>10</sat></trkpt>
  <trkpt lat="30.26991665" lon="120.12070800"><ele>17.341</ele><time>2026-06-01T23:29:43.158Z</time><sat>10</sat></trkpt>
  <trkpt lat="30.26991665" lon="120.12070800"><ele>17.341</ele><time>2026-06-01T23:29:46.162Z</time><sat>10</sat></trkpt>
  <trkpt lat="30.26991665" lon="120.12070800"><ele>17.341</ele><time>2026-06-01T23:29:49.164Z</time><sat>10</sat></trkpt>
  <trkpt lat="30.26991665" lon="120.12070800"><ele>17.341</ele><time>2026-06-01T23:29:52.165Z</time><sat>10</sat></trkpt>
  <trkpt lat="30.26991665" lon="120.12070800"><ele>17.341</ele><time>2026-06-01T23:29:55.168Z</time><sat>10</sat></trkpt>
  <trkpt lat="30.26991665" lon="120.12070800"><ele>17.341</ele><time>2026-06-01T23:29:58.171Z</time><sat>10</sat></trkpt>
  <trkpt lat="30.26991665" lon="120.12070800"><ele>17.341</ele><time>2026-06-01T23:30:01.175Z</time><sat>10</sat></trkpt>
  <trkpt lat="30.26991665" lon="120.12070800"><ele>17.341</ele><time>2026-06-01T23:30:04.179Z</time><sat>10</sat></trkpt>
  <trkpt lat="30.26991665" lon="120.12070800"><ele>17.341</ele><time>2026-06-01T23:30:07.182Z</time><sat>10</sat></trkpt>
  <trkpt lat="30.26991665" lon="120.12070800"><ele>17.341</ele><time>2026-06-01T23:30:10.185Z</time><sat>10</sat></trkpt>
  <trkpt lat="30.26991665" lon="120.12070800"><ele>17.341</ele><time>2026-06-01T23:30:13.188Z</time><sat>10</sat></trkpt>
  <trkpt lat="30.26991665" lon="120.12070800"><ele>17.341</ele><time>2026-06-01T23:30:16.193Z</time><sat>10</sat></trkpt>
  <trkpt lat="30.26991665" lon="120.12070800"><ele>17.341</ele><time>2026-06-01T23:30:19.196Z</time><sat>10</sat></trkpt>
  <trkpt lat="30.26991665" lon="120.12070800"><ele>17.341</ele><time>2026-06-01T23:30:22.201Z</time><sat>10</sat></trkpt>
  <trkpt lat="30.26991665" lon="120.12070800"><ele>17.341</ele><time>2026-06-01T23:30:25.205Z</time><sat>10</sat></trkpt>
  <trkpt lat="30.26991665" lon="120.12070800"><ele>17.341</ele><time>2026-06-01T23:30:28.209Z</time><sat>10</sat></trkpt>
  <trkpt lat="30.26991665" lon="120.12070800"><ele>17.341</ele><time>2026-06-01T23:30:31.213Z</time><sat>10</sat></trkpt>
  <trkpt lat="30.26991665" lon="120.12070800"><ele>17.341</ele><time>2026-06-01T23:30:34.215Z</time><sat>10</sat></trkpt>
  <trkpt lat="30.26991665" lon="120.12070800"><ele>17.341</ele><time>2026-06-01T23:30:37.220Z</time><sat>10</sat></trkpt>
  <trkpt lat="30.26991665" lon="120.12070800"><ele>17.341</ele><time>2026-06-01T23:30:40.222Z</time><sat>10</sat></trkpt>
  <trkpt lat="30.26991665" lon="120.12070800"><ele>17.341</ele><time>2026-06-01T23:30:43.226Z</time><sat>10</sat></trkpt>
  <trkpt lat="30.26991665" lon="120.12070800"><ele>17.341</ele><time>2026-06-01T23:30:46.231Z</time><sat>10</sat></trkpt>
  <trkpt lat="30.26991665" lon="120.12070800"><ele>17.341</ele><time>2026-06-01T23:30:49.232Z</time><sat>10</sat></trkpt>
  <trkpt lat="30.26991665" lon="120.12070800"><ele>17.341</ele><time>2026-06-01T23:30:52.235Z</time><sat>10</sat></trkpt>
  <trkpt lat="30.26991665" lon="120.12070800"><ele>17.341</ele><time>2026-06-01T23:30:55.241Z</time><sat>10</sat></trkpt>
  <trkpt lat="30.26991665" lon="120.12070800"><ele>17.341</ele><time>2026-06-01T23:30:58.246Z</time><sat>10</sat></trkpt>
  <trkpt lat="30.26991665" lon="120.12070800"><ele>17.341</ele><time>2026-06-01T23:31:01.249Z</time><sat>10</sat></trkpt>
  <trkpt lat="30.26991665" lon="120.12070800"><ele>17.341</ele><time>2026-06-01T23:31:04.252Z</time><sat>10</sat></trkpt>
  <trkpt lat="30.26991665" lon="120.12070800"><ele>17.341</ele><time>2026-06-01T23:31:07.254Z</time><sat>10</sat></trkpt>
  <trkpt lat="30.26991665" lon="120.12070800"><ele>17.341</ele><time>2026-06-01T23:31:10.258Z</time><sat>10</sat></trkpt>
  <trkpt lat="30.26991665" lon="120.12070800"><ele>17.341</ele><time>2026-06-01T23:31:13.261Z</time><sat>10</sat></trkpt>
  <trkpt lat="30.26991665" lon="120.12070800"><ele>17.341</ele><time>2026-06-01T23:31:16.264Z</time><sat>10</sat></trkpt>
  <trkpt lat="30.26991665" lon="120.12070800"><ele>17.341</ele><time>2026-06-01T23:31:19.270Z</time><sat>10</sat></trkpt>
  <trkpt lat="30.26991665" lon="120.12070800"><ele>17.341</ele><time>2026-06-01T23:31:22.274Z</time><sat>10</sat></trkpt>
  <trkpt lat="30.26991665" lon="120.12070800"><ele>17.341</ele><time>2026-06-01T23:31:25.279Z</time><sat>10</sat></trkpt>
  <trkpt lat="30.26991665" lon="120.12070800"><ele>17.341</ele><time>2026-06-01T23:31:28.283Z</time><sat>10</sat></trkpt>
  <trkpt lat="30.26991665" lon="120.12070800"><ele>17.341</ele><time>2026-06-01T23:31:31.286Z</time><sat>10</sat></trkpt>
  <trkpt lat="30.26991665" lon="120.12070800"><ele>17.341</ele><time>2026-06-01T23:31:34.290Z</time><sat>10</sat></trkpt>
  <trkpt lat="30.26991665" lon="120.12070800"><ele>17.341</ele><time>2026-06-01T23:31:37.295Z</time><sat>10</sat></trkpt>
  <trkpt lat="30.26991665" lon="120.12070800"><ele>17.341</ele><time>2026-06-01T23:31:40.300Z</time><sat>10</sat></trkpt>
  <trkpt lat="30.26991665" lon="120.12070800"><ele>17.341</ele><time>2026-06-01T23:31:43.304Z</time><sat>10</sat></trkpt>
  <trkpt lat="30.26991665" lon="120.12070800"><ele>17.341</ele><time>2026-06-01T23:31:46.308Z</time><sat>10</sat></trkpt>
  <trkpt lat="30.26991665" lon="120.12070800"><ele>17.341</ele><time>2026-06-01T23:31:49.312Z</time><sat>10</sat></trkpt>
  <trkpt lat="30.26991665" lon="120.12070800"><ele>17.341</ele><time>2026-06-01T23:31:52.317Z</time><sat>10</sat></trkpt>
  <trkpt lat="30.26991665" lon="120.12070800"><ele>17.341</ele><time>2026-06-01T23:31:55.322Z</time><sat>10</sat></trkpt>
  <trkpt lat="30.26991665" lon="120.12070800"><ele>17.341</ele><time>2026-06-01T23:31:58.326Z</time><sat>10</sat></trkpt>
  <trkpt lat="30.26991665" lon="120.12070800"><ele>17.341</ele><time>2026-06-01T23:32:01.329Z</time><sat>10</sat></trkpt>
  <trkpt lat="30.26991665" lon="120.12070800"><ele>17.341</ele><time>2026-06-01T23:32:04.334Z</time><sat>10</sat></trkpt>
  <trkpt lat="30.26991665" lon="120.12070800"><ele>17.341</ele><time>2026-06-01T23:32:07.336Z</time><sat>10</sat></trkpt>
  <trkpt lat="30.26991665" lon="120.12070800"><ele>17.341</ele><time>2026-06-01T23:32:10.339Z</time><sat>10</sat></trkpt>
  <trkpt lat="30.26991665" lon="120.12070800"><ele>17.341</ele><time>2026-06-01T23:32:13.340Z</time><sat>10</sat></trkpt>
  <trkpt lat="30.26991665" lon="120.12070800"><ele>17.341</ele><time>2026-06-01T23:32:16.344Z</time><sat>10</sat></trkpt>
  <trkpt lat="30.26991665" lon="120.12070800"><ele>17.341</ele><time>2026-06-01T23:32:19.348Z</time><sat>10</sat></trkpt>
  <trkpt lat="30.26991665" lon="120.12070800"><ele>17.341</ele><time>2026-06-01T23:32:22.352Z</time><sat>10</sat></trkpt>
  <trkpt lat="30.26991665" lon="120.12070800"><ele>17.341</ele><time>2026-06-01T23:32:25.356Z</time><sat>10</sat></trkpt>
  <trkpt lat="30.26991665" lon="120.12070800"><ele>17.341</ele><time>2026-06-01T23:32:28.359Z</time><sat>10</sat></trkpt>
  <trkpt lat="30.26991665" lon="120.12070800"><ele>17.341</ele><time>2026-06-01T23:32:31.363Z</time><sat>10</sat></trkpt>
  <trkpt lat="30.26991665" lon="120.12070800"><ele>17.341</ele><time>2026-06-01T23:32:34.367Z</time><sat>10</sat></trkpt>
  <trkpt lat="30.26991665" lon="120.12070800"><ele>17.341</ele><time>2026-06-01T23:32:37.371Z</time><sat>10</sat></trkpt>
  <trkpt lat="30.26991665" lon="120.12070800"><ele>17.341</ele><time>2026-06-01T23:32:40.374Z</time><sat>10</sat></trkpt>
  <trkpt lat="30.26991665" lon="120.12070800"><ele>17.341</ele><time>2026-06-01T23:32:43.375Z</time><sat>10</sat></trkpt>
  <trkpt lat="30.26991665" lon="120.12070800"><ele>17.341</ele><time>2026-06-01T23:32:46.379Z</time><sat>10</sat></trkpt>
  <trkpt lat="30.26991665" lon="120.12070800"><ele>17.341</ele><time>2026-06-01T23:32:49.382Z</time><sat>10</sat></trkpt>
  <trkpt lat="30.26991665" lon="120.12070800"><ele>17.341</ele><time>2026-06-01T23:32:52.386Z</time><sat>10</sat></trkpt>
  <trkpt lat="30.26991665" lon="120.12070800"><ele>17.341</ele><time>2026-06-01T23:32:55.390Z</time><sat>10</sat></trkpt>
  <trkpt lat="30.26991665" lon="120.12070800"><ele>17.341</ele><time>2026-06-01T23:32:58.393Z</time><sat>10</sat></trkpt>
  <trkpt lat="30.26991665" lon="120.12070800"><ele>17.341</ele><time>2026-06-01T23:33:01.396Z</time><sat>10</sat></trkpt>
  <trkpt lat="30.26991665" lon="120.12070800"><ele>17.341</ele><time>2026-06-01T23:33:04.401Z</time><sat>10</sat></trkpt>
  <trkpt lat="30.26991665" lon="120.12070800"><ele>17.341</ele><time>2026-06-01T23:33:07.403Z</time><sat>10</sat></trkpt>
  <trkpt lat="30.26991665" lon="120.12070800"><ele>17.341</ele><time>2026-06-01T23:33:10.406Z</time><sat>10</sat></trkpt>
  <trkpt lat="30.26991665" lon="120.12070800"><ele>17.341</ele><time>2026-06-01T23:33:13.408Z</time><sat>10</sat></trkpt>
  <trkpt lat="30.26991665" lon="120.12070800"><ele>17.341</ele><time>2026-06-01T23:33:16.412Z</time><sat>10</sat></trkpt>
  <trkpt lat="30.26991665" lon="120.12070800"><ele>17.341</ele><time>2026-06-01T23:33:19.416Z</time><sat>10</sat></trkpt>
  <trkpt lat="30.26991665" lon="120.12070800"><ele>17.341</ele><time>2026-06-01T23:33:22.420Z</time><sat>10</sat></trkpt>
  <trkpt lat="30.26991665" lon="120.12070800"><ele>17.341</ele><time>2026-06-01T23:33:25.424Z</time><sat>10</sat></trkpt>
  <trkpt lat="30.26991665" lon="120.12070800"><ele>17.341</ele><time>2026-06-01T23:33:28.426Z</time><sat>10</sat></trkpt>
  <trkpt lat="30.26991665" lon="120.12070800"><ele>17.341</ele><time>2026-06-01T23:33:31.429Z</time><sat>10</sat></trkpt>
  <trkpt lat="30.26991665" lon="120.12070800"><ele>17.341</ele><time>2026-06-01T23:33:34.433Z</time><sat>10</sat></trkpt>
  <trkpt lat="30.26991665" lon="120.12070800"><ele>17.341</ele><time>2026-06-01T23:33:37.438Z</time><sat>10</sat></trkpt>
  <trkpt lat="30.26991665" lon="120.12070800"><ele>17.341</ele><time>2026-06-01T23:33:40.443Z</time><sat>10</sat></trkpt>
  <trkpt lat="30.26991665" lon="120.12070800"><ele>17.341</ele><time>2026-06-01T23:33:43.449Z</time><sat>10</sat></trkpt>
  <trkpt lat="30.26991665" lon="120.12070800"><ele>17.341</ele><time>2026-06-01T23:33:46.452Z</time><sat>10</sat></trkpt>
  <trkpt lat="30.26991665" lon="120.12070800"><ele>17.341</ele><time>2026-06-01T23:33:49.457Z</time><sat>10</sat></trkpt>
  <trkpt lat="30.26991665" lon="120.12070800"><ele>17.341</ele><time>2026-06-01T23:33:52.461Z</time><sat>10</sat></trkpt>
  <trkpt lat="30.26991665" lon="120.12070800"><ele>17.341</ele><time>2026-06-01T23:33:55.466Z</time><sat>10</sat></trkpt>
  <trkpt lat="30.26991665" lon="120.12070800"><ele>17.341</ele><time>2026-06-01T23:33:58.471Z</time><sat>10</sat></trkpt>
  <trkpt lat="30.26991665" lon="120.12070800"><ele>17.341</ele><time>2026-06-01T23:34:01.473Z</time><sat>10</sat></trkpt>
  <trkpt lat="30.26991665" lon="120.12070800"><ele>17.341</ele><time>2026-06-01T23:34:04.474Z</time><sat>10</sat></trkpt>
  <trkpt lat="30.26991665" lon="120.12070800"><ele>17.341</ele><time>2026-06-01T23:34:07.478Z</time><sat>10</sat></trkpt>
  <trkpt lat="30.26991665" lon="120.12070800"><ele>17.341</ele><time>2026-06-01T23:34:10.483Z</time><sat>10</sat></trkpt>
  <trkpt lat="30.26991665" lon="120.12070800"><ele>17.341</ele><time>2026-06-01T23:34:13.487Z</time><sat>10</sat></trkpt>
  <trkpt lat="30.26991665" lon="120.12070800"><ele>17.341</ele><time>2026-06-01T23:34:16.489Z</time><sat>10</sat></trkpt>
  <trkpt lat="30.26991665" lon="120.12070800"><ele>17.341</ele><time>2026-06-01T23:34:19.494Z</time><sat>10</sat></trkpt>
  <trkpt lat="30.26991665" lon="120.12070800"><ele>17.341</ele><time>2026-06-01T23:34:22.498Z</time><sat>10</sat></trkpt>
  <trkpt lat="30.26991665" lon="120.12070800"><ele>17.341</ele><time>2026-06-01T23:34:25.502Z</time><sat>10</sat></trkpt>
  <trkpt lat="30.26991665" lon="120.12070800"><ele>17.341</ele><time>2026-06-01T23:34:28.505Z</time><sat>10</sat></trkpt>
  <trkpt lat="30.26991665" lon="120.12070800"><ele>17.341</ele><time>2026-06-01T23:34:31.506Z</time><sat>10</sat></trkpt>
  <trkpt lat="30.26991665" lon="120.12070800"><ele>17.341</ele><time>2026-06-01T23:34:34.510Z</time><sat>10</sat></trkpt>
  <trkpt lat="30.26991665" lon="120.12070800"><ele>17.341</ele><time>2026-06-01T23:34:37.515Z</time><sat>10</sat></trkpt>
  <trkpt lat="30.26991665" lon="120.12070800"><ele>17.341</ele><time>2026-06-01T23:34:40.519Z</time><sat>10</sat></trkpt>
  <trkpt lat="30.26991665" lon="120.12070800"><ele>17.341</ele><time>2026-06-01T23:34:43.524Z</time><sat>10</sat></trkpt>
  <trkpt lat="30.26991665" lon="120.12070800"><ele>17.341</ele><time>2026-06-01T23:34:46.528Z</time><sat>10</sat></trkpt>
  <trkpt lat="30.26991665" lon="120.12070800"><ele>17.341</ele><time>2026-06-01T23:34:49.534Z</time><sat>10</sat></trkpt>
  <trkpt lat="30.26991665" lon="120.12070800"><ele>17.341</ele><time>2026-06-01T23:34:52.538Z</time><sat>10</sat></trkpt>
  <trkpt lat="30.26991665" lon="120.12070800"><ele>17.341</ele><time>2026-06-01T23:34:55.542Z</time><sat>10</sat></trkpt>
  <trkpt lat="30.26991665" lon="120.12070800"><ele>17.341</ele><time>2026-06-01T23:34:58.546Z</time><sat>10</sat></trkpt>
  <trkpt lat="30.26991665" lon="120.12070800"><ele>17.341</ele><time>2026-06-01T23:35:01.550Z</time><sat>10</sat></trkpt>
  <trkpt lat="30.26991665" lon="120.12070800"><ele>17.341</ele><time>2026-06-01T23:35:04.555Z</time><sat>10</sat></trkpt>
  <trkpt lat="30.26991665" lon="120.12070800"><ele>17.341</ele><time>2026-06-01T23:35:07.556Z</time><sat>10</sat></trkpt>
  <trkpt lat="30.26991665" lon="120.12070800"><ele>17.341</ele><time>2026-06-01T23:35:10.559Z</time><sat>10</sat></trkpt>
  <trkpt lat="30.26991665" lon="120.12070800"><ele>17.341</ele><time>2026-06-01T23:35:13.563Z</time><sat>10</sat></trkpt>
  <trkpt lat="30.26991665" lon="120.12070800"><ele>17.341</ele><time>2026-06-01T23:35:16.567Z</time><sat>10</sat></trkpt>
  <trkpt lat="30.26991665" lon="120.12070800"><ele>17.341</ele><time>2026-06-01T23:35:19.571Z</time><sat>10</sat></trkpt>
  <trkpt lat="30.26991665" lon="120.12070800"><ele>17.341</ele><time>2026-06-01T23:35:22.572Z</time><sat>10</sat></trkpt>
  <trkpt lat="30.26991665" lon="120.12070800"><ele>17.341</ele><time>2026-06-01T23:35:25.576Z</time><sat>10</sat></trkpt>
  <trkpt lat="30.26991665" lon="120.12070800"><ele>17.341</ele><time>2026-06-01T23:35:28.580Z</time><sat>10</sat></trkpt>
  <trkpt lat="30.26991665" lon="120.12070800"><ele>17.341</ele><time>2026-06-01T23:35:31.584Z</time><sat>10</sat></trkpt>
  <trkpt lat="30.26991665" lon="120.12070800"><ele>17.341</ele><time>2026-06-01T23:35:34.588Z</time><sat>10</sat></trkpt>
  <trkpt lat="30.26991665" lon="120.12070800"><ele>17.341</ele><time>2026-06-01T23:35:37.592Z</time><sat>10</sat></trkpt>
  <trkpt lat="30.26991665" lon="120.12070800"><ele>17.341</ele><time>2026-06-01T23:35:40.596Z</time><sat>10</sat></trkpt>
  <trkpt lat="30.26991665" lon="120.12070800"><ele>17.341</ele><time>2026-06-01T23:35:43.601Z</time><sat>10</sat></trkpt>
  <trkpt lat="30.26991665" lon="120.12070800"><ele>17.341</ele><time>2026-06-01T23:35:46.604Z</time><sat>10</sat></trkpt>
  <trkpt lat="30.26991665" lon="120.12070800"><ele>17.341</ele><time>2026-06-01T23:35:49.608Z</time><sat>10</sat></trkpt>
  <trkpt lat="30.26991665" lon="120.12070800"><ele>17.341</ele><time>2026-06-01T23:35:52.612Z</time><sat>10</sat></trkpt>
  <trkpt lat="30.26991665" lon="120.12070800"><ele>17.341</ele><time>2026-06-01T23:35:55.616Z</time><sat>10</sat></trkpt>
  <trkpt lat="30.26991665" lon="120.12070800"><ele>17.341</ele><time>2026-06-01T23:35:58.621Z</time><sat>10</sat></trkpt>
  <trkpt lat="30.26991665" lon="120.12070800"><ele>17.341</ele><time>2026-06-01T23:36:01.622Z</time><sat>10</sat></trkpt>
  <trkpt lat="30.26991665" lon="120.12070800"><ele>17.341</ele><time>2026-06-01T23:36:04.627Z</time><sat>10</sat></trkpt>
  <trkpt lat="30.26991665" lon="120.12070800"><ele>17.341</ele><time>2026-06-01T23:36:07.629Z</time><sat>10</sat></trkpt>
  <trkpt lat="30.26991665" lon="120.12070800"><ele>17.341</ele><time>2026-06-01T23:36:10.632Z</time><sat>10</sat></trkpt>
  <trkpt lat="30.26991665" lon="120.12070800"><ele>17.341</ele><time>2026-06-01T23:36:13.635Z</time><sat>10</sat></trkpt>
  <trkpt lat="30.26991665" lon="120.12070800"><ele>17.341</ele><time>2026-06-01T23:36:16.639Z</time><sat>10</sat></trkpt>
  <trkpt lat="30.26991665" lon="120.12070800"><ele>17.341</ele><time>2026-06-01T23:36:19.642Z</time><sat>10</sat></trkpt>
  <trkpt lat="30.26991665" lon="120.12070800"><ele>17.341</ele><time>2026-06-01T23:36:22.644Z</time><sat>10</sat></trkpt>
  <trkpt lat="30.26991665" lon="120.12070800"><ele>17.341</ele><time>2026-06-01T23:36:25.648Z</time><sat>10</sat></trkpt>
  <trkpt lat="30.26991665" lon="120.12070800"><ele>17.341</ele><time>2026-06-01T23:36:28.652Z</time><sat>10</sat></trkpt>
  <trkpt lat="30.26991665" lon="120.12070800"><ele>17.341</ele><time>2026-06-01T23:36:31.657Z</time><sat>10</sat></trkpt>
  <trkpt lat="30.26991665" lon="120.12070800"><ele>17.341</ele><time>2026-06-01T23:36:34.662Z</time><sat>10</sat></trkpt>
  <trkpt lat="30.26991665" lon="120.12070800"><ele>17.341</ele><time>2026-06-01T23:36:37.665Z</time><sat>10</sat></trkpt>
  <trkpt lat="30.26991665" lon="120.12070800"><ele>17.341</ele><time>2026-06-01T23:36:40.668Z</time><sat>10</sat></trkpt>
  <trkpt lat="30.26991665" lon="120.12070800"><ele>17.341</ele><time>2026-06-01T23:36:43.672Z</time><sat>10</sat></trkpt>
  <trkpt lat="30.26991665" lon="120.12070800"><ele>17.341</ele><time>2026-06-01T23:36:46.677Z</time><sat>10</sat></trkpt>
  <trkpt lat="30.26991665" lon="120.12070800"><ele>17.341</ele><time>2026-06-01T23:36:49.681Z</time><sat>10</sat></trkpt>
  <trkpt lat="30.26991665" lon="120.12070800"><ele>17.341</ele><time>2026-06-01T23:36:52.683Z</time><sat>10</sat></trkpt>
  <trkpt lat="30.26991665" lon="120.12070800"><ele>17.341</ele><time>2026-06-01T23:36:55.685Z</time><sat>10</sat></trkpt>
  <trkpt lat="30.26991665" lon="120.12070800"><ele>17.341</ele><time>2026-06-01T23:36:58.689Z</time><sat>10</sat></trkpt>
  <trkpt lat="30.26991665" lon="120.12070800"><ele>17.341</ele><time>2026-06-01T23:37:01.692Z</time><sat>10</sat></trkpt>
  <trkpt lat="30.26991665" lon="120.12070800"><ele>17.341</ele><time>2026-06-01T23:37:04.696Z</time><sat>10</sat></trkpt>
  <trkpt lat="30.26991665" lon="120.12070800"><ele>17.341</ele><time>2026-06-01T23:37:07.701Z</time><sat>10</sat></trkpt>
  <trkpt lat="30.26991665" lon="120.12070800"><ele>17.341</ele><time>2026-06-01T23:37:10.705Z</time><sat>10</sat></trkpt>
  <trkpt lat="30.26991665" lon="120.12070800"><ele>17.341</ele><time>2026-06-01T23:37:13.708Z</time><sat>10</sat></trkpt>
  <trkpt lat="30.26991665" lon="120.12070800"><ele>17.341</ele><time>2026-06-01T23:37:16.712Z</time><sat>10</sat></trkpt>
  <trkpt lat="30.26991665" lon="120.12070800"><ele>17.341</ele><time>2026-06-01T23:37:19.713Z</time><sat>10</sat></trkpt>
  <trkpt lat="30.26991665" lon="120.12070800"><ele>17.341</ele><time>2026-06-01T23:37:22.717Z</time><sat>10</sat></trkpt>
  <trkpt lat="30.26991665" lon="120.12070800"><ele>17.341</ele><time>2026-06-01T23:37:25.720Z</time><sat>10</sat></trkpt>
  <trkpt lat="30.26991665" lon="120.12070800"><ele>17.341</ele><time>2026-06-01T23:37:28.724Z</time><sat>10</sat></trkpt>
  <trkpt lat="30.26991665" lon="120.12070800"><ele>17.341</ele><time>2026-06-01T23:37:31.727Z</time><sat>10</sat></trkpt>
  <trkpt lat="30.26991665" lon="120.12070800"><ele>17.341</ele><time>2026-06-01T23:37:34.730Z</time><sat>10</sat></trkpt>
  <trkpt lat="30.26991665" lon="120.12070800"><ele>17.341</ele><time>2026-06-01T23:37:37.733Z</time><sat>10</sat></trkpt>
  <trkpt lat="30.26991665" lon="120.12070800"><ele>17.341</ele><time>2026-06-01T23:37:40.736Z</time><sat>10</sat></trkpt>
  <trkpt lat="30.26991665" lon="120.12070800"><ele>17.341</ele><time>2026-06-01T23:37:43.741Z</time><sat>10</sat></trkpt>
  <trkpt lat="30.26991665" lon="120.12070800"><ele>17.341</ele><time>2026-06-01T23:37:46.745Z</time><sat>10</sat></trkpt>
  <trkpt lat="30.26991665" lon="120.12070800"><ele>17.341</ele><time>2026-06-01T23:37:49.748Z</time><sat>10</sat></trkpt>
  <trkpt lat="30.26991665" lon="120.12070800"><ele>17.341</ele><time>2026-06-01T23:37:52.752Z</time><sat>10</sat></trkpt>
  <trkpt lat="30.26991665" lon="120.12070800"><ele>17.341</ele><time>2026-06-01T23:37:55.754Z</time><sat>10</sat></trkpt>
  <trkpt lat="30.26991665" lon="120.12070800"><ele>17.341</ele><time>2026-06-01T23:37:58.760Z</time><sat>10</sat></trkpt>
  <trkpt lat="30.26991665" lon="120.12070800"><ele>17.341</ele><time>2026-06-01T23:38:01.761Z</time><sat>10</sat></trkpt>
  <trkpt lat="30.26991665" lon="120.12070800"><ele>17.341</ele><time>2026-06-01T23:38:04.766Z</time><sat>10</sat></trkpt>
  <trkpt lat="30.26991665" lon="120.12070800"><ele>17.341</ele><time>2026-06-01T23:38:07.770Z</time><sat>10</sat></trkpt>
  <trkpt lat="30.26991665" lon="120.12070800"><ele>17.341</ele><time>2026-06-01T23:38:10.775Z</time><sat>10</sat></trkpt>
  <trkpt lat="30.26991665" lon="120.12070800"><ele>17.341</ele><time>2026-06-01T23:38:13.779Z</time><sat>10</sat></trkpt>
  <trkpt lat="30.26991665" lon="120.12070800"><ele>17.341</ele><time>2026-06-01T23:38:16.783Z</time><sat>10</sat></trkpt>
  <trkpt lat="30.26991665" lon="120.12070800"><ele>17.341</ele><time>2026-06-01T23:38:19.786Z</time><sat>10</sat></trkpt>
  <trkpt lat="30.26991665" lon="120.12070800"><ele>17.341</ele><time>2026-06-01T23:38:22.789Z</time><sat>10</sat></trkpt>
  <trkpt lat="30.26991665" lon="120.12070800"><ele>17.341</ele><time>2026-06-01T23:38:25.793Z</time><sat>10</sat></trkpt>
  <trkpt lat="30.26991665" lon="120.12070800"><ele>17.341</ele><time>2026-06-01T23:38:28.795Z</time><sat>10</sat></trkpt>
  <trkpt lat="30.26991665" lon="120.12070800"><ele>17.341</ele><time>2026-06-01T23:38:31.800Z</time><sat>10</sat></trkpt>
  <trkpt lat="30.26991665" lon="120.12070800"><ele>17.341</ele><time>2026-06-01T23:38:34.803Z</time><sat>10</sat></trkpt>
  <trkpt lat="30.26991665" lon="120.12070800"><ele>17.341</ele><time>2026-06-01T23:38:37.805Z</time><sat>10</sat></trkpt>
  <trkpt lat="30.26991665" lon="120.12070800"><ele>17.341</ele><time>2026-06-01T23:38:40.805Z</time><sat>10</sat></trkpt>
  <trkpt lat="30.26991665" lon="120.12070800"><ele>17.341</ele><time>2026-06-01T23:38:43.810Z</time><sat>10</sat></trkpt>
  <trkpt lat="30.26991665" lon="120.12070800"><ele>17.341</ele><time>2026-06-01T23:38:46.815Z</time><sat>10</sat></trkpt>
  <trkpt lat="30.26991665" lon="120.12070800"><ele>17.341</ele><time>2026-06-01T23:38:49.819Z</time><sat>10</sat></trkpt>
  <trkpt lat="30.26991665" lon="120.12070800"><ele>17.341</ele><time>2026-06-01T23:38:52.822Z</time><sat>10</sat></trkpt>
  <trkpt lat="30.26991665" lon="120.12070800"><ele>17.341</ele><time>2026-06-01T23:38:55.826Z</time><sat>10</sat></trkpt>
  <trkpt lat="30.26991665" lon="120.12070800"><ele>17.341</ele><time>2026-06-01T23:38:58.830Z</time><sat>10</sat></trkpt>
  <trkpt lat="30.26991665" lon="120.12070800"><ele>17.341</ele><time>2026-06-01T23:39:01.831Z</time><sat>10</sat></trkpt>
  <trkpt lat="30.26991665" lon="120.12070800"><ele>17.341</ele><time>2026-06-01T23:39:04.832Z</time><sat>10</sat></trkpt>
  <trkpt lat="30.26991665" lon="120.12070800"><ele>17.341</ele><time>2026-06-01T23:39:07.837Z</time><sat>10</sat></trkpt>
  <trkpt lat="30.26991665" lon="120.12070800"><ele>17.341</ele><time>2026-06-01T23:39:10.841Z</time><sat>10</sat></trkpt>
  <trkpt lat="30.26991665" lon="120.12070800"><ele>17.341</ele><time>2026-06-01T23:39:13.844Z</time><sat>10</sat></trkpt>
  <trkpt lat="30.26991665" lon="120.12070800"><ele>17.341</ele><time>2026-06-01T23:39:16.849Z</time><sat>10</sat></trkpt>
  <trkpt lat="30.26991665" lon="120.12070800"><ele>17.341</ele><time>2026-06-01T23:39:19.853Z</time><sat>10</sat></trkpt>
  <trkpt lat="30.26991665" lon="120.12070800"><ele>17.341</ele><time>2026-06-01T23:39:22.856Z</time><sat>10</sat></trkpt>
  <trkpt lat="30.26991665" lon="120.12070800"><ele>17.341</ele><time>2026-06-01T23:39:25.860Z</time><sat>10</sat></trkpt>
  <trkpt lat="30.26991665" lon="120.12070800"><ele>17.341</ele><time>2026-06-01T23:39:28.865Z</time><sat>10</sat></trkpt>
  <trkpt lat="30.26991665" lon="120.12070800"><ele>17.341</ele><time>2026-06-01T23:39:31.869Z</time><sat>10</sat></trkpt>
  <trkpt lat="30.26991665" lon="120.12070800"><ele>17.341</ele><time>2026-06-01T23:39:34.872Z</time><sat>10</sat></trkpt>
  <trkpt lat="30.26991665" lon="120.12070800"><ele>17.341</ele><time>2026-06-01T23:39:37.872Z</time><sat>10</sat></trkpt>
  <trkpt lat="30.26991665" lon="120.12070800"><ele>17.341</ele><time>2026-06-01T23:39:40.876Z</time><sat>10</sat></trkpt>
  <trkpt lat="30.26991665" lon="120.12070800"><ele>17.341</ele><time>2026-06-01T23:39:43.876Z</time><sat>10</sat></trkpt>
  <trkpt lat="30.26991665" lon="120.12070800"><ele>17.341</ele><time>2026-06-01T23:39:46.880Z</time><sat>10</sat></trkpt>
  <trkpt lat="30.26991665" lon="120.12070800"><ele>17.341</ele><time>2026-06-01T23:39:49.882Z</time><sat>10</sat></trkpt>
  <trkpt lat="30.26991665" lon="120.12070800"><ele>17.341</ele><time>2026-06-01T23:39:52.886Z</time><sat>10</sat></trkpt>
  <trkpt lat="30.26991665" lon="120.12070800"><ele>17.341</ele><time>2026-06-01T23:39:55.890Z</time><sat>10</sat></trkpt>
  <trkpt lat="30.26991665" lon="120.12070800"><ele>17.341</ele><time>2026-06-01T23:39:58.893Z</time><sat>10</sat></trkpt>
  <trkpt lat="30.26991665" lon="120.12070800"><ele>17.341</ele><time>2026-06-01T23:40:01.896Z</time><sat>10</sat></trkpt>
  <trkpt lat="30.26991665" lon="120.12070800"><ele>17.341</ele><time>2026-06-01T23:40:04.898Z</time><sat>10</sat></trkpt>
  <trkpt lat="30.26991665" lon="120.12070800"><ele>17.341</ele><time>2026-06-01T23:40:07.900Z</time><sat>10</sat></trkpt>
  <trkpt lat="30.26991665" lon="120.12070800"><ele>17.341</ele><time>2026-06-01T23:40:10.904Z</time><sat>10</sat></trkpt>
  <trkpt lat="30.26991665" lon="120.12070800"><ele>17.341</ele><time>2026-06-01T23:40:13.909Z</time><sat>10</sat></trkpt>
  <trkpt lat="30.26991665" lon="120.12070800"><ele>17.341</ele><time>2026-06-01T23:40:16.913Z</time><sat>10</sat></trkpt>
  <trkpt lat="30.26991665" lon="120.12070800"><ele>17.341</ele><time>2026-06-01T23:40:19.916Z</time><sat>10</sat></trkpt>
  <trkpt lat="30.26991665" lon="120.12070800"><ele>17.341</ele><time>2026-06-01T23:40:22.922Z</time><sat>10</sat></trkpt>
  <trkpt lat="30.26991665" lon="120.12070800"><ele>17.341</ele><time>2026-06-01T23:40:25.926Z</time><sat>10</sat></trkpt>
  <trkpt lat="30.26991665" lon="120.12070800"><ele>17.341</ele><time>2026-06-01T23:40:28.931Z</time><sat>10</sat></trkpt>
  <trkpt lat="30.26991665" lon="120.12070800"><ele>17.341</ele><time>2026-06-01T23:40:31.934Z</time><sat>10</sat></trkpt>
  <trkpt lat="30.26991665" lon="120.12070800"><ele>17.341</ele><time>2026-06-01T23:40:34.934Z</time><sat>10</sat></trkpt>
  <trkpt lat="30.26991665" lon="120.12070800"><ele>17.341</ele><time>2026-06-01T23:40:37.936Z</time><sat>10</sat></trkpt>
  <trkpt lat="30.26991665" lon="120.12070800"><ele>17.341</ele><time>2026-06-01T23:40:40.940Z</time><sat>10</sat></trkpt>
  <trkpt lat="30.26991665" lon="120.12070800"><ele>17.341</ele><time>2026-06-01T23:40:43.942Z</time><sat>10</sat></trkpt>
  <trkpt lat="30.26991665" lon="120.12070800"><ele>17.341</ele><time>2026-06-01T23:40:46.945Z</time><sat>10</sat></trkpt>
  <trkpt lat="30.26991665" lon="120.12070800"><ele>17.341</ele><time>2026-06-01T23:40:49.950Z</time><sat>10</sat></trkpt>
  <trkpt lat="30.26991665" lon="120.12070800"><ele>17.341</ele><time>2026-06-01T23:40:52.952Z</time><sat>10</sat></trkpt>
  <trkpt lat="30.26991665" lon="120.12070800"><ele>17.341</ele><time>2026-06-01T23:40:55.957Z</time><sat>10</sat></trkpt>
  <trkpt lat="30.26991665" lon="120.12070800"><ele>17.341</ele><time>2026-06-01T23:40:58.960Z</time><sat>10</sat></trkpt>
  <trkpt lat="30.26991665" lon="120.12070800"><ele>17.341</ele><time>2026-06-01T23:41:01.964Z</time><sat>10</sat></trkpt>
  <trkpt lat="30.26991665" lon="120.12070800"><ele>17.341</ele><time>2026-06-01T23:41:04.967Z</time><sat>10</sat></trkpt>
  <trkpt lat="30.26991665" lon="120.12070800"><ele>17.341</ele><time>2026-06-01T23:41:07.968Z</time><sat>10</sat></trkpt>
  <trkpt lat="30.26991665" lon="120.12070800"><ele>17.341</ele><time>2026-06-01T23:41:10.974Z</time><sat>10</sat></trkpt>
  <trkpt lat="30.26991665" lon="120.12070800"><ele>17.341</ele><time>2026-06-01T23:41:13.977Z</time><sat>10</sat></trkpt>
  <trkpt lat="30.26991665" lon="120.12070800"><ele>17.341</ele><time>2026-06-01T23:41:16.980Z</time><sat>10</sat></trkpt>
  <trkpt lat="30.26991665" lon="120.12070800"><ele>17.341</ele><time>2026-06-01T23:41:19.983Z</time><sat>10</sat></trkpt>
  <trkpt lat="30.26991665" lon="120.12070800"><ele>17.341</ele><time>2026-06-01T23:41:22.987Z</time><sat>10</sat></trkpt>
  <trkpt lat="30.26991665" lon="120.12070800"><ele>17.341</ele><time>2026-06-01T23:41:25.991Z</time><sat>10</sat></trkpt>
  <trkpt lat="30.26991665" lon="120.12070800"><ele>17.341</ele><time>2026-06-01T23:41:28.995Z</time><sat>10</sat></trkpt>
  <trkpt lat="30.26991665" lon="120.12070800"><ele>17.341</ele><time>2026-06-01T23:41:31.998Z</time><sat>10</sat></trkpt>
  <trkpt lat="30.26991665" lon="120.12070800"><ele>17.341</ele><time>2026-06-01T23:41:35.002Z</time><sat>10</sat></trkpt>
  <trkpt lat="30.26991665" lon="120.12070800"><ele>17.341</ele><time>2026-06-01T23:41:38.006Z</time><sat>10</sat></trkpt>
  <trkpt lat="30.26991665" lon="120.12070800"><ele>17.341</ele><time>2026-06-01T23:41:41.008Z</time><sat>10</sat></trkpt>
  <trkpt lat="30.26991665" lon="120.12070800"><ele>17.341</ele><time>2026-06-01T23:41:44.011Z</time><sat>10</sat></trkpt>
  <trkpt lat="30.26991665" lon="120.12070800"><ele>17.341</ele><time>2026-06-01T23:41:47.013Z</time><sat>10</sat></trkpt>
  <trkpt lat="30.26991665" lon="120.12070800"><ele>17.341</ele><time>2026-06-01T23:41:50.016Z</time><sat>10</sat></trkpt>
  <trkpt lat="30.26991665" lon="120.12070800"><ele>17.341</ele><time>2026-06-01T23:41:53.021Z</time><sat>10</sat></trkpt>
  <trkpt lat="30.26991665" lon="120.12070800"><ele>17.341</ele><time>2026-06-01T23:41:56.024Z</time><sat>10</sat></trkpt>
  <trkpt lat="30.26991665" lon="120.12070800"><ele>17.341</ele><time>2026-06-01T23:41:59.026Z</time><sat>10</sat></trkpt>
  <trkpt lat="30.26991665" lon="120.12070800"><ele>17.341</ele><time>2026-06-01T23:42:02.030Z</time><sat>10</sat></trkpt>
  <trkpt lat="30.26991665" lon="120.12070800"><ele>17.341</ele><time>2026-06-01T23:42:05.034Z</time><sat>10</sat></trkpt>
  <trkpt lat="30.26991665" lon="120.12070800"><ele>17.341</ele><time>2026-06-01T23:42:08.040Z</time><sat>10</sat></trkpt>
  <trkpt lat="30.26991665" lon="120.12070800"><ele>17.341</ele><time>2026-06-01T23:42:11.045Z</time><sat>10</sat></trkpt>
  <trkpt lat="30.26991665" lon="120.12070800"><ele>17.341</ele><time>2026-06-01T23:42:14.047Z</time><sat>10</sat></trkpt>
  <trkpt lat="30.26991665" lon="120.12070800"><ele>17.341</ele><time>2026-06-01T23:42:17.051Z</time><sat>10</sat></trkpt>
  <trkpt lat="30.26991665" lon="120.12070800"><ele>17.341</ele><time>2026-06-01T23:42:20.055Z</time><sat>10</sat></trkpt>
  <trkpt lat="30.26991665" lon="120.12070800"><ele>17.341</ele><time>2026-06-01T23:42:23.061Z</time><sat>10</sat></trkpt>
  <trkpt lat="30.26991665" lon="120.12070800"><ele>17.341</ele><time>2026-06-01T23:42:26.065Z</time><sat>10</sat></trkpt>
  <trkpt lat="30.26991665" lon="120.12070800"><ele>17.341</ele><time>2026-06-01T23:42:29.069Z</time><sat>10</sat></trkpt>
  <trkpt lat="30.26991665" lon="120.12070800"><ele>17.341</ele><time>2026-06-01T23:42:32.073Z</time><sat>10</sat></trkpt>
  <trkpt lat="30.26991665" lon="120.12070800"><ele>17.341</ele><time>2026-06-01T23:42:35.076Z</time><sat>10</sat></trkpt>
  <trkpt lat="30.26991665" lon="120.12070800"><ele>17.341</ele><time>2026-06-01T23:42:38.080Z</time><sat>10</sat></trkpt>
  <trkpt lat="30.26991665" lon="120.12070800"><ele>17.341</ele><time>2026-06-01T23:42:41.085Z</time><sat>10</sat></trkpt>
  <trkpt lat="30.26991665" lon="120.12070800"><ele>17.341</ele><time>2026-06-01T23:42:44.088Z</time><sat>10</sat></trkpt>
  <trkpt lat="30.26991665" lon="120.12070800"><ele>17.341</ele><time>2026-06-01T23:42:47.092Z</time><sat>10</sat></trkpt>
  <trkpt lat="30.26991665" lon="120.12070800"><ele>17.341</ele><time>2026-06-01T23:42:50.093Z</time><sat>10</sat></trkpt>
  <trkpt lat="30.26991665" lon="120.12070800"><ele>17.341</ele><time>2026-06-01T23:42:53.095Z</time><sat>10</sat></trkpt>
  <trkpt lat="30.26991665" lon="120.12070800"><ele>17.341</ele><time>2026-06-01T23:42:56.098Z</time><sat>10</sat></trkpt>
  <trkpt lat="30.26991665" lon="120.12070800"><ele>17.341</ele><time>2026-06-01T23:42:59.101Z</time><sat>10</sat></trkpt>
  <trkpt lat="30.26991665" lon="120.12070800"><ele>17.341</ele><time>2026-06-01T23:43:02.103Z</time><sat>10</sat></trkpt>
  <trkpt lat="30.26991665" lon="120.12070800"><ele>17.341</ele><time>2026-06-01T23:43:05.107Z</time><sat>10</sat></trkpt>
  <trkpt lat="30.26991665" lon="120.12070800"><ele>17.341</ele><time>2026-06-01T23:43:08.109Z</time><sat>10</sat></trkpt>
  <trkpt lat="30.26991665" lon="120.12070800"><ele>17.341</ele><time>2026-06-01T23:43:11.114Z</time><sat>10</sat></trkpt>
  <trkpt lat="30.26991665" lon="120.12070800"><ele>17.341</ele><time>2026-06-01T23:43:14.118Z</time><sat>10</sat></trkpt>
  <trkpt lat="30.26991665" lon="120.12070800"><ele>17.341</ele><time>2026-06-01T23:43:17.121Z</time><sat>10</sat></trkpt>
  <trkpt lat="30.26991665" lon="120.12070800"><ele>17.341</ele><time>2026-06-01T23:43:20.125Z</time><sat>10</sat></trkpt>
  <trkpt lat="30.26991665" lon="120.12070800"><ele>17.341</ele><time>2026-06-01T23:43:23.128Z</time><sat>10</sat></trkpt>
  <trkpt lat="30.26991665" lon="120.12070800"><ele>17.341</ele><time>2026-06-01T23:43:26.132Z</time><sat>10</sat></trkpt>
  <trkpt lat="30.26991665" lon="120.12070800"><ele>17.341</ele><time>2026-06-01T23:43:29.136Z</time><sat>10</sat></trkpt>
  <trkpt lat="30.26991665" lon="120.12070800"><ele>17.341</ele><time>2026-06-01T23:43:32.138Z</time><sat>10</sat></trkpt>
  <trkpt lat="30.26991665" lon="120.12070800"><ele>17.341</ele><time>2026-06-01T23:43:35.142Z</time><sat>10</sat></trkpt>
  <trkpt lat="30.26991665" lon="120.12070800"><ele>17.341</ele><time>2026-06-01T23:43:38.147Z</time><sat>10</sat></trkpt>
  <trkpt lat="30.26991665" lon="120.12070800"><ele>17.341</ele><time>2026-06-01T23:43:41.151Z</time><sat>10</sat></trkpt>
  <trkpt lat="30.26991665" lon="120.12070800"><ele>17.341</ele><time>2026-06-01T23:43:44.152Z</time><sat>10</sat></trkpt>
  <trkpt lat="30.26991665" lon="120.12070800"><ele>17.341</ele><time>2026-06-01T23:43:47.156Z</time><sat>10</sat></trkpt>
  <trkpt lat="30.26991665" lon="120.12070800"><ele>17.341</ele><time>2026-06-01T23:43:50.159Z</time><sat>10</sat></trkpt>
  <trkpt lat="30.26991665" lon="120.12070800"><ele>17.341</ele><time>2026-06-01T23:43:53.162Z</time><sat>10</sat></trkpt>
  <trkpt lat="30.26991665" lon="120.12070800"><ele>17.341</ele><time>2026-06-01T23:43:56.167Z</time><sat>10</sat></trkpt>
  <trkpt lat="30.26991665" lon="120.12070800"><ele>17.341</ele><time>2026-06-01T23:43:59.170Z</time><sat>10</sat></trkpt>
  <trkpt lat="30.26991665" lon="120.12070800"><ele>17.341</ele><time>2026-06-01T23:44:02.173Z</time><sat>10</sat></trkpt>
  <trkpt lat="30.26991665" lon="120.12070800"><ele>17.341</ele><time>2026-06-01T23:44:05.177Z</time><sat>10</sat></trkpt>
  <trkpt lat="30.26991665" lon="120.12070800"><ele>17.341</ele><time>2026-06-01T23:44:08.179Z</time><sat>10</sat></trkpt>
  <trkpt lat="30.26991665" lon="120.12070800"><ele>17.341</ele><time>2026-06-01T23:44:11.182Z</time><sat>10</sat></trkpt>
  <trkpt lat="30.26991665" lon="120.12070800"><ele>17.341</ele><time>2026-06-01T23:44:14.187Z</time><sat>10</sat></trkpt>
  <trkpt lat="30.26991665" lon="120.12070800"><ele>17.341</ele><time>2026-06-01T23:44:17.191Z</time><sat>10</sat></trkpt>
  <trkpt lat="30.26991665" lon="120.12070800"><ele>17.341</ele><time>2026-06-01T23:44:20.195Z</time><sat>10</sat></trkpt>
  <trkpt lat="30.26991665" lon="120.12070800"><ele>17.341</ele><time>2026-06-01T23:44:23.199Z</time><sat>10</sat></trkpt>
  <trkpt lat="30.26991665" lon="120.12070800"><ele>17.341</ele><time>2026-06-01T23:44:26.201Z</time><sat>10</sat></trkpt>
  <trkpt lat="30.26991665" lon="120.12070800"><ele>17.341</ele><time>2026-06-01T23:44:29.205Z</time><sat>10</sat></trkpt>
  <trkpt lat="30.26991665" lon="120.12070800"><ele>17.341</ele><time>2026-06-01T23:44:32.208Z</time><sat>10</sat></trkpt>
  <trkpt lat="30.26991665" lon="120.12070800"><ele>17.341</ele><time>2026-06-01T23:44:35.211Z</time><sat>10</sat></trkpt>
  <trkpt lat="30.26991665" lon="120.12070800"><ele>17.341</ele><time>2026-06-01T23:44:38.215Z</time><sat>10</sat></trkpt>
  <trkpt lat="30.26991665" lon="120.12070800"><ele>17.341</ele><time>2026-06-01T23:44:41.217Z</time><sat>10</sat></trkpt>
  <trkpt lat="30.26991665" lon="120.12070800"><ele>17.341</ele><time>2026-06-01T23:44:44.219Z</time><sat>10</sat></trkpt>
  <trkpt lat="30.26991665" lon="120.12070800"><ele>17.341</ele><time>2026-06-01T23:44:47.223Z</time><sat>10</sat></trkpt>
  <trkpt lat="30.26991665" lon="120.12070800"><ele>17.341</ele><time>2026-06-01T23:44:50.225Z</time><sat>10</sat></trkpt>
  <trkpt lat="30.26991665" lon="120.12070800"><ele>17.341</ele><time>2026-06-01T23:44:53.230Z</time><sat>10</sat></trkpt>
  <trkpt lat="30.26991665" lon="120.12070800"><ele>17.341</ele><time>2026-06-01T23:44:56.234Z</time><sat>10</sat></trkpt>
  <trkpt lat="30.26991665" lon="120.12070800"><ele>17.341</ele><time>2026-06-01T23:44:59.238Z</time><sat>10</sat></trkpt>
  <trkpt lat="30.26991665" lon="120.12070800"><ele>17.341</ele><time>2026-06-01T23:45:02.242Z</time><sat>10</sat></trkpt>
  <trkpt lat="30.26991665" lon="120.12070800"><ele>17.341</ele><time>2026-06-01T23:45:05.245Z</time><sat>10</sat></trkpt>
  <trkpt lat="30.26991665" lon="120.12070800"><ele>17.341</ele><time>2026-06-01T23:45:08.248Z</time><sat>10</sat></trkpt>
  <trkpt lat="30.26991665" lon="120.12070800"><ele>17.341</ele><time>2026-06-01T23:45:11.251Z</time><sat>10</sat></trkpt>
  <trkpt lat="30.26991665" lon="120.12070800"><ele>17.341</ele><time>2026-06-01T23:45:14.256Z</time><sat>10</sat></trkpt>
  <trkpt lat="30.26991665" lon="120.12070800"><ele>17.341</ele><time>2026-06-01T23:45:17.261Z</time><sat>10</sat></trkpt>
  <trkpt lat="30.26991665" lon="120.12070800"><ele>17.341</ele><time>2026-06-01T23:45:20.266Z</time><sat>10</sat></trkpt>
  <trkpt lat="30.26991665" lon="120.12070800"><ele>17.341</ele><time>2026-06-01T23:45:23.271Z</time><sat>10</sat></trkpt>
  <trkpt lat="30.26991665" lon="120.12070800"><ele>17.341</ele><time>2026-06-01T23:45:26.276Z</time><sat>10</sat></trkpt>
  <trkpt lat="30.26991665" lon="120.12070800"><ele>17.341</ele><time>2026-06-01T23:45:29.276Z</time><sat>10</sat></trkpt>
  <trkpt lat="30.26991665" lon="120.12070800"><ele>17.341</ele><time>2026-06-01T23:45:32.281Z</time><sat>10</sat></trkpt>
  <trkpt lat="30.26991665" lon="120.12070800"><ele>17.341</ele><time>2026-06-01T23:45:35.283Z</time><sat>10</sat></trkpt>
  <trkpt lat="30.26991665" lon="120.12070800"><ele>17.341</ele><time>2026-06-01T23:45:38.288Z</time><sat>10</sat></trkpt>
  <trkpt lat="30.26991665" lon="120.12070800"><ele>17.341</ele><time>2026-06-01T23:45:41.289Z</time><sat>10</sat></trkpt>
  <trkpt lat="30.26991665" lon="120.12070800"><ele>17.341</ele><time>2026-06-01T23:45:44.291Z</time><sat>10</sat></trkpt>
  <trkpt lat="30.26991665" lon="120.12070800"><ele>17.341</ele><time>2026-06-01T23:45:47.294Z</time><sat>10</sat></trkpt>
  <trkpt lat="30.26991665" lon="120.12070800"><ele>17.341</ele><time>2026-06-01T23:45:50.299Z</time><sat>10</sat></trkpt>
  <trkpt lat="30.26991665" lon="120.12070800"><ele>17.341</ele><time>2026-06-01T23:45:53.303Z</time><sat>10</sat></trkpt>
  <trkpt lat="30.26991665" lon="120.12070800"><ele>17.341</ele><time>2026-06-01T23:45:56.308Z</time><sat>10</sat></trkpt>
  <trkpt lat="30.26991665" lon="120.12070800"><ele>17.341</ele><time>2026-06-01T23:45:59.310Z</time><sat>10</sat></trkpt>
  <trkpt lat="30.26991665" lon="120.12070800"><ele>17.341</ele><time>2026-06-01T23:46:02.313Z</time><sat>10</sat></trkpt>
  <trkpt lat="30.26991665" lon="120.12070800"><ele>17.341</ele><time>2026-06-01T23:46:05.316Z</time><sat>10</sat></trkpt>
  <trkpt lat="30.26991665" lon="120.12070800"><ele>17.341</ele><time>2026-06-01T23:46:08.321Z</time><sat>10</sat></trkpt>
  <trkpt lat="30.26991665" lon="120.12070800"><ele>17.341</ele><time>2026-06-01T23:46:11.325Z</time><sat>10</sat></trkpt>
  <trkpt lat="30.26991665" lon="120.12070800"><ele>17.341</ele><time>2026-06-01T23:46:14.329Z</time><sat>10</sat></trkpt>
  <trkpt lat="30.26991665" lon="120.12070800"><ele>17.341</ele><time>2026-06-01T23:46:17.332Z</time><sat>10</sat></trkpt>
  <trkpt lat="30.26991665" lon="120.12070800"><ele>17.341</ele><time>2026-06-01T23:46:20.336Z</time><sat>10</sat></trkpt>
  <trkpt lat="30.26991665" lon="120.12070800"><ele>17.341</ele><time>2026-06-01T23:46:23.341Z</time><sat>10</sat></trkpt>
  <trkpt lat="30.26991665" lon="120.12070800"><ele>17.341</ele><time>2026-06-01T23:46:26.345Z</time><sat>10</sat></trkpt>
  <trkpt lat="30.26991665" lon="120.12070800"><ele>17.341</ele><time>2026-06-01T23:46:29.349Z</time><sat>10</sat></trkpt>
  <trkpt lat="30.26991665" lon="120.12070800"><ele>17.341</ele><time>2026-06-01T23:46:32.350Z</time><sat>10</sat></trkpt>
  <trkpt lat="30.26991665" lon="120.12070800"><ele>17.341</ele><time>2026-06-01T23:46:35.352Z</time><sat>10</sat></trkpt>
  <trkpt lat="30.26991665" lon="120.12070800"><ele>17.341</ele><time>2026-06-01T23:46:38.355Z</time><sat>10</sat></trkpt>
  <trkpt lat="30.26991665" lon="120.12070800"><ele>17.341</ele><time>2026-06-01T23:46:41.358Z</time><sat>10</sat></trkpt>
  <trkpt lat="30.26991665" lon="120.12070800"><ele>17.341</ele><time>2026-06-01T23:46:44.362Z</time><sat>10</sat></trkpt>
  <trkpt lat="30.26991665" lon="120.12070800"><ele>17.341</ele><time>2026-06-01T23:46:47.364Z</time><sat>10</sat></trkpt>
  <trkpt lat="30.26991665" lon="120.12070800"><ele>17.341</ele><time>2026-06-01T23:46:50.365Z</time><sat>10</sat></trkpt>
  <trkpt lat="30.26991665" lon="120.12070800"><ele>17.341</ele><time>2026-06-01T23:46:53.369Z</time><sat>10</sat></trkpt>
  <trkpt lat="30.26991665" lon="120.12070800"><ele>17.341</ele><time>2026-06-01T23:46:56.373Z</time><sat>10</sat></trkpt>
  <trkpt lat="30.26991665" lon="120.12070800"><ele>17.341</ele><time>2026-06-01T23:46:59.377Z</time><sat>10</sat></trkpt>
  <trkpt lat="30.26991665" lon="120.12070800"><ele>17.341</ele><time>2026-06-01T23:47:02.380Z</time><sat>10</sat></trkpt>
  <trkpt lat="30.26991665" lon="120.12070800"><ele>17.341</ele><time>2026-06-01T23:47:05.384Z</time><sat>10</sat></trkpt>
  <trkpt lat="30.26991665" lon="120.12070800"><ele>17.341</ele><time>2026-06-01T23:47:08.387Z</time><sat>10</sat></trkpt>
  <trkpt lat="30.26991665" lon="120.12070800"><ele>17.341</ele><time>2026-06-01T23:47:11.391Z</time><sat>10</sat></trkpt>
  <trkpt lat="30.26991665" lon="120.12070800"><ele>17.341</ele><time>2026-06-01T23:47:14.395Z</time><sat>10</sat></trkpt>
  <trkpt lat="30.26991665" lon="120.12070800"><ele>17.341</ele><time>2026-06-01T23:47:17.399Z</time><sat>10</sat></trkpt>
  <trkpt lat="30.26991665" lon="120.12070800"><ele>17.341</ele><time>2026-06-01T23:47:20.404Z</time><sat>10</sat></trkpt>
  <trkpt lat="30.26991665" lon="120.12070800"><ele>17.341</ele><time>2026-06-01T23:47:23.407Z</time><sat>10</sat></trkpt>
  <trkpt lat="30.26991665" lon="120.12070800"><ele>17.341</ele><time>2026-06-01T23:47:26.412Z</time><sat>10</sat></trkpt>
  <trkpt lat="30.26991665" lon="120.12070800"><ele>17.341</ele><time>2026-06-01T23:47:29.416Z</time><sat>10</sat></trkpt>
  <trkpt lat="30.26991665" lon="120.12070800"><ele>17.341</ele><time>2026-06-01T23:47:32.420Z</time><sat>10</sat></trkpt>
  <trkpt lat="30.26991665" lon="120.12070800"><ele>17.341</ele><time>2026-06-01T23:47:35.424Z</time><sat>10</sat></trkpt>
  <trkpt lat="30.26991665" lon="120.12070800"><ele>17.341</ele><time>2026-06-01T23:47:38.425Z</time><sat>10</sat></trkpt>
  <trkpt lat="30.26991665" lon="120.12070800"><ele>17.341</ele><time>2026-06-01T23:47:41.429Z</time><sat>10</sat></trkpt>
  <trkpt lat="30.26991665" lon="120.12070800"><ele>17.341</ele><time>2026-06-01T23:47:44.431Z</time><sat>10</sat></trkpt>
  <trkpt lat="30.26991665" lon="120.12070800"><ele>17.341</ele><time>2026-06-01T23:47:47.435Z</time><sat>10</sat></trkpt>
  <trkpt lat="30.26991665" lon="120.12070800"><ele>17.341</ele><time>2026-06-01T23:47:50.440Z</time><sat>10</sat></trkpt>
  <trkpt lat="30.26991665" lon="120.12070800"><ele>17.341</ele><time>2026-06-01T23:47:53.443Z</time><sat>10</sat></trkpt>
  <trkpt lat="30.26991665" lon="120.12070800"><ele>17.341</ele><time>2026-06-01T23:47:56.447Z</time><sat>10</sat></trkpt>
  <trkpt lat="30.26991665" lon="120.12070800"><ele>17.341</ele><time>2026-06-01T23:47:59.452Z</time><sat>10</sat></trkpt>
  <trkpt lat="30.26991665" lon="120.12070800"><ele>17.341</ele><time>2026-06-01T23:48:02.456Z</time><sat>10</sat></trkpt>
  <trkpt lat="30.26991665" lon="120.12070800"><ele>17.341</ele><time>2026-06-01T23:48:05.461Z</time><sat>10</sat></trkpt>
  <trkpt lat="30.26991665" lon="120.12070800"><ele>17.341</ele><time>2026-06-01T23:48:08.465Z</time><sat>10</sat></trkpt>
  <trkpt lat="30.26991665" lon="120.12070800"><ele>17.341</ele><time>2026-06-01T23:48:11.469Z</time><sat>10</sat></trkpt>
  <trkpt lat="30.26991665" lon="120.12070800"><ele>17.341</ele><time>2026-06-01T23:48:14.472Z</time><sat>10</sat></trkpt>
  <trkpt lat="30.26991665" lon="120.12070800"><ele>17.341</ele><time>2026-06-01T23:48:17.475Z</time><sat>10</sat></trkpt>
  <trkpt lat="30.26991665" lon="120.12070800"><ele>17.341</ele><time>2026-06-01T23:48:20.480Z</time><sat>10</sat></trkpt>
  <trkpt lat="30.26991665" lon="120.12070800"><ele>17.341</ele><time>2026-06-01T23:48:23.483Z</time><sat>10</sat></trkpt>
  <trkpt lat="30.26991665" lon="120.12070800"><ele>17.341</ele><time>2026-06-01T23:48:26.488Z</time><sat>10</sat></trkpt>
  <trkpt lat="30.26991665" lon="120.12070800"><ele>17.341</ele><time>2026-06-01T23:48:29.492Z</time><sat>10</sat></trkpt>
  <trkpt lat="30.26991665" lon="120.12070800"><ele>17.341</ele><time>2026-06-01T23:48:32.496Z</time><sat>10</sat></trkpt>
  <trkpt lat="30.26991665" lon="120.12070800"><ele>17.341</ele><time>2026-06-01T23:48:35.500Z</time><sat>10</sat></trkpt>
  <trkpt lat="30.26991665" lon="120.12070800"><ele>17.341</ele><time>2026-06-01T23:48:38.504Z</time><sat>10</sat></trkpt>
  <trkpt lat="30.26991665" lon="120.12070800"><ele>17.341</ele><time>2026-06-01T23:48:41.508Z</time><sat>10</sat></trkpt>
  <trkpt lat="30.26991665" lon="120.12070800"><ele>17.341</ele><time>2026-06-01T23:48:44.513Z</time><sat>10</sat></trkpt>
  <trkpt lat="30.26991665" lon="120.12070800"><ele>17.341</ele><time>2026-06-01T23:48:47.517Z</time><sat>10</sat></trkpt>
  <trkpt lat="30.26991665" lon="120.12070800"><ele>17.341</ele><time>2026-06-01T23:48:50.520Z</time><sat>10</sat></trkpt>
  <trkpt lat="30.26991665" lon="120.12070800"><ele>17.341</ele><time>2026-06-01T23:48:53.524Z</time><sat>10</sat></trkpt>
  <trkpt lat="30.26991665" lon="120.12070800"><ele>17.341</ele><time>2026-06-01T23:48:56.528Z</time><sat>10</sat></trkpt>
  <trkpt lat="30.26991665" lon="120.12070800"><ele>17.341</ele><time>2026-06-01T23:48:59.532Z</time><sat>10</sat></trkpt>
  <trkpt lat="30.26991665" lon="120.12070800"><ele>17.341</ele><time>2026-06-01T23:49:02.537Z</time><sat>10</sat></trkpt>
  <trkpt lat="30.26991665" lon="120.12070800"><ele>17.341</ele><time>2026-06-01T23:49:05.540Z</time><sat>10</sat></trkpt>
  <trkpt lat="30.26991665" lon="120.12070800"><ele>17.341</ele><time>2026-06-01T23:49:08.545Z</time><sat>10</sat></trkpt>
  <trkpt lat="30.26991665" lon="120.12070800"><ele>17.341</ele><time>2026-06-01T23:49:11.549Z</time><sat>10</sat></trkpt>
  <trkpt lat="30.26991665" lon="120.12070800"><ele>17.341</ele><time>2026-06-01T23:49:14.551Z</time><sat>10</sat></trkpt>
  <trkpt lat="30.26991665" lon="120.12070800"><ele>17.341</ele><time>2026-06-01T23:49:17.555Z</time><sat>10</sat></trkpt>
  <trkpt lat="30.26991665" lon="120.12070800"><ele>17.341</ele><time>2026-06-01T23:49:20.561Z</time><sat>10</sat></trkpt>
  <trkpt lat="30.26991665" lon="120.12070800"><ele>17.341</ele><time>2026-06-01T23:49:23.566Z</time><sat>10</sat></trkpt>
  <trkpt lat="30.26991665" lon="120.12070800"><ele>17.341</ele><time>2026-06-01T23:49:26.570Z</time><sat>10</sat></trkpt>
  <trkpt lat="30.26991665" lon="120.12070800"><ele>17.341</ele><time>2026-06-01T23:49:29.572Z</time><sat>10</sat></trkpt>
  <trkpt lat="30.26991665" lon="120.12070800"><ele>17.341</ele><time>2026-06-01T23:49:32.576Z</time><sat>10</sat></trkpt>
  <trkpt lat="30.26991665" lon="120.12070800"><ele>17.341</ele><time>2026-06-01T23:49:35.580Z</time><sat>10</sat></trkpt>
  <trkpt lat="30.26991665" lon="120.12070800"><ele>17.341</ele><time>2026-06-01T23:49:38.582Z</time><sat>10</sat></trkpt>
  <trkpt lat="30.26991665" lon="120.12070800"><ele>17.341</ele><time>2026-06-01T23:49:41.586Z</time><sat>10</sat></trkpt>
  <trkpt lat="30.26991665" lon="120.12070800"><ele>17.341</ele><time>2026-06-01T23:49:44.587Z</time><sat>10</sat></trkpt>
  <trkpt lat="30.26991665" lon="120.12070800"><ele>17.341</ele><time>2026-06-01T23:49:47.593Z</time><sat>10</sat></trkpt>
  <trkpt lat="30.26991665" lon="120.12070800"><ele>17.341</ele><time>2026-06-01T23:49:50.597Z</time><sat>10</sat></trkpt>
  <trkpt lat="30.26991665" lon="120.12070800"><ele>17.341</ele><time>2026-06-01T23:49:53.602Z</time><sat>10</sat></trkpt>
  <trkpt lat="30.26991665" lon="120.12070800"><ele>17.341</ele><time>2026-06-01T23:49:56.605Z</time><sat>10</sat></trkpt>
  <trkpt lat="30.26991665" lon="120.12070800"><ele>17.341</ele><time>2026-06-01T23:49:59.609Z</time><sat>10</sat></trkpt>
  <trkpt lat="30.26991665" lon="120.12070800"><ele>17.341</ele><time>2026-06-01T23:50:02.615Z</time><sat>10</sat></trkpt>
  <trkpt lat="30.26991665" lon="120.12070800"><ele>17.341</ele><time>2026-06-01T23:50:05.619Z</time><sat>10</sat></trkpt>
  <trkpt lat="30.26991665" lon="120.12070800"><ele>17.341</ele><time>2026-06-01T23:50:08.623Z</time><sat>10</sat></trkpt>
  <trkpt lat="30.26991665" lon="120.12070800"><ele>17.341</ele><time>2026-06-01T23:50:11.627Z</time><sat>10</sat></trkpt>
  <trkpt lat="30.26991665" lon="120.12070800"><ele>17.341</ele><time>2026-06-01T23:50:14.632Z</time><sat>10</sat></trkpt>
  <trkpt lat="30.26991665" lon="120.12070800"><ele>17.341</ele><time>2026-06-01T23:50:17.634Z</time><sat>10</sat></trkpt>
  <trkpt lat="30.26991665" lon="120.12070800"><ele>17.341</ele><time>2026-06-01T23:50:20.637Z</time><sat>10</sat></trkpt>
  <trkpt lat="30.26991665" lon="120.12070800"><ele>17.341</ele><time>2026-06-01T23:50:23.641Z</time><sat>10</sat></trkpt>
  <trkpt lat="30.26991665" lon="120.12070800"><ele>17.341</ele><time>2026-06-01T23:50:26.646Z</time><sat>10</sat></trkpt>
  <trkpt lat="30.26991665" lon="120.12070800"><ele>17.341</ele><time>2026-06-01T23:50:29.650Z</time><sat>10</sat></trkpt>
  <trkpt lat="30.26991665" lon="120.12070800"><ele>17.341</ele><time>2026-06-01T23:50:32.655Z</time><sat>10</sat></trkpt>
  <trkpt lat="30.26991665" lon="120.12070800"><ele>17.341</ele><time>2026-06-01T23:50:35.657Z</time><sat>10</sat></trkpt>
  <trkpt lat="30.26991665" lon="120.12070800"><ele>17.341</ele><time>2026-06-01T23:50:38.662Z</time><sat>10</sat></trkpt>
  <trkpt lat="30.26991665" lon="120.12070800"><ele>17.341</ele><time>2026-06-01T23:50:41.666Z</time><sat>10</sat></trkpt>
  <trkpt lat="30.26991665" lon="120.12070800"><ele>17.341</ele><time>2026-06-01T23:50:44.671Z</time><sat>10</sat></trkpt>
  <trkpt lat="30.26991665" lon="120.12070800"><ele>17.341</ele><time>2026-06-01T23:50:47.675Z</time><sat>10</sat></trkpt>
  <trkpt lat="30.26991665" lon="120.12070800"><ele>17.341</ele><time>2026-06-01T23:50:50.677Z</time><sat>10</sat></trkpt>
  <trkpt lat="30.26991665" lon="120.12070800"><ele>17.341</ele><time>2026-06-01T23:50:53.679Z</time><sat>10</sat></trkpt>
  <trkpt lat="30.26991665" lon="120.12070800"><ele>17.341</ele><time>2026-06-01T23:50:56.684Z</time><sat>10</sat></trkpt>
  <trkpt lat="30.26991665" lon="120.12070800"><ele>17.341</ele><time>2026-06-01T23:50:59.686Z</time><sat>10</sat></trkpt>
  <trkpt lat="30.26991665" lon="120.12070800"><ele>17.341</ele><time>2026-06-01T23:51:02.689Z</time><sat>10</sat></trkpt>
  <trkpt lat="30.26991665" lon="120.12070800"><ele>17.341</ele><time>2026-06-01T23:51:05.694Z</time><sat>10</sat></trkpt>
  <trkpt lat="30.26991665" lon="120.12070800"><ele>17.341</ele><time>2026-06-01T23:51:08.695Z</time><sat>10</sat></trkpt>
  <trkpt lat="30.26991665" lon="120.12070800"><ele>17.341</ele><time>2026-06-01T23:51:11.699Z</time><sat>10</sat></trkpt>
  <trkpt lat="30.26991665" lon="120.12070800"><ele>17.341</ele><time>2026-06-01T23:51:14.703Z</time><sat>10</sat></trkpt>
  <trkpt lat="30.26991665" lon="120.12070800"><ele>17.341</ele><time>2026-06-01T23:51:17.707Z</time><sat>10</sat></trkpt>
  <trkpt lat="30.26991665" lon="120.12070800"><ele>17.341</ele><time>2026-06-01T23:51:20.711Z</time><sat>10</sat></trkpt>
  <trkpt lat="30.26991665" lon="120.12070800"><ele>17.341</ele><time>2026-06-01T23:51:23.715Z</time><sat>10</sat></trkpt>
  <trkpt lat="30.26991665" lon="120.12070800"><ele>17.341</ele><time>2026-06-01T23:51:26.719Z</time><sat>10</sat></trkpt>
  <trkpt lat="30.26991665" lon="120.12070800"><ele>17.341</ele><time>2026-06-01T23:51:29.722Z</time><sat>10</sat></trkpt>
  <trkpt lat="30.26991665" lon="120.12070800"><ele>17.341</ele><time>2026-06-01T23:51:32.727Z</time><sat>10</sat></trkpt>
  <trkpt lat="30.26991665" lon="120.12070800"><ele>17.341</ele><time>2026-06-01T23:51:35.729Z</time><sat>10</sat></trkpt>
  <trkpt lat="30.26991665" lon="120.12070800"><ele>17.341</ele><time>2026-06-01T23:51:38.732Z</time><sat>10</sat></trkpt>
  <trkpt lat="30.26991665" lon="120.12070800"><ele>17.341</ele><time>2026-06-01T23:51:41.736Z</time><sat>10</sat></trkpt>
  <trkpt lat="30.26991665" lon="120.12070800"><ele>17.341</ele><time>2026-06-01T23:51:44.740Z</time><sat>10</sat></trkpt>
  <trkpt lat="30.26991665" lon="120.12070800"><ele>17.341</ele><time>2026-06-01T23:51:47.744Z</time><sat>10</sat></trkpt>
  <trkpt lat="30.26991665" lon="120.12070800"><ele>17.341</ele><time>2026-06-01T23:51:50.749Z</time><sat>10</sat></trkpt>
  <trkpt lat="30.26991665" lon="120.12070800"><ele>17.341</ele><time>2026-06-01T23:51:53.752Z</time><sat>10</sat></trkpt>
  <trkpt lat="30.26991665" lon="120.12070800"><ele>17.341</ele><time>2026-06-01T23:51:56.756Z</time><sat>10</sat></trkpt>
  <trkpt lat="30.26991665" lon="120.12070800"><ele>17.341</ele><time>2026-06-01T23:51:59.759Z</time><sat>10</sat></trkpt>
  <trkpt lat="30.26991665" lon="120.12070800"><ele>17.341</ele><time>2026-06-01T23:52:02.763Z</time><sat>10</sat></trkpt>
  <trkpt lat="30.26991665" lon="120.12070800"><ele>17.341</ele><time>2026-06-01T23:52:05.767Z</time><sat>10</sat></trkpt>
  <trkpt lat="30.26991665" lon="120.12070800"><ele>17.341</ele><time>2026-06-01T23:52:08.770Z</time><sat>10</sat></trkpt>
  <trkpt lat="30.26991665" lon="120.12070800"><ele>17.341</ele><time>2026-06-01T23:52:11.775Z</time><sat>10</sat></trkpt>
  <trkpt lat="30.26991665" lon="120.12070800"><ele>17.341</ele><time>2026-06-01T23:52:14.779Z</time><sat>10</sat></trkpt>
  <trkpt lat="30.26991665" lon="120.12070800"><ele>17.341</ele><time>2026-06-01T23:52:17.783Z</time><sat>10</sat></trkpt>
  <trkpt lat="30.26991665" lon="120.12070800"><ele>17.341</ele><time>2026-06-01T23:52:20.786Z</time><sat>10</sat></trkpt>
  <trkpt lat="30.26991665" lon="120.12070800"><ele>17.341</ele><time>2026-06-01T23:52:23.789Z</time><sat>10</sat></trkpt>
  <trkpt lat="30.26991665" lon="120.12070800"><ele>17.341</ele><time>2026-06-01T23:52:26.794Z</time><sat>10</sat></trkpt>
  <trkpt lat="30.26991665" lon="120.12070800"><ele>17.341</ele><time>2026-06-01T23:52:29.797Z</time><sat>10</sat></trkpt>
  <trkpt lat="30.26991665" lon="120.12070800"><ele>17.341</ele><time>2026-06-01T23:52:32.801Z</time><sat>10</sat></trkpt>
  <trkpt lat="30.26991665" lon="120.12070800"><ele>17.341</ele><time>2026-06-01T23:52:35.805Z</time><sat>10</sat></trkpt>
  <trkpt lat="30.26991665" lon="120.12070800"><ele>17.341</ele><time>2026-06-01T23:52:38.806Z</time><sat>10</sat></trkpt>
  <trkpt lat="30.26991665" lon="120.12070800"><ele>17.341</ele><time>2026-06-01T23:52:41.809Z</time><sat>10</sat></trkpt>
  <trkpt lat="30.26991665" lon="120.12070800"><ele>17.341</ele><time>2026-06-01T23:52:44.812Z</time><sat>10</sat></trkpt>
  <trkpt lat="30.26991665" lon="120.12070800"><ele>17.341</ele><time>2026-06-01T23:52:47.815Z</time><sat>10</sat></trkpt>
  <trkpt lat="30.26991665" lon="120.12070800"><ele>17.341</ele><time>2026-06-01T23:52:50.820Z</time><sat>10</sat></trkpt>
  <trkpt lat="30.26991665" lon="120.12070800"><ele>17.341</ele><time>2026-06-01T23:52:53.821Z</time><sat>10</sat></trkpt>
  <trkpt lat="30.26991665" lon="120.12070800"><ele>17.341</ele><time>2026-06-01T23:52:56.824Z</time><sat>10</sat></trkpt>
  <trkpt lat="30.26991665" lon="120.12070800"><ele>17.341</ele><time>2026-06-01T23:52:59.828Z</time><sat>10</sat></trkpt>
  <trkpt lat="30.26991665" lon="120.12070800"><ele>17.341</ele><time>2026-06-01T23:53:02.830Z</time><sat>10</sat></trkpt>
  <trkpt lat="30.26991665" lon="120.12070800"><ele>17.341</ele><time>2026-06-01T23:53:05.833Z</time><sat>10</sat></trkpt>
  <trkpt lat="30.26991665" lon="120.12070800"><ele>17.341</ele><time>2026-06-01T23:53:08.838Z</time><sat>10</sat></trkpt>
  <trkpt lat="30.26991665" lon="120.12070800"><ele>17.341</ele><time>2026-06-01T23:53:11.842Z</time><sat>10</sat></trkpt>
  <trkpt lat="30.26991665" lon="120.12070800"><ele>17.341</ele><time>2026-06-01T23:53:14.845Z</time><sat>10</sat></trkpt>
  <trkpt lat="30.26991665" lon="120.12070800"><ele>17.341</ele><time>2026-06-01T23:53:17.847Z</time><sat>10</sat></trkpt>
  <trkpt lat="30.26991665" lon="120.12070800"><ele>17.341</ele><time>2026-06-01T23:53:20.851Z</time><sat>10</sat></trkpt>
  <trkpt lat="30.26991665" lon="120.12070800"><ele>17.341</ele><time>2026-06-01T23:53:23.854Z</time><sat>10</sat></trkpt>
  <trkpt lat="30.26991665" lon="120.12070800"><ele>17.341</ele><time>2026-06-01T23:53:26.859Z</time><sat>10</sat></trkpt>
  <trkpt lat="30.26991665" lon="120.12070800"><ele>17.341</ele><time>2026-06-01T23:53:29.861Z</time><sat>10</sat></trkpt>
  <trkpt lat="30.26991665" lon="120.12070800"><ele>17.341</ele><time>2026-06-01T23:53:32.865Z</time><sat>10</sat></trkpt>
  <trkpt lat="30.26991665" lon="120.12070800"><ele>17.341</ele><time>2026-06-01T23:53:35.870Z</time><sat>10</sat></trkpt>
  <trkpt lat="30.26991665" lon="120.12070800"><ele>17.341</ele><time>2026-06-01T23:53:38.874Z</time><sat>10</sat></trkpt>
  <trkpt lat="30.26991665" lon="120.12070800"><ele>17.341</ele><time>2026-06-01T23:53:41.877Z</time><sat>10</sat></trkpt>
  <trkpt lat="30.26991665" lon="120.12070800"><ele>17.341</ele><time>2026-06-01T23:53:44.882Z</time><sat>10</sat></trkpt>
  <trkpt lat="30.26991665" lon="120.12070800"><ele>17.341</ele><time>2026-06-01T23:53:47.885Z</time><sat>10</sat></trkpt>
  <trkpt lat="30.26991665" lon="120.12070800"><ele>17.341</ele><time>2026-06-01T23:53:50.887Z</time><sat>10</sat></trkpt>
  <trkpt lat="30.26991665" lon="120.12070800"><ele>17.341</ele><time>2026-06-01T23:53:53.889Z</time><sat>10</sat></trkpt>
  <trkpt lat="30.26991665" lon="120.12070800"><ele>17.341</ele><time>2026-06-01T23:53:56.892Z</time><sat>10</sat></trkpt>
  <trkpt lat="30.26991665" lon="120.12070800"><ele>17.341</ele><time>2026-06-01T23:53:59.893Z</time><sat>10</sat></trkpt>
  <trkpt lat="30.26991665" lon="120.12070800"><ele>17.341</ele><time>2026-06-01T23:54:02.896Z</time><sat>10</sat></trkpt>
  <trkpt lat="30.26991665" lon="120.12070800"><ele>17.341</ele><time>2026-06-01T23:54:05.900Z</time><sat>10</sat></trkpt>
  <trkpt lat="30.26991665" lon="120.12070800"><ele>17.341</ele><time>2026-06-01T23:54:08.904Z</time><sat>10</sat></trkpt>
  <trkpt lat="30.26991665" lon="120.12070800"><ele>17.341</ele><time>2026-06-01T23:54:11.906Z</time><sat>10</sat></trkpt>
  <trkpt lat="30.26991665" lon="120.12070800"><ele>17.341</ele><time>2026-06-01T23:54:14.910Z</time><sat>10</sat></trkpt>
  <trkpt lat="30.26991665" lon="120.12070800"><ele>17.341</ele><time>2026-06-01T23:54:17.911Z</time><sat>10</sat></trkpt>
  <trkpt lat="30.26991665" lon="120.12070800"><ele>17.341</ele><time>2026-06-01T23:54:20.914Z</time><sat>10</sat></trkpt>
  <trkpt lat="30.26991665" lon="120.12070800"><ele>17.341</ele><time>2026-06-01T23:54:23.918Z</time><sat>10</sat></trkpt>
  <trkpt lat="30.26991665" lon="120.12070800"><ele>17.341</ele><time>2026-06-01T23:54:26.919Z</time><sat>10</sat></trkpt>
  <trkpt lat="30.26991665" lon="120.12070800"><ele>17.341</ele><time>2026-06-01T23:54:29.922Z</time><sat>10</sat></trkpt>
  <trkpt lat="30.26991665" lon="120.12070800"><ele>17.341</ele><time>2026-06-01T23:54:32.926Z</time><sat>10</sat></trkpt>
  <trkpt lat="30.26991665" lon="120.12070800"><ele>17.341</ele><time>2026-06-01T23:54:35.930Z</time><sat>10</sat></trkpt>
  <trkpt lat="30.26991665" lon="120.12070800"><ele>17.341</ele><time>2026-06-01T23:54:38.934Z</time><sat>10</sat></trkpt>
  <trkpt lat="30.26991665" lon="120.12070800"><ele>17.341</ele><time>2026-06-01T23:54:41.938Z</time><sat>10</sat></trkpt>
  <trkpt lat="30.26991665" lon="120.12070800"><ele>17.341</ele><time>2026-06-01T23:54:44.940Z</time><sat>10</sat></trkpt>
  <trkpt lat="30.26991665" lon="120.12070800"><ele>17.341</ele><time>2026-06-01T23:54:47.945Z</time><sat>10</sat></trkpt>
  <trkpt lat="30.26991665" lon="120.12070800"><ele>17.341</ele><time>2026-06-01T23:54:50.948Z</time><sat>10</sat></trkpt>
  <trkpt lat="30.26991665" lon="120.12070800"><ele>17.341</ele><time>2026-06-01T23:54:53.953Z</time><sat>10</sat></trkpt>
  <trkpt lat="30.26991665" lon="120.12070800"><ele>17.341</ele><time>2026-06-01T23:54:56.957Z</time><sat>10</sat></trkpt>
  <trkpt lat="30.26991665" lon="120.12070800"><ele>17.341</ele><time>2026-06-01T23:54:59.960Z</time><sat>10</sat></trkpt>
  <trkpt lat="30.26991665" lon="120.12070800"><ele>17.341</ele><time>2026-06-01T23:55:02.964Z</time><sat>10</sat></trkpt>
  <trkpt lat="30.26991665" lon="120.12070800"><ele>17.341</ele><time>2026-06-01T23:55:05.969Z</time><sat>10</sat></trkpt>
  <trkpt lat="30.26991665" lon="120.12070800"><ele>17.341</ele><time>2026-06-01T23:55:08.974Z</time><sat>10</sat></trkpt>
  <trkpt lat="30.26991665" lon="120.12070800"><ele>17.341</ele><time>2026-06-01T23:55:11.978Z</time><sat>10</sat></trkpt>
  <trkpt lat="30.26991665" lon="120.12070800"><ele>17.341</ele><time>2026-06-01T23:55:14.983Z</time><sat>10</sat></trkpt>
  <trkpt lat="30.26991665" lon="120.12070800"><ele>17.341</ele><time>2026-06-01T23:55:17.987Z</time><sat>10</sat></trkpt>
  <trkpt lat="30.26991665" lon="120.12070800"><ele>17.341</ele><time>2026-06-01T23:55:20.991Z</time><sat>10</sat></trkpt>
  <trkpt lat="30.26991665" lon="120.12070800"><ele>17.341</ele><time>2026-06-01T23:55:23.992Z</time><sat>10</sat></trkpt>
  <trkpt lat="30.26991665" lon="120.12070800"><ele>17.341</ele><time>2026-06-01T23:55:26.995Z</time><sat>10</sat></trkpt>
  <trkpt lat="30.26991665" lon="120.12070800"><ele>17.341</ele><time>2026-06-01T23:55:29.999Z</time><sat>10</sat></trkpt>
  <trkpt lat="30.26991665" lon="120.12070800"><ele>17.341</ele><time>2026-06-01T23:55:33.003Z</time><sat>10</sat></trkpt>
  <trkpt lat="30.26991665" lon="120.12070800"><ele>17.341</ele><time>2026-06-01T23:55:36.005Z</time><sat>10</sat></trkpt>
  <trkpt lat="30.26991665" lon="120.12070800"><ele>17.341</ele><time>2026-06-01T23:55:39.006Z</time><sat>10</sat></trkpt>
  <trkpt lat="30.26991665" lon="120.12070800"><ele>17.341</ele><time>2026-06-01T23:55:42.008Z</time><sat>10</sat></trkpt>
  <trkpt lat="30.26991665" lon="120.12070800"><ele>17.341</ele><time>2026-06-01T23:55:45.013Z</time><sat>10</sat></trkpt>
  <trkpt lat="30.26991665" lon="120.12070800"><ele>17.341</ele><time>2026-06-01T23:55:48.016Z</time><sat>10</sat></trkpt>
  <trkpt lat="30.26991665" lon="120.12070800"><ele>17.341</ele><time>2026-06-01T23:55:51.017Z</time><sat>10</sat></trkpt>
  <trkpt lat="30.26991665" lon="120.12070800"><ele>17.341</ele><time>2026-06-01T23:55:54.022Z</time><sat>10</sat></trkpt>
  <trkpt lat="30.26991665" lon="120.12070800"><ele>17.341</ele><time>2026-06-01T23:55:57.026Z</time><sat>10</sat></trkpt>
  <trkpt lat="30.26991665" lon="120.12070800"><ele>17.341</ele><time>2026-06-01T23:56:00.031Z</time><sat>10</sat></trkpt>
  <trkpt lat="30.26991665" lon="120.12070800"><ele>17.341</ele><time>2026-06-01T23:56:03.035Z</time><sat>10</sat></trkpt>
  <trkpt lat="30.26991665" lon="120.12070800"><ele>17.341</ele><time>2026-06-01T23:56:06.039Z</time><sat>10</sat></trkpt>
  <trkpt lat="30.26991665" lon="120.12070800"><ele>17.341</ele><time>2026-06-01T23:56:09.043Z</time><sat>10</sat></trkpt>
  <trkpt lat="30.26991665" lon="120.12070800"><ele>17.341</ele><time>2026-06-01T23:56:12.048Z</time><sat>10</sat></trkpt>
  <trkpt lat="30.26991665" lon="120.12070800"><ele>17.341</ele><time>2026-06-01T23:56:15.052Z</time><sat>10</sat></trkpt>
  <trkpt lat="30.26991665" lon="120.12070800"><ele>17.341</ele><time>2026-06-01T23:56:18.056Z</time><sat>10</sat></trkpt>
  <trkpt lat="30.26991665" lon="120.12070800"><ele>17.341</ele><time>2026-06-01T23:56:21.060Z</time><sat>10</sat></trkpt>
  <trkpt lat="30.26991665" lon="120.12070800"><ele>17.341</ele><time>2026-06-01T23:56:24.064Z</time><sat>10</sat></trkpt>
  <trkpt lat="30.26991665" lon="120.12070800"><ele>17.341</ele><time>2026-06-01T23:56:27.067Z</time><sat>10</sat></trkpt>
  <trkpt lat="30.26991665" lon="120.12070800"><ele>17.341</ele><time>2026-06-01T23:56:30.071Z</time><sat>10</sat></trkpt>
  <trkpt lat="30.26991665" lon="120.12070800"><ele>17.341</ele><time>2026-06-01T23:56:33.073Z</time><sat>10</sat></trkpt>
  <trkpt lat="30.26991665" lon="120.12070800"><ele>17.341</ele><time>2026-06-01T23:56:36.078Z</time><sat>10</sat></trkpt>
  <trkpt lat="30.26991665" lon="120.12070800"><ele>17.341</ele><time>2026-06-01T23:56:39.081Z</time><sat>10</sat></trkpt>
  <trkpt lat="30.26991665" lon="120.12070800"><ele>17.341</ele><time>2026-06-01T23:56:42.085Z</time><sat>10</sat></trkpt>
  <trkpt lat="30.26991665" lon="120.12070800"><ele>17.341</ele><time>2026-06-01T23:56:45.087Z</time><sat>10</sat></trkpt>
  <trkpt lat="30.26991665" lon="120.12070800"><ele>17.341</ele><time>2026-06-01T23:56:48.091Z</time><sat>10</sat></trkpt>
  <trkpt lat="30.26991665" lon="120.12070800"><ele>17.341</ele><time>2026-06-01T23:56:51.094Z</time><sat>10</sat></trkpt>
  <trkpt lat="30.26991665" lon="120.12070800"><ele>17.341</ele><time>2026-06-01T23:56:54.097Z</time><sat>10</sat></trkpt>
  <trkpt lat="30.26991665" lon="120.12070800"><ele>17.341</ele><time>2026-06-01T23:56:57.101Z</time><sat>10</sat></trkpt>
  <trkpt lat="30.26991665" lon="120.12070800"><ele>17.341</ele><time>2026-06-01T23:57:00.106Z</time><sat>10</sat></trkpt>
  <trkpt lat="30.26991665" lon="120.12070800"><ele>17.341</ele><time>2026-06-01T23:57:03.107Z</time><sat>10</sat></trkpt>
  <trkpt lat="30.26991665" lon="120.12070800"><ele>17.341</ele><time>2026-06-01T23:57:06.111Z</time><sat>10</sat></trkpt>
  <trkpt lat="30.26991665" lon="120.12070800"><ele>17.341</ele><time>2026-06-01T23:57:09.116Z</time><sat>10</sat></trkpt>
  <trkpt lat="30.26991665" lon="120.12070800"><ele>17.341</ele><time>2026-06-01T23:57:12.119Z</time><sat>10</sat></trkpt>
  <trkpt lat="30.26991665" lon="120.12070800"><ele>17.341</ele><time>2026-06-01T23:57:15.123Z</time><sat>10</sat></trkpt>
  <trkpt lat="30.26991665" lon="120.12070800"><ele>17.341</ele><time>2026-06-01T23:57:18.127Z</time><sat>10</sat></trkpt>
  <trkpt lat="30.26991665" lon="120.12070800"><ele>17.341</ele><time>2026-06-01T23:57:21.131Z</time><sat>10</sat></trkpt>
  <trkpt lat="30.26991665" lon="120.12070800"><ele>17.341</ele><time>2026-06-01T23:57:24.134Z</time><sat>10</sat></trkpt>
  <trkpt lat="30.26991665" lon="120.12070800"><ele>17.341</ele><time>2026-06-01T23:57:27.139Z</time><sat>10</sat></trkpt>
  <trkpt lat="30.26991665" lon="120.12070800"><ele>17.341</ele><time>2026-06-01T23:57:30.142Z</time><sat>10</sat></trkpt>
  <trkpt lat="30.26991665" lon="120.12070800"><ele>17.341</ele><time>2026-06-01T23:57:33.142Z</time><sat>10</sat></trkpt>
  <trkpt lat="30.26991665" lon="120.12070800"><ele>17.341</ele><time>2026-06-01T23:57:36.144Z</time><sat>10</sat></trkpt>
  <trkpt lat="30.26991665" lon="120.12070800"><ele>17.341</ele><time>2026-06-01T23:57:39.149Z</time><sat>10</sat></trkpt>
  <trkpt lat="30.26991665" lon="120.12070800"><ele>17.341</ele><time>2026-06-01T23:57:42.154Z</time><sat>10</sat></trkpt>
  <trkpt lat="30.26991665" lon="120.12070800"><ele>17.341</ele><time>2026-06-01T23:57:45.155Z</time><sat>10</sat></trkpt>
  <trkpt lat="30.26991665" lon="120.12070800"><ele>17.341</ele><time>2026-06-01T23:57:48.159Z</time><sat>10</sat></trkpt>
  <trkpt lat="30.26991665" lon="120.12070800"><ele>17.341</ele><time>2026-06-01T23:57:51.161Z</time><sat>10</sat></trkpt>
  <trkpt lat="30.26991665" lon="120.12070800"><ele>17.341</ele><time>2026-06-01T23:57:54.166Z</time><sat>10</sat></trkpt>
  <trkpt lat="30.26991665" lon="120.12070800"><ele>17.341</ele><time>2026-06-01T23:57:57.172Z</time><sat>10</sat></trkpt>
  <trkpt lat="30.26991665" lon="120.12070800"><ele>17.341</ele><time>2026-06-01T23:58:00.176Z</time><sat>10</sat></trkpt>
  <trkpt lat="30.26991665" lon="120.12070800"><ele>17.341</ele><time>2026-06-01T23:58:03.180Z</time><sat>10</sat></trkpt>
  <trkpt lat="30.26991665" lon="120.12070800"><ele>17.341</ele><time>2026-06-01T23:58:06.184Z</time><sat>10</sat></trkpt>
  <trkpt lat="30.26991665" lon="120.12070800"><ele>17.341</ele><time>2026-06-01T23:58:09.188Z</time><sat>10</sat></trkpt>
  <trkpt lat="30.26991665" lon="120.12070800"><ele>17.341</ele><time>2026-06-01T23:58:12.190Z</time><sat>10</sat></trkpt>
  <trkpt lat="30.26991665" lon="120.12070800"><ele>17.341</ele><time>2026-06-01T23:58:15.194Z</time><sat>10</sat></trkpt>
  <trkpt lat="30.26991665" lon="120.12070800"><ele>17.341</ele><time>2026-06-01T23:58:18.197Z</time><sat>10</sat></trkpt>
  <trkpt lat="30.26991665" lon="120.12070800"><ele>17.341</ele><time>2026-06-01T23:58:21.201Z</time><sat>10</sat></trkpt>
  <trkpt lat="30.26991665" lon="120.12070800"><ele>17.341</ele><time>2026-06-01T23:58:24.202Z</time><sat>10</sat></trkpt>
  <trkpt lat="30.26991665" lon="120.12070800"><ele>17.341</ele><time>2026-06-01T23:58:27.205Z</time><sat>10</sat></trkpt>
  <trkpt lat="30.26991665" lon="120.12070800"><ele>17.341</ele><time>2026-06-01T23:58:30.209Z</time><sat>10</sat></trkpt>
  <trkpt lat="30.26991665" lon="120.12070800"><ele>17.341</ele><time>2026-06-01T23:58:33.212Z</time><sat>10</sat></trkpt>
  <trkpt lat="30.26991665" lon="120.12070800"><ele>17.341</ele><time>2026-06-01T23:58:36.216Z</time><sat>10</sat></trkpt>
  <trkpt lat="30.26991665" lon="120.12070800"><ele>17.341</ele><time>2026-06-01T23:58:39.220Z</time><sat>10</sat></trkpt>
  <trkpt lat="30.26991665" lon="120.12070800"><ele>17.341</ele><time>2026-06-01T23:58:42.224Z</time><sat>10</sat></trkpt>
  <trkpt lat="30.26991665" lon="120.12070800"><ele>17.341</ele><time>2026-06-01T23:58:45.228Z</time><sat>10</sat></trkpt>
  <trkpt lat="30.26991665" lon="120.12070800"><ele>17.341</ele><time>2026-06-01T23:58:48.232Z</time><sat>10</sat></trkpt>
  <trkpt lat="30.26991665" lon="120.12070800"><ele>17.341</ele><time>2026-06-01T23:58:51.236Z</time><sat>10</sat></trkpt>
  <trkpt lat="30.26991665" lon="120.12070800"><ele>17.341</ele><time>2026-06-01T23:58:54.240Z</time><sat>10</sat></trkpt>
  <trkpt lat="30.26991665" lon="120.12070800"><ele>17.341</ele><time>2026-06-01T23:58:57.243Z</time><sat>10</sat></trkpt>
  <trkpt lat="30.26991665" lon="120.12070800"><ele>17.341</ele><time>2026-06-01T23:59:00.248Z</time><sat>10</sat></trkpt>
  <trkpt lat="30.26991665" lon="120.12070800"><ele>17.341</ele><time>2026-06-01T23:59:03.251Z</time><sat>10</sat></trkpt>
  <trkpt lat="30.26991665" lon="120.12070800"><ele>17.341</ele><time>2026-06-01T23:59:06.253Z</time><sat>10</sat></trkpt>
  <trkpt lat="30.26991665" lon="120.12070800"><ele>17.341</ele><time>2026-06-01T23:59:09.257Z</time><sat>10</sat></trkpt>
  <trkpt lat="30.26991665" lon="120.12070800"><ele>17.341</ele><time>2026-06-01T23:59:12.259Z</time><sat>10</sat></trkpt>
  <trkpt lat="30.26991665" lon="120.12070800"><ele>17.341</ele><time>2026-06-01T23:59:15.264Z</time><sat>10</sat></trkpt>
  <trkpt lat="30.26991665" lon="120.12070800"><ele>17.341</ele><time>2026-06-01T23:59:18.269Z</time><sat>10</sat></trkpt>
  <trkpt lat="30.26991665" lon="120.12070800"><ele>17.341</ele><time>2026-06-01T23:59:21.272Z</time><sat>10</sat></trkpt>
  <trkpt lat="30.26991665" lon="120.12070800"><ele>17.341</ele><time>2026-06-01T23:59:24.275Z</time><sat>10</sat></trkpt>
  <trkpt lat="30.26991665" lon="120.12070800"><ele>17.341</ele><time>2026-06-01T23:59:27.278Z</time><sat>10</sat></trkpt>
  <trkpt lat="30.26991665" lon="120.12070800"><ele>17.341</ele><time>2026-06-01T23:59:30.282Z</time><sat>10</sat></trkpt>
  <trkpt lat="30.26991665" lon="120.12070800"><ele>17.341</ele><time>2026-06-01T23:59:33.285Z</time><sat>10</sat></trkpt>
  <trkpt lat="30.26991665" lon="120.12070800"><ele>17.341</ele><time>2026-06-01T23:59:36.290Z</time><sat>10</sat></trkpt>
  <trkpt lat="30.26991665" lon="120.12070800"><ele>17.341</ele><time>2026-06-01T23:59:39.293Z</time><sat>10</sat></trkpt>
  <trkpt lat="30.26991665" lon="120.12070800"><ele>17.341</ele><time>2026-06-01T23:59:42.297Z</time><sat>10</sat></trkpt>
  <trkpt lat="30.26991665" lon="120.12070800"><ele>17.341</ele><time>2026-06-01T23:59:45.300Z</time><sat>10</sat></trkpt>
  <trkpt lat="30.26991665" lon="120.12070800"><ele>17.341</ele><time>2026-06-01T23:59:48.304Z</time><sat>10</sat></trkpt>
  <trkpt lat="30.26991665" lon="120.12070800"><ele>17.341</ele><time>2026-06-01T23:59:51.307Z</time><sat>10</sat></trkpt>
  <trkpt lat="30.26991665" lon="120.12070800"><ele>17.341</ele><time>2026-06-01T23:59:54.310Z</time><sat>10</sat></trkpt>
  <trkpt lat="30.26991665" lon="120.12070800"><ele>17.341</ele><time>2026-06-01T23:59:57.315Z</time><sat>10</sat></trkpt>
  <trkpt lat="30.26991665" lon="120.12070800"><ele>17.341</ele><time>2026-06-02T00:00:00.320Z</time><sat>10</sat></trkpt>
  <trkpt lat="30.26991665" lon="120.12070800"><ele>17.341</ele><time>2026-06-02T00:00:03.322Z</time><sat>10</sat></trkpt>
  <trkpt lat="30.26991665" lon="120.12070800"><ele>17.341</ele><time>2026-06-02T00:00:06.325Z</time><sat>10</sat></trkpt>
  <trkpt lat="30.26991665" lon="120.12070800"><ele>17.341</ele><time>2026-06-02T00:00:09.328Z</time><sat>10</sat></trkpt>
  <trkpt lat="30.26991665" lon="120.12070800"><ele>17.341</ele><time>2026-06-02T00:00:12.330Z</time><sat>10</sat></trkpt>
  <trkpt lat="30.26991665" lon="120.12070800"><ele>17.341</ele><time>2026-06-02T00:00:15.334Z</time><sat>10</sat></trkpt>
  <trkpt lat="30.26991665" lon="120.12070800"><ele>17.341</ele><time>2026-06-02T00:00:18.336Z</time><sat>10</sat></trkpt>
  <trkpt lat="30.26991665" lon="120.12070800"><ele>17.341</ele><time>2026-06-02T00:00:21.340Z</time><sat>10</sat></trkpt>
  <trkpt lat="30.26991665" lon="120.12070800"><ele>17.341</ele><time>2026-06-02T00:00:24.345Z</time><sat>10</sat></trkpt>
  <trkpt lat="30.26991665" lon="120.12070800"><ele>17.341</ele><time>2026-06-02T00:00:27.349Z</time><sat>10</sat></trkpt>
  <trkpt lat="30.26991665" lon="120.12070800"><ele>17.341</ele><time>2026-06-02T00:00:30.354Z</time><sat>10</sat></trkpt>
  <trkpt lat="30.26991665" lon="120.12070800"><ele>17.341</ele><time>2026-06-02T00:00:33.359Z</time><sat>10</sat></trkpt>
  <trkpt lat="30.26991665" lon="120.12070800"><ele>17.341</ele><time>2026-06-02T00:00:36.364Z</time><sat>10</sat></trkpt>
  <trkpt lat="30.26991665" lon="120.12070800"><ele>17.341</ele><time>2026-06-02T00:00:39.368Z</time><sat>10</sat></trkpt>
  <trkpt lat="30.26991665" lon="120.12070800"><ele>17.341</ele><time>2026-06-02T00:00:42.371Z</time><sat>10</sat></trkpt>
  <trkpt lat="30.26991665" lon="120.12070800"><ele>17.341</ele><time>2026-06-02T00:00:45.374Z</time><sat>10</sat></trkpt>
  <trkpt lat="30.26991665" lon="120.12070800"><ele>17.341</ele><time>2026-06-02T00:00:48.378Z</time><sat>10</sat></trkpt>
  <trkpt lat="30.26991665" lon="120.12070800"><ele>17.341</ele><time>2026-06-02T00:00:51.383Z</time><sat>10</sat></trkpt>
  <trkpt lat="30.26991665" lon="120.12070800"><ele>17.341</ele><time>2026-06-02T00:00:54.387Z</time><sat>10</sat></trkpt>
  <trkpt lat="30.26991665" lon="120.12070800"><ele>17.341</ele><time>2026-06-02T00:00:57.392Z</time><sat>10</sat></trkpt>
  <trkpt lat="30.26991665" lon="120.12070800"><ele>17.341</ele><time>2026-06-02T00:01:00.394Z</time><sat>10</sat></trkpt>
  <trkpt lat="30.26991665" lon="120.12070800"><ele>17.341</ele><time>2026-06-02T00:01:03.398Z</time><sat>10</sat></trkpt>
  <trkpt lat="30.26991665" lon="120.12070800"><ele>17.341</ele><time>2026-06-02T00:01:06.399Z</time><sat>10</sat></trkpt>
  <trkpt lat="30.26991665" lon="120.12070800"><ele>17.341</ele><time>2026-06-02T00:01:09.403Z</time><sat>10</sat></trkpt>
  <trkpt lat="30.26991665" lon="120.12070800"><ele>17.341</ele><time>2026-06-02T00:01:12.407Z</time><sat>10</sat></trkpt>
  <trkpt lat="30.26991665" lon="120.12070800"><ele>17.341</ele><time>2026-06-02T00:01:15.410Z</time><sat>10</sat></trkpt>
  <trkpt lat="30.26991665" lon="120.12070800"><ele>17.341</ele><time>2026-06-02T00:01:18.415Z</time><sat>10</sat></trkpt>
  <trkpt lat="30.26991665" lon="120.12070800"><ele>17.341</ele><time>2026-06-02T00:01:21.416Z</time><sat>10</sat></trkpt>
  <trkpt lat="30.26991665" lon="120.12070800"><ele>17.341</ele><time>2026-06-02T00:01:24.420Z</time><sat>10</sat></trkpt>
  <trkpt lat="30.26991665" lon="120.12070800"><ele>17.341</ele><time>2026-06-02T00:01:27.425Z</time><sat>10</sat></trkpt>
  <trkpt lat="30.26991665" lon="120.12070800"><ele>17.341</ele><time>2026-06-02T00:01:30.430Z</time><sat>10</sat></trkpt>
  <trkpt lat="30.26991665" lon="120.12070800"><ele>17.341</ele><time>2026-06-02T00:01:33.435Z</time><sat>10</sat></trkpt>
  <trkpt lat="30.26991665" lon="120.12070800"><ele>17.341</ele><time>2026-06-02T00:01:36.439Z</time><sat>10</sat></trkpt>
  <trkpt lat="30.26991665" lon="120.12070800"><ele>17.341</ele><time>2026-06-02T00:01:39.443Z</time><sat>10</sat></trkpt>
  <trkpt lat="30.26991665" lon="120.12070800"><ele>17.341</ele><time>2026-06-02T00:01:42.447Z</time><sat>10</sat></trkpt>
  <trkpt lat="30.26991665" lon="120.12070800"><ele>17.341</ele><time>2026-06-02T00:01:45.452Z</time><sat>10</sat></trkpt>
  <trkpt lat="30.26991665" lon="120.12070800"><ele>17.341</ele><time>2026-06-02T00:01:48.456Z</time><sat>10</sat></trkpt>
  <trkpt lat="30.26991665" lon="120.12070800"><ele>17.341</ele><time>2026-06-02T00:01:51.456Z</time><sat>10</sat></trkpt>
  <trkpt lat="30.26991665" lon="120.12070800"><ele>17.341</ele><time>2026-06-02T00:01:54.458Z</time><sat>10</sat></trkpt>
  <trkpt lat="30.26991665" lon="120.12070800"><ele>17.341</ele><time>2026-06-02T00:01:57.462Z</time><sat>10</sat></trkpt>
  <trkpt lat="30.26991665" lon="120.12070800"><ele>17.341</ele><time>2026-06-02T00:02:00.466Z</time><sat>10</sat></trkpt>
  <trkpt lat="30.26991665" lon="120.12070800"><ele>17.341</ele><time>2026-06-02T00:02:03.469Z</time><sat>10</sat></trkpt>
  <trkpt lat="30.26984986" lon="120.12069946"><ele>39.314</ele><time>2026-06-02T00:02:23Z</time><sat>11</sat></trkpt>
  <trkpt lat="30.26975890" lon="120.12069495"><ele>45.138</ele><time>2026-06-02T00:02:26Z</time><sat>13</sat></trkpt>
  <trkpt lat="30.26977239" lon="120.12068475"><ele>43.524</ele><time>2026-06-02T00:02:29Z</time><sat>18</sat></trkpt>
  <trkpt lat="30.26977315" lon="120.12068364"><ele>43.372</ele><time>2026-06-02T00:02:32Z</time><sat>18</sat></trkpt>
  <trkpt lat="30.26978328" lon="120.12069257"><ele>43.077</ele><time>2026-06-02T00:02:35Z</time><sat>13</sat></trkpt>
  <trkpt lat="30.26978944" lon="120.12068978"><ele>42.504</ele><time>2026-06-02T00:02:38Z</time><sat>13</sat></trkpt>
  <trkpt lat="30.26978697" lon="120.12068708"><ele>42.680</ele><time>2026-06-02T00:02:41Z</time><sat>17</sat></trkpt>
  <trkpt lat="30.26980096" lon="120.12068632"><ele>41.330</ele><time>2026-06-02T00:02:44Z</time><sat>16</sat></trkpt>
  <trkpt lat="30.26981128" lon="120.12069755"><ele>40.797</ele><time>2026-06-02T00:02:47Z</time><sat>14</sat></trkpt>
  <trkpt lat="30.26983122" lon="120.12069465"><ele>39.291</ele><time>2026-06-02T00:02:50Z</time><sat>15</sat></trkpt>
  <trkpt lat="30.26982121" lon="120.12069093"><ele>39.175</ele><time>2026-06-02T00:02:53Z</time><sat>18</sat></trkpt>
  <trkpt lat="30.26982652" lon="120.12069422"><ele>38.687</ele><time>2026-06-02T00:02:56Z</time><sat>15</sat></trkpt>
  <trkpt lat="30.26982166" lon="120.12068473"><ele>38.789</ele><time>2026-06-02T00:02:59Z</time><sat>14</sat></trkpt>
  <trkpt lat="30.26980133" lon="120.12067572"><ele>39.407</ele><time>2026-06-02T00:03:02Z</time><sat>14</sat></trkpt>
  <trkpt lat="30.26980499" lon="120.12066894"><ele>38.502</ele><time>2026-06-02T00:03:05Z</time><sat>16</sat></trkpt>
  <trkpt lat="30.26979080" lon="120.12065080"><ele>37.808</ele><time>2026-06-02T00:03:08Z</time><sat>16</sat></trkpt>
  <trkpt lat="30.26978816" lon="120.12065049"><ele>37.980</ele><time>2026-06-02T00:03:11Z</time><sat>14</sat></trkpt>
  <trkpt lat="30.26975885" lon="120.12064644"><ele>39.427</ele><time>2026-06-02T00:03:14Z</time><sat>14</sat></trkpt>
  <trkpt lat="30.26975972" lon="120.12064541"><ele>39.296</ele><time>2026-06-02T00:03:17Z</time><sat>17</sat></trkpt>
  <trkpt lat="30.26984953" lon="120.12064123"><ele>34.545</ele><time>2026-06-02T00:03:20Z</time><sat>18</sat></trkpt>
  <trkpt lat="30.26987704" lon="120.12063897"><ele>33.176</ele><time>2026-06-02T00:03:23Z</time><sat>11</sat></trkpt>
  <trkpt lat="30.26987302" lon="120.12063730"><ele>33.418</ele><time>2026-06-02T00:03:26Z</time><sat>11</sat></trkpt>
  <trkpt lat="30.26988096" lon="120.12063461"><ele>32.817</ele><time>2026-06-02T00:03:29Z</time><sat>15</sat></trkpt>
  <trkpt lat="30.26988718" lon="120.12063443"><ele>32.559</ele><time>2026-06-02T00:03:32Z</time><sat>17</sat></trkpt>
  <trkpt lat="30.26989046" lon="120.12062937"><ele>31.844</ele><time>2026-06-02T00:03:35Z</time><sat>12</sat></trkpt>
  <trkpt lat="30.26989233" lon="120.12063018"><ele>31.923</ele><time>2026-06-02T00:03:38Z</time><sat>10</sat></trkpt>
  <trkpt lat="30.26989238" lon="120.12063054"><ele>32.034</ele><time>2026-06-02T00:03:41Z</time><sat>14</sat></trkpt>
  <trkpt lat="30.26989423" lon="120.12063038"><ele>31.969</ele><time>2026-06-02T00:03:44Z</time><sat>15</sat></trkpt>
  <trkpt lat="30.26989478" lon="120.12063125"><ele>32.088</ele><time>2026-06-02T00:03:47Z</time><sat>10</sat></trkpt>
  <trkpt lat="30.26989686" lon="120.12063185"><ele>31.964</ele><time>2026-06-02T00:03:50Z</time><sat>10</sat></trkpt>
  <trkpt lat="30.26989697" lon="120.12063223"><ele>32.068</ele><time>2026-06-02T00:03:53Z</time><sat>12</sat></trkpt>
  <trkpt lat="30.26989746" lon="120.12063224"><ele>32.027</ele><time>2026-06-02T00:03:56Z</time><sat>11</sat></trkpt>
  <trkpt lat="30.26989743" lon="120.12063213"><ele>32.085</ele><time>2026-06-02T00:03:59Z</time><sat>10</sat></trkpt>
  <trkpt lat="30.26989902" lon="120.12063269"><ele>32.282</ele><time>2026-06-02T00:04:02Z</time><sat>11</sat></trkpt>
  <trkpt lat="30.26989937" lon="120.12063405"><ele>32.458</ele><time>2026-06-02T00:04:05Z</time><sat>13</sat></trkpt>
  <trkpt lat="30.26989946" lon="120.12063444"><ele>32.526</ele><time>2026-06-02T00:04:08Z</time><sat>13</sat></trkpt>
  <trkpt lat="30.26989344" lon="120.12063055"><ele>33.110</ele><time>2026-06-02T00:04:11Z</time><sat>11</sat></trkpt>
  <trkpt lat="30.26988938" lon="120.12062837"><ele>33.533</ele><time>2026-06-02T00:04:14Z</time><sat>13</sat></trkpt>
  <trkpt lat="30.26987070" lon="120.12062116"><ele>35.498</ele><time>2026-06-02T00:04:17Z</time><sat>16</sat></trkpt>
  <trkpt lat="30.26987079" lon="120.12062458"><ele>35.924</ele><time>2026-06-02T00:04:20Z</time><sat>16</sat></trkpt>
  <trkpt lat="30.26986948" lon="120.12062395"><ele>35.695</ele><time>2026-06-02T00:04:23Z</time><sat>16</sat></trkpt>
  <trkpt lat="30.26986848" lon="120.12062425"><ele>35.621</ele><time>2026-06-02T00:04:26Z</time><sat>18</sat></trkpt>
  <trkpt lat="30.26986763" lon="120.12062239"><ele>35.509</ele><time>2026-06-02T00:04:29Z</time><sat>19</sat></trkpt>
  <trkpt lat="30.26986391" lon="120.12062307"><ele>35.764</ele><time>2026-06-02T00:04:32Z</time><sat>18</sat></trkpt>
  <trkpt lat="30.26986417" lon="120.12062416"><ele>35.879</ele><time>2026-06-02T00:04:35Z</time><sat>16</sat></trkpt>
  <trkpt lat="30.26986186" lon="120.12062271"><ele>36.079</ele><time>2026-06-02T00:04:38Z</time><sat>15</sat></trkpt>
  <trkpt lat="30.26986157" lon="120.12062484"><ele>36.223</ele><time>2026-06-02T00:04:41Z</time><sat>15</sat></trkpt>
  <trkpt lat="30.26986129" lon="120.12062467"><ele>36.271</ele><time>2026-06-02T00:04:44Z</time><sat>20</sat></trkpt>
  <trkpt lat="30.26985763" lon="120.12062295"><ele>36.654</ele><time>2026-06-02T00:04:47Z</time><sat>17</sat></trkpt>
  <trkpt lat="30.26984971" lon="120.12061916"><ele>37.385</ele><time>2026-06-02T00:04:50Z</time><sat>14</sat></trkpt>
  <trkpt lat="30.26983823" lon="120.12061172"><ele>38.422</ele><time>2026-06-02T00:04:53Z</time><sat>15</sat></trkpt>
  <trkpt lat="30.26982509" lon="120.12060319"><ele>39.448</ele><time>2026-06-02T00:04:56Z</time><sat>19</sat></trkpt>
  <trkpt lat="30.26981369" lon="120.12060086"><ele>40.437</ele><time>2026-06-02T00:04:59Z</time><sat>19</sat></trkpt>
  <trkpt lat="30.26982102" lon="120.12060007"><ele>39.295</ele><time>2026-06-02T00:05:02Z</time><sat>13</sat></trkpt>
  <trkpt lat="30.26981685" lon="120.12059945"><ele>39.688</ele><time>2026-06-02T00:05:05Z</time><sat>13</sat></trkpt>
  <trkpt lat="30.26981535" lon="120.12059866"><ele>39.825</ele><time>2026-06-02T00:05:08Z</time><sat>16</sat></trkpt>
  <trkpt lat="30.26981415" lon="120.12059794"><ele>39.917</ele><time>2026-06-02T00:05:11Z</time><sat>17</sat></trkpt>
  <trkpt lat="30.26981310" lon="120.12059730"><ele>40.016</ele><time>2026-06-02T00:05:14Z</time><sat>12</sat></trkpt>
  <trkpt lat="30.26980972" lon="120.12059907"><ele>40.448</ele><time>2026-06-02T00:05:17Z</time><sat>12</sat></trkpt>
  <trkpt lat="30.26980874" lon="120.12059856"><ele>40.538</ele><time>2026-06-02T00:05:20Z</time><sat>13</sat></trkpt>
  <trkpt lat="30.26980818" lon="120.12059828"><ele>40.583</ele><time>2026-06-02T00:05:23Z</time><sat>15</sat></trkpt>
  <trkpt lat="30.26980780" lon="120.12059808"><ele>40.607</ele><time>2026-06-02T00:05:26Z</time><sat>14</sat></trkpt>
  <trkpt lat="30.26980506" lon="120.12060024"><ele>40.996</ele><time>2026-06-02T00:05:29Z</time><sat>13</sat></trkpt>
  <trkpt lat="30.26980372" lon="120.12059985"><ele>41.060</ele><time>2026-06-02T00:05:32Z</time><sat>15</sat></trkpt>
  <trkpt lat="30.26980321" lon="120.12059970"><ele>41.115</ele><time>2026-06-02T00:05:35Z</time><sat>16</sat></trkpt>
  <trkpt lat="30.26980283" lon="120.12059952"><ele>41.147</ele><time>2026-06-02T00:05:38Z</time><sat>12</sat></trkpt>
  <trkpt lat="30.26980230" lon="120.12059926"><ele>41.195</ele><time>2026-06-02T00:05:41Z</time><sat>12</sat></trkpt>
  <trkpt lat="30.26980306" lon="120.12059989"><ele>41.074</ele><time>2026-06-02T00:05:44Z</time><sat>13</sat></trkpt>
  <trkpt lat="30.26980322" lon="120.12059984"><ele>41.007</ele><time>2026-06-02T00:05:47Z</time><sat>14</sat></trkpt>
  <trkpt lat="30.26980323" lon="120.12059990"><ele>41.003</ele><time>2026-06-02T00:05:50Z</time><sat>12</sat></trkpt>
  <trkpt lat="30.26980352" lon="120.12059990"><ele>40.920</ele><time>2026-06-02T00:05:53Z</time><sat>12</sat></trkpt>
  <trkpt lat="30.26980362" lon="120.12059991"><ele>40.884</ele><time>2026-06-02T00:05:56Z</time><sat>13</sat></trkpt>
  <trkpt lat="30.26980422" lon="120.12059995"><ele>40.700</ele><time>2026-06-02T00:05:59Z</time><sat>15</sat></trkpt>
  <trkpt lat="30.26980442" lon="120.12059990"><ele>40.634</ele><time>2026-06-02T00:06:02Z</time><sat>12</sat></trkpt>
  <trkpt lat="30.26980434" lon="120.12059990"><ele>40.645</ele><time>2026-06-02T00:06:05Z</time><sat>9</sat></trkpt>
  <trkpt lat="30.26980429" lon="120.12059995"><ele>40.657</ele><time>2026-06-02T00:06:08Z</time><sat>11</sat></trkpt>
  <trkpt lat="30.26980427" lon="120.12060000"><ele>40.662</ele><time>2026-06-02T00:06:11Z</time><sat>14</sat></trkpt>
  <trkpt lat="30.26980428" lon="120.12060002"><ele>40.670</ele><time>2026-06-02T00:06:14Z</time><sat>13</sat></trkpt>
  <trkpt lat="30.26980422" lon="120.12060004"><ele>40.693</ele><time>2026-06-02T00:06:17Z</time><sat>12</sat></trkpt>
  <trkpt lat="30.26980410" lon="120.12060009"><ele>40.715</ele><time>2026-06-02T00:06:20Z</time><sat>11</sat></trkpt>
  <trkpt lat="30.26980443" lon="120.12060023"><ele>40.821</ele><time>2026-06-02T00:06:23Z</time><sat>13</sat></trkpt>
  <trkpt lat="30.26980168" lon="120.12060203"><ele>41.175</ele><time>2026-06-02T00:06:26Z</time><sat>14</sat></trkpt>
  <trkpt lat="30.26980213" lon="120.12060192"><ele>41.015</ele><time>2026-06-02T00:06:29Z</time><sat>13</sat></trkpt>
  <trkpt lat="30.26980246" lon="120.12060193"><ele>40.916</ele><time>2026-06-02T00:06:32Z</time><sat>12</sat></trkpt>
  <trkpt lat="30.26980213" lon="120.12060194"><ele>40.959</ele><time>2026-06-02T00:06:35Z</time><sat>12</sat></trkpt>
  <trkpt lat="30.26980139" lon="120.12060200"><ele>40.921</ele><time>2026-06-02T00:06:38Z</time><sat>13</sat></trkpt>
  <trkpt lat="30.26980068" lon="120.12060164"><ele>40.889</ele><time>2026-06-02T00:06:41Z</time><sat>13</sat></trkpt>
  <trkpt lat="30.26980052" lon="120.12060159"><ele>40.951</ele><time>2026-06-02T00:06:44Z</time><sat>13</sat></trkpt>
  <trkpt lat="30.26980039" lon="120.12060158"><ele>40.986</ele><time>2026-06-02T00:06:47Z</time><sat>14</sat></trkpt>
  <trkpt lat="30.26980041" lon="120.12060131"><ele>40.844</ele><time>2026-06-02T00:06:50Z</time><sat>12</sat></trkpt>
  <trkpt lat="30.26979993" lon="120.12060153"><ele>40.818</ele><time>2026-06-02T00:06:53Z</time><sat>13</sat></trkpt>
  <trkpt lat="30.26980004" lon="120.12060151"><ele>40.774</ele><time>2026-06-02T00:06:56Z</time><sat>16</sat></trkpt>
  <trkpt lat="30.26980007" lon="120.12060183"><ele>40.832</ele><time>2026-06-02T00:06:59Z</time><sat>14</sat></trkpt>
  <trkpt lat="30.26979981" lon="120.12060211"><ele>40.882</ele><time>2026-06-02T00:07:02Z</time><sat>12</sat></trkpt>
  <trkpt lat="30.26979912" lon="120.12060162"><ele>40.809</ele><time>2026-06-02T00:07:05Z</time><sat>17</sat></trkpt>
  <trkpt lat="30.26979931" lon="120.12060147"><ele>40.740</ele><time>2026-06-02T00:07:08Z</time><sat>17</sat></trkpt>
  <trkpt lat="30.26979921" lon="120.12060143"><ele>40.745</ele><time>2026-06-02T00:07:11Z</time><sat>15</sat></trkpt>
  <trkpt lat="30.26979922" lon="120.12060141"><ele>40.762</ele><time>2026-06-02T00:07:14Z</time><sat>11</sat></trkpt>
  <trkpt lat="30.26979938" lon="120.12060154"><ele>40.742</ele><time>2026-06-02T00:07:17Z</time><sat>11</sat></trkpt>
  <trkpt lat="30.26980020" lon="120.12060275"><ele>40.704</ele><time>2026-06-02T00:07:20Z</time><sat>17</sat></trkpt>
  <trkpt lat="30.26980115" lon="120.12060409"><ele>40.676</ele><time>2026-06-02T00:07:23Z</time><sat>17</sat></trkpt>
  <trkpt lat="30.26980211" lon="120.12060471"><ele>40.672</ele><time>2026-06-02T00:07:26Z</time><sat>14</sat></trkpt>
  <trkpt lat="30.26980146" lon="120.12060460"><ele>40.677</ele><time>2026-06-02T00:07:29Z</time><sat>14</sat></trkpt>
  <trkpt lat="30.26980171" lon="120.12060460"><ele>40.611</ele><time>2026-06-02T00:07:32Z</time><sat>15</sat></trkpt>
  <trkpt lat="30.26980290" lon="120.12060456"><ele>40.284</ele><time>2026-06-02T00:07:35Z</time><sat>14</sat></trkpt>
  <trkpt lat="30.26980327" lon="120.12060450"><ele>40.059</ele><time>2026-06-02T00:07:38Z</time><sat>14</sat></trkpt>
  <trkpt lat="30.26980355" lon="120.12060442"><ele>39.955</ele><time>2026-06-02T00:07:41Z</time><sat>16</sat></trkpt>
  <trkpt lat="30.26980335" lon="120.12060383"><ele>39.862</ele><time>2026-06-02T00:07:44Z</time><sat>15</sat></trkpt>
  <trkpt lat="30.26980729" lon="120.12060086"><ele>39.365</ele><time>2026-06-02T00:07:47Z</time><sat>15</sat></trkpt>
  <trkpt lat="30.26980616" lon="120.12060064"><ele>39.377</ele><time>2026-06-02T00:07:50Z</time><sat>18</sat></trkpt>
  <trkpt lat="30.26980656" lon="120.12060060"><ele>39.270</ele><time>2026-06-02T00:07:53Z</time><sat>18</sat></trkpt>
  <trkpt lat="30.26980634" lon="120.12060046"><ele>39.299</ele><time>2026-06-02T00:07:56Z</time><sat>14</sat></trkpt>
  <trkpt lat="30.26980662" lon="120.12059991"><ele>39.210</ele><time>2026-06-02T00:07:59Z</time><sat>12</sat></trkpt>
  <trkpt lat="30.26980665" lon="120.12059981"><ele>39.207</ele><time>2026-06-02T00:08:02Z</time><sat>16</sat></trkpt>
  <trkpt lat="30.26980664" lon="120.12059981"><ele>39.204</ele><time>2026-06-02T00:08:05Z</time><sat>17</sat></trkpt>
  <trkpt lat="30.26980666" lon="120.12059973"><ele>39.205</ele><time>2026-06-02T00:08:08Z</time><sat>13</sat></trkpt>
  <trkpt lat="30.26980598" lon="120.12059982"><ele>39.261</ele><time>2026-06-02T00:08:11Z</time><sat>13</sat></trkpt>
  <trkpt lat="30.26980606" lon="120.12059974"><ele>39.243</ele><time>2026-06-02T00:08:14Z</time><sat>15</sat></trkpt>
  <trkpt lat="30.26980570" lon="120.12059958"><ele>39.272</ele><time>2026-06-02T00:08:17Z</time><sat>13</sat></trkpt>
  <trkpt lat="30.26980568" lon="120.12059967"><ele>39.284</ele><time>2026-06-02T00:08:20Z</time><sat>13</sat></trkpt>
  <trkpt lat="30.26980578" lon="120.12059948"><ele>39.274</ele><time>2026-06-02T00:08:23Z</time><sat>14</sat></trkpt>
  <trkpt lat="30.26980545" lon="120.12059988"><ele>39.372</ele><time>2026-06-02T00:08:26Z</time><sat>12</sat></trkpt>
  <trkpt lat="30.26980516" lon="120.12059969"><ele>39.363</ele><time>2026-06-02T00:08:29Z</time><sat>12</sat></trkpt>
  <trkpt lat="30.26980522" lon="120.12059970"><ele>39.350</ele><time>2026-06-02T00:08:32Z</time><sat>14</sat></trkpt>
  <trkpt lat="30.26980505" lon="120.12059962"><ele>39.402</ele><time>2026-06-02T00:08:35Z</time><sat>14</sat></trkpt>
  <trkpt lat="30.26980493" lon="120.12059972"><ele>39.438</ele><time>2026-06-02T00:08:38Z</time><sat>11</sat></trkpt>
  <trkpt lat="30.26980480" lon="120.12059998"><ele>39.481</ele><time>2026-06-02T00:08:41Z</time><sat>13</sat></trkpt>
  <trkpt lat="30.26980469" lon="120.12060026"><ele>39.548</ele><time>2026-06-02T00:08:44Z</time><sat>14</sat></trkpt>
  <trkpt lat="30.26980456" lon="120.12060049"><ele>39.565</ele><time>2026-06-02T00:08:47Z</time><sat>15</sat></trkpt>
  <trkpt lat="30.26980454" lon="120.12060028"><ele>39.585</ele><time>2026-06-02T00:08:50Z</time><sat>16</sat></trkpt>
  <trkpt lat="30.26980452" lon="120.12060031"><ele>39.595</ele><time>2026-06-02T00:08:53Z</time><sat>14</sat></trkpt>
  <trkpt lat="30.26980474" lon="120.12060027"><ele>39.529</ele><time>2026-06-02T00:08:56Z</time><sat>14</sat></trkpt>
  <trkpt lat="30.26980487" lon="120.12060032"><ele>39.493</ele><time>2026-06-02T00:08:59Z</time><sat>14</sat></trkpt>
  <trkpt lat="30.26980430" lon="120.12060042"><ele>39.594</ele><time>2026-06-02T00:09:02Z</time><sat>13</sat></trkpt>
  <trkpt lat="30.26980458" lon="120.12060058"><ele>39.508</ele><time>2026-06-02T00:09:05Z</time><sat>14</sat></trkpt>
  <trkpt lat="30.26980465" lon="120.12060097"><ele>39.470</ele><time>2026-06-02T00:09:08Z</time><sat>13</sat></trkpt>
  <trkpt lat="30.26980457" lon="120.12060094"><ele>39.496</ele><time>2026-06-02T00:09:11Z</time><sat>12</sat></trkpt>
  <trkpt lat="30.26980528" lon="120.12060069"><ele>39.506</ele><time>2026-06-02T00:09:14Z</time><sat>14</sat></trkpt>
  <trkpt lat="30.26980523" lon="120.12060070"><ele>39.516</ele><time>2026-06-02T00:09:17Z</time><sat>14</sat></trkpt>
  <trkpt lat="30.26980527" lon="120.12060064"><ele>39.498</ele><time>2026-06-02T00:09:20Z</time><sat>15</sat></trkpt>
  <trkpt lat="30.26980532" lon="120.12060079"><ele>39.483</ele><time>2026-06-02T00:09:23Z</time><sat>14</sat></trkpt>
  <trkpt lat="30.26980551" lon="120.12060115"><ele>39.494</ele><time>2026-06-02T00:09:26Z</time><sat>14</sat></trkpt>
  <trkpt lat="30.26980545" lon="120.12060134"><ele>39.505</ele><time>2026-06-02T00:09:29Z</time><sat>13</sat></trkpt>
  <trkpt lat="30.26980565" lon="120.12060176"><ele>39.435</ele><time>2026-06-02T00:09:32Z</time><sat>14</sat></trkpt>
  <trkpt lat="30.26980578" lon="120.12060211"><ele>39.388</ele><time>2026-06-02T00:09:35Z</time><sat>13</sat></trkpt>
  <trkpt lat="30.26980563" lon="120.12060230"><ele>39.433</ele><time>2026-06-02T00:09:38Z</time><sat>14</sat></trkpt>
  <trkpt lat="30.26980565" lon="120.12060230"><ele>39.402</ele><time>2026-06-02T00:09:41Z</time><sat>14</sat></trkpt>
  <trkpt lat="30.26980554" lon="120.12060229"><ele>39.418</ele><time>2026-06-02T00:09:44Z</time><sat>12</sat></trkpt>
  <trkpt lat="30.26980559" lon="120.12060240"><ele>39.400</ele><time>2026-06-02T00:09:47Z</time><sat>14</sat></trkpt>
  <trkpt lat="30.26980566" lon="120.12060282"><ele>39.397</ele><time>2026-06-02T00:09:50Z</time><sat>15</sat></trkpt>
  <trkpt lat="30.26980559" lon="120.12060310"><ele>39.420</ele><time>2026-06-02T00:09:53Z</time><sat>16</sat></trkpt>
  <trkpt lat="30.26980564" lon="120.12060344"><ele>39.399</ele><time>2026-06-02T00:09:56Z</time><sat>12</sat></trkpt>
  <trkpt lat="30.26980562" lon="120.12060356"><ele>39.402</ele><time>2026-06-02T00:09:59Z</time><sat>12</sat></trkpt>
  <trkpt lat="30.26980569" lon="120.12060347"><ele>39.392</ele><time>2026-06-02T00:10:02Z</time><sat>15</sat></trkpt>
  <trkpt lat="30.26980558" lon="120.12060348"><ele>39.417</ele><time>2026-06-02T00:10:05Z</time><sat>17</sat></trkpt>
  <trkpt lat="30.26980573" lon="120.12060347"><ele>39.356</ele><time>2026-06-02T00:10:08Z</time><sat>12</sat></trkpt>
  <trkpt lat="30.26980598" lon="120.12060367"><ele>39.275</ele><time>2026-06-02T00:10:11Z</time><sat>10</sat></trkpt>
  <trkpt lat="30.26980584" lon="120.12060369"><ele>39.323</ele><time>2026-06-02T00:10:14Z</time><sat>15</sat></trkpt>
  <trkpt lat="30.26980576" lon="120.12060371"><ele>39.342</ele><time>2026-06-02T00:10:17Z</time><sat>16</sat></trkpt>
  <trkpt lat="30.26980593" lon="120.12060371"><ele>39.275</ele><time>2026-06-02T00:10:20Z</time><sat>11</sat></trkpt>
  <trkpt lat="30.26980610" lon="120.12060377"><ele>39.219</ele><time>2026-06-02T00:10:23Z</time><sat>9</sat></trkpt>
  <trkpt lat="30.26980595" lon="120.12060403"><ele>39.258</ele><time>2026-06-02T00:10:26Z</time><sat>10</sat></trkpt>
  <trkpt lat="30.26980592" lon="120.12060412"><ele>39.270</ele><time>2026-06-02T00:10:29Z</time><sat>11</sat></trkpt>
  <trkpt lat="30.26980596" lon="120.12060411"><ele>39.249</ele><time>2026-06-02T00:10:32Z</time><sat>10</sat></trkpt>
  <trkpt lat="30.26980605" lon="120.12060432"><ele>39.215</ele><time>2026-06-02T00:10:35Z</time><sat>12</sat></trkpt>
  <trkpt lat="30.26980616" lon="120.12060450"><ele>39.169</ele><time>2026-06-02T00:10:38Z</time><sat>14</sat></trkpt>
  <trkpt lat="30.26980655" lon="120.12060532"><ele>39.194</ele><time>2026-06-02T00:10:41Z</time><sat>15</sat></trkpt>
  <trkpt lat="30.26980740" lon="120.12060531"><ele>39.097</ele><time>2026-06-02T00:10:44Z</time><sat>14</sat></trkpt>
  <trkpt lat="30.26980660" lon="120.12060578"><ele>39.111</ele><time>2026-06-02T00:10:47Z</time><sat>13</sat></trkpt>
  <trkpt lat="30.26980650" lon="120.12060590"><ele>39.122</ele><time>2026-06-02T00:10:50Z</time><sat>13</sat></trkpt>
  <trkpt lat="30.26980709" lon="120.12060725"><ele>39.163</ele><time>2026-06-02T00:10:53Z</time><sat>14</sat></trkpt>
  <trkpt lat="30.26980696" lon="120.12060720"><ele>39.172</ele><time>2026-06-02T00:10:56Z</time><sat>12</sat></trkpt>
  <trkpt lat="30.26980590" lon="120.12060766"><ele>39.290</ele><time>2026-06-02T00:10:59Z</time><sat>12</sat></trkpt>
  <trkpt lat="30.26980591" lon="120.12060786"><ele>39.281</ele><time>2026-06-02T00:11:02Z</time><sat>14</sat></trkpt>
  <trkpt lat="30.26980576" lon="120.12060804"><ele>39.318</ele><time>2026-06-02T00:11:05Z</time><sat>12</sat></trkpt>
  <trkpt lat="30.26980588" lon="120.12060824"><ele>39.293</ele><time>2026-06-02T00:11:08Z</time><sat>12</sat></trkpt>
  <trkpt lat="30.26980620" lon="120.12060818"><ele>39.232</ele><time>2026-06-02T00:11:11Z</time><sat>15</sat></trkpt>
  <trkpt lat="30.26980627" lon="120.12060825"><ele>39.215</ele><time>2026-06-02T00:11:14Z</time><sat>14</sat></trkpt>
  <trkpt lat="30.26980638" lon="120.12060846"><ele>39.199</ele><time>2026-06-02T00:11:17Z</time><sat>10</sat></trkpt>
  <trkpt lat="30.26980635" lon="120.12060847"><ele>39.208</ele><time>2026-06-02T00:11:20Z</time><sat>10</sat></trkpt>
  <trkpt lat="30.26980646" lon="120.12060845"><ele>39.180</ele><time>2026-06-02T00:11:23Z</time><sat>14</sat></trkpt>
  <trkpt lat="30.26980650" lon="120.12060847"><ele>39.170</ele><time>2026-06-02T00:11:26Z</time><sat>12</sat></trkpt>
  <trkpt lat="30.26980655" lon="120.12060848"><ele>39.162</ele><time>2026-06-02T00:11:29Z</time><sat>7</sat></trkpt>
  <trkpt lat="30.26980664" lon="120.12060870"><ele>39.145</ele><time>2026-06-02T00:11:32Z</time><sat>8</sat></trkpt>
  <trkpt lat="30.26980669" lon="120.12060871"><ele>39.140</ele><time>2026-06-02T00:11:35Z</time><sat>10</sat></trkpt>
  <trkpt lat="30.26980678" lon="120.12060866"><ele>39.127</ele><time>2026-06-02T00:11:38Z</time><sat>10</sat></trkpt>
  <trkpt lat="30.26980677" lon="120.12060875"><ele>39.138</ele><time>2026-06-02T00:11:41Z</time><sat>10</sat></trkpt>
  <trkpt lat="30.26980680" lon="120.12060887"><ele>39.143</ele><time>2026-06-02T00:11:44Z</time><sat>10</sat></trkpt>
  <trkpt lat="30.26980709" lon="120.12060870"><ele>39.062</ele><time>2026-06-02T00:11:47Z</time><sat>9</sat></trkpt>
  <trkpt lat="30.26980735" lon="120.12060865"><ele>38.998</ele><time>2026-06-02T00:11:50Z</time><sat>11</sat></trkpt>
  <trkpt lat="30.26980745" lon="120.12060867"><ele>38.977</ele><time>2026-06-02T00:11:53Z</time><sat>12</sat></trkpt>
  <trkpt lat="30.26980753" lon="120.12060874"><ele>38.952</ele><time>2026-06-02T00:11:56Z</time><sat>11</sat></trkpt>
  <trkpt lat="30.26980760" lon="120.12060883"><ele>38.939</ele><time>2026-06-02T00:11:59Z</time><sat>10</sat></trkpt>
  <trkpt lat="30.26980703" lon="120.12060766"><ele>38.922</ele><time>2026-06-02T00:12:02Z</time><sat>9</sat></trkpt>
  <trkpt lat="30.26980698" lon="120.12060774"><ele>38.927</ele><time>2026-06-02T00:12:05Z</time><sat>11</sat></trkpt>
  <trkpt lat="30.26980698" lon="120.12060783"><ele>38.935</ele><time>2026-06-02T00:12:08Z</time><sat>13</sat></trkpt>
  <trkpt lat="30.26980688" lon="120.12060791"><ele>38.961</ele><time>2026-06-02T00:12:11Z</time><sat>13</sat></trkpt>
  <trkpt lat="30.26980714" lon="120.12060797"><ele>38.920</ele><time>2026-06-02T00:12:14Z</time><sat>11</sat></trkpt>
  <trkpt lat="30.26980718" lon="120.12060799"><ele>38.911</ele><time>2026-06-02T00:12:17Z</time><sat>12</sat></trkpt>
  <trkpt lat="30.26980727" lon="120.12060821"><ele>38.898</ele><time>2026-06-02T00:12:20Z</time><sat>12</sat></trkpt>
  <trkpt lat="30.26980761" lon="120.12060798"><ele>38.873</ele><time>2026-06-02T00:12:23Z</time><sat>12</sat></trkpt>
  <trkpt lat="30.26980783" lon="120.12060806"><ele>38.815</ele><time>2026-06-02T00:12:26Z</time><sat>14</sat></trkpt>
  <trkpt lat="30.26980802" lon="120.12060818"><ele>38.765</ele><time>2026-06-02T00:12:29Z</time><sat>13</sat></trkpt>
  <trkpt lat="30.26980806" lon="120.12060820"><ele>38.762</ele><time>2026-06-02T00:12:32Z</time><sat>11</sat></trkpt>
  <trkpt lat="30.26980791" lon="120.12060828"><ele>38.773</ele><time>2026-06-02T00:12:35Z</time><sat>13</sat></trkpt>
  <trkpt lat="30.26980791" lon="120.12060824"><ele>38.775</ele><time>2026-06-02T00:12:38Z</time><sat>14</sat></trkpt>
  <trkpt lat="30.26980788" lon="120.12060837"><ele>38.784</ele><time>2026-06-02T00:12:41Z</time><sat>10</sat></trkpt>
  <trkpt lat="30.26980791" lon="120.12060874"><ele>38.792</ele><time>2026-06-02T00:12:44Z</time><sat>11</sat></trkpt>
  <trkpt lat="30.26980765" lon="120.12060897"><ele>38.806</ele><time>2026-06-02T00:12:47Z</time><sat>13</sat></trkpt>
  <trkpt lat="30.26980754" lon="120.12060952"><ele>38.834</ele><time>2026-06-02T00:12:50Z</time><sat>17</sat></trkpt>
  <trkpt lat="30.26980772" lon="120.12060966"><ele>38.796</ele><time>2026-06-02T00:12:53Z</time><sat>16</sat></trkpt>
  <trkpt lat="30.26980776" lon="120.12060979"><ele>38.785</ele><time>2026-06-02T00:12:56Z</time><sat>12</sat></trkpt>
  <trkpt lat="30.26980784" lon="120.12060981"><ele>38.769</ele><time>2026-06-02T00:12:59Z</time><sat>13</sat></trkpt>
  <trkpt lat="30.26980785" lon="120.12061003"><ele>38.776</ele><time>2026-06-02T00:13:02Z</time><sat>16</sat></trkpt>
  <trkpt lat="30.26980698" lon="120.12060803"><ele>38.733</ele><time>2026-06-02T00:13:05Z</time><sat>15</sat></trkpt>
  <trkpt lat="30.26980698" lon="120.12060801"><ele>38.729</ele><time>2026-06-02T00:13:08Z</time><sat>12</sat></trkpt>
  <trkpt lat="30.26980700" lon="120.12060800"><ele>38.733</ele><time>2026-06-02T00:13:11Z</time><sat>14</sat></trkpt>
  <trkpt lat="30.26980697" lon="120.12060825"><ele>38.736</ele><time>2026-06-02T00:13:14Z</time><sat>13</sat></trkpt>
  <trkpt lat="30.26980688" lon="120.12060807"><ele>38.733</ele><time>2026-06-02T00:13:17Z</time><sat>12</sat></trkpt>
  <trkpt lat="30.26980688" lon="120.12060807"><ele>38.728</ele><time>2026-06-02T00:13:20Z</time><sat>11</sat></trkpt>
  <trkpt lat="30.26980686" lon="120.12060827"><ele>38.743</ele><time>2026-06-02T00:13:23Z</time><sat>13</sat></trkpt>
  <trkpt lat="30.26980695" lon="120.12060891"><ele>38.742</ele><time>2026-06-02T00:13:26Z</time><sat>15</sat></trkpt>
  <trkpt lat="30.26980691" lon="120.12060879"><ele>38.735</ele><time>2026-06-02T00:13:29Z</time><sat>13</sat></trkpt>
  <trkpt lat="30.26980691" lon="120.12060870"><ele>38.727</ele><time>2026-06-02T00:13:32Z</time><sat>11</sat></trkpt>
  <trkpt lat="30.26980698" lon="120.12060922"><ele>38.725</ele><time>2026-06-02T00:13:35Z</time><sat>12</sat></trkpt>
  <trkpt lat="30.26980719" lon="120.12060925"><ele>38.659</ele><time>2026-06-02T00:13:38Z</time><sat>13</sat></trkpt>
  <trkpt lat="30.26980724" lon="120.12060923"><ele>38.637</ele><time>2026-06-02T00:13:41Z</time><sat>12</sat></trkpt>
  <trkpt lat="30.26980723" lon="120.12060920"><ele>38.638</ele><time>2026-06-02T00:13:44Z</time><sat>10</sat></trkpt>
  <trkpt lat="30.26980723" lon="120.12060952"><ele>38.651</ele><time>2026-06-02T00:13:47Z</time><sat>11</sat></trkpt>
  <trkpt lat="30.26980728" lon="120.12060953"><ele>38.638</ele><time>2026-06-02T00:13:50Z</time><sat>12</sat></trkpt>
  <trkpt lat="30.26980728" lon="120.12060950"><ele>38.640</ele><time>2026-06-02T00:13:53Z</time><sat>11</sat></trkpt>
  <trkpt lat="30.26980727" lon="120.12060949"><ele>38.642</ele><time>2026-06-02T00:13:56Z</time><sat>8</sat></trkpt>
  <trkpt lat="30.26980727" lon="120.12060949"><ele>38.639</ele><time>2026-06-02T00:13:59Z</time><sat>12</sat></trkpt>
  <trkpt lat="30.26980707" lon="120.12060932"><ele>38.613</ele><time>2026-06-02T00:14:02Z</time><sat>12</sat></trkpt>
  <trkpt lat="30.26980712" lon="120.12060935"><ele>38.622</ele><time>2026-06-02T00:14:05Z</time><sat>14</sat></trkpt>
  <trkpt lat="30.26980708" lon="120.12060939"><ele>38.630</ele><time>2026-06-02T00:14:08Z</time><sat>14</sat></trkpt>
  <trkpt lat="30.26980705" lon="120.12060943"><ele>38.633</ele><time>2026-06-02T00:14:11Z</time><sat>12</sat></trkpt>
  <trkpt lat="30.26980702" lon="120.12060940"><ele>38.628</ele><time>2026-06-02T00:14:14Z</time><sat>10</sat></trkpt>
  <trkpt lat="30.26980701" lon="120.12060943"><ele>38.627</ele><time>2026-06-02T00:14:17Z</time><sat>14</sat></trkpt>
  <trkpt lat="30.26980712" lon="120.12060948"><ele>38.583</ele><time>2026-06-02T00:14:20Z</time><sat>15</sat></trkpt>
  <trkpt lat="30.26980712" lon="120.12060954"><ele>38.577</ele><time>2026-06-02T00:14:23Z</time><sat>14</sat></trkpt>
  <trkpt lat="30.26980717" lon="120.12060947"><ele>38.549</ele><time>2026-06-02T00:14:26Z</time><sat>12</sat></trkpt>
  <trkpt lat="30.26980744" lon="120.12060944"><ele>38.502</ele><time>2026-06-02T00:14:29Z</time><sat>12</sat></trkpt>
  <trkpt lat="30.26980736" lon="120.12060956"><ele>38.515</ele><time>2026-06-02T00:14:32Z</time><sat>16</sat></trkpt>
  <trkpt lat="30.26980736" lon="120.12060966"><ele>38.517</ele><time>2026-06-02T00:14:35Z</time><sat>15</sat></trkpt>
  <trkpt lat="30.26980762" lon="120.12060956"><ele>38.492</ele><time>2026-06-02T00:14:38Z</time><sat>12</sat></trkpt>
  <trkpt lat="30.26980754" lon="120.12060965"><ele>38.499</ele><time>2026-06-02T00:14:41Z</time><sat>15</sat></trkpt>
  <trkpt lat="30.26980741" lon="120.12060961"><ele>38.536</ele><time>2026-06-02T00:14:44Z</time><sat>17</sat></trkpt>
  <trkpt lat="30.26980750" lon="120.12060960"><ele>38.514</ele><time>2026-06-02T00:14:47Z</time><sat>14</sat></trkpt>
  <trkpt lat="30.26980753" lon="120.12060973"><ele>38.493</ele><time>2026-06-02T00:14:50Z</time><sat>12</sat></trkpt>
  <trkpt lat="30.26980745" lon="120.12060972"><ele>38.512</ele><time>2026-06-02T00:14:53Z</time><sat>15</sat></trkpt>
  <trkpt lat="30.26980746" lon="120.12060986"><ele>38.500</ele><time>2026-06-02T00:14:56Z</time><sat>16</sat></trkpt>
  <trkpt lat="30.26980746" lon="120.12061000"><ele>38.494</ele><time>2026-06-02T00:14:59Z</time><sat>14</sat></trkpt>
  <trkpt lat="30.26980760" lon="120.12060988"><ele>38.467</ele><time>2026-06-02T00:15:02Z</time><sat>10</sat></trkpt>
  <trkpt lat="30.26980739" lon="120.12060979"><ele>38.501</ele><time>2026-06-02T00:15:05Z</time><sat>14</sat></trkpt>
  <trkpt lat="30.26980740" lon="120.12060979"><ele>38.502</ele><time>2026-06-02T00:15:08Z</time><sat>15</sat></trkpt>
  <trkpt lat="30.26980741" lon="120.12060975"><ele>38.503</ele><time>2026-06-02T00:15:11Z</time><sat>11</sat></trkpt>
  <trkpt lat="30.26980736" lon="120.12060974"><ele>38.504</ele><time>2026-06-02T00:15:14Z</time><sat>12</sat></trkpt>
  <trkpt lat="30.26980729" lon="120.12060971"><ele>38.519</ele><time>2026-06-02T00:15:17Z</time><sat>14</sat></trkpt>
  <trkpt lat="30.26980729" lon="120.12060965"><ele>38.516</ele><time>2026-06-02T00:15:20Z</time><sat>12</sat></trkpt>
  <trkpt lat="30.26980924" lon="120.12060879"><ele>38.421</ele><time>2026-06-02T00:15:23Z</time><sat>10</sat></trkpt>
  <trkpt lat="30.26980875" lon="120.12060920"><ele>38.387</ele><time>2026-06-02T00:15:26Z</time><sat>10</sat></trkpt>
  <trkpt lat="30.26980782" lon="120.12060983"><ele>38.331</ele><time>2026-06-02T00:15:29Z</time><sat>12</sat></trkpt>
  <trkpt lat="30.26980786" lon="120.12060973"><ele>38.319</ele><time>2026-06-02T00:15:32Z</time><sat>11</sat></trkpt>
  <trkpt lat="30.26980782" lon="120.12060974"><ele>38.320</ele><time>2026-06-02T00:15:35Z</time><sat>11</sat></trkpt>
  <trkpt lat="30.26980761" lon="120.12060980"><ele>38.367</ele><time>2026-06-02T00:15:38Z</time><sat>8</sat></trkpt>
  <trkpt lat="30.26980769" lon="120.12060965"><ele>38.392</ele><time>2026-06-02T00:15:41Z</time><sat>8</sat></trkpt>
  <trkpt lat="30.26980766" lon="120.12060961"><ele>38.401</ele><time>2026-06-02T00:15:44Z</time><sat>11</sat></trkpt>
  <trkpt lat="30.26980768" lon="120.12060943"><ele>38.379</ele><time>2026-06-02T00:15:47Z</time><sat>11</sat></trkpt>
  <trkpt lat="30.26980764" lon="120.12060953"><ele>38.379</ele><time>2026-06-02T00:15:50Z</time><sat>8</sat></trkpt>
  <trkpt lat="30.26980809" lon="120.12060926"><ele>38.403</ele><time>2026-06-02T00:15:53Z</time><sat>10</sat></trkpt>
  <trkpt lat="30.26980768" lon="120.12060841"><ele>38.414</ele><time>2026-06-02T00:15:56Z</time><sat>12</sat></trkpt>
  <trkpt lat="30.26980767" lon="120.12060836"><ele>38.400</ele><time>2026-06-02T00:15:59Z</time><sat>11</sat></trkpt>
  <trkpt lat="30.26980769" lon="120.12060835"><ele>38.386</ele><time>2026-06-02T00:16:02Z</time><sat>10</sat></trkpt>
  <trkpt lat="30.26980770" lon="120.12060826"><ele>38.382</ele><time>2026-06-02T00:16:05Z</time><sat>11</sat></trkpt>
  <trkpt lat="30.26980741" lon="120.12060767"><ele>38.372</ele><time>2026-06-02T00:16:08Z</time><sat>10</sat></trkpt>
  <trkpt lat="30.26980742" lon="120.12060743"><ele>38.354</ele><time>2026-06-02T00:16:11Z</time><sat>12</sat></trkpt>
  <trkpt lat="30.26980743" lon="120.12060728"><ele>38.344</ele><time>2026-06-02T00:16:14Z</time><sat>13</sat></trkpt>
  <trkpt lat="30.26980743" lon="120.12060724"><ele>38.342</ele><time>2026-06-02T00:16:17Z</time><sat>11</sat></trkpt>
  <trkpt lat="30.26980725" lon="120.12060740"><ele>38.348</ele><time>2026-06-02T00:16:20Z</time><sat>11</sat></trkpt>
  <trkpt lat="30.26980720" lon="120.12060722"><ele>38.331</ele><time>2026-06-02T00:16:23Z</time><sat>13</sat></trkpt>
  <trkpt lat="30.26980722" lon="120.12060716"><ele>38.320</ele><time>2026-06-02T00:16:26Z</time><sat>15</sat></trkpt>
  <trkpt lat="30.26980725" lon="120.12060704"><ele>38.307</ele><time>2026-06-02T00:16:29Z</time><sat>12</sat></trkpt>
  <trkpt lat="30.26980720" lon="120.12060692"><ele>38.294</ele><time>2026-06-02T00:16:32Z</time><sat>11</sat></trkpt>
  <trkpt lat="30.26980725" lon="120.12060668"><ele>38.276</ele><time>2026-06-02T00:16:35Z</time><sat>14</sat></trkpt>
  <trkpt lat="30.26980717" lon="120.12060646"><ele>38.290</ele><time>2026-06-02T00:16:38Z</time><sat>13</sat></trkpt>
  <trkpt lat="30.26980724" lon="120.12060638"><ele>38.268</ele><time>2026-06-02T00:16:41Z</time><sat>15</sat></trkpt>
  <trkpt lat="30.26980725" lon="120.12060640"><ele>38.265</ele><time>2026-06-02T00:16:44Z</time><sat>14</sat></trkpt>
  <trkpt lat="30.26980723" lon="120.12060642"><ele>38.270</ele><time>2026-06-02T00:16:47Z</time><sat>12</sat></trkpt>
  <trkpt lat="30.26980735" lon="120.12060619"><ele>38.240</ele><time>2026-06-02T00:16:50Z</time><sat>15</sat></trkpt>
  <trkpt lat="30.26980749" lon="120.12060597"><ele>38.192</ele><time>2026-06-02T00:16:53Z</time><sat>15</sat></trkpt>
  <trkpt lat="30.26980722" lon="120.12060581"><ele>38.200</ele><time>2026-06-02T00:16:56Z</time><sat>14</sat></trkpt>
  <trkpt lat="30.26980731" lon="120.12060567"><ele>38.184</ele><time>2026-06-02T00:16:59Z</time><sat>12</sat></trkpt>
  <trkpt lat="30.26980756" lon="120.12060559"><ele>38.106</ele><time>2026-06-02T00:17:02Z</time><sat>14</sat></trkpt>
  <trkpt lat="30.26980760" lon="120.12060555"><ele>38.089</ele><time>2026-06-02T00:17:05Z</time><sat>15</sat></trkpt>
  <trkpt lat="30.26980759" lon="120.12060546"><ele>38.077</ele><time>2026-06-02T00:17:08Z</time><sat>14</sat></trkpt>
  <trkpt lat="30.26980769" lon="120.12060528"><ele>38.058</ele><time>2026-06-02T00:17:11Z</time><sat>13</sat></trkpt>
  <trkpt lat="30.26980774" lon="120.12060518"><ele>38.048</ele><time>2026-06-02T00:17:14Z</time><sat>14</sat></trkpt>
  <trkpt lat="30.26980775" lon="120.12060515"><ele>38.045</ele><time>2026-06-02T00:17:17Z</time><sat>16</sat></trkpt>
  <trkpt lat="30.26980772" lon="120.12060522"><ele>38.051</ele><time>2026-06-02T00:17:20Z</time><sat>15</sat></trkpt>
  <trkpt lat="30.26980771" lon="120.12060520"><ele>38.049</ele><time>2026-06-02T00:17:23Z</time><sat>16</sat></trkpt>
  <trkpt lat="30.26980774" lon="120.12060522"><ele>38.043</ele><time>2026-06-02T00:17:26Z</time><sat>16</sat></trkpt>
  <trkpt lat="30.26980785" lon="120.12060497"><ele>37.997</ele><time>2026-06-02T00:17:29Z</time><sat>16</sat></trkpt>
  <trkpt lat="30.26980790" lon="120.12060500"><ele>37.986</ele><time>2026-06-02T00:17:32Z</time><sat>18</sat></trkpt>
  <trkpt lat="30.26980788" lon="120.12060490"><ele>37.988</ele><time>2026-06-02T00:17:35Z</time><sat>17</sat></trkpt>
  <trkpt lat="30.26980789" lon="120.12060478"><ele>37.977</ele><time>2026-06-02T00:17:38Z</time><sat>15</sat></trkpt>
  <trkpt lat="30.26980787" lon="120.12060469"><ele>37.990</ele><time>2026-06-02T00:17:41Z</time><sat>14</sat></trkpt>
  <trkpt lat="30.26980780" lon="120.12060463"><ele>38.010</ele><time>2026-06-02T00:17:44Z</time><sat>15</sat></trkpt>
  <trkpt lat="30.26980786" lon="120.12060447"><ele>37.989</ele><time>2026-06-02T00:17:47Z</time><sat>13</sat></trkpt>
  <trkpt lat="30.26980781" lon="120.12060453"><ele>37.997</ele><time>2026-06-02T00:17:50Z</time><sat>12</sat></trkpt>
  <trkpt lat="30.26980784" lon="120.12060444"><ele>37.981</ele><time>2026-06-02T00:17:53Z</time><sat>14</sat></trkpt>
  <trkpt lat="30.26980782" lon="120.12060442"><ele>37.981</ele><time>2026-06-02T00:17:56Z</time><sat>16</sat></trkpt>
  <trkpt lat="30.26980795" lon="120.12060430"><ele>37.939</ele><time>2026-06-02T00:17:59Z</time><sat>14</sat></trkpt>
  <trkpt lat="30.26980797" lon="120.12060433"><ele>37.931</ele><time>2026-06-02T00:18:02Z</time><sat>12</sat></trkpt>
  <trkpt lat="30.26980790" lon="120.12060446"><ele>37.949</ele><time>2026-06-02T00:18:05Z</time><sat>14</sat></trkpt>
  <trkpt lat="30.26980806" lon="120.12060490"><ele>37.899</ele><time>2026-06-02T00:18:08Z</time><sat>14</sat></trkpt>
  <trkpt lat="30.26980810" lon="120.12060488"><ele>37.879</ele><time>2026-06-02T00:18:11Z</time><sat>11</sat></trkpt>
  <trkpt lat="30.26980809" lon="120.12060484"><ele>37.882</ele><time>2026-06-02T00:18:14Z</time><sat>13</sat></trkpt>
  <trkpt lat="30.26980806" lon="120.12060479"><ele>37.885</ele><time>2026-06-02T00:18:17Z</time><sat>14</sat></trkpt>
  <trkpt lat="30.26980799" lon="120.12060485"><ele>37.890</ele><time>2026-06-02T00:18:20Z</time><sat>13</sat></trkpt>
  <trkpt lat="30.26980802" lon="120.12060480"><ele>37.876</ele><time>2026-06-02T00:18:23Z</time><sat>12</sat></trkpt>
  <trkpt lat="30.26980809" lon="120.12060469"><ele>37.849</ele><time>2026-06-02T00:18:26Z</time><sat>13</sat></trkpt>
  <trkpt lat="30.26980810" lon="120.12060472"><ele>37.847</ele><time>2026-06-02T00:18:29Z</time><sat>14</sat></trkpt>
  <trkpt lat="30.26980811" lon="120.12060463"><ele>37.839</ele><time>2026-06-02T00:18:32Z</time><sat>13</sat></trkpt>
  <trkpt lat="30.26980811" lon="120.12060472"><ele>37.847</ele><time>2026-06-02T00:18:35Z</time><sat>11</sat></trkpt>
  <trkpt lat="30.26980810" lon="120.12060474"><ele>37.847</ele><time>2026-06-02T00:18:38Z</time><sat>12</sat></trkpt>
  <trkpt lat="30.26980803" lon="120.12060473"><ele>37.860</ele><time>2026-06-02T00:18:41Z</time><sat>13</sat></trkpt>
  <trkpt lat="30.26980802" lon="120.12060471"><ele>37.868</ele><time>2026-06-02T00:18:44Z</time><sat>16</sat></trkpt>
  <trkpt lat="30.26980806" lon="120.12060471"><ele>37.858</ele><time>2026-06-02T00:18:47Z</time><sat>17</sat></trkpt>
  <trkpt lat="30.26980811" lon="120.12060458"><ele>37.838</ele><time>2026-06-02T00:18:50Z</time><sat>14</sat></trkpt>
  <trkpt lat="30.26980804" lon="120.12060472"><ele>37.859</ele><time>2026-06-02T00:18:53Z</time><sat>11</sat></trkpt>
  <trkpt lat="30.26980809" lon="120.12060461"><ele>37.825</ele><time>2026-06-02T00:18:56Z</time><sat>16</sat></trkpt>
  <trkpt lat="30.26980819" lon="120.12060456"><ele>37.796</ele><time>2026-06-02T00:18:59Z</time><sat>17</sat></trkpt>
  <trkpt lat="30.26980827" lon="120.12060478"><ele>37.767</ele><time>2026-06-02T00:19:02Z</time><sat>15</sat></trkpt>
  <trkpt lat="30.26980840" lon="120.12060483"><ele>37.723</ele><time>2026-06-02T00:19:05Z</time><sat>14</sat></trkpt>
  <trkpt lat="30.26980841" lon="120.12060480"><ele>37.720</ele><time>2026-06-02T00:19:08Z</time><sat>14</sat></trkpt>
  <trkpt lat="30.26980835" lon="120.12060485"><ele>37.739</ele><time>2026-06-02T00:19:11Z</time><sat>12</sat></trkpt>
  <trkpt lat="30.26980840" lon="120.12060485"><ele>37.719</ele><time>2026-06-02T00:19:14Z</time><sat>10</sat></trkpt>
  <trkpt lat="30.26980836" lon="120.12060493"><ele>37.728</ele><time>2026-06-02T00:19:17Z</time><sat>13</sat></trkpt>
  <trkpt lat="30.26980835" lon="120.12060491"><ele>37.737</ele><time>2026-06-02T00:19:20Z</time><sat>14</sat></trkpt>
  <trkpt lat="30.26980826" lon="120.12060499"><ele>37.767</ele><time>2026-06-02T00:19:23Z</time><sat>12</sat></trkpt>
  <trkpt lat="30.26980818" lon="120.12060503"><ele>37.799</ele><time>2026-06-02T00:19:26Z</time><sat>12</sat></trkpt>
  <trkpt lat="30.26980810" lon="120.12060497"><ele>37.825</ele><time>2026-06-02T00:19:29Z</time><sat>14</sat></trkpt>
  <trkpt lat="30.26981804" lon="120.12060578"><ele>36.660</ele><time>2026-06-02T00:19:32Z</time><sat>15</sat></trkpt>
  <trkpt lat="30.26981796" lon="120.12060583"><ele>36.697</ele><time>2026-06-02T00:19:35Z</time><sat>12</sat></trkpt>
  <trkpt lat="30.26981794" lon="120.12060591"><ele>36.701</ele><time>2026-06-02T00:19:38Z</time><sat>11</sat></trkpt>
  <trkpt lat="30.26981793" lon="120.12060596"><ele>36.706</ele><time>2026-06-02T00:19:41Z</time><sat>13</sat></trkpt>
  <trkpt lat="30.26981787" lon="120.12060595"><ele>36.705</ele><time>2026-06-02T00:19:44Z</time><sat>12</sat></trkpt>
  <trkpt lat="30.26981769" lon="120.12060588"><ele>36.731</ele><time>2026-06-02T00:19:47Z</time><sat>11</sat></trkpt>
  <trkpt lat="30.26981769" lon="120.12060596"><ele>36.725</ele><time>2026-06-02T00:19:50Z</time><sat>10</sat></trkpt>
  <trkpt lat="30.26981758" lon="120.12060592"><ele>36.733</ele><time>2026-06-02T00:19:53Z</time><sat>15</sat></trkpt>
  <trkpt lat="30.26981762" lon="120.12060593"><ele>36.725</ele><time>2026-06-02T00:19:56Z</time><sat>15</sat></trkpt>
  <trkpt lat="30.26981757" lon="120.12060594"><ele>36.729</ele><time>2026-06-02T00:19:59Z</time><sat>11</sat></trkpt>
  <trkpt lat="30.26981751" lon="120.12060604"><ele>36.747</ele><time>2026-06-02T00:20:02Z</time><sat>13</sat></trkpt>
  <trkpt lat="30.26981751" lon="120.12060611"><ele>36.752</ele><time>2026-06-02T00:20:05Z</time><sat>16</sat></trkpt>
  <trkpt lat="30.26981748" lon="120.12060613"><ele>36.763</ele><time>2026-06-02T00:20:08Z</time><sat>13</sat></trkpt>
  <trkpt lat="30.26981755" lon="120.12060612"><ele>36.747</ele><time>2026-06-02T00:20:11Z</time><sat>12</sat></trkpt>
  <trkpt lat="30.26981760" lon="120.12060607"><ele>36.729</ele><time>2026-06-02T00:20:14Z</time><sat>10</sat></trkpt>
  <trkpt lat="30.26981760" lon="120.12060605"><ele>36.732</ele><time>2026-06-02T00:20:17Z</time><sat>14</sat></trkpt>
  <trkpt lat="30.26981753" lon="120.12060618"><ele>36.748</ele><time>2026-06-02T00:20:20Z</time><sat>13</sat></trkpt>
  <trkpt lat="30.26981744" lon="120.12060637"><ele>36.776</ele><time>2026-06-02T00:20:23Z</time><sat>10</sat></trkpt>
  <trkpt lat="30.26981741" lon="120.12060638"><ele>36.780</ele><time>2026-06-02T00:20:26Z</time><sat>12</sat></trkpt>
  <trkpt lat="30.26981734" lon="120.12060648"><ele>36.802</ele><time>2026-06-02T00:20:29Z</time><sat>13</sat></trkpt>
  <trkpt lat="30.26981732" lon="120.12060656"><ele>36.805</ele><time>2026-06-02T00:20:32Z</time><sat>10</sat></trkpt>
  <trkpt lat="30.26981731" lon="120.12060675"><ele>36.794</ele><time>2026-06-02T00:20:35Z</time><sat>10</sat></trkpt>
  <trkpt lat="30.26981727" lon="120.12060686"><ele>36.798</ele><time>2026-06-02T00:20:38Z</time><sat>13</sat></trkpt>
  <trkpt lat="30.26981718" lon="120.12060693"><ele>36.819</ele><time>2026-06-02T00:20:41Z</time><sat>16</sat></trkpt>
  <trkpt lat="30.26981713" lon="120.12060699"><ele>36.838</ele><time>2026-06-02T00:20:44Z</time><sat>12</sat></trkpt>
  <trkpt lat="30.26981712" lon="120.12060718"><ele>36.838</ele><time>2026-06-02T00:20:47Z</time><sat>8</sat></trkpt>
  <trkpt lat="30.26981719" lon="120.12060725"><ele>36.805</ele><time>2026-06-02T00:20:50Z</time><sat>13</sat></trkpt>
  <trkpt lat="30.26981715" lon="120.12060716"><ele>36.817</ele><time>2026-06-02T00:20:53Z</time><sat>15</sat></trkpt>
  <trkpt lat="30.26981717" lon="120.12060697"><ele>36.816</ele><time>2026-06-02T00:20:56Z</time><sat>11</sat></trkpt>
  <trkpt lat="30.26981724" lon="120.12060685"><ele>36.792</ele><time>2026-06-02T00:20:59Z</time><sat>10</sat></trkpt>
  <trkpt lat="30.26981733" lon="120.12060681"><ele>36.752</ele><time>2026-06-02T00:21:02Z</time><sat>16</sat></trkpt>
  <trkpt lat="30.26981744" lon="120.12060672"><ele>36.712</ele><time>2026-06-02T00:21:05Z</time><sat>17</sat></trkpt>
  <trkpt lat="30.26981747" lon="120.12060669"><ele>36.705</ele><time>2026-06-02T00:21:08Z</time><sat>11</sat></trkpt>
  <trkpt lat="30.26981748" lon="120.12060655"><ele>36.688</ele><time>2026-06-02T00:21:11Z</time><sat>11</sat></trkpt>
  <trkpt lat="30.26981747" lon="120.12060654"><ele>36.691</ele><time>2026-06-02T00:21:14Z</time><sat>16</sat></trkpt>
  <trkpt lat="30.26981745" lon="120.12060664"><ele>36.690</ele><time>2026-06-02T00:21:17Z</time><sat>14</sat></trkpt>
  <trkpt lat="30.26981745" lon="120.12060666"><ele>36.691</ele><time>2026-06-02T00:21:20Z</time><sat>10</sat></trkpt>
  <trkpt lat="30.26981738" lon="120.12060680"><ele>36.715</ele><time>2026-06-02T00:21:23Z</time><sat>11</sat></trkpt>
  <trkpt lat="30.26981733" lon="120.12060681"><ele>36.733</ele><time>2026-06-02T00:21:26Z</time><sat>13</sat></trkpt>
  <trkpt lat="30.26981723" lon="120.12060694"><ele>36.768</ele><time>2026-06-02T00:21:29Z</time><sat>16</sat></trkpt>
  <trkpt lat="30.26981721" lon="120.12060701"><ele>36.781</ele><time>2026-06-02T00:21:32Z</time><sat>14</sat></trkpt>
  <trkpt lat="30.26981722" lon="120.12060717"><ele>36.767</ele><time>2026-06-02T00:21:35Z</time><sat>11</sat></trkpt>
  <trkpt lat="30.26981713" lon="120.12060727"><ele>36.790</ele><time>2026-06-02T00:21:38Z</time><sat>13</sat></trkpt>
  <trkpt lat="30.26981707" lon="120.12060742"><ele>36.788</ele><time>2026-06-02T00:21:41Z</time><sat>14</sat></trkpt>
  <trkpt lat="30.26981707" lon="120.12060776"><ele>36.770</ele><time>2026-06-02T00:21:44Z</time><sat>15</sat></trkpt>
  <trkpt lat="30.26981707" lon="120.12060795"><ele>36.749</ele><time>2026-06-02T00:21:47Z</time><sat>17</sat></trkpt>
  <trkpt lat="30.26981715" lon="120.12060826"><ele>36.725</ele><time>2026-06-02T00:21:50Z</time><sat>18</sat></trkpt>
  <trkpt lat="30.26981715" lon="120.12060837"><ele>36.721</ele><time>2026-06-02T00:21:53Z</time><sat>15</sat></trkpt>
  <trkpt lat="30.26981713" lon="120.12060842"><ele>36.719</ele><time>2026-06-02T00:21:56Z</time><sat>15</sat></trkpt>
  <trkpt lat="30.26981703" lon="120.12060841"><ele>36.744</ele><time>2026-06-02T00:21:59Z</time><sat>16</sat></trkpt>
  <trkpt lat="30.26981688" lon="120.12060848"><ele>36.785</ele><time>2026-06-02T00:22:02Z</time><sat>18</sat></trkpt>
  <trkpt lat="30.26981675" lon="120.12060881"><ele>36.832</ele><time>2026-06-02T00:22:05Z</time><sat>16</sat></trkpt>
  <trkpt lat="30.26981662" lon="120.12060924"><ele>36.873</ele><time>2026-06-02T00:22:08Z</time><sat>15</sat></trkpt>
  <trkpt lat="30.26981661" lon="120.12060960"><ele>36.876</ele><time>2026-06-02T00:22:11Z</time><sat>14</sat></trkpt>
  <trkpt lat="30.26981662" lon="120.12060973"><ele>36.881</ele><time>2026-06-02T00:22:14Z</time><sat>16</sat></trkpt>
  <trkpt lat="30.26981654" lon="120.12061050"><ele>36.909</ele><time>2026-06-02T00:22:17Z</time><sat>16</sat></trkpt>
  <trkpt lat="30.26981654" lon="120.12061080"><ele>36.922</ele><time>2026-06-02T00:22:20Z</time><sat>13</sat></trkpt>
  <trkpt lat="30.26981658" lon="120.12061102"><ele>36.922</ele><time>2026-06-02T00:22:23Z</time><sat>12</sat></trkpt>
  <trkpt lat="30.26981662" lon="120.12061126"><ele>36.910</ele><time>2026-06-02T00:22:26Z</time><sat>15</sat></trkpt>
  <trkpt lat="30.26981665" lon="120.12061137"><ele>36.901</ele><time>2026-06-02T00:22:29Z</time><sat>16</sat></trkpt>
  <trkpt lat="30.26981655" lon="120.12061161"><ele>36.955</ele><time>2026-06-02T00:22:32Z</time><sat>14</sat></trkpt>
  <trkpt lat="30.26981641" lon="120.12061140"><ele>36.990</ele><time>2026-06-02T00:22:35Z</time><sat>13</sat></trkpt>
  <trkpt lat="30.26981632" lon="120.12061134"><ele>37.007</ele><time>2026-06-02T00:22:38Z</time><sat>15</sat></trkpt>
  <trkpt lat="30.26981619" lon="120.12061147"><ele>37.025</ele><time>2026-06-02T00:22:41Z</time><sat>16</sat></trkpt>
  <trkpt lat="30.26981613" lon="120.12061142"><ele>37.027</ele><time>2026-06-02T00:22:44Z</time><sat>15</sat></trkpt>
  <trkpt lat="30.26981616" lon="120.12061167"><ele>37.013</ele><time>2026-06-02T00:22:47Z</time><sat>15</sat></trkpt>
  <trkpt lat="30.26981600" lon="120.12061195"><ele>37.014</ele><time>2026-06-02T00:22:50Z</time><sat>16</sat></trkpt>
  <trkpt lat="30.26981586" lon="120.12061196"><ele>37.021</ele><time>2026-06-02T00:22:53Z</time><sat>17</sat></trkpt>
  <trkpt lat="30.26981567" lon="120.12061191"><ele>37.052</ele><time>2026-06-02T00:22:56Z</time><sat>19</sat></trkpt>
  <trkpt lat="30.26981571" lon="120.12061209"><ele>37.040</ele><time>2026-06-02T00:22:59Z</time><sat>16</sat></trkpt>
  <trkpt lat="30.26981557" lon="120.12061249"><ele>37.049</ele><time>2026-06-02T00:23:02Z</time><sat>16</sat></trkpt>
  <trkpt lat="30.26981567" lon="120.12061283"><ele>37.032</ele><time>2026-06-02T00:23:05Z</time><sat>17</sat></trkpt>
  <trkpt lat="30.26981570" lon="120.12061297"><ele>37.016</ele><time>2026-06-02T00:23:08Z</time><sat>17</sat></trkpt>
  <trkpt lat="30.26981510" lon="120.12061283"><ele>37.053</ele><time>2026-06-02T00:23:11Z</time><sat>15</sat></trkpt>
  <trkpt lat="30.26981509" lon="120.12061274"><ele>37.060</ele><time>2026-06-02T00:23:14Z</time><sat>15</sat></trkpt>
  <trkpt lat="30.26981217" lon="120.12061188"><ele>37.450</ele><time>2026-06-02T00:23:17Z</time><sat>19</sat></trkpt>
  <trkpt lat="30.26981231" lon="120.12061170"><ele>37.400</ele><time>2026-06-02T00:23:20Z</time><sat>17</sat></trkpt>
  <trkpt lat="30.26981241" lon="120.12061136"><ele>37.383</ele><time>2026-06-02T00:23:23Z</time><sat>15</sat></trkpt>
  <trkpt lat="30.26981247" lon="120.12061146"><ele>37.383</ele><time>2026-06-02T00:23:26Z</time><sat>15</sat></trkpt>
  <trkpt lat="30.26981261" lon="120.12061146"><ele>37.356</ele><time>2026-06-02T00:23:29Z</time><sat>10</sat></trkpt>
  <trkpt lat="30.26981257" lon="120.12061144"><ele>37.356</ele><time>2026-06-02T00:23:32Z</time><sat>11</sat></trkpt>
  <trkpt lat="30.26981259" lon="120.12061139"><ele>37.348</ele><time>2026-06-02T00:23:35Z</time><sat>15</sat></trkpt>
  <trkpt lat="30.26981260" lon="120.12061130"><ele>37.338</ele><time>2026-06-02T00:23:38Z</time><sat>13</sat></trkpt>
  <trkpt lat="30.26981264" lon="120.12061135"><ele>37.327</ele><time>2026-06-02T00:23:41Z</time><sat>9</sat></trkpt>
  <trkpt lat="30.26981275" lon="120.12061129"><ele>37.309</ele><time>2026-06-02T00:23:44Z</time><sat>9</sat></trkpt>
  <trkpt lat="30.26981277" lon="120.12061126"><ele>37.302</ele><time>2026-06-02T00:23:47Z</time><sat>12</sat></trkpt>
  <trkpt lat="30.26981277" lon="120.12061129"><ele>37.300</ele><time>2026-06-02T00:23:50Z</time><sat>13</sat></trkpt>
  <trkpt lat="30.26981282" lon="120.12061119"><ele>37.281</ele><time>2026-06-02T00:23:53Z</time><sat>12</sat></trkpt>
  <trkpt lat="30.26981286" lon="120.12061107"><ele>37.265</ele><time>2026-06-02T00:23:56Z</time><sat>13</sat></trkpt>
  <trkpt lat="30.26981291" lon="120.12061097"><ele>37.250</ele><time>2026-06-02T00:23:59Z</time><sat>15</sat></trkpt>
  <trkpt lat="30.26981294" lon="120.12061085"><ele>37.237</ele><time>2026-06-02T00:24:02Z</time><sat>12</sat></trkpt>
  <trkpt lat="30.26981302" lon="120.12061074"><ele>37.204</ele><time>2026-06-02T00:24:05Z</time><sat>10</sat></trkpt>
  <trkpt lat="30.26981303" lon="120.12061063"><ele>37.200</ele><time>2026-06-02T00:24:08Z</time><sat>12</sat></trkpt>
  <trkpt lat="30.26981296" lon="120.12061061"><ele>37.203</ele><time>2026-06-02T00:24:11Z</time><sat>13</sat></trkpt>
  <trkpt lat="30.26981289" lon="120.12061076"><ele>37.221</ele><time>2026-06-02T00:24:14Z</time><sat>11</sat></trkpt>
  <trkpt lat="30.26981286" lon="120.12061080"><ele>37.222</ele><time>2026-06-02T00:24:17Z</time><sat>11</sat></trkpt>
  <trkpt lat="30.26981282" lon="120.12061089"><ele>37.234</ele><time>2026-06-02T00:24:20Z</time><sat>12</sat></trkpt>
  <trkpt lat="30.26981283" lon="120.12061089"><ele>37.232</ele><time>2026-06-02T00:24:23Z</time><sat>14</sat></trkpt>
  <trkpt lat="30.26981283" lon="120.12061092"><ele>37.226</ele><time>2026-06-02T00:24:26Z</time><sat>15</sat></trkpt>
  <trkpt lat="30.26981281" lon="120.12061092"><ele>37.221</ele><time>2026-06-02T00:24:29Z</time><sat>14</sat></trkpt>
  <trkpt lat="30.26981279" lon="120.12061100"><ele>37.227</ele><time>2026-06-02T00:24:32Z</time><sat>14</sat></trkpt>
  <trkpt lat="30.26981279" lon="120.12061100"><ele>37.225</ele><time>2026-06-02T00:24:35Z</time><sat>15</sat></trkpt>
  <trkpt lat="30.26981277" lon="120.12061104"><ele>37.221</ele><time>2026-06-02T00:24:38Z</time><sat>14</sat></trkpt>
  <trkpt lat="30.26981274" lon="120.12061101"><ele>37.222</ele><time>2026-06-02T00:24:41Z</time><sat>16</sat></trkpt>
  <trkpt lat="30.26981269" lon="120.12061097"><ele>37.224</ele><time>2026-06-02T00:24:44Z</time><sat>15</sat></trkpt>
  <trkpt lat="30.26981261" lon="120.12061096"><ele>37.233</ele><time>2026-06-02T00:24:47Z</time><sat>13</sat></trkpt>
  <trkpt lat="30.26981263" lon="120.12061095"><ele>37.213</ele><time>2026-06-02T00:24:50Z</time><sat>14</sat></trkpt>
  <trkpt lat="30.26981263" lon="120.12061091"><ele>37.210</ele><time>2026-06-02T00:24:53Z</time><sat>17</sat></trkpt>
  <trkpt lat="30.26981262" lon="120.12061094"><ele>37.223</ele><time>2026-06-02T00:24:56Z</time><sat>16</sat></trkpt>
  <trkpt lat="30.26981259" lon="120.12061096"><ele>37.231</ele><time>2026-06-02T00:24:59Z</time><sat>13</sat></trkpt>
  <trkpt lat="30.26981262" lon="120.12061097"><ele>37.227</ele><time>2026-06-02T00:25:02Z</time><sat>14</sat></trkpt>
  <trkpt lat="30.26981264" lon="120.12061110"><ele>37.228</ele><time>2026-06-02T00:25:05Z</time><sat>18</sat></trkpt>
  <trkpt lat="30.26981273" lon="120.12061099"><ele>37.198</ele><time>2026-06-02T00:25:08Z</time><sat>19</sat></trkpt>
  <trkpt lat="30.26981269" lon="120.12061109"><ele>37.216</ele><time>2026-06-02T00:25:11Z</time><sat>15</sat></trkpt>
  <trkpt lat="30.26981271" lon="120.12061120"><ele>37.221</ele><time>2026-06-02T00:25:14Z</time><sat>16</sat></trkpt>
  <trkpt lat="30.26981275" lon="120.12061122"><ele>37.215</ele><time>2026-06-02T00:25:17Z</time><sat>15</sat></trkpt>
  <trkpt lat="30.26981273" lon="120.12061141"><ele>37.214</ele><time>2026-06-02T00:25:20Z</time><sat>16</sat></trkpt>
  <trkpt lat="30.26981271" lon="120.12061143"><ele>37.224</ele><time>2026-06-02T00:25:23Z</time><sat>16</sat></trkpt>
  <trkpt lat="30.26981272" lon="120.12061149"><ele>37.218</ele><time>2026-06-02T00:25:26Z</time><sat>14</sat></trkpt>
  <trkpt lat="30.26981264" lon="120.12061153"><ele>37.260</ele><time>2026-06-02T00:25:29Z</time><sat>14</sat></trkpt>
  <trkpt lat="30.26981250" lon="120.12061167"><ele>37.298</ele><time>2026-06-02T00:25:32Z</time><sat>16</sat></trkpt>
  <trkpt lat="30.26981232" lon="120.12061176"><ele>37.343</ele><time>2026-06-02T00:25:35Z</time><sat>18</sat></trkpt>
  <trkpt lat="30.26981153" lon="120.12061189"><ele>37.408</ele><time>2026-06-02T00:25:38Z</time><sat>14</sat></trkpt>
  <trkpt lat="30.26981148" lon="120.12061186"><ele>37.394</ele><time>2026-06-02T00:25:41Z</time><sat>14</sat></trkpt>
  <trkpt lat="30.26981139" lon="120.12061177"><ele>37.402</ele><time>2026-06-02T00:25:44Z</time><sat>15</sat></trkpt>
  <trkpt lat="30.26981132" lon="120.12061184"><ele>37.414</ele><time>2026-06-02T00:25:47Z</time><sat>17</sat></trkpt>
  <trkpt lat="30.26981141" lon="120.12061195"><ele>37.408</ele><time>2026-06-02T00:25:50Z</time><sat>16</sat></trkpt>
  <trkpt lat="30.26981153" lon="120.12061198"><ele>37.366</ele><time>2026-06-02T00:25:53Z</time><sat>14</sat></trkpt>
  <trkpt lat="30.26981159" lon="120.12061199"><ele>37.357</ele><time>2026-06-02T00:25:56Z</time><sat>14</sat></trkpt>
  <trkpt lat="30.26981152" lon="120.12061223"><ele>37.364</ele><time>2026-06-02T00:25:59Z</time><sat>15</sat></trkpt>
  <trkpt lat="30.26981162" lon="120.12061203"><ele>37.340</ele><time>2026-06-02T00:26:02Z</time><sat>16</sat></trkpt>
  <trkpt lat="30.26981163" lon="120.12061194"><ele>37.318</ele><time>2026-06-02T00:26:05Z</time><sat>16</sat></trkpt>
  <trkpt lat="30.26981158" lon="120.12061201"><ele>37.317</ele><time>2026-06-02T00:26:08Z</time><sat>16</sat></trkpt>
  <trkpt lat="30.26981132" lon="120.12061232"><ele>37.361</ele><time>2026-06-02T00:26:11Z</time><sat>16</sat></trkpt>
  <trkpt lat="30.26981169" lon="120.12061241"><ele>37.330</ele><time>2026-06-02T00:26:14Z</time><sat>17</sat></trkpt>
  <trkpt lat="30.26981152" lon="120.12061266"><ele>37.367</ele><time>2026-06-02T00:26:17Z</time><sat>17</sat></trkpt>
  <trkpt lat="30.26981130" lon="120.12061293"><ele>37.420</ele><time>2026-06-02T00:26:20Z</time><sat>15</sat></trkpt>
  <trkpt lat="30.26981116" lon="120.12061301"><ele>37.452</ele><time>2026-06-02T00:26:23Z</time><sat>13</sat></trkpt>
  <trkpt lat="30.26981118" lon="120.12061291"><ele>37.451</ele><time>2026-06-02T00:26:26Z</time><sat>12</sat></trkpt>
  <trkpt lat="30.26981115" lon="120.12061297"><ele>37.454</ele><time>2026-06-02T00:26:29Z</time><sat>14</sat></trkpt>
  <trkpt lat="30.26981117" lon="120.12061299"><ele>37.458</ele><time>2026-06-02T00:26:32Z</time><sat>15</sat></trkpt>
  <trkpt lat="30.26981116" lon="120.12061306"><ele>37.459</ele><time>2026-06-02T00:26:35Z</time><sat>13</sat></trkpt>
  <trkpt lat="30.26981145" lon="120.12061269"><ele>37.415</ele><time>2026-06-02T00:26:38Z</time><sat>12</sat></trkpt>
  <trkpt lat="30.26981154" lon="120.12061258"><ele>37.398</ele><time>2026-06-02T00:26:41Z</time><sat>14</sat></trkpt>
  <trkpt lat="30.26981163" lon="120.12061253"><ele>37.377</ele><time>2026-06-02T00:26:44Z</time><sat>14</sat></trkpt>
  <trkpt lat="30.26981179" lon="120.12061233"><ele>37.335</ele><time>2026-06-02T00:26:47Z</time><sat>11</sat></trkpt>
  <trkpt lat="30.26981180" lon="120.12061241"><ele>37.338</ele><time>2026-06-02T00:26:50Z</time><sat>11</sat></trkpt>
  <trkpt lat="30.26981182" lon="120.12061251"><ele>37.331</ele><time>2026-06-02T00:26:53Z</time><sat>14</sat></trkpt>
  <trkpt lat="30.26981182" lon="120.12061251"><ele>37.315</ele><time>2026-06-02T00:26:56Z</time><sat>15</sat></trkpt>
  <trkpt lat="30.26981196" lon="120.12061253"><ele>37.279</ele><time>2026-06-02T00:26:59Z</time><sat>13</sat></trkpt>
  <trkpt lat="30.26981206" lon="120.12061242"><ele>37.248</ele><time>2026-06-02T00:27:02Z</time><sat>12</sat></trkpt>
  <trkpt lat="30.26981203" lon="120.12061247"><ele>37.247</ele><time>2026-06-02T00:27:05Z</time><sat>15</sat></trkpt>
  <trkpt lat="30.26981199" lon="120.12061269"><ele>37.267</ele><time>2026-06-02T00:27:08Z</time><sat>15</sat></trkpt>
  <trkpt lat="30.26981202" lon="120.12061268"><ele>37.252</ele><time>2026-06-02T00:27:11Z</time><sat>13</sat></trkpt>
  <trkpt lat="30.26981205" lon="120.12061266"><ele>37.242</ele><time>2026-06-02T00:27:14Z</time><sat>12</sat></trkpt>
  <trkpt lat="30.26981207" lon="120.12061271"><ele>37.243</ele><time>2026-06-02T00:27:17Z</time><sat>14</sat></trkpt>
  <trkpt lat="30.26981202" lon="120.12061276"><ele>37.249</ele><time>2026-06-02T00:27:20Z</time><sat>15</sat></trkpt>
  <trkpt lat="30.26981201" lon="120.12061275"><ele>37.250</ele><time>2026-06-02T00:27:23Z</time><sat>15</sat></trkpt>
  <trkpt lat="30.26981201" lon="120.12061275"><ele>37.244</ele><time>2026-06-02T00:27:26Z</time><sat>14</sat></trkpt>
  <trkpt lat="30.26981203" lon="120.12061272"><ele>37.233</ele><time>2026-06-02T00:27:29Z</time><sat>12</sat></trkpt>
  <trkpt lat="30.26981201" lon="120.12061272"><ele>37.228</ele><time>2026-06-02T00:27:32Z</time><sat>11</sat></trkpt>
  <trkpt lat="30.26981189" lon="120.12061280"><ele>37.237</ele><time>2026-06-02T00:27:35Z</time><sat>13</sat></trkpt>
  <trkpt lat="30.26981189" lon="120.12061280"><ele>37.237</ele><time>2026-06-02T00:27:38Z</time><sat>14</sat></trkpt>
  <trkpt lat="30.26981188" lon="120.12061279"><ele>37.238</ele><time>2026-06-02T00:27:41Z</time><sat>10</sat></trkpt>
  <trkpt lat="30.26981189" lon="120.12061273"><ele>37.233</ele><time>2026-06-02T00:27:44Z</time><sat>3</sat></trkpt>
  <trkpt lat="30.26981189" lon="120.12061274"><ele>37.235</ele><time>2026-06-02T00:27:47Z</time><sat>6</sat></trkpt>
  <trkpt lat="30.26981189" lon="120.12061273"><ele>37.236</ele><time>2026-06-02T00:27:50Z</time><sat>8</sat></trkpt>
  <trkpt lat="30.26981190" lon="120.12061269"><ele>37.231</ele><time>2026-06-02T00:27:53Z</time><sat>5</sat></trkpt>
  <trkpt lat="30.26981190" lon="120.12061266"><ele>37.229</ele><time>2026-06-02T00:27:56Z</time><sat>3</sat></trkpt>
  <trkpt lat="30.26981183" lon="120.12061258"><ele>37.232</ele><time>2026-06-02T00:27:59Z</time><sat>3</sat></trkpt>
  <trkpt lat="30.26981194" lon="120.12061252"><ele>37.221</ele><time>2026-06-02T00:28:02Z</time><sat>7</sat></trkpt>
  <trkpt lat="30.26981195" lon="120.12061245"><ele>37.212</ele><time>2026-06-02T00:28:05Z</time><sat>8</sat></trkpt>
  <trkpt lat="30.26981195" lon="120.12061243"><ele>37.209</ele><time>2026-06-02T00:28:08Z</time><sat>7</sat></trkpt>
  <trkpt lat="30.26981193" lon="120.12061245"><ele>37.212</ele><time>2026-06-02T00:28:11Z</time><sat>4</sat></trkpt>
  <trkpt lat="30.26981194" lon="120.12061245"><ele>37.213</ele><time>2026-06-02T00:28:14Z</time><sat>5</sat></trkpt>
  <trkpt lat="30.26981193" lon="120.12061244"><ele>37.213</ele><time>2026-06-02T00:28:17Z</time><sat>8</sat></trkpt>
  <trkpt lat="30.26959025" lon="120.12079033"><ele>29.873</ele><time>2026-06-02T00:28:20Z</time><sat>5</sat></trkpt>
  <trkpt lat="30.26981193" lon="120.12061243"><ele>37.215</ele><time>2026-06-02T00:28:23Z</time><sat>2</sat></trkpt>
  <trkpt lat="30.26981193" lon="120.12061244"><ele>37.215</ele><time>2026-06-02T00:28:26Z</time><sat>3</sat></trkpt>
  <trkpt lat="30.26982006" lon="120.12061293"><ele>36.278</ele><time>2026-06-02T00:28:49Z</time><sat>6</sat></trkpt>
  <trkpt lat="30.26982007" lon="120.12061290"><ele>36.277</ele><time>2026-06-02T00:28:52Z</time><sat>6</sat></trkpt>
  <trkpt lat="30.26982003" lon="120.12061294"><ele>36.288</ele><time>2026-06-02T00:28:55Z</time><sat>5</sat></trkpt>
  <trkpt lat="30.26982002" lon="120.12061296"><ele>36.290</ele><time>2026-06-02T00:28:58Z</time><sat>5</sat></trkpt>
  <trkpt lat="30.26982002" lon="120.12061295"><ele>36.290</ele><time>2026-06-02T00:29:01Z</time><sat>3</sat></trkpt>
 </trkseg>
</trk>

</gpx>
 