<?xml version="1.0" encoding="UTF-8"?>
<!-- Created with BasicAirData GPS Logger for Android - ver. 3.3.0 -->
<!-- Track 402 = 3104 TrackPoints + 0 Placemarks -->

<!-- Track Statistics (based on Total Time | Time in Movement): -->
<!--  Distance = 66.8 公里 -->
<!--  Duration = 02:35:33 | 01:28:33 -->
<!--  Altitude Gap = 69 米 -->
<!--  Max Speed = 110 公里/时 -->
<!--  Avg Speed = 25.8 | 45.3 公里/时 -->
<!--  Direction = 240° -->
<!--  Activity = car -->
<!--  Altitudes = Corrected using EGM96 grid (bilinear interpolation) -->

<gpx version="1.1"
     creator="BasicAirData GPS Logger 3.3.0"
     xmlns="http://www.topografix.com/GPX/1/1"
     xmlns:xsi="http://www.w3.org/2001/XMLSchema-instance"
     xsi:schemaLocation="http://www.topografix.com/GPX/1/1 http://www.topografix.com/GPX/1/1/gpx.xsd">
<metadata> 
 <name>GPS Logger 20260814-202341</name>
 <time>2026-09-01T13:50:30Z</time>
 <keywords>car</keywords>
 <bounds minlat="39.58547191" minlon="109.77991640" maxlat="39.80643292" maxlon="109.97615779" />
</metadata>

<trk>
 <name>轨迹 20260814-202341</name>
 <trkseg>
  <trkpt lat="39.80643292" lon="109.97518367"><ele>1435.802</ele><time>2026-08-14T12:23:41Z</time><sat>14</sat></trkpt>
  <trkpt lat="39.80613397" lon="109.97510088"><ele>1431.651</ele><time>2026-08-14T12:23:45Z</time><sat>26</sat></trkpt>
  <trkpt lat="39.80595146" lon="109.97508282"><ele>1431.253</ele><time>2026-08-14T12:23:48Z</time><sat>39</sat></trkpt>
  <trkpt lat="39.80578628" lon="109.97508766"><ele>1434.452</ele><time>2026-08-14T12:23:51Z</time><sat>38</sat></trkpt>
  <trkpt lat="39.80561575" lon="109.97509431"><ele>1435.766</ele><time>2026-08-14T12:23:54Z</time><sat>38</sat></trkpt>
  <trkpt lat="39.80541651" lon="109.97506177"><ele>1435.220</ele><time>2026-08-14T12:23:57Z</time><sat>39</sat></trkpt>
  <trkpt lat="39.80518706" lon="109.97503811"><ele>1437.227</ele><time>2026-08-14T12:24:00Z</time><sat>39</sat></trkpt>
  <trkpt lat="39.80495393" lon="109.97502612"><ele>1438.477</ele><time>2026-08-14T12:24:03Z</time><sat>39</sat></trkpt>
  <trkpt lat="39.80474311" lon="109.97502031"><ele>1439.057</ele><time>2026-08-14T12:24:06Z</time><sat>38</sat></trkpt>
  <trkpt lat="39.80455213" lon="109.97503243"><ele>1439.225</ele><time>2026-08-14T12:24:09Z</time><sat>39</sat></trkpt>
  <trkpt lat="39.80436096" lon="109.97513070"><ele>1438.572</ele><time>2026-08-14T12:24:12Z</time><sat>42</sat></trkpt>
  <trkpt lat="39.80414846" lon="109.97531128"><ele>1439.002</ele><time>2026-08-14T12:24:15Z</time><sat>42</sat></trkpt>
  <trkpt lat="39.80392079" lon="109.97551701"><ele>1437.957</ele><time>2026-08-14T12:24:18Z</time><sat>39</sat></trkpt>
  <trkpt lat="39.80370274" lon="109.97571191"><ele>1436.700</ele><time>2026-08-14T12:24:21Z</time><sat>38</sat></trkpt>
  <trkpt lat="39.80351168" lon="109.97587875"><ele>1434.441</ele><time>2026-08-14T12:24:24Z</time><sat>40</sat></trkpt>
  <trkpt lat="39.80334047" lon="109.97602300"><ele>1434.652</ele><time>2026-08-14T12:24:27Z</time><sat>43</sat></trkpt>
  <trkpt lat="39.80322393" lon="109.97612223"><ele>1434.742</ele><time>2026-08-14T12:24:30Z</time><sat>46</sat></trkpt>
  <trkpt lat="39.80312564" lon="109.97615779"><ele>1435.126</ele><time>2026-08-14T12:24:33Z</time><sat>45</sat></trkpt>
  <trkpt lat="39.80297503" lon="109.97600949"><ele>1434.505</ele><time>2026-08-14T12:24:36Z</time><sat>44</sat></trkpt>
  <trkpt lat="39.80280936" lon="109.97571513"><ele>1434.715</ele><time>2026-08-14T12:24:39Z</time><sat>43</sat></trkpt>
  <trkpt lat="39.80262054" lon="109.97538582"><ele>1435.032</ele><time>2026-08-14T12:24:42Z</time><sat>45</sat></trkpt>
  <trkpt lat="39.80241124" lon="109.97503897"><ele>1435.486</ele><time>2026-08-14T12:24:45Z</time><sat>43</sat></trkpt>
  <trkpt lat="39.80218135" lon="109.97466658"><ele>1435.829</ele><time>2026-08-14T12:24:48Z</time><sat>43</sat></trkpt>
  <trkpt lat="39.80194827" lon="109.97428550"><ele>1436.525</ele><time>2026-08-14T12:24:51Z</time><sat>46</sat></trkpt>
  <trkpt lat="39.80171095" lon="109.97389279"><ele>1436.826</ele><time>2026-08-14T12:24:54Z</time><sat>47</sat></trkpt>
  <trkpt lat="39.80148005" lon="109.97352822"><ele>1436.506</ele><time>2026-08-14T12:24:57Z</time><sat>46</sat></trkpt>
  <trkpt lat="39.80129846" lon="109.97328465"><ele>1436.779</ele><time>2026-08-14T12:25:00Z</time><sat>45</sat></trkpt>
  <trkpt lat="39.80118818" lon="109.97311120"><ele>1437.002</ele><time>2026-08-14T12:25:03Z</time><sat>45</sat></trkpt>
  <trkpt lat="39.80111098" lon="109.97300249"><ele>1437.253</ele><time>2026-08-14T12:25:06Z</time><sat>44</sat></trkpt>
  <trkpt lat="39.80105720" lon="109.97293841"><ele>1438.848</ele><time>2026-08-14T12:25:09Z</time><sat>44</sat></trkpt>
  <trkpt lat="39.80105085" lon="109.97292121"><ele>1438.373</ele><time>2026-08-14T12:25:12Z</time><sat>45</sat></trkpt>
  <trkpt lat="39.80105576" lon="109.97291419"><ele>1438.051</ele><time>2026-08-14T12:25:15Z</time><sat>45</sat></trkpt>
  <trkpt lat="39.80106320" lon="109.97292132"><ele>1437.124</ele><time>2026-08-14T12:25:18Z</time><sat>43</sat></trkpt>
  <trkpt lat="39.80106294" lon="109.97292001"><ele>1437.119</ele><time>2026-08-14T12:25:21Z</time><sat>44</sat></trkpt>
  <trkpt lat="39.80105867" lon="109.97291723"><ele>1438.237</ele><time>2026-08-14T12:25:24Z</time><sat>44</sat></trkpt>
  <trkpt lat="39.80105135" lon="109.97291501"><ele>1438.548</ele><time>2026-08-14T12:25:27Z</time><sat>43</sat></trkpt>
  <trkpt lat="39.80104977" lon="109.97291441"><ele>1438.233</ele><time>2026-08-14T12:25:30Z</time><sat>42</sat></trkpt>
  <trkpt lat="39.80105075" lon="109.97291013"><ele>1439.241</ele><time>2026-08-14T12:25:33Z</time><sat>42</sat></trkpt>
  <trkpt lat="39.80104939" lon="109.97291359"><ele>1439.422</ele><time>2026-08-14T12:25:36Z</time><sat>44</sat></trkpt>
  <trkpt lat="39.80104936" lon="109.97291427"><ele>1439.394</ele><time>2026-08-14T12:25:39Z</time><sat>44</sat></trkpt>
  <trkpt lat="39.80104906" lon="109.97291460"><ele>1439.416</ele><time>2026-08-14T12:25:42Z</time><sat>42</sat></trkpt>
  <trkpt lat="39.80104899" lon="109.97291467"><ele>1439.408</ele><time>2026-08-14T12:25:45Z</time><sat>42</sat></trkpt>
  <trkpt lat="39.80104903" lon="109.97291456"><ele>1439.396</ele><time>2026-08-14T12:25:48Z</time><sat>42</sat></trkpt>
  <trkpt lat="39.80104895" lon="109.97291459"><ele>1439.394</ele><time>2026-08-14T12:25:51Z</time><sat>43</sat></trkpt>
  <trkpt lat="39.80104891" lon="109.97291463"><ele>1439.388</ele><time>2026-08-14T12:25:54Z</time><sat>42</sat></trkpt>
  <trkpt lat="39.80104952" lon="109.97291601"><ele>1439.013</ele><time>2026-08-14T12:25:57Z</time><sat>42</sat></trkpt>
  <trkpt lat="39.80105218" lon="109.97291888"><ele>1437.797</ele><time>2026-08-14T12:26:00Z</time><sat>42</sat></trkpt>
  <trkpt lat="39.80104502" lon="109.97292235"><ele>1437.662</ele><time>2026-08-14T12:26:03Z</time><sat>41</sat></trkpt>
  <trkpt lat="39.80104305" lon="109.97293058"><ele>1437.374</ele><time>2026-08-14T12:26:06Z</time><sat>41</sat></trkpt>
  <trkpt lat="39.80104214" lon="109.97292848"><ele>1437.119</ele><time>2026-08-14T12:26:09Z</time><sat>42</sat></trkpt>
  <trkpt lat="39.80104234" lon="109.97292929"><ele>1436.980</ele><time>2026-08-14T12:26:12Z</time><sat>42</sat></trkpt>
  <trkpt lat="39.80104227" lon="109.97292963"><ele>1436.955</ele><time>2026-08-14T12:26:15Z</time><sat>43</sat></trkpt>
  <trkpt lat="39.80104214" lon="109.97292975"><ele>1436.938</ele><time>2026-08-14T12:26:18Z</time><sat>42</sat></trkpt>
  <trkpt lat="39.80104209" lon="109.97292975"><ele>1436.934</ele><time>2026-08-14T12:26:21Z</time><sat>39</sat></trkpt>
  <trkpt lat="39.80101370" lon="109.97287864"><ele>1436.959</ele><time>2026-08-14T12:26:24Z</time><sat>41</sat></trkpt>
  <trkpt lat="39.80092285" lon="109.97273824"><ele>1436.987</ele><time>2026-08-14T12:26:27Z</time><sat>43</sat></trkpt>
  <trkpt lat="39.80076061" lon="109.97253717"><ele>1437.747</ele><time>2026-08-14T12:26:30Z</time><sat>45</sat></trkpt>
  <trkpt lat="39.80054026" lon="109.97239765"><ele>1437.723</ele><time>2026-08-14T12:26:33Z</time><sat>45</sat></trkpt>
  <trkpt lat="39.80023988" lon="109.97236101"><ele>1439.530</ele><time>2026-08-14T12:26:36Z</time><sat>43</sat></trkpt>
  <trkpt lat="39.79980396" lon="109.97236589"><ele>1440.414</ele><time>2026-08-14T12:26:39Z</time><sat>43</sat></trkpt>
  <trkpt lat="39.79936547" lon="109.97236851"><ele>1440.854</ele><time>2026-08-14T12:26:42Z</time><sat>44</sat></trkpt>
  <trkpt lat="39.79894080" lon="109.97237091"><ele>1441.173</ele><time>2026-08-14T12:26:45Z</time><sat>42</sat></trkpt>
  <trkpt lat="39.79851964" lon="109.97237666"><ele>1441.308</ele><time>2026-08-14T12:26:48Z</time><sat>41</sat></trkpt>
  <trkpt lat="39.79811603" lon="109.97239113"><ele>1442.324</ele><time>2026-08-14T12:26:51Z</time><sat>43</sat></trkpt>
  <trkpt lat="39.79777927" lon="109.97241587"><ele>1443.102</ele><time>2026-08-14T12:26:54Z</time><sat>44</sat></trkpt>
  <trkpt lat="39.79754698" lon="109.97242702"><ele>1442.757</ele><time>2026-08-14T12:26:57Z</time><sat>41</sat></trkpt>
  <trkpt lat="39.79742932" lon="109.97243088"><ele>1442.389</ele><time>2026-08-14T12:27:00Z</time><sat>46</sat></trkpt>
  <trkpt lat="39.79740320" lon="109.97243401"><ele>1442.153</ele><time>2026-08-14T12:27:03Z</time><sat>44</sat></trkpt>
  <trkpt lat="39.79739950" lon="109.97243672"><ele>1442.709</ele><time>2026-08-14T12:27:06Z</time><sat>42</sat></trkpt>
  <trkpt lat="39.79739476" lon="109.97243581"><ele>1444.233</ele><time>2026-08-14T12:27:09Z</time><sat>41</sat></trkpt>
  <trkpt lat="39.79739541" lon="109.97243817"><ele>1444.146</ele><time>2026-08-14T12:27:12Z</time><sat>41</sat></trkpt>
  <trkpt lat="39.79739737" lon="109.97243618"><ele>1443.515</ele><time>2026-08-14T12:27:15Z</time><sat>42</sat></trkpt>
  <trkpt lat="39.79738316" lon="109.97243661"><ele>1442.812</ele><time>2026-08-14T12:27:18Z</time><sat>42</sat></trkpt>
  <trkpt lat="39.79728870" lon="109.97244351"><ele>1442.262</ele><time>2026-08-14T12:27:21Z</time><sat>41</sat></trkpt>
  <trkpt lat="39.79710772" lon="109.97244759"><ele>1443.621</ele><time>2026-08-14T12:27:24Z</time><sat>44</sat></trkpt>
  <trkpt lat="39.79685759" lon="109.97245592"><ele>1443.170</ele><time>2026-08-14T12:27:27Z</time><sat>45</sat></trkpt>
  <trkpt lat="39.79652218" lon="109.97249180"><ele>1443.593</ele><time>2026-08-14T12:27:30Z</time><sat>45</sat></trkpt>
  <trkpt lat="39.79612146" lon="109.97254272"><ele>1444.125</ele><time>2026-08-14T12:27:33Z</time><sat>45</sat></trkpt>
  <trkpt lat="39.79570081" lon="109.97259079"><ele>1444.581</ele><time>2026-08-14T12:27:36Z</time><sat>44</sat></trkpt>
  <trkpt lat="39.79531274" lon="109.97263505"><ele>1445.358</ele><time>2026-08-14T12:27:39Z</time><sat>43</sat></trkpt>
  <trkpt lat="39.79494413" lon="109.97267046"><ele>1444.986</ele><time>2026-08-14T12:27:42Z</time><sat>42</sat></trkpt>
  <trkpt lat="39.79457822" lon="109.97270658"><ele>1445.372</ele><time>2026-08-14T12:27:45Z</time><sat>42</sat></trkpt>
  <trkpt lat="39.79421495" lon="109.97274659"><ele>1445.542</ele><time>2026-08-14T12:27:48Z</time><sat>44</sat></trkpt>
  <trkpt lat="39.79384803" lon="109.97278742"><ele>1446.677</ele><time>2026-08-14T12:27:51Z</time><sat>47</sat></trkpt>
  <trkpt lat="39.79349766" lon="109.97283335"><ele>1446.930</ele><time>2026-08-14T12:27:54Z</time><sat>44</sat></trkpt>
  <trkpt lat="39.79321260" lon="109.97285098"><ele>1447.997</ele><time>2026-08-14T12:27:57Z</time><sat>43</sat></trkpt>
  <trkpt lat="39.79293851" lon="109.97287664"><ele>1448.143</ele><time>2026-08-14T12:28:00Z</time><sat>45</sat></trkpt>
  <trkpt lat="39.79274060" lon="109.97289639"><ele>1447.731</ele><time>2026-08-14T12:28:03Z</time><sat>46</sat></trkpt>
  <trkpt lat="39.79272342" lon="109.97289392"><ele>1447.326</ele><time>2026-08-14T12:28:06Z</time><sat>43</sat></trkpt>
  <trkpt lat="39.79269819" lon="109.97289710"><ele>1447.286</ele><time>2026-08-14T12:28:09Z</time><sat>40</sat></trkpt>
  <trkpt lat="39.79257854" lon="109.97290810"><ele>1447.154</ele><time>2026-08-14T12:28:12Z</time><sat>40</sat></trkpt>
  <trkpt lat="39.79237171" lon="109.97292414"><ele>1445.777</ele><time>2026-08-14T12:28:15Z</time><sat>42</sat></trkpt>
  <trkpt lat="39.79207241" lon="109.97295324"><ele>1445.444</ele><time>2026-08-14T12:28:18Z</time><sat>44</sat></trkpt>
  <trkpt lat="39.79170510" lon="109.97299126"><ele>1445.345</ele><time>2026-08-14T12:28:21Z</time><sat>45</sat></trkpt>
  <trkpt lat="39.79129394" lon="109.97298984"><ele>1446.072</ele><time>2026-08-14T12:28:24Z</time><sat>45</sat></trkpt>
  <trkpt lat="39.79086894" lon="109.97290325"><ele>1446.615</ele><time>2026-08-14T12:28:27Z</time><sat>46</sat></trkpt>
  <trkpt lat="39.79046477" lon="109.97272468"><ele>1446.838</ele><time>2026-08-14T12:28:30Z</time><sat>46</sat></trkpt>
  <trkpt lat="39.79007898" lon="109.97241409"><ele>1447.385</ele><time>2026-08-14T12:28:33Z</time><sat>46</sat></trkpt>
  <trkpt lat="39.78967925" lon="109.97200966"><ele>1447.782</ele><time>2026-08-14T12:28:36Z</time><sat>44</sat></trkpt>
  <trkpt lat="39.78925691" lon="109.97152601"><ele>1447.633</ele><time>2026-08-14T12:28:39Z</time><sat>45</sat></trkpt>
  <trkpt lat="39.78880271" lon="109.97099450"><ele>1446.745</ele><time>2026-08-14T12:28:42Z</time><sat>46</sat></trkpt>
  <trkpt lat="39.78831497" lon="109.97042852"><ele>1446.281</ele><time>2026-08-14T12:28:45Z</time><sat>45</sat></trkpt>
  <trkpt lat="39.78780433" lon="109.96984289"><ele>1449.025</ele><time>2026-08-14T12:28:48Z</time><sat>47</sat></trkpt>
  <trkpt lat="39.78726502" lon="109.96925520"><ele>1451.150</ele><time>2026-08-14T12:28:51Z</time><sat>47</sat></trkpt>
  <trkpt lat="39.78670596" lon="109.96862862"><ele>1452.102</ele><time>2026-08-14T12:28:54Z</time><sat>47</sat></trkpt>
  <trkpt lat="39.78613529" lon="109.96798336"><ele>1451.653</ele><time>2026-08-14T12:28:57Z</time><sat>47</sat></trkpt>
  <trkpt lat="39.78552898" lon="109.96740363"><ele>1449.560</ele><time>2026-08-14T12:29:00Z</time><sat>47</sat></trkpt>
  <trkpt lat="39.78490328" lon="109.96694517"><ele>1447.508</ele><time>2026-08-14T12:29:03Z</time><sat>46</sat></trkpt>
  <trkpt lat="39.78424712" lon="109.96659313"><ele>1446.477</ele><time>2026-08-14T12:29:06Z</time><sat>47</sat></trkpt>
  <trkpt lat="39.78359882" lon="109.96634587"><ele>1446.362</ele><time>2026-08-14T12:29:09Z</time><sat>47</sat></trkpt>
  <trkpt lat="39.78294676" lon="109.96619908"><ele>1445.834</ele><time>2026-08-14T12:29:12Z</time><sat>47</sat></trkpt>
  <trkpt lat="39.78227753" lon="109.96614681"><ele>1444.025</ele><time>2026-08-14T12:29:15Z</time><sat>47</sat></trkpt>
  <trkpt lat="39.78157176" lon="109.96619294"><ele>1441.777</ele><time>2026-08-14T12:29:18Z</time><sat>46</sat></trkpt>
  <trkpt lat="39.78083749" lon="109.96629447"><ele>1439.544</ele><time>2026-08-14T12:29:21Z</time><sat>46</sat></trkpt>
  <trkpt lat="39.78007833" lon="109.96641468"><ele>1437.021</ele><time>2026-08-14T12:29:24Z</time><sat>45</sat></trkpt>
  <trkpt lat="39.77929898" lon="109.96653664"><ele>1434.325</ele><time>2026-08-14T12:29:27Z</time><sat>47</sat></trkpt>
  <trkpt lat="39.77850327" lon="109.96665966"><ele>1431.524</ele><time>2026-08-14T12:29:30Z</time><sat>47</sat></trkpt>
  <trkpt lat="39.77771822" lon="109.96676258"><ele>1429.404</ele><time>2026-08-14T12:29:33Z</time><sat>47</sat></trkpt>
  <trkpt lat="39.77698463" lon="109.96678299"><ele>1426.572</ele><time>2026-08-14T12:29:36Z</time><sat>47</sat></trkpt>
  <trkpt lat="39.77631180" lon="109.96669025"><ele>1424.513</ele><time>2026-08-14T12:29:39Z</time><sat>47</sat></trkpt>
  <trkpt lat="39.77564598" lon="109.96646823"><ele>1421.644</ele><time>2026-08-14T12:29:42Z</time><sat>47</sat></trkpt>
  <trkpt lat="39.77498693" lon="109.96613914"><ele>1418.810</ele><time>2026-08-14T12:29:45Z</time><sat>47</sat></trkpt>
  <trkpt lat="39.77437226" lon="109.96570905"><ele>1416.633</ele><time>2026-08-14T12:29:48Z</time><sat>45</sat></trkpt>
  <trkpt lat="39.77379054" lon="109.96516816"><ele>1413.875</ele><time>2026-08-14T12:29:51Z</time><sat>45</sat></trkpt>
  <trkpt lat="39.77323297" lon="109.96453614"><ele>1410.773</ele><time>2026-08-14T12:29:54Z</time><sat>47</sat></trkpt>
  <trkpt lat="39.77267446" lon="109.96385615"><ele>1408.134</ele><time>2026-08-14T12:29:57Z</time><sat>46</sat></trkpt>
  <trkpt lat="39.77209907" lon="109.96314805"><ele>1405.201</ele><time>2026-08-14T12:30:00Z</time><sat>47</sat></trkpt>
  <trkpt lat="39.77151982" lon="109.96243221"><ele>1403.429</ele><time>2026-08-14T12:30:03Z</time><sat>45</sat></trkpt>
  <trkpt lat="39.77093773" lon="109.96171868"><ele>1401.970</ele><time>2026-08-14T12:30:06Z</time><sat>46</sat></trkpt>
  <trkpt lat="39.77035702" lon="109.96100468"><ele>1401.905</ele><time>2026-08-14T12:30:09Z</time><sat>46</sat></trkpt>
  <trkpt lat="39.76977412" lon="109.96029213"><ele>1401.413</ele><time>2026-08-14T12:30:12Z</time><sat>44</sat></trkpt>
  <trkpt lat="39.76918843" lon="109.95958528"><ele>1401.631</ele><time>2026-08-14T12:30:15Z</time><sat>46</sat></trkpt>
  <trkpt lat="39.76860699" lon="109.95886727"><ele>1402.712</ele><time>2026-08-14T12:30:18Z</time><sat>47</sat></trkpt>
  <trkpt lat="39.76802372" lon="109.95815521"><ele>1405.019</ele><time>2026-08-14T12:30:21Z</time><sat>47</sat></trkpt>
  <trkpt lat="39.76744463" lon="109.95744637"><ele>1408.915</ele><time>2026-08-14T12:30:24Z</time><sat>47</sat></trkpt>
  <trkpt lat="39.76687698" lon="109.95674369"><ele>1413.287</ele><time>2026-08-14T12:30:27Z</time><sat>46</sat></trkpt>
  <trkpt lat="39.76638545" lon="109.95601767"><ele>1417.053</ele><time>2026-08-14T12:30:30Z</time><sat>46</sat></trkpt>
  <trkpt lat="39.76603177" lon="109.95524367"><ele>1420.153</ele><time>2026-08-14T12:30:33Z</time><sat>45</sat></trkpt>
  <trkpt lat="39.76580850" lon="109.95445950"><ele>1423.008</ele><time>2026-08-14T12:30:36Z</time><sat>46</sat></trkpt>
  <trkpt lat="39.76569667" lon="109.95368167"><ele>1425.391</ele><time>2026-08-14T12:30:39Z</time><sat>44</sat></trkpt>
  <trkpt lat="39.76569011" lon="109.95287700"><ele>1427.865</ele><time>2026-08-14T12:30:42Z</time><sat>41</sat></trkpt>
  <trkpt lat="39.76578974" lon="109.95203414"><ele>1430.470</ele><time>2026-08-14T12:30:45Z</time><sat>40</sat></trkpt>
  <trkpt lat="39.76594893" lon="109.95115933"><ele>1431.851</ele><time>2026-08-14T12:30:48Z</time><sat>39</sat></trkpt>
  <trkpt lat="39.76612294" lon="109.95023631"><ele>1432.816</ele><time>2026-08-14T12:30:51Z</time><sat>39</sat></trkpt>
  <trkpt lat="39.76629970" lon="109.94928172"><ele>1433.448</ele><time>2026-08-14T12:30:54Z</time><sat>41</sat></trkpt>
  <trkpt lat="39.76648536" lon="109.94828955"><ele>1435.642</ele><time>2026-08-14T12:30:57Z</time><sat>42</sat></trkpt>
  <trkpt lat="39.76667314" lon="109.94728888"><ele>1436.539</ele><time>2026-08-14T12:31:00Z</time><sat>46</sat></trkpt>
  <trkpt lat="39.76685590" lon="109.94628020"><ele>1438.942</ele><time>2026-08-14T12:31:03Z</time><sat>46</sat></trkpt>
  <trkpt lat="39.76699061" lon="109.94529376"><ele>1441.840</ele><time>2026-08-14T12:31:06Z</time><sat>47</sat></trkpt>
  <trkpt lat="39.76699549" lon="109.94435396"><ele>1444.414</ele><time>2026-08-14T12:31:09Z</time><sat>47</sat></trkpt>
  <trkpt lat="39.76685259" lon="109.94351527"><ele>1446.819</ele><time>2026-08-14T12:31:12Z</time><sat>47</sat></trkpt>
  <trkpt lat="39.76661000" lon="109.94276982"><ele>1449.733</ele><time>2026-08-14T12:31:15Z</time><sat>47</sat></trkpt>
  <trkpt lat="39.76627763" lon="109.94209787"><ele>1452.016</ele><time>2026-08-14T12:31:18Z</time><sat>47</sat></trkpt>
  <trkpt lat="39.76584989" lon="109.94147018"><ele>1455.091</ele><time>2026-08-14T12:31:21Z</time><sat>47</sat></trkpt>
  <trkpt lat="39.76534737" lon="109.94084260"><ele>1458.338</ele><time>2026-08-14T12:31:24Z</time><sat>47</sat></trkpt>
  <trkpt lat="39.76482132" lon="109.94018610"><ele>1460.973</ele><time>2026-08-14T12:31:27Z</time><sat>47</sat></trkpt>
  <trkpt lat="39.76427789" lon="109.93950492"><ele>1462.808</ele><time>2026-08-14T12:31:30Z</time><sat>46</sat></trkpt>
  <trkpt lat="39.76371229" lon="109.93880391"><ele>1464.661</ele><time>2026-08-14T12:31:33Z</time><sat>47</sat></trkpt>
  <trkpt lat="39.76313496" lon="109.93808771"><ele>1466.145</ele><time>2026-08-14T12:31:36Z</time><sat>47</sat></trkpt>
  <trkpt lat="39.76255973" lon="109.93737133"><ele>1467.799</ele><time>2026-08-14T12:31:39Z</time><sat>45</sat></trkpt>
  <trkpt lat="39.76198129" lon="109.93665172"><ele>1469.390</ele><time>2026-08-14T12:31:42Z</time><sat>46</sat></trkpt>
  <trkpt lat="39.76140855" lon="109.93593947"><ele>1470.347</ele><time>2026-08-14T12:31:45Z</time><sat>46</sat></trkpt>
  <trkpt lat="39.76083875" lon="109.93524015"><ele>1472.046</ele><time>2026-08-14T12:31:48Z</time><sat>48</sat></trkpt>
  <trkpt lat="39.76025964" lon="109.93460830"><ele>1472.293</ele><time>2026-08-14T12:31:51Z</time><sat>48</sat></trkpt>
  <trkpt lat="39.75965314" lon="109.93409401"><ele>1472.143</ele><time>2026-08-14T12:31:54Z</time><sat>48</sat></trkpt>
  <trkpt lat="39.75901420" lon="109.93367712"><ele>1471.149</ele><time>2026-08-14T12:31:57Z</time><sat>48</sat></trkpt>
  <trkpt lat="39.75832466" lon="109.93337754"><ele>1470.421</ele><time>2026-08-14T12:32:00Z</time><sat>48</sat></trkpt>
  <trkpt lat="39.75760801" lon="109.93315051"><ele>1468.373</ele><time>2026-08-14T12:32:03Z</time><sat>48</sat></trkpt>
  <trkpt lat="39.75686539" lon="109.93291060"><ele>1466.601</ele><time>2026-08-14T12:32:06Z</time><sat>48</sat></trkpt>
  <trkpt lat="39.75615979" lon="109.93260720"><ele>1464.867</ele><time>2026-08-14T12:32:09Z</time><sat>43</sat></trkpt>
  <trkpt lat="39.75547767" lon="109.93221172"><ele>1461.694</ele><time>2026-08-14T12:32:12Z</time><sat>40</sat></trkpt>
  <trkpt lat="39.75478797" lon="109.93176038"><ele>1457.989</ele><time>2026-08-14T12:32:15Z</time><sat>42</sat></trkpt>
  <trkpt lat="39.75408125" lon="109.93128947"><ele>1454.971</ele><time>2026-08-14T12:32:18Z</time><sat>48</sat></trkpt>
  <trkpt lat="39.75336960" lon="109.93081994"><ele>1451.705</ele><time>2026-08-14T12:32:21Z</time><sat>48</sat></trkpt>
  <trkpt lat="39.75265758" lon="109.93034917"><ele>1448.721</ele><time>2026-08-14T12:32:24Z</time><sat>48</sat></trkpt>
  <trkpt lat="39.75194595" lon="109.92988101"><ele>1446.312</ele><time>2026-08-14T12:32:27Z</time><sat>48</sat></trkpt>
  <trkpt lat="39.75123211" lon="109.92941926"><ele>1444.433</ele><time>2026-08-14T12:32:30Z</time><sat>48</sat></trkpt>
  <trkpt lat="39.75052249" lon="109.92905271"><ele>1442.755</ele><time>2026-08-14T12:32:33Z</time><sat>45</sat></trkpt>
  <trkpt lat="39.74980171" lon="109.92881510"><ele>1440.975</ele><time>2026-08-14T12:32:36Z</time><sat>42</sat></trkpt>
  <trkpt lat="39.74909541" lon="109.92861131"><ele>1439.027</ele><time>2026-08-14T12:32:39Z</time><sat>42</sat></trkpt>
  <trkpt lat="39.74846384" lon="109.92829618"><ele>1435.961</ele><time>2026-08-14T12:32:42Z</time><sat>42</sat></trkpt>
  <trkpt lat="39.74792788" lon="109.92787279"><ele>1433.300</ele><time>2026-08-14T12:32:45Z</time><sat>44</sat></trkpt>
  <trkpt lat="39.74746646" lon="109.92734831"><ele>1430.831</ele><time>2026-08-14T12:32:48Z</time><sat>45</sat></trkpt>
  <trkpt lat="39.74706103" lon="109.92670349"><ele>1428.088</ele><time>2026-08-14T12:32:51Z</time><sat>45</sat></trkpt>
  <trkpt lat="39.74669414" lon="109.92595183"><ele>1424.433</ele><time>2026-08-14T12:32:54Z</time><sat>46</sat></trkpt>
  <trkpt lat="39.74633702" lon="109.92514537"><ele>1421.553</ele><time>2026-08-14T12:32:57Z</time><sat>47</sat></trkpt>
  <trkpt lat="39.74594045" lon="109.92432616"><ele>1417.983</ele><time>2026-08-14T12:33:00Z</time><sat>47</sat></trkpt>
  <trkpt lat="39.74548142" lon="109.92352899"><ele>1414.665</ele><time>2026-08-14T12:33:03Z</time><sat>46</sat></trkpt>
  <trkpt lat="39.74496652" lon="109.92277750"><ele>1412.228</ele><time>2026-08-14T12:33:06Z</time><sat>46</sat></trkpt>
  <trkpt lat="39.74439497" lon="109.92207277"><ele>1410.976</ele><time>2026-08-14T12:33:09Z</time><sat>46</sat></trkpt>
  <trkpt lat="39.74379911" lon="109.92139190"><ele>1409.325</ele><time>2026-08-14T12:33:12Z</time><sat>46</sat></trkpt>
  <trkpt lat="39.74320632" lon="109.92070233"><ele>1406.054</ele><time>2026-08-14T12:33:15Z</time><sat>48</sat></trkpt>
  <trkpt lat="39.74261062" lon="109.92001199"><ele>1402.541</ele><time>2026-08-14T12:33:18Z</time><sat>47</sat></trkpt>
  <trkpt lat="39.74201437" lon="109.91931918"><ele>1398.659</ele><time>2026-08-14T12:33:21Z</time><sat>48</sat></trkpt>
  <trkpt lat="39.74141839" lon="109.91862766"><ele>1397.903</ele><time>2026-08-14T12:33:24Z</time><sat>48</sat></trkpt>
  <trkpt lat="39.74081575" lon="109.91793001"><ele>1394.262</ele><time>2026-08-14T12:33:27Z</time><sat>47</sat></trkpt>
  <trkpt lat="39.74022225" lon="109.91724428"><ele>1389.318</ele><time>2026-08-14T12:33:30Z</time><sat>47</sat></trkpt>
  <trkpt lat="39.73962775" lon="109.91655306"><ele>1385.690</ele><time>2026-08-14T12:33:33Z</time><sat>46</sat></trkpt>
  <trkpt lat="39.73903535" lon="109.91586526"><ele>1383.615</ele><time>2026-08-14T12:33:36Z</time><sat>47</sat></trkpt>
  <trkpt lat="39.73844312" lon="109.91517438"><ele>1383.131</ele><time>2026-08-14T12:33:39Z</time><sat>47</sat></trkpt>
  <trkpt lat="39.73784692" lon="109.91448548"><ele>1383.451</ele><time>2026-08-14T12:33:42Z</time><sat>47</sat></trkpt>
  <trkpt lat="39.73724532" lon="109.91381655"><ele>1383.174</ele><time>2026-08-14T12:33:45Z</time><sat>44</sat></trkpt>
  <trkpt lat="39.73662471" lon="109.91327038"><ele>1383.382</ele><time>2026-08-14T12:33:48Z</time><sat>45</sat></trkpt>
  <trkpt lat="39.73598523" lon="109.91288287"><ele>1381.464</ele><time>2026-08-14T12:33:51Z</time><sat>48</sat></trkpt>
  <trkpt lat="39.73533639" lon="109.91264217"><ele>1379.509</ele><time>2026-08-14T12:33:54Z</time><sat>48</sat></trkpt>
  <trkpt lat="39.73466593" lon="109.91252632"><ele>1377.178</ele><time>2026-08-14T12:33:57Z</time><sat>48</sat></trkpt>
  <trkpt lat="39.73396285" lon="109.91249305"><ele>1376.422</ele><time>2026-08-14T12:34:00Z</time><sat>48</sat></trkpt>
  <trkpt lat="39.73322314" lon="109.91253141"><ele>1374.396</ele><time>2026-08-14T12:34:03Z</time><sat>48</sat></trkpt>
  <trkpt lat="39.73246109" lon="109.91251745"><ele>1373.595</ele><time>2026-08-14T12:34:06Z</time><sat>47</sat></trkpt>
  <trkpt lat="39.73168633" lon="109.91242239"><ele>1374.009</ele><time>2026-08-14T12:34:09Z</time><sat>48</sat></trkpt>
  <trkpt lat="39.73092171" lon="109.91222723"><ele>1374.038</ele><time>2026-08-14T12:34:12Z</time><sat>48</sat></trkpt>
  <trkpt lat="39.73019944" lon="109.91196469"><ele>1373.242</ele><time>2026-08-14T12:34:15Z</time><sat>48</sat></trkpt>
  <trkpt lat="39.72949241" lon="109.91162310"><ele>1372.609</ele><time>2026-08-14T12:34:18Z</time><sat>48</sat></trkpt>
  <trkpt lat="39.72881660" lon="109.91121325"><ele>1370.786</ele><time>2026-08-14T12:34:21Z</time><sat>47</sat></trkpt>
  <trkpt lat="39.72816823" lon="109.91072573"><ele>1368.462</ele><time>2026-08-14T12:34:24Z</time><sat>46</sat></trkpt>
  <trkpt lat="39.72753508" lon="109.91015744"><ele>1366.402</ele><time>2026-08-14T12:34:27Z</time><sat>47</sat></trkpt>
  <trkpt lat="39.72692601" lon="109.90950606"><ele>1365.945</ele><time>2026-08-14T12:34:30Z</time><sat>46</sat></trkpt>
  <trkpt lat="39.72633870" lon="109.90880996"><ele>1368.350</ele><time>2026-08-14T12:34:33Z</time><sat>46</sat></trkpt>
  <trkpt lat="39.72575532" lon="109.90810687"><ele>1371.487</ele><time>2026-08-14T12:34:36Z</time><sat>47</sat></trkpt>
  <trkpt lat="39.72516929" lon="109.90740265"><ele>1373.732</ele><time>2026-08-14T12:34:39Z</time><sat>47</sat></trkpt>
  <trkpt lat="39.72458316" lon="109.90670380"><ele>1375.036</ele><time>2026-08-14T12:34:42Z</time><sat>48</sat></trkpt>
  <trkpt lat="39.72399384" lon="109.90600071"><ele>1375.146</ele><time>2026-08-14T12:34:45Z</time><sat>48</sat></trkpt>
  <trkpt lat="39.72340760" lon="109.90530221"><ele>1373.595</ele><time>2026-08-14T12:34:48Z</time><sat>47</sat></trkpt>
  <trkpt lat="39.72281968" lon="109.90460551"><ele>1370.881</ele><time>2026-08-14T12:34:51Z</time><sat>47</sat></trkpt>
  <trkpt lat="39.72223642" lon="109.90390340"><ele>1368.519</ele><time>2026-08-14T12:34:54Z</time><sat>47</sat></trkpt>
  <trkpt lat="39.72164908" lon="109.90319739"><ele>1365.188</ele><time>2026-08-14T12:34:57Z</time><sat>48</sat></trkpt>
  <trkpt lat="39.72104952" lon="109.90250935"><ele>1362.191</ele><time>2026-08-14T12:35:00Z</time><sat>48</sat></trkpt>
  <trkpt lat="39.72043436" lon="109.90192620"><ele>1359.038</ele><time>2026-08-14T12:35:03Z</time><sat>48</sat></trkpt>
  <trkpt lat="39.71980404" lon="109.90147402"><ele>1355.496</ele><time>2026-08-14T12:35:06Z</time><sat>48</sat></trkpt>
  <trkpt lat="39.71912544" lon="109.90110764"><ele>1351.768</ele><time>2026-08-14T12:35:09Z</time><sat>47</sat></trkpt>
  <trkpt lat="39.71840543" lon="109.90078902"><ele>1348.713</ele><time>2026-08-14T12:35:12Z</time><sat>48</sat></trkpt>
  <trkpt lat="39.71768467" lon="109.90043503"><ele>1347.460</ele><time>2026-08-14T12:35:15Z</time><sat>49</sat></trkpt>
  <trkpt lat="39.71703063" lon="109.90001185"><ele>1347.291</ele><time>2026-08-14T12:35:18Z</time><sat>48</sat></trkpt>
  <trkpt lat="39.71644012" lon="109.89950283"><ele>1347.474</ele><time>2026-08-14T12:35:21Z</time><sat>48</sat></trkpt>
  <trkpt lat="39.71590557" lon="109.89891358"><ele>1347.255</ele><time>2026-08-14T12:35:24Z</time><sat>48</sat></trkpt>
  <trkpt lat="39.71542103" lon="109.89822766"><ele>1346.815</ele><time>2026-08-14T12:35:27Z</time><sat>49</sat></trkpt>
  <trkpt lat="39.71499086" lon="109.89745996"><ele>1346.573</ele><time>2026-08-14T12:35:30Z</time><sat>47</sat></trkpt>
  <trkpt lat="39.71460860" lon="109.89661554"><ele>1346.605</ele><time>2026-08-14T12:35:33Z</time><sat>49</sat></trkpt>
  <trkpt lat="39.71422499" lon="109.89573505"><ele>1347.171</ele><time>2026-08-14T12:35:36Z</time><sat>49</sat></trkpt>
  <trkpt lat="39.71383288" lon="109.89484232"><ele>1348.091</ele><time>2026-08-14T12:35:39Z</time><sat>49</sat></trkpt>
  <trkpt lat="39.71344338" lon="109.89395839"><ele>1348.678</ele><time>2026-08-14T12:35:42Z</time><sat>47</sat></trkpt>
  <trkpt lat="39.71305177" lon="109.89307128"><ele>1349.824</ele><time>2026-08-14T12:35:45Z</time><sat>49</sat></trkpt>
  <trkpt lat="39.71265819" lon="109.89217345"><ele>1349.515</ele><time>2026-08-14T12:35:48Z</time><sat>49</sat></trkpt>
  <trkpt lat="39.71226340" lon="109.89127319"><ele>1350.901</ele><time>2026-08-14T12:35:51Z</time><sat>47</sat></trkpt>
  <trkpt lat="39.71187007" lon="109.89037682"><ele>1353.668</ele><time>2026-08-14T12:35:54Z</time><sat>49</sat></trkpt>
  <trkpt lat="39.71148062" lon="109.88947925"><ele>1356.769</ele><time>2026-08-14T12:35:57Z</time><sat>47</sat></trkpt>
  <trkpt lat="39.71109448" lon="109.88859233"><ele>1356.786</ele><time>2026-08-14T12:36:00Z</time><sat>48</sat></trkpt>
  <trkpt lat="39.71068697" lon="109.88767898"><ele>1360.005</ele><time>2026-08-14T12:36:03Z</time><sat>47</sat></trkpt>
  <trkpt lat="39.71029736" lon="109.88679397"><ele>1362.673</ele><time>2026-08-14T12:36:06Z</time><sat>45</sat></trkpt>
  <trkpt lat="39.70989977" lon="109.88588153"><ele>1368.106</ele><time>2026-08-14T12:36:09Z</time><sat>45</sat></trkpt>
  <trkpt lat="39.70947472" lon="109.88501193"><ele>1370.494</ele><time>2026-08-14T12:36:12Z</time><sat>44</sat></trkpt>
  <trkpt lat="39.70903229" lon="109.88415039"><ele>1372.875</ele><time>2026-08-14T12:36:15Z</time><sat>44</sat></trkpt>
  <trkpt lat="39.70856906" lon="109.88330352"><ele>1375.315</ele><time>2026-08-14T12:36:18Z</time><sat>44</sat></trkpt>
  <trkpt lat="39.70808724" lon="109.88247639"><ele>1377.926</ele><time>2026-08-14T12:36:21Z</time><sat>46</sat></trkpt>
  <trkpt lat="39.70758362" lon="109.88167343"><ele>1379.319</ele><time>2026-08-14T12:36:24Z</time><sat>47</sat></trkpt>
  <trkpt lat="39.70706672" lon="109.88088893"><ele>1379.407</ele><time>2026-08-14T12:36:27Z</time><sat>46</sat></trkpt>
  <trkpt lat="39.70652992" lon="109.88011231"><ele>1378.980</ele><time>2026-08-14T12:36:30Z</time><sat>48</sat></trkpt>
  <trkpt lat="39.70597538" lon="109.87936236"><ele>1376.751</ele><time>2026-08-14T12:36:33Z</time><sat>49</sat></trkpt>
  <trkpt lat="39.70540541" lon="109.87863318"><ele>1373.379</ele><time>2026-08-14T12:36:36Z</time><sat>49</sat></trkpt>
  <trkpt lat="39.70481716" lon="109.87793187"><ele>1370.390</ele><time>2026-08-14T12:36:39Z</time><sat>47</sat></trkpt>
  <trkpt lat="39.70421369" lon="109.87725430"><ele>1367.767</ele><time>2026-08-14T12:36:42Z</time><sat>47</sat></trkpt>
  <trkpt lat="39.70359257" lon="109.87659180"><ele>1366.905</ele><time>2026-08-14T12:36:45Z</time><sat>47</sat></trkpt>
  <trkpt lat="39.70296968" lon="109.87593447"><ele>1366.104</ele><time>2026-08-14T12:36:48Z</time><sat>47</sat></trkpt>
  <trkpt lat="39.70234959" lon="109.87527947"><ele>1365.898</ele><time>2026-08-14T12:36:51Z</time><sat>46</sat></trkpt>
  <trkpt lat="39.70172884" lon="109.87462151"><ele>1365.005</ele><time>2026-08-14T12:36:54Z</time><sat>45</sat></trkpt>
  <trkpt lat="39.70110600" lon="109.87397025"><ele>1364.422</ele><time>2026-08-14T12:36:57Z</time><sat>46</sat></trkpt>
  <trkpt lat="39.70048401" lon="109.87331672"><ele>1364.901</ele><time>2026-08-14T12:37:00Z</time><sat>45</sat></trkpt>
  <trkpt lat="39.69986519" lon="109.87265951"><ele>1366.583</ele><time>2026-08-14T12:37:03Z</time><sat>46</sat></trkpt>
  <trkpt lat="39.69924428" lon="109.87200161"><ele>1368.218</ele><time>2026-08-14T12:37:06Z</time><sat>47</sat></trkpt>
  <trkpt lat="39.69863410" lon="109.87133251"><ele>1368.471</ele><time>2026-08-14T12:37:09Z</time><sat>46</sat></trkpt>
  <trkpt lat="39.69804504" lon="109.87063135"><ele>1367.683</ele><time>2026-08-14T12:37:12Z</time><sat>47</sat></trkpt>
  <trkpt lat="39.69748037" lon="109.86989912"><ele>1364.985</ele><time>2026-08-14T12:37:15Z</time><sat>49</sat></trkpt>
  <trkpt lat="39.69693377" lon="109.86914126"><ele>1361.885</ele><time>2026-08-14T12:37:18Z</time><sat>49</sat></trkpt>
  <trkpt lat="39.69639088" lon="109.86838160"><ele>1358.563</ele><time>2026-08-14T12:37:21Z</time><sat>47</sat></trkpt>
  <trkpt lat="39.69585719" lon="109.86768017"><ele>1355.908</ele><time>2026-08-14T12:37:24Z</time><sat>47</sat></trkpt>
  <trkpt lat="39.69532158" lon="109.86705174"><ele>1353.250</ele><time>2026-08-14T12:37:27Z</time><sat>46</sat></trkpt>
  <trkpt lat="39.69478091" lon="109.86646689"><ele>1350.924</ele><time>2026-08-14T12:37:30Z</time><sat>46</sat></trkpt>
  <trkpt lat="39.69422608" lon="109.86592174"><ele>1350.119</ele><time>2026-08-14T12:37:33Z</time><sat>47</sat></trkpt>
  <trkpt lat="39.69367472" lon="109.86542151"><ele>1350.640</ele><time>2026-08-14T12:37:36Z</time><sat>48</sat></trkpt>
  <trkpt lat="39.69311409" lon="109.86495893"><ele>1351.822</ele><time>2026-08-14T12:37:39Z</time><sat>47</sat></trkpt>
  <trkpt lat="39.69255016" lon="109.86452073"><ele>1353.714</ele><time>2026-08-14T12:37:42Z</time><sat>47</sat></trkpt>
  <trkpt lat="39.69198483" lon="109.86409249"><ele>1355.636</ele><time>2026-08-14T12:37:45Z</time><sat>47</sat></trkpt>
  <trkpt lat="39.69141424" lon="109.86367189"><ele>1357.469</ele><time>2026-08-14T12:37:48Z</time><sat>48</sat></trkpt>
  <trkpt lat="39.69083765" lon="109.86324737"><ele>1358.639</ele><time>2026-08-14T12:37:51Z</time><sat>47</sat></trkpt>
  <trkpt lat="39.69025959" lon="109.86281338"><ele>1359.093</ele><time>2026-08-14T12:37:54Z</time><sat>47</sat></trkpt>
  <trkpt lat="39.68968814" lon="109.86236879"><ele>1358.567</ele><time>2026-08-14T12:37:57Z</time><sat>45</sat></trkpt>
  <trkpt lat="39.68912497" lon="109.86190909"><ele>1358.205</ele><time>2026-08-14T12:38:00Z</time><sat>48</sat></trkpt>
  <trkpt lat="39.68857280" lon="109.86143026"><ele>1357.747</ele><time>2026-08-14T12:38:03Z</time><sat>47</sat></trkpt>
  <trkpt lat="39.68802860" lon="109.86091312"><ele>1357.482</ele><time>2026-08-14T12:38:06Z</time><sat>48</sat></trkpt>
  <trkpt lat="39.68747653" lon="109.86032901"><ele>1357.856</ele><time>2026-08-14T12:38:09Z</time><sat>47</sat></trkpt>
  <trkpt lat="39.68691362" lon="109.85969072"><ele>1358.537</ele><time>2026-08-14T12:38:12Z</time><sat>45</sat></trkpt>
  <trkpt lat="39.68635020" lon="109.85901640"><ele>1359.055</ele><time>2026-08-14T12:38:15Z</time><sat>45</sat></trkpt>
  <trkpt lat="39.68580412" lon="109.85829909"><ele>1359.691</ele><time>2026-08-14T12:38:18Z</time><sat>47</sat></trkpt>
  <trkpt lat="39.68529179" lon="109.85756380"><ele>1359.768</ele><time>2026-08-14T12:38:21Z</time><sat>48</sat></trkpt>
  <trkpt lat="39.68478321" lon="109.85685933"><ele>1361.746</ele><time>2026-08-14T12:38:24Z</time><sat>48</sat></trkpt>
  <trkpt lat="39.68438965" lon="109.85616808"><ele>1361.945</ele><time>2026-08-14T12:38:27Z</time><sat>47</sat></trkpt>
  <trkpt lat="39.68405969" lon="109.85556417"><ele>1361.517</ele><time>2026-08-14T12:38:30Z</time><sat>46</sat></trkpt>
  <trkpt lat="39.68376880" lon="109.85501309"><ele>1360.493</ele><time>2026-08-14T12:38:33Z</time><sat>43</sat></trkpt>
  <trkpt lat="39.68348258" lon="109.85448501"><ele>1360.362</ele><time>2026-08-14T12:38:36Z</time><sat>45</sat></trkpt>
  <trkpt lat="39.68318359" lon="109.85395357"><ele>1359.480</ele><time>2026-08-14T12:38:39Z</time><sat>45</sat></trkpt>
  <trkpt lat="39.68285503" lon="109.85338054"><ele>1358.789</ele><time>2026-08-14T12:38:42Z</time><sat>47</sat></trkpt>
  <trkpt lat="39.68246079" lon="109.85275322"><ele>1358.485</ele><time>2026-08-14T12:38:45Z</time><sat>48</sat></trkpt>
  <trkpt lat="39.68200886" lon="109.85211278"><ele>1356.819</ele><time>2026-08-14T12:38:48Z</time><sat>48</sat></trkpt>
  <trkpt lat="39.68151863" lon="109.85146112"><ele>1354.562</ele><time>2026-08-14T12:38:51Z</time><sat>49</sat></trkpt>
  <trkpt lat="39.68099736" lon="109.85079103"><ele>1351.535</ele><time>2026-08-14T12:38:54Z</time><sat>49</sat></trkpt>
  <trkpt lat="39.68046512" lon="109.85009636"><ele>1347.800</ele><time>2026-08-14T12:38:57Z</time><sat>49</sat></trkpt>
  <trkpt lat="39.67992858" lon="109.84940042"><ele>1344.268</ele><time>2026-08-14T12:39:00Z</time><sat>49</sat></trkpt>
  <trkpt lat="39.67939787" lon="109.84872808"><ele>1343.443</ele><time>2026-08-14T12:39:03Z</time><sat>49</sat></trkpt>
  <trkpt lat="39.67888037" lon="109.84806034"><ele>1341.647</ele><time>2026-08-14T12:39:06Z</time><sat>49</sat></trkpt>
  <trkpt lat="39.67836881" lon="109.84741077"><ele>1339.043</ele><time>2026-08-14T12:39:09Z</time><sat>43</sat></trkpt>
  <trkpt lat="39.67784824" lon="109.84673207"><ele>1337.349</ele><time>2026-08-14T12:39:12Z</time><sat>46</sat></trkpt>
  <trkpt lat="39.67731187" lon="109.84603296"><ele>1336.372</ele><time>2026-08-14T12:39:15Z</time><sat>47</sat></trkpt>
  <trkpt lat="39.67675401" lon="109.84532135"><ele>1335.853</ele><time>2026-08-14T12:39:18Z</time><sat>47</sat></trkpt>
  <trkpt lat="39.67622930" lon="109.84464726"><ele>1335.270</ele><time>2026-08-14T12:39:21Z</time><sat>44</sat></trkpt>
  <trkpt lat="39.67573296" lon="109.84399102"><ele>1332.155</ele><time>2026-08-14T12:39:24Z</time><sat>45</sat></trkpt>
  <trkpt lat="39.67524380" lon="109.84337050"><ele>1330.073</ele><time>2026-08-14T12:39:27Z</time><sat>46</sat></trkpt>
  <trkpt lat="39.67475889" lon="109.84274918"><ele>1329.202</ele><time>2026-08-14T12:39:30Z</time><sat>48</sat></trkpt>
  <trkpt lat="39.67428819" lon="109.84214115"><ele>1327.646</ele><time>2026-08-14T12:39:33Z</time><sat>46</sat></trkpt>
  <trkpt lat="39.67380026" lon="109.84152260"><ele>1326.621</ele><time>2026-08-14T12:39:36Z</time><sat>44</sat></trkpt>
  <trkpt lat="39.67330122" lon="109.84088143"><ele>1325.314</ele><time>2026-08-14T12:39:39Z</time><sat>44</sat></trkpt>
  <trkpt lat="39.67279677" lon="109.84022611"><ele>1324.110</ele><time>2026-08-14T12:39:42Z</time><sat>45</sat></trkpt>
  <trkpt lat="39.67229643" lon="109.83957804"><ele>1323.114</ele><time>2026-08-14T12:39:45Z</time><sat>46</sat></trkpt>
  <trkpt lat="39.67179851" lon="109.83893614"><ele>1321.814</ele><time>2026-08-14T12:39:48Z</time><sat>46</sat></trkpt>
  <trkpt lat="39.67130119" lon="109.83829391"><ele>1320.150</ele><time>2026-08-14T12:39:51Z</time><sat>45</sat></trkpt>
  <trkpt lat="39.67080403" lon="109.83765024"><ele>1319.281</ele><time>2026-08-14T12:39:54Z</time><sat>46</sat></trkpt>
  <trkpt lat="39.67030731" lon="109.83700933"><ele>1319.954</ele><time>2026-08-14T12:39:57Z</time><sat>48</sat></trkpt>
  <trkpt lat="39.66982549" lon="109.83638344"><ele>1320.284</ele><time>2026-08-14T12:40:00Z</time><sat>47</sat></trkpt>
  <trkpt lat="39.66933807" lon="109.83575923"><ele>1319.950</ele><time>2026-08-14T12:40:03Z</time><sat>46</sat></trkpt>
  <trkpt lat="39.66885690" lon="109.83514070"><ele>1319.277</ele><time>2026-08-14T12:40:06Z</time><sat>47</sat></trkpt>
  <trkpt lat="39.66837006" lon="109.83451319"><ele>1318.286</ele><time>2026-08-14T12:40:09Z</time><sat>46</sat></trkpt>
  <trkpt lat="39.66788008" lon="109.83388428"><ele>1316.201</ele><time>2026-08-14T12:40:12Z</time><sat>47</sat></trkpt>
  <trkpt lat="39.66739571" lon="109.83325831"><ele>1314.152</ele><time>2026-08-14T12:40:15Z</time><sat>45</sat></trkpt>
  <trkpt lat="39.66690799" lon="109.83263093"><ele>1312.905</ele><time>2026-08-14T12:40:18Z</time><sat>43</sat></trkpt>
  <trkpt lat="39.66642372" lon="109.83201263"><ele>1311.956</ele><time>2026-08-14T12:40:21Z</time><sat>45</sat></trkpt>
  <trkpt lat="39.66594903" lon="109.83140245"><ele>1311.765</ele><time>2026-08-14T12:40:24Z</time><sat>44</sat></trkpt>
  <trkpt lat="39.66548322" lon="109.83080895"><ele>1311.517</ele><time>2026-08-14T12:40:27Z</time><sat>45</sat></trkpt>
  <trkpt lat="39.66502233" lon="109.83024251"><ele>1311.495</ele><time>2026-08-14T12:40:30Z</time><sat>47</sat></trkpt>
  <trkpt lat="39.66454253" lon="109.82968116"><ele>1311.647</ele><time>2026-08-14T12:40:33Z</time><sat>48</sat></trkpt>
  <trkpt lat="39.66403119" lon="109.82911931"><ele>1311.898</ele><time>2026-08-14T12:40:36Z</time><sat>47</sat></trkpt>
  <trkpt lat="39.66349121" lon="109.82856189"><ele>1311.944</ele><time>2026-08-14T12:40:39Z</time><sat>46</sat></trkpt>
  <trkpt lat="39.66295570" lon="109.82803673"><ele>1311.775</ele><time>2026-08-14T12:40:42Z</time><sat>46</sat></trkpt>
  <trkpt lat="39.66241886" lon="109.82751787"><ele>1311.781</ele><time>2026-08-14T12:40:45Z</time><sat>43</sat></trkpt>
  <trkpt lat="39.66189899" lon="109.82701325"><ele>1310.938</ele><time>2026-08-14T12:40:48Z</time><sat>44</sat></trkpt>
  <trkpt lat="39.66139317" lon="109.82652439"><ele>1310.851</ele><time>2026-08-14T12:40:51Z</time><sat>46</sat></trkpt>
  <trkpt lat="39.66089369" lon="109.82604353"><ele>1310.247</ele><time>2026-08-14T12:40:54Z</time><sat>44</sat></trkpt>
  <trkpt lat="39.66037243" lon="109.82554931"><ele>1309.893</ele><time>2026-08-14T12:40:57Z</time><sat>43</sat></trkpt>
  <trkpt lat="39.65984158" lon="109.82507512"><ele>1309.573</ele><time>2026-08-14T12:41:00Z</time><sat>42</sat></trkpt>
  <trkpt lat="39.65934367" lon="109.82460365"><ele>1309.727</ele><time>2026-08-14T12:41:03Z</time><sat>41</sat></trkpt>
  <trkpt lat="39.65884477" lon="109.82411502"><ele>1308.741</ele><time>2026-08-14T12:41:06Z</time><sat>44</sat></trkpt>
  <trkpt lat="39.65834773" lon="109.82362457"><ele>1308.327</ele><time>2026-08-14T12:41:09Z</time><sat>45</sat></trkpt>
  <trkpt lat="39.65783054" lon="109.82311266"><ele>1307.748</ele><time>2026-08-14T12:41:12Z</time><sat>44</sat></trkpt>
  <trkpt lat="39.65727701" lon="109.82254891"><ele>1307.084</ele><time>2026-08-14T12:41:15Z</time><sat>42</sat></trkpt>
  <trkpt lat="39.65672980" lon="109.82191108"><ele>1306.133</ele><time>2026-08-14T12:41:18Z</time><sat>44</sat></trkpt>
  <trkpt lat="39.65618541" lon="109.82122705"><ele>1305.644</ele><time>2026-08-14T12:41:21Z</time><sat>45</sat></trkpt>
  <trkpt lat="39.65563151" lon="109.82051469"><ele>1305.065</ele><time>2026-08-14T12:41:24Z</time><sat>46</sat></trkpt>
  <trkpt lat="39.65504396" lon="109.81984423"><ele>1304.231</ele><time>2026-08-14T12:41:27Z</time><sat>45</sat></trkpt>
  <trkpt lat="39.65439617" lon="109.81924805"><ele>1303.923</ele><time>2026-08-14T12:41:30Z</time><sat>45</sat></trkpt>
  <trkpt lat="39.65370754" lon="109.81873337"><ele>1304.080</ele><time>2026-08-14T12:41:33Z</time><sat>47</sat></trkpt>
  <trkpt lat="39.65299403" lon="109.81831727"><ele>1303.527</ele><time>2026-08-14T12:41:36Z</time><sat>47</sat></trkpt>
  <trkpt lat="39.65226928" lon="109.81799363"><ele>1303.422</ele><time>2026-08-14T12:41:39Z</time><sat>47</sat></trkpt>
  <trkpt lat="39.65154217" lon="109.81770450"><ele>1303.069</ele><time>2026-08-14T12:41:42Z</time><sat>47</sat></trkpt>
  <trkpt lat="39.65084541" lon="109.81745576"><ele>1302.252</ele><time>2026-08-14T12:41:45Z</time><sat>45</sat></trkpt>
  <trkpt lat="39.65016364" lon="109.81720826"><ele>1300.116</ele><time>2026-08-14T12:41:48Z</time><sat>45</sat></trkpt>
  <trkpt lat="39.64949506" lon="109.81696508"><ele>1299.103</ele><time>2026-08-14T12:41:51Z</time><sat>47</sat></trkpt>
  <trkpt lat="39.64882599" lon="109.81672103"><ele>1297.862</ele><time>2026-08-14T12:41:54Z</time><sat>48</sat></trkpt>
  <trkpt lat="39.64815660" lon="109.81647618"><ele>1297.418</ele><time>2026-08-14T12:41:57Z</time><sat>47</sat></trkpt>
  <trkpt lat="39.64748756" lon="109.81623332"><ele>1297.787</ele><time>2026-08-14T12:42:00Z</time><sat>44</sat></trkpt>
  <trkpt lat="39.64682986" lon="109.81598204"><ele>1296.133</ele><time>2026-08-14T12:42:03Z</time><sat>43</sat></trkpt>
  <trkpt lat="39.64616518" lon="109.81574236"><ele>1295.828</ele><time>2026-08-14T12:42:06Z</time><sat>47</sat></trkpt>
  <trkpt lat="39.64551503" lon="109.81549493"><ele>1296.610</ele><time>2026-08-14T12:42:09Z</time><sat>47</sat></trkpt>
  <trkpt lat="39.64485620" lon="109.81526290"><ele>1298.556</ele><time>2026-08-14T12:42:12Z</time><sat>47</sat></trkpt>
  <trkpt lat="39.64419642" lon="109.81502370"><ele>1300.208</ele><time>2026-08-14T12:42:15Z</time><sat>46</sat></trkpt>
  <trkpt lat="39.64352644" lon="109.81478208"><ele>1299.896</ele><time>2026-08-14T12:42:18Z</time><sat>45</sat></trkpt>
  <trkpt lat="39.64285176" lon="109.81454092"><ele>1298.585</ele><time>2026-08-14T12:42:21Z</time><sat>48</sat></trkpt>
  <trkpt lat="39.64218391" lon="109.81429535"><ele>1298.658</ele><time>2026-08-14T12:42:24Z</time><sat>48</sat></trkpt>
  <trkpt lat="39.64151961" lon="109.81404383"><ele>1299.046</ele><time>2026-08-14T12:42:27Z</time><sat>46</sat></trkpt>
  <trkpt lat="39.64087259" lon="109.81380515"><ele>1298.807</ele><time>2026-08-14T12:42:30Z</time><sat>47</sat></trkpt>
  <trkpt lat="39.64022150" lon="109.81357371"><ele>1300.599</ele><time>2026-08-14T12:42:33Z</time><sat>46</sat></trkpt>
  <trkpt lat="39.63956661" lon="109.81332987"><ele>1301.970</ele><time>2026-08-14T12:42:36Z</time><sat>47</sat></trkpt>
  <trkpt lat="39.63890717" lon="109.81307927"><ele>1304.046</ele><time>2026-08-14T12:42:39Z</time><sat>47</sat></trkpt>
  <trkpt lat="39.63824874" lon="109.81283315"><ele>1306.507</ele><time>2026-08-14T12:42:42Z</time><sat>45</sat></trkpt>
  <trkpt lat="39.63759062" lon="109.81259304"><ele>1308.669</ele><time>2026-08-14T12:42:45Z</time><sat>45</sat></trkpt>
  <trkpt lat="39.63693512" lon="109.81235991"><ele>1311.041</ele><time>2026-08-14T12:42:48Z</time><sat>48</sat></trkpt>
  <trkpt lat="39.63629697" lon="109.81212498"><ele>1314.123</ele><time>2026-08-14T12:42:51Z</time><sat>48</sat></trkpt>
  <trkpt lat="39.63566054" lon="109.81191309"><ele>1315.904</ele><time>2026-08-14T12:42:54Z</time><sat>48</sat></trkpt>
  <trkpt lat="39.63502530" lon="109.81174393"><ele>1317.834</ele><time>2026-08-14T12:42:57Z</time><sat>47</sat></trkpt>
  <trkpt lat="39.63438793" lon="109.81160518"><ele>1319.690</ele><time>2026-08-14T12:43:00Z</time><sat>41</sat></trkpt>
  <trkpt lat="39.63375744" lon="109.81149847"><ele>1321.684</ele><time>2026-08-14T12:43:03Z</time><sat>40</sat></trkpt>
  <trkpt lat="39.63312664" lon="109.81140355"><ele>1323.868</ele><time>2026-08-14T12:43:06Z</time><sat>37</sat></trkpt>
  <trkpt lat="39.63248232" lon="109.81133731"><ele>1324.346</ele><time>2026-08-14T12:43:09Z</time><sat>39</sat></trkpt>
  <trkpt lat="39.63179452" lon="109.81128863"><ele>1324.032</ele><time>2026-08-14T12:43:12Z</time><sat>42</sat></trkpt>
  <trkpt lat="39.63108419" lon="109.81127489"><ele>1322.881</ele><time>2026-08-14T12:43:15Z</time><sat>44</sat></trkpt>
  <trkpt lat="39.63041580" lon="109.81127173"><ele>1321.229</ele><time>2026-08-14T12:43:18Z</time><sat>39</sat></trkpt>
  <trkpt lat="39.62977805" lon="109.81127998"><ele>1319.001</ele><time>2026-08-14T12:43:21Z</time><sat>38</sat></trkpt>
  <trkpt lat="39.62910753" lon="109.81129636"><ele>1318.452</ele><time>2026-08-14T12:43:24Z</time><sat>42</sat></trkpt>
  <trkpt lat="39.62847348" lon="109.81130304"><ele>1317.437</ele><time>2026-08-14T12:43:27Z</time><sat>42</sat></trkpt>
  <trkpt lat="39.62785355" lon="109.81129880"><ele>1316.946</ele><time>2026-08-14T12:43:30Z</time><sat>41</sat></trkpt>
  <trkpt lat="39.62726040" lon="109.81129642"><ele>1315.981</ele><time>2026-08-14T12:43:33Z</time><sat>44</sat></trkpt>
  <trkpt lat="39.62668408" lon="109.81129635"><ele>1317.403</ele><time>2026-08-14T12:43:36Z</time><sat>45</sat></trkpt>
  <trkpt lat="39.62615158" lon="109.81128961"><ele>1317.937</ele><time>2026-08-14T12:43:39Z</time><sat>45</sat></trkpt>
  <trkpt lat="39.62562396" lon="109.81129193"><ele>1319.503</ele><time>2026-08-14T12:43:42Z</time><sat>44</sat></trkpt>
  <trkpt lat="39.62510411" lon="109.81129416"><ele>1320.040</ele><time>2026-08-14T12:43:45Z</time><sat>41</sat></trkpt>
  <trkpt lat="39.62458357" lon="109.81129500"><ele>1321.514</ele><time>2026-08-14T12:43:48Z</time><sat>44</sat></trkpt>
  <trkpt lat="39.62407191" lon="109.81128901"><ele>1322.309</ele><time>2026-08-14T12:43:51Z</time><sat>44</sat></trkpt>
  <trkpt lat="39.62354760" lon="109.81127178"><ele>1323.183</ele><time>2026-08-14T12:43:54Z</time><sat>42</sat></trkpt>
  <trkpt lat="39.62296573" lon="109.81124084"><ele>1323.982</ele><time>2026-08-14T12:43:57Z</time><sat>43</sat></trkpt>
  <trkpt lat="39.62231299" lon="109.81124034"><ele>1325.407</ele><time>2026-08-14T12:44:00Z</time><sat>43</sat></trkpt>
  <trkpt lat="39.62161302" lon="109.81124326"><ele>1325.360</ele><time>2026-08-14T12:44:03Z</time><sat>42</sat></trkpt>
  <trkpt lat="39.62091542" lon="109.81121586"><ele>1324.459</ele><time>2026-08-14T12:44:06Z</time><sat>42</sat></trkpt>
  <trkpt lat="39.62024708" lon="109.81118056"><ele>1323.697</ele><time>2026-08-14T12:44:09Z</time><sat>41</sat></trkpt>
  <trkpt lat="39.61960973" lon="109.81115329"><ele>1322.695</ele><time>2026-08-14T12:44:12Z</time><sat>39</sat></trkpt>
  <trkpt lat="39.61897527" lon="109.81114849"><ele>1321.909</ele><time>2026-08-14T12:44:15Z</time><sat>39</sat></trkpt>
  <trkpt lat="39.61834842" lon="109.81115971"><ele>1320.188</ele><time>2026-08-14T12:44:18Z</time><sat>41</sat></trkpt>
  <trkpt lat="39.61776749" lon="109.81117865"><ele>1318.079</ele><time>2026-08-14T12:44:21Z</time><sat>45</sat></trkpt>
  <trkpt lat="39.61726720" lon="109.81117812"><ele>1316.188</ele><time>2026-08-14T12:44:24Z</time><sat>44</sat></trkpt>
  <trkpt lat="39.61682164" lon="109.81117976"><ele>1315.735</ele><time>2026-08-14T12:44:27Z</time><sat>43</sat></trkpt>
  <trkpt lat="39.61643265" lon="109.81118069"><ele>1314.433</ele><time>2026-08-14T12:44:30Z</time><sat>38</sat></trkpt>
  <trkpt lat="39.61607595" lon="109.81118390"><ele>1313.428</ele><time>2026-08-14T12:44:33Z</time><sat>38</sat></trkpt>
  <trkpt lat="39.61572482" lon="109.81118441"><ele>1312.821</ele><time>2026-08-14T12:44:36Z</time><sat>40</sat></trkpt>
  <trkpt lat="39.61536485" lon="109.81118513"><ele>1312.089</ele><time>2026-08-14T12:44:39Z</time><sat>39</sat></trkpt>
  <trkpt lat="39.61498529" lon="109.81118717"><ele>1311.822</ele><time>2026-08-14T12:44:42Z</time><sat>38</sat></trkpt>
  <trkpt lat="39.61458832" lon="109.81118655"><ele>1311.418</ele><time>2026-08-14T12:44:45Z</time><sat>38</sat></trkpt>
  <trkpt lat="39.61418855" lon="109.81118422"><ele>1310.655</ele><time>2026-08-14T12:44:48Z</time><sat>41</sat></trkpt>
  <trkpt lat="39.61381802" lon="109.81118448"><ele>1310.491</ele><time>2026-08-14T12:44:51Z</time><sat>41</sat></trkpt>
  <trkpt lat="39.61345705" lon="109.81118498"><ele>1310.910</ele><time>2026-08-14T12:44:54Z</time><sat>36</sat></trkpt>
  <trkpt lat="39.61308681" lon="109.81118088"><ele>1309.982</ele><time>2026-08-14T12:44:57Z</time><sat>37</sat></trkpt>
  <trkpt lat="39.61272845" lon="109.81117833"><ele>1309.208</ele><time>2026-08-14T12:45:00Z</time><sat>39</sat></trkpt>
  <trkpt lat="39.61235817" lon="109.81117580"><ele>1308.743</ele><time>2026-08-14T12:45:03Z</time><sat>39</sat></trkpt>
  <trkpt lat="39.61199925" lon="109.81117269"><ele>1307.771</ele><time>2026-08-14T12:45:06Z</time><sat>39</sat></trkpt>
  <trkpt lat="39.61170023" lon="109.81116886"><ele>1307.563</ele><time>2026-08-14T12:45:09Z</time><sat>38</sat></trkpt>
  <trkpt lat="39.61142185" lon="109.81116798"><ele>1307.721</ele><time>2026-08-14T12:45:12Z</time><sat>39</sat></trkpt>
  <trkpt lat="39.61109598" lon="109.81116584"><ele>1307.048</ele><time>2026-08-14T12:45:15Z</time><sat>40</sat></trkpt>
  <trkpt lat="39.61073090" lon="109.81116691"><ele>1306.368</ele><time>2026-08-14T12:45:18Z</time><sat>42</sat></trkpt>
  <trkpt lat="39.61033513" lon="109.81116608"><ele>1305.308</ele><time>2026-08-14T12:45:21Z</time><sat>41</sat></trkpt>
  <trkpt lat="39.60994572" lon="109.81116501"><ele>1304.426</ele><time>2026-08-14T12:45:24Z</time><sat>42</sat></trkpt>
  <trkpt lat="39.60958714" lon="109.81116485"><ele>1303.491</ele><time>2026-08-14T12:45:27Z</time><sat>39</sat></trkpt>
  <trkpt lat="39.60924704" lon="109.81116532"><ele>1302.108</ele><time>2026-08-14T12:45:30Z</time><sat>39</sat></trkpt>
  <trkpt lat="39.60890447" lon="109.81116695"><ele>1301.685</ele><time>2026-08-14T12:45:33Z</time><sat>41</sat></trkpt>
  <trkpt lat="39.60854154" lon="109.81116542"><ele>1300.725</ele><time>2026-08-14T12:45:36Z</time><sat>41</sat></trkpt>
  <trkpt lat="39.60815076" lon="109.81116837"><ele>1299.706</ele><time>2026-08-14T12:45:39Z</time><sat>40</sat></trkpt>
  <trkpt lat="39.60778201" lon="109.81116769"><ele>1298.482</ele><time>2026-08-14T12:45:42Z</time><sat>41</sat></trkpt>
  <trkpt lat="39.60746456" lon="109.81117158"><ele>1297.055</ele><time>2026-08-14T12:45:45Z</time><sat>39</sat></trkpt>
  <trkpt lat="39.60719282" lon="109.81116908"><ele>1295.440</ele><time>2026-08-14T12:45:48Z</time><sat>40</sat></trkpt>
  <trkpt lat="39.60697344" lon="109.81116622"><ele>1294.639</ele><time>2026-08-14T12:45:51Z</time><sat>41</sat></trkpt>
  <trkpt lat="39.60674094" lon="109.81116022"><ele>1293.676</ele><time>2026-08-14T12:45:54Z</time><sat>39</sat></trkpt>
  <trkpt lat="39.60647680" lon="109.81115241"><ele>1292.559</ele><time>2026-08-14T12:45:57Z</time><sat>38</sat></trkpt>
  <trkpt lat="39.60616356" lon="109.81114877"><ele>1291.592</ele><time>2026-08-14T12:46:00Z</time><sat>42</sat></trkpt>
  <trkpt lat="39.60582236" lon="109.81115344"><ele>1291.027</ele><time>2026-08-14T12:46:03Z</time><sat>43</sat></trkpt>
  <trkpt lat="39.60546267" lon="109.81116299"><ele>1290.387</ele><time>2026-08-14T12:46:06Z</time><sat>42</sat></trkpt>
  <trkpt lat="39.60509360" lon="109.81116534"><ele>1290.916</ele><time>2026-08-14T12:46:09Z</time><sat>41</sat></trkpt>
  <trkpt lat="39.60471389" lon="109.81116214"><ele>1290.971</ele><time>2026-08-14T12:46:12Z</time><sat>42</sat></trkpt>
  <trkpt lat="39.60432708" lon="109.81116476"><ele>1290.778</ele><time>2026-08-14T12:46:15Z</time><sat>37</sat></trkpt>
  <trkpt lat="39.60397674" lon="109.81116529"><ele>1290.618</ele><time>2026-08-14T12:46:18Z</time><sat>37</sat></trkpt>
  <trkpt lat="39.60365784" lon="109.81115756"><ele>1289.986</ele><time>2026-08-14T12:46:21Z</time><sat>39</sat></trkpt>
  <trkpt lat="39.60334134" lon="109.81115513"><ele>1290.059</ele><time>2026-08-14T12:46:24Z</time><sat>38</sat></trkpt>
  <trkpt lat="39.60299139" lon="109.81115773"><ele>1290.582</ele><time>2026-08-14T12:46:27Z</time><sat>36</sat></trkpt>
  <trkpt lat="39.60263925" lon="109.81116215"><ele>1290.431</ele><time>2026-08-14T12:46:30Z</time><sat>35</sat></trkpt>
  <trkpt lat="39.60231166" lon="109.81116166"><ele>1289.942</ele><time>2026-08-14T12:46:33Z</time><sat>38</sat></trkpt>
  <trkpt lat="39.60200542" lon="109.81115854"><ele>1290.304</ele><time>2026-08-14T12:46:36Z</time><sat>37</sat></trkpt>
  <trkpt lat="39.60168463" lon="109.81115853"><ele>1291.170</ele><time>2026-08-14T12:46:39Z</time><sat>36</sat></trkpt>
  <trkpt lat="39.60137690" lon="109.81116566"><ele>1290.565</ele><time>2026-08-14T12:46:42Z</time><sat>37</sat></trkpt>
  <trkpt lat="39.60109503" lon="109.81116115"><ele>1291.173</ele><time>2026-08-14T12:46:45Z</time><sat>38</sat></trkpt>
  <trkpt lat="39.60083238" lon="109.81115353"><ele>1291.040</ele><time>2026-08-14T12:46:48Z</time><sat>37</sat></trkpt>
  <trkpt lat="39.60058326" lon="109.81113998"><ele>1291.023</ele><time>2026-08-14T12:46:51Z</time><sat>37</sat></trkpt>
  <trkpt lat="39.60032437" lon="109.81110370"><ele>1291.003</ele><time>2026-08-14T12:46:54Z</time><sat>37</sat></trkpt>
  <trkpt lat="39.60003845" lon="109.81108609"><ele>1290.699</ele><time>2026-08-14T12:46:57Z</time><sat>38</sat></trkpt>
  <trkpt lat="39.59974372" lon="109.81107933"><ele>1291.384</ele><time>2026-08-14T12:47:00Z</time><sat>41</sat></trkpt>
  <trkpt lat="39.59946152" lon="109.81108733"><ele>1291.341</ele><time>2026-08-14T12:47:03Z</time><sat>43</sat></trkpt>
  <trkpt lat="39.59918111" lon="109.81108530"><ele>1290.621</ele><time>2026-08-14T12:47:06Z</time><sat>41</sat></trkpt>
  <trkpt lat="39.59890820" lon="109.81108658"><ele>1290.384</ele><time>2026-08-14T12:47:09Z</time><sat>41</sat></trkpt>
  <trkpt lat="39.59857526" lon="109.81108926"><ele>1290.155</ele><time>2026-08-14T12:47:12Z</time><sat>40</sat></trkpt>
  <trkpt lat="39.59819044" lon="109.81108290"><ele>1290.129</ele><time>2026-08-14T12:47:15Z</time><sat>39</sat></trkpt>
  <trkpt lat="39.59787619" lon="109.81108024"><ele>1290.170</ele><time>2026-08-14T12:47:18Z</time><sat>39</sat></trkpt>
  <trkpt lat="39.59759536" lon="109.81106102"><ele>1290.854</ele><time>2026-08-14T12:47:21Z</time><sat>38</sat></trkpt>
  <trkpt lat="39.59735889" lon="109.81103527"><ele>1290.969</ele><time>2026-08-14T12:47:24Z</time><sat>40</sat></trkpt>
  <trkpt lat="39.59713982" lon="109.81102833"><ele>1291.320</ele><time>2026-08-14T12:47:27Z</time><sat>39</sat></trkpt>
  <trkpt lat="39.59697137" lon="109.81088847"><ele>1291.439</ele><time>2026-08-14T12:47:30Z</time><sat>39</sat></trkpt>
  <trkpt lat="39.59691600" lon="109.81054857"><ele>1291.464</ele><time>2026-08-14T12:47:33Z</time><sat>44</sat></trkpt>
  <trkpt lat="39.59690506" lon="109.81007691"><ele>1291.207</ele><time>2026-08-14T12:47:36Z</time><sat>45</sat></trkpt>
  <trkpt lat="39.59690221" lon="109.80956814"><ele>1290.993</ele><time>2026-08-14T12:47:39Z</time><sat>45</sat></trkpt>
  <trkpt lat="39.59690033" lon="109.80906366"><ele>1290.839</ele><time>2026-08-14T12:47:42Z</time><sat>39</sat></trkpt>
  <trkpt lat="39.59689919" lon="109.80858706"><ele>1290.649</ele><time>2026-08-14T12:47:45Z</time><sat>34</sat></trkpt>
  <trkpt lat="39.59690040" lon="109.80818337"><ele>1290.498</ele><time>2026-08-14T12:47:48Z</time><sat>35</sat></trkpt>
  <trkpt lat="39.59690117" lon="109.80787940"><ele>1290.462</ele><time>2026-08-14T12:47:51Z</time><sat>40</sat></trkpt>
  <trkpt lat="39.59689436" lon="109.80767655"><ele>1292.310</ele><time>2026-08-14T12:47:54Z</time><sat>45</sat></trkpt>
  <trkpt lat="39.59690667" lon="109.80754573"><ele>1291.366</ele><time>2026-08-14T12:47:57Z</time><sat>46</sat></trkpt>
  <trkpt lat="39.59690135" lon="109.80738065"><ele>1291.920</ele><time>2026-08-14T12:48:00Z</time><sat>45</sat></trkpt>
  <trkpt lat="39.59690272" lon="109.80714920"><ele>1291.240</ele><time>2026-08-14T12:48:03Z</time><sat>40</sat></trkpt>
  <trkpt lat="39.59690293" lon="109.80686926"><ele>1290.693</ele><time>2026-08-14T12:48:06Z</time><sat>38</sat></trkpt>
  <trkpt lat="39.59690186" lon="109.80656185"><ele>1290.794</ele><time>2026-08-14T12:48:09Z</time><sat>38</sat></trkpt>
  <trkpt lat="39.59690232" lon="109.80620528"><ele>1290.981</ele><time>2026-08-14T12:48:12Z</time><sat>37</sat></trkpt>
  <trkpt lat="39.59690264" lon="109.80577277"><ele>1290.691</ele><time>2026-08-14T12:48:15Z</time><sat>38</sat></trkpt>
  <trkpt lat="39.59690268" lon="109.80528366"><ele>1290.933</ele><time>2026-08-14T12:48:18Z</time><sat>36</sat></trkpt>
  <trkpt lat="39.59689706" lon="109.80479432"><ele>1290.818</ele><time>2026-08-14T12:48:21Z</time><sat>36</sat></trkpt>
  <trkpt lat="39.59689642" lon="109.80431630"><ele>1290.282</ele><time>2026-08-14T12:48:24Z</time><sat>39</sat></trkpt>
  <trkpt lat="39.59689597" lon="109.80389147"><ele>1290.117</ele><time>2026-08-14T12:48:27Z</time><sat>39</sat></trkpt>
  <trkpt lat="39.59689175" lon="109.80378539"><ele>1290.273</ele><time>2026-08-14T12:48:30Z</time><sat>37</sat></trkpt>
  <trkpt lat="39.59689552" lon="109.80378630"><ele>1290.288</ele><time>2026-08-14T12:48:33Z</time><sat>44</sat></trkpt>
  <trkpt lat="39.59689729" lon="109.80378529"><ele>1290.188</ele><time>2026-08-14T12:48:36Z</time><sat>43</sat></trkpt>
  <trkpt lat="39.59689731" lon="109.80378549"><ele>1290.264</ele><time>2026-08-14T12:48:39Z</time><sat>38</sat></trkpt>
  <trkpt lat="39.59689732" lon="109.80378463"><ele>1290.458</ele><time>2026-08-14T12:48:42Z</time><sat>37</sat></trkpt>
  <trkpt lat="39.59689717" lon="109.80378459"><ele>1290.475</ele><time>2026-08-14T12:48:45Z</time><sat>43</sat></trkpt>
  <trkpt lat="39.59689480" lon="109.80378120"><ele>1290.840</ele><time>2026-08-14T12:48:48Z</time><sat>43</sat></trkpt>
  <trkpt lat="39.59689661" lon="109.80378325"><ele>1290.777</ele><time>2026-08-14T12:48:51Z</time><sat>43</sat></trkpt>
  <trkpt lat="39.59689854" lon="109.80378557"><ele>1290.948</ele><time>2026-08-14T12:48:54Z</time><sat>43</sat></trkpt>
  <trkpt lat="39.59689882" lon="109.80378633"><ele>1291.166</ele><time>2026-08-14T12:48:57Z</time><sat>42</sat></trkpt>
  <trkpt lat="39.59689853" lon="109.80378627"><ele>1291.166</ele><time>2026-08-14T12:49:00Z</time><sat>42</sat></trkpt>
  <trkpt lat="39.59689856" lon="109.80378651"><ele>1291.186</ele><time>2026-08-14T12:49:03Z</time><sat>39</sat></trkpt>
  <trkpt lat="39.59689860" lon="109.80378646"><ele>1291.185</ele><time>2026-08-14T12:49:06Z</time><sat>41</sat></trkpt>
  <trkpt lat="39.59689855" lon="109.80378635"><ele>1291.206</ele><time>2026-08-14T12:49:09Z</time><sat>39</sat></trkpt>
  <trkpt lat="39.59689857" lon="109.80378633"><ele>1291.204</ele><time>2026-08-14T12:49:12Z</time><sat>38</sat></trkpt>
  <trkpt lat="39.59689867" lon="109.80378637"><ele>1291.208</ele><time>2026-08-14T12:49:15Z</time><sat>39</sat></trkpt>
  <trkpt lat="39.59689867" lon="109.80378651"><ele>1291.202</ele><time>2026-08-14T12:49:18Z</time><sat>38</sat></trkpt>
  <trkpt lat="39.59689874" lon="109.80378652"><ele>1291.226</ele><time>2026-08-14T12:49:21Z</time><sat>39</sat></trkpt>
  <trkpt lat="39.59689886" lon="109.80378634"><ele>1291.236</ele><time>2026-08-14T12:49:24Z</time><sat>41</sat></trkpt>
  <trkpt lat="39.59689889" lon="109.80378622"><ele>1291.260</ele><time>2026-08-14T12:49:27Z</time><sat>41</sat></trkpt>
  <trkpt lat="39.59689922" lon="109.80376025"><ele>1291.335</ele><time>2026-08-14T12:49:30Z</time><sat>40</sat></trkpt>
  <trkpt lat="39.59689852" lon="109.80358486"><ele>1291.712</ele><time>2026-08-14T12:49:33Z</time><sat>41</sat></trkpt>
  <trkpt lat="39.59689949" lon="109.80331911"><ele>1291.727</ele><time>2026-08-14T12:49:36Z</time><sat>43</sat></trkpt>
  <trkpt lat="39.59689784" lon="109.80298468"><ele>1291.890</ele><time>2026-08-14T12:49:39Z</time><sat>41</sat></trkpt>
  <trkpt lat="39.59694742" lon="109.80261630"><ele>1289.575</ele><time>2026-08-14T12:49:42Z</time><sat>40</sat></trkpt>
  <trkpt lat="39.59689974" lon="109.80210621"><ele>1292.045</ele><time>2026-08-14T12:49:45Z</time><sat>40</sat></trkpt>
  <trkpt lat="39.59689294" lon="109.80158506"><ele>1291.872</ele><time>2026-08-14T12:49:48Z</time><sat>40</sat></trkpt>
  <trkpt lat="39.59689587" lon="109.80107540"><ele>1291.081</ele><time>2026-08-14T12:49:51Z</time><sat>40</sat></trkpt>
  <trkpt lat="39.59689048" lon="109.80063753"><ele>1289.893</ele><time>2026-08-14T12:49:54Z</time><sat>40</sat></trkpt>
  <trkpt lat="39.59688798" lon="109.80021231"><ele>1289.670</ele><time>2026-08-14T12:49:57Z</time><sat>40</sat></trkpt>
  <trkpt lat="39.59694674" lon="109.79983770"><ele>1281.684</ele><time>2026-08-14T12:50:00Z</time><sat>41</sat></trkpt>
  <trkpt lat="39.59693334" lon="109.79935197"><ele>1282.737</ele><time>2026-08-14T12:50:03Z</time><sat>35</sat></trkpt>
  <trkpt lat="39.59692765" lon="109.79872006"><ele>1284.159</ele><time>2026-08-14T12:50:06Z</time><sat>38</sat></trkpt>
  <trkpt lat="39.59692045" lon="109.79806885"><ele>1285.467</ele><time>2026-08-14T12:50:09Z</time><sat>39</sat></trkpt>
  <trkpt lat="39.59691601" lon="109.79747025"><ele>1286.300</ele><time>2026-08-14T12:50:12Z</time><sat>40</sat></trkpt>
  <trkpt lat="39.59691313" lon="109.79691887"><ele>1287.122</ele><time>2026-08-14T12:50:15Z</time><sat>39</sat></trkpt>
  <trkpt lat="39.59690393" lon="109.79645129"><ele>1288.124</ele><time>2026-08-14T12:50:18Z</time><sat>38</sat></trkpt>
  <trkpt lat="39.59688370" lon="109.79604860"><ele>1289.046</ele><time>2026-08-14T12:50:21Z</time><sat>38</sat></trkpt>
  <trkpt lat="39.59684338" lon="109.79564440"><ele>1288.677</ele><time>2026-08-14T12:50:24Z</time><sat>36</sat></trkpt>
  <trkpt lat="39.59676123" lon="109.79513388"><ele>1288.875</ele><time>2026-08-14T12:50:27Z</time><sat>40</sat></trkpt>
  <trkpt lat="39.59664075" lon="109.79465346"><ele>1289.046</ele><time>2026-08-14T12:50:30Z</time><sat>40</sat></trkpt>
  <trkpt lat="39.59654556" lon="109.79431474"><ele>1289.351</ele><time>2026-08-14T12:50:33Z</time><sat>41</sat></trkpt>
  <trkpt lat="39.59649476" lon="109.79413982"><ele>1288.875</ele><time>2026-08-14T12:50:36Z</time><sat>38</sat></trkpt>
  <trkpt lat="39.59645985" lon="109.79402585"><ele>1289.024</ele><time>2026-08-14T12:50:39Z</time><sat>41</sat></trkpt>
  <trkpt lat="39.59635287" lon="109.79370406"><ele>1289.306</ele><time>2026-08-14T12:50:42Z</time><sat>43</sat></trkpt>
  <trkpt lat="39.59616585" lon="109.79320387"><ele>1289.356</ele><time>2026-08-14T12:50:45Z</time><sat>45</sat></trkpt>
  <trkpt lat="39.59594438" lon="109.79266984"><ele>1289.140</ele><time>2026-08-14T12:50:48Z</time><sat>41</sat></trkpt>
  <trkpt lat="39.59579383" lon="109.79226595"><ele>1288.953</ele><time>2026-08-14T12:50:51Z</time><sat>43</sat></trkpt>
  <trkpt lat="39.59573212" lon="109.79209418"><ele>1289.126</ele><time>2026-08-14T12:50:54Z</time><sat>42</sat></trkpt>
  <trkpt lat="39.59572584" lon="109.79207454"><ele>1288.963</ele><time>2026-08-14T12:50:57Z</time><sat>41</sat></trkpt>
  <trkpt lat="39.59572583" lon="109.79207455"><ele>1288.959</ele><time>2026-08-14T12:51:00Z</time><sat>43</sat></trkpt>
  <trkpt lat="39.59572583" lon="109.79207455"><ele>1288.959</ele><time>2026-08-14T12:51:03Z</time><sat>43</sat></trkpt>
  <trkpt lat="39.59572583" lon="109.79207455"><ele>1288.959</ele><time>2026-08-14T12:51:06Z</time><sat>40</sat></trkpt>
  <trkpt lat="39.59572583" lon="109.79207455"><ele>1288.959</ele><time>2026-08-14T12:51:09Z</time><sat>40</sat></trkpt>
  <trkpt lat="39.59572204" lon="109.79206092"><ele>1285.781</ele><time>2026-08-14T12:51:12Z</time><sat>41</sat></trkpt>
  <trkpt lat="39.59572713" lon="109.79206268"><ele>1280.764</ele><time>2026-08-14T12:51:15Z</time><sat>34</sat></trkpt>
  <trkpt lat="39.59573034" lon="109.79205470"><ele>1281.701</ele><time>2026-08-14T12:51:18Z</time><sat>34</sat></trkpt>
  <trkpt lat="39.59572790" lon="109.79205937"><ele>1282.638</ele><time>2026-08-14T12:51:21Z</time><sat>37</sat></trkpt>
  <trkpt lat="39.59573411" lon="109.79206576"><ele>1281.638</ele><time>2026-08-14T12:51:24Z</time><sat>35</sat></trkpt>
  <trkpt lat="39.59573540" lon="109.79206733"><ele>1281.069</ele><time>2026-08-14T12:51:27Z</time><sat>43</sat></trkpt>
  <trkpt lat="39.59573540" lon="109.79206733"><ele>1281.069</ele><time>2026-08-14T12:51:30Z</time><sat>42</sat></trkpt>
  <trkpt lat="39.59572799" lon="109.79205909"><ele>1280.743</ele><time>2026-08-14T12:51:33Z</time><sat>41</sat></trkpt>
  <trkpt lat="39.59573201" lon="109.79206100"><ele>1281.328</ele><time>2026-08-14T12:51:36Z</time><sat>41</sat></trkpt>
  <trkpt lat="39.59573201" lon="109.79206100"><ele>1281.328</ele><time>2026-08-14T12:51:39Z</time><sat>36</sat></trkpt>
  <trkpt lat="39.59573201" lon="109.79206100"><ele>1281.328</ele><time>2026-08-14T12:51:42Z</time><sat>37</sat></trkpt>
  <trkpt lat="39.59572993" lon="109.79205784"><ele>1280.951</ele><time>2026-08-14T12:51:45Z</time><sat>38</sat></trkpt>
  <trkpt lat="39.59573080" lon="109.79206121"><ele>1281.313</ele><time>2026-08-14T12:51:48Z</time><sat>39</sat></trkpt>
  <trkpt lat="39.59573017" lon="109.79205999"><ele>1281.268</ele><time>2026-08-14T12:51:51Z</time><sat>36</sat></trkpt>
  <trkpt lat="39.59569399" lon="109.79196383"><ele>1281.274</ele><time>2026-08-14T12:51:54Z</time><sat>37</sat></trkpt>
  <trkpt lat="39.59555923" lon="109.79179320"><ele>1281.238</ele><time>2026-08-14T12:51:57Z</time><sat>40</sat></trkpt>
  <trkpt lat="39.59535630" lon="109.79173121"><ele>1281.222</ele><time>2026-08-14T12:52:00Z</time><sat>41</sat></trkpt>
  <trkpt lat="39.59512797" lon="109.79184643"><ele>1282.002</ele><time>2026-08-14T12:52:03Z</time><sat>42</sat></trkpt>
  <trkpt lat="39.59483755" lon="109.79200948"><ele>1281.891</ele><time>2026-08-14T12:52:06Z</time><sat>39</sat></trkpt>
  <trkpt lat="39.59451155" lon="109.79218690"><ele>1281.837</ele><time>2026-08-14T12:52:09Z</time><sat>39</sat></trkpt>
  <trkpt lat="39.59415581" lon="109.79240100"><ele>1281.860</ele><time>2026-08-14T12:52:12Z</time><sat>41</sat></trkpt>
  <trkpt lat="39.59380529" lon="109.79261416"><ele>1281.733</ele><time>2026-08-14T12:52:15Z</time><sat>37</sat></trkpt>
  <trkpt lat="39.59350298" lon="109.79280011"><ele>1281.824</ele><time>2026-08-14T12:52:18Z</time><sat>41</sat></trkpt>
  <trkpt lat="39.59328935" lon="109.79292944"><ele>1281.825</ele><time>2026-08-14T12:52:21Z</time><sat>38</sat></trkpt>
  <trkpt lat="39.59315469" lon="109.79301169"><ele>1281.854</ele><time>2026-08-14T12:52:24Z</time><sat>41</sat></trkpt>
  <trkpt lat="39.59301435" lon="109.79309809"><ele>1282.265</ele><time>2026-08-14T12:52:27Z</time><sat>42</sat></trkpt>
  <trkpt lat="39.59281657" lon="109.79321628"><ele>1282.166</ele><time>2026-08-14T12:52:30Z</time><sat>41</sat></trkpt>
  <trkpt lat="39.59256833" lon="109.79336865"><ele>1282.095</ele><time>2026-08-14T12:52:33Z</time><sat>44</sat></trkpt>
  <trkpt lat="39.59226966" lon="109.79355159"><ele>1282.100</ele><time>2026-08-14T12:52:36Z</time><sat>44</sat></trkpt>
  <trkpt lat="39.59195355" lon="109.79374480"><ele>1282.055</ele><time>2026-08-14T12:52:39Z</time><sat>40</sat></trkpt>
  <trkpt lat="39.59169891" lon="109.79390046"><ele>1282.166</ele><time>2026-08-14T12:52:42Z</time><sat>42</sat></trkpt>
  <trkpt lat="39.59153822" lon="109.79399957"><ele>1282.150</ele><time>2026-08-14T12:52:45Z</time><sat>43</sat></trkpt>
  <trkpt lat="39.59137960" lon="109.79409649"><ele>1282.152</ele><time>2026-08-14T12:52:48Z</time><sat>42</sat></trkpt>
  <trkpt lat="39.59122907" lon="109.79418873"><ele>1282.213</ele><time>2026-08-14T12:52:51Z</time><sat>42</sat></trkpt>
  <trkpt lat="39.59113090" lon="109.79424837"><ele>1283.123</ele><time>2026-08-14T12:52:54Z</time><sat>39</sat></trkpt>
  <trkpt lat="39.59105953" lon="109.79429162"><ele>1284.868</ele><time>2026-08-14T12:52:57Z</time><sat>39</sat></trkpt>
  <trkpt lat="39.59102253" lon="109.79431368"><ele>1286.414</ele><time>2026-08-14T12:53:00Z</time><sat>41</sat></trkpt>
  <trkpt lat="39.59098359" lon="109.79433621"><ele>1287.666</ele><time>2026-08-14T12:53:03Z</time><sat>41</sat></trkpt>
  <trkpt lat="39.59095517" lon="109.79435292"><ele>1288.843</ele><time>2026-08-14T12:53:06Z</time><sat>42</sat></trkpt>
  <trkpt lat="39.59095277" lon="109.79435377"><ele>1288.968</ele><time>2026-08-14T12:53:09Z</time><sat>42</sat></trkpt>
  <trkpt lat="39.59095056" lon="109.79435535"><ele>1289.046</ele><time>2026-08-14T12:53:12Z</time><sat>38</sat></trkpt>
  <trkpt lat="39.59095056" lon="109.79435535"><ele>1289.046</ele><time>2026-08-14T12:53:15Z</time><sat>37</sat></trkpt>
  <trkpt lat="39.59094888" lon="109.79435411"><ele>1289.277</ele><time>2026-08-14T12:53:18Z</time><sat>37</sat></trkpt>
  <trkpt lat="39.59096561" lon="109.79434138"><ele>1292.017</ele><time>2026-08-14T12:53:21Z</time><sat>37</sat></trkpt>
  <trkpt lat="39.59096392" lon="109.79433985"><ele>1290.266</ele><time>2026-08-14T12:53:24Z</time><sat>40</sat></trkpt>
  <trkpt lat="39.59095868" lon="109.79434360"><ele>1290.224</ele><time>2026-08-14T12:53:27Z</time><sat>40</sat></trkpt>
  <trkpt lat="39.59091173" lon="109.79437197"><ele>1290.302</ele><time>2026-08-14T12:53:30Z</time><sat>42</sat></trkpt>
  <trkpt lat="39.59084518" lon="109.79441330"><ele>1290.283</ele><time>2026-08-14T12:53:33Z</time><sat>42</sat></trkpt>
  <trkpt lat="39.59077174" lon="109.79445926"><ele>1290.320</ele><time>2026-08-14T12:53:36Z</time><sat>45</sat></trkpt>
  <trkpt lat="39.59069134" lon="109.79450243"><ele>1290.367</ele><time>2026-08-14T12:53:39Z</time><sat>42</sat></trkpt>
  <trkpt lat="39.59062248" lon="109.79450367"><ele>1290.254</ele><time>2026-08-14T12:53:42Z</time><sat>41</sat></trkpt>
  <trkpt lat="39.59058859" lon="109.79448311"><ele>1290.243</ele><time>2026-08-14T12:53:45Z</time><sat>43</sat></trkpt>
  <trkpt lat="39.59058089" lon="109.79447567"><ele>1290.289</ele><time>2026-08-14T12:53:48Z</time><sat>39</sat></trkpt>
  <trkpt lat="39.59057148" lon="109.79446458"><ele>1290.296</ele><time>2026-08-14T12:53:51Z</time><sat>38</sat></trkpt>
  <trkpt lat="39.59055749" lon="109.79443414"><ele>1290.316</ele><time>2026-08-14T12:53:54Z</time><sat>42</sat></trkpt>
  <trkpt lat="39.59054071" lon="109.79439236"><ele>1290.520</ele><time>2026-08-14T12:53:57Z</time><sat>40</sat></trkpt>
  <trkpt lat="39.59051953" lon="109.79432900"><ele>1290.634</ele><time>2026-08-14T12:54:00Z</time><sat>40</sat></trkpt>
  <trkpt lat="39.59049189" lon="109.79424305"><ele>1290.660</ele><time>2026-08-14T12:54:03Z</time><sat>40</sat></trkpt>
  <trkpt lat="39.59045871" lon="109.79415014"><ele>1291.051</ele><time>2026-08-14T12:54:06Z</time><sat>38</sat></trkpt>
  <trkpt lat="39.59042611" lon="109.79405908"><ele>1291.085</ele><time>2026-08-14T12:54:09Z</time><sat>39</sat></trkpt>
  <trkpt lat="39.59040367" lon="109.79400153"><ele>1291.043</ele><time>2026-08-14T12:54:12Z</time><sat>38</sat></trkpt>
  <trkpt lat="39.59038258" lon="109.79394824"><ele>1291.074</ele><time>2026-08-14T12:54:15Z</time><sat>41</sat></trkpt>
  <trkpt lat="39.59032915" lon="109.79383543"><ele>1291.090</ele><time>2026-08-14T12:54:18Z</time><sat>39</sat></trkpt>
  <trkpt lat="39.59025204" lon="109.79367906"><ele>1291.177</ele><time>2026-08-14T12:54:21Z</time><sat>39</sat></trkpt>
  <trkpt lat="39.59017851" lon="109.79342940"><ele>1286.606</ele><time>2026-08-14T12:54:24Z</time><sat>43</sat></trkpt>
  <trkpt lat="39.59009904" lon="109.79314270"><ele>1287.602</ele><time>2026-08-14T12:54:27Z</time><sat>41</sat></trkpt>
  <trkpt lat="39.58999701" lon="109.79286754"><ele>1288.453</ele><time>2026-08-14T12:54:30Z</time><sat>38</sat></trkpt>
  <trkpt lat="39.58989821" lon="109.79261584"><ele>1289.221</ele><time>2026-08-14T12:54:33Z</time><sat>43</sat></trkpt>
  <trkpt lat="39.58979868" lon="109.79236972"><ele>1288.614</ele><time>2026-08-14T12:54:36Z</time><sat>40</sat></trkpt>
  <trkpt lat="39.58970399" lon="109.79211016"><ele>1288.189</ele><time>2026-08-14T12:54:39Z</time><sat>41</sat></trkpt>
  <trkpt lat="39.58960775" lon="109.79184930"><ele>1288.567</ele><time>2026-08-14T12:54:42Z</time><sat>30</sat></trkpt>
  <trkpt lat="39.58951773" lon="109.79160842"><ele>1288.809</ele><time>2026-08-14T12:54:45Z</time><sat>33</sat></trkpt>
  <trkpt lat="39.58942461" lon="109.79135505"><ele>1289.117</ele><time>2026-08-14T12:54:48Z</time><sat>34</sat></trkpt>
  <trkpt lat="39.58933307" lon="109.79110448"><ele>1289.318</ele><time>2026-08-14T12:54:51Z</time><sat>30</sat></trkpt>
  <trkpt lat="39.58924903" lon="109.79087851"><ele>1289.554</ele><time>2026-08-14T12:54:54Z</time><sat>29</sat></trkpt>
  <trkpt lat="39.58918603" lon="109.79071247"><ele>1290.026</ele><time>2026-08-14T12:54:57Z</time><sat>29</sat></trkpt>
  <trkpt lat="39.58914210" lon="109.79059423"><ele>1290.413</ele><time>2026-08-14T12:55:00Z</time><sat>34</sat></trkpt>
  <trkpt lat="39.58910732" lon="109.79049986"><ele>1290.648</ele><time>2026-08-14T12:55:03Z</time><sat>30</sat></trkpt>
  <trkpt lat="39.58907400" lon="109.79041130"><ele>1290.915</ele><time>2026-08-14T12:55:06Z</time><sat>30</sat></trkpt>
  <trkpt lat="39.58907100" lon="109.79040058"><ele>1290.848</ele><time>2026-08-14T12:55:09Z</time><sat>34</sat></trkpt>
  <trkpt lat="39.58906559" lon="109.79038607"><ele>1290.722</ele><time>2026-08-14T12:55:12Z</time><sat>33</sat></trkpt>
  <trkpt lat="39.58905522" lon="109.79035688"><ele>1290.705</ele><time>2026-08-14T12:55:15Z</time><sat>32</sat></trkpt>
  <trkpt lat="39.58905528" lon="109.79035701"><ele>1290.699</ele><time>2026-08-14T12:55:18Z</time><sat>33</sat></trkpt>
  <trkpt lat="39.58905528" lon="109.79035701"><ele>1290.699</ele><time>2026-08-14T12:55:21Z</time><sat>34</sat></trkpt>
  <trkpt lat="39.58905528" lon="109.79035701"><ele>1290.699</ele><time>2026-08-14T12:55:24Z</time><sat>33</sat></trkpt>
  <trkpt lat="39.58905528" lon="109.79035701"><ele>1290.699</ele><time>2026-08-14T12:55:27Z</time><sat>28</sat></trkpt>
  <trkpt lat="39.58905528" lon="109.79035701"><ele>1290.699</ele><time>2026-08-14T12:55:30Z</time><sat>31</sat></trkpt>
  <trkpt lat="39.58905528" lon="109.79035701"><ele>1290.699</ele><time>2026-08-14T12:55:33Z</time><sat>32</sat></trkpt>
  <trkpt lat="39.58905122" lon="109.79034567"><ele>1290.917</ele><time>2026-08-14T12:55:36Z</time><sat>30</sat></trkpt>
  <trkpt lat="39.58904982" lon="109.79034442"><ele>1290.958</ele><time>2026-08-14T12:55:39Z</time><sat>34</sat></trkpt>
  <trkpt lat="39.58904982" lon="109.79034442"><ele>1290.958</ele><time>2026-08-14T12:55:42Z</time><sat>32</sat></trkpt>
  <trkpt lat="39.58904106" lon="109.79032133"><ele>1291.006</ele><time>2026-08-14T12:55:45Z</time><sat>32</sat></trkpt>
  <trkpt lat="39.58903123" lon="109.79029437"><ele>1290.993</ele><time>2026-08-14T12:55:48Z</time><sat>30</sat></trkpt>
  <trkpt lat="39.58902712" lon="109.79028053"><ele>1290.897</ele><time>2026-08-14T12:55:51Z</time><sat>29</sat></trkpt>
  <trkpt lat="39.58902372" lon="109.79026704"><ele>1288.080</ele><time>2026-08-14T12:55:54Z</time><sat>33</sat></trkpt>
  <trkpt lat="39.58901173" lon="109.79025662"><ele>1282.059</ele><time>2026-08-14T12:55:57Z</time><sat>34</sat></trkpt>
  <trkpt lat="39.58900841" lon="109.79026304"><ele>1279.813</ele><time>2026-08-14T12:56:00Z</time><sat>31</sat></trkpt>
  <trkpt lat="39.58900750" lon="109.79025292"><ele>1282.285</ele><time>2026-08-14T12:56:03Z</time><sat>25</sat></trkpt>
  <trkpt lat="39.58900750" lon="109.79025292"><ele>1282.285</ele><time>2026-08-14T12:56:06Z</time><sat>33</sat></trkpt>
  <trkpt lat="39.58900159" lon="109.79023527"><ele>1282.642</ele><time>2026-08-14T12:56:09Z</time><sat>30</sat></trkpt>
  <trkpt lat="39.58899813" lon="109.79022419"><ele>1282.982</ele><time>2026-08-14T12:56:12Z</time><sat>33</sat></trkpt>
  <trkpt lat="39.58899592" lon="109.79022098"><ele>1282.852</ele><time>2026-08-14T12:56:15Z</time><sat>29</sat></trkpt>
  <trkpt lat="39.58899349" lon="109.79021276"><ele>1283.236</ele><time>2026-08-14T12:56:18Z</time><sat>32</sat></trkpt>
  <trkpt lat="39.58898639" lon="109.79018957"><ele>1283.450</ele><time>2026-08-14T12:56:21Z</time><sat>33</sat></trkpt>
  <trkpt lat="39.58897939" lon="109.79016656"><ele>1284.164</ele><time>2026-08-14T12:56:24Z</time><sat>34</sat></trkpt>
  <trkpt lat="39.58896544" lon="109.79012387"><ele>1284.388</ele><time>2026-08-14T12:56:27Z</time><sat>35</sat></trkpt>
  <trkpt lat="39.58896292" lon="109.79011307"><ele>1284.801</ele><time>2026-08-14T12:56:30Z</time><sat>36</sat></trkpt>
  <trkpt lat="39.58896240" lon="109.79011159"><ele>1284.866</ele><time>2026-08-14T12:56:33Z</time><sat>31</sat></trkpt>
  <trkpt lat="39.58896070" lon="109.79010626"><ele>1285.259</ele><time>2026-08-14T12:56:36Z</time><sat>33</sat></trkpt>
  <trkpt lat="39.58895693" lon="109.79009578"><ele>1285.613</ele><time>2026-08-14T12:56:39Z</time><sat>35</sat></trkpt>
  <trkpt lat="39.58894604" lon="109.79006818"><ele>1285.754</ele><time>2026-08-14T12:56:42Z</time><sat>32</sat></trkpt>
  <trkpt lat="39.58892498" lon="109.79001555"><ele>1286.289</ele><time>2026-08-14T12:56:45Z</time><sat>35</sat></trkpt>
  <trkpt lat="39.58890794" lon="109.78997051"><ele>1286.596</ele><time>2026-08-14T12:56:48Z</time><sat>34</sat></trkpt>
  <trkpt lat="39.58890009" lon="109.78994990"><ele>1286.730</ele><time>2026-08-14T12:56:51Z</time><sat>31</sat></trkpt>
  <trkpt lat="39.58889422" lon="109.78993446"><ele>1286.997</ele><time>2026-08-14T12:56:54Z</time><sat>32</sat></trkpt>
  <trkpt lat="39.58888329" lon="109.78990538"><ele>1287.041</ele><time>2026-08-14T12:56:57Z</time><sat>34</sat></trkpt>
  <trkpt lat="39.58886839" lon="109.78986494"><ele>1287.312</ele><time>2026-08-14T12:57:00Z</time><sat>33</sat></trkpt>
  <trkpt lat="39.58885472" lon="109.78982686"><ele>1287.340</ele><time>2026-08-14T12:57:03Z</time><sat>33</sat></trkpt>
  <trkpt lat="39.58883883" lon="109.78978231"><ele>1287.427</ele><time>2026-08-14T12:57:06Z</time><sat>32</sat></trkpt>
  <trkpt lat="39.58882408" lon="109.78973975"><ele>1288.206</ele><time>2026-08-14T12:57:09Z</time><sat>32</sat></trkpt>
  <trkpt lat="39.58881263" lon="109.78969767"><ele>1288.250</ele><time>2026-08-14T12:57:12Z</time><sat>40</sat></trkpt>
  <trkpt lat="39.58880827" lon="109.78966034"><ele>1289.208</ele><time>2026-08-14T12:57:15Z</time><sat>39</sat></trkpt>
  <trkpt lat="39.58882187" lon="109.78960275"><ele>1289.491</ele><time>2026-08-14T12:57:18Z</time><sat>40</sat></trkpt>
  <trkpt lat="39.58888756" lon="109.78954605"><ele>1289.524</ele><time>2026-08-14T12:57:21Z</time><sat>38</sat></trkpt>
  <trkpt lat="39.58898152" lon="109.78949154"><ele>1290.046</ele><time>2026-08-14T12:57:24Z</time><sat>37</sat></trkpt>
  <trkpt lat="39.58906711" lon="109.78944118"><ele>1290.680</ele><time>2026-08-14T12:57:27Z</time><sat>41</sat></trkpt>
  <trkpt lat="39.58914647" lon="109.78939652"><ele>1290.918</ele><time>2026-08-14T12:57:30Z</time><sat>40</sat></trkpt>
  <trkpt lat="39.58922183" lon="109.78935636"><ele>1291.225</ele><time>2026-08-14T12:57:33Z</time><sat>36</sat></trkpt>
  <trkpt lat="39.58929010" lon="109.78931604"><ele>1291.511</ele><time>2026-08-14T12:57:36Z</time><sat>37</sat></trkpt>
  <trkpt lat="39.58935727" lon="109.78926238"><ele>1291.687</ele><time>2026-08-14T12:57:39Z</time><sat>37</sat></trkpt>
  <trkpt lat="39.58943173" lon="109.78919417"><ele>1291.850</ele><time>2026-08-14T12:57:42Z</time><sat>37</sat></trkpt>
  <trkpt lat="39.58952073" lon="109.78915412"><ele>1291.725</ele><time>2026-08-14T12:57:45Z</time><sat>39</sat></trkpt>
  <trkpt lat="39.58961187" lon="109.78911527"><ele>1291.661</ele><time>2026-08-14T12:57:48Z</time><sat>40</sat></trkpt>
  <trkpt lat="39.58968782" lon="109.78906296"><ele>1291.765</ele><time>2026-08-14T12:57:51Z</time><sat>37</sat></trkpt>
  <trkpt lat="39.58974269" lon="109.78902549"><ele>1291.932</ele><time>2026-08-14T12:57:54Z</time><sat>36</sat></trkpt>
  <trkpt lat="39.58979626" lon="109.78898935"><ele>1291.967</ele><time>2026-08-14T12:57:57Z</time><sat>39</sat></trkpt>
  <trkpt lat="39.58986063" lon="109.78895401"><ele>1291.833</ele><time>2026-08-14T12:58:00Z</time><sat>35</sat></trkpt>
  <trkpt lat="39.58992379" lon="109.78891546"><ele>1291.805</ele><time>2026-08-14T12:58:03Z</time><sat>38</sat></trkpt>
  <trkpt lat="39.58999182" lon="109.78887418"><ele>1291.863</ele><time>2026-08-14T12:58:06Z</time><sat>34</sat></trkpt>
  <trkpt lat="39.59007507" lon="109.78882907"><ele>1291.860</ele><time>2026-08-14T12:58:09Z</time><sat>36</sat></trkpt>
  <trkpt lat="39.59016539" lon="109.78877680"><ele>1291.744</ele><time>2026-08-14T12:58:12Z</time><sat>39</sat></trkpt>
  <trkpt lat="39.59026164" lon="109.78871464"><ele>1291.704</ele><time>2026-08-14T12:58:15Z</time><sat>33</sat></trkpt>
  <trkpt lat="39.59034357" lon="109.78865697"><ele>1291.983</ele><time>2026-08-14T12:58:18Z</time><sat>35</sat></trkpt>
  <trkpt lat="39.59043384" lon="109.78857333"><ele>1292.014</ele><time>2026-08-14T12:58:21Z</time><sat>37</sat></trkpt>
  <trkpt lat="39.59054572" lon="109.78847763"><ele>1291.733</ele><time>2026-08-14T12:58:24Z</time><sat>31</sat></trkpt>
  <trkpt lat="39.59065795" lon="109.78840981"><ele>1291.277</ele><time>2026-08-14T12:58:27Z</time><sat>33</sat></trkpt>
  <trkpt lat="39.59078152" lon="109.78833033"><ele>1291.790</ele><time>2026-08-14T12:58:30Z</time><sat>35</sat></trkpt>
  <trkpt lat="39.59088287" lon="109.78826514"><ele>1292.033</ele><time>2026-08-14T12:58:33Z</time><sat>38</sat></trkpt>
  <trkpt lat="39.59095506" lon="109.78819859"><ele>1292.162</ele><time>2026-08-14T12:58:36Z</time><sat>38</sat></trkpt>
  <trkpt lat="39.59099086" lon="109.78811958"><ele>1292.354</ele><time>2026-08-14T12:58:39Z</time><sat>38</sat></trkpt>
  <trkpt lat="39.59098042" lon="109.78800568"><ele>1292.571</ele><time>2026-08-14T12:58:42Z</time><sat>38</sat></trkpt>
  <trkpt lat="39.59093084" lon="109.78786437"><ele>1292.557</ele><time>2026-08-14T12:58:45Z</time><sat>39</sat></trkpt>
  <trkpt lat="39.59087101" lon="109.78770737"><ele>1292.607</ele><time>2026-08-14T12:58:48Z</time><sat>39</sat></trkpt>
  <trkpt lat="39.59080310" lon="109.78752471"><ele>1292.783</ele><time>2026-08-14T12:58:51Z</time><sat>37</sat></trkpt>
  <trkpt lat="39.59072132" lon="109.78730743"><ele>1292.923</ele><time>2026-08-14T12:58:54Z</time><sat>38</sat></trkpt>
  <trkpt lat="39.59064042" lon="109.78709014"><ele>1292.917</ele><time>2026-08-14T12:58:57Z</time><sat>35</sat></trkpt>
  <trkpt lat="39.59056020" lon="109.78687033"><ele>1292.986</ele><time>2026-08-14T12:59:00Z</time><sat>33</sat></trkpt>
  <trkpt lat="39.59047231" lon="109.78662854"><ele>1293.066</ele><time>2026-08-14T12:59:03Z</time><sat>35</sat></trkpt>
  <trkpt lat="39.59039386" lon="109.78641813"><ele>1293.208</ele><time>2026-08-14T12:59:06Z</time><sat>37</sat></trkpt>
  <trkpt lat="39.59034390" lon="109.78628910"><ele>1293.211</ele><time>2026-08-14T12:59:09Z</time><sat>34</sat></trkpt>
  <trkpt lat="39.59031980" lon="109.78622327"><ele>1293.759</ele><time>2026-08-14T12:59:12Z</time><sat>33</sat></trkpt>
  <trkpt lat="39.59029265" lon="109.78614106"><ele>1293.895</ele><time>2026-08-14T12:59:15Z</time><sat>37</sat></trkpt>
  <trkpt lat="39.59026349" lon="109.78605895"><ele>1293.913</ele><time>2026-08-14T12:59:18Z</time><sat>36</sat></trkpt>
  <trkpt lat="39.59025039" lon="109.78602440"><ele>1293.798</ele><time>2026-08-14T12:59:21Z</time><sat>36</sat></trkpt>
  <trkpt lat="39.59024253" lon="109.78600297"><ele>1293.586</ele><time>2026-08-14T12:59:24Z</time><sat>36</sat></trkpt>
  <trkpt lat="39.59022744" lon="109.78596354"><ele>1293.615</ele><time>2026-08-14T12:59:27Z</time><sat>39</sat></trkpt>
  <trkpt lat="39.59022665" lon="109.78595830"><ele>1292.748</ele><time>2026-08-14T12:59:30Z</time><sat>37</sat></trkpt>
  <trkpt lat="39.59022556" lon="109.78595975"><ele>1292.003</ele><time>2026-08-14T12:59:33Z</time><sat>41</sat></trkpt>
  <trkpt lat="39.59022108" lon="109.78596903"><ele>1284.779</ele><time>2026-08-14T12:59:36Z</time><sat>41</sat></trkpt>
  <trkpt lat="39.59024424" lon="109.78595508"><ele>1295.484</ele><time>2026-08-14T12:59:39Z</time><sat>43</sat></trkpt>
  <trkpt lat="39.59024466" lon="109.78598677"><ele>1295.117</ele><time>2026-08-14T12:59:42Z</time><sat>45</sat></trkpt>
  <trkpt lat="39.59023785" lon="109.78601571"><ele>1295.450</ele><time>2026-08-14T12:59:45Z</time><sat>46</sat></trkpt>
  <trkpt lat="39.59021662" lon="109.78600042"><ele>1295.133</ele><time>2026-08-14T12:59:48Z</time><sat>46</sat></trkpt>
  <trkpt lat="39.59019513" lon="109.78599904"><ele>1295.407</ele><time>2026-08-14T12:59:51Z</time><sat>46</sat></trkpt>
  <trkpt lat="39.59008319" lon="109.78604831"><ele>1295.088</ele><time>2026-08-14T12:59:54Z</time><sat>46</sat></trkpt>
  <trkpt lat="39.59008423" lon="109.78605962"><ele>1294.897</ele><time>2026-08-14T12:59:57Z</time><sat>46</sat></trkpt>
  <trkpt lat="39.59007508" lon="109.78605302"><ele>1295.598</ele><time>2026-08-14T13:00:00Z</time><sat>46</sat></trkpt>
  <trkpt lat="39.59005574" lon="109.78607001"><ele>1295.190</ele><time>2026-08-14T13:00:03Z</time><sat>46</sat></trkpt>
  <trkpt lat="39.59005431" lon="109.78608099"><ele>1294.840</ele><time>2026-08-14T13:00:06Z</time><sat>46</sat></trkpt>
  <trkpt lat="39.59007997" lon="109.78610648"><ele>1294.959</ele><time>2026-08-14T13:00:09Z</time><sat>46</sat></trkpt>
  <trkpt lat="39.59007736" lon="109.78611129"><ele>1294.141</ele><time>2026-08-14T13:00:12Z</time><sat>45</sat></trkpt>
  <trkpt lat="39.59007561" lon="109.78611987"><ele>1293.941</ele><time>2026-08-14T13:00:15Z</time><sat>44</sat></trkpt>
  <trkpt lat="39.59003644" lon="109.78613718"><ele>1293.839</ele><time>2026-08-14T13:00:18Z</time><sat>44</sat></trkpt>
  <trkpt lat="39.58996830" lon="109.78616982"><ele>1295.055</ele><time>2026-08-14T13:00:21Z</time><sat>45</sat></trkpt>
  <trkpt lat="39.58986762" lon="109.78621520"><ele>1295.627</ele><time>2026-08-14T13:00:24Z</time><sat>43</sat></trkpt>
  <trkpt lat="39.58976750" lon="109.78628417"><ele>1294.941</ele><time>2026-08-14T13:00:27Z</time><sat>44</sat></trkpt>
  <trkpt lat="39.58969659" lon="109.78632443"><ele>1294.128</ele><time>2026-08-14T13:00:30Z</time><sat>46</sat></trkpt>
  <trkpt lat="39.58960339" lon="109.78636890"><ele>1294.738</ele><time>2026-08-14T13:00:33Z</time><sat>45</sat></trkpt>
  <trkpt lat="39.58952858" lon="109.78643335"><ele>1295.095</ele><time>2026-08-14T13:00:36Z</time><sat>45</sat></trkpt>
  <trkpt lat="39.58942756" lon="109.78649613"><ele>1295.288</ele><time>2026-08-14T13:00:39Z</time><sat>45</sat></trkpt>
  <trkpt lat="39.58928727" lon="109.78654466"><ele>1294.871</ele><time>2026-08-14T13:00:42Z</time><sat>44</sat></trkpt>
  <trkpt lat="39.58914697" lon="109.78663335"><ele>1293.306</ele><time>2026-08-14T13:00:45Z</time><sat>44</sat></trkpt>
  <trkpt lat="39.58904618" lon="109.78671358"><ele>1293.580</ele><time>2026-08-14T13:00:48Z</time><sat>45</sat></trkpt>
  <trkpt lat="39.58903085" lon="109.78674302"><ele>1294.557</ele><time>2026-08-14T13:00:51Z</time><sat>44</sat></trkpt>
  <trkpt lat="39.58901407" lon="109.78675841"><ele>1294.376</ele><time>2026-08-14T13:00:54Z</time><sat>44</sat></trkpt>
  <trkpt lat="39.58901358" lon="109.78675877"><ele>1294.376</ele><time>2026-08-14T13:00:57Z</time><sat>43</sat></trkpt>
  <trkpt lat="39.58901360" lon="109.78675870"><ele>1294.378</ele><time>2026-08-14T13:01:00Z</time><sat>41</sat></trkpt>
  <trkpt lat="39.58901518" lon="109.78675670"><ele>1294.415</ele><time>2026-08-14T13:01:03Z</time><sat>38</sat></trkpt>
  <trkpt lat="39.58897679" lon="109.78677899"><ele>1293.564</ele><time>2026-08-14T13:01:06Z</time><sat>40</sat></trkpt>
  <trkpt lat="39.58892808" lon="109.78681241"><ele>1293.421</ele><time>2026-08-14T13:01:09Z</time><sat>44</sat></trkpt>
  <trkpt lat="39.58886068" lon="109.78682803"><ele>1293.723</ele><time>2026-08-14T13:01:12Z</time><sat>45</sat></trkpt>
  <trkpt lat="39.58880327" lon="109.78687624"><ele>1293.843</ele><time>2026-08-14T13:01:15Z</time><sat>45</sat></trkpt>
  <trkpt lat="39.58875822" lon="109.78692700"><ele>1293.617</ele><time>2026-08-14T13:01:18Z</time><sat>46</sat></trkpt>
  <trkpt lat="39.58873629" lon="109.78698139"><ele>1294.881</ele><time>2026-08-14T13:01:21Z</time><sat>46</sat></trkpt>
  <trkpt lat="39.58869308" lon="109.78701166"><ele>1295.355</ele><time>2026-08-14T13:01:24Z</time><sat>45</sat></trkpt>
  <trkpt lat="39.58864693" lon="109.78703121"><ele>1295.149</ele><time>2026-08-14T13:01:27Z</time><sat>44</sat></trkpt>
  <trkpt lat="39.58860248" lon="109.78705082"><ele>1294.912</ele><time>2026-08-14T13:01:30Z</time><sat>44</sat></trkpt>
  <trkpt lat="39.58856047" lon="109.78707592"><ele>1294.922</ele><time>2026-08-14T13:01:33Z</time><sat>44</sat></trkpt>
  <trkpt lat="39.58852389" lon="109.78710413"><ele>1295.023</ele><time>2026-08-14T13:01:36Z</time><sat>44</sat></trkpt>
  <trkpt lat="39.58849529" lon="109.78714497"><ele>1296.760</ele><time>2026-08-14T13:01:39Z</time><sat>44</sat></trkpt>
  <trkpt lat="39.58845261" lon="109.78715894"><ele>1297.017</ele><time>2026-08-14T13:01:42Z</time><sat>44</sat></trkpt>
  <trkpt lat="39.58841200" lon="109.78717141"><ele>1296.587</ele><time>2026-08-14T13:01:45Z</time><sat>43</sat></trkpt>
  <trkpt lat="39.58837103" lon="109.78717934"><ele>1297.979</ele><time>2026-08-14T13:01:48Z</time><sat>44</sat></trkpt>
  <trkpt lat="39.58833912" lon="109.78720302"><ele>1297.371</ele><time>2026-08-14T13:01:51Z</time><sat>45</sat></trkpt>
  <trkpt lat="39.58830847" lon="109.78723122"><ele>1298.109</ele><time>2026-08-14T13:01:54Z</time><sat>45</sat></trkpt>
  <trkpt lat="39.58828236" lon="109.78725402"><ele>1297.761</ele><time>2026-08-14T13:01:57Z</time><sat>46</sat></trkpt>
  <trkpt lat="39.58829174" lon="109.78724285"><ele>1297.298</ele><time>2026-08-14T13:02:00Z</time><sat>46</sat></trkpt>
  <trkpt lat="39.58826362" lon="109.78726084"><ele>1298.017</ele><time>2026-08-14T13:02:03Z</time><sat>45</sat></trkpt>
  <trkpt lat="39.58823705" lon="109.78727962"><ele>1298.097</ele><time>2026-08-14T13:02:06Z</time><sat>45</sat></trkpt>
  <trkpt lat="39.58821310" lon="109.78729863"><ele>1298.387</ele><time>2026-08-14T13:02:09Z</time><sat>45</sat></trkpt>
  <trkpt lat="39.58820368" lon="109.78730945"><ele>1297.988</ele><time>2026-08-14T13:02:12Z</time><sat>45</sat></trkpt>
  <trkpt lat="39.58821572" lon="109.78732553"><ele>1297.595</ele><time>2026-08-14T13:02:15Z</time><sat>45</sat></trkpt>
  <trkpt lat="39.58821871" lon="109.78737244"><ele>1297.115</ele><time>2026-08-14T13:02:18Z</time><sat>44</sat></trkpt>
  <trkpt lat="39.58821139" lon="109.78740902"><ele>1296.815</ele><time>2026-08-14T13:02:21Z</time><sat>44</sat></trkpt>
  <trkpt lat="39.58819486" lon="109.78743702"><ele>1295.907</ele><time>2026-08-14T13:02:24Z</time><sat>44</sat></trkpt>
  <trkpt lat="39.58819474" lon="109.78747965"><ele>1296.629</ele><time>2026-08-14T13:02:27Z</time><sat>44</sat></trkpt>
  <trkpt lat="39.58817390" lon="109.78751265"><ele>1296.283</ele><time>2026-08-14T13:02:30Z</time><sat>44</sat></trkpt>
  <trkpt lat="39.58814775" lon="109.78751817"><ele>1296.625</ele><time>2026-08-14T13:02:33Z</time><sat>45</sat></trkpt>
  <trkpt lat="39.58816208" lon="109.78749391"><ele>1295.580</ele><time>2026-08-14T13:02:36Z</time><sat>45</sat></trkpt>
  <trkpt lat="39.58819542" lon="109.78748113"><ele>1296.528</ele><time>2026-08-14T13:02:39Z</time><sat>45</sat></trkpt>
  <trkpt lat="39.58821327" lon="109.78749223"><ele>1296.294</ele><time>2026-08-14T13:02:42Z</time><sat>44</sat></trkpt>
  <trkpt lat="39.58821766" lon="109.78751911"><ele>1296.700</ele><time>2026-08-14T13:02:45Z</time><sat>44</sat></trkpt>
  <trkpt lat="39.58819942" lon="109.78753171"><ele>1296.616</ele><time>2026-08-14T13:02:48Z</time><sat>45</sat></trkpt>
  <trkpt lat="39.58819174" lon="109.78754471"><ele>1295.858</ele><time>2026-08-14T13:02:51Z</time><sat>45</sat></trkpt>
  <trkpt lat="39.58816001" lon="109.78756364"><ele>1295.874</ele><time>2026-08-14T13:02:54Z</time><sat>45</sat></trkpt>
  <trkpt lat="39.58812436" lon="109.78759900"><ele>1295.436</ele><time>2026-08-14T13:02:57Z</time><sat>45</sat></trkpt>
  <trkpt lat="39.58808969" lon="109.78761866"><ele>1293.914</ele><time>2026-08-14T13:03:00Z</time><sat>44</sat></trkpt>
  <trkpt lat="39.58804955" lon="109.78763466"><ele>1295.831</ele><time>2026-08-14T13:03:03Z</time><sat>44</sat></trkpt>
  <trkpt lat="39.58801971" lon="109.78764192"><ele>1295.127</ele><time>2026-08-14T13:03:06Z</time><sat>44</sat></trkpt>
  <trkpt lat="39.58798720" lon="109.78764535"><ele>1295.925</ele><time>2026-08-14T13:03:09Z</time><sat>44</sat></trkpt>
  <trkpt lat="39.58795766" lon="109.78766539"><ele>1295.659</ele><time>2026-08-14T13:03:12Z</time><sat>44</sat></trkpt>
  <trkpt lat="39.58792722" lon="109.78766724"><ele>1296.086</ele><time>2026-08-14T13:03:15Z</time><sat>44</sat></trkpt>
  <trkpt lat="39.58789105" lon="109.78766794"><ele>1295.413</ele><time>2026-08-14T13:03:18Z</time><sat>44</sat></trkpt>
  <trkpt lat="39.58786070" lon="109.78768420"><ele>1295.939</ele><time>2026-08-14T13:03:21Z</time><sat>44</sat></trkpt>
  <trkpt lat="39.58783793" lon="109.78769968"><ele>1296.614</ele><time>2026-08-14T13:03:24Z</time><sat>44</sat></trkpt>
  <trkpt lat="39.58783269" lon="109.78773052"><ele>1296.550</ele><time>2026-08-14T13:03:27Z</time><sat>44</sat></trkpt>
  <trkpt lat="39.58783180" lon="109.78775771"><ele>1296.394</ele><time>2026-08-14T13:03:30Z</time><sat>44</sat></trkpt>
  <trkpt lat="39.58781139" lon="109.78777898"><ele>1296.793</ele><time>2026-08-14T13:03:33Z</time><sat>44</sat></trkpt>
  <trkpt lat="39.58778501" lon="109.78778684"><ele>1295.382</ele><time>2026-08-14T13:03:36Z</time><sat>44</sat></trkpt>
  <trkpt lat="39.58778263" lon="109.78779480"><ele>1295.724</ele><time>2026-08-14T13:03:39Z</time><sat>44</sat></trkpt>
  <trkpt lat="39.58781506" lon="109.78777882"><ele>1295.947</ele><time>2026-08-14T13:03:42Z</time><sat>44</sat></trkpt>
  <trkpt lat="39.58781913" lon="109.78776100"><ele>1295.475</ele><time>2026-08-14T13:03:45Z</time><sat>44</sat></trkpt>
  <trkpt lat="39.58780404" lon="109.78781519"><ele>1293.983</ele><time>2026-08-14T13:03:48Z</time><sat>44</sat></trkpt>
  <trkpt lat="39.58780071" lon="109.78783852"><ele>1296.385</ele><time>2026-08-14T13:03:51Z</time><sat>44</sat></trkpt>
  <trkpt lat="39.58773674" lon="109.78793926"><ele>1296.333</ele><time>2026-08-14T13:04:00Z</time><sat>44</sat></trkpt>
  <trkpt lat="39.58771998" lon="109.78799127"><ele>1296.112</ele><time>2026-08-14T13:04:03Z</time><sat>44</sat></trkpt>
  <trkpt lat="39.58772184" lon="109.78803219"><ele>1296.014</ele><time>2026-08-14T13:04:06Z</time><sat>44</sat></trkpt>
  <trkpt lat="39.58769676" lon="109.78803177"><ele>1297.721</ele><time>2026-08-14T13:04:09Z</time><sat>44</sat></trkpt>
  <trkpt lat="39.58767971" lon="109.78804389"><ele>1296.861</ele><time>2026-08-14T13:04:12Z</time><sat>44</sat></trkpt>
  <trkpt lat="39.58765905" lon="109.78804544"><ele>1296.328</ele><time>2026-08-14T13:04:15Z</time><sat>44</sat></trkpt>
  <trkpt lat="39.58763887" lon="109.78805472"><ele>1296.230</ele><time>2026-08-14T13:04:18Z</time><sat>44</sat></trkpt>
  <trkpt lat="39.58762217" lon="109.78809062"><ele>1295.822</ele><time>2026-08-14T13:04:21Z</time><sat>44</sat></trkpt>
  <trkpt lat="39.58759631" lon="109.78811473"><ele>1295.999</ele><time>2026-08-14T13:04:24Z</time><sat>44</sat></trkpt>
  <trkpt lat="39.58756746" lon="109.78813764"><ele>1296.271</ele><time>2026-08-14T13:04:27Z</time><sat>44</sat></trkpt>
  <trkpt lat="39.58754372" lon="109.78815762"><ele>1295.800</ele><time>2026-08-14T13:04:30Z</time><sat>44</sat></trkpt>
  <trkpt lat="39.58751721" lon="109.78817784"><ele>1295.783</ele><time>2026-08-14T13:04:33Z</time><sat>44</sat></trkpt>
  <trkpt lat="39.58749607" lon="109.78819209"><ele>1295.232</ele><time>2026-08-14T13:04:36Z</time><sat>44</sat></trkpt>
  <trkpt lat="39.58747125" lon="109.78820109"><ele>1295.327</ele><time>2026-08-14T13:04:39Z</time><sat>44</sat></trkpt>
  <trkpt lat="39.58744405" lon="109.78822371"><ele>1295.966</ele><time>2026-08-14T13:04:42Z</time><sat>44</sat></trkpt>
  <trkpt lat="39.58741830" lon="109.78823836"><ele>1295.321</ele><time>2026-08-14T13:04:45Z</time><sat>44</sat></trkpt>
  <trkpt lat="39.58739657" lon="109.78825598"><ele>1295.072</ele><time>2026-08-14T13:04:48Z</time><sat>44</sat></trkpt>
  <trkpt lat="39.58736419" lon="109.78826876"><ele>1295.215</ele><time>2026-08-14T13:04:51Z</time><sat>44</sat></trkpt>
  <trkpt lat="39.58733053" lon="109.78827930"><ele>1295.680</ele><time>2026-08-14T13:04:54Z</time><sat>44</sat></trkpt>
  <trkpt lat="39.58730465" lon="109.78828858"><ele>1295.184</ele><time>2026-08-14T13:04:57Z</time><sat>44</sat></trkpt>
  <trkpt lat="39.58728233" lon="109.78830395"><ele>1295.283</ele><time>2026-08-14T13:05:00Z</time><sat>44</sat></trkpt>
  <trkpt lat="39.58725031" lon="109.78831942"><ele>1295.247</ele><time>2026-08-14T13:05:03Z</time><sat>44</sat></trkpt>
  <trkpt lat="39.58721901" lon="109.78834059"><ele>1295.195</ele><time>2026-08-14T13:05:06Z</time><sat>44</sat></trkpt>
  <trkpt lat="39.58718767" lon="109.78836648"><ele>1296.059</ele><time>2026-08-14T13:05:09Z</time><sat>44</sat></trkpt>
  <trkpt lat="39.58716067" lon="109.78839286"><ele>1296.391</ele><time>2026-08-14T13:05:12Z</time><sat>44</sat></trkpt>
  <trkpt lat="39.58712781" lon="109.78841298"><ele>1296.571</ele><time>2026-08-14T13:05:15Z</time><sat>44</sat></trkpt>
  <trkpt lat="39.58709740" lon="109.78843193"><ele>1296.887</ele><time>2026-08-14T13:05:18Z</time><sat>44</sat></trkpt>
  <trkpt lat="39.58707243" lon="109.78845935"><ele>1296.974</ele><time>2026-08-14T13:05:21Z</time><sat>44</sat></trkpt>
  <trkpt lat="39.58704327" lon="109.78847881"><ele>1297.259</ele><time>2026-08-14T13:05:24Z</time><sat>44</sat></trkpt>
  <trkpt lat="39.58701267" lon="109.78849884"><ele>1297.641</ele><time>2026-08-14T13:05:27Z</time><sat>44</sat></trkpt>
  <trkpt lat="39.58698300" lon="109.78851645"><ele>1297.506</ele><time>2026-08-14T13:05:30Z</time><sat>44</sat></trkpt>
  <trkpt lat="39.58695636" lon="109.78853963"><ele>1297.816</ele><time>2026-08-14T13:05:33Z</time><sat>44</sat></trkpt>
  <trkpt lat="39.58692490" lon="109.78855629"><ele>1298.390</ele><time>2026-08-14T13:05:36Z</time><sat>44</sat></trkpt>
  <trkpt lat="39.58689317" lon="109.78856922"><ele>1297.891</ele><time>2026-08-14T13:05:39Z</time><sat>44</sat></trkpt>
  <trkpt lat="39.58688690" lon="109.78860784"><ele>1297.012</ele><time>2026-08-14T13:05:42Z</time><sat>44</sat></trkpt>
  <trkpt lat="39.58687198" lon="109.78862159"><ele>1297.138</ele><time>2026-08-14T13:05:45Z</time><sat>44</sat></trkpt>
  <trkpt lat="39.58684103" lon="109.78863140"><ele>1296.031</ele><time>2026-08-14T13:05:48Z</time><sat>44</sat></trkpt>
  <trkpt lat="39.58681067" lon="109.78862270"><ele>1295.697</ele><time>2026-08-14T13:05:51Z</time><sat>44</sat></trkpt>
  <trkpt lat="39.58678155" lon="109.78862104"><ele>1295.559</ele><time>2026-08-14T13:05:54Z</time><sat>44</sat></trkpt>
  <trkpt lat="39.58675037" lon="109.78863868"><ele>1296.119</ele><time>2026-08-14T13:05:57Z</time><sat>44</sat></trkpt>
  <trkpt lat="39.58672536" lon="109.78866413"><ele>1295.540</ele><time>2026-08-14T13:06:00Z</time><sat>44</sat></trkpt>
  <trkpt lat="39.58669088" lon="109.78868750"><ele>1295.832</ele><time>2026-08-14T13:06:03Z</time><sat>44</sat></trkpt>
  <trkpt lat="39.58666053" lon="109.78870915"><ele>1295.701</ele><time>2026-08-14T13:06:06Z</time><sat>44</sat></trkpt>
  <trkpt lat="39.58662914" lon="109.78872415"><ele>1295.548</ele><time>2026-08-14T13:06:09Z</time><sat>44</sat></trkpt>
  <trkpt lat="39.58659351" lon="109.78873930"><ele>1295.150</ele><time>2026-08-14T13:06:12Z</time><sat>44</sat></trkpt>
  <trkpt lat="39.58655819" lon="109.78875246"><ele>1294.252</ele><time>2026-08-14T13:06:15Z</time><sat>44</sat></trkpt>
  <trkpt lat="39.58652386" lon="109.78877118"><ele>1294.523</ele><time>2026-08-14T13:06:18Z</time><sat>44</sat></trkpt>
  <trkpt lat="39.58648871" lon="109.78879200"><ele>1294.401</ele><time>2026-08-14T13:06:21Z</time><sat>44</sat></trkpt>
  <trkpt lat="39.58645569" lon="109.78882253"><ele>1294.596</ele><time>2026-08-14T13:06:24Z</time><sat>44</sat></trkpt>
  <trkpt lat="39.58642221" lon="109.78884987"><ele>1294.676</ele><time>2026-08-14T13:06:27Z</time><sat>44</sat></trkpt>
  <trkpt lat="39.58640381" lon="109.78888694"><ele>1294.858</ele><time>2026-08-14T13:06:30Z</time><sat>44</sat></trkpt>
  <trkpt lat="39.58640915" lon="109.78892645"><ele>1294.703</ele><time>2026-08-14T13:06:33Z</time><sat>44</sat></trkpt>
  <trkpt lat="39.58641384" lon="109.78897141"><ele>1293.568</ele><time>2026-08-14T13:06:36Z</time><sat>44</sat></trkpt>
  <trkpt lat="39.58640407" lon="109.78901532"><ele>1294.350</ele><time>2026-08-14T13:06:39Z</time><sat>44</sat></trkpt>
  <trkpt lat="39.58641113" lon="109.78906419"><ele>1294.635</ele><time>2026-08-14T13:06:42Z</time><sat>44</sat></trkpt>
  <trkpt lat="39.58640384" lon="109.78910880"><ele>1294.763</ele><time>2026-08-14T13:06:45Z</time><sat>44</sat></trkpt>
  <trkpt lat="39.58639821" lon="109.78914662"><ele>1294.786</ele><time>2026-08-14T13:06:48Z</time><sat>44</sat></trkpt>
  <trkpt lat="39.58638412" lon="109.78916522"><ele>1294.137</ele><time>2026-08-14T13:06:51Z</time><sat>44</sat></trkpt>
  <trkpt lat="39.58636370" lon="109.78918972"><ele>1294.224</ele><time>2026-08-14T13:06:54Z</time><sat>44</sat></trkpt>
  <trkpt lat="39.58635075" lon="109.78921050"><ele>1295.269</ele><time>2026-08-14T13:06:57Z</time><sat>44</sat></trkpt>
  <trkpt lat="39.58634308" lon="109.78922655"><ele>1294.002</ele><time>2026-08-14T13:07:00Z</time><sat>44</sat></trkpt>
  <trkpt lat="39.58633319" lon="109.78924620"><ele>1294.833</ele><time>2026-08-14T13:07:03Z</time><sat>44</sat></trkpt>
  <trkpt lat="39.58632452" lon="109.78926897"><ele>1294.675</ele><time>2026-08-14T13:07:06Z</time><sat>44</sat></trkpt>
  <trkpt lat="39.58630804" lon="109.78927397"><ele>1294.783</ele><time>2026-08-14T13:07:09Z</time><sat>44</sat></trkpt>
  <trkpt lat="39.58628909" lon="109.78928471"><ele>1294.337</ele><time>2026-08-14T13:07:12Z</time><sat>44</sat></trkpt>
  <trkpt lat="39.58627067" lon="109.78930272"><ele>1294.399</ele><time>2026-08-14T13:07:15Z</time><sat>44</sat></trkpt>
  <trkpt lat="39.58625907" lon="109.78933226"><ele>1294.399</ele><time>2026-08-14T13:07:18Z</time><sat>44</sat></trkpt>
  <trkpt lat="39.58627297" lon="109.78937108"><ele>1294.408</ele><time>2026-08-14T13:07:21Z</time><sat>44</sat></trkpt>
  <trkpt lat="39.58629522" lon="109.78935822"><ele>1293.587</ele><time>2026-08-14T13:07:24Z</time><sat>44</sat></trkpt>
  <trkpt lat="39.58628475" lon="109.78936286"><ele>1293.215</ele><time>2026-08-14T13:07:27Z</time><sat>44</sat></trkpt>
  <trkpt lat="39.58628259" lon="109.78937354"><ele>1293.344</ele><time>2026-08-14T13:07:30Z</time><sat>44</sat></trkpt>
  <trkpt lat="39.58628257" lon="109.78937435"><ele>1293.353</ele><time>2026-08-14T13:07:33Z</time><sat>44</sat></trkpt>
  <trkpt lat="39.58628245" lon="109.78937451"><ele>1293.353</ele><time>2026-08-14T13:07:36Z</time><sat>44</sat></trkpt>
  <trkpt lat="39.58628479" lon="109.78937461"><ele>1293.211</ele><time>2026-08-14T13:07:39Z</time><sat>44</sat></trkpt>
  <trkpt lat="39.58628499" lon="109.78937415"><ele>1293.206</ele><time>2026-08-14T13:07:42Z</time><sat>44</sat></trkpt>
  <trkpt lat="39.58628494" lon="109.78937395"><ele>1293.210</ele><time>2026-08-14T13:07:45Z</time><sat>44</sat></trkpt>
  <trkpt lat="39.58628490" lon="109.78937378"><ele>1293.213</ele><time>2026-08-14T13:07:48Z</time><sat>44</sat></trkpt>
  <trkpt lat="39.58628481" lon="109.78937366"><ele>1293.215</ele><time>2026-08-14T13:07:51Z</time><sat>44</sat></trkpt>
  <trkpt lat="39.58628465" lon="109.78937358"><ele>1293.219</ele><time>2026-08-14T13:07:54Z</time><sat>44</sat></trkpt>
  <trkpt lat="39.58628154" lon="109.78937086"><ele>1293.656</ele><time>2026-08-14T13:07:57Z</time><sat>44</sat></trkpt>
  <trkpt lat="39.58628127" lon="109.78937285"><ele>1293.254</ele><time>2026-08-14T13:08:00Z</time><sat>44</sat></trkpt>
  <trkpt lat="39.58628066" lon="109.78937296"><ele>1293.248</ele><time>2026-08-14T13:08:03Z</time><sat>44</sat></trkpt>
  <trkpt lat="39.58628057" lon="109.78937292"><ele>1293.245</ele><time>2026-08-14T13:08:06Z</time><sat>44</sat></trkpt>
  <trkpt lat="39.58627964" lon="109.78937410"><ele>1293.009</ele><time>2026-08-14T13:08:09Z</time><sat>44</sat></trkpt>
  <trkpt lat="39.58627597" lon="109.78937191"><ele>1293.461</ele><time>2026-08-14T13:08:12Z</time><sat>44</sat></trkpt>
  <trkpt lat="39.58626759" lon="109.78938627"><ele>1294.120</ele><time>2026-08-14T13:08:17Z</time><sat>44</sat></trkpt>
  <trkpt lat="39.58627619" lon="109.78938560"><ele>1293.354</ele><time>2026-08-14T13:08:20Z</time><sat>44</sat></trkpt>
  <trkpt lat="39.58627299" lon="109.78938749"><ele>1293.902</ele><time>2026-08-14T13:08:23Z</time><sat>44</sat></trkpt>
  <trkpt lat="39.58627054" lon="109.78938561"><ele>1294.017</ele><time>2026-08-14T13:08:26Z</time><sat>44</sat></trkpt>
  <trkpt lat="39.58627034" lon="109.78938546"><ele>1294.023</ele><time>2026-08-14T13:08:29Z</time><sat>44</sat></trkpt>
  <trkpt lat="39.58626649" lon="109.78938931"><ele>1294.140</ele><time>2026-08-14T13:08:32Z</time><sat>44</sat></trkpt>
  <trkpt lat="39.58626040" lon="109.78942551"><ele>1294.813</ele><time>2026-08-14T13:08:35Z</time><sat>44</sat></trkpt>
  <trkpt lat="39.58626950" lon="109.78947016"><ele>1295.530</ele><time>2026-08-14T13:08:38Z</time><sat>44</sat></trkpt>
  <trkpt lat="39.58628030" lon="109.78949988"><ele>1295.527</ele><time>2026-08-14T13:08:41Z</time><sat>44</sat></trkpt>
  <trkpt lat="39.58628560" lon="109.78950551"><ele>1295.191</ele><time>2026-08-14T13:08:44Z</time><sat>44</sat></trkpt>
  <trkpt lat="39.58628590" lon="109.78950582"><ele>1295.189</ele><time>2026-08-14T13:08:47Z</time><sat>44</sat></trkpt>
  <trkpt lat="39.58628599" lon="109.78950578"><ele>1295.175</ele><time>2026-08-14T13:08:50Z</time><sat>44</sat></trkpt>
  <trkpt lat="39.58628604" lon="109.78950567"><ele>1295.171</ele><time>2026-08-14T13:08:53Z</time><sat>44</sat></trkpt>
  <trkpt lat="39.58627810" lon="109.78949428"><ele>1295.499</ele><time>2026-08-14T13:08:56Z</time><sat>43</sat></trkpt>
  <trkpt lat="39.58627630" lon="109.78949367"><ele>1295.210</ele><time>2026-08-14T13:08:59Z</time><sat>44</sat></trkpt>
  <trkpt lat="39.58627798" lon="109.78949310"><ele>1295.581</ele><time>2026-08-14T13:09:02Z</time><sat>44</sat></trkpt>
  <trkpt lat="39.58627317" lon="109.78949487"><ele>1295.410</ele><time>2026-08-14T13:09:05Z</time><sat>44</sat></trkpt>
  <trkpt lat="39.58627298" lon="109.78949869"><ele>1295.413</ele><time>2026-08-14T13:09:08Z</time><sat>44</sat></trkpt>
  <trkpt lat="39.58627287" lon="109.78949863"><ele>1295.409</ele><time>2026-08-14T13:09:11Z</time><sat>44</sat></trkpt>
  <trkpt lat="39.58627275" lon="109.78949859"><ele>1295.403</ele><time>2026-08-14T13:09:14Z</time><sat>44</sat></trkpt>
  <trkpt lat="39.58627266" lon="109.78949850"><ele>1295.409</ele><time>2026-08-14T13:09:17Z</time><sat>44</sat></trkpt>
  <trkpt lat="39.58627234" lon="109.78949236"><ele>1295.296</ele><time>2026-08-14T13:09:20Z</time><sat>44</sat></trkpt>
  <trkpt lat="39.58627283" lon="109.78949261"><ele>1295.374</ele><time>2026-08-14T13:09:23Z</time><sat>44</sat></trkpt>
  <trkpt lat="39.58627091" lon="109.78948925"><ele>1295.600</ele><time>2026-08-14T13:09:26Z</time><sat>44</sat></trkpt>
  <trkpt lat="39.58627059" lon="109.78948843"><ele>1295.599</ele><time>2026-08-14T13:09:29Z</time><sat>44</sat></trkpt>
  <trkpt lat="39.58627046" lon="109.78948830"><ele>1295.597</ele><time>2026-08-14T13:09:32Z</time><sat>44</sat></trkpt>
  <trkpt lat="39.58627033" lon="109.78948821"><ele>1295.593</ele><time>2026-08-14T13:09:35Z</time><sat>44</sat></trkpt>
  <trkpt lat="39.58627019" lon="109.78948812"><ele>1295.590</ele><time>2026-08-14T13:09:38Z</time><sat>44</sat></trkpt>
  <trkpt lat="39.58627007" lon="109.78948805"><ele>1295.587</ele><time>2026-08-14T13:09:41Z</time><sat>44</sat></trkpt>
  <trkpt lat="39.58627003" lon="109.78948802"><ele>1295.585</ele><time>2026-08-14T13:09:44Z</time><sat>44</sat></trkpt>
  <trkpt lat="39.58627000" lon="109.78948796"><ele>1295.584</ele><time>2026-08-14T13:09:47Z</time><sat>44</sat></trkpt>
  <trkpt lat="39.58626994" lon="109.78948786"><ele>1295.583</ele><time>2026-08-14T13:09:50Z</time><sat>44</sat></trkpt>
  <trkpt lat="39.58626987" lon="109.78948774"><ele>1295.578</ele><time>2026-08-14T13:09:53Z</time><sat>45</sat></trkpt>
  <trkpt lat="39.58626933" lon="109.78948384"><ele>1295.389</ele><time>2026-08-14T13:09:56Z</time><sat>45</sat></trkpt>
  <trkpt lat="39.58626981" lon="109.78947609"><ele>1295.477</ele><time>2026-08-14T13:09:59Z</time><sat>45</sat></trkpt>
  <trkpt lat="39.58626898" lon="109.78948069"><ele>1295.247</ele><time>2026-08-14T13:10:02Z</time><sat>45</sat></trkpt>
  <trkpt lat="39.58625938" lon="109.78949323"><ele>1294.754</ele><time>2026-08-14T13:10:05Z</time><sat>46</sat></trkpt>
  <trkpt lat="39.58625575" lon="109.78950708"><ele>1293.910</ele><time>2026-08-14T13:10:08Z</time><sat>46</sat></trkpt>
  <trkpt lat="39.58624159" lon="109.78953831"><ele>1293.863</ele><time>2026-08-14T13:10:11Z</time><sat>46</sat></trkpt>
  <trkpt lat="39.58622523" lon="109.78956232"><ele>1294.358</ele><time>2026-08-14T13:10:14Z</time><sat>46</sat></trkpt>
  <trkpt lat="39.58621007" lon="109.78959658"><ele>1294.393</ele><time>2026-08-14T13:10:18Z</time><sat>46</sat></trkpt>
  <trkpt lat="39.58618230" lon="109.78963141"><ele>1294.529</ele><time>2026-08-14T13:10:21Z</time><sat>46</sat></trkpt>
  <trkpt lat="39.58615326" lon="109.78968040"><ele>1295.509</ele><time>2026-08-14T13:10:24Z</time><sat>46</sat></trkpt>
  <trkpt lat="39.58613886" lon="109.78970511"><ele>1294.605</ele><time>2026-08-14T13:10:27Z</time><sat>43</sat></trkpt>
  <trkpt lat="39.58613124" lon="109.78974378"><ele>1294.847</ele><time>2026-08-14T13:10:30Z</time><sat>44</sat></trkpt>
  <trkpt lat="39.58610696" lon="109.78977414"><ele>1294.899</ele><time>2026-08-14T13:10:33Z</time><sat>46</sat></trkpt>
  <trkpt lat="39.58608666" lon="109.78979638"><ele>1295.518</ele><time>2026-08-14T13:10:36Z</time><sat>46</sat></trkpt>
  <trkpt lat="39.58606463" lon="109.78981499"><ele>1295.955</ele><time>2026-08-14T13:10:39Z</time><sat>46</sat></trkpt>
  <trkpt lat="39.58604190" lon="109.78983133"><ele>1295.987</ele><time>2026-08-14T13:10:42Z</time><sat>46</sat></trkpt>
  <trkpt lat="39.58601941" lon="109.78984510"><ele>1295.977</ele><time>2026-08-14T13:10:45Z</time><sat>46</sat></trkpt>
  <trkpt lat="39.58599807" lon="109.78985622"><ele>1295.795</ele><time>2026-08-14T13:10:48Z</time><sat>46</sat></trkpt>
  <trkpt lat="39.58597825" lon="109.78987129"><ele>1295.651</ele><time>2026-08-14T13:10:51Z</time><sat>46</sat></trkpt>
  <trkpt lat="39.58595588" lon="109.78988797"><ele>1295.801</ele><time>2026-08-14T13:10:54Z</time><sat>46</sat></trkpt>
  <trkpt lat="39.58593613" lon="109.78990689"><ele>1294.851</ele><time>2026-08-14T13:10:57Z</time><sat>46</sat></trkpt>
  <trkpt lat="39.58592044" lon="109.78991937"><ele>1294.240</ele><time>2026-08-14T13:11:00Z</time><sat>46</sat></trkpt>
  <trkpt lat="39.58590570" lon="109.78994058"><ele>1293.960</ele><time>2026-08-14T13:11:03Z</time><sat>46</sat></trkpt>
  <trkpt lat="39.58589403" lon="109.78995990"><ele>1293.808</ele><time>2026-08-14T13:11:06Z</time><sat>46</sat></trkpt>
  <trkpt lat="39.58587956" lon="109.78997534"><ele>1293.467</ele><time>2026-08-14T13:11:09Z</time><sat>46</sat></trkpt>
  <trkpt lat="39.58585853" lon="109.78998886"><ele>1293.582</ele><time>2026-08-14T13:11:12Z</time><sat>46</sat></trkpt>
  <trkpt lat="39.58583814" lon="109.79002580"><ele>1292.540</ele><time>2026-08-14T13:11:17Z</time><sat>46</sat></trkpt>
  <trkpt lat="39.58581089" lon="109.79002529"><ele>1293.405</ele><time>2026-08-14T13:11:20Z</time><sat>46</sat></trkpt>
  <trkpt lat="39.58581674" lon="109.79000970"><ele>1294.027</ele><time>2026-08-14T13:11:23Z</time><sat>46</sat></trkpt>
  <trkpt lat="39.58581156" lon="109.79001382"><ele>1293.995</ele><time>2026-08-14T13:11:26Z</time><sat>46</sat></trkpt>
  <trkpt lat="39.58581148" lon="109.79001345"><ele>1293.999</ele><time>2026-08-14T13:11:29Z</time><sat>46</sat></trkpt>
  <trkpt lat="39.58581151" lon="109.79001329"><ele>1294.007</ele><time>2026-08-14T13:11:32Z</time><sat>46</sat></trkpt>
  <trkpt lat="39.58581150" lon="109.79001324"><ele>1294.014</ele><time>2026-08-14T13:11:35Z</time><sat>46</sat></trkpt>
  <trkpt lat="39.58581148" lon="109.79001319"><ele>1294.019</ele><time>2026-08-14T13:11:38Z</time><sat>46</sat></trkpt>
  <trkpt lat="39.58581222" lon="109.79000758"><ele>1293.692</ele><time>2026-08-14T13:11:41Z</time><sat>46</sat></trkpt>
  <trkpt lat="39.58581469" lon="109.79000299"><ele>1293.827</ele><time>2026-08-14T13:11:44Z</time><sat>46</sat></trkpt>
  <trkpt lat="39.58582094" lon="109.79000006"><ele>1294.080</ele><time>2026-08-14T13:11:47Z</time><sat>46</sat></trkpt>
  <trkpt lat="39.58582491" lon="109.78999955"><ele>1294.614</ele><time>2026-08-14T13:11:50Z</time><sat>46</sat></trkpt>
  <trkpt lat="39.58582464" lon="109.78999911"><ele>1294.908</ele><time>2026-08-14T13:11:53Z</time><sat>46</sat></trkpt>
  <trkpt lat="39.58581500" lon="109.79001085"><ele>1294.397</ele><time>2026-08-14T13:11:56Z</time><sat>46</sat></trkpt>
  <trkpt lat="39.58580019" lon="109.79002161"><ele>1294.911</ele><time>2026-08-14T13:11:59Z</time><sat>46</sat></trkpt>
  <trkpt lat="39.58578110" lon="109.79003151"><ele>1296.146</ele><time>2026-08-14T13:12:02Z</time><sat>46</sat></trkpt>
  <trkpt lat="39.58575825" lon="109.79004845"><ele>1296.571</ele><time>2026-08-14T13:12:05Z</time><sat>46</sat></trkpt>
  <trkpt lat="39.58573716" lon="109.79006933"><ele>1297.554</ele><time>2026-08-14T13:12:08Z</time><sat>46</sat></trkpt>
  <trkpt lat="39.58571760" lon="109.79007739"><ele>1297.271</ele><time>2026-08-14T13:12:11Z</time><sat>45</sat></trkpt>
  <trkpt lat="39.58569910" lon="109.79009592"><ele>1297.463</ele><time>2026-08-14T13:12:14Z</time><sat>45</sat></trkpt>
  <trkpt lat="39.58567759" lon="109.79010849"><ele>1295.757</ele><time>2026-08-14T13:12:18Z</time><sat>45</sat></trkpt>
  <trkpt lat="39.58565838" lon="109.79011593"><ele>1295.237</ele><time>2026-08-14T13:12:21Z</time><sat>45</sat></trkpt>
  <trkpt lat="39.58564060" lon="109.79013691"><ele>1295.999</ele><time>2026-08-14T13:12:24Z</time><sat>45</sat></trkpt>
  <trkpt lat="39.58561555" lon="109.79014561"><ele>1295.809</ele><time>2026-08-14T13:12:27Z</time><sat>45</sat></trkpt>
  <trkpt lat="39.58558895" lon="109.79015674"><ele>1295.927</ele><time>2026-08-14T13:12:30Z</time><sat>46</sat></trkpt>
  <trkpt lat="39.58556294" lon="109.79017371"><ele>1295.923</ele><time>2026-08-14T13:12:33Z</time><sat>46</sat></trkpt>
  <trkpt lat="39.58553771" lon="109.79018286"><ele>1296.122</ele><time>2026-08-14T13:12:36Z</time><sat>46</sat></trkpt>
  <trkpt lat="39.58551222" lon="109.79019929"><ele>1296.526</ele><time>2026-08-14T13:12:39Z</time><sat>46</sat></trkpt>
  <trkpt lat="39.58548627" lon="109.79020566"><ele>1295.429</ele><time>2026-08-14T13:12:42Z</time><sat>46</sat></trkpt>
  <trkpt lat="39.58547191" lon="109.79020036"><ele>1294.963</ele><time>2026-08-14T13:12:45Z</time><sat>45</sat></trkpt>
  <trkpt lat="39.58547904" lon="109.79020367"><ele>1294.709</ele><time>2026-08-14T13:12:48Z</time><sat>45</sat></trkpt>
  <trkpt lat="39.58549433" lon="109.79019317"><ele>1294.790</ele><time>2026-08-14T13:12:51Z</time><sat>44</sat></trkpt>
  <trkpt lat="39.58549573" lon="109.79019286"><ele>1294.823</ele><time>2026-08-14T13:12:54Z</time><sat>44</sat></trkpt>
  <trkpt lat="39.58549574" lon="109.79019335"><ele>1294.824</ele><time>2026-08-14T13:12:57Z</time><sat>44</sat></trkpt>
  <trkpt lat="39.58549476" lon="109.79020428"><ele>1294.612</ele><time>2026-08-14T13:13:00Z</time><sat>44</sat></trkpt>
  <trkpt lat="39.58549377" lon="109.79022485"><ele>1294.461</ele><time>2026-08-14T13:13:03Z</time><sat>44</sat></trkpt>
  <trkpt lat="39.58549450" lon="109.79023219"><ele>1293.903</ele><time>2026-08-14T13:13:06Z</time><sat>44</sat></trkpt>
  <trkpt lat="39.58549255" lon="109.79023423"><ele>1294.169</ele><time>2026-08-14T13:13:09Z</time><sat>43</sat></trkpt>
  <trkpt lat="39.58549381" lon="109.79022438"><ele>1294.205</ele><time>2026-08-14T13:13:12Z</time><sat>44</sat></trkpt>
  <trkpt lat="39.58548802" lon="109.79021150"><ele>1294.299</ele><time>2026-08-14T13:13:15Z</time><sat>44</sat></trkpt>
  <trkpt lat="39.58548094" lon="109.79021721"><ele>1294.077</ele><time>2026-08-14T13:13:18Z</time><sat>45</sat></trkpt>
  <trkpt lat="39.58548098" lon="109.79021797"><ele>1294.080</ele><time>2026-08-14T13:13:21Z</time><sat>44</sat></trkpt>
  <trkpt lat="39.58548084" lon="109.79021809"><ele>1294.084</ele><time>2026-08-14T13:13:24Z</time><sat>43</sat></trkpt>
  <trkpt lat="39.58548070" lon="109.79021828"><ele>1294.085</ele><time>2026-08-14T13:13:27Z</time><sat>45</sat></trkpt>
  <trkpt lat="39.58548059" lon="109.79021842"><ele>1294.088</ele><time>2026-08-14T13:13:30Z</time><sat>45</sat></trkpt>
  <trkpt lat="39.58548055" lon="109.79021958"><ele>1294.089</ele><time>2026-08-14T13:13:33Z</time><sat>45</sat></trkpt>
  <trkpt lat="39.58548164" lon="109.79022085"><ele>1294.089</ele><time>2026-08-14T13:13:36Z</time><sat>44</sat></trkpt>
  <trkpt lat="39.58548076" lon="109.79022160"><ele>1294.346</ele><time>2026-08-14T13:13:39Z</time><sat>45</sat></trkpt>
  <trkpt lat="39.58548076" lon="109.79022180"><ele>1294.612</ele><time>2026-08-14T13:13:42Z</time><sat>45</sat></trkpt>
  <trkpt lat="39.58547968" lon="109.79022075"><ele>1294.490</ele><time>2026-08-14T13:13:45Z</time><sat>45</sat></trkpt>
  <trkpt lat="39.58548037" lon="109.79022369"><ele>1294.665</ele><time>2026-08-14T13:13:48Z</time><sat>45</sat></trkpt>
  <trkpt lat="39.58548066" lon="109.79022463"><ele>1294.678</ele><time>2026-08-14T13:13:51Z</time><sat>44</sat></trkpt>
  <trkpt lat="39.58548062" lon="109.79022478"><ele>1294.684</ele><time>2026-08-14T13:13:54Z</time><sat>45</sat></trkpt>
  <trkpt lat="39.58548057" lon="109.79022492"><ele>1294.683</ele><time>2026-08-14T13:13:57Z</time><sat>45</sat></trkpt>
  <trkpt lat="39.58548052" lon="109.79022499"><ele>1294.689</ele><time>2026-08-14T13:14:00Z</time><sat>45</sat></trkpt>
  <trkpt lat="39.58547624" lon="109.79022669"><ele>1294.999</ele><time>2026-08-14T13:14:03Z</time><sat>45</sat></trkpt>
  <trkpt lat="39.58547485" lon="109.79022722"><ele>1294.995</ele><time>2026-08-14T13:14:06Z</time><sat>45</sat></trkpt>
  <trkpt lat="39.58547514" lon="109.79022711"><ele>1294.893</ele><time>2026-08-14T13:14:09Z</time><sat>45</sat></trkpt>
  <trkpt lat="39.58547556" lon="109.79022703"><ele>1294.898</ele><time>2026-08-14T13:14:12Z</time><sat>46</sat></trkpt>
  <trkpt lat="39.58547554" lon="109.79022701"><ele>1294.900</ele><time>2026-08-14T13:14:15Z</time><sat>46</sat></trkpt>
  <trkpt lat="39.58547550" lon="109.79022698"><ele>1294.903</ele><time>2026-08-14T13:14:18Z</time><sat>46</sat></trkpt>
  <trkpt lat="39.58548143" lon="109.79022176"><ele>1295.208</ele><time>2026-08-14T13:14:21Z</time><sat>46</sat></trkpt>
  <trkpt lat="39.58549086" lon="109.79020427"><ele>1295.046</ele><time>2026-08-14T13:14:24Z</time><sat>46</sat></trkpt>
  <trkpt lat="39.58550595" lon="109.79019697"><ele>1295.068</ele><time>2026-08-14T13:14:27Z</time><sat>46</sat></trkpt>
  <trkpt lat="39.58551791" lon="109.79021789"><ele>1295.433</ele><time>2026-08-14T13:14:30Z</time><sat>45</sat></trkpt>
  <trkpt lat="39.58552300" lon="109.79023862"><ele>1295.583</ele><time>2026-08-14T13:14:33Z</time><sat>45</sat></trkpt>
  <trkpt lat="39.58550697" lon="109.79024954"><ele>1295.706</ele><time>2026-08-14T13:14:36Z</time><sat>45</sat></trkpt>
  <trkpt lat="39.58549446" lon="109.79026488"><ele>1296.005</ele><time>2026-08-14T13:14:39Z</time><sat>45</sat></trkpt>
  <trkpt lat="39.58549461" lon="109.79026854"><ele>1296.087</ele><time>2026-08-14T13:14:42Z</time><sat>45</sat></trkpt>
  <trkpt lat="39.58550575" lon="109.79026945"><ele>1295.884</ele><time>2026-08-14T13:14:45Z</time><sat>45</sat></trkpt>
  <trkpt lat="39.58551823" lon="109.79026340"><ele>1295.748</ele><time>2026-08-14T13:14:48Z</time><sat>45</sat></trkpt>
  <trkpt lat="39.58552738" lon="109.79026074"><ele>1295.764</ele><time>2026-08-14T13:14:51Z</time><sat>45</sat></trkpt>
  <trkpt lat="39.58552830" lon="109.79025073"><ele>1296.183</ele><time>2026-08-14T13:14:54Z</time><sat>45</sat></trkpt>
  <trkpt lat="39.58551744" lon="109.79023878"><ele>1296.065</ele><time>2026-08-14T13:14:57Z</time><sat>46</sat></trkpt>
  <trkpt lat="39.58551146" lon="109.79022667"><ele>1295.730</ele><time>2026-08-14T13:15:00Z</time><sat>46</sat></trkpt>
  <trkpt lat="39.58551320" lon="109.79020264"><ele>1296.184</ele><time>2026-08-14T13:15:03Z</time><sat>45</sat></trkpt>
  <trkpt lat="39.58552225" lon="109.79019497"><ele>1295.018</ele><time>2026-08-14T13:15:06Z</time><sat>45</sat></trkpt>
  <trkpt lat="39.58551198" lon="109.79015886"><ele>1295.060</ele><time>2026-08-14T13:15:09Z</time><sat>45</sat></trkpt>
  <trkpt lat="39.58549751" lon="109.79015677"><ele>1294.789</ele><time>2026-08-14T13:15:12Z</time><sat>45</sat></trkpt>
  <trkpt lat="39.58549636" lon="109.79016876"><ele>1294.774</ele><time>2026-08-14T13:15:15Z</time><sat>45</sat></trkpt>
  <trkpt lat="39.58549618" lon="109.79016916"><ele>1294.774</ele><time>2026-08-14T13:15:18Z</time><sat>42</sat></trkpt>
  <trkpt lat="39.58549607" lon="109.79016931"><ele>1294.780</ele><time>2026-08-14T13:15:21Z</time><sat>42</sat></trkpt>
  <trkpt lat="39.58549671" lon="109.79017155"><ele>1294.795</ele><time>2026-08-14T13:15:24Z</time><sat>42</sat></trkpt>
  <trkpt lat="39.58549765" lon="109.79017364"><ele>1294.800</ele><time>2026-08-14T13:15:27Z</time><sat>43</sat></trkpt>
  <trkpt lat="39.58549765" lon="109.79017376"><ele>1294.803</ele><time>2026-08-14T13:15:30Z</time><sat>43</sat></trkpt>
  <trkpt lat="39.58549760" lon="109.79017377"><ele>1294.810</ele><time>2026-08-14T13:15:33Z</time><sat>44</sat></trkpt>
  <trkpt lat="39.58549761" lon="109.79017381"><ele>1294.811</ele><time>2026-08-14T13:15:36Z</time><sat>44</sat></trkpt>
  <trkpt lat="39.58548644" lon="109.79017907"><ele>1294.495</ele><time>2026-08-14T13:15:39Z</time><sat>44</sat></trkpt>
  <trkpt lat="39.58548357" lon="109.79018525"><ele>1294.759</ele><time>2026-08-14T13:15:42Z</time><sat>44</sat></trkpt>
  <trkpt lat="39.58548975" lon="109.79019187"><ele>1294.714</ele><time>2026-08-14T13:15:45Z</time><sat>44</sat></trkpt>
  <trkpt lat="39.58551243" lon="109.79021762"><ele>1295.286</ele><time>2026-08-14T13:15:48Z</time><sat>43</sat></trkpt>
  <trkpt lat="39.58550177" lon="109.79023931"><ele>1294.613</ele><time>2026-08-14T13:15:51Z</time><sat>44</sat></trkpt>
  <trkpt lat="39.58549891" lon="109.79023516"><ele>1294.491</ele><time>2026-08-14T13:15:54Z</time><sat>43</sat></trkpt>
  <trkpt lat="39.58549889" lon="109.79023479"><ele>1294.490</ele><time>2026-08-14T13:15:57Z</time><sat>43</sat></trkpt>
  <trkpt lat="39.58549891" lon="109.79023471"><ele>1294.489</ele><time>2026-08-14T13:16:00Z</time><sat>42</sat></trkpt>
  <trkpt lat="39.58550087" lon="109.79024216"><ele>1294.396</ele><time>2026-08-14T13:16:03Z</time><sat>39</sat></trkpt>
  <trkpt lat="39.58550107" lon="109.79024260"><ele>1294.390</ele><time>2026-08-14T13:16:06Z</time><sat>43</sat></trkpt>
  <trkpt lat="39.58550185" lon="109.79024248"><ele>1294.498</ele><time>2026-08-14T13:16:09Z</time><sat>43</sat></trkpt>
  <trkpt lat="39.58550033" lon="109.79024015"><ele>1294.488</ele><time>2026-08-14T13:16:12Z</time><sat>44</sat></trkpt>
  <trkpt lat="39.58550030" lon="109.79023989"><ele>1294.486</ele><time>2026-08-14T13:16:15Z</time><sat>44</sat></trkpt>
  <trkpt lat="39.58550028" lon="109.79023979"><ele>1294.483</ele><time>2026-08-14T13:16:18Z</time><sat>42</sat></trkpt>
  <trkpt lat="39.58550027" lon="109.79023971"><ele>1294.481</ele><time>2026-08-14T13:16:21Z</time><sat>42</sat></trkpt>
  <trkpt lat="39.58550024" lon="109.79023966"><ele>1294.478</ele><time>2026-08-14T13:16:24Z</time><sat>40</sat></trkpt>
  <trkpt lat="39.58550194" lon="109.79023685"><ele>1294.520</ele><time>2026-08-14T13:16:27Z</time><sat>43</sat></trkpt>
  <trkpt lat="39.58550249" lon="109.79023626"><ele>1294.514</ele><time>2026-08-14T13:16:30Z</time><sat>44</sat></trkpt>
  <trkpt lat="39.58549722" lon="109.79024057"><ele>1294.883</ele><time>2026-08-14T13:16:33Z</time><sat>44</sat></trkpt>
  <trkpt lat="39.58549716" lon="109.79024090"><ele>1294.874</ele><time>2026-08-14T13:16:36Z</time><sat>45</sat></trkpt>
  <trkpt lat="39.58549609" lon="109.79024062"><ele>1294.734</ele><time>2026-08-14T13:16:39Z</time><sat>45</sat></trkpt>
  <trkpt lat="39.58549637" lon="109.79024543"><ele>1295.691</ele><time>2026-08-14T13:16:42Z</time><sat>44</sat></trkpt>
  <trkpt lat="39.58550428" lon="109.79024049"><ele>1295.285</ele><time>2026-08-14T13:16:45Z</time><sat>45</sat></trkpt>
  <trkpt lat="39.58550493" lon="109.79024108"><ele>1294.984</ele><time>2026-08-14T13:16:48Z</time><sat>45</sat></trkpt>
  <trkpt lat="39.58550006" lon="109.79023670"><ele>1294.904</ele><time>2026-08-14T13:16:51Z</time><sat>45</sat></trkpt>
  <trkpt lat="39.58550011" lon="109.79023643"><ele>1294.917</ele><time>2026-08-14T13:16:54Z</time><sat>45</sat></trkpt>
  <trkpt lat="39.58550012" lon="109.79023677"><ele>1294.916</ele><time>2026-08-14T13:16:57Z</time><sat>44</sat></trkpt>
  <trkpt lat="39.58550475" lon="109.79023876"><ele>1294.324</ele><time>2026-08-14T13:17:00Z</time><sat>44</sat></trkpt>
  <trkpt lat="39.58550327" lon="109.79024229"><ele>1294.544</ele><time>2026-08-14T13:17:03Z</time><sat>44</sat></trkpt>
  <trkpt lat="39.58550034" lon="109.79024472"><ele>1294.567</ele><time>2026-08-14T13:17:06Z</time><sat>45</sat></trkpt>
  <trkpt lat="39.58550034" lon="109.79024504"><ele>1294.566</ele><time>2026-08-14T13:17:09Z</time><sat>45</sat></trkpt>
  <trkpt lat="39.58550034" lon="109.79024519"><ele>1294.564</ele><time>2026-08-14T13:17:12Z</time><sat>45</sat></trkpt>
  <trkpt lat="39.58550031" lon="109.79024531"><ele>1294.565</ele><time>2026-08-14T13:17:15Z</time><sat>45</sat></trkpt>
  <trkpt lat="39.58549902" lon="109.79023783"><ele>1294.194</ele><time>2026-08-14T13:17:18Z</time><sat>45</sat></trkpt>
  <trkpt lat="39.58549893" lon="109.79023529"><ele>1294.093</ele><time>2026-08-14T13:17:21Z</time><sat>44</sat></trkpt>
  <trkpt lat="39.58549839" lon="109.79024345"><ele>1295.032</ele><time>2026-08-14T13:17:24Z</time><sat>44</sat></trkpt>
  <trkpt lat="39.58549840" lon="109.79024390"><ele>1295.003</ele><time>2026-08-14T13:17:27Z</time><sat>44</sat></trkpt>
  <trkpt lat="39.58549491" lon="109.79024870"><ele>1295.585</ele><time>2026-08-14T13:17:30Z</time><sat>45</sat></trkpt>
  <trkpt lat="39.58549835" lon="109.79023755"><ele>1297.004</ele><time>2026-08-14T13:17:35Z</time><sat>45</sat></trkpt>
  <trkpt lat="39.58549643" lon="109.79023716"><ele>1297.852</ele><time>2026-08-14T13:17:38Z</time><sat>45</sat></trkpt>
  <trkpt lat="39.58549602" lon="109.79023724"><ele>1297.852</ele><time>2026-08-14T13:17:41Z</time><sat>45</sat></trkpt>
  <trkpt lat="39.58549862" lon="109.79023977"><ele>1297.354</ele><time>2026-08-14T13:17:44Z</time><sat>45</sat></trkpt>
  <trkpt lat="39.58549894" lon="109.79024032"><ele>1297.351</ele><time>2026-08-14T13:17:47Z</time><sat>44</sat></trkpt>
  <trkpt lat="39.58549953" lon="109.79024036"><ele>1296.715</ele><time>2026-08-14T13:17:50Z</time><sat>44</sat></trkpt>
  <trkpt lat="39.58549960" lon="109.79024012"><ele>1296.660</ele><time>2026-08-14T13:17:53Z</time><sat>45</sat></trkpt>
  <trkpt lat="39.58549962" lon="109.79024024"><ele>1296.643</ele><time>2026-08-14T13:17:56Z</time><sat>45</sat></trkpt>
  <trkpt lat="39.58549962" lon="109.79024035"><ele>1296.631</ele><time>2026-08-14T13:17:59Z</time><sat>45</sat></trkpt>
  <trkpt lat="39.58549959" lon="109.79024041"><ele>1296.619</ele><time>2026-08-14T13:18:02Z</time><sat>44</sat></trkpt>
  <trkpt lat="39.58549467" lon="109.79024368"><ele>1296.794</ele><time>2026-08-14T13:18:05Z</time><sat>44</sat></trkpt>
  <trkpt lat="39.58549446" lon="109.79024380"><ele>1296.784</ele><time>2026-08-14T13:18:08Z</time><sat>44</sat></trkpt>
  <trkpt lat="39.58550375" lon="109.79024146"><ele>1297.374</ele><time>2026-08-14T13:18:11Z</time><sat>45</sat></trkpt>
  <trkpt lat="39.58550406" lon="109.79024067"><ele>1296.690</ele><time>2026-08-14T13:18:14Z</time><sat>45</sat></trkpt>
  <trkpt lat="39.58550761" lon="109.79024537"><ele>1297.065</ele><time>2026-08-14T13:18:17Z</time><sat>45</sat></trkpt>
  <trkpt lat="39.58550882" lon="109.79024271"><ele>1297.106</ele><time>2026-08-14T13:18:20Z</time><sat>45</sat></trkpt>
  <trkpt lat="39.58551922" lon="109.79023247"><ele>1296.012</ele><time>2026-08-14T13:18:23Z</time><sat>45</sat></trkpt>
  <trkpt lat="39.58551866" lon="109.79021484"><ele>1295.511</ele><time>2026-08-14T13:18:26Z</time><sat>45</sat></trkpt>
  <trkpt lat="39.58550537" lon="109.79021721"><ele>1294.574</ele><time>2026-08-14T13:18:29Z</time><sat>45</sat></trkpt>
  <trkpt lat="39.58550705" lon="109.79022121"><ele>1294.791</ele><time>2026-08-14T13:18:32Z</time><sat>45</sat></trkpt>
  <trkpt lat="39.58551217" lon="109.79022208"><ele>1293.976</ele><time>2026-08-14T13:18:35Z</time><sat>45</sat></trkpt>
  <trkpt lat="39.58551471" lon="109.79022219"><ele>1293.977</ele><time>2026-08-14T13:18:38Z</time><sat>45</sat></trkpt>
  <trkpt lat="39.58551470" lon="109.79022216"><ele>1293.977</ele><time>2026-08-14T13:18:41Z</time><sat>45</sat></trkpt>
  <trkpt lat="39.58551272" lon="109.79021031"><ele>1293.728</ele><time>2026-08-14T13:18:44Z</time><sat>45</sat></trkpt>
  <trkpt lat="39.58550997" lon="109.79023003"><ele>1294.134</ele><time>2026-08-14T13:18:47Z</time><sat>45</sat></trkpt>
  <trkpt lat="39.58552517" lon="109.79023035"><ele>1294.674</ele><time>2026-08-14T13:18:50Z</time><sat>45</sat></trkpt>
  <trkpt lat="39.58554325" lon="109.79021786"><ele>1294.203</ele><time>2026-08-14T13:18:53Z</time><sat>45</sat></trkpt>
  <trkpt lat="39.58555869" lon="109.79019908"><ele>1293.868</ele><time>2026-08-14T13:18:56Z</time><sat>45</sat></trkpt>
  <trkpt lat="39.58556194" lon="109.79018899"><ele>1293.729</ele><time>2026-08-14T13:18:59Z</time><sat>45</sat></trkpt>
  <trkpt lat="39.58555900" lon="109.79019187"><ele>1293.730</ele><time>2026-08-14T13:19:02Z</time><sat>45</sat></trkpt>
  <trkpt lat="39.58555872" lon="109.79019213"><ele>1293.727</ele><time>2026-08-14T13:19:05Z</time><sat>45</sat></trkpt>
  <trkpt lat="39.58555855" lon="109.79019231"><ele>1293.725</ele><time>2026-08-14T13:19:08Z</time><sat>45</sat></trkpt>
  <trkpt lat="39.58554355" lon="109.79019568"><ele>1294.227</ele><time>2026-08-14T13:19:11Z</time><sat>45</sat></trkpt>
  <trkpt lat="39.58552720" lon="109.79021444"><ele>1294.497</ele><time>2026-08-14T13:19:14Z</time><sat>45</sat></trkpt>
  <trkpt lat="39.58552423" lon="109.79024064"><ele>1295.097</ele><time>2026-08-14T13:19:17Z</time><sat>45</sat></trkpt>
  <trkpt lat="39.58553622" lon="109.79025011"><ele>1295.087</ele><time>2026-08-14T13:19:20Z</time><sat>45</sat></trkpt>
  <trkpt lat="39.58554812" lon="109.79024681"><ele>1295.055</ele><time>2026-08-14T13:19:23Z</time><sat>45</sat></trkpt>
  <trkpt lat="39.58555956" lon="109.79022918"><ele>1294.876</ele><time>2026-08-14T13:19:26Z</time><sat>45</sat></trkpt>
  <trkpt lat="39.58556430" lon="109.79020095"><ele>1295.011</ele><time>2026-08-14T13:19:29Z</time><sat>45</sat></trkpt>
  <trkpt lat="39.58555184" lon="109.79018643"><ele>1295.204</ele><time>2026-08-14T13:19:32Z</time><sat>45</sat></trkpt>
  <trkpt lat="39.58553490" lon="109.79020378"><ele>1295.289</ele><time>2026-08-14T13:19:35Z</time><sat>45</sat></trkpt>
  <trkpt lat="39.58552765" lon="109.79023479"><ele>1295.785</ele><time>2026-08-14T13:19:38Z</time><sat>45</sat></trkpt>
  <trkpt lat="39.58553016" lon="109.79025925"><ele>1296.023</ele><time>2026-08-14T13:19:41Z</time><sat>45</sat></trkpt>
  <trkpt lat="39.58553445" lon="109.79026510"><ele>1296.174</ele><time>2026-08-14T13:19:44Z</time><sat>45</sat></trkpt>
  <trkpt lat="39.58553499" lon="109.79026664"><ele>1296.160</ele><time>2026-08-14T13:19:47Z</time><sat>45</sat></trkpt>
  <trkpt lat="39.58553522" lon="109.79026735"><ele>1296.156</ele><time>2026-08-14T13:19:50Z</time><sat>45</sat></trkpt>
  <trkpt lat="39.58553533" lon="109.79026783"><ele>1296.154</ele><time>2026-08-14T13:19:53Z</time><sat>45</sat></trkpt>
  <trkpt lat="39.58554175" lon="109.79027413"><ele>1296.239</ele><time>2026-08-14T13:19:56Z</time><sat>45</sat></trkpt>
  <trkpt lat="39.58553228" lon="109.79027395"><ele>1295.903</ele><time>2026-08-14T13:19:59Z</time><sat>45</sat></trkpt>
  <trkpt lat="39.58551261" lon="109.79025205"><ele>1295.344</ele><time>2026-08-14T13:20:02Z</time><sat>45</sat></trkpt>
  <trkpt lat="39.58550699" lon="109.79022088"><ele>1295.035</ele><time>2026-08-14T13:20:05Z</time><sat>45</sat></trkpt>
  <trkpt lat="39.58551866" lon="109.79018750"><ele>1295.123</ele><time>2026-08-14T13:20:08Z</time><sat>45</sat></trkpt>
  <trkpt lat="39.58554491" lon="109.79019078"><ele>1295.381</ele><time>2026-08-14T13:20:11Z</time><sat>45</sat></trkpt>
  <trkpt lat="39.58556833" lon="109.79018571"><ele>1295.279</ele><time>2026-08-14T13:20:14Z</time><sat>45</sat></trkpt>
  <trkpt lat="39.58556099" lon="109.79016768"><ele>1295.092</ele><time>2026-08-14T13:20:17Z</time><sat>45</sat></trkpt>
  <trkpt lat="39.58555560" lon="109.79021266"><ele>1295.898</ele><time>2026-08-14T13:20:20Z</time><sat>45</sat></trkpt>
  <trkpt lat="39.58556766" lon="109.79024489"><ele>1295.840</ele><time>2026-08-14T13:20:23Z</time><sat>45</sat></trkpt>
  <trkpt lat="39.58558686" lon="109.79027289"><ele>1296.289</ele><time>2026-08-14T13:20:26Z</time><sat>45</sat></trkpt>
  <trkpt lat="39.58559375" lon="109.79026675"><ele>1296.037</ele><time>2026-08-14T13:20:29Z</time><sat>45</sat></trkpt>
  <trkpt lat="39.58558761" lon="109.79024789"><ele>1295.845</ele><time>2026-08-14T13:20:32Z</time><sat>45</sat></trkpt>
  <trkpt lat="39.58557147" lon="109.79024170"><ele>1295.582</ele><time>2026-08-14T13:20:35Z</time><sat>45</sat></trkpt>
  <trkpt lat="39.58555469" lon="109.79025576"><ele>1295.860</ele><time>2026-08-14T13:20:38Z</time><sat>45</sat></trkpt>
  <trkpt lat="39.58554493" lon="109.79027268"><ele>1296.110</ele><time>2026-08-14T13:20:41Z</time><sat>45</sat></trkpt>
  <trkpt lat="39.58554317" lon="109.79028986"><ele>1296.039</ele><time>2026-08-14T13:20:44Z</time><sat>45</sat></trkpt>
  <trkpt lat="39.58555852" lon="109.79029890"><ele>1296.015</ele><time>2026-08-14T13:20:47Z</time><sat>45</sat></trkpt>
  <trkpt lat="39.58557727" lon="109.79029775"><ele>1295.808</ele><time>2026-08-14T13:20:50Z</time><sat>45</sat></trkpt>
  <trkpt lat="39.58559315" lon="109.79028388"><ele>1295.704</ele><time>2026-08-14T13:20:53Z</time><sat>45</sat></trkpt>
  <trkpt lat="39.58559454" lon="109.79026306"><ele>1295.524</ele><time>2026-08-14T13:20:56Z</time><sat>45</sat></trkpt>
  <trkpt lat="39.58558152" lon="109.79025668"><ele>1295.381</ele><time>2026-08-14T13:20:59Z</time><sat>45</sat></trkpt>
  <trkpt lat="39.58556851" lon="109.79027123"><ele>1295.380</ele><time>2026-08-14T13:21:02Z</time><sat>45</sat></trkpt>
  <trkpt lat="39.58555576" lon="109.79026663"><ele>1295.572</ele><time>2026-08-14T13:21:05Z</time><sat>45</sat></trkpt>
  <trkpt lat="39.58554741" lon="109.79025302"><ele>1295.323</ele><time>2026-08-14T13:21:08Z</time><sat>45</sat></trkpt>
  <trkpt lat="39.58555187" lon="109.79022900"><ele>1295.092</ele><time>2026-08-14T13:21:11Z</time><sat>45</sat></trkpt>
  <trkpt lat="39.58556166" lon="109.79020037"><ele>1295.007</ele><time>2026-08-14T13:21:14Z</time><sat>45</sat></trkpt>
  <trkpt lat="39.58555236" lon="109.79019624"><ele>1294.852</ele><time>2026-08-14T13:21:17Z</time><sat>45</sat></trkpt>
  <trkpt lat="39.58554082" lon="109.79021724"><ele>1295.049</ele><time>2026-08-14T13:21:20Z</time><sat>45</sat></trkpt>
  <trkpt lat="39.58553223" lon="109.79024007"><ele>1295.362</ele><time>2026-08-14T13:21:23Z</time><sat>45</sat></trkpt>
  <trkpt lat="39.58551181" lon="109.79024898"><ele>1295.283</ele><time>2026-08-14T13:21:26Z</time><sat>45</sat></trkpt>
  <trkpt lat="39.58550086" lon="109.79025518"><ele>1295.665</ele><time>2026-08-14T13:21:29Z</time><sat>45</sat></trkpt>
  <trkpt lat="39.58550175" lon="109.79025535"><ele>1295.668</ele><time>2026-08-14T13:21:32Z</time><sat>45</sat></trkpt>
  <trkpt lat="39.58550150" lon="109.79025547"><ele>1295.675</ele><time>2026-08-14T13:21:35Z</time><sat>45</sat></trkpt>
  <trkpt lat="39.58550133" lon="109.79025555"><ele>1295.676</ele><time>2026-08-14T13:21:38Z</time><sat>45</sat></trkpt>
  <trkpt lat="39.58550636" lon="109.79025869"><ele>1295.743</ele><time>2026-08-14T13:21:41Z</time><sat>44</sat></trkpt>
  <trkpt lat="39.58552371" lon="109.79025419"><ele>1295.536</ele><time>2026-08-14T13:21:44Z</time><sat>45</sat></trkpt>
  <trkpt lat="39.58555061" lon="109.79027290"><ele>1295.009</ele><time>2026-08-14T13:21:47Z</time><sat>45</sat></trkpt>
  <trkpt lat="39.58556958" lon="109.79026724"><ele>1296.514</ele><time>2026-08-14T13:21:50Z</time><sat>45</sat></trkpt>
  <trkpt lat="39.58558531" lon="109.79027805"><ele>1295.103</ele><time>2026-08-14T13:21:53Z</time><sat>45</sat></trkpt>
  <trkpt lat="39.58560980" lon="109.79025724"><ele>1294.348</ele><time>2026-08-14T13:21:56Z</time><sat>45</sat></trkpt>
  <trkpt lat="39.58561002" lon="109.79022520"><ele>1294.333</ele><time>2026-08-14T13:21:59Z</time><sat>44</sat></trkpt>
  <trkpt lat="39.58560948" lon="109.79022202"><ele>1294.358</ele><time>2026-08-14T13:22:02Z</time><sat>44</sat></trkpt>
  <trkpt lat="39.58560871" lon="109.79022352"><ele>1293.960</ele><time>2026-08-14T13:22:05Z</time><sat>44</sat></trkpt>
  <trkpt lat="39.58561612" lon="109.79020060"><ele>1294.307</ele><time>2026-08-14T13:22:08Z</time><sat>45</sat></trkpt>
  <trkpt lat="39.58561952" lon="109.79018607"><ele>1295.141</ele><time>2026-08-14T13:22:11Z</time><sat>45</sat></trkpt>
  <trkpt lat="39.58559825" lon="109.79018965"><ele>1295.356</ele><time>2026-08-14T13:22:14Z</time><sat>45</sat></trkpt>
  <trkpt lat="39.58558095" lon="109.79019809"><ele>1295.658</ele><time>2026-08-14T13:22:17Z</time><sat>45</sat></trkpt>
  <trkpt lat="39.58556442" lon="109.79020955"><ele>1295.745</ele><time>2026-08-14T13:22:20Z</time><sat>45</sat></trkpt>
  <trkpt lat="39.58557335" lon="109.79021219"><ele>1295.700</ele><time>2026-08-14T13:22:23Z</time><sat>45</sat></trkpt>
  <trkpt lat="39.58558295" lon="109.79018948"><ele>1295.414</ele><time>2026-08-14T13:22:26Z</time><sat>45</sat></trkpt>
  <trkpt lat="39.58558584" lon="109.79017203"><ele>1295.041</ele><time>2026-08-14T13:22:29Z</time><sat>45</sat></trkpt>
  <trkpt lat="39.58557962" lon="109.79017506"><ele>1295.143</ele><time>2026-08-14T13:22:32Z</time><sat>45</sat></trkpt>
  <trkpt lat="39.58557953" lon="109.79017553"><ele>1295.155</ele><time>2026-08-14T13:22:35Z</time><sat>45</sat></trkpt>
  <trkpt lat="39.58557950" lon="109.79017558"><ele>1295.165</ele><time>2026-08-14T13:22:38Z</time><sat>45</sat></trkpt>
  <trkpt lat="39.58557758" lon="109.79017719"><ele>1295.008</ele><time>2026-08-14T13:22:41Z</time><sat>45</sat></trkpt>
  <trkpt lat="39.58556134" lon="109.79018959"><ele>1295.681</ele><time>2026-08-14T13:22:44Z</time><sat>45</sat></trkpt>
  <trkpt lat="39.58554863" lon="109.79020290"><ele>1295.688</ele><time>2026-08-14T13:22:47Z</time><sat>45</sat></trkpt>
  <trkpt lat="39.58554561" lon="109.79021715"><ele>1295.752</ele><time>2026-08-14T13:22:50Z</time><sat>45</sat></trkpt>
  <trkpt lat="39.58554413" lon="109.79024553"><ele>1295.832</ele><time>2026-08-14T13:22:53Z</time><sat>45</sat></trkpt>
  <trkpt lat="39.58555397" lon="109.79023547"><ele>1295.576</ele><time>2026-08-14T13:22:56Z</time><sat>45</sat></trkpt>
  <trkpt lat="39.58555597" lon="109.79020608"><ele>1295.532</ele><time>2026-08-14T13:22:59Z</time><sat>45</sat></trkpt>
  <trkpt lat="39.58554544" lon="109.79018238"><ele>1295.301</ele><time>2026-08-14T13:23:02Z</time><sat>45</sat></trkpt>
  <trkpt lat="39.58552790" lon="109.79017989"><ele>1295.597</ele><time>2026-08-14T13:23:05Z</time><sat>45</sat></trkpt>
  <trkpt lat="39.58551670" lon="109.79019834"><ele>1295.782</ele><time>2026-08-14T13:23:08Z</time><sat>45</sat></trkpt>
  <trkpt lat="39.58550555" lon="109.79022120"><ele>1296.097</ele><time>2026-08-14T13:23:11Z</time><sat>45</sat></trkpt>
  <trkpt lat="39.58550524" lon="109.79024525"><ele>1296.320</ele><time>2026-08-14T13:23:14Z</time><sat>45</sat></trkpt>
  <trkpt lat="39.58552380" lon="109.79023895"><ele>1295.749</ele><time>2026-08-14T13:23:17Z</time><sat>45</sat></trkpt>
  <trkpt lat="39.58554460" lon="109.79022410"><ele>1295.574</ele><time>2026-08-14T13:23:20Z</time><sat>45</sat></trkpt>
  <trkpt lat="39.58555503" lon="109.79020679"><ele>1295.484</ele><time>2026-08-14T13:23:23Z</time><sat>45</sat></trkpt>
  <trkpt lat="39.58555865" lon="109.79018752"><ele>1295.340</ele><time>2026-08-14T13:23:26Z</time><sat>45</sat></trkpt>
  <trkpt lat="39.58555528" lon="109.79017102"><ele>1295.002</ele><time>2026-08-14T13:23:29Z</time><sat>45</sat></trkpt>
  <trkpt lat="39.58554918" lon="109.79016126"><ele>1294.730</ele><time>2026-08-14T13:23:32Z</time><sat>45</sat></trkpt>
  <trkpt lat="39.58554215" lon="109.79015433"><ele>1294.760</ele><time>2026-08-14T13:23:35Z</time><sat>45</sat></trkpt>
  <trkpt lat="39.58553045" lon="109.79014565"><ele>1294.859</ele><time>2026-08-14T13:23:38Z</time><sat>45</sat></trkpt>
  <trkpt lat="39.58552506" lon="109.79014066"><ele>1294.847</ele><time>2026-08-14T13:23:41Z</time><sat>45</sat></trkpt>
  <trkpt lat="39.58552338" lon="109.79015828"><ele>1295.363</ele><time>2026-08-14T13:23:44Z</time><sat>45</sat></trkpt>
  <trkpt lat="39.58552471" lon="109.79017756"><ele>1295.894</ele><time>2026-08-14T13:23:47Z</time><sat>46</sat></trkpt>
  <trkpt lat="39.58553136" lon="109.79019107"><ele>1295.827</ele><time>2026-08-14T13:23:50Z</time><sat>46</sat></trkpt>
  <trkpt lat="39.58554266" lon="109.79020137"><ele>1295.802</ele><time>2026-08-14T13:23:53Z</time><sat>46</sat></trkpt>
  <trkpt lat="39.58554897" lon="109.79021479"><ele>1295.613</ele><time>2026-08-14T13:23:56Z</time><sat>46</sat></trkpt>
  <trkpt lat="39.58554396" lon="109.79022799"><ele>1295.996</ele><time>2026-08-14T13:23:59Z</time><sat>46</sat></trkpt>
  <trkpt lat="39.58554162" lon="109.79021098"><ele>1295.893</ele><time>2026-08-14T13:24:02Z</time><sat>46</sat></trkpt>
  <trkpt lat="39.58555527" lon="109.79018840"><ele>1295.851</ele><time>2026-08-14T13:24:05Z</time><sat>46</sat></trkpt>
  <trkpt lat="39.58557920" lon="109.79017568"><ele>1295.868</ele><time>2026-08-14T13:24:08Z</time><sat>46</sat></trkpt>
  <trkpt lat="39.58560452" lon="109.79016697"><ele>1295.681</ele><time>2026-08-14T13:24:11Z</time><sat>46</sat></trkpt>
  <trkpt lat="39.58562931" lon="109.79015542"><ele>1295.166</ele><time>2026-08-14T13:24:14Z</time><sat>46</sat></trkpt>
  <trkpt lat="39.58565391" lon="109.79014667"><ele>1294.881</ele><time>2026-08-14T13:24:17Z</time><sat>46</sat></trkpt>
  <trkpt lat="39.58568049" lon="109.79014178"><ele>1295.115</ele><time>2026-08-14T13:24:20Z</time><sat>46</sat></trkpt>
  <trkpt lat="39.58570753" lon="109.79013116"><ele>1294.735</ele><time>2026-08-14T13:24:23Z</time><sat>46</sat></trkpt>
  <trkpt lat="39.58573485" lon="109.79012099"><ele>1295.137</ele><time>2026-08-14T13:24:26Z</time><sat>45</sat></trkpt>
  <trkpt lat="39.58575922" lon="109.79011466"><ele>1294.820</ele><time>2026-08-14T13:24:29Z</time><sat>46</sat></trkpt>
  <trkpt lat="39.58578515" lon="109.79010741"><ele>1294.835</ele><time>2026-08-14T13:24:32Z</time><sat>44</sat></trkpt>
  <trkpt lat="39.58581122" lon="109.79010896"><ele>1295.038</ele><time>2026-08-14T13:24:35Z</time><sat>34</sat></trkpt>
  <trkpt lat="39.58583666" lon="109.79011166"><ele>1294.703</ele><time>2026-08-14T13:24:38Z</time><sat>34</sat></trkpt>
  <trkpt lat="39.58586275" lon="109.79010805"><ele>1294.823</ele><time>2026-08-14T13:24:41Z</time><sat>33</sat></trkpt>
  <trkpt lat="39.58588585" lon="109.79012176"><ele>1294.832</ele><time>2026-08-14T13:24:44Z</time><sat>34</sat></trkpt>
  <trkpt lat="39.58590500" lon="109.79013369"><ele>1294.879</ele><time>2026-08-14T13:24:47Z</time><sat>46</sat></trkpt>
  <trkpt lat="39.58591970" lon="109.79012044"><ele>1294.996</ele><time>2026-08-14T13:24:50Z</time><sat>46</sat></trkpt>
  <trkpt lat="39.58594139" lon="109.79009921"><ele>1295.120</ele><time>2026-08-14T13:24:53Z</time><sat>46</sat></trkpt>
  <trkpt lat="39.58596492" lon="109.79008455"><ele>1295.210</ele><time>2026-08-14T13:24:56Z</time><sat>46</sat></trkpt>
  <trkpt lat="39.58598601" lon="109.79006857"><ele>1295.153</ele><time>2026-08-14T13:24:59Z</time><sat>32</sat></trkpt>
  <trkpt lat="39.58600681" lon="109.79004811"><ele>1294.943</ele><time>2026-08-14T13:25:02Z</time><sat>32</sat></trkpt>
  <trkpt lat="39.58602741" lon="109.79002841"><ele>1294.594</ele><time>2026-08-14T13:25:05Z</time><sat>34</sat></trkpt>
  <trkpt lat="39.58604599" lon="109.79000749"><ele>1295.126</ele><time>2026-08-14T13:25:08Z</time><sat>35</sat></trkpt>
  <trkpt lat="39.58606126" lon="109.78998610"><ele>1294.792</ele><time>2026-08-14T13:25:11Z</time><sat>33</sat></trkpt>
  <trkpt lat="39.58608263" lon="109.78996767"><ele>1294.376</ele><time>2026-08-14T13:25:14Z</time><sat>47</sat></trkpt>
  <trkpt lat="39.58610430" lon="109.78994692"><ele>1294.082</ele><time>2026-08-14T13:25:17Z</time><sat>47</sat></trkpt>
  <trkpt lat="39.58612677" lon="109.78992543"><ele>1294.081</ele><time>2026-08-14T13:25:20Z</time><sat>47</sat></trkpt>
  <trkpt lat="39.58615196" lon="109.78990777"><ele>1294.361</ele><time>2026-08-14T13:25:23Z</time><sat>47</sat></trkpt>
  <trkpt lat="39.58617498" lon="109.78988795"><ele>1294.514</ele><time>2026-08-14T13:25:26Z</time><sat>34</sat></trkpt>
  <trkpt lat="39.58619974" lon="109.78986941"><ele>1294.319</ele><time>2026-08-14T13:25:29Z</time><sat>32</sat></trkpt>
  <trkpt lat="39.58622660" lon="109.78985026"><ele>1294.617</ele><time>2026-08-14T13:25:32Z</time><sat>33</sat></trkpt>
  <trkpt lat="39.58625006" lon="109.78982742"><ele>1294.655</ele><time>2026-08-14T13:25:35Z</time><sat>33</sat></trkpt>
  <trkpt lat="39.58627053" lon="109.78980011"><ele>1294.377</ele><time>2026-08-14T13:25:38Z</time><sat>33</sat></trkpt>
  <trkpt lat="39.58628635" lon="109.78976654"><ele>1294.546</ele><time>2026-08-14T13:25:41Z</time><sat>34</sat></trkpt>
  <trkpt lat="39.58629603" lon="109.78973194"><ele>1294.043</ele><time>2026-08-14T13:25:44Z</time><sat>34</sat></trkpt>
  <trkpt lat="39.58631346" lon="109.78970161"><ele>1294.201</ele><time>2026-08-14T13:25:47Z</time><sat>35</sat></trkpt>
  <trkpt lat="39.58633140" lon="109.78967126"><ele>1293.896</ele><time>2026-08-14T13:25:50Z</time><sat>35</sat></trkpt>
  <trkpt lat="39.58634766" lon="109.78964078"><ele>1294.454</ele><time>2026-08-14T13:25:53Z</time><sat>34</sat></trkpt>
  <trkpt lat="39.58636899" lon="109.78961706"><ele>1294.239</ele><time>2026-08-14T13:25:56Z</time><sat>34</sat></trkpt>
  <trkpt lat="39.58638436" lon="109.78958991"><ele>1293.513</ele><time>2026-08-14T13:25:59Z</time><sat>46</sat></trkpt>
  <trkpt lat="39.58641773" lon="109.78955790"><ele>1295.353</ele><time>2026-08-14T13:26:02Z</time><sat>46</sat></trkpt>
  <trkpt lat="39.58643413" lon="109.78952088"><ele>1294.275</ele><time>2026-08-14T13:26:05Z</time><sat>46</sat></trkpt>
  <trkpt lat="39.58643734" lon="109.78947326"><ele>1294.549</ele><time>2026-08-14T13:26:08Z</time><sat>46</sat></trkpt>
  <trkpt lat="39.58645263" lon="109.78944878"><ele>1294.725</ele><time>2026-08-14T13:26:11Z</time><sat>47</sat></trkpt>
  <trkpt lat="39.58647312" lon="109.78942968"><ele>1294.484</ele><time>2026-08-14T13:26:14Z</time><sat>46</sat></trkpt>
  <trkpt lat="39.58649929" lon="109.78941924"><ele>1294.518</ele><time>2026-08-14T13:26:17Z</time><sat>47</sat></trkpt>
  <trkpt lat="39.58652813" lon="109.78942239"><ele>1295.530</ele><time>2026-08-14T13:26:20Z</time><sat>46</sat></trkpt>
  <trkpt lat="39.58655475" lon="109.78943105"><ele>1295.745</ele><time>2026-08-14T13:26:23Z</time><sat>47</sat></trkpt>
  <trkpt lat="39.58658231" lon="109.78943229"><ele>1295.800</ele><time>2026-08-14T13:26:26Z</time><sat>47</sat></trkpt>
  <trkpt lat="39.58660970" lon="109.78943199"><ele>1295.892</ele><time>2026-08-14T13:26:29Z</time><sat>47</sat></trkpt>
  <trkpt lat="39.58663656" lon="109.78943823"><ele>1296.144</ele><time>2026-08-14T13:26:32Z</time><sat>46</sat></trkpt>
  <trkpt lat="39.58666408" lon="109.78943943"><ele>1295.929</ele><time>2026-08-14T13:26:35Z</time><sat>34</sat></trkpt>
  <trkpt lat="39.58669099" lon="109.78942542"><ele>1295.962</ele><time>2026-08-14T13:26:38Z</time><sat>32</sat></trkpt>
  <trkpt lat="39.58671867" lon="109.78940963"><ele>1295.818</ele><time>2026-08-14T13:26:41Z</time><sat>44</sat></trkpt>
  <trkpt lat="39.58674244" lon="109.78939071"><ele>1295.921</ele><time>2026-08-14T13:26:44Z</time><sat>45</sat></trkpt>
  <trkpt lat="39.58677148" lon="109.78937568"><ele>1295.511</ele><time>2026-08-14T13:26:47Z</time><sat>46</sat></trkpt>
  <trkpt lat="39.58679701" lon="109.78936240"><ele>1295.594</ele><time>2026-08-14T13:26:50Z</time><sat>47</sat></trkpt>
  <trkpt lat="39.58682190" lon="109.78935604"><ele>1295.544</ele><time>2026-08-14T13:26:53Z</time><sat>47</sat></trkpt>
  <trkpt lat="39.58684648" lon="109.78934491"><ele>1295.223</ele><time>2026-08-14T13:26:56Z</time><sat>47</sat></trkpt>
  <trkpt lat="39.58686914" lon="109.78932822"><ele>1294.996</ele><time>2026-08-14T13:26:59Z</time><sat>46</sat></trkpt>
  <trkpt lat="39.58689102" lon="109.78931309"><ele>1294.640</ele><time>2026-08-14T13:27:02Z</time><sat>46</sat></trkpt>
  <trkpt lat="39.58691570" lon="109.78929440"><ele>1294.134</ele><time>2026-08-14T13:27:05Z</time><sat>31</sat></trkpt>
  <trkpt lat="39.58694586" lon="109.78927741"><ele>1293.755</ele><time>2026-08-14T13:27:08Z</time><sat>46</sat></trkpt>
  <trkpt lat="39.58697471" lon="109.78925938"><ele>1293.690</ele><time>2026-08-14T13:27:11Z</time><sat>47</sat></trkpt>
  <trkpt lat="39.58700051" lon="109.78924236"><ele>1293.502</ele><time>2026-08-14T13:27:14Z</time><sat>47</sat></trkpt>
  <trkpt lat="39.58702568" lon="109.78923122"><ele>1293.666</ele><time>2026-08-14T13:27:17Z</time><sat>46</sat></trkpt>
  <trkpt lat="39.58705219" lon="109.78922322"><ele>1293.497</ele><time>2026-08-14T13:27:20Z</time><sat>33</sat></trkpt>
  <trkpt lat="39.58707394" lon="109.78921384"><ele>1293.688</ele><time>2026-08-14T13:27:23Z</time><sat>47</sat></trkpt>
  <trkpt lat="39.58710182" lon="109.78919480"><ele>1293.836</ele><time>2026-08-14T13:27:26Z</time><sat>47</sat></trkpt>
  <trkpt lat="39.58712336" lon="109.78918181"><ele>1293.851</ele><time>2026-08-14T13:27:29Z</time><sat>47</sat></trkpt>
  <trkpt lat="39.58714782" lon="109.78916285"><ele>1293.739</ele><time>2026-08-14T13:27:32Z</time><sat>46</sat></trkpt>
  <trkpt lat="39.58716764" lon="109.78915107"><ele>1293.703</ele><time>2026-08-14T13:27:35Z</time><sat>46</sat></trkpt>
  <trkpt lat="39.58719639" lon="109.78913495"><ele>1294.373</ele><time>2026-08-14T13:27:38Z</time><sat>47</sat></trkpt>
  <trkpt lat="39.58721977" lon="109.78912028"><ele>1294.371</ele><time>2026-08-14T13:27:41Z</time><sat>47</sat></trkpt>
  <trkpt lat="39.58724279" lon="109.78910659"><ele>1294.820</ele><time>2026-08-14T13:27:44Z</time><sat>47</sat></trkpt>
  <trkpt lat="39.58726512" lon="109.78908722"><ele>1294.048</ele><time>2026-08-14T13:27:47Z</time><sat>47</sat></trkpt>
  <trkpt lat="39.58729162" lon="109.78908901"><ele>1294.244</ele><time>2026-08-14T13:27:50Z</time><sat>47</sat></trkpt>
  <trkpt lat="39.58730595" lon="109.78907906"><ele>1294.843</ele><time>2026-08-14T13:27:53Z</time><sat>47</sat></trkpt>
  <trkpt lat="39.58732911" lon="109.78905795"><ele>1294.984</ele><time>2026-08-14T13:27:56Z</time><sat>47</sat></trkpt>
  <trkpt lat="39.58735752" lon="109.78904348"><ele>1294.928</ele><time>2026-08-14T13:27:59Z</time><sat>46</sat></trkpt>
  <trkpt lat="39.58738517" lon="109.78902663"><ele>1294.412</ele><time>2026-08-14T13:28:02Z</time><sat>47</sat></trkpt>
  <trkpt lat="39.58741297" lon="109.78901457"><ele>1295.368</ele><time>2026-08-14T13:28:05Z</time><sat>47</sat></trkpt>
  <trkpt lat="39.58742542" lon="109.78898168"><ele>1295.702</ele><time>2026-08-14T13:28:08Z</time><sat>46</sat></trkpt>
  <trkpt lat="39.58743830" lon="109.78894367"><ele>1295.123</ele><time>2026-08-14T13:28:11Z</time><sat>47</sat></trkpt>
  <trkpt lat="39.58744848" lon="109.78891668"><ele>1294.879</ele><time>2026-08-14T13:28:14Z</time><sat>47</sat></trkpt>
  <trkpt lat="39.58746080" lon="109.78887479"><ele>1294.554</ele><time>2026-08-14T13:28:17Z</time><sat>47</sat></trkpt>
  <trkpt lat="39.58746447" lon="109.78883693"><ele>1294.664</ele><time>2026-08-14T13:28:20Z</time><sat>47</sat></trkpt>
  <trkpt lat="39.58747715" lon="109.78880198"><ele>1294.649</ele><time>2026-08-14T13:28:23Z</time><sat>47</sat></trkpt>
  <trkpt lat="39.58749321" lon="109.78876876"><ele>1294.499</ele><time>2026-08-14T13:28:26Z</time><sat>47</sat></trkpt>
  <trkpt lat="39.58751228" lon="109.78874087"><ele>1293.332</ele><time>2026-08-14T13:28:29Z</time><sat>47</sat></trkpt>
  <trkpt lat="39.58754218" lon="109.78873358"><ele>1294.325</ele><time>2026-08-14T13:28:32Z</time><sat>47</sat></trkpt>
  <trkpt lat="39.58756284" lon="109.78872289"><ele>1294.830</ele><time>2026-08-14T13:28:35Z</time><sat>47</sat></trkpt>
  <trkpt lat="39.58757563" lon="109.78871729"><ele>1294.704</ele><time>2026-08-14T13:28:38Z</time><sat>47</sat></trkpt>
  <trkpt lat="39.58758208" lon="109.78871009"><ele>1294.810</ele><time>2026-08-14T13:28:41Z</time><sat>47</sat></trkpt>
  <trkpt lat="39.58760353" lon="109.78867708"><ele>1295.156</ele><time>2026-08-14T13:28:44Z</time><sat>46</sat></trkpt>
  <trkpt lat="39.58760258" lon="109.78864701"><ele>1294.729</ele><time>2026-08-14T13:28:47Z</time><sat>47</sat></trkpt>
  <trkpt lat="39.58760308" lon="109.78860449"><ele>1294.718</ele><time>2026-08-14T13:28:50Z</time><sat>47</sat></trkpt>
  <trkpt lat="39.58759987" lon="109.78856206"><ele>1294.887</ele><time>2026-08-14T13:28:53Z</time><sat>47</sat></trkpt>
  <trkpt lat="39.58759619" lon="109.78852265"><ele>1295.272</ele><time>2026-08-14T13:28:56Z</time><sat>47</sat></trkpt>
  <trkpt lat="39.58758615" lon="109.78848484"><ele>1295.233</ele><time>2026-08-14T13:28:59Z</time><sat>47</sat></trkpt>
  <trkpt lat="39.58758708" lon="109.78844574"><ele>1295.482</ele><time>2026-08-14T13:29:02Z</time><sat>47</sat></trkpt>
  <trkpt lat="39.58758101" lon="109.78840700"><ele>1295.498</ele><time>2026-08-14T13:29:05Z</time><sat>47</sat></trkpt>
  <trkpt lat="39.58757731" lon="109.78836801"><ele>1295.921</ele><time>2026-08-14T13:29:08Z</time><sat>47</sat></trkpt>
  <trkpt lat="39.58757158" lon="109.78832704"><ele>1295.253</ele><time>2026-08-14T13:29:11Z</time><sat>47</sat></trkpt>
  <trkpt lat="39.58757053" lon="109.78830175"><ele>1295.087</ele><time>2026-08-14T13:29:14Z</time><sat>46</sat></trkpt>
  <trkpt lat="39.58758009" lon="109.78827109"><ele>1295.690</ele><time>2026-08-14T13:29:17Z</time><sat>47</sat></trkpt>
  <trkpt lat="39.58759543" lon="109.78824394"><ele>1296.289</ele><time>2026-08-14T13:29:20Z</time><sat>47</sat></trkpt>
  <trkpt lat="39.58760230" lon="109.78820715"><ele>1295.927</ele><time>2026-08-14T13:29:23Z</time><sat>47</sat></trkpt>
  <trkpt lat="39.58761423" lon="109.78818360"><ele>1295.542</ele><time>2026-08-14T13:29:26Z</time><sat>47</sat></trkpt>
  <trkpt lat="39.58762490" lon="109.78814948"><ele>1294.994</ele><time>2026-08-14T13:29:29Z</time><sat>47</sat></trkpt>
  <trkpt lat="39.58763892" lon="109.78812444"><ele>1295.518</ele><time>2026-08-14T13:29:32Z</time><sat>47</sat></trkpt>
  <trkpt lat="39.58765838" lon="109.78810600"><ele>1295.472</ele><time>2026-08-14T13:29:35Z</time><sat>47</sat></trkpt>
  <trkpt lat="39.58767645" lon="109.78807993"><ele>1295.276</ele><time>2026-08-14T13:29:38Z</time><sat>46</sat></trkpt>
  <trkpt lat="39.58767636" lon="109.78803283"><ele>1295.029</ele><time>2026-08-14T13:29:41Z</time><sat>46</sat></trkpt>
  <trkpt lat="39.58766638" lon="109.78799551"><ele>1294.421</ele><time>2026-08-14T13:29:44Z</time><sat>46</sat></trkpt>
  <trkpt lat="39.58767385" lon="109.78795308"><ele>1294.499</ele><time>2026-08-14T13:29:47Z</time><sat>47</sat></trkpt>
  <trkpt lat="39.58769857" lon="109.78793717"><ele>1294.860</ele><time>2026-08-14T13:29:50Z</time><sat>46</sat></trkpt>
  <trkpt lat="39.58772442" lon="109.78792771"><ele>1295.509</ele><time>2026-08-14T13:29:53Z</time><sat>46</sat></trkpt>
  <trkpt lat="39.58774314" lon="109.78790680"><ele>1295.926</ele><time>2026-08-14T13:29:56Z</time><sat>46</sat></trkpt>
  <trkpt lat="39.58776043" lon="109.78788102"><ele>1295.687</ele><time>2026-08-14T13:29:59Z</time><sat>45</sat></trkpt>
  <trkpt lat="39.58777920" lon="109.78786160"><ele>1295.356</ele><time>2026-08-14T13:30:02Z</time><sat>45</sat></trkpt>
  <trkpt lat="39.58779590" lon="109.78783692"><ele>1294.608</ele><time>2026-08-14T13:30:05Z</time><sat>45</sat></trkpt>
  <trkpt lat="39.58781298" lon="109.78780596"><ele>1294.883</ele><time>2026-08-14T13:30:08Z</time><sat>45</sat></trkpt>
  <trkpt lat="39.58782452" lon="109.78777766"><ele>1294.648</ele><time>2026-08-14T13:30:11Z</time><sat>44</sat></trkpt>
  <trkpt lat="39.58783835" lon="109.78775096"><ele>1294.418</ele><time>2026-08-14T13:30:14Z</time><sat>44</sat></trkpt>
  <trkpt lat="39.58785350" lon="109.78772420"><ele>1294.844</ele><time>2026-08-14T13:30:17Z</time><sat>46</sat></trkpt>
  <trkpt lat="39.58787091" lon="109.78771575"><ele>1295.012</ele><time>2026-08-14T13:30:20Z</time><sat>46</sat></trkpt>
  <trkpt lat="39.58789357" lon="109.78770802"><ele>1295.095</ele><time>2026-08-14T13:30:23Z</time><sat>46</sat></trkpt>
  <trkpt lat="39.58792254" lon="109.78769740"><ele>1295.471</ele><time>2026-08-14T13:30:26Z</time><sat>46</sat></trkpt>
  <trkpt lat="39.58794799" lon="109.78768639"><ele>1295.169</ele><time>2026-08-14T13:30:29Z</time><sat>45</sat></trkpt>
  <trkpt lat="39.58797431" lon="109.78767137"><ele>1295.419</ele><time>2026-08-14T13:30:32Z</time><sat>45</sat></trkpt>
  <trkpt lat="39.58800443" lon="109.78765709"><ele>1296.239</ele><time>2026-08-14T13:30:35Z</time><sat>48</sat></trkpt>
  <trkpt lat="39.58804206" lon="109.78764576"><ele>1297.273</ele><time>2026-08-14T13:30:38Z</time><sat>48</sat></trkpt>
  <trkpt lat="39.58807203" lon="109.78762608"><ele>1297.162</ele><time>2026-08-14T13:30:41Z</time><sat>48</sat></trkpt>
  <trkpt lat="39.58810042" lon="109.78760474"><ele>1297.113</ele><time>2026-08-14T13:30:44Z</time><sat>48</sat></trkpt>
  <trkpt lat="39.58811917" lon="109.78758977"><ele>1297.124</ele><time>2026-08-14T13:30:47Z</time><sat>47</sat></trkpt>
  <trkpt lat="39.58814179" lon="109.78757120"><ele>1296.746</ele><time>2026-08-14T13:30:50Z</time><sat>47</sat></trkpt>
  <trkpt lat="39.58816213" lon="109.78755332"><ele>1296.632</ele><time>2026-08-14T13:30:53Z</time><sat>47</sat></trkpt>
  <trkpt lat="39.58818930" lon="109.78753262"><ele>1297.249</ele><time>2026-08-14T13:30:56Z</time><sat>48</sat></trkpt>
  <trkpt lat="39.58821506" lon="109.78751443"><ele>1297.189</ele><time>2026-08-14T13:30:59Z</time><sat>48</sat></trkpt>
  <trkpt lat="39.58822936" lon="109.78749412"><ele>1296.230</ele><time>2026-08-14T13:31:02Z</time><sat>46</sat></trkpt>
  <trkpt lat="39.58824407" lon="109.78747785"><ele>1295.347</ele><time>2026-08-14T13:31:05Z</time><sat>47</sat></trkpt>
  <trkpt lat="39.58826247" lon="109.78746973"><ele>1294.041</ele><time>2026-08-14T13:31:08Z</time><sat>46</sat></trkpt>
  <trkpt lat="39.58828500" lon="109.78745830"><ele>1294.467</ele><time>2026-08-14T13:31:11Z</time><sat>48</sat></trkpt>
  <trkpt lat="39.58830878" lon="109.78744390"><ele>1294.388</ele><time>2026-08-14T13:31:14Z</time><sat>48</sat></trkpt>
  <trkpt lat="39.58833816" lon="109.78742609"><ele>1295.075</ele><time>2026-08-14T13:31:17Z</time><sat>48</sat></trkpt>
  <trkpt lat="39.58836072" lon="109.78741695"><ele>1295.187</ele><time>2026-08-14T13:31:20Z</time><sat>47</sat></trkpt>
  <trkpt lat="39.58839256" lon="109.78740531"><ele>1294.926</ele><time>2026-08-14T13:31:23Z</time><sat>47</sat></trkpt>
  <trkpt lat="39.58842007" lon="109.78738953"><ele>1294.249</ele><time>2026-08-14T13:31:26Z</time><sat>47</sat></trkpt>
  <trkpt lat="39.58844413" lon="109.78737702"><ele>1293.874</ele><time>2026-08-14T13:31:29Z</time><sat>46</sat></trkpt>
  <trkpt lat="39.58846940" lon="109.78736243"><ele>1294.283</ele><time>2026-08-14T13:31:32Z</time><sat>46</sat></trkpt>
  <trkpt lat="39.58849293" lon="109.78734562"><ele>1293.802</ele><time>2026-08-14T13:31:35Z</time><sat>46</sat></trkpt>
  <trkpt lat="39.58851570" lon="109.78732516"><ele>1293.904</ele><time>2026-08-14T13:31:38Z</time><sat>46</sat></trkpt>
  <trkpt lat="39.58853969" lon="109.78731204"><ele>1293.779</ele><time>2026-08-14T13:31:41Z</time><sat>41</sat></trkpt>
  <trkpt lat="39.58856293" lon="109.78729213"><ele>1293.617</ele><time>2026-08-14T13:31:44Z</time><sat>47</sat></trkpt>
  <trkpt lat="39.58858469" lon="109.78727133"><ele>1293.442</ele><time>2026-08-14T13:31:47Z</time><sat>47</sat></trkpt>
  <trkpt lat="39.58860687" lon="109.78725640"><ele>1293.435</ele><time>2026-08-14T13:31:50Z</time><sat>39</sat></trkpt>
  <trkpt lat="39.58862395" lon="109.78723488"><ele>1293.795</ele><time>2026-08-14T13:31:53Z</time><sat>24</sat></trkpt>
  <trkpt lat="39.58864926" lon="109.78721291"><ele>1294.246</ele><time>2026-08-14T13:31:56Z</time><sat>41</sat></trkpt>
  <trkpt lat="39.58865260" lon="109.78717902"><ele>1294.453</ele><time>2026-08-14T13:31:59Z</time><sat>47</sat></trkpt>
  <trkpt lat="39.58866000" lon="109.78714797"><ele>1293.813</ele><time>2026-08-14T13:32:02Z</time><sat>46</sat></trkpt>
  <trkpt lat="39.58867277" lon="109.78711820"><ele>1293.217</ele><time>2026-08-14T13:32:05Z</time><sat>43</sat></trkpt>
  <trkpt lat="39.58870698" lon="109.78712830"><ele>1293.131</ele><time>2026-08-14T13:32:08Z</time><sat>43</sat></trkpt>
  <trkpt lat="39.58869547" lon="109.78715805"><ele>1292.266</ele><time>2026-08-14T13:32:11Z</time><sat>44</sat></trkpt>
  <trkpt lat="39.58869272" lon="109.78717083"><ele>1292.013</ele><time>2026-08-14T13:32:14Z</time><sat>44</sat></trkpt>
  <trkpt lat="39.58869133" lon="109.78716909"><ele>1292.005</ele><time>2026-08-14T13:32:17Z</time><sat>45</sat></trkpt>
  <trkpt lat="39.58869122" lon="109.78716910"><ele>1292.025</ele><time>2026-08-14T13:32:20Z</time><sat>44</sat></trkpt>
  <trkpt lat="39.58869109" lon="109.78716911"><ele>1292.041</ele><time>2026-08-14T13:32:23Z</time><sat>43</sat></trkpt>
  <trkpt lat="39.58869104" lon="109.78716910"><ele>1292.054</ele><time>2026-08-14T13:32:26Z</time><sat>44</sat></trkpt>
  <trkpt lat="39.58869096" lon="109.78716906"><ele>1292.071</ele><time>2026-08-14T13:32:29Z</time><sat>44</sat></trkpt>
  <trkpt lat="39.58869090" lon="109.78716901"><ele>1292.087</ele><time>2026-08-14T13:32:32Z</time><sat>43</sat></trkpt>
  <trkpt lat="39.58869081" lon="109.78716893"><ele>1292.114</ele><time>2026-08-14T13:32:35Z</time><sat>42</sat></trkpt>
  <trkpt lat="39.58869078" lon="109.78716887"><ele>1292.132</ele><time>2026-08-14T13:32:38Z</time><sat>43</sat></trkpt>
  <trkpt lat="39.58869077" lon="109.78716883"><ele>1292.136</ele><time>2026-08-14T13:32:41Z</time><sat>44</sat></trkpt>
  <trkpt lat="39.58869072" lon="109.78716881"><ele>1292.149</ele><time>2026-08-14T13:32:44Z</time><sat>43</sat></trkpt>
  <trkpt lat="39.58868801" lon="109.78716775"><ele>1292.649</ele><time>2026-08-14T13:32:47Z</time><sat>42</sat></trkpt>
  <trkpt lat="39.58868129" lon="109.78716460"><ele>1293.731</ele><time>2026-08-14T13:32:50Z</time><sat>43</sat></trkpt>
  <trkpt lat="39.58867492" lon="109.78715898"><ele>1294.324</ele><time>2026-08-14T13:32:53Z</time><sat>44</sat></trkpt>
  <trkpt lat="39.58867234" lon="109.78715580"><ele>1294.525</ele><time>2026-08-14T13:32:56Z</time><sat>44</sat></trkpt>
  <trkpt lat="39.58866342" lon="109.78714543"><ele>1295.147</ele><time>2026-08-14T13:32:59Z</time><sat>44</sat></trkpt>
  <trkpt lat="39.58865368" lon="109.78712204"><ele>1295.417</ele><time>2026-08-14T13:33:02Z</time><sat>45</sat></trkpt>
  <trkpt lat="39.58865488" lon="109.78711689"><ele>1295.422</ele><time>2026-08-14T13:33:05Z</time><sat>46</sat></trkpt>
  <trkpt lat="39.58865474" lon="109.78711613"><ele>1295.429</ele><time>2026-08-14T13:33:08Z</time><sat>46</sat></trkpt>
  <trkpt lat="39.58861085" lon="109.78710424"><ele>1295.682</ele><time>2026-08-14T13:33:11Z</time><sat>44</sat></trkpt>
  <trkpt lat="39.58851530" lon="109.78715577"><ele>1295.173</ele><time>2026-08-14T13:33:14Z</time><sat>44</sat></trkpt>
  <trkpt lat="39.58839691" lon="109.78720136"><ele>1295.595</ele><time>2026-08-14T13:33:17Z</time><sat>46</sat></trkpt>
  <trkpt lat="39.58829092" lon="109.78726574"><ele>1295.107</ele><time>2026-08-14T13:33:20Z</time><sat>46</sat></trkpt>
  <trkpt lat="39.58819919" lon="109.78732121"><ele>1294.988</ele><time>2026-08-14T13:33:23Z</time><sat>43</sat></trkpt>
  <trkpt lat="39.58813274" lon="109.78735800"><ele>1295.423</ele><time>2026-08-14T13:33:26Z</time><sat>44</sat></trkpt>
  <trkpt lat="39.58805936" lon="109.78739992"><ele>1295.033</ele><time>2026-08-14T13:33:29Z</time><sat>45</sat></trkpt>
  <trkpt lat="39.58798476" lon="109.78741581"><ele>1293.734</ele><time>2026-08-14T13:33:32Z</time><sat>46</sat></trkpt>
  <trkpt lat="39.58796382" lon="109.78738112"><ele>1294.492</ele><time>2026-08-14T13:33:35Z</time><sat>46</sat></trkpt>
  <trkpt lat="39.58789823" lon="109.78720707"><ele>1294.753</ele><time>2026-08-14T13:33:38Z</time><sat>46</sat></trkpt>
  <trkpt lat="39.58780044" lon="109.78693669"><ele>1294.401</ele><time>2026-08-14T13:33:41Z</time><sat>46</sat></trkpt>
  <trkpt lat="39.58771040" lon="109.78668368"><ele>1294.570</ele><time>2026-08-14T13:33:44Z</time><sat>47</sat></trkpt>
  <trkpt lat="39.58763293" lon="109.78647504"><ele>1295.066</ele><time>2026-08-14T13:33:47Z</time><sat>46</sat></trkpt>
  <trkpt lat="39.58753402" lon="109.78618899"><ele>1294.341</ele><time>2026-08-14T13:33:50Z</time><sat>45</sat></trkpt>
  <trkpt lat="39.58740694" lon="109.78583828"><ele>1294.654</ele><time>2026-08-14T13:33:53Z</time><sat>45</sat></trkpt>
  <trkpt lat="39.58727517" lon="109.78548473"><ele>1294.360</ele><time>2026-08-14T13:33:56Z</time><sat>45</sat></trkpt>
  <trkpt lat="39.58714905" lon="109.78512561"><ele>1294.728</ele><time>2026-08-14T13:33:59Z</time><sat>45</sat></trkpt>
  <trkpt lat="39.58702190" lon="109.78477192"><ele>1294.810</ele><time>2026-08-14T13:34:02Z</time><sat>45</sat></trkpt>
  <trkpt lat="39.58688296" lon="109.78439652"><ele>1294.795</ele><time>2026-08-14T13:34:05Z</time><sat>44</sat></trkpt>
  <trkpt lat="39.58675805" lon="109.78404906"><ele>1294.954</ele><time>2026-08-14T13:34:08Z</time><sat>46</sat></trkpt>
  <trkpt lat="39.58662956" lon="109.78370928"><ele>1295.400</ele><time>2026-08-14T13:34:11Z</time><sat>46</sat></trkpt>
  <trkpt lat="39.58650123" lon="109.78336386"><ele>1295.276</ele><time>2026-08-14T13:34:14Z</time><sat>46</sat></trkpt>
  <trkpt lat="39.58639550" lon="109.78307311"><ele>1295.492</ele><time>2026-08-14T13:34:17Z</time><sat>46</sat></trkpt>
  <trkpt lat="39.58632761" lon="109.78283771"><ele>1296.017</ele><time>2026-08-14T13:34:20Z</time><sat>46</sat></trkpt>
  <trkpt lat="39.58636563" lon="109.78261200"><ele>1296.263</ele><time>2026-08-14T13:34:23Z</time><sat>46</sat></trkpt>
  <trkpt lat="39.58656482" lon="109.78244111"><ele>1295.986</ele><time>2026-08-14T13:34:26Z</time><sat>47</sat></trkpt>
  <trkpt lat="39.58686087" lon="109.78225800"><ele>1296.279</ele><time>2026-08-14T13:34:29Z</time><sat>47</sat></trkpt>
  <trkpt lat="39.58721952" lon="109.78204104"><ele>1296.551</ele><time>2026-08-14T13:34:32Z</time><sat>48</sat></trkpt>
  <trkpt lat="39.58758469" lon="109.78181600"><ele>1296.519</ele><time>2026-08-14T13:34:35Z</time><sat>47</sat></trkpt>
  <trkpt lat="39.58792717" lon="109.78160898"><ele>1296.435</ele><time>2026-08-14T13:34:38Z</time><sat>42</sat></trkpt>
  <trkpt lat="39.58824572" lon="109.78141386"><ele>1296.572</ele><time>2026-08-14T13:34:41Z</time><sat>46</sat></trkpt>
  <trkpt lat="39.58855157" lon="109.78122406"><ele>1296.960</ele><time>2026-08-14T13:34:44Z</time><sat>46</sat></trkpt>
  <trkpt lat="39.58885822" lon="109.78103806"><ele>1296.932</ele><time>2026-08-14T13:34:47Z</time><sat>46</sat></trkpt>
  <trkpt lat="39.58917130" lon="109.78085651"><ele>1297.057</ele><time>2026-08-14T13:34:50Z</time><sat>45</sat></trkpt>
  <trkpt lat="39.58949419" lon="109.78067492"><ele>1296.809</ele><time>2026-08-14T13:34:53Z</time><sat>46</sat></trkpt>
  <trkpt lat="39.58981006" lon="109.78049502"><ele>1296.578</ele><time>2026-08-14T13:34:56Z</time><sat>43</sat></trkpt>
  <trkpt lat="39.59010827" lon="109.78031702"><ele>1296.572</ele><time>2026-08-14T13:34:59Z</time><sat>42</sat></trkpt>
  <trkpt lat="39.59036815" lon="109.78017004"><ele>1296.642</ele><time>2026-08-14T13:35:02Z</time><sat>44</sat></trkpt>
  <trkpt lat="39.59058343" lon="109.78006691"><ele>1296.615</ele><time>2026-08-14T13:35:05Z</time><sat>40</sat></trkpt>
  <trkpt lat="39.59076842" lon="109.77996438"><ele>1296.681</ele><time>2026-08-14T13:35:08Z</time><sat>39</sat></trkpt>
  <trkpt lat="39.59092032" lon="109.77991640"><ele>1296.851</ele><time>2026-08-14T13:35:11Z</time><sat>43</sat></trkpt>
  <trkpt lat="39.59105904" lon="109.77995140"><ele>1297.407</ele><time>2026-08-14T13:35:14Z</time><sat>45</sat></trkpt>
  <trkpt lat="39.59118884" lon="109.78014570"><ele>1297.931</ele><time>2026-08-14T13:35:17Z</time><sat>48</sat></trkpt>
  <trkpt lat="39.59133100" lon="109.78047980"><ele>1298.195</ele><time>2026-08-14T13:35:20Z</time><sat>47</sat></trkpt>
  <trkpt lat="39.59149709" lon="109.78089626"><ele>1298.523</ele><time>2026-08-14T13:35:23Z</time><sat>47</sat></trkpt>
  <trkpt lat="39.59166976" lon="109.78136383"><ele>1298.559</ele><time>2026-08-14T13:35:26Z</time><sat>46</sat></trkpt>
  <trkpt lat="39.59185950" lon="109.78188693"><ele>1298.283</ele><time>2026-08-14T13:35:29Z</time><sat>43</sat></trkpt>
  <trkpt lat="39.59205129" lon="109.78241655"><ele>1298.202</ele><time>2026-08-14T13:35:32Z</time><sat>45</sat></trkpt>
  <trkpt lat="39.59224714" lon="109.78295001"><ele>1298.103</ele><time>2026-08-14T13:35:35Z</time><sat>46</sat></trkpt>
  <trkpt lat="39.59242199" lon="109.78343758"><ele>1298.638</ele><time>2026-08-14T13:35:38Z</time><sat>45</sat></trkpt>
  <trkpt lat="39.59255534" lon="109.78380598"><ele>1298.191</ele><time>2026-08-14T13:35:41Z</time><sat>45</sat></trkpt>
  <trkpt lat="39.59266898" lon="109.78410568"><ele>1297.653</ele><time>2026-08-14T13:35:44Z</time><sat>45</sat></trkpt>
  <trkpt lat="39.59277294" lon="109.78440148"><ele>1297.402</ele><time>2026-08-14T13:35:47Z</time><sat>45</sat></trkpt>
  <trkpt lat="39.59289276" lon="109.78473259"><ele>1297.408</ele><time>2026-08-14T13:35:50Z</time><sat>44</sat></trkpt>
  <trkpt lat="39.59302851" lon="109.78510348"><ele>1297.007</ele><time>2026-08-14T13:35:53Z</time><sat>46</sat></trkpt>
  <trkpt lat="39.59315677" lon="109.78545465"><ele>1297.127</ele><time>2026-08-14T13:35:56Z</time><sat>46</sat></trkpt>
  <trkpt lat="39.59327024" lon="109.78578936"><ele>1297.077</ele><time>2026-08-14T13:35:59Z</time><sat>45</sat></trkpt>
  <trkpt lat="39.59336786" lon="109.78606606"><ele>1296.860</ele><time>2026-08-14T13:36:02Z</time><sat>43</sat></trkpt>
  <trkpt lat="39.59343639" lon="109.78624933"><ele>1296.432</ele><time>2026-08-14T13:36:05Z</time><sat>44</sat></trkpt>
  <trkpt lat="39.59344814" lon="109.78628397"><ele>1296.331</ele><time>2026-08-14T13:36:08Z</time><sat>45</sat></trkpt>
  <trkpt lat="39.59344708" lon="109.78628777"><ele>1296.295</ele><time>2026-08-14T13:36:11Z</time><sat>46</sat></trkpt>
  <trkpt lat="39.59345107" lon="109.78629753"><ele>1296.545</ele><time>2026-08-14T13:36:14Z</time><sat>45</sat></trkpt>
  <trkpt lat="39.59350610" lon="109.78644909"><ele>1296.792</ele><time>2026-08-14T13:36:17Z</time><sat>45</sat></trkpt>
  <trkpt lat="39.59358862" lon="109.78667017"><ele>1296.562</ele><time>2026-08-14T13:36:20Z</time><sat>45</sat></trkpt>
  <trkpt lat="39.59370851" lon="109.78696653"><ele>1296.354</ele><time>2026-08-14T13:36:23Z</time><sat>44</sat></trkpt>
  <trkpt lat="39.59386151" lon="109.78734174"><ele>1296.554</ele><time>2026-08-14T13:36:26Z</time><sat>46</sat></trkpt>
  <trkpt lat="39.59401895" lon="109.78776694"><ele>1296.547</ele><time>2026-08-14T13:36:29Z</time><sat>35</sat></trkpt>
  <trkpt lat="39.59416063" lon="109.78815246"><ele>1296.399</ele><time>2026-08-14T13:36:32Z</time><sat>32</sat></trkpt>
  <trkpt lat="39.59429000" lon="109.78850951"><ele>1296.431</ele><time>2026-08-14T13:36:35Z</time><sat>36</sat></trkpt>
  <trkpt lat="39.59441749" lon="109.78885976"><ele>1296.544</ele><time>2026-08-14T13:36:38Z</time><sat>32</sat></trkpt>
  <trkpt lat="39.59453653" lon="109.78919315"><ele>1296.413</ele><time>2026-08-14T13:36:41Z</time><sat>35</sat></trkpt>
  <trkpt lat="39.59468197" lon="109.78959373"><ele>1296.384</ele><time>2026-08-14T13:36:44Z</time><sat>36</sat></trkpt>
  <trkpt lat="39.59482225" lon="109.78997126"><ele>1296.454</ele><time>2026-08-14T13:36:47Z</time><sat>32</sat></trkpt>
  <trkpt lat="39.59493763" lon="109.79028458"><ele>1296.309</ele><time>2026-08-14T13:36:50Z</time><sat>37</sat></trkpt>
  <trkpt lat="39.59500438" lon="109.79046787"><ele>1296.346</ele><time>2026-08-14T13:36:53Z</time><sat>39</sat></trkpt>
  <trkpt lat="39.59504483" lon="109.79062354"><ele>1296.244</ele><time>2026-08-14T13:36:56Z</time><sat>37</sat></trkpt>
  <trkpt lat="39.59510313" lon="109.79084547"><ele>1296.226</ele><time>2026-08-14T13:36:59Z</time><sat>40</sat></trkpt>
  <trkpt lat="39.59515410" lon="109.79099204"><ele>1295.991</ele><time>2026-08-14T13:37:02Z</time><sat>43</sat></trkpt>
  <trkpt lat="39.59516019" lon="109.79101030"><ele>1295.963</ele><time>2026-08-14T13:37:05Z</time><sat>42</sat></trkpt>
  <trkpt lat="39.59516225" lon="109.79101554"><ele>1296.065</ele><time>2026-08-14T13:37:08Z</time><sat>37</sat></trkpt>
  <trkpt lat="39.59516597" lon="109.79102673"><ele>1296.074</ele><time>2026-08-14T13:37:11Z</time><sat>40</sat></trkpt>
  <trkpt lat="39.59516597" lon="109.79102673"><ele>1296.074</ele><time>2026-08-14T13:37:14Z</time><sat>38</sat></trkpt>
  <trkpt lat="39.59516597" lon="109.79102673"><ele>1296.074</ele><time>2026-08-14T13:37:17Z</time><sat>38</sat></trkpt>
  <trkpt lat="39.59516597" lon="109.79102673"><ele>1296.074</ele><time>2026-08-14T13:37:20Z</time><sat>35</sat></trkpt>
  <trkpt lat="39.59516597" lon="109.79102673"><ele>1296.074</ele><time>2026-08-14T13:37:23Z</time><sat>38</sat></trkpt>
  <trkpt lat="39.59516597" lon="109.79102673"><ele>1296.074</ele><time>2026-08-14T13:37:26Z</time><sat>37</sat></trkpt>
  <trkpt lat="39.59516597" lon="109.79102673"><ele>1296.074</ele><time>2026-08-14T13:37:29Z</time><sat>43</sat></trkpt>
  <trkpt lat="39.59516597" lon="109.79102673"><ele>1296.074</ele><time>2026-08-14T13:37:32Z</time><sat>41</sat></trkpt>
  <trkpt lat="39.59516597" lon="109.79102673"><ele>1296.074</ele><time>2026-08-14T13:37:35Z</time><sat>42</sat></trkpt>
  <trkpt lat="39.59517126" lon="109.79104627"><ele>1296.204</ele><time>2026-08-14T13:37:38Z</time><sat>40</sat></trkpt>
  <trkpt lat="39.59517693" lon="109.79106334"><ele>1296.062</ele><time>2026-08-14T13:37:41Z</time><sat>40</sat></trkpt>
  <trkpt lat="39.59517854" lon="109.79106733"><ele>1296.216</ele><time>2026-08-14T13:37:44Z</time><sat>42</sat></trkpt>
  <trkpt lat="39.59517904" lon="109.79107017"><ele>1296.331</ele><time>2026-08-14T13:37:47Z</time><sat>40</sat></trkpt>
  <trkpt lat="39.59519959" lon="109.79112967"><ele>1296.359</ele><time>2026-08-14T13:37:50Z</time><sat>36</sat></trkpt>
  <trkpt lat="39.59526745" lon="109.79132221"><ele>1296.267</ele><time>2026-08-14T13:37:53Z</time><sat>38</sat></trkpt>
  <trkpt lat="39.59538430" lon="109.79165109"><ele>1296.357</ele><time>2026-08-14T13:37:56Z</time><sat>41</sat></trkpt>
  <trkpt lat="39.59553353" lon="109.79205176"><ele>1295.957</ele><time>2026-08-14T13:37:59Z</time><sat>40</sat></trkpt>
  <trkpt lat="39.59569080" lon="109.79245612"><ele>1295.852</ele><time>2026-08-14T13:38:02Z</time><sat>42</sat></trkpt>
  <trkpt lat="39.59583286" lon="109.79285101"><ele>1295.843</ele><time>2026-08-14T13:38:05Z</time><sat>41</sat></trkpt>
  <trkpt lat="39.59594271" lon="109.79316553"><ele>1295.757</ele><time>2026-08-14T13:38:08Z</time><sat>40</sat></trkpt>
  <trkpt lat="39.59606250" lon="109.79350185"><ele>1295.709</ele><time>2026-08-14T13:38:11Z</time><sat>36</sat></trkpt>
  <trkpt lat="39.59621905" lon="109.79389993"><ele>1295.605</ele><time>2026-08-14T13:38:14Z</time><sat>43</sat></trkpt>
  <trkpt lat="39.59638444" lon="109.79432073"><ele>1295.549</ele><time>2026-08-14T13:38:17Z</time><sat>41</sat></trkpt>
  <trkpt lat="39.59650448" lon="109.79473607"><ele>1295.412</ele><time>2026-08-14T13:38:20Z</time><sat>43</sat></trkpt>
  <trkpt lat="39.59658009" lon="109.79508790"><ele>1295.225</ele><time>2026-08-14T13:38:23Z</time><sat>44</sat></trkpt>
  <trkpt lat="39.59661301" lon="109.79529142"><ele>1293.874</ele><time>2026-08-14T13:38:26Z</time><sat>41</sat></trkpt>
  <trkpt lat="39.59661686" lon="109.79533365"><ele>1287.295</ele><time>2026-08-14T13:38:29Z</time><sat>37</sat></trkpt>
  <trkpt lat="39.59663121" lon="109.79540766"><ele>1289.718</ele><time>2026-08-14T13:38:32Z</time><sat>39</sat></trkpt>
  <trkpt lat="39.59670632" lon="109.79561556"><ele>1291.474</ele><time>2026-08-14T13:38:35Z</time><sat>38</sat></trkpt>
  <trkpt lat="39.59690361" lon="109.79568577"><ele>1294.768</ele><time>2026-08-14T13:38:38Z</time><sat>38</sat></trkpt>
  <trkpt lat="39.59719679" lon="109.79569374"><ele>1289.843</ele><time>2026-08-14T13:38:41Z</time><sat>34</sat></trkpt>
  <trkpt lat="39.59756025" lon="109.79568481"><ele>1289.844</ele><time>2026-08-14T13:38:44Z</time><sat>40</sat></trkpt>
  <trkpt lat="39.59793335" lon="109.79567467"><ele>1290.202</ele><time>2026-08-14T13:38:47Z</time><sat>35</sat></trkpt>
  <trkpt lat="39.59830030" lon="109.79566900"><ele>1288.704</ele><time>2026-08-14T13:38:50Z</time><sat>34</sat></trkpt>
  <trkpt lat="39.59864400" lon="109.79566673"><ele>1284.306</ele><time>2026-08-14T13:38:53Z</time><sat>33</sat></trkpt>
  <trkpt lat="39.59894733" lon="109.79569643"><ele>1285.783</ele><time>2026-08-14T13:38:56Z</time><sat>36</sat></trkpt>
  <trkpt lat="39.59915933" lon="109.79570715"><ele>1286.492</ele><time>2026-08-14T13:38:59Z</time><sat>34</sat></trkpt>
  <trkpt lat="39.59927999" lon="109.79570932"><ele>1287.043</ele><time>2026-08-14T13:39:02Z</time><sat>32</sat></trkpt>
  <trkpt lat="39.59935613" lon="109.79570782"><ele>1287.602</ele><time>2026-08-14T13:39:05Z</time><sat>31</sat></trkpt>
  <trkpt lat="39.59936025" lon="109.79570725"><ele>1287.616</ele><time>2026-08-14T13:39:08Z</time><sat>33</sat></trkpt>
  <trkpt lat="39.59936025" lon="109.79570725"><ele>1287.616</ele><time>2026-08-14T13:39:11Z</time><sat>34</sat></trkpt>
  <trkpt lat="39.59936025" lon="109.79570725"><ele>1287.616</ele><time>2026-08-14T13:39:14Z</time><sat>35</sat></trkpt>
  <trkpt lat="39.59935979" lon="109.79570646"><ele>1288.006</ele><time>2026-08-14T13:39:17Z</time><sat>34</sat></trkpt>
  <trkpt lat="39.59941138" lon="109.79570189"><ele>1288.841</ele><time>2026-08-14T13:39:20Z</time><sat>31</sat></trkpt>
  <trkpt lat="39.59957010" lon="109.79569948"><ele>1289.122</ele><time>2026-08-14T13:39:23Z</time><sat>36</sat></trkpt>
  <trkpt lat="39.59984138" lon="109.79569848"><ele>1289.141</ele><time>2026-08-14T13:39:26Z</time><sat>36</sat></trkpt>
  <trkpt lat="39.60017331" lon="109.79569920"><ele>1289.314</ele><time>2026-08-14T13:39:29Z</time><sat>37</sat></trkpt>
  <trkpt lat="39.60053475" lon="109.79569496"><ele>1289.582</ele><time>2026-08-14T13:39:32Z</time><sat>30</sat></trkpt>
  <trkpt lat="39.60087922" lon="109.79568572"><ele>1289.830</ele><time>2026-08-14T13:39:35Z</time><sat>35</sat></trkpt>
  <trkpt lat="39.60115005" lon="109.79569019"><ele>1289.886</ele><time>2026-08-14T13:39:38Z</time><sat>32</sat></trkpt>
  <trkpt lat="39.60133843" lon="109.79569782"><ele>1290.297</ele><time>2026-08-14T13:39:41Z</time><sat>30</sat></trkpt>
  <trkpt lat="39.60145589" lon="109.79569686"><ele>1290.778</ele><time>2026-08-14T13:39:44Z</time><sat>37</sat></trkpt>
  <trkpt lat="39.60152022" lon="109.79569686"><ele>1290.875</ele><time>2026-08-14T13:39:47Z</time><sat>37</sat></trkpt>
  <trkpt lat="39.60154922" lon="109.79569804"><ele>1290.889</ele><time>2026-08-14T13:39:50Z</time><sat>35</sat></trkpt>
  <trkpt lat="39.60156435" lon="109.79569602"><ele>1291.335</ele><time>2026-08-14T13:39:53Z</time><sat>37</sat></trkpt>
  <trkpt lat="39.60157075" lon="109.79569674"><ele>1290.942</ele><time>2026-08-14T13:39:56Z</time><sat>38</sat></trkpt>
  <trkpt lat="39.60164080" lon="109.79569647"><ele>1291.601</ele><time>2026-08-14T13:39:59Z</time><sat>36</sat></trkpt>
  <trkpt lat="39.60179271" lon="109.79569594"><ele>1291.572</ele><time>2026-08-14T13:40:02Z</time><sat>38</sat></trkpt>
  <trkpt lat="39.60201413" lon="109.79569428"><ele>1291.749</ele><time>2026-08-14T13:40:05Z</time><sat>38</sat></trkpt>
  <trkpt lat="39.60228671" lon="109.79569426"><ele>1291.867</ele><time>2026-08-14T13:40:08Z</time><sat>33</sat></trkpt>
  <trkpt lat="39.60260656" lon="109.79569548"><ele>1292.275</ele><time>2026-08-14T13:40:11Z</time><sat>31</sat></trkpt>
  <trkpt lat="39.60295332" lon="109.79569623"><ele>1292.594</ele><time>2026-08-14T13:40:14Z</time><sat>39</sat></trkpt>
  <trkpt lat="39.60326887" lon="109.79569415"><ele>1292.926</ele><time>2026-08-14T13:40:17Z</time><sat>36</sat></trkpt>
  <trkpt lat="39.60350002" lon="109.79569340"><ele>1292.899</ele><time>2026-08-14T13:40:20Z</time><sat>36</sat></trkpt>
  <trkpt lat="39.60362561" lon="109.79569378"><ele>1292.862</ele><time>2026-08-14T13:40:23Z</time><sat>33</sat></trkpt>
  <trkpt lat="39.60368727" lon="109.79569413"><ele>1292.797</ele><time>2026-08-14T13:40:26Z</time><sat>39</sat></trkpt>
  <trkpt lat="39.60370417" lon="109.79569351"><ele>1292.781</ele><time>2026-08-14T13:40:29Z</time><sat>38</sat></trkpt>
  <trkpt lat="39.60370396" lon="109.79569353"><ele>1292.777</ele><time>2026-08-14T13:40:32Z</time><sat>38</sat></trkpt>
  <trkpt lat="39.60370610" lon="109.79569347"><ele>1293.077</ele><time>2026-08-14T13:40:35Z</time><sat>34</sat></trkpt>
  <trkpt lat="39.60370610" lon="109.79569347"><ele>1293.077</ele><time>2026-08-14T13:40:38Z</time><sat>34</sat></trkpt>
  <trkpt lat="39.60371656" lon="109.79569196"><ele>1293.143</ele><time>2026-08-14T13:40:41Z</time><sat>38</sat></trkpt>
  <trkpt lat="39.60380059" lon="109.79569091"><ele>1293.185</ele><time>2026-08-14T13:40:44Z</time><sat>42</sat></trkpt>
  <trkpt lat="39.60395253" lon="109.79568887"><ele>1293.351</ele><time>2026-08-14T13:40:47Z</time><sat>36</sat></trkpt>
  <trkpt lat="39.60415471" lon="109.79568761"><ele>1292.958</ele><time>2026-08-14T13:40:50Z</time><sat>34</sat></trkpt>
  <trkpt lat="39.60439309" lon="109.79568998"><ele>1292.565</ele><time>2026-08-14T13:40:53Z</time><sat>31</sat></trkpt>
  <trkpt lat="39.60466680" lon="109.79569230"><ele>1292.590</ele><time>2026-08-14T13:40:56Z</time><sat>32</sat></trkpt>
  <trkpt lat="39.60497605" lon="109.79568985"><ele>1293.191</ele><time>2026-08-14T13:40:59Z</time><sat>27</sat></trkpt>
  <trkpt lat="39.60529178" lon="109.79569057"><ele>1293.187</ele><time>2026-08-14T13:41:02Z</time><sat>30</sat></trkpt>
  <trkpt lat="39.60556987" lon="109.79568800"><ele>1293.256</ele><time>2026-08-14T13:41:05Z</time><sat>36</sat></trkpt>
  <trkpt lat="39.60573503" lon="109.79568162"><ele>1293.799</ele><time>2026-08-14T13:41:08Z</time><sat>38</sat></trkpt>
  <trkpt lat="39.60580024" lon="109.79566665"><ele>1294.051</ele><time>2026-08-14T13:41:11Z</time><sat>37</sat></trkpt>
  <trkpt lat="39.60581573" lon="109.79566834"><ele>1293.714</ele><time>2026-08-14T13:41:14Z</time><sat>37</sat></trkpt>
  <trkpt lat="39.60588292" lon="109.79568009"><ele>1293.681</ele><time>2026-08-14T13:41:17Z</time><sat>36</sat></trkpt>
  <trkpt lat="39.60595603" lon="109.79568862"><ele>1293.655</ele><time>2026-08-14T13:41:20Z</time><sat>38</sat></trkpt>
  <trkpt lat="39.60599319" lon="109.79569481"><ele>1293.366</ele><time>2026-08-14T13:41:23Z</time><sat>37</sat></trkpt>
  <trkpt lat="39.60603829" lon="109.79569208"><ele>1293.606</ele><time>2026-08-14T13:41:26Z</time><sat>37</sat></trkpt>
  <trkpt lat="39.60607571" lon="109.79569235"><ele>1293.602</ele><time>2026-08-14T13:41:29Z</time><sat>39</sat></trkpt>
  <trkpt lat="39.60612597" lon="109.79569077"><ele>1293.657</ele><time>2026-08-14T13:41:32Z</time><sat>38</sat></trkpt>
  <trkpt lat="39.60627007" lon="109.79569053"><ele>1293.659</ele><time>2026-08-14T13:41:35Z</time><sat>35</sat></trkpt>
  <trkpt lat="39.60649963" lon="109.79569224"><ele>1293.970</ele><time>2026-08-14T13:41:38Z</time><sat>34</sat></trkpt>
  <trkpt lat="39.60676180" lon="109.79569049"><ele>1294.006</ele><time>2026-08-14T13:41:41Z</time><sat>35</sat></trkpt>
  <trkpt lat="39.60705455" lon="109.79568677"><ele>1294.223</ele><time>2026-08-14T13:41:44Z</time><sat>39</sat></trkpt>
  <trkpt lat="39.60734447" lon="109.79568125"><ele>1294.578</ele><time>2026-08-14T13:41:47Z</time><sat>37</sat></trkpt>
  <trkpt lat="39.60761402" lon="109.79568019"><ele>1294.530</ele><time>2026-08-14T13:41:50Z</time><sat>33</sat></trkpt>
  <trkpt lat="39.60787539" lon="109.79567956"><ele>1294.740</ele><time>2026-08-14T13:41:53Z</time><sat>34</sat></trkpt>
  <trkpt lat="39.60812542" lon="109.79567886"><ele>1295.179</ele><time>2026-08-14T13:41:56Z</time><sat>37</sat></trkpt>
  <trkpt lat="39.60835534" lon="109.79566309"><ele>1295.129</ele><time>2026-08-14T13:41:59Z</time><sat>35</sat></trkpt>
  <trkpt lat="39.60854671" lon="109.79564277"><ele>1295.151</ele><time>2026-08-14T13:42:02Z</time><sat>33</sat></trkpt>
  <trkpt lat="39.60878326" lon="109.79563224"><ele>1295.181</ele><time>2026-08-14T13:42:05Z</time><sat>38</sat></trkpt>
  <trkpt lat="39.60904796" lon="109.79563387"><ele>1295.367</ele><time>2026-08-14T13:42:08Z</time><sat>37</sat></trkpt>
  <trkpt lat="39.60934769" lon="109.79563491"><ele>1295.471</ele><time>2026-08-14T13:42:11Z</time><sat>40</sat></trkpt>
  <trkpt lat="39.60968583" lon="109.79563952"><ele>1295.753</ele><time>2026-08-14T13:42:14Z</time><sat>40</sat></trkpt>
  <trkpt lat="39.61002254" lon="109.79566052"><ele>1296.205</ele><time>2026-08-14T13:42:17Z</time><sat>41</sat></trkpt>
  <trkpt lat="39.61031451" lon="109.79567301"><ele>1296.501</ele><time>2026-08-14T13:42:20Z</time><sat>38</sat></trkpt>
  <trkpt lat="39.61055305" lon="109.79567343"><ele>1296.868</ele><time>2026-08-14T13:42:23Z</time><sat>35</sat></trkpt>
  <trkpt lat="39.61074485" lon="109.79567506"><ele>1296.944</ele><time>2026-08-14T13:42:26Z</time><sat>32</sat></trkpt>
  <trkpt lat="39.61090673" lon="109.79567586"><ele>1297.040</ele><time>2026-08-14T13:42:29Z</time><sat>32</sat></trkpt>
  <trkpt lat="39.61107111" lon="109.79567716"><ele>1297.086</ele><time>2026-08-14T13:42:32Z</time><sat>35</sat></trkpt>
  <trkpt lat="39.61125049" lon="109.79567842"><ele>1297.370</ele><time>2026-08-14T13:42:35Z</time><sat>33</sat></trkpt>
  <trkpt lat="39.61144247" lon="109.79571212"><ele>1297.635</ele><time>2026-08-14T13:42:38Z</time><sat>35</sat></trkpt>
  <trkpt lat="39.61162685" lon="109.79583487"><ele>1297.953</ele><time>2026-08-14T13:42:41Z</time><sat>36</sat></trkpt>
  <trkpt lat="39.61182046" lon="109.79601087"><ele>1298.059</ele><time>2026-08-14T13:42:44Z</time><sat>34</sat></trkpt>
  <trkpt lat="39.61203598" lon="109.79621364"><ele>1298.420</ele><time>2026-08-14T13:42:47Z</time><sat>32</sat></trkpt>
  <trkpt lat="39.61226019" lon="109.79641336"><ele>1298.804</ele><time>2026-08-14T13:42:50Z</time><sat>33</sat></trkpt>
  <trkpt lat="39.61250419" lon="109.79663006"><ele>1298.911</ele><time>2026-08-14T13:42:53Z</time><sat>36</sat></trkpt>
  <trkpt lat="39.61272173" lon="109.79684150"><ele>1299.008</ele><time>2026-08-14T13:42:56Z</time><sat>34</sat></trkpt>
  <trkpt lat="39.61294285" lon="109.79705592"><ele>1299.192</ele><time>2026-08-14T13:42:59Z</time><sat>33</sat></trkpt>
  <trkpt lat="39.61317063" lon="109.79726725"><ele>1299.699</ele><time>2026-08-14T13:43:02Z</time><sat>36</sat></trkpt>
  <trkpt lat="39.61340385" lon="109.79748080"><ele>1300.764</ele><time>2026-08-14T13:43:05Z</time><sat>38</sat></trkpt>
  <trkpt lat="39.61363691" lon="109.79769637"><ele>1302.165</ele><time>2026-08-14T13:43:08Z</time><sat>35</sat></trkpt>
  <trkpt lat="39.61386359" lon="109.79790615"><ele>1303.504</ele><time>2026-08-14T13:43:11Z</time><sat>36</sat></trkpt>
  <trkpt lat="39.61407310" lon="109.79810063"><ele>1304.709</ele><time>2026-08-14T13:43:14Z</time><sat>37</sat></trkpt>
  <trkpt lat="39.61423329" lon="109.79824944"><ele>1305.660</ele><time>2026-08-14T13:43:17Z</time><sat>35</sat></trkpt>
  <trkpt lat="39.61431450" lon="109.79832398"><ele>1305.868</ele><time>2026-08-14T13:43:20Z</time><sat>35</sat></trkpt>
  <trkpt lat="39.61435017" lon="109.79835700"><ele>1305.917</ele><time>2026-08-14T13:43:23Z</time><sat>33</sat></trkpt>
  <trkpt lat="39.61435725" lon="109.79836371"><ele>1305.911</ele><time>2026-08-14T13:43:26Z</time><sat>40</sat></trkpt>
  <trkpt lat="39.61435725" lon="109.79836371"><ele>1305.911</ele><time>2026-08-14T13:43:29Z</time><sat>43</sat></trkpt>
  <trkpt lat="39.61435725" lon="109.79836371"><ele>1305.911</ele><time>2026-08-14T13:43:32Z</time><sat>38</sat></trkpt>
  <trkpt lat="39.61435725" lon="109.79836371"><ele>1305.911</ele><time>2026-08-14T13:43:35Z</time><sat>43</sat></trkpt>
  <trkpt lat="39.61435725" lon="109.79836371"><ele>1305.911</ele><time>2026-08-14T13:43:38Z</time><sat>41</sat></trkpt>
  <trkpt lat="39.61435725" lon="109.79836371"><ele>1305.911</ele><time>2026-08-14T13:43:41Z</time><sat>38</sat></trkpt>
  <trkpt lat="39.61438792" lon="109.79839538"><ele>1306.282</ele><time>2026-08-14T13:43:44Z</time><sat>39</sat></trkpt>
  <trkpt lat="39.61448387" lon="109.79848464"><ele>1306.699</ele><time>2026-08-14T13:43:47Z</time><sat>36</sat></trkpt>
  <trkpt lat="39.61462982" lon="109.79862061"><ele>1306.940</ele><time>2026-08-14T13:43:50Z</time><sat>42</sat></trkpt>
  <trkpt lat="39.61482210" lon="109.79879811"><ele>1307.376</ele><time>2026-08-14T13:43:53Z</time><sat>45</sat></trkpt>
  <trkpt lat="39.61504893" lon="109.79900662"><ele>1307.634</ele><time>2026-08-14T13:43:56Z</time><sat>42</sat></trkpt>
  <trkpt lat="39.61530151" lon="109.79924182"><ele>1308.383</ele><time>2026-08-14T13:43:59Z</time><sat>42</sat></trkpt>
  <trkpt lat="39.61557978" lon="109.79949950"><ele>1309.618</ele><time>2026-08-14T13:44:02Z</time><sat>38</sat></trkpt>
  <trkpt lat="39.61587925" lon="109.79977557"><ele>1311.197</ele><time>2026-08-14T13:44:05Z</time><sat>34</sat></trkpt>
  <trkpt lat="39.61619047" lon="109.80006238"><ele>1312.693</ele><time>2026-08-14T13:44:08Z</time><sat>33</sat></trkpt>
  <trkpt lat="39.61652588" lon="109.80037070"><ele>1314.478</ele><time>2026-08-14T13:44:11Z</time><sat>35</sat></trkpt>
  <trkpt lat="39.61686556" lon="109.80067048"><ele>1316.455</ele><time>2026-08-14T13:44:14Z</time><sat>36</sat></trkpt>
  <trkpt lat="39.61721682" lon="109.80093146"><ele>1318.224</ele><time>2026-08-14T13:44:17Z</time><sat>37</sat></trkpt>
  <trkpt lat="39.61757232" lon="109.80114873"><ele>1319.929</ele><time>2026-08-14T13:44:20Z</time><sat>36</sat></trkpt>
  <trkpt lat="39.61792660" lon="109.80134960"><ele>1321.750</ele><time>2026-08-14T13:44:23Z</time><sat>37</sat></trkpt>
  <trkpt lat="39.61828001" lon="109.80154948"><ele>1323.485</ele><time>2026-08-14T13:44:26Z</time><sat>35</sat></trkpt>
  <trkpt lat="39.61862030" lon="109.80173900"><ele>1325.173</ele><time>2026-08-14T13:44:29Z</time><sat>35</sat></trkpt>
  <trkpt lat="39.61894466" lon="109.80192034"><ele>1326.931</ele><time>2026-08-14T13:44:32Z</time><sat>35</sat></trkpt>
  <trkpt lat="39.61929523" lon="109.80212443"><ele>1328.538</ele><time>2026-08-14T13:44:35Z</time><sat>37</sat></trkpt>
  <trkpt lat="39.61966244" lon="109.80233763"><ele>1330.286</ele><time>2026-08-14T13:44:38Z</time><sat>39</sat></trkpt>
  <trkpt lat="39.62002114" lon="109.80254530"><ele>1331.889</ele><time>2026-08-14T13:44:41Z</time><sat>37</sat></trkpt>
  <trkpt lat="39.62035444" lon="109.80273615"><ele>1333.496</ele><time>2026-08-14T13:44:44Z</time><sat>40</sat></trkpt>
  <trkpt lat="39.62065813" lon="109.80291042"><ele>1334.835</ele><time>2026-08-14T13:44:47Z</time><sat>44</sat></trkpt>
  <trkpt lat="39.62089345" lon="109.80304217"><ele>1335.476</ele><time>2026-08-14T13:44:50Z</time><sat>42</sat></trkpt>
  <trkpt lat="39.62103477" lon="109.80312570"><ele>1335.745</ele><time>2026-08-14T13:44:53Z</time><sat>41</sat></trkpt>
  <trkpt lat="39.62110919" lon="109.80321419"><ele>1335.811</ele><time>2026-08-14T13:44:56Z</time><sat>37</sat></trkpt>
  <trkpt lat="39.62112315" lon="109.80337188"><ele>1335.976</ele><time>2026-08-14T13:44:59Z</time><sat>44</sat></trkpt>
  <trkpt lat="39.62105821" lon="109.80365933"><ele>1335.767</ele><time>2026-08-14T13:45:02Z</time><sat>39</sat></trkpt>
  <trkpt lat="39.62095276" lon="109.80407721"><ele>1335.166</ele><time>2026-08-14T13:45:05Z</time><sat>37</sat></trkpt>
  <trkpt lat="39.62082738" lon="109.80460801"><ele>1334.348</ele><time>2026-08-14T13:45:08Z</time><sat>38</sat></trkpt>
  <trkpt lat="39.62068863" lon="109.80523182"><ele>1333.423</ele><time>2026-08-14T13:45:11Z</time><sat>40</sat></trkpt>
  <trkpt lat="39.62052230" lon="109.80580555"><ele>1332.163</ele><time>2026-08-14T13:45:14Z</time><sat>36</sat></trkpt>
  <trkpt lat="39.62033316" lon="109.80632703"><ele>1330.609</ele><time>2026-08-14T13:45:17Z</time><sat>36</sat></trkpt>
  <trkpt lat="39.62014067" lon="109.80683891"><ele>1329.322</ele><time>2026-08-14T13:45:20Z</time><sat>39</sat></trkpt>
  <trkpt lat="39.61993897" lon="109.80742001"><ele>1327.670</ele><time>2026-08-14T13:45:23Z</time><sat>42</sat></trkpt>
  <trkpt lat="39.61974429" lon="109.80796543"><ele>1326.111</ele><time>2026-08-14T13:45:26Z</time><sat>37</sat></trkpt>
  <trkpt lat="39.61955861" lon="109.80846247"><ele>1324.644</ele><time>2026-08-14T13:45:29Z</time><sat>36</sat></trkpt>
  <trkpt lat="39.61938621" lon="109.80891467"><ele>1323.388</ele><time>2026-08-14T13:45:32Z</time><sat>37</sat></trkpt>
  <trkpt lat="39.61923067" lon="109.80932615"><ele>1322.537</ele><time>2026-08-14T13:45:35Z</time><sat>34</sat></trkpt>
  <trkpt lat="39.61909377" lon="109.80968318"><ele>1320.901</ele><time>2026-08-14T13:45:38Z</time><sat>39</sat></trkpt>
  <trkpt lat="39.61898688" lon="109.80995560"><ele>1314.594</ele><time>2026-08-14T13:45:41Z</time><sat>33</sat></trkpt>
  <trkpt lat="39.61886323" lon="109.81013708"><ele>1307.861</ele><time>2026-08-14T13:45:44Z</time><sat>27</sat></trkpt>
  <trkpt lat="39.61878505" lon="109.81024685"><ele>1308.493</ele><time>2026-08-14T13:45:47Z</time><sat>27</sat></trkpt>
  <trkpt lat="39.61883038" lon="109.81029496"><ele>1310.252</ele><time>2026-08-14T13:45:50Z</time><sat>29</sat></trkpt>
  <trkpt lat="39.61881289" lon="109.81036881"><ele>1313.633</ele><time>2026-08-14T13:45:53Z</time><sat>30</sat></trkpt>
  <trkpt lat="39.61878738" lon="109.81045859"><ele>1314.356</ele><time>2026-08-14T13:45:56Z</time><sat>36</sat></trkpt>
  <trkpt lat="39.61876718" lon="109.81058390"><ele>1315.811</ele><time>2026-08-14T13:45:59Z</time><sat>36</sat></trkpt>
  <trkpt lat="39.61874491" lon="109.81068283"><ele>1316.681</ele><time>2026-08-14T13:46:02Z</time><sat>38</sat></trkpt>
  <trkpt lat="39.61872939" lon="109.81071086"><ele>1316.915</ele><time>2026-08-14T13:46:05Z</time><sat>41</sat></trkpt>
  <trkpt lat="39.61872821" lon="109.81071466"><ele>1317.456</ele><time>2026-08-14T13:46:08Z</time><sat>43</sat></trkpt>
  <trkpt lat="39.61872202" lon="109.81072649"><ele>1317.814</ele><time>2026-08-14T13:46:11Z</time><sat>35</sat></trkpt>
  <trkpt lat="39.61871596" lon="109.81074198"><ele>1318.471</ele><time>2026-08-14T13:46:14Z</time><sat>39</sat></trkpt>
  <trkpt lat="39.61870822" lon="109.81076522"><ele>1318.659</ele><time>2026-08-14T13:46:17Z</time><sat>43</sat></trkpt>
  <trkpt lat="39.61867517" lon="109.81085425"><ele>1318.448</ele><time>2026-08-14T13:46:20Z</time><sat>39</sat></trkpt>
  <trkpt lat="39.61863556" lon="109.81100720"><ele>1318.589</ele><time>2026-08-14T13:46:23Z</time><sat>39</sat></trkpt>
  <trkpt lat="39.61868901" lon="109.81120532"><ele>1318.732</ele><time>2026-08-14T13:46:26Z</time><sat>37</sat></trkpt>
  <trkpt lat="39.61880760" lon="109.81132797"><ele>1318.976</ele><time>2026-08-14T13:46:29Z</time><sat>36</sat></trkpt>
  <trkpt lat="39.61900015" lon="109.81139597"><ele>1319.446</ele><time>2026-08-14T13:46:32Z</time><sat>37</sat></trkpt>
  <trkpt lat="39.61924227" lon="109.81139946"><ele>1320.380</ele><time>2026-08-14T13:46:35Z</time><sat>35</sat></trkpt>
  <trkpt lat="39.61950184" lon="109.81139885"><ele>1321.303</ele><time>2026-08-14T13:46:38Z</time><sat>35</sat></trkpt>
  <trkpt lat="39.61979834" lon="109.81140865"><ele>1321.917</ele><time>2026-08-14T13:46:41Z</time><sat>30</sat></trkpt>
  <trkpt lat="39.62002842" lon="109.81142588"><ele>1322.741</ele><time>2026-08-14T13:46:44Z</time><sat>34</sat></trkpt>
  <trkpt lat="39.62031453" lon="109.81142146"><ele>1323.706</ele><time>2026-08-14T13:46:47Z</time><sat>32</sat></trkpt>
  <trkpt lat="39.62067767" lon="109.81140189"><ele>1324.485</ele><time>2026-08-14T13:46:50Z</time><sat>30</sat></trkpt>
  <trkpt lat="39.62108221" lon="109.81138449"><ele>1325.275</ele><time>2026-08-14T13:46:53Z</time><sat>31</sat></trkpt>
  <trkpt lat="39.62153190" lon="109.81136788"><ele>1325.945</ele><time>2026-08-14T13:46:56Z</time><sat>30</sat></trkpt>
  <trkpt lat="39.62199147" lon="109.81136291"><ele>1326.069</ele><time>2026-08-14T13:46:59Z</time><sat>33</sat></trkpt>
  <trkpt lat="39.62244770" lon="109.81136536"><ele>1325.875</ele><time>2026-08-14T13:47:02Z</time><sat>30</sat></trkpt>
  <trkpt lat="39.62292357" lon="109.81136713"><ele>1325.423</ele><time>2026-08-14T13:47:05Z</time><sat>31</sat></trkpt>
  <trkpt lat="39.62345068" lon="109.81136859"><ele>1324.903</ele><time>2026-08-14T13:47:08Z</time><sat>37</sat></trkpt>
  <trkpt lat="39.62398971" lon="109.81136950"><ele>1323.702</ele><time>2026-08-14T13:47:11Z</time><sat>35</sat></trkpt>
  <trkpt lat="39.62452959" lon="109.81137052"><ele>1322.649</ele><time>2026-08-14T13:47:14Z</time><sat>31</sat></trkpt>
  <trkpt lat="39.62505335" lon="109.81137139"><ele>1321.573</ele><time>2026-08-14T13:47:17Z</time><sat>34</sat></trkpt>
  <trkpt lat="39.62557904" lon="109.81137324"><ele>1320.691</ele><time>2026-08-14T13:47:20Z</time><sat>36</sat></trkpt>
  <trkpt lat="39.62613315" lon="109.81137490"><ele>1319.675</ele><time>2026-08-14T13:47:23Z</time><sat>35</sat></trkpt>
  <trkpt lat="39.62671537" lon="109.81137734"><ele>1318.625</ele><time>2026-08-14T13:47:26Z</time><sat>32</sat></trkpt>
  <trkpt lat="39.62733622" lon="109.81145533"><ele>1312.011</ele><time>2026-08-14T13:47:29Z</time><sat>33</sat></trkpt>
  <trkpt lat="39.62797363" lon="109.81149576"><ele>1308.088</ele><time>2026-08-14T13:47:32Z</time><sat>41</sat></trkpt>
  <trkpt lat="39.62859430" lon="109.81147173"><ele>1307.669</ele><time>2026-08-14T13:47:35Z</time><sat>38</sat></trkpt>
  <trkpt lat="39.62918539" lon="109.81146381"><ele>1310.720</ele><time>2026-08-14T13:47:38Z</time><sat>38</sat></trkpt>
  <trkpt lat="39.62974890" lon="109.81145499"><ele>1312.163</ele><time>2026-08-14T13:47:41Z</time><sat>37</sat></trkpt>
  <trkpt lat="39.63028555" lon="109.81145173"><ele>1313.462</ele><time>2026-08-14T13:47:44Z</time><sat>37</sat></trkpt>
  <trkpt lat="39.63081944" lon="109.81144903"><ele>1314.820</ele><time>2026-08-14T13:47:47Z</time><sat>39</sat></trkpt>
  <trkpt lat="39.63134579" lon="109.81144473"><ele>1315.847</ele><time>2026-08-14T13:47:50Z</time><sat>36</sat></trkpt>
  <trkpt lat="39.63187196" lon="109.81144824"><ele>1316.307</ele><time>2026-08-14T13:47:53Z</time><sat>34</sat></trkpt>
  <trkpt lat="39.63238211" lon="109.81146624"><ele>1316.312</ele><time>2026-08-14T13:47:56Z</time><sat>37</sat></trkpt>
  <trkpt lat="39.63288841" lon="109.81150020"><ele>1316.178</ele><time>2026-08-14T13:47:59Z</time><sat>39</sat></trkpt>
  <trkpt lat="39.63339468" lon="109.81156060"><ele>1315.395</ele><time>2026-08-14T13:48:02Z</time><sat>42</sat></trkpt>
  <trkpt lat="39.63390628" lon="109.81163665"><ele>1314.454</ele><time>2026-08-14T13:48:05Z</time><sat>43</sat></trkpt>
  <trkpt lat="39.63443703" lon="109.81175204"><ele>1313.160</ele><time>2026-08-14T13:48:08Z</time><sat>40</sat></trkpt>
  <trkpt lat="39.63500437" lon="109.81189796"><ele>1311.497</ele><time>2026-08-14T13:48:11Z</time><sat>42</sat></trkpt>
  <trkpt lat="39.63557812" lon="109.81205223"><ele>1309.569</ele><time>2026-08-14T13:48:14Z</time><sat>44</sat></trkpt>
  <trkpt lat="39.63610276" lon="109.81221619"><ele>1308.179</ele><time>2026-08-14T13:48:17Z</time><sat>43</sat></trkpt>
  <trkpt lat="39.63659667" lon="109.81239284"><ele>1306.670</ele><time>2026-08-14T13:48:20Z</time><sat>46</sat></trkpt>
  <trkpt lat="39.63710445" lon="109.81258645"><ele>1305.345</ele><time>2026-08-14T13:48:23Z</time><sat>44</sat></trkpt>
  <trkpt lat="39.63764605" lon="109.81280044"><ele>1303.846</ele><time>2026-08-14T13:48:26Z</time><sat>46</sat></trkpt>
  <trkpt lat="39.63821746" lon="109.81302995"><ele>1302.169</ele><time>2026-08-14T13:48:29Z</time><sat>44</sat></trkpt>
  <trkpt lat="39.63880121" lon="109.81326231"><ele>1300.757</ele><time>2026-08-14T13:48:32Z</time><sat>41</sat></trkpt>
  <trkpt lat="39.63937932" lon="109.81349358"><ele>1299.140</ele><time>2026-08-14T13:48:35Z</time><sat>43</sat></trkpt>
  <trkpt lat="39.63995352" lon="109.81372196"><ele>1297.875</ele><time>2026-08-14T13:48:38Z</time><sat>41</sat></trkpt>
  <trkpt lat="39.64052136" lon="109.81394873"><ele>1296.490</ele><time>2026-08-14T13:48:41Z</time><sat>42</sat></trkpt>
  <trkpt lat="39.64111459" lon="109.81416982"><ele>1295.093</ele><time>2026-08-14T13:48:44Z</time><sat>42</sat></trkpt>
  <trkpt lat="39.64170806" lon="109.81438286"><ele>1293.792</ele><time>2026-08-14T13:48:47Z</time><sat>44</sat></trkpt>
  <trkpt lat="39.64231359" lon="109.81461570"><ele>1293.888</ele><time>2026-08-14T13:48:50Z</time><sat>43</sat></trkpt>
  <trkpt lat="39.64294228" lon="109.81486301"><ele>1295.173</ele><time>2026-08-14T13:48:53Z</time><sat>46</sat></trkpt>
  <trkpt lat="39.64359260" lon="109.81512177"><ele>1296.053</ele><time>2026-08-14T13:48:56Z</time><sat>45</sat></trkpt>
  <trkpt lat="39.64427863" lon="109.81539529"><ele>1295.483</ele><time>2026-08-14T13:48:59Z</time><sat>42</sat></trkpt>
  <trkpt lat="39.64498269" lon="109.81567772"><ele>1293.770</ele><time>2026-08-14T13:49:02Z</time><sat>43</sat></trkpt>
  <trkpt lat="39.64568082" lon="109.81595624"><ele>1292.256</ele><time>2026-08-14T13:49:05Z</time><sat>40</sat></trkpt>
  <trkpt lat="39.64637232" lon="109.81623324"><ele>1292.327</ele><time>2026-08-14T13:49:08Z</time><sat>41</sat></trkpt>
  <trkpt lat="39.64706044" lon="109.81650897"><ele>1292.636</ele><time>2026-08-14T13:49:11Z</time><sat>42</sat></trkpt>
  <trkpt lat="39.64775872" lon="109.81678858"><ele>1292.679</ele><time>2026-08-14T13:49:14Z</time><sat>44</sat></trkpt>
  <trkpt lat="39.64842917" lon="109.81705726"><ele>1292.701</ele><time>2026-08-14T13:49:17Z</time><sat>42</sat></trkpt>
  <trkpt lat="39.64907416" lon="109.81731518"><ele>1292.698</ele><time>2026-08-14T13:49:20Z</time><sat>43</sat></trkpt>
  <trkpt lat="39.64971658" lon="109.81757523"><ele>1292.847</ele><time>2026-08-14T13:49:23Z</time><sat>44</sat></trkpt>
  <trkpt lat="39.65034588" lon="109.81784076"><ele>1292.791</ele><time>2026-08-14T13:49:26Z</time><sat>41</sat></trkpt>
  <trkpt lat="39.65095872" lon="109.81812474"><ele>1293.134</ele><time>2026-08-14T13:49:29Z</time><sat>38</sat></trkpt>
  <trkpt lat="39.65155076" lon="109.81843052"><ele>1293.127</ele><time>2026-08-14T13:49:32Z</time><sat>39</sat></trkpt>
  <trkpt lat="39.65212959" lon="109.81876311"><ele>1293.367</ele><time>2026-08-14T13:49:35Z</time><sat>40</sat></trkpt>
  <trkpt lat="39.65270697" lon="109.81913408"><ele>1293.895</ele><time>2026-08-14T13:49:38Z</time><sat>40</sat></trkpt>
  <trkpt lat="39.65329055" lon="109.81955106"><ele>1294.567</ele><time>2026-08-14T13:49:41Z</time><sat>39</sat></trkpt>
  <trkpt lat="39.65387917" lon="109.82004063"><ele>1295.220</ele><time>2026-08-14T13:49:44Z</time><sat>39</sat></trkpt>
  <trkpt lat="39.65447751" lon="109.82056846"><ele>1296.074</ele><time>2026-08-14T13:49:47Z</time><sat>42</sat></trkpt>
  <trkpt lat="39.65506946" lon="109.82112489"><ele>1296.756</ele><time>2026-08-14T13:49:50Z</time><sat>43</sat></trkpt>
  <trkpt lat="39.65563509" lon="109.82171072"><ele>1297.620</ele><time>2026-08-14T13:49:53Z</time><sat>37</sat></trkpt>
  <trkpt lat="39.65618053" lon="109.82232789"><ele>1298.562</ele><time>2026-08-14T13:49:56Z</time><sat>42</sat></trkpt>
  <trkpt lat="39.65669973" lon="109.82297049"><ele>1299.226</ele><time>2026-08-14T13:49:59Z</time><sat>44</sat></trkpt>
  <trkpt lat="39.65720929" lon="109.82364980"><ele>1300.023</ele><time>2026-08-14T13:50:02Z</time><sat>41</sat></trkpt>
  <trkpt lat="39.65770220" lon="109.82434138"><ele>1300.712</ele><time>2026-08-14T13:50:05Z</time><sat>43</sat></trkpt>
  <trkpt lat="39.65818181" lon="109.82501829"><ele>1301.770</ele><time>2026-08-14T13:50:08Z</time><sat>40</sat></trkpt>
  <trkpt lat="39.65865454" lon="109.82568716"><ele>1303.648</ele><time>2026-08-14T13:50:11Z</time><sat>40</sat></trkpt>
  <trkpt lat="39.65939867" lon="109.82673786"><ele>1307.864</ele><time>2026-08-14T13:50:16Z</time><sat>39</sat></trkpt>
  <trkpt lat="39.65983277" lon="109.82734513"><ele>1310.588</ele><time>2026-08-14T13:50:19Z</time><sat>41</sat></trkpt>
  <trkpt lat="39.66026877" lon="109.82793742"><ele>1313.282</ele><time>2026-08-14T13:50:22Z</time><sat>42</sat></trkpt>
  <trkpt lat="39.66071324" lon="109.82852618"><ele>1315.787</ele><time>2026-08-14T13:50:25Z</time><sat>41</sat></trkpt>
  <trkpt lat="39.66116394" lon="109.82910392"><ele>1318.593</ele><time>2026-08-14T13:50:28Z</time><sat>39</sat></trkpt>
  <trkpt lat="39.66162417" lon="109.82967882"><ele>1320.508</ele><time>2026-08-14T13:50:31Z</time><sat>39</sat></trkpt>
  <trkpt lat="39.66209859" lon="109.83024824"><ele>1321.452</ele><time>2026-08-14T13:50:34Z</time><sat>44</sat></trkpt>
  <trkpt lat="39.66261631" lon="109.83082967"><ele>1321.374</ele><time>2026-08-14T13:50:37Z</time><sat>43</sat></trkpt>
  <trkpt lat="39.66315375" lon="109.83141906"><ele>1320.132</ele><time>2026-08-14T13:50:40Z</time><sat>44</sat></trkpt>
  <trkpt lat="39.66370983" lon="109.83203489"><ele>1318.280</ele><time>2026-08-14T13:50:43Z</time><sat>42</sat></trkpt>
  <trkpt lat="39.66426673" lon="109.83263415"><ele>1316.442</ele><time>2026-08-14T13:50:46Z</time><sat>44</sat></trkpt>
  <trkpt lat="39.66482583" lon="109.83323673"><ele>1314.976</ele><time>2026-08-14T13:50:49Z</time><sat>44</sat></trkpt>
  <trkpt lat="39.66538380" lon="109.83383758"><ele>1313.945</ele><time>2026-08-14T13:50:52Z</time><sat>42</sat></trkpt>
  <trkpt lat="39.66594357" lon="109.83444021"><ele>1313.773</ele><time>2026-08-14T13:50:55Z</time><sat>42</sat></trkpt>
  <trkpt lat="39.66650025" lon="109.83504131"><ele>1313.684</ele><time>2026-08-14T13:50:58Z</time><sat>44</sat></trkpt>
  <trkpt lat="39.66705158" lon="109.83565452"><ele>1314.816</ele><time>2026-08-14T13:51:01Z</time><sat>43</sat></trkpt>
  <trkpt lat="39.66759113" lon="109.83626638"><ele>1316.351</ele><time>2026-08-14T13:51:04Z</time><sat>41</sat></trkpt>
  <trkpt lat="39.66815607" lon="109.83687749"><ele>1318.018</ele><time>2026-08-14T13:51:07Z</time><sat>42</sat></trkpt>
  <trkpt lat="39.66871326" lon="109.83747785"><ele>1318.817</ele><time>2026-08-14T13:51:10Z</time><sat>43</sat></trkpt>
  <trkpt lat="39.66928154" lon="109.83808836"><ele>1318.812</ele><time>2026-08-14T13:51:13Z</time><sat>41</sat></trkpt>
  <trkpt lat="39.66986615" lon="109.83871832"><ele>1318.619</ele><time>2026-08-14T13:51:16Z</time><sat>42</sat></trkpt>
  <trkpt lat="39.67047270" lon="109.83937066"><ele>1319.073</ele><time>2026-08-14T13:51:19Z</time><sat>42</sat></trkpt>
  <trkpt lat="39.67108187" lon="109.84004128"><ele>1319.906</ele><time>2026-08-14T13:51:22Z</time><sat>41</sat></trkpt>
  <trkpt lat="39.67168084" lon="109.84072889"><ele>1321.302</ele><time>2026-08-14T13:51:25Z</time><sat>43</sat></trkpt>
  <trkpt lat="39.67226023" lon="109.84143007"><ele>1322.707</ele><time>2026-08-14T13:51:28Z</time><sat>40</sat></trkpt>
  <trkpt lat="39.67283555" lon="109.84214111"><ele>1324.273</ele><time>2026-08-14T13:51:31Z</time><sat>40</sat></trkpt>
  <trkpt lat="39.67337971" lon="109.84279919"><ele>1325.678</ele><time>2026-08-14T13:51:34Z</time><sat>37</sat></trkpt>
  <trkpt lat="39.67384241" lon="109.84340845"><ele>1327.028</ele><time>2026-08-14T13:51:37Z</time><sat>39</sat></trkpt>
  <trkpt lat="39.67425924" lon="109.84400322"><ele>1328.493</ele><time>2026-08-14T13:51:40Z</time><sat>36</sat></trkpt>
  <trkpt lat="39.67466607" lon="109.84460097"><ele>1329.809</ele><time>2026-08-14T13:51:43Z</time><sat>41</sat></trkpt>
  <trkpt lat="39.67508196" lon="109.84521227"><ele>1331.226</ele><time>2026-08-14T13:51:46Z</time><sat>44</sat></trkpt>
  <trkpt lat="39.67552148" lon="109.84585702"><ele>1332.482</ele><time>2026-08-14T13:51:49Z</time><sat>46</sat></trkpt>
  <trkpt lat="39.67597823" lon="109.84652872"><ele>1333.676</ele><time>2026-08-14T13:51:52Z</time><sat>43</sat></trkpt>
  <trkpt lat="39.67645565" lon="109.84724140"><ele>1335.480</ele><time>2026-08-14T13:51:55Z</time><sat>40</sat></trkpt>
  <trkpt lat="39.67694531" lon="109.84797718"><ele>1336.964</ele><time>2026-08-14T13:51:58Z</time><sat>42</sat></trkpt>
  <trkpt lat="39.67743885" lon="109.84870011"><ele>1338.412</ele><time>2026-08-14T13:52:01Z</time><sat>40</sat></trkpt>
  <trkpt lat="39.67790943" lon="109.84939065"><ele>1340.056</ele><time>2026-08-14T13:52:04Z</time><sat>44</sat></trkpt>
  <trkpt lat="39.67835611" lon="109.85004524"><ele>1342.098</ele><time>2026-08-14T13:52:07Z</time><sat>44</sat></trkpt>
  <trkpt lat="39.67878806" lon="109.85068142"><ele>1344.542</ele><time>2026-08-14T13:52:10Z</time><sat>45</sat></trkpt>
  <trkpt lat="39.67920870" lon="109.85129977"><ele>1346.859</ele><time>2026-08-14T13:52:13Z</time><sat>45</sat></trkpt>
  <trkpt lat="39.67962170" lon="109.85190607"><ele>1349.129</ele><time>2026-08-14T13:52:16Z</time><sat>44</sat></trkpt>
  <trkpt lat="39.68003993" lon="109.85251981"><ele>1351.453</ele><time>2026-08-14T13:52:19Z</time><sat>42</sat></trkpt>
  <trkpt lat="39.68045462" lon="109.85312851"><ele>1353.830</ele><time>2026-08-14T13:52:22Z</time><sat>44</sat></trkpt>
  <trkpt lat="39.68086735" lon="109.85373509"><ele>1355.790</ele><time>2026-08-14T13:52:25Z</time><sat>43</sat></trkpt>
  <trkpt lat="39.68128667" lon="109.85434890"><ele>1357.243</ele><time>2026-08-14T13:52:28Z</time><sat>44</sat></trkpt>
  <trkpt lat="39.68171368" lon="109.85497618"><ele>1358.040</ele><time>2026-08-14T13:52:31Z</time><sat>44</sat></trkpt>
  <trkpt lat="39.68215079" lon="109.85561937"><ele>1359.050</ele><time>2026-08-14T13:52:34Z</time><sat>40</sat></trkpt>
  <trkpt lat="39.68260011" lon="109.85628762"><ele>1359.957</ele><time>2026-08-14T13:52:37Z</time><sat>39</sat></trkpt>
  <trkpt lat="39.68307637" lon="109.85698117"><ele>1360.942</ele><time>2026-08-14T13:52:40Z</time><sat>41</sat></trkpt>
  <trkpt lat="39.68361001" lon="109.85767854"><ele>1360.974</ele><time>2026-08-14T13:52:43Z</time><sat>43</sat></trkpt>
  <trkpt lat="39.68417457" lon="109.85837284"><ele>1360.706</ele><time>2026-08-14T13:52:46Z</time><sat>42</sat></trkpt>
  <trkpt lat="39.68476627" lon="109.85905778"><ele>1360.506</ele><time>2026-08-14T13:52:49Z</time><sat>44</sat></trkpt>
  <trkpt lat="39.68537873" lon="109.85972568"><ele>1360.391</ele><time>2026-08-14T13:52:52Z</time><sat>41</sat></trkpt>
  <trkpt lat="39.68599388" lon="109.86035759"><ele>1360.060</ele><time>2026-08-14T13:52:55Z</time><sat>39</sat></trkpt>
  <trkpt lat="39.68662106" lon="109.86097937"><ele>1359.776</ele><time>2026-08-14T13:52:58Z</time><sat>42</sat></trkpt>
  <trkpt lat="39.68725196" lon="109.86160578"><ele>1359.205</ele><time>2026-08-14T13:53:01Z</time><sat>43</sat></trkpt>
  <trkpt lat="39.68788118" lon="109.86222883"><ele>1358.254</ele><time>2026-08-14T13:53:04Z</time><sat>44</sat></trkpt>
  <trkpt lat="39.68853271" lon="109.86284611"><ele>1356.943</ele><time>2026-08-14T13:53:07Z</time><sat>46</sat></trkpt>
  <trkpt lat="39.68917556" lon="109.86346522"><ele>1355.513</ele><time>2026-08-14T13:53:10Z</time><sat>44</sat></trkpt>
  <trkpt lat="39.68980711" lon="109.86409711"><ele>1353.778</ele><time>2026-08-14T13:53:13Z</time><sat>45</sat></trkpt>
  <trkpt lat="39.69043909" lon="109.86474460"><ele>1351.689</ele><time>2026-08-14T13:53:16Z</time><sat>41</sat></trkpt>
  <trkpt lat="39.69104039" lon="109.86541445"><ele>1350.299</ele><time>2026-08-14T13:53:19Z</time><sat>45</sat></trkpt>
  <trkpt lat="39.69163511" lon="109.86611507"><ele>1350.028</ele><time>2026-08-14T13:53:22Z</time><sat>46</sat></trkpt>
  <trkpt lat="39.69221940" lon="109.86684045"><ele>1350.069</ele><time>2026-08-14T13:53:25Z</time><sat>46</sat></trkpt>
  <trkpt lat="39.69276955" lon="109.86757884"><ele>1349.848</ele><time>2026-08-14T13:53:28Z</time><sat>44</sat></trkpt>
  <trkpt lat="39.69331236" lon="109.86833863"><ele>1350.602</ele><time>2026-08-14T13:53:31Z</time><sat>44</sat></trkpt>
  <trkpt lat="39.69383621" lon="109.86911985"><ele>1352.738</ele><time>2026-08-14T13:53:34Z</time><sat>46</sat></trkpt>
  <trkpt lat="39.69435952" lon="109.86990398"><ele>1354.960</ele><time>2026-08-14T13:53:37Z</time><sat>46</sat></trkpt>
  <trkpt lat="39.69488690" lon="109.87068495"><ele>1356.757</ele><time>2026-08-14T13:53:40Z</time><sat>46</sat></trkpt>
  <trkpt lat="39.69541009" lon="109.87146084"><ele>1359.248</ele><time>2026-08-14T13:53:43Z</time><sat>47</sat></trkpt>
  <trkpt lat="39.69593581" lon="109.87224181"><ele>1360.395</ele><time>2026-08-14T13:53:46Z</time><sat>47</sat></trkpt>
  <trkpt lat="39.69646364" lon="109.87302932"><ele>1359.849</ele><time>2026-08-14T13:53:49Z</time><sat>43</sat></trkpt>
  <trkpt lat="39.69699117" lon="109.87381292"><ele>1357.917</ele><time>2026-08-14T13:53:52Z</time><sat>46</sat></trkpt>
  <trkpt lat="39.69752135" lon="109.87460058"><ele>1354.466</ele><time>2026-08-14T13:53:55Z</time><sat>46</sat></trkpt>
  <trkpt lat="39.69803551" lon="109.87538445"><ele>1352.355</ele><time>2026-08-14T13:53:58Z</time><sat>46</sat></trkpt>
  <trkpt lat="39.69856329" lon="109.87617360"><ele>1351.815</ele><time>2026-08-14T13:54:01Z</time><sat>47</sat></trkpt>
  <trkpt lat="39.69908843" lon="109.87695826"><ele>1353.000</ele><time>2026-08-14T13:54:04Z</time><sat>47</sat></trkpt>
  <trkpt lat="39.69962092" lon="109.87773303"><ele>1357.180</ele><time>2026-08-14T13:54:07Z</time><sat>46</sat></trkpt>
  <trkpt lat="39.70015805" lon="109.87850022"><ele>1360.454</ele><time>2026-08-14T13:54:10Z</time><sat>45</sat></trkpt>
  <trkpt lat="39.70069628" lon="109.87922396"><ele>1364.062</ele><time>2026-08-14T13:54:13Z</time><sat>45</sat></trkpt>
  <trkpt lat="39.70121869" lon="109.87990129"><ele>1368.238</ele><time>2026-08-14T13:54:16Z</time><sat>45</sat></trkpt>
  <trkpt lat="39.70169974" lon="109.88047007"><ele>1371.631</ele><time>2026-08-14T13:54:19Z</time><sat>45</sat></trkpt>
  <trkpt lat="39.70213060" lon="109.88096563"><ele>1374.815</ele><time>2026-08-14T13:54:22Z</time><sat>45</sat></trkpt>
  <trkpt lat="39.70257039" lon="109.88145189"><ele>1376.948</ele><time>2026-08-14T13:54:25Z</time><sat>45</sat></trkpt>
  <trkpt lat="39.70303174" lon="109.88193299"><ele>1378.423</ele><time>2026-08-14T13:54:28Z</time><sat>46</sat></trkpt>
  <trkpt lat="39.70351527" lon="109.88242153"><ele>1378.507</ele><time>2026-08-14T13:54:31Z</time><sat>46</sat></trkpt>
  <trkpt lat="39.70402903" lon="109.88291846"><ele>1377.755</ele><time>2026-08-14T13:54:34Z</time><sat>44</sat></trkpt>
  <trkpt lat="39.70458362" lon="109.88343352"><ele>1376.908</ele><time>2026-08-14T13:54:37Z</time><sat>45</sat></trkpt>
  <trkpt lat="39.70515748" lon="109.88397221"><ele>1376.697</ele><time>2026-08-14T13:54:40Z</time><sat>45</sat></trkpt>
  <trkpt lat="39.70573706" lon="109.88451277"><ele>1376.449</ele><time>2026-08-14T13:54:43Z</time><sat>44</sat></trkpt>
  <trkpt lat="39.70629942" lon="109.88503424"><ele>1377.237</ele><time>2026-08-14T13:54:46Z</time><sat>45</sat></trkpt>
  <trkpt lat="39.70683705" lon="109.88553688"><ele>1378.130</ele><time>2026-08-14T13:54:49Z</time><sat>46</sat></trkpt>
  <trkpt lat="39.70734351" lon="109.88601868"><ele>1378.886</ele><time>2026-08-14T13:54:52Z</time><sat>46</sat></trkpt>
  <trkpt lat="39.70783805" lon="109.88652702"><ele>1379.211</ele><time>2026-08-14T13:54:55Z</time><sat>46</sat></trkpt>
  <trkpt lat="39.70831032" lon="109.88709967"><ele>1377.654</ele><time>2026-08-14T13:54:58Z</time><sat>46</sat></trkpt>
  <trkpt lat="39.70875026" lon="109.88774876"><ele>1375.710</ele><time>2026-08-14T13:55:01Z</time><sat>42</sat></trkpt>
  <trkpt lat="39.70914487" lon="109.88845116"><ele>1372.428</ele><time>2026-08-14T13:55:04Z</time><sat>44</sat></trkpt>
  <trkpt lat="39.70951012" lon="109.88921856"><ele>1368.451</ele><time>2026-08-14T13:55:07Z</time><sat>46</sat></trkpt>
  <trkpt lat="39.70985882" lon="109.89001419"><ele>1364.804</ele><time>2026-08-14T13:55:10Z</time><sat>46</sat></trkpt>
  <trkpt lat="39.71019648" lon="109.89077679"><ele>1361.127</ele><time>2026-08-14T13:55:13Z</time><sat>45</sat></trkpt>
  <trkpt lat="39.71052925" lon="109.89153334"><ele>1357.459</ele><time>2026-08-14T13:55:16Z</time><sat>46</sat></trkpt>
  <trkpt lat="39.71086343" lon="109.89228473"><ele>1354.378</ele><time>2026-08-14T13:55:19Z</time><sat>41</sat></trkpt>
  <trkpt lat="39.71119277" lon="109.89302161"><ele>1352.152</ele><time>2026-08-14T13:55:22Z</time><sat>44</sat></trkpt>
  <trkpt lat="39.71151304" lon="109.89374594"><ele>1350.959</ele><time>2026-08-14T13:55:25Z</time><sat>45</sat></trkpt>
  <trkpt lat="39.71181738" lon="109.89444361"><ele>1350.227</ele><time>2026-08-14T13:55:28Z</time><sat>43</sat></trkpt>
  <trkpt lat="39.71211709" lon="109.89511490"><ele>1349.305</ele><time>2026-08-14T13:55:31Z</time><sat>44</sat></trkpt>
  <trkpt lat="39.71240130" lon="109.89576601"><ele>1348.616</ele><time>2026-08-14T13:55:34Z</time><sat>45</sat></trkpt>
  <trkpt lat="39.71268831" lon="109.89641843"><ele>1348.059</ele><time>2026-08-14T13:55:37Z</time><sat>47</sat></trkpt>
  <trkpt lat="39.71298735" lon="109.89709673"><ele>1347.920</ele><time>2026-08-14T13:55:40Z</time><sat>47</sat></trkpt>
  <trkpt lat="39.71330643" lon="109.89777761"><ele>1346.526</ele><time>2026-08-14T13:55:43Z</time><sat>46</sat></trkpt>
  <trkpt lat="39.71368114" lon="109.89841497"><ele>1346.602</ele><time>2026-08-14T13:55:46Z</time><sat>47</sat></trkpt>
  <trkpt lat="39.71412628" lon="109.89899554"><ele>1345.774</ele><time>2026-08-14T13:55:49Z</time><sat>47</sat></trkpt>
  <trkpt lat="39.71464433" lon="109.89950120"><ele>1345.901</ele><time>2026-08-14T13:55:52Z</time><sat>46</sat></trkpt>
  <trkpt lat="39.71522613" lon="109.89990652"><ele>1346.588</ele><time>2026-08-14T13:55:55Z</time><sat>47</sat></trkpt>
  <trkpt lat="39.71586591" lon="109.90021798"><ele>1347.085</ele><time>2026-08-14T13:55:58Z</time><sat>47</sat></trkpt>
  <trkpt lat="39.71653218" lon="109.90048688"><ele>1346.728</ele><time>2026-08-14T13:56:01Z</time><sat>46</sat></trkpt>
  <trkpt lat="39.71722190" lon="109.90076351"><ele>1346.979</ele><time>2026-08-14T13:56:04Z</time><sat>46</sat></trkpt>
  <trkpt lat="39.71794866" lon="109.90107036"><ele>1349.015</ele><time>2026-08-14T13:56:07Z</time><sat>46</sat></trkpt>
  <trkpt lat="39.71870338" lon="109.90138393"><ele>1351.536</ele><time>2026-08-14T13:56:10Z</time><sat>46</sat></trkpt>
  <trkpt lat="39.71941587" lon="109.90173909"><ele>1355.982</ele><time>2026-08-14T13:56:13Z</time><sat>42</sat></trkpt>
  <trkpt lat="39.72005730" lon="109.90219396"><ele>1357.488</ele><time>2026-08-14T13:56:16Z</time><sat>42</sat></trkpt>
  <trkpt lat="39.72062291" lon="109.90271363"><ele>1358.758</ele><time>2026-08-14T13:56:19Z</time><sat>44</sat></trkpt>
  <trkpt lat="39.72115659" lon="109.90330461"><ele>1360.503</ele><time>2026-08-14T13:56:22Z</time><sat>47</sat></trkpt>
  <trkpt lat="39.72168716" lon="109.90394125"><ele>1363.490</ele><time>2026-08-14T13:56:25Z</time><sat>47</sat></trkpt>
  <trkpt lat="39.72222032" lon="109.90457993"><ele>1366.643</ele><time>2026-08-14T13:56:28Z</time><sat>46</sat></trkpt>
  <trkpt lat="39.72276103" lon="109.90522259"><ele>1369.819</ele><time>2026-08-14T13:56:31Z</time><sat>46</sat></trkpt>
  <trkpt lat="39.72329670" lon="109.90586276"><ele>1372.538</ele><time>2026-08-14T13:56:34Z</time><sat>47</sat></trkpt>
  <trkpt lat="39.72384215" lon="109.90651982"><ele>1373.727</ele><time>2026-08-14T13:56:37Z</time><sat>47</sat></trkpt>
  <trkpt lat="39.72441287" lon="109.90719249"><ele>1374.086</ele><time>2026-08-14T13:56:40Z</time><sat>45</sat></trkpt>
  <trkpt lat="39.72499125" lon="109.90788954"><ele>1372.501</ele><time>2026-08-14T13:56:43Z</time><sat>45</sat></trkpt>
  <trkpt lat="39.72558009" lon="109.90858064"><ele>1370.274</ele><time>2026-08-14T13:56:46Z</time><sat>46</sat></trkpt>
  <trkpt lat="39.72617285" lon="109.90926194"><ele>1366.775</ele><time>2026-08-14T13:56:49Z</time><sat>46</sat></trkpt>
  <trkpt lat="39.72679507" lon="109.90991967"><ele>1365.067</ele><time>2026-08-14T13:56:52Z</time><sat>45</sat></trkpt>
  <trkpt lat="39.72743490" lon="109.91054875"><ele>1365.533</ele><time>2026-08-14T13:56:55Z</time><sat>46</sat></trkpt>
  <trkpt lat="39.72808974" lon="109.91114879"><ele>1367.027</ele><time>2026-08-14T13:56:58Z</time><sat>46</sat></trkpt>
  <trkpt lat="39.72876600" lon="109.91171319"><ele>1368.134</ele><time>2026-08-14T13:57:01Z</time><sat>44</sat></trkpt>
  <trkpt lat="39.72945522" lon="109.91224673"><ele>1368.252</ele><time>2026-08-14T13:57:04Z</time><sat>45</sat></trkpt>
  <trkpt lat="39.73016107" lon="109.91274891"><ele>1368.036</ele><time>2026-08-14T13:57:07Z</time><sat>47</sat></trkpt>
  <trkpt lat="39.73087559" lon="109.91321997"><ele>1367.191</ele><time>2026-08-14T13:57:10Z</time><sat>46</sat></trkpt>
  <trkpt lat="39.73152948" lon="109.91363190"><ele>1368.766</ele><time>2026-08-14T13:57:13Z</time><sat>47</sat></trkpt>
  <trkpt lat="39.73214551" lon="109.91403968"><ele>1370.993</ele><time>2026-08-14T13:57:16Z</time><sat>47</sat></trkpt>
  <trkpt lat="39.73276617" lon="109.91447718"><ele>1373.721</ele><time>2026-08-14T13:57:19Z</time><sat>47</sat></trkpt>
  <trkpt lat="39.73333819" lon="109.91490743"><ele>1375.444</ele><time>2026-08-14T13:57:22Z</time><sat>47</sat></trkpt>
  <trkpt lat="39.73386210" lon="109.91532835"><ele>1376.362</ele><time>2026-08-14T13:57:25Z</time><sat>46</sat></trkpt>
  <trkpt lat="39.73435171" lon="109.91574047"><ele>1377.027</ele><time>2026-08-14T13:57:28Z</time><sat>47</sat></trkpt>
  <trkpt lat="39.73481855" lon="109.91615488"><ele>1377.432</ele><time>2026-08-14T13:57:31Z</time><sat>47</sat></trkpt>
  <trkpt lat="39.73526565" lon="109.91658542"><ele>1376.973</ele><time>2026-08-14T13:57:34Z</time><sat>47</sat></trkpt>
  <trkpt lat="39.73570288" lon="109.91702087"><ele>1375.750</ele><time>2026-08-14T13:57:37Z</time><sat>47</sat></trkpt>
  <trkpt lat="39.73613147" lon="109.91746746"><ele>1374.813</ele><time>2026-08-14T13:57:40Z</time><sat>45</sat></trkpt>
  <trkpt lat="39.73656555" lon="109.91794409"><ele>1374.813</ele><time>2026-08-14T13:57:43Z</time><sat>42</sat></trkpt>
  <trkpt lat="39.73700932" lon="109.91847333"><ele>1375.713</ele><time>2026-08-14T13:57:46Z</time><sat>47</sat></trkpt>
  <trkpt lat="39.73746344" lon="109.91901633"><ele>1376.011</ele><time>2026-08-14T13:57:49Z</time><sat>47</sat></trkpt>
  <trkpt lat="39.73794486" lon="109.91959073"><ele>1376.168</ele><time>2026-08-14T13:57:52Z</time><sat>46</sat></trkpt>
  <trkpt lat="39.73845199" lon="109.92019762"><ele>1377.281</ele><time>2026-08-14T13:57:55Z</time><sat>46</sat></trkpt>
  <trkpt lat="39.73896885" lon="109.92081202"><ele>1380.105</ele><time>2026-08-14T13:57:58Z</time><sat>45</sat></trkpt>
  <trkpt lat="39.73945916" lon="109.92139375"><ele>1383.567</ele><time>2026-08-14T13:58:01Z</time><sat>46</sat></trkpt>
  <trkpt lat="39.73991681" lon="109.92191231"><ele>1385.778</ele><time>2026-08-14T13:58:04Z</time><sat>46</sat></trkpt>
  <trkpt lat="39.74034187" lon="109.92235954"><ele>1389.174</ele><time>2026-08-14T13:58:07Z</time><sat>46</sat></trkpt>
  <trkpt lat="39.74079980" lon="109.92280173"><ele>1391.494</ele><time>2026-08-14T13:58:10Z</time><sat>47</sat></trkpt>
  <trkpt lat="39.74130975" lon="109.92325673"><ele>1392.946</ele><time>2026-08-14T13:58:13Z</time><sat>47</sat></trkpt>
  <trkpt lat="39.74185619" lon="109.92374528"><ele>1394.650</ele><time>2026-08-14T13:58:16Z</time><sat>46</sat></trkpt>
  <trkpt lat="39.74243562" lon="109.92424647"><ele>1396.918</ele><time>2026-08-14T13:58:19Z</time><sat>46</sat></trkpt>
  <trkpt lat="39.74301820" lon="109.92474850"><ele>1399.387</ele><time>2026-08-14T13:58:22Z</time><sat>45</sat></trkpt>
  <trkpt lat="39.74358646" lon="109.92524087"><ele>1402.138</ele><time>2026-08-14T13:58:25Z</time><sat>46</sat></trkpt>
  <trkpt lat="39.74414218" lon="109.92572521"><ele>1405.473</ele><time>2026-08-14T13:58:28Z</time><sat>47</sat></trkpt>
  <trkpt lat="39.74469485" lon="109.92623125"><ele>1408.743</ele><time>2026-08-14T13:58:31Z</time><sat>47</sat></trkpt>
  <trkpt lat="39.74525020" lon="109.92677413"><ele>1412.057</ele><time>2026-08-14T13:58:34Z</time><sat>46</sat></trkpt>
  <trkpt lat="39.74580720" lon="109.92735683"><ele>1415.059</ele><time>2026-08-14T13:58:37Z</time><sat>46</sat></trkpt>
  <trkpt lat="39.74637126" lon="109.92798695"><ele>1418.302</ele><time>2026-08-14T13:58:40Z</time><sat>46</sat></trkpt>
  <trkpt lat="39.74693829" lon="109.92866211"><ele>1421.054</ele><time>2026-08-14T13:58:43Z</time><sat>45</sat></trkpt>
  <trkpt lat="39.74750054" lon="109.92938002"><ele>1422.685</ele><time>2026-08-14T13:58:46Z</time><sat>45</sat></trkpt>
  <trkpt lat="39.74805178" lon="109.93013351"><ele>1424.066</ele><time>2026-08-14T13:58:49Z</time><sat>44</sat></trkpt>
  <trkpt lat="39.74858279" lon="109.93090716"><ele>1424.595</ele><time>2026-08-14T13:58:52Z</time><sat>45</sat></trkpt>
  <trkpt lat="39.74905673" lon="109.93165357"><ele>1425.255</ele><time>2026-08-14T13:58:55Z</time><sat>43</sat></trkpt>
  <trkpt lat="39.74948813" lon="109.93238266"><ele>1425.769</ele><time>2026-08-14T13:58:58Z</time><sat>40</sat></trkpt>
  <trkpt lat="39.74991048" lon="109.93313835"><ele>1426.792</ele><time>2026-08-14T13:59:01Z</time><sat>44</sat></trkpt>
  <trkpt lat="39.75032029" lon="109.93386835"><ele>1427.852</ele><time>2026-08-14T13:59:04Z</time><sat>45</sat></trkpt>
  <trkpt lat="39.75069287" lon="109.93451000"><ele>1428.487</ele><time>2026-08-14T13:59:07Z</time><sat>46</sat></trkpt>
  <trkpt lat="39.75106367" lon="109.93513219"><ele>1429.181</ele><time>2026-08-14T13:59:10Z</time><sat>46</sat></trkpt>
  <trkpt lat="39.75146591" lon="109.93576697"><ele>1430.390</ele><time>2026-08-14T13:59:13Z</time><sat>44</sat></trkpt>
  <trkpt lat="39.75190603" lon="109.93638820"><ele>1430.548</ele><time>2026-08-14T13:59:16Z</time><sat>44</sat></trkpt>
  <trkpt lat="39.75236361" lon="109.93698271"><ele>1430.871</ele><time>2026-08-14T13:59:19Z</time><sat>45</sat></trkpt>
  <trkpt lat="39.75284473" lon="109.93755197"><ele>1431.015</ele><time>2026-08-14T13:59:22Z</time><sat>44</sat></trkpt>
  <trkpt lat="39.75336796" lon="109.93811587"><ele>1430.981</ele><time>2026-08-14T13:59:25Z</time><sat>44</sat></trkpt>
  <trkpt lat="39.75393843" lon="109.93866975"><ele>1430.809</ele><time>2026-08-14T13:59:28Z</time><sat>45</sat></trkpt>
  <trkpt lat="39.75454703" lon="109.93921501"><ele>1429.823</ele><time>2026-08-14T13:59:31Z</time><sat>45</sat></trkpt>
  <trkpt lat="39.75516692" lon="109.93974882"><ele>1428.809</ele><time>2026-08-14T13:59:34Z</time><sat>44</sat></trkpt>
  <trkpt lat="39.75577093" lon="109.94031907"><ele>1428.485</ele><time>2026-08-14T13:59:37Z</time><sat>45</sat></trkpt>
  <trkpt lat="39.75638048" lon="109.94094017"><ele>1429.189</ele><time>2026-08-14T13:59:40Z</time><sat>44</sat></trkpt>
  <trkpt lat="39.75698503" lon="109.94159761"><ele>1431.207</ele><time>2026-08-14T13:59:43Z</time><sat>45</sat></trkpt>
  <trkpt lat="39.75757130" lon="109.94229097"><ele>1435.368</ele><time>2026-08-14T13:59:46Z</time><sat>44</sat></trkpt>
  <trkpt lat="39.75807915" lon="109.94291630"><ele>1437.870</ele><time>2026-08-14T13:59:49Z</time><sat>44</sat></trkpt>
  <trkpt lat="39.75852375" lon="109.94350556"><ele>1439.009</ele><time>2026-08-14T13:59:52Z</time><sat>44</sat></trkpt>
  <trkpt lat="39.75895381" lon="109.94410544"><ele>1438.907</ele><time>2026-08-14T13:59:55Z</time><sat>43</sat></trkpt>
  <trkpt lat="39.75936743" lon="109.94472265"><ele>1437.443</ele><time>2026-08-14T13:59:58Z</time><sat>44</sat></trkpt>
  <trkpt lat="39.75978253" lon="109.94535188"><ele>1436.349</ele><time>2026-08-14T14:00:01Z</time><sat>45</sat></trkpt>
  <trkpt lat="39.76016518" lon="109.94600774"><ele>1434.710</ele><time>2026-08-14T14:00:04Z</time><sat>44</sat></trkpt>
  <trkpt lat="39.76058005" lon="109.94670669"><ele>1433.337</ele><time>2026-08-14T14:00:07Z</time><sat>44</sat></trkpt>
  <trkpt lat="39.76099733" lon="109.94746934"><ele>1430.549</ele><time>2026-08-14T14:00:10Z</time><sat>44</sat></trkpt>
  <trkpt lat="39.76140202" lon="109.94826921"><ele>1427.545</ele><time>2026-08-14T14:00:13Z</time><sat>45</sat></trkpt>
  <trkpt lat="39.76181988" lon="109.94909252"><ele>1424.212</ele><time>2026-08-14T14:00:16Z</time><sat>44</sat></trkpt>
  <trkpt lat="39.76224803" lon="109.94993938"><ele>1420.948</ele><time>2026-08-14T14:00:19Z</time><sat>45</sat></trkpt>
  <trkpt lat="39.76268363" lon="109.95079655"><ele>1417.896</ele><time>2026-08-14T14:00:22Z</time><sat>44</sat></trkpt>
  <trkpt lat="39.76310844" lon="109.95159306"><ele>1417.312</ele><time>2026-08-14T14:00:25Z</time><sat>46</sat></trkpt>
  <trkpt lat="39.76352539" lon="109.95231518"><ele>1419.303</ele><time>2026-08-14T14:00:28Z</time><sat>46</sat></trkpt>
  <trkpt lat="39.76391000" lon="109.95294143"><ele>1421.954</ele><time>2026-08-14T14:00:31Z</time><sat>44</sat></trkpt>
  <trkpt lat="39.76430297" lon="109.95354184"><ele>1422.090</ele><time>2026-08-14T14:00:34Z</time><sat>42</sat></trkpt>
  <trkpt lat="39.76473757" lon="109.95418210"><ele>1424.232</ele><time>2026-08-14T14:00:37Z</time><sat>42</sat></trkpt>
  <trkpt lat="39.76520416" lon="109.95482284"><ele>1423.477</ele><time>2026-08-14T14:00:40Z</time><sat>43</sat></trkpt>
  <trkpt lat="39.76569190" lon="109.95546026"><ele>1420.975</ele><time>2026-08-14T14:00:43Z</time><sat>43</sat></trkpt>
  <trkpt lat="39.76620300" lon="109.95609303"><ele>1417.392</ele><time>2026-08-14T14:00:46Z</time><sat>46</sat></trkpt>
  <trkpt lat="39.76672352" lon="109.95673665"><ele>1413.215</ele><time>2026-08-14T14:00:49Z</time><sat>46</sat></trkpt>
  <trkpt lat="39.76725385" lon="109.95738622"><ele>1410.583</ele><time>2026-08-14T14:00:52Z</time><sat>46</sat></trkpt>
  <trkpt lat="39.76779357" lon="109.95804935"><ele>1406.409</ele><time>2026-08-14T14:00:55Z</time><sat>46</sat></trkpt>
  <trkpt lat="39.76834464" lon="109.95872107"><ele>1403.376</ele><time>2026-08-14T14:00:58Z</time><sat>46</sat></trkpt>
  <trkpt lat="39.76888613" lon="109.95939042"><ele>1401.875</ele><time>2026-08-14T14:01:01Z</time><sat>46</sat></trkpt>
  <trkpt lat="39.76941394" lon="109.96004070"><ele>1401.755</ele><time>2026-08-14T14:01:04Z</time><sat>46</sat></trkpt>
  <trkpt lat="39.76992479" lon="109.96066523"><ele>1401.423</ele><time>2026-08-14T14:01:07Z</time><sat>45</sat></trkpt>
  <trkpt lat="39.77043036" lon="109.96128488"><ele>1401.531</ele><time>2026-08-14T14:01:10Z</time><sat>46</sat></trkpt>
  <trkpt lat="39.77093400" lon="109.96190386"><ele>1401.915</ele><time>2026-08-14T14:01:13Z</time><sat>45</sat></trkpt>
  <trkpt lat="39.77142508" lon="109.96250112"><ele>1402.505</ele><time>2026-08-14T14:01:16Z</time><sat>43</sat></trkpt>
  <trkpt lat="39.77191535" lon="109.96310065"><ele>1404.158</ele><time>2026-08-14T14:01:19Z</time><sat>41</sat></trkpt>
  <trkpt lat="39.77242485" lon="109.96371906"><ele>1406.670</ele><time>2026-08-14T14:01:22Z</time><sat>44</sat></trkpt>
  <trkpt lat="39.77291819" lon="109.96431618"><ele>1408.883</ele><time>2026-08-14T14:01:25Z</time><sat>45</sat></trkpt>
  <trkpt lat="39.77337135" lon="109.96486490"><ele>1410.933</ele><time>2026-08-14T14:01:28Z</time><sat>44</sat></trkpt>
  <trkpt lat="39.77381134" lon="109.96534648"><ele>1413.759</ele><time>2026-08-14T14:01:31Z</time><sat>43</sat></trkpt>
  <trkpt lat="39.77428214" lon="109.96577381"><ele>1415.684</ele><time>2026-08-14T14:01:34Z</time><sat>42</sat></trkpt>
  <trkpt lat="39.77478341" lon="109.96614567"><ele>1418.098</ele><time>2026-08-14T14:01:37Z</time><sat>45</sat></trkpt>
  <trkpt lat="39.77531967" lon="109.96644764"><ele>1420.195</ele><time>2026-08-14T14:01:40Z</time><sat>45</sat></trkpt>
  <trkpt lat="39.77587378" lon="109.96667356"><ele>1422.059</ele><time>2026-08-14T14:01:43Z</time><sat>45</sat></trkpt>
  <trkpt lat="39.77644104" lon="109.96682262"><ele>1424.850</ele><time>2026-08-14T14:01:46Z</time><sat>46</sat></trkpt>
  <trkpt lat="39.77702216" lon="109.96690221"><ele>1426.620</ele><time>2026-08-14T14:01:49Z</time><sat>46</sat></trkpt>
  <trkpt lat="39.77760449" lon="109.96690087"><ele>1429.124</ele><time>2026-08-14T14:01:52Z</time><sat>46</sat></trkpt>
  <trkpt lat="39.77818176" lon="109.96685178"><ele>1431.206</ele><time>2026-08-14T14:01:55Z</time><sat>45</sat></trkpt>
  <trkpt lat="39.77872857" lon="109.96677347"><ele>1432.381</ele><time>2026-08-14T14:01:58Z</time><sat>45</sat></trkpt>
  <trkpt lat="39.77928152" lon="109.96668256"><ele>1433.882</ele><time>2026-08-14T14:02:01Z</time><sat>45</sat></trkpt>
  <trkpt lat="39.77985636" lon="109.96659370"><ele>1435.833</ele><time>2026-08-14T14:02:04Z</time><sat>46</sat></trkpt>
  <trkpt lat="39.78046360" lon="109.96649679"><ele>1438.026</ele><time>2026-08-14T14:02:07Z</time><sat>45</sat></trkpt>
  <trkpt lat="39.78109908" lon="109.96639641"><ele>1440.341</ele><time>2026-08-14T14:02:10Z</time><sat>46</sat></trkpt>
  <trkpt lat="39.78177459" lon="109.96629744"><ele>1442.551</ele><time>2026-08-14T14:02:13Z</time><sat>46</sat></trkpt>
  <trkpt lat="39.78241375" lon="109.96626141"><ele>1444.328</ele><time>2026-08-14T14:02:16Z</time><sat>46</sat></trkpt>
  <trkpt lat="39.78299483" lon="109.96630852"><ele>1445.338</ele><time>2026-08-14T14:02:19Z</time><sat>46</sat></trkpt>
  <trkpt lat="39.78351463" lon="109.96641695"><ele>1445.686</ele><time>2026-08-14T14:02:22Z</time><sat>46</sat></trkpt>
  <trkpt lat="39.78397241" lon="109.96657234"><ele>1445.562</ele><time>2026-08-14T14:02:25Z</time><sat>46</sat></trkpt>
  <trkpt lat="39.78438845" lon="109.96675942"><ele>1445.392</ele><time>2026-08-14T14:02:28Z</time><sat>46</sat></trkpt>
  <trkpt lat="39.78478961" lon="109.96698313"><ele>1446.484</ele><time>2026-08-14T14:02:31Z</time><sat>46</sat></trkpt>
  <trkpt lat="39.78519359" lon="109.96726159"><ele>1447.550</ele><time>2026-08-14T14:02:34Z</time><sat>46</sat></trkpt>
  <trkpt lat="39.78560792" lon="109.96760139"><ele>1449.166</ele><time>2026-08-14T14:02:37Z</time><sat>46</sat></trkpt>
  <trkpt lat="39.78605336" lon="109.96804104"><ele>1451.033</ele><time>2026-08-14T14:02:40Z</time><sat>46</sat></trkpt>
  <trkpt lat="39.78651987" lon="109.96856681"><ele>1452.223</ele><time>2026-08-14T14:02:43Z</time><sat>47</sat></trkpt>
  <trkpt lat="39.78698160" lon="109.96909559"><ele>1452.031</ele><time>2026-08-14T14:02:46Z</time><sat>46</sat></trkpt>
  <trkpt lat="39.78739832" lon="109.96957820"><ele>1450.895</ele><time>2026-08-14T14:02:49Z</time><sat>47</sat></trkpt>
  <trkpt lat="39.78776770" lon="109.97001399"><ele>1448.725</ele><time>2026-08-14T14:02:52Z</time><sat>47</sat></trkpt>
  <trkpt lat="39.78811753" lon="109.97041377"><ele>1447.148</ele><time>2026-08-14T14:02:55Z</time><sat>45</sat></trkpt>
  <trkpt lat="39.78848797" lon="109.97084225"><ele>1446.642</ele><time>2026-08-14T14:02:58Z</time><sat>46</sat></trkpt>
  <trkpt lat="39.78886583" lon="109.97128111"><ele>1446.828</ele><time>2026-08-14T14:03:01Z</time><sat>47</sat></trkpt>
  <trkpt lat="39.78924222" lon="109.97172004"><ele>1446.907</ele><time>2026-08-14T14:03:04Z</time><sat>47</sat></trkpt>
  <trkpt lat="39.78962875" lon="109.97215014"><ele>1446.507</ele><time>2026-08-14T14:03:07Z</time><sat>47</sat></trkpt>
  <trkpt lat="39.79004327" lon="109.97253168"><ele>1445.651</ele><time>2026-08-14T14:03:10Z</time><sat>47</sat></trkpt>
  <trkpt lat="39.79048541" lon="109.97284670"><ele>1445.017</ele><time>2026-08-14T14:03:13Z</time><sat>47</sat></trkpt>
  <trkpt lat="39.79093493" lon="109.97303437"><ele>1444.757</ele><time>2026-08-14T14:03:16Z</time><sat>47</sat></trkpt>
  <trkpt lat="39.79133022" lon="109.97312913"><ele>1444.171</ele><time>2026-08-14T14:03:19Z</time><sat>46</sat></trkpt>
  <trkpt lat="39.79160897" lon="109.97312225"><ele>1443.589</ele><time>2026-08-14T14:03:22Z</time><sat>46</sat></trkpt>
  <trkpt lat="39.79176503" lon="109.97311068"><ele>1442.991</ele><time>2026-08-14T14:03:25Z</time><sat>45</sat></trkpt>
  <trkpt lat="39.79183404" lon="109.97310098"><ele>1443.035</ele><time>2026-08-14T14:03:28Z</time><sat>43</sat></trkpt>
  <trkpt lat="39.79186794" lon="109.97309753"><ele>1443.080</ele><time>2026-08-14T14:03:31Z</time><sat>42</sat></trkpt>
  <trkpt lat="39.79187548" lon="109.97309735"><ele>1443.294</ele><time>2026-08-14T14:03:34Z</time><sat>41</sat></trkpt>
  <trkpt lat="39.79187674" lon="109.97309613"><ele>1443.261</ele><time>2026-08-14T14:03:37Z</time><sat>41</sat></trkpt>
  <trkpt lat="39.79187844" lon="109.97309677"><ele>1443.009</ele><time>2026-08-14T14:03:40Z</time><sat>42</sat></trkpt>
  <trkpt lat="39.79194969" lon="109.97308749"><ele>1443.058</ele><time>2026-08-14T14:03:43Z</time><sat>42</sat></trkpt>
  <trkpt lat="39.79211747" lon="109.97306778"><ele>1443.037</ele><time>2026-08-14T14:03:46Z</time><sat>39</sat></trkpt>
  <trkpt lat="39.79232784" lon="109.97304809"><ele>1442.259</ele><time>2026-08-14T14:03:49Z</time><sat>41</sat></trkpt>
  <trkpt lat="39.79258418" lon="109.97301213"><ele>1442.597</ele><time>2026-08-14T14:03:52Z</time><sat>42</sat></trkpt>
  <trkpt lat="39.79286554" lon="109.97298640"><ele>1442.409</ele><time>2026-08-14T14:03:55Z</time><sat>42</sat></trkpt>
  <trkpt lat="39.79316307" lon="109.97294875"><ele>1441.394</ele><time>2026-08-14T14:03:58Z</time><sat>44</sat></trkpt>
  <trkpt lat="39.79348949" lon="109.97290546"><ele>1441.561</ele><time>2026-08-14T14:04:01Z</time><sat>43</sat></trkpt>
  <trkpt lat="39.79382878" lon="109.97285618"><ele>1441.121</ele><time>2026-08-14T14:04:04Z</time><sat>43</sat></trkpt>
  <trkpt lat="39.79418748" lon="109.97280628"><ele>1440.713</ele><time>2026-08-14T14:04:07Z</time><sat>43</sat></trkpt>
  <trkpt lat="39.79453905" lon="109.97276452"><ele>1440.536</ele><time>2026-08-14T14:04:10Z</time><sat>41</sat></trkpt>
  <trkpt lat="39.79487795" lon="109.97272976"><ele>1440.027</ele><time>2026-08-14T14:04:13Z</time><sat>43</sat></trkpt>
  <trkpt lat="39.79522817" lon="109.97269117"><ele>1440.389</ele><time>2026-08-14T14:04:16Z</time><sat>42</sat></trkpt>
  <trkpt lat="39.79558946" lon="109.97265333"><ele>1440.468</ele><time>2026-08-14T14:04:19Z</time><sat>40</sat></trkpt>
  <trkpt lat="39.79594754" lon="109.97261402"><ele>1440.487</ele><time>2026-08-14T14:04:22Z</time><sat>42</sat></trkpt>
  <trkpt lat="39.79630652" lon="109.97257820"><ele>1440.367</ele><time>2026-08-14T14:04:25Z</time><sat>45</sat></trkpt>
  <trkpt lat="39.79657776" lon="109.97255793"><ele>1440.361</ele><time>2026-08-14T14:04:28Z</time><sat>45</sat></trkpt>
  <trkpt lat="39.79671629" lon="109.97255055"><ele>1440.273</ele><time>2026-08-14T14:04:31Z</time><sat>42</sat></trkpt>
  <trkpt lat="39.79676118" lon="109.97254674"><ele>1440.666</ele><time>2026-08-14T14:04:34Z</time><sat>43</sat></trkpt>
  <trkpt lat="39.79676040" lon="109.97254731"><ele>1441.100</ele><time>2026-08-14T14:04:37Z</time><sat>42</sat></trkpt>
  <trkpt lat="39.79675831" lon="109.97254730"><ele>1440.761</ele><time>2026-08-14T14:04:40Z</time><sat>34</sat></trkpt>
  <trkpt lat="39.79675761" lon="109.97254908"><ele>1440.786</ele><time>2026-08-14T14:04:43Z</time><sat>37</sat></trkpt>
  <trkpt lat="39.79675760" lon="109.97254860"><ele>1440.811</ele><time>2026-08-14T14:04:46Z</time><sat>41</sat></trkpt>
  <trkpt lat="39.79675755" lon="109.97254860"><ele>1440.820</ele><time>2026-08-14T14:04:49Z</time><sat>41</sat></trkpt>
  <trkpt lat="39.79675751" lon="109.97254860"><ele>1440.824</ele><time>2026-08-14T14:04:52Z</time><sat>40</sat></trkpt>
  <trkpt lat="39.79675748" lon="109.97254861"><ele>1440.829</ele><time>2026-08-14T14:04:55Z</time><sat>41</sat></trkpt>
  <trkpt lat="39.79675744" lon="109.97254862"><ele>1440.834</ele><time>2026-08-14T14:04:58Z</time><sat>40</sat></trkpt>
  <trkpt lat="39.79675738" lon="109.97254862"><ele>1440.840</ele><time>2026-08-14T14:05:01Z</time><sat>40</sat></trkpt>
  <trkpt lat="39.79675730" lon="109.97254861"><ele>1440.844</ele><time>2026-08-14T14:05:04Z</time><sat>41</sat></trkpt>
  <trkpt lat="39.79675726" lon="109.97254862"><ele>1440.847</ele><time>2026-08-14T14:05:07Z</time><sat>41</sat></trkpt>
  <trkpt lat="39.79675719" lon="109.97254864"><ele>1440.846</ele><time>2026-08-14T14:05:10Z</time><sat>39</sat></trkpt>
  <trkpt lat="39.79675713" lon="109.97254865"><ele>1440.850</ele><time>2026-08-14T14:05:13Z</time><sat>40</sat></trkpt>
  <trkpt lat="39.79675711" lon="109.97254865"><ele>1440.856</ele><time>2026-08-14T14:05:16Z</time><sat>39</sat></trkpt>
  <trkpt lat="39.79675706" lon="109.97254864"><ele>1440.858</ele><time>2026-08-14T14:05:19Z</time><sat>39</sat></trkpt>
  <trkpt lat="39.79677809" lon="109.97254680"><ele>1440.903</ele><time>2026-08-14T14:05:22Z</time><sat>40</sat></trkpt>
  <trkpt lat="39.79689309" lon="109.97254812"><ele>1440.326</ele><time>2026-08-14T14:05:25Z</time><sat>41</sat></trkpt>
  <trkpt lat="39.79707698" lon="109.97254638"><ele>1439.967</ele><time>2026-08-14T14:05:28Z</time><sat>43</sat></trkpt>
  <trkpt lat="39.79729605" lon="109.97254520"><ele>1439.751</ele><time>2026-08-14T14:05:31Z</time><sat>43</sat></trkpt>
  <trkpt lat="39.79754584" lon="109.97253351"><ele>1439.640</ele><time>2026-08-14T14:05:34Z</time><sat>46</sat></trkpt>
  <trkpt lat="39.79783627" lon="109.97251770"><ele>1439.415</ele><time>2026-08-14T14:05:37Z</time><sat>45</sat></trkpt>
  <trkpt lat="39.79818321" lon="109.97250380"><ele>1439.459</ele><time>2026-08-14T14:05:40Z</time><sat>43</sat></trkpt>
  <trkpt lat="39.79858302" lon="109.97248183"><ele>1439.419</ele><time>2026-08-14T14:05:43Z</time><sat>42</sat></trkpt>
  <trkpt lat="39.79899891" lon="109.97247039"><ele>1439.730</ele><time>2026-08-14T14:05:46Z</time><sat>44</sat></trkpt>
  <trkpt lat="39.79938380" lon="109.97247080"><ele>1439.848</ele><time>2026-08-14T14:05:49Z</time><sat>45</sat></trkpt>
  <trkpt lat="39.79973224" lon="109.97247343"><ele>1439.549</ele><time>2026-08-14T14:05:52Z</time><sat>44</sat></trkpt>
  <trkpt lat="39.80001595" lon="109.97247422"><ele>1439.427</ele><time>2026-08-14T14:05:55Z</time><sat>43</sat></trkpt>
  <trkpt lat="39.80021913" lon="109.97248402"><ele>1439.233</ele><time>2026-08-14T14:05:58Z</time><sat>44</sat></trkpt>
  <trkpt lat="39.80032384" lon="109.97248696"><ele>1439.718</ele><time>2026-08-14T14:06:01Z</time><sat>45</sat></trkpt>
  <trkpt lat="39.80033716" lon="109.97249057"><ele>1439.471</ele><time>2026-08-14T14:06:04Z</time><sat>43</sat></trkpt>
  <trkpt lat="39.80033929" lon="109.97249227"><ele>1439.576</ele><time>2026-08-14T14:06:07Z</time><sat>40</sat></trkpt>
  <trkpt lat="39.80034039" lon="109.97249177"><ele>1439.599</ele><time>2026-08-14T14:06:10Z</time><sat>42</sat></trkpt>
  <trkpt lat="39.80034071" lon="109.97249245"><ele>1439.733</ele><time>2026-08-14T14:06:13Z</time><sat>42</sat></trkpt>
  <trkpt lat="39.80034100" lon="109.97249235"><ele>1439.788</ele><time>2026-08-14T14:06:16Z</time><sat>37</sat></trkpt>
  <trkpt lat="39.80034091" lon="109.97249228"><ele>1439.769</ele><time>2026-08-14T14:06:19Z</time><sat>40</sat></trkpt>
  <trkpt lat="39.80034089" lon="109.97249237"><ele>1439.779</ele><time>2026-08-14T14:06:22Z</time><sat>40</sat></trkpt>
  <trkpt lat="39.80034086" lon="109.97249235"><ele>1439.778</ele><time>2026-08-14T14:06:25Z</time><sat>41</sat></trkpt>
  <trkpt lat="39.80034083" lon="109.97249234"><ele>1439.779</ele><time>2026-08-14T14:06:28Z</time><sat>40</sat></trkpt>
  <trkpt lat="39.80034080" lon="109.97249233"><ele>1439.779</ele><time>2026-08-14T14:06:31Z</time><sat>39</sat></trkpt>
  <trkpt lat="39.80034080" lon="109.97249235"><ele>1439.785</ele><time>2026-08-14T14:06:34Z</time><sat>39</sat></trkpt>
  <trkpt lat="39.80034077" lon="109.97249235"><ele>1439.785</ele><time>2026-08-14T14:06:37Z</time><sat>33</sat></trkpt>
  <trkpt lat="39.80034713" lon="109.97249213"><ele>1439.773</ele><time>2026-08-14T14:06:40Z</time><sat>33</sat></trkpt>
  <trkpt lat="39.80042186" lon="109.97249531"><ele>1439.623</ele><time>2026-08-14T14:06:43Z</time><sat>37</sat></trkpt>
  <trkpt lat="39.80056276" lon="109.97249853"><ele>1439.491</ele><time>2026-08-14T14:06:46Z</time><sat>42</sat></trkpt>
  <trkpt lat="39.80075305" lon="109.97250694"><ele>1439.448</ele><time>2026-08-14T14:06:49Z</time><sat>42</sat></trkpt>
  <trkpt lat="39.80097536" lon="109.97251478"><ele>1439.521</ele><time>2026-08-14T14:06:52Z</time><sat>42</sat></trkpt>
  <trkpt lat="39.80121722" lon="109.97251510"><ele>1439.606</ele><time>2026-08-14T14:06:55Z</time><sat>41</sat></trkpt>
  <trkpt lat="39.80151067" lon="109.97252753"><ele>1439.878</ele><time>2026-08-14T14:06:58Z</time><sat>40</sat></trkpt>
  <trkpt lat="39.80175483" lon="109.97251914"><ele>1440.015</ele><time>2026-08-14T14:07:01Z</time><sat>40</sat></trkpt>
  <trkpt lat="39.80189380" lon="109.97236305"><ele>1439.969</ele><time>2026-08-14T14:07:04Z</time><sat>42</sat></trkpt>
  <trkpt lat="39.80191564" lon="109.97211445"><ele>1439.960</ele><time>2026-08-14T14:07:07Z</time><sat>42</sat></trkpt>
  <trkpt lat="39.80191992" lon="109.97179088"><ele>1439.566</ele><time>2026-08-14T14:07:10Z</time><sat>39</sat></trkpt>
  <trkpt lat="39.80191761" lon="109.97143961"><ele>1439.705</ele><time>2026-08-14T14:07:13Z</time><sat>38</sat></trkpt>
  <trkpt lat="39.80191587" lon="109.97107490"><ele>1439.765</ele><time>2026-08-14T14:07:16Z</time><sat>35</sat></trkpt>
  <trkpt lat="39.80192267" lon="109.97076695"><ele>1439.949</ele><time>2026-08-14T14:07:19Z</time><sat>36</sat></trkpt>
  <trkpt lat="39.80193326" lon="109.97058827"><ele>1440.426</ele><time>2026-08-14T14:07:22Z</time><sat>35</sat></trkpt>
  <trkpt lat="39.80198829" lon="109.97054224"><ele>1440.945</ele><time>2026-08-14T14:07:25Z</time><sat>34</sat></trkpt>
  <trkpt lat="39.80205218" lon="109.97060862"><ele>1440.260</ele><time>2026-08-14T14:07:28Z</time><sat>37</sat></trkpt>
  <trkpt lat="39.80205351" lon="109.97078615"><ele>1439.287</ele><time>2026-08-14T14:07:31Z</time><sat>35</sat></trkpt>
  <trkpt lat="39.80206281" lon="109.97101565"><ele>1439.127</ele><time>2026-08-14T14:07:34Z</time><sat>33</sat></trkpt>
  <trkpt lat="39.80206272" lon="109.97126124"><ele>1438.794</ele><time>2026-08-14T14:07:37Z</time><sat>34</sat></trkpt>
  <trkpt lat="39.80206767" lon="109.97149451"><ele>1438.992</ele><time>2026-08-14T14:07:40Z</time><sat>30</sat></trkpt>
  <trkpt lat="39.80207988" lon="109.97170115"><ele>1438.429</ele><time>2026-08-14T14:07:43Z</time><sat>31</sat></trkpt>
  <trkpt lat="39.80214209" lon="109.97183543"><ele>1437.528</ele><time>2026-08-14T14:07:46Z</time><sat>32</sat></trkpt>
  <trkpt lat="39.80223752" lon="109.97191492"><ele>1437.254</ele><time>2026-08-14T14:07:49Z</time><sat>34</sat></trkpt>
  <trkpt lat="39.80234197" lon="109.97198681"><ele>1436.616</ele><time>2026-08-14T14:07:52Z</time><sat>34</sat></trkpt>
  <trkpt lat="39.80238018" lon="109.97197953"><ele>1436.904</ele><time>2026-08-14T14:07:55Z</time><sat>35</sat></trkpt>
  <trkpt lat="39.80244255" lon="109.97197484"><ele>1438.311</ele><time>2026-08-14T14:07:58Z</time><sat>36</sat></trkpt>
  <trkpt lat="39.80261970" lon="109.97195649"><ele>1439.033</ele><time>2026-08-14T14:08:01Z</time><sat>35</sat></trkpt>
  <trkpt lat="39.80283719" lon="109.97196703"><ele>1439.510</ele><time>2026-08-14T14:08:04Z</time><sat>35</sat></trkpt>
  <trkpt lat="39.80305003" lon="109.97196984"><ele>1439.602</ele><time>2026-08-14T14:08:07Z</time><sat>39</sat></trkpt>
  <trkpt lat="39.80326374" lon="109.97196293"><ele>1440.197</ele><time>2026-08-14T14:08:10Z</time><sat>37</sat></trkpt>
  <trkpt lat="39.80348010" lon="109.97195792"><ele>1440.382</ele><time>2026-08-14T14:08:13Z</time><sat>37</sat></trkpt>
  <trkpt lat="39.80370261" lon="109.97195757"><ele>1440.752</ele><time>2026-08-14T14:08:16Z</time><sat>38</sat></trkpt>
  <trkpt lat="39.80391826" lon="109.97195959"><ele>1441.191</ele><time>2026-08-14T14:08:19Z</time><sat>41</sat></trkpt>
  <trkpt lat="39.80411035" lon="109.97196417"><ele>1441.760</ele><time>2026-08-14T14:08:22Z</time><sat>41</sat></trkpt>
  <trkpt lat="39.80430512" lon="109.97196257"><ele>1442.015</ele><time>2026-08-14T14:08:25Z</time><sat>43</sat></trkpt>
  <trkpt lat="39.80442567" lon="109.97195081"><ele>1442.234</ele><time>2026-08-14T14:08:28Z</time><sat>43</sat></trkpt>
  <trkpt lat="39.80448971" lon="109.97186689"><ele>1442.365</ele><time>2026-08-14T14:08:31Z</time><sat>38</sat></trkpt>
  <trkpt lat="39.80449984" lon="109.97171487"><ele>1441.739</ele><time>2026-08-14T14:08:34Z</time><sat>40</sat></trkpt>
  <trkpt lat="39.80450721" lon="109.97151854"><ele>1442.640</ele><time>2026-08-14T14:08:37Z</time><sat>43</sat></trkpt>
  <trkpt lat="39.80451201" lon="109.97133429"><ele>1443.870</ele><time>2026-08-14T14:08:40Z</time><sat>43</sat></trkpt>
  <trkpt lat="39.80453305" lon="109.97119900"><ele>1444.248</ele><time>2026-08-14T14:08:43Z</time><sat>45</sat></trkpt>
  <trkpt lat="39.80453307" lon="109.97113467"><ele>1443.720</ele><time>2026-08-14T14:08:46Z</time><sat>44</sat></trkpt>
  <trkpt lat="39.80453408" lon="109.97113461"><ele>1443.338</ele><time>2026-08-14T14:08:49Z</time><sat>41</sat></trkpt>
  <trkpt lat="39.80453731" lon="109.97113555"><ele>1443.718</ele><time>2026-08-14T14:08:52Z</time><sat>36</sat></trkpt>
  <trkpt lat="39.80454324" lon="109.97114295"><ele>1442.455</ele><time>2026-08-14T14:08:55Z</time><sat>35</sat></trkpt>
  <trkpt lat="39.80454668" lon="109.97114261"><ele>1441.822</ele><time>2026-08-14T14:08:58Z</time><sat>38</sat></trkpt>
  <trkpt lat="39.80454396" lon="109.97114341"><ele>1441.614</ele><time>2026-08-14T14:09:01Z</time><sat>42</sat></trkpt>
  <trkpt lat="39.80455133" lon="109.97115454"><ele>1441.684</ele><time>2026-08-14T14:09:04Z</time><sat>44</sat></trkpt>
  <trkpt lat="39.80455523" lon="109.97115827"><ele>1443.398</ele><time>2026-08-14T14:09:07Z</time><sat>45</sat></trkpt>
  <trkpt lat="39.80455067" lon="109.97115744"><ele>1442.966</ele><time>2026-08-14T14:09:10Z</time><sat>43</sat></trkpt>
  <trkpt lat="39.80454462" lon="109.97118221"><ele>1442.199</ele><time>2026-08-14T14:09:13Z</time><sat>41</sat></trkpt>
  <trkpt lat="39.80451857" lon="109.97119313"><ele>1442.902</ele><time>2026-08-14T14:09:16Z</time><sat>43</sat></trkpt>
  <trkpt lat="39.80449827" lon="109.97119017"><ele>1442.585</ele><time>2026-08-14T14:09:19Z</time><sat>43</sat></trkpt>
  <trkpt lat="39.80448305" lon="109.97115892"><ele>1443.224</ele><time>2026-08-14T14:09:22Z</time><sat>41</sat></trkpt>
  <trkpt lat="39.80447004" lon="109.97112166"><ele>1442.489</ele><time>2026-08-14T14:09:25Z</time><sat>41</sat></trkpt>
  <trkpt lat="39.80445243" lon="109.97109756"><ele>1443.607</ele><time>2026-08-14T14:09:28Z</time><sat>41</sat></trkpt>
  <trkpt lat="39.80444367" lon="109.97106919"><ele>1443.858</ele><time>2026-08-14T14:09:31Z</time><sat>40</sat></trkpt>
  <trkpt lat="39.80441847" lon="109.97105993"><ele>1444.057</ele><time>2026-08-14T14:09:34Z</time><sat>42</sat></trkpt>
  <trkpt lat="39.80438950" lon="109.97105915"><ele>1443.967</ele><time>2026-08-14T14:09:37Z</time><sat>43</sat></trkpt>
  <trkpt lat="39.80436234" lon="109.97105300"><ele>1443.594</ele><time>2026-08-14T14:09:40Z</time><sat>43</sat></trkpt>
  <trkpt lat="39.80433655" lon="109.97103421"><ele>1443.253</ele><time>2026-08-14T14:09:43Z</time><sat>42</sat></trkpt>
  <trkpt lat="39.80430966" lon="109.97101653"><ele>1443.172</ele><time>2026-08-14T14:09:46Z</time><sat>41</sat></trkpt>
  <trkpt lat="39.80428436" lon="109.97098762"><ele>1443.313</ele><time>2026-08-14T14:09:49Z</time><sat>39</sat></trkpt>
  <trkpt lat="39.80426168" lon="109.97095908"><ele>1443.205</ele><time>2026-08-14T14:09:52Z</time><sat>38</sat></trkpt>
  <trkpt lat="39.80424583" lon="109.97093042"><ele>1442.571</ele><time>2026-08-14T14:09:55Z</time><sat>40</sat></trkpt>
  <trkpt lat="39.80422391" lon="109.97090917"><ele>1442.196</ele><time>2026-08-14T14:09:58Z</time><sat>40</sat></trkpt>
  <trkpt lat="39.80420350" lon="109.97087677"><ele>1442.588</ele><time>2026-08-14T14:10:01Z</time><sat>41</sat></trkpt>
  <trkpt lat="39.80417744" lon="109.97085786"><ele>1441.387</ele><time>2026-08-14T14:10:04Z</time><sat>40</sat></trkpt>
  <trkpt lat="39.80415804" lon="109.97082503"><ele>1441.126</ele><time>2026-08-14T14:10:07Z</time><sat>39</sat></trkpt>
  <trkpt lat="39.80414060" lon="109.97078562"><ele>1441.128</ele><time>2026-08-14T14:10:10Z</time><sat>38</sat></trkpt>
  <trkpt lat="39.80412949" lon="109.97075602"><ele>1440.359</ele><time>2026-08-14T14:10:13Z</time><sat>39</sat></trkpt>
  <trkpt lat="39.80411451" lon="109.97072895"><ele>1440.578</ele><time>2026-08-14T14:10:16Z</time><sat>41</sat></trkpt>
  <trkpt lat="39.80410118" lon="109.97069914"><ele>1440.935</ele><time>2026-08-14T14:10:19Z</time><sat>38</sat></trkpt>
  <trkpt lat="39.80408747" lon="109.97067120"><ele>1441.639</ele><time>2026-08-14T14:10:22Z</time><sat>33</sat></trkpt>
  <trkpt lat="39.80406619" lon="109.97064103"><ele>1442.714</ele><time>2026-08-14T14:10:25Z</time><sat>32</sat></trkpt>
  <trkpt lat="39.80403455" lon="109.97061440"><ele>1442.798</ele><time>2026-08-14T14:10:28Z</time><sat>35</sat></trkpt>
  <trkpt lat="39.80400579" lon="109.97058413"><ele>1443.760</ele><time>2026-08-14T14:10:31Z</time><sat>34</sat></trkpt>
  <trkpt lat="39.80398785" lon="109.97056977"><ele>1444.631</ele><time>2026-08-14T14:10:34Z</time><sat>34</sat></trkpt>
  <trkpt lat="39.80396518" lon="109.97055598"><ele>1444.770</ele><time>2026-08-14T14:10:37Z</time><sat>34</sat></trkpt>
  <trkpt lat="39.80393877" lon="109.97055132"><ele>1444.733</ele><time>2026-08-14T14:10:40Z</time><sat>33</sat></trkpt>
  <trkpt lat="39.80391410" lon="109.97053450"><ele>1444.322</ele><time>2026-08-14T14:10:44Z</time><sat>34</sat></trkpt>
  <trkpt lat="39.80388972" lon="109.97050667"><ele>1445.088</ele><time>2026-08-14T14:10:47Z</time><sat>34</sat></trkpt>
  <trkpt lat="39.80386935" lon="109.97048110"><ele>1443.888</ele><time>2026-08-14T14:10:50Z</time><sat>33</sat></trkpt>
  <trkpt lat="39.80383601" lon="109.97044322"><ele>1442.330</ele><time>2026-08-14T14:10:55Z</time><sat>33</sat></trkpt>
  <trkpt lat="39.80382725" lon="109.97041301"><ele>1440.784</ele><time>2026-08-14T14:10:58Z</time><sat>33</sat></trkpt>
  <trkpt lat="39.80381229" lon="109.97038334"><ele>1440.719</ele><time>2026-08-14T14:11:01Z</time><sat>35</sat></trkpt>
  <trkpt lat="39.80379242" lon="109.97035741"><ele>1440.245</ele><time>2026-08-14T14:11:04Z</time><sat>37</sat></trkpt>
  <trkpt lat="39.80377677" lon="109.97033105"><ele>1439.482</ele><time>2026-08-14T14:11:07Z</time><sat>37</sat></trkpt>
  <trkpt lat="39.80375930" lon="109.97030031"><ele>1439.919</ele><time>2026-08-14T14:11:10Z</time><sat>37</sat></trkpt>
  <trkpt lat="39.80375782" lon="109.97026314"><ele>1440.519</ele><time>2026-08-14T14:11:13Z</time><sat>36</sat></trkpt>
  <trkpt lat="39.80376245" lon="109.97023180"><ele>1440.985</ele><time>2026-08-14T14:11:16Z</time><sat>36</sat></trkpt>
  <trkpt lat="39.80376836" lon="109.97021070"><ele>1442.145</ele><time>2026-08-14T14:11:19Z</time><sat>36</sat></trkpt>
  <trkpt lat="39.80374344" lon="109.97022712"><ele>1441.889</ele><time>2026-08-14T14:11:22Z</time><sat>34</sat></trkpt>
  <trkpt lat="39.80374452" lon="109.97020866"><ele>1441.754</ele><time>2026-08-14T14:11:25Z</time><sat>36</sat></trkpt>
  <trkpt lat="39.80374927" lon="109.97017703"><ele>1441.865</ele><time>2026-08-14T14:11:28Z</time><sat>37</sat></trkpt>
  <trkpt lat="39.80375216" lon="109.97015026"><ele>1441.909</ele><time>2026-08-14T14:11:31Z</time><sat>35</sat></trkpt>
  <trkpt lat="39.80375251" lon="109.97014832"><ele>1441.910</ele><time>2026-08-14T14:11:34Z</time><sat>14</sat></trkpt>
  <trkpt lat="39.80377340" lon="109.97014803"><ele>1441.911</ele><time>2026-08-14T14:11:37Z</time></trkpt>
  <trkpt lat="39.80378761" lon="109.97014363"><ele>1442.147</ele><time>2026-08-14T14:11:40Z</time></trkpt>
  <trkpt lat="39.80379118" lon="109.97013926"><ele>1442.148</ele><time>2026-08-14T14:11:43Z</time><sat>3</sat></trkpt>
  <trkpt lat="39.80379124" lon="109.97013919"><ele>1442.148</ele><time>2026-08-14T14:11:46Z</time><sat>3</sat></trkpt>
  <trkpt lat="39.80379124" lon="109.97013919"><ele>1442.148</ele><time>2026-08-14T14:11:49Z</time></trkpt>
  <trkpt lat="39.80379124" lon="109.97013919"><ele>1442.148</ele><time>2026-08-14T14:11:52Z</time></trkpt>
  <trkpt lat="39.80379124" lon="109.97013919"><ele>1442.148</ele><time>2026-08-14T14:11:55Z</time></trkpt>
  <trkpt lat="39.80379124" lon="109.97013919"><ele>1442.148</ele><time>2026-08-14T14:11:58Z</time></trkpt>
  <trkpt lat="39.80379124" lon="109.97013919"><ele>1442.148</ele><time>2026-08-14T14:12:01Z</time></trkpt>
  <trkpt lat="39.80379124" lon="109.97013919"><ele>1442.148</ele><time>2026-08-14T14:12:04Z</time></trkpt>
  <trkpt lat="39.80379124" lon="109.97013919"><ele>1442.148</ele><time>2026-08-14T14:12:07Z</time></trkpt>
  <trkpt lat="39.80379124" lon="109.97013919"><ele>1442.148</ele><time>2026-08-14T14:12:10Z</time></trkpt>
  <trkpt lat="39.80379124" lon="109.97013919"><ele>1442.148</ele><time>2026-08-14T14:12:13Z</time></trkpt>
  <trkpt lat="39.80379124" lon="109.97013919"><ele>1442.148</ele><time>2026-08-14T14:12:16Z</time></trkpt>
  <trkpt lat="39.80379124" lon="109.97013919"><ele>1442.148</ele><time>2026-08-14T14:12:19Z</time></trkpt>
  <trkpt lat="39.80376911" lon="109.97012535"><ele>1442.148</ele><time>2026-08-14T14:12:22Z</time></trkpt>
  <trkpt lat="39.80324711" lon="109.97080951"><ele>1441.244</ele><time>2026-08-14T14:12:25Z</time></trkpt>
  <trkpt lat="39.80356496" lon="109.97013693"><ele>1448.555</ele><time>2026-08-14T14:12:28Z</time><sat>3</sat></trkpt>
  <trkpt lat="39.80358798" lon="109.97012001"><ele>1443.284</ele><time>2026-08-14T14:12:31Z</time><sat>10</sat></trkpt>
  <trkpt lat="39.80360180" lon="109.97015955"><ele>1459.225</ele><time>2026-08-14T14:12:34Z</time><sat>16</sat></trkpt>
  <trkpt lat="39.80362027" lon="109.97016440"><ele>1459.114</ele><time>2026-08-14T14:12:37Z</time><sat>16</sat></trkpt>
  <trkpt lat="39.80361628" lon="109.97018032"><ele>1468.055</ele><time>2026-08-14T14:12:40Z</time><sat>17</sat></trkpt>
  <trkpt lat="39.80359490" lon="109.97018581"><ele>1468.146</ele><time>2026-08-14T14:12:43Z</time><sat>20</sat></trkpt>
  <trkpt lat="39.80359197" lon="109.97018706"><ele>1467.531</ele><time>2026-08-14T14:12:46Z</time><sat>20</sat></trkpt>
  <trkpt lat="39.80359146" lon="109.97021461"><ele>1467.528</ele><time>2026-08-14T14:12:49Z</time><sat>16</sat></trkpt>
  <trkpt lat="39.80357573" lon="109.97021492"><ele>1467.029</ele><time>2026-08-14T14:12:52Z</time><sat>11</sat></trkpt>
  <trkpt lat="39.80362339" lon="109.97019878"><ele>1466.516</ele><time>2026-08-14T14:12:55Z</time><sat>13</sat></trkpt>
  <trkpt lat="39.80367389" lon="109.97020414"><ele>1466.465</ele><time>2026-08-14T14:12:58Z</time><sat>15</sat></trkpt>
  <trkpt lat="39.80371024" lon="109.97018938"><ele>1466.735</ele><time>2026-08-14T14:13:01Z</time><sat>13</sat></trkpt>
  <trkpt lat="39.80377054" lon="109.97012159"><ele>1459.855</ele><time>2026-08-14T14:13:04Z</time><sat>21</sat></trkpt>
  <trkpt lat="39.80379814" lon="109.97008330"><ele>1463.861</ele><time>2026-08-14T14:13:07Z</time><sat>21</sat></trkpt>
  <trkpt lat="39.80380646" lon="109.97008166"><ele>1471.240</ele><time>2026-08-14T14:13:10Z</time><sat>22</sat></trkpt>
  <trkpt lat="39.80380899" lon="109.97008366"><ele>1473.135</ele><time>2026-08-14T14:13:13Z</time><sat>20</sat></trkpt>
  <trkpt lat="39.80380974" lon="109.97008362"><ele>1473.183</ele><time>2026-08-14T14:13:16Z</time><sat>17</sat></trkpt>
  <trkpt lat="39.80381077" lon="109.97008346"><ele>1473.222</ele><time>2026-08-14T14:13:19Z</time><sat>17</sat></trkpt>
  <trkpt lat="39.80381193" lon="109.97008329"><ele>1473.255</ele><time>2026-08-14T14:13:22Z</time><sat>18</sat></trkpt>
  <trkpt lat="39.80381274" lon="109.97008299"><ele>1473.301</ele><time>2026-08-14T14:13:25Z</time><sat>17</sat></trkpt>
  <trkpt lat="39.80381348" lon="109.97008290"><ele>1473.367</ele><time>2026-08-14T14:13:28Z</time><sat>16</sat></trkpt>
  <trkpt lat="39.80381413" lon="109.97008269"><ele>1473.418</ele><time>2026-08-14T14:13:31Z</time><sat>18</sat></trkpt>
  <trkpt lat="39.80381490" lon="109.97008257"><ele>1473.497</ele><time>2026-08-14T14:13:34Z</time><sat>18</sat></trkpt>
  <trkpt lat="39.80381552" lon="109.97008253"><ele>1473.575</ele><time>2026-08-14T14:13:37Z</time><sat>12</sat></trkpt>
  <trkpt lat="39.80381605" lon="109.97008260"><ele>1473.632</ele><time>2026-08-14T14:13:40Z</time><sat>14</sat></trkpt>
  <trkpt lat="39.80381656" lon="109.97008284"><ele>1473.688</ele><time>2026-08-14T14:13:43Z</time><sat>17</sat></trkpt>
  <trkpt lat="39.80381731" lon="109.97008306"><ele>1473.746</ele><time>2026-08-14T14:13:46Z</time><sat>17</sat></trkpt>
  <trkpt lat="39.80381843" lon="109.97008322"><ele>1473.793</ele><time>2026-08-14T14:13:49Z</time><sat>17</sat></trkpt>
  <trkpt lat="39.80381911" lon="109.97008339"><ele>1473.871</ele><time>2026-08-14T14:13:52Z</time><sat>19</sat></trkpt>
  <trkpt lat="39.80381977" lon="109.97008348"><ele>1473.924</ele><time>2026-08-14T14:13:55Z</time><sat>18</sat></trkpt>
  <trkpt lat="39.80382074" lon="109.97008353"><ele>1473.978</ele><time>2026-08-14T14:13:58Z</time><sat>15</sat></trkpt>
  <trkpt lat="39.80382171" lon="109.97008352"><ele>1474.030</ele><time>2026-08-14T14:14:01Z</time><sat>16</sat></trkpt>
  <trkpt lat="39.80382291" lon="109.97008346"><ele>1474.060</ele><time>2026-08-14T14:14:04Z</time><sat>19</sat></trkpt>
  <trkpt lat="39.80382404" lon="109.97008331"><ele>1474.106</ele><time>2026-08-14T14:14:07Z</time><sat>19</sat></trkpt>
  <trkpt lat="39.80382517" lon="109.97008330"><ele>1474.154</ele><time>2026-08-14T14:14:10Z</time><sat>17</sat></trkpt>
  <trkpt lat="39.80382614" lon="109.97008332"><ele>1474.193</ele><time>2026-08-14T14:14:13Z</time><sat>20</sat></trkpt>
  <trkpt lat="39.80382685" lon="109.97008334"><ele>1474.233</ele><time>2026-08-14T14:14:16Z</time><sat>21</sat></trkpt>
  <trkpt lat="39.80382759" lon="109.97008339"><ele>1474.265</ele><time>2026-08-14T14:14:19Z</time><sat>18</sat></trkpt>
  <trkpt lat="39.80382862" lon="109.97008350"><ele>1474.296</ele><time>2026-08-14T14:14:22Z</time><sat>17</sat></trkpt>
  <trkpt lat="39.80382937" lon="109.97008348"><ele>1474.334</ele><time>2026-08-14T14:14:25Z</time><sat>20</sat></trkpt>
  <trkpt lat="39.80383030" lon="109.97008341"><ele>1474.394</ele><time>2026-08-14T14:14:28Z</time><sat>20</sat></trkpt>
  <trkpt lat="39.80383124" lon="109.97008327"><ele>1474.454</ele><time>2026-08-14T14:14:31Z</time><sat>18</sat></trkpt>
  <trkpt lat="39.80383235" lon="109.97008298"><ele>1474.551</ele><time>2026-08-14T14:14:34Z</time><sat>17</sat></trkpt>
  <trkpt lat="39.80383327" lon="109.97008280"><ele>1474.652</ele><time>2026-08-14T14:14:37Z</time><sat>21</sat></trkpt>
  <trkpt lat="39.80383406" lon="109.97008268"><ele>1474.717</ele><time>2026-08-14T14:14:40Z</time><sat>20</sat></trkpt>
  <trkpt lat="39.80383443" lon="109.97008261"><ele>1474.769</ele><time>2026-08-14T14:14:43Z</time><sat>20</sat></trkpt>
  <trkpt lat="39.80383480" lon="109.97008243"><ele>1474.810</ele><time>2026-08-14T14:14:46Z</time><sat>21</sat></trkpt>
  <trkpt lat="39.80383519" lon="109.97008240"><ele>1474.849</ele><time>2026-08-14T14:14:49Z</time><sat>20</sat></trkpt>
  <trkpt lat="39.80383547" lon="109.97008231"><ele>1474.884</ele><time>2026-08-14T14:14:52Z</time><sat>19</sat></trkpt>
  <trkpt lat="39.80383566" lon="109.97008218"><ele>1474.946</ele><time>2026-08-14T14:14:55Z</time><sat>18</sat></trkpt>
  <trkpt lat="39.80383615" lon="109.97008203"><ele>1475.000</ele><time>2026-08-14T14:14:58Z</time><sat>19</sat></trkpt>
  <trkpt lat="39.80383649" lon="109.97008168"><ele>1475.038</ele><time>2026-08-14T14:15:01Z</time><sat>20</sat></trkpt>
  <trkpt lat="39.80383696" lon="109.97008147"><ele>1475.057</ele><time>2026-08-14T14:15:04Z</time><sat>19</sat></trkpt>
  <trkpt lat="39.80383739" lon="109.97008128"><ele>1475.084</ele><time>2026-08-14T14:15:07Z</time><sat>17</sat></trkpt>
  <trkpt lat="39.80383783" lon="109.97008106"><ele>1475.111</ele><time>2026-08-14T14:15:10Z</time><sat>18</sat></trkpt>
  <trkpt lat="39.80383857" lon="109.97008095"><ele>1475.132</ele><time>2026-08-14T14:15:13Z</time><sat>20</sat></trkpt>
  <trkpt lat="39.80383937" lon="109.97008072"><ele>1475.158</ele><time>2026-08-14T14:15:16Z</time><sat>21</sat></trkpt>
  <trkpt lat="39.80383991" lon="109.97008082"><ele>1475.163</ele><time>2026-08-14T14:15:19Z</time><sat>20</sat></trkpt>
  <trkpt lat="39.80384050" lon="109.97008090"><ele>1475.164</ele><time>2026-08-14T14:15:22Z</time><sat>19</sat></trkpt>
  <trkpt lat="39.80384054" lon="109.97008084"><ele>1475.191</ele><time>2026-08-14T14:15:25Z</time><sat>19</sat></trkpt>
  <trkpt lat="39.80384061" lon="109.97008076"><ele>1475.214</ele><time>2026-08-14T14:15:28Z</time><sat>20</sat></trkpt>
  <trkpt lat="39.80384059" lon="109.97008069"><ele>1475.243</ele><time>2026-08-14T14:15:31Z</time><sat>20</sat></trkpt>
  <trkpt lat="39.80384085" lon="109.97008056"><ele>1475.278</ele><time>2026-08-14T14:15:34Z</time><sat>20</sat></trkpt>
  <trkpt lat="39.80384109" lon="109.97008035"><ele>1475.329</ele><time>2026-08-14T14:15:37Z</time><sat>19</sat></trkpt>
  <trkpt lat="39.80384107" lon="109.97008014"><ele>1475.381</ele><time>2026-08-14T14:15:40Z</time><sat>18</sat></trkpt>
  <trkpt lat="39.80384106" lon="109.97008001"><ele>1475.423</ele><time>2026-08-14T14:15:43Z</time><sat>19</sat></trkpt>
  <trkpt lat="39.80384100" lon="109.97007994"><ele>1475.436</ele><time>2026-08-14T14:15:46Z</time><sat>18</sat></trkpt>
  <trkpt lat="39.80384101" lon="109.97007995"><ele>1475.441</ele><time>2026-08-14T14:15:49Z</time><sat>17</sat></trkpt>
  <trkpt lat="39.80384120" lon="109.97007994"><ele>1475.446</ele><time>2026-08-14T14:15:52Z</time><sat>19</sat></trkpt>
  <trkpt lat="39.80384151" lon="109.97007999"><ele>1475.452</ele><time>2026-08-14T14:15:55Z</time><sat>20</sat></trkpt>
  <trkpt lat="39.80384182" lon="109.97008001"><ele>1475.463</ele><time>2026-08-14T14:15:58Z</time><sat>17</sat></trkpt>
  <trkpt lat="39.80384901" lon="109.97007799"><ele>1475.729</ele><time>2026-08-14T14:16:01Z</time><sat>20</sat></trkpt>
  <trkpt lat="39.80385925" lon="109.97006956"><ele>1476.479</ele><time>2026-08-14T14:16:04Z</time><sat>20</sat></trkpt>
  <trkpt lat="39.80385946" lon="109.97006929"><ele>1476.540</ele><time>2026-08-14T14:16:07Z</time><sat>17</sat></trkpt>
  <trkpt lat="39.80385970" lon="109.97006936"><ele>1476.607</ele><time>2026-08-14T14:16:10Z</time><sat>16</sat></trkpt>
  <trkpt lat="39.80386002" lon="109.97006945"><ele>1476.650</ele><time>2026-08-14T14:16:13Z</time><sat>17</sat></trkpt>
  <trkpt lat="39.80386020" lon="109.97006951"><ele>1476.702</ele><time>2026-08-14T14:16:16Z</time><sat>17</sat></trkpt>
  <trkpt lat="39.80386045" lon="109.97006964"><ele>1476.753</ele><time>2026-08-14T14:16:19Z</time><sat>14</sat></trkpt>
  <trkpt lat="39.80386071" lon="109.97006971"><ele>1476.794</ele><time>2026-08-14T14:16:22Z</time><sat>15</sat></trkpt>
  <trkpt lat="39.80386083" lon="109.97006973"><ele>1476.810</ele><time>2026-08-14T14:16:25Z</time><sat>18</sat></trkpt>
  <trkpt lat="39.80386095" lon="109.97006983"><ele>1476.829</ele><time>2026-08-14T14:16:28Z</time><sat>17</sat></trkpt>
  <trkpt lat="39.80386092" lon="109.97006990"><ele>1476.850</ele><time>2026-08-14T14:16:31Z</time><sat>17</sat></trkpt>
  <trkpt lat="39.80386104" lon="109.97006999"><ele>1476.854</ele><time>2026-08-14T14:16:34Z</time><sat>17</sat></trkpt>
  <trkpt lat="39.80386119" lon="109.97007007"><ele>1476.860</ele><time>2026-08-14T14:16:37Z</time><sat>16</sat></trkpt>
  <trkpt lat="39.80386137" lon="109.97007003"><ele>1476.869</ele><time>2026-08-14T14:16:40Z</time><sat>15</sat></trkpt>
  <trkpt lat="39.80386536" lon="109.97007122"><ele>1476.982</ele><time>2026-08-14T14:16:43Z</time><sat>16</sat></trkpt>
  <trkpt lat="39.80386701" lon="109.97007181"><ele>1476.997</ele><time>2026-08-14T14:16:46Z</time><sat>15</sat></trkpt>
  <trkpt lat="39.80386740" lon="109.97007177"><ele>1477.014</ele><time>2026-08-14T14:16:49Z</time><sat>14</sat></trkpt>
  <trkpt lat="39.80386773" lon="109.97007171"><ele>1477.036</ele><time>2026-08-14T14:16:52Z</time><sat>14</sat></trkpt>
  <trkpt lat="39.80386800" lon="109.97007179"><ele>1477.062</ele><time>2026-08-14T14:16:55Z</time><sat>17</sat></trkpt>
  <trkpt lat="39.80386985" lon="109.97007147"><ele>1477.504</ele><time>2026-08-14T14:16:58Z</time><sat>17</sat></trkpt>
  <trkpt lat="39.80387032" lon="109.97007273"><ele>1477.537</ele><time>2026-08-14T14:17:01Z</time><sat>16</sat></trkpt>
  <trkpt lat="39.80387056" lon="109.97007270"><ele>1477.564</ele><time>2026-08-14T14:17:04Z</time><sat>14</sat></trkpt>
  <trkpt lat="39.80387078" lon="109.97007265"><ele>1477.580</ele><time>2026-08-14T14:17:07Z</time><sat>20</sat></trkpt>
  <trkpt lat="39.80387106" lon="109.97007266"><ele>1477.601</ele><time>2026-08-14T14:17:10Z</time><sat>19</sat></trkpt>
  <trkpt lat="39.80387145" lon="109.97007259"><ele>1477.630</ele><time>2026-08-14T14:17:13Z</time><sat>16</sat></trkpt>
  <trkpt lat="39.80387182" lon="109.97007253"><ele>1477.671</ele><time>2026-08-14T14:17:16Z</time><sat>16</sat></trkpt>
  <trkpt lat="39.80387207" lon="109.97007248"><ele>1477.703</ele><time>2026-08-14T14:17:19Z</time><sat>18</sat></trkpt>
  <trkpt lat="39.80387236" lon="109.97007249"><ele>1477.756</ele><time>2026-08-14T14:17:22Z</time><sat>18</sat></trkpt>
  <trkpt lat="39.80387343" lon="109.97007238"><ele>1477.815</ele><time>2026-08-14T14:17:25Z</time><sat>18</sat></trkpt>
  <trkpt lat="39.80387477" lon="109.97007225"><ele>1477.881</ele><time>2026-08-14T14:17:28Z</time><sat>20</sat></trkpt>
  <trkpt lat="39.80387540" lon="109.97007223"><ele>1477.901</ele><time>2026-08-14T14:17:31Z</time><sat>20</sat></trkpt>
  <trkpt lat="39.80388383" lon="109.97007333"><ele>1479.122</ele><time>2026-08-14T14:17:34Z</time><sat>19</sat></trkpt>
  <trkpt lat="39.80389964" lon="109.97007803"><ele>1480.337</ele><time>2026-08-14T14:17:37Z</time><sat>21</sat></trkpt>
  <trkpt lat="39.80389953" lon="109.97007892"><ele>1480.356</ele><time>2026-08-14T14:17:40Z</time><sat>21</sat></trkpt>
  <trkpt lat="39.80390092" lon="109.97007939"><ele>1480.166</ele><time>2026-08-14T14:17:43Z</time><sat>13</sat></trkpt>
  <trkpt lat="39.80390637" lon="109.97007624"><ele>1480.335</ele><time>2026-08-14T14:17:46Z</time><sat>12</sat></trkpt>
  <trkpt lat="39.80391761" lon="109.97007421"><ele>1480.739</ele><time>2026-08-14T14:17:49Z</time><sat>11</sat></trkpt>
  <trkpt lat="39.80392189" lon="109.97007403"><ele>1481.400</ele><time>2026-08-14T14:17:52Z</time><sat>14</sat></trkpt>
  <trkpt lat="39.80392004" lon="109.97006882"><ele>1481.476</ele><time>2026-08-14T14:17:55Z</time><sat>15</sat></trkpt>
  <trkpt lat="39.80392284" lon="109.97006786"><ele>1481.645</ele><time>2026-08-14T14:17:58Z</time><sat>19</sat></trkpt>
  <trkpt lat="39.80393284" lon="109.97006132"><ele>1481.840</ele><time>2026-08-14T14:18:01Z</time><sat>16</sat></trkpt>
  <trkpt lat="39.80393442" lon="109.97006037"><ele>1481.848</ele><time>2026-08-14T14:18:04Z</time><sat>16</sat></trkpt>
  <trkpt lat="39.80394085" lon="109.97005831"><ele>1481.468</ele><time>2026-08-14T14:18:07Z</time><sat>15</sat></trkpt>
  <trkpt lat="39.80394157" lon="109.97005792"><ele>1481.491</ele><time>2026-08-14T14:18:10Z</time><sat>15</sat></trkpt>
  <trkpt lat="39.80394162" lon="109.97005793"><ele>1481.501</ele><time>2026-08-14T14:18:13Z</time><sat>17</sat></trkpt>
  <trkpt lat="39.80394170" lon="109.97005803"><ele>1481.527</ele><time>2026-08-14T14:18:16Z</time><sat>17</sat></trkpt>
  <trkpt lat="39.80394316" lon="109.97006297"><ele>1482.150</ele><time>2026-08-14T14:18:19Z</time><sat>15</sat></trkpt>
  <trkpt lat="39.80394984" lon="109.97006075"><ele>1480.991</ele><time>2026-08-14T14:18:22Z</time><sat>16</sat></trkpt>
  <trkpt lat="39.80394147" lon="109.97006887"><ele>1480.805</ele><time>2026-08-14T14:18:25Z</time><sat>19</sat></trkpt>
  <trkpt lat="39.80394137" lon="109.97006916"><ele>1480.806</ele><time>2026-08-14T14:18:28Z</time><sat>18</sat></trkpt>
  <trkpt lat="39.80394137" lon="109.97006930"><ele>1480.802</ele><time>2026-08-14T14:18:31Z</time><sat>12</sat></trkpt>
  <trkpt lat="39.80394098" lon="109.97006929"><ele>1480.819</ele><time>2026-08-14T14:18:34Z</time><sat>13</sat></trkpt>
  <trkpt lat="39.80394043" lon="109.97006907"><ele>1480.861</ele><time>2026-08-14T14:18:37Z</time><sat>17</sat></trkpt>
  <trkpt lat="39.80394035" lon="109.97006497"><ele>1480.877</ele><time>2026-08-14T14:18:40Z</time><sat>14</sat></trkpt>
  <trkpt lat="39.80396230" lon="109.97005113"><ele>1481.231</ele><time>2026-08-14T14:18:43Z</time><sat>13</sat></trkpt>
  <trkpt lat="39.80396164" lon="109.97007245"><ele>1481.814</ele><time>2026-08-14T14:18:46Z</time><sat>18</sat></trkpt>
  <trkpt lat="39.80396232" lon="109.97007608"><ele>1481.827</ele><time>2026-08-14T14:18:49Z</time><sat>16</sat></trkpt>
  <trkpt lat="39.80396259" lon="109.97007606"><ele>1481.827</ele><time>2026-08-14T14:18:52Z</time><sat>17</sat></trkpt>
  <trkpt lat="39.80396282" lon="109.97007623"><ele>1481.840</ele><time>2026-08-14T14:18:55Z</time><sat>16</sat></trkpt>
  <trkpt lat="39.80396299" lon="109.97007647"><ele>1481.878</ele><time>2026-08-14T14:18:58Z</time><sat>15</sat></trkpt>
  <trkpt lat="39.80396338" lon="109.97007668"><ele>1481.913</ele><time>2026-08-14T14:19:01Z</time><sat>16</sat></trkpt>
  <trkpt lat="39.80396137" lon="109.97007295"><ele>1481.862</ele><time>2026-08-14T14:19:04Z</time><sat>15</sat></trkpt>
  <trkpt lat="39.80397785" lon="109.97007068"><ele>1483.796</ele><time>2026-08-14T14:19:07Z</time><sat>14</sat></trkpt>
  <trkpt lat="39.80399288" lon="109.97006867"><ele>1484.689</ele><time>2026-08-14T14:19:10Z</time><sat>20</sat></trkpt>
  <trkpt lat="39.80399350" lon="109.97006865"><ele>1484.704</ele><time>2026-08-14T14:19:13Z</time><sat>20</sat></trkpt>
  <trkpt lat="39.80399360" lon="109.97006876"><ele>1484.735</ele><time>2026-08-14T14:19:16Z</time><sat>18</sat></trkpt>
  <trkpt lat="39.80399362" lon="109.97006888"><ele>1484.751</ele><time>2026-08-14T14:19:19Z</time><sat>18</sat></trkpt>
  <trkpt lat="39.80399361" lon="109.97006888"><ele>1484.770</ele><time>2026-08-14T14:19:22Z</time><sat>18</sat></trkpt>
  <trkpt lat="39.80399358" lon="109.97006883"><ele>1484.783</ele><time>2026-08-14T14:19:25Z</time><sat>18</sat></trkpt>
  <trkpt lat="39.80399354" lon="109.97006879"><ele>1484.800</ele><time>2026-08-14T14:19:30Z</time><sat>14</sat></trkpt>
  <trkpt lat="39.80399351" lon="109.97006877"><ele>1484.804</ele><time>2026-08-14T14:19:33Z</time><sat>12</sat></trkpt>
  <trkpt lat="39.80399343" lon="109.97006879"><ele>1484.812</ele><time>2026-08-14T14:19:36Z</time><sat>14</sat></trkpt>
  <trkpt lat="39.80399346" lon="109.97006880"><ele>1484.846</ele><time>2026-08-14T14:19:39Z</time><sat>17</sat></trkpt>
  <trkpt lat="39.80399349" lon="109.97006888"><ele>1484.868</ele><time>2026-08-14T14:19:42Z</time><sat>16</sat></trkpt>
  <trkpt lat="39.80399844" lon="109.97007056"><ele>1486.170</ele><time>2026-08-14T14:19:45Z</time><sat>20</sat></trkpt>
  <trkpt lat="39.80400424" lon="109.97006908"><ele>1486.826</ele><time>2026-08-14T14:19:48Z</time><sat>20</sat></trkpt>
  <trkpt lat="39.80403049" lon="109.97005708"><ele>1487.228</ele><time>2026-08-14T14:19:51Z</time><sat>21</sat></trkpt>
  <trkpt lat="39.80403574" lon="109.97005357"><ele>1487.496</ele><time>2026-08-14T14:19:54Z</time><sat>22</sat></trkpt>
  <trkpt lat="39.80403611" lon="109.97005322"><ele>1487.160</ele><time>2026-08-14T14:19:57Z</time><sat>21</sat></trkpt>
  <trkpt lat="39.80403607" lon="109.97005322"><ele>1487.154</ele><time>2026-08-14T14:20:00Z</time><sat>17</sat></trkpt>
  <trkpt lat="39.80403622" lon="109.97005313"><ele>1487.152</ele><time>2026-08-14T14:20:03Z</time><sat>13</sat></trkpt>
  <trkpt lat="39.80403634" lon="109.97005306"><ele>1487.153</ele><time>2026-08-14T14:20:06Z</time><sat>15</sat></trkpt>
  <trkpt lat="39.80403637" lon="109.97005305"><ele>1487.154</ele><time>2026-08-14T14:20:09Z</time><sat>18</sat></trkpt>
  <trkpt lat="39.80403244" lon="109.97005298"><ele>1487.615</ele><time>2026-08-14T14:20:12Z</time><sat>15</sat></trkpt>
  <trkpt lat="39.80402715" lon="109.97004519"><ele>1487.642</ele><time>2026-08-14T14:20:15Z</time><sat>17</sat></trkpt>
  <trkpt lat="39.80403418" lon="109.97003917"><ele>1486.973</ele><time>2026-08-14T14:20:18Z</time><sat>20</sat></trkpt>
  <trkpt lat="39.80404067" lon="109.97003684"><ele>1486.988</ele><time>2026-08-14T14:20:21Z</time><sat>21</sat></trkpt>
  <trkpt lat="39.80405225" lon="109.97004727"><ele>1485.685</ele><time>2026-08-14T14:20:24Z</time><sat>22</sat></trkpt>
  <trkpt lat="39.80405335" lon="109.97004742"><ele>1485.675</ele><time>2026-08-14T14:20:27Z</time><sat>20</sat></trkpt>
  <trkpt lat="39.80405349" lon="109.97004734"><ele>1485.667</ele><time>2026-08-14T14:20:30Z</time><sat>19</sat></trkpt>
  <trkpt lat="39.80405589" lon="109.97004677"><ele>1485.726</ele><time>2026-08-14T14:20:33Z</time><sat>19</sat></trkpt>
  <trkpt lat="39.80406473" lon="109.97004315"><ele>1486.471</ele><time>2026-08-14T14:20:36Z</time><sat>19</sat></trkpt>
  <trkpt lat="39.80406635" lon="109.97004250"><ele>1486.464</ele><time>2026-08-14T14:20:39Z</time><sat>21</sat></trkpt>
  <trkpt lat="39.80406926" lon="109.97004210"><ele>1486.478</ele><time>2026-08-14T14:20:42Z</time><sat>22</sat></trkpt>
  <trkpt lat="39.80407303" lon="109.97004151"><ele>1486.505</ele><time>2026-08-14T14:20:45Z</time><sat>21</sat></trkpt>
  <trkpt lat="39.80407602" lon="109.97004106"><ele>1486.525</ele><time>2026-08-14T14:20:48Z</time><sat>21</sat></trkpt>
  <trkpt lat="39.80407966" lon="109.97004052"><ele>1486.552</ele><time>2026-08-14T14:20:51Z</time><sat>21</sat></trkpt>
  <trkpt lat="39.80408247" lon="109.97004014"><ele>1486.573</ele><time>2026-08-14T14:20:54Z</time><sat>20</sat></trkpt>
  <trkpt lat="39.80408404" lon="109.97004002"><ele>1486.577</ele><time>2026-08-14T14:20:57Z</time><sat>18</sat></trkpt>
  <trkpt lat="39.80408546" lon="109.97004003"><ele>1486.578</ele><time>2026-08-14T14:21:00Z</time><sat>19</sat></trkpt>
  <trkpt lat="39.80408738" lon="109.97003997"><ele>1486.595</ele><time>2026-08-14T14:21:03Z</time><sat>18</sat></trkpt>
  <trkpt lat="39.80409096" lon="109.97003963"><ele>1486.688</ele><time>2026-08-14T14:21:06Z</time><sat>17</sat></trkpt>
  <trkpt lat="39.80409649" lon="109.97003874"><ele>1486.796</ele><time>2026-08-14T14:21:09Z</time><sat>21</sat></trkpt>
  <trkpt lat="39.80410372" lon="109.97003758"><ele>1486.904</ele><time>2026-08-14T14:21:12Z</time><sat>26</sat></trkpt>
  <trkpt lat="39.80410707" lon="109.97003717"><ele>1486.953</ele><time>2026-08-14T14:21:15Z</time><sat>31</sat></trkpt>
  <trkpt lat="39.80411110" lon="109.97003662"><ele>1487.033</ele><time>2026-08-14T14:21:18Z</time><sat>30</sat></trkpt>
  <trkpt lat="39.80411203" lon="109.97003654"><ele>1487.054</ele><time>2026-08-14T14:21:21Z</time><sat>24</sat></trkpt>
  <trkpt lat="39.80411428" lon="109.97003635"><ele>1487.090</ele><time>2026-08-14T14:21:24Z</time><sat>24</sat></trkpt>
  <trkpt lat="39.80411462" lon="109.97003631"><ele>1487.086</ele><time>2026-08-14T14:21:27Z</time><sat>26</sat></trkpt>
  <trkpt lat="39.80411471" lon="109.97003635"><ele>1487.075</ele><time>2026-08-14T14:21:30Z</time><sat>25</sat></trkpt>
  <trkpt lat="39.80411465" lon="109.97003639"><ele>1487.070</ele><time>2026-08-14T14:21:33Z</time><sat>20</sat></trkpt>
  <trkpt lat="39.80411938" lon="109.97003356"><ele>1487.237</ele><time>2026-08-14T14:21:36Z</time><sat>21</sat></trkpt>
  <trkpt lat="39.80411953" lon="109.97003347"><ele>1487.235</ele><time>2026-08-14T14:21:39Z</time><sat>21</sat></trkpt>
  <trkpt lat="39.80411952" lon="109.97003345"><ele>1487.236</ele><time>2026-08-14T14:21:42Z</time><sat>12</sat></trkpt>
  <trkpt lat="39.80412226" lon="109.97004167"><ele>1487.106</ele><time>2026-08-14T14:21:45Z</time><sat>13</sat></trkpt>
  <trkpt lat="39.80412293" lon="109.97004166"><ele>1487.093</ele><time>2026-08-14T14:21:48Z</time><sat>20</sat></trkpt>
  <trkpt lat="39.80412693" lon="109.97003869"><ele>1486.789</ele><time>2026-08-14T14:21:51Z</time><sat>24</sat></trkpt>
  <trkpt lat="39.80413140" lon="109.97003536"><ele>1486.806</ele><time>2026-08-14T14:21:54Z</time><sat>25</sat></trkpt>
  <trkpt lat="39.80413948" lon="109.97003328"><ele>1487.425</ele><time>2026-08-14T14:21:57Z</time><sat>27</sat></trkpt>
  <trkpt lat="39.80413161" lon="109.97003595"><ele>1487.537</ele><time>2026-08-14T14:22:00Z</time><sat>27</sat></trkpt>
  <trkpt lat="39.80413124" lon="109.97003606"><ele>1487.527</ele><time>2026-08-14T14:22:03Z</time><sat>24</sat></trkpt>
  <trkpt lat="39.80413118" lon="109.97003606"><ele>1487.528</ele><time>2026-08-14T14:22:06Z</time><sat>17</sat></trkpt>
  <trkpt lat="39.80413103" lon="109.97003597"><ele>1487.526</ele><time>2026-08-14T14:22:09Z</time><sat>18</sat></trkpt>
  <trkpt lat="39.80413090" lon="109.97003585"><ele>1487.521</ele><time>2026-08-14T14:22:12Z</time><sat>25</sat></trkpt>
  <trkpt lat="39.80413077" lon="109.97003585"><ele>1487.524</ele><time>2026-08-14T14:22:15Z</time><sat>24</sat></trkpt>
  <trkpt lat="39.80412930" lon="109.97004047"><ele>1488.640</ele><time>2026-08-14T14:22:18Z</time><sat>17</sat></trkpt>
  <trkpt lat="39.80413333" lon="109.97004779"><ele>1489.175</ele><time>2026-08-14T14:22:21Z</time><sat>19</sat></trkpt>
  <trkpt lat="39.80413370" lon="109.97004804"><ele>1489.189</ele><time>2026-08-14T14:22:24Z</time><sat>25</sat></trkpt>
  <trkpt lat="39.80414483" lon="109.97004434"><ele>1489.740</ele><time>2026-08-14T14:22:27Z</time><sat>26</sat></trkpt>
  <trkpt lat="39.80415312" lon="109.97003928"><ele>1490.024</ele><time>2026-08-14T14:22:30Z</time><sat>21</sat></trkpt>
  <trkpt lat="39.80415395" lon="109.97003872"><ele>1490.052</ele><time>2026-08-14T14:22:33Z</time><sat>18</sat></trkpt>
  <trkpt lat="39.80415437" lon="109.97003884"><ele>1490.085</ele><time>2026-08-14T14:22:36Z</time><sat>20</sat></trkpt>
  <trkpt lat="39.80415476" lon="109.97003919"><ele>1490.128</ele><time>2026-08-14T14:22:39Z</time><sat>22</sat></trkpt>
  <trkpt lat="39.80415497" lon="109.97003953"><ele>1490.167</ele><time>2026-08-14T14:22:42Z</time><sat>19</sat></trkpt>
  <trkpt lat="39.80416269" lon="109.97004277"><ele>1491.487</ele><time>2026-08-14T14:22:45Z</time><sat>19</sat></trkpt>
  <trkpt lat="39.80416923" lon="109.97004824"><ele>1492.364</ele><time>2026-08-14T14:22:48Z</time><sat>21</sat></trkpt>
  <trkpt lat="39.80417221" lon="109.97004701"><ele>1493.293</ele><time>2026-08-14T14:22:51Z</time><sat>21</sat></trkpt>
  <trkpt lat="39.80417280" lon="109.97004681"><ele>1493.302</ele><time>2026-08-14T14:22:54Z</time><sat>20</sat></trkpt>
  <trkpt lat="39.80417312" lon="109.97004678"><ele>1493.300</ele><time>2026-08-14T14:22:57Z</time><sat>20</sat></trkpt>
  <trkpt lat="39.80417336" lon="109.97004678"><ele>1493.295</ele><time>2026-08-14T14:23:00Z</time><sat>16</sat></trkpt>
  <trkpt lat="39.80417360" lon="109.97004661"><ele>1493.288</ele><time>2026-08-14T14:23:03Z</time><sat>17</sat></trkpt>
  <trkpt lat="39.80417388" lon="109.97004648"><ele>1493.297</ele><time>2026-08-14T14:23:06Z</time><sat>18</sat></trkpt>
  <trkpt lat="39.80417434" lon="109.97004625"><ele>1493.312</ele><time>2026-08-14T14:23:09Z</time><sat>16</sat></trkpt>
  <trkpt lat="39.80417457" lon="109.97004620"><ele>1493.310</ele><time>2026-08-14T14:23:12Z</time><sat>19</sat></trkpt>
  <trkpt lat="39.80417465" lon="109.97004638"><ele>1493.296</ele><time>2026-08-14T14:23:15Z</time><sat>21</sat></trkpt>
  <trkpt lat="39.80417471" lon="109.97004650"><ele>1493.296</ele><time>2026-08-14T14:23:18Z</time><sat>22</sat></trkpt>
  <trkpt lat="39.80417384" lon="109.97004597"><ele>1493.348</ele><time>2026-08-14T14:23:21Z</time><sat>21</sat></trkpt>
  <trkpt lat="39.80417257" lon="109.97004786"><ele>1494.101</ele><time>2026-08-14T14:23:24Z</time><sat>22</sat></trkpt>
  <trkpt lat="39.80417280" lon="109.97004804"><ele>1494.133</ele><time>2026-08-14T14:23:27Z</time><sat>20</sat></trkpt>
  <trkpt lat="39.80417292" lon="109.97004816"><ele>1494.154</ele><time>2026-08-14T14:23:30Z</time><sat>18</sat></trkpt>
  <trkpt lat="39.80417316" lon="109.97004834"><ele>1494.188</ele><time>2026-08-14T14:23:33Z</time><sat>18</sat></trkpt>
  <trkpt lat="39.80417341" lon="109.97004847"><ele>1494.216</ele><time>2026-08-14T14:23:36Z</time><sat>20</sat></trkpt>
  <trkpt lat="39.80417369" lon="109.97004864"><ele>1494.239</ele><time>2026-08-14T14:23:39Z</time><sat>20</sat></trkpt>
  <trkpt lat="39.80417381" lon="109.97004868"><ele>1494.255</ele><time>2026-08-14T14:23:42Z</time><sat>19</sat></trkpt>
  <trkpt lat="39.80417381" lon="109.97004861"><ele>1494.267</ele><time>2026-08-14T14:23:45Z</time><sat>19</sat></trkpt>
  <trkpt lat="39.80417410" lon="109.97004853"><ele>1494.288</ele><time>2026-08-14T14:23:48Z</time><sat>18</sat></trkpt>
  <trkpt lat="39.80417421" lon="109.97004838"><ele>1494.299</ele><time>2026-08-14T14:23:51Z</time><sat>19</sat></trkpt>
  <trkpt lat="39.80417453" lon="109.97004806"><ele>1494.328</ele><time>2026-08-14T14:23:54Z</time><sat>18</sat></trkpt>
  <trkpt lat="39.80417486" lon="109.97004786"><ele>1494.348</ele><time>2026-08-14T14:23:57Z</time><sat>18</sat></trkpt>
  <trkpt lat="39.80417511" lon="109.97004773"><ele>1494.368</ele><time>2026-08-14T14:24:00Z</time><sat>20</sat></trkpt>
  <trkpt lat="39.80417537" lon="109.97004767"><ele>1494.384</ele><time>2026-08-14T14:24:03Z</time><sat>20</sat></trkpt>
  <trkpt lat="39.80417559" lon="109.97004763"><ele>1494.393</ele><time>2026-08-14T14:24:06Z</time><sat>20</sat></trkpt>
  <trkpt lat="39.80417582" lon="109.97004757"><ele>1494.411</ele><time>2026-08-14T14:24:09Z</time><sat>18</sat></trkpt>
  <trkpt lat="39.80417602" lon="109.97004756"><ele>1494.433</ele><time>2026-08-14T14:24:12Z</time><sat>20</sat></trkpt>
  <trkpt lat="39.80417625" lon="109.97004768"><ele>1494.457</ele><time>2026-08-14T14:24:15Z</time><sat>20</sat></trkpt>
  <trkpt lat="39.80418869" lon="109.97003867"><ele>1494.421</ele><time>2026-08-14T14:24:18Z</time><sat>17</sat></trkpt>
  <trkpt lat="39.80419334" lon="109.97003613"><ele>1494.455</ele><time>2026-08-14T14:24:21Z</time><sat>20</sat></trkpt>
  <trkpt lat="39.80419353" lon="109.97003600"><ele>1494.444</ele><time>2026-08-14T14:24:24Z</time><sat>20</sat></trkpt>
  <trkpt lat="39.80419372" lon="109.97003594"><ele>1494.435</ele><time>2026-08-14T14:24:27Z</time><sat>23</sat></trkpt>
  <trkpt lat="39.80419387" lon="109.97003606"><ele>1494.427</ele><time>2026-08-14T14:24:30Z</time><sat>21</sat></trkpt>
  <trkpt lat="39.80418369" lon="109.97004058"><ele>1493.524</ele><time>2026-08-14T14:24:33Z</time><sat>23</sat></trkpt>
  <trkpt lat="39.80416920" lon="109.97003972"><ele>1491.654</ele><time>2026-08-14T14:24:36Z</time><sat>26</sat></trkpt>
  <trkpt lat="39.80416890" lon="109.97003980"><ele>1491.655</ele><time>2026-08-14T14:24:39Z</time><sat>23</sat></trkpt>
  <trkpt lat="39.80416831" lon="109.97003759"><ele>1491.250</ele><time>2026-08-14T14:24:42Z</time><sat>17</sat></trkpt>
  <trkpt lat="39.80416826" lon="109.97003934"><ele>1491.132</ele><time>2026-08-14T14:24:45Z</time><sat>20</sat></trkpt>
  <trkpt lat="39.80416830" lon="109.97003953"><ele>1491.147</ele><time>2026-08-14T14:24:48Z</time><sat>21</sat></trkpt>
  <trkpt lat="39.80416849" lon="109.97003985"><ele>1491.180</ele><time>2026-08-14T14:24:51Z</time><sat>19</sat></trkpt>
  <trkpt lat="39.80416874" lon="109.97004051"><ele>1491.242</ele><time>2026-08-14T14:24:54Z</time><sat>17</sat></trkpt>
  <trkpt lat="39.80417563" lon="109.97003523"><ele>1491.517</ele><time>2026-08-14T14:24:57Z</time><sat>19</sat></trkpt>
  <trkpt lat="39.80417912" lon="109.97003170"><ele>1491.043</ele><time>2026-08-14T14:25:00Z</time><sat>24</sat></trkpt>
  <trkpt lat="39.80418347" lon="109.97004029"><ele>1490.716</ele><time>2026-08-14T14:25:03Z</time><sat>24</sat></trkpt>
  <trkpt lat="39.80419032" lon="109.97003619"><ele>1490.901</ele><time>2026-08-14T14:25:06Z</time><sat>22</sat></trkpt>
  <trkpt lat="39.80419005" lon="109.97005846"><ele>1490.691</ele><time>2026-08-14T14:25:09Z</time><sat>17</sat></trkpt>
  <trkpt lat="39.80417845" lon="109.97008624"><ele>1489.943</ele><time>2026-08-14T14:25:12Z</time><sat>19</sat></trkpt>
  <trkpt lat="39.80417852" lon="109.97010247"><ele>1489.135</ele><time>2026-08-14T14:25:15Z</time><sat>20</sat></trkpt>
  <trkpt lat="39.80417472" lon="109.97010905"><ele>1488.156</ele><time>2026-08-14T14:25:18Z</time><sat>19</sat></trkpt>
  <trkpt lat="39.80417267" lon="109.97011127"><ele>1488.126</ele><time>2026-08-14T14:25:21Z</time><sat>10</sat></trkpt>
  <trkpt lat="39.80417148" lon="109.97011176"><ele>1487.837</ele><time>2026-08-14T14:25:24Z</time><sat>10</sat></trkpt>
  <trkpt lat="39.80417151" lon="109.97011182"><ele>1487.820</ele><time>2026-08-14T14:25:27Z</time><sat>17</sat></trkpt>
  <trkpt lat="39.80417156" lon="109.97011184"><ele>1487.805</ele><time>2026-08-14T14:25:30Z</time><sat>16</sat></trkpt>
  <trkpt lat="39.80417162" lon="109.97011186"><ele>1487.793</ele><time>2026-08-14T14:25:33Z</time><sat>12</sat></trkpt>
  <trkpt lat="39.80417179" lon="109.97011184"><ele>1487.781</ele><time>2026-08-14T14:25:38Z</time><sat>13</sat></trkpt>
  <trkpt lat="39.80417184" lon="109.97011187"><ele>1487.766</ele><time>2026-08-14T14:25:41Z</time><sat>16</sat></trkpt>
  <trkpt lat="39.80417587" lon="109.97011419"><ele>1487.136</ele><time>2026-08-14T14:25:44Z</time><sat>12</sat></trkpt>
  <trkpt lat="39.80417604" lon="109.97011439"><ele>1487.111</ele><time>2026-08-14T14:25:47Z</time><sat>13</sat></trkpt>
  <trkpt lat="39.80417615" lon="109.97011430"><ele>1487.090</ele><time>2026-08-14T14:25:50Z</time><sat>15</sat></trkpt>
  <trkpt lat="39.80417629" lon="109.97011408"><ele>1487.073</ele><time>2026-08-14T14:25:53Z</time><sat>15</sat></trkpt>
  <trkpt lat="39.80417636" lon="109.97011394"><ele>1487.057</ele><time>2026-08-14T14:25:56Z</time><sat>12</sat></trkpt>
  <trkpt lat="39.80417648" lon="109.97011382"><ele>1487.035</ele><time>2026-08-14T14:25:59Z</time><sat>13</sat></trkpt>
  <trkpt lat="39.80417661" lon="109.97011375"><ele>1487.023</ele><time>2026-08-14T14:26:02Z</time><sat>13</sat></trkpt>
  <trkpt lat="39.80417672" lon="109.97011367"><ele>1487.003</ele><time>2026-08-14T14:26:05Z</time><sat>14</sat></trkpt>
  <trkpt lat="39.80417685" lon="109.97011356"><ele>1486.985</ele><time>2026-08-14T14:26:08Z</time><sat>13</sat></trkpt>
  <trkpt lat="39.80417691" lon="109.97011349"><ele>1486.973</ele><time>2026-08-14T14:26:11Z</time><sat>12</sat></trkpt>
  <trkpt lat="39.80417680" lon="109.97011356"><ele>1486.969</ele><time>2026-08-14T14:26:14Z</time><sat>13</sat></trkpt>
  <trkpt lat="39.80417660" lon="109.97011366"><ele>1486.964</ele><time>2026-08-14T14:26:17Z</time><sat>11</sat></trkpt>
  <trkpt lat="39.80417659" lon="109.97011357"><ele>1486.953</ele><time>2026-08-14T14:26:20Z</time><sat>3</sat></trkpt>
  <trkpt lat="39.80417670" lon="109.97011336"><ele>1486.942</ele><time>2026-08-14T14:26:23Z</time><sat>8</sat></trkpt>
  <trkpt lat="39.80417673" lon="109.97011324"><ele>1486.928</ele><time>2026-08-14T14:26:26Z</time><sat>11</sat></trkpt>
  <trkpt lat="39.80417685" lon="109.97011301"><ele>1486.914</ele><time>2026-08-14T14:26:29Z</time><sat>12</sat></trkpt>
  <trkpt lat="39.80417703" lon="109.97011267"><ele>1486.898</ele><time>2026-08-14T14:26:32Z</time><sat>13</sat></trkpt>
  <trkpt lat="39.80417717" lon="109.97011246"><ele>1486.881</ele><time>2026-08-14T14:26:35Z</time><sat>13</sat></trkpt>
  <trkpt lat="39.80417725" lon="109.97011234"><ele>1486.864</ele><time>2026-08-14T14:26:38Z</time><sat>11</sat></trkpt>
  <trkpt lat="39.80417731" lon="109.97011227"><ele>1486.861</ele><time>2026-08-14T14:26:41Z</time><sat>13</sat></trkpt>
  <trkpt lat="39.80417739" lon="109.97011219"><ele>1486.848</ele><time>2026-08-14T14:26:44Z</time><sat>15</sat></trkpt>
  <trkpt lat="39.80417747" lon="109.97011212"><ele>1486.840</ele><time>2026-08-14T14:26:47Z</time><sat>14</sat></trkpt>
  <trkpt lat="39.80417756" lon="109.97011205"><ele>1486.826</ele><time>2026-08-14T14:26:50Z</time><sat>10</sat></trkpt>
  <trkpt lat="39.80417764" lon="109.97011198"><ele>1486.815</ele><time>2026-08-14T14:26:53Z</time><sat>12</sat></trkpt>
  <trkpt lat="39.80417967" lon="109.97011236"><ele>1486.161</ele><time>2026-08-14T14:26:56Z</time><sat>13</sat></trkpt>
  <trkpt lat="39.80418068" lon="109.97011269"><ele>1486.105</ele><time>2026-08-14T14:26:59Z</time><sat>14</sat></trkpt>
  <trkpt lat="39.80418066" lon="109.97011274"><ele>1486.078</ele><time>2026-08-14T14:27:02Z</time><sat>13</sat></trkpt>
  <trkpt lat="39.80418067" lon="109.97011273"><ele>1486.064</ele><time>2026-08-14T14:27:05Z</time><sat>14</sat></trkpt>
  <trkpt lat="39.80418074" lon="109.97011270"><ele>1486.052</ele><time>2026-08-14T14:27:08Z</time><sat>14</sat></trkpt>
  <trkpt lat="39.80419082" lon="109.97010955"><ele>1484.828</ele><time>2026-08-14T14:27:11Z</time><sat>13</sat></trkpt>
  <trkpt lat="39.80419170" lon="109.97010914"><ele>1484.817</ele><time>2026-08-14T14:27:14Z</time><sat>11</sat></trkpt>
  <trkpt lat="39.80419181" lon="109.97010904"><ele>1484.809</ele><time>2026-08-14T14:27:17Z</time><sat>11</sat></trkpt>
  <trkpt lat="39.80419247" lon="109.97011045"><ele>1484.447</ele><time>2026-08-14T14:27:20Z</time><sat>10</sat></trkpt>
  <trkpt lat="39.80418944" lon="109.97010280"><ele>1483.867</ele><time>2026-08-14T14:27:23Z</time><sat>12</sat></trkpt>
  <trkpt lat="39.80419065" lon="109.97009635"><ele>1483.496</ele><time>2026-08-14T14:27:26Z</time><sat>13</sat></trkpt>
  <trkpt lat="39.80419376" lon="109.97007812"><ele>1482.302</ele><time>2026-08-14T14:27:29Z</time><sat>11</sat></trkpt>
  <trkpt lat="39.80419369" lon="109.97007799"><ele>1482.293</ele><time>2026-08-14T14:27:32Z</time><sat>11</sat></trkpt>
  <trkpt lat="39.80419372" lon="109.97007801"><ele>1482.279</ele><time>2026-08-14T14:27:35Z</time><sat>13</sat></trkpt>
  <trkpt lat="39.80419366" lon="109.97007796"><ele>1482.265</ele><time>2026-08-14T14:27:38Z</time><sat>13</sat></trkpt>
  <trkpt lat="39.80419372" lon="109.97007064"><ele>1481.268</ele><time>2026-08-14T14:27:41Z</time><sat>13</sat></trkpt>
  <trkpt lat="39.80419365" lon="109.97007031"><ele>1481.261</ele><time>2026-08-14T14:27:44Z</time><sat>15</sat></trkpt>
  <trkpt lat="39.80419368" lon="109.97007025"><ele>1481.264</ele><time>2026-08-14T14:27:47Z</time><sat>16</sat></trkpt>
  <trkpt lat="39.80419300" lon="109.97007249"><ele>1480.689</ele><time>2026-08-14T14:27:50Z</time><sat>14</sat></trkpt>
  <trkpt lat="39.80419104" lon="109.97006854"><ele>1480.730</ele><time>2026-08-14T14:27:53Z</time><sat>13</sat></trkpt>
  <trkpt lat="39.80418805" lon="109.97007156"><ele>1480.751</ele><time>2026-08-14T14:27:56Z</time><sat>13</sat></trkpt>
  <trkpt lat="39.80418765" lon="109.97007273"><ele>1480.761</ele><time>2026-08-14T14:27:59Z</time><sat>9</sat></trkpt>
  <trkpt lat="39.80418763" lon="109.97007274"><ele>1480.760</ele><time>2026-08-14T14:28:02Z</time><sat>11</sat></trkpt>
  <trkpt lat="39.80418761" lon="109.97007274"><ele>1480.755</ele><time>2026-08-14T14:28:05Z</time><sat>12</sat></trkpt>
  <trkpt lat="39.80418760" lon="109.97007273"><ele>1480.745</ele><time>2026-08-14T14:28:08Z</time><sat>13</sat></trkpt>
  <trkpt lat="39.80418749" lon="109.97007283"><ele>1480.725</ele><time>2026-08-14T14:28:11Z</time><sat>10</sat></trkpt>
  <trkpt lat="39.80418290" lon="109.97007634"><ele>1480.243</ele><time>2026-08-14T14:28:14Z</time><sat>10</sat></trkpt>
  <trkpt lat="39.80418236" lon="109.97007673"><ele>1480.217</ele><time>2026-08-14T14:28:17Z</time><sat>13</sat></trkpt>
  <trkpt lat="39.80417956" lon="109.97007749"><ele>1479.967</ele><time>2026-08-14T14:28:20Z</time><sat>10</sat></trkpt>
  <trkpt lat="39.80417843" lon="109.97007977"><ele>1479.547</ele><time>2026-08-14T14:28:23Z</time><sat>13</sat></trkpt>
  <trkpt lat="39.80417831" lon="109.97008003"><ele>1479.514</ele><time>2026-08-14T14:28:26Z</time><sat>12</sat></trkpt>
  <trkpt lat="39.80418019" lon="109.97007914"><ele>1478.827</ele><time>2026-08-14T14:28:29Z</time><sat>9</sat></trkpt>
  <trkpt lat="39.80418214" lon="109.97008089"><ele>1478.513</ele><time>2026-08-14T14:28:32Z</time><sat>11</sat></trkpt>
  <trkpt lat="39.80418211" lon="109.97008139"><ele>1478.490</ele><time>2026-08-14T14:28:35Z</time><sat>13</sat></trkpt>
  <trkpt lat="39.80418200" lon="109.97008212"><ele>1478.446</ele><time>2026-08-14T14:28:38Z</time><sat>11</sat></trkpt>
  <trkpt lat="39.80418171" lon="109.97008360"><ele>1478.362</ele><time>2026-08-14T14:28:41Z</time><sat>11</sat></trkpt>
  <trkpt lat="39.80418150" lon="109.97008477"><ele>1478.293</ele><time>2026-08-14T14:28:44Z</time><sat>14</sat></trkpt>
  <trkpt lat="39.80418142" lon="109.97008553"><ele>1478.253</ele><time>2026-08-14T14:28:47Z</time><sat>13</sat></trkpt>
  <trkpt lat="39.80418140" lon="109.97008597"><ele>1478.231</ele><time>2026-08-14T14:28:50Z</time><sat>12</sat></trkpt>
  <trkpt lat="39.80418130" lon="109.97008701"><ele>1478.172</ele><time>2026-08-14T14:28:53Z</time><sat>9</sat></trkpt>
  <trkpt lat="39.80418127" lon="109.97008756"><ele>1478.143</ele><time>2026-08-14T14:28:56Z</time><sat>11</sat></trkpt>
  <trkpt lat="39.80418120" lon="109.97008832"><ele>1478.101</ele><time>2026-08-14T14:28:59Z</time><sat>12</sat></trkpt>
  <trkpt lat="39.80418116" lon="109.97008896"><ele>1478.071</ele><time>2026-08-14T14:29:02Z</time><sat>10</sat></trkpt>
  <trkpt lat="39.80418111" lon="109.97008965"><ele>1478.039</ele><time>2026-08-14T14:29:05Z</time><sat>10</sat></trkpt>
  <trkpt lat="39.80418106" lon="109.97009008"><ele>1478.018</ele><time>2026-08-14T14:29:08Z</time><sat>8</sat></trkpt>
  <trkpt lat="39.80417832" lon="109.97009290"><ele>1477.981</ele><time>2026-08-14T14:29:11Z</time><sat>9</sat></trkpt>
  <trkpt lat="39.80417443" lon="109.97009592"><ele>1477.353</ele><time>2026-08-14T14:29:14Z</time><sat>9</sat></trkpt>
  <trkpt lat="39.80417431" lon="109.97009639"><ele>1477.329</ele><time>2026-08-14T14:29:17Z</time><sat>10</sat></trkpt>
  <trkpt lat="39.80417550" lon="109.97009945"><ele>1477.268</ele><time>2026-08-14T14:29:20Z</time><sat>10</sat></trkpt>
  <trkpt lat="39.80417557" lon="109.97009958"><ele>1477.265</ele><time>2026-08-14T14:29:23Z</time><sat>9</sat></trkpt>
  <trkpt lat="39.80417133" lon="109.97009827"><ele>1477.123</ele><time>2026-08-14T14:29:26Z</time><sat>6</sat></trkpt>
  <trkpt lat="39.80416940" lon="109.97009647"><ele>1477.074</ele><time>2026-08-14T14:29:29Z</time><sat>7</sat></trkpt>
  <trkpt lat="39.80416882" lon="109.97010122"><ele>1476.726</ele><time>2026-08-14T14:29:32Z</time><sat>9</sat></trkpt>
  <trkpt lat="39.80416833" lon="109.97010327"><ele>1476.719</ele><time>2026-08-14T14:29:35Z</time><sat>8</sat></trkpt>
  <trkpt lat="39.80416828" lon="109.97010367"><ele>1476.697</ele><time>2026-08-14T14:29:38Z</time><sat>7</sat></trkpt>
  <trkpt lat="39.80416819" lon="109.97010423"><ele>1476.653</ele><time>2026-08-14T14:29:41Z</time><sat>8</sat></trkpt>
  <trkpt lat="39.80416807" lon="109.97010454"><ele>1476.618</ele><time>2026-08-14T14:29:44Z</time><sat>9</sat></trkpt>
  <trkpt lat="39.80416796" lon="109.97010501"><ele>1476.590</ele><time>2026-08-14T14:29:47Z</time><sat>9</sat></trkpt>
  <trkpt lat="39.80416791" lon="109.97010521"><ele>1476.569</ele><time>2026-08-14T14:29:50Z</time><sat>8</sat></trkpt>
  <trkpt lat="39.80416781" lon="109.97010550"><ele>1476.548</ele><time>2026-08-14T14:29:53Z</time><sat>8</sat></trkpt>
  <trkpt lat="39.80416776" lon="109.97010561"><ele>1476.515</ele><time>2026-08-14T14:29:56Z</time><sat>9</sat></trkpt>
  <trkpt lat="39.80417528" lon="109.97007572"><ele>1475.280</ele><time>2026-08-14T14:29:59Z</time><sat>8</sat></trkpt>
  <trkpt lat="39.80417915" lon="109.97006366"><ele>1475.237</ele><time>2026-08-14T14:30:02Z</time><sat>8</sat></trkpt>
  <trkpt lat="39.80417919" lon="109.97006340"><ele>1475.234</ele><time>2026-08-14T14:30:05Z</time><sat>9</sat></trkpt>
  <trkpt lat="39.80417920" lon="109.97006329"><ele>1475.229</ele><time>2026-08-14T14:30:08Z</time><sat>10</sat></trkpt>
  <trkpt lat="39.80417922" lon="109.97006326"><ele>1475.224</ele><time>2026-08-14T14:30:11Z</time><sat>8</sat></trkpt>
  <trkpt lat="39.80417924" lon="109.97006326"><ele>1475.222</ele><time>2026-08-14T14:30:14Z</time><sat>6</sat></trkpt>
  <trkpt lat="39.80417922" lon="109.97006313"><ele>1475.221</ele><time>2026-08-14T14:30:17Z</time><sat>7</sat></trkpt>
  <trkpt lat="39.80417923" lon="109.97006311"><ele>1475.218</ele><time>2026-08-14T14:30:20Z</time><sat>10</sat></trkpt>
  <trkpt lat="39.80417927" lon="109.97006288"><ele>1475.236</ele><time>2026-08-14T14:30:23Z</time><sat>9</sat></trkpt>
  <trkpt lat="39.80417923" lon="109.97006288"><ele>1475.223</ele><time>2026-08-14T14:30:26Z</time><sat>7</sat></trkpt>
  <trkpt lat="39.80417920" lon="109.97006288"><ele>1475.217</ele><time>2026-08-14T14:30:29Z</time><sat>9</sat></trkpt>
  <trkpt lat="39.80417916" lon="109.97006295"><ele>1475.204</ele><time>2026-08-14T14:30:32Z</time><sat>10</sat></trkpt>
  <trkpt lat="39.80417917" lon="109.97006291"><ele>1475.209</ele><time>2026-08-14T14:30:35Z</time><sat>11</sat></trkpt>
  <trkpt lat="39.80417917" lon="109.97006298"><ele>1475.207</ele><time>2026-08-14T14:30:38Z</time><sat>7</sat></trkpt>
  <trkpt lat="39.80417917" lon="109.97006300"><ele>1475.205</ele><time>2026-08-14T14:30:41Z</time><sat>8</sat></trkpt>
  <trkpt lat="39.80417916" lon="109.97006298"><ele>1475.204</ele><time>2026-08-14T14:30:44Z</time><sat>10</sat></trkpt>
  <trkpt lat="39.80417918" lon="109.97006302"><ele>1475.203</ele><time>2026-08-14T14:30:47Z</time><sat>8</sat></trkpt>
  <trkpt lat="39.80417917" lon="109.97006300"><ele>1475.205</ele><time>2026-08-14T14:30:50Z</time><sat>7</sat></trkpt>
  <trkpt lat="39.80417916" lon="109.97006301"><ele>1475.200</ele><time>2026-08-14T14:30:53Z</time><sat>7</sat></trkpt>
  <trkpt lat="39.80417916" lon="109.97006296"><ele>1475.203</ele><time>2026-08-14T14:30:56Z</time><sat>8</sat></trkpt>
  <trkpt lat="39.80417917" lon="109.97006294"><ele>1475.204</ele><time>2026-08-14T14:30:59Z</time><sat>5</sat></trkpt>
  <trkpt lat="39.80417918" lon="109.97006290"><ele>1475.201</ele><time>2026-08-14T14:31:02Z</time><sat>4</sat></trkpt>
  <trkpt lat="39.80417918" lon="109.97006289"><ele>1475.207</ele><time>2026-08-14T14:31:05Z</time><sat>7</sat></trkpt>
  <trkpt lat="39.80417917" lon="109.97006294"><ele>1475.195</ele><time>2026-08-14T14:31:08Z</time><sat>8</sat></trkpt>
  <trkpt lat="39.80417915" lon="109.97006296"><ele>1475.188</ele><time>2026-08-14T14:31:11Z</time><sat>8</sat></trkpt>
  <trkpt lat="39.80417911" lon="109.97006310"><ele>1475.157</ele><time>2026-08-14T14:31:14Z</time><sat>7</sat></trkpt>
  <trkpt lat="39.80417909" lon="109.97006325"><ele>1475.135</ele><time>2026-08-14T14:31:17Z</time><sat>9</sat></trkpt>
  <trkpt lat="39.80417908" lon="109.97006326"><ele>1475.132</ele><time>2026-08-14T14:31:20Z</time><sat>10</sat></trkpt>
  <trkpt lat="39.80417909" lon="109.97006319"><ele>1475.140</ele><time>2026-08-14T14:31:23Z</time><sat>6</sat></trkpt>
  <trkpt lat="39.80417908" lon="109.97006322"><ele>1475.132</ele><time>2026-08-14T14:31:26Z</time><sat>5</sat></trkpt>
  <trkpt lat="39.80417909" lon="109.97006333"><ele>1475.131</ele><time>2026-08-14T14:31:29Z</time><sat>6</sat></trkpt>
  <trkpt lat="39.80417909" lon="109.97006328"><ele>1475.138</ele><time>2026-08-14T14:31:32Z</time><sat>6</sat></trkpt>
  <trkpt lat="39.80417911" lon="109.97006344"><ele>1475.131</ele><time>2026-08-14T14:31:35Z</time><sat>5</sat></trkpt>
  <trkpt lat="39.80417911" lon="109.97006342"><ele>1475.133</ele><time>2026-08-14T14:31:38Z</time><sat>6</sat></trkpt>
  <trkpt lat="39.80417911" lon="109.97006340"><ele>1475.133</ele><time>2026-08-14T14:31:41Z</time><sat>8</sat></trkpt>
  <trkpt lat="39.80417912" lon="109.97006336"><ele>1475.134</ele><time>2026-08-14T14:31:44Z</time><sat>9</sat></trkpt>
  <trkpt lat="39.80417913" lon="109.97006340"><ele>1475.123</ele><time>2026-08-14T14:31:47Z</time><sat>7</sat></trkpt>
  <trkpt lat="39.80417914" lon="109.97006344"><ele>1475.124</ele><time>2026-08-14T14:31:50Z</time><sat>9</sat></trkpt>
  <trkpt lat="39.80417914" lon="109.97006354"><ele>1475.115</ele><time>2026-08-14T14:31:53Z</time><sat>12</sat></trkpt>
  <trkpt lat="39.80417914" lon="109.97006351"><ele>1475.101</ele><time>2026-08-14T14:31:56Z</time><sat>9</sat></trkpt>
  <trkpt lat="39.80417914" lon="109.97006353"><ele>1475.096</ele><time>2026-08-14T14:31:59Z</time><sat>7</sat></trkpt>
  <trkpt lat="39.80417915" lon="109.97006355"><ele>1475.093</ele><time>2026-08-14T14:32:02Z</time><sat>10</sat></trkpt>
  <trkpt lat="39.80417915" lon="109.97006342"><ele>1475.099</ele><time>2026-08-14T14:32:05Z</time><sat>12</sat></trkpt>
  <trkpt lat="39.80417916" lon="109.97006338"><ele>1475.097</ele><time>2026-08-14T14:32:08Z</time><sat>10</sat></trkpt>
  <trkpt lat="39.80417916" lon="109.97006341"><ele>1475.094</ele><time>2026-08-14T14:32:11Z</time><sat>9</sat></trkpt>
  <trkpt lat="39.80417917" lon="109.97006337"><ele>1475.100</ele><time>2026-08-14T14:32:14Z</time><sat>10</sat></trkpt>
  <trkpt lat="39.80417918" lon="109.97006336"><ele>1475.108</ele><time>2026-08-14T14:32:17Z</time><sat>9</sat></trkpt>
  <trkpt lat="39.80417917" lon="109.97006343"><ele>1475.106</ele><time>2026-08-14T14:32:20Z</time><sat>6</sat></trkpt>
  <trkpt lat="39.80417915" lon="109.97006346"><ele>1475.103</ele><time>2026-08-14T14:32:23Z</time><sat>9</sat></trkpt>
  <trkpt lat="39.80417916" lon="109.97006343"><ele>1475.102</ele><time>2026-08-14T14:32:26Z</time><sat>11</sat></trkpt>
  <trkpt lat="39.80417920" lon="109.97006338"><ele>1475.111</ele><time>2026-08-14T14:32:29Z</time><sat>12</sat></trkpt>
  <trkpt lat="39.80417920" lon="109.97006334"><ele>1475.111</ele><time>2026-08-14T14:32:32Z</time><sat>9</sat></trkpt>
  <trkpt lat="39.80417920" lon="109.97006333"><ele>1475.114</ele><time>2026-08-14T14:32:35Z</time><sat>8</sat></trkpt>
  <trkpt lat="39.80417922" lon="109.97006335"><ele>1475.108</ele><time>2026-08-14T14:32:38Z</time><sat>6</sat></trkpt>
  <trkpt lat="39.80417925" lon="109.97006327"><ele>1475.114</ele><time>2026-08-14T14:32:41Z</time><sat>7</sat></trkpt>
  <trkpt lat="39.80417926" lon="109.97006314"><ele>1475.117</ele><time>2026-08-14T14:32:44Z</time><sat>8</sat></trkpt>
  <trkpt lat="39.80417927" lon="109.97006306"><ele>1475.119</ele><time>2026-08-14T14:32:47Z</time><sat>10</sat></trkpt>
  <trkpt lat="39.80417928" lon="109.97006308"><ele>1475.121</ele><time>2026-08-14T14:32:50Z</time><sat>9</sat></trkpt>
  <trkpt lat="39.80417929" lon="109.97006308"><ele>1475.123</ele><time>2026-08-14T14:32:53Z</time><sat>8</sat></trkpt>
  <trkpt lat="39.80417931" lon="109.97006304"><ele>1475.125</ele><time>2026-08-14T14:32:56Z</time><sat>9</sat></trkpt>
  <trkpt lat="39.80417931" lon="109.97006302"><ele>1475.128</ele><time>2026-08-14T14:32:59Z</time><sat>10</sat></trkpt>
  <trkpt lat="39.80418000" lon="109.97006243"><ele>1475.177</ele><time>2026-08-14T14:33:02Z</time><sat>7</sat></trkpt>
  <trkpt lat="39.80417859" lon="109.97006018"><ele>1475.025</ele><time>2026-08-14T14:33:05Z</time><sat>8</sat></trkpt>
  <trkpt lat="39.80417860" lon="109.97005941"><ele>1475.014</ele><time>2026-08-14T14:33:08Z</time><sat>11</sat></trkpt>
  <trkpt lat="39.80417847" lon="109.97005891"><ele>1474.904</ele><time>2026-08-14T14:33:11Z</time><sat>9</sat></trkpt>
  <trkpt lat="39.80417838" lon="109.97005908"><ele>1474.896</ele><time>2026-08-14T14:33:14Z</time><sat>11</sat></trkpt>
  <trkpt lat="39.80417843" lon="109.97005906"><ele>1474.895</ele><time>2026-08-14T14:33:17Z</time><sat>11</sat></trkpt>
  <trkpt lat="39.80417847" lon="109.97005905"><ele>1474.895</ele><time>2026-08-14T14:33:20Z</time><sat>12</sat></trkpt>
  <trkpt lat="39.80417849" lon="109.97005902"><ele>1474.894</ele><time>2026-08-14T14:33:23Z</time><sat>12</sat></trkpt>
  <trkpt lat="39.80417853" lon="109.97005894"><ele>1474.893</ele><time>2026-08-14T14:33:26Z</time><sat>10</sat></trkpt>
  <trkpt lat="39.80417855" lon="109.97005893"><ele>1474.890</ele><time>2026-08-14T14:33:29Z</time><sat>11</sat></trkpt>
  <trkpt lat="39.80417859" lon="109.97005885"><ele>1474.891</ele><time>2026-08-14T14:33:32Z</time><sat>11</sat></trkpt>
  <trkpt lat="39.80417855" lon="109.97005883"><ele>1474.884</ele><time>2026-08-14T14:33:35Z</time><sat>12</sat></trkpt>
  <trkpt lat="39.80417854" lon="109.97005886"><ele>1474.877</ele><time>2026-08-14T14:33:38Z</time><sat>12</sat></trkpt>
  <trkpt lat="39.80417848" lon="109.97005888"><ele>1474.875</ele><time>2026-08-14T14:33:41Z</time><sat>9</sat></trkpt>
  <trkpt lat="39.80417843" lon="109.97005891"><ele>1474.868</ele><time>2026-08-14T14:33:44Z</time><sat>11</sat></trkpt>
  <trkpt lat="39.80417842" lon="109.97005900"><ele>1474.854</ele><time>2026-08-14T14:33:47Z</time><sat>12</sat></trkpt>
  <trkpt lat="39.80417842" lon="109.97005896"><ele>1474.850</ele><time>2026-08-14T14:33:50Z</time><sat>11</sat></trkpt>
  <trkpt lat="39.80417839" lon="109.97005894"><ele>1474.848</ele><time>2026-08-14T14:33:53Z</time><sat>9</sat></trkpt>
  <trkpt lat="39.80417841" lon="109.97005887"><ele>1474.845</ele><time>2026-08-14T14:33:56Z</time><sat>11</sat></trkpt>
  <trkpt lat="39.80417842" lon="109.97005884"><ele>1474.845</ele><time>2026-08-14T14:33:59Z</time><sat>13</sat></trkpt>
  <trkpt lat="39.80417846" lon="109.97005878"><ele>1474.846</ele><time>2026-08-14T14:34:02Z</time><sat>10</sat></trkpt>
  <trkpt lat="39.80417848" lon="109.97005871"><ele>1474.848</ele><time>2026-08-14T14:34:05Z</time><sat>6</sat></trkpt>
  <trkpt lat="39.80417845" lon="109.97005872"><ele>1474.843</ele><time>2026-08-14T14:34:08Z</time><sat>8</sat></trkpt>
  <trkpt lat="39.80417843" lon="109.97005874"><ele>1474.843</ele><time>2026-08-14T14:34:11Z</time><sat>9</sat></trkpt>
  <trkpt lat="39.80417836" lon="109.97005878"><ele>1474.840</ele><time>2026-08-14T14:34:14Z</time><sat>10</sat></trkpt>
  <trkpt lat="39.80417837" lon="109.97005883"><ele>1474.839</ele><time>2026-08-14T14:34:17Z</time><sat>11</sat></trkpt>
  <trkpt lat="39.80417837" lon="109.97005884"><ele>1474.832</ele><time>2026-08-14T14:34:20Z</time><sat>9</sat></trkpt>
  <trkpt lat="39.80417837" lon="109.97005880"><ele>1474.828</ele><time>2026-08-14T14:34:23Z</time><sat>9</sat></trkpt>
  <trkpt lat="39.80417831" lon="109.97005880"><ele>1474.821</ele><time>2026-08-14T14:34:26Z</time><sat>11</sat></trkpt>
  <trkpt lat="39.80417825" lon="109.97005878"><ele>1474.818</ele><time>2026-08-14T14:34:29Z</time><sat>11</sat></trkpt>
  <trkpt lat="39.80417589" lon="109.97005732"><ele>1474.533</ele><time>2026-08-14T14:34:32Z</time><sat>11</sat></trkpt>
  <trkpt lat="39.80417041" lon="109.97005121"><ele>1474.355</ele><time>2026-08-14T14:34:35Z</time><sat>11</sat></trkpt>
  <trkpt lat="39.80417048" lon="109.97005088"><ele>1474.356</ele><time>2026-08-14T14:34:38Z</time><sat>8</sat></trkpt>
  <trkpt lat="39.80417045" lon="109.97005084"><ele>1474.352</ele><time>2026-08-14T14:34:41Z</time><sat>9</sat></trkpt>
  <trkpt lat="39.80417040" lon="109.97005074"><ele>1474.349</ele><time>2026-08-14T14:34:44Z</time><sat>12</sat></trkpt>
  <trkpt lat="39.80417036" lon="109.97005071"><ele>1474.348</ele><time>2026-08-14T14:34:47Z</time><sat>11</sat></trkpt>
  <trkpt lat="39.80417032" lon="109.97005071"><ele>1474.345</ele><time>2026-08-14T14:34:50Z</time><sat>10</sat></trkpt>
  <trkpt lat="39.80417025" lon="109.97005067"><ele>1474.343</ele><time>2026-08-14T14:34:53Z</time><sat>9</sat></trkpt>
  <trkpt lat="39.80417020" lon="109.97005067"><ele>1474.340</ele><time>2026-08-14T14:34:56Z</time><sat>10</sat></trkpt>
  <trkpt lat="39.80417012" lon="109.97005063"><ele>1474.337</ele><time>2026-08-14T14:34:59Z</time><sat>11</sat></trkpt>
  <trkpt lat="39.80417004" lon="109.97005061"><ele>1474.334</ele><time>2026-08-14T14:35:02Z</time><sat>8</sat></trkpt>
  <trkpt lat="39.80416999" lon="109.97005062"><ele>1474.330</ele><time>2026-08-14T14:35:05Z</time><sat>10</sat></trkpt>
  <trkpt lat="39.80416996" lon="109.97005075"><ele>1474.315</ele><time>2026-08-14T14:35:08Z</time><sat>11</sat></trkpt>
  <trkpt lat="39.80416996" lon="109.97005078"><ele>1474.314</ele><time>2026-08-14T14:35:11Z</time><sat>10</sat></trkpt>
  <trkpt lat="39.80417002" lon="109.97005078"><ele>1474.316</ele><time>2026-08-14T14:35:14Z</time><sat>7</sat></trkpt>
  <trkpt lat="39.80417002" lon="109.97005081"><ele>1474.315</ele><time>2026-08-14T14:35:17Z</time><sat>6</sat></trkpt>
  <trkpt lat="39.80417006" lon="109.97005084"><ele>1474.316</ele><time>2026-08-14T14:35:20Z</time><sat>8</sat></trkpt>
  <trkpt lat="39.80417006" lon="109.97005090"><ele>1474.311</ele><time>2026-08-14T14:35:23Z</time><sat>8</sat></trkpt>
  <trkpt lat="39.80417003" lon="109.97005091"><ele>1474.310</ele><time>2026-08-14T14:35:26Z</time><sat>7</sat></trkpt>
  <trkpt lat="39.80417000" lon="109.97005091"><ele>1474.308</ele><time>2026-08-14T14:35:29Z</time><sat>7</sat></trkpt>
  <trkpt lat="39.80417000" lon="109.97005094"><ele>1474.308</ele><time>2026-08-14T14:35:32Z</time><sat>7</sat></trkpt>
  <trkpt lat="39.80416997" lon="109.97005099"><ele>1474.308</ele><time>2026-08-14T14:35:35Z</time><sat>7</sat></trkpt>
  <trkpt lat="39.80416991" lon="109.97005096"><ele>1474.305</ele><time>2026-08-14T14:35:38Z</time><sat>6</sat></trkpt>
  <trkpt lat="39.80416986" lon="109.97005088"><ele>1474.303</ele><time>2026-08-14T14:35:41Z</time><sat>8</sat></trkpt>
  <trkpt lat="39.80416984" lon="109.97005086"><ele>1474.303</ele><time>2026-08-14T14:35:44Z</time><sat>8</sat></trkpt>
  <trkpt lat="39.80416983" lon="109.97005084"><ele>1474.302</ele><time>2026-08-14T14:35:47Z</time><sat>8</sat></trkpt>
  <trkpt lat="39.80416984" lon="109.97005080"><ele>1474.302</ele><time>2026-08-14T14:35:50Z</time><sat>8</sat></trkpt>
  <trkpt lat="39.80416978" lon="109.97005073"><ele>1474.299</ele><time>2026-08-14T14:35:53Z</time><sat>7</sat></trkpt>
  <trkpt lat="39.80416974" lon="109.97005070"><ele>1474.298</ele><time>2026-08-14T14:35:56Z</time><sat>7</sat></trkpt>
  <trkpt lat="39.80416971" lon="109.97005065"><ele>1474.296</ele><time>2026-08-14T14:35:59Z</time><sat>9</sat></trkpt>
  <trkpt lat="39.80416970" lon="109.97005063"><ele>1474.296</ele><time>2026-08-14T14:36:02Z</time><sat>10</sat></trkpt>
  <trkpt lat="39.80416967" lon="109.97005061"><ele>1474.295</ele><time>2026-08-14T14:36:05Z</time><sat>7</sat></trkpt>
  <trkpt lat="39.80416962" lon="109.97005056"><ele>1474.292</ele><time>2026-08-14T14:36:08Z</time><sat>7</sat></trkpt>
  <trkpt lat="39.80416957" lon="109.97005050"><ele>1474.289</ele><time>2026-08-14T14:36:11Z</time><sat>10</sat></trkpt>
  <trkpt lat="39.80416952" lon="109.97005047"><ele>1474.287</ele><time>2026-08-14T14:36:14Z</time><sat>11</sat></trkpt>
  <trkpt lat="39.80416950" lon="109.97005043"><ele>1474.285</ele><time>2026-08-14T14:36:17Z</time><sat>6</sat></trkpt>
  <trkpt lat="39.80416949" lon="109.97005047"><ele>1474.286</ele><time>2026-08-14T14:36:20Z</time><sat>5</sat></trkpt>
  <trkpt lat="39.80416951" lon="109.97005047"><ele>1474.285</ele><time>2026-08-14T14:36:23Z</time><sat>11</sat></trkpt>
  <trkpt lat="39.80416953" lon="109.97005045"><ele>1474.286</ele><time>2026-08-14T14:36:26Z</time><sat>11</sat></trkpt>
  <trkpt lat="39.80416956" lon="109.97005039"><ele>1474.285</ele><time>2026-08-14T14:36:29Z</time><sat>6</sat></trkpt>
  <trkpt lat="39.80416956" lon="109.97005037"><ele>1474.285</ele><time>2026-08-14T14:36:32Z</time><sat>7</sat></trkpt>
  <trkpt lat="39.80416956" lon="109.97005037"><ele>1474.285</ele><time>2026-08-14T14:36:35Z</time><sat>9</sat></trkpt>
  <trkpt lat="39.80416952" lon="109.97005036"><ele>1474.283</ele><time>2026-08-14T14:36:38Z</time><sat>9</sat></trkpt>
  <trkpt lat="39.80416946" lon="109.97005035"><ele>1474.280</ele><time>2026-08-14T14:36:41Z</time><sat>7</sat></trkpt>
  <trkpt lat="39.80416940" lon="109.97005033"><ele>1474.278</ele><time>2026-08-14T14:36:44Z</time><sat>8</sat></trkpt>
  <trkpt lat="39.80416935" lon="109.97005030"><ele>1474.276</ele><time>2026-08-14T14:36:47Z</time><sat>7</sat></trkpt>
  <trkpt lat="39.80416932" lon="109.97005033"><ele>1474.277</ele><time>2026-08-14T14:36:50Z</time><sat>6</sat></trkpt>
  <trkpt lat="39.80416934" lon="109.97005035"><ele>1474.278</ele><time>2026-08-14T14:36:53Z</time><sat>8</sat></trkpt>
  <trkpt lat="39.80416935" lon="109.97005035"><ele>1474.278</ele><time>2026-08-14T14:36:56Z</time><sat>8</sat></trkpt>
  <trkpt lat="39.80416935" lon="109.97005036"><ele>1474.279</ele><time>2026-08-14T14:36:59Z</time><sat>8</sat></trkpt>
  <trkpt lat="39.80416893" lon="109.97005044"><ele>1474.247</ele><time>2026-08-14T14:37:02Z</time><sat>8</sat></trkpt>
  <trkpt lat="39.80416896" lon="109.97005048"><ele>1474.247</ele><time>2026-08-14T14:37:05Z</time><sat>7</sat></trkpt>
  <trkpt lat="39.80416893" lon="109.97005042"><ele>1474.245</ele><time>2026-08-14T14:37:08Z</time><sat>6</sat></trkpt>
  <trkpt lat="39.80416893" lon="109.97005040"><ele>1474.245</ele><time>2026-08-14T14:37:11Z</time><sat>8</sat></trkpt>
  <trkpt lat="39.80416890" lon="109.97005042"><ele>1474.243</ele><time>2026-08-14T14:37:14Z</time><sat>9</sat></trkpt>
  <trkpt lat="39.80416890" lon="109.97005039"><ele>1474.241</ele><time>2026-08-14T14:37:17Z</time><sat>9</sat></trkpt>
  <trkpt lat="39.80416852" lon="109.97005432"><ele>1474.274</ele><time>2026-08-14T14:37:20Z</time><sat>8</sat></trkpt>
  <trkpt lat="39.80416375" lon="109.97006827"><ele>1474.291</ele><time>2026-08-14T14:37:23Z</time><sat>8</sat></trkpt>
  <trkpt lat="39.80416342" lon="109.97006853"><ele>1474.289</ele><time>2026-08-14T14:37:26Z</time><sat>7</sat></trkpt>
  <trkpt lat="39.80416336" lon="109.97006847"><ele>1474.288</ele><time>2026-08-14T14:37:29Z</time><sat>7</sat></trkpt>
  <trkpt lat="39.80416336" lon="109.97006841"><ele>1474.286</ele><time>2026-08-14T14:37:32Z</time><sat>8</sat></trkpt>
  <trkpt lat="39.80416334" lon="109.97006841"><ele>1474.282</ele><time>2026-08-14T14:37:35Z</time><sat>8</sat></trkpt>
  <trkpt lat="39.80416884" lon="109.97005786"><ele>1474.013</ele><time>2026-08-14T14:37:38Z</time><sat>8</sat></trkpt>
  <trkpt lat="39.80417037" lon="109.97005465"><ele>1474.022</ele><time>2026-08-14T14:37:41Z</time><sat>8</sat></trkpt>
  <trkpt lat="39.80417045" lon="109.97005457"><ele>1474.020</ele><time>2026-08-14T14:37:44Z</time><sat>9</sat></trkpt>
  <trkpt lat="39.80417047" lon="109.97005454"><ele>1474.016</ele><time>2026-08-14T14:37:47Z</time><sat>9</sat></trkpt>
  <trkpt lat="39.80417043" lon="109.97005451"><ele>1474.010</ele><time>2026-08-14T14:37:50Z</time><sat>9</sat></trkpt>
  <trkpt lat="39.80417035" lon="109.97005449"><ele>1474.007</ele><time>2026-08-14T14:37:53Z</time><sat>10</sat></trkpt>
  <trkpt lat="39.80417027" lon="109.97005452"><ele>1474.003</ele><time>2026-08-14T14:37:56Z</time><sat>10</sat></trkpt>
  <trkpt lat="39.80417016" lon="109.97005452"><ele>1473.997</ele><time>2026-08-14T14:37:59Z</time><sat>11</sat></trkpt>
  <trkpt lat="39.80417007" lon="109.97005451"><ele>1473.999</ele><time>2026-08-14T14:38:02Z</time><sat>11</sat></trkpt>
  <trkpt lat="39.80417004" lon="109.97005440"><ele>1474.002</ele><time>2026-08-14T14:38:05Z</time><sat>11</sat></trkpt>
  <trkpt lat="39.80417001" lon="109.97005436"><ele>1474.003</ele><time>2026-08-14T14:38:08Z</time><sat>13</sat></trkpt>
  <trkpt lat="39.80416997" lon="109.97005437"><ele>1473.989</ele><time>2026-08-14T14:38:11Z</time><sat>13</sat></trkpt>
  <trkpt lat="39.80416993" lon="109.97005434"><ele>1473.993</ele><time>2026-08-14T14:38:14Z</time><sat>12</sat></trkpt>
  <trkpt lat="39.80416989" lon="109.97005430"><ele>1473.995</ele><time>2026-08-14T14:38:17Z</time><sat>10</sat></trkpt>
  <trkpt lat="39.80416979" lon="109.97005429"><ele>1473.996</ele><time>2026-08-14T14:38:20Z</time><sat>9</sat></trkpt>
  <trkpt lat="39.80416977" lon="109.97005288"><ele>1473.980</ele><time>2026-08-14T14:38:23Z</time><sat>11</sat></trkpt>
  <trkpt lat="39.80416291" lon="109.97004881"><ele>1473.893</ele><time>2026-08-14T14:38:26Z</time><sat>14</sat></trkpt>
  <trkpt lat="39.80416269" lon="109.97004877"><ele>1473.894</ele><time>2026-08-14T14:38:29Z</time><sat>12</sat></trkpt>
  <trkpt lat="39.80416266" lon="109.97004875"><ele>1473.895</ele><time>2026-08-14T14:38:32Z</time><sat>9</sat></trkpt>
  <trkpt lat="39.80416263" lon="109.97004871"><ele>1473.897</ele><time>2026-08-14T14:38:35Z</time><sat>8</sat></trkpt>
  <trkpt lat="39.80416261" lon="109.97004866"><ele>1473.899</ele><time>2026-08-14T14:38:38Z</time><sat>9</sat></trkpt>
  <trkpt lat="39.80416257" lon="109.97004859"><ele>1473.897</ele><time>2026-08-14T14:38:41Z</time><sat>11</sat></trkpt>
  <trkpt lat="39.80416260" lon="109.97004851"><ele>1473.892</ele><time>2026-08-14T14:38:44Z</time><sat>12</sat></trkpt>
  <trkpt lat="39.80416260" lon="109.97004852"><ele>1473.887</ele><time>2026-08-14T14:38:47Z</time><sat>12</sat></trkpt>
  <trkpt lat="39.80416258" lon="109.97004850"><ele>1473.881</ele><time>2026-08-14T14:38:50Z</time><sat>12</sat></trkpt>
  <trkpt lat="39.80416253" lon="109.97004843"><ele>1473.879</ele><time>2026-08-14T14:38:53Z</time><sat>11</sat></trkpt>
  <trkpt lat="39.80416378" lon="109.97004932"><ele>1473.759</ele><time>2026-08-14T14:38:56Z</time><sat>11</sat></trkpt>
  <trkpt lat="39.80416153" lon="109.97004935"><ele>1473.664</ele><time>2026-08-14T14:38:59Z</time><sat>12</sat></trkpt>
  <trkpt lat="39.80416142" lon="109.97004919"><ele>1473.689</ele><time>2026-08-14T14:39:02Z</time><sat>14</sat></trkpt>
  <trkpt lat="39.80416213" lon="109.97004980"><ele>1473.696</ele><time>2026-08-14T14:39:05Z</time><sat>13</sat></trkpt>
  <trkpt lat="39.80416255" lon="109.97005045"><ele>1473.698</ele><time>2026-08-14T14:39:08Z</time><sat>12</sat></trkpt>
  <trkpt lat="39.80415935" lon="109.97005313"><ele>1473.202</ele><time>2026-08-14T14:39:11Z</time><sat>12</sat></trkpt>
  <trkpt lat="39.80415904" lon="109.97005368"><ele>1473.075</ele><time>2026-08-14T14:39:14Z</time><sat>15</sat></trkpt>
  <trkpt lat="39.80415297" lon="109.97005361"><ele>1472.216</ele><time>2026-08-14T14:39:17Z</time><sat>12</sat></trkpt>
  <trkpt lat="39.80415057" lon="109.97005356"><ele>1472.179</ele><time>2026-08-14T14:39:20Z</time><sat>12</sat></trkpt>
  <trkpt lat="39.80415049" lon="109.97005366"><ele>1472.137</ele><time>2026-08-14T14:39:23Z</time><sat>14</sat></trkpt>
  <trkpt lat="39.80415042" lon="109.97005372"><ele>1472.109</ele><time>2026-08-14T14:39:26Z</time><sat>10</sat></trkpt>
  <trkpt lat="39.80415036" lon="109.97005390"><ele>1472.053</ele><time>2026-08-14T14:39:29Z</time><sat>9</sat></trkpt>
  <trkpt lat="39.80415034" lon="109.97005392"><ele>1472.050</ele><time>2026-08-14T14:39:32Z</time><sat>10</sat></trkpt>
  <trkpt lat="39.80415036" lon="109.97005395"><ele>1472.030</ele><time>2026-08-14T14:39:35Z</time><sat>11</sat></trkpt>
  <trkpt lat="39.80415027" lon="109.97005388"><ele>1472.019</ele><time>2026-08-14T14:39:38Z</time><sat>9</sat></trkpt>
  <trkpt lat="39.80415014" lon="109.97005385"><ele>1472.009</ele><time>2026-08-14T14:39:41Z</time><sat>8</sat></trkpt>
  <trkpt lat="39.80415014" lon="109.97005388"><ele>1472.000</ele><time>2026-08-14T14:39:44Z</time><sat>9</sat></trkpt>
  <trkpt lat="39.80415014" lon="109.97005387"><ele>1471.998</ele><time>2026-08-14T14:39:47Z</time><sat>11</sat></trkpt>
  <trkpt lat="39.80415022" lon="109.97005384"><ele>1471.992</ele><time>2026-08-14T14:39:50Z</time><sat>9</sat></trkpt>
  <trkpt lat="39.80415295" lon="109.97005876"><ele>1474.020</ele><time>2026-08-14T14:39:53Z</time><sat>8</sat></trkpt>
  <trkpt lat="39.80415320" lon="109.97005928"><ele>1473.997</ele><time>2026-08-14T14:39:56Z</time><sat>12</sat></trkpt>
  <trkpt lat="39.80415305" lon="109.97005958"><ele>1473.941</ele><time>2026-08-14T14:39:59Z</time><sat>12</sat></trkpt>
  <trkpt lat="39.80415297" lon="109.97005972"><ele>1473.898</ele><time>2026-08-14T14:40:02Z</time><sat>11</sat></trkpt>
  <trkpt lat="39.80415283" lon="109.97005982"><ele>1473.860</ele><time>2026-08-14T14:40:05Z</time><sat>11</sat></trkpt>
  <trkpt lat="39.80415281" lon="109.97006003"><ele>1473.821</ele><time>2026-08-14T14:40:08Z</time><sat>11</sat></trkpt>
  <trkpt lat="39.80415273" lon="109.97006031"><ele>1473.759</ele><time>2026-08-14T14:40:11Z</time><sat>12</sat></trkpt>
  <trkpt lat="39.80415268" lon="109.97006043"><ele>1473.728</ele><time>2026-08-14T14:40:14Z</time><sat>11</sat></trkpt>
  <trkpt lat="39.80415271" lon="109.97006047"><ele>1473.720</ele><time>2026-08-14T14:40:17Z</time><sat>11</sat></trkpt>
  <trkpt lat="39.80415275" lon="109.97006044"><ele>1473.729</ele><time>2026-08-14T14:40:20Z</time><sat>12</sat></trkpt>
  <trkpt lat="39.80415284" lon="109.97006040"><ele>1473.736</ele><time>2026-08-14T14:40:23Z</time><sat>13</sat></trkpt>
  <trkpt lat="39.80415294" lon="109.97006046"><ele>1473.751</ele><time>2026-08-14T14:40:26Z</time><sat>12</sat></trkpt>
  <trkpt lat="39.80415617" lon="109.97006177"><ele>1473.682</ele><time>2026-08-14T14:40:29Z</time><sat>13</sat></trkpt>
  <trkpt lat="39.80415779" lon="109.97006218"><ele>1473.678</ele><time>2026-08-14T14:40:32Z</time><sat>11</sat></trkpt>
  <trkpt lat="39.80415786" lon="109.97006220"><ele>1473.686</ele><time>2026-08-14T14:40:35Z</time><sat>9</sat></trkpt>
  <trkpt lat="39.80415781" lon="109.97006232"><ele>1473.641</ele><time>2026-08-14T14:40:38Z</time><sat>10</sat></trkpt>
  <trkpt lat="39.80415770" lon="109.97006265"><ele>1473.573</ele><time>2026-08-14T14:40:41Z</time><sat>10</sat></trkpt>
  <trkpt lat="39.80415754" lon="109.97006294"><ele>1473.506</ele><time>2026-08-14T14:40:44Z</time><sat>10</sat></trkpt>
  <trkpt lat="39.80415749" lon="109.97006330"><ele>1473.421</ele><time>2026-08-14T14:40:47Z</time><sat>10</sat></trkpt>
  <trkpt lat="39.80415745" lon="109.97006348"><ele>1473.386</ele><time>2026-08-14T14:40:50Z</time><sat>10</sat></trkpt>
  <trkpt lat="39.80415747" lon="109.97006360"><ele>1473.370</ele><time>2026-08-14T14:40:53Z</time><sat>9</sat></trkpt>
  <trkpt lat="39.80415746" lon="109.97006366"><ele>1473.356</ele><time>2026-08-14T14:40:56Z</time><sat>10</sat></trkpt>
  <trkpt lat="39.80415742" lon="109.97006371"><ele>1473.340</ele><time>2026-08-14T14:40:59Z</time><sat>10</sat></trkpt>
  <trkpt lat="39.80415745" lon="109.97006367"><ele>1473.344</ele><time>2026-08-14T14:41:02Z</time><sat>11</sat></trkpt>
  <trkpt lat="39.80415745" lon="109.97006382"><ele>1473.307</ele><time>2026-08-14T14:41:05Z</time><sat>12</sat></trkpt>
  <trkpt lat="39.80415741" lon="109.97006390"><ele>1473.263</ele><time>2026-08-14T14:41:08Z</time><sat>12</sat></trkpt>
  <trkpt lat="39.80415751" lon="109.97006392"><ele>1473.258</ele><time>2026-08-14T14:41:11Z</time><sat>11</sat></trkpt>
  <trkpt lat="39.80415750" lon="109.97006393"><ele>1473.224</ele><time>2026-08-14T14:41:14Z</time><sat>12</sat></trkpt>
  <trkpt lat="39.80415756" lon="109.97006382"><ele>1473.216</ele><time>2026-08-14T14:41:17Z</time><sat>11</sat></trkpt>
  <trkpt lat="39.80415762" lon="109.97006381"><ele>1473.209</ele><time>2026-08-14T14:41:20Z</time><sat>11</sat></trkpt>
  <trkpt lat="39.80415765" lon="109.97006386"><ele>1473.189</ele><time>2026-08-14T14:41:23Z</time><sat>12</sat></trkpt>
  <trkpt lat="39.80415755" lon="109.97006412"><ele>1473.106</ele><time>2026-08-14T14:41:26Z</time><sat>11</sat></trkpt>
  <trkpt lat="39.80415753" lon="109.97006439"><ele>1473.041</ele><time>2026-08-14T14:41:29Z</time><sat>11</sat></trkpt>
  <trkpt lat="39.80415749" lon="109.97006477"><ele>1472.990</ele><time>2026-08-14T14:41:32Z</time><sat>11</sat></trkpt>
  <trkpt lat="39.80415740" lon="109.97006507"><ele>1472.903</ele><time>2026-08-14T14:41:35Z</time><sat>11</sat></trkpt>
  <trkpt lat="39.80415730" lon="109.97006537"><ele>1472.827</ele><time>2026-08-14T14:41:38Z</time><sat>12</sat></trkpt>
  <trkpt lat="39.80415726" lon="109.97006589"><ele>1472.749</ele><time>2026-08-14T14:41:41Z</time><sat>11</sat></trkpt>
  <trkpt lat="39.80415724" lon="109.97006633"><ele>1472.687</ele><time>2026-08-14T14:41:44Z</time><sat>11</sat></trkpt>
  <trkpt lat="39.80415726" lon="109.97006656"><ele>1472.677</ele><time>2026-08-14T14:41:47Z</time><sat>11</sat></trkpt>
  <trkpt lat="39.80415731" lon="109.97006670"><ele>1472.694</ele><time>2026-08-14T14:41:50Z</time><sat>12</sat></trkpt>
  <trkpt lat="39.80415735" lon="109.97006670"><ele>1472.704</ele><time>2026-08-14T14:41:53Z</time><sat>11</sat></trkpt>
  <trkpt lat="39.80415736" lon="109.97006669"><ele>1472.709</ele><time>2026-08-14T14:41:56Z</time><sat>11</sat></trkpt>
  <trkpt lat="39.80415742" lon="109.97006664"><ele>1472.707</ele><time>2026-08-14T14:41:59Z</time><sat>12</sat></trkpt>
  <trkpt lat="39.80415739" lon="109.97006674"><ele>1472.685</ele><time>2026-08-14T14:42:02Z</time><sat>12</sat></trkpt>
  <trkpt lat="39.80415736" lon="109.97006676"><ele>1472.669</ele><time>2026-08-14T14:42:05Z</time><sat>12</sat></trkpt>
  <trkpt lat="39.80415583" lon="109.97006598"><ele>1471.999</ele><time>2026-08-14T14:42:08Z</time><sat>10</sat></trkpt>
  <trkpt lat="39.80415562" lon="109.97006524"><ele>1472.021</ele><time>2026-08-14T14:42:11Z</time><sat>11</sat></trkpt>
  <trkpt lat="39.80415567" lon="109.97006522"><ele>1472.010</ele><time>2026-08-14T14:42:14Z</time><sat>12</sat></trkpt>
  <trkpt lat="39.80415697" lon="109.97006766"><ele>1471.652</ele><time>2026-08-14T14:42:17Z</time><sat>11</sat></trkpt>
  <trkpt lat="39.80416799" lon="109.97006958"><ele>1472.019</ele><time>2026-08-14T14:42:20Z</time><sat>12</sat></trkpt>
  <trkpt lat="39.80417146" lon="109.97006848"><ele>1471.986</ele><time>2026-08-14T14:42:23Z</time><sat>15</sat></trkpt>
  <trkpt lat="39.80417112" lon="109.97006912"><ele>1471.965</ele><time>2026-08-14T14:42:26Z</time><sat>15</sat></trkpt>
  <trkpt lat="39.80417086" lon="109.97006998"><ele>1471.934</ele><time>2026-08-14T14:42:29Z</time><sat>15</sat></trkpt>
  <trkpt lat="39.80417021" lon="109.97007138"><ele>1471.841</ele><time>2026-08-14T14:42:32Z</time><sat>16</sat></trkpt>
  <trkpt lat="39.80416976" lon="109.97007345"><ele>1471.701</ele><time>2026-08-14T14:42:35Z</time><sat>19</sat></trkpt>
  <trkpt lat="39.80416937" lon="109.97007513"><ele>1471.554</ele><time>2026-08-14T14:42:38Z</time><sat>20</sat></trkpt>
  <trkpt lat="39.80416906" lon="109.97007617"><ele>1471.464</ele><time>2026-08-14T14:42:41Z</time><sat>20</sat></trkpt>
  <trkpt lat="39.80416919" lon="109.97007660"><ele>1471.464</ele><time>2026-08-14T14:42:44Z</time><sat>22</sat></trkpt>
  <trkpt lat="39.80416920" lon="109.97007710"><ele>1471.447</ele><time>2026-08-14T14:42:47Z</time><sat>21</sat></trkpt>
  <trkpt lat="39.80416909" lon="109.97007753"><ele>1471.447</ele><time>2026-08-14T14:42:50Z</time><sat>20</sat></trkpt>
  <trkpt lat="39.80416887" lon="109.97007803"><ele>1471.408</ele><time>2026-08-14T14:42:53Z</time><sat>20</sat></trkpt>
  <trkpt lat="39.80416876" lon="109.97007847"><ele>1471.396</ele><time>2026-08-14T14:42:56Z</time><sat>21</sat></trkpt>
  <trkpt lat="39.80416861" lon="109.97007925"><ele>1471.328</ele><time>2026-08-14T14:42:59Z</time><sat>19</sat></trkpt>
  <trkpt lat="39.80416841" lon="109.97008013"><ele>1471.253</ele><time>2026-08-14T14:43:02Z</time><sat>19</sat></trkpt>
  <trkpt lat="39.80416816" lon="109.97008127"><ele>1471.202</ele><time>2026-08-14T14:43:05Z</time><sat>20</sat></trkpt>
  <trkpt lat="39.80416789" lon="109.97008258"><ele>1471.139</ele><time>2026-08-14T14:43:08Z</time><sat>21</sat></trkpt>
  <trkpt lat="39.80416779" lon="109.97008304"><ele>1471.107</ele><time>2026-08-14T14:43:11Z</time><sat>18</sat></trkpt>
  <trkpt lat="39.80416771" lon="109.97008310"><ele>1471.085</ele><time>2026-08-14T14:43:14Z</time><sat>20</sat></trkpt>
  <trkpt lat="39.80416763" lon="109.97008299"><ele>1471.058</ele><time>2026-08-14T14:43:17Z</time><sat>19</sat></trkpt>
  <trkpt lat="39.80416775" lon="109.97008270"><ele>1471.073</ele><time>2026-08-14T14:43:20Z</time><sat>18</sat></trkpt>
  <trkpt lat="39.80416777" lon="109.97008232"><ele>1471.107</ele><time>2026-08-14T14:43:23Z</time><sat>19</sat></trkpt>
  <trkpt lat="39.80416762" lon="109.97008236"><ele>1471.118</ele><time>2026-08-14T14:43:26Z</time><sat>22</sat></trkpt>
  <trkpt lat="39.80416773" lon="109.97008219"><ele>1471.142</ele><time>2026-08-14T14:43:29Z</time><sat>22</sat></trkpt>
  <trkpt lat="39.80416770" lon="109.97008223"><ele>1471.135</ele><time>2026-08-14T14:43:32Z</time><sat>22</sat></trkpt>
  <trkpt lat="39.80416762" lon="109.97008226"><ele>1471.147</ele><time>2026-08-14T14:43:35Z</time><sat>23</sat></trkpt>
  <trkpt lat="39.80416741" lon="109.97008273"><ele>1471.136</ele><time>2026-08-14T14:43:38Z</time><sat>22</sat></trkpt>
  <trkpt lat="39.80416722" lon="109.97008316"><ele>1471.103</ele><time>2026-08-14T14:43:41Z</time><sat>23</sat></trkpt>
  <trkpt lat="39.80416716" lon="109.97008346"><ele>1471.087</ele><time>2026-08-14T14:43:44Z</time><sat>23</sat></trkpt>
  <trkpt lat="39.80416706" lon="109.97008389"><ele>1471.039</ele><time>2026-08-14T14:43:47Z</time><sat>23</sat></trkpt>
  <trkpt lat="39.80416700" lon="109.97008428"><ele>1470.973</ele><time>2026-08-14T14:43:50Z</time><sat>23</sat></trkpt>
  <trkpt lat="39.80416694" lon="109.97008462"><ele>1470.926</ele><time>2026-08-14T14:43:53Z</time><sat>25</sat></trkpt>
  <trkpt lat="39.80416668" lon="109.97008533"><ele>1470.863</ele><time>2026-08-14T14:43:56Z</time><sat>25</sat></trkpt>
  <trkpt lat="39.80416646" lon="109.97008584"><ele>1470.802</ele><time>2026-08-14T14:43:59Z</time><sat>21</sat></trkpt>
  <trkpt lat="39.80416624" lon="109.97008674"><ele>1470.734</ele><time>2026-08-14T14:44:02Z</time><sat>19</sat></trkpt>
  <trkpt lat="39.80416607" lon="109.97008782"><ele>1470.653</ele><time>2026-08-14T14:44:05Z</time><sat>22</sat></trkpt>
  <trkpt lat="39.80416610" lon="109.97008824"><ele>1470.624</ele><time>2026-08-14T14:44:08Z</time><sat>20</sat></trkpt>
  <trkpt lat="39.80416609" lon="109.97008893"><ele>1470.557</ele><time>2026-08-14T14:44:11Z</time><sat>20</sat></trkpt>
  <trkpt lat="39.80416629" lon="109.97008906"><ele>1470.554</ele><time>2026-08-14T14:44:14Z</time><sat>22</sat></trkpt>
  <trkpt lat="39.80416644" lon="109.97008902"><ele>1470.551</ele><time>2026-08-14T14:44:17Z</time><sat>20</sat></trkpt>
  <trkpt lat="39.80416658" lon="109.97008903"><ele>1470.567</ele><time>2026-08-14T14:44:20Z</time><sat>22</sat></trkpt>
  <trkpt lat="39.80416667" lon="109.97008940"><ele>1470.551</ele><time>2026-08-14T14:44:23Z</time><sat>22</sat></trkpt>
  <trkpt lat="39.80416653" lon="109.97008997"><ele>1470.532</ele><time>2026-08-14T14:44:26Z</time><sat>18</sat></trkpt>
  <trkpt lat="39.80416632" lon="109.97009041"><ele>1470.500</ele><time>2026-08-14T14:44:29Z</time><sat>21</sat></trkpt>
  <trkpt lat="39.80416613" lon="109.97009112"><ele>1470.502</ele><time>2026-08-14T14:44:32Z</time><sat>21</sat></trkpt>
  <trkpt lat="39.80416580" lon="109.97009201"><ele>1470.457</ele><time>2026-08-14T14:44:35Z</time><sat>21</sat></trkpt>
  <trkpt lat="39.80416553" lon="109.97009288"><ele>1470.392</ele><time>2026-08-14T14:44:38Z</time><sat>21</sat></trkpt>
  <trkpt lat="39.80416537" lon="109.97009374"><ele>1470.324</ele><time>2026-08-14T14:44:41Z</time><sat>22</sat></trkpt>
  <trkpt lat="39.80416542" lon="109.97009461"><ele>1470.303</ele><time>2026-08-14T14:44:44Z</time><sat>20</sat></trkpt>
  <trkpt lat="39.80416535" lon="109.97009536"><ele>1470.245</ele><time>2026-08-14T14:44:47Z</time><sat>21</sat></trkpt>
  <trkpt lat="39.80416519" lon="109.97009662"><ele>1470.148</ele><time>2026-08-14T14:44:50Z</time><sat>23</sat></trkpt>
  <trkpt lat="39.80416501" lon="109.97009757"><ele>1470.067</ele><time>2026-08-14T14:44:53Z</time><sat>21</sat></trkpt>
  <trkpt lat="39.80416480" lon="109.97009860"><ele>1469.994</ele><time>2026-08-14T14:44:56Z</time><sat>21</sat></trkpt>
  <trkpt lat="39.80416468" lon="109.97009882"><ele>1469.979</ele><time>2026-08-14T14:44:59Z</time><sat>19</sat></trkpt>
  <trkpt lat="39.80416478" lon="109.97009893"><ele>1469.941</ele><time>2026-08-14T14:45:02Z</time><sat>22</sat></trkpt>
  <trkpt lat="39.80416490" lon="109.97009918"><ele>1469.886</ele><time>2026-08-14T14:45:05Z</time><sat>25</sat></trkpt>
  <trkpt lat="39.80416507" lon="109.97009928"><ele>1469.865</ele><time>2026-08-14T14:45:08Z</time><sat>24</sat></trkpt>
  <trkpt lat="39.80416527" lon="109.97009938"><ele>1469.815</ele><time>2026-08-14T14:45:11Z</time><sat>22</sat></trkpt>
  <trkpt lat="39.80416543" lon="109.97009953"><ele>1469.767</ele><time>2026-08-14T14:45:14Z</time><sat>21</sat></trkpt>
  <trkpt lat="39.80416559" lon="109.97009993"><ele>1469.701</ele><time>2026-08-14T14:45:17Z</time><sat>22</sat></trkpt>
  <trkpt lat="39.80416570" lon="109.97010027"><ele>1469.648</ele><time>2026-08-14T14:45:20Z</time><sat>23</sat></trkpt>
  <trkpt lat="39.80416586" lon="109.97010044"><ele>1469.625</ele><time>2026-08-14T14:45:23Z</time><sat>21</sat></trkpt>
  <trkpt lat="39.80416587" lon="109.97009883"><ele>1469.447</ele><time>2026-08-14T14:45:26Z</time><sat>20</sat></trkpt>
  <trkpt lat="39.80417248" lon="109.97008706"><ele>1469.286</ele><time>2026-08-14T14:45:29Z</time><sat>23</sat></trkpt>
  <trkpt lat="39.80417730" lon="109.97008711"><ele>1469.416</ele><time>2026-08-14T14:45:32Z</time><sat>20</sat></trkpt>
  <trkpt lat="39.80417754" lon="109.97008671"><ele>1469.443</ele><time>2026-08-14T14:45:35Z</time><sat>6</sat></trkpt>
  <trkpt lat="39.80417780" lon="109.97008558"><ele>1469.541</ele><time>2026-08-14T14:45:38Z</time><sat>6</sat></trkpt>
  <trkpt lat="39.80417800" lon="109.97008485"><ele>1469.613</ele><time>2026-08-14T14:45:41Z</time><sat>7</sat></trkpt>
  <trkpt lat="39.80417811" lon="109.97008432"><ele>1469.660</ele><time>2026-08-14T14:45:44Z</time><sat>7</sat></trkpt>
  <trkpt lat="39.80417823" lon="109.97008400"><ele>1469.705</ele><time>2026-08-14T14:45:47Z</time><sat>8</sat></trkpt>
  <trkpt lat="39.80417826" lon="109.97008388"><ele>1469.717</ele><time>2026-08-14T14:45:50Z</time><sat>8</sat></trkpt>
  <trkpt lat="39.80417834" lon="109.97008374"><ele>1469.738</ele><time>2026-08-14T14:45:53Z</time><sat>10</sat></trkpt>
  <trkpt lat="39.80417839" lon="109.97008348"><ele>1469.788</ele><time>2026-08-14T14:45:56Z</time><sat>9</sat></trkpt>
  <trkpt lat="39.80417843" lon="109.97008343"><ele>1469.836</ele><time>2026-08-14T14:45:59Z</time><sat>8</sat></trkpt>
  <trkpt lat="39.80417843" lon="109.97008318"><ele>1469.888</ele><time>2026-08-14T14:46:02Z</time><sat>8</sat></trkpt>
  <trkpt lat="39.80417841" lon="109.97008303"><ele>1469.938</ele><time>2026-08-14T14:46:05Z</time><sat>10</sat></trkpt>
  <trkpt lat="39.80417839" lon="109.97008286"><ele>1469.962</ele><time>2026-08-14T14:46:08Z</time><sat>9</sat></trkpt>
  <trkpt lat="39.80417836" lon="109.97008265"><ele>1470.007</ele><time>2026-08-14T14:46:11Z</time><sat>9</sat></trkpt>
  <trkpt lat="39.80417831" lon="109.97008234"><ele>1470.082</ele><time>2026-08-14T14:46:14Z</time><sat>9</sat></trkpt>
  <trkpt lat="39.80417823" lon="109.97008198"><ele>1470.142</ele><time>2026-08-14T14:46:17Z</time><sat>10</sat></trkpt>
  <trkpt lat="39.80417815" lon="109.97008180"><ele>1470.196</ele><time>2026-08-14T14:46:20Z</time><sat>11</sat></trkpt>
  <trkpt lat="39.80417812" lon="109.97008175"><ele>1470.216</ele><time>2026-08-14T14:46:23Z</time><sat>9</sat></trkpt>
  <trkpt lat="39.80417806" lon="109.97008164"><ele>1470.247</ele><time>2026-08-14T14:46:26Z</time><sat>10</sat></trkpt>
  <trkpt lat="39.80417802" lon="109.97008151"><ele>1470.291</ele><time>2026-08-14T14:46:29Z</time><sat>11</sat></trkpt>
  <trkpt lat="39.80417802" lon="109.97008155"><ele>1470.283</ele><time>2026-08-14T14:46:32Z</time><sat>11</sat></trkpt>
  <trkpt lat="39.80417800" lon="109.97008156"><ele>1470.298</ele><time>2026-08-14T14:46:35Z</time><sat>10</sat></trkpt>
  <trkpt lat="39.80417801" lon="109.97008132"><ele>1470.318</ele><time>2026-08-14T14:46:38Z</time><sat>9</sat></trkpt>
  <trkpt lat="39.80417800" lon="109.97008139"><ele>1470.338</ele><time>2026-08-14T14:46:41Z</time><sat>9</sat></trkpt>
  <trkpt lat="39.80417789" lon="109.97008148"><ele>1470.370</ele><time>2026-08-14T14:46:44Z</time><sat>10</sat></trkpt>
  <trkpt lat="39.80417786" lon="109.97008144"><ele>1470.409</ele><time>2026-08-14T14:46:47Z</time><sat>10</sat></trkpt>
  <trkpt lat="39.80417782" lon="109.97008134"><ele>1470.434</ele><time>2026-08-14T14:46:50Z</time><sat>11</sat></trkpt>
  <trkpt lat="39.80417774" lon="109.97008116"><ele>1470.504</ele><time>2026-08-14T14:46:53Z</time><sat>12</sat></trkpt>
  <trkpt lat="39.80417776" lon="109.97008093"><ele>1470.545</ele><time>2026-08-14T14:46:56Z</time><sat>12</sat></trkpt>
  <trkpt lat="39.80417772" lon="109.97008066"><ele>1470.581</ele><time>2026-08-14T14:46:59Z</time><sat>12</sat></trkpt>
  <trkpt lat="39.80417770" lon="109.97008052"><ele>1470.601</ele><time>2026-08-14T14:47:02Z</time><sat>11</sat></trkpt>
  <trkpt lat="39.80417770" lon="109.97008035"><ele>1470.602</ele><time>2026-08-14T14:47:05Z</time><sat>10</sat></trkpt>
  <trkpt lat="39.80417764" lon="109.97008022"><ele>1470.624</ele><time>2026-08-14T14:47:08Z</time><sat>12</sat></trkpt>
  <trkpt lat="39.80417759" lon="109.97007994"><ele>1470.638</ele><time>2026-08-14T14:47:11Z</time><sat>12</sat></trkpt>
  <trkpt lat="39.80417764" lon="109.97007980"><ele>1470.639</ele><time>2026-08-14T14:47:14Z</time><sat>11</sat></trkpt>
  <trkpt lat="39.80417759" lon="109.97007970"><ele>1470.642</ele><time>2026-08-14T14:47:17Z</time><sat>11</sat></trkpt>
  <trkpt lat="39.80417756" lon="109.97007973"><ele>1470.636</ele><time>2026-08-14T14:47:20Z</time><sat>10</sat></trkpt>
  <trkpt lat="39.80417760" lon="109.97007971"><ele>1470.644</ele><time>2026-08-14T14:47:23Z</time><sat>10</sat></trkpt>
  <trkpt lat="39.80417760" lon="109.97007980"><ele>1470.656</ele><time>2026-08-14T14:47:26Z</time><sat>11</sat></trkpt>
  <trkpt lat="39.80417765" lon="109.97007983"><ele>1470.685</ele><time>2026-08-14T14:47:29Z</time><sat>10</sat></trkpt>
  <trkpt lat="39.80417774" lon="109.97007982"><ele>1470.704</ele><time>2026-08-14T14:47:32Z</time><sat>9</sat></trkpt>
  <trkpt lat="39.80417777" lon="109.97007978"><ele>1470.744</ele><time>2026-08-14T14:47:35Z</time><sat>11</sat></trkpt>
  <trkpt lat="39.80417781" lon="109.97007964"><ele>1470.761</ele><time>2026-08-14T14:47:38Z</time><sat>11</sat></trkpt>
  <trkpt lat="39.80417782" lon="109.97007954"><ele>1470.796</ele><time>2026-08-14T14:47:41Z</time><sat>9</sat></trkpt>
  <trkpt lat="39.80417783" lon="109.97007940"><ele>1470.800</ele><time>2026-08-14T14:47:44Z</time><sat>11</sat></trkpt>
  <trkpt lat="39.80417786" lon="109.97007928"><ele>1470.822</ele><time>2026-08-14T14:47:47Z</time><sat>11</sat></trkpt>
  <trkpt lat="39.80417795" lon="109.97007914"><ele>1470.844</ele><time>2026-08-14T14:47:50Z</time><sat>10</sat></trkpt>
  <trkpt lat="39.80417798" lon="109.97007890"><ele>1470.868</ele><time>2026-08-14T14:47:53Z</time><sat>9</sat></trkpt>
  <trkpt lat="39.80417797" lon="109.97007883"><ele>1470.869</ele><time>2026-08-14T14:47:56Z</time><sat>10</sat></trkpt>
  <trkpt lat="39.80417805" lon="109.97007876"><ele>1470.872</ele><time>2026-08-14T14:47:59Z</time><sat>11</sat></trkpt>
  <trkpt lat="39.80417808" lon="109.97007866"><ele>1470.882</ele><time>2026-08-14T14:48:02Z</time><sat>10</sat></trkpt>
  <trkpt lat="39.80417816" lon="109.97007856"><ele>1470.891</ele><time>2026-08-14T14:48:05Z</time><sat>10</sat></trkpt>
  <trkpt lat="39.80417820" lon="109.97007846"><ele>1470.892</ele><time>2026-08-14T14:48:08Z</time><sat>11</sat></trkpt>
  <trkpt lat="39.80417816" lon="109.97007848"><ele>1470.894</ele><time>2026-08-14T14:48:11Z</time><sat>11</sat></trkpt>
  <trkpt lat="39.80417819" lon="109.97007853"><ele>1470.893</ele><time>2026-08-14T14:48:14Z</time><sat>10</sat></trkpt>
  <trkpt lat="39.80417820" lon="109.97007862"><ele>1470.895</ele><time>2026-08-14T14:48:17Z</time><sat>9</sat></trkpt>
  <trkpt lat="39.80417826" lon="109.97007871"><ele>1470.896</ele><time>2026-08-14T14:48:20Z</time><sat>10</sat></trkpt>
  <trkpt lat="39.80417831" lon="109.97007870"><ele>1470.905</ele><time>2026-08-14T14:48:23Z</time><sat>12</sat></trkpt>
  <trkpt lat="39.80417837" lon="109.97007868"><ele>1470.915</ele><time>2026-08-14T14:48:26Z</time><sat>10</sat></trkpt>
  <trkpt lat="39.80417841" lon="109.97007870"><ele>1470.922</ele><time>2026-08-14T14:48:29Z</time><sat>8</sat></trkpt>
  <trkpt lat="39.80417842" lon="109.97007860"><ele>1470.933</ele><time>2026-08-14T14:48:32Z</time><sat>10</sat></trkpt>
  <trkpt lat="39.80417841" lon="109.97007858"><ele>1470.934</ele><time>2026-08-14T14:48:35Z</time><sat>12</sat></trkpt>
  <trkpt lat="39.80417847" lon="109.97007861"><ele>1470.932</ele><time>2026-08-14T14:48:38Z</time><sat>11</sat></trkpt>
  <trkpt lat="39.80417853" lon="109.97007855"><ele>1470.941</ele><time>2026-08-14T14:48:41Z</time><sat>10</sat></trkpt>
  <trkpt lat="39.80417851" lon="109.97007860"><ele>1470.942</ele><time>2026-08-14T14:48:44Z</time><sat>10</sat></trkpt>
  <trkpt lat="39.80417855" lon="109.97007858"><ele>1470.940</ele><time>2026-08-14T14:48:47Z</time><sat>9</sat></trkpt>
  <trkpt lat="39.80417860" lon="109.97007858"><ele>1470.939</ele><time>2026-08-14T14:48:50Z</time><sat>10</sat></trkpt>
  <trkpt lat="39.80417868" lon="109.97007858"><ele>1470.940</ele><time>2026-08-14T14:48:53Z</time><sat>9</sat></trkpt>
  <trkpt lat="39.80417876" lon="109.97007855"><ele>1470.939</ele><time>2026-08-14T14:48:56Z</time><sat>8</sat></trkpt>
  <trkpt lat="39.80417888" lon="109.97007849"><ele>1470.939</ele><time>2026-08-14T14:48:59Z</time><sat>9</sat></trkpt>
  <trkpt lat="39.80417896" lon="109.97007851"><ele>1470.938</ele><time>2026-08-14T14:49:02Z</time><sat>10</sat></trkpt>
  <trkpt lat="39.80417899" lon="109.97007858"><ele>1470.940</ele><time>2026-08-14T14:49:05Z</time><sat>10</sat></trkpt>
  <trkpt lat="39.80417902" lon="109.97007864"><ele>1470.940</ele><time>2026-08-14T14:49:08Z</time><sat>8</sat></trkpt>
  <trkpt lat="39.80417902" lon="109.97007869"><ele>1470.945</ele><time>2026-08-14T14:49:11Z</time><sat>9</sat></trkpt>
  <trkpt lat="39.80417897" lon="109.97007875"><ele>1470.951</ele><time>2026-08-14T14:49:14Z</time><sat>9</sat></trkpt>
  <trkpt lat="39.80417899" lon="109.97007873"><ele>1470.956</ele><time>2026-08-14T14:49:17Z</time><sat>8</sat></trkpt>
  <trkpt lat="39.80417902" lon="109.97007872"><ele>1470.963</ele><time>2026-08-14T14:49:20Z</time><sat>10</sat></trkpt>
  <trkpt lat="39.80417910" lon="109.97007871"><ele>1470.963</ele><time>2026-08-14T14:49:23Z</time><sat>10</sat></trkpt>
  <trkpt lat="39.80417922" lon="109.97007862"><ele>1470.984</ele><time>2026-08-14T14:49:26Z</time><sat>9</sat></trkpt>
  <trkpt lat="39.80417930" lon="109.97007863"><ele>1470.985</ele><time>2026-08-14T14:49:29Z</time><sat>7</sat></trkpt>
  <trkpt lat="39.80417934" lon="109.97007867"><ele>1470.985</ele><time>2026-08-14T14:49:32Z</time><sat>9</sat></trkpt>
  <trkpt lat="39.80417930" lon="109.97007863"><ele>1470.985</ele><time>2026-08-14T14:49:35Z</time><sat>9</sat></trkpt>
  <trkpt lat="39.80417921" lon="109.97007860"><ele>1470.987</ele><time>2026-08-14T14:49:38Z</time><sat>8</sat></trkpt>
  <trkpt lat="39.80417913" lon="109.97007863"><ele>1470.989</ele><time>2026-08-14T14:49:41Z</time><sat>8</sat></trkpt>
  <trkpt lat="39.80417906" lon="109.97007861"><ele>1471.008</ele><time>2026-08-14T14:49:44Z</time><sat>8</sat></trkpt>
  <trkpt lat="39.80417908" lon="109.97007856"><ele>1471.025</ele><time>2026-08-14T14:49:47Z</time><sat>9</sat></trkpt>
  <trkpt lat="39.80417911" lon="109.97007856"><ele>1471.021</ele><time>2026-08-14T14:49:50Z</time><sat>9</sat></trkpt>
  <trkpt lat="39.80417915" lon="109.97007860"><ele>1471.015</ele><time>2026-08-14T14:49:53Z</time><sat>10</sat></trkpt>
  <trkpt lat="39.80417915" lon="109.97007871"><ele>1471.002</ele><time>2026-08-14T14:49:56Z</time><sat>9</sat></trkpt>
  <trkpt lat="39.80417915" lon="109.97007881"><ele>1471.012</ele><time>2026-08-14T14:49:59Z</time><sat>9</sat></trkpt>
  <trkpt lat="39.80417915" lon="109.97007888"><ele>1471.015</ele><time>2026-08-14T14:50:02Z</time><sat>10</sat></trkpt>
  <trkpt lat="39.80417909" lon="109.97007900"><ele>1471.020</ele><time>2026-08-14T14:50:05Z</time><sat>10</sat></trkpt>
  <trkpt lat="39.80417905" lon="109.97007918"><ele>1471.025</ele><time>2026-08-14T14:50:08Z</time><sat>7</sat></trkpt>
  <trkpt lat="39.80417899" lon="109.97007919"><ele>1471.031</ele><time>2026-08-14T14:50:11Z</time><sat>6</sat></trkpt>
  <trkpt lat="39.80417897" lon="109.97007917"><ele>1471.031</ele><time>2026-08-14T14:50:14Z</time><sat>10</sat></trkpt>
  <trkpt lat="39.80417890" lon="109.97007922"><ele>1471.034</ele><time>2026-08-14T14:50:17Z</time><sat>10</sat></trkpt>
  <trkpt lat="39.80417890" lon="109.97007932"><ele>1471.037</ele><time>2026-08-14T14:50:20Z</time><sat>7</sat></trkpt>
  <trkpt lat="39.80417893" lon="109.97007937"><ele>1471.037</ele><time>2026-08-14T14:50:23Z</time><sat>8</sat></trkpt>
  <trkpt lat="39.80417888" lon="109.97007948"><ele>1471.043</ele><time>2026-08-14T14:50:26Z</time><sat>9</sat></trkpt>
  <trkpt lat="39.80417889" lon="109.97007949"><ele>1471.046</ele><time>2026-08-14T14:50:29Z</time><sat>8</sat></trkpt>
  <trkpt lat="39.80417888" lon="109.97007950"><ele>1471.045</ele><time>2026-08-14T14:50:32Z</time><sat>9</sat></trkpt>
  <trkpt lat="39.80417884" lon="109.97007943"><ele>1471.046</ele><time>2026-08-14T14:50:35Z</time><sat>10</sat></trkpt>
  <trkpt lat="39.80417876" lon="109.97007954"><ele>1471.050</ele><time>2026-08-14T14:50:38Z</time><sat>13</sat></trkpt>
  <trkpt lat="39.80417867" lon="109.97007970"><ele>1471.052</ele><time>2026-08-14T14:50:41Z</time><sat>13</sat></trkpt>
  <trkpt lat="39.80417866" lon="109.97007980"><ele>1471.060</ele><time>2026-08-14T14:50:44Z</time><sat>11</sat></trkpt>
  <trkpt lat="39.80417864" lon="109.97007985"><ele>1471.063</ele><time>2026-08-14T14:50:47Z</time><sat>12</sat></trkpt>
  <trkpt lat="39.80417869" lon="109.97007992"><ele>1471.062</ele><time>2026-08-14T14:50:50Z</time><sat>13</sat></trkpt>
  <trkpt lat="39.80417869" lon="109.97007999"><ele>1471.069</ele><time>2026-08-14T14:50:53Z</time><sat>11</sat></trkpt>
  <trkpt lat="39.80417868" lon="109.97008006"><ele>1471.075</ele><time>2026-08-14T14:50:56Z</time><sat>11</sat></trkpt>
  <trkpt lat="39.80417870" lon="109.97008003"><ele>1471.076</ele><time>2026-08-14T14:50:59Z</time><sat>11</sat></trkpt>
  <trkpt lat="39.80417867" lon="109.97008002"><ele>1471.083</ele><time>2026-08-14T14:51:02Z</time><sat>12</sat></trkpt>
  <trkpt lat="39.80417865" lon="109.97008001"><ele>1471.087</ele><time>2026-08-14T14:51:05Z</time><sat>12</sat></trkpt>
  <trkpt lat="39.80417868" lon="109.97007995"><ele>1471.087</ele><time>2026-08-14T14:51:08Z</time><sat>13</sat></trkpt>
  <trkpt lat="39.80417867" lon="109.97008001"><ele>1471.090</ele><time>2026-08-14T14:51:11Z</time><sat>12</sat></trkpt>
  <trkpt lat="39.80417868" lon="109.97008012"><ele>1471.095</ele><time>2026-08-14T14:51:14Z</time><sat>10</sat></trkpt>
  <trkpt lat="39.80417867" lon="109.97008021"><ele>1471.101</ele><time>2026-08-14T14:51:17Z</time><sat>10</sat></trkpt>
  <trkpt lat="39.80417866" lon="109.97008023"><ele>1471.103</ele><time>2026-08-14T14:51:20Z</time><sat>11</sat></trkpt>
  <trkpt lat="39.80417864" lon="109.97008031"><ele>1471.108</ele><time>2026-08-14T14:51:23Z</time><sat>11</sat></trkpt>
  <trkpt lat="39.80417864" lon="109.97008031"><ele>1471.107</ele><time>2026-08-14T14:51:26Z</time><sat>9</sat></trkpt>
  <trkpt lat="39.80417862" lon="109.97008034"><ele>1471.115</ele><time>2026-08-14T14:51:29Z</time><sat>10</sat></trkpt>
  <trkpt lat="39.80417861" lon="109.97008026"><ele>1471.118</ele><time>2026-08-14T14:51:32Z</time><sat>9</sat></trkpt>
  <trkpt lat="39.80417858" lon="109.97008045"><ele>1471.133</ele><time>2026-08-14T14:51:35Z</time><sat>9</sat></trkpt>
  <trkpt lat="39.80417854" lon="109.97008072"><ele>1471.157</ele><time>2026-08-14T14:51:38Z</time><sat>10</sat></trkpt>
  <trkpt lat="39.80417853" lon="109.97008080"><ele>1471.160</ele><time>2026-08-14T14:51:41Z</time><sat>10</sat></trkpt>
  <trkpt lat="39.80417852" lon="109.97008096"><ele>1471.166</ele><time>2026-08-14T14:51:44Z</time><sat>10</sat></trkpt>
  <trkpt lat="39.80417852" lon="109.97008109"><ele>1471.166</ele><time>2026-08-14T14:51:47Z</time><sat>10</sat></trkpt>
  <trkpt lat="39.80417851" lon="109.97008129"><ele>1471.186</ele><time>2026-08-14T14:51:50Z</time><sat>12</sat></trkpt>
  <trkpt lat="39.80417827" lon="109.97008264"><ele>1471.734</ele><time>2026-08-14T14:51:53Z</time><sat>13</sat></trkpt>
  <trkpt lat="39.80417688" lon="109.97007969"><ele>1471.795</ele><time>2026-08-14T14:51:56Z</time><sat>12</sat></trkpt>
  <trkpt lat="39.80417685" lon="109.97007907"><ele>1471.796</ele><time>2026-08-14T14:51:59Z</time><sat>13</sat></trkpt>
  <trkpt lat="39.80417686" lon="109.97007903"><ele>1471.792</ele><time>2026-08-14T14:52:02Z</time><sat>12</sat></trkpt>
  <trkpt lat="39.80417686" lon="109.97007904"><ele>1471.794</ele><time>2026-08-14T14:52:05Z</time><sat>10</sat></trkpt>
  <trkpt lat="39.80417686" lon="109.97007902"><ele>1471.790</ele><time>2026-08-14T14:52:08Z</time><sat>8</sat></trkpt>
  <trkpt lat="39.80417681" lon="109.97007909"><ele>1471.799</ele><time>2026-08-14T14:52:11Z</time><sat>9</sat></trkpt>
  <trkpt lat="39.80417679" lon="109.97007912"><ele>1471.805</ele><time>2026-08-14T14:52:14Z</time><sat>10</sat></trkpt>
  <trkpt lat="39.80417674" lon="109.97007922"><ele>1471.815</ele><time>2026-08-14T14:52:17Z</time><sat>11</sat></trkpt>
  <trkpt lat="39.80417677" lon="109.97007918"><ele>1471.810</ele><time>2026-08-14T14:52:20Z</time><sat>10</sat></trkpt>
  <trkpt lat="39.80417676" lon="109.97007922"><ele>1471.817</ele><time>2026-08-14T14:52:23Z</time><sat>10</sat></trkpt>
  <trkpt lat="39.80417671" lon="109.97007930"><ele>1471.824</ele><time>2026-08-14T14:52:26Z</time><sat>8</sat></trkpt>
  <trkpt lat="39.80417670" lon="109.97007934"><ele>1471.829</ele><time>2026-08-14T14:52:29Z</time><sat>9</sat></trkpt>
  <trkpt lat="39.80417668" lon="109.97007941"><ele>1471.840</ele><time>2026-08-14T14:52:32Z</time><sat>11</sat></trkpt>
  <trkpt lat="39.80417668" lon="109.97007945"><ele>1471.845</ele><time>2026-08-14T14:52:35Z</time><sat>11</sat></trkpt>
  <trkpt lat="39.80417665" lon="109.97007939"><ele>1471.846</ele><time>2026-08-14T14:52:38Z</time><sat>11</sat></trkpt>
  <trkpt lat="39.80417661" lon="109.97007943"><ele>1471.851</ele><time>2026-08-14T14:52:41Z</time><sat>10</sat></trkpt>
  <trkpt lat="39.80417658" lon="109.97007948"><ele>1471.859</ele><time>2026-08-14T14:52:44Z</time><sat>10</sat></trkpt>
  <trkpt lat="39.80417657" lon="109.97007952"><ele>1471.862</ele><time>2026-08-14T14:52:47Z</time><sat>11</sat></trkpt>
  <trkpt lat="39.80417657" lon="109.97007950"><ele>1471.864</ele><time>2026-08-14T14:52:50Z</time><sat>12</sat></trkpt>
  <trkpt lat="39.80417658" lon="109.97007954"><ele>1471.868</ele><time>2026-08-14T14:52:53Z</time><sat>12</sat></trkpt>
  <trkpt lat="39.80417653" lon="109.97007958"><ele>1471.873</ele><time>2026-08-14T14:52:56Z</time><sat>11</sat></trkpt>
  <trkpt lat="39.80417649" lon="109.97007957"><ele>1471.877</ele><time>2026-08-14T14:52:59Z</time><sat>10</sat></trkpt>
  <trkpt lat="39.80417642" lon="109.97007954"><ele>1471.873</ele><time>2026-08-14T14:53:02Z</time><sat>12</sat></trkpt>
  <trkpt lat="39.80417638" lon="109.97007964"><ele>1471.884</ele><time>2026-08-14T14:53:05Z</time><sat>12</sat></trkpt>
  <trkpt lat="39.80417637" lon="109.97007961"><ele>1471.883</ele><time>2026-08-14T14:53:08Z</time><sat>11</sat></trkpt>
  <trkpt lat="39.80417631" lon="109.97007969"><ele>1471.892</ele><time>2026-08-14T14:53:11Z</time><sat>11</sat></trkpt>
  <trkpt lat="39.80417629" lon="109.97007973"><ele>1471.898</ele><time>2026-08-14T14:53:14Z</time><sat>12</sat></trkpt>
  <trkpt lat="39.80417629" lon="109.97007980"><ele>1471.906</ele><time>2026-08-14T14:53:17Z</time><sat>12</sat></trkpt>
  <trkpt lat="39.80417625" lon="109.97007980"><ele>1471.907</ele><time>2026-08-14T14:53:20Z</time><sat>12</sat></trkpt>
  <trkpt lat="39.80417624" lon="109.97007978"><ele>1471.908</ele><time>2026-08-14T14:53:23Z</time><sat>11</sat></trkpt>
  <trkpt lat="39.80417626" lon="109.97007985"><ele>1471.909</ele><time>2026-08-14T14:53:26Z</time><sat>9</sat></trkpt>
  <trkpt lat="39.80417629" lon="109.97007989"><ele>1471.910</ele><time>2026-08-14T14:53:29Z</time><sat>10</sat></trkpt>
  <trkpt lat="39.80417631" lon="109.97007986"><ele>1471.908</ele><time>2026-08-14T14:53:32Z</time><sat>10</sat></trkpt>
  <trkpt lat="39.80417634" lon="109.97007981"><ele>1471.915</ele><time>2026-08-14T14:53:35Z</time><sat>9</sat></trkpt>
  <trkpt lat="39.80417640" lon="109.97007971"><ele>1471.913</ele><time>2026-08-14T14:53:38Z</time><sat>11</sat></trkpt>
  <trkpt lat="39.80417639" lon="109.97007969"><ele>1471.914</ele><time>2026-08-14T14:53:41Z</time><sat>12</sat></trkpt>
  <trkpt lat="39.80417640" lon="109.97007965"><ele>1471.908</ele><time>2026-08-14T14:53:44Z</time><sat>12</sat></trkpt>
  <trkpt lat="39.80417640" lon="109.97007959"><ele>1471.908</ele><time>2026-08-14T14:53:47Z</time><sat>11</sat></trkpt>
  <trkpt lat="39.80417646" lon="109.97007952"><ele>1471.921</ele><time>2026-08-14T14:53:50Z</time><sat>10</sat></trkpt>
  <trkpt lat="39.80417648" lon="109.97007947"><ele>1471.926</ele><time>2026-08-14T14:53:53Z</time><sat>11</sat></trkpt>
  <trkpt lat="39.80417648" lon="109.97007942"><ele>1471.941</ele><time>2026-08-14T14:53:56Z</time><sat>11</sat></trkpt>
  <trkpt lat="39.80417649" lon="109.97007941"><ele>1471.942</ele><time>2026-08-14T14:53:59Z</time><sat>11</sat></trkpt>
  <trkpt lat="39.80417650" lon="109.97007940"><ele>1471.939</ele><time>2026-08-14T14:54:02Z</time><sat>13</sat></trkpt>
  <trkpt lat="39.80417653" lon="109.97007939"><ele>1471.942</ele><time>2026-08-14T14:54:05Z</time><sat>13</sat></trkpt>
  <trkpt lat="39.80417658" lon="109.97007934"><ele>1471.944</ele><time>2026-08-14T14:54:08Z</time><sat>13</sat></trkpt>
  <trkpt lat="39.80417661" lon="109.97007930"><ele>1471.959</ele><time>2026-08-14T14:54:11Z</time><sat>13</sat></trkpt>
  <trkpt lat="39.80417660" lon="109.97007925"><ele>1471.993</ele><time>2026-08-14T14:54:14Z</time><sat>12</sat></trkpt>
  <trkpt lat="39.80417659" lon="109.97007926"><ele>1471.996</ele><time>2026-08-14T14:54:17Z</time><sat>12</sat></trkpt>
  <trkpt lat="39.80417659" lon="109.97007926"><ele>1472.009</ele><time>2026-08-14T14:54:20Z</time><sat>12</sat></trkpt>
  <trkpt lat="39.80417662" lon="109.97007925"><ele>1472.007</ele><time>2026-08-14T14:54:23Z</time><sat>13</sat></trkpt>
  <trkpt lat="39.80417664" lon="109.97007921"><ele>1472.046</ele><time>2026-08-14T14:54:26Z</time><sat>13</sat></trkpt>
  <trkpt lat="39.80417662" lon="109.97007919"><ele>1472.049</ele><time>2026-08-14T14:54:29Z</time><sat>13</sat></trkpt>
  <trkpt lat="39.80417660" lon="109.97007909"><ele>1472.053</ele><time>2026-08-14T14:54:32Z</time><sat>12</sat></trkpt>
  <trkpt lat="39.80417657" lon="109.97007897"><ele>1472.066</ele><time>2026-08-14T14:54:35Z</time><sat>10</sat></trkpt>
  <trkpt lat="39.80417650" lon="109.97007881"><ele>1472.082</ele><time>2026-08-14T14:54:38Z</time><sat>13</sat></trkpt>
  <trkpt lat="39.80417651" lon="109.97007885"><ele>1472.077</ele><time>2026-08-14T14:54:41Z</time><sat>13</sat></trkpt>
  <trkpt lat="39.80417647" lon="109.97007881"><ele>1472.081</ele><time>2026-08-14T14:54:44Z</time><sat>12</sat></trkpt>
  <trkpt lat="39.80417642" lon="109.97007873"><ele>1472.085</ele><time>2026-08-14T14:54:47Z</time><sat>11</sat></trkpt>
  <trkpt lat="39.80417641" lon="109.97007869"><ele>1472.087</ele><time>2026-08-14T14:54:50Z</time><sat>10</sat></trkpt>
  <trkpt lat="39.80417639" lon="109.97007853"><ele>1472.091</ele><time>2026-08-14T14:54:53Z</time><sat>12</sat></trkpt>
  <trkpt lat="39.80417800" lon="109.97007750"><ele>1471.959</ele><time>2026-08-14T14:54:56Z</time><sat>13</sat></trkpt>
  <trkpt lat="39.80416575" lon="109.97008001"><ele>1474.776</ele><time>2026-08-14T14:54:59Z</time><sat>11</sat></trkpt>
  <trkpt lat="39.80415757" lon="109.97008458"><ele>1475.906</ele><time>2026-08-14T14:55:02Z</time><sat>12</sat></trkpt>
  <trkpt lat="39.80415854" lon="109.97008467"><ele>1475.919</ele><time>2026-08-14T14:55:05Z</time><sat>14</sat></trkpt>
  <trkpt lat="39.80415849" lon="109.97008465"><ele>1475.913</ele><time>2026-08-14T14:55:08Z</time><sat>14</sat></trkpt>
  <trkpt lat="39.80415844" lon="109.97008432"><ele>1475.905</ele><time>2026-08-14T14:55:11Z</time><sat>14</sat></trkpt>
  <trkpt lat="39.80415694" lon="109.97008315"><ele>1474.858</ele><time>2026-08-14T14:55:14Z</time><sat>14</sat></trkpt>
  <trkpt lat="39.80416278" lon="109.97009252"><ele>1476.438</ele><time>2026-08-14T14:55:17Z</time><sat>14</sat></trkpt>
  <trkpt lat="39.80416285" lon="109.97009278"><ele>1476.446</ele><time>2026-08-14T14:55:20Z</time><sat>14</sat></trkpt>
  <trkpt lat="39.80416279" lon="109.97009293"><ele>1476.402</ele><time>2026-08-14T14:55:23Z</time><sat>13</sat></trkpt>
  <trkpt lat="39.80416279" lon="109.97009312"><ele>1476.403</ele><time>2026-08-14T14:55:26Z</time><sat>13</sat></trkpt>
  <trkpt lat="39.80416065" lon="109.97009906"><ele>1477.055</ele><time>2026-08-14T14:55:29Z</time><sat>15</sat></trkpt>
  <trkpt lat="39.80415799" lon="109.97010310"><ele>1477.121</ele><time>2026-08-14T14:55:32Z</time><sat>16</sat></trkpt>
  <trkpt lat="39.80415264" lon="109.97009640"><ele>1477.503</ele><time>2026-08-14T14:55:35Z</time><sat>14</sat></trkpt>
  <trkpt lat="39.80415082" lon="109.97008836"><ele>1478.319</ele><time>2026-08-14T14:55:38Z</time><sat>14</sat></trkpt>
  <trkpt lat="39.80416353" lon="109.97005714"><ele>1489.825</ele><time>2026-08-14T14:55:41Z</time><sat>15</sat></trkpt>
  <trkpt lat="39.80417162" lon="109.97007876"><ele>1498.222</ele><time>2026-08-14T14:55:44Z</time><sat>19</sat></trkpt>
  <trkpt lat="39.80417858" lon="109.97007274"><ele>1502.949</ele><time>2026-08-14T14:55:47Z</time><sat>23</sat></trkpt>
  <trkpt lat="39.80418077" lon="109.97007145"><ele>1502.919</ele><time>2026-08-14T14:55:50Z</time><sat>26</sat></trkpt>
  <trkpt lat="39.80418232" lon="109.97007127"><ele>1502.877</ele><time>2026-08-14T14:55:53Z</time><sat>25</sat></trkpt>
  <trkpt lat="39.80418408" lon="109.97007129"><ele>1502.868</ele><time>2026-08-14T14:55:56Z</time><sat>24</sat></trkpt>
  <trkpt lat="39.80418565" lon="109.97007131"><ele>1502.890</ele><time>2026-08-14T14:55:59Z</time><sat>25</sat></trkpt>
  <trkpt lat="39.80418700" lon="109.97007122"><ele>1502.901</ele><time>2026-08-14T14:56:02Z</time><sat>29</sat></trkpt>
  <trkpt lat="39.80419010" lon="109.97007784"><ele>1502.539</ele><time>2026-08-14T14:56:05Z</time><sat>30</sat></trkpt>
  <trkpt lat="39.80419459" lon="109.97008332"><ele>1503.662</ele><time>2026-08-14T14:56:08Z</time><sat>26</sat></trkpt>
  <trkpt lat="39.80419538" lon="109.97008304"><ele>1503.676</ele><time>2026-08-14T14:56:11Z</time><sat>23</sat></trkpt>
  <trkpt lat="39.80419534" lon="109.97008307"><ele>1503.672</ele><time>2026-08-14T14:56:14Z</time><sat>25</sat></trkpt>
  <trkpt lat="39.80419532" lon="109.97008310"><ele>1503.672</ele><time>2026-08-14T14:56:17Z</time><sat>24</sat></trkpt>
  <trkpt lat="39.80419531" lon="109.97008318"><ele>1503.677</ele><time>2026-08-14T14:56:20Z</time><sat>23</sat></trkpt>
  <trkpt lat="39.80419533" lon="109.97008315"><ele>1503.671</ele><time>2026-08-14T14:56:23Z</time><sat>22</sat></trkpt>
  <trkpt lat="39.80419530" lon="109.97008313"><ele>1503.664</ele><time>2026-08-14T14:56:26Z</time><sat>22</sat></trkpt>
  <trkpt lat="39.80420119" lon="109.97009621"><ele>1503.907</ele><time>2026-08-14T14:56:29Z</time><sat>24</sat></trkpt>
  <trkpt lat="39.80419874" lon="109.97009464"><ele>1503.077</ele><time>2026-08-14T14:56:32Z</time><sat>24</sat></trkpt>
  <trkpt lat="39.80419886" lon="109.97009233"><ele>1502.860</ele><time>2026-08-14T14:56:35Z</time><sat>21</sat></trkpt>
  <trkpt lat="39.80419910" lon="109.97009218"><ele>1502.858</ele><time>2026-08-14T14:56:38Z</time><sat>21</sat></trkpt>
  <trkpt lat="39.80419914" lon="109.97009227"><ele>1502.863</ele><time>2026-08-14T14:56:41Z</time><sat>22</sat></trkpt>
  <trkpt lat="39.80419933" lon="109.97009227"><ele>1502.863</ele><time>2026-08-14T14:56:44Z</time><sat>25</sat></trkpt>
  <trkpt lat="39.80419922" lon="109.97009213"><ele>1502.856</ele><time>2026-08-14T14:56:47Z</time><sat>21</sat></trkpt>
  <trkpt lat="39.80419924" lon="109.97009192"><ele>1502.822</ele><time>2026-08-14T14:56:50Z</time><sat>26</sat></trkpt>
  <trkpt lat="39.80419940" lon="109.97009160"><ele>1502.787</ele><time>2026-08-14T14:56:53Z</time><sat>27</sat></trkpt>
  <trkpt lat="39.80419936" lon="109.97009135"><ele>1502.803</ele><time>2026-08-14T14:56:56Z</time><sat>24</sat></trkpt>
  <trkpt lat="39.80419979" lon="109.97009104"><ele>1502.757</ele><time>2026-08-14T14:56:59Z</time><sat>25</sat></trkpt>
  <trkpt lat="39.80420016" lon="109.97009071"><ele>1502.681</ele><time>2026-08-14T14:57:02Z</time><sat>28</sat></trkpt>
  <trkpt lat="39.80420051" lon="109.97009025"><ele>1502.633</ele><time>2026-08-14T14:57:05Z</time><sat>27</sat></trkpt>
  <trkpt lat="39.80420065" lon="109.97008989"><ele>1502.595</ele><time>2026-08-14T14:57:08Z</time><sat>26</sat></trkpt>
  <trkpt lat="39.80420070" lon="109.97008964"><ele>1502.566</ele><time>2026-08-14T14:57:11Z</time><sat>26</sat></trkpt>
  <trkpt lat="39.80420107" lon="109.97008949"><ele>1502.532</ele><time>2026-08-14T14:57:14Z</time><sat>26</sat></trkpt>
  <trkpt lat="39.80420138" lon="109.97008942"><ele>1502.515</ele><time>2026-08-14T14:57:17Z</time><sat>27</sat></trkpt>
  <trkpt lat="39.80420168" lon="109.97008924"><ele>1502.482</ele><time>2026-08-14T14:57:20Z</time><sat>26</sat></trkpt>
  <trkpt lat="39.80420190" lon="109.97008911"><ele>1502.471</ele><time>2026-08-14T14:57:23Z</time><sat>24</sat></trkpt>
  <trkpt lat="39.80420205" lon="109.97008891"><ele>1502.452</ele><time>2026-08-14T14:57:26Z</time><sat>26</sat></trkpt>
  <trkpt lat="39.80420195" lon="109.97008859"><ele>1502.418</ele><time>2026-08-14T14:57:29Z</time><sat>25</sat></trkpt>
  <trkpt lat="39.80420186" lon="109.97008824"><ele>1502.366</ele><time>2026-08-14T14:57:32Z</time><sat>27</sat></trkpt>
  <trkpt lat="39.80420190" lon="109.97008796"><ele>1502.321</ele><time>2026-08-14T14:57:35Z</time><sat>29</sat></trkpt>
  <trkpt lat="39.80420178" lon="109.97008763"><ele>1502.259</ele><time>2026-08-14T14:57:38Z</time><sat>28</sat></trkpt>
  <trkpt lat="39.80420163" lon="109.97008745"><ele>1502.220</ele><time>2026-08-14T14:57:41Z</time><sat>27</sat></trkpt>
  <trkpt lat="39.80420260" lon="109.97008238"><ele>1503.047</ele><time>2026-08-14T14:57:44Z</time><sat>30</sat></trkpt>
  <trkpt lat="39.80420213" lon="109.97008173"><ele>1502.984</ele><time>2026-08-14T14:57:47Z</time><sat>29</sat></trkpt>
  <trkpt lat="39.80420006" lon="109.97008065"><ele>1503.624</ele><time>2026-08-14T14:57:50Z</time><sat>22</sat></trkpt>
  <trkpt lat="39.80419587" lon="109.97007321"><ele>1503.090</ele><time>2026-08-14T14:57:53Z</time><sat>22</sat></trkpt>
  <trkpt lat="39.80419575" lon="109.97007311"><ele>1503.012</ele><time>2026-08-14T14:57:56Z</time><sat>19</sat></trkpt>
  <trkpt lat="39.80419573" lon="109.97007277"><ele>1502.977</ele><time>2026-08-14T14:57:59Z</time><sat>23</sat></trkpt>
  <trkpt lat="39.80419574" lon="109.97007249"><ele>1502.953</ele><time>2026-08-14T14:58:02Z</time><sat>26</sat></trkpt>
  <trkpt lat="39.80419652" lon="109.97007172"><ele>1503.031</ele><time>2026-08-14T14:58:05Z</time><sat>30</sat></trkpt>
  <trkpt lat="39.80418813" lon="109.97007737"><ele>1503.309</ele><time>2026-08-14T14:58:08Z</time><sat>28</sat></trkpt>
  <trkpt lat="39.80418697" lon="109.97007974"><ele>1503.442</ele><time>2026-08-14T14:58:11Z</time><sat>28</sat></trkpt>
  <trkpt lat="39.80418487" lon="109.97008097"><ele>1503.440</ele><time>2026-08-14T14:58:14Z</time><sat>26</sat></trkpt>
  <trkpt lat="39.80417871" lon="109.97008416"><ele>1503.193</ele><time>2026-08-14T14:58:17Z</time><sat>23</sat></trkpt>
  <trkpt lat="39.80417778" lon="109.97008277"><ele>1505.000</ele><time>2026-08-14T14:58:20Z</time><sat>23</sat></trkpt>
  <trkpt lat="39.80417869" lon="109.97008252"><ele>1505.108</ele><time>2026-08-14T14:58:23Z</time><sat>24</sat></trkpt>
  <trkpt lat="39.80417864" lon="109.97008245"><ele>1505.090</ele><time>2026-08-14T14:58:26Z</time><sat>23</sat></trkpt>
  <trkpt lat="39.80417856" lon="109.97008226"><ele>1505.034</ele><time>2026-08-14T14:58:29Z</time><sat>25</sat></trkpt>
  <trkpt lat="39.80417862" lon="109.97008204"><ele>1505.010</ele><time>2026-08-14T14:58:32Z</time><sat>27</sat></trkpt>
  <trkpt lat="39.80417965" lon="109.97008316"><ele>1504.912</ele><time>2026-08-14T14:58:35Z</time><sat>26</sat></trkpt>
  <trkpt lat="39.80417981" lon="109.97008397"><ele>1504.863</ele><time>2026-08-14T14:58:38Z</time><sat>27</sat></trkpt>
  <trkpt lat="39.80417985" lon="109.97008430"><ele>1504.824</ele><time>2026-08-14T14:58:41Z</time><sat>27</sat></trkpt>
  <trkpt lat="39.80417991" lon="109.97008464"><ele>1504.789</ele><time>2026-08-14T14:58:44Z</time><sat>27</sat></trkpt>
  <trkpt lat="39.80417998" lon="109.97008491"><ele>1504.774</ele><time>2026-08-14T14:58:47Z</time><sat>26</sat></trkpt>
  <trkpt lat="39.80418011" lon="109.97008497"><ele>1504.801</ele><time>2026-08-14T14:58:50Z</time><sat>24</sat></trkpt>
  <trkpt lat="39.80418018" lon="109.97008519"><ele>1504.785</ele><time>2026-08-14T14:58:53Z</time><sat>29</sat></trkpt>
  <trkpt lat="39.80418024" lon="109.97008544"><ele>1504.778</ele><time>2026-08-14T14:58:56Z</time><sat>26</sat></trkpt>
  <trkpt lat="39.80418029" lon="109.97008567"><ele>1504.757</ele><time>2026-08-14T14:58:59Z</time><sat>23</sat></trkpt>
  <trkpt lat="39.80418028" lon="109.97008571"><ele>1504.763</ele><time>2026-08-14T14:59:02Z</time><sat>28</sat></trkpt>
  <trkpt lat="39.80418025" lon="109.97008565"><ele>1504.763</ele><time>2026-08-14T14:59:05Z</time><sat>31</sat></trkpt>
  <trkpt lat="39.80418029" lon="109.97008573"><ele>1504.751</ele><time>2026-08-14T14:59:08Z</time><sat>30</sat></trkpt>
  <trkpt lat="39.80418035" lon="109.97008612"><ele>1504.699</ele><time>2026-08-14T14:59:11Z</time><sat>27</sat></trkpt>
  <trkpt lat="39.80418160" lon="109.97008789"><ele>1504.575</ele><time>2026-08-14T14:59:14Z</time><sat>29</sat></trkpt>
 </trkseg>
</trk>

</gpx>
 