<?xml version="1.0" encoding="UTF-8"?>
<!-- Created with BasicAirData GPS Logger for Android - ver. 3.3.0 -->
<!-- Track 410 = 8042 TrackPoints + 0 Placemarks -->

<!-- Track Statistics (based on Total Time | Time in Movement): -->
<!--  Distance = 311.8 公里 -->
<!--  Duration = 07:56:02 | 07:03:34 -->
<!--  Altitude Gap = -13 米 -->
<!--  Max Speed = 127 公里/时 -->
<!--  Avg Speed = 39.3 | 44.2 公里/时 -->
<!--  Direction = 48° -->
<!--  Activity = car -->
<!--  Altitudes = Corrected using EGM96 grid (bilinear interpolation) -->

<gpx version="1.1"
     creator="BasicAirData GPS Logger 3.3.0"
     xmlns="http://www.topografix.com/GPX/1/1"
     xmlns:xsi="http://www.w3.org/2001/XMLSchema-instance"
     xsi:schemaLocation="http://www.topografix.com/GPX/1/1 http://www.topografix.com/GPX/1/1/gpx.xsd">
<metadata> 
 <name>GPS Logger 20260825-102559</name>
 <time>2026-09-01T13:50:16Z</time>
 <keywords>car</keywords>
 <bounds minlat="38.67947214" minlon="114.41027750" maxlat="38.88687467" maxlon="115.54439487" />
</metadata>

<trk>
 <name>轨迹 20260825-102559</name>
 <trkseg>
  <trkpt lat="38.67947214" lon="115.24792672"><ele>32.501</ele><time>2026-08-25T02:25:59Z</time><sat>11</sat></trkpt>
  <trkpt lat="38.67975128" lon="115.24890860"><ele>34.485</ele><time>2026-08-25T02:26:02Z</time><sat>30</sat></trkpt>
  <trkpt lat="38.68006585" lon="115.24989313"><ele>34.759</ele><time>2026-08-25T02:26:05Z</time><sat>31</sat></trkpt>
  <trkpt lat="38.68038739" lon="115.25088366"><ele>34.345</ele><time>2026-08-25T02:26:08Z</time><sat>30</sat></trkpt>
  <trkpt lat="38.68072397" lon="115.25189916"><ele>36.275</ele><time>2026-08-25T02:26:11Z</time><sat>31</sat></trkpt>
  <trkpt lat="38.68106181" lon="115.25292369"><ele>36.645</ele><time>2026-08-25T02:26:14Z</time><sat>31</sat></trkpt>
  <trkpt lat="38.68138747" lon="115.25394206"><ele>37.519</ele><time>2026-08-25T02:26:17Z</time><sat>28</sat></trkpt>
  <trkpt lat="38.68170857" lon="115.25497601"><ele>36.471</ele><time>2026-08-25T02:26:20Z</time><sat>30</sat></trkpt>
  <trkpt lat="38.68204530" lon="115.25600285"><ele>35.823</ele><time>2026-08-25T02:26:23Z</time><sat>30</sat></trkpt>
  <trkpt lat="38.68237718" lon="115.25703126"><ele>36.057</ele><time>2026-08-25T02:26:26Z</time><sat>29</sat></trkpt>
  <trkpt lat="38.68271276" lon="115.25805911"><ele>36.730</ele><time>2026-08-25T02:26:29Z</time><sat>30</sat></trkpt>
  <trkpt lat="38.68304770" lon="115.25908575"><ele>36.153</ele><time>2026-08-25T02:26:32Z</time><sat>31</sat></trkpt>
  <trkpt lat="38.68337743" lon="115.26009548"><ele>35.760</ele><time>2026-08-25T02:26:35Z</time><sat>31</sat></trkpt>
  <trkpt lat="38.68368934" lon="115.26106124"><ele>35.142</ele><time>2026-08-25T02:26:38Z</time><sat>31</sat></trkpt>
  <trkpt lat="38.68399131" lon="115.26199352"><ele>34.954</ele><time>2026-08-25T02:26:41Z</time><sat>31</sat></trkpt>
  <trkpt lat="38.68429927" lon="115.26293195"><ele>34.909</ele><time>2026-08-25T02:26:44Z</time><sat>30</sat></trkpt>
  <trkpt lat="38.68461564" lon="115.26389254"><ele>34.535</ele><time>2026-08-25T02:26:47Z</time><sat>31</sat></trkpt>
  <trkpt lat="38.68494618" lon="115.26486059"><ele>33.884</ele><time>2026-08-25T02:26:50Z</time><sat>31</sat></trkpt>
  <trkpt lat="38.68528894" lon="115.26584138"><ele>34.123</ele><time>2026-08-25T02:26:53Z</time><sat>31</sat></trkpt>
  <trkpt lat="38.68564921" lon="115.26682088"><ele>33.919</ele><time>2026-08-25T02:26:56Z</time><sat>29</sat></trkpt>
  <trkpt lat="38.68602138" lon="115.26779702"><ele>34.494</ele><time>2026-08-25T02:26:59Z</time><sat>29</sat></trkpt>
  <trkpt lat="38.68640825" lon="115.26877991"><ele>35.169</ele><time>2026-08-25T02:27:02Z</time><sat>30</sat></trkpt>
  <trkpt lat="38.68682538" lon="115.26975160"><ele>35.342</ele><time>2026-08-25T02:27:05Z</time><sat>31</sat></trkpt>
  <trkpt lat="38.68724930" lon="115.27072358"><ele>35.719</ele><time>2026-08-25T02:27:08Z</time><sat>31</sat></trkpt>
  <trkpt lat="38.68766485" lon="115.27170419"><ele>35.188</ele><time>2026-08-25T02:27:11Z</time><sat>30</sat></trkpt>
  <trkpt lat="38.68810309" lon="115.27267299"><ele>34.263</ele><time>2026-08-25T02:27:14Z</time><sat>31</sat></trkpt>
  <trkpt lat="38.68854411" lon="115.27363818"><ele>33.883</ele><time>2026-08-25T02:27:17Z</time><sat>30</sat></trkpt>
  <trkpt lat="38.68899864" lon="115.27458911"><ele>33.647</ele><time>2026-08-25T02:27:20Z</time><sat>30</sat></trkpt>
  <trkpt lat="38.68945290" lon="115.27551587"><ele>33.242</ele><time>2026-08-25T02:27:23Z</time><sat>31</sat></trkpt>
  <trkpt lat="38.68989912" lon="115.27639195"><ele>33.355</ele><time>2026-08-25T02:27:26Z</time><sat>31</sat></trkpt>
  <trkpt lat="38.69034537" lon="115.27724931"><ele>34.011</ele><time>2026-08-25T02:27:29Z</time><sat>31</sat></trkpt>
  <trkpt lat="38.69080338" lon="115.27810294"><ele>34.733</ele><time>2026-08-25T02:27:32Z</time><sat>31</sat></trkpt>
  <trkpt lat="38.69127393" lon="115.27895397"><ele>35.949</ele><time>2026-08-25T02:27:35Z</time><sat>31</sat></trkpt>
  <trkpt lat="38.69175537" lon="115.27979802"><ele>36.706</ele><time>2026-08-25T02:27:38Z</time><sat>32</sat></trkpt>
  <trkpt lat="38.69224533" lon="115.28063720"><ele>37.515</ele><time>2026-08-25T02:27:41Z</time><sat>31</sat></trkpt>
  <trkpt lat="38.69274583" lon="115.28148117"><ele>38.763</ele><time>2026-08-25T02:27:44Z</time><sat>30</sat></trkpt>
  <trkpt lat="38.69325576" lon="115.28230999"><ele>38.498</ele><time>2026-08-25T02:27:47Z</time><sat>31</sat></trkpt>
  <trkpt lat="38.69376516" lon="115.28310976"><ele>37.675</ele><time>2026-08-25T02:27:50Z</time><sat>31</sat></trkpt>
  <trkpt lat="38.69426680" lon="115.28389146"><ele>37.028</ele><time>2026-08-25T02:27:53Z</time><sat>31</sat></trkpt>
  <trkpt lat="38.69477250" lon="115.28464937"><ele>35.995</ele><time>2026-08-25T02:27:56Z</time><sat>31</sat></trkpt>
  <trkpt lat="38.69527987" lon="115.28539620"><ele>35.361</ele><time>2026-08-25T02:27:59Z</time><sat>29</sat></trkpt>
  <trkpt lat="38.69579916" lon="115.28613705"><ele>34.536</ele><time>2026-08-25T02:28:02Z</time><sat>28</sat></trkpt>
  <trkpt lat="38.69633081" lon="115.28688198"><ele>34.054</ele><time>2026-08-25T02:28:05Z</time><sat>29</sat></trkpt>
  <trkpt lat="38.69687507" lon="115.28762013"><ele>34.512</ele><time>2026-08-25T02:28:08Z</time><sat>29</sat></trkpt>
  <trkpt lat="38.69743022" lon="115.28835421"><ele>34.530</ele><time>2026-08-25T02:28:11Z</time><sat>30</sat></trkpt>
  <trkpt lat="38.69799568" lon="115.28908762"><ele>35.091</ele><time>2026-08-25T02:28:14Z</time><sat>30</sat></trkpt>
  <trkpt lat="38.69857264" lon="115.28981339"><ele>34.720</ele><time>2026-08-25T02:28:17Z</time><sat>30</sat></trkpt>
  <trkpt lat="38.69915282" lon="115.29055782"><ele>34.227</ele><time>2026-08-25T02:28:20Z</time><sat>30</sat></trkpt>
  <trkpt lat="38.69973235" lon="115.29130854"><ele>33.357</ele><time>2026-08-25T02:28:23Z</time><sat>30</sat></trkpt>
  <trkpt lat="38.70032295" lon="115.29206790"><ele>32.109</ele><time>2026-08-25T02:28:26Z</time><sat>30</sat></trkpt>
  <trkpt lat="38.70092205" lon="115.29283931"><ele>31.813</ele><time>2026-08-25T02:28:29Z</time><sat>30</sat></trkpt>
  <trkpt lat="38.70152694" lon="115.29362065"><ele>31.649</ele><time>2026-08-25T02:28:32Z</time><sat>30</sat></trkpt>
  <trkpt lat="38.70213706" lon="115.29441157"><ele>31.020</ele><time>2026-08-25T02:28:35Z</time><sat>30</sat></trkpt>
  <trkpt lat="38.70275744" lon="115.29519205"><ele>30.349</ele><time>2026-08-25T02:28:38Z</time><sat>30</sat></trkpt>
  <trkpt lat="38.70337765" lon="115.29597241"><ele>29.864</ele><time>2026-08-25T02:28:41Z</time><sat>30</sat></trkpt>
  <trkpt lat="38.70399219" lon="115.29676528"><ele>29.707</ele><time>2026-08-25T02:28:44Z</time><sat>30</sat></trkpt>
  <trkpt lat="38.70460211" lon="115.29755362"><ele>31.310</ele><time>2026-08-25T02:28:47Z</time><sat>30</sat></trkpt>
  <trkpt lat="38.70521188" lon="115.29834362"><ele>31.654</ele><time>2026-08-25T02:28:50Z</time><sat>30</sat></trkpt>
  <trkpt lat="38.70582925" lon="115.29913320"><ele>31.110</ele><time>2026-08-25T02:28:53Z</time><sat>30</sat></trkpt>
  <trkpt lat="38.70644226" lon="115.29992669"><ele>31.193</ele><time>2026-08-25T02:28:56Z</time><sat>30</sat></trkpt>
  <trkpt lat="38.70705622" lon="115.30072205"><ele>30.716</ele><time>2026-08-25T02:28:59Z</time><sat>30</sat></trkpt>
  <trkpt lat="38.70766683" lon="115.30151241"><ele>31.656</ele><time>2026-08-25T02:29:02Z</time><sat>29</sat></trkpt>
  <trkpt lat="38.70827935" lon="115.30230285"><ele>31.838</ele><time>2026-08-25T02:29:05Z</time><sat>31</sat></trkpt>
  <trkpt lat="38.70889483" lon="115.30309440"><ele>31.967</ele><time>2026-08-25T02:29:08Z</time><sat>31</sat></trkpt>
  <trkpt lat="38.70951292" lon="115.30389171"><ele>33.036</ele><time>2026-08-25T02:29:11Z</time><sat>28</sat></trkpt>
  <trkpt lat="38.71013014" lon="115.30468183"><ele>32.968</ele><time>2026-08-25T02:29:14Z</time><sat>28</sat></trkpt>
  <trkpt lat="38.71074364" lon="115.30548169"><ele>32.476</ele><time>2026-08-25T02:29:17Z</time><sat>28</sat></trkpt>
  <trkpt lat="38.71136149" lon="115.30627151"><ele>32.018</ele><time>2026-08-25T02:29:20Z</time><sat>28</sat></trkpt>
  <trkpt lat="38.71198179" lon="115.30705573"><ele>31.737</ele><time>2026-08-25T02:29:23Z</time><sat>30</sat></trkpt>
  <trkpt lat="38.71258927" lon="115.30783901"><ele>30.854</ele><time>2026-08-25T02:29:26Z</time><sat>30</sat></trkpt>
  <trkpt lat="38.71317920" lon="115.30859165"><ele>30.490</ele><time>2026-08-25T02:29:29Z</time><sat>30</sat></trkpt>
  <trkpt lat="38.71375637" lon="115.30935224"><ele>31.272</ele><time>2026-08-25T02:29:32Z</time><sat>29</sat></trkpt>
  <trkpt lat="38.71432951" lon="115.31009913"><ele>32.323</ele><time>2026-08-25T02:29:35Z</time><sat>31</sat></trkpt>
  <trkpt lat="38.71489989" lon="115.31083944"><ele>32.635</ele><time>2026-08-25T02:29:38Z</time><sat>31</sat></trkpt>
  <trkpt lat="38.71545933" lon="115.31156398"><ele>33.121</ele><time>2026-08-25T02:29:41Z</time><sat>29</sat></trkpt>
  <trkpt lat="38.71599830" lon="115.31226683"><ele>33.998</ele><time>2026-08-25T02:29:44Z</time><sat>29</sat></trkpt>
  <trkpt lat="38.71652161" lon="115.31293663"><ele>34.472</ele><time>2026-08-25T02:29:47Z</time><sat>29</sat></trkpt>
  <trkpt lat="38.71703377" lon="115.31358949"><ele>34.105</ele><time>2026-08-25T02:29:50Z</time><sat>29</sat></trkpt>
  <trkpt lat="38.71755186" lon="115.31425429"><ele>34.390</ele><time>2026-08-25T02:29:53Z</time><sat>29</sat></trkpt>
  <trkpt lat="38.71804823" lon="115.31489180"><ele>33.946</ele><time>2026-08-25T02:29:56Z</time><sat>30</sat></trkpt>
  <trkpt lat="38.71849988" lon="115.31547534"><ele>35.875</ele><time>2026-08-25T02:29:59Z</time><sat>31</sat></trkpt>
  <trkpt lat="38.71896636" lon="115.31607746"><ele>35.840</ele><time>2026-08-25T02:30:02Z</time><sat>31</sat></trkpt>
  <trkpt lat="38.71946163" lon="115.31671810"><ele>35.489</ele><time>2026-08-25T02:30:05Z</time><sat>31</sat></trkpt>
  <trkpt lat="38.71998100" lon="115.31737874"><ele>35.222</ele><time>2026-08-25T02:30:08Z</time><sat>29</sat></trkpt>
  <trkpt lat="38.72051217" lon="115.31806191"><ele>35.581</ele><time>2026-08-25T02:30:11Z</time><sat>29</sat></trkpt>
  <trkpt lat="38.72106226" lon="115.31877238"><ele>35.541</ele><time>2026-08-25T02:30:14Z</time><sat>28</sat></trkpt>
  <trkpt lat="38.72162482" lon="115.31950947"><ele>35.697</ele><time>2026-08-25T02:30:17Z</time><sat>28</sat></trkpt>
  <trkpt lat="38.72219361" lon="115.32027317"><ele>36.088</ele><time>2026-08-25T02:30:20Z</time><sat>29</sat></trkpt>
  <trkpt lat="38.72277051" lon="115.32106484"><ele>36.554</ele><time>2026-08-25T02:30:23Z</time><sat>28</sat></trkpt>
  <trkpt lat="38.72333949" lon="115.32188388"><ele>36.825</ele><time>2026-08-25T02:30:26Z</time><sat>28</sat></trkpt>
  <trkpt lat="38.72389928" lon="115.32273828"><ele>37.056</ele><time>2026-08-25T02:30:29Z</time><sat>29</sat></trkpt>
  <trkpt lat="38.72443423" lon="115.32359179"><ele>37.647</ele><time>2026-08-25T02:30:32Z</time><sat>26</sat></trkpt>
  <trkpt lat="38.72494955" lon="115.32444758"><ele>36.894</ele><time>2026-08-25T02:30:35Z</time><sat>28</sat></trkpt>
  <trkpt lat="38.72544770" lon="115.32531517"><ele>36.321</ele><time>2026-08-25T02:30:38Z</time><sat>29</sat></trkpt>
  <trkpt lat="38.72592231" lon="115.32622039"><ele>35.663</ele><time>2026-08-25T02:30:41Z</time><sat>31</sat></trkpt>
  <trkpt lat="38.72639607" lon="115.32714603"><ele>34.577</ele><time>2026-08-25T02:30:44Z</time><sat>31</sat></trkpt>
  <trkpt lat="38.72684794" lon="115.32808986"><ele>32.797</ele><time>2026-08-25T02:30:47Z</time><sat>31</sat></trkpt>
  <trkpt lat="38.72728640" lon="115.32906177"><ele>32.820</ele><time>2026-08-25T02:30:50Z</time><sat>31</sat></trkpt>
  <trkpt lat="38.72770456" lon="115.33003791"><ele>32.369</ele><time>2026-08-25T02:30:53Z</time><sat>31</sat></trkpt>
  <trkpt lat="38.72810135" lon="115.33102511"><ele>31.494</ele><time>2026-08-25T02:30:56Z</time><sat>30</sat></trkpt>
  <trkpt lat="38.72848600" lon="115.33203201"><ele>30.717</ele><time>2026-08-25T02:30:59Z</time><sat>29</sat></trkpt>
  <trkpt lat="38.72885072" lon="115.33305052"><ele>29.610</ele><time>2026-08-25T02:31:02Z</time><sat>30</sat></trkpt>
  <trkpt lat="38.72920198" lon="115.33407411"><ele>28.778</ele><time>2026-08-25T02:31:05Z</time><sat>30</sat></trkpt>
  <trkpt lat="38.72952591" lon="115.33511816"><ele>28.285</ele><time>2026-08-25T02:31:08Z</time><sat>29</sat></trkpt>
  <trkpt lat="38.72982822" lon="115.33616406"><ele>27.495</ele><time>2026-08-25T02:31:11Z</time><sat>29</sat></trkpt>
  <trkpt lat="38.73011688" lon="115.33722008"><ele>27.651</ele><time>2026-08-25T02:31:14Z</time><sat>29</sat></trkpt>
  <trkpt lat="38.73037417" lon="115.33827840"><ele>27.857</ele><time>2026-08-25T02:31:17Z</time><sat>29</sat></trkpt>
  <trkpt lat="38.73061009" lon="115.33930881"><ele>28.247</ele><time>2026-08-25T02:31:20Z</time><sat>27</sat></trkpt>
  <trkpt lat="38.73082406" lon="115.34032012"><ele>28.304</ele><time>2026-08-25T02:31:23Z</time><sat>26</sat></trkpt>
  <trkpt lat="38.73101992" lon="115.34131593"><ele>28.561</ele><time>2026-08-25T02:31:26Z</time><sat>30</sat></trkpt>
  <trkpt lat="38.73118369" lon="115.34231125"><ele>27.179</ele><time>2026-08-25T02:31:29Z</time><sat>31</sat></trkpt>
  <trkpt lat="38.73133927" lon="115.34332422"><ele>27.883</ele><time>2026-08-25T02:31:32Z</time><sat>31</sat></trkpt>
  <trkpt lat="38.73148011" lon="115.34432701"><ele>27.787</ele><time>2026-08-25T02:31:35Z</time><sat>31</sat></trkpt>
  <trkpt lat="38.73159119" lon="115.34534609"><ele>27.032</ele><time>2026-08-25T02:31:38Z</time><sat>30</sat></trkpt>
  <trkpt lat="38.73169721" lon="115.34636599"><ele>26.925</ele><time>2026-08-25T02:31:41Z</time><sat>31</sat></trkpt>
  <trkpt lat="38.73178378" lon="115.34736785"><ele>26.300</ele><time>2026-08-25T02:31:44Z</time><sat>31</sat></trkpt>
  <trkpt lat="38.73185289" lon="115.34838299"><ele>25.776</ele><time>2026-08-25T02:31:47Z</time><sat>30</sat></trkpt>
  <trkpt lat="38.73190997" lon="115.34940295"><ele>26.744</ele><time>2026-08-25T02:31:50Z</time><sat>30</sat></trkpt>
  <trkpt lat="38.73195287" lon="115.35042200"><ele>26.994</ele><time>2026-08-25T02:31:53Z</time><sat>30</sat></trkpt>
  <trkpt lat="38.73199277" lon="115.35144378"><ele>27.235</ele><time>2026-08-25T02:31:56Z</time><sat>30</sat></trkpt>
  <trkpt lat="38.73203587" lon="115.35246272"><ele>26.855</ele><time>2026-08-25T02:31:59Z</time><sat>28</sat></trkpt>
  <trkpt lat="38.73207035" lon="115.35348571"><ele>27.285</ele><time>2026-08-25T02:32:02Z</time><sat>29</sat></trkpt>
  <trkpt lat="38.73211242" lon="115.35451903"><ele>26.895</ele><time>2026-08-25T02:32:05Z</time><sat>31</sat></trkpt>
  <trkpt lat="38.73215648" lon="115.35554417"><ele>26.696</ele><time>2026-08-25T02:32:08Z</time><sat>31</sat></trkpt>
  <trkpt lat="38.73219596" lon="115.35656845"><ele>26.261</ele><time>2026-08-25T02:32:11Z</time><sat>29</sat></trkpt>
  <trkpt lat="38.73224554" lon="115.35759101"><ele>26.304</ele><time>2026-08-25T02:32:14Z</time><sat>30</sat></trkpt>
  <trkpt lat="38.73230109" lon="115.35861941"><ele>27.106</ele><time>2026-08-25T02:32:17Z</time><sat>30</sat></trkpt>
  <trkpt lat="38.73235408" lon="115.35963405"><ele>26.639</ele><time>2026-08-25T02:32:20Z</time><sat>29</sat></trkpt>
  <trkpt lat="38.73240754" lon="115.36064885"><ele>24.508</ele><time>2026-08-25T02:32:23Z</time><sat>27</sat></trkpt>
  <trkpt lat="38.73246005" lon="115.36166361"><ele>23.797</ele><time>2026-08-25T02:32:26Z</time><sat>27</sat></trkpt>
  <trkpt lat="38.73252326" lon="115.36267239"><ele>22.664</ele><time>2026-08-25T02:32:29Z</time><sat>28</sat></trkpt>
  <trkpt lat="38.73259567" lon="115.36369476"><ele>21.623</ele><time>2026-08-25T02:32:32Z</time><sat>29</sat></trkpt>
  <trkpt lat="38.73267687" lon="115.36469277"><ele>20.018</ele><time>2026-08-25T02:32:35Z</time><sat>30</sat></trkpt>
  <trkpt lat="38.73277930" lon="115.36571027"><ele>20.947</ele><time>2026-08-25T02:32:38Z</time><sat>28</sat></trkpt>
  <trkpt lat="38.73285302" lon="115.36673986"><ele>19.347</ele><time>2026-08-25T02:32:41Z</time><sat>25</sat></trkpt>
  <trkpt lat="38.73296237" lon="115.36775815"><ele>19.840</ele><time>2026-08-25T02:32:44Z</time><sat>27</sat></trkpt>
  <trkpt lat="38.73309498" lon="115.36875994"><ele>20.948</ele><time>2026-08-25T02:32:47Z</time><sat>31</sat></trkpt>
  <trkpt lat="38.73319758" lon="115.36977867"><ele>21.257</ele><time>2026-08-25T02:32:50Z</time><sat>28</sat></trkpt>
  <trkpt lat="38.73331310" lon="115.37078620"><ele>21.278</ele><time>2026-08-25T02:32:53Z</time><sat>27</sat></trkpt>
  <trkpt lat="38.73344680" lon="115.37179966"><ele>20.884</ele><time>2026-08-25T02:32:56Z</time><sat>28</sat></trkpt>
  <trkpt lat="38.73359051" lon="115.37280869"><ele>19.398</ele><time>2026-08-25T02:32:59Z</time><sat>27</sat></trkpt>
  <trkpt lat="38.73374006" lon="115.37381939"><ele>19.723</ele><time>2026-08-25T02:33:02Z</time><sat>27</sat></trkpt>
  <trkpt lat="38.73389795" lon="115.37483475"><ele>20.379</ele><time>2026-08-25T02:33:05Z</time><sat>27</sat></trkpt>
  <trkpt lat="38.73406497" lon="115.37583840"><ele>22.008</ele><time>2026-08-25T02:33:08Z</time><sat>27</sat></trkpt>
  <trkpt lat="38.73421257" lon="115.37679699"><ele>22.188</ele><time>2026-08-25T02:33:11Z</time><sat>27</sat></trkpt>
  <trkpt lat="38.73438536" lon="115.37771089"><ele>22.810</ele><time>2026-08-25T02:33:14Z</time><sat>27</sat></trkpt>
  <trkpt lat="38.73455163" lon="115.37861388"><ele>24.780</ele><time>2026-08-25T02:33:17Z</time><sat>29</sat></trkpt>
  <trkpt lat="38.73470926" lon="115.37945121"><ele>23.892</ele><time>2026-08-25T02:33:20Z</time><sat>29</sat></trkpt>
  <trkpt lat="38.73486148" lon="115.38025718"><ele>22.176</ele><time>2026-08-25T02:33:23Z</time><sat>27</sat></trkpt>
  <trkpt lat="38.73502534" lon="115.38110640"><ele>20.983</ele><time>2026-08-25T02:33:26Z</time><sat>28</sat></trkpt>
  <trkpt lat="38.73519890" lon="115.38198260"><ele>20.970</ele><time>2026-08-25T02:33:29Z</time><sat>27</sat></trkpt>
  <trkpt lat="38.73538125" lon="115.38290824"><ele>20.525</ele><time>2026-08-25T02:33:32Z</time><sat>27</sat></trkpt>
  <trkpt lat="38.73555434" lon="115.38387429"><ele>21.614</ele><time>2026-08-25T02:33:35Z</time><sat>26</sat></trkpt>
  <trkpt lat="38.73574236" lon="115.38485078"><ele>21.567</ele><time>2026-08-25T02:33:38Z</time><sat>27</sat></trkpt>
  <trkpt lat="38.73593629" lon="115.38585299"><ele>21.326</ele><time>2026-08-25T02:33:41Z</time><sat>27</sat></trkpt>
  <trkpt lat="38.73613171" lon="115.38687870"><ele>21.287</ele><time>2026-08-25T02:33:44Z</time><sat>27</sat></trkpt>
  <trkpt lat="38.73632788" lon="115.38792120"><ele>21.491</ele><time>2026-08-25T02:33:47Z</time><sat>28</sat></trkpt>
  <trkpt lat="38.73652759" lon="115.38897218"><ele>21.095</ele><time>2026-08-25T02:33:50Z</time><sat>25</sat></trkpt>
  <trkpt lat="38.73671478" lon="115.38996274"><ele>19.689</ele><time>2026-08-25T02:33:53Z</time><sat>25</sat></trkpt>
  <trkpt lat="38.73687284" lon="115.39092958"><ele>19.820</ele><time>2026-08-25T02:33:56Z</time><sat>26</sat></trkpt>
  <trkpt lat="38.73704558" lon="115.39189126"><ele>20.434</ele><time>2026-08-25T02:33:59Z</time><sat>25</sat></trkpt>
  <trkpt lat="38.73724347" lon="115.39287749"><ele>22.577</ele><time>2026-08-25T02:34:02Z</time><sat>23</sat></trkpt>
  <trkpt lat="38.73742570" lon="115.39386814"><ele>23.686</ele><time>2026-08-25T02:34:05Z</time><sat>23</sat></trkpt>
  <trkpt lat="38.73760463" lon="115.39484471"><ele>21.008</ele><time>2026-08-25T02:34:08Z</time><sat>24</sat></trkpt>
  <trkpt lat="38.73777077" lon="115.39584207"><ele>22.780</ele><time>2026-08-25T02:34:11Z</time><sat>23</sat></trkpt>
  <trkpt lat="38.73794607" lon="115.39684921"><ele>23.292</ele><time>2026-08-25T02:34:14Z</time><sat>24</sat></trkpt>
  <trkpt lat="38.73810457" lon="115.39783786"><ele>22.312</ele><time>2026-08-25T02:34:17Z</time><sat>23</sat></trkpt>
  <trkpt lat="38.73825131" lon="115.39884057"><ele>22.210</ele><time>2026-08-25T02:34:20Z</time><sat>25</sat></trkpt>
  <trkpt lat="38.73837760" lon="115.39986016"><ele>23.182</ele><time>2026-08-25T02:34:23Z</time><sat>25</sat></trkpt>
  <trkpt lat="38.73849826" lon="115.40089045"><ele>23.476</ele><time>2026-08-25T02:34:26Z</time><sat>25</sat></trkpt>
  <trkpt lat="38.73860475" lon="115.40190456"><ele>22.995</ele><time>2026-08-25T02:34:29Z</time><sat>25</sat></trkpt>
  <trkpt lat="38.73871434" lon="115.40293024"><ele>21.536</ele><time>2026-08-25T02:34:32Z</time><sat>25</sat></trkpt>
  <trkpt lat="38.73882236" lon="115.40395108"><ele>21.515</ele><time>2026-08-25T02:34:35Z</time><sat>25</sat></trkpt>
  <trkpt lat="38.73891260" lon="115.40493019"><ele>21.822</ele><time>2026-08-25T02:34:38Z</time><sat>26</sat></trkpt>
  <trkpt lat="38.73900189" lon="115.40590195"><ele>20.007</ele><time>2026-08-25T02:34:41Z</time><sat>27</sat></trkpt>
  <trkpt lat="38.73906409" lon="115.40694073"><ele>18.886</ele><time>2026-08-25T02:34:44Z</time><sat>22</sat></trkpt>
  <trkpt lat="38.73912773" lon="115.40796188"><ele>17.825</ele><time>2026-08-25T02:34:47Z</time><sat>23</sat></trkpt>
  <trkpt lat="38.73918213" lon="115.40897261"><ele>18.189</ele><time>2026-08-25T02:34:50Z</time><sat>22</sat></trkpt>
  <trkpt lat="38.73923555" lon="115.40998646"><ele>18.160</ele><time>2026-08-25T02:34:53Z</time><sat>25</sat></trkpt>
  <trkpt lat="38.73926699" lon="115.41101325"><ele>17.034</ele><time>2026-08-25T02:34:56Z</time><sat>25</sat></trkpt>
  <trkpt lat="38.73928927" lon="115.41204582"><ele>16.829</ele><time>2026-08-25T02:34:59Z</time><sat>22</sat></trkpt>
  <trkpt lat="38.73930724" lon="115.41306952"><ele>16.504</ele><time>2026-08-25T02:35:02Z</time><sat>22</sat></trkpt>
  <trkpt lat="38.73931780" lon="115.41409322"><ele>14.637</ele><time>2026-08-25T02:35:05Z</time><sat>25</sat></trkpt>
  <trkpt lat="38.73932164" lon="115.41511301"><ele>16.492</ele><time>2026-08-25T02:35:08Z</time><sat>24</sat></trkpt>
  <trkpt lat="38.73931847" lon="115.41615912"><ele>17.247</ele><time>2026-08-25T02:35:11Z</time><sat>26</sat></trkpt>
  <trkpt lat="38.73931158" lon="115.41718499"><ele>16.859</ele><time>2026-08-25T02:35:14Z</time><sat>28</sat></trkpt>
  <trkpt lat="38.73929957" lon="115.41820696"><ele>15.375</ele><time>2026-08-25T02:35:17Z</time><sat>27</sat></trkpt>
  <trkpt lat="38.73929530" lon="115.41921831"><ele>13.973</ele><time>2026-08-25T02:35:20Z</time><sat>26</sat></trkpt>
  <trkpt lat="38.73928610" lon="115.42023464"><ele>13.963</ele><time>2026-08-25T02:35:23Z</time><sat>27</sat></trkpt>
  <trkpt lat="38.73928540" lon="115.42125372"><ele>13.656</ele><time>2026-08-25T02:35:26Z</time><sat>26</sat></trkpt>
  <trkpt lat="38.73927532" lon="115.42227056"><ele>13.266</ele><time>2026-08-25T02:35:29Z</time><sat>28</sat></trkpt>
  <trkpt lat="38.73925726" lon="115.42329528"><ele>13.149</ele><time>2026-08-25T02:35:32Z</time><sat>30</sat></trkpt>
  <trkpt lat="38.73924480" lon="115.42432097"><ele>13.901</ele><time>2026-08-25T02:35:35Z</time><sat>31</sat></trkpt>
  <trkpt lat="38.73924284" lon="115.42532708"><ele>14.695</ele><time>2026-08-25T02:35:38Z</time><sat>31</sat></trkpt>
  <trkpt lat="38.73923045" lon="115.42634451"><ele>13.914</ele><time>2026-08-25T02:35:41Z</time><sat>28</sat></trkpt>
  <trkpt lat="38.73922031" lon="115.42735023"><ele>13.372</ele><time>2026-08-25T02:35:44Z</time><sat>27</sat></trkpt>
  <trkpt lat="38.73921194" lon="115.42838624"><ele>14.134</ele><time>2026-08-25T02:35:47Z</time><sat>29</sat></trkpt>
  <trkpt lat="38.73919974" lon="115.42940167"><ele>15.223</ele><time>2026-08-25T02:35:50Z</time><sat>30</sat></trkpt>
  <trkpt lat="38.73918308" lon="115.43042522"><ele>15.522</ele><time>2026-08-25T02:35:53Z</time><sat>30</sat></trkpt>
  <trkpt lat="38.73916627" lon="115.43144875"><ele>15.800</ele><time>2026-08-25T02:35:56Z</time><sat>28</sat></trkpt>
  <trkpt lat="38.73916250" lon="115.43246703"><ele>16.688</ele><time>2026-08-25T02:35:59Z</time><sat>28</sat></trkpt>
  <trkpt lat="38.73915103" lon="115.43349153"><ele>17.941</ele><time>2026-08-25T02:36:02Z</time><sat>27</sat></trkpt>
  <trkpt lat="38.73914481" lon="115.43484472"><ele>17.255</ele><time>2026-08-25T02:36:06Z</time><sat>29</sat></trkpt>
  <trkpt lat="38.73913935" lon="115.43587963"><ele>18.361</ele><time>2026-08-25T02:36:09Z</time><sat>27</sat></trkpt>
  <trkpt lat="38.73912900" lon="115.43690129"><ele>18.747</ele><time>2026-08-25T02:36:12Z</time><sat>29</sat></trkpt>
  <trkpt lat="38.73912201" lon="115.43791565"><ele>18.679</ele><time>2026-08-25T02:36:15Z</time><sat>30</sat></trkpt>
  <trkpt lat="38.73910651" lon="115.43896033"><ele>18.000</ele><time>2026-08-25T02:36:18Z</time><sat>31</sat></trkpt>
  <trkpt lat="38.73909427" lon="115.43999601"><ele>16.565</ele><time>2026-08-25T02:36:21Z</time><sat>29</sat></trkpt>
  <trkpt lat="38.73908267" lon="115.44104022"><ele>16.090</ele><time>2026-08-25T02:36:24Z</time><sat>30</sat></trkpt>
  <trkpt lat="38.73905621" lon="115.44203361"><ele>15.360</ele><time>2026-08-25T02:36:27Z</time><sat>30</sat></trkpt>
  <trkpt lat="38.73906328" lon="115.44305933"><ele>14.369</ele><time>2026-08-25T02:36:30Z</time><sat>27</sat></trkpt>
  <trkpt lat="38.73904797" lon="115.44408023"><ele>15.665</ele><time>2026-08-25T02:36:33Z</time><sat>26</sat></trkpt>
  <trkpt lat="38.73903842" lon="115.44509855"><ele>17.040</ele><time>2026-08-25T02:36:36Z</time><sat>27</sat></trkpt>
  <trkpt lat="38.73902593" lon="115.44612214"><ele>17.869</ele><time>2026-08-25T02:36:39Z</time><sat>27</sat></trkpt>
  <trkpt lat="38.73901711" lon="115.44714125"><ele>17.731</ele><time>2026-08-25T02:36:42Z</time><sat>27</sat></trkpt>
  <trkpt lat="38.73900923" lon="115.44817067"><ele>17.895</ele><time>2026-08-25T02:36:45Z</time><sat>28</sat></trkpt>
  <trkpt lat="38.73899650" lon="115.44919505"><ele>18.156</ele><time>2026-08-25T02:36:48Z</time><sat>30</sat></trkpt>
  <trkpt lat="38.73898908" lon="115.45022669"><ele>17.405</ele><time>2026-08-25T02:36:51Z</time><sat>29</sat></trkpt>
  <trkpt lat="38.73898827" lon="115.45125185"><ele>17.600</ele><time>2026-08-25T02:36:54Z</time><sat>28</sat></trkpt>
  <trkpt lat="38.73896847" lon="115.45226289"><ele>17.625</ele><time>2026-08-25T02:36:57Z</time><sat>27</sat></trkpt>
  <trkpt lat="38.73897160" lon="115.45327290"><ele>18.434</ele><time>2026-08-25T02:37:00Z</time><sat>27</sat></trkpt>
  <trkpt lat="38.73896524" lon="115.45427722"><ele>18.280</ele><time>2026-08-25T02:37:03Z</time><sat>27</sat></trkpt>
  <trkpt lat="38.73897213" lon="115.45530791"><ele>19.645</ele><time>2026-08-25T02:37:06Z</time><sat>29</sat></trkpt>
  <trkpt lat="38.73900094" lon="115.45632823"><ele>19.245</ele><time>2026-08-25T02:37:09Z</time><sat>30</sat></trkpt>
  <trkpt lat="38.73904189" lon="115.45734948"><ele>19.590</ele><time>2026-08-25T02:37:12Z</time><sat>30</sat></trkpt>
  <trkpt lat="38.73911334" lon="115.45837697"><ele>18.989</ele><time>2026-08-25T02:37:15Z</time><sat>30</sat></trkpt>
  <trkpt lat="38.73919889" lon="115.45940486"><ele>18.861</ele><time>2026-08-25T02:37:18Z</time><sat>30</sat></trkpt>
  <trkpt lat="38.73931102" lon="115.46043042"><ele>18.064</ele><time>2026-08-25T02:37:21Z</time><sat>31</sat></trkpt>
  <trkpt lat="38.73945949" lon="115.46143976"><ele>18.112</ele><time>2026-08-25T02:37:24Z</time><sat>30</sat></trkpt>
  <trkpt lat="38.73959626" lon="115.46243619"><ele>20.370</ele><time>2026-08-25T02:37:27Z</time><sat>30</sat></trkpt>
  <trkpt lat="38.73975928" lon="115.46344347"><ele>20.802</ele><time>2026-08-25T02:37:30Z</time><sat>30</sat></trkpt>
  <trkpt lat="38.73995063" lon="115.46442951"><ele>21.829</ele><time>2026-08-25T02:37:33Z</time><sat>30</sat></trkpt>
  <trkpt lat="38.74015860" lon="115.46540617"><ele>20.918</ele><time>2026-08-25T02:37:36Z</time><sat>31</sat></trkpt>
  <trkpt lat="38.74038645" lon="115.46637433"><ele>21.149</ele><time>2026-08-25T02:37:39Z</time><sat>31</sat></trkpt>
  <trkpt lat="38.74063351" lon="115.46734529"><ele>20.886</ele><time>2026-08-25T02:37:42Z</time><sat>31</sat></trkpt>
  <trkpt lat="38.74090106" lon="115.46830394"><ele>20.597</ele><time>2026-08-25T02:37:45Z</time><sat>31</sat></trkpt>
  <trkpt lat="38.74119007" lon="115.46925995"><ele>20.094</ele><time>2026-08-25T02:37:48Z</time><sat>31</sat></trkpt>
  <trkpt lat="38.74149833" lon="115.47020721"><ele>19.544</ele><time>2026-08-25T02:37:51Z</time><sat>31</sat></trkpt>
  <trkpt lat="38.74182295" lon="115.47114664"><ele>19.432</ele><time>2026-08-25T02:37:54Z</time><sat>30</sat></trkpt>
  <trkpt lat="38.74215822" lon="115.47207960"><ele>19.468</ele><time>2026-08-25T02:37:57Z</time><sat>31</sat></trkpt>
  <trkpt lat="38.74249728" lon="115.47300549"><ele>19.398</ele><time>2026-08-25T02:38:00Z</time><sat>31</sat></trkpt>
  <trkpt lat="38.74283751" lon="115.47393151"><ele>20.022</ele><time>2026-08-25T02:38:03Z</time><sat>31</sat></trkpt>
  <trkpt lat="38.74317317" lon="115.47485604"><ele>20.519</ele><time>2026-08-25T02:38:06Z</time><sat>31</sat></trkpt>
  <trkpt lat="38.74351511" lon="115.47577886"><ele>19.646</ele><time>2026-08-25T02:38:09Z</time><sat>32</sat></trkpt>
  <trkpt lat="38.74385889" lon="115.47670640"><ele>18.736</ele><time>2026-08-25T02:38:12Z</time><sat>32</sat></trkpt>
  <trkpt lat="38.74420309" lon="115.47763552"><ele>18.257</ele><time>2026-08-25T02:38:15Z</time><sat>31</sat></trkpt>
  <trkpt lat="38.74454927" lon="115.47856518"><ele>17.102</ele><time>2026-08-25T02:38:18Z</time><sat>31</sat></trkpt>
  <trkpt lat="38.74489427" lon="115.47949299"><ele>16.750</ele><time>2026-08-25T02:38:21Z</time><sat>31</sat></trkpt>
  <trkpt lat="38.74523800" lon="115.48041781"><ele>16.041</ele><time>2026-08-25T02:38:24Z</time><sat>30</sat></trkpt>
  <trkpt lat="38.74557894" lon="115.48133946"><ele>15.788</ele><time>2026-08-25T02:38:27Z</time><sat>28</sat></trkpt>
  <trkpt lat="38.74592027" lon="115.48226230"><ele>15.773</ele><time>2026-08-25T02:38:30Z</time><sat>31</sat></trkpt>
  <trkpt lat="38.74626544" lon="115.48318524"><ele>16.607</ele><time>2026-08-25T02:38:33Z</time><sat>31</sat></trkpt>
  <trkpt lat="38.74661690" lon="115.48408649"><ele>17.427</ele><time>2026-08-25T02:38:36Z</time><sat>31</sat></trkpt>
  <trkpt lat="38.74698718" lon="115.48498493"><ele>17.109</ele><time>2026-08-25T02:38:39Z</time><sat>27</sat></trkpt>
  <trkpt lat="38.74738349" lon="115.48587404"><ele>16.104</ele><time>2026-08-25T02:38:42Z</time><sat>31</sat></trkpt>
  <trkpt lat="38.74779974" lon="115.48674713"><ele>16.005</ele><time>2026-08-25T02:38:45Z</time><sat>30</sat></trkpt>
  <trkpt lat="38.74823920" lon="115.48760288"><ele>16.016</ele><time>2026-08-25T02:38:48Z</time><sat>29</sat></trkpt>
  <trkpt lat="38.74870329" lon="115.48843560"><ele>16.043</ele><time>2026-08-25T02:38:51Z</time><sat>30</sat></trkpt>
  <trkpt lat="38.74919075" lon="115.48924870"><ele>16.046</ele><time>2026-08-25T02:38:54Z</time><sat>30</sat></trkpt>
  <trkpt lat="38.74969912" lon="115.49003882"><ele>15.830</ele><time>2026-08-25T02:38:57Z</time><sat>31</sat></trkpt>
  <trkpt lat="38.75023017" lon="115.49080326"><ele>16.301</ele><time>2026-08-25T02:39:00Z</time><sat>30</sat></trkpt>
  <trkpt lat="38.75077561" lon="115.49154041"><ele>17.182</ele><time>2026-08-25T02:39:03Z</time><sat>31</sat></trkpt>
  <trkpt lat="38.75134210" lon="115.49225347"><ele>17.568</ele><time>2026-08-25T02:39:06Z</time><sat>30</sat></trkpt>
  <trkpt lat="38.75193113" lon="115.49292933"><ele>17.779</ele><time>2026-08-25T02:39:09Z</time><sat>30</sat></trkpt>
  <trkpt lat="38.75253833" lon="115.49358697"><ele>18.055</ele><time>2026-08-25T02:39:12Z</time><sat>31</sat></trkpt>
  <trkpt lat="38.75316027" lon="115.49421656"><ele>17.746</ele><time>2026-08-25T02:39:15Z</time><sat>32</sat></trkpt>
  <trkpt lat="38.75380197" lon="115.49481599"><ele>17.829</ele><time>2026-08-25T02:39:18Z</time><sat>31</sat></trkpt>
  <trkpt lat="38.75445929" lon="115.49538729"><ele>18.211</ele><time>2026-08-25T02:39:21Z</time><sat>31</sat></trkpt>
  <trkpt lat="38.75512931" lon="115.49592846"><ele>18.109</ele><time>2026-08-25T02:39:24Z</time><sat>31</sat></trkpt>
  <trkpt lat="38.75581310" lon="115.49644585"><ele>17.830</ele><time>2026-08-25T02:39:27Z</time><sat>31</sat></trkpt>
  <trkpt lat="38.75650854" lon="115.49694535"><ele>17.561</ele><time>2026-08-25T02:39:30Z</time><sat>31</sat></trkpt>
  <trkpt lat="38.75721494" lon="115.49742924"><ele>16.693</ele><time>2026-08-25T02:39:33Z</time><sat>31</sat></trkpt>
  <trkpt lat="38.75792607" lon="115.49791306"><ele>16.580</ele><time>2026-08-25T02:39:36Z</time><sat>31</sat></trkpt>
  <trkpt lat="38.75864047" lon="115.49839810"><ele>16.592</ele><time>2026-08-25T02:39:39Z</time><sat>32</sat></trkpt>
  <trkpt lat="38.75934390" lon="115.49887719"><ele>15.882</ele><time>2026-08-25T02:39:42Z</time><sat>32</sat></trkpt>
  <trkpt lat="38.76004401" lon="115.49935592"><ele>16.721</ele><time>2026-08-25T02:39:45Z</time><sat>31</sat></trkpt>
  <trkpt lat="38.76074504" lon="115.49983407"><ele>18.227</ele><time>2026-08-25T02:39:48Z</time><sat>31</sat></trkpt>
  <trkpt lat="38.76144636" lon="115.50031314"><ele>18.639</ele><time>2026-08-25T02:39:51Z</time><sat>31</sat></trkpt>
  <trkpt lat="38.76214686" lon="115.50079406"><ele>18.643</ele><time>2026-08-25T02:39:54Z</time><sat>31</sat></trkpt>
  <trkpt lat="38.76285839" lon="115.50127412"><ele>18.759</ele><time>2026-08-25T02:39:57Z</time><sat>31</sat></trkpt>
  <trkpt lat="38.76357030" lon="115.50176199"><ele>18.690</ele><time>2026-08-25T02:40:00Z</time><sat>31</sat></trkpt>
  <trkpt lat="38.76427549" lon="115.50226319"><ele>18.426</ele><time>2026-08-25T02:40:03Z</time><sat>31</sat></trkpt>
  <trkpt lat="38.76497040" lon="115.50277827"><ele>17.959</ele><time>2026-08-25T02:40:06Z</time><sat>31</sat></trkpt>
  <trkpt lat="38.76565200" lon="115.50331602"><ele>17.642</ele><time>2026-08-25T02:40:09Z</time><sat>31</sat></trkpt>
  <trkpt lat="38.76631858" lon="115.50386826"><ele>16.948</ele><time>2026-08-25T02:40:12Z</time><sat>31</sat></trkpt>
  <trkpt lat="38.76697752" lon="115.50443625"><ele>16.676</ele><time>2026-08-25T02:40:15Z</time><sat>31</sat></trkpt>
  <trkpt lat="38.76762181" lon="115.50502867"><ele>16.661</ele><time>2026-08-25T02:40:18Z</time><sat>31</sat></trkpt>
  <trkpt lat="38.76825357" lon="115.50563815"><ele>16.472</ele><time>2026-08-25T02:40:21Z</time><sat>31</sat></trkpt>
  <trkpt lat="38.76887097" lon="115.50627588"><ele>16.145</ele><time>2026-08-25T02:40:24Z</time><sat>31</sat></trkpt>
  <trkpt lat="38.76947820" lon="115.50693180"><ele>16.012</ele><time>2026-08-25T02:40:27Z</time><sat>31</sat></trkpt>
  <trkpt lat="38.77007544" lon="115.50762714"><ele>15.501</ele><time>2026-08-25T02:40:30Z</time><sat>31</sat></trkpt>
  <trkpt lat="38.77064219" lon="115.50834809"><ele>14.900</ele><time>2026-08-25T02:40:33Z</time><sat>31</sat></trkpt>
  <trkpt lat="38.77120869" lon="115.50905423"><ele>14.422</ele><time>2026-08-25T02:40:36Z</time><sat>32</sat></trkpt>
  <trkpt lat="38.77180521" lon="115.50983949"><ele>14.222</ele><time>2026-08-25T02:40:39Z</time><sat>33</sat></trkpt>
  <trkpt lat="38.77239314" lon="115.51070401"><ele>13.968</ele><time>2026-08-25T02:40:42Z</time><sat>32</sat></trkpt>
  <trkpt lat="38.77298381" lon="115.51158644"><ele>13.849</ele><time>2026-08-25T02:40:45Z</time><sat>31</sat></trkpt>
  <trkpt lat="38.77354842" lon="115.51246664"><ele>14.282</ele><time>2026-08-25T02:40:48Z</time><sat>31</sat></trkpt>
  <trkpt lat="38.77409310" lon="115.51337335"><ele>14.560</ele><time>2026-08-25T02:40:51Z</time><sat>31</sat></trkpt>
  <trkpt lat="38.77462293" lon="115.51430971"><ele>14.773</ele><time>2026-08-25T02:40:54Z</time><sat>30</sat></trkpt>
  <trkpt lat="38.77513772" lon="115.51527322"><ele>14.835</ele><time>2026-08-25T02:40:57Z</time><sat>29</sat></trkpt>
  <trkpt lat="38.77563551" lon="115.51626806"><ele>14.676</ele><time>2026-08-25T02:41:00Z</time><sat>30</sat></trkpt>
  <trkpt lat="38.77612337" lon="115.51728568"><ele>13.705</ele><time>2026-08-25T02:41:03Z</time><sat>28</sat></trkpt>
  <trkpt lat="38.77661689" lon="115.51830592"><ele>13.452</ele><time>2026-08-25T02:41:06Z</time><sat>29</sat></trkpt>
  <trkpt lat="38.77710272" lon="115.51933366"><ele>13.306</ele><time>2026-08-25T02:41:09Z</time><sat>30</sat></trkpt>
  <trkpt lat="38.77758719" lon="115.52038610"><ele>13.493</ele><time>2026-08-25T02:41:12Z</time><sat>29</sat></trkpt>
  <trkpt lat="38.77806723" lon="115.52143607"><ele>14.062</ele><time>2026-08-25T02:41:15Z</time><sat>30</sat></trkpt>
  <trkpt lat="38.77853914" lon="115.52248925"><ele>14.915</ele><time>2026-08-25T02:41:18Z</time><sat>29</sat></trkpt>
  <trkpt lat="38.77899674" lon="115.52355355"><ele>15.356</ele><time>2026-08-25T02:41:21Z</time><sat>30</sat></trkpt>
  <trkpt lat="38.77947742" lon="115.52460511"><ele>15.529</ele><time>2026-08-25T02:41:24Z</time><sat>31</sat></trkpt>
  <trkpt lat="38.77995282" lon="115.52563559"><ele>15.882</ele><time>2026-08-25T02:41:27Z</time><sat>30</sat></trkpt>
  <trkpt lat="38.78038954" lon="115.52653943"><ele>16.632</ele><time>2026-08-25T02:41:30Z</time><sat>31</sat></trkpt>
  <trkpt lat="38.78079702" lon="115.52741892"><ele>17.067</ele><time>2026-08-25T02:41:33Z</time><sat>31</sat></trkpt>
  <trkpt lat="38.78121069" lon="115.52831854"><ele>16.825</ele><time>2026-08-25T02:41:36Z</time><sat>31</sat></trkpt>
  <trkpt lat="38.78162585" lon="115.52921587"><ele>16.263</ele><time>2026-08-25T02:41:39Z</time><sat>32</sat></trkpt>
  <trkpt lat="38.78204045" lon="115.53008893"><ele>16.402</ele><time>2026-08-25T02:41:42Z</time><sat>32</sat></trkpt>
  <trkpt lat="38.78246066" lon="115.53092581"><ele>16.390</ele><time>2026-08-25T02:41:45Z</time><sat>31</sat></trkpt>
  <trkpt lat="38.78289099" lon="115.53170168"><ele>16.243</ele><time>2026-08-25T02:41:48Z</time><sat>30</sat></trkpt>
  <trkpt lat="38.78331240" lon="115.53242599"><ele>16.209</ele><time>2026-08-25T02:41:51Z</time><sat>31</sat></trkpt>
  <trkpt lat="38.78374601" lon="115.53313451"><ele>16.445</ele><time>2026-08-25T02:41:54Z</time><sat>30</sat></trkpt>
  <trkpt lat="38.78418221" lon="115.53379910"><ele>16.348</ele><time>2026-08-25T02:41:57Z</time><sat>27</sat></trkpt>
  <trkpt lat="38.78463023" lon="115.53443521"><ele>15.934</ele><time>2026-08-25T02:42:00Z</time><sat>29</sat></trkpt>
  <trkpt lat="38.78511339" lon="115.53508304"><ele>15.924</ele><time>2026-08-25T02:42:03Z</time><sat>30</sat></trkpt>
  <trkpt lat="38.78561678" lon="115.53573529"><ele>15.749</ele><time>2026-08-25T02:42:06Z</time><sat>32</sat></trkpt>
  <trkpt lat="38.78613327" lon="115.53637495"><ele>15.779</ele><time>2026-08-25T02:42:09Z</time><sat>33</sat></trkpt>
  <trkpt lat="38.78664861" lon="115.53699466"><ele>15.856</ele><time>2026-08-25T02:42:12Z</time><sat>32</sat></trkpt>
  <trkpt lat="38.78717270" lon="115.53757333"><ele>16.062</ele><time>2026-08-25T02:42:15Z</time><sat>31</sat></trkpt>
  <trkpt lat="38.78770617" lon="115.53811741"><ele>16.276</ele><time>2026-08-25T02:42:18Z</time><sat>31</sat></trkpt>
  <trkpt lat="38.78824054" lon="115.53863634"><ele>16.301</ele><time>2026-08-25T02:42:21Z</time><sat>31</sat></trkpt>
  <trkpt lat="38.78877936" lon="115.53912484"><ele>16.810</ele><time>2026-08-25T02:42:24Z</time><sat>28</sat></trkpt>
  <trkpt lat="38.78930057" lon="115.53956684"><ele>17.135</ele><time>2026-08-25T02:42:27Z</time><sat>30</sat></trkpt>
  <trkpt lat="38.78980215" lon="115.53996963"><ele>17.492</ele><time>2026-08-25T02:42:30Z</time><sat>31</sat></trkpt>
  <trkpt lat="38.79028542" lon="115.54034146"><ele>17.430</ele><time>2026-08-25T02:42:33Z</time><sat>31</sat></trkpt>
  <trkpt lat="38.79075453" lon="115.54069304"><ele>17.675</ele><time>2026-08-25T02:42:36Z</time><sat>31</sat></trkpt>
  <trkpt lat="38.79119725" lon="115.54102456"><ele>17.772</ele><time>2026-08-25T02:42:39Z</time><sat>31</sat></trkpt>
  <trkpt lat="38.79159699" lon="115.54130724"><ele>18.011</ele><time>2026-08-25T02:42:42Z</time><sat>31</sat></trkpt>
  <trkpt lat="38.79199808" lon="115.54159751"><ele>17.815</ele><time>2026-08-25T02:42:45Z</time><sat>31</sat></trkpt>
  <trkpt lat="38.79239948" lon="115.54188252"><ele>17.376</ele><time>2026-08-25T02:42:48Z</time><sat>31</sat></trkpt>
  <trkpt lat="38.79276778" lon="115.54214976"><ele>17.198</ele><time>2026-08-25T02:42:51Z</time><sat>31</sat></trkpt>
  <trkpt lat="38.79307968" lon="115.54246266"><ele>17.147</ele><time>2026-08-25T02:42:54Z</time><sat>31</sat></trkpt>
  <trkpt lat="38.79330663" lon="115.54287547"><ele>16.991</ele><time>2026-08-25T02:42:57Z</time><sat>31</sat></trkpt>
  <trkpt lat="38.79343916" lon="115.54336162"><ele>16.828</ele><time>2026-08-25T02:43:00Z</time><sat>31</sat></trkpt>
  <trkpt lat="38.79357230" lon="115.54386972"><ele>17.412</ele><time>2026-08-25T02:43:03Z</time><sat>31</sat></trkpt>
  <trkpt lat="38.79380164" lon="115.54426803"><ele>18.352</ele><time>2026-08-25T02:43:06Z</time><sat>31</sat></trkpt>
  <trkpt lat="38.79412666" lon="115.54439487"><ele>19.147</ele><time>2026-08-25T02:43:09Z</time><sat>33</sat></trkpt>
  <trkpt lat="38.79446286" lon="115.54428294"><ele>20.031</ele><time>2026-08-25T02:43:12Z</time><sat>33</sat></trkpt>
  <trkpt lat="38.79473270" lon="115.54394558"><ele>21.218</ele><time>2026-08-25T02:43:15Z</time><sat>31</sat></trkpt>
  <trkpt lat="38.79494454" lon="115.54349526"><ele>22.204</ele><time>2026-08-25T02:43:18Z</time><sat>31</sat></trkpt>
  <trkpt lat="38.79513443" lon="115.54302946"><ele>22.391</ele><time>2026-08-25T02:43:21Z</time><sat>31</sat></trkpt>
  <trkpt lat="38.79533770" lon="115.54254593"><ele>21.283</ele><time>2026-08-25T02:43:24Z</time><sat>31</sat></trkpt>
  <trkpt lat="38.79554009" lon="115.54204567"><ele>19.658</ele><time>2026-08-25T02:43:27Z</time><sat>31</sat></trkpt>
  <trkpt lat="38.79575611" lon="115.54152878"><ele>17.572</ele><time>2026-08-25T02:43:30Z</time><sat>30</sat></trkpt>
  <trkpt lat="38.79598695" lon="115.54097515"><ele>15.757</ele><time>2026-08-25T02:43:33Z</time><sat>30</sat></trkpt>
  <trkpt lat="38.79623403" lon="115.54041666"><ele>15.146</ele><time>2026-08-25T02:43:36Z</time><sat>30</sat></trkpt>
  <trkpt lat="38.79649705" lon="115.53997666"><ele>13.929</ele><time>2026-08-25T02:43:39Z</time><sat>31</sat></trkpt>
  <trkpt lat="38.79671939" lon="115.53963750"><ele>13.215</ele><time>2026-08-25T02:43:42Z</time><sat>32</sat></trkpt>
  <trkpt lat="38.79691384" lon="115.53933124"><ele>12.694</ele><time>2026-08-25T02:43:45Z</time><sat>32</sat></trkpt>
  <trkpt lat="38.79708480" lon="115.53906555"><ele>13.636</ele><time>2026-08-25T02:43:48Z</time><sat>31</sat></trkpt>
  <trkpt lat="38.79724130" lon="115.53893066"><ele>13.009</ele><time>2026-08-25T02:43:51Z</time><sat>31</sat></trkpt>
  <trkpt lat="38.79736375" lon="115.53884442"><ele>12.970</ele><time>2026-08-25T02:43:54Z</time><sat>31</sat></trkpt>
  <trkpt lat="38.79751594" lon="115.53875911"><ele>12.723</ele><time>2026-08-25T02:43:57Z</time><sat>31</sat></trkpt>
  <trkpt lat="38.79774823" lon="115.53864716"><ele>12.196</ele><time>2026-08-25T02:44:00Z</time><sat>31</sat></trkpt>
  <trkpt lat="38.79801789" lon="115.53853001"><ele>12.011</ele><time>2026-08-25T02:44:03Z</time><sat>31</sat></trkpt>
  <trkpt lat="38.79825514" lon="115.53843350"><ele>12.307</ele><time>2026-08-25T02:44:06Z</time><sat>31</sat></trkpt>
  <trkpt lat="38.79848012" lon="115.53838465"><ele>12.276</ele><time>2026-08-25T02:44:09Z</time><sat>32</sat></trkpt>
  <trkpt lat="38.79865925" lon="115.53837809"><ele>12.301</ele><time>2026-08-25T02:44:12Z</time><sat>32</sat></trkpt>
  <trkpt lat="38.79880034" lon="115.53838416"><ele>12.610</ele><time>2026-08-25T02:44:15Z</time><sat>31</sat></trkpt>
  <trkpt lat="38.79890874" lon="115.53839266"><ele>13.358</ele><time>2026-08-25T02:44:18Z</time><sat>31</sat></trkpt>
  <trkpt lat="38.79895854" lon="115.53840852"><ele>12.908</ele><time>2026-08-25T02:44:21Z</time><sat>31</sat></trkpt>
  <trkpt lat="38.79897706" lon="115.53842134"><ele>13.826</ele><time>2026-08-25T02:44:24Z</time><sat>31</sat></trkpt>
  <trkpt lat="38.79898142" lon="115.53842583"><ele>13.943</ele><time>2026-08-25T02:44:27Z</time><sat>31</sat></trkpt>
  <trkpt lat="38.79898199" lon="115.53843366"><ele>13.724</ele><time>2026-08-25T02:44:30Z</time><sat>30</sat></trkpt>
  <trkpt lat="38.79898099" lon="115.53843200"><ele>13.667</ele><time>2026-08-25T02:44:33Z</time><sat>31</sat></trkpt>
  <trkpt lat="38.79899515" lon="115.53843108"><ele>12.620</ele><time>2026-08-25T02:44:36Z</time><sat>31</sat></trkpt>
  <trkpt lat="38.79905952" lon="115.53843927"><ele>12.420</ele><time>2026-08-25T02:44:39Z</time><sat>31</sat></trkpt>
  <trkpt lat="38.79912474" lon="115.53845365"><ele>11.782</ele><time>2026-08-25T02:44:42Z</time><sat>32</sat></trkpt>
  <trkpt lat="38.79915053" lon="115.53845889"><ele>11.695</ele><time>2026-08-25T02:44:45Z</time><sat>32</sat></trkpt>
  <trkpt lat="38.79915954" lon="115.53846099"><ele>11.857</ele><time>2026-08-25T02:44:48Z</time><sat>30</sat></trkpt>
  <trkpt lat="38.79917947" lon="115.53846340"><ele>12.654</ele><time>2026-08-25T02:44:51Z</time><sat>28</sat></trkpt>
  <trkpt lat="38.79917961" lon="115.53846895"><ele>14.664</ele><time>2026-08-25T02:44:54Z</time><sat>28</sat></trkpt>
  <trkpt lat="38.79917737" lon="115.53846932"><ele>14.841</ele><time>2026-08-25T02:44:57Z</time><sat>29</sat></trkpt>
  <trkpt lat="38.79917593" lon="115.53847348"><ele>14.527</ele><time>2026-08-25T02:45:00Z</time><sat>30</sat></trkpt>
  <trkpt lat="38.79917681" lon="115.53847820"><ele>14.502</ele><time>2026-08-25T02:45:03Z</time><sat>30</sat></trkpt>
  <trkpt lat="38.79919899" lon="115.53848560"><ele>14.639</ele><time>2026-08-25T02:45:06Z</time><sat>28</sat></trkpt>
  <trkpt lat="38.79920555" lon="115.53849144"><ele>14.346</ele><time>2026-08-25T02:45:09Z</time><sat>30</sat></trkpt>
  <trkpt lat="38.79920802" lon="115.53849327"><ele>13.824</ele><time>2026-08-25T02:45:12Z</time><sat>30</sat></trkpt>
  <trkpt lat="38.79920841" lon="115.53849332"><ele>13.916</ele><time>2026-08-25T02:45:15Z</time><sat>31</sat></trkpt>
  <trkpt lat="38.79920888" lon="115.53849360"><ele>14.041</ele><time>2026-08-25T02:45:18Z</time><sat>30</sat></trkpt>
  <trkpt lat="38.79920889" lon="115.53849392"><ele>14.070</ele><time>2026-08-25T02:45:21Z</time><sat>31</sat></trkpt>
  <trkpt lat="38.79920866" lon="115.53849450"><ele>13.910</ele><time>2026-08-25T02:45:24Z</time><sat>31</sat></trkpt>
  <trkpt lat="38.79921143" lon="115.53849180"><ele>13.709</ele><time>2026-08-25T02:45:27Z</time><sat>31</sat></trkpt>
  <trkpt lat="38.79920902" lon="115.53849015"><ele>13.622</ele><time>2026-08-25T02:45:30Z</time><sat>31</sat></trkpt>
  <trkpt lat="38.79920835" lon="115.53849006"><ele>13.616</ele><time>2026-08-25T02:45:33Z</time><sat>31</sat></trkpt>
  <trkpt lat="38.79921335" lon="115.53848980"><ele>13.413</ele><time>2026-08-25T02:45:36Z</time><sat>30</sat></trkpt>
  <trkpt lat="38.79921711" lon="115.53848590"><ele>13.124</ele><time>2026-08-25T02:45:39Z</time><sat>31</sat></trkpt>
  <trkpt lat="38.79921816" lon="115.53848705"><ele>13.560</ele><time>2026-08-25T02:45:42Z</time><sat>31</sat></trkpt>
  <trkpt lat="38.79922713" lon="115.53849058"><ele>13.912</ele><time>2026-08-25T02:45:45Z</time><sat>31</sat></trkpt>
  <trkpt lat="38.79925167" lon="115.53850443"><ele>13.518</ele><time>2026-08-25T02:45:48Z</time><sat>31</sat></trkpt>
  <trkpt lat="38.79925474" lon="115.53850260"><ele>12.847</ele><time>2026-08-25T02:45:51Z</time><sat>31</sat></trkpt>
  <trkpt lat="38.79927353" lon="115.53850524"><ele>12.946</ele><time>2026-08-25T02:45:54Z</time><sat>31</sat></trkpt>
  <trkpt lat="38.79928024" lon="115.53850372"><ele>13.272</ele><time>2026-08-25T02:45:57Z</time><sat>31</sat></trkpt>
  <trkpt lat="38.79928647" lon="115.53850362"><ele>13.308</ele><time>2026-08-25T02:46:00Z</time><sat>31</sat></trkpt>
  <trkpt lat="38.79931827" lon="115.53851663"><ele>13.326</ele><time>2026-08-25T02:46:03Z</time><sat>29</sat></trkpt>
  <trkpt lat="38.79933337" lon="115.53852238"><ele>13.712</ele><time>2026-08-25T02:46:06Z</time><sat>31</sat></trkpt>
  <trkpt lat="38.79933388" lon="115.53852298"><ele>13.595</ele><time>2026-08-25T02:46:09Z</time><sat>31</sat></trkpt>
  <trkpt lat="38.79934740" lon="115.53852629"><ele>13.560</ele><time>2026-08-25T02:46:12Z</time><sat>32</sat></trkpt>
  <trkpt lat="38.79935990" lon="115.53852996"><ele>13.673</ele><time>2026-08-25T02:46:15Z</time><sat>32</sat></trkpt>
  <trkpt lat="38.79936244" lon="115.53853134"><ele>13.711</ele><time>2026-08-25T02:46:18Z</time><sat>31</sat></trkpt>
  <trkpt lat="38.79936337" lon="115.53853049"><ele>13.607</ele><time>2026-08-25T02:46:21Z</time><sat>31</sat></trkpt>
  <trkpt lat="38.79936395" lon="115.53853093"><ele>13.741</ele><time>2026-08-25T02:46:24Z</time><sat>31</sat></trkpt>
  <trkpt lat="38.79937127" lon="115.53853319"><ele>13.570</ele><time>2026-08-25T02:46:27Z</time><sat>31</sat></trkpt>
  <trkpt lat="38.79937287" lon="115.53852614"><ele>13.884</ele><time>2026-08-25T02:46:30Z</time><sat>31</sat></trkpt>
  <trkpt lat="38.79937033" lon="115.53852679"><ele>13.667</ele><time>2026-08-25T02:46:33Z</time><sat>31</sat></trkpt>
  <trkpt lat="38.79936870" lon="115.53852605"><ele>13.696</ele><time>2026-08-25T02:46:36Z</time><sat>32</sat></trkpt>
  <trkpt lat="38.79936790" lon="115.53852553"><ele>13.641</ele><time>2026-08-25T02:46:39Z</time><sat>32</sat></trkpt>
  <trkpt lat="38.79937747" lon="115.53852129"><ele>13.562</ele><time>2026-08-25T02:46:42Z</time><sat>31</sat></trkpt>
  <trkpt lat="38.79939234" lon="115.53853498"><ele>13.245</ele><time>2026-08-25T02:46:45Z</time><sat>31</sat></trkpt>
  <trkpt lat="38.79941112" lon="115.53854618"><ele>12.707</ele><time>2026-08-25T02:46:48Z</time><sat>31</sat></trkpt>
  <trkpt lat="38.79942092" lon="115.53855047"><ele>12.609</ele><time>2026-08-25T02:46:51Z</time><sat>31</sat></trkpt>
  <trkpt lat="38.79943314" lon="115.53855300"><ele>12.650</ele><time>2026-08-25T02:46:54Z</time><sat>31</sat></trkpt>
  <trkpt lat="38.79945660" lon="115.53855925"><ele>12.690</ele><time>2026-08-25T02:46:57Z</time><sat>31</sat></trkpt>
  <trkpt lat="38.79948344" lon="115.53856948"><ele>12.465</ele><time>2026-08-25T02:47:00Z</time><sat>31</sat></trkpt>
  <trkpt lat="38.79950533" lon="115.53857829"><ele>12.298</ele><time>2026-08-25T02:47:03Z</time><sat>31</sat></trkpt>
  <trkpt lat="38.79952404" lon="115.53858431"><ele>12.304</ele><time>2026-08-25T02:47:06Z</time><sat>32</sat></trkpt>
  <trkpt lat="38.79954377" lon="115.53859231"><ele>12.410</ele><time>2026-08-25T02:47:09Z</time><sat>32</sat></trkpt>
  <trkpt lat="38.79956539" lon="115.53859989"><ele>12.394</ele><time>2026-08-25T02:47:12Z</time><sat>31</sat></trkpt>
  <trkpt lat="38.79957826" lon="115.53860517"><ele>12.543</ele><time>2026-08-25T02:47:15Z</time><sat>30</sat></trkpt>
  <trkpt lat="38.79958183" lon="115.53860804"><ele>12.661</ele><time>2026-08-25T02:47:18Z</time><sat>30</sat></trkpt>
  <trkpt lat="38.79959671" lon="115.53861513"><ele>12.610</ele><time>2026-08-25T02:47:21Z</time><sat>30</sat></trkpt>
  <trkpt lat="38.79960893" lon="115.53862028"><ele>12.479</ele><time>2026-08-25T02:47:24Z</time><sat>30</sat></trkpt>
  <trkpt lat="38.79962438" lon="115.53863176"><ele>12.242</ele><time>2026-08-25T02:47:27Z</time><sat>31</sat></trkpt>
  <trkpt lat="38.79963880" lon="115.53863270"><ele>11.274</ele><time>2026-08-25T02:47:30Z</time><sat>31</sat></trkpt>
  <trkpt lat="38.79964711" lon="115.53864027"><ele>11.316</ele><time>2026-08-25T02:47:33Z</time><sat>31</sat></trkpt>
  <trkpt lat="38.79965948" lon="115.53865092"><ele>11.249</ele><time>2026-08-25T02:47:36Z</time><sat>30</sat></trkpt>
  <trkpt lat="38.79966224" lon="115.53865582"><ele>11.727</ele><time>2026-08-25T02:47:39Z</time><sat>27</sat></trkpt>
  <trkpt lat="38.79967528" lon="115.53866694"><ele>12.209</ele><time>2026-08-25T02:47:42Z</time><sat>27</sat></trkpt>
  <trkpt lat="38.79968272" lon="115.53866945"><ele>12.005</ele><time>2026-08-25T02:47:45Z</time><sat>27</sat></trkpt>
  <trkpt lat="38.79969505" lon="115.53867956"><ele>11.904</ele><time>2026-08-25T02:47:48Z</time><sat>27</sat></trkpt>
  <trkpt lat="38.79970192" lon="115.53868531"><ele>11.427</ele><time>2026-08-25T02:47:51Z</time><sat>25</sat></trkpt>
  <trkpt lat="38.79971679" lon="115.53869675"><ele>10.785</ele><time>2026-08-25T02:47:54Z</time><sat>26</sat></trkpt>
  <trkpt lat="38.79977593" lon="115.53874588"><ele>10.427</ele><time>2026-08-25T02:47:57Z</time><sat>28</sat></trkpt>
  <trkpt lat="38.79990613" lon="115.53882157"><ele>10.360</ele><time>2026-08-25T02:48:00Z</time><sat>30</sat></trkpt>
  <trkpt lat="38.80011477" lon="115.53888061"><ele>11.073</ele><time>2026-08-25T02:48:03Z</time><sat>30</sat></trkpt>
  <trkpt lat="38.80037135" lon="115.53897945"><ele>10.501</ele><time>2026-08-25T02:48:06Z</time><sat>31</sat></trkpt>
  <trkpt lat="38.80057905" lon="115.53908159"><ele>10.495</ele><time>2026-08-25T02:48:09Z</time><sat>32</sat></trkpt>
  <trkpt lat="38.80074466" lon="115.53916312"><ele>10.821</ele><time>2026-08-25T02:48:12Z</time><sat>32</sat></trkpt>
  <trkpt lat="38.80089860" lon="115.53924271"><ele>10.215</ele><time>2026-08-25T02:48:15Z</time><sat>30</sat></trkpt>
  <trkpt lat="38.80099779" lon="115.53929643"><ele>10.038</ele><time>2026-08-25T02:48:18Z</time><sat>31</sat></trkpt>
  <trkpt lat="38.80107601" lon="115.53935397"><ele>9.901</ele><time>2026-08-25T02:48:21Z</time><sat>31</sat></trkpt>
  <trkpt lat="38.80121757" lon="115.53944655"><ele>9.903</ele><time>2026-08-25T02:48:24Z</time><sat>31</sat></trkpt>
  <trkpt lat="38.80137572" lon="115.53952390"><ele>9.789</ele><time>2026-08-25T02:48:27Z</time><sat>31</sat></trkpt>
  <trkpt lat="38.80148968" lon="115.53957887"><ele>9.580</ele><time>2026-08-25T02:48:30Z</time><sat>31</sat></trkpt>
  <trkpt lat="38.80153463" lon="115.53959977"><ele>10.231</ele><time>2026-08-25T02:48:33Z</time><sat>31</sat></trkpt>
  <trkpt lat="38.80153102" lon="115.53959365"><ele>9.608</ele><time>2026-08-25T02:48:36Z</time><sat>31</sat></trkpt>
  <trkpt lat="38.80152047" lon="115.53958763"><ele>10.729</ele><time>2026-08-25T02:48:39Z</time><sat>31</sat></trkpt>
  <trkpt lat="38.80151875" lon="115.53958589"><ele>11.102</ele><time>2026-08-25T02:48:42Z</time><sat>29</sat></trkpt>
  <trkpt lat="38.80151944" lon="115.53958664"><ele>11.265</ele><time>2026-08-25T02:48:45Z</time><sat>26</sat></trkpt>
  <trkpt lat="38.80152018" lon="115.53958690"><ele>11.307</ele><time>2026-08-25T02:48:48Z</time><sat>27</sat></trkpt>
  <trkpt lat="38.80152038" lon="115.53958698"><ele>11.292</ele><time>2026-08-25T02:48:51Z</time><sat>27</sat></trkpt>
  <trkpt lat="38.80152014" lon="115.53958710"><ele>11.307</ele><time>2026-08-25T02:48:54Z</time><sat>29</sat></trkpt>
  <trkpt lat="38.80152005" lon="115.53958714"><ele>11.311</ele><time>2026-08-25T02:48:57Z</time><sat>30</sat></trkpt>
  <trkpt lat="38.80152013" lon="115.53958709"><ele>11.313</ele><time>2026-08-25T02:49:00Z</time><sat>29</sat></trkpt>
  <trkpt lat="38.80152014" lon="115.53958706"><ele>11.318</ele><time>2026-08-25T02:49:03Z</time><sat>31</sat></trkpt>
  <trkpt lat="38.80152019" lon="115.53958703"><ele>11.321</ele><time>2026-08-25T02:49:06Z</time><sat>33</sat></trkpt>
  <trkpt lat="38.80152041" lon="115.53958693"><ele>11.298</ele><time>2026-08-25T02:49:09Z</time><sat>34</sat></trkpt>
  <trkpt lat="38.80152038" lon="115.53958696"><ele>11.303</ele><time>2026-08-25T02:49:12Z</time><sat>34</sat></trkpt>
  <trkpt lat="38.80152034" lon="115.53958699"><ele>11.310</ele><time>2026-08-25T02:49:15Z</time><sat>33</sat></trkpt>
  <trkpt lat="38.80152026" lon="115.53958702"><ele>11.314</ele><time>2026-08-25T02:49:18Z</time><sat>31</sat></trkpt>
  <trkpt lat="38.80152389" lon="115.53958912"><ele>11.416</ele><time>2026-08-25T02:49:21Z</time><sat>31</sat></trkpt>
  <trkpt lat="38.80155667" lon="115.53960969"><ele>11.529</ele><time>2026-08-25T02:49:24Z</time><sat>30</sat></trkpt>
  <trkpt lat="38.80160308" lon="115.53963775"><ele>11.765</ele><time>2026-08-25T02:49:27Z</time><sat>31</sat></trkpt>
  <trkpt lat="38.80167385" lon="115.53968464"><ele>11.215</ele><time>2026-08-25T02:49:30Z</time><sat>30</sat></trkpt>
  <trkpt lat="38.80182369" lon="115.53976623"><ele>11.395</ele><time>2026-08-25T02:49:33Z</time><sat>27</sat></trkpt>
  <trkpt lat="38.80198521" lon="115.53984360"><ele>11.404</ele><time>2026-08-25T02:49:36Z</time><sat>32</sat></trkpt>
  <trkpt lat="38.80212399" lon="115.53990659"><ele>11.345</ele><time>2026-08-25T02:49:39Z</time><sat>34</sat></trkpt>
  <trkpt lat="38.80223390" lon="115.53992269"><ele>11.639</ele><time>2026-08-25T02:49:42Z</time><sat>33</sat></trkpt>
  <trkpt lat="38.80234031" lon="115.53984160"><ele>11.754</ele><time>2026-08-25T02:49:45Z</time><sat>32</sat></trkpt>
  <trkpt lat="38.80243181" lon="115.53959336"><ele>11.766</ele><time>2026-08-25T02:49:48Z</time><sat>32</sat></trkpt>
  <trkpt lat="38.80254555" lon="115.53918629"><ele>11.450</ele><time>2026-08-25T02:49:51Z</time><sat>30</sat></trkpt>
  <trkpt lat="38.80266697" lon="115.53877096"><ele>12.385</ele><time>2026-08-25T02:49:54Z</time><sat>32</sat></trkpt>
  <trkpt lat="38.80278207" lon="115.53839680"><ele>11.939</ele><time>2026-08-25T02:49:57Z</time><sat>33</sat></trkpt>
  <trkpt lat="38.80290692" lon="115.53800553"><ele>11.929</ele><time>2026-08-25T02:50:00Z</time><sat>32</sat></trkpt>
  <trkpt lat="38.80301523" lon="115.53768047"><ele>12.245</ele><time>2026-08-25T02:50:03Z</time><sat>32</sat></trkpt>
  <trkpt lat="38.80308507" lon="115.53747723"><ele>12.462</ele><time>2026-08-25T02:50:06Z</time><sat>32</sat></trkpt>
  <trkpt lat="38.80315920" lon="115.53723759"><ele>12.354</ele><time>2026-08-25T02:50:09Z</time><sat>32</sat></trkpt>
  <trkpt lat="38.80326801" lon="115.53683143"><ele>11.970</ele><time>2026-08-25T02:50:12Z</time><sat>32</sat></trkpt>
  <trkpt lat="38.80341169" lon="115.53637486"><ele>11.476</ele><time>2026-08-25T02:50:15Z</time><sat>32</sat></trkpt>
  <trkpt lat="38.80355439" lon="115.53591930"><ele>11.958</ele><time>2026-08-25T02:50:18Z</time><sat>33</sat></trkpt>
  <trkpt lat="38.80367967" lon="115.53548652"><ele>12.377</ele><time>2026-08-25T02:50:21Z</time><sat>32</sat></trkpt>
  <trkpt lat="38.80379056" lon="115.53506933"><ele>11.866</ele><time>2026-08-25T02:50:24Z</time><sat>32</sat></trkpt>
  <trkpt lat="38.80387887" lon="115.53473532"><ele>11.962</ele><time>2026-08-25T02:50:27Z</time><sat>33</sat></trkpt>
  <trkpt lat="38.80393803" lon="115.53444293"><ele>11.665</ele><time>2026-08-25T02:50:30Z</time><sat>33</sat></trkpt>
  <trkpt lat="38.80401600" lon="115.53419205"><ele>11.518</ele><time>2026-08-25T02:50:33Z</time><sat>33</sat></trkpt>
  <trkpt lat="38.80404827" lon="115.53408545"><ele>11.463</ele><time>2026-08-25T02:50:36Z</time><sat>33</sat></trkpt>
  <trkpt lat="38.80404875" lon="115.53408626"><ele>11.482</ele><time>2026-08-25T02:50:39Z</time><sat>33</sat></trkpt>
  <trkpt lat="38.80404912" lon="115.53408422"><ele>11.641</ele><time>2026-08-25T02:50:42Z</time><sat>33</sat></trkpt>
  <trkpt lat="38.80404913" lon="115.53408285"><ele>11.658</ele><time>2026-08-25T02:50:45Z</time><sat>32</sat></trkpt>
  <trkpt lat="38.80404986" lon="115.53408236"><ele>11.768</ele><time>2026-08-25T02:50:48Z</time><sat>32</sat></trkpt>
  <trkpt lat="38.80405018" lon="115.53408228"><ele>11.822</ele><time>2026-08-25T02:50:51Z</time><sat>30</sat></trkpt>
  <trkpt lat="38.80405015" lon="115.53408225"><ele>11.827</ele><time>2026-08-25T02:50:54Z</time><sat>31</sat></trkpt>
  <trkpt lat="38.80405366" lon="115.53406691"><ele>11.737</ele><time>2026-08-25T02:50:57Z</time><sat>32</sat></trkpt>
  <trkpt lat="38.80410735" lon="115.53388315"><ele>11.963</ele><time>2026-08-25T02:51:00Z</time><sat>32</sat></trkpt>
  <trkpt lat="38.80420033" lon="115.53359914"><ele>12.016</ele><time>2026-08-25T02:51:03Z</time><sat>33</sat></trkpt>
  <trkpt lat="38.80431945" lon="115.53324023"><ele>12.096</ele><time>2026-08-25T02:51:06Z</time><sat>33</sat></trkpt>
  <trkpt lat="38.80444530" lon="115.53286021"><ele>12.470</ele><time>2026-08-25T02:51:09Z</time><sat>30</sat></trkpt>
  <trkpt lat="38.80457179" lon="115.53244428"><ele>12.127</ele><time>2026-08-25T02:51:12Z</time><sat>33</sat></trkpt>
  <trkpt lat="38.80470448" lon="115.53199443"><ele>12.310</ele><time>2026-08-25T02:51:15Z</time><sat>32</sat></trkpt>
  <trkpt lat="38.80484041" lon="115.53153685"><ele>12.305</ele><time>2026-08-25T02:51:18Z</time><sat>31</sat></trkpt>
  <trkpt lat="38.80499137" lon="115.53108926"><ele>12.004</ele><time>2026-08-25T02:51:21Z</time><sat>32</sat></trkpt>
  <trkpt lat="38.80513402" lon="115.53064392"><ele>11.751</ele><time>2026-08-25T02:51:24Z</time><sat>32</sat></trkpt>
  <trkpt lat="38.80525611" lon="115.53024113"><ele>11.718</ele><time>2026-08-25T02:51:27Z</time><sat>32</sat></trkpt>
  <trkpt lat="38.80536932" lon="115.52993242"><ele>12.112</ele><time>2026-08-25T02:51:30Z</time><sat>32</sat></trkpt>
  <trkpt lat="38.80546626" lon="115.52967069"><ele>12.120</ele><time>2026-08-25T02:51:33Z</time><sat>33</sat></trkpt>
  <trkpt lat="38.80555757" lon="115.52935300"><ele>12.265</ele><time>2026-08-25T02:51:36Z</time><sat>32</sat></trkpt>
  <trkpt lat="38.80567585" lon="115.52896940"><ele>11.996</ele><time>2026-08-25T02:51:39Z</time><sat>33</sat></trkpt>
  <trkpt lat="38.80581756" lon="115.52850322"><ele>11.558</ele><time>2026-08-25T02:51:42Z</time><sat>33</sat></trkpt>
  <trkpt lat="38.80596273" lon="115.52794279"><ele>11.987</ele><time>2026-08-25T02:51:45Z</time><sat>32</sat></trkpt>
  <trkpt lat="38.80612805" lon="115.52733726"><ele>12.171</ele><time>2026-08-25T02:51:48Z</time><sat>27</sat></trkpt>
  <trkpt lat="38.80631176" lon="115.52672920"><ele>12.144</ele><time>2026-08-25T02:51:51Z</time><sat>31</sat></trkpt>
  <trkpt lat="38.80649150" lon="115.52612648"><ele>12.373</ele><time>2026-08-25T02:51:54Z</time><sat>32</sat></trkpt>
  <trkpt lat="38.80666880" lon="115.52553705"><ele>12.336</ele><time>2026-08-25T02:51:57Z</time><sat>32</sat></trkpt>
  <trkpt lat="38.80684115" lon="115.52496129"><ele>12.019</ele><time>2026-08-25T02:52:00Z</time><sat>32</sat></trkpt>
  <trkpt lat="38.80701494" lon="115.52438630"><ele>12.181</ele><time>2026-08-25T02:52:03Z</time><sat>32</sat></trkpt>
  <trkpt lat="38.80719288" lon="115.52379998"><ele>12.087</ele><time>2026-08-25T02:52:06Z</time><sat>32</sat></trkpt>
  <trkpt lat="38.80736974" lon="115.52321478"><ele>12.126</ele><time>2026-08-25T02:52:09Z</time><sat>33</sat></trkpt>
  <trkpt lat="38.80753534" lon="115.52266285"><ele>12.009</ele><time>2026-08-25T02:52:12Z</time><sat>33</sat></trkpt>
  <trkpt lat="38.80769226" lon="115.52214838"><ele>11.751</ele><time>2026-08-25T02:52:15Z</time><sat>32</sat></trkpt>
  <trkpt lat="38.80783495" lon="115.52166979"><ele>12.181</ele><time>2026-08-25T02:52:18Z</time><sat>32</sat></trkpt>
  <trkpt lat="38.80797230" lon="115.52121974"><ele>12.269</ele><time>2026-08-25T02:52:21Z</time><sat>31</sat></trkpt>
  <trkpt lat="38.80810802" lon="115.52078136"><ele>12.250</ele><time>2026-08-25T02:52:24Z</time><sat>31</sat></trkpt>
  <trkpt lat="38.80822170" lon="115.52039644"><ele>12.321</ele><time>2026-08-25T02:52:27Z</time><sat>31</sat></trkpt>
  <trkpt lat="38.80829544" lon="115.52013133"><ele>12.927</ele><time>2026-08-25T02:52:30Z</time><sat>31</sat></trkpt>
  <trkpt lat="38.80835256" lon="115.51993589"><ele>13.279</ele><time>2026-08-25T02:52:33Z</time><sat>33</sat></trkpt>
  <trkpt lat="38.80839493" lon="115.51977741"><ele>13.317</ele><time>2026-08-25T02:52:36Z</time><sat>32</sat></trkpt>
  <trkpt lat="38.80844105" lon="115.51961577"><ele>13.942</ele><time>2026-08-25T02:52:39Z</time><sat>34</sat></trkpt>
  <trkpt lat="38.80850365" lon="115.51940272"><ele>14.352</ele><time>2026-08-25T02:52:42Z</time><sat>34</sat></trkpt>
  <trkpt lat="38.80857645" lon="115.51916164"><ele>14.597</ele><time>2026-08-25T02:52:45Z</time><sat>33</sat></trkpt>
  <trkpt lat="38.80863657" lon="115.51896662"><ele>14.496</ele><time>2026-08-25T02:52:48Z</time><sat>33</sat></trkpt>
  <trkpt lat="38.80867059" lon="115.51884433"><ele>14.752</ele><time>2026-08-25T02:52:51Z</time><sat>33</sat></trkpt>
  <trkpt lat="38.80868236" lon="115.51879906"><ele>14.634</ele><time>2026-08-25T02:52:54Z</time><sat>34</sat></trkpt>
  <trkpt lat="38.80871295" lon="115.51869809"><ele>15.006</ele><time>2026-08-25T02:52:57Z</time><sat>34</sat></trkpt>
  <trkpt lat="38.80876600" lon="115.51852905"><ele>15.477</ele><time>2026-08-25T02:53:00Z</time><sat>33</sat></trkpt>
  <trkpt lat="38.80882578" lon="115.51831758"><ele>15.912</ele><time>2026-08-25T02:53:03Z</time><sat>34</sat></trkpt>
  <trkpt lat="38.80889876" lon="115.51808184"><ele>16.020</ele><time>2026-08-25T02:53:06Z</time><sat>34</sat></trkpt>
  <trkpt lat="38.80897224" lon="115.51783670"><ele>16.343</ele><time>2026-08-25T02:53:09Z</time><sat>35</sat></trkpt>
  <trkpt lat="38.80904922" lon="115.51758003"><ele>16.221</ele><time>2026-08-25T02:53:12Z</time><sat>36</sat></trkpt>
  <trkpt lat="38.80913325" lon="115.51730906"><ele>16.066</ele><time>2026-08-25T02:53:15Z</time><sat>35</sat></trkpt>
  <trkpt lat="38.80922451" lon="115.51701313"><ele>16.276</ele><time>2026-08-25T02:53:18Z</time><sat>34</sat></trkpt>
  <trkpt lat="38.80932616" lon="115.51668326"><ele>16.359</ele><time>2026-08-25T02:53:21Z</time><sat>34</sat></trkpt>
  <trkpt lat="38.80943973" lon="115.51632037"><ele>16.113</ele><time>2026-08-25T02:53:24Z</time><sat>33</sat></trkpt>
  <trkpt lat="38.80955388" lon="115.51594916"><ele>16.103</ele><time>2026-08-25T02:53:27Z</time><sat>34</sat></trkpt>
  <trkpt lat="38.80966123" lon="115.51559373"><ele>16.095</ele><time>2026-08-25T02:53:30Z</time><sat>34</sat></trkpt>
  <trkpt lat="38.80976124" lon="115.51525242"><ele>16.428</ele><time>2026-08-25T02:53:33Z</time><sat>34</sat></trkpt>
  <trkpt lat="38.80988710" lon="115.51487796"><ele>16.208</ele><time>2026-08-25T02:53:36Z</time><sat>34</sat></trkpt>
  <trkpt lat="38.81002471" lon="115.51446337"><ele>15.932</ele><time>2026-08-25T02:53:39Z</time><sat>35</sat></trkpt>
  <trkpt lat="38.81016309" lon="115.51402512"><ele>15.846</ele><time>2026-08-25T02:53:42Z</time><sat>35</sat></trkpt>
  <trkpt lat="38.81033677" lon="115.51350803"><ele>15.985</ele><time>2026-08-25T02:53:45Z</time><sat>34</sat></trkpt>
  <trkpt lat="38.81052473" lon="115.51293558"><ele>16.056</ele><time>2026-08-25T02:53:48Z</time><sat>34</sat></trkpt>
  <trkpt lat="38.81070662" lon="115.51233634"><ele>16.556</ele><time>2026-08-25T02:53:51Z</time><sat>34</sat></trkpt>
  <trkpt lat="38.81087891" lon="115.51175559"><ele>16.667</ele><time>2026-08-25T02:53:54Z</time><sat>33</sat></trkpt>
  <trkpt lat="38.81102616" lon="115.51126589"><ele>16.733</ele><time>2026-08-25T02:53:57Z</time><sat>34</sat></trkpt>
  <trkpt lat="38.81108642" lon="115.51103458"><ele>16.600</ele><time>2026-08-25T02:54:00Z</time><sat>34</sat></trkpt>
  <trkpt lat="38.81116122" lon="115.51076161"><ele>15.732</ele><time>2026-08-25T02:54:03Z</time><sat>33</sat></trkpt>
  <trkpt lat="38.81127076" lon="115.51038293"><ele>15.502</ele><time>2026-08-25T02:54:06Z</time><sat>34</sat></trkpt>
  <trkpt lat="38.81138843" lon="115.50999142"><ele>15.921</ele><time>2026-08-25T02:54:09Z</time><sat>35</sat></trkpt>
  <trkpt lat="38.81149196" lon="115.50963319"><ele>15.973</ele><time>2026-08-25T02:54:12Z</time><sat>35</sat></trkpt>
  <trkpt lat="38.81158072" lon="115.50932122"><ele>15.893</ele><time>2026-08-25T02:54:15Z</time><sat>33</sat></trkpt>
  <trkpt lat="38.81166514" lon="115.50903394"><ele>15.777</ele><time>2026-08-25T02:54:18Z</time><sat>33</sat></trkpt>
  <trkpt lat="38.81174802" lon="115.50875768"><ele>16.246</ele><time>2026-08-25T02:54:21Z</time><sat>33</sat></trkpt>
  <trkpt lat="38.81183871" lon="115.50846691"><ele>16.770</ele><time>2026-08-25T02:54:24Z</time><sat>33</sat></trkpt>
  <trkpt lat="38.81194104" lon="115.50817274"><ele>16.626</ele><time>2026-08-25T02:54:27Z</time><sat>34</sat></trkpt>
  <trkpt lat="38.81202030" lon="115.50791720"><ele>16.804</ele><time>2026-08-25T02:54:30Z</time><sat>34</sat></trkpt>
  <trkpt lat="38.81208697" lon="115.50770876"><ele>16.751</ele><time>2026-08-25T02:54:33Z</time><sat>34</sat></trkpt>
  <trkpt lat="38.81216783" lon="115.50745067"><ele>16.575</ele><time>2026-08-25T02:54:36Z</time><sat>34</sat></trkpt>
  <trkpt lat="38.81224100" lon="115.50719348"><ele>16.261</ele><time>2026-08-25T02:54:39Z</time><sat>35</sat></trkpt>
  <trkpt lat="38.81232945" lon="115.50690670"><ele>16.442</ele><time>2026-08-25T02:54:42Z</time><sat>36</sat></trkpt>
  <trkpt lat="38.81241692" lon="115.50662024"><ele>16.598</ele><time>2026-08-25T02:54:45Z</time><sat>34</sat></trkpt>
  <trkpt lat="38.81250353" lon="115.50633159"><ele>16.761</ele><time>2026-08-25T02:54:48Z</time><sat>34</sat></trkpt>
  <trkpt lat="38.81259535" lon="115.50602634"><ele>17.054</ele><time>2026-08-25T02:54:51Z</time><sat>34</sat></trkpt>
  <trkpt lat="38.81269056" lon="115.50571851"><ele>17.320</ele><time>2026-08-25T02:54:54Z</time><sat>33</sat></trkpt>
  <trkpt lat="38.81278142" lon="115.50539951"><ele>17.187</ele><time>2026-08-25T02:54:57Z</time><sat>33</sat></trkpt>
  <trkpt lat="38.81287062" lon="115.50510049"><ele>16.762</ele><time>2026-08-25T02:55:00Z</time><sat>33</sat></trkpt>
  <trkpt lat="38.81296793" lon="115.50478612"><ele>16.655</ele><time>2026-08-25T02:55:03Z</time><sat>33</sat></trkpt>
  <trkpt lat="38.81307715" lon="115.50444722"><ele>16.669</ele><time>2026-08-25T02:55:06Z</time><sat>34</sat></trkpt>
  <trkpt lat="38.81317623" lon="115.50409869"><ele>17.087</ele><time>2026-08-25T02:55:09Z</time><sat>33</sat></trkpt>
  <trkpt lat="38.81327139" lon="115.50375841"><ele>17.446</ele><time>2026-08-25T02:55:12Z</time><sat>33</sat></trkpt>
  <trkpt lat="38.81334391" lon="115.50349999"><ele>17.901</ele><time>2026-08-25T02:55:15Z</time><sat>32</sat></trkpt>
  <trkpt lat="38.81340836" lon="115.50324946"><ele>18.123</ele><time>2026-08-25T02:55:18Z</time><sat>29</sat></trkpt>
  <trkpt lat="38.81350715" lon="115.50293893"><ele>18.151</ele><time>2026-08-25T02:55:21Z</time><sat>31</sat></trkpt>
  <trkpt lat="38.81360692" lon="115.50261836"><ele>17.802</ele><time>2026-08-25T02:55:24Z</time><sat>32</sat></trkpt>
  <trkpt lat="38.81372988" lon="115.50224439"><ele>17.492</ele><time>2026-08-25T02:55:27Z</time><sat>33</sat></trkpt>
  <trkpt lat="38.81383720" lon="115.50186658"><ele>17.514</ele><time>2026-08-25T02:55:30Z</time><sat>33</sat></trkpt>
  <trkpt lat="38.81394683" lon="115.50146971"><ele>17.988</ele><time>2026-08-25T02:55:33Z</time><sat>33</sat></trkpt>
  <trkpt lat="38.81406434" lon="115.50108205"><ele>17.282</ele><time>2026-08-25T02:55:36Z</time><sat>33</sat></trkpt>
  <trkpt lat="38.81418135" lon="115.50077034"><ele>17.282</ele><time>2026-08-25T02:55:39Z</time><sat>34</sat></trkpt>
  <trkpt lat="38.81436914" lon="115.50062451"><ele>16.487</ele><time>2026-08-25T02:55:42Z</time><sat>34</sat></trkpt>
  <trkpt lat="38.81463358" lon="115.50057330"><ele>16.402</ele><time>2026-08-25T02:55:45Z</time><sat>34</sat></trkpt>
  <trkpt lat="38.81493480" lon="115.50055320"><ele>16.035</ele><time>2026-08-25T02:55:48Z</time><sat>34</sat></trkpt>
  <trkpt lat="38.81529830" lon="115.50054344"><ele>15.678</ele><time>2026-08-25T02:55:51Z</time><sat>32</sat></trkpt>
  <trkpt lat="38.81566854" lon="115.50052284"><ele>15.359</ele><time>2026-08-25T02:55:54Z</time><sat>32</sat></trkpt>
  <trkpt lat="38.81605026" lon="115.50049256"><ele>15.553</ele><time>2026-08-25T02:55:57Z</time><sat>31</sat></trkpt>
  <trkpt lat="38.81645421" lon="115.50048738"><ele>15.052</ele><time>2026-08-25T02:56:00Z</time><sat>30</sat></trkpt>
  <trkpt lat="38.81685972" lon="115.50045519"><ele>13.106</ele><time>2026-08-25T02:56:03Z</time><sat>29</sat></trkpt>
  <trkpt lat="38.81726847" lon="115.50042837"><ele>13.984</ele><time>2026-08-25T02:56:06Z</time><sat>30</sat></trkpt>
  <trkpt lat="38.81768854" lon="115.50040769"><ele>13.909</ele><time>2026-08-25T02:56:09Z</time><sat>31</sat></trkpt>
  <trkpt lat="38.81810627" lon="115.50039511"><ele>13.748</ele><time>2026-08-25T02:56:12Z</time><sat>32</sat></trkpt>
  <trkpt lat="38.81851737" lon="115.50038288"><ele>14.531</ele><time>2026-08-25T02:56:15Z</time><sat>30</sat></trkpt>
  <trkpt lat="38.81890689" lon="115.50036111"><ele>14.919</ele><time>2026-08-25T02:56:18Z</time><sat>27</sat></trkpt>
  <trkpt lat="38.81928481" lon="115.50034546"><ele>14.792</ele><time>2026-08-25T02:56:21Z</time><sat>27</sat></trkpt>
  <trkpt lat="38.81965800" lon="115.50032469"><ele>15.541</ele><time>2026-08-25T02:56:24Z</time><sat>32</sat></trkpt>
  <trkpt lat="38.82000916" lon="115.50029737"><ele>15.591</ele><time>2026-08-25T02:56:27Z</time><sat>33</sat></trkpt>
  <trkpt lat="38.82030061" lon="115.50028533"><ele>15.896</ele><time>2026-08-25T02:56:30Z</time><sat>32</sat></trkpt>
  <trkpt lat="38.82056310" lon="115.50025639"><ele>16.610</ele><time>2026-08-25T02:56:33Z</time><sat>32</sat></trkpt>
  <trkpt lat="38.82085351" lon="115.50024206"><ele>15.319</ele><time>2026-08-25T02:56:36Z</time><sat>30</sat></trkpt>
  <trkpt lat="38.82114665" lon="115.50024258"><ele>14.822</ele><time>2026-08-25T02:56:39Z</time><sat>29</sat></trkpt>
  <trkpt lat="38.82143440" lon="115.50023461"><ele>15.257</ele><time>2026-08-25T02:56:42Z</time><sat>30</sat></trkpt>
  <trkpt lat="38.82172120" lon="115.50021373"><ele>14.828</ele><time>2026-08-25T02:56:45Z</time><sat>29</sat></trkpt>
  <trkpt lat="38.82202373" lon="115.50019801"><ele>14.968</ele><time>2026-08-25T02:56:48Z</time><sat>29</sat></trkpt>
  <trkpt lat="38.82234480" lon="115.50018028"><ele>15.237</ele><time>2026-08-25T02:56:51Z</time><sat>27</sat></trkpt>
  <trkpt lat="38.82266758" lon="115.50016200"><ele>14.512</ele><time>2026-08-25T02:56:54Z</time><sat>28</sat></trkpt>
  <trkpt lat="38.82300288" lon="115.50015213"><ele>15.069</ele><time>2026-08-25T02:56:57Z</time><sat>27</sat></trkpt>
  <trkpt lat="38.82331601" lon="115.50013461"><ele>14.772</ele><time>2026-08-25T02:57:00Z</time><sat>28</sat></trkpt>
  <trkpt lat="38.82361406" lon="115.50012393"><ele>13.569</ele><time>2026-08-25T02:57:03Z</time><sat>30</sat></trkpt>
  <trkpt lat="38.82390735" lon="115.50010467"><ele>13.698</ele><time>2026-08-25T02:57:06Z</time><sat>30</sat></trkpt>
  <trkpt lat="38.82421309" lon="115.50008132"><ele>14.714</ele><time>2026-08-25T02:57:09Z</time><sat>30</sat></trkpt>
  <trkpt lat="38.82452101" lon="115.50007034"><ele>15.093</ele><time>2026-08-25T02:57:12Z</time><sat>31</sat></trkpt>
  <trkpt lat="38.82487830" lon="115.50006098"><ele>13.994</ele><time>2026-08-25T02:57:15Z</time><sat>29</sat></trkpt>
  <trkpt lat="38.82521162" lon="115.50004336"><ele>15.215</ele><time>2026-08-25T02:57:18Z</time><sat>29</sat></trkpt>
  <trkpt lat="38.82556046" lon="115.50002532"><ele>15.528</ele><time>2026-08-25T02:57:21Z</time><sat>30</sat></trkpt>
  <trkpt lat="38.82594541" lon="115.50002222"><ele>15.226</ele><time>2026-08-25T02:57:24Z</time><sat>30</sat></trkpt>
  <trkpt lat="38.82634875" lon="115.50000862"><ele>15.508</ele><time>2026-08-25T02:57:27Z</time><sat>30</sat></trkpt>
  <trkpt lat="38.82674917" lon="115.49999243"><ele>15.758</ele><time>2026-08-25T02:57:30Z</time><sat>31</sat></trkpt>
  <trkpt lat="38.82713064" lon="115.49997509"><ele>15.727</ele><time>2026-08-25T02:57:33Z</time><sat>28</sat></trkpt>
  <trkpt lat="38.82747485" lon="115.49994885"><ele>16.564</ele><time>2026-08-25T02:57:36Z</time><sat>29</sat></trkpt>
  <trkpt lat="38.82780504" lon="115.49990545"><ele>16.734</ele><time>2026-08-25T02:57:39Z</time><sat>31</sat></trkpt>
  <trkpt lat="38.82813577" lon="115.49984776"><ele>16.092</ele><time>2026-08-25T02:57:42Z</time><sat>29</sat></trkpt>
  <trkpt lat="38.82853741" lon="115.49984020"><ele>15.622</ele><time>2026-08-25T02:57:45Z</time><sat>30</sat></trkpt>
  <trkpt lat="38.82893889" lon="115.49982337"><ele>15.083</ele><time>2026-08-25T02:57:48Z</time><sat>32</sat></trkpt>
  <trkpt lat="38.82932949" lon="115.49981633"><ele>15.421</ele><time>2026-08-25T02:57:51Z</time><sat>30</sat></trkpt>
  <trkpt lat="38.82965631" lon="115.49981366"><ele>14.754</ele><time>2026-08-25T02:57:54Z</time><sat>30</sat></trkpt>
  <trkpt lat="38.82997998" lon="115.49979868"><ele>14.787</ele><time>2026-08-25T02:57:57Z</time><sat>31</sat></trkpt>
  <trkpt lat="38.83033409" lon="115.49980459"><ele>15.037</ele><time>2026-08-25T02:58:00Z</time><sat>32</sat></trkpt>
  <trkpt lat="38.83073944" lon="115.49978330"><ele>15.139</ele><time>2026-08-25T02:58:03Z</time><sat>31</sat></trkpt>
  <trkpt lat="38.83117819" lon="115.49974944"><ele>15.278</ele><time>2026-08-25T02:58:06Z</time><sat>31</sat></trkpt>
  <trkpt lat="38.83160824" lon="115.49972873"><ele>14.727</ele><time>2026-08-25T02:58:09Z</time><sat>32</sat></trkpt>
  <trkpt lat="38.83208582" lon="115.49971531"><ele>14.884</ele><time>2026-08-25T02:58:12Z</time><sat>31</sat></trkpt>
  <trkpt lat="38.83255949" lon="115.49969614"><ele>14.529</ele><time>2026-08-25T02:58:15Z</time><sat>32</sat></trkpt>
  <trkpt lat="38.83306969" lon="115.49965070"><ele>14.487</ele><time>2026-08-25T02:58:18Z</time><sat>32</sat></trkpt>
  <trkpt lat="38.83364778" lon="115.49957948"><ele>14.503</ele><time>2026-08-25T02:58:21Z</time><sat>31</sat></trkpt>
  <trkpt lat="38.83427806" lon="115.49953870"><ele>14.523</ele><time>2026-08-25T02:58:24Z</time><sat>31</sat></trkpt>
  <trkpt lat="38.83482899" lon="115.49950345"><ele>15.492</ele><time>2026-08-25T02:58:27Z</time><sat>31</sat></trkpt>
  <trkpt lat="38.83536520" lon="115.49946445"><ele>14.512</ele><time>2026-08-25T02:58:30Z</time><sat>28</sat></trkpt>
  <trkpt lat="38.83580252" lon="115.49943906"><ele>15.010</ele><time>2026-08-25T02:58:33Z</time><sat>26</sat></trkpt>
  <trkpt lat="38.83615401" lon="115.49941658"><ele>15.032</ele><time>2026-08-25T02:58:36Z</time><sat>27</sat></trkpt>
  <trkpt lat="38.83653839" lon="115.49941295"><ele>14.653</ele><time>2026-08-25T02:58:39Z</time><sat>27</sat></trkpt>
  <trkpt lat="38.83693869" lon="115.49940950"><ele>14.535</ele><time>2026-08-25T02:58:42Z</time><sat>27</sat></trkpt>
  <trkpt lat="38.83744475" lon="115.49937022"><ele>13.948</ele><time>2026-08-25T02:58:45Z</time><sat>27</sat></trkpt>
  <trkpt lat="38.83795043" lon="115.49928843"><ele>14.976</ele><time>2026-08-25T02:58:48Z</time><sat>27</sat></trkpt>
  <trkpt lat="38.83842353" lon="115.49923593"><ele>15.044</ele><time>2026-08-25T02:58:51Z</time><sat>29</sat></trkpt>
  <trkpt lat="38.83886354" lon="115.49921828"><ele>15.502</ele><time>2026-08-25T02:58:54Z</time><sat>30</sat></trkpt>
  <trkpt lat="38.83934002" lon="115.49918773"><ele>15.742</ele><time>2026-08-25T02:58:57Z</time><sat>27</sat></trkpt>
  <trkpt lat="38.83970162" lon="115.49915660"><ele>15.350</ele><time>2026-08-25T02:59:00Z</time><sat>28</sat></trkpt>
  <trkpt lat="38.83980019" lon="115.49914502"><ele>15.017</ele><time>2026-08-25T02:59:03Z</time><sat>29</sat></trkpt>
  <trkpt lat="38.83981538" lon="115.49913819"><ele>14.881</ele><time>2026-08-25T02:59:06Z</time><sat>29</sat></trkpt>
  <trkpt lat="38.83993613" lon="115.49912232"><ele>14.837</ele><time>2026-08-25T02:59:09Z</time><sat>29</sat></trkpt>
  <trkpt lat="38.84019844" lon="115.49909796"><ele>15.420</ele><time>2026-08-25T02:59:12Z</time><sat>30</sat></trkpt>
  <trkpt lat="38.84048590" lon="115.49908150"><ele>15.659</ele><time>2026-08-25T02:59:15Z</time><sat>28</sat></trkpt>
  <trkpt lat="38.84079341" lon="115.49904876"><ele>15.639</ele><time>2026-08-25T02:59:18Z</time><sat>27</sat></trkpt>
  <trkpt lat="38.84122255" lon="115.49901002"><ele>15.739</ele><time>2026-08-25T02:59:21Z</time><sat>30</sat></trkpt>
  <trkpt lat="38.84174889" lon="115.49895915"><ele>15.605</ele><time>2026-08-25T02:59:24Z</time><sat>29</sat></trkpt>
  <trkpt lat="38.84230434" lon="115.49891212"><ele>15.826</ele><time>2026-08-25T02:59:27Z</time><sat>25</sat></trkpt>
  <trkpt lat="38.84284421" lon="115.49883967"><ele>16.349</ele><time>2026-08-25T02:59:30Z</time><sat>24</sat></trkpt>
  <trkpt lat="38.84337762" lon="115.49877291"><ele>16.881</ele><time>2026-08-25T02:59:33Z</time><sat>27</sat></trkpt>
  <trkpt lat="38.84385879" lon="115.49873037"><ele>16.820</ele><time>2026-08-25T02:59:36Z</time><sat>25</sat></trkpt>
  <trkpt lat="38.84425027" lon="115.49867646"><ele>16.416</ele><time>2026-08-25T02:59:39Z</time><sat>23</sat></trkpt>
  <trkpt lat="38.84462597" lon="115.49860834"><ele>16.147</ele><time>2026-08-25T02:59:42Z</time><sat>26</sat></trkpt>
  <trkpt lat="38.84503936" lon="115.49856690"><ele>16.536</ele><time>2026-08-25T02:59:45Z</time><sat>25</sat></trkpt>
  <trkpt lat="38.84539558" lon="115.49853528"><ele>15.856</ele><time>2026-08-25T02:59:48Z</time><sat>30</sat></trkpt>
  <trkpt lat="38.84573189" lon="115.49848225"><ele>14.773</ele><time>2026-08-25T02:59:51Z</time><sat>29</sat></trkpt>
  <trkpt lat="38.84603647" lon="115.49843410"><ele>14.702</ele><time>2026-08-25T02:59:54Z</time><sat>29</sat></trkpt>
  <trkpt lat="38.84638916" lon="115.49840522"><ele>15.459</ele><time>2026-08-25T02:59:57Z</time><sat>33</sat></trkpt>
  <trkpt lat="38.84672656" lon="115.49838184"><ele>15.655</ele><time>2026-08-25T03:00:00Z</time><sat>32</sat></trkpt>
  <trkpt lat="38.84701532" lon="115.49836033"><ele>16.107</ele><time>2026-08-25T03:00:03Z</time><sat>32</sat></trkpt>
  <trkpt lat="38.84730188" lon="115.49834351"><ele>15.994</ele><time>2026-08-25T03:00:06Z</time><sat>33</sat></trkpt>
  <trkpt lat="38.84758868" lon="115.49832665"><ele>15.684</ele><time>2026-08-25T03:00:09Z</time><sat>35</sat></trkpt>
  <trkpt lat="38.84790672" lon="115.49830469"><ele>15.469</ele><time>2026-08-25T03:00:12Z</time><sat>35</sat></trkpt>
  <trkpt lat="38.84824747" lon="115.49827543"><ele>15.463</ele><time>2026-08-25T03:00:15Z</time><sat>34</sat></trkpt>
  <trkpt lat="38.84859565" lon="115.49825740"><ele>15.857</ele><time>2026-08-25T03:00:18Z</time><sat>33</sat></trkpt>
  <trkpt lat="38.84893222" lon="115.49823773"><ele>16.174</ele><time>2026-08-25T03:00:21Z</time><sat>32</sat></trkpt>
  <trkpt lat="38.84925172" lon="115.49821869"><ele>16.442</ele><time>2026-08-25T03:00:24Z</time><sat>32</sat></trkpt>
  <trkpt lat="38.84956065" lon="115.49824474"><ele>17.630</ele><time>2026-08-25T03:00:27Z</time><sat>31</sat></trkpt>
  <trkpt lat="38.84984297" lon="115.49834351"><ele>18.110</ele><time>2026-08-25T03:00:30Z</time><sat>30</sat></trkpt>
  <trkpt lat="38.85014651" lon="115.49846685"><ele>17.745</ele><time>2026-08-25T03:00:33Z</time><sat>32</sat></trkpt>
  <trkpt lat="38.85045909" lon="115.49862111"><ele>16.790</ele><time>2026-08-25T03:00:36Z</time><sat>34</sat></trkpt>
  <trkpt lat="38.85073055" lon="115.49877333"><ele>16.079</ele><time>2026-08-25T03:00:39Z</time><sat>33</sat></trkpt>
  <trkpt lat="38.85096701" lon="115.49889560"><ele>16.267</ele><time>2026-08-25T03:00:42Z</time><sat>34</sat></trkpt>
  <trkpt lat="38.85115519" lon="115.49899707"><ele>16.345</ele><time>2026-08-25T03:00:45Z</time><sat>33</sat></trkpt>
  <trkpt lat="38.85129271" lon="115.49907268"><ele>16.258</ele><time>2026-08-25T03:00:48Z</time><sat>34</sat></trkpt>
  <trkpt lat="38.85132850" lon="115.49909003"><ele>16.396</ele><time>2026-08-25T03:00:51Z</time><sat>33</sat></trkpt>
  <trkpt lat="38.85132421" lon="115.49909230"><ele>16.108</ele><time>2026-08-25T03:00:54Z</time><sat>33</sat></trkpt>
  <trkpt lat="38.85132389" lon="115.49909596"><ele>15.880</ele><time>2026-08-25T03:00:57Z</time><sat>33</sat></trkpt>
  <trkpt lat="38.85132477" lon="115.49909784"><ele>15.868</ele><time>2026-08-25T03:01:00Z</time><sat>31</sat></trkpt>
  <trkpt lat="38.85132535" lon="115.49909797"><ele>15.939</ele><time>2026-08-25T03:01:03Z</time><sat>31</sat></trkpt>
  <trkpt lat="38.85132534" lon="115.49909799"><ele>15.935</ele><time>2026-08-25T03:01:06Z</time><sat>31</sat></trkpt>
  <trkpt lat="38.85132527" lon="115.49909798"><ele>15.929</ele><time>2026-08-25T03:01:09Z</time><sat>31</sat></trkpt>
  <trkpt lat="38.85132520" lon="115.49909797"><ele>15.928</ele><time>2026-08-25T03:01:12Z</time><sat>31</sat></trkpt>
  <trkpt lat="38.85133115" lon="115.49909665"><ele>16.183</ele><time>2026-08-25T03:01:15Z</time><sat>31</sat></trkpt>
  <trkpt lat="38.85132990" lon="115.49909378"><ele>16.163</ele><time>2026-08-25T03:01:18Z</time><sat>33</sat></trkpt>
  <trkpt lat="38.85132817" lon="115.49909171"><ele>16.356</ele><time>2026-08-25T03:01:21Z</time><sat>32</sat></trkpt>
  <trkpt lat="38.85132712" lon="115.49909269"><ele>16.233</ele><time>2026-08-25T03:01:24Z</time><sat>32</sat></trkpt>
  <trkpt lat="38.85132787" lon="115.49909246"><ele>16.727</ele><time>2026-08-25T03:01:27Z</time><sat>32</sat></trkpt>
  <trkpt lat="38.85132837" lon="115.49909248"><ele>16.803</ele><time>2026-08-25T03:01:30Z</time><sat>34</sat></trkpt>
  <trkpt lat="38.85132881" lon="115.49909199"><ele>16.902</ele><time>2026-08-25T03:01:33Z</time><sat>34</sat></trkpt>
  <trkpt lat="38.85132906" lon="115.49909179"><ele>16.946</ele><time>2026-08-25T03:01:36Z</time><sat>35</sat></trkpt>
  <trkpt lat="38.85132926" lon="115.49909157"><ele>16.977</ele><time>2026-08-25T03:01:39Z</time><sat>35</sat></trkpt>
  <trkpt lat="38.85132931" lon="115.49909148"><ele>16.985</ele><time>2026-08-25T03:01:42Z</time><sat>34</sat></trkpt>
  <trkpt lat="38.85132925" lon="115.49909137"><ele>17.012</ele><time>2026-08-25T03:01:45Z</time><sat>33</sat></trkpt>
  <trkpt lat="38.85132922" lon="115.49909129"><ele>17.013</ele><time>2026-08-25T03:01:48Z</time><sat>32</sat></trkpt>
  <trkpt lat="38.85132924" lon="115.49909127"><ele>17.024</ele><time>2026-08-25T03:01:51Z</time><sat>33</sat></trkpt>
  <trkpt lat="38.85132928" lon="115.49909126"><ele>17.025</ele><time>2026-08-25T03:01:54Z</time><sat>35</sat></trkpt>
  <trkpt lat="38.85132929" lon="115.49909123"><ele>17.038</ele><time>2026-08-25T03:01:57Z</time><sat>33</sat></trkpt>
  <trkpt lat="38.85132928" lon="115.49909118"><ele>17.053</ele><time>2026-08-25T03:02:00Z</time><sat>33</sat></trkpt>
  <trkpt lat="38.85132926" lon="115.49909111"><ele>17.080</ele><time>2026-08-25T03:02:03Z</time><sat>32</sat></trkpt>
  <trkpt lat="38.85134789" lon="115.49910233"><ele>17.235</ele><time>2026-08-25T03:02:06Z</time><sat>30</sat></trkpt>
  <trkpt lat="38.85146032" lon="115.49917176"><ele>17.137</ele><time>2026-08-25T03:02:09Z</time><sat>32</sat></trkpt>
  <trkpt lat="38.85161411" lon="115.49919765"><ele>16.632</ele><time>2026-08-25T03:02:12Z</time><sat>32</sat></trkpt>
  <trkpt lat="38.85173850" lon="115.49904969"><ele>15.748</ele><time>2026-08-25T03:02:15Z</time><sat>33</sat></trkpt>
  <trkpt lat="38.85180011" lon="115.49873134"><ele>17.271</ele><time>2026-08-25T03:02:18Z</time><sat>33</sat></trkpt>
  <trkpt lat="38.85184394" lon="115.49830160"><ele>18.729</ele><time>2026-08-25T03:02:21Z</time><sat>31</sat></trkpt>
  <trkpt lat="38.85188238" lon="115.49786910"><ele>19.558</ele><time>2026-08-25T03:02:24Z</time><sat>33</sat></trkpt>
  <trkpt lat="38.85192092" lon="115.49743904"><ele>19.725</ele><time>2026-08-25T03:02:27Z</time><sat>33</sat></trkpt>
  <trkpt lat="38.85195341" lon="115.49703327"><ele>19.122</ele><time>2026-08-25T03:02:30Z</time><sat>32</sat></trkpt>
  <trkpt lat="38.85197785" lon="115.49672401"><ele>19.187</ele><time>2026-08-25T03:02:33Z</time><sat>34</sat></trkpt>
  <trkpt lat="38.85199281" lon="115.49643933"><ele>18.741</ele><time>2026-08-25T03:02:36Z</time><sat>33</sat></trkpt>
  <trkpt lat="38.85202972" lon="115.49597557"><ele>18.507</ele><time>2026-08-25T03:02:39Z</time><sat>30</sat></trkpt>
  <trkpt lat="38.85206568" lon="115.49554678"><ele>18.276</ele><time>2026-08-25T03:02:42Z</time><sat>29</sat></trkpt>
  <trkpt lat="38.85212071" lon="115.49518026"><ele>17.971</ele><time>2026-08-25T03:02:45Z</time><sat>30</sat></trkpt>
  <trkpt lat="38.85216426" lon="115.49475700"><ele>17.949</ele><time>2026-08-25T03:02:48Z</time><sat>32</sat></trkpt>
  <trkpt lat="38.85220155" lon="115.49425370"><ele>17.911</ele><time>2026-08-25T03:02:51Z</time><sat>30</sat></trkpt>
  <trkpt lat="38.85223995" lon="115.49374976"><ele>18.671</ele><time>2026-08-25T03:02:54Z</time><sat>26</sat></trkpt>
  <trkpt lat="38.85227589" lon="115.49329082"><ele>18.960</ele><time>2026-08-25T03:02:57Z</time><sat>28</sat></trkpt>
  <trkpt lat="38.85230335" lon="115.49293707"><ele>19.012</ele><time>2026-08-25T03:03:00Z</time><sat>29</sat></trkpt>
  <trkpt lat="38.85235606" lon="115.49273203"><ele>19.747</ele><time>2026-08-25T03:03:03Z</time><sat>33</sat></trkpt>
  <trkpt lat="38.85254511" lon="115.49267778"><ele>19.088</ele><time>2026-08-25T03:03:06Z</time><sat>33</sat></trkpt>
  <trkpt lat="38.85283616" lon="115.49271164"><ele>18.855</ele><time>2026-08-25T03:03:09Z</time><sat>33</sat></trkpt>
  <trkpt lat="38.85316668" lon="115.49275674"><ele>18.685</ele><time>2026-08-25T03:03:12Z</time><sat>34</sat></trkpt>
  <trkpt lat="38.85348611" lon="115.49280173"><ele>18.511</ele><time>2026-08-25T03:03:15Z</time><sat>31</sat></trkpt>
  <trkpt lat="38.85375847" lon="115.49284591"><ele>17.224</ele><time>2026-08-25T03:03:18Z</time><sat>26</sat></trkpt>
  <trkpt lat="38.85400660" lon="115.49287793"><ele>17.473</ele><time>2026-08-25T03:03:21Z</time><sat>25</sat></trkpt>
  <trkpt lat="38.85420472" lon="115.49289384"><ele>17.722</ele><time>2026-08-25T03:03:24Z</time><sat>27</sat></trkpt>
  <trkpt lat="38.85428587" lon="115.49284107"><ele>18.309</ele><time>2026-08-25T03:03:27Z</time><sat>28</sat></trkpt>
  <trkpt lat="38.85430683" lon="115.49270041"><ele>18.918</ele><time>2026-08-25T03:03:30Z</time><sat>27</sat></trkpt>
  <trkpt lat="38.85433199" lon="115.49255091"><ele>18.169</ele><time>2026-08-25T03:03:33Z</time><sat>30</sat></trkpt>
  <trkpt lat="38.85435668" lon="115.49238045"><ele>17.948</ele><time>2026-08-25T03:03:36Z</time><sat>31</sat></trkpt>
  <trkpt lat="38.85438521" lon="115.49217579"><ele>18.062</ele><time>2026-08-25T03:03:39Z</time><sat>29</sat></trkpt>
  <trkpt lat="38.85441852" lon="115.49196721"><ele>17.988</ele><time>2026-08-25T03:03:42Z</time><sat>28</sat></trkpt>
  <trkpt lat="38.85444578" lon="115.49175603"><ele>18.109</ele><time>2026-08-25T03:03:45Z</time><sat>29</sat></trkpt>
  <trkpt lat="38.85448044" lon="115.49153493"><ele>17.951</ele><time>2026-08-25T03:03:48Z</time><sat>31</sat></trkpt>
  <trkpt lat="38.85451526" lon="115.49130287"><ele>17.683</ele><time>2026-08-25T03:03:51Z</time><sat>32</sat></trkpt>
  <trkpt lat="38.85453959" lon="115.49108471"><ele>17.322</ele><time>2026-08-25T03:03:54Z</time><sat>31</sat></trkpt>
  <trkpt lat="38.85456114" lon="115.49092073"><ele>17.289</ele><time>2026-08-25T03:03:57Z</time><sat>26</sat></trkpt>
  <trkpt lat="38.85457951" lon="115.49079224"><ele>17.077</ele><time>2026-08-25T03:04:00Z</time><sat>27</sat></trkpt>
  <trkpt lat="38.85458728" lon="115.49067484"><ele>17.317</ele><time>2026-08-25T03:04:03Z</time><sat>27</sat></trkpt>
  <trkpt lat="38.85459775" lon="115.49056917"><ele>17.450</ele><time>2026-08-25T03:04:06Z</time><sat>28</sat></trkpt>
  <trkpt lat="38.85460896" lon="115.49046976"><ele>17.588</ele><time>2026-08-25T03:04:09Z</time><sat>30</sat></trkpt>
  <trkpt lat="38.85462050" lon="115.49036494"><ele>17.515</ele><time>2026-08-25T03:04:12Z</time><sat>30</sat></trkpt>
  <trkpt lat="38.85463201" lon="115.49026448"><ele>17.675</ele><time>2026-08-25T03:04:15Z</time><sat>28</sat></trkpt>
  <trkpt lat="38.85464166" lon="115.49016535"><ele>17.782</ele><time>2026-08-25T03:04:18Z</time><sat>26</sat></trkpt>
  <trkpt lat="38.85465561" lon="115.49008441"><ele>18.435</ele><time>2026-08-25T03:04:21Z</time><sat>30</sat></trkpt>
  <trkpt lat="38.85466466" lon="115.49000622"><ele>19.988</ele><time>2026-08-25T03:04:24Z</time><sat>31</sat></trkpt>
  <trkpt lat="38.85467870" lon="115.48992556"><ele>19.902</ele><time>2026-08-25T03:04:27Z</time><sat>31</sat></trkpt>
  <trkpt lat="38.85469026" lon="115.48984812"><ele>19.649</ele><time>2026-08-25T03:04:30Z</time><sat>30</sat></trkpt>
  <trkpt lat="38.85470498" lon="115.48974773"><ele>19.140</ele><time>2026-08-25T03:04:33Z</time><sat>29</sat></trkpt>
  <trkpt lat="38.85471735" lon="115.48961956"><ele>18.883</ele><time>2026-08-25T03:04:36Z</time><sat>28</sat></trkpt>
  <trkpt lat="38.85473142" lon="115.48948563"><ele>18.967</ele><time>2026-08-25T03:04:39Z</time><sat>30</sat></trkpt>
  <trkpt lat="38.85475074" lon="115.48935216"><ele>18.770</ele><time>2026-08-25T03:04:42Z</time><sat>30</sat></trkpt>
  <trkpt lat="38.85476865" lon="115.48920145"><ele>19.474</ele><time>2026-08-25T03:04:45Z</time><sat>25</sat></trkpt>
  <trkpt lat="38.85476478" lon="115.48908310"><ele>19.701</ele><time>2026-08-25T03:04:48Z</time><sat>31</sat></trkpt>
  <trkpt lat="38.85476002" lon="115.48905085"><ele>20.089</ele><time>2026-08-25T03:04:51Z</time><sat>31</sat></trkpt>
  <trkpt lat="38.85475905" lon="115.48902340"><ele>19.985</ele><time>2026-08-25T03:04:54Z</time><sat>28</sat></trkpt>
  <trkpt lat="38.85476226" lon="115.48899767"><ele>20.310</ele><time>2026-08-25T03:04:57Z</time><sat>27</sat></trkpt>
  <trkpt lat="38.85476018" lon="115.48898108"><ele>20.069</ele><time>2026-08-25T03:05:00Z</time><sat>27</sat></trkpt>
  <trkpt lat="38.85475524" lon="115.48898264"><ele>20.469</ele><time>2026-08-25T03:05:03Z</time><sat>25</sat></trkpt>
  <trkpt lat="38.85476389" lon="115.48896442"><ele>20.292</ele><time>2026-08-25T03:05:08Z</time><sat>25</sat></trkpt>
  <trkpt lat="38.85476345" lon="115.48896661"><ele>20.306</ele><time>2026-08-25T03:05:11Z</time><sat>25</sat></trkpt>
  <trkpt lat="38.85476433" lon="115.48896670"><ele>20.164</ele><time>2026-08-25T03:05:14Z</time><sat>24</sat></trkpt>
  <trkpt lat="38.85476431" lon="115.48896488"><ele>20.138</ele><time>2026-08-25T03:05:17Z</time><sat>21</sat></trkpt>
  <trkpt lat="38.85476451" lon="115.48896505"><ele>20.145</ele><time>2026-08-25T03:05:20Z</time><sat>22</sat></trkpt>
  <trkpt lat="38.85476468" lon="115.48896484"><ele>20.174</ele><time>2026-08-25T03:05:23Z</time><sat>22</sat></trkpt>
  <trkpt lat="38.85476478" lon="115.48896446"><ele>20.193</ele><time>2026-08-25T03:05:26Z</time><sat>20</sat></trkpt>
  <trkpt lat="38.85476494" lon="115.48896430"><ele>20.204</ele><time>2026-08-25T03:05:29Z</time><sat>23</sat></trkpt>
  <trkpt lat="38.85476601" lon="115.48896399"><ele>20.623</ele><time>2026-08-25T03:05:32Z</time><sat>23</sat></trkpt>
  <trkpt lat="38.85477162" lon="115.48895652"><ele>20.910</ele><time>2026-08-25T03:05:35Z</time><sat>24</sat></trkpt>
  <trkpt lat="38.85477191" lon="115.48895649"><ele>20.808</ele><time>2026-08-25T03:05:38Z</time><sat>21</sat></trkpt>
  <trkpt lat="38.85477640" lon="115.48896200"><ele>19.648</ele><time>2026-08-25T03:05:41Z</time><sat>25</sat></trkpt>
  <trkpt lat="38.85477855" lon="115.48896494"><ele>19.503</ele><time>2026-08-25T03:05:44Z</time><sat>25</sat></trkpt>
  <trkpt lat="38.85477859" lon="115.48896523"><ele>19.745</ele><time>2026-08-25T03:05:47Z</time><sat>24</sat></trkpt>
  <trkpt lat="38.85477850" lon="115.48896578"><ele>19.814</ele><time>2026-08-25T03:05:50Z</time><sat>19</sat></trkpt>
  <trkpt lat="38.85477839" lon="115.48896616"><ele>19.832</ele><time>2026-08-25T03:05:53Z</time><sat>18</sat></trkpt>
  <trkpt lat="38.85477836" lon="115.48896624"><ele>19.842</ele><time>2026-08-25T03:05:56Z</time><sat>19</sat></trkpt>
  <trkpt lat="38.85477834" lon="115.48896630"><ele>19.849</ele><time>2026-08-25T03:05:59Z</time><sat>18</sat></trkpt>
  <trkpt lat="38.85477831" lon="115.48896637"><ele>19.855</ele><time>2026-08-25T03:06:02Z</time><sat>18</sat></trkpt>
  <trkpt lat="38.85477827" lon="115.48896641"><ele>19.861</ele><time>2026-08-25T03:06:05Z</time><sat>17</sat></trkpt>
  <trkpt lat="38.85477695" lon="115.48896719"><ele>20.511</ele><time>2026-08-25T03:06:08Z</time><sat>20</sat></trkpt>
  <trkpt lat="38.85477544" lon="115.48896765"><ele>20.404</ele><time>2026-08-25T03:06:11Z</time><sat>20</sat></trkpt>
  <trkpt lat="38.85477431" lon="115.48896935"><ele>20.469</ele><time>2026-08-25T03:06:14Z</time><sat>19</sat></trkpt>
  <trkpt lat="38.85477473" lon="115.48896783"><ele>20.589</ele><time>2026-08-25T03:06:17Z</time><sat>20</sat></trkpt>
  <trkpt lat="38.85477494" lon="115.48896713"><ele>20.604</ele><time>2026-08-25T03:06:20Z</time><sat>22</sat></trkpt>
  <trkpt lat="38.85477499" lon="115.48896697"><ele>20.618</ele><time>2026-08-25T03:06:23Z</time><sat>19</sat></trkpt>
  <trkpt lat="38.85477506" lon="115.48896711"><ele>20.655</ele><time>2026-08-25T03:06:26Z</time><sat>19</sat></trkpt>
  <trkpt lat="38.85477555" lon="115.48896732"><ele>20.687</ele><time>2026-08-25T03:06:29Z</time><sat>20</sat></trkpt>
  <trkpt lat="38.85477567" lon="115.48896735"><ele>20.688</ele><time>2026-08-25T03:06:32Z</time><sat>23</sat></trkpt>
  <trkpt lat="38.85477542" lon="115.48896717"><ele>20.737</ele><time>2026-08-25T03:06:35Z</time><sat>26</sat></trkpt>
  <trkpt lat="38.85477585" lon="115.48896709"><ele>20.760</ele><time>2026-08-25T03:06:38Z</time><sat>29</sat></trkpt>
  <trkpt lat="38.85477624" lon="115.48896700"><ele>20.762</ele><time>2026-08-25T03:06:41Z</time><sat>26</sat></trkpt>
  <trkpt lat="38.85477628" lon="115.48896705"><ele>20.795</ele><time>2026-08-25T03:06:44Z</time><sat>23</sat></trkpt>
  <trkpt lat="38.85477632" lon="115.48896700"><ele>20.797</ele><time>2026-08-25T03:06:47Z</time><sat>25</sat></trkpt>
  <trkpt lat="38.85477636" lon="115.48896697"><ele>20.801</ele><time>2026-08-25T03:06:50Z</time><sat>23</sat></trkpt>
  <trkpt lat="38.85477637" lon="115.48896696"><ele>20.805</ele><time>2026-08-25T03:06:53Z</time><sat>23</sat></trkpt>
  <trkpt lat="38.85477639" lon="115.48896695"><ele>20.805</ele><time>2026-08-25T03:06:56Z</time><sat>22</sat></trkpt>
  <trkpt lat="38.85477641" lon="115.48896693"><ele>20.808</ele><time>2026-08-25T03:06:59Z</time><sat>19</sat></trkpt>
  <trkpt lat="38.85477641" lon="115.48896693"><ele>20.808</ele><time>2026-08-25T03:07:02Z</time><sat>24</sat></trkpt>
  <trkpt lat="38.85477642" lon="115.48896695"><ele>20.808</ele><time>2026-08-25T03:07:05Z</time><sat>23</sat></trkpt>
  <trkpt lat="38.85477642" lon="115.48896695"><ele>20.807</ele><time>2026-08-25T03:07:08Z</time><sat>20</sat></trkpt>
  <trkpt lat="38.85477642" lon="115.48896695"><ele>20.806</ele><time>2026-08-25T03:07:11Z</time><sat>19</sat></trkpt>
  <trkpt lat="38.85477641" lon="115.48896693"><ele>20.805</ele><time>2026-08-25T03:07:14Z</time><sat>19</sat></trkpt>
  <trkpt lat="38.85477639" lon="115.48896691"><ele>20.810</ele><time>2026-08-25T03:07:17Z</time><sat>18</sat></trkpt>
  <trkpt lat="38.85477636" lon="115.48896694"><ele>20.812</ele><time>2026-08-25T03:07:20Z</time><sat>20</sat></trkpt>
  <trkpt lat="38.85477635" lon="115.48896696"><ele>20.817</ele><time>2026-08-25T03:07:23Z</time><sat>23</sat></trkpt>
  <trkpt lat="38.85477635" lon="115.48896693"><ele>20.819</ele><time>2026-08-25T03:07:26Z</time><sat>24</sat></trkpt>
  <trkpt lat="38.85477629" lon="115.48896691"><ele>20.838</ele><time>2026-08-25T03:07:29Z</time><sat>19</sat></trkpt>
  <trkpt lat="38.85477622" lon="115.48896689"><ele>20.844</ele><time>2026-08-25T03:07:32Z</time><sat>18</sat></trkpt>
  <trkpt lat="38.85477618" lon="115.48896698"><ele>20.867</ele><time>2026-08-25T03:07:35Z</time><sat>20</sat></trkpt>
  <trkpt lat="38.85477611" lon="115.48896707"><ele>20.864</ele><time>2026-08-25T03:07:38Z</time><sat>22</sat></trkpt>
  <trkpt lat="38.85477610" lon="115.48896706"><ele>20.873</ele><time>2026-08-25T03:07:41Z</time><sat>21</sat></trkpt>
  <trkpt lat="38.85477623" lon="115.48896699"><ele>20.896</ele><time>2026-08-25T03:07:44Z</time><sat>20</sat></trkpt>
  <trkpt lat="38.85477624" lon="115.48896698"><ele>20.894</ele><time>2026-08-25T03:07:47Z</time><sat>24</sat></trkpt>
  <trkpt lat="38.85477651" lon="115.48896692"><ele>20.923</ele><time>2026-08-25T03:07:50Z</time><sat>26</sat></trkpt>
  <trkpt lat="38.85477647" lon="115.48896700"><ele>20.921</ele><time>2026-08-25T03:07:53Z</time><sat>25</sat></trkpt>
  <trkpt lat="38.85477652" lon="115.48896704"><ele>20.914</ele><time>2026-08-25T03:07:56Z</time><sat>24</sat></trkpt>
  <trkpt lat="38.85477657" lon="115.48896715"><ele>20.909</ele><time>2026-08-25T03:07:59Z</time><sat>22</sat></trkpt>
  <trkpt lat="38.85477675" lon="115.48896712"><ele>20.925</ele><time>2026-08-25T03:08:02Z</time><sat>22</sat></trkpt>
  <trkpt lat="38.85477671" lon="115.48896719"><ele>20.926</ele><time>2026-08-25T03:08:05Z</time><sat>23</sat></trkpt>
  <trkpt lat="38.85477670" lon="115.48896713"><ele>20.932</ele><time>2026-08-25T03:08:08Z</time><sat>23</sat></trkpt>
  <trkpt lat="38.85477671" lon="115.48896710"><ele>20.933</ele><time>2026-08-25T03:08:11Z</time><sat>23</sat></trkpt>
  <trkpt lat="38.85477671" lon="115.48896706"><ele>20.934</ele><time>2026-08-25T03:08:14Z</time><sat>19</sat></trkpt>
  <trkpt lat="38.85477670" lon="115.48896707"><ele>20.934</ele><time>2026-08-25T03:08:17Z</time><sat>17</sat></trkpt>
  <trkpt lat="38.85477670" lon="115.48896707"><ele>20.933</ele><time>2026-08-25T03:08:20Z</time><sat>16</sat></trkpt>
  <trkpt lat="38.85477670" lon="115.48896707"><ele>20.932</ele><time>2026-08-25T03:08:23Z</time><sat>15</sat></trkpt>
  <trkpt lat="38.85477671" lon="115.48896707"><ele>20.929</ele><time>2026-08-25T03:08:26Z</time><sat>15</sat></trkpt>
  <trkpt lat="38.85477665" lon="115.48896709"><ele>20.924</ele><time>2026-08-25T03:08:29Z</time><sat>16</sat></trkpt>
  <trkpt lat="38.85477656" lon="115.48896715"><ele>20.920</ele><time>2026-08-25T03:08:32Z</time><sat>21</sat></trkpt>
  <trkpt lat="38.85477656" lon="115.48896716"><ele>20.918</ele><time>2026-08-25T03:08:35Z</time><sat>23</sat></trkpt>
  <trkpt lat="38.85477653" lon="115.48896722"><ele>20.905</ele><time>2026-08-25T03:08:38Z</time><sat>22</sat></trkpt>
  <trkpt lat="38.85477646" lon="115.48896736"><ele>20.891</ele><time>2026-08-25T03:08:41Z</time><sat>21</sat></trkpt>
  <trkpt lat="38.85477884" lon="115.48896083"><ele>20.950</ele><time>2026-08-25T03:08:44Z</time><sat>24</sat></trkpt>
  <trkpt lat="38.85478653" lon="115.48894657"><ele>22.103</ele><time>2026-08-25T03:08:47Z</time><sat>24</sat></trkpt>
  <trkpt lat="38.85480550" lon="115.48889928"><ele>22.533</ele><time>2026-08-25T03:08:50Z</time><sat>21</sat></trkpt>
  <trkpt lat="38.85482840" lon="115.48880608"><ele>22.254</ele><time>2026-08-25T03:08:53Z</time><sat>20</sat></trkpt>
  <trkpt lat="38.85484094" lon="115.48874104"><ele>20.691</ele><time>2026-08-25T03:08:56Z</time><sat>21</sat></trkpt>
  <trkpt lat="38.85484842" lon="115.48872547"><ele>20.299</ele><time>2026-08-25T03:08:59Z</time><sat>23</sat></trkpt>
  <trkpt lat="38.85484819" lon="115.48871964"><ele>20.824</ele><time>2026-08-25T03:09:02Z</time><sat>22</sat></trkpt>
  <trkpt lat="38.85484653" lon="115.48871997"><ele>20.635</ele><time>2026-08-25T03:09:05Z</time><sat>22</sat></trkpt>
  <trkpt lat="38.85484627" lon="115.48870735"><ele>20.747</ele><time>2026-08-25T03:09:08Z</time><sat>22</sat></trkpt>
  <trkpt lat="38.85483572" lon="115.48867231"><ele>17.756</ele><time>2026-08-25T03:09:11Z</time><sat>22</sat></trkpt>
  <trkpt lat="38.85483375" lon="115.48862788"><ele>17.632</ele><time>2026-08-25T03:09:14Z</time><sat>27</sat></trkpt>
  <trkpt lat="38.85483843" lon="115.48863702"><ele>15.933</ele><time>2026-08-25T03:09:17Z</time><sat>28</sat></trkpt>
  <trkpt lat="38.85483884" lon="115.48863722"><ele>14.924</ele><time>2026-08-25T03:09:20Z</time><sat>27</sat></trkpt>
  <trkpt lat="38.85483505" lon="115.48860300"><ele>16.026</ele><time>2026-08-25T03:09:23Z</time><sat>27</sat></trkpt>
  <trkpt lat="38.85481471" lon="115.48856677"><ele>18.514</ele><time>2026-08-25T03:09:26Z</time><sat>25</sat></trkpt>
  <trkpt lat="38.85468763" lon="115.48854681"><ele>17.756</ele><time>2026-08-25T03:09:29Z</time><sat>27</sat></trkpt>
  <trkpt lat="38.85450290" lon="115.48854286"><ele>20.236</ele><time>2026-08-25T03:09:32Z</time><sat>28</sat></trkpt>
  <trkpt lat="38.85432773" lon="115.48852690"><ele>20.541</ele><time>2026-08-25T03:09:35Z</time><sat>30</sat></trkpt>
  <trkpt lat="38.85412571" lon="115.48850958"><ele>21.299</ele><time>2026-08-25T03:09:38Z</time><sat>29</sat></trkpt>
  <trkpt lat="38.85387177" lon="115.48848571"><ele>22.100</ele><time>2026-08-25T03:09:41Z</time><sat>26</sat></trkpt>
  <trkpt lat="38.85363616" lon="115.48846124"><ele>21.641</ele><time>2026-08-25T03:09:44Z</time><sat>28</sat></trkpt>
  <trkpt lat="38.85345930" lon="115.48844564"><ele>21.403</ele><time>2026-08-25T03:09:47Z</time><sat>26</sat></trkpt>
  <trkpt lat="38.85334525" lon="115.48843841"><ele>23.135</ele><time>2026-08-25T03:09:50Z</time><sat>28</sat></trkpt>
  <trkpt lat="38.85332682" lon="115.48845177"><ele>25.166</ele><time>2026-08-25T03:09:53Z</time><sat>28</sat></trkpt>
  <trkpt lat="38.85332630" lon="115.48845121"><ele>25.280</ele><time>2026-08-25T03:09:56Z</time><sat>27</sat></trkpt>
  <trkpt lat="38.85332375" lon="115.48845283"><ele>25.623</ele><time>2026-08-25T03:09:59Z</time><sat>27</sat></trkpt>
  <trkpt lat="38.85332084" lon="115.48845496"><ele>25.766</ele><time>2026-08-25T03:10:02Z</time><sat>24</sat></trkpt>
  <trkpt lat="38.85331935" lon="115.48845696"><ele>26.332</ele><time>2026-08-25T03:10:05Z</time><sat>28</sat></trkpt>
  <trkpt lat="38.85331963" lon="115.48845817"><ele>26.479</ele><time>2026-08-25T03:10:08Z</time><sat>29</sat></trkpt>
  <trkpt lat="38.85331926" lon="115.48845823"><ele>26.600</ele><time>2026-08-25T03:10:11Z</time><sat>28</sat></trkpt>
  <trkpt lat="38.85331816" lon="115.48845868"><ele>26.913</ele><time>2026-08-25T03:10:14Z</time><sat>28</sat></trkpt>
  <trkpt lat="38.85331712" lon="115.48845858"><ele>27.206</ele><time>2026-08-25T03:10:17Z</time><sat>28</sat></trkpt>
  <trkpt lat="38.85331684" lon="115.48845823"><ele>27.299</ele><time>2026-08-25T03:10:20Z</time><sat>28</sat></trkpt>
  <trkpt lat="38.85331669" lon="115.48845730"><ele>27.388</ele><time>2026-08-25T03:10:23Z</time><sat>29</sat></trkpt>
  <trkpt lat="38.85331452" lon="115.48845564"><ele>28.026</ele><time>2026-08-25T03:10:26Z</time><sat>28</sat></trkpt>
  <trkpt lat="38.85331414" lon="115.48845577"><ele>28.128</ele><time>2026-08-25T03:10:29Z</time><sat>28</sat></trkpt>
  <trkpt lat="38.85331383" lon="115.48845564"><ele>28.216</ele><time>2026-08-25T03:10:32Z</time><sat>30</sat></trkpt>
  <trkpt lat="38.85329461" lon="115.48845817"><ele>29.201</ele><time>2026-08-25T03:10:35Z</time><sat>29</sat></trkpt>
  <trkpt lat="38.85321669" lon="115.48846698"><ele>30.066</ele><time>2026-08-25T03:10:38Z</time><sat>27</sat></trkpt>
  <trkpt lat="38.85312673" lon="115.48846833"><ele>28.967</ele><time>2026-08-25T03:10:41Z</time><sat>28</sat></trkpt>
  <trkpt lat="38.85304491" lon="115.48843697"><ele>29.562</ele><time>2026-08-25T03:10:44Z</time><sat>31</sat></trkpt>
  <trkpt lat="38.85301632" lon="115.48839191"><ele>27.590</ele><time>2026-08-25T03:10:47Z</time><sat>31</sat></trkpt>
  <trkpt lat="38.85301356" lon="115.48835758"><ele>27.098</ele><time>2026-08-25T03:10:50Z</time><sat>29</sat></trkpt>
  <trkpt lat="38.85302609" lon="115.48821100"><ele>26.649</ele><time>2026-08-25T03:10:53Z</time><sat>30</sat></trkpt>
  <trkpt lat="38.85306669" lon="115.48795859"><ele>25.077</ele><time>2026-08-25T03:10:56Z</time><sat>31</sat></trkpt>
  <trkpt lat="38.85310275" lon="115.48767707"><ele>23.065</ele><time>2026-08-25T03:10:59Z</time><sat>26</sat></trkpt>
  <trkpt lat="38.85314409" lon="115.48732721"><ele>23.030</ele><time>2026-08-25T03:11:02Z</time><sat>25</sat></trkpt>
  <trkpt lat="38.85316950" lon="115.48690060"><ele>22.602</ele><time>2026-08-25T03:11:05Z</time><sat>25</sat></trkpt>
  <trkpt lat="38.85319757" lon="115.48643016"><ele>22.683</ele><time>2026-08-25T03:11:08Z</time><sat>24</sat></trkpt>
  <trkpt lat="38.85323040" lon="115.48596455"><ele>22.521</ele><time>2026-08-25T03:11:11Z</time><sat>25</sat></trkpt>
  <trkpt lat="38.85326050" lon="115.48557651"><ele>21.122</ele><time>2026-08-25T03:11:14Z</time><sat>25</sat></trkpt>
  <trkpt lat="38.85328544" lon="115.48521710"><ele>20.775</ele><time>2026-08-25T03:11:17Z</time><sat>24</sat></trkpt>
  <trkpt lat="38.85331568" lon="115.48491071"><ele>20.149</ele><time>2026-08-25T03:11:20Z</time><sat>24</sat></trkpt>
  <trkpt lat="38.85333885" lon="115.48459934"><ele>20.000</ele><time>2026-08-25T03:11:23Z</time><sat>23</sat></trkpt>
  <trkpt lat="38.85336738" lon="115.48422377"><ele>19.130</ele><time>2026-08-25T03:11:26Z</time><sat>26</sat></trkpt>
  <trkpt lat="38.85338898" lon="115.48383471"><ele>18.884</ele><time>2026-08-25T03:11:29Z</time><sat>27</sat></trkpt>
  <trkpt lat="38.85341583" lon="115.48350267"><ele>17.961</ele><time>2026-08-25T03:11:32Z</time><sat>25</sat></trkpt>
  <trkpt lat="38.85344216" lon="115.48323876"><ele>18.722</ele><time>2026-08-25T03:11:35Z</time><sat>25</sat></trkpt>
  <trkpt lat="38.85345000" lon="115.48310702"><ele>18.281</ele><time>2026-08-25T03:11:38Z</time><sat>25</sat></trkpt>
  <trkpt lat="38.85345737" lon="115.48307084"><ele>17.670</ele><time>2026-08-25T03:11:41Z</time><sat>26</sat></trkpt>
  <trkpt lat="38.85346639" lon="115.48302984"><ele>17.969</ele><time>2026-08-25T03:11:44Z</time><sat>25</sat></trkpt>
  <trkpt lat="38.85350129" lon="115.48293134"><ele>17.837</ele><time>2026-08-25T03:11:47Z</time><sat>26</sat></trkpt>
  <trkpt lat="38.85351220" lon="115.48282556"><ele>18.048</ele><time>2026-08-25T03:11:50Z</time><sat>27</sat></trkpt>
  <trkpt lat="38.85351633" lon="115.48277216"><ele>17.760</ele><time>2026-08-25T03:11:53Z</time><sat>28</sat></trkpt>
  <trkpt lat="38.85352276" lon="115.48263813"><ele>18.199</ele><time>2026-08-25T03:11:56Z</time><sat>28</sat></trkpt>
  <trkpt lat="38.85354327" lon="115.48245671"><ele>18.295</ele><time>2026-08-25T03:11:59Z</time><sat>27</sat></trkpt>
  <trkpt lat="38.85356000" lon="115.48224808"><ele>18.765</ele><time>2026-08-25T03:12:02Z</time><sat>25</sat></trkpt>
  <trkpt lat="38.85357643" lon="115.48200497"><ele>18.745</ele><time>2026-08-25T03:12:05Z</time><sat>26</sat></trkpt>
  <trkpt lat="38.85359042" lon="115.48174494"><ele>17.459</ele><time>2026-08-25T03:12:08Z</time><sat>29</sat></trkpt>
  <trkpt lat="38.85360690" lon="115.48145280"><ele>16.572</ele><time>2026-08-25T03:12:11Z</time><sat>27</sat></trkpt>
  <trkpt lat="38.85363664" lon="115.48112799"><ele>17.790</ele><time>2026-08-25T03:12:14Z</time><sat>26</sat></trkpt>
  <trkpt lat="38.85366314" lon="115.48078531"><ele>18.260</ele><time>2026-08-25T03:12:17Z</time><sat>26</sat></trkpt>
  <trkpt lat="38.85368104" lon="115.48044525"><ele>17.000</ele><time>2026-08-25T03:12:20Z</time><sat>27</sat></trkpt>
  <trkpt lat="38.85370270" lon="115.48010581"><ele>17.348</ele><time>2026-08-25T03:12:23Z</time><sat>28</sat></trkpt>
  <trkpt lat="38.85372336" lon="115.47977621"><ele>16.808</ele><time>2026-08-25T03:12:26Z</time><sat>27</sat></trkpt>
  <trkpt lat="38.85375500" lon="115.47946508"><ele>17.317</ele><time>2026-08-25T03:12:29Z</time><sat>27</sat></trkpt>
  <trkpt lat="38.85380569" lon="115.47918650"><ele>18.774</ele><time>2026-08-25T03:12:32Z</time><sat>26</sat></trkpt>
  <trkpt lat="38.85386515" lon="115.47892937"><ele>18.033</ele><time>2026-08-25T03:12:35Z</time><sat>24</sat></trkpt>
  <trkpt lat="38.85390305" lon="115.47870492"><ele>19.274</ele><time>2026-08-25T03:12:38Z</time><sat>27</sat></trkpt>
  <trkpt lat="38.85394087" lon="115.47845170"><ele>17.677</ele><time>2026-08-25T03:12:41Z</time><sat>27</sat></trkpt>
  <trkpt lat="38.85395503" lon="115.47815621"><ele>16.559</ele><time>2026-08-25T03:12:44Z</time><sat>29</sat></trkpt>
  <trkpt lat="38.85394204" lon="115.47785703"><ele>16.403</ele><time>2026-08-25T03:12:47Z</time><sat>29</sat></trkpt>
  <trkpt lat="38.85392944" lon="115.47758751"><ele>15.275</ele><time>2026-08-25T03:12:50Z</time><sat>29</sat></trkpt>
  <trkpt lat="38.85391984" lon="115.47733538"><ele>15.908</ele><time>2026-08-25T03:12:53Z</time><sat>27</sat></trkpt>
  <trkpt lat="38.85391257" lon="115.47713387"><ele>15.742</ele><time>2026-08-25T03:12:56Z</time><sat>28</sat></trkpt>
  <trkpt lat="38.85391904" lon="115.47701976"><ele>16.412</ele><time>2026-08-25T03:12:59Z</time><sat>26</sat></trkpt>
  <trkpt lat="38.85391734" lon="115.47696530"><ele>16.690</ele><time>2026-08-25T03:13:02Z</time><sat>26</sat></trkpt>
  <trkpt lat="38.85390866" lon="115.47682506"><ele>16.995</ele><time>2026-08-25T03:13:05Z</time><sat>27</sat></trkpt>
  <trkpt lat="38.85390010" lon="115.47661061"><ele>17.170</ele><time>2026-08-25T03:13:08Z</time><sat>28</sat></trkpt>
  <trkpt lat="38.85389768" lon="115.47638457"><ele>17.356</ele><time>2026-08-25T03:13:11Z</time><sat>28</sat></trkpt>
  <trkpt lat="38.85388781" lon="115.47614273"><ele>17.397</ele><time>2026-08-25T03:13:14Z</time><sat>27</sat></trkpt>
  <trkpt lat="38.85387429" lon="115.47588077"><ele>17.148</ele><time>2026-08-25T03:13:17Z</time><sat>29</sat></trkpt>
  <trkpt lat="38.85386237" lon="115.47559635"><ele>16.360</ele><time>2026-08-25T03:13:20Z</time><sat>29</sat></trkpt>
  <trkpt lat="38.85385154" lon="115.47530137"><ele>16.661</ele><time>2026-08-25T03:13:23Z</time><sat>27</sat></trkpt>
  <trkpt lat="38.85384426" lon="115.47503439"><ele>16.027</ele><time>2026-08-25T03:13:26Z</time><sat>28</sat></trkpt>
  <trkpt lat="38.85383792" lon="115.47476545"><ele>15.687</ele><time>2026-08-25T03:13:29Z</time><sat>28</sat></trkpt>
  <trkpt lat="38.85383076" lon="115.47448860"><ele>17.427</ele><time>2026-08-25T03:13:32Z</time><sat>28</sat></trkpt>
  <trkpt lat="38.85382817" lon="115.47419691"><ele>17.939</ele><time>2026-08-25T03:13:35Z</time><sat>27</sat></trkpt>
  <trkpt lat="38.85382405" lon="115.47391324"><ele>17.140</ele><time>2026-08-25T03:13:38Z</time><sat>28</sat></trkpt>
  <trkpt lat="38.85380233" lon="115.47363201"><ele>16.473</ele><time>2026-08-25T03:13:41Z</time><sat>26</sat></trkpt>
  <trkpt lat="38.85378174" lon="115.47333864"><ele>17.121</ele><time>2026-08-25T03:13:44Z</time><sat>25</sat></trkpt>
  <trkpt lat="38.85378860" lon="115.47302599"><ele>17.625</ele><time>2026-08-25T03:13:47Z</time><sat>25</sat></trkpt>
  <trkpt lat="38.85381212" lon="115.47270307"><ele>18.202</ele><time>2026-08-25T03:13:50Z</time><sat>24</sat></trkpt>
  <trkpt lat="38.85383565" lon="115.47241512"><ele>18.587</ele><time>2026-08-25T03:13:53Z</time><sat>25</sat></trkpt>
  <trkpt lat="38.85386905" lon="115.47214472"><ele>18.067</ele><time>2026-08-25T03:13:56Z</time><sat>27</sat></trkpt>
  <trkpt lat="38.85390245" lon="115.47193560"><ele>19.027</ele><time>2026-08-25T03:13:59Z</time><sat>26</sat></trkpt>
  <trkpt lat="38.85393193" lon="115.47177138"><ele>19.022</ele><time>2026-08-25T03:14:02Z</time><sat>27</sat></trkpt>
  <trkpt lat="38.85395649" lon="115.47164960"><ele>19.198</ele><time>2026-08-25T03:14:05Z</time><sat>28</sat></trkpt>
  <trkpt lat="38.85398251" lon="115.47151467"><ele>19.589</ele><time>2026-08-25T03:14:08Z</time><sat>31</sat></trkpt>
  <trkpt lat="38.85401144" lon="115.47135925"><ele>20.286</ele><time>2026-08-25T03:14:11Z</time><sat>32</sat></trkpt>
  <trkpt lat="38.85397948" lon="115.47120443"><ele>19.820</ele><time>2026-08-25T03:14:14Z</time><sat>31</sat></trkpt>
  <trkpt lat="38.85384712" lon="115.47108356"><ele>19.874</ele><time>2026-08-25T03:14:17Z</time><sat>30</sat></trkpt>
  <trkpt lat="38.85363048" lon="115.47096802"><ele>20.175</ele><time>2026-08-25T03:14:20Z</time><sat>31</sat></trkpt>
  <trkpt lat="38.85338758" lon="115.47082647"><ele>20.105</ele><time>2026-08-25T03:14:23Z</time><sat>31</sat></trkpt>
  <trkpt lat="38.85313108" lon="115.47069072"><ele>20.126</ele><time>2026-08-25T03:14:26Z</time><sat>31</sat></trkpt>
  <trkpt lat="38.85284294" lon="115.47053634"><ele>20.397</ele><time>2026-08-25T03:14:29Z</time><sat>29</sat></trkpt>
  <trkpt lat="38.85253966" lon="115.47038263"><ele>20.565</ele><time>2026-08-25T03:14:32Z</time><sat>28</sat></trkpt>
  <trkpt lat="38.85220462" lon="115.47024141"><ele>19.905</ele><time>2026-08-25T03:14:35Z</time><sat>32</sat></trkpt>
  <trkpt lat="38.85187313" lon="115.47008695"><ele>19.815</ele><time>2026-08-25T03:14:38Z</time><sat>32</sat></trkpt>
  <trkpt lat="38.85153877" lon="115.46993153"><ele>19.637</ele><time>2026-08-25T03:14:41Z</time><sat>29</sat></trkpt>
  <trkpt lat="38.85123564" lon="115.46979370"><ele>19.850</ele><time>2026-08-25T03:14:44Z</time><sat>30</sat></trkpt>
  <trkpt lat="38.85096778" lon="115.46968670"><ele>19.669</ele><time>2026-08-25T03:14:47Z</time><sat>32</sat></trkpt>
  <trkpt lat="38.85072424" lon="115.46957932"><ele>19.572</ele><time>2026-08-25T03:14:50Z</time><sat>32</sat></trkpt>
  <trkpt lat="38.85052711" lon="115.46949779"><ele>19.558</ele><time>2026-08-25T03:14:53Z</time><sat>28</sat></trkpt>
  <trkpt lat="38.85034918" lon="115.46942625"><ele>19.249</ele><time>2026-08-25T03:14:56Z</time><sat>28</sat></trkpt>
  <trkpt lat="38.85017883" lon="115.46934615"><ele>19.421</ele><time>2026-08-25T03:14:59Z</time><sat>26</sat></trkpt>
  <trkpt lat="38.85003774" lon="115.46927111"><ele>19.757</ele><time>2026-08-25T03:15:02Z</time><sat>29</sat></trkpt>
  <trkpt lat="38.84991321" lon="115.46918311"><ele>19.715</ele><time>2026-08-25T03:15:05Z</time><sat>29</sat></trkpt>
  <trkpt lat="38.84981666" lon="115.46906555"><ele>19.694</ele><time>2026-08-25T03:15:08Z</time><sat>27</sat></trkpt>
  <trkpt lat="38.84973954" lon="115.46891841"><ele>18.980</ele><time>2026-08-25T03:15:11Z</time><sat>25</sat></trkpt>
  <trkpt lat="38.84966468" lon="115.46873490"><ele>19.581</ele><time>2026-08-25T03:15:14Z</time><sat>26</sat></trkpt>
  <trkpt lat="38.84957220" lon="115.46853301"><ele>19.238</ele><time>2026-08-25T03:15:17Z</time><sat>25</sat></trkpt>
  <trkpt lat="38.84953276" lon="115.46839850"><ele>19.112</ele><time>2026-08-25T03:15:20Z</time><sat>27</sat></trkpt>
  <trkpt lat="38.84950157" lon="115.46833565"><ele>18.782</ele><time>2026-08-25T03:15:23Z</time><sat>26</sat></trkpt>
  <trkpt lat="38.84946370" lon="115.46825950"><ele>18.851</ele><time>2026-08-25T03:15:26Z</time><sat>20</sat></trkpt>
  <trkpt lat="38.84938886" lon="115.46813119"><ele>18.558</ele><time>2026-08-25T03:15:29Z</time><sat>19</sat></trkpt>
  <trkpt lat="38.84933635" lon="115.46787491"><ele>18.430</ele><time>2026-08-25T03:15:32Z</time><sat>21</sat></trkpt>
  <trkpt lat="38.84922357" lon="115.46751203"><ele>17.558</ele><time>2026-08-25T03:15:35Z</time><sat>23</sat></trkpt>
  <trkpt lat="38.84904048" lon="115.46712876"><ele>14.015</ele><time>2026-08-25T03:15:38Z</time><sat>20</sat></trkpt>
  <trkpt lat="38.84888788" lon="115.46676853"><ele>13.885</ele><time>2026-08-25T03:15:41Z</time><sat>19</sat></trkpt>
  <trkpt lat="38.84872637" lon="115.46639735"><ele>12.852</ele><time>2026-08-25T03:15:44Z</time><sat>21</sat></trkpt>
  <trkpt lat="38.84856799" lon="115.46600189"><ele>12.761</ele><time>2026-08-25T03:15:47Z</time><sat>21</sat></trkpt>
  <trkpt lat="38.84841996" lon="115.46565256"><ele>12.553</ele><time>2026-08-25T03:15:50Z</time><sat>22</sat></trkpt>
  <trkpt lat="38.84829819" lon="115.46534692"><ele>11.992</ele><time>2026-08-25T03:15:53Z</time><sat>21</sat></trkpt>
  <trkpt lat="38.84816157" lon="115.46502092"><ele>13.476</ele><time>2026-08-25T03:15:56Z</time><sat>21</sat></trkpt>
  <trkpt lat="38.84800692" lon="115.46467306"><ele>14.261</ele><time>2026-08-25T03:15:59Z</time><sat>21</sat></trkpt>
  <trkpt lat="38.84786121" lon="115.46432577"><ele>14.320</ele><time>2026-08-25T03:16:02Z</time><sat>21</sat></trkpt>
  <trkpt lat="38.84772841" lon="115.46400126"><ele>16.362</ele><time>2026-08-25T03:16:05Z</time><sat>22</sat></trkpt>
  <trkpt lat="38.84762609" lon="115.46371560"><ele>15.735</ele><time>2026-08-25T03:16:08Z</time><sat>22</sat></trkpt>
  <trkpt lat="38.84756423" lon="115.46356896"><ele>17.413</ele><time>2026-08-25T03:16:11Z</time><sat>22</sat></trkpt>
  <trkpt lat="38.84754009" lon="115.46351694"><ele>16.401</ele><time>2026-08-25T03:16:14Z</time><sat>19</sat></trkpt>
  <trkpt lat="38.84750832" lon="115.46343976"><ele>19.130</ele><time>2026-08-25T03:16:17Z</time><sat>21</sat></trkpt>
  <trkpt lat="38.84745990" lon="115.46327344"><ele>22.140</ele><time>2026-08-25T03:16:20Z</time><sat>25</sat></trkpt>
  <trkpt lat="38.84738831" lon="115.46312055"><ele>20.655</ele><time>2026-08-25T03:16:23Z</time><sat>25</sat></trkpt>
  <trkpt lat="38.84734800" lon="115.46303662"><ele>20.632</ele><time>2026-08-25T03:16:26Z</time><sat>23</sat></trkpt>
  <trkpt lat="38.84731432" lon="115.46292252"><ele>17.612</ele><time>2026-08-25T03:16:29Z</time><sat>23</sat></trkpt>
  <trkpt lat="38.84727951" lon="115.46281084"><ele>14.074</ele><time>2026-08-25T03:16:32Z</time><sat>25</sat></trkpt>
  <trkpt lat="38.84726990" lon="115.46277962"><ele>13.883</ele><time>2026-08-25T03:16:35Z</time><sat>24</sat></trkpt>
  <trkpt lat="38.84727685" lon="115.46277664"><ele>15.384</ele><time>2026-08-25T03:16:38Z</time><sat>25</sat></trkpt>
  <trkpt lat="38.84727648" lon="115.46277742"><ele>17.177</ele><time>2026-08-25T03:16:41Z</time><sat>26</sat></trkpt>
  <trkpt lat="38.84727521" lon="115.46277830"><ele>17.078</ele><time>2026-08-25T03:16:44Z</time><sat>26</sat></trkpt>
  <trkpt lat="38.84726645" lon="115.46275455"><ele>16.273</ele><time>2026-08-25T03:16:47Z</time><sat>25</sat></trkpt>
  <trkpt lat="38.84722534" lon="115.46264647"><ele>13.906</ele><time>2026-08-25T03:16:50Z</time><sat>24</sat></trkpt>
  <trkpt lat="38.84715892" lon="115.46251363"><ele>13.887</ele><time>2026-08-25T03:16:53Z</time><sat>25</sat></trkpt>
  <trkpt lat="38.84708819" lon="115.46236482"><ele>10.816</ele><time>2026-08-25T03:16:56Z</time><sat>23</sat></trkpt>
  <trkpt lat="38.84701345" lon="115.46220238"><ele>10.595</ele><time>2026-08-25T03:16:59Z</time><sat>24</sat></trkpt>
  <trkpt lat="38.84692811" lon="115.46204978"><ele>11.937</ele><time>2026-08-25T03:17:02Z</time><sat>24</sat></trkpt>
  <trkpt lat="38.84684508" lon="115.46191304"><ele>14.741</ele><time>2026-08-25T03:17:05Z</time><sat>27</sat></trkpt>
  <trkpt lat="38.84677042" lon="115.46177660"><ele>16.640</ele><time>2026-08-25T03:17:08Z</time><sat>29</sat></trkpt>
  <trkpt lat="38.84670935" lon="115.46165952"><ele>17.082</ele><time>2026-08-25T03:17:11Z</time><sat>29</sat></trkpt>
  <trkpt lat="38.84666835" lon="115.46158809"><ele>17.165</ele><time>2026-08-25T03:17:14Z</time><sat>28</sat></trkpt>
  <trkpt lat="38.84660990" lon="115.46146671"><ele>18.357</ele><time>2026-08-25T03:17:17Z</time><sat>30</sat></trkpt>
  <trkpt lat="38.84653699" lon="115.46130840"><ele>17.991</ele><time>2026-08-25T03:17:20Z</time><sat>31</sat></trkpt>
  <trkpt lat="38.84645473" lon="115.46113731"><ele>18.268</ele><time>2026-08-25T03:17:23Z</time><sat>32</sat></trkpt>
  <trkpt lat="38.84636024" lon="115.46093448"><ele>18.207</ele><time>2026-08-25T03:17:26Z</time><sat>29</sat></trkpt>
  <trkpt lat="38.84625335" lon="115.46070351"><ele>18.242</ele><time>2026-08-25T03:17:29Z</time><sat>29</sat></trkpt>
  <trkpt lat="38.84613682" lon="115.46044161"><ele>17.339</ele><time>2026-08-25T03:17:32Z</time><sat>30</sat></trkpt>
  <trkpt lat="38.84600612" lon="115.46013214"><ele>17.075</ele><time>2026-08-25T03:17:35Z</time><sat>31</sat></trkpt>
  <trkpt lat="38.84584856" lon="115.45978897"><ele>17.864</ele><time>2026-08-25T03:17:38Z</time><sat>29</sat></trkpt>
  <trkpt lat="38.84568261" lon="115.45942360"><ele>17.629</ele><time>2026-08-25T03:17:41Z</time><sat>31</sat></trkpt>
  <trkpt lat="38.84552200" lon="115.45908738"><ele>18.293</ele><time>2026-08-25T03:17:44Z</time><sat>31</sat></trkpt>
  <trkpt lat="38.84539039" lon="115.45879608"><ele>19.150</ele><time>2026-08-25T03:17:47Z</time><sat>30</sat></trkpt>
  <trkpt lat="38.84526587" lon="115.45852195"><ele>20.586</ele><time>2026-08-25T03:17:50Z</time><sat>32</sat></trkpt>
  <trkpt lat="38.84510773" lon="115.45819675"><ele>21.600</ele><time>2026-08-25T03:17:53Z</time><sat>33</sat></trkpt>
  <trkpt lat="38.84495135" lon="115.45783962"><ele>21.038</ele><time>2026-08-25T03:17:56Z</time><sat>31</sat></trkpt>
  <trkpt lat="38.84480761" lon="115.45750192"><ele>20.798</ele><time>2026-08-25T03:17:59Z</time><sat>29</sat></trkpt>
  <trkpt lat="38.84464224" lon="115.45714538"><ele>21.041</ele><time>2026-08-25T03:18:02Z</time><sat>27</sat></trkpt>
  <trkpt lat="38.84446721" lon="115.45679030"><ele>19.335</ele><time>2026-08-25T03:18:05Z</time><sat>29</sat></trkpt>
  <trkpt lat="38.84428762" lon="115.45641316"><ele>18.847</ele><time>2026-08-25T03:18:08Z</time><sat>27</sat></trkpt>
  <trkpt lat="38.84411487" lon="115.45600984"><ele>17.674</ele><time>2026-08-25T03:18:11Z</time><sat>22</sat></trkpt>
  <trkpt lat="38.84395073" lon="115.45561718"><ele>16.821</ele><time>2026-08-25T03:18:14Z</time><sat>23</sat></trkpt>
  <trkpt lat="38.84381862" lon="115.45531630"><ele>17.024</ele><time>2026-08-25T03:18:17Z</time><sat>23</sat></trkpt>
  <trkpt lat="38.84375565" lon="115.45516484"><ele>18.242</ele><time>2026-08-25T03:18:20Z</time><sat>24</sat></trkpt>
  <trkpt lat="38.84373456" lon="115.45507759"><ele>18.187</ele><time>2026-08-25T03:18:23Z</time><sat>27</sat></trkpt>
  <trkpt lat="38.84362388" lon="115.45483448"><ele>17.700</ele><time>2026-08-25T03:18:26Z</time><sat>28</sat></trkpt>
  <trkpt lat="38.84347113" lon="115.45443902"><ele>14.879</ele><time>2026-08-25T03:18:29Z</time><sat>27</sat></trkpt>
  <trkpt lat="38.84332247" lon="115.45404104"><ele>19.514</ele><time>2026-08-25T03:18:32Z</time><sat>30</sat></trkpt>
  <trkpt lat="38.84320701" lon="115.45372021"><ele>19.896</ele><time>2026-08-25T03:18:35Z</time><sat>29</sat></trkpt>
  <trkpt lat="38.84308266" lon="115.45338103"><ele>20.919</ele><time>2026-08-25T03:18:38Z</time><sat>31</sat></trkpt>
  <trkpt lat="38.84295612" lon="115.45304111"><ele>19.730</ele><time>2026-08-25T03:18:41Z</time><sat>32</sat></trkpt>
  <trkpt lat="38.84286339" lon="115.45280171"><ele>20.092</ele><time>2026-08-25T03:18:44Z</time><sat>32</sat></trkpt>
  <trkpt lat="38.84281444" lon="115.45266326"><ele>19.610</ele><time>2026-08-25T03:18:47Z</time><sat>33</sat></trkpt>
  <trkpt lat="38.84271957" lon="115.45244018"><ele>18.821</ele><time>2026-08-25T03:18:50Z</time><sat>32</sat></trkpt>
  <trkpt lat="38.84259731" lon="115.45215948"><ele>20.034</ele><time>2026-08-25T03:18:53Z</time><sat>30</sat></trkpt>
  <trkpt lat="38.84247089" lon="115.45184565"><ele>22.167</ele><time>2026-08-25T03:18:56Z</time><sat>31</sat></trkpt>
  <trkpt lat="38.84232998" lon="115.45148225"><ele>22.463</ele><time>2026-08-25T03:18:59Z</time><sat>29</sat></trkpt>
  <trkpt lat="38.84219299" lon="115.45112986"><ele>23.190</ele><time>2026-08-25T03:19:02Z</time><sat>29</sat></trkpt>
  <trkpt lat="38.84210150" lon="115.45090650"><ele>24.670</ele><time>2026-08-25T03:19:05Z</time><sat>30</sat></trkpt>
  <trkpt lat="38.84201666" lon="115.45069477"><ele>24.143</ele><time>2026-08-25T03:19:08Z</time><sat>31</sat></trkpt>
  <trkpt lat="38.84190950" lon="115.45041757"><ele>23.547</ele><time>2026-08-25T03:19:11Z</time><sat>30</sat></trkpt>
  <trkpt lat="38.84180217" lon="115.45008034"><ele>21.570</ele><time>2026-08-25T03:19:14Z</time><sat>29</sat></trkpt>
  <trkpt lat="38.84168811" lon="115.44975889"><ele>21.573</ele><time>2026-08-25T03:19:17Z</time><sat>29</sat></trkpt>
  <trkpt lat="38.84157275" lon="115.44954834"><ele>20.204</ele><time>2026-08-25T03:19:20Z</time><sat>29</sat></trkpt>
  <trkpt lat="38.84147872" lon="115.44931939"><ele>17.990</ele><time>2026-08-25T03:19:23Z</time><sat>29</sat></trkpt>
  <trkpt lat="38.84140182" lon="115.44912277"><ele>19.559</ele><time>2026-08-25T03:19:26Z</time><sat>29</sat></trkpt>
  <trkpt lat="38.84133889" lon="115.44895622"><ele>20.864</ele><time>2026-08-25T03:19:29Z</time><sat>30</sat></trkpt>
  <trkpt lat="38.84127956" lon="115.44880848"><ele>20.392</ele><time>2026-08-25T03:19:32Z</time><sat>31</sat></trkpt>
  <trkpt lat="38.84124929" lon="115.44871859"><ele>19.026</ele><time>2026-08-25T03:19:35Z</time><sat>29</sat></trkpt>
  <trkpt lat="38.84123338" lon="115.44867324"><ele>19.281</ele><time>2026-08-25T03:19:38Z</time><sat>25</sat></trkpt>
  <trkpt lat="38.84122210" lon="115.44865756"><ele>18.189</ele><time>2026-08-25T03:19:41Z</time><sat>24</sat></trkpt>
  <trkpt lat="38.84122202" lon="115.44866162"><ele>16.447</ele><time>2026-08-25T03:19:44Z</time><sat>26</sat></trkpt>
  <trkpt lat="38.84122111" lon="115.44866242"><ele>16.520</ele><time>2026-08-25T03:19:47Z</time><sat>24</sat></trkpt>
  <trkpt lat="38.84122181" lon="115.44866417"><ele>16.554</ele><time>2026-08-25T03:19:50Z</time><sat>19</sat></trkpt>
  <trkpt lat="38.84122109" lon="115.44866456"><ele>16.778</ele><time>2026-08-25T03:19:53Z</time><sat>23</sat></trkpt>
  <trkpt lat="38.84121911" lon="115.44865796"><ele>17.618</ele><time>2026-08-25T03:19:56Z</time><sat>25</sat></trkpt>
  <trkpt lat="38.84121289" lon="115.44865530"><ele>17.606</ele><time>2026-08-25T03:19:59Z</time><sat>23</sat></trkpt>
  <trkpt lat="38.84121188" lon="115.44865677"><ele>17.196</ele><time>2026-08-25T03:20:02Z</time><sat>25</sat></trkpt>
  <trkpt lat="38.84121227" lon="115.44865681"><ele>17.308</ele><time>2026-08-25T03:20:05Z</time><sat>21</sat></trkpt>
  <trkpt lat="38.84121114" lon="115.44865591"><ele>17.113</ele><time>2026-08-25T03:20:08Z</time><sat>20</sat></trkpt>
  <trkpt lat="38.84121119" lon="115.44865530"><ele>17.114</ele><time>2026-08-25T03:20:11Z</time><sat>21</sat></trkpt>
  <trkpt lat="38.84121118" lon="115.44865587"><ele>16.965</ele><time>2026-08-25T03:20:14Z</time><sat>21</sat></trkpt>
  <trkpt lat="38.84115088" lon="115.44846918"><ele>13.222</ele><time>2026-08-25T03:20:17Z</time><sat>23</sat></trkpt>
  <trkpt lat="38.84105097" lon="115.44826785"><ele>14.594</ele><time>2026-08-25T03:20:20Z</time><sat>25</sat></trkpt>
  <trkpt lat="38.84096758" lon="115.44804627"><ele>14.504</ele><time>2026-08-25T03:20:23Z</time><sat>26</sat></trkpt>
  <trkpt lat="38.84088594" lon="115.44784539"><ele>15.240</ele><time>2026-08-25T03:20:26Z</time><sat>25</sat></trkpt>
  <trkpt lat="38.84079495" lon="115.44762063"><ele>15.349</ele><time>2026-08-25T03:20:29Z</time><sat>27</sat></trkpt>
  <trkpt lat="38.84070836" lon="115.44740195"><ele>16.508</ele><time>2026-08-25T03:20:32Z</time><sat>29</sat></trkpt>
  <trkpt lat="38.84061426" lon="115.44714934"><ele>16.404</ele><time>2026-08-25T03:20:35Z</time><sat>26</sat></trkpt>
  <trkpt lat="38.84052221" lon="115.44691393"><ele>17.598</ele><time>2026-08-25T03:20:38Z</time><sat>25</sat></trkpt>
  <trkpt lat="38.84044822" lon="115.44673261"><ele>18.641</ele><time>2026-08-25T03:20:41Z</time><sat>27</sat></trkpt>
  <trkpt lat="38.84036901" lon="115.44654759"><ele>18.174</ele><time>2026-08-25T03:20:44Z</time><sat>26</sat></trkpt>
  <trkpt lat="38.84027495" lon="115.44629972"><ele>19.274</ele><time>2026-08-25T03:20:47Z</time><sat>24</sat></trkpt>
  <trkpt lat="38.84017110" lon="115.44602176"><ele>19.707</ele><time>2026-08-25T03:20:50Z</time><sat>28</sat></trkpt>
  <trkpt lat="38.84005387" lon="115.44572764"><ele>21.224</ele><time>2026-08-25T03:20:53Z</time><sat>26</sat></trkpt>
  <trkpt lat="38.83993200" lon="115.44542822"><ele>19.904</ele><time>2026-08-25T03:20:56Z</time><sat>28</sat></trkpt>
  <trkpt lat="38.83980777" lon="115.44511302"><ele>19.601</ele><time>2026-08-25T03:20:59Z</time><sat>31</sat></trkpt>
  <trkpt lat="38.83968274" lon="115.44480478"><ele>19.766</ele><time>2026-08-25T03:21:02Z</time><sat>31</sat></trkpt>
  <trkpt lat="38.83955551" lon="115.44448051"><ele>19.849</ele><time>2026-08-25T03:21:05Z</time><sat>29</sat></trkpt>
  <trkpt lat="38.83942481" lon="115.44415452"><ele>19.564</ele><time>2026-08-25T03:21:08Z</time><sat>32</sat></trkpt>
  <trkpt lat="38.83928269" lon="115.44384938"><ele>18.451</ele><time>2026-08-25T03:21:11Z</time><sat>32</sat></trkpt>
  <trkpt lat="38.83914744" lon="115.44358006"><ele>18.259</ele><time>2026-08-25T03:21:14Z</time><sat>32</sat></trkpt>
  <trkpt lat="38.83902319" lon="115.44329995"><ele>19.570</ele><time>2026-08-25T03:21:17Z</time><sat>27</sat></trkpt>
  <trkpt lat="38.83888597" lon="115.44298702"><ele>18.836</ele><time>2026-08-25T03:21:20Z</time><sat>26</sat></trkpt>
  <trkpt lat="38.83875625" lon="115.44268634"><ele>18.433</ele><time>2026-08-25T03:21:23Z</time><sat>31</sat></trkpt>
  <trkpt lat="38.83864466" lon="115.44240461"><ele>17.548</ele><time>2026-08-25T03:21:26Z</time><sat>31</sat></trkpt>
  <trkpt lat="38.83851589" lon="115.44212101"><ele>18.829</ele><time>2026-08-25T03:21:29Z</time><sat>26</sat></trkpt>
  <trkpt lat="38.83835438" lon="115.44182378"><ele>19.996</ele><time>2026-08-25T03:21:32Z</time><sat>26</sat></trkpt>
  <trkpt lat="38.83819446" lon="115.44150394"><ele>20.781</ele><time>2026-08-25T03:21:35Z</time><sat>28</sat></trkpt>
  <trkpt lat="38.83804381" lon="115.44116725"><ele>20.174</ele><time>2026-08-25T03:21:38Z</time><sat>31</sat></trkpt>
  <trkpt lat="38.83789771" lon="115.44084272"><ele>20.718</ele><time>2026-08-25T03:21:41Z</time><sat>29</sat></trkpt>
  <trkpt lat="38.83775184" lon="115.44051034"><ele>20.976</ele><time>2026-08-25T03:21:44Z</time><sat>30</sat></trkpt>
  <trkpt lat="38.83758865" lon="115.44012773"><ele>18.415</ele><time>2026-08-25T03:21:47Z</time><sat>31</sat></trkpt>
  <trkpt lat="38.83740994" lon="115.43975507"><ele>18.598</ele><time>2026-08-25T03:21:50Z</time><sat>31</sat></trkpt>
  <trkpt lat="38.83723369" lon="115.43939147"><ele>20.471</ele><time>2026-08-25T03:21:53Z</time><sat>32</sat></trkpt>
  <trkpt lat="38.83705262" lon="115.43901455"><ele>20.480</ele><time>2026-08-25T03:21:56Z</time><sat>29</sat></trkpt>
  <trkpt lat="38.83687288" lon="115.43865474"><ele>20.408</ele><time>2026-08-25T03:21:59Z</time><sat>27</sat></trkpt>
  <trkpt lat="38.83670363" lon="115.43829090"><ele>20.821</ele><time>2026-08-25T03:22:02Z</time><sat>27</sat></trkpt>
  <trkpt lat="38.83653484" lon="115.43794346"><ele>21.464</ele><time>2026-08-25T03:22:05Z</time><sat>31</sat></trkpt>
  <trkpt lat="38.83638567" lon="115.43761600"><ele>21.921</ele><time>2026-08-25T03:22:08Z</time><sat>29</sat></trkpt>
  <trkpt lat="38.83623873" lon="115.43727925"><ele>21.382</ele><time>2026-08-25T03:22:11Z</time><sat>31</sat></trkpt>
  <trkpt lat="38.83608532" lon="115.43695522"><ele>21.657</ele><time>2026-08-25T03:22:14Z</time><sat>32</sat></trkpt>
  <trkpt lat="38.83592237" lon="115.43662092"><ele>22.629</ele><time>2026-08-25T03:22:17Z</time><sat>33</sat></trkpt>
  <trkpt lat="38.83575154" lon="115.43627374"><ele>22.030</ele><time>2026-08-25T03:22:20Z</time><sat>32</sat></trkpt>
  <trkpt lat="38.83556053" lon="115.43595564"><ele>22.054</ele><time>2026-08-25T03:22:23Z</time><sat>31</sat></trkpt>
  <trkpt lat="38.83533802" lon="115.43566346"><ele>21.834</ele><time>2026-08-25T03:22:26Z</time><sat>28</sat></trkpt>
  <trkpt lat="38.83510818" lon="115.43539530"><ele>21.250</ele><time>2026-08-25T03:22:29Z</time><sat>32</sat></trkpt>
  <trkpt lat="38.83485326" lon="115.43510539"><ele>19.431</ele><time>2026-08-25T03:22:32Z</time><sat>31</sat></trkpt>
  <trkpt lat="38.83459016" lon="115.43480315"><ele>18.663</ele><time>2026-08-25T03:22:35Z</time><sat>30</sat></trkpt>
  <trkpt lat="38.83434889" lon="115.43447448"><ele>17.185</ele><time>2026-08-25T03:22:38Z</time><sat>28</sat></trkpt>
  <trkpt lat="38.83415197" lon="115.43410687"><ele>15.275</ele><time>2026-08-25T03:22:41Z</time><sat>29</sat></trkpt>
  <trkpt lat="38.83398586" lon="115.43369982"><ele>15.227</ele><time>2026-08-25T03:22:44Z</time><sat>32</sat></trkpt>
  <trkpt lat="38.83385619" lon="115.43326197"><ele>14.915</ele><time>2026-08-25T03:22:47Z</time><sat>30</sat></trkpt>
  <trkpt lat="38.83372968" lon="115.43280451"><ele>14.368</ele><time>2026-08-25T03:22:50Z</time><sat>31</sat></trkpt>
  <trkpt lat="38.83360157" lon="115.43237552"><ele>16.002</ele><time>2026-08-25T03:22:53Z</time><sat>30</sat></trkpt>
  <trkpt lat="38.83348401" lon="115.43196604"><ele>17.345</ele><time>2026-08-25T03:22:56Z</time><sat>31</sat></trkpt>
  <trkpt lat="38.83336086" lon="115.43154807"><ele>18.530</ele><time>2026-08-25T03:22:59Z</time><sat>34</sat></trkpt>
  <trkpt lat="38.83322527" lon="115.43114697"><ele>19.090</ele><time>2026-08-25T03:23:02Z</time><sat>33</sat></trkpt>
  <trkpt lat="38.83309147" lon="115.43074277"><ele>19.561</ele><time>2026-08-25T03:23:05Z</time><sat>34</sat></trkpt>
  <trkpt lat="38.83296597" lon="115.43036215"><ele>19.483</ele><time>2026-08-25T03:23:08Z</time><sat>32</sat></trkpt>
  <trkpt lat="38.83285217" lon="115.43000460"><ele>20.289</ele><time>2026-08-25T03:23:11Z</time><sat>30</sat></trkpt>
  <trkpt lat="38.83275892" lon="115.42970096"><ele>20.836</ele><time>2026-08-25T03:23:14Z</time><sat>31</sat></trkpt>
  <trkpt lat="38.83266907" lon="115.42941871"><ele>21.048</ele><time>2026-08-25T03:23:17Z</time><sat>32</sat></trkpt>
  <trkpt lat="38.83257706" lon="115.42912023"><ele>20.506</ele><time>2026-08-25T03:23:20Z</time><sat>31</sat></trkpt>
  <trkpt lat="38.83248033" lon="115.42882190"><ele>20.581</ele><time>2026-08-25T03:23:23Z</time><sat>29</sat></trkpt>
  <trkpt lat="38.83238575" lon="115.42854543"><ele>20.575</ele><time>2026-08-25T03:23:26Z</time><sat>32</sat></trkpt>
  <trkpt lat="38.83231518" lon="115.42835743"><ele>21.260</ele><time>2026-08-25T03:23:29Z</time><sat>35</sat></trkpt>
  <trkpt lat="38.83222184" lon="115.42809310"><ele>20.546</ele><time>2026-08-25T03:23:32Z</time><sat>35</sat></trkpt>
  <trkpt lat="38.83212995" lon="115.42774103"><ele>20.847</ele><time>2026-08-25T03:23:35Z</time><sat>33</sat></trkpt>
  <trkpt lat="38.83203858" lon="115.42733590"><ele>20.976</ele><time>2026-08-25T03:23:38Z</time><sat>32</sat></trkpt>
  <trkpt lat="38.83195376" lon="115.42690799"><ele>20.516</ele><time>2026-08-25T03:23:41Z</time><sat>31</sat></trkpt>
  <trkpt lat="38.83187769" lon="115.42650525"><ele>20.824</ele><time>2026-08-25T03:23:44Z</time><sat>29</sat></trkpt>
  <trkpt lat="38.83179680" lon="115.42611019"><ele>20.982</ele><time>2026-08-25T03:23:47Z</time><sat>30</sat></trkpt>
  <trkpt lat="38.83172098" lon="115.42575033"><ele>20.871</ele><time>2026-08-25T03:23:50Z</time><sat>30</sat></trkpt>
  <trkpt lat="38.83165864" lon="115.42545774"><ele>20.509</ele><time>2026-08-25T03:23:53Z</time><sat>29</sat></trkpt>
  <trkpt lat="38.83158961" lon="115.42516663"><ele>20.612</ele><time>2026-08-25T03:23:56Z</time><sat>31</sat></trkpt>
  <trkpt lat="38.83153909" lon="115.42484365"><ele>20.273</ele><time>2026-08-25T03:23:59Z</time><sat>32</sat></trkpt>
  <trkpt lat="38.83148641" lon="115.42454078"><ele>21.431</ele><time>2026-08-25T03:24:02Z</time><sat>32</sat></trkpt>
  <trkpt lat="38.83143440" lon="115.42426163"><ele>20.355</ele><time>2026-08-25T03:24:05Z</time><sat>32</sat></trkpt>
  <trkpt lat="38.83137166" lon="115.42396779"><ele>19.995</ele><time>2026-08-25T03:24:08Z</time><sat>31</sat></trkpt>
  <trkpt lat="38.83133424" lon="115.42376434"><ele>20.093</ele><time>2026-08-25T03:24:11Z</time><sat>30</sat></trkpt>
  <trkpt lat="38.83130172" lon="115.42359855"><ele>20.495</ele><time>2026-08-25T03:24:14Z</time><sat>27</sat></trkpt>
  <trkpt lat="38.83124627" lon="115.42333283"><ele>20.359</ele><time>2026-08-25T03:24:17Z</time><sat>26</sat></trkpt>
  <trkpt lat="38.83119063" lon="115.42305455"><ele>19.261</ele><time>2026-08-25T03:24:20Z</time><sat>30</sat></trkpt>
  <trkpt lat="38.83113467" lon="115.42277290"><ele>19.437</ele><time>2026-08-25T03:24:23Z</time><sat>31</sat></trkpt>
  <trkpt lat="38.83107640" lon="115.42246846"><ele>18.830</ele><time>2026-08-25T03:24:26Z</time><sat>30</sat></trkpt>
  <trkpt lat="38.83100223" lon="115.42210585"><ele>18.757</ele><time>2026-08-25T03:24:29Z</time><sat>30</sat></trkpt>
  <trkpt lat="38.83089635" lon="115.42171088"><ele>18.621</ele><time>2026-08-25T03:24:32Z</time><sat>31</sat></trkpt>
  <trkpt lat="38.83078583" lon="115.42130877"><ele>18.870</ele><time>2026-08-25T03:24:35Z</time><sat>33</sat></trkpt>
  <trkpt lat="38.83067189" lon="115.42090725"><ele>18.301</ele><time>2026-08-25T03:24:38Z</time><sat>31</sat></trkpt>
  <trkpt lat="38.83053525" lon="115.42045141"><ele>18.061</ele><time>2026-08-25T03:24:41Z</time><sat>30</sat></trkpt>
  <trkpt lat="38.83037608" lon="115.41995947"><ele>17.730</ele><time>2026-08-25T03:24:44Z</time><sat>31</sat></trkpt>
  <trkpt lat="38.83020377" lon="115.41946043"><ele>18.002</ele><time>2026-08-25T03:24:47Z</time><sat>33</sat></trkpt>
  <trkpt lat="38.83003530" lon="115.41897537"><ele>18.475</ele><time>2026-08-25T03:24:50Z</time><sat>29</sat></trkpt>
  <trkpt lat="38.82986804" lon="115.41848787"><ele>19.543</ele><time>2026-08-25T03:24:53Z</time><sat>33</sat></trkpt>
  <trkpt lat="38.82970540" lon="115.41803037"><ele>19.663</ele><time>2026-08-25T03:24:56Z</time><sat>34</sat></trkpt>
  <trkpt lat="38.82955257" lon="115.41758156"><ele>19.622</ele><time>2026-08-25T03:24:59Z</time><sat>31</sat></trkpt>
  <trkpt lat="38.82939054" lon="115.41713480"><ele>19.846</ele><time>2026-08-25T03:25:02Z</time><sat>30</sat></trkpt>
  <trkpt lat="38.82924164" lon="115.41667199"><ele>20.235</ele><time>2026-08-25T03:25:05Z</time><sat>30</sat></trkpt>
  <trkpt lat="38.82908983" lon="115.41622772"><ele>19.696</ele><time>2026-08-25T03:25:08Z</time><sat>31</sat></trkpt>
  <trkpt lat="38.82894095" lon="115.41576546"><ele>18.617</ele><time>2026-08-25T03:25:11Z</time><sat>31</sat></trkpt>
  <trkpt lat="38.82877958" lon="115.41521063"><ele>18.223</ele><time>2026-08-25T03:25:14Z</time><sat>33</sat></trkpt>
  <trkpt lat="38.82857620" lon="115.41457802"><ele>17.570</ele><time>2026-08-25T03:25:17Z</time><sat>32</sat></trkpt>
  <trkpt lat="38.82834834" lon="115.41396093"><ele>17.389</ele><time>2026-08-25T03:25:20Z</time><sat>29</sat></trkpt>
  <trkpt lat="38.82815346" lon="115.41343073"><ele>18.914</ele><time>2026-08-25T03:25:23Z</time><sat>31</sat></trkpt>
  <trkpt lat="38.82800374" lon="115.41301234"><ele>19.824</ele><time>2026-08-25T03:25:26Z</time><sat>31</sat></trkpt>
  <trkpt lat="38.82783448" lon="115.41252737"><ele>20.203</ele><time>2026-08-25T03:25:29Z</time><sat>32</sat></trkpt>
  <trkpt lat="38.82768018" lon="115.41205905"><ele>19.239</ele><time>2026-08-25T03:25:32Z</time><sat>32</sat></trkpt>
  <trkpt lat="38.82753312" lon="115.41157280"><ele>18.853</ele><time>2026-08-25T03:25:35Z</time><sat>33</sat></trkpt>
  <trkpt lat="38.82737237" lon="115.41105811"><ele>18.434</ele><time>2026-08-25T03:25:38Z</time><sat>29</sat></trkpt>
  <trkpt lat="38.82717514" lon="115.41052679"><ele>18.469</ele><time>2026-08-25T03:25:41Z</time><sat>31</sat></trkpt>
  <trkpt lat="38.82699260" lon="115.41000697"><ele>18.557</ele><time>2026-08-25T03:25:44Z</time><sat>33</sat></trkpt>
  <trkpt lat="38.82681728" lon="115.40949511"><ele>18.876</ele><time>2026-08-25T03:25:47Z</time><sat>32</sat></trkpt>
  <trkpt lat="38.82665148" lon="115.40900949"><ele>18.083</ele><time>2026-08-25T03:25:50Z</time><sat>33</sat></trkpt>
  <trkpt lat="38.82648720" lon="115.40852228"><ele>18.532</ele><time>2026-08-25T03:25:53Z</time><sat>33</sat></trkpt>
  <trkpt lat="38.82631403" lon="115.40802512"><ele>18.071</ele><time>2026-08-25T03:25:56Z</time><sat>32</sat></trkpt>
  <trkpt lat="38.82614151" lon="115.40752091"><ele>18.460</ele><time>2026-08-25T03:25:59Z</time><sat>31</sat></trkpt>
  <trkpt lat="38.82598645" lon="115.40708241"><ele>18.724</ele><time>2026-08-25T03:26:02Z</time><sat>33</sat></trkpt>
  <trkpt lat="38.82587154" lon="115.40673276"><ele>17.958</ele><time>2026-08-25T03:26:05Z</time><sat>32</sat></trkpt>
  <trkpt lat="38.82577215" lon="115.40642199"><ele>18.043</ele><time>2026-08-25T03:26:08Z</time><sat>31</sat></trkpt>
  <trkpt lat="38.82567747" lon="115.40612959"><ele>17.242</ele><time>2026-08-25T03:26:11Z</time><sat>29</sat></trkpt>
  <trkpt lat="38.82557623" lon="115.40582656"><ele>17.367</ele><time>2026-08-25T03:26:14Z</time><sat>31</sat></trkpt>
  <trkpt lat="38.82546014" lon="115.40549329"><ele>17.026</ele><time>2026-08-25T03:26:17Z</time><sat>30</sat></trkpt>
  <trkpt lat="38.82532768" lon="115.40511318"><ele>17.308</ele><time>2026-08-25T03:26:20Z</time><sat>30</sat></trkpt>
  <trkpt lat="38.82517886" lon="115.40471389"><ele>17.449</ele><time>2026-08-25T03:26:23Z</time><sat>32</sat></trkpt>
  <trkpt lat="38.82502687" lon="115.40429462"><ele>16.668</ele><time>2026-08-25T03:26:26Z</time><sat>31</sat></trkpt>
  <trkpt lat="38.82486457" lon="115.40385074"><ele>17.225</ele><time>2026-08-25T03:26:29Z</time><sat>31</sat></trkpt>
  <trkpt lat="38.82469940" lon="115.40339375"><ele>17.073</ele><time>2026-08-25T03:26:32Z</time><sat>29</sat></trkpt>
  <trkpt lat="38.82453492" lon="115.40295719"><ele>17.297</ele><time>2026-08-25T03:26:35Z</time><sat>30</sat></trkpt>
  <trkpt lat="38.82438989" lon="115.40253335"><ele>16.869</ele><time>2026-08-25T03:26:38Z</time><sat>33</sat></trkpt>
  <trkpt lat="38.82424344" lon="115.40212719"><ele>17.671</ele><time>2026-08-25T03:26:41Z</time><sat>32</sat></trkpt>
  <trkpt lat="38.82411556" lon="115.40173326"><ele>16.715</ele><time>2026-08-25T03:26:44Z</time><sat>32</sat></trkpt>
  <trkpt lat="38.82398014" lon="115.40134959"><ele>16.889</ele><time>2026-08-25T03:26:47Z</time><sat>32</sat></trkpt>
  <trkpt lat="38.82383695" lon="115.40092670"><ele>16.868</ele><time>2026-08-25T03:26:50Z</time><sat>35</sat></trkpt>
  <trkpt lat="38.82368935" lon="115.40051114"><ele>16.692</ele><time>2026-08-25T03:26:53Z</time><sat>34</sat></trkpt>
  <trkpt lat="38.82354293" lon="115.40008288"><ele>17.550</ele><time>2026-08-25T03:26:56Z</time><sat>31</sat></trkpt>
  <trkpt lat="38.82340312" lon="115.39963976"><ele>17.422</ele><time>2026-08-25T03:26:59Z</time><sat>34</sat></trkpt>
  <trkpt lat="38.82325595" lon="115.39920277"><ele>16.374</ele><time>2026-08-25T03:27:02Z</time><sat>33</sat></trkpt>
  <trkpt lat="38.82310051" lon="115.39874478"><ele>15.777</ele><time>2026-08-25T03:27:05Z</time><sat>28</sat></trkpt>
  <trkpt lat="38.82294945" lon="115.39828810"><ele>15.505</ele><time>2026-08-25T03:27:08Z</time><sat>27</sat></trkpt>
  <trkpt lat="38.82279294" lon="115.39785014"><ele>16.110</ele><time>2026-08-25T03:27:11Z</time><sat>33</sat></trkpt>
  <trkpt lat="38.82264837" lon="115.39742493"><ele>15.991</ele><time>2026-08-25T03:27:14Z</time><sat>34</sat></trkpt>
  <trkpt lat="38.82250962" lon="115.39700786"><ele>16.156</ele><time>2026-08-25T03:27:17Z</time><sat>33</sat></trkpt>
  <trkpt lat="38.82236203" lon="115.39658619"><ele>16.109</ele><time>2026-08-25T03:27:20Z</time><sat>33</sat></trkpt>
  <trkpt lat="38.82220991" lon="115.39614844"><ele>16.616</ele><time>2026-08-25T03:27:23Z</time><sat>31</sat></trkpt>
  <trkpt lat="38.82206400" lon="115.39573070"><ele>16.829</ele><time>2026-08-25T03:27:26Z</time><sat>31</sat></trkpt>
  <trkpt lat="38.82192666" lon="115.39532190"><ele>17.721</ele><time>2026-08-25T03:27:29Z</time><sat>33</sat></trkpt>
  <trkpt lat="38.82178839" lon="115.39492804"><ele>18.710</ele><time>2026-08-25T03:27:32Z</time><sat>32</sat></trkpt>
  <trkpt lat="38.82165905" lon="115.39455409"><ele>19.469</ele><time>2026-08-25T03:27:35Z</time><sat>31</sat></trkpt>
  <trkpt lat="38.82154077" lon="115.39419805"><ele>18.935</ele><time>2026-08-25T03:27:38Z</time><sat>30</sat></trkpt>
  <trkpt lat="38.82143096" lon="115.39385991"><ele>19.498</ele><time>2026-08-25T03:27:41Z</time><sat>30</sat></trkpt>
  <trkpt lat="38.82133027" lon="115.39355591"><ele>19.405</ele><time>2026-08-25T03:27:44Z</time><sat>32</sat></trkpt>
  <trkpt lat="38.82125239" lon="115.39332335"><ele>18.998</ele><time>2026-08-25T03:27:47Z</time><sat>31</sat></trkpt>
  <trkpt lat="38.82121651" lon="115.39320573"><ele>19.234</ele><time>2026-08-25T03:27:50Z</time><sat>31</sat></trkpt>
  <trkpt lat="38.82120305" lon="115.39316977"><ele>19.576</ele><time>2026-08-25T03:27:53Z</time><sat>30</sat></trkpt>
  <trkpt lat="38.82119662" lon="115.39315368"><ele>20.673</ele><time>2026-08-25T03:27:56Z</time><sat>30</sat></trkpt>
  <trkpt lat="38.82119388" lon="115.39315064"><ele>21.796</ele><time>2026-08-25T03:27:59Z</time><sat>31</sat></trkpt>
  <trkpt lat="38.82119426" lon="115.39315011"><ele>21.525</ele><time>2026-08-25T03:28:02Z</time><sat>29</sat></trkpt>
  <trkpt lat="38.82119384" lon="115.39314823"><ele>21.659</ele><time>2026-08-25T03:28:05Z</time><sat>27</sat></trkpt>
  <trkpt lat="38.82119324" lon="115.39314705"><ele>21.669</ele><time>2026-08-25T03:28:08Z</time><sat>28</sat></trkpt>
  <trkpt lat="38.82118839" lon="115.39312956"><ele>22.120</ele><time>2026-08-25T03:28:11Z</time><sat>28</sat></trkpt>
  <trkpt lat="38.82117869" lon="115.39310455"><ele>22.780</ele><time>2026-08-25T03:28:14Z</time><sat>27</sat></trkpt>
  <trkpt lat="38.82117767" lon="115.39310196"><ele>22.555</ele><time>2026-08-25T03:28:17Z</time><sat>28</sat></trkpt>
  <trkpt lat="38.82117485" lon="115.39310339"><ele>23.149</ele><time>2026-08-25T03:28:20Z</time><sat>29</sat></trkpt>
  <trkpt lat="38.82117308" lon="115.39310267"><ele>23.570</ele><time>2026-08-25T03:28:23Z</time><sat>29</sat></trkpt>
  <trkpt lat="38.82117253" lon="115.39310323"><ele>23.462</ele><time>2026-08-25T03:28:26Z</time><sat>29</sat></trkpt>
  <trkpt lat="38.82117308" lon="115.39310242"><ele>23.424</ele><time>2026-08-25T03:28:29Z</time><sat>30</sat></trkpt>
  <trkpt lat="38.82113307" lon="115.39298803"><ele>23.311</ele><time>2026-08-25T03:28:32Z</time><sat>29</sat></trkpt>
  <trkpt lat="38.82108195" lon="115.39281846"><ele>21.648</ele><time>2026-08-25T03:28:35Z</time><sat>31</sat></trkpt>
  <trkpt lat="38.82100846" lon="115.39258375"><ele>21.855</ele><time>2026-08-25T03:28:38Z</time><sat>33</sat></trkpt>
  <trkpt lat="38.82091391" lon="115.39231686"><ele>22.083</ele><time>2026-08-25T03:28:41Z</time><sat>30</sat></trkpt>
  <trkpt lat="38.82081728" lon="115.39199916"><ele>19.031</ele><time>2026-08-25T03:28:44Z</time><sat>33</sat></trkpt>
  <trkpt lat="38.82071260" lon="115.39169526"><ele>18.166</ele><time>2026-08-25T03:28:47Z</time><sat>33</sat></trkpt>
  <trkpt lat="38.82061564" lon="115.39140007"><ele>17.247</ele><time>2026-08-25T03:28:50Z</time><sat>33</sat></trkpt>
  <trkpt lat="38.82050517" lon="115.39108205"><ele>17.598</ele><time>2026-08-25T03:28:53Z</time><sat>33</sat></trkpt>
  <trkpt lat="38.82038708" lon="115.39073991"><ele>17.322</ele><time>2026-08-25T03:28:56Z</time><sat>33</sat></trkpt>
  <trkpt lat="38.82027459" lon="115.39040566"><ele>17.986</ele><time>2026-08-25T03:28:59Z</time><sat>32</sat></trkpt>
  <trkpt lat="38.82018497" lon="115.39012597"><ele>17.149</ele><time>2026-08-25T03:29:02Z</time><sat>32</sat></trkpt>
  <trkpt lat="38.82009878" lon="115.38984823"><ele>17.055</ele><time>2026-08-25T03:29:05Z</time><sat>30</sat></trkpt>
  <trkpt lat="38.81998527" lon="115.38952442"><ele>16.458</ele><time>2026-08-25T03:29:08Z</time><sat>32</sat></trkpt>
  <trkpt lat="38.81985316" lon="115.38916095"><ele>16.401</ele><time>2026-08-25T03:29:11Z</time><sat>24</sat></trkpt>
  <trkpt lat="38.81972090" lon="115.38876608"><ele>16.392</ele><time>2026-08-25T03:29:14Z</time><sat>23</sat></trkpt>
  <trkpt lat="38.81957832" lon="115.38834846"><ele>16.394</ele><time>2026-08-25T03:29:17Z</time><sat>22</sat></trkpt>
  <trkpt lat="38.81943502" lon="115.38792539"><ele>16.247</ele><time>2026-08-25T03:29:20Z</time><sat>24</sat></trkpt>
  <trkpt lat="38.81928904" lon="115.38750041"><ele>16.574</ele><time>2026-08-25T03:29:23Z</time><sat>19</sat></trkpt>
  <trkpt lat="38.81913623" lon="115.38706028"><ele>16.595</ele><time>2026-08-25T03:29:26Z</time><sat>23</sat></trkpt>
  <trkpt lat="38.81899141" lon="115.38663056"><ele>16.152</ele><time>2026-08-25T03:29:29Z</time><sat>20</sat></trkpt>
  <trkpt lat="38.81884647" lon="115.38620496"><ele>16.348</ele><time>2026-08-25T03:29:32Z</time><sat>22</sat></trkpt>
  <trkpt lat="38.81869397" lon="115.38576335"><ele>16.971</ele><time>2026-08-25T03:29:35Z</time><sat>23</sat></trkpt>
  <trkpt lat="38.81853318" lon="115.38529804"><ele>17.118</ele><time>2026-08-25T03:29:38Z</time><sat>21</sat></trkpt>
  <trkpt lat="38.81836713" lon="115.38481872"><ele>17.132</ele><time>2026-08-25T03:29:41Z</time><sat>21</sat></trkpt>
  <trkpt lat="38.81820389" lon="115.38433892"><ele>16.983</ele><time>2026-08-25T03:29:44Z</time><sat>23</sat></trkpt>
  <trkpt lat="38.81804504" lon="115.38387006"><ele>16.898</ele><time>2026-08-25T03:29:47Z</time><sat>27</sat></trkpt>
  <trkpt lat="38.81789179" lon="115.38342437"><ele>16.851</ele><time>2026-08-25T03:29:50Z</time><sat>24</sat></trkpt>
  <trkpt lat="38.81774828" lon="115.38300209"><ele>16.792</ele><time>2026-08-25T03:29:53Z</time><sat>23</sat></trkpt>
  <trkpt lat="38.81761825" lon="115.38260742"><ele>16.830</ele><time>2026-08-25T03:29:56Z</time><sat>20</sat></trkpt>
  <trkpt lat="38.81749730" lon="115.38222401"><ele>17.037</ele><time>2026-08-25T03:29:59Z</time><sat>28</sat></trkpt>
  <trkpt lat="38.81736931" lon="115.38182958"><ele>17.295</ele><time>2026-08-25T03:30:02Z</time><sat>25</sat></trkpt>
  <trkpt lat="38.81732316" lon="115.38168836"><ele>17.840</ele><time>2026-08-25T03:30:05Z</time><sat>27</sat></trkpt>
  <trkpt lat="38.81731414" lon="115.38166842"><ele>18.591</ele><time>2026-08-25T03:30:08Z</time><sat>23</sat></trkpt>
  <trkpt lat="38.81729288" lon="115.38160496"><ele>18.733</ele><time>2026-08-25T03:30:11Z</time><sat>23</sat></trkpt>
  <trkpt lat="38.81725538" lon="115.38149552"><ele>19.095</ele><time>2026-08-25T03:30:14Z</time><sat>24</sat></trkpt>
  <trkpt lat="38.81720052" lon="115.38133833"><ele>19.447</ele><time>2026-08-25T03:30:17Z</time><sat>23</sat></trkpt>
  <trkpt lat="38.81712262" lon="115.38111524"><ele>20.006</ele><time>2026-08-25T03:30:20Z</time><sat>24</sat></trkpt>
  <trkpt lat="38.81702993" lon="115.38083612"><ele>20.402</ele><time>2026-08-25T03:30:23Z</time><sat>26</sat></trkpt>
  <trkpt lat="38.81692225" lon="115.38050830"><ele>20.970</ele><time>2026-08-25T03:30:26Z</time><sat>27</sat></trkpt>
  <trkpt lat="38.81680492" lon="115.38014957"><ele>20.954</ele><time>2026-08-25T03:30:29Z</time><sat>27</sat></trkpt>
  <trkpt lat="38.81667779" lon="115.37976884"><ele>21.184</ele><time>2026-08-25T03:30:32Z</time><sat>24</sat></trkpt>
  <trkpt lat="38.81653603" lon="115.37935968"><ele>21.638</ele><time>2026-08-25T03:30:35Z</time><sat>28</sat></trkpt>
  <trkpt lat="38.81637823" lon="115.37890758"><ele>21.597</ele><time>2026-08-25T03:30:38Z</time><sat>28</sat></trkpt>
  <trkpt lat="38.81620252" lon="115.37841679"><ele>21.587</ele><time>2026-08-25T03:30:41Z</time><sat>24</sat></trkpt>
  <trkpt lat="38.81602071" lon="115.37788874"><ele>21.377</ele><time>2026-08-25T03:30:44Z</time><sat>24</sat></trkpt>
  <trkpt lat="38.81583045" lon="115.37732323"><ele>21.429</ele><time>2026-08-25T03:30:47Z</time><sat>25</sat></trkpt>
  <trkpt lat="38.81563123" lon="115.37673720"><ele>21.769</ele><time>2026-08-25T03:30:50Z</time><sat>23</sat></trkpt>
  <trkpt lat="38.81543163" lon="115.37615558"><ele>21.932</ele><time>2026-08-25T03:30:53Z</time><sat>24</sat></trkpt>
  <trkpt lat="38.81523905" lon="115.37560859"><ele>21.884</ele><time>2026-08-25T03:30:56Z</time><sat>27</sat></trkpt>
  <trkpt lat="38.81506958" lon="115.37512403"><ele>21.867</ele><time>2026-08-25T03:30:59Z</time><sat>24</sat></trkpt>
  <trkpt lat="38.81491324" lon="115.37467665"><ele>22.034</ele><time>2026-08-25T03:31:02Z</time><sat>21</sat></trkpt>
  <trkpt lat="38.81475879" lon="115.37423165"><ele>21.592</ele><time>2026-08-25T03:31:05Z</time><sat>23</sat></trkpt>
  <trkpt lat="38.81460061" lon="115.37377653"><ele>21.524</ele><time>2026-08-25T03:31:08Z</time><sat>21</sat></trkpt>
  <trkpt lat="38.81444291" lon="115.37330954"><ele>21.433</ele><time>2026-08-25T03:31:11Z</time><sat>20</sat></trkpt>
  <trkpt lat="38.81428152" lon="115.37280270"><ele>21.621</ele><time>2026-08-25T03:31:14Z</time><sat>24</sat></trkpt>
  <trkpt lat="38.81410443" lon="115.37227879"><ele>22.030</ele><time>2026-08-25T03:31:17Z</time><sat>22</sat></trkpt>
  <trkpt lat="38.81391435" lon="115.37173675"><ele>22.291</ele><time>2026-08-25T03:31:20Z</time><sat>22</sat></trkpt>
  <trkpt lat="38.81372601" lon="115.37119375"><ele>22.166</ele><time>2026-08-25T03:31:23Z</time><sat>24</sat></trkpt>
  <trkpt lat="38.81354231" lon="115.37066663"><ele>22.432</ele><time>2026-08-25T03:31:26Z</time><sat>21</sat></trkpt>
  <trkpt lat="38.81336627" lon="115.37016085"><ele>22.155</ele><time>2026-08-25T03:31:29Z</time><sat>23</sat></trkpt>
  <trkpt lat="38.81319570" lon="115.36967708"><ele>22.121</ele><time>2026-08-25T03:31:32Z</time><sat>22</sat></trkpt>
  <trkpt lat="38.81303293" lon="115.36921257"><ele>21.630</ele><time>2026-08-25T03:31:35Z</time><sat>22</sat></trkpt>
  <trkpt lat="38.81287326" lon="115.36875350"><ele>21.352</ele><time>2026-08-25T03:31:38Z</time><sat>22</sat></trkpt>
  <trkpt lat="38.81270977" lon="115.36827955"><ele>20.758</ele><time>2026-08-25T03:31:41Z</time><sat>21</sat></trkpt>
  <trkpt lat="38.81254408" lon="115.36781172"><ele>20.409</ele><time>2026-08-25T03:31:44Z</time><sat>23</sat></trkpt>
  <trkpt lat="38.81237457" lon="115.36732764"><ele>20.150</ele><time>2026-08-25T03:31:47Z</time><sat>22</sat></trkpt>
  <trkpt lat="38.81219752" lon="115.36682042"><ele>20.023</ele><time>2026-08-25T03:31:50Z</time><sat>22</sat></trkpt>
  <trkpt lat="38.81201894" lon="115.36629504"><ele>19.871</ele><time>2026-08-25T03:31:53Z</time><sat>22</sat></trkpt>
  <trkpt lat="38.81185378" lon="115.36581709"><ele>19.277</ele><time>2026-08-25T03:31:56Z</time><sat>24</sat></trkpt>
  <trkpt lat="38.81170432" lon="115.36539370"><ele>19.343</ele><time>2026-08-25T03:31:59Z</time><sat>23</sat></trkpt>
  <trkpt lat="38.81158512" lon="115.36505172"><ele>19.062</ele><time>2026-08-25T03:32:02Z</time><sat>19</sat></trkpt>
  <trkpt lat="38.81148673" lon="115.36478403"><ele>19.173</ele><time>2026-08-25T03:32:05Z</time><sat>17</sat></trkpt>
  <trkpt lat="38.81139003" lon="115.36456442"><ele>19.249</ele><time>2026-08-25T03:32:08Z</time><sat>22</sat></trkpt>
  <trkpt lat="38.81129116" lon="115.36433462"><ele>19.927</ele><time>2026-08-25T03:32:11Z</time><sat>26</sat></trkpt>
  <trkpt lat="38.81115002" lon="115.36403382"><ele>20.476</ele><time>2026-08-25T03:32:14Z</time><sat>26</sat></trkpt>
  <trkpt lat="38.81098810" lon="115.36365289"><ele>20.495</ele><time>2026-08-25T03:32:17Z</time><sat>28</sat></trkpt>
  <trkpt lat="38.81081660" lon="115.36326562"><ele>20.691</ele><time>2026-08-25T03:32:20Z</time><sat>25</sat></trkpt>
  <trkpt lat="38.81064514" lon="115.36290827"><ele>20.761</ele><time>2026-08-25T03:32:23Z</time><sat>25</sat></trkpt>
  <trkpt lat="38.81051906" lon="115.36264797"><ele>20.554</ele><time>2026-08-25T03:32:26Z</time><sat>22</sat></trkpt>
  <trkpt lat="38.81044244" lon="115.36249296"><ele>20.428</ele><time>2026-08-25T03:32:29Z</time><sat>22</sat></trkpt>
  <trkpt lat="38.81034729" lon="115.36232373"><ele>20.582</ele><time>2026-08-25T03:32:32Z</time><sat>22</sat></trkpt>
  <trkpt lat="38.81021059" lon="115.36203103"><ele>20.659</ele><time>2026-08-25T03:32:35Z</time><sat>21</sat></trkpt>
  <trkpt lat="38.81004204" lon="115.36167820"><ele>20.620</ele><time>2026-08-25T03:32:38Z</time><sat>24</sat></trkpt>
  <trkpt lat="38.80986955" lon="115.36132925"><ele>20.669</ele><time>2026-08-25T03:32:41Z</time><sat>18</sat></trkpt>
  <trkpt lat="38.80969565" lon="115.36097926"><ele>20.767</ele><time>2026-08-25T03:32:44Z</time><sat>21</sat></trkpt>
  <trkpt lat="38.80951650" lon="115.36061449"><ele>20.849</ele><time>2026-08-25T03:32:47Z</time><sat>21</sat></trkpt>
  <trkpt lat="38.80933978" lon="115.36025424"><ele>20.845</ele><time>2026-08-25T03:32:50Z</time><sat>26</sat></trkpt>
  <trkpt lat="38.80918164" lon="115.35992758"><ele>20.647</ele><time>2026-08-25T03:32:53Z</time><sat>21</sat></trkpt>
  <trkpt lat="38.80903087" lon="115.35961678"><ele>20.323</ele><time>2026-08-25T03:32:56Z</time><sat>21</sat></trkpt>
  <trkpt lat="38.80887435" lon="115.35929667"><ele>20.410</ele><time>2026-08-25T03:32:59Z</time><sat>22</sat></trkpt>
  <trkpt lat="38.80871839" lon="115.35897506"><ele>20.093</ele><time>2026-08-25T03:33:02Z</time><sat>19</sat></trkpt>
  <trkpt lat="38.80856433" lon="115.35866243"><ele>20.411</ele><time>2026-08-25T03:33:05Z</time><sat>22</sat></trkpt>
  <trkpt lat="38.80841000" lon="115.35835177"><ele>20.507</ele><time>2026-08-25T03:33:08Z</time><sat>20</sat></trkpt>
  <trkpt lat="38.80824207" lon="115.35802741"><ele>20.377</ele><time>2026-08-25T03:33:11Z</time><sat>22</sat></trkpt>
  <trkpt lat="38.80804834" lon="115.35768065"><ele>20.789</ele><time>2026-08-25T03:33:14Z</time><sat>22</sat></trkpt>
  <trkpt lat="38.80785097" lon="115.35730153"><ele>21.145</ele><time>2026-08-25T03:33:17Z</time><sat>22</sat></trkpt>
  <trkpt lat="38.80764640" lon="115.35688762"><ele>21.332</ele><time>2026-08-25T03:33:20Z</time><sat>23</sat></trkpt>
  <trkpt lat="38.80742645" lon="115.35643998"><ele>21.587</ele><time>2026-08-25T03:33:23Z</time><sat>23</sat></trkpt>
  <trkpt lat="38.80723319" lon="115.35603341"><ele>21.266</ele><time>2026-08-25T03:33:26Z</time><sat>18</sat></trkpt>
  <trkpt lat="38.80709825" lon="115.35574565"><ele>21.566</ele><time>2026-08-25T03:33:29Z</time><sat>19</sat></trkpt>
  <trkpt lat="38.80700628" lon="115.35554117"><ele>22.020</ele><time>2026-08-25T03:33:32Z</time><sat>24</sat></trkpt>
  <trkpt lat="38.80694743" lon="115.35540120"><ele>22.059</ele><time>2026-08-25T03:33:35Z</time><sat>19</sat></trkpt>
  <trkpt lat="38.80691538" lon="115.35532659"><ele>22.411</ele><time>2026-08-25T03:33:38Z</time><sat>19</sat></trkpt>
  <trkpt lat="38.80690333" lon="115.35530100"><ele>22.728</ele><time>2026-08-25T03:33:41Z</time><sat>25</sat></trkpt>
  <trkpt lat="38.80688133" lon="115.35524785"><ele>23.161</ele><time>2026-08-25T03:33:44Z</time><sat>24</sat></trkpt>
  <trkpt lat="38.80684627" lon="115.35516237"><ele>23.452</ele><time>2026-08-25T03:33:47Z</time><sat>23</sat></trkpt>
  <trkpt lat="38.80671954" lon="115.35482697"><ele>22.697</ele><time>2026-08-25T03:33:50Z</time><sat>27</sat></trkpt>
  <trkpt lat="38.80659612" lon="115.35448207"><ele>21.680</ele><time>2026-08-25T03:33:53Z</time><sat>25</sat></trkpt>
  <trkpt lat="38.80648379" lon="115.35407121"><ele>16.279</ele><time>2026-08-25T03:33:56Z</time><sat>17</sat></trkpt>
  <trkpt lat="38.80635229" lon="115.35368164"><ele>26.851</ele><time>2026-08-25T03:33:59Z</time><sat>21</sat></trkpt>
  <trkpt lat="38.80627734" lon="115.35325599"><ele>23.582</ele><time>2026-08-25T03:34:02Z</time><sat>32</sat></trkpt>
  <trkpt lat="38.80619744" lon="115.35289708"><ele>23.246</ele><time>2026-08-25T03:34:05Z</time><sat>34</sat></trkpt>
  <trkpt lat="38.80613501" lon="115.35254075"><ele>24.107</ele><time>2026-08-25T03:34:08Z</time><sat>34</sat></trkpt>
  <trkpt lat="38.80608333" lon="115.35216612"><ele>24.423</ele><time>2026-08-25T03:34:11Z</time><sat>33</sat></trkpt>
  <trkpt lat="38.80603455" lon="115.35174470"><ele>24.018</ele><time>2026-08-25T03:34:14Z</time><sat>32</sat></trkpt>
  <trkpt lat="38.80599480" lon="115.35127675"><ele>23.912</ele><time>2026-08-25T03:34:17Z</time><sat>33</sat></trkpt>
  <trkpt lat="38.80596659" lon="115.35081786"><ele>23.860</ele><time>2026-08-25T03:34:20Z</time><sat>32</sat></trkpt>
  <trkpt lat="38.80594501" lon="115.35035067"><ele>23.774</ele><time>2026-08-25T03:34:23Z</time><sat>32</sat></trkpt>
  <trkpt lat="38.80591946" lon="115.34986037"><ele>23.512</ele><time>2026-08-25T03:34:26Z</time><sat>33</sat></trkpt>
  <trkpt lat="38.80588368" lon="115.34935895"><ele>23.208</ele><time>2026-08-25T03:34:29Z</time><sat>34</sat></trkpt>
  <trkpt lat="38.80584201" lon="115.34891566"><ele>23.628</ele><time>2026-08-25T03:34:32Z</time><sat>34</sat></trkpt>
  <trkpt lat="38.80579789" lon="115.34856445"><ele>23.896</ele><time>2026-08-25T03:34:35Z</time><sat>34</sat></trkpt>
  <trkpt lat="38.80574231" lon="115.34818678"><ele>24.507</ele><time>2026-08-25T03:34:38Z</time><sat>32</sat></trkpt>
  <trkpt lat="38.80565994" lon="115.34772130"><ele>25.163</ele><time>2026-08-25T03:34:41Z</time><sat>33</sat></trkpt>
  <trkpt lat="38.80554501" lon="115.34719913"><ele>27.637</ele><time>2026-08-25T03:34:44Z</time><sat>34</sat></trkpt>
  <trkpt lat="38.80539129" lon="115.34663109"><ele>26.936</ele><time>2026-08-25T03:34:47Z</time><sat>36</sat></trkpt>
  <trkpt lat="38.80523424" lon="115.34608614"><ele>29.418</ele><time>2026-08-25T03:34:50Z</time><sat>27</sat></trkpt>
  <trkpt lat="38.80508186" lon="115.34554149"><ele>29.944</ele><time>2026-08-25T03:34:53Z</time><sat>33</sat></trkpt>
  <trkpt lat="38.80490841" lon="115.34501725"><ele>30.226</ele><time>2026-08-25T03:34:56Z</time><sat>34</sat></trkpt>
  <trkpt lat="38.80473253" lon="115.34449910"><ele>30.244</ele><time>2026-08-25T03:34:59Z</time><sat>33</sat></trkpt>
  <trkpt lat="38.80455803" lon="115.34398874"><ele>30.223</ele><time>2026-08-25T03:35:02Z</time><sat>33</sat></trkpt>
  <trkpt lat="38.80437977" lon="115.34345267"><ele>30.037</ele><time>2026-08-25T03:35:05Z</time><sat>34</sat></trkpt>
  <trkpt lat="38.80419022" lon="115.34288827"><ele>30.191</ele><time>2026-08-25T03:35:08Z</time><sat>33</sat></trkpt>
  <trkpt lat="38.80398983" lon="115.34229100"><ele>30.061</ele><time>2026-08-25T03:35:11Z</time><sat>33</sat></trkpt>
  <trkpt lat="38.80378984" lon="115.34169590"><ele>29.740</ele><time>2026-08-25T03:35:14Z</time><sat>33</sat></trkpt>
  <trkpt lat="38.80358833" lon="115.34110022"><ele>29.660</ele><time>2026-08-25T03:35:17Z</time><sat>33</sat></trkpt>
  <trkpt lat="38.80338474" lon="115.34049993"><ele>29.112</ele><time>2026-08-25T03:35:20Z</time><sat>31</sat></trkpt>
  <trkpt lat="38.80318244" lon="115.33991090"><ele>29.284</ele><time>2026-08-25T03:35:23Z</time><sat>31</sat></trkpt>
  <trkpt lat="38.80298147" lon="115.33931428"><ele>28.976</ele><time>2026-08-25T03:35:26Z</time><sat>32</sat></trkpt>
  <trkpt lat="38.80277938" lon="115.33872238"><ele>29.255</ele><time>2026-08-25T03:35:29Z</time><sat>32</sat></trkpt>
  <trkpt lat="38.80258658" lon="115.33813988"><ele>29.460</ele><time>2026-08-25T03:35:32Z</time><sat>30</sat></trkpt>
  <trkpt lat="38.80239373" lon="115.33756013"><ele>29.269</ele><time>2026-08-25T03:35:35Z</time><sat>31</sat></trkpt>
  <trkpt lat="38.80220743" lon="115.33699283"><ele>29.009</ele><time>2026-08-25T03:35:38Z</time><sat>31</sat></trkpt>
  <trkpt lat="38.80202069" lon="115.33644856"><ele>29.299</ele><time>2026-08-25T03:35:41Z</time><sat>32</sat></trkpt>
  <trkpt lat="38.80184228" lon="115.33592094"><ele>29.197</ele><time>2026-08-25T03:35:44Z</time><sat>32</sat></trkpt>
  <trkpt lat="38.80166687" lon="115.33540615"><ele>28.799</ele><time>2026-08-25T03:35:47Z</time><sat>32</sat></trkpt>
  <trkpt lat="38.80149623" lon="115.33490700"><ele>28.421</ele><time>2026-08-25T03:35:50Z</time><sat>31</sat></trkpt>
  <trkpt lat="38.80131961" lon="115.33439412"><ele>28.161</ele><time>2026-08-25T03:35:53Z</time><sat>30</sat></trkpt>
  <trkpt lat="38.80112741" lon="115.33383954"><ele>27.948</ele><time>2026-08-25T03:35:56Z</time><sat>31</sat></trkpt>
  <trkpt lat="38.80092754" lon="115.33323161"><ele>27.266</ele><time>2026-08-25T03:35:59Z</time><sat>31</sat></trkpt>
  <trkpt lat="38.80073976" lon="115.33262547"><ele>26.584</ele><time>2026-08-25T03:36:02Z</time><sat>32</sat></trkpt>
  <trkpt lat="38.80055713" lon="115.33203556"><ele>27.223</ele><time>2026-08-25T03:36:05Z</time><sat>32</sat></trkpt>
  <trkpt lat="38.80035642" lon="115.33144073"><ele>26.130</ele><time>2026-08-25T03:36:08Z</time><sat>33</sat></trkpt>
  <trkpt lat="38.80014879" lon="115.33085095"><ele>26.849</ele><time>2026-08-25T03:36:11Z</time><sat>33</sat></trkpt>
  <trkpt lat="38.79995286" lon="115.33027231"><ele>26.573</ele><time>2026-08-25T03:36:14Z</time><sat>31</sat></trkpt>
  <trkpt lat="38.79976046" lon="115.32971788"><ele>27.180</ele><time>2026-08-25T03:36:17Z</time><sat>32</sat></trkpt>
  <trkpt lat="38.79955729" lon="115.32918661"><ele>26.846</ele><time>2026-08-25T03:36:20Z</time><sat>31</sat></trkpt>
  <trkpt lat="38.79930879" lon="115.32870018"><ele>26.602</ele><time>2026-08-25T03:36:23Z</time><sat>32</sat></trkpt>
  <trkpt lat="38.79902574" lon="115.32825541"><ele>26.077</ele><time>2026-08-25T03:36:26Z</time><sat>33</sat></trkpt>
  <trkpt lat="38.79871911" lon="115.32780414"><ele>27.067</ele><time>2026-08-25T03:36:29Z</time><sat>34</sat></trkpt>
  <trkpt lat="38.79842427" lon="115.32736049"><ele>26.971</ele><time>2026-08-25T03:36:32Z</time><sat>32</sat></trkpt>
  <trkpt lat="38.79812797" lon="115.32690903"><ele>26.563</ele><time>2026-08-25T03:36:35Z</time><sat>29</sat></trkpt>
  <trkpt lat="38.79787775" lon="115.32641641"><ele>26.085</ele><time>2026-08-25T03:36:38Z</time><sat>29</sat></trkpt>
  <trkpt lat="38.79771580" lon="115.32588056"><ele>25.683</ele><time>2026-08-25T03:36:41Z</time><sat>31</sat></trkpt>
  <trkpt lat="38.79765446" lon="115.32532544"><ele>25.897</ele><time>2026-08-25T03:36:44Z</time><sat>31</sat></trkpt>
  <trkpt lat="38.79769490" lon="115.32479374"><ele>27.873</ele><time>2026-08-25T03:36:47Z</time><sat>31</sat></trkpt>
  <trkpt lat="38.79771425" lon="115.32432111"><ele>29.625</ele><time>2026-08-25T03:36:50Z</time><sat>32</sat></trkpt>
  <trkpt lat="38.79760983" lon="115.32393999"><ele>30.272</ele><time>2026-08-25T03:36:53Z</time><sat>32</sat></trkpt>
  <trkpt lat="38.79738198" lon="115.32373230"><ele>31.360</ele><time>2026-08-25T03:36:56Z</time><sat>34</sat></trkpt>
  <trkpt lat="38.79709496" lon="115.32369739"><ele>32.374</ele><time>2026-08-25T03:36:59Z</time><sat>35</sat></trkpt>
  <trkpt lat="38.79677667" lon="115.32380068"><ele>33.335</ele><time>2026-08-25T03:37:02Z</time><sat>35</sat></trkpt>
  <trkpt lat="38.79646031" lon="115.32398815"><ele>33.883</ele><time>2026-08-25T03:37:05Z</time><sat>32</sat></trkpt>
  <trkpt lat="38.79618960" lon="115.32421089"><ele>33.737</ele><time>2026-08-25T03:37:08Z</time><sat>34</sat></trkpt>
  <trkpt lat="38.79596688" lon="115.32445646"><ele>33.345</ele><time>2026-08-25T03:37:11Z</time><sat>34</sat></trkpt>
  <trkpt lat="38.79577357" lon="115.32473121"><ele>32.503</ele><time>2026-08-25T03:37:14Z</time><sat>33</sat></trkpt>
  <trkpt lat="38.79559549" lon="115.32503647"><ele>31.526</ele><time>2026-08-25T03:37:17Z</time><sat>32</sat></trkpt>
  <trkpt lat="38.79541117" lon="115.32537371"><ele>30.219</ele><time>2026-08-25T03:37:20Z</time><sat>32</sat></trkpt>
  <trkpt lat="38.79526725" lon="115.32565034"><ele>29.485</ele><time>2026-08-25T03:37:23Z</time><sat>33</sat></trkpt>
  <trkpt lat="38.79514869" lon="115.32588375"><ele>28.463</ele><time>2026-08-25T03:37:26Z</time><sat>33</sat></trkpt>
  <trkpt lat="38.79502855" lon="115.32611243"><ele>28.067</ele><time>2026-08-25T03:37:29Z</time><sat>34</sat></trkpt>
  <trkpt lat="38.79488846" lon="115.32639221"><ele>27.321</ele><time>2026-08-25T03:37:32Z</time><sat>35</sat></trkpt>
  <trkpt lat="38.79474104" lon="115.32668627"><ele>26.736</ele><time>2026-08-25T03:37:35Z</time><sat>34</sat></trkpt>
  <trkpt lat="38.79460421" lon="115.32693718"><ele>26.271</ele><time>2026-08-25T03:37:38Z</time><sat>33</sat></trkpt>
  <trkpt lat="38.79451596" lon="115.32710086"><ele>26.356</ele><time>2026-08-25T03:37:41Z</time><sat>34</sat></trkpt>
  <trkpt lat="38.79445044" lon="115.32722771"><ele>26.049</ele><time>2026-08-25T03:37:44Z</time><sat>34</sat></trkpt>
  <trkpt lat="38.79434330" lon="115.32743088"><ele>26.509</ele><time>2026-08-25T03:37:47Z</time><sat>34</sat></trkpt>
  <trkpt lat="38.79415168" lon="115.32779437"><ele>26.638</ele><time>2026-08-25T03:37:50Z</time><sat>34</sat></trkpt>
  <trkpt lat="38.79394016" lon="115.32821169"><ele>26.440</ele><time>2026-08-25T03:37:53Z</time><sat>34</sat></trkpt>
  <trkpt lat="38.79372004" lon="115.32858723"><ele>25.720</ele><time>2026-08-25T03:37:56Z</time><sat>34</sat></trkpt>
  <trkpt lat="38.79343725" lon="115.32893816"><ele>25.945</ele><time>2026-08-25T03:37:59Z</time><sat>35</sat></trkpt>
  <trkpt lat="38.79309654" lon="115.32917368"><ele>26.380</ele><time>2026-08-25T03:38:02Z</time><sat>35</sat></trkpt>
  <trkpt lat="38.79271656" lon="115.32924062"><ele>26.603</ele><time>2026-08-25T03:38:05Z</time><sat>35</sat></trkpt>
  <trkpt lat="38.79234199" lon="115.32913764"><ele>26.754</ele><time>2026-08-25T03:38:08Z</time><sat>36</sat></trkpt>
  <trkpt lat="38.79201588" lon="115.32889120"><ele>26.313</ele><time>2026-08-25T03:38:11Z</time><sat>35</sat></trkpt>
  <trkpt lat="38.79178531" lon="115.32850543"><ele>25.660</ele><time>2026-08-25T03:38:14Z</time><sat>34</sat></trkpt>
  <trkpt lat="38.79167368" lon="115.32803634"><ele>25.300</ele><time>2026-08-25T03:38:17Z</time><sat>35</sat></trkpt>
  <trkpt lat="38.79167658" lon="115.32750816"><ele>25.381</ele><time>2026-08-25T03:38:20Z</time><sat>35</sat></trkpt>
  <trkpt lat="38.79178972" lon="115.32694833"><ele>26.225</ele><time>2026-08-25T03:38:23Z</time><sat>35</sat></trkpt>
  <trkpt lat="38.79193326" lon="115.32633554"><ele>27.610</ele><time>2026-08-25T03:38:26Z</time><sat>35</sat></trkpt>
  <trkpt lat="38.79209337" lon="115.32565868"><ele>28.195</ele><time>2026-08-25T03:38:29Z</time><sat>35</sat></trkpt>
  <trkpt lat="38.79227787" lon="115.32492206"><ele>29.370</ele><time>2026-08-25T03:38:32Z</time><sat>36</sat></trkpt>
  <trkpt lat="38.79250276" lon="115.32413539"><ele>30.479</ele><time>2026-08-25T03:38:35Z</time><sat>36</sat></trkpt>
  <trkpt lat="38.79275529" lon="115.32328608"><ele>31.898</ele><time>2026-08-25T03:38:38Z</time><sat>35</sat></trkpt>
  <trkpt lat="38.79303351" lon="115.32240273"><ele>33.133</ele><time>2026-08-25T03:38:41Z</time><sat>34</sat></trkpt>
  <trkpt lat="38.79333099" lon="115.32148516"><ele>34.691</ele><time>2026-08-25T03:38:44Z</time><sat>34</sat></trkpt>
  <trkpt lat="38.79364805" lon="115.32054803"><ele>36.447</ele><time>2026-08-25T03:38:47Z</time><sat>32</sat></trkpt>
  <trkpt lat="38.79398692" lon="115.31958442"><ele>38.688</ele><time>2026-08-25T03:38:50Z</time><sat>32</sat></trkpt>
  <trkpt lat="38.79435163" lon="115.31861185"><ele>40.846</ele><time>2026-08-25T03:38:53Z</time><sat>33</sat></trkpt>
  <trkpt lat="38.79473179" lon="115.31762947"><ele>41.955</ele><time>2026-08-25T03:38:56Z</time><sat>33</sat></trkpt>
  <trkpt lat="38.79510816" lon="115.31667951"><ele>42.421</ele><time>2026-08-25T03:38:59Z</time><sat>33</sat></trkpt>
  <trkpt lat="38.79545805" lon="115.31582294"><ele>42.721</ele><time>2026-08-25T03:39:02Z</time><sat>32</sat></trkpt>
  <trkpt lat="38.79578150" lon="115.31507105"><ele>43.050</ele><time>2026-08-25T03:39:05Z</time><sat>30</sat></trkpt>
  <trkpt lat="38.79609110" lon="115.31438735"><ele>42.207</ele><time>2026-08-25T03:39:08Z</time><sat>31</sat></trkpt>
  <trkpt lat="38.79639148" lon="115.31373394"><ele>42.150</ele><time>2026-08-25T03:39:11Z</time><sat>33</sat></trkpt>
  <trkpt lat="38.79670818" lon="115.31308344"><ele>41.270</ele><time>2026-08-25T03:39:14Z</time><sat>34</sat></trkpt>
  <trkpt lat="38.79702485" lon="115.31243246"><ele>40.259</ele><time>2026-08-25T03:39:17Z</time><sat>36</sat></trkpt>
  <trkpt lat="38.79735693" lon="115.31176988"><ele>39.287</ele><time>2026-08-25T03:39:20Z</time><sat>36</sat></trkpt>
  <trkpt lat="38.79769663" lon="115.31110035"><ele>38.087</ele><time>2026-08-25T03:39:23Z</time><sat>33</sat></trkpt>
  <trkpt lat="38.79803277" lon="115.31043748"><ele>36.154</ele><time>2026-08-25T03:39:26Z</time><sat>32</sat></trkpt>
  <trkpt lat="38.79837076" lon="115.30977877"><ele>34.910</ele><time>2026-08-25T03:39:29Z</time><sat>34</sat></trkpt>
  <trkpt lat="38.79872686" lon="115.30910633"><ele>33.524</ele><time>2026-08-25T03:39:32Z</time><sat>33</sat></trkpt>
  <trkpt lat="38.79913679" lon="115.30832364"><ele>32.635</ele><time>2026-08-25T03:39:35Z</time><sat>33</sat></trkpt>
  <trkpt lat="38.79956006" lon="115.30742629"><ele>31.807</ele><time>2026-08-25T03:39:38Z</time><sat>32</sat></trkpt>
  <trkpt lat="38.79998339" lon="115.30657003"><ele>30.990</ele><time>2026-08-25T03:39:41Z</time><sat>33</sat></trkpt>
  <trkpt lat="38.80042274" lon="115.30565313"><ele>30.981</ele><time>2026-08-25T03:39:44Z</time><sat>31</sat></trkpt>
  <trkpt lat="38.80083793" lon="115.30471383"><ele>30.122</ele><time>2026-08-25T03:39:47Z</time><sat>29</sat></trkpt>
  <trkpt lat="38.80123452" lon="115.30374339"><ele>29.667</ele><time>2026-08-25T03:39:50Z</time><sat>30</sat></trkpt>
  <trkpt lat="38.80160813" lon="115.30274182"><ele>29.841</ele><time>2026-08-25T03:39:53Z</time><sat>30</sat></trkpt>
  <trkpt lat="38.80195582" lon="115.30172248"><ele>29.725</ele><time>2026-08-25T03:39:56Z</time><sat>28</sat></trkpt>
  <trkpt lat="38.80228791" lon="115.30069473"><ele>30.235</ele><time>2026-08-25T03:39:59Z</time><sat>30</sat></trkpt>
  <trkpt lat="38.80259163" lon="115.29964241"><ele>31.387</ele><time>2026-08-25T03:40:02Z</time><sat>30</sat></trkpt>
  <trkpt lat="38.80287199" lon="115.29858753"><ele>33.143</ele><time>2026-08-25T03:40:05Z</time><sat>28</sat></trkpt>
  <trkpt lat="38.80312155" lon="115.29751165"><ele>34.447</ele><time>2026-08-25T03:40:08Z</time><sat>29</sat></trkpt>
  <trkpt lat="38.80334257" lon="115.29643736"><ele>34.864</ele><time>2026-08-25T03:40:11Z</time><sat>31</sat></trkpt>
  <trkpt lat="38.80355018" lon="115.29534820"><ele>35.481</ele><time>2026-08-25T03:40:14Z</time><sat>32</sat></trkpt>
  <trkpt lat="38.80375163" lon="115.29425828"><ele>35.011</ele><time>2026-08-25T03:40:17Z</time><sat>31</sat></trkpt>
  <trkpt lat="38.80395318" lon="115.29317683"><ele>34.092</ele><time>2026-08-25T03:40:20Z</time><sat>29</sat></trkpt>
  <trkpt lat="38.80416057" lon="115.29209074"><ele>33.755</ele><time>2026-08-25T03:40:23Z</time><sat>32</sat></trkpt>
  <trkpt lat="38.80438472" lon="115.29100744"><ele>33.530</ele><time>2026-08-25T03:40:26Z</time><sat>31</sat></trkpt>
  <trkpt lat="38.80462877" lon="115.28994142"><ele>34.091</ele><time>2026-08-25T03:40:29Z</time><sat>32</sat></trkpt>
  <trkpt lat="38.80489882" lon="115.28888377"><ele>34.398</ele><time>2026-08-25T03:40:32Z</time><sat>33</sat></trkpt>
  <trkpt lat="38.80520545" lon="115.28783454"><ele>34.875</ele><time>2026-08-25T03:40:35Z</time><sat>30</sat></trkpt>
  <trkpt lat="38.80554000" lon="115.28679955"><ele>34.407</ele><time>2026-08-25T03:40:38Z</time><sat>29</sat></trkpt>
  <trkpt lat="38.80590437" lon="115.28577784"><ele>33.757</ele><time>2026-08-25T03:40:41Z</time><sat>31</sat></trkpt>
  <trkpt lat="38.80629162" lon="115.28477208"><ele>32.730</ele><time>2026-08-25T03:40:44Z</time><sat>30</sat></trkpt>
  <trkpt lat="38.80670753" lon="115.28378906"><ele>31.570</ele><time>2026-08-25T03:40:47Z</time><sat>28</sat></trkpt>
  <trkpt lat="38.80714791" lon="115.28282797"><ele>31.321</ele><time>2026-08-25T03:40:50Z</time><sat>29</sat></trkpt>
  <trkpt lat="38.80762119" lon="115.28188585"><ele>31.367</ele><time>2026-08-25T03:40:53Z</time><sat>29</sat></trkpt>
  <trkpt lat="38.80811265" lon="115.28096291"><ele>33.007</ele><time>2026-08-25T03:40:56Z</time><sat>32</sat></trkpt>
  <trkpt lat="38.80862447" lon="115.28005446"><ele>33.565</ele><time>2026-08-25T03:40:59Z</time><sat>32</sat></trkpt>
  <trkpt lat="38.80914652" lon="115.27915931"><ele>34.313</ele><time>2026-08-25T03:41:02Z</time><sat>34</sat></trkpt>
  <trkpt lat="38.80967654" lon="115.27826669"><ele>34.948</ele><time>2026-08-25T03:41:05Z</time><sat>34</sat></trkpt>
  <trkpt lat="38.81019944" lon="115.27737277"><ele>35.781</ele><time>2026-08-25T03:41:08Z</time><sat>32</sat></trkpt>
  <trkpt lat="38.81071370" lon="115.27646813"><ele>36.244</ele><time>2026-08-25T03:41:11Z</time><sat>34</sat></trkpt>
  <trkpt lat="38.81121628" lon="115.27555084"><ele>35.116</ele><time>2026-08-25T03:41:14Z</time><sat>34</sat></trkpt>
  <trkpt lat="38.81170009" lon="115.27461569"><ele>34.259</ele><time>2026-08-25T03:41:17Z</time><sat>33</sat></trkpt>
  <trkpt lat="38.81215565" lon="115.27366287"><ele>33.931</ele><time>2026-08-25T03:41:20Z</time><sat>32</sat></trkpt>
  <trkpt lat="38.81258412" lon="115.27269104"><ele>34.437</ele><time>2026-08-25T03:41:23Z</time><sat>32</sat></trkpt>
  <trkpt lat="38.81297690" lon="115.27169535"><ele>34.310</ele><time>2026-08-25T03:41:26Z</time><sat>29</sat></trkpt>
  <trkpt lat="38.81335447" lon="115.27068733"><ele>35.399</ele><time>2026-08-25T03:41:29Z</time><sat>34</sat></trkpt>
  <trkpt lat="38.81370136" lon="115.26966224"><ele>36.099</ele><time>2026-08-25T03:41:32Z</time><sat>35</sat></trkpt>
  <trkpt lat="38.81402124" lon="115.26861808"><ele>37.177</ele><time>2026-08-25T03:41:35Z</time><sat>30</sat></trkpt>
  <trkpt lat="38.81430596" lon="115.26755990"><ele>37.518</ele><time>2026-08-25T03:41:38Z</time><sat>34</sat></trkpt>
  <trkpt lat="38.81456736" lon="115.26649124"><ele>37.401</ele><time>2026-08-25T03:41:41Z</time><sat>35</sat></trkpt>
  <trkpt lat="38.81480125" lon="115.26541117"><ele>37.440</ele><time>2026-08-25T03:41:44Z</time><sat>35</sat></trkpt>
  <trkpt lat="38.81501197" lon="115.26433131"><ele>36.799</ele><time>2026-08-25T03:41:47Z</time><sat>35</sat></trkpt>
  <trkpt lat="38.81522204" lon="115.26324916"><ele>36.357</ele><time>2026-08-25T03:41:50Z</time><sat>34</sat></trkpt>
  <trkpt lat="38.81542315" lon="115.26216306"><ele>35.696</ele><time>2026-08-25T03:41:53Z</time><sat>34</sat></trkpt>
  <trkpt lat="38.81562981" lon="115.26106934"><ele>35.266</ele><time>2026-08-25T03:41:56Z</time><sat>35</sat></trkpt>
  <trkpt lat="38.81584406" lon="115.25998552"><ele>34.775</ele><time>2026-08-25T03:41:59Z</time><sat>33</sat></trkpt>
  <trkpt lat="38.81607217" lon="115.25890599"><ele>34.177</ele><time>2026-08-25T03:42:02Z</time><sat>33</sat></trkpt>
  <trkpt lat="38.81632260" lon="115.25783810"><ele>33.582</ele><time>2026-08-25T03:42:05Z</time><sat>28</sat></trkpt>
  <trkpt lat="38.81659127" lon="115.25677788"><ele>32.964</ele><time>2026-08-25T03:42:08Z</time><sat>27</sat></trkpt>
  <trkpt lat="38.81687315" lon="115.25574210"><ele>32.769</ele><time>2026-08-25T03:42:11Z</time><sat>31</sat></trkpt>
  <trkpt lat="38.81716426" lon="115.25475029"><ele>33.175</ele><time>2026-08-25T03:42:14Z</time><sat>32</sat></trkpt>
  <trkpt lat="38.81746876" lon="115.25378245"><ele>33.579</ele><time>2026-08-25T03:42:17Z</time><sat>31</sat></trkpt>
  <trkpt lat="38.81778728" lon="115.25282287"><ele>32.761</ele><time>2026-08-25T03:42:20Z</time><sat>31</sat></trkpt>
  <trkpt lat="38.81810499" lon="115.25188442"><ele>32.942</ele><time>2026-08-25T03:42:23Z</time><sat>26</sat></trkpt>
  <trkpt lat="38.81842677" lon="115.25093451"><ele>33.655</ele><time>2026-08-25T03:42:26Z</time><sat>27</sat></trkpt>
  <trkpt lat="38.81875191" lon="115.24998448"><ele>33.719</ele><time>2026-08-25T03:42:29Z</time><sat>26</sat></trkpt>
  <trkpt lat="38.81908033" lon="115.24904101"><ele>33.616</ele><time>2026-08-25T03:42:32Z</time><sat>26</sat></trkpt>
  <trkpt lat="38.81939479" lon="115.24809567"><ele>33.890</ele><time>2026-08-25T03:42:35Z</time><sat>26</sat></trkpt>
  <trkpt lat="38.81970486" lon="115.24717510"><ele>33.915</ele><time>2026-08-25T03:42:38Z</time><sat>27</sat></trkpt>
  <trkpt lat="38.82002652" lon="115.24625525"><ele>34.437</ele><time>2026-08-25T03:42:41Z</time><sat>30</sat></trkpt>
  <trkpt lat="38.82037230" lon="115.24534597"><ele>34.499</ele><time>2026-08-25T03:42:44Z</time><sat>29</sat></trkpt>
  <trkpt lat="38.82071508" lon="115.24439423"><ele>35.625</ele><time>2026-08-25T03:42:47Z</time><sat>28</sat></trkpt>
  <trkpt lat="38.82105447" lon="115.24339811"><ele>38.099</ele><time>2026-08-25T03:42:50Z</time><sat>29</sat></trkpt>
  <trkpt lat="38.82140016" lon="115.24240033"><ele>36.618</ele><time>2026-08-25T03:42:53Z</time><sat>29</sat></trkpt>
  <trkpt lat="38.82171964" lon="115.24137173"><ele>36.854</ele><time>2026-08-25T03:42:56Z</time><sat>27</sat></trkpt>
  <trkpt lat="38.82202689" lon="115.24032969"><ele>37.459</ele><time>2026-08-25T03:42:59Z</time><sat>27</sat></trkpt>
  <trkpt lat="38.82229758" lon="115.23925880"><ele>36.522</ele><time>2026-08-25T03:43:02Z</time><sat>28</sat></trkpt>
  <trkpt lat="38.82254866" lon="115.23820711"><ele>36.640</ele><time>2026-08-25T03:43:05Z</time><sat>27</sat></trkpt>
  <trkpt lat="38.82279366" lon="115.23711727"><ele>34.771</ele><time>2026-08-25T03:43:08Z</time><sat>23</sat></trkpt>
  <trkpt lat="38.82299492" lon="115.23602570"><ele>33.118</ele><time>2026-08-25T03:43:11Z</time><sat>25</sat></trkpt>
  <trkpt lat="38.82318272" lon="115.23491970"><ele>30.117</ele><time>2026-08-25T03:43:14Z</time><sat>25</sat></trkpt>
  <trkpt lat="38.82332637" lon="115.23380592"><ele>32.004</ele><time>2026-08-25T03:43:17Z</time><sat>27</sat></trkpt>
  <trkpt lat="38.82343058" lon="115.23270080"><ele>35.197</ele><time>2026-08-25T03:43:20Z</time><sat>29</sat></trkpt>
  <trkpt lat="38.82350458" lon="115.23159116"><ele>36.817</ele><time>2026-08-25T03:43:23Z</time><sat>26</sat></trkpt>
  <trkpt lat="38.82356376" lon="115.23048499"><ele>36.810</ele><time>2026-08-25T03:43:26Z</time><sat>28</sat></trkpt>
  <trkpt lat="38.82359304" lon="115.22936573"><ele>39.343</ele><time>2026-08-25T03:43:29Z</time><sat>29</sat></trkpt>
  <trkpt lat="38.82359299" lon="115.22833191"><ele>38.278</ele><time>2026-08-25T03:43:32Z</time><sat>26</sat></trkpt>
  <trkpt lat="38.82354347" lon="115.22730917"><ele>38.329</ele><time>2026-08-25T03:43:35Z</time><sat>23</sat></trkpt>
  <trkpt lat="38.82348508" lon="115.22629480"><ele>41.291</ele><time>2026-08-25T03:43:38Z</time><sat>26</sat></trkpt>
  <trkpt lat="38.82347018" lon="115.22552820"><ele>38.392</ele><time>2026-08-25T03:43:41Z</time><sat>24</sat></trkpt>
  <trkpt lat="38.82341177" lon="115.22474739"><ele>39.491</ele><time>2026-08-25T03:43:44Z</time><sat>31</sat></trkpt>
  <trkpt lat="38.82333113" lon="115.22396199"><ele>39.664</ele><time>2026-08-25T03:43:47Z</time><sat>33</sat></trkpt>
  <trkpt lat="38.82324150" lon="115.22316227"><ele>38.703</ele><time>2026-08-25T03:43:50Z</time><sat>34</sat></trkpt>
  <trkpt lat="38.82312890" lon="115.22232560"><ele>38.007</ele><time>2026-08-25T03:43:53Z</time><sat>33</sat></trkpt>
  <trkpt lat="38.82298405" lon="115.22146143"><ele>37.120</ele><time>2026-08-25T03:43:56Z</time><sat>31</sat></trkpt>
  <trkpt lat="38.82280159" lon="115.22056057"><ele>36.835</ele><time>2026-08-25T03:43:59Z</time><sat>28</sat></trkpt>
  <trkpt lat="38.82260866" lon="115.21962118"><ele>37.361</ele><time>2026-08-25T03:44:02Z</time><sat>29</sat></trkpt>
  <trkpt lat="38.82239382" lon="115.21865813"><ele>37.677</ele><time>2026-08-25T03:44:05Z</time><sat>29</sat></trkpt>
  <trkpt lat="38.82214810" lon="115.21768625"><ele>37.322</ele><time>2026-08-25T03:44:08Z</time><sat>30</sat></trkpt>
  <trkpt lat="38.82187288" lon="115.21669038"><ele>37.562</ele><time>2026-08-25T03:44:11Z</time><sat>32</sat></trkpt>
  <trkpt lat="38.82158160" lon="115.21569473"><ele>38.303</ele><time>2026-08-25T03:44:14Z</time><sat>31</sat></trkpt>
  <trkpt lat="38.82127362" lon="115.21468508"><ele>38.536</ele><time>2026-08-25T03:44:17Z</time><sat>25</sat></trkpt>
  <trkpt lat="38.82096068" lon="115.21369765"><ele>39.215</ele><time>2026-08-25T03:44:20Z</time><sat>29</sat></trkpt>
  <trkpt lat="38.82066944" lon="115.21274443"><ele>38.729</ele><time>2026-08-25T03:44:23Z</time><sat>33</sat></trkpt>
  <trkpt lat="38.82037606" lon="115.21177612"><ele>38.134</ele><time>2026-08-25T03:44:26Z</time><sat>32</sat></trkpt>
  <trkpt lat="38.82008704" lon="115.21080986"><ele>36.032</ele><time>2026-08-25T03:44:29Z</time><sat>32</sat></trkpt>
  <trkpt lat="38.81980998" lon="115.20980847"><ele>34.847</ele><time>2026-08-25T03:44:32Z</time><sat>35</sat></trkpt>
  <trkpt lat="38.81954310" lon="115.20880522"><ele>36.090</ele><time>2026-08-25T03:44:35Z</time><sat>35</sat></trkpt>
  <trkpt lat="38.81928316" lon="115.20779492"><ele>36.314</ele><time>2026-08-25T03:44:38Z</time><sat>34</sat></trkpt>
  <trkpt lat="38.81902430" lon="115.20676802"><ele>37.279</ele><time>2026-08-25T03:44:41Z</time><sat>34</sat></trkpt>
  <trkpt lat="38.81877694" lon="115.20571912"><ele>38.602</ele><time>2026-08-25T03:44:44Z</time><sat>35</sat></trkpt>
  <trkpt lat="38.81854765" lon="115.20466532"><ele>39.263</ele><time>2026-08-25T03:44:47Z</time><sat>34</sat></trkpt>
  <trkpt lat="38.81832224" lon="115.20362172"><ele>38.563</ele><time>2026-08-25T03:44:50Z</time><sat>34</sat></trkpt>
  <trkpt lat="38.81812034" lon="115.20258117"><ele>39.279</ele><time>2026-08-25T03:44:53Z</time><sat>34</sat></trkpt>
  <trkpt lat="38.81793426" lon="115.20153669"><ele>39.798</ele><time>2026-08-25T03:44:56Z</time><sat>34</sat></trkpt>
  <trkpt lat="38.81775815" lon="115.20050217"><ele>40.129</ele><time>2026-08-25T03:44:59Z</time><sat>35</sat></trkpt>
  <trkpt lat="38.81759413" lon="115.19946080"><ele>40.157</ele><time>2026-08-25T03:45:02Z</time><sat>34</sat></trkpt>
  <trkpt lat="38.81743816" lon="115.19840804"><ele>40.539</ele><time>2026-08-25T03:45:05Z</time><sat>35</sat></trkpt>
  <trkpt lat="38.81728825" lon="115.19734334"><ele>40.009</ele><time>2026-08-25T03:45:08Z</time><sat>35</sat></trkpt>
  <trkpt lat="38.81713877" lon="115.19626736"><ele>39.400</ele><time>2026-08-25T03:45:11Z</time><sat>35</sat></trkpt>
  <trkpt lat="38.81698947" lon="115.19518165"><ele>38.709</ele><time>2026-08-25T03:45:14Z</time><sat>35</sat></trkpt>
  <trkpt lat="38.81683237" lon="115.19408351"><ele>38.932</ele><time>2026-08-25T03:45:17Z</time><sat>35</sat></trkpt>
  <trkpt lat="38.81666386" lon="115.19298874"><ele>39.520</ele><time>2026-08-25T03:45:20Z</time><sat>34</sat></trkpt>
  <trkpt lat="38.81649026" lon="115.19189910"><ele>40.544</ele><time>2026-08-25T03:45:23Z</time><sat>33</sat></trkpt>
  <trkpt lat="38.81630260" lon="115.19081009"><ele>41.273</ele><time>2026-08-25T03:45:26Z</time><sat>33</sat></trkpt>
  <trkpt lat="38.81610456" lon="115.18972506"><ele>42.330</ele><time>2026-08-25T03:45:29Z</time><sat>34</sat></trkpt>
  <trkpt lat="38.81588807" lon="115.18864083"><ele>42.803</ele><time>2026-08-25T03:45:32Z</time><sat>35</sat></trkpt>
  <trkpt lat="38.81566829" lon="115.18755238"><ele>41.878</ele><time>2026-08-25T03:45:35Z</time><sat>34</sat></trkpt>
  <trkpt lat="38.81541524" lon="115.18647756"><ele>41.057</ele><time>2026-08-25T03:45:38Z</time><sat>34</sat></trkpt>
  <trkpt lat="38.81516449" lon="115.18540643"><ele>39.916</ele><time>2026-08-25T03:45:41Z</time><sat>35</sat></trkpt>
  <trkpt lat="38.81489703" lon="115.18434297"><ele>38.967</ele><time>2026-08-25T03:45:44Z</time><sat>34</sat></trkpt>
  <trkpt lat="38.81461849" lon="115.18328238"><ele>38.068</ele><time>2026-08-25T03:45:47Z</time><sat>34</sat></trkpt>
  <trkpt lat="38.81432707" lon="115.18223102"><ele>37.540</ele><time>2026-08-25T03:45:50Z</time><sat>34</sat></trkpt>
  <trkpt lat="38.81402277" lon="115.18118196"><ele>37.203</ele><time>2026-08-25T03:45:53Z</time><sat>33</sat></trkpt>
  <trkpt lat="38.81370932" lon="115.18013375"><ele>36.980</ele><time>2026-08-25T03:45:56Z</time><sat>33</sat></trkpt>
  <trkpt lat="38.81339040" lon="115.17909210"><ele>37.462</ele><time>2026-08-25T03:45:59Z</time><sat>32</sat></trkpt>
  <trkpt lat="38.81307161" lon="115.17805089"><ele>38.291</ele><time>2026-08-25T03:46:02Z</time><sat>34</sat></trkpt>
  <trkpt lat="38.81275651" lon="115.17700742"><ele>39.122</ele><time>2026-08-25T03:46:05Z</time><sat>35</sat></trkpt>
  <trkpt lat="38.81244516" lon="115.17596480"><ele>39.647</ele><time>2026-08-25T03:46:08Z</time><sat>34</sat></trkpt>
  <trkpt lat="38.81214368" lon="115.17491429"><ele>40.793</ele><time>2026-08-25T03:46:11Z</time><sat>32</sat></trkpt>
  <trkpt lat="38.81185584" lon="115.17386087"><ele>41.399</ele><time>2026-08-25T03:46:14Z</time><sat>32</sat></trkpt>
  <trkpt lat="38.81158614" lon="115.17280417"><ele>41.993</ele><time>2026-08-25T03:46:17Z</time><sat>32</sat></trkpt>
  <trkpt lat="38.81134298" lon="115.17178750"><ele>42.811</ele><time>2026-08-25T03:46:20Z</time><sat>35</sat></trkpt>
  <trkpt lat="38.81112728" lon="115.17084841"><ele>42.614</ele><time>2026-08-25T03:46:23Z</time><sat>35</sat></trkpt>
  <trkpt lat="38.81092179" lon="115.16988630"><ele>42.441</ele><time>2026-08-25T03:46:26Z</time><sat>35</sat></trkpt>
  <trkpt lat="38.81072290" lon="115.16888991"><ele>41.758</ele><time>2026-08-25T03:46:29Z</time><sat>35</sat></trkpt>
  <trkpt lat="38.81053275" lon="115.16785780"><ele>41.394</ele><time>2026-08-25T03:46:32Z</time><sat>34</sat></trkpt>
  <trkpt lat="38.81035512" lon="115.16679990"><ele>40.989</ele><time>2026-08-25T03:46:35Z</time><sat>35</sat></trkpt>
  <trkpt lat="38.81018836" lon="115.16571600"><ele>40.690</ele><time>2026-08-25T03:46:38Z</time><sat>35</sat></trkpt>
  <trkpt lat="38.81003965" lon="115.16461634"><ele>40.131</ele><time>2026-08-25T03:46:41Z</time><sat>35</sat></trkpt>
  <trkpt lat="38.80990556" lon="115.16351177"><ele>39.980</ele><time>2026-08-25T03:46:44Z</time><sat>34</sat></trkpt>
  <trkpt lat="38.80978646" lon="115.16240354"><ele>39.794</ele><time>2026-08-25T03:46:47Z</time><sat>34</sat></trkpt>
  <trkpt lat="38.80968091" lon="115.16129664"><ele>39.501</ele><time>2026-08-25T03:46:50Z</time><sat>34</sat></trkpt>
  <trkpt lat="38.80959237" lon="115.16018460"><ele>39.503</ele><time>2026-08-25T03:46:53Z</time><sat>34</sat></trkpt>
  <trkpt lat="38.80951660" lon="115.15907299"><ele>39.596</ele><time>2026-08-25T03:46:56Z</time><sat>35</sat></trkpt>
  <trkpt lat="38.80946277" lon="115.15795654"><ele>40.039</ele><time>2026-08-25T03:46:59Z</time><sat>35</sat></trkpt>
  <trkpt lat="38.80942425" lon="115.15684078"><ele>40.556</ele><time>2026-08-25T03:47:02Z</time><sat>35</sat></trkpt>
  <trkpt lat="38.80940216" lon="115.15572138"><ele>41.140</ele><time>2026-08-25T03:47:05Z</time><sat>35</sat></trkpt>
  <trkpt lat="38.80939500" lon="115.15460383"><ele>41.700</ele><time>2026-08-25T03:47:08Z</time><sat>35</sat></trkpt>
  <trkpt lat="38.80941003" lon="115.15348580"><ele>41.977</ele><time>2026-08-25T03:47:11Z</time><sat>35</sat></trkpt>
  <trkpt lat="38.80943593" lon="115.15236771"><ele>42.009</ele><time>2026-08-25T03:47:14Z</time><sat>35</sat></trkpt>
  <trkpt lat="38.80947975" lon="115.15127433"><ele>42.291</ele><time>2026-08-25T03:47:17Z</time><sat>35</sat></trkpt>
  <trkpt lat="38.80953279" lon="115.15022519"><ele>42.736</ele><time>2026-08-25T03:47:20Z</time><sat>35</sat></trkpt>
  <trkpt lat="38.80960031" lon="115.14922235"><ele>42.606</ele><time>2026-08-25T03:47:23Z</time><sat>35</sat></trkpt>
  <trkpt lat="38.80967528" lon="115.14822618"><ele>42.729</ele><time>2026-08-25T03:47:26Z</time><sat>35</sat></trkpt>
  <trkpt lat="38.80976402" lon="115.14724759"><ele>42.273</ele><time>2026-08-25T03:47:29Z</time><sat>34</sat></trkpt>
  <trkpt lat="38.80986651" lon="115.14626099"><ele>41.546</ele><time>2026-08-25T03:47:32Z</time><sat>34</sat></trkpt>
  <trkpt lat="38.80999182" lon="115.14526812"><ele>41.145</ele><time>2026-08-25T03:47:35Z</time><sat>32</sat></trkpt>
  <trkpt lat="38.81011817" lon="115.14429762"><ele>41.331</ele><time>2026-08-25T03:47:38Z</time><sat>32</sat></trkpt>
  <trkpt lat="38.81026084" lon="115.14332316"><ele>40.944</ele><time>2026-08-25T03:47:41Z</time><sat>31</sat></trkpt>
  <trkpt lat="38.81041448" lon="115.14233109"><ele>41.186</ele><time>2026-08-25T03:47:44Z</time><sat>32</sat></trkpt>
  <trkpt lat="38.81057721" lon="115.14132760"><ele>42.261</ele><time>2026-08-25T03:47:47Z</time><sat>33</sat></trkpt>
  <trkpt lat="38.81074736" lon="115.14029947"><ele>42.117</ele><time>2026-08-25T03:47:50Z</time><sat>33</sat></trkpt>
  <trkpt lat="38.81091764" lon="115.13926968"><ele>42.096</ele><time>2026-08-25T03:47:53Z</time><sat>33</sat></trkpt>
  <trkpt lat="38.81110370" lon="115.13823025"><ele>42.139</ele><time>2026-08-25T03:47:56Z</time><sat>35</sat></trkpt>
  <trkpt lat="38.81127302" lon="115.13717196"><ele>43.035</ele><time>2026-08-25T03:47:59Z</time><sat>35</sat></trkpt>
  <trkpt lat="38.81144504" lon="115.13612972"><ele>43.027</ele><time>2026-08-25T03:48:02Z</time><sat>35</sat></trkpt>
  <trkpt lat="38.81161632" lon="115.13508297"><ele>43.782</ele><time>2026-08-25T03:48:05Z</time><sat>33</sat></trkpt>
  <trkpt lat="38.81179013" lon="115.13402614"><ele>44.443</ele><time>2026-08-25T03:48:08Z</time><sat>34</sat></trkpt>
  <trkpt lat="38.81196754" lon="115.13296855"><ele>44.382</ele><time>2026-08-25T03:48:11Z</time><sat>34</sat></trkpt>
  <trkpt lat="38.81214475" lon="115.13189502"><ele>44.559</ele><time>2026-08-25T03:48:14Z</time><sat>34</sat></trkpt>
  <trkpt lat="38.81232874" lon="115.13080124"><ele>44.524</ele><time>2026-08-25T03:48:17Z</time><sat>34</sat></trkpt>
  <trkpt lat="38.81251144" lon="115.12971919"><ele>44.126</ele><time>2026-08-25T03:48:20Z</time><sat>34</sat></trkpt>
  <trkpt lat="38.81269295" lon="115.12863027"><ele>45.430</ele><time>2026-08-25T03:48:23Z</time><sat>34</sat></trkpt>
  <trkpt lat="38.81286755" lon="115.12758695"><ele>46.740</ele><time>2026-08-25T03:48:26Z</time><sat>34</sat></trkpt>
  <trkpt lat="38.81303330" lon="115.12659925"><ele>48.609</ele><time>2026-08-25T03:48:29Z</time><sat>34</sat></trkpt>
  <trkpt lat="38.81318954" lon="115.12565121"><ele>49.441</ele><time>2026-08-25T03:48:32Z</time><sat>34</sat></trkpt>
  <trkpt lat="38.81334795" lon="115.12472072"><ele>49.905</ele><time>2026-08-25T03:48:35Z</time><sat>35</sat></trkpt>
  <trkpt lat="38.81349883" lon="115.12379941"><ele>50.056</ele><time>2026-08-25T03:48:38Z</time><sat>35</sat></trkpt>
  <trkpt lat="38.81365121" lon="115.12287936"><ele>50.353</ele><time>2026-08-25T03:48:41Z</time><sat>35</sat></trkpt>
  <trkpt lat="38.81379910" lon="115.12197977"><ele>50.018</ele><time>2026-08-25T03:48:44Z</time><sat>35</sat></trkpt>
  <trkpt lat="38.81395067" lon="115.12107943"><ele>49.470</ele><time>2026-08-25T03:48:47Z</time><sat>35</sat></trkpt>
  <trkpt lat="38.81410549" lon="115.12017348"><ele>48.369</ele><time>2026-08-25T03:48:50Z</time><sat>35</sat></trkpt>
  <trkpt lat="38.81425916" lon="115.11926162"><ele>47.939</ele><time>2026-08-25T03:48:53Z</time><sat>35</sat></trkpt>
  <trkpt lat="38.81441211" lon="115.11835276"><ele>46.862</ele><time>2026-08-25T03:48:56Z</time><sat>35</sat></trkpt>
  <trkpt lat="38.81456353" lon="115.11743622"><ele>46.114</ele><time>2026-08-25T03:48:59Z</time><sat>35</sat></trkpt>
  <trkpt lat="38.81471494" lon="115.11652288"><ele>45.615</ele><time>2026-08-25T03:49:02Z</time><sat>35</sat></trkpt>
  <trkpt lat="38.81486591" lon="115.11560718"><ele>45.566</ele><time>2026-08-25T03:49:05Z</time><sat>35</sat></trkpt>
  <trkpt lat="38.81501530" lon="115.11470140"><ele>45.732</ele><time>2026-08-25T03:49:08Z</time><sat>34</sat></trkpt>
  <trkpt lat="38.81517177" lon="115.11379394"><ele>46.992</ele><time>2026-08-25T03:49:11Z</time><sat>34</sat></trkpt>
  <trkpt lat="38.81533107" lon="115.11288738"><ele>47.075</ele><time>2026-08-25T03:49:14Z</time><sat>34</sat></trkpt>
  <trkpt lat="38.81550015" lon="115.11199041"><ele>46.876</ele><time>2026-08-25T03:49:17Z</time><sat>35</sat></trkpt>
  <trkpt lat="38.81567565" lon="115.11110493"><ele>47.435</ele><time>2026-08-25T03:49:20Z</time><sat>35</sat></trkpt>
  <trkpt lat="38.81585645" lon="115.11022543"><ele>47.491</ele><time>2026-08-25T03:49:23Z</time><sat>34</sat></trkpt>
  <trkpt lat="38.81604240" lon="115.10934551"><ele>48.671</ele><time>2026-08-25T03:49:26Z</time><sat>34</sat></trkpt>
  <trkpt lat="38.81623795" lon="115.10846598"><ele>49.383</ele><time>2026-08-25T03:49:29Z</time><sat>35</sat></trkpt>
  <trkpt lat="38.81643701" lon="115.10758384"><ele>50.308</ele><time>2026-08-25T03:49:32Z</time><sat>35</sat></trkpt>
  <trkpt lat="38.81664664" lon="115.10671871"><ele>51.424</ele><time>2026-08-25T03:49:35Z</time><sat>34</sat></trkpt>
  <trkpt lat="38.81686342" lon="115.10585609"><ele>53.022</ele><time>2026-08-25T03:49:38Z</time><sat>35</sat></trkpt>
  <trkpt lat="38.81708808" lon="115.10499651"><ele>53.930</ele><time>2026-08-25T03:49:41Z</time><sat>35</sat></trkpt>
  <trkpt lat="38.81731805" lon="115.10412739"><ele>54.284</ele><time>2026-08-25T03:49:44Z</time><sat>35</sat></trkpt>
  <trkpt lat="38.81755994" lon="115.10325556"><ele>54.477</ele><time>2026-08-25T03:49:47Z</time><sat>35</sat></trkpt>
  <trkpt lat="38.81781172" lon="115.10238519"><ele>53.999</ele><time>2026-08-25T03:49:50Z</time><sat>35</sat></trkpt>
  <trkpt lat="38.81806998" lon="115.10151037"><ele>53.636</ele><time>2026-08-25T03:49:53Z</time><sat>35</sat></trkpt>
  <trkpt lat="38.81834142" lon="115.10063127"><ele>53.444</ele><time>2026-08-25T03:49:56Z</time><sat>35</sat></trkpt>
  <trkpt lat="38.81861786" lon="115.09974700"><ele>53.635</ele><time>2026-08-25T03:49:59Z</time><sat>35</sat></trkpt>
  <trkpt lat="38.81890791" lon="115.09887020"><ele>53.278</ele><time>2026-08-25T03:50:02Z</time><sat>35</sat></trkpt>
  <trkpt lat="38.81920284" lon="115.09799481"><ele>53.115</ele><time>2026-08-25T03:50:05Z</time><sat>35</sat></trkpt>
  <trkpt lat="38.81950864" lon="115.09712221"><ele>53.255</ele><time>2026-08-25T03:50:08Z</time><sat>33</sat></trkpt>
  <trkpt lat="38.81982206" lon="115.09624829"><ele>54.194</ele><time>2026-08-25T03:50:11Z</time><sat>34</sat></trkpt>
  <trkpt lat="38.82014485" lon="115.09537193"><ele>54.869</ele><time>2026-08-25T03:50:14Z</time><sat>34</sat></trkpt>
  <trkpt lat="38.82047523" lon="115.09450291"><ele>55.478</ele><time>2026-08-25T03:50:17Z</time><sat>34</sat></trkpt>
  <trkpt lat="38.82080929" lon="115.09363433"><ele>55.992</ele><time>2026-08-25T03:50:20Z</time><sat>36</sat></trkpt>
  <trkpt lat="38.82114307" lon="115.09276903"><ele>56.902</ele><time>2026-08-25T03:50:23Z</time><sat>36</sat></trkpt>
  <trkpt lat="38.82147860" lon="115.09189980"><ele>57.680</ele><time>2026-08-25T03:50:26Z</time><sat>36</sat></trkpt>
  <trkpt lat="38.82180691" lon="115.09103471"><ele>57.964</ele><time>2026-08-25T03:50:29Z</time><sat>36</sat></trkpt>
  <trkpt lat="38.82214516" lon="115.09016018"><ele>58.401</ele><time>2026-08-25T03:50:32Z</time><sat>36</sat></trkpt>
  <trkpt lat="38.82248487" lon="115.08929050"><ele>58.777</ele><time>2026-08-25T03:50:35Z</time><sat>35</sat></trkpt>
  <trkpt lat="38.82282095" lon="115.08841478"><ele>59.517</ele><time>2026-08-25T03:50:38Z</time><sat>35</sat></trkpt>
  <trkpt lat="38.82315930" lon="115.08753622"><ele>59.304</ele><time>2026-08-25T03:50:41Z</time><sat>36</sat></trkpt>
  <trkpt lat="38.82349992" lon="115.08666495"><ele>58.911</ele><time>2026-08-25T03:50:44Z</time><sat>36</sat></trkpt>
  <trkpt lat="38.82383736" lon="115.08578690"><ele>58.882</ele><time>2026-08-25T03:50:47Z</time><sat>36</sat></trkpt>
  <trkpt lat="38.82417742" lon="115.08490400"><ele>58.036</ele><time>2026-08-25T03:50:50Z</time><sat>36</sat></trkpt>
  <trkpt lat="38.82451446" lon="115.08401678"><ele>58.264</ele><time>2026-08-25T03:50:53Z</time><sat>36</sat></trkpt>
  <trkpt lat="38.82485539" lon="115.08312935"><ele>58.503</ele><time>2026-08-25T03:50:56Z</time><sat>35</sat></trkpt>
  <trkpt lat="38.82519158" lon="115.08226064"><ele>59.542</ele><time>2026-08-25T03:50:59Z</time><sat>35</sat></trkpt>
  <trkpt lat="38.82552934" lon="115.08138353"><ele>59.791</ele><time>2026-08-25T03:51:02Z</time><sat>35</sat></trkpt>
  <trkpt lat="38.82585075" lon="115.08052137"><ele>59.960</ele><time>2026-08-25T03:51:05Z</time><sat>36</sat></trkpt>
  <trkpt lat="38.82615951" lon="115.07966304"><ele>60.508</ele><time>2026-08-25T03:51:08Z</time><sat>36</sat></trkpt>
  <trkpt lat="38.82644558" lon="115.07882883"><ele>60.851</ele><time>2026-08-25T03:51:11Z</time><sat>36</sat></trkpt>
  <trkpt lat="38.82673169" lon="115.07798054"><ele>60.923</ele><time>2026-08-25T03:51:14Z</time><sat>36</sat></trkpt>
  <trkpt lat="38.82699100" lon="115.07713605"><ele>60.854</ele><time>2026-08-25T03:51:17Z</time><sat>36</sat></trkpt>
  <trkpt lat="38.82720294" lon="115.07631962"><ele>60.998</ele><time>2026-08-25T03:51:20Z</time><sat>35</sat></trkpt>
  <trkpt lat="38.82739654" lon="115.07547571"><ele>60.456</ele><time>2026-08-25T03:51:23Z</time><sat>35</sat></trkpt>
  <trkpt lat="38.82757309" lon="115.07459079"><ele>60.311</ele><time>2026-08-25T03:51:26Z</time><sat>35</sat></trkpt>
  <trkpt lat="38.82775734" lon="115.07367031"><ele>60.631</ele><time>2026-08-25T03:51:29Z</time><sat>36</sat></trkpt>
  <trkpt lat="38.82792919" lon="115.07270692"><ele>61.325</ele><time>2026-08-25T03:51:32Z</time><sat>35</sat></trkpt>
  <trkpt lat="38.82808453" lon="115.07170288"><ele>62.417</ele><time>2026-08-25T03:51:35Z</time><sat>35</sat></trkpt>
  <trkpt lat="38.82821471" lon="115.07066108"><ele>63.419</ele><time>2026-08-25T03:51:38Z</time><sat>36</sat></trkpt>
  <trkpt lat="38.82832479" lon="115.06958888"><ele>64.472</ele><time>2026-08-25T03:51:41Z</time><sat>36</sat></trkpt>
  <trkpt lat="38.82842264" lon="115.06849068"><ele>65.013</ele><time>2026-08-25T03:51:44Z</time><sat>36</sat></trkpt>
  <trkpt lat="38.82850928" lon="115.06737487"><ele>64.810</ele><time>2026-08-25T03:51:47Z</time><sat>35</sat></trkpt>
  <trkpt lat="38.82858820" lon="115.06625395"><ele>64.385</ele><time>2026-08-25T03:51:50Z</time><sat>35</sat></trkpt>
  <trkpt lat="38.82866851" lon="115.06514361"><ele>63.992</ele><time>2026-08-25T03:51:53Z</time><sat>35</sat></trkpt>
  <trkpt lat="38.82875794" lon="115.06403599"><ele>63.330</ele><time>2026-08-25T03:51:56Z</time><sat>35</sat></trkpt>
  <trkpt lat="38.82887018" lon="115.06293319"><ele>62.284</ele><time>2026-08-25T03:51:59Z</time><sat>36</sat></trkpt>
  <trkpt lat="38.82900885" lon="115.06182972"><ele>61.907</ele><time>2026-08-25T03:52:02Z</time><sat>36</sat></trkpt>
  <trkpt lat="38.82917507" lon="115.06073200"><ele>61.425</ele><time>2026-08-25T03:52:05Z</time><sat>36</sat></trkpt>
  <trkpt lat="38.82936735" lon="115.05964167"><ele>61.455</ele><time>2026-08-25T03:52:08Z</time><sat>36</sat></trkpt>
  <trkpt lat="38.82958796" lon="115.05855916"><ele>63.328</ele><time>2026-08-25T03:52:11Z</time><sat>36</sat></trkpt>
  <trkpt lat="38.82984356" lon="115.05748508"><ele>64.634</ele><time>2026-08-25T03:52:14Z</time><sat>35</sat></trkpt>
  <trkpt lat="38.83011700" lon="115.05642340"><ele>66.001</ele><time>2026-08-25T03:52:17Z</time><sat>36</sat></trkpt>
  <trkpt lat="38.83041829" lon="115.05537629"><ele>67.018</ele><time>2026-08-25T03:52:20Z</time><sat>36</sat></trkpt>
  <trkpt lat="38.83074804" lon="115.05434076"><ele>68.470</ele><time>2026-08-25T03:52:23Z</time><sat>36</sat></trkpt>
  <trkpt lat="38.83110423" lon="115.05332493"><ele>69.386</ele><time>2026-08-25T03:52:26Z</time><sat>36</sat></trkpt>
  <trkpt lat="38.83149908" lon="115.05233939"><ele>71.183</ele><time>2026-08-25T03:52:29Z</time><sat>36</sat></trkpt>
  <trkpt lat="38.83187496" lon="115.05145902"><ele>72.253</ele><time>2026-08-25T03:52:32Z</time><sat>36</sat></trkpt>
  <trkpt lat="38.83222817" lon="115.05063999"><ele>73.017</ele><time>2026-08-25T03:52:35Z</time><sat>36</sat></trkpt>
  <trkpt lat="38.83260099" lon="115.04983248"><ele>73.027</ele><time>2026-08-25T03:52:38Z</time><sat>36</sat></trkpt>
  <trkpt lat="38.83299788" lon="115.04903405"><ele>72.740</ele><time>2026-08-25T03:52:41Z</time><sat>36</sat></trkpt>
  <trkpt lat="38.83341640" lon="115.04823776"><ele>71.751</ele><time>2026-08-25T03:52:44Z</time><sat>36</sat></trkpt>
  <trkpt lat="38.83385852" lon="115.04743864"><ele>70.417</ele><time>2026-08-25T03:52:47Z</time><sat>35</sat></trkpt>
  <trkpt lat="38.83432458" lon="115.04664469"><ele>69.885</ele><time>2026-08-25T03:52:50Z</time><sat>35</sat></trkpt>
  <trkpt lat="38.83480329" lon="115.04587152"><ele>70.139</ele><time>2026-08-25T03:52:53Z</time><sat>36</sat></trkpt>
  <trkpt lat="38.83530339" lon="115.04510710"><ele>70.488</ele><time>2026-08-25T03:52:56Z</time><sat>36</sat></trkpt>
  <trkpt lat="38.83580647" lon="115.04434688"><ele>70.964</ele><time>2026-08-25T03:52:59Z</time><sat>36</sat></trkpt>
  <trkpt lat="38.83630672" lon="115.04359303"><ele>71.989</ele><time>2026-08-25T03:53:02Z</time><sat>36</sat></trkpt>
  <trkpt lat="38.83680187" lon="115.04284394"><ele>73.181</ele><time>2026-08-25T03:53:05Z</time><sat>36</sat></trkpt>
  <trkpt lat="38.83727141" lon="115.04211185"><ele>74.283</ele><time>2026-08-25T03:53:08Z</time><sat>36</sat></trkpt>
  <trkpt lat="38.83771389" lon="115.04137763"><ele>74.800</ele><time>2026-08-25T03:53:11Z</time><sat>35</sat></trkpt>
  <trkpt lat="38.83814427" lon="115.04062040"><ele>76.832</ele><time>2026-08-25T03:53:14Z</time><sat>36</sat></trkpt>
  <trkpt lat="38.83854039" lon="115.03984524"><ele>78.435</ele><time>2026-08-25T03:53:17Z</time><sat>36</sat></trkpt>
  <trkpt lat="38.83891022" lon="115.03903456"><ele>79.075</ele><time>2026-08-25T03:53:20Z</time><sat>36</sat></trkpt>
  <trkpt lat="38.83927020" lon="115.03822543"><ele>79.957</ele><time>2026-08-25T03:53:23Z</time><sat>36</sat></trkpt>
  <trkpt lat="38.83960472" lon="115.03739884"><ele>80.170</ele><time>2026-08-25T03:53:26Z</time><sat>36</sat></trkpt>
  <trkpt lat="38.83992201" lon="115.03655857"><ele>79.783</ele><time>2026-08-25T03:53:29Z</time><sat>36</sat></trkpt>
  <trkpt lat="38.84021162" lon="115.03569961"><ele>79.119</ele><time>2026-08-25T03:53:32Z</time><sat>36</sat></trkpt>
  <trkpt lat="38.84047680" lon="115.03482636"><ele>78.807</ele><time>2026-08-25T03:53:35Z</time><sat>36</sat></trkpt>
  <trkpt lat="38.84071793" lon="115.03394384"><ele>79.004</ele><time>2026-08-25T03:53:38Z</time><sat>36</sat></trkpt>
  <trkpt lat="38.84093439" lon="115.03305165"><ele>78.667</ele><time>2026-08-25T03:53:41Z</time><sat>36</sat></trkpt>
  <trkpt lat="38.84112201" lon="115.03214841"><ele>78.846</ele><time>2026-08-25T03:53:44Z</time><sat>34</sat></trkpt>
  <trkpt lat="38.84128449" lon="115.03124304"><ele>78.653</ele><time>2026-08-25T03:53:47Z</time><sat>34</sat></trkpt>
  <trkpt lat="38.84142030" lon="115.03032626"><ele>79.155</ele><time>2026-08-25T03:53:50Z</time><sat>34</sat></trkpt>
  <trkpt lat="38.84152551" lon="115.02940526"><ele>79.624</ele><time>2026-08-25T03:53:53Z</time><sat>35</sat></trkpt>
  <trkpt lat="38.84160863" lon="115.02847672"><ele>80.021</ele><time>2026-08-25T03:53:56Z</time><sat>35</sat></trkpt>
  <trkpt lat="38.84166800" lon="115.02754143"><ele>80.953</ele><time>2026-08-25T03:53:59Z</time><sat>35</sat></trkpt>
  <trkpt lat="38.84169906" lon="115.02660660"><ele>81.602</ele><time>2026-08-25T03:54:02Z</time><sat>34</sat></trkpt>
  <trkpt lat="38.84170514" lon="115.02567836"><ele>82.614</ele><time>2026-08-25T03:54:05Z</time><sat>34</sat></trkpt>
  <trkpt lat="38.84167751" lon="115.02474520"><ele>83.523</ele><time>2026-08-25T03:54:08Z</time><sat>33</sat></trkpt>
  <trkpt lat="38.84162873" lon="115.02381264"><ele>85.254</ele><time>2026-08-25T03:54:11Z</time><sat>34</sat></trkpt>
  <trkpt lat="38.84155249" lon="115.02288929"><ele>86.913</ele><time>2026-08-25T03:54:14Z</time><sat>34</sat></trkpt>
  <trkpt lat="38.84145680" lon="115.02197121"><ele>88.417</ele><time>2026-08-25T03:54:17Z</time><sat>35</sat></trkpt>
  <trkpt lat="38.84134916" lon="115.02104840"><ele>90.084</ele><time>2026-08-25T03:54:20Z</time><sat>35</sat></trkpt>
  <trkpt lat="38.84123841" lon="115.02012782"><ele>92.798</ele><time>2026-08-25T03:54:23Z</time><sat>35</sat></trkpt>
  <trkpt lat="38.84112431" lon="115.01920310"><ele>95.424</ele><time>2026-08-25T03:54:26Z</time><sat>35</sat></trkpt>
  <trkpt lat="38.84102282" lon="115.01828021"><ele>97.872</ele><time>2026-08-25T03:54:29Z</time><sat>35</sat></trkpt>
  <trkpt lat="38.84094716" lon="115.01734986"><ele>100.950</ele><time>2026-08-25T03:54:32Z</time><sat>35</sat></trkpt>
  <trkpt lat="38.84090828" lon="115.01642146"><ele>103.859</ele><time>2026-08-25T03:54:35Z</time><sat>36</sat></trkpt>
  <trkpt lat="38.84090560" lon="115.01548555"><ele>106.440</ele><time>2026-08-25T03:54:38Z</time><sat>35</sat></trkpt>
  <trkpt lat="38.84094613" lon="115.01454936"><ele>109.262</ele><time>2026-08-25T03:54:41Z</time><sat>35</sat></trkpt>
  <trkpt lat="38.84102118" lon="115.01362042"><ele>111.884</ele><time>2026-08-25T03:54:44Z</time><sat>36</sat></trkpt>
  <trkpt lat="38.84113192" lon="115.01274137"><ele>113.538</ele><time>2026-08-25T03:54:47Z</time><sat>36</sat></trkpt>
  <trkpt lat="38.84126813" lon="115.01190945"><ele>115.429</ele><time>2026-08-25T03:54:50Z</time><sat>36</sat></trkpt>
  <trkpt lat="38.84144565" lon="115.01107780"><ele>117.608</ele><time>2026-08-25T03:54:53Z</time><sat>35</sat></trkpt>
  <trkpt lat="38.84166329" lon="115.01021813"><ele>119.311</ele><time>2026-08-25T03:54:56Z</time><sat>35</sat></trkpt>
  <trkpt lat="38.84190203" lon="115.00939296"><ele>121.623</ele><time>2026-08-25T03:54:59Z</time><sat>34</sat></trkpt>
  <trkpt lat="38.84216373" lon="115.00858595"><ele>124.191</ele><time>2026-08-25T03:55:02Z</time><sat>33</sat></trkpt>
  <trkpt lat="38.84243686" lon="115.00776228"><ele>126.354</ele><time>2026-08-25T03:55:05Z</time><sat>33</sat></trkpt>
  <trkpt lat="38.84272070" lon="115.00692836"><ele>129.354</ele><time>2026-08-25T03:55:08Z</time><sat>32</sat></trkpt>
  <trkpt lat="38.84299913" lon="115.00609227"><ele>132.611</ele><time>2026-08-25T03:55:11Z</time><sat>31</sat></trkpt>
  <trkpt lat="38.84326986" lon="115.00524533"><ele>135.682</ele><time>2026-08-25T03:55:14Z</time><sat>33</sat></trkpt>
  <trkpt lat="38.84352740" lon="115.00439827"><ele>137.805</ele><time>2026-08-25T03:55:17Z</time><sat>32</sat></trkpt>
  <trkpt lat="38.84376709" lon="115.00356015"><ele>139.792</ele><time>2026-08-25T03:55:20Z</time><sat>32</sat></trkpt>
  <trkpt lat="38.84399094" lon="115.00270129"><ele>141.617</ele><time>2026-08-25T03:55:23Z</time><sat>32</sat></trkpt>
  <trkpt lat="38.84420188" lon="115.00182031"><ele>143.386</ele><time>2026-08-25T03:55:26Z</time><sat>34</sat></trkpt>
  <trkpt lat="38.84439537" lon="115.00092594"><ele>144.168</ele><time>2026-08-25T03:55:29Z</time><sat>33</sat></trkpt>
  <trkpt lat="38.84456680" lon="115.00002118"><ele>143.823</ele><time>2026-08-25T03:55:32Z</time><sat>35</sat></trkpt>
  <trkpt lat="38.84473038" lon="114.99911012"><ele>144.183</ele><time>2026-08-25T03:55:35Z</time><sat>35</sat></trkpt>
  <trkpt lat="38.84486932" lon="114.99819604"><ele>142.933</ele><time>2026-08-25T03:55:38Z</time><sat>35</sat></trkpt>
  <trkpt lat="38.84498610" lon="114.99728108"><ele>141.600</ele><time>2026-08-25T03:55:41Z</time><sat>35</sat></trkpt>
  <trkpt lat="38.84508464" lon="114.99634799"><ele>141.429</ele><time>2026-08-25T03:55:44Z</time><sat>35</sat></trkpt>
  <trkpt lat="38.84516524" lon="114.99542081"><ele>139.949</ele><time>2026-08-25T03:55:47Z</time><sat>35</sat></trkpt>
  <trkpt lat="38.84522300" lon="114.99448831"><ele>138.329</ele><time>2026-08-25T03:55:50Z</time><sat>34</sat></trkpt>
  <trkpt lat="38.84526924" lon="114.99356103"><ele>137.982</ele><time>2026-08-25T03:55:53Z</time><sat>34</sat></trkpt>
  <trkpt lat="38.84530426" lon="114.99262903"><ele>136.763</ele><time>2026-08-25T03:55:56Z</time><sat>34</sat></trkpt>
  <trkpt lat="38.84533421" lon="114.99170078"><ele>135.124</ele><time>2026-08-25T03:55:59Z</time><sat>34</sat></trkpt>
  <trkpt lat="38.84535907" lon="114.99076731"><ele>134.012</ele><time>2026-08-25T03:56:02Z</time><sat>32</sat></trkpt>
  <trkpt lat="38.84538467" lon="114.98983214"><ele>133.186</ele><time>2026-08-25T03:56:05Z</time><sat>34</sat></trkpt>
  <trkpt lat="38.84541005" lon="114.98890075"><ele>132.623</ele><time>2026-08-25T03:56:08Z</time><sat>34</sat></trkpt>
  <trkpt lat="38.84543840" lon="114.98796789"><ele>132.643</ele><time>2026-08-25T03:56:11Z</time><sat>32</sat></trkpt>
  <trkpt lat="38.84546870" lon="114.98702003"><ele>133.114</ele><time>2026-08-25T03:56:14Z</time><sat>33</sat></trkpt>
  <trkpt lat="38.84549339" lon="114.98603668"><ele>134.882</ele><time>2026-08-25T03:56:17Z</time><sat>34</sat></trkpt>
  <trkpt lat="38.84552442" lon="114.98502394"><ele>136.013</ele><time>2026-08-25T03:56:20Z</time><sat>34</sat></trkpt>
  <trkpt lat="38.84555022" lon="114.98402111"><ele>136.977</ele><time>2026-08-25T03:56:23Z</time><sat>34</sat></trkpt>
  <trkpt lat="38.84557479" lon="114.98306915"><ele>138.354</ele><time>2026-08-25T03:56:26Z</time><sat>33</sat></trkpt>
  <trkpt lat="38.84559859" lon="114.98213249"><ele>139.584</ele><time>2026-08-25T03:56:29Z</time><sat>33</sat></trkpt>
  <trkpt lat="38.84562811" lon="114.98119989"><ele>140.529</ele><time>2026-08-25T03:56:32Z</time><sat>33</sat></trkpt>
  <trkpt lat="38.84565233" lon="114.98024489"><ele>141.578</ele><time>2026-08-25T03:56:35Z</time><sat>33</sat></trkpt>
  <trkpt lat="38.84568099" lon="114.97926748"><ele>143.138</ele><time>2026-08-25T03:56:38Z</time><sat>34</sat></trkpt>
  <trkpt lat="38.84570861" lon="114.97825354"><ele>144.594</ele><time>2026-08-25T03:56:41Z</time><sat>34</sat></trkpt>
  <trkpt lat="38.84573691" lon="114.97723651"><ele>146.316</ele><time>2026-08-25T03:56:44Z</time><sat>34</sat></trkpt>
  <trkpt lat="38.84576457" lon="114.97627329"><ele>148.137</ele><time>2026-08-25T03:56:47Z</time><sat>33</sat></trkpt>
  <trkpt lat="38.84578675" lon="114.97542793"><ele>149.563</ele><time>2026-08-25T03:56:50Z</time><sat>33</sat></trkpt>
  <trkpt lat="38.84580495" lon="114.97461653"><ele>150.603</ele><time>2026-08-25T03:56:53Z</time><sat>33</sat></trkpt>
  <trkpt lat="38.84581482" lon="114.97377784"><ele>152.047</ele><time>2026-08-25T03:56:56Z</time><sat>33</sat></trkpt>
  <trkpt lat="38.84581735" lon="114.97289117"><ele>153.632</ele><time>2026-08-25T03:56:59Z</time><sat>34</sat></trkpt>
  <trkpt lat="38.84580704" lon="114.97196791"><ele>155.292</ele><time>2026-08-25T03:57:02Z</time><sat>34</sat></trkpt>
  <trkpt lat="38.84578521" lon="114.97101334"><ele>156.157</ele><time>2026-08-25T03:57:05Z</time><sat>34</sat></trkpt>
  <trkpt lat="38.84575166" lon="114.97002839"><ele>156.517</ele><time>2026-08-25T03:57:08Z</time><sat>34</sat></trkpt>
  <trkpt lat="38.84570373" lon="114.96902056"><ele>156.927</ele><time>2026-08-25T03:57:11Z</time><sat>34</sat></trkpt>
  <trkpt lat="38.84564492" lon="114.96800495"><ele>156.298</ele><time>2026-08-25T03:57:14Z</time><sat>34</sat></trkpt>
  <trkpt lat="38.84557340" lon="114.96698520"><ele>156.134</ele><time>2026-08-25T03:57:17Z</time><sat>33</sat></trkpt>
  <trkpt lat="38.84548767" lon="114.96596407"><ele>155.168</ele><time>2026-08-25T03:57:20Z</time><sat>32</sat></trkpt>
  <trkpt lat="38.84538508" lon="114.96494319"><ele>154.005</ele><time>2026-08-25T03:57:23Z</time><sat>33</sat></trkpt>
  <trkpt lat="38.84526967" lon="114.96392443"><ele>152.173</ele><time>2026-08-25T03:57:26Z</time><sat>33</sat></trkpt>
  <trkpt lat="38.84513993" lon="114.96291443"><ele>150.309</ele><time>2026-08-25T03:57:29Z</time><sat>32</sat></trkpt>
  <trkpt lat="38.84500463" lon="114.96189634"><ele>149.546</ele><time>2026-08-25T03:57:32Z</time><sat>33</sat></trkpt>
  <trkpt lat="38.84486618" lon="114.96089034"><ele>148.816</ele><time>2026-08-25T03:57:35Z</time><sat>33</sat></trkpt>
  <trkpt lat="38.84473032" lon="114.95988148"><ele>148.889</ele><time>2026-08-25T03:57:38Z</time><sat>34</sat></trkpt>
  <trkpt lat="38.84459429" lon="114.95887495"><ele>149.490</ele><time>2026-08-25T03:57:41Z</time><sat>34</sat></trkpt>
  <trkpt lat="38.84445939" lon="114.95786411"><ele>149.894</ele><time>2026-08-25T03:57:44Z</time><sat>35</sat></trkpt>
  <trkpt lat="38.84432327" lon="114.95685752"><ele>150.478</ele><time>2026-08-25T03:57:47Z</time><sat>34</sat></trkpt>
  <trkpt lat="38.84420355" lon="114.95585622"><ele>151.809</ele><time>2026-08-25T03:57:50Z</time><sat>35</sat></trkpt>
  <trkpt lat="38.84409166" lon="114.95484192"><ele>152.195</ele><time>2026-08-25T03:57:53Z</time><sat>35</sat></trkpt>
  <trkpt lat="38.84397810" lon="114.95383614"><ele>153.192</ele><time>2026-08-25T03:57:56Z</time><sat>34</sat></trkpt>
  <trkpt lat="38.84390919" lon="114.95280023"><ele>154.116</ele><time>2026-08-25T03:57:59Z</time><sat>34</sat></trkpt>
  <trkpt lat="38.84386708" lon="114.95178608"><ele>155.643</ele><time>2026-08-25T03:58:02Z</time><sat>35</sat></trkpt>
  <trkpt lat="38.84385749" lon="114.95077625"><ele>157.882</ele><time>2026-08-25T03:58:05Z</time><sat>33</sat></trkpt>
  <trkpt lat="38.84388549" lon="114.94905730"><ele>161.142</ele><time>2026-08-25T03:58:10Z</time><sat>32</sat></trkpt>
  <trkpt lat="38.84393925" lon="114.94803729"><ele>163.577</ele><time>2026-08-25T03:58:13Z</time><sat>34</sat></trkpt>
  <trkpt lat="38.84403037" lon="114.94701583"><ele>165.919</ele><time>2026-08-25T03:58:16Z</time><sat>34</sat></trkpt>
  <trkpt lat="38.84413939" lon="114.94599476"><ele>169.219</ele><time>2026-08-25T03:58:19Z</time><sat>36</sat></trkpt>
  <trkpt lat="38.84428166" lon="114.94500605"><ele>171.423</ele><time>2026-08-25T03:58:22Z</time><sat>35</sat></trkpt>
  <trkpt lat="38.84444828" lon="114.94404446"><ele>173.560</ele><time>2026-08-25T03:58:25Z</time><sat>36</sat></trkpt>
  <trkpt lat="38.84463993" lon="114.94310205"><ele>176.162</ele><time>2026-08-25T03:58:28Z</time><sat>35</sat></trkpt>
  <trkpt lat="38.84485908" lon="114.94216783"><ele>178.402</ele><time>2026-08-25T03:58:31Z</time><sat>35</sat></trkpt>
  <trkpt lat="38.84509586" lon="114.94125721"><ele>181.453</ele><time>2026-08-25T03:58:34Z</time><sat>34</sat></trkpt>
  <trkpt lat="38.84534149" lon="114.94041715"><ele>184.579</ele><time>2026-08-25T03:58:37Z</time><sat>32</sat></trkpt>
  <trkpt lat="38.84559299" lon="114.93962031"><ele>187.007</ele><time>2026-08-25T03:58:40Z</time><sat>31</sat></trkpt>
  <trkpt lat="38.84586946" lon="114.93884735"><ele>189.936</ele><time>2026-08-25T03:58:43Z</time><sat>31</sat></trkpt>
  <trkpt lat="38.84616700" lon="114.93807518"><ele>191.525</ele><time>2026-08-25T03:58:46Z</time><sat>33</sat></trkpt>
  <trkpt lat="38.84646485" lon="114.93728769"><ele>195.638</ele><time>2026-08-25T03:58:49Z</time><sat>32</sat></trkpt>
  <trkpt lat="38.84679445" lon="114.93651910"><ele>198.293</ele><time>2026-08-25T03:58:52Z</time><sat>29</sat></trkpt>
  <trkpt lat="38.84715093" lon="114.93575648"><ele>200.919</ele><time>2026-08-25T03:58:55Z</time><sat>30</sat></trkpt>
  <trkpt lat="38.84752321" lon="114.93498540"><ele>203.386</ele><time>2026-08-25T03:58:58Z</time><sat>31</sat></trkpt>
  <trkpt lat="38.84792769" lon="114.93421552"><ele>206.059</ele><time>2026-08-25T03:59:01Z</time><sat>31</sat></trkpt>
  <trkpt lat="38.84835804" lon="114.93345545"><ele>208.420</ele><time>2026-08-25T03:59:04Z</time><sat>26</sat></trkpt>
  <trkpt lat="38.84881692" lon="114.93268905"><ele>210.288</ele><time>2026-08-25T03:59:07Z</time><sat>26</sat></trkpt>
  <trkpt lat="38.84928705" lon="114.93195536"><ele>212.368</ele><time>2026-08-25T03:59:10Z</time><sat>25</sat></trkpt>
  <trkpt lat="38.84977261" lon="114.93123016"><ele>214.638</ele><time>2026-08-25T03:59:13Z</time><sat>25</sat></trkpt>
  <trkpt lat="38.85025151" lon="114.93054462"><ele>215.866</ele><time>2026-08-25T03:59:16Z</time><sat>23</sat></trkpt>
  <trkpt lat="38.85069102" lon="114.92990784"><ele>218.297</ele><time>2026-08-25T03:59:19Z</time><sat>26</sat></trkpt>
  <trkpt lat="38.85108594" lon="114.92933480"><ele>221.067</ele><time>2026-08-25T03:59:22Z</time><sat>32</sat></trkpt>
  <trkpt lat="38.85145861" lon="114.92878880"><ele>221.905</ele><time>2026-08-25T03:59:25Z</time><sat>33</sat></trkpt>
  <trkpt lat="38.85181550" lon="114.92825004"><ele>222.909</ele><time>2026-08-25T03:59:28Z</time><sat>31</sat></trkpt>
  <trkpt lat="38.85216778" lon="114.92770150"><ele>223.504</ele><time>2026-08-25T03:59:31Z</time><sat>31</sat></trkpt>
  <trkpt lat="38.85251530" lon="114.92713741"><ele>225.141</ele><time>2026-08-25T03:59:34Z</time><sat>31</sat></trkpt>
  <trkpt lat="38.85285143" lon="114.92656163"><ele>226.875</ele><time>2026-08-25T03:59:37Z</time><sat>30</sat></trkpt>
  <trkpt lat="38.85317691" lon="114.92596214"><ele>228.225</ele><time>2026-08-25T03:59:40Z</time><sat>32</sat></trkpt>
  <trkpt lat="38.85348969" lon="114.92535119"><ele>229.873</ele><time>2026-08-25T03:59:43Z</time><sat>33</sat></trkpt>
  <trkpt lat="38.85379089" lon="114.92472818"><ele>231.268</ele><time>2026-08-25T03:59:46Z</time><sat>34</sat></trkpt>
  <trkpt lat="38.85408353" lon="114.92408589"><ele>232.478</ele><time>2026-08-25T03:59:49Z</time><sat>34</sat></trkpt>
  <trkpt lat="38.85436206" lon="114.92343330"><ele>234.481</ele><time>2026-08-25T03:59:52Z</time><sat>33</sat></trkpt>
  <trkpt lat="38.85464418" lon="114.92276273"><ele>235.260</ele><time>2026-08-25T03:59:55Z</time><sat>33</sat></trkpt>
  <trkpt lat="38.85493736" lon="114.92203518"><ele>236.731</ele><time>2026-08-25T03:59:58Z</time><sat>30</sat></trkpt>
  <trkpt lat="38.85523196" lon="114.92124707"><ele>237.078</ele><time>2026-08-25T04:00:01Z</time><sat>30</sat></trkpt>
  <trkpt lat="38.85553373" lon="114.92040920"><ele>238.273</ele><time>2026-08-25T04:00:04Z</time><sat>31</sat></trkpt>
  <trkpt lat="38.85585099" lon="114.91952986"><ele>238.338</ele><time>2026-08-25T04:00:07Z</time><sat>30</sat></trkpt>
  <trkpt lat="38.85616319" lon="114.91861380"><ele>240.126</ele><time>2026-08-25T04:00:10Z</time><sat>32</sat></trkpt>
  <trkpt lat="38.85648651" lon="114.91768266"><ele>240.896</ele><time>2026-08-25T04:00:13Z</time><sat>33</sat></trkpt>
  <trkpt lat="38.85681233" lon="114.91674618"><ele>241.040</ele><time>2026-08-25T04:00:16Z</time><sat>33</sat></trkpt>
  <trkpt lat="38.85713349" lon="114.91581642"><ele>241.018</ele><time>2026-08-25T04:00:19Z</time><sat>33</sat></trkpt>
  <trkpt lat="38.85746099" lon="114.91487967"><ele>241.685</ele><time>2026-08-25T04:00:22Z</time><sat>33</sat></trkpt>
  <trkpt lat="38.85778930" lon="114.91394578"><ele>240.578</ele><time>2026-08-25T04:00:25Z</time><sat>33</sat></trkpt>
  <trkpt lat="38.85811675" lon="114.91300783"><ele>239.942</ele><time>2026-08-25T04:00:28Z</time><sat>34</sat></trkpt>
  <trkpt lat="38.85843897" lon="114.91206571"><ele>239.499</ele><time>2026-08-25T04:00:31Z</time><sat>34</sat></trkpt>
  <trkpt lat="38.85874770" lon="114.91111823"><ele>238.896</ele><time>2026-08-25T04:00:34Z</time><sat>34</sat></trkpt>
  <trkpt lat="38.85903126" lon="114.91015907"><ele>238.318</ele><time>2026-08-25T04:00:37Z</time><sat>34</sat></trkpt>
  <trkpt lat="38.85928077" lon="114.90918770"><ele>235.938</ele><time>2026-08-25T04:00:40Z</time><sat>34</sat></trkpt>
  <trkpt lat="38.85950040" lon="114.90819796"><ele>233.872</ele><time>2026-08-25T04:00:43Z</time><sat>33</sat></trkpt>
  <trkpt lat="38.85968169" lon="114.90719969"><ele>231.758</ele><time>2026-08-25T04:00:46Z</time><sat>32</sat></trkpt>
  <trkpt lat="38.85983681" lon="114.90619708"><ele>229.814</ele><time>2026-08-25T04:00:49Z</time><sat>33</sat></trkpt>
  <trkpt lat="38.85999181" lon="114.90518784"><ele>227.502</ele><time>2026-08-25T04:00:52Z</time><sat>32</sat></trkpt>
  <trkpt lat="38.86014486" lon="114.90417274"><ele>224.839</ele><time>2026-08-25T04:00:55Z</time><sat>30</sat></trkpt>
  <trkpt lat="38.86033409" lon="114.90317301"><ele>222.572</ele><time>2026-08-25T04:00:58Z</time><sat>31</sat></trkpt>
  <trkpt lat="38.86056492" lon="114.90219327"><ele>221.610</ele><time>2026-08-25T04:01:01Z</time><sat>31</sat></trkpt>
  <trkpt lat="38.86082959" lon="114.90121693"><ele>220.084</ele><time>2026-08-25T04:01:04Z</time><sat>32</sat></trkpt>
  <trkpt lat="38.86114228" lon="114.90026723"><ele>219.374</ele><time>2026-08-25T04:01:07Z</time><sat>31</sat></trkpt>
  <trkpt lat="38.86150246" lon="114.89935974"><ele>218.821</ele><time>2026-08-25T04:01:10Z</time><sat>32</sat></trkpt>
  <trkpt lat="38.86189420" lon="114.89849594"><ele>218.074</ele><time>2026-08-25T04:01:13Z</time><sat>32</sat></trkpt>
  <trkpt lat="38.86229680" lon="114.89770416"><ele>217.886</ele><time>2026-08-25T04:01:16Z</time><sat>32</sat></trkpt>
  <trkpt lat="38.86272906" lon="114.89695777"><ele>217.237</ele><time>2026-08-25T04:01:19Z</time><sat>32</sat></trkpt>
  <trkpt lat="38.86319984" lon="114.89625289"><ele>217.074</ele><time>2026-08-25T04:01:22Z</time><sat>31</sat></trkpt>
  <trkpt lat="38.86908174" lon="114.88754360"><ele>206.677</ele><time>2026-08-25T04:01:59Z</time><sat>30</sat></trkpt>
  <trkpt lat="38.86945514" lon="114.88664013"><ele>205.288</ele><time>2026-08-25T04:02:02Z</time><sat>32</sat></trkpt>
  <trkpt lat="38.86982961" lon="114.88572851"><ele>203.554</ele><time>2026-08-25T04:02:05Z</time><sat>33</sat></trkpt>
  <trkpt lat="38.87020395" lon="114.88481660"><ele>201.028</ele><time>2026-08-25T04:02:08Z</time><sat>34</sat></trkpt>
  <trkpt lat="38.87057820" lon="114.88390560"><ele>199.085</ele><time>2026-08-25T04:02:11Z</time><sat>34</sat></trkpt>
  <trkpt lat="38.87095011" lon="114.88299665"><ele>197.143</ele><time>2026-08-25T04:02:14Z</time><sat>33</sat></trkpt>
  <trkpt lat="38.87131925" lon="114.88208831"><ele>195.535</ele><time>2026-08-25T04:02:17Z</time><sat>34</sat></trkpt>
  <trkpt lat="38.87169210" lon="114.88118402"><ele>193.844</ele><time>2026-08-25T04:02:20Z</time><sat>34</sat></trkpt>
  <trkpt lat="38.87206180" lon="114.88027971"><ele>192.491</ele><time>2026-08-25T04:02:23Z</time><sat>36</sat></trkpt>
  <trkpt lat="38.87241275" lon="114.87936291"><ele>191.070</ele><time>2026-08-25T04:02:26Z</time><sat>36</sat></trkpt>
  <trkpt lat="38.87277275" lon="114.87844169"><ele>189.486</ele><time>2026-08-25T04:02:29Z</time><sat>36</sat></trkpt>
  <trkpt lat="38.87312843" lon="114.87752821"><ele>187.979</ele><time>2026-08-25T04:02:32Z</time><sat>35</sat></trkpt>
  <trkpt lat="38.87346369" lon="114.87659855"><ele>186.452</ele><time>2026-08-25T04:02:35Z</time><sat>36</sat></trkpt>
  <trkpt lat="38.87376177" lon="114.87563774"><ele>185.547</ele><time>2026-08-25T04:02:38Z</time><sat>36</sat></trkpt>
  <trkpt lat="38.87400814" lon="114.87467695"><ele>184.855</ele><time>2026-08-25T04:02:41Z</time><sat>36</sat></trkpt>
  <trkpt lat="38.87419720" lon="114.87377302"><ele>185.442</ele><time>2026-08-25T04:02:44Z</time><sat>36</sat></trkpt>
  <trkpt lat="38.87433218" lon="114.87293584"><ele>186.263</ele><time>2026-08-25T04:02:47Z</time><sat>37</sat></trkpt>
  <trkpt lat="38.87442896" lon="114.87215729"><ele>187.570</ele><time>2026-08-25T04:02:50Z</time><sat>37</sat></trkpt>
  <trkpt lat="38.87450194" lon="114.87138296"><ele>188.576</ele><time>2026-08-25T04:02:53Z</time><sat>37</sat></trkpt>
  <trkpt lat="38.87453582" lon="114.87062950"><ele>189.548</ele><time>2026-08-25T04:02:56Z</time><sat>37</sat></trkpt>
  <trkpt lat="38.87455972" lon="114.86993121"><ele>189.566</ele><time>2026-08-25T04:02:59Z</time><sat>36</sat></trkpt>
  <trkpt lat="38.87455340" lon="114.86923985"><ele>189.902</ele><time>2026-08-25T04:03:02Z</time><sat>35</sat></trkpt>
  <trkpt lat="38.87452955" lon="114.86852559"><ele>191.006</ele><time>2026-08-25T04:03:05Z</time><sat>35</sat></trkpt>
  <trkpt lat="38.87447221" lon="114.86775434"><ele>190.073</ele><time>2026-08-25T04:03:08Z</time><sat>34</sat></trkpt>
  <trkpt lat="38.87439744" lon="114.86697409"><ele>189.554</ele><time>2026-08-25T04:03:11Z</time><sat>34</sat></trkpt>
  <trkpt lat="38.87427932" lon="114.86618682"><ele>189.197</ele><time>2026-08-25T04:03:14Z</time><sat>35</sat></trkpt>
  <trkpt lat="38.87412183" lon="114.86535637"><ele>188.168</ele><time>2026-08-25T04:03:17Z</time><sat>37</sat></trkpt>
  <trkpt lat="38.87393016" lon="114.86449769"><ele>187.496</ele><time>2026-08-25T04:03:20Z</time><sat>37</sat></trkpt>
  <trkpt lat="38.87369382" lon="114.86362040"><ele>186.715</ele><time>2026-08-25T04:03:23Z</time><sat>37</sat></trkpt>
  <trkpt lat="38.87341016" lon="114.86272832"><ele>185.368</ele><time>2026-08-25T04:03:26Z</time><sat>36</sat></trkpt>
  <trkpt lat="38.87308250" lon="114.86184224"><ele>184.119</ele><time>2026-08-25T04:03:29Z</time><sat>34</sat></trkpt>
  <trkpt lat="38.87272013" lon="114.86094446"><ele>182.640</ele><time>2026-08-25T04:03:32Z</time><sat>36</sat></trkpt>
  <trkpt lat="38.87234977" lon="114.86003314"><ele>181.447</ele><time>2026-08-25T04:03:35Z</time><sat>37</sat></trkpt>
  <trkpt lat="38.87198670" lon="114.85913961"><ele>181.170</ele><time>2026-08-25T04:03:38Z</time><sat>37</sat></trkpt>
  <trkpt lat="38.87164083" lon="114.85828359"><ele>181.350</ele><time>2026-08-25T04:03:41Z</time><sat>37</sat></trkpt>
  <trkpt lat="38.87129307" lon="114.85741530"><ele>181.351</ele><time>2026-08-25T04:03:44Z</time><sat>35</sat></trkpt>
  <trkpt lat="38.87092723" lon="114.85653618"><ele>182.247</ele><time>2026-08-25T04:03:47Z</time><sat>27</sat></trkpt>
  <trkpt lat="38.87056057" lon="114.85563574"><ele>182.935</ele><time>2026-08-25T04:03:50Z</time><sat>36</sat></trkpt>
  <trkpt lat="38.87023510" lon="114.85484653"><ele>183.872</ele><time>2026-08-25T04:03:53Z</time><sat>35</sat></trkpt>
  <trkpt lat="38.87000376" lon="114.85424448"><ele>183.756</ele><time>2026-08-25T04:03:56Z</time><sat>33</sat></trkpt>
  <trkpt lat="38.86980582" lon="114.85371703"><ele>184.256</ele><time>2026-08-25T04:03:59Z</time><sat>35</sat></trkpt>
  <trkpt lat="38.86960153" lon="114.85321906"><ele>184.924</ele><time>2026-08-25T04:04:02Z</time><sat>32</sat></trkpt>
  <trkpt lat="38.86937235" lon="114.85266392"><ele>185.551</ele><time>2026-08-25T04:04:05Z</time><sat>34</sat></trkpt>
  <trkpt lat="38.86911177" lon="114.85204752"><ele>185.500</ele><time>2026-08-25T04:04:08Z</time><sat>35</sat></trkpt>
  <trkpt lat="38.86886209" lon="114.85141203"><ele>185.744</ele><time>2026-08-25T04:04:11Z</time><sat>35</sat></trkpt>
  <trkpt lat="38.86861156" lon="114.85080082"><ele>186.431</ele><time>2026-08-25T04:04:14Z</time><sat>36</sat></trkpt>
  <trkpt lat="38.86836608" lon="114.85020334"><ele>186.845</ele><time>2026-08-25T04:04:17Z</time><sat>36</sat></trkpt>
  <trkpt lat="38.86812786" lon="114.84961558"><ele>187.754</ele><time>2026-08-25T04:04:20Z</time><sat>34</sat></trkpt>
  <trkpt lat="38.86789518" lon="114.84905085"><ele>187.640</ele><time>2026-08-25T04:04:23Z</time><sat>35</sat></trkpt>
  <trkpt lat="38.86767911" lon="114.84853304"><ele>189.226</ele><time>2026-08-25T04:04:26Z</time><sat>35</sat></trkpt>
  <trkpt lat="38.86746339" lon="114.84801486"><ele>190.280</ele><time>2026-08-25T04:04:29Z</time><sat>33</sat></trkpt>
  <trkpt lat="38.86725136" lon="114.84749589"><ele>191.001</ele><time>2026-08-25T04:04:32Z</time><sat>28</sat></trkpt>
  <trkpt lat="38.86703732" lon="114.84697526"><ele>191.650</ele><time>2026-08-25T04:04:35Z</time><sat>29</sat></trkpt>
  <trkpt lat="38.86683277" lon="114.84647486"><ele>192.363</ele><time>2026-08-25T04:04:38Z</time><sat>32</sat></trkpt>
  <trkpt lat="38.86662558" lon="114.84596800"><ele>193.135</ele><time>2026-08-25T04:04:41Z</time><sat>31</sat></trkpt>
  <trkpt lat="38.86640941" lon="114.84543595"><ele>194.500</ele><time>2026-08-25T04:04:44Z</time><sat>33</sat></trkpt>
  <trkpt lat="38.86619047" lon="114.84488856"><ele>195.644</ele><time>2026-08-25T04:04:47Z</time><sat>33</sat></trkpt>
  <trkpt lat="38.86597082" lon="114.84431866"><ele>196.732</ele><time>2026-08-25T04:04:50Z</time><sat>33</sat></trkpt>
  <trkpt lat="38.86574808" lon="114.84371826"><ele>197.110</ele><time>2026-08-25T04:04:53Z</time><sat>32</sat></trkpt>
  <trkpt lat="38.86552810" lon="114.84307995"><ele>198.669</ele><time>2026-08-25T04:04:56Z</time><sat>34</sat></trkpt>
  <trkpt lat="38.86532013" lon="114.84241219"><ele>199.354</ele><time>2026-08-25T04:04:59Z</time><sat>32</sat></trkpt>
  <trkpt lat="38.86513069" lon="114.84168987"><ele>199.604</ele><time>2026-08-25T04:05:02Z</time><sat>31</sat></trkpt>
  <trkpt lat="38.86495110" lon="114.84093395"><ele>201.305</ele><time>2026-08-25T04:05:05Z</time><sat>30</sat></trkpt>
  <trkpt lat="38.86477414" lon="114.84014442"><ele>202.597</ele><time>2026-08-25T04:05:08Z</time><sat>30</sat></trkpt>
  <trkpt lat="38.86462604" lon="114.83929110"><ele>203.512</ele><time>2026-08-25T04:05:11Z</time><sat>33</sat></trkpt>
  <trkpt lat="38.86451713" lon="114.83840088"><ele>204.327</ele><time>2026-08-25T04:05:14Z</time><sat>32</sat></trkpt>
  <trkpt lat="38.86444205" lon="114.83751435"><ele>204.137</ele><time>2026-08-25T04:05:17Z</time><sat>30</sat></trkpt>
  <trkpt lat="38.86440409" lon="114.83663085"><ele>204.900</ele><time>2026-08-25T04:05:20Z</time><sat>30</sat></trkpt>
  <trkpt lat="38.86439713" lon="114.83570544"><ele>205.519</ele><time>2026-08-25T04:05:23Z</time><sat>30</sat></trkpt>
  <trkpt lat="38.86442698" lon="114.83475115"><ele>206.733</ele><time>2026-08-25T04:05:26Z</time><sat>29</sat></trkpt>
  <trkpt lat="38.86449312" lon="114.83381737"><ele>206.725</ele><time>2026-08-25T04:05:29Z</time><sat>29</sat></trkpt>
  <trkpt lat="38.86457784" lon="114.83291745"><ele>207.401</ele><time>2026-08-25T04:05:32Z</time><sat>27</sat></trkpt>
  <trkpt lat="38.86468502" lon="114.83202852"><ele>207.723</ele><time>2026-08-25T04:05:35Z</time><sat>29</sat></trkpt>
  <trkpt lat="38.86479726" lon="114.83115187"><ele>207.781</ele><time>2026-08-25T04:05:38Z</time><sat>29</sat></trkpt>
  <trkpt lat="38.86492239" lon="114.83029515"><ele>208.176</ele><time>2026-08-25T04:05:41Z</time><sat>29</sat></trkpt>
  <trkpt lat="38.86504660" lon="114.82944928"><ele>207.952</ele><time>2026-08-25T04:05:44Z</time><sat>28</sat></trkpt>
  <trkpt lat="38.86518509" lon="114.82863872"><ele>208.791</ele><time>2026-08-25T04:05:47Z</time><sat>28</sat></trkpt>
  <trkpt lat="38.86533080" lon="114.82782963"><ele>208.704</ele><time>2026-08-25T04:05:50Z</time><sat>28</sat></trkpt>
  <trkpt lat="38.86870471" lon="114.81538856"><ele>220.726</ele><time>2026-08-25T04:06:36Z</time><sat>32</sat></trkpt>
  <trkpt lat="38.86902438" lon="114.81453059"><ele>218.797</ele><time>2026-08-25T04:06:39Z</time><sat>32</sat></trkpt>
  <trkpt lat="38.86936764" lon="114.81363955"><ele>217.505</ele><time>2026-08-25T04:06:42Z</time><sat>31</sat></trkpt>
  <trkpt lat="38.86972151" lon="114.81273214"><ele>215.593</ele><time>2026-08-25T04:06:45Z</time><sat>33</sat></trkpt>
  <trkpt lat="38.87007312" lon="114.81181052"><ele>214.500</ele><time>2026-08-25T04:06:48Z</time><sat>34</sat></trkpt>
  <trkpt lat="38.87043318" lon="114.81089791"><ele>213.305</ele><time>2026-08-25T04:06:51Z</time><sat>34</sat></trkpt>
  <trkpt lat="38.87079282" lon="114.80998175"><ele>213.219</ele><time>2026-08-25T04:06:54Z</time><sat>34</sat></trkpt>
  <trkpt lat="38.87114379" lon="114.80906047"><ele>212.801</ele><time>2026-08-25T04:06:57Z</time><sat>34</sat></trkpt>
  <trkpt lat="38.87147416" lon="114.80817596"><ele>212.633</ele><time>2026-08-25T04:07:00Z</time><sat>34</sat></trkpt>
  <trkpt lat="38.87176112" lon="114.80738730"><ele>212.860</ele><time>2026-08-25T04:07:03Z</time><sat>34</sat></trkpt>
  <trkpt lat="38.87206043" lon="114.80658151"><ele>213.949</ele><time>2026-08-25T04:07:06Z</time><sat>34</sat></trkpt>
  <trkpt lat="38.87236754" lon="114.80575262"><ele>214.319</ele><time>2026-08-25T04:07:09Z</time><sat>34</sat></trkpt>
  <trkpt lat="38.87267319" lon="114.80488179"><ele>215.220</ele><time>2026-08-25T04:07:12Z</time><sat>34</sat></trkpt>
  <trkpt lat="38.87295974" lon="114.80396764"><ele>216.922</ele><time>2026-08-25T04:07:15Z</time><sat>34</sat></trkpt>
  <trkpt lat="38.87322111" lon="114.80302011"><ele>217.993</ele><time>2026-08-25T04:07:18Z</time><sat>34</sat></trkpt>
  <trkpt lat="38.87344436" lon="114.80203807"><ele>219.267</ele><time>2026-08-25T04:07:21Z</time><sat>34</sat></trkpt>
  <trkpt lat="38.87363293" lon="114.80104417"><ele>220.231</ele><time>2026-08-25T04:07:24Z</time><sat>34</sat></trkpt>
  <trkpt lat="38.87378690" lon="114.80003853"><ele>220.981</ele><time>2026-08-25T04:07:27Z</time><sat>33</sat></trkpt>
  <trkpt lat="38.87390137" lon="114.79902709"><ele>222.172</ele><time>2026-08-25T04:07:30Z</time><sat>32</sat></trkpt>
  <trkpt lat="38.87399639" lon="114.79801109"><ele>223.574</ele><time>2026-08-25T04:07:33Z</time><sat>32</sat></trkpt>
  <trkpt lat="38.87408501" lon="114.79699479"><ele>224.685</ele><time>2026-08-25T04:07:36Z</time><sat>32</sat></trkpt>
  <trkpt lat="38.87417577" lon="114.79598442"><ele>225.443</ele><time>2026-08-25T04:07:39Z</time><sat>34</sat></trkpt>
  <trkpt lat="38.87428759" lon="114.79497765"><ele>225.792</ele><time>2026-08-25T04:07:42Z</time><sat>34</sat></trkpt>
  <trkpt lat="38.87443190" lon="114.79397139"><ele>225.178</ele><time>2026-08-25T04:07:45Z</time><sat>34</sat></trkpt>
  <trkpt lat="38.87462151" lon="114.79296966"><ele>223.922</ele><time>2026-08-25T04:07:48Z</time><sat>34</sat></trkpt>
  <trkpt lat="38.87485947" lon="114.79198432"><ele>222.568</ele><time>2026-08-25T04:07:51Z</time><sat>34</sat></trkpt>
  <trkpt lat="38.87514089" lon="114.79103055"><ele>221.101</ele><time>2026-08-25T04:07:54Z</time><sat>33</sat></trkpt>
  <trkpt lat="38.87547112" lon="114.79009250"><ele>220.948</ele><time>2026-08-25T04:07:57Z</time><sat>34</sat></trkpt>
  <trkpt lat="38.87583936" lon="114.78917684"><ele>220.665</ele><time>2026-08-25T04:08:00Z</time><sat>34</sat></trkpt>
  <trkpt lat="38.87624746" lon="114.78829704"><ele>221.009</ele><time>2026-08-25T04:08:03Z</time><sat>34</sat></trkpt>
  <trkpt lat="38.87669007" lon="114.78745205"><ele>221.395</ele><time>2026-08-25T04:08:06Z</time><sat>33</sat></trkpt>
  <trkpt lat="38.87717374" lon="114.78663708"><ele>223.152</ele><time>2026-08-25T04:08:09Z</time><sat>34</sat></trkpt>
  <trkpt lat="38.87767182" lon="114.78583509"><ele>225.206</ele><time>2026-08-25T04:08:12Z</time><sat>34</sat></trkpt>
  <trkpt lat="38.87817151" lon="114.78504220"><ele>227.642</ele><time>2026-08-25T04:08:15Z</time><sat>34</sat></trkpt>
  <trkpt lat="38.87867659" lon="114.78424892"><ele>230.018</ele><time>2026-08-25T04:08:18Z</time><sat>34</sat></trkpt>
  <trkpt lat="38.87918211" lon="114.78345362"><ele>232.621</ele><time>2026-08-25T04:08:21Z</time><sat>32</sat></trkpt>
  <trkpt lat="38.87968348" lon="114.78265597"><ele>235.288</ele><time>2026-08-25T04:08:24Z</time><sat>32</sat></trkpt>
  <trkpt lat="38.88018839" lon="114.78186316"><ele>238.048</ele><time>2026-08-25T04:08:27Z</time><sat>31</sat></trkpt>
  <trkpt lat="38.88069192" lon="114.78106944"><ele>240.799</ele><time>2026-08-25T04:08:30Z</time><sat>31</sat></trkpt>
  <trkpt lat="38.88119654" lon="114.78027481"><ele>243.449</ele><time>2026-08-25T04:08:33Z</time><sat>31</sat></trkpt>
  <trkpt lat="38.88170063" lon="114.77948616"><ele>245.776</ele><time>2026-08-25T04:08:36Z</time><sat>31</sat></trkpt>
  <trkpt lat="38.88220752" lon="114.77869550"><ele>248.255</ele><time>2026-08-25T04:08:39Z</time><sat>33</sat></trkpt>
  <trkpt lat="38.88271021" lon="114.77790104"><ele>250.538</ele><time>2026-08-25T04:08:42Z</time><sat>31</sat></trkpt>
  <trkpt lat="38.88320905" lon="114.77709618"><ele>253.581</ele><time>2026-08-25T04:08:45Z</time><sat>30</sat></trkpt>
  <trkpt lat="38.88369362" lon="114.77628423"><ele>255.614</ele><time>2026-08-25T04:08:48Z</time><sat>30</sat></trkpt>
  <trkpt lat="38.88415386" lon="114.77543947"><ele>257.685</ele><time>2026-08-25T04:08:51Z</time><sat>30</sat></trkpt>
  <trkpt lat="38.88458048" lon="114.77457202"><ele>259.899</ele><time>2026-08-25T04:08:54Z</time><sat>31</sat></trkpt>
  <trkpt lat="38.88497374" lon="114.77368174"><ele>261.874</ele><time>2026-08-25T04:08:57Z</time><sat>32</sat></trkpt>
  <trkpt lat="38.88533209" lon="114.77277473"><ele>263.388</ele><time>2026-08-25T04:09:00Z</time><sat>31</sat></trkpt>
  <trkpt lat="38.88565653" lon="114.77184097"><ele>265.294</ele><time>2026-08-25T04:09:03Z</time><sat>33</sat></trkpt>
  <trkpt lat="38.88593770" lon="114.77088876"><ele>266.440</ele><time>2026-08-25T04:09:06Z</time><sat>33</sat></trkpt>
  <trkpt lat="38.88618775" lon="114.76991576"><ele>268.327</ele><time>2026-08-25T04:09:09Z</time><sat>34</sat></trkpt>
  <trkpt lat="38.88639616" lon="114.76892775"><ele>270.630</ele><time>2026-08-25T04:09:12Z</time><sat>34</sat></trkpt>
  <trkpt lat="38.88656725" lon="114.76793000"><ele>273.157</ele><time>2026-08-25T04:09:15Z</time><sat>34</sat></trkpt>
  <trkpt lat="38.88670537" lon="114.76691241"><ele>276.795</ele><time>2026-08-25T04:09:18Z</time><sat>33</sat></trkpt>
  <trkpt lat="38.88680111" lon="114.76588799"><ele>279.815</ele><time>2026-08-25T04:09:21Z</time><sat>33</sat></trkpt>
  <trkpt lat="38.88685632" lon="114.76485413"><ele>283.299</ele><time>2026-08-25T04:09:24Z</time><sat>33</sat></trkpt>
  <trkpt lat="38.88687467" lon="114.76383488"><ele>286.401</ele><time>2026-08-25T04:09:27Z</time><sat>29</sat></trkpt>
  <trkpt lat="38.88685560" lon="114.76280795"><ele>288.591</ele><time>2026-08-25T04:09:30Z</time><sat>30</sat></trkpt>
  <trkpt lat="38.88680916" lon="114.76177859"><ele>290.108</ele><time>2026-08-25T04:09:33Z</time><sat>32</sat></trkpt>
  <trkpt lat="38.88674064" lon="114.76075728"><ele>292.462</ele><time>2026-08-25T04:09:36Z</time><sat>32</sat></trkpt>
  <trkpt lat="38.88664917" lon="114.75973904"><ele>294.084</ele><time>2026-08-25T04:09:39Z</time><sat>34</sat></trkpt>
  <trkpt lat="38.88655382" lon="114.75871425"><ele>296.474</ele><time>2026-08-25T04:09:42Z</time><sat>33</sat></trkpt>
  <trkpt lat="38.88645584" lon="114.75769489"><ele>298.823</ele><time>2026-08-25T04:09:45Z</time><sat>32</sat></trkpt>
  <trkpt lat="38.88635450" lon="114.75667423"><ele>300.761</ele><time>2026-08-25T04:09:48Z</time><sat>32</sat></trkpt>
  <trkpt lat="38.88625001" lon="114.75565915"><ele>302.764</ele><time>2026-08-25T04:09:51Z</time><sat>33</sat></trkpt>
  <trkpt lat="38.88614764" lon="114.75463517"><ele>305.146</ele><time>2026-08-25T04:09:54Z</time><sat>33</sat></trkpt>
  <trkpt lat="38.88604999" lon="114.75361239"><ele>308.563</ele><time>2026-08-25T04:09:57Z</time><sat>33</sat></trkpt>
  <trkpt lat="38.88595142" lon="114.75259648"><ele>312.226</ele><time>2026-08-25T04:10:00Z</time><sat>33</sat></trkpt>
  <trkpt lat="38.88585458" lon="114.75157690"><ele>315.418</ele><time>2026-08-25T04:10:03Z</time><sat>33</sat></trkpt>
  <trkpt lat="38.88574927" lon="114.75055893"><ele>318.218</ele><time>2026-08-25T04:10:06Z</time><sat>32</sat></trkpt>
  <trkpt lat="38.88561342" lon="114.74954513"><ele>321.162</ele><time>2026-08-25T04:10:09Z</time><sat>30</sat></trkpt>
  <trkpt lat="38.88542744" lon="114.74857432"><ele>324.437</ele><time>2026-08-25T04:10:12Z</time><sat>26</sat></trkpt>
  <trkpt lat="38.88517904" lon="114.74764398"><ele>327.929</ele><time>2026-08-25T04:10:15Z</time><sat>28</sat></trkpt>
  <trkpt lat="38.88485763" lon="114.74674051"><ele>331.620</ele><time>2026-08-25T04:10:18Z</time><sat>29</sat></trkpt>
  <trkpt lat="38.88446796" lon="114.74587084"><ele>334.108</ele><time>2026-08-25T04:10:21Z</time><sat>28</sat></trkpt>
  <trkpt lat="38.88401093" lon="114.74503116"><ele>334.565</ele><time>2026-08-25T04:10:24Z</time><sat>30</sat></trkpt>
  <trkpt lat="38.88349971" lon="114.74425568"><ele>335.971</ele><time>2026-08-25T04:10:27Z</time><sat>32</sat></trkpt>
  <trkpt lat="38.88293620" lon="114.74353523"><ele>337.938</ele><time>2026-08-25T04:10:30Z</time><sat>30</sat></trkpt>
  <trkpt lat="38.88232241" lon="114.74289865"><ele>338.780</ele><time>2026-08-25T04:10:33Z</time><sat>31</sat></trkpt>
  <trkpt lat="38.88166755" lon="114.74230945"><ele>339.202</ele><time>2026-08-25T04:10:36Z</time><sat>31</sat></trkpt>
  <trkpt lat="38.88099693" lon="114.74175314"><ele>339.980</ele><time>2026-08-25T04:10:39Z</time><sat>31</sat></trkpt>
  <trkpt lat="38.88033019" lon="114.74118044"><ele>339.444</ele><time>2026-08-25T04:10:42Z</time><sat>31</sat></trkpt>
  <trkpt lat="38.87968749" lon="114.74056482"><ele>338.649</ele><time>2026-08-25T04:10:45Z</time><sat>30</sat></trkpt>
  <trkpt lat="38.87909169" lon="114.73988249"><ele>337.946</ele><time>2026-08-25T04:10:48Z</time><sat>28</sat></trkpt>
  <trkpt lat="38.87854512" lon="114.73913506"><ele>336.533</ele><time>2026-08-25T04:10:51Z</time><sat>31</sat></trkpt>
  <trkpt lat="38.87805322" lon="114.73832608"><ele>335.526</ele><time>2026-08-25T04:10:54Z</time><sat>31</sat></trkpt>
  <trkpt lat="38.87761888" lon="114.73746567"><ele>332.911</ele><time>2026-08-25T04:10:57Z</time><sat>31</sat></trkpt>
  <trkpt lat="38.87724678" lon="114.73655719"><ele>330.306</ele><time>2026-08-25T04:11:00Z</time><sat>32</sat></trkpt>
  <trkpt lat="38.87693547" lon="114.73561003"><ele>326.924</ele><time>2026-08-25T04:11:03Z</time><sat>33</sat></trkpt>
  <trkpt lat="38.87666462" lon="114.73463484"><ele>323.476</ele><time>2026-08-25T04:11:06Z</time><sat>33</sat></trkpt>
  <trkpt lat="38.87639822" lon="114.73366309"><ele>320.389</ele><time>2026-08-25T04:11:09Z</time><sat>34</sat></trkpt>
  <trkpt lat="38.87610649" lon="114.73270632"><ele>317.702</ele><time>2026-08-25T04:11:12Z</time><sat>32</sat></trkpt>
  <trkpt lat="38.87575935" lon="114.73179228"><ele>315.347</ele><time>2026-08-25T04:11:15Z</time><sat>31</sat></trkpt>
  <trkpt lat="38.87536328" lon="114.73094130"><ele>312.381</ele><time>2026-08-25T04:11:18Z</time><sat>29</sat></trkpt>
  <trkpt lat="38.87491249" lon="114.73010095"><ele>310.235</ele><time>2026-08-25T04:11:21Z</time><sat>31</sat></trkpt>
  <trkpt lat="38.87444698" lon="114.72926955"><ele>309.247</ele><time>2026-08-25T04:11:24Z</time><sat>31</sat></trkpt>
  <trkpt lat="38.87399292" lon="114.72841237"><ele>304.535</ele><time>2026-08-25T04:11:27Z</time><sat>32</sat></trkpt>
  <trkpt lat="38.87360066" lon="114.72754805"><ele>301.910</ele><time>2026-08-25T04:11:30Z</time><sat>32</sat></trkpt>
  <trkpt lat="38.87329758" lon="114.72665839"><ele>299.651</ele><time>2026-08-25T04:11:33Z</time><sat>33</sat></trkpt>
  <trkpt lat="38.87307237" lon="114.72574006"><ele>297.468</ele><time>2026-08-25T04:11:36Z</time><sat>34</sat></trkpt>
  <trkpt lat="38.87291946" lon="114.72479566"><ele>295.696</ele><time>2026-08-25T04:11:39Z</time><sat>34</sat></trkpt>
  <trkpt lat="38.87285160" lon="114.72387092"><ele>294.303</ele><time>2026-08-25T04:11:42Z</time><sat>33</sat></trkpt>
  <trkpt lat="38.87285477" lon="114.72292079"><ele>292.286</ele><time>2026-08-25T04:11:45Z</time><sat>33</sat></trkpt>
  <trkpt lat="38.87292920" lon="114.72195798"><ele>289.284</ele><time>2026-08-25T04:11:48Z</time><sat>32</sat></trkpt>
  <trkpt lat="38.87306281" lon="114.72096586"><ele>287.189</ele><time>2026-08-25T04:11:51Z</time><sat>31</sat></trkpt>
  <trkpt lat="38.87321206" lon="114.71996135"><ele>283.975</ele><time>2026-08-25T04:11:54Z</time><sat>31</sat></trkpt>
  <trkpt lat="38.87332702" lon="114.71894718"><ele>279.877</ele><time>2026-08-25T04:11:57Z</time><sat>33</sat></trkpt>
  <trkpt lat="38.87336905" lon="114.71795806"><ele>276.140</ele><time>2026-08-25T04:12:00Z</time><sat>33</sat></trkpt>
  <trkpt lat="38.87333269" lon="114.71697821"><ele>273.179</ele><time>2026-08-25T04:12:03Z</time><sat>33</sat></trkpt>
  <trkpt lat="38.87320727" lon="114.71601407"><ele>270.882</ele><time>2026-08-25T04:12:06Z</time><sat>34</sat></trkpt>
  <trkpt lat="38.87298994" lon="114.71510412"><ele>267.673</ele><time>2026-08-25T04:12:09Z</time><sat>34</sat></trkpt>
  <trkpt lat="38.87271241" lon="114.71419593"><ele>264.724</ele><time>2026-08-25T04:12:12Z</time><sat>34</sat></trkpt>
  <trkpt lat="38.87237989" lon="114.71332321"><ele>261.959</ele><time>2026-08-25T04:12:15Z</time><sat>34</sat></trkpt>
  <trkpt lat="38.87203258" lon="114.71248815"><ele>258.739</ele><time>2026-08-25T04:12:18Z</time><sat>34</sat></trkpt>
  <trkpt lat="38.87169863" lon="114.71165316"><ele>256.091</ele><time>2026-08-25T04:12:21Z</time><sat>34</sat></trkpt>
  <trkpt lat="38.87139627" lon="114.71080679"><ele>254.064</ele><time>2026-08-25T04:12:24Z</time><sat>34</sat></trkpt>
  <trkpt lat="38.87115005" lon="114.70990655"><ele>252.601</ele><time>2026-08-25T04:12:27Z</time><sat>34</sat></trkpt>
  <trkpt lat="38.87097723" lon="114.70894916"><ele>249.864</ele><time>2026-08-25T04:12:30Z</time><sat>35</sat></trkpt>
  <trkpt lat="38.87087974" lon="114.70797193"><ele>248.625</ele><time>2026-08-25T04:12:33Z</time><sat>35</sat></trkpt>
  <trkpt lat="38.87086649" lon="114.70702698"><ele>247.994</ele><time>2026-08-25T04:12:36Z</time><sat>35</sat></trkpt>
  <trkpt lat="38.87093240" lon="114.70606256"><ele>246.334</ele><time>2026-08-25T04:12:39Z</time><sat>35</sat></trkpt>
  <trkpt lat="38.87105256" lon="114.70507070"><ele>245.593</ele><time>2026-08-25T04:12:42Z</time><sat>35</sat></trkpt>
  <trkpt lat="38.87118690" lon="114.70404890"><ele>244.478</ele><time>2026-08-25T04:12:45Z</time><sat>34</sat></trkpt>
  <trkpt lat="38.87130632" lon="114.70300691"><ele>242.789</ele><time>2026-08-25T04:12:48Z</time><sat>35</sat></trkpt>
  <trkpt lat="38.87138514" lon="114.70193579"><ele>240.816</ele><time>2026-08-25T04:12:51Z</time><sat>34</sat></trkpt>
  <trkpt lat="38.87139276" lon="114.70088286"><ele>238.612</ele><time>2026-08-25T04:12:54Z</time><sat>35</sat></trkpt>
  <trkpt lat="38.87132431" lon="114.69984004"><ele>237.095</ele><time>2026-08-25T04:12:57Z</time><sat>35</sat></trkpt>
  <trkpt lat="38.87118212" lon="114.69881306"><ele>235.241</ele><time>2026-08-25T04:13:00Z</time><sat>34</sat></trkpt>
  <trkpt lat="38.87098326" lon="114.69780826"><ele>233.809</ele><time>2026-08-25T04:13:03Z</time><sat>35</sat></trkpt>
  <trkpt lat="38.87070218" lon="114.69683174"><ele>232.018</ele><time>2026-08-25T04:13:06Z</time><sat>35</sat></trkpt>
  <trkpt lat="38.87034963" lon="114.69589168"><ele>230.643</ele><time>2026-08-25T04:13:09Z</time><sat>34</sat></trkpt>
  <trkpt lat="38.86993714" lon="114.69500865"><ele>227.930</ele><time>2026-08-25T04:13:12Z</time><sat>35</sat></trkpt>
  <trkpt lat="38.86948354" lon="114.69413770"><ele>226.267</ele><time>2026-08-25T04:13:15Z</time><sat>35</sat></trkpt>
  <trkpt lat="38.86901315" lon="114.69326264"><ele>225.392</ele><time>2026-08-25T04:13:18Z</time><sat>34</sat></trkpt>
  <trkpt lat="38.86854789" lon="114.69238037"><ele>224.264</ele><time>2026-08-25T04:13:21Z</time><sat>33</sat></trkpt>
  <trkpt lat="38.86810787" lon="114.69147029"><ele>224.690</ele><time>2026-08-25T04:13:24Z</time><sat>33</sat></trkpt>
  <trkpt lat="38.86772022" lon="114.69052075"><ele>225.084</ele><time>2026-08-25T04:13:27Z</time><sat>35</sat></trkpt>
  <trkpt lat="38.86738362" lon="114.68954631"><ele>226.381</ele><time>2026-08-25T04:13:30Z</time><sat>35</sat></trkpt>
  <trkpt lat="38.86710462" lon="114.68853941"><ele>228.123</ele><time>2026-08-25T04:13:33Z</time><sat>35</sat></trkpt>
  <trkpt lat="38.86686747" lon="114.68751081"><ele>230.477</ele><time>2026-08-25T04:13:36Z</time><sat>35</sat></trkpt>
  <trkpt lat="38.86665602" lon="114.68648594"><ele>233.304</ele><time>2026-08-25T04:13:39Z</time><sat>35</sat></trkpt>
  <trkpt lat="38.86645840" lon="114.68554225"><ele>236.737</ele><time>2026-08-25T04:13:42Z</time><sat>31</sat></trkpt>
  <trkpt lat="38.86625142" lon="114.68465493"><ele>239.861</ele><time>2026-08-25T04:13:45Z</time><sat>33</sat></trkpt>
  <trkpt lat="38.86602121" lon="114.68380212"><ele>242.379</ele><time>2026-08-25T04:13:48Z</time><sat>33</sat></trkpt>
  <trkpt lat="38.86573254" lon="114.68304028"><ele>244.943</ele><time>2026-08-25T04:13:51Z</time><sat>34</sat></trkpt>
  <trkpt lat="38.86541422" lon="114.68232533"><ele>246.896</ele><time>2026-08-25T04:13:54Z</time><sat>34</sat></trkpt>
  <trkpt lat="38.86506499" lon="114.68165495"><ele>248.905</ele><time>2026-08-25T04:13:57Z</time><sat>35</sat></trkpt>
  <trkpt lat="38.86468707" lon="114.68101451"><ele>250.940</ele><time>2026-08-25T04:14:00Z</time><sat>34</sat></trkpt>
  <trkpt lat="38.86429569" lon="114.68040666"><ele>252.866</ele><time>2026-08-25T04:14:03Z</time><sat>33</sat></trkpt>
  <trkpt lat="38.86386809" lon="114.67979149"><ele>254.519</ele><time>2026-08-25T04:14:06Z</time><sat>34</sat></trkpt>
  <trkpt lat="38.86340334" lon="114.67914230"><ele>256.336</ele><time>2026-08-25T04:14:09Z</time><sat>34</sat></trkpt>
  <trkpt lat="38.86293162" lon="114.67845405"><ele>258.238</ele><time>2026-08-25T04:14:12Z</time><sat>33</sat></trkpt>
  <trkpt lat="38.86244984" lon="114.67773341"><ele>260.000</ele><time>2026-08-25T04:14:15Z</time><sat>31</sat></trkpt>
  <trkpt lat="38.86195699" lon="114.67699367"><ele>260.329</ele><time>2026-08-25T04:14:18Z</time><sat>31</sat></trkpt>
  <trkpt lat="38.86143255" lon="114.67622367"><ele>263.935</ele><time>2026-08-25T04:14:21Z</time><sat>30</sat></trkpt>
  <trkpt lat="38.86091098" lon="114.67545281"><ele>268.344</ele><time>2026-08-25T04:14:24Z</time><sat>30</sat></trkpt>
  <trkpt lat="38.86039260" lon="114.67462100"><ele>271.487</ele><time>2026-08-25T04:14:27Z</time><sat>29</sat></trkpt>
  <trkpt lat="38.85985555" lon="114.67382550"><ele>274.136</ele><time>2026-08-25T04:14:30Z</time><sat>31</sat></trkpt>
  <trkpt lat="38.85931264" lon="114.67301045"><ele>277.801</ele><time>2026-08-25T04:14:33Z</time><sat>30</sat></trkpt>
  <trkpt lat="38.85878534" lon="114.67217708"><ele>278.483</ele><time>2026-08-25T04:14:36Z</time><sat>29</sat></trkpt>
  <trkpt lat="38.85834470" lon="114.67127793"><ele>282.179</ele><time>2026-08-25T04:14:39Z</time><sat>30</sat></trkpt>
  <trkpt lat="38.85797275" lon="114.67037066"><ele>284.978</ele><time>2026-08-25T04:14:42Z</time><sat>30</sat></trkpt>
  <trkpt lat="38.85766873" lon="114.66944646"><ele>287.754</ele><time>2026-08-25T04:14:45Z</time><sat>30</sat></trkpt>
  <trkpt lat="38.85739726" lon="114.66850337"><ele>290.373</ele><time>2026-08-25T04:14:48Z</time><sat>30</sat></trkpt>
  <trkpt lat="38.85720996" lon="114.66751662"><ele>292.472</ele><time>2026-08-25T04:14:51Z</time><sat>30</sat></trkpt>
  <trkpt lat="38.85708828" lon="114.66650657"><ele>294.016</ele><time>2026-08-25T04:14:54Z</time><sat>30</sat></trkpt>
  <trkpt lat="38.85699500" lon="114.66548344"><ele>294.939</ele><time>2026-08-25T04:14:57Z</time><sat>31</sat></trkpt>
  <trkpt lat="38.85687703" lon="114.66444938"><ele>296.010</ele><time>2026-08-25T04:15:00Z</time><sat>31</sat></trkpt>
  <trkpt lat="38.85672258" lon="114.66341663"><ele>296.879</ele><time>2026-08-25T04:15:03Z</time><sat>32</sat></trkpt>
  <trkpt lat="38.85650780" lon="114.66245231"><ele>298.215</ele><time>2026-08-25T04:15:06Z</time><sat>32</sat></trkpt>
  <trkpt lat="38.85624555" lon="114.66157704"><ele>299.838</ele><time>2026-08-25T04:15:09Z</time><sat>33</sat></trkpt>
  <trkpt lat="38.85592874" lon="114.66070536"><ele>300.248</ele><time>2026-08-25T04:15:12Z</time><sat>34</sat></trkpt>
  <trkpt lat="38.85558667" lon="114.65984582"><ele>301.198</ele><time>2026-08-25T04:15:15Z</time><sat>33</sat></trkpt>
  <trkpt lat="38.85523609" lon="114.65896456"><ele>300.579</ele><time>2026-08-25T04:15:18Z</time><sat>33</sat></trkpt>
  <trkpt lat="38.85489958" lon="114.65805897"><ele>300.405</ele><time>2026-08-25T04:15:21Z</time><sat>34</sat></trkpt>
  <trkpt lat="38.85454449" lon="114.65715708"><ele>299.595</ele><time>2026-08-25T04:15:24Z</time><sat>34</sat></trkpt>
  <trkpt lat="38.85420020" lon="114.65629626"><ele>298.371</ele><time>2026-08-25T04:15:27Z</time><sat>33</sat></trkpt>
  <trkpt lat="38.85385661" lon="114.65543340"><ele>296.977</ele><time>2026-08-25T04:15:30Z</time><sat>33</sat></trkpt>
  <trkpt lat="38.85351677" lon="114.65459694"><ele>295.278</ele><time>2026-08-25T04:15:33Z</time><sat>34</sat></trkpt>
  <trkpt lat="38.85318423" lon="114.65377917"><ele>292.030</ele><time>2026-08-25T04:15:36Z</time><sat>34</sat></trkpt>
  <trkpt lat="38.85287686" lon="114.65298534"><ele>288.383</ele><time>2026-08-25T04:15:39Z</time><sat>33</sat></trkpt>
  <trkpt lat="38.85258778" lon="114.65219471"><ele>285.370</ele><time>2026-08-25T04:15:42Z</time><sat>29</sat></trkpt>
  <trkpt lat="38.85233741" lon="114.65141021"><ele>282.098</ele><time>2026-08-25T04:15:45Z</time><sat>30</sat></trkpt>
  <trkpt lat="38.85212725" lon="114.65064542"><ele>280.021</ele><time>2026-08-25T04:15:48Z</time><sat>31</sat></trkpt>
  <trkpt lat="38.85195217" lon="114.64992126"><ele>277.376</ele><time>2026-08-25T04:15:51Z</time><sat>32</sat></trkpt>
  <trkpt lat="38.85180949" lon="114.64920040"><ele>274.729</ele><time>2026-08-25T04:15:54Z</time><sat>33</sat></trkpt>
  <trkpt lat="38.85168936" lon="114.64848089"><ele>272.679</ele><time>2026-08-25T04:15:57Z</time><sat>33</sat></trkpt>
  <trkpt lat="38.85159715" lon="114.64774170"><ele>271.704</ele><time>2026-08-25T04:16:00Z</time><sat>32</sat></trkpt>
  <trkpt lat="38.85155426" lon="114.64700137"><ele>269.959</ele><time>2026-08-25T04:16:03Z</time><sat>33</sat></trkpt>
  <trkpt lat="38.85152837" lon="114.64632146"><ele>267.929</ele><time>2026-08-25T04:16:06Z</time><sat>33</sat></trkpt>
  <trkpt lat="38.85154056" lon="114.64567080"><ele>266.540</ele><time>2026-08-25T04:16:09Z</time><sat>32</sat></trkpt>
  <trkpt lat="38.85157206" lon="114.64502339"><ele>264.865</ele><time>2026-08-25T04:16:12Z</time><sat>34</sat></trkpt>
  <trkpt lat="38.85160856" lon="114.64437314"><ele>264.170</ele><time>2026-08-25T04:16:15Z</time><sat>35</sat></trkpt>
  <trkpt lat="38.85165982" lon="114.64372579"><ele>263.203</ele><time>2026-08-25T04:16:18Z</time><sat>35</sat></trkpt>
  <trkpt lat="38.85173109" lon="114.64308044"><ele>262.091</ele><time>2026-08-25T04:16:21Z</time><sat>34</sat></trkpt>
  <trkpt lat="38.85180666" lon="114.64243120"><ele>260.511</ele><time>2026-08-25T04:16:24Z</time><sat>33</sat></trkpt>
  <trkpt lat="38.85186512" lon="114.64178373"><ele>258.717</ele><time>2026-08-25T04:16:27Z</time><sat>33</sat></trkpt>
  <trkpt lat="38.85193058" lon="114.64113752"><ele>257.269</ele><time>2026-08-25T04:16:30Z</time><sat>33</sat></trkpt>
  <trkpt lat="38.85201723" lon="114.64049511"><ele>255.595</ele><time>2026-08-25T04:16:33Z</time><sat>32</sat></trkpt>
  <trkpt lat="38.85210898" lon="114.63985730"><ele>254.322</ele><time>2026-08-25T04:16:36Z</time><sat>33</sat></trkpt>
  <trkpt lat="38.85217749" lon="114.63926429"><ele>252.260</ele><time>2026-08-25T04:16:39Z</time><sat>34</sat></trkpt>
  <trkpt lat="38.85224526" lon="114.63872637"><ele>251.294</ele><time>2026-08-25T04:16:42Z</time><sat>35</sat></trkpt>
  <trkpt lat="38.85232515" lon="114.63826573"><ele>250.885</ele><time>2026-08-25T04:16:45Z</time><sat>35</sat></trkpt>
  <trkpt lat="38.85247770" lon="114.63792874"><ele>249.466</ele><time>2026-08-25T04:16:48Z</time><sat>35</sat></trkpt>
  <trkpt lat="38.85270079" lon="114.63775407"><ele>248.858</ele><time>2026-08-25T04:16:51Z</time><sat>35</sat></trkpt>
  <trkpt lat="38.85295763" lon="114.63772926"><ele>248.269</ele><time>2026-08-25T04:16:54Z</time><sat>35</sat></trkpt>
  <trkpt lat="38.85320013" lon="114.63785911"><ele>247.899</ele><time>2026-08-25T04:16:57Z</time><sat>35</sat></trkpt>
  <trkpt lat="38.85336114" lon="114.63811638"><ele>247.121</ele><time>2026-08-25T04:17:00Z</time><sat>35</sat></trkpt>
  <trkpt lat="38.85341558" lon="114.63844112"><ele>247.166</ele><time>2026-08-25T04:17:03Z</time><sat>35</sat></trkpt>
  <trkpt lat="38.85334837" lon="114.63877751"><ele>246.898</ele><time>2026-08-25T04:17:06Z</time><sat>35</sat></trkpt>
  <trkpt lat="38.85318722" lon="114.63907502"><ele>245.980</ele><time>2026-08-25T04:17:09Z</time><sat>35</sat></trkpt>
  <trkpt lat="38.85294438" lon="114.63928233"><ele>244.215</ele><time>2026-08-25T04:17:12Z</time><sat>35</sat></trkpt>
  <trkpt lat="38.85263418" lon="114.63937471"><ele>243.128</ele><time>2026-08-25T04:17:15Z</time><sat>35</sat></trkpt>
  <trkpt lat="38.85227450" lon="114.63934439"><ele>242.240</ele><time>2026-08-25T04:17:18Z</time><sat>35</sat></trkpt>
  <trkpt lat="38.85193687" lon="114.63922015"><ele>241.249</ele><time>2026-08-25T04:17:21Z</time><sat>34</sat></trkpt>
  <trkpt lat="38.85156264" lon="114.63897650"><ele>244.057</ele><time>2026-08-25T04:17:24Z</time><sat>35</sat></trkpt>
  <trkpt lat="38.85125122" lon="114.63866309"><ele>245.382</ele><time>2026-08-25T04:17:27Z</time><sat>34</sat></trkpt>
  <trkpt lat="38.85100773" lon="114.63839965"><ele>245.898</ele><time>2026-08-25T04:17:30Z</time><sat>35</sat></trkpt>
  <trkpt lat="38.85078224" lon="114.63815311"><ele>246.014</ele><time>2026-08-25T04:17:33Z</time><sat>34</sat></trkpt>
  <trkpt lat="38.85056215" lon="114.63790461"><ele>245.925</ele><time>2026-08-25T04:17:36Z</time><sat>31</sat></trkpt>
  <trkpt lat="38.85031672" lon="114.63762697"><ele>245.714</ele><time>2026-08-25T04:17:39Z</time><sat>34</sat></trkpt>
  <trkpt lat="38.85005882" lon="114.63731114"><ele>244.467</ele><time>2026-08-25T04:17:42Z</time><sat>35</sat></trkpt>
  <trkpt lat="38.84980149" lon="114.63699476"><ele>243.584</ele><time>2026-08-25T04:17:45Z</time><sat>35</sat></trkpt>
  <trkpt lat="38.84952522" lon="114.63666432"><ele>242.654</ele><time>2026-08-25T04:17:48Z</time><sat>34</sat></trkpt>
  <trkpt lat="38.84921289" lon="114.63629675"><ele>241.911</ele><time>2026-08-25T04:17:51Z</time><sat>35</sat></trkpt>
  <trkpt lat="38.84884061" lon="114.63594189"><ele>241.808</ele><time>2026-08-25T04:17:54Z</time><sat>35</sat></trkpt>
  <trkpt lat="38.84840439" lon="114.63566183"><ele>241.011</ele><time>2026-08-25T04:17:57Z</time><sat>35</sat></trkpt>
  <trkpt lat="38.84791216" lon="114.63549572"><ele>240.757</ele><time>2026-08-25T04:18:00Z</time><sat>35</sat></trkpt>
  <trkpt lat="38.84740286" lon="114.63548117"><ele>241.566</ele><time>2026-08-25T04:18:03Z</time><sat>35</sat></trkpt>
  <trkpt lat="38.84690287" lon="114.63555056"><ele>242.166</ele><time>2026-08-25T04:18:06Z</time><sat>35</sat></trkpt>
  <trkpt lat="38.84641820" lon="114.63572448"><ele>243.917</ele><time>2026-08-25T04:18:09Z</time><sat>35</sat></trkpt>
  <trkpt lat="38.84593921" lon="114.63594511"><ele>241.738</ele><time>2026-08-25T04:18:12Z</time><sat>35</sat></trkpt>
  <trkpt lat="38.84544719" lon="114.63610529"><ele>239.633</ele><time>2026-08-25T04:18:15Z</time><sat>35</sat></trkpt>
  <trkpt lat="38.84494163" lon="114.63614926"><ele>238.056</ele><time>2026-08-25T04:18:18Z</time><sat>35</sat></trkpt>
  <trkpt lat="38.84443854" lon="114.63607055"><ele>235.734</ele><time>2026-08-25T04:18:21Z</time><sat>35</sat></trkpt>
  <trkpt lat="38.84393246" lon="114.63590894"><ele>235.950</ele><time>2026-08-25T04:18:24Z</time><sat>35</sat></trkpt>
  <trkpt lat="38.84344559" lon="114.63568777"><ele>236.946</ele><time>2026-08-25T04:18:27Z</time><sat>34</sat></trkpt>
  <trkpt lat="38.84278279" lon="114.63540465"><ele>234.447</ele><time>2026-08-25T04:18:30Z</time><sat>33</sat></trkpt>
  <trkpt lat="38.84202802" lon="114.63513062"><ele>232.633</ele><time>2026-08-25T04:18:33Z</time><sat>35</sat></trkpt>
  <trkpt lat="38.84131028" lon="114.63491585"><ele>230.043</ele><time>2026-08-25T04:18:36Z</time><sat>34</sat></trkpt>
  <trkpt lat="38.84054694" lon="114.63475449"><ele>227.001</ele><time>2026-08-25T04:18:39Z</time><sat>34</sat></trkpt>
  <trkpt lat="38.83976417" lon="114.63463457"><ele>223.308</ele><time>2026-08-25T04:18:42Z</time><sat>34</sat></trkpt>
  <trkpt lat="38.83896202" lon="114.63458130"><ele>220.752</ele><time>2026-08-25T04:18:45Z</time><sat>34</sat></trkpt>
  <trkpt lat="38.83816236" lon="114.63458796"><ele>218.200</ele><time>2026-08-25T04:18:48Z</time><sat>35</sat></trkpt>
  <trkpt lat="38.83736608" lon="114.63464591"><ele>215.753</ele><time>2026-08-25T04:18:51Z</time><sat>35</sat></trkpt>
  <trkpt lat="38.83657255" lon="114.63477427"><ele>213.482</ele><time>2026-08-25T04:18:54Z</time><sat>34</sat></trkpt>
  <trkpt lat="38.83578166" lon="114.63495590"><ele>211.142</ele><time>2026-08-25T04:18:57Z</time><sat>35</sat></trkpt>
  <trkpt lat="38.83499114" lon="114.63517476"><ele>208.653</ele><time>2026-08-25T04:19:00Z</time><sat>34</sat></trkpt>
  <trkpt lat="38.83420888" lon="114.63540944"><ele>206.423</ele><time>2026-08-25T04:19:03Z</time><sat>35</sat></trkpt>
  <trkpt lat="38.83342983" lon="114.63564617"><ele>204.746</ele><time>2026-08-25T04:19:06Z</time><sat>35</sat></trkpt>
  <trkpt lat="38.83264555" lon="114.63588068"><ele>203.333</ele><time>2026-08-25T04:19:09Z</time><sat>32</sat></trkpt>
  <trkpt lat="38.83187011" lon="114.63611566"><ele>202.733</ele><time>2026-08-25T04:19:12Z</time><sat>34</sat></trkpt>
  <trkpt lat="38.83109174" lon="114.63636062"><ele>203.110</ele><time>2026-08-25T04:19:15Z</time><sat>34</sat></trkpt>
  <trkpt lat="38.83030998" lon="114.63659612"><ele>203.500</ele><time>2026-08-25T04:19:18Z</time><sat>33</sat></trkpt>
  <trkpt lat="38.82953030" lon="114.63683160"><ele>204.712</ele><time>2026-08-25T04:19:21Z</time><sat>34</sat></trkpt>
  <trkpt lat="38.82874728" lon="114.63706745"><ele>205.492</ele><time>2026-08-25T04:19:24Z</time><sat>35</sat></trkpt>
  <trkpt lat="38.82796819" lon="114.63730887"><ele>206.336</ele><time>2026-08-25T04:19:27Z</time><sat>33</sat></trkpt>
  <trkpt lat="38.82717917" lon="114.63752235"><ele>207.700</ele><time>2026-08-25T04:19:30Z</time><sat>31</sat></trkpt>
  <trkpt lat="38.82642479" lon="114.63766071"><ele>207.925</ele><time>2026-08-25T04:19:33Z</time><sat>31</sat></trkpt>
  <trkpt lat="38.82578404" lon="114.63772814"><ele>207.573</ele><time>2026-08-25T04:19:36Z</time><sat>32</sat></trkpt>
  <trkpt lat="38.82521336" lon="114.63775897"><ele>206.815</ele><time>2026-08-25T04:19:39Z</time><sat>34</sat></trkpt>
  <trkpt lat="38.82463072" lon="114.63776334"><ele>206.098</ele><time>2026-08-25T04:19:42Z</time><sat>34</sat></trkpt>
  <trkpt lat="38.82397661" lon="114.63768273"><ele>205.580</ele><time>2026-08-25T04:19:45Z</time><sat>33</sat></trkpt>
  <trkpt lat="38.82328538" lon="114.63753584"><ele>204.229</ele><time>2026-08-25T04:19:48Z</time><sat>34</sat></trkpt>
  <trkpt lat="38.82257722" lon="114.63732277"><ele>202.911</ele><time>2026-08-25T04:19:51Z</time><sat>34</sat></trkpt>
  <trkpt lat="38.82184721" lon="114.63706155"><ele>200.782</ele><time>2026-08-25T04:19:54Z</time><sat>35</sat></trkpt>
  <trkpt lat="38.82108933" lon="114.63679163"><ele>198.890</ele><time>2026-08-25T04:19:57Z</time><sat>35</sat></trkpt>
  <trkpt lat="38.82031598" lon="114.63653067"><ele>196.746</ele><time>2026-08-25T04:20:00Z</time><sat>36</sat></trkpt>
  <trkpt lat="38.81953115" lon="114.63631840"><ele>194.837</ele><time>2026-08-25T04:20:03Z</time><sat>35</sat></trkpt>
  <trkpt lat="38.81873655" lon="114.63618557"><ele>193.622</ele><time>2026-08-25T04:20:06Z</time><sat>35</sat></trkpt>
  <trkpt lat="38.81793297" lon="114.63612990"><ele>193.532</ele><time>2026-08-25T04:20:09Z</time><sat>33</sat></trkpt>
  <trkpt lat="38.81712896" lon="114.63615374"><ele>193.146</ele><time>2026-08-25T04:20:12Z</time><sat>32</sat></trkpt>
  <trkpt lat="38.81633302" lon="114.63625382"><ele>193.187</ele><time>2026-08-25T04:20:15Z</time><sat>33</sat></trkpt>
  <trkpt lat="38.81554899" lon="114.63643242"><ele>192.902</ele><time>2026-08-25T04:20:18Z</time><sat>30</sat></trkpt>
  <trkpt lat="38.81476715" lon="114.63668599"><ele>191.931</ele><time>2026-08-25T04:20:21Z</time><sat>32</sat></trkpt>
  <trkpt lat="38.81401114" lon="114.63701485"><ele>190.265</ele><time>2026-08-25T04:20:24Z</time><sat>33</sat></trkpt>
  <trkpt lat="38.81327362" lon="114.63741810"><ele>187.943</ele><time>2026-08-25T04:20:27Z</time><sat>33</sat></trkpt>
  <trkpt lat="38.81255645" lon="114.63788867"><ele>185.750</ele><time>2026-08-25T04:20:30Z</time><sat>32</sat></trkpt>
  <trkpt lat="38.81186166" lon="114.63839353"><ele>183.050</ele><time>2026-08-25T04:20:33Z</time><sat>31</sat></trkpt>
  <trkpt lat="38.81116638" lon="114.63891202"><ele>180.511</ele><time>2026-08-25T04:20:36Z</time><sat>34</sat></trkpt>
  <trkpt lat="38.81046952" lon="114.63943664"><ele>178.145</ele><time>2026-08-25T04:20:39Z</time><sat>34</sat></trkpt>
  <trkpt lat="38.80977395" lon="114.63995294"><ele>176.459</ele><time>2026-08-25T04:20:42Z</time><sat>35</sat></trkpt>
  <trkpt lat="38.80908320" lon="114.64046936"><ele>175.818</ele><time>2026-08-25T04:20:45Z</time><sat>36</sat></trkpt>
  <trkpt lat="38.80840152" lon="114.64099325"><ele>175.453</ele><time>2026-08-25T04:20:48Z</time><sat>35</sat></trkpt>
  <trkpt lat="38.80771132" lon="114.64151393"><ele>176.000</ele><time>2026-08-25T04:20:51Z</time><sat>36</sat></trkpt>
  <trkpt lat="38.80701510" lon="114.64202682"><ele>177.060</ele><time>2026-08-25T04:20:54Z</time><sat>36</sat></trkpt>
  <trkpt lat="38.80631286" lon="114.64252912"><ele>177.578</ele><time>2026-08-25T04:20:57Z</time><sat>36</sat></trkpt>
  <trkpt lat="38.80560558" lon="114.64300915"><ele>178.777</ele><time>2026-08-25T04:21:00Z</time><sat>36</sat></trkpt>
  <trkpt lat="38.80488272" lon="114.64345287"><ele>178.561</ele><time>2026-08-25T04:21:03Z</time><sat>36</sat></trkpt>
  <trkpt lat="38.80414831" lon="114.64385991"><ele>178.148</ele><time>2026-08-25T04:21:06Z</time><sat>36</sat></trkpt>
  <trkpt lat="38.80339876" lon="114.64422258"><ele>177.365</ele><time>2026-08-25T04:21:09Z</time><sat>36</sat></trkpt>
  <trkpt lat="38.80263487" lon="114.64454340"><ele>177.123</ele><time>2026-08-25T04:21:12Z</time><sat>36</sat></trkpt>
  <trkpt lat="38.80186347" lon="114.64482911"><ele>176.611</ele><time>2026-08-25T04:21:15Z</time><sat>36</sat></trkpt>
  <trkpt lat="38.80107947" lon="114.64507084"><ele>175.721</ele><time>2026-08-25T04:21:18Z</time><sat>36</sat></trkpt>
  <trkpt lat="38.80029373" lon="114.64527718"><ele>174.732</ele><time>2026-08-25T04:21:21Z</time><sat>35</sat></trkpt>
  <trkpt lat="38.79949817" lon="114.64543083"><ele>173.590</ele><time>2026-08-25T04:21:24Z</time><sat>35</sat></trkpt>
  <trkpt lat="38.79869981" lon="114.64554079"><ele>173.181</ele><time>2026-08-25T04:21:27Z</time><sat>36</sat></trkpt>
  <trkpt lat="38.79789166" lon="114.64559706"><ele>173.197</ele><time>2026-08-25T04:21:30Z</time><sat>36</sat></trkpt>
  <trkpt lat="38.79708701" lon="114.64562433"><ele>172.477</ele><time>2026-08-25T04:21:33Z</time><sat>35</sat></trkpt>
  <trkpt lat="38.79628443" lon="114.64561505"><ele>171.395</ele><time>2026-08-25T04:21:36Z</time><sat>36</sat></trkpt>
  <trkpt lat="38.79547353" lon="114.64558109"><ele>169.695</ele><time>2026-08-25T04:21:39Z</time><sat>36</sat></trkpt>
  <trkpt lat="38.79467630" lon="114.64553198"><ele>168.217</ele><time>2026-08-25T04:21:42Z</time><sat>35</sat></trkpt>
  <trkpt lat="38.79387522" lon="114.64547759"><ele>167.427</ele><time>2026-08-25T04:21:45Z</time><sat>34</sat></trkpt>
  <trkpt lat="38.79306998" lon="114.64543825"><ele>167.059</ele><time>2026-08-25T04:21:48Z</time><sat>36</sat></trkpt>
  <trkpt lat="38.79226833" lon="114.64538931"><ele>166.125</ele><time>2026-08-25T04:21:51Z</time><sat>36</sat></trkpt>
  <trkpt lat="38.79146665" lon="114.64533420"><ele>165.356</ele><time>2026-08-25T04:21:54Z</time><sat>36</sat></trkpt>
  <trkpt lat="38.79066449" lon="114.64529591"><ele>165.130</ele><time>2026-08-25T04:21:57Z</time><sat>35</sat></trkpt>
  <trkpt lat="38.78986363" lon="114.64529544"><ele>164.400</ele><time>2026-08-25T04:22:00Z</time><sat>36</sat></trkpt>
  <trkpt lat="38.78906764" lon="114.64534579"><ele>164.031</ele><time>2026-08-25T04:22:03Z</time><sat>36</sat></trkpt>
  <trkpt lat="38.78829781" lon="114.64544340"><ele>162.976</ele><time>2026-08-25T04:22:06Z</time><sat>36</sat></trkpt>
  <trkpt lat="38.78754995" lon="114.64560719"><ele>163.107</ele><time>2026-08-25T04:22:09Z</time><sat>36</sat></trkpt>
  <trkpt lat="38.78683681" lon="114.64581470"><ele>163.351</ele><time>2026-08-25T04:22:12Z</time><sat>36</sat></trkpt>
  <trkpt lat="38.78618189" lon="114.64604646"><ele>163.710</ele><time>2026-08-25T04:22:15Z</time><sat>35</sat></trkpt>
  <trkpt lat="38.78555216" lon="114.64629052"><ele>164.167</ele><time>2026-08-25T04:22:18Z</time><sat>34</sat></trkpt>
  <trkpt lat="38.78493044" lon="114.64652174"><ele>165.422</ele><time>2026-08-25T04:22:21Z</time><sat>34</sat></trkpt>
  <trkpt lat="38.78427713" lon="114.64674233"><ele>165.515</ele><time>2026-08-25T04:22:24Z</time><sat>34</sat></trkpt>
  <trkpt lat="38.78357660" lon="114.64696209"><ele>165.847</ele><time>2026-08-25T04:22:27Z</time><sat>34</sat></trkpt>
  <trkpt lat="38.78284885" lon="114.64714909"><ele>166.005</ele><time>2026-08-25T04:22:30Z</time><sat>35</sat></trkpt>
  <trkpt lat="38.78209627" lon="114.64728008"><ele>166.832</ele><time>2026-08-25T04:22:33Z</time><sat>33</sat></trkpt>
  <trkpt lat="38.78130894" lon="114.64734501"><ele>168.228</ele><time>2026-08-25T04:22:36Z</time><sat>35</sat></trkpt>
  <trkpt lat="38.78050739" lon="114.64733881"><ele>168.540</ele><time>2026-08-25T04:22:39Z</time><sat>35</sat></trkpt>
  <trkpt lat="38.77975241" lon="114.64725855"><ele>170.179</ele><time>2026-08-25T04:22:42Z</time><sat>35</sat></trkpt>
  <trkpt lat="38.77899824" lon="114.64712040"><ele>172.158</ele><time>2026-08-25T04:22:45Z</time><sat>35</sat></trkpt>
  <trkpt lat="38.77824781" lon="114.64691173"><ele>175.185</ele><time>2026-08-25T04:22:48Z</time><sat>35</sat></trkpt>
  <trkpt lat="38.77751739" lon="114.64664214"><ele>178.671</ele><time>2026-08-25T04:22:51Z</time><sat>35</sat></trkpt>
  <trkpt lat="38.77685579" lon="114.64637313"><ele>181.647</ele><time>2026-08-25T04:22:54Z</time><sat>35</sat></trkpt>
  <trkpt lat="38.77629712" lon="114.64613352"><ele>184.275</ele><time>2026-08-25T04:22:57Z</time><sat>33</sat></trkpt>
  <trkpt lat="38.77581218" lon="114.64592411"><ele>186.842</ele><time>2026-08-25T04:23:00Z</time><sat>33</sat></trkpt>
  <trkpt lat="38.77536439" lon="114.64574542"><ele>188.885</ele><time>2026-08-25T04:23:03Z</time><sat>34</sat></trkpt>
  <trkpt lat="38.77493831" lon="114.64558161"><ele>191.409</ele><time>2026-08-25T04:23:06Z</time><sat>34</sat></trkpt>
  <trkpt lat="38.77452910" lon="114.64544944"><ele>193.660</ele><time>2026-08-25T04:23:09Z</time><sat>34</sat></trkpt>
  <trkpt lat="38.77412573" lon="114.64532974"><ele>195.349</ele><time>2026-08-25T04:23:12Z</time><sat>35</sat></trkpt>
  <trkpt lat="38.77372568" lon="114.64523180"><ele>196.695</ele><time>2026-08-25T04:23:15Z</time><sat>35</sat></trkpt>
  <trkpt lat="38.77332459" lon="114.64514116"><ele>197.831</ele><time>2026-08-25T04:23:18Z</time><sat>35</sat></trkpt>
  <trkpt lat="38.77292995" lon="114.64506806"><ele>198.757</ele><time>2026-08-25T04:23:21Z</time><sat>34</sat></trkpt>
  <trkpt lat="38.77253525" lon="114.64501302"><ele>199.897</ele><time>2026-08-25T04:23:24Z</time><sat>34</sat></trkpt>
  <trkpt lat="38.77214270" lon="114.64497046"><ele>200.776</ele><time>2026-08-25T04:23:27Z</time><sat>34</sat></trkpt>
  <trkpt lat="38.77174795" lon="114.64494037"><ele>201.896</ele><time>2026-08-25T04:23:30Z</time><sat>32</sat></trkpt>
  <trkpt lat="38.77134153" lon="114.64492708"><ele>202.821</ele><time>2026-08-25T04:23:33Z</time><sat>30</sat></trkpt>
  <trkpt lat="38.77094565" lon="114.64494084"><ele>204.144</ele><time>2026-08-25T04:23:36Z</time><sat>31</sat></trkpt>
  <trkpt lat="38.77052946" lon="114.64494716"><ele>205.675</ele><time>2026-08-25T04:23:39Z</time><sat>32</sat></trkpt>
  <trkpt lat="38.77010829" lon="114.64497924"><ele>206.123</ele><time>2026-08-25T04:23:42Z</time><sat>32</sat></trkpt>
  <trkpt lat="38.76969071" lon="114.64502843"><ele>206.848</ele><time>2026-08-25T04:23:45Z</time><sat>33</sat></trkpt>
  <trkpt lat="38.76927135" lon="114.64509328"><ele>207.745</ele><time>2026-08-25T04:23:48Z</time><sat>36</sat></trkpt>
  <trkpt lat="38.76884657" lon="114.64517740"><ele>208.639</ele><time>2026-08-25T04:23:51Z</time><sat>35</sat></trkpt>
  <trkpt lat="38.76842912" lon="114.64527491"><ele>208.454</ele><time>2026-08-25T04:23:54Z</time><sat>34</sat></trkpt>
  <trkpt lat="38.76800517" lon="114.64538888"><ele>209.274</ele><time>2026-08-25T04:23:57Z</time><sat>35</sat></trkpt>
  <trkpt lat="38.76758176" lon="114.64553178"><ele>211.939</ele><time>2026-08-25T04:24:00Z</time><sat>35</sat></trkpt>
  <trkpt lat="38.76716277" lon="114.64567117"><ele>212.769</ele><time>2026-08-25T04:24:03Z</time><sat>33</sat></trkpt>
  <trkpt lat="38.76675175" lon="114.64584483"><ele>213.714</ele><time>2026-08-25T04:24:06Z</time><sat>29</sat></trkpt>
  <trkpt lat="38.76634614" lon="114.64601165"><ele>215.162</ele><time>2026-08-25T04:24:09Z</time><sat>28</sat></trkpt>
  <trkpt lat="38.76593001" lon="114.64618243"><ele>215.437</ele><time>2026-08-25T04:24:12Z</time><sat>28</sat></trkpt>
  <trkpt lat="38.76551601" lon="114.64639714"><ele>216.113</ele><time>2026-08-25T04:24:15Z</time><sat>28</sat></trkpt>
  <trkpt lat="38.76510705" lon="114.64660633"><ele>217.055</ele><time>2026-08-25T04:24:18Z</time><sat>28</sat></trkpt>
  <trkpt lat="38.76470953" lon="114.64683142"><ele>217.393</ele><time>2026-08-25T04:24:21Z</time><sat>29</sat></trkpt>
  <trkpt lat="38.76432602" lon="114.64705940"><ele>220.902</ele><time>2026-08-25T04:24:24Z</time><sat>32</sat></trkpt>
  <trkpt lat="38.76396748" lon="114.64721077"><ele>221.815</ele><time>2026-08-25T04:24:27Z</time><sat>35</sat></trkpt>
  <trkpt lat="38.76360547" lon="114.64718002"><ele>222.834</ele><time>2026-08-25T04:24:30Z</time><sat>36</sat></trkpt>
  <trkpt lat="38.76328784" lon="114.64697035"><ele>223.832</ele><time>2026-08-25T04:24:33Z</time><sat>34</sat></trkpt>
  <trkpt lat="38.76305367" lon="114.64661363"><ele>223.763</ele><time>2026-08-25T04:24:36Z</time><sat>33</sat></trkpt>
  <trkpt lat="38.76296880" lon="114.64615251"><ele>224.189</ele><time>2026-08-25T04:24:39Z</time><sat>33</sat></trkpt>
  <trkpt lat="38.76300190" lon="114.64568088"><ele>222.044</ele><time>2026-08-25T04:24:42Z</time><sat>35</sat></trkpt>
  <trkpt lat="38.76315281" lon="114.64519084"><ele>222.017</ele><time>2026-08-25T04:24:45Z</time><sat>36</sat></trkpt>
  <trkpt lat="38.76338885" lon="114.64475103"><ele>220.183</ele><time>2026-08-25T04:24:48Z</time><sat>36</sat></trkpt>
  <trkpt lat="38.76368331" lon="114.64439376"><ele>219.081</ele><time>2026-08-25T04:24:51Z</time><sat>36</sat></trkpt>
  <trkpt lat="38.76397201" lon="114.64412825"><ele>217.795</ele><time>2026-08-25T04:24:54Z</time><sat>36</sat></trkpt>
  <trkpt lat="38.76422995" lon="114.64391329"><ele>217.221</ele><time>2026-08-25T04:24:57Z</time><sat>36</sat></trkpt>
  <trkpt lat="38.76447379" lon="114.64372495"><ele>217.767</ele><time>2026-08-25T04:25:00Z</time><sat>36</sat></trkpt>
  <trkpt lat="38.76468984" lon="114.64355955"><ele>215.295</ele><time>2026-08-25T04:25:03Z</time><sat>35</sat></trkpt>
  <trkpt lat="38.76487521" lon="114.64339736"><ele>216.639</ele><time>2026-08-25T04:25:06Z</time><sat>36</sat></trkpt>
  <trkpt lat="38.76507289" lon="114.64328876"><ele>215.983</ele><time>2026-08-25T04:25:09Z</time><sat>36</sat></trkpt>
  <trkpt lat="38.76526047" lon="114.64317249"><ele>215.723</ele><time>2026-08-25T04:25:12Z</time><sat>36</sat></trkpt>
  <trkpt lat="38.76539863" lon="114.64306312"><ele>215.460</ele><time>2026-08-25T04:25:15Z</time><sat>34</sat></trkpt>
  <trkpt lat="38.76549693" lon="114.64298917"><ele>214.908</ele><time>2026-08-25T04:25:18Z</time><sat>35</sat></trkpt>
  <trkpt lat="38.76555731" lon="114.64293945"><ele>215.681</ele><time>2026-08-25T04:25:21Z</time><sat>35</sat></trkpt>
  <trkpt lat="38.76559876" lon="114.64290452"><ele>216.441</ele><time>2026-08-25T04:25:24Z</time><sat>35</sat></trkpt>
  <trkpt lat="38.76561922" lon="114.64288274"><ele>216.588</ele><time>2026-08-25T04:25:27Z</time><sat>33</sat></trkpt>
  <trkpt lat="38.76565836" lon="114.64285176"><ele>216.964</ele><time>2026-08-25T04:25:30Z</time><sat>34</sat></trkpt>
  <trkpt lat="38.76582499" lon="114.64269400"><ele>216.114</ele><time>2026-08-25T04:25:33Z</time><sat>34</sat></trkpt>
  <trkpt lat="38.76602462" lon="114.64248754"><ele>214.427</ele><time>2026-08-25T04:25:36Z</time><sat>34</sat></trkpt>
  <trkpt lat="38.76627498" lon="114.64223470"><ele>213.640</ele><time>2026-08-25T04:25:39Z</time><sat>33</sat></trkpt>
  <trkpt lat="38.76655666" lon="114.64194650"><ele>213.225</ele><time>2026-08-25T04:25:42Z</time><sat>35</sat></trkpt>
  <trkpt lat="38.76686999" lon="114.64168541"><ele>213.089</ele><time>2026-08-25T04:25:45Z</time><sat>35</sat></trkpt>
  <trkpt lat="38.76718661" lon="114.64147142"><ele>212.842</ele><time>2026-08-25T04:25:48Z</time><sat>35</sat></trkpt>
  <trkpt lat="38.76750364" lon="114.64132428"><ele>213.237</ele><time>2026-08-25T04:25:51Z</time><sat>35</sat></trkpt>
  <trkpt lat="38.76781223" lon="114.64122798"><ele>213.547</ele><time>2026-08-25T04:25:54Z</time><sat>34</sat></trkpt>
  <trkpt lat="38.76815393" lon="114.64119162"><ele>212.795</ele><time>2026-08-25T04:25:57Z</time><sat>32</sat></trkpt>
  <trkpt lat="38.76849645" lon="114.64120393"><ele>212.466</ele><time>2026-08-25T04:26:00Z</time><sat>33</sat></trkpt>
  <trkpt lat="38.76882057" lon="114.64127192"><ele>211.907</ele><time>2026-08-25T04:26:03Z</time><sat>35</sat></trkpt>
  <trkpt lat="38.76910610" lon="114.64139588"><ele>210.541</ele><time>2026-08-25T04:26:06Z</time><sat>35</sat></trkpt>
  <trkpt lat="38.76940193" lon="114.64147552"><ele>209.041</ele><time>2026-08-25T04:26:09Z</time><sat>34</sat></trkpt>
  <trkpt lat="38.76969863" lon="114.64156811"><ele>207.456</ele><time>2026-08-25T04:26:12Z</time><sat>31</sat></trkpt>
  <trkpt lat="38.77000070" lon="114.64163788"><ele>205.362</ele><time>2026-08-25T04:26:15Z</time><sat>30</sat></trkpt>
  <trkpt lat="38.77033178" lon="114.64164642"><ele>205.150</ele><time>2026-08-25T04:26:18Z</time><sat>29</sat></trkpt>
  <trkpt lat="38.77072152" lon="114.64158936"><ele>203.443</ele><time>2026-08-25T04:26:21Z</time><sat>31</sat></trkpt>
  <trkpt lat="38.77116890" lon="114.64139495"><ele>200.757</ele><time>2026-08-25T04:26:24Z</time><sat>33</sat></trkpt>
  <trkpt lat="38.77159301" lon="114.64104693"><ele>196.876</ele><time>2026-08-25T04:26:27Z</time><sat>33</sat></trkpt>
  <trkpt lat="38.77190042" lon="114.64055544"><ele>195.886</ele><time>2026-08-25T04:26:30Z</time><sat>34</sat></trkpt>
  <trkpt lat="38.77211685" lon="114.63994229"><ele>192.969</ele><time>2026-08-25T04:26:33Z</time><sat>35</sat></trkpt>
  <trkpt lat="38.77218385" lon="114.63923461"><ele>189.758</ele><time>2026-08-25T04:26:36Z</time><sat>31</sat></trkpt>
  <trkpt lat="38.77207389" lon="114.63853923"><ele>187.095</ele><time>2026-08-25T04:26:39Z</time><sat>31</sat></trkpt>
  <trkpt lat="38.77182874" lon="114.63794535"><ele>183.983</ele><time>2026-08-25T04:26:42Z</time><sat>33</sat></trkpt>
  <trkpt lat="38.77147981" lon="114.63744188"><ele>181.366</ele><time>2026-08-25T04:26:45Z</time><sat>34</sat></trkpt>
  <trkpt lat="38.77102316" lon="114.63691110"><ele>177.942</ele><time>2026-08-25T04:26:48Z</time><sat>34</sat></trkpt>
  <trkpt lat="38.77055192" lon="114.63635941"><ele>175.475</ele><time>2026-08-25T04:26:51Z</time><sat>33</sat></trkpt>
  <trkpt lat="38.77015157" lon="114.63579242"><ele>173.660</ele><time>2026-08-25T04:26:54Z</time><sat>30</sat></trkpt>
  <trkpt lat="38.76987260" lon="114.63516713"><ele>173.227</ele><time>2026-08-25T04:26:57Z</time><sat>33</sat></trkpt>
  <trkpt lat="38.76976040" lon="114.63445799"><ele>173.017</ele><time>2026-08-25T04:27:00Z</time><sat>34</sat></trkpt>
  <trkpt lat="38.76984215" lon="114.63374403"><ele>173.185</ele><time>2026-08-25T04:27:03Z</time><sat>34</sat></trkpt>
  <trkpt lat="38.77002107" lon="114.63303794"><ele>172.230</ele><time>2026-08-25T04:27:06Z</time><sat>34</sat></trkpt>
  <trkpt lat="38.77020178" lon="114.63233762"><ele>172.405</ele><time>2026-08-25T04:27:09Z</time><sat>34</sat></trkpt>
  <trkpt lat="38.77038462" lon="114.63163274"><ele>171.961</ele><time>2026-08-25T04:27:12Z</time><sat>33</sat></trkpt>
  <trkpt lat="38.77054742" lon="114.63093773"><ele>170.991</ele><time>2026-08-25T04:27:15Z</time><sat>31</sat></trkpt>
  <trkpt lat="38.77071444" lon="114.63024100"><ele>169.406</ele><time>2026-08-25T04:27:18Z</time><sat>31</sat></trkpt>
  <trkpt lat="38.77089416" lon="114.62958319"><ele>168.264</ele><time>2026-08-25T04:27:21Z</time><sat>34</sat></trkpt>
  <trkpt lat="38.77105627" lon="114.62896425"><ele>167.906</ele><time>2026-08-25T04:27:24Z</time><sat>34</sat></trkpt>
  <trkpt lat="38.77120707" lon="114.62834023"><ele>167.539</ele><time>2026-08-25T04:27:27Z</time><sat>31</sat></trkpt>
  <trkpt lat="38.77135433" lon="114.62772292"><ele>165.348</ele><time>2026-08-25T04:27:30Z</time><sat>27</sat></trkpt>
  <trkpt lat="38.77149739" lon="114.62717322"><ele>164.794</ele><time>2026-08-25T04:27:33Z</time><sat>30</sat></trkpt>
  <trkpt lat="38.77161415" lon="114.62675980"><ele>164.298</ele><time>2026-08-25T04:27:36Z</time><sat>33</sat></trkpt>
  <trkpt lat="38.77169570" lon="114.62642650"><ele>164.841</ele><time>2026-08-25T04:27:39Z</time><sat>33</sat></trkpt>
  <trkpt lat="38.77176516" lon="114.62612986"><ele>165.053</ele><time>2026-08-25T04:27:42Z</time><sat>31</sat></trkpt>
  <trkpt lat="38.77184449" lon="114.62580193"><ele>165.525</ele><time>2026-08-25T04:27:45Z</time><sat>32</sat></trkpt>
  <trkpt lat="38.77193167" lon="114.62547872"><ele>166.069</ele><time>2026-08-25T04:27:48Z</time><sat>35</sat></trkpt>
  <trkpt lat="38.77200321" lon="114.62519701"><ele>166.817</ele><time>2026-08-25T04:27:51Z</time><sat>35</sat></trkpt>
  <trkpt lat="38.77204438" lon="114.62502432"><ele>166.580</ele><time>2026-08-25T04:27:54Z</time><sat>32</sat></trkpt>
  <trkpt lat="38.77206449" lon="114.62494277"><ele>166.569</ele><time>2026-08-25T04:27:57Z</time><sat>34</sat></trkpt>
  <trkpt lat="38.77207695" lon="114.62491450"><ele>166.118</ele><time>2026-08-25T04:28:00Z</time><sat>35</sat></trkpt>
  <trkpt lat="38.77207936" lon="114.62492216"><ele>165.733</ele><time>2026-08-25T04:28:03Z</time><sat>36</sat></trkpt>
  <trkpt lat="38.77208116" lon="114.62492566"><ele>165.097</ele><time>2026-08-25T04:28:06Z</time><sat>31</sat></trkpt>
  <trkpt lat="38.77208176" lon="114.62492580"><ele>164.835</ele><time>2026-08-25T04:28:09Z</time><sat>29</sat></trkpt>
  <trkpt lat="38.77208066" lon="114.62492661"><ele>164.611</ele><time>2026-08-25T04:28:12Z</time><sat>29</sat></trkpt>
  <trkpt lat="38.77208044" lon="114.62492615"><ele>164.674</ele><time>2026-08-25T04:28:15Z</time><sat>31</sat></trkpt>
  <trkpt lat="38.77208296" lon="114.62491443"><ele>163.448</ele><time>2026-08-25T04:28:18Z</time><sat>31</sat></trkpt>
  <trkpt lat="38.77208244" lon="114.62490723"><ele>163.362</ele><time>2026-08-25T04:28:21Z</time><sat>33</sat></trkpt>
  <trkpt lat="38.77208312" lon="114.62489500"><ele>162.978</ele><time>2026-08-25T04:28:24Z</time><sat>36</sat></trkpt>
  <trkpt lat="38.77208483" lon="114.62487033"><ele>162.819</ele><time>2026-08-25T04:28:27Z</time><sat>34</sat></trkpt>
  <trkpt lat="38.77209266" lon="114.62481972"><ele>163.393</ele><time>2026-08-25T04:28:30Z</time><sat>33</sat></trkpt>
  <trkpt lat="38.77211591" lon="114.62474492"><ele>163.786</ele><time>2026-08-25T04:28:33Z</time><sat>34</sat></trkpt>
  <trkpt lat="38.77213229" lon="114.62463781"><ele>163.851</ele><time>2026-08-25T04:28:36Z</time><sat>35</sat></trkpt>
  <trkpt lat="38.77215989" lon="114.62450522"><ele>164.107</ele><time>2026-08-25T04:28:39Z</time><sat>36</sat></trkpt>
  <trkpt lat="38.77220205" lon="114.62436976"><ele>164.308</ele><time>2026-08-25T04:28:42Z</time><sat>35</sat></trkpt>
  <trkpt lat="38.77225550" lon="114.62420296"><ele>165.100</ele><time>2026-08-25T04:28:45Z</time><sat>34</sat></trkpt>
  <trkpt lat="38.77228418" lon="114.62409984"><ele>166.233</ele><time>2026-08-25T04:28:48Z</time><sat>34</sat></trkpt>
  <trkpt lat="38.77228924" lon="114.62408373"><ele>166.878</ele><time>2026-08-25T04:28:51Z</time><sat>35</sat></trkpt>
  <trkpt lat="38.77228601" lon="114.62408585"><ele>167.176</ele><time>2026-08-25T04:28:54Z</time><sat>35</sat></trkpt>
  <trkpt lat="38.77228510" lon="114.62408517"><ele>167.450</ele><time>2026-08-25T04:28:57Z</time><sat>34</sat></trkpt>
  <trkpt lat="38.77228571" lon="114.62408503"><ele>167.626</ele><time>2026-08-25T04:29:00Z</time><sat>36</sat></trkpt>
  <trkpt lat="38.77228562" lon="114.62408573"><ele>167.704</ele><time>2026-08-25T04:29:03Z</time><sat>36</sat></trkpt>
  <trkpt lat="38.77228590" lon="114.62408628"><ele>167.626</ele><time>2026-08-25T04:29:06Z</time><sat>36</sat></trkpt>
  <trkpt lat="38.77228590" lon="114.62408634"><ele>167.608</ele><time>2026-08-25T04:29:09Z</time><sat>37</sat></trkpt>
  <trkpt lat="38.77228578" lon="114.62408635"><ele>167.599</ele><time>2026-08-25T04:29:12Z</time><sat>36</sat></trkpt>
  <trkpt lat="38.77228576" lon="114.62408616"><ele>167.617</ele><time>2026-08-25T04:29:15Z</time><sat>35</sat></trkpt>
  <trkpt lat="38.77228573" lon="114.62408611"><ele>167.626</ele><time>2026-08-25T04:29:18Z</time><sat>36</sat></trkpt>
  <trkpt lat="38.77228566" lon="114.62408611"><ele>167.626</ele><time>2026-08-25T04:29:21Z</time><sat>35</sat></trkpt>
  <trkpt lat="38.77228561" lon="114.62408612"><ele>167.619</ele><time>2026-08-25T04:29:24Z</time><sat>33</sat></trkpt>
  <trkpt lat="38.77228554" lon="114.62408618"><ele>167.611</ele><time>2026-08-25T04:29:27Z</time><sat>35</sat></trkpt>
  <trkpt lat="38.77228548" lon="114.62408623"><ele>167.605</ele><time>2026-08-25T04:29:30Z</time><sat>35</sat></trkpt>
  <trkpt lat="38.77228541" lon="114.62408627"><ele>167.601</ele><time>2026-08-25T04:29:33Z</time><sat>35</sat></trkpt>
  <trkpt lat="38.77228535" lon="114.62408631"><ele>167.601</ele><time>2026-08-25T04:29:36Z</time><sat>34</sat></trkpt>
  <trkpt lat="38.77228529" lon="114.62408631"><ele>167.601</ele><time>2026-08-25T04:29:39Z</time><sat>35</sat></trkpt>
  <trkpt lat="38.77228523" lon="114.62408638"><ele>167.593</ele><time>2026-08-25T04:29:42Z</time><sat>35</sat></trkpt>
  <trkpt lat="38.77228517" lon="114.62408645"><ele>167.586</ele><time>2026-08-25T04:29:45Z</time><sat>36</sat></trkpt>
  <trkpt lat="38.77228511" lon="114.62408652"><ele>167.578</ele><time>2026-08-25T04:29:48Z</time><sat>36</sat></trkpt>
  <trkpt lat="38.77228623" lon="114.62407907"><ele>167.448</ele><time>2026-08-25T04:29:51Z</time><sat>36</sat></trkpt>
  <trkpt lat="38.77230845" lon="114.62399311"><ele>167.400</ele><time>2026-08-25T04:29:54Z</time><sat>36</sat></trkpt>
  <trkpt lat="38.77233594" lon="114.62387176"><ele>166.674</ele><time>2026-08-25T04:29:57Z</time><sat>36</sat></trkpt>
  <trkpt lat="38.77236298" lon="114.62376561"><ele>166.159</ele><time>2026-08-25T04:30:00Z</time><sat>34</sat></trkpt>
  <trkpt lat="38.77237070" lon="114.62366082"><ele>165.985</ele><time>2026-08-25T04:30:03Z</time><sat>36</sat></trkpt>
  <trkpt lat="38.77234571" lon="114.62352481"><ele>165.708</ele><time>2026-08-25T04:30:06Z</time><sat>35</sat></trkpt>
  <trkpt lat="38.77225006" lon="114.62341345"><ele>165.469</ele><time>2026-08-25T04:30:09Z</time><sat>35</sat></trkpt>
  <trkpt lat="38.77210326" lon="114.62333349"><ele>165.819</ele><time>2026-08-25T04:30:12Z</time><sat>36</sat></trkpt>
  <trkpt lat="38.77195784" lon="114.62324847"><ele>165.374</ele><time>2026-08-25T04:30:15Z</time><sat>33</sat></trkpt>
  <trkpt lat="38.77179246" lon="114.62315984"><ele>165.700</ele><time>2026-08-25T04:30:18Z</time><sat>33</sat></trkpt>
  <trkpt lat="38.77160408" lon="114.62305131"><ele>165.896</ele><time>2026-08-25T04:30:21Z</time><sat>37</sat></trkpt>
  <trkpt lat="38.77139811" lon="114.62293195"><ele>166.089</ele><time>2026-08-25T04:30:24Z</time><sat>33</sat></trkpt>
  <trkpt lat="38.77115017" lon="114.62280457"><ele>166.299</ele><time>2026-08-25T04:30:27Z</time><sat>33</sat></trkpt>
  <trkpt lat="38.77090302" lon="114.62266781"><ele>167.242</ele><time>2026-08-25T04:30:30Z</time><sat>34</sat></trkpt>
  <trkpt lat="38.77065546" lon="114.62252273"><ele>167.203</ele><time>2026-08-25T04:30:33Z</time><sat>34</sat></trkpt>
  <trkpt lat="38.77039331" lon="114.62235427"><ele>166.926</ele><time>2026-08-25T04:30:36Z</time><sat>34</sat></trkpt>
  <trkpt lat="38.77010380" lon="114.62218452"><ele>167.165</ele><time>2026-08-25T04:30:39Z</time><sat>33</sat></trkpt>
  <trkpt lat="38.76979139" lon="114.62200228"><ele>167.181</ele><time>2026-08-25T04:30:42Z</time><sat>34</sat></trkpt>
  <trkpt lat="38.76946205" lon="114.62182853"><ele>168.230</ele><time>2026-08-25T04:30:45Z</time><sat>33</sat></trkpt>
  <trkpt lat="38.76911959" lon="114.62167528"><ele>168.295</ele><time>2026-08-25T04:30:48Z</time><sat>33</sat></trkpt>
  <trkpt lat="38.76876638" lon="114.62154639"><ele>168.995</ele><time>2026-08-25T04:30:51Z</time><sat>35</sat></trkpt>
  <trkpt lat="38.76840204" lon="114.62142567"><ele>170.129</ele><time>2026-08-25T04:30:54Z</time><sat>35</sat></trkpt>
  <trkpt lat="38.76797488" lon="114.62133578"><ele>171.003</ele><time>2026-08-25T04:30:57Z</time><sat>35</sat></trkpt>
  <trkpt lat="38.76754964" lon="114.62127986"><ele>173.156</ele><time>2026-08-25T04:31:00Z</time><sat>35</sat></trkpt>
  <trkpt lat="38.76715605" lon="114.62123141"><ele>175.696</ele><time>2026-08-25T04:31:03Z</time><sat>35</sat></trkpt>
  <trkpt lat="38.76677021" lon="114.62120267"><ele>177.877</ele><time>2026-08-25T04:31:06Z</time><sat>34</sat></trkpt>
  <trkpt lat="38.76638676" lon="114.62117057"><ele>180.915</ele><time>2026-08-25T04:31:09Z</time><sat>35</sat></trkpt>
  <trkpt lat="38.76602940" lon="114.62112538"><ele>182.335</ele><time>2026-08-25T04:31:12Z</time><sat>35</sat></trkpt>
  <trkpt lat="38.76568541" lon="114.62105232"><ele>184.167</ele><time>2026-08-25T04:31:15Z</time><sat>32</sat></trkpt>
  <trkpt lat="38.76529607" lon="114.62093985"><ele>185.201</ele><time>2026-08-25T04:31:18Z</time><sat>33</sat></trkpt>
  <trkpt lat="38.76491764" lon="114.62078917"><ele>186.610</ele><time>2026-08-25T04:31:21Z</time><sat>34</sat></trkpt>
  <trkpt lat="38.76456940" lon="114.62060290"><ele>186.639</ele><time>2026-08-25T04:31:24Z</time><sat>29</sat></trkpt>
  <trkpt lat="38.76422492" lon="114.62038590"><ele>187.037</ele><time>2026-08-25T04:31:27Z</time><sat>31</sat></trkpt>
  <trkpt lat="38.76387828" lon="114.62017687"><ele>187.914</ele><time>2026-08-25T04:31:30Z</time><sat>31</sat></trkpt>
  <trkpt lat="38.76353051" lon="114.62001620"><ele>189.201</ele><time>2026-08-25T04:31:33Z</time><sat>31</sat></trkpt>
  <trkpt lat="38.76315475" lon="114.61992117"><ele>189.779</ele><time>2026-08-25T04:31:36Z</time><sat>33</sat></trkpt>
  <trkpt lat="38.76275603" lon="114.61990841"><ele>190.712</ele><time>2026-08-25T04:31:39Z</time><sat>33</sat></trkpt>
  <trkpt lat="38.76239198" lon="114.61993860"><ele>192.093</ele><time>2026-08-25T04:31:42Z</time><sat>35</sat></trkpt>
  <trkpt lat="38.76199282" lon="114.61999401"><ele>193.452</ele><time>2026-08-25T04:31:45Z</time><sat>35</sat></trkpt>
  <trkpt lat="38.76157616" lon="114.62005244"><ele>194.731</ele><time>2026-08-25T04:31:48Z</time><sat>34</sat></trkpt>
  <trkpt lat="38.76114337" lon="114.62010528"><ele>195.267</ele><time>2026-08-25T04:31:51Z</time><sat>34</sat></trkpt>
  <trkpt lat="38.76071863" lon="114.62015908"><ele>195.526</ele><time>2026-08-25T04:31:54Z</time><sat>36</sat></trkpt>
  <trkpt lat="38.76029553" lon="114.62020647"><ele>195.712</ele><time>2026-08-25T04:31:57Z</time><sat>32</sat></trkpt>
  <trkpt lat="38.75986504" lon="114.62025776"><ele>197.001</ele><time>2026-08-25T04:32:00Z</time><sat>29</sat></trkpt>
  <trkpt lat="38.75946014" lon="114.62030245"><ele>197.843</ele><time>2026-08-25T04:32:03Z</time><sat>30</sat></trkpt>
  <trkpt lat="38.75905431" lon="114.62032302"><ele>199.928</ele><time>2026-08-25T04:32:06Z</time><sat>31</sat></trkpt>
  <trkpt lat="38.75859614" lon="114.62030823"><ele>199.555</ele><time>2026-08-25T04:32:09Z</time><sat>35</sat></trkpt>
  <trkpt lat="38.75812570" lon="114.62026981"><ele>199.004</ele><time>2026-08-25T04:32:12Z</time><sat>35</sat></trkpt>
  <trkpt lat="38.75765635" lon="114.62017868"><ele>199.225</ele><time>2026-08-25T04:32:15Z</time><sat>35</sat></trkpt>
  <trkpt lat="38.75719487" lon="114.62008984"><ele>199.594</ele><time>2026-08-25T04:32:18Z</time><sat>35</sat></trkpt>
  <trkpt lat="38.75673868" lon="114.62000388"><ele>200.506</ele><time>2026-08-25T04:32:21Z</time><sat>35</sat></trkpt>
  <trkpt lat="38.75628325" lon="114.61992935"><ele>201.460</ele><time>2026-08-25T04:32:24Z</time><sat>31</sat></trkpt>
  <trkpt lat="38.75582805" lon="114.61983823"><ele>203.015</ele><time>2026-08-25T04:32:27Z</time><sat>35</sat></trkpt>
  <trkpt lat="38.75535986" lon="114.61975572"><ele>205.918</ele><time>2026-08-25T04:32:30Z</time><sat>34</sat></trkpt>
  <trkpt lat="38.75492301" lon="114.61966839"><ele>209.491</ele><time>2026-08-25T04:32:33Z</time><sat>33</sat></trkpt>
  <trkpt lat="38.75451960" lon="114.61959133"><ele>211.364</ele><time>2026-08-25T04:32:36Z</time><sat>34</sat></trkpt>
  <trkpt lat="38.75412789" lon="114.61951944"><ele>212.477</ele><time>2026-08-25T04:32:39Z</time><sat>33</sat></trkpt>
  <trkpt lat="38.75373714" lon="114.61944567"><ele>212.694</ele><time>2026-08-25T04:32:42Z</time><sat>36</sat></trkpt>
  <trkpt lat="38.75335319" lon="114.61938482"><ele>213.825</ele><time>2026-08-25T04:32:45Z</time><sat>35</sat></trkpt>
  <trkpt lat="38.75299245" lon="114.61931721"><ele>213.717</ele><time>2026-08-25T04:32:48Z</time><sat>36</sat></trkpt>
  <trkpt lat="38.75263913" lon="114.61925368"><ele>214.050</ele><time>2026-08-25T04:32:51Z</time><sat>36</sat></trkpt>
  <trkpt lat="38.75227153" lon="114.61919073"><ele>213.643</ele><time>2026-08-25T04:32:54Z</time><sat>36</sat></trkpt>
  <trkpt lat="38.75189503" lon="114.61911914"><ele>212.527</ele><time>2026-08-25T04:32:57Z</time><sat>35</sat></trkpt>
  <trkpt lat="38.75116743" lon="114.61898432"><ele>212.036</ele><time>2026-08-25T04:33:02Z</time><sat>34</sat></trkpt>
  <trkpt lat="38.75076700" lon="114.61890824"><ele>210.842</ele><time>2026-08-25T04:33:05Z</time><sat>30</sat></trkpt>
  <trkpt lat="38.75036228" lon="114.61881670"><ele>210.159</ele><time>2026-08-25T04:33:08Z</time><sat>29</sat></trkpt>
  <trkpt lat="38.74992118" lon="114.61868270"><ele>210.150</ele><time>2026-08-25T04:33:11Z</time><sat>32</sat></trkpt>
  <trkpt lat="38.74948071" lon="114.61849416"><ele>208.764</ele><time>2026-08-25T04:33:14Z</time><sat>32</sat></trkpt>
  <trkpt lat="38.74905874" lon="114.61827178"><ele>206.133</ele><time>2026-08-25T04:33:17Z</time><sat>32</sat></trkpt>
  <trkpt lat="38.74864186" lon="114.61801154"><ele>205.390</ele><time>2026-08-25T04:33:20Z</time><sat>33</sat></trkpt>
  <trkpt lat="38.74823962" lon="114.61772514"><ele>203.713</ele><time>2026-08-25T04:33:23Z</time><sat>32</sat></trkpt>
  <trkpt lat="38.74783243" lon="114.61743352"><ele>203.158</ele><time>2026-08-25T04:33:26Z</time><sat>32</sat></trkpt>
  <trkpt lat="38.74743505" lon="114.61714741"><ele>203.191</ele><time>2026-08-25T04:33:29Z</time><sat>32</sat></trkpt>
  <trkpt lat="38.74704211" lon="114.61684522"><ele>202.731</ele><time>2026-08-25T04:33:32Z</time><sat>31</sat></trkpt>
  <trkpt lat="38.74663489" lon="114.61658353"><ele>202.136</ele><time>2026-08-25T04:33:35Z</time><sat>30</sat></trkpt>
  <trkpt lat="38.74624235" lon="114.61631985"><ele>201.154</ele><time>2026-08-25T04:33:38Z</time><sat>30</sat></trkpt>
  <trkpt lat="38.74586802" lon="114.61599319"><ele>201.517</ele><time>2026-08-25T04:33:41Z</time><sat>31</sat></trkpt>
  <trkpt lat="38.74551380" lon="114.61561940"><ele>201.796</ele><time>2026-08-25T04:33:44Z</time><sat>32</sat></trkpt>
  <trkpt lat="38.74519404" lon="114.61516231"><ele>202.042</ele><time>2026-08-25T04:33:47Z</time><sat>33</sat></trkpt>
  <trkpt lat="38.74493141" lon="114.61464456"><ele>202.331</ele><time>2026-08-25T04:33:50Z</time><sat>33</sat></trkpt>
  <trkpt lat="38.74467027" lon="114.61410072"><ele>203.379</ele><time>2026-08-25T04:33:53Z</time><sat>33</sat></trkpt>
  <trkpt lat="38.74441333" lon="114.61357230"><ele>203.297</ele><time>2026-08-25T04:33:56Z</time><sat>32</sat></trkpt>
  <trkpt lat="38.74413833" lon="114.61308354"><ele>202.871</ele><time>2026-08-25T04:33:59Z</time><sat>32</sat></trkpt>
  <trkpt lat="38.74380194" lon="114.61268841"><ele>202.675</ele><time>2026-08-25T04:34:02Z</time><sat>32</sat></trkpt>
  <trkpt lat="38.74341719" lon="114.61234813"><ele>202.559</ele><time>2026-08-25T04:34:05Z</time><sat>32</sat></trkpt>
  <trkpt lat="38.74300513" lon="114.61200875"><ele>202.945</ele><time>2026-08-25T04:34:08Z</time><sat>33</sat></trkpt>
  <trkpt lat="38.74259435" lon="114.61167191"><ele>202.454</ele><time>2026-08-25T04:34:11Z</time><sat>31</sat></trkpt>
  <trkpt lat="38.74219565" lon="114.61133310"><ele>202.487</ele><time>2026-08-25T04:34:14Z</time><sat>31</sat></trkpt>
  <trkpt lat="38.74179019" lon="114.61100138"><ele>202.632</ele><time>2026-08-25T04:34:17Z</time><sat>33</sat></trkpt>
  <trkpt lat="38.74139183" lon="114.61066869"><ele>202.010</ele><time>2026-08-25T04:34:20Z</time><sat>33</sat></trkpt>
  <trkpt lat="38.74099060" lon="114.61033131"><ele>202.691</ele><time>2026-08-25T04:34:23Z</time><sat>34</sat></trkpt>
  <trkpt lat="38.74059862" lon="114.61002570"><ele>203.331</ele><time>2026-08-25T04:34:26Z</time><sat>34</sat></trkpt>
  <trkpt lat="38.74018297" lon="114.60979602"><ele>203.627</ele><time>2026-08-25T04:34:29Z</time><sat>34</sat></trkpt>
  <trkpt lat="38.73971541" lon="114.60964333"><ele>203.694</ele><time>2026-08-25T04:34:32Z</time><sat>34</sat></trkpt>
  <trkpt lat="38.73923101" lon="114.60950733"><ele>202.989</ele><time>2026-08-25T04:34:35Z</time><sat>34</sat></trkpt>
  <trkpt lat="38.73874087" lon="114.60936882"><ele>203.362</ele><time>2026-08-25T04:34:38Z</time><sat>34</sat></trkpt>
  <trkpt lat="38.73823884" lon="114.60922488"><ele>204.077</ele><time>2026-08-25T04:34:41Z</time><sat>31</sat></trkpt>
  <trkpt lat="38.73772975" lon="114.60908453"><ele>205.090</ele><time>2026-08-25T04:34:44Z</time><sat>31</sat></trkpt>
  <trkpt lat="38.73722258" lon="114.60893839"><ele>204.746</ele><time>2026-08-25T04:34:47Z</time><sat>32</sat></trkpt>
  <trkpt lat="38.73672849" lon="114.60883100"><ele>205.450</ele><time>2026-08-25T04:34:50Z</time><sat>32</sat></trkpt>
  <trkpt lat="38.73624481" lon="114.60884793"><ele>205.631</ele><time>2026-08-25T04:34:53Z</time><sat>31</sat></trkpt>
  <trkpt lat="38.73580066" lon="114.60898372"><ele>206.036</ele><time>2026-08-25T04:34:56Z</time><sat>33</sat></trkpt>
  <trkpt lat="38.73539433" lon="114.60916265"><ele>205.814</ele><time>2026-08-25T04:34:59Z</time><sat>33</sat></trkpt>
  <trkpt lat="38.73501022" lon="114.60935687"><ele>205.179</ele><time>2026-08-25T04:35:02Z</time><sat>33</sat></trkpt>
  <trkpt lat="38.73463086" lon="114.60959106"><ele>206.583</ele><time>2026-08-25T04:35:05Z</time><sat>33</sat></trkpt>
  <trkpt lat="38.73428058" lon="114.60982283"><ele>208.952</ele><time>2026-08-25T04:35:08Z</time><sat>32</sat></trkpt>
  <trkpt lat="38.73384624" lon="114.61016098"><ele>212.962</ele><time>2026-08-25T04:35:11Z</time><sat>31</sat></trkpt>
  <trkpt lat="38.73326915" lon="114.61064028"><ele>217.766</ele><time>2026-08-25T04:35:14Z</time><sat>32</sat></trkpt>
  <trkpt lat="38.73266981" lon="114.61117123"><ele>222.929</ele><time>2026-08-25T04:35:17Z</time><sat>30</sat></trkpt>
  <trkpt lat="38.73215668" lon="114.61162393"><ele>227.279</ele><time>2026-08-25T04:35:20Z</time><sat>29</sat></trkpt>
  <trkpt lat="38.73172002" lon="114.61200946"><ele>231.759</ele><time>2026-08-25T04:35:23Z</time><sat>30</sat></trkpt>
  <trkpt lat="38.73125890" lon="114.61226834"><ele>235.706</ele><time>2026-08-25T04:35:26Z</time><sat>31</sat></trkpt>
  <trkpt lat="38.73080520" lon="114.61241398"><ele>238.525</ele><time>2026-08-25T04:35:29Z</time><sat>31</sat></trkpt>
  <trkpt lat="38.73043124" lon="114.61253029"><ele>240.327</ele><time>2026-08-25T04:35:32Z</time><sat>29</sat></trkpt>
  <trkpt lat="38.73008091" lon="114.61266027"><ele>242.089</ele><time>2026-08-25T04:35:35Z</time><sat>28</sat></trkpt>
  <trkpt lat="38.72972384" lon="114.61287450"><ele>243.619</ele><time>2026-08-25T04:35:38Z</time><sat>27</sat></trkpt>
  <trkpt lat="38.72943416" lon="114.61308818"><ele>244.875</ele><time>2026-08-25T04:35:41Z</time><sat>27</sat></trkpt>
  <trkpt lat="38.72920402" lon="114.61326277"><ele>246.418</ele><time>2026-08-25T04:35:44Z</time><sat>26</sat></trkpt>
  <trkpt lat="38.72902651" lon="114.61340763"><ele>246.938</ele><time>2026-08-25T04:35:47Z</time><sat>28</sat></trkpt>
  <trkpt lat="38.72885392" lon="114.61354679"><ele>247.574</ele><time>2026-08-25T04:35:50Z</time><sat>30</sat></trkpt>
  <trkpt lat="38.72865283" lon="114.61368739"><ele>249.211</ele><time>2026-08-25T04:35:53Z</time><sat>31</sat></trkpt>
  <trkpt lat="38.72845703" lon="114.61384240"><ele>251.027</ele><time>2026-08-25T04:35:56Z</time><sat>31</sat></trkpt>
  <trkpt lat="38.72824669" lon="114.61400432"><ele>252.606</ele><time>2026-08-25T04:35:59Z</time><sat>29</sat></trkpt>
  <trkpt lat="38.72805142" lon="114.61416011"><ele>253.871</ele><time>2026-08-25T04:36:02Z</time><sat>30</sat></trkpt>
  <trkpt lat="38.72784051" lon="114.61433995"><ele>255.516</ele><time>2026-08-25T04:36:05Z</time><sat>32</sat></trkpt>
  <trkpt lat="38.72762274" lon="114.61451168"><ele>256.737</ele><time>2026-08-25T04:36:08Z</time><sat>33</sat></trkpt>
  <trkpt lat="38.72741084" lon="114.61467793"><ele>258.342</ele><time>2026-08-25T04:36:11Z</time><sat>34</sat></trkpt>
  <trkpt lat="38.72720355" lon="114.61483584"><ele>260.179</ele><time>2026-08-25T04:36:14Z</time><sat>33</sat></trkpt>
  <trkpt lat="38.72699558" lon="114.61499035"><ele>261.451</ele><time>2026-08-25T04:36:17Z</time><sat>31</sat></trkpt>
  <trkpt lat="38.72677785" lon="114.61512275"><ele>262.111</ele><time>2026-08-25T04:36:20Z</time><sat>33</sat></trkpt>
  <trkpt lat="38.72655378" lon="114.61523089"><ele>262.842</ele><time>2026-08-25T04:36:23Z</time><sat>33</sat></trkpt>
  <trkpt lat="38.72633900" lon="114.61530315"><ele>263.290</ele><time>2026-08-25T04:36:26Z</time><sat>29</sat></trkpt>
  <trkpt lat="38.72619405" lon="114.61533376"><ele>263.456</ele><time>2026-08-25T04:36:29Z</time><sat>28</sat></trkpt>
  <trkpt lat="38.72602950" lon="114.61537110"><ele>263.739</ele><time>2026-08-25T04:36:32Z</time><sat>28</sat></trkpt>
  <trkpt lat="38.72582319" lon="114.61543933"><ele>263.214</ele><time>2026-08-25T04:36:35Z</time><sat>29</sat></trkpt>
  <trkpt lat="38.72557736" lon="114.61548888"><ele>265.148</ele><time>2026-08-25T04:36:38Z</time><sat>35</sat></trkpt>
  <trkpt lat="38.72541837" lon="114.61548539"><ele>265.759</ele><time>2026-08-25T04:36:41Z</time><sat>36</sat></trkpt>
  <trkpt lat="38.72520527" lon="114.61545294"><ele>265.203</ele><time>2026-08-25T04:36:44Z</time><sat>36</sat></trkpt>
  <trkpt lat="38.72496371" lon="114.61537367"><ele>264.863</ele><time>2026-08-25T04:36:47Z</time><sat>34</sat></trkpt>
  <trkpt lat="38.72471473" lon="114.61526218"><ele>264.140</ele><time>2026-08-25T04:36:50Z</time><sat>34</sat></trkpt>
  <trkpt lat="38.72448446" lon="114.61510549"><ele>262.969</ele><time>2026-08-25T04:36:53Z</time><sat>33</sat></trkpt>
  <trkpt lat="38.72425889" lon="114.61488703"><ele>262.202</ele><time>2026-08-25T04:36:56Z</time><sat>34</sat></trkpt>
  <trkpt lat="38.72402179" lon="114.61464161"><ele>261.935</ele><time>2026-08-25T04:36:59Z</time><sat>31</sat></trkpt>
  <trkpt lat="38.72379538" lon="114.61439868"><ele>260.367</ele><time>2026-08-25T04:37:02Z</time><sat>31</sat></trkpt>
  <trkpt lat="38.72355454" lon="114.61413176"><ele>259.681</ele><time>2026-08-25T04:37:05Z</time><sat>31</sat></trkpt>
  <trkpt lat="38.72325652" lon="114.61384017"><ele>257.385</ele><time>2026-08-25T04:37:08Z</time><sat>31</sat></trkpt>
  <trkpt lat="38.72283385" lon="114.61342011"><ele>254.452</ele><time>2026-08-25T04:37:11Z</time><sat>32</sat></trkpt>
  <trkpt lat="38.72237585" lon="114.61294132"><ele>252.015</ele><time>2026-08-25T04:37:14Z</time><sat>31</sat></trkpt>
  <trkpt lat="38.72189349" lon="114.61241340"><ele>249.960</ele><time>2026-08-25T04:37:17Z</time><sat>32</sat></trkpt>
  <trkpt lat="38.72143179" lon="114.61188848"><ele>248.773</ele><time>2026-08-25T04:37:20Z</time><sat>34</sat></trkpt>
  <trkpt lat="38.72099616" lon="114.61142254"><ele>246.591</ele><time>2026-08-25T04:37:23Z</time><sat>35</sat></trkpt>
  <trkpt lat="38.72057556" lon="114.61096509"><ele>245.256</ele><time>2026-08-25T04:37:26Z</time><sat>33</sat></trkpt>
  <trkpt lat="38.72013183" lon="114.61049965"><ele>244.246</ele><time>2026-08-25T04:37:29Z</time><sat>29</sat></trkpt>
  <trkpt lat="38.71970235" lon="114.61004361"><ele>242.851</ele><time>2026-08-25T04:37:32Z</time><sat>31</sat></trkpt>
  <trkpt lat="38.71927531" lon="114.60959297"><ele>241.783</ele><time>2026-08-25T04:37:35Z</time><sat>34</sat></trkpt>
  <trkpt lat="38.71887353" lon="114.60916279"><ele>240.189</ele><time>2026-08-25T04:37:38Z</time><sat>33</sat></trkpt>
  <trkpt lat="38.71849794" lon="114.60876999"><ele>239.672</ele><time>2026-08-25T04:37:41Z</time><sat>34</sat></trkpt>
  <trkpt lat="38.71813967" lon="114.60839228"><ele>240.145</ele><time>2026-08-25T04:37:44Z</time><sat>34</sat></trkpt>
  <trkpt lat="38.71782598" lon="114.60806261"><ele>239.915</ele><time>2026-08-25T04:37:47Z</time><sat>33</sat></trkpt>
  <trkpt lat="38.71748433" lon="114.60769148"><ele>239.799</ele><time>2026-08-25T04:37:50Z</time><sat>33</sat></trkpt>
  <trkpt lat="38.71712548" lon="114.60728889"><ele>238.693</ele><time>2026-08-25T04:37:53Z</time><sat>32</sat></trkpt>
  <trkpt lat="38.71675137" lon="114.60683191"><ele>236.943</ele><time>2026-08-25T04:37:56Z</time><sat>31</sat></trkpt>
  <trkpt lat="38.71637731" lon="114.60634619"><ele>235.675</ele><time>2026-08-25T04:37:59Z</time><sat>32</sat></trkpt>
  <trkpt lat="38.71600109" lon="114.60585864"><ele>234.975</ele><time>2026-08-25T04:38:02Z</time><sat>30</sat></trkpt>
  <trkpt lat="38.71558123" lon="114.60541487"><ele>234.317</ele><time>2026-08-25T04:38:05Z</time><sat>28</sat></trkpt>
  <trkpt lat="38.71511580" lon="114.60499674"><ele>232.247</ele><time>2026-08-25T04:38:08Z</time><sat>32</sat></trkpt>
  <trkpt lat="38.71462449" lon="114.60459856"><ele>230.526</ele><time>2026-08-25T04:38:11Z</time><sat>31</sat></trkpt>
  <trkpt lat="38.71416381" lon="114.60422026"><ele>229.554</ele><time>2026-08-25T04:38:14Z</time><sat>30</sat></trkpt>
  <trkpt lat="38.71371907" lon="114.60380288"><ele>228.208</ele><time>2026-08-25T04:38:17Z</time><sat>31</sat></trkpt>
  <trkpt lat="38.71326329" lon="114.60328627"><ele>227.254</ele><time>2026-08-25T04:38:20Z</time><sat>33</sat></trkpt>
  <trkpt lat="38.71281728" lon="114.60277427"><ele>227.395</ele><time>2026-08-25T04:38:23Z</time><sat>35</sat></trkpt>
  <trkpt lat="38.71240774" lon="114.60223954"><ele>227.013</ele><time>2026-08-25T04:38:26Z</time><sat>33</sat></trkpt>
  <trkpt lat="38.71200991" lon="114.60162726"><ele>226.258</ele><time>2026-08-25T04:38:29Z</time><sat>31</sat></trkpt>
  <trkpt lat="38.71162014" lon="114.60100351"><ele>226.714</ele><time>2026-08-25T04:38:32Z</time><sat>35</sat></trkpt>
  <trkpt lat="38.71123757" lon="114.60040201"><ele>226.531</ele><time>2026-08-25T04:38:35Z</time><sat>35</sat></trkpt>
  <trkpt lat="38.71083262" lon="114.59977572"><ele>227.633</ele><time>2026-08-25T04:38:38Z</time><sat>27</sat></trkpt>
  <trkpt lat="38.71040761" lon="114.59913498"><ele>229.268</ele><time>2026-08-25T04:38:41Z</time><sat>26</sat></trkpt>
  <trkpt lat="38.71000795" lon="114.59851195"><ele>229.778</ele><time>2026-08-25T04:38:44Z</time><sat>30</sat></trkpt>
  <trkpt lat="38.70965147" lon="114.59796818"><ele>230.538</ele><time>2026-08-25T04:38:47Z</time><sat>31</sat></trkpt>
  <trkpt lat="38.70931507" lon="114.59743194"><ele>229.106</ele><time>2026-08-25T04:38:50Z</time><sat>26</sat></trkpt>
  <trkpt lat="38.70896446" lon="114.59689330"><ele>229.041</ele><time>2026-08-25T04:38:53Z</time><sat>26</sat></trkpt>
  <trkpt lat="38.70860788" lon="114.59634818"><ele>227.499</ele><time>2026-08-25T04:38:56Z</time><sat>30</sat></trkpt>
  <trkpt lat="38.70827216" lon="114.59582096"><ele>226.515</ele><time>2026-08-25T04:38:59Z</time><sat>29</sat></trkpt>
  <trkpt lat="38.70794710" lon="114.59530770"><ele>225.314</ele><time>2026-08-25T04:39:02Z</time><sat>28</sat></trkpt>
  <trkpt lat="38.70765234" lon="114.59476873"><ele>224.583</ele><time>2026-08-25T04:39:05Z</time><sat>28</sat></trkpt>
  <trkpt lat="38.70738383" lon="114.59418544"><ele>223.690</ele><time>2026-08-25T04:39:08Z</time><sat>31</sat></trkpt>
  <trkpt lat="38.70712128" lon="114.59352894"><ele>222.223</ele><time>2026-08-25T04:39:11Z</time><sat>30</sat></trkpt>
  <trkpt lat="38.70687015" lon="114.59286542"><ele>220.915</ele><time>2026-08-25T04:39:14Z</time><sat>29</sat></trkpt>
  <trkpt lat="38.70662011" lon="114.59220301"><ele>218.804</ele><time>2026-08-25T04:39:17Z</time><sat>30</sat></trkpt>
  <trkpt lat="38.70639664" lon="114.59155703"><ele>217.199</ele><time>2026-08-25T04:39:20Z</time><sat>32</sat></trkpt>
  <trkpt lat="38.70618305" lon="114.59091702"><ele>216.614</ele><time>2026-08-25T04:39:23Z</time><sat>30</sat></trkpt>
  <trkpt lat="38.70597322" lon="114.59025564"><ele>216.273</ele><time>2026-08-25T04:39:26Z</time><sat>28</sat></trkpt>
  <trkpt lat="38.70577082" lon="114.58960587"><ele>215.448</ele><time>2026-08-25T04:39:29Z</time><sat>34</sat></trkpt>
  <trkpt lat="38.70556648" lon="114.58894956"><ele>214.537</ele><time>2026-08-25T04:39:32Z</time><sat>34</sat></trkpt>
  <trkpt lat="38.70537177" lon="114.58829371"><ele>212.485</ele><time>2026-08-25T04:39:35Z</time><sat>35</sat></trkpt>
  <trkpt lat="38.70518828" lon="114.58764230"><ele>210.225</ele><time>2026-08-25T04:39:38Z</time><sat>35</sat></trkpt>
  <trkpt lat="38.70500464" lon="114.58698761"><ele>208.914</ele><time>2026-08-25T04:39:41Z</time><sat>35</sat></trkpt>
  <trkpt lat="38.70482701" lon="114.58635129"><ele>208.301</ele><time>2026-08-25T04:39:44Z</time><sat>34</sat></trkpt>
  <trkpt lat="38.70464629" lon="114.58571097"><ele>208.000</ele><time>2026-08-25T04:39:47Z</time><sat>34</sat></trkpt>
  <trkpt lat="38.70448157" lon="114.58506795"><ele>207.424</ele><time>2026-08-25T04:39:50Z</time><sat>34</sat></trkpt>
  <trkpt lat="38.70433933" lon="114.58440668"><ele>206.776</ele><time>2026-08-25T04:39:53Z</time><sat>34</sat></trkpt>
  <trkpt lat="38.70421014" lon="114.58371175"><ele>206.314</ele><time>2026-08-25T04:39:56Z</time><sat>32</sat></trkpt>
  <trkpt lat="38.70409866" lon="114.58298132"><ele>205.749</ele><time>2026-08-25T04:39:59Z</time><sat>32</sat></trkpt>
  <trkpt lat="38.70399276" lon="114.58228774"><ele>203.082</ele><time>2026-08-25T04:40:02Z</time><sat>35</sat></trkpt>
  <trkpt lat="38.70388988" lon="114.58161942"><ele>200.732</ele><time>2026-08-25T04:40:05Z</time><sat>35</sat></trkpt>
  <trkpt lat="38.70379184" lon="114.58097637"><ele>198.876</ele><time>2026-08-25T04:40:08Z</time><sat>34</sat></trkpt>
  <trkpt lat="38.70367915" lon="114.58039187"><ele>198.459</ele><time>2026-08-25T04:40:11Z</time><sat>34</sat></trkpt>
  <trkpt lat="38.70348561" lon="114.57985698"><ele>197.782</ele><time>2026-08-25T04:40:14Z</time><sat>34</sat></trkpt>
  <trkpt lat="38.70319090" lon="114.57943219"><ele>197.356</ele><time>2026-08-25T04:40:17Z</time><sat>35</sat></trkpt>
  <trkpt lat="38.70286302" lon="114.57911498"><ele>196.496</ele><time>2026-08-25T04:40:20Z</time><sat>34</sat></trkpt>
  <trkpt lat="38.70255455" lon="114.57881176"><ele>196.091</ele><time>2026-08-25T04:40:23Z</time><sat>33</sat></trkpt>
  <trkpt lat="38.70228094" lon="114.57845039"><ele>195.074</ele><time>2026-08-25T04:40:26Z</time><sat>33</sat></trkpt>
  <trkpt lat="38.70207109" lon="114.57804408"><ele>194.340</ele><time>2026-08-25T04:40:29Z</time><sat>33</sat></trkpt>
  <trkpt lat="38.70187265" lon="114.57760322"><ele>193.096</ele><time>2026-08-25T04:40:32Z</time><sat>35</sat></trkpt>
  <trkpt lat="38.70167794" lon="114.57715710"><ele>191.519</ele><time>2026-08-25T04:40:35Z</time><sat>35</sat></trkpt>
  <trkpt lat="38.70146776" lon="114.57668208"><ele>189.787</ele><time>2026-08-25T04:40:38Z</time><sat>35</sat></trkpt>
  <trkpt lat="38.70127312" lon="114.57619607"><ele>189.039</ele><time>2026-08-25T04:40:41Z</time><sat>35</sat></trkpt>
  <trkpt lat="38.70111011" lon="114.57571788"><ele>187.286</ele><time>2026-08-25T04:40:44Z</time><sat>34</sat></trkpt>
  <trkpt lat="38.70096294" lon="114.57521023"><ele>185.629</ele><time>2026-08-25T04:40:47Z</time><sat>34</sat></trkpt>
  <trkpt lat="38.70082776" lon="114.57468531"><ele>183.897</ele><time>2026-08-25T04:40:50Z</time><sat>35</sat></trkpt>
  <trkpt lat="38.70070338" lon="114.57414097"><ele>181.819</ele><time>2026-08-25T04:40:53Z</time><sat>35</sat></trkpt>
  <trkpt lat="38.70056545" lon="114.57357953"><ele>180.624</ele><time>2026-08-25T04:40:56Z</time><sat>35</sat></trkpt>
  <trkpt lat="38.70043343" lon="114.57302478"><ele>179.102</ele><time>2026-08-25T04:40:59Z</time><sat>35</sat></trkpt>
  <trkpt lat="38.70030816" lon="114.57251203"><ele>179.101</ele><time>2026-08-25T04:41:02Z</time><sat>34</sat></trkpt>
  <trkpt lat="38.70018886" lon="114.57202399"><ele>180.270</ele><time>2026-08-25T04:41:05Z</time><sat>34</sat></trkpt>
  <trkpt lat="38.70007209" lon="114.57150788"><ele>181.592</ele><time>2026-08-25T04:41:08Z</time><sat>34</sat></trkpt>
  <trkpt lat="38.69995487" lon="114.57091054"><ele>182.319</ele><time>2026-08-25T04:41:11Z</time><sat>35</sat></trkpt>
  <trkpt lat="38.69986693" lon="114.57037123"><ele>183.524</ele><time>2026-08-25T04:41:14Z</time><sat>36</sat></trkpt>
  <trkpt lat="38.69980241" lon="114.56990039"><ele>184.410</ele><time>2026-08-25T04:41:17Z</time><sat>36</sat></trkpt>
  <trkpt lat="38.69974144" lon="114.56945987"><ele>185.351</ele><time>2026-08-25T04:41:20Z</time><sat>36</sat></trkpt>
  <trkpt lat="38.69968172" lon="114.56897999"><ele>186.476</ele><time>2026-08-25T04:41:23Z</time><sat>34</sat></trkpt>
  <trkpt lat="38.69962719" lon="114.56851766"><ele>186.230</ele><time>2026-08-25T04:41:26Z</time><sat>35</sat></trkpt>
  <trkpt lat="38.69956735" lon="114.56805601"><ele>184.960</ele><time>2026-08-25T04:41:29Z</time><sat>33</sat></trkpt>
  <trkpt lat="38.69950542" lon="114.56755246"><ele>183.459</ele><time>2026-08-25T04:41:32Z</time><sat>36</sat></trkpt>
  <trkpt lat="38.69943944" lon="114.56702534"><ele>181.177</ele><time>2026-08-25T04:41:35Z</time><sat>36</sat></trkpt>
  <trkpt lat="38.69937094" lon="114.56647775"><ele>178.389</ele><time>2026-08-25T04:41:38Z</time><sat>36</sat></trkpt>
  <trkpt lat="38.69929796" lon="114.56595727"><ele>176.363</ele><time>2026-08-25T04:41:41Z</time><sat>35</sat></trkpt>
  <trkpt lat="38.69920003" lon="114.56553987"><ele>175.034</ele><time>2026-08-25T04:41:44Z</time><sat>35</sat></trkpt>
  <trkpt lat="38.69904894" lon="114.56516435"><ele>173.535</ele><time>2026-08-25T04:41:47Z</time><sat>35</sat></trkpt>
  <trkpt lat="38.69883234" lon="114.56480268"><ele>171.598</ele><time>2026-08-25T04:41:50Z</time><sat>35</sat></trkpt>
  <trkpt lat="38.69856387" lon="114.56447839"><ele>169.808</ele><time>2026-08-25T04:41:53Z</time><sat>36</sat></trkpt>
  <trkpt lat="38.69826773" lon="114.56417187"><ele>168.342</ele><time>2026-08-25T04:41:56Z</time><sat>36</sat></trkpt>
  <trkpt lat="38.69796020" lon="114.56386717"><ele>166.386</ele><time>2026-08-25T04:41:59Z</time><sat>35</sat></trkpt>
  <trkpt lat="38.69767250" lon="114.56356392"><ele>164.865</ele><time>2026-08-25T04:42:02Z</time><sat>34</sat></trkpt>
  <trkpt lat="38.69737736" lon="114.56326119"><ele>163.333</ele><time>2026-08-25T04:42:05Z</time><sat>34</sat></trkpt>
  <trkpt lat="38.69706859" lon="114.56294894"><ele>161.667</ele><time>2026-08-25T04:42:08Z</time><sat>34</sat></trkpt>
  <trkpt lat="38.69678881" lon="114.56262911"><ele>161.492</ele><time>2026-08-25T04:42:11Z</time><sat>32</sat></trkpt>
  <trkpt lat="38.69652881" lon="114.56231666"><ele>160.943</ele><time>2026-08-25T04:42:14Z</time><sat>34</sat></trkpt>
  <trkpt lat="38.69628756" lon="114.56193331"><ele>159.136</ele><time>2026-08-25T04:42:17Z</time><sat>35</sat></trkpt>
  <trkpt lat="38.69610496" lon="114.56148306"><ele>157.280</ele><time>2026-08-25T04:42:20Z</time><sat>35</sat></trkpt>
  <trkpt lat="38.69596430" lon="114.56099835"><ele>157.003</ele><time>2026-08-25T04:42:23Z</time><sat>35</sat></trkpt>
  <trkpt lat="38.69582302" lon="114.56044833"><ele>154.720</ele><time>2026-08-25T04:42:26Z</time><sat>35</sat></trkpt>
  <trkpt lat="38.69570472" lon="114.55990568"><ele>153.048</ele><time>2026-08-25T04:42:29Z</time><sat>35</sat></trkpt>
  <trkpt lat="38.69560434" lon="114.55946169"><ele>151.757</ele><time>2026-08-25T04:42:32Z</time><sat>33</sat></trkpt>
  <trkpt lat="38.69550083" lon="114.55900307"><ele>150.561</ele><time>2026-08-25T04:42:35Z</time><sat>33</sat></trkpt>
  <trkpt lat="38.69538333" lon="114.55849346"><ele>148.835</ele><time>2026-08-25T04:42:38Z</time><sat>34</sat></trkpt>
  <trkpt lat="38.69525898" lon="114.55796415"><ele>148.211</ele><time>2026-08-25T04:42:41Z</time><sat>32</sat></trkpt>
  <trkpt lat="38.69514611" lon="114.55747607"><ele>148.020</ele><time>2026-08-25T04:42:44Z</time><sat>30</sat></trkpt>
  <trkpt lat="38.69501865" lon="114.55701357"><ele>148.309</ele><time>2026-08-25T04:42:47Z</time><sat>31</sat></trkpt>
  <trkpt lat="38.69487508" lon="114.55652829"><ele>148.097</ele><time>2026-08-25T04:42:50Z</time><sat>28</sat></trkpt>
  <trkpt lat="38.69471467" lon="114.55602155"><ele>147.791</ele><time>2026-08-25T04:42:53Z</time><sat>30</sat></trkpt>
  <trkpt lat="38.69454954" lon="114.55555092"><ele>147.404</ele><time>2026-08-25T04:42:56Z</time><sat>30</sat></trkpt>
  <trkpt lat="38.69435640" lon="114.55514242"><ele>147.534</ele><time>2026-08-25T04:42:59Z</time><sat>32</sat></trkpt>
  <trkpt lat="38.69411005" lon="114.55480956"><ele>147.500</ele><time>2026-08-25T04:43:02Z</time><sat>32</sat></trkpt>
  <trkpt lat="38.69381853" lon="114.55452992"><ele>146.025</ele><time>2026-08-25T04:43:05Z</time><sat>34</sat></trkpt>
  <trkpt lat="38.69352669" lon="114.55423847"><ele>145.443</ele><time>2026-08-25T04:43:08Z</time><sat>34</sat></trkpt>
  <trkpt lat="38.69324711" lon="114.55397355"><ele>145.219</ele><time>2026-08-25T04:43:11Z</time><sat>34</sat></trkpt>
  <trkpt lat="38.69298328" lon="114.55371871"><ele>144.843</ele><time>2026-08-25T04:43:14Z</time><sat>33</sat></trkpt>
  <trkpt lat="38.69273227" lon="114.55340003"><ele>143.746</ele><time>2026-08-25T04:43:17Z</time><sat>33</sat></trkpt>
  <trkpt lat="38.69251977" lon="114.55301349"><ele>141.934</ele><time>2026-08-25T04:43:20Z</time><sat>32</sat></trkpt>
  <trkpt lat="38.69236226" lon="114.55257769"><ele>140.090</ele><time>2026-08-25T04:43:23Z</time><sat>31</sat></trkpt>
  <trkpt lat="38.69226962" lon="114.55217843"><ele>137.282</ele><time>2026-08-25T04:43:26Z</time><sat>30</sat></trkpt>
  <trkpt lat="38.69222655" lon="114.55175386"><ele>135.850</ele><time>2026-08-25T04:43:29Z</time><sat>32</sat></trkpt>
  <trkpt lat="38.69218471" lon="114.55136339"><ele>135.196</ele><time>2026-08-25T04:43:32Z</time><sat>34</sat></trkpt>
  <trkpt lat="38.69214981" lon="114.55099507"><ele>135.713</ele><time>2026-08-25T04:43:35Z</time><sat>34</sat></trkpt>
  <trkpt lat="38.69210883" lon="114.55060057"><ele>135.308</ele><time>2026-08-25T04:43:38Z</time><sat>33</sat></trkpt>
  <trkpt lat="38.69205501" lon="114.55016805"><ele>134.923</ele><time>2026-08-25T04:43:41Z</time><sat>33</sat></trkpt>
  <trkpt lat="38.69200610" lon="114.54973574"><ele>134.435</ele><time>2026-08-25T04:43:44Z</time><sat>32</sat></trkpt>
  <trkpt lat="38.69195659" lon="114.54928189"><ele>133.482</ele><time>2026-08-25T04:43:47Z</time><sat>30</sat></trkpt>
  <trkpt lat="38.69190166" lon="114.54881654"><ele>133.180</ele><time>2026-08-25T04:43:50Z</time><sat>31</sat></trkpt>
  <trkpt lat="38.69183702" lon="114.54834561"><ele>132.914</ele><time>2026-08-25T04:43:53Z</time><sat>32</sat></trkpt>
  <trkpt lat="38.69177111" lon="114.54780571"><ele>133.776</ele><time>2026-08-25T04:43:56Z</time><sat>30</sat></trkpt>
  <trkpt lat="38.69167777" lon="114.54712271"><ele>133.408</ele><time>2026-08-25T04:43:59Z</time><sat>28</sat></trkpt>
  <trkpt lat="38.69157731" lon="114.54631234"><ele>133.670</ele><time>2026-08-25T04:44:02Z</time><sat>28</sat></trkpt>
  <trkpt lat="38.69147471" lon="114.54542630"><ele>131.445</ele><time>2026-08-25T04:44:05Z</time><sat>27</sat></trkpt>
  <trkpt lat="38.69137127" lon="114.54451099"><ele>131.505</ele><time>2026-08-25T04:44:08Z</time><sat>30</sat></trkpt>
  <trkpt lat="38.69129268" lon="114.54364458"><ele>131.096</ele><time>2026-08-25T04:44:11Z</time><sat>34</sat></trkpt>
  <trkpt lat="38.69121229" lon="114.54291993"><ele>130.440</ele><time>2026-08-25T04:44:14Z</time><sat>32</sat></trkpt>
  <trkpt lat="38.69113125" lon="114.54221386"><ele>131.082</ele><time>2026-08-25T04:44:17Z</time><sat>25</sat></trkpt>
  <trkpt lat="38.69104471" lon="114.54151289"><ele>132.655</ele><time>2026-08-25T04:44:20Z</time><sat>24</sat></trkpt>
  <trkpt lat="38.69095995" lon="114.54079735"><ele>132.953</ele><time>2026-08-25T04:44:23Z</time><sat>29</sat></trkpt>
  <trkpt lat="38.69088279" lon="114.54006071"><ele>134.230</ele><time>2026-08-25T04:44:26Z</time><sat>28</sat></trkpt>
  <trkpt lat="38.69079953" lon="114.53932262"><ele>135.174</ele><time>2026-08-25T04:44:29Z</time><sat>27</sat></trkpt>
  <trkpt lat="38.69072485" lon="114.53862632"><ele>135.131</ele><time>2026-08-25T04:44:32Z</time><sat>27</sat></trkpt>
  <trkpt lat="38.69061291" lon="114.53801845"><ele>135.693</ele><time>2026-08-25T04:44:35Z</time><sat>27</sat></trkpt>
  <trkpt lat="38.69042148" lon="114.53747301"><ele>136.447</ele><time>2026-08-25T04:44:38Z</time><sat>28</sat></trkpt>
  <trkpt lat="38.69010473" lon="114.53700993"><ele>137.712</ele><time>2026-08-25T04:44:41Z</time><sat>30</sat></trkpt>
  <trkpt lat="38.68975713" lon="114.53662821"><ele>141.330</ele><time>2026-08-25T04:44:44Z</time><sat>29</sat></trkpt>
  <trkpt lat="38.68940448" lon="114.53627327"><ele>143.804</ele><time>2026-08-25T04:44:47Z</time><sat>31</sat></trkpt>
  <trkpt lat="38.68907603" lon="114.53588835"><ele>145.491</ele><time>2026-08-25T04:44:50Z</time><sat>31</sat></trkpt>
  <trkpt lat="38.68883928" lon="114.53541178"><ele>147.701</ele><time>2026-08-25T04:44:53Z</time><sat>32</sat></trkpt>
  <trkpt lat="38.68872501" lon="114.53482999"><ele>149.889</ele><time>2026-08-25T04:44:56Z</time><sat>33</sat></trkpt>
  <trkpt lat="38.68864322" lon="114.53420972"><ele>151.682</ele><time>2026-08-25T04:44:59Z</time><sat>34</sat></trkpt>
  <trkpt lat="38.68851254" lon="114.53367043"><ele>153.273</ele><time>2026-08-25T04:45:02Z</time><sat>33</sat></trkpt>
  <trkpt lat="38.68827961" lon="114.53319834"><ele>154.464</ele><time>2026-08-25T04:45:05Z</time><sat>32</sat></trkpt>
  <trkpt lat="38.68790319" lon="114.53276660"><ele>155.314</ele><time>2026-08-25T04:45:08Z</time><sat>35</sat></trkpt>
  <trkpt lat="38.68741382" lon="114.53232177"><ele>156.775</ele><time>2026-08-25T04:45:11Z</time><sat>35</sat></trkpt>
  <trkpt lat="38.68689462" lon="114.53184889"><ele>158.464</ele><time>2026-08-25T04:45:14Z</time><sat>35</sat></trkpt>
  <trkpt lat="38.68639700" lon="114.53139491"><ele>160.155</ele><time>2026-08-25T04:45:17Z</time><sat>35</sat></trkpt>
  <trkpt lat="38.68587817" lon="114.53101675"><ele>161.475</ele><time>2026-08-25T04:45:20Z</time><sat>35</sat></trkpt>
  <trkpt lat="38.68531661" lon="114.53069493"><ele>162.585</ele><time>2026-08-25T04:45:23Z</time><sat>34</sat></trkpt>
  <trkpt lat="38.68476457" lon="114.53039385"><ele>165.085</ele><time>2026-08-25T04:45:26Z</time><sat>34</sat></trkpt>
  <trkpt lat="38.68431932" lon="114.53006983"><ele>168.422</ele><time>2026-08-25T04:45:29Z</time><sat>35</sat></trkpt>
  <trkpt lat="38.68397573" lon="114.52967078"><ele>170.316</ele><time>2026-08-25T04:45:32Z</time><sat>35</sat></trkpt>
  <trkpt lat="38.68372985" lon="114.52918247"><ele>173.109</ele><time>2026-08-25T04:45:35Z</time><sat>35</sat></trkpt>
  <trkpt lat="38.68359146" lon="114.52864259"><ele>176.065</ele><time>2026-08-25T04:45:38Z</time><sat>35</sat></trkpt>
  <trkpt lat="38.68348493" lon="114.52801517"><ele>178.534</ele><time>2026-08-25T04:45:41Z</time><sat>35</sat></trkpt>
  <trkpt lat="38.68337220" lon="114.52731967"><ele>181.035</ele><time>2026-08-25T04:45:44Z</time><sat>34</sat></trkpt>
  <trkpt lat="38.68325668" lon="114.52661857"><ele>184.182</ele><time>2026-08-25T04:45:47Z</time><sat>33</sat></trkpt>
  <trkpt lat="38.68313492" lon="114.52590750"><ele>187.265</ele><time>2026-08-25T04:45:50Z</time><sat>33</sat></trkpt>
  <trkpt lat="38.68303445" lon="114.52527176"><ele>190.259</ele><time>2026-08-25T04:45:53Z</time><sat>33</sat></trkpt>
  <trkpt lat="38.68294812" lon="114.52469008"><ele>191.166</ele><time>2026-08-25T04:45:56Z</time><sat>32</sat></trkpt>
  <trkpt lat="38.68284758" lon="114.52408767"><ele>191.756</ele><time>2026-08-25T04:45:59Z</time><sat>33</sat></trkpt>
  <trkpt lat="38.68273630" lon="114.52348927"><ele>191.938</ele><time>2026-08-25T04:46:02Z</time><sat>33</sat></trkpt>
  <trkpt lat="38.68264366" lon="114.52293923"><ele>191.863</ele><time>2026-08-25T04:46:05Z</time><sat>34</sat></trkpt>
  <trkpt lat="38.68257418" lon="114.52245679"><ele>192.075</ele><time>2026-08-25T04:46:08Z</time><sat>34</sat></trkpt>
  <trkpt lat="38.68252718" lon="114.52205007"><ele>192.758</ele><time>2026-08-25T04:46:11Z</time><sat>35</sat></trkpt>
  <trkpt lat="38.68249263" lon="114.52160566"><ele>192.590</ele><time>2026-08-25T04:46:14Z</time><sat>35</sat></trkpt>
  <trkpt lat="38.68248390" lon="114.52112631"><ele>192.222</ele><time>2026-08-25T04:46:17Z</time><sat>35</sat></trkpt>
  <trkpt lat="38.68251389" lon="114.52064897"><ele>190.941</ele><time>2026-08-25T04:46:20Z</time><sat>35</sat></trkpt>
  <trkpt lat="38.68255100" lon="114.52012819"><ele>189.120</ele><time>2026-08-25T04:46:23Z</time><sat>35</sat></trkpt>
  <trkpt lat="38.68259242" lon="114.51958824"><ele>187.275</ele><time>2026-08-25T04:46:26Z</time><sat>35</sat></trkpt>
  <trkpt lat="38.68263092" lon="114.51904910"><ele>185.067</ele><time>2026-08-25T04:46:29Z</time><sat>35</sat></trkpt>
  <trkpt lat="38.68267380" lon="114.51847631"><ele>183.307</ele><time>2026-08-25T04:46:32Z</time><sat>35</sat></trkpt>
  <trkpt lat="38.68272054" lon="114.51788499"><ele>181.437</ele><time>2026-08-25T04:46:35Z</time><sat>35</sat></trkpt>
  <trkpt lat="38.68276435" lon="114.51728403"><ele>179.439</ele><time>2026-08-25T04:46:38Z</time><sat>35</sat></trkpt>
  <trkpt lat="38.68281735" lon="114.51665007"><ele>177.024</ele><time>2026-08-25T04:46:41Z</time><sat>35</sat></trkpt>
  <trkpt lat="38.68285830" lon="114.51604525"><ele>174.881</ele><time>2026-08-25T04:46:44Z</time><sat>35</sat></trkpt>
  <trkpt lat="38.68289573" lon="114.51552488"><ele>172.987</ele><time>2026-08-25T04:46:47Z</time><sat>35</sat></trkpt>
  <trkpt lat="38.68293938" lon="114.51499399"><ele>171.191</ele><time>2026-08-25T04:46:50Z</time><sat>35</sat></trkpt>
  <trkpt lat="38.68296592" lon="114.51446066"><ele>169.368</ele><time>2026-08-25T04:46:53Z</time><sat>34</sat></trkpt>
  <trkpt lat="38.68294086" lon="114.51393139"><ele>167.607</ele><time>2026-08-25T04:46:56Z</time><sat>34</sat></trkpt>
  <trkpt lat="38.68284527" lon="114.51345020"><ele>166.896</ele><time>2026-08-25T04:46:59Z</time><sat>34</sat></trkpt>
  <trkpt lat="38.68269055" lon="114.51303856"><ele>166.784</ele><time>2026-08-25T04:47:02Z</time><sat>34</sat></trkpt>
  <trkpt lat="38.68247195" lon="114.51267875"><ele>166.236</ele><time>2026-08-25T04:47:05Z</time><sat>35</sat></trkpt>
  <trkpt lat="38.68225024" lon="114.51239883"><ele>166.223</ele><time>2026-08-25T04:47:08Z</time><sat>35</sat></trkpt>
  <trkpt lat="38.68215491" lon="114.51219298"><ele>166.177</ele><time>2026-08-25T04:47:11Z</time><sat>35</sat></trkpt>
  <trkpt lat="38.68223495" lon="114.51194925"><ele>165.645</ele><time>2026-08-25T04:47:14Z</time><sat>35</sat></trkpt>
  <trkpt lat="38.68239925" lon="114.51158043"><ele>166.588</ele><time>2026-08-25T04:47:17Z</time><sat>35</sat></trkpt>
  <trkpt lat="38.68264461" lon="114.51109759"><ele>167.142</ele><time>2026-08-25T04:47:20Z</time><sat>35</sat></trkpt>
  <trkpt lat="38.68289956" lon="114.51059129"><ele>167.922</ele><time>2026-08-25T04:47:23Z</time><sat>35</sat></trkpt>
  <trkpt lat="38.68313565" lon="114.51010430"><ele>169.299</ele><time>2026-08-25T04:47:26Z</time><sat>35</sat></trkpt>
  <trkpt lat="38.68338303" lon="114.50959011"><ele>169.559</ele><time>2026-08-25T04:47:29Z</time><sat>33</sat></trkpt>
  <trkpt lat="38.68364718" lon="114.50909067"><ele>169.323</ele><time>2026-08-25T04:47:32Z</time><sat>35</sat></trkpt>
  <trkpt lat="38.68394517" lon="114.50864842"><ele>169.090</ele><time>2026-08-25T04:47:35Z</time><sat>35</sat></trkpt>
  <trkpt lat="38.68427729" lon="114.50832944"><ele>169.579</ele><time>2026-08-25T04:47:38Z</time><sat>35</sat></trkpt>
  <trkpt lat="38.68466956" lon="114.50799113"><ele>169.858</ele><time>2026-08-25T04:47:41Z</time><sat>35</sat></trkpt>
  <trkpt lat="38.68507648" lon="114.50764384"><ele>170.941</ele><time>2026-08-25T04:47:44Z</time><sat>35</sat></trkpt>
  <trkpt lat="38.68547852" lon="114.50730336"><ele>172.009</ele><time>2026-08-25T04:47:47Z</time><sat>35</sat></trkpt>
  <trkpt lat="38.68587036" lon="114.50697619"><ele>172.654</ele><time>2026-08-25T04:47:50Z</time><sat>35</sat></trkpt>
  <trkpt lat="38.68624204" lon="114.50665550"><ele>173.710</ele><time>2026-08-25T04:47:53Z</time><sat>35</sat></trkpt>
  <trkpt lat="38.68658187" lon="114.50633031"><ele>173.593</ele><time>2026-08-25T04:47:56Z</time><sat>35</sat></trkpt>
  <trkpt lat="38.68681740" lon="114.50592202"><ele>172.349</ele><time>2026-08-25T04:47:59Z</time><sat>35</sat></trkpt>
  <trkpt lat="38.68700326" lon="114.50541041"><ele>171.680</ele><time>2026-08-25T04:48:02Z</time><sat>34</sat></trkpt>
  <trkpt lat="38.68718130" lon="114.50490550"><ele>170.823</ele><time>2026-08-25T04:48:05Z</time><sat>33</sat></trkpt>
  <trkpt lat="38.68735230" lon="114.50456353"><ele>169.781</ele><time>2026-08-25T04:48:08Z</time><sat>34</sat></trkpt>
  <trkpt lat="38.68757001" lon="114.50437584"><ele>167.989</ele><time>2026-08-25T04:48:11Z</time><sat>34</sat></trkpt>
  <trkpt lat="38.68787029" lon="114.50421212"><ele>166.189</ele><time>2026-08-25T04:48:14Z</time><sat>35</sat></trkpt>
  <trkpt lat="38.68821638" lon="114.50405522"><ele>163.798</ele><time>2026-08-25T04:48:17Z</time><sat>35</sat></trkpt>
  <trkpt lat="38.68856758" lon="114.50392138"><ele>161.068</ele><time>2026-08-25T04:48:20Z</time><sat>34</sat></trkpt>
  <trkpt lat="38.68890412" lon="114.50379282"><ele>159.117</ele><time>2026-08-25T04:48:23Z</time><sat>32</sat></trkpt>
  <trkpt lat="38.68924048" lon="114.50366346"><ele>157.700</ele><time>2026-08-25T04:48:26Z</time><sat>30</sat></trkpt>
  <trkpt lat="38.68956998" lon="114.50354812"><ele>157.077</ele><time>2026-08-25T04:48:29Z</time><sat>28</sat></trkpt>
  <trkpt lat="38.68988430" lon="114.50352294"><ele>155.381</ele><time>2026-08-25T04:48:32Z</time><sat>32</sat></trkpt>
  <trkpt lat="38.69020530" lon="114.50355524"><ele>153.504</ele><time>2026-08-25T04:48:35Z</time><sat>33</sat></trkpt>
  <trkpt lat="38.69054219" lon="114.50362533"><ele>150.994</ele><time>2026-08-25T04:48:38Z</time><sat>31</sat></trkpt>
  <trkpt lat="38.69087440" lon="114.50369753"><ele>150.766</ele><time>2026-08-25T04:48:41Z</time><sat>31</sat></trkpt>
  <trkpt lat="38.69117604" lon="114.50383107"><ele>150.408</ele><time>2026-08-25T04:48:44Z</time><sat>30</sat></trkpt>
  <trkpt lat="38.69141881" lon="114.50401924"><ele>150.834</ele><time>2026-08-25T04:48:47Z</time><sat>32</sat></trkpt>
  <trkpt lat="38.69160187" lon="114.50404608"><ele>149.902</ele><time>2026-08-25T04:48:50Z</time><sat>31</sat></trkpt>
  <trkpt lat="38.69177967" lon="114.50389541"><ele>149.699</ele><time>2026-08-25T04:48:53Z</time><sat>30</sat></trkpt>
  <trkpt lat="38.69194236" lon="114.50370010"><ele>149.066</ele><time>2026-08-25T04:48:56Z</time><sat>32</sat></trkpt>
  <trkpt lat="38.69205617" lon="114.50350660"><ele>149.338</ele><time>2026-08-25T04:48:59Z</time><sat>32</sat></trkpt>
  <trkpt lat="38.69207608" lon="114.50334764"><ele>149.337</ele><time>2026-08-25T04:49:02Z</time><sat>33</sat></trkpt>
  <trkpt lat="38.69200967" lon="114.50312607"><ele>149.356</ele><time>2026-08-25T04:49:05Z</time><sat>33</sat></trkpt>
  <trkpt lat="38.69189510" lon="114.50289774"><ele>149.430</ele><time>2026-08-25T04:49:08Z</time><sat>33</sat></trkpt>
  <trkpt lat="38.69176260" lon="114.50276088"><ele>149.716</ele><time>2026-08-25T04:49:11Z</time><sat>34</sat></trkpt>
  <trkpt lat="38.69168722" lon="114.50271803"><ele>152.015</ele><time>2026-08-25T04:49:14Z</time><sat>33</sat></trkpt>
  <trkpt lat="38.69157319" lon="114.50258382"><ele>152.175</ele><time>2026-08-25T04:49:17Z</time><sat>32</sat></trkpt>
  <trkpt lat="38.69136201" lon="114.50239140"><ele>152.528</ele><time>2026-08-25T04:49:20Z</time><sat>32</sat></trkpt>
  <trkpt lat="38.69116713" lon="114.50212702"><ele>152.981</ele><time>2026-08-25T04:49:23Z</time><sat>33</sat></trkpt>
  <trkpt lat="38.69103420" lon="114.50184418"><ele>153.500</ele><time>2026-08-25T04:49:26Z</time><sat>33</sat></trkpt>
  <trkpt lat="38.69094420" lon="114.50147998"><ele>153.238</ele><time>2026-08-25T04:49:29Z</time><sat>34</sat></trkpt>
  <trkpt lat="38.69086819" lon="114.50105896"><ele>154.087</ele><time>2026-08-25T04:49:32Z</time><sat>34</sat></trkpt>
  <trkpt lat="38.69079006" lon="114.50065805"><ele>154.288</ele><time>2026-08-25T04:49:35Z</time><sat>34</sat></trkpt>
  <trkpt lat="38.69070839" lon="114.50022260"><ele>154.573</ele><time>2026-08-25T04:49:38Z</time><sat>34</sat></trkpt>
  <trkpt lat="38.69061943" lon="114.49977282"><ele>155.098</ele><time>2026-08-25T04:49:41Z</time><sat>34</sat></trkpt>
  <trkpt lat="38.69053326" lon="114.49932669"><ele>155.043</ele><time>2026-08-25T04:49:44Z</time><sat>34</sat></trkpt>
  <trkpt lat="38.69043479" lon="114.49888330"><ele>155.424</ele><time>2026-08-25T04:49:47Z</time><sat>34</sat></trkpt>
  <trkpt lat="38.69034754" lon="114.49846795"><ele>156.397</ele><time>2026-08-25T04:49:50Z</time><sat>34</sat></trkpt>
  <trkpt lat="38.69029219" lon="114.49812052"><ele>157.491</ele><time>2026-08-25T04:49:53Z</time><sat>34</sat></trkpt>
  <trkpt lat="38.69027694" lon="114.49783614"><ele>158.367</ele><time>2026-08-25T04:49:56Z</time><sat>34</sat></trkpt>
  <trkpt lat="38.69039552" lon="114.49749949"><ele>159.796</ele><time>2026-08-25T04:49:59Z</time><sat>34</sat></trkpt>
  <trkpt lat="38.69062953" lon="114.49713411"><ele>162.052</ele><time>2026-08-25T04:50:02Z</time><sat>34</sat></trkpt>
  <trkpt lat="38.69088125" lon="114.49681538"><ele>164.214</ele><time>2026-08-25T04:50:05Z</time><sat>35</sat></trkpt>
  <trkpt lat="38.69118322" lon="114.49653188"><ele>166.232</ele><time>2026-08-25T04:50:08Z</time><sat>35</sat></trkpt>
  <trkpt lat="38.69153434" lon="114.49624508"><ele>168.213</ele><time>2026-08-25T04:50:11Z</time><sat>33</sat></trkpt>
  <trkpt lat="38.69187488" lon="114.49594805"><ele>170.568</ele><time>2026-08-25T04:50:14Z</time><sat>28</sat></trkpt>
  <trkpt lat="38.69216774" lon="114.49565603"><ele>172.675</ele><time>2026-08-25T04:50:17Z</time><sat>35</sat></trkpt>
  <trkpt lat="38.69233275" lon="114.49539254"><ele>174.269</ele><time>2026-08-25T04:50:20Z</time><sat>35</sat></trkpt>
  <trkpt lat="38.69247688" lon="114.49504507"><ele>175.333</ele><time>2026-08-25T04:50:23Z</time><sat>34</sat></trkpt>
  <trkpt lat="38.69266076" lon="114.49460605"><ele>177.355</ele><time>2026-08-25T04:50:26Z</time><sat>35</sat></trkpt>
  <trkpt lat="38.69286737" lon="114.49411358"><ele>179.040</ele><time>2026-08-25T04:50:29Z</time><sat>35</sat></trkpt>
  <trkpt lat="38.69307377" lon="114.49362202"><ele>180.153</ele><time>2026-08-25T04:50:32Z</time><sat>34</sat></trkpt>
  <trkpt lat="38.69330644" lon="114.49310196"><ele>182.195</ele><time>2026-08-25T04:50:35Z</time><sat>35</sat></trkpt>
  <trkpt lat="38.69352539" lon="114.49258574"><ele>183.843</ele><time>2026-08-25T04:50:38Z</time><sat>35</sat></trkpt>
  <trkpt lat="38.69371788" lon="114.49214326"><ele>185.191</ele><time>2026-08-25T04:50:41Z</time><sat>34</sat></trkpt>
  <trkpt lat="38.69393518" lon="114.49185838"><ele>186.117</ele><time>2026-08-25T04:50:44Z</time><sat>32</sat></trkpt>
  <trkpt lat="38.69421900" lon="114.49163083"><ele>187.538</ele><time>2026-08-25T04:50:47Z</time><sat>32</sat></trkpt>
  <trkpt lat="38.69455463" lon="114.49136009"><ele>188.258</ele><time>2026-08-25T04:50:50Z</time><sat>33</sat></trkpt>
  <trkpt lat="38.69490345" lon="114.49108444"><ele>188.946</ele><time>2026-08-25T04:50:53Z</time><sat>33</sat></trkpt>
  <trkpt lat="38.69512679" lon="114.49082568"><ele>188.357</ele><time>2026-08-25T04:50:56Z</time><sat>33</sat></trkpt>
  <trkpt lat="38.69520804" lon="114.49051133"><ele>187.959</ele><time>2026-08-25T04:50:59Z</time><sat>33</sat></trkpt>
  <trkpt lat="38.69521788" lon="114.49013161"><ele>186.623</ele><time>2026-08-25T04:51:02Z</time><sat>31</sat></trkpt>
  <trkpt lat="38.69517105" lon="114.48969195"><ele>185.641</ele><time>2026-08-25T04:51:05Z</time><sat>32</sat></trkpt>
  <trkpt lat="38.69512762" lon="114.48920820"><ele>184.449</ele><time>2026-08-25T04:51:08Z</time><sat>32</sat></trkpt>
  <trkpt lat="38.69509141" lon="114.48870933"><ele>183.042</ele><time>2026-08-25T04:51:11Z</time><sat>33</sat></trkpt>
  <trkpt lat="38.69512387" lon="114.48826858"><ele>182.317</ele><time>2026-08-25T04:51:14Z</time><sat>28</sat></trkpt>
  <trkpt lat="38.69528967" lon="114.48784197"><ele>182.038</ele><time>2026-08-25T04:51:17Z</time><sat>22</sat></trkpt>
  <trkpt lat="38.69555029" lon="114.48743912"><ele>182.291</ele><time>2026-08-25T04:51:20Z</time><sat>23</sat></trkpt>
  <trkpt lat="38.69583571" lon="114.48704962"><ele>181.996</ele><time>2026-08-25T04:51:23Z</time><sat>21</sat></trkpt>
  <trkpt lat="38.69613917" lon="114.48674275"><ele>182.116</ele><time>2026-08-25T04:51:26Z</time><sat>23</sat></trkpt>
  <trkpt lat="38.69654609" lon="114.48650361"><ele>180.684</ele><time>2026-08-25T04:51:29Z</time><sat>26</sat></trkpt>
  <trkpt lat="38.69700854" lon="114.48621060"><ele>180.972</ele><time>2026-08-25T04:51:32Z</time><sat>23</sat></trkpt>
  <trkpt lat="38.69745187" lon="114.48595054"><ele>180.296</ele><time>2026-08-25T04:51:35Z</time><sat>19</sat></trkpt>
  <trkpt lat="38.69791089" lon="114.48578916"><ele>179.732</ele><time>2026-08-25T04:51:38Z</time><sat>18</sat></trkpt>
  <trkpt lat="38.69834331" lon="114.48562748"><ele>180.090</ele><time>2026-08-25T04:51:41Z</time><sat>21</sat></trkpt>
  <trkpt lat="38.69874780" lon="114.48551408"><ele>180.609</ele><time>2026-08-25T04:51:44Z</time><sat>17</sat></trkpt>
  <trkpt lat="38.69910407" lon="114.48530577"><ele>180.504</ele><time>2026-08-25T04:51:47Z</time><sat>17</sat></trkpt>
  <trkpt lat="38.69938754" lon="114.48501689"><ele>181.031</ele><time>2026-08-25T04:51:50Z</time><sat>23</sat></trkpt>
  <trkpt lat="38.69961896" lon="114.48461969"><ele>182.781</ele><time>2026-08-25T04:51:53Z</time><sat>23</sat></trkpt>
  <trkpt lat="38.69984788" lon="114.48426021"><ele>184.212</ele><time>2026-08-25T04:51:56Z</time><sat>23</sat></trkpt>
  <trkpt lat="38.70015559" lon="114.48406893"><ele>183.335</ele><time>2026-08-25T04:51:59Z</time><sat>26</sat></trkpt>
  <trkpt lat="38.70046749" lon="114.48409233"><ele>182.733</ele><time>2026-08-25T04:52:02Z</time><sat>28</sat></trkpt>
  <trkpt lat="38.70078123" lon="114.48418228"><ele>183.479</ele><time>2026-08-25T04:52:05Z</time><sat>26</sat></trkpt>
  <trkpt lat="38.70107239" lon="114.48413832"><ele>183.624</ele><time>2026-08-25T04:52:08Z</time><sat>22</sat></trkpt>
  <trkpt lat="38.70130011" lon="114.48391441"><ele>184.489</ele><time>2026-08-25T04:52:11Z</time><sat>25</sat></trkpt>
  <trkpt lat="38.70156742" lon="114.48351561"><ele>184.740</ele><time>2026-08-25T04:52:14Z</time><sat>25</sat></trkpt>
  <trkpt lat="38.70185812" lon="114.48313670"><ele>187.009</ele><time>2026-08-25T04:52:17Z</time><sat>26</sat></trkpt>
  <trkpt lat="38.70213135" lon="114.48279087"><ele>187.946</ele><time>2026-08-25T04:52:20Z</time><sat>29</sat></trkpt>
  <trkpt lat="38.70235563" lon="114.48249130"><ele>188.327</ele><time>2026-08-25T04:52:23Z</time><sat>30</sat></trkpt>
  <trkpt lat="38.70256855" lon="114.48227193"><ele>189.445</ele><time>2026-08-25T04:52:26Z</time><sat>32</sat></trkpt>
  <trkpt lat="38.70281357" lon="114.48211467"><ele>190.561</ele><time>2026-08-25T04:52:29Z</time><sat>32</sat></trkpt>
  <trkpt lat="38.70308824" lon="114.48199217"><ele>191.434</ele><time>2026-08-25T04:52:32Z</time><sat>32</sat></trkpt>
  <trkpt lat="38.70340646" lon="114.48197875"><ele>192.481</ele><time>2026-08-25T04:52:35Z</time><sat>31</sat></trkpt>
  <trkpt lat="38.70372106" lon="114.48195790"><ele>193.117</ele><time>2026-08-25T04:52:38Z</time><sat>32</sat></trkpt>
  <trkpt lat="38.70390826" lon="114.48180861"><ele>194.769</ele><time>2026-08-25T04:52:41Z</time><sat>31</sat></trkpt>
  <trkpt lat="38.70392124" lon="114.48150494"><ele>196.307</ele><time>2026-08-25T04:52:44Z</time><sat>33</sat></trkpt>
  <trkpt lat="38.70396221" lon="114.48114912"><ele>197.552</ele><time>2026-08-25T04:52:47Z</time><sat>32</sat></trkpt>
  <trkpt lat="38.70410594" lon="114.48089923"><ele>199.515</ele><time>2026-08-25T04:52:50Z</time><sat>33</sat></trkpt>
  <trkpt lat="38.70438199" lon="114.48077727"><ele>202.024</ele><time>2026-08-25T04:52:53Z</time><sat>31</sat></trkpt>
  <trkpt lat="38.70475752" lon="114.48067242"><ele>205.867</ele><time>2026-08-25T04:52:56Z</time><sat>33</sat></trkpt>
  <trkpt lat="38.70519630" lon="114.48055070"><ele>209.345</ele><time>2026-08-25T04:52:59Z</time><sat>32</sat></trkpt>
  <trkpt lat="38.70567093" lon="114.48042410"><ele>212.754</ele><time>2026-08-25T04:53:02Z</time><sat>34</sat></trkpt>
  <trkpt lat="38.70618648" lon="114.48030656"><ele>216.997</ele><time>2026-08-25T04:53:05Z</time><sat>35</sat></trkpt>
  <trkpt lat="38.70665211" lon="114.48019473"><ele>220.496</ele><time>2026-08-25T04:53:08Z</time><sat>35</sat></trkpt>
  <trkpt lat="38.70706394" lon="114.48007922"><ele>223.398</ele><time>2026-08-25T04:53:11Z</time><sat>35</sat></trkpt>
  <trkpt lat="38.70737883" lon="114.47991084"><ele>226.296</ele><time>2026-08-25T04:53:14Z</time><sat>34</sat></trkpt>
  <trkpt lat="38.70762841" lon="114.47962105"><ele>228.460</ele><time>2026-08-25T04:53:17Z</time><sat>32</sat></trkpt>
  <trkpt lat="38.70782169" lon="114.47928590"><ele>229.580</ele><time>2026-08-25T04:53:20Z</time><sat>33</sat></trkpt>
  <trkpt lat="38.70788109" lon="114.47889052"><ele>231.361</ele><time>2026-08-25T04:53:23Z</time><sat>34</sat></trkpt>
  <trkpt lat="38.70789447" lon="114.47843285"><ele>232.864</ele><time>2026-08-25T04:53:26Z</time><sat>35</sat></trkpt>
  <trkpt lat="38.70801910" lon="114.47801749"><ele>235.114</ele><time>2026-08-25T04:53:29Z</time><sat>33</sat></trkpt>
  <trkpt lat="38.70825990" lon="114.47763095"><ele>237.657</ele><time>2026-08-25T04:53:32Z</time><sat>33</sat></trkpt>
  <trkpt lat="38.70853545" lon="114.47721083"><ele>240.215</ele><time>2026-08-25T04:53:35Z</time><sat>34</sat></trkpt>
  <trkpt lat="38.70875417" lon="114.47684189"><ele>242.232</ele><time>2026-08-25T04:53:38Z</time><sat>32</sat></trkpt>
  <trkpt lat="38.70879361" lon="114.47649093"><ele>243.704</ele><time>2026-08-25T04:53:41Z</time><sat>33</sat></trkpt>
  <trkpt lat="38.70876158" lon="114.47604971"><ele>244.656</ele><time>2026-08-25T04:53:44Z</time><sat>33</sat></trkpt>
  <trkpt lat="38.70874573" lon="114.47542089"><ele>246.439</ele><time>2026-08-25T04:53:47Z</time><sat>33</sat></trkpt>
  <trkpt lat="38.70874034" lon="114.47500187"><ele>249.229</ele><time>2026-08-25T04:53:50Z</time><sat>31</sat></trkpt>
  <trkpt lat="38.70872951" lon="114.47474744"><ele>250.519</ele><time>2026-08-25T04:53:53Z</time><sat>29</sat></trkpt>
  <trkpt lat="38.70867290" lon="114.47432863"><ele>252.543</ele><time>2026-08-25T04:53:56Z</time><sat>26</sat></trkpt>
  <trkpt lat="38.70855662" lon="114.47388336"><ele>255.103</ele><time>2026-08-25T04:53:59Z</time><sat>29</sat></trkpt>
  <trkpt lat="38.70852323" lon="114.47349136"><ele>257.318</ele><time>2026-08-25T04:54:02Z</time><sat>29</sat></trkpt>
  <trkpt lat="38.70866693" lon="114.47315720"><ele>259.169</ele><time>2026-08-25T04:54:05Z</time><sat>29</sat></trkpt>
  <trkpt lat="38.70889829" lon="114.47278430"><ele>261.324</ele><time>2026-08-25T04:54:08Z</time><sat>30</sat></trkpt>
  <trkpt lat="38.70913306" lon="114.47241898"><ele>261.623</ele><time>2026-08-25T04:54:11Z</time><sat>29</sat></trkpt>
  <trkpt lat="38.70931602" lon="114.47203303"><ele>261.017</ele><time>2026-08-25T04:54:14Z</time><sat>26</sat></trkpt>
  <trkpt lat="38.70948582" lon="114.47156947"><ele>258.355</ele><time>2026-08-25T04:54:17Z</time><sat>27</sat></trkpt>
  <trkpt lat="38.70967041" lon="114.47104003"><ele>254.389</ele><time>2026-08-25T04:54:20Z</time><sat>27</sat></trkpt>
  <trkpt lat="38.70987186" lon="114.47045842"><ele>250.318</ele><time>2026-08-25T04:54:23Z</time><sat>26</sat></trkpt>
  <trkpt lat="38.71005679" lon="114.46993462"><ele>247.125</ele><time>2026-08-25T04:54:26Z</time><sat>27</sat></trkpt>
  <trkpt lat="38.71030440" lon="114.46966611"><ele>245.029</ele><time>2026-08-25T04:54:29Z</time><sat>28</sat></trkpt>
  <trkpt lat="38.71067432" lon="114.46948564"><ele>241.509</ele><time>2026-08-25T04:54:32Z</time><sat>28</sat></trkpt>
  <trkpt lat="38.71106519" lon="114.46929533"><ele>238.674</ele><time>2026-08-25T04:54:35Z</time><sat>30</sat></trkpt>
  <trkpt lat="38.71143515" lon="114.46911094"><ele>236.003</ele><time>2026-08-25T04:54:38Z</time><sat>27</sat></trkpt>
  <trkpt lat="38.71169908" lon="114.46893064"><ele>233.926</ele><time>2026-08-25T04:54:41Z</time><sat>26</sat></trkpt>
  <trkpt lat="38.71186731" lon="114.46858547"><ele>231.578</ele><time>2026-08-25T04:54:44Z</time><sat>29</sat></trkpt>
  <trkpt lat="38.71208495" lon="114.46811891"><ele>228.817</ele><time>2026-08-25T04:54:47Z</time><sat>30</sat></trkpt>
  <trkpt lat="38.71233053" lon="114.46759939"><ele>225.325</ele><time>2026-08-25T04:54:50Z</time><sat>29</sat></trkpt>
  <trkpt lat="38.71259161" lon="114.46705280"><ele>221.091</ele><time>2026-08-25T04:54:53Z</time><sat>27</sat></trkpt>
  <trkpt lat="38.71285635" lon="114.46652762"><ele>217.881</ele><time>2026-08-25T04:54:56Z</time><sat>25</sat></trkpt>
  <trkpt lat="38.71318526" lon="114.46606376"><ele>215.794</ele><time>2026-08-25T04:54:59Z</time><sat>24</sat></trkpt>
  <trkpt lat="38.71353653" lon="114.46560303"><ele>215.160</ele><time>2026-08-25T04:55:02Z</time><sat>24</sat></trkpt>
  <trkpt lat="38.71388660" lon="114.46515048"><ele>216.317</ele><time>2026-08-25T04:55:05Z</time><sat>24</sat></trkpt>
  <trkpt lat="38.71418479" lon="114.46476504"><ele>213.317</ele><time>2026-08-25T04:55:08Z</time><sat>21</sat></trkpt>
  <trkpt lat="38.71440410" lon="114.46429116"><ele>213.023</ele><time>2026-08-25T04:55:11Z</time><sat>23</sat></trkpt>
  <trkpt lat="38.71457235" lon="114.46386340"><ele>212.571</ele><time>2026-08-25T04:55:14Z</time><sat>26</sat></trkpt>
  <trkpt lat="38.71472798" lon="114.46363708"><ele>212.180</ele><time>2026-08-25T04:55:17Z</time><sat>24</sat></trkpt>
  <trkpt lat="38.71498992" lon="114.46352958"><ele>210.143</ele><time>2026-08-25T04:55:20Z</time><sat>23</sat></trkpt>
  <trkpt lat="38.71517598" lon="114.46338104"><ele>211.213</ele><time>2026-08-25T04:55:23Z</time><sat>24</sat></trkpt>
  <trkpt lat="38.71528310" lon="114.46304822"><ele>212.875</ele><time>2026-08-25T04:55:26Z</time><sat>28</sat></trkpt>
  <trkpt lat="38.71537668" lon="114.46249405"><ele>214.514</ele><time>2026-08-25T04:55:29Z</time><sat>29</sat></trkpt>
  <trkpt lat="38.71548851" lon="114.46185025"><ele>216.942</ele><time>2026-08-25T04:55:32Z</time><sat>28</sat></trkpt>
  <trkpt lat="38.71560099" lon="114.46121760"><ele>219.226</ele><time>2026-08-25T04:55:35Z</time><sat>27</sat></trkpt>
  <trkpt lat="38.71570310" lon="114.46063474"><ele>222.357</ele><time>2026-08-25T04:55:38Z</time><sat>27</sat></trkpt>
  <trkpt lat="38.71576720" lon="114.46017089"><ele>224.809</ele><time>2026-08-25T04:55:41Z</time><sat>23</sat></trkpt>
  <trkpt lat="38.71570899" lon="114.45975713"><ele>227.142</ele><time>2026-08-25T04:55:44Z</time><sat>23</sat></trkpt>
  <trkpt lat="38.71560232" lon="114.45938887"><ele>231.435</ele><time>2026-08-25T04:55:47Z</time><sat>26</sat></trkpt>
  <trkpt lat="38.71556826" lon="114.45913368"><ele>234.101</ele><time>2026-08-25T04:55:50Z</time><sat>29</sat></trkpt>
  <trkpt lat="38.71572970" lon="114.45906183"><ele>235.525</ele><time>2026-08-25T04:55:53Z</time><sat>27</sat></trkpt>
  <trkpt lat="38.71589992" lon="114.45901736"><ele>237.158</ele><time>2026-08-25T04:55:56Z</time><sat>24</sat></trkpt>
  <trkpt lat="38.71600859" lon="114.45877925"><ele>240.394</ele><time>2026-08-25T04:55:59Z</time><sat>29</sat></trkpt>
  <trkpt lat="38.71605175" lon="114.45838145"><ele>242.659</ele><time>2026-08-25T04:56:02Z</time><sat>33</sat></trkpt>
  <trkpt lat="38.71615112" lon="114.45802436"><ele>246.159</ele><time>2026-08-25T04:56:05Z</time><sat>34</sat></trkpt>
  <trkpt lat="38.71634360" lon="114.45767106"><ele>249.220</ele><time>2026-08-25T04:56:08Z</time><sat>33</sat></trkpt>
  <trkpt lat="38.71652642" lon="114.45730571"><ele>252.118</ele><time>2026-08-25T04:56:11Z</time><sat>33</sat></trkpt>
  <trkpt lat="38.71664664" lon="114.45690930"><ele>253.824</ele><time>2026-08-25T04:56:14Z</time><sat>31</sat></trkpt>
  <trkpt lat="38.71674216" lon="114.45647119"><ele>254.049</ele><time>2026-08-25T04:56:17Z</time><sat>33</sat></trkpt>
  <trkpt lat="38.71685254" lon="114.45608067"><ele>253.284</ele><time>2026-08-25T04:56:20Z</time><sat>29</sat></trkpt>
  <trkpt lat="38.71708238" lon="114.45582981"><ele>251.881</ele><time>2026-08-25T04:56:23Z</time><sat>27</sat></trkpt>
  <trkpt lat="38.71743376" lon="114.45558523"><ele>248.827</ele><time>2026-08-25T04:56:26Z</time><sat>30</sat></trkpt>
  <trkpt lat="38.71778831" lon="114.45531351"><ele>247.115</ele><time>2026-08-25T04:56:29Z</time><sat>31</sat></trkpt>
  <trkpt lat="38.71806658" lon="114.45501676"><ele>244.563</ele><time>2026-08-25T04:56:32Z</time><sat>27</sat></trkpt>
  <trkpt lat="38.71818036" lon="114.45461931"><ele>241.304</ele><time>2026-08-25T04:56:35Z</time><sat>28</sat></trkpt>
  <trkpt lat="38.71825307" lon="114.45410807"><ele>238.985</ele><time>2026-08-25T04:56:38Z</time><sat>31</sat></trkpt>
  <trkpt lat="38.71832376" lon="114.45359632"><ele>235.642</ele><time>2026-08-25T04:56:41Z</time><sat>31</sat></trkpt>
  <trkpt lat="38.71845885" lon="114.45327317"><ele>233.599</ele><time>2026-08-25T04:56:44Z</time><sat>29</sat></trkpt>
  <trkpt lat="38.71871322" lon="114.45315798"><ele>230.539</ele><time>2026-08-25T04:56:47Z</time><sat>29</sat></trkpt>
  <trkpt lat="38.71901384" lon="114.45304861"><ele>227.487</ele><time>2026-08-25T04:56:50Z</time><sat>30</sat></trkpt>
  <trkpt lat="38.71920112" lon="114.45288742"><ele>225.524</ele><time>2026-08-25T04:56:53Z</time><sat>31</sat></trkpt>
  <trkpt lat="38.71927562" lon="114.45271629"><ele>223.856</ele><time>2026-08-25T04:56:56Z</time><sat>31</sat></trkpt>
  <trkpt lat="38.71929610" lon="114.45250925"><ele>222.866</ele><time>2026-08-25T04:56:59Z</time><sat>31</sat></trkpt>
  <trkpt lat="38.71921950" lon="114.45225396"><ele>221.280</ele><time>2026-08-25T04:57:02Z</time><sat>32</sat></trkpt>
  <trkpt lat="38.71905874" lon="114.45196121"><ele>218.712</ele><time>2026-08-25T04:57:05Z</time><sat>32</sat></trkpt>
  <trkpt lat="38.71887206" lon="114.45164381"><ele>215.925</ele><time>2026-08-25T04:57:08Z</time><sat>31</sat></trkpt>
  <trkpt lat="38.71873494" lon="114.45126112"><ele>213.025</ele><time>2026-08-25T04:57:11Z</time><sat>31</sat></trkpt>
  <trkpt lat="38.71872522" lon="114.45086714"><ele>210.605</ele><time>2026-08-25T04:57:14Z</time><sat>29</sat></trkpt>
  <trkpt lat="38.71883350" lon="114.45051268"><ele>209.095</ele><time>2026-08-25T04:57:17Z</time><sat>27</sat></trkpt>
  <trkpt lat="38.71898907" lon="114.45024340"><ele>205.409</ele><time>2026-08-25T04:57:20Z</time><sat>26</sat></trkpt>
  <trkpt lat="38.71900935" lon="114.44998945"><ele>202.180</ele><time>2026-08-25T04:57:23Z</time><sat>27</sat></trkpt>
  <trkpt lat="38.71889156" lon="114.44971151"><ele>201.510</ele><time>2026-08-25T04:57:26Z</time><sat>28</sat></trkpt>
  <trkpt lat="38.71876281" lon="114.44942833"><ele>201.349</ele><time>2026-08-25T04:57:29Z</time><sat>30</sat></trkpt>
  <trkpt lat="38.71861697" lon="114.44928379"><ele>201.771</ele><time>2026-08-25T04:57:32Z</time><sat>32</sat></trkpt>
  <trkpt lat="38.71835871" lon="114.44904483"><ele>202.743</ele><time>2026-08-25T04:57:35Z</time><sat>34</sat></trkpt>
  <trkpt lat="38.71806936" lon="114.44878815"><ele>205.143</ele><time>2026-08-25T04:57:38Z</time><sat>34</sat></trkpt>
  <trkpt lat="38.71781931" lon="114.44856708"><ele>206.947</ele><time>2026-08-25T04:57:41Z</time><sat>29</sat></trkpt>
  <trkpt lat="38.71772132" lon="114.44834717"><ele>208.909</ele><time>2026-08-25T04:57:44Z</time><sat>29</sat></trkpt>
  <trkpt lat="38.71775801" lon="114.44802107"><ele>210.242</ele><time>2026-08-25T04:57:47Z</time><sat>30</sat></trkpt>
  <trkpt lat="38.71782866" lon="114.44763542"><ele>212.798</ele><time>2026-08-25T04:57:50Z</time><sat>31</sat></trkpt>
  <trkpt lat="38.71785171" lon="114.44723366"><ele>214.324</ele><time>2026-08-25T04:57:53Z</time><sat>25</sat></trkpt>
  <trkpt lat="38.71788288" lon="114.44676465"><ele>216.110</ele><time>2026-08-25T04:57:56Z</time><sat>29</sat></trkpt>
  <trkpt lat="38.71790270" lon="114.44630593"><ele>219.502</ele><time>2026-08-25T04:57:59Z</time><sat>30</sat></trkpt>
  <trkpt lat="38.71793976" lon="114.44585913"><ele>222.600</ele><time>2026-08-25T04:58:02Z</time><sat>31</sat></trkpt>
  <trkpt lat="38.71798752" lon="114.44538067"><ele>224.717</ele><time>2026-08-25T04:58:05Z</time><sat>32</sat></trkpt>
  <trkpt lat="38.71804461" lon="114.44492657"><ele>228.033</ele><time>2026-08-25T04:58:08Z</time><sat>28</sat></trkpt>
  <trkpt lat="38.71807271" lon="114.44446748"><ele>231.342</ele><time>2026-08-25T04:58:11Z</time><sat>27</sat></trkpt>
  <trkpt lat="38.71812711" lon="114.44403803"><ele>233.888</ele><time>2026-08-25T04:58:14Z</time><sat>25</sat></trkpt>
  <trkpt lat="38.71822796" lon="114.44358368"><ele>237.549</ele><time>2026-08-25T04:58:17Z</time><sat>30</sat></trkpt>
  <trkpt lat="38.71833084" lon="114.44311826"><ele>240.990</ele><time>2026-08-25T04:58:20Z</time><sat>30</sat></trkpt>
  <trkpt lat="38.71843830" lon="114.44279977"><ele>243.961</ele><time>2026-08-25T04:58:23Z</time><sat>31</sat></trkpt>
  <trkpt lat="38.71860839" lon="114.44255323"><ele>246.069</ele><time>2026-08-25T04:58:26Z</time><sat>33</sat></trkpt>
  <trkpt lat="38.71872374" lon="114.44232969"><ele>247.441</ele><time>2026-08-25T04:58:29Z</time><sat>33</sat></trkpt>
  <trkpt lat="38.71882476" lon="114.44204505"><ele>249.345</ele><time>2026-08-25T04:58:32Z</time><sat>31</sat></trkpt>
  <trkpt lat="38.71875468" lon="114.44179957"><ele>251.454</ele><time>2026-08-25T04:58:35Z</time><sat>30</sat></trkpt>
  <trkpt lat="38.71855200" lon="114.44160866"><ele>254.417</ele><time>2026-08-25T04:58:38Z</time><sat>34</sat></trkpt>
  <trkpt lat="38.71840420" lon="114.44144337"><ele>255.698</ele><time>2026-08-25T04:58:41Z</time><sat>34</sat></trkpt>
  <trkpt lat="38.71844277" lon="114.44117073"><ele>256.517</ele><time>2026-08-25T04:58:44Z</time><sat>33</sat></trkpt>
  <trkpt lat="38.71863691" lon="114.44089911"><ele>259.328</ele><time>2026-08-25T04:58:47Z</time><sat>33</sat></trkpt>
  <trkpt lat="38.71873872" lon="114.44060213"><ele>260.967</ele><time>2026-08-25T04:58:50Z</time><sat>32</sat></trkpt>
  <trkpt lat="38.71873187" lon="114.44022547"><ele>261.386</ele><time>2026-08-25T04:58:53Z</time><sat>33</sat></trkpt>
  <trkpt lat="38.71873015" lon="114.43981658"><ele>261.309</ele><time>2026-08-25T04:58:56Z</time><sat>34</sat></trkpt>
  <trkpt lat="38.71878460" lon="114.43946121"><ele>259.434</ele><time>2026-08-25T04:58:59Z</time><sat>32</sat></trkpt>
  <trkpt lat="38.71878183" lon="114.43918914"><ele>257.848</ele><time>2026-08-25T04:59:02Z</time><sat>29</sat></trkpt>
  <trkpt lat="38.71865565" lon="114.43898693"><ele>256.464</ele><time>2026-08-25T04:59:05Z</time><sat>30</sat></trkpt>
  <trkpt lat="38.71846125" lon="114.43881863"><ele>253.573</ele><time>2026-08-25T04:59:08Z</time><sat>30</sat></trkpt>
  <trkpt lat="38.71837971" lon="114.43863221"><ele>252.596</ele><time>2026-08-25T04:59:11Z</time><sat>31</sat></trkpt>
  <trkpt lat="38.71846957" lon="114.43849040"><ele>251.110</ele><time>2026-08-25T04:59:14Z</time><sat>32</sat></trkpt>
  <trkpt lat="38.71857179" lon="114.43828143"><ele>249.349</ele><time>2026-08-25T04:59:17Z</time><sat>32</sat></trkpt>
  <trkpt lat="38.71860593" lon="114.43796790"><ele>246.389</ele><time>2026-08-25T04:59:20Z</time><sat>33</sat></trkpt>
  <trkpt lat="38.71864213" lon="114.43758050"><ele>242.477</ele><time>2026-08-25T04:59:23Z</time><sat>34</sat></trkpt>
  <trkpt lat="38.71863638" lon="114.43717476"><ele>239.438</ele><time>2026-08-25T04:59:26Z</time><sat>34</sat></trkpt>
  <trkpt lat="38.71863286" lon="114.43677919"><ele>238.251</ele><time>2026-08-25T04:59:29Z</time><sat>34</sat></trkpt>
  <trkpt lat="38.71863873" lon="114.43648221"><ele>236.393</ele><time>2026-08-25T04:59:32Z</time><sat>34</sat></trkpt>
  <trkpt lat="38.71868995" lon="114.43624899"><ele>234.770</ele><time>2026-08-25T04:59:35Z</time><sat>33</sat></trkpt>
  <trkpt lat="38.71884731" lon="114.43606899"><ele>232.694</ele><time>2026-08-25T04:59:38Z</time><sat>33</sat></trkpt>
  <trkpt lat="38.71901562" lon="114.43583157"><ele>231.719</ele><time>2026-08-25T04:59:41Z</time><sat>34</sat></trkpt>
  <trkpt lat="38.71915638" lon="114.43554199"><ele>228.361</ele><time>2026-08-25T04:59:44Z</time><sat>34</sat></trkpt>
  <trkpt lat="38.71932843" lon="114.43523289"><ele>225.599</ele><time>2026-08-25T04:59:47Z</time><sat>34</sat></trkpt>
  <trkpt lat="38.71949737" lon="114.43486298"><ele>222.558</ele><time>2026-08-25T04:59:50Z</time><sat>34</sat></trkpt>
  <trkpt lat="38.71968788" lon="114.43450408"><ele>220.498</ele><time>2026-08-25T04:59:53Z</time><sat>33</sat></trkpt>
  <trkpt lat="38.71983196" lon="114.43420227"><ele>218.442</ele><time>2026-08-25T04:59:56Z</time><sat>32</sat></trkpt>
  <trkpt lat="38.71990261" lon="114.43384931"><ele>217.803</ele><time>2026-08-25T04:59:59Z</time><sat>33</sat></trkpt>
  <trkpt lat="38.71993358" lon="114.43348586"><ele>215.708</ele><time>2026-08-25T05:00:02Z</time><sat>34</sat></trkpt>
  <trkpt lat="38.71986775" lon="114.43314775"><ele>212.969</ele><time>2026-08-25T05:00:05Z</time><sat>34</sat></trkpt>
  <trkpt lat="38.71983639" lon="114.43280049"><ele>211.490</ele><time>2026-08-25T05:00:08Z</time><sat>34</sat></trkpt>
  <trkpt lat="38.71990152" lon="114.43246258"><ele>209.175</ele><time>2026-08-25T05:00:11Z</time><sat>31</sat></trkpt>
  <trkpt lat="38.72000640" lon="114.43213829"><ele>207.996</ele><time>2026-08-25T05:00:14Z</time><sat>30</sat></trkpt>
  <trkpt lat="38.72008325" lon="114.43188774"><ele>206.741</ele><time>2026-08-25T05:00:17Z</time><sat>31</sat></trkpt>
  <trkpt lat="38.72007632" lon="114.43166471"><ele>205.664</ele><time>2026-08-25T05:00:20Z</time><sat>31</sat></trkpt>
  <trkpt lat="38.71995844" lon="114.43134728"><ele>204.278</ele><time>2026-08-25T05:00:23Z</time><sat>32</sat></trkpt>
  <trkpt lat="38.71975640" lon="114.43102818"><ele>203.637</ele><time>2026-08-25T05:00:26Z</time><sat>30</sat></trkpt>
  <trkpt lat="38.71952601" lon="114.43076306"><ele>202.420</ele><time>2026-08-25T05:00:29Z</time><sat>31</sat></trkpt>
  <trkpt lat="38.71923966" lon="114.43059298"><ele>202.239</ele><time>2026-08-25T05:00:32Z</time><sat>32</sat></trkpt>
  <trkpt lat="38.71902113" lon="114.43042946"><ele>201.579</ele><time>2026-08-25T05:00:35Z</time><sat>32</sat></trkpt>
  <trkpt lat="38.71891542" lon="114.43017527"><ele>201.135</ele><time>2026-08-25T05:00:38Z</time><sat>32</sat></trkpt>
  <trkpt lat="38.71889704" lon="114.42990217"><ele>201.614</ele><time>2026-08-25T05:00:41Z</time><sat>32</sat></trkpt>
  <trkpt lat="38.71889862" lon="114.42976981"><ele>201.025</ele><time>2026-08-25T05:00:44Z</time><sat>34</sat></trkpt>
  <trkpt lat="38.71889985" lon="114.42974044"><ele>201.536</ele><time>2026-08-25T05:00:47Z</time><sat>33</sat></trkpt>
  <trkpt lat="38.71890054" lon="114.42974252"><ele>201.473</ele><time>2026-08-25T05:00:50Z</time><sat>35</sat></trkpt>
  <trkpt lat="38.71889913" lon="114.42974350"><ele>201.354</ele><time>2026-08-25T05:00:53Z</time><sat>35</sat></trkpt>
  <trkpt lat="38.71889753" lon="114.42974150"><ele>201.628</ele><time>2026-08-25T05:00:56Z</time><sat>35</sat></trkpt>
  <trkpt lat="38.71889821" lon="114.42974154"><ele>201.801</ele><time>2026-08-25T05:00:59Z</time><sat>35</sat></trkpt>
  <trkpt lat="38.71889283" lon="114.42976970"><ele>200.522</ele><time>2026-08-25T05:01:02Z</time><sat>35</sat></trkpt>
  <trkpt lat="38.71887345" lon="114.42977192"><ele>200.220</ele><time>2026-08-25T05:01:05Z</time><sat>35</sat></trkpt>
  <trkpt lat="38.71887488" lon="114.42974516"><ele>201.261</ele><time>2026-08-25T05:01:08Z</time><sat>36</sat></trkpt>
  <trkpt lat="38.71888141" lon="114.42972974"><ele>201.412</ele><time>2026-08-25T05:01:11Z</time><sat>36</sat></trkpt>
  <trkpt lat="38.71888923" lon="114.42974814"><ele>201.192</ele><time>2026-08-25T05:01:14Z</time><sat>36</sat></trkpt>
  <trkpt lat="38.71889291" lon="114.42974764"><ele>200.763</ele><time>2026-08-25T05:01:17Z</time><sat>36</sat></trkpt>
  <trkpt lat="38.71889209" lon="114.42975194"><ele>200.729</ele><time>2026-08-25T05:01:20Z</time><sat>33</sat></trkpt>
  <trkpt lat="38.71889265" lon="114.42975222"><ele>200.812</ele><time>2026-08-25T05:01:23Z</time><sat>27</sat></trkpt>
  <trkpt lat="38.71889304" lon="114.42975194"><ele>200.808</ele><time>2026-08-25T05:01:26Z</time><sat>28</sat></trkpt>
  <trkpt lat="38.71889316" lon="114.42975178"><ele>200.801</ele><time>2026-08-25T05:01:29Z</time><sat>29</sat></trkpt>
  <trkpt lat="38.71889304" lon="114.42975153"><ele>200.794</ele><time>2026-08-25T05:01:32Z</time><sat>30</sat></trkpt>
  <trkpt lat="38.71889306" lon="114.42975149"><ele>200.786</ele><time>2026-08-25T05:01:35Z</time><sat>29</sat></trkpt>
  <trkpt lat="38.71889315" lon="114.42975150"><ele>200.771</ele><time>2026-08-25T05:01:38Z</time><sat>26</sat></trkpt>
  <trkpt lat="38.71889319" lon="114.42975166"><ele>200.767</ele><time>2026-08-25T05:01:41Z</time><sat>27</sat></trkpt>
  <trkpt lat="38.71889381" lon="114.42975159"><ele>200.631</ele><time>2026-08-25T05:01:44Z</time><sat>30</sat></trkpt>
  <trkpt lat="38.71889403" lon="114.42975135"><ele>200.649</ele><time>2026-08-25T05:01:47Z</time><sat>34</sat></trkpt>
  <trkpt lat="38.71889401" lon="114.42975044"><ele>200.694</ele><time>2026-08-25T05:01:50Z</time><sat>34</sat></trkpt>
  <trkpt lat="38.71889423" lon="114.42974999"><ele>200.698</ele><time>2026-08-25T05:01:53Z</time><sat>32</sat></trkpt>
  <trkpt lat="38.71889423" lon="114.42974987"><ele>200.699</ele><time>2026-08-25T05:01:56Z</time><sat>32</sat></trkpt>
  <trkpt lat="38.71889422" lon="114.42974983"><ele>200.701</ele><time>2026-08-25T05:01:59Z</time><sat>33</sat></trkpt>
  <trkpt lat="38.71889421" lon="114.42974978"><ele>200.703</ele><time>2026-08-25T05:02:02Z</time><sat>32</sat></trkpt>
  <trkpt lat="38.71889418" lon="114.42974973"><ele>200.706</ele><time>2026-08-25T05:02:05Z</time><sat>29</sat></trkpt>
  <trkpt lat="38.71889417" lon="114.42974969"><ele>200.706</ele><time>2026-08-25T05:02:08Z</time><sat>29</sat></trkpt>
  <trkpt lat="38.71889416" lon="114.42974964"><ele>200.708</ele><time>2026-08-25T05:02:11Z</time><sat>27</sat></trkpt>
  <trkpt lat="38.71889415" lon="114.42974960"><ele>200.712</ele><time>2026-08-25T05:02:14Z</time><sat>25</sat></trkpt>
  <trkpt lat="38.71889413" lon="114.42974955"><ele>200.717</ele><time>2026-08-25T05:02:17Z</time><sat>24</sat></trkpt>
  <trkpt lat="38.71889419" lon="114.42974941"><ele>200.742</ele><time>2026-08-25T05:02:20Z</time><sat>30</sat></trkpt>
  <trkpt lat="38.71889420" lon="114.42974934"><ele>200.741</ele><time>2026-08-25T05:02:23Z</time><sat>32</sat></trkpt>
  <trkpt lat="38.71889420" lon="114.42974932"><ele>200.741</ele><time>2026-08-25T05:02:26Z</time><sat>31</sat></trkpt>
  <trkpt lat="38.71889420" lon="114.42974930"><ele>200.740</ele><time>2026-08-25T05:02:29Z</time><sat>29</sat></trkpt>
  <trkpt lat="38.71889420" lon="114.42974926"><ele>200.737</ele><time>2026-08-25T05:02:32Z</time><sat>28</sat></trkpt>
  <trkpt lat="38.71889419" lon="114.42974925"><ele>200.738</ele><time>2026-08-25T05:02:35Z</time><sat>31</sat></trkpt>
  <trkpt lat="38.71889420" lon="114.42974921"><ele>200.744</ele><time>2026-08-25T05:02:38Z</time><sat>33</sat></trkpt>
  <trkpt lat="38.71889420" lon="114.42974918"><ele>200.744</ele><time>2026-08-25T05:02:41Z</time><sat>31</sat></trkpt>
  <trkpt lat="38.71889421" lon="114.42974913"><ele>200.748</ele><time>2026-08-25T05:02:44Z</time><sat>29</sat></trkpt>
  <trkpt lat="38.71889421" lon="114.42974908"><ele>200.752</ele><time>2026-08-25T05:02:47Z</time><sat>28</sat></trkpt>
  <trkpt lat="38.71889420" lon="114.42974906"><ele>200.755</ele><time>2026-08-25T05:02:50Z</time><sat>30</sat></trkpt>
  <trkpt lat="38.71889420" lon="114.42974902"><ele>200.760</ele><time>2026-08-25T05:02:53Z</time><sat>30</sat></trkpt>
  <trkpt lat="38.71889420" lon="114.42974900"><ele>200.764</ele><time>2026-08-25T05:02:56Z</time><sat>27</sat></trkpt>
  <trkpt lat="38.71889420" lon="114.42974896"><ele>200.762</ele><time>2026-08-25T05:02:59Z</time><sat>28</sat></trkpt>
  <trkpt lat="38.71889420" lon="114.42974893"><ele>200.762</ele><time>2026-08-25T05:03:02Z</time><sat>31</sat></trkpt>
  <trkpt lat="38.71889420" lon="114.42974887"><ele>200.764</ele><time>2026-08-25T05:03:05Z</time><sat>29</sat></trkpt>
  <trkpt lat="38.71889417" lon="114.42974883"><ele>200.764</ele><time>2026-08-25T05:03:08Z</time><sat>30</sat></trkpt>
  <trkpt lat="38.71889756" lon="114.42972874"><ele>201.377</ele><time>2026-08-25T05:03:11Z</time><sat>32</sat></trkpt>
  <trkpt lat="38.71890849" lon="114.42967985"><ele>202.461</ele><time>2026-08-25T05:03:14Z</time><sat>34</sat></trkpt>
  <trkpt lat="38.71894302" lon="114.42958434"><ele>202.905</ele><time>2026-08-25T05:03:17Z</time><sat>35</sat></trkpt>
  <trkpt lat="38.71903475" lon="114.42945729"><ele>202.711</ele><time>2026-08-25T05:03:20Z</time><sat>35</sat></trkpt>
  <trkpt lat="38.71915421" lon="114.42932668"><ele>202.762</ele><time>2026-08-25T05:03:23Z</time><sat>32</sat></trkpt>
  <trkpt lat="38.71931488" lon="114.42919301"><ele>202.519</ele><time>2026-08-25T05:03:26Z</time><sat>28</sat></trkpt>
  <trkpt lat="38.71950178" lon="114.42909573"><ele>202.039</ele><time>2026-08-25T05:03:29Z</time><sat>31</sat></trkpt>
  <trkpt lat="38.71971248" lon="114.42899298"><ele>202.060</ele><time>2026-08-25T05:03:32Z</time><sat>34</sat></trkpt>
  <trkpt lat="38.71989628" lon="114.42889269"><ele>203.246</ele><time>2026-08-25T05:03:35Z</time><sat>32</sat></trkpt>
  <trkpt lat="38.72006726" lon="114.42879445"><ele>202.697</ele><time>2026-08-25T05:03:38Z</time><sat>31</sat></trkpt>
  <trkpt lat="38.72024717" lon="114.42870629"><ele>203.650</ele><time>2026-08-25T05:03:41Z</time><sat>34</sat></trkpt>
  <trkpt lat="38.72042246" lon="114.42863871"><ele>204.673</ele><time>2026-08-25T05:03:44Z</time><sat>32</sat></trkpt>
  <trkpt lat="38.72059152" lon="114.42854554"><ele>206.066</ele><time>2026-08-25T05:03:47Z</time><sat>29</sat></trkpt>
  <trkpt lat="38.72073637" lon="114.42836253"><ele>206.177</ele><time>2026-08-25T05:03:50Z</time><sat>32</sat></trkpt>
  <trkpt lat="38.72086410" lon="114.42812144"><ele>207.153</ele><time>2026-08-25T05:03:53Z</time><sat>33</sat></trkpt>
  <trkpt lat="38.72103002" lon="114.42788991"><ele>207.653</ele><time>2026-08-25T05:03:56Z</time><sat>30</sat></trkpt>
  <trkpt lat="38.72118213" lon="114.42767466"><ele>207.491</ele><time>2026-08-25T05:03:59Z</time><sat>33</sat></trkpt>
  <trkpt lat="38.72124775" lon="114.42747525"><ele>208.556</ele><time>2026-08-25T05:04:02Z</time><sat>31</sat></trkpt>
  <trkpt lat="38.72127343" lon="114.42721241"><ele>208.371</ele><time>2026-08-25T05:04:05Z</time><sat>33</sat></trkpt>
  <trkpt lat="38.72133754" lon="114.42695550"><ele>208.918</ele><time>2026-08-25T05:04:08Z</time><sat>32</sat></trkpt>
  <trkpt lat="38.72145578" lon="114.42675964"><ele>210.161</ele><time>2026-08-25T05:04:11Z</time><sat>33</sat></trkpt>
  <trkpt lat="38.72162585" lon="114.42657772"><ele>212.328</ele><time>2026-08-25T05:04:14Z</time><sat>32</sat></trkpt>
  <trkpt lat="38.72181219" lon="114.42633458"><ele>212.258</ele><time>2026-08-25T05:04:17Z</time><sat>31</sat></trkpt>
  <trkpt lat="38.72201712" lon="114.42606336"><ele>212.846</ele><time>2026-08-25T05:04:20Z</time><sat>30</sat></trkpt>
  <trkpt lat="38.72225713" lon="114.42588363"><ele>212.416</ele><time>2026-08-25T05:04:23Z</time><sat>31</sat></trkpt>
  <trkpt lat="38.72241851" lon="114.42577877"><ele>212.638</ele><time>2026-08-25T05:04:26Z</time><sat>30</sat></trkpt>
  <trkpt lat="38.72261286" lon="114.42569970"><ele>212.306</ele><time>2026-08-25T05:04:29Z</time><sat>27</sat></trkpt>
  <trkpt lat="38.72287053" lon="114.42564802"><ele>212.499</ele><time>2026-08-25T05:04:32Z</time><sat>26</sat></trkpt>
  <trkpt lat="38.72312349" lon="114.42558583"><ele>212.144</ele><time>2026-08-25T05:04:35Z</time><sat>28</sat></trkpt>
  <trkpt lat="38.72330160" lon="114.42549448"><ele>211.161</ele><time>2026-08-25T05:04:38Z</time><sat>26</sat></trkpt>
  <trkpt lat="38.72341326" lon="114.42530069"><ele>209.947</ele><time>2026-08-25T05:04:41Z</time><sat>28</sat></trkpt>
  <trkpt lat="38.72349346" lon="114.42500917"><ele>210.012</ele><time>2026-08-25T05:04:44Z</time><sat>30</sat></trkpt>
  <trkpt lat="38.72354312" lon="114.42469494"><ele>210.443</ele><time>2026-08-25T05:04:47Z</time><sat>31</sat></trkpt>
  <trkpt lat="38.72359879" lon="114.42447465"><ele>211.145</ele><time>2026-08-25T05:04:50Z</time><sat>30</sat></trkpt>
  <trkpt lat="38.72371927" lon="114.42434614"><ele>212.303</ele><time>2026-08-25T05:04:53Z</time><sat>27</sat></trkpt>
  <trkpt lat="38.72387659" lon="114.42439758"><ele>212.211</ele><time>2026-08-25T05:04:56Z</time><sat>30</sat></trkpt>
  <trkpt lat="38.72399202" lon="114.42460027"><ele>212.998</ele><time>2026-08-25T05:04:59Z</time><sat>31</sat></trkpt>
  <trkpt lat="38.72409633" lon="114.42487092"><ele>213.299</ele><time>2026-08-25T05:05:02Z</time><sat>31</sat></trkpt>
  <trkpt lat="38.72413535" lon="114.42512599"><ele>215.086</ele><time>2026-08-25T05:05:05Z</time><sat>30</sat></trkpt>
  <trkpt lat="38.72420867" lon="114.42529705"><ele>215.764</ele><time>2026-08-25T05:05:08Z</time><sat>29</sat></trkpt>
  <trkpt lat="38.72436656" lon="114.42534468"><ele>215.729</ele><time>2026-08-25T05:05:11Z</time><sat>29</sat></trkpt>
  <trkpt lat="38.72457274" lon="114.42540553"><ele>215.069</ele><time>2026-08-25T05:05:14Z</time><sat>31</sat></trkpt>
  <trkpt lat="38.72475665" lon="114.42547976"><ele>213.845</ele><time>2026-08-25T05:05:17Z</time><sat>31</sat></trkpt>
  <trkpt lat="38.72492977" lon="114.42544062"><ele>211.976</ele><time>2026-08-25T05:05:20Z</time><sat>27</sat></trkpt>
  <trkpt lat="38.72514019" lon="114.42538869"><ele>211.772</ele><time>2026-08-25T05:05:23Z</time><sat>29</sat></trkpt>
  <trkpt lat="38.72527311" lon="114.42547126"><ele>211.407</ele><time>2026-08-25T05:05:26Z</time><sat>30</sat></trkpt>
  <trkpt lat="38.72532694" lon="114.42566996"><ele>212.107</ele><time>2026-08-25T05:05:29Z</time><sat>31</sat></trkpt>
  <trkpt lat="38.72540241" lon="114.42587732"><ele>211.458</ele><time>2026-08-25T05:05:32Z</time><sat>29</sat></trkpt>
  <trkpt lat="38.72552546" lon="114.42606666"><ele>209.901</ele><time>2026-08-25T05:05:35Z</time><sat>29</sat></trkpt>
  <trkpt lat="38.72571446" lon="114.42617298"><ele>209.245</ele><time>2026-08-25T05:05:38Z</time><sat>30</sat></trkpt>
  <trkpt lat="38.72595353" lon="114.42632392"><ele>207.568</ele><time>2026-08-25T05:05:41Z</time><sat>30</sat></trkpt>
  <trkpt lat="38.72622486" lon="114.42646495"><ele>204.365</ele><time>2026-08-25T05:05:44Z</time><sat>31</sat></trkpt>
  <trkpt lat="38.72644828" lon="114.42667025"><ele>203.493</ele><time>2026-08-25T05:05:47Z</time><sat>32</sat></trkpt>
  <trkpt lat="38.72660122" lon="114.42691473"><ele>201.934</ele><time>2026-08-25T05:05:50Z</time><sat>29</sat></trkpt>
  <trkpt lat="38.72678015" lon="114.42709957"><ele>201.058</ele><time>2026-08-25T05:05:53Z</time><sat>27</sat></trkpt>
  <trkpt lat="38.72699575" lon="114.42715763"><ele>200.925</ele><time>2026-08-25T05:05:56Z</time><sat>33</sat></trkpt>
  <trkpt lat="38.72722612" lon="114.42716877"><ele>201.580</ele><time>2026-08-25T05:05:59Z</time><sat>34</sat></trkpt>
  <trkpt lat="38.72744484" lon="114.42715324"><ele>202.195</ele><time>2026-08-25T05:06:02Z</time><sat>30</sat></trkpt>
  <trkpt lat="38.72758865" lon="114.42705114"><ele>201.624</ele><time>2026-08-25T05:06:05Z</time><sat>28</sat></trkpt>
  <trkpt lat="38.72769242" lon="114.42687919"><ele>201.583</ele><time>2026-08-25T05:06:08Z</time><sat>30</sat></trkpt>
  <trkpt lat="38.72778890" lon="114.42665621"><ele>202.786</ele><time>2026-08-25T05:06:11Z</time><sat>32</sat></trkpt>
  <trkpt lat="38.72790391" lon="114.42644653"><ele>204.652</ele><time>2026-08-25T05:06:14Z</time><sat>32</sat></trkpt>
  <trkpt lat="38.72795755" lon="114.42622677"><ele>204.570</ele><time>2026-08-25T05:06:17Z</time><sat>30</sat></trkpt>
  <trkpt lat="38.72792396" lon="114.42595663"><ele>204.540</ele><time>2026-08-25T05:06:20Z</time><sat>31</sat></trkpt>
  <trkpt lat="38.72786389" lon="114.42564700"><ele>204.773</ele><time>2026-08-25T05:06:23Z</time><sat>32</sat></trkpt>
  <trkpt lat="38.72786761" lon="114.42533771"><ele>204.312</ele><time>2026-08-25T05:06:26Z</time><sat>31</sat></trkpt>
  <trkpt lat="38.72794145" lon="114.42504700"><ele>205.073</ele><time>2026-08-25T05:06:29Z</time><sat>29</sat></trkpt>
  <trkpt lat="38.72807607" lon="114.42482814"><ele>206.322</ele><time>2026-08-25T05:06:32Z</time><sat>27</sat></trkpt>
  <trkpt lat="38.72825298" lon="114.42470727"><ele>206.550</ele><time>2026-08-25T05:06:35Z</time><sat>27</sat></trkpt>
  <trkpt lat="38.72850444" lon="114.42468520"><ele>207.103</ele><time>2026-08-25T05:06:38Z</time><sat>31</sat></trkpt>
  <trkpt lat="38.72879186" lon="114.42467007"><ele>206.602</ele><time>2026-08-25T05:06:41Z</time><sat>32</sat></trkpt>
  <trkpt lat="38.72893419" lon="114.42468561"><ele>207.734</ele><time>2026-08-25T05:06:44Z</time><sat>31</sat></trkpt>
  <trkpt lat="38.72901500" lon="114.42467855"><ele>207.706</ele><time>2026-08-25T05:06:47Z</time><sat>26</sat></trkpt>
  <trkpt lat="38.72919379" lon="114.42468394"><ele>207.410</ele><time>2026-08-25T05:06:50Z</time><sat>26</sat></trkpt>
  <trkpt lat="38.72937364" lon="114.42470176"><ele>207.899</ele><time>2026-08-25T05:06:53Z</time><sat>26</sat></trkpt>
  <trkpt lat="38.72951911" lon="114.42461025"><ele>209.356</ele><time>2026-08-25T05:06:56Z</time><sat>27</sat></trkpt>
  <trkpt lat="38.72966747" lon="114.42446621"><ele>210.406</ele><time>2026-08-25T05:06:59Z</time><sat>32</sat></trkpt>
  <trkpt lat="38.72979305" lon="114.42437391"><ele>211.946</ele><time>2026-08-25T05:07:02Z</time><sat>31</sat></trkpt>
  <trkpt lat="38.72996442" lon="114.42434380"><ele>213.716</ele><time>2026-08-25T05:07:05Z</time><sat>31</sat></trkpt>
  <trkpt lat="38.73020032" lon="114.42432646"><ele>215.099</ele><time>2026-08-25T05:07:08Z</time><sat>32</sat></trkpt>
  <trkpt lat="38.73044922" lon="114.42426829"><ele>216.667</ele><time>2026-08-25T05:07:11Z</time><sat>31</sat></trkpt>
  <trkpt lat="38.73067966" lon="114.42420667"><ele>217.715</ele><time>2026-08-25T05:07:14Z</time><sat>31</sat></trkpt>
  <trkpt lat="38.73089177" lon="114.42417645"><ele>218.514</ele><time>2026-08-25T05:07:17Z</time><sat>29</sat></trkpt>
  <trkpt lat="38.73107047" lon="114.42425121"><ele>220.208</ele><time>2026-08-25T05:07:20Z</time><sat>29</sat></trkpt>
  <trkpt lat="38.73122311" lon="114.42433359"><ele>221.152</ele><time>2026-08-25T05:07:23Z</time><sat>28</sat></trkpt>
  <trkpt lat="38.73138839" lon="114.42437122"><ele>220.431</ele><time>2026-08-25T05:07:26Z</time><sat>31</sat></trkpt>
  <trkpt lat="38.73151825" lon="114.42448580"><ele>220.766</ele><time>2026-08-25T05:07:29Z</time><sat>33</sat></trkpt>
  <trkpt lat="38.73157694" lon="114.42468224"><ele>221.554</ele><time>2026-08-25T05:07:32Z</time><sat>31</sat></trkpt>
  <trkpt lat="38.73154659" lon="114.42491006"><ele>222.292</ele><time>2026-08-25T05:07:35Z</time><sat>31</sat></trkpt>
  <trkpt lat="38.73150517" lon="114.42513383"><ele>223.383</ele><time>2026-08-25T05:07:38Z</time><sat>32</sat></trkpt>
  <trkpt lat="38.73149190" lon="114.42535019"><ele>223.517</ele><time>2026-08-25T05:07:41Z</time><sat>33</sat></trkpt>
  <trkpt lat="38.73152060" lon="114.42549085"><ele>223.982</ele><time>2026-08-25T05:07:44Z</time><sat>35</sat></trkpt>
  <trkpt lat="38.73162126" lon="114.42554773"><ele>223.963</ele><time>2026-08-25T05:07:47Z</time><sat>35</sat></trkpt>
  <trkpt lat="38.73176790" lon="114.42549879"><ele>223.256</ele><time>2026-08-25T05:07:50Z</time><sat>34</sat></trkpt>
  <trkpt lat="38.73193011" lon="114.42533716"><ele>222.211</ele><time>2026-08-25T05:07:53Z</time><sat>34</sat></trkpt>
  <trkpt lat="38.73210751" lon="114.42510295"><ele>221.758</ele><time>2026-08-25T05:07:56Z</time><sat>35</sat></trkpt>
  <trkpt lat="38.73229626" lon="114.42488017"><ele>221.603</ele><time>2026-08-25T05:07:59Z</time><sat>33</sat></trkpt>
  <trkpt lat="38.73244743" lon="114.42478520"><ele>220.895</ele><time>2026-08-25T05:08:02Z</time><sat>29</sat></trkpt>
  <trkpt lat="38.73255738" lon="114.42486604"><ele>221.306</ele><time>2026-08-25T05:08:05Z</time><sat>35</sat></trkpt>
  <trkpt lat="38.73258331" lon="114.42505898"><ele>221.325</ele><time>2026-08-25T05:08:08Z</time><sat>33</sat></trkpt>
  <trkpt lat="38.73259076" lon="114.42525781"><ele>220.499</ele><time>2026-08-25T05:08:11Z</time><sat>32</sat></trkpt>
  <trkpt lat="38.73267486" lon="114.42542247"><ele>220.688</ele><time>2026-08-25T05:08:14Z</time><sat>32</sat></trkpt>
  <trkpt lat="38.73284931" lon="114.42542581"><ele>220.355</ele><time>2026-08-25T05:08:17Z</time><sat>34</sat></trkpt>
  <trkpt lat="38.73309270" lon="114.42534052"><ele>219.947</ele><time>2026-08-25T05:08:20Z</time><sat>33</sat></trkpt>
  <trkpt lat="38.73339767" lon="114.42521179"><ele>220.187</ele><time>2026-08-25T05:08:23Z</time><sat>31</sat></trkpt>
  <trkpt lat="38.73374137" lon="114.42507953"><ele>220.281</ele><time>2026-08-25T05:08:26Z</time><sat>32</sat></trkpt>
  <trkpt lat="38.73408655" lon="114.42494469"><ele>220.182</ele><time>2026-08-25T05:08:29Z</time><sat>30</sat></trkpt>
  <trkpt lat="38.73439825" lon="114.42489342"><ele>219.315</ele><time>2026-08-25T05:08:32Z</time><sat>30</sat></trkpt>
  <trkpt lat="38.73461914" lon="114.42490873"><ele>219.414</ele><time>2026-08-25T05:08:35Z</time><sat>31</sat></trkpt>
  <trkpt lat="38.73471468" lon="114.42491784"><ele>219.645</ele><time>2026-08-25T05:08:38Z</time><sat>33</sat></trkpt>
  <trkpt lat="38.73475462" lon="114.42500240"><ele>218.074</ele><time>2026-08-25T05:08:41Z</time><sat>32</sat></trkpt>
  <trkpt lat="38.73476834" lon="114.42513612"><ele>216.481</ele><time>2026-08-25T05:08:44Z</time><sat>35</sat></trkpt>
  <trkpt lat="38.73476324" lon="114.42534367"><ele>214.287</ele><time>2026-08-25T05:08:47Z</time><sat>35</sat></trkpt>
  <trkpt lat="38.73475674" lon="114.42557523"><ele>212.848</ele><time>2026-08-25T05:08:50Z</time><sat>36</sat></trkpt>
  <trkpt lat="38.73472876" lon="114.42578009"><ele>212.115</ele><time>2026-08-25T05:08:53Z</time><sat>33</sat></trkpt>
  <trkpt lat="38.73476547" lon="114.42594922"><ele>211.127</ele><time>2026-08-25T05:08:56Z</time><sat>34</sat></trkpt>
  <trkpt lat="38.73487540" lon="114.42605684"><ele>209.426</ele><time>2026-08-25T05:08:59Z</time><sat>36</sat></trkpt>
  <trkpt lat="38.73499860" lon="114.42608255"><ele>207.428</ele><time>2026-08-25T05:09:02Z</time><sat>36</sat></trkpt>
  <trkpt lat="38.73509840" lon="114.42595930"><ele>206.941</ele><time>2026-08-25T05:09:05Z</time><sat>33</sat></trkpt>
  <trkpt lat="38.73519265" lon="114.42577598"><ele>206.024</ele><time>2026-08-25T05:09:08Z</time><sat>35</sat></trkpt>
  <trkpt lat="38.73526828" lon="114.42553785"><ele>205.478</ele><time>2026-08-25T05:09:11Z</time><sat>34</sat></trkpt>
  <trkpt lat="38.73532082" lon="114.42525295"><ele>204.480</ele><time>2026-08-25T05:09:14Z</time><sat>32</sat></trkpt>
  <trkpt lat="38.73537370" lon="114.42495053"><ele>204.825</ele><time>2026-08-25T05:09:17Z</time><sat>34</sat></trkpt>
  <trkpt lat="38.73543280" lon="114.42467973"><ele>203.966</ele><time>2026-08-25T05:09:20Z</time><sat>32</sat></trkpt>
  <trkpt lat="38.73550351" lon="114.42444928"><ele>202.974</ele><time>2026-08-25T05:09:23Z</time><sat>30</sat></trkpt>
  <trkpt lat="38.73557307" lon="114.42424202"><ele>200.657</ele><time>2026-08-25T05:09:26Z</time><sat>30</sat></trkpt>
  <trkpt lat="38.73566577" lon="114.42404762"><ele>198.263</ele><time>2026-08-25T05:09:29Z</time><sat>31</sat></trkpt>
  <trkpt lat="38.73578092" lon="114.42388812"><ele>196.314</ele><time>2026-08-25T05:09:32Z</time><sat>32</sat></trkpt>
  <trkpt lat="38.73588677" lon="114.42378450"><ele>195.533</ele><time>2026-08-25T05:09:35Z</time><sat>31</sat></trkpt>
  <trkpt lat="38.73602860" lon="114.42365492"><ele>195.827</ele><time>2026-08-25T05:09:38Z</time><sat>32</sat></trkpt>
  <trkpt lat="38.73620558" lon="114.42349875"><ele>195.653</ele><time>2026-08-25T05:09:41Z</time><sat>34</sat></trkpt>
  <trkpt lat="38.73636759" lon="114.42334234"><ele>195.501</ele><time>2026-08-25T05:09:44Z</time><sat>32</sat></trkpt>
  <trkpt lat="38.73646579" lon="114.42328646"><ele>196.393</ele><time>2026-08-25T05:09:47Z</time><sat>32</sat></trkpt>
  <trkpt lat="38.73654746" lon="114.42337198"><ele>196.126</ele><time>2026-08-25T05:09:50Z</time><sat>31</sat></trkpt>
  <trkpt lat="38.73662169" lon="114.42352168"><ele>195.456</ele><time>2026-08-25T05:09:53Z</time><sat>31</sat></trkpt>
  <trkpt lat="38.73671281" lon="114.42369848"><ele>195.014</ele><time>2026-08-25T05:09:56Z</time><sat>31</sat></trkpt>
  <trkpt lat="38.73681990" lon="114.42389904"><ele>195.678</ele><time>2026-08-25T05:09:59Z</time><sat>29</sat></trkpt>
  <trkpt lat="38.73690156" lon="114.42406709"><ele>197.255</ele><time>2026-08-25T05:10:02Z</time><sat>28</sat></trkpt>
  <trkpt lat="38.73697395" lon="114.42422796"><ele>198.643</ele><time>2026-08-25T05:10:05Z</time><sat>29</sat></trkpt>
  <trkpt lat="38.73703185" lon="114.42438582"><ele>200.185</ele><time>2026-08-25T05:10:08Z</time><sat>33</sat></trkpt>
  <trkpt lat="38.73707275" lon="114.42454815"><ele>201.998</ele><time>2026-08-25T05:10:11Z</time><sat>32</sat></trkpt>
  <trkpt lat="38.73711438" lon="114.42473669"><ele>202.995</ele><time>2026-08-25T05:10:14Z</time><sat>32</sat></trkpt>
  <trkpt lat="38.73719488" lon="114.42496408"><ele>203.425</ele><time>2026-08-25T05:10:17Z</time><sat>32</sat></trkpt>
  <trkpt lat="38.73725893" lon="114.42517683"><ele>205.424</ele><time>2026-08-25T05:10:20Z</time><sat>32</sat></trkpt>
  <trkpt lat="38.73728064" lon="114.42546823"><ele>205.397</ele><time>2026-08-25T05:10:23Z</time><sat>28</sat></trkpt>
  <trkpt lat="38.73727357" lon="114.42579642"><ele>204.798</ele><time>2026-08-25T05:10:26Z</time><sat>31</sat></trkpt>
  <trkpt lat="38.73727894" lon="114.42611820"><ele>205.932</ele><time>2026-08-25T05:10:29Z</time><sat>32</sat></trkpt>
  <trkpt lat="38.73729052" lon="114.42633217"><ele>206.818</ele><time>2026-08-25T05:10:32Z</time><sat>32</sat></trkpt>
  <trkpt lat="38.73738936" lon="114.42640537"><ele>207.451</ele><time>2026-08-25T05:10:35Z</time><sat>32</sat></trkpt>
  <trkpt lat="38.73755709" lon="114.42637406"><ele>208.809</ele><time>2026-08-25T05:10:38Z</time><sat>34</sat></trkpt>
  <trkpt lat="38.73775025" lon="114.42633247"><ele>210.466</ele><time>2026-08-25T05:10:41Z</time><sat>33</sat></trkpt>
  <trkpt lat="38.73789554" lon="114.42628020"><ele>211.044</ele><time>2026-08-25T05:10:44Z</time><sat>31</sat></trkpt>
  <trkpt lat="38.73799055" lon="114.42616955"><ele>211.404</ele><time>2026-08-25T05:10:47Z</time><sat>30</sat></trkpt>
  <trkpt lat="38.73811397" lon="114.42614494"><ele>211.814</ele><time>2026-08-25T05:10:50Z</time><sat>33</sat></trkpt>
  <trkpt lat="38.73816548" lon="114.42617302"><ele>211.914</ele><time>2026-08-25T05:10:53Z</time><sat>33</sat></trkpt>
  <trkpt lat="38.73821438" lon="114.42623073"><ele>212.047</ele><time>2026-08-25T05:10:56Z</time><sat>31</sat></trkpt>
  <trkpt lat="38.73831353" lon="114.42631224"><ele>211.999</ele><time>2026-08-25T05:10:59Z</time><sat>28</sat></trkpt>
  <trkpt lat="38.73843150" lon="114.42641498"><ele>211.421</ele><time>2026-08-25T05:11:02Z</time><sat>30</sat></trkpt>
  <trkpt lat="38.73850260" lon="114.42656885"><ele>211.527</ele><time>2026-08-25T05:11:05Z</time><sat>31</sat></trkpt>
  <trkpt lat="38.73861410" lon="114.42667293"><ele>212.265</ele><time>2026-08-25T05:11:08Z</time><sat>30</sat></trkpt>
  <trkpt lat="38.73876582" lon="114.42672825"><ele>213.648</ele><time>2026-08-25T05:11:11Z</time><sat>29</sat></trkpt>
  <trkpt lat="38.73891416" lon="114.42672990"><ele>214.398</ele><time>2026-08-25T05:11:14Z</time><sat>30</sat></trkpt>
  <trkpt lat="38.73902073" lon="114.42670754"><ele>214.979</ele><time>2026-08-25T05:11:17Z</time><sat>31</sat></trkpt>
  <trkpt lat="38.73912414" lon="114.42681084"><ele>214.734</ele><time>2026-08-25T05:11:20Z</time><sat>29</sat></trkpt>
  <trkpt lat="38.73916286" lon="114.42695554"><ele>215.685</ele><time>2026-08-25T05:11:23Z</time><sat>30</sat></trkpt>
  <trkpt lat="38.73912425" lon="114.42709217"><ele>217.441</ele><time>2026-08-25T05:11:26Z</time><sat>31</sat></trkpt>
  <trkpt lat="38.73905856" lon="114.42722536"><ele>219.102</ele><time>2026-08-25T05:11:29Z</time><sat>31</sat></trkpt>
  <trkpt lat="38.73900853" lon="114.42735522"><ele>218.713</ele><time>2026-08-25T05:11:32Z</time><sat>32</sat></trkpt>
  <trkpt lat="38.73893648" lon="114.42743471"><ele>218.623</ele><time>2026-08-25T05:11:35Z</time><sat>33</sat></trkpt>
  <trkpt lat="38.73881759" lon="114.42741142"><ele>218.626</ele><time>2026-08-25T05:11:38Z</time><sat>33</sat></trkpt>
  <trkpt lat="38.73872459" lon="114.42738149"><ele>220.237</ele><time>2026-08-25T05:11:41Z</time><sat>32</sat></trkpt>
  <trkpt lat="38.73865529" lon="114.42742105"><ele>221.412</ele><time>2026-08-25T05:11:44Z</time><sat>33</sat></trkpt>
  <trkpt lat="38.73866306" lon="114.42750646"><ele>222.459</ele><time>2026-08-25T05:11:47Z</time><sat>33</sat></trkpt>
  <trkpt lat="38.73875049" lon="114.42757309"><ele>223.095</ele><time>2026-08-25T05:11:50Z</time><sat>34</sat></trkpt>
  <trkpt lat="38.73891280" lon="114.42762795"><ele>223.751</ele><time>2026-08-25T05:11:53Z</time><sat>34</sat></trkpt>
  <trkpt lat="38.73905005" lon="114.42763152"><ele>224.660</ele><time>2026-08-25T05:11:56Z</time><sat>34</sat></trkpt>
  <trkpt lat="38.73912613" lon="114.42755486"><ele>225.305</ele><time>2026-08-25T05:11:59Z</time><sat>32</sat></trkpt>
  <trkpt lat="38.73919767" lon="114.42744436"><ele>226.480</ele><time>2026-08-25T05:12:02Z</time><sat>32</sat></trkpt>
  <trkpt lat="38.73928811" lon="114.42737666"><ele>227.960</ele><time>2026-08-25T05:12:05Z</time><sat>32</sat></trkpt>
  <trkpt lat="38.73943428" lon="114.42741691"><ele>229.507</ele><time>2026-08-25T05:12:08Z</time><sat>33</sat></trkpt>
  <trkpt lat="38.73960150" lon="114.42745176"><ele>231.327</ele><time>2026-08-25T05:12:11Z</time><sat>33</sat></trkpt>
  <trkpt lat="38.73978299" lon="114.42741230"><ele>233.437</ele><time>2026-08-25T05:12:14Z</time><sat>33</sat></trkpt>
  <trkpt lat="38.73996098" lon="114.42737510"><ele>236.643</ele><time>2026-08-25T05:12:17Z</time><sat>33</sat></trkpt>
  <trkpt lat="38.74009400" lon="114.42731280"><ele>238.007</ele><time>2026-08-25T05:12:20Z</time><sat>31</sat></trkpt>
  <trkpt lat="38.74021061" lon="114.42719026"><ele>239.692</ele><time>2026-08-25T05:12:23Z</time><sat>31</sat></trkpt>
  <trkpt lat="38.74035414" lon="114.42705999"><ele>241.584</ele><time>2026-08-25T05:12:26Z</time><sat>33</sat></trkpt>
  <trkpt lat="38.74048684" lon="114.42692327"><ele>243.427</ele><time>2026-08-25T05:12:29Z</time><sat>32</sat></trkpt>
  <trkpt lat="38.74054085" lon="114.42683084"><ele>243.977</ele><time>2026-08-25T05:12:32Z</time><sat>34</sat></trkpt>
  <trkpt lat="38.74054716" lon="114.42681490"><ele>244.001</ele><time>2026-08-25T05:12:35Z</time><sat>35</sat></trkpt>
  <trkpt lat="38.74054672" lon="114.42681773"><ele>244.056</ele><time>2026-08-25T05:12:38Z</time><sat>35</sat></trkpt>
  <trkpt lat="38.74054663" lon="114.42681932"><ele>243.726</ele><time>2026-08-25T05:12:41Z</time><sat>30</sat></trkpt>
  <trkpt lat="38.74059246" lon="114.42672654"><ele>244.040</ele><time>2026-08-25T05:12:44Z</time><sat>32</sat></trkpt>
  <trkpt lat="38.74069167" lon="114.42661269"><ele>244.946</ele><time>2026-08-25T05:12:47Z</time><sat>32</sat></trkpt>
  <trkpt lat="38.74079674" lon="114.42657005"><ele>245.345</ele><time>2026-08-25T05:12:50Z</time><sat>33</sat></trkpt>
  <trkpt lat="38.74088539" lon="114.42660530"><ele>245.946</ele><time>2026-08-25T05:12:53Z</time><sat>34</sat></trkpt>
  <trkpt lat="38.74097270" lon="114.42668406"><ele>245.457</ele><time>2026-08-25T05:12:56Z</time><sat>31</sat></trkpt>
  <trkpt lat="38.74109653" lon="114.42678735"><ele>246.353</ele><time>2026-08-25T05:12:59Z</time><sat>32</sat></trkpt>
  <trkpt lat="38.74122187" lon="114.42682285"><ele>246.273</ele><time>2026-08-25T05:13:02Z</time><sat>32</sat></trkpt>
  <trkpt lat="38.74138321" lon="114.42677480"><ele>246.595</ele><time>2026-08-25T05:13:05Z</time><sat>31</sat></trkpt>
  <trkpt lat="38.74156684" lon="114.42675451"><ele>247.347</ele><time>2026-08-25T05:13:08Z</time><sat>30</sat></trkpt>
  <trkpt lat="38.74170055" lon="114.42680324"><ele>248.999</ele><time>2026-08-25T05:13:11Z</time><sat>33</sat></trkpt>
  <trkpt lat="38.74184013" lon="114.42678299"><ele>250.705</ele><time>2026-08-25T05:13:14Z</time><sat>32</sat></trkpt>
  <trkpt lat="38.74202849" lon="114.42672912"><ele>250.601</ele><time>2026-08-25T05:13:17Z</time><sat>31</sat></trkpt>
  <trkpt lat="38.74217834" lon="114.42667841"><ele>250.502</ele><time>2026-08-25T05:13:20Z</time><sat>31</sat></trkpt>
  <trkpt lat="38.74223881" lon="114.42652727"><ele>250.876</ele><time>2026-08-25T05:13:23Z</time><sat>35</sat></trkpt>
  <trkpt lat="38.74228764" lon="114.42637807"><ele>250.686</ele><time>2026-08-25T05:13:26Z</time><sat>34</sat></trkpt>
  <trkpt lat="38.74238846" lon="114.42628337"><ele>250.997</ele><time>2026-08-25T05:13:29Z</time><sat>34</sat></trkpt>
  <trkpt lat="38.74251271" lon="114.42627813"><ele>251.822</ele><time>2026-08-25T05:13:32Z</time><sat>30</sat></trkpt>
  <trkpt lat="38.74261099" lon="114.42623470"><ele>252.572</ele><time>2026-08-25T05:13:35Z</time><sat>30</sat></trkpt>
  <trkpt lat="38.74267094" lon="114.42611979"><ele>253.987</ele><time>2026-08-25T05:13:38Z</time><sat>33</sat></trkpt>
  <trkpt lat="38.74274575" lon="114.42602252"><ele>255.259</ele><time>2026-08-25T05:13:41Z</time><sat>29</sat></trkpt>
  <trkpt lat="38.74286741" lon="114.42602643"><ele>253.893</ele><time>2026-08-25T05:13:44Z</time><sat>28</sat></trkpt>
  <trkpt lat="38.74298024" lon="114.42614256"><ele>254.700</ele><time>2026-08-25T05:13:47Z</time><sat>30</sat></trkpt>
  <trkpt lat="38.74308464" lon="114.42620832"><ele>255.027</ele><time>2026-08-25T05:13:50Z</time><sat>31</sat></trkpt>
  <trkpt lat="38.74321314" lon="114.42616851"><ele>254.980</ele><time>2026-08-25T05:13:53Z</time><sat>30</sat></trkpt>
  <trkpt lat="38.74333537" lon="114.42621320"><ele>256.014</ele><time>2026-08-25T05:13:56Z</time><sat>31</sat></trkpt>
  <trkpt lat="38.74339922" lon="114.42633033"><ele>256.798</ele><time>2026-08-25T05:13:59Z</time><sat>30</sat></trkpt>
  <trkpt lat="38.74346659" lon="114.42642451"><ele>257.778</ele><time>2026-08-25T05:14:02Z</time><sat>29</sat></trkpt>
  <trkpt lat="38.74358918" lon="114.42646305"><ele>258.414</ele><time>2026-08-25T05:14:05Z</time><sat>30</sat></trkpt>
  <trkpt lat="38.74370656" lon="114.42653841"><ele>258.407</ele><time>2026-08-25T05:14:08Z</time><sat>33</sat></trkpt>
  <trkpt lat="38.74373476" lon="114.42668864"><ele>259.798</ele><time>2026-08-25T05:14:11Z</time><sat>32</sat></trkpt>
  <trkpt lat="38.74374762" lon="114.42684619"><ele>260.268</ele><time>2026-08-25T05:14:14Z</time><sat>32</sat></trkpt>
  <trkpt lat="38.74381445" lon="114.42696332"><ele>260.998</ele><time>2026-08-25T05:14:17Z</time><sat>31</sat></trkpt>
  <trkpt lat="38.74392593" lon="114.42702202"><ele>262.026</ele><time>2026-08-25T05:14:20Z</time><sat>32</sat></trkpt>
  <trkpt lat="38.74407096" lon="114.42704938"><ele>262.822</ele><time>2026-08-25T05:14:23Z</time><sat>33</sat></trkpt>
  <trkpt lat="38.74418883" lon="114.42714418"><ele>263.312</ele><time>2026-08-25T05:14:26Z</time><sat>33</sat></trkpt>
  <trkpt lat="38.74421853" lon="114.42732300"><ele>264.386</ele><time>2026-08-25T05:14:29Z</time><sat>31</sat></trkpt>
  <trkpt lat="38.74422146" lon="114.42752880"><ele>264.571</ele><time>2026-08-25T05:14:32Z</time><sat>32</sat></trkpt>
  <trkpt lat="38.74428703" lon="114.42766361"><ele>265.444</ele><time>2026-08-25T05:14:35Z</time><sat>32</sat></trkpt>
  <trkpt lat="38.74442584" lon="114.42772628"><ele>266.345</ele><time>2026-08-25T05:14:38Z</time><sat>35</sat></trkpt>
  <trkpt lat="38.74456690" lon="114.42784965"><ele>266.754</ele><time>2026-08-25T05:14:41Z</time><sat>35</sat></trkpt>
  <trkpt lat="38.74464337" lon="114.42805521"><ele>267.020</ele><time>2026-08-25T05:14:44Z</time><sat>33</sat></trkpt>
  <trkpt lat="38.74467533" lon="114.42827314"><ele>266.444</ele><time>2026-08-25T05:14:47Z</time><sat>34</sat></trkpt>
  <trkpt lat="38.74470202" lon="114.42844244"><ele>266.793</ele><time>2026-08-25T05:14:50Z</time><sat>36</sat></trkpt>
  <trkpt lat="38.74473647" lon="114.42854412"><ele>266.884</ele><time>2026-08-25T05:14:53Z</time><sat>35</sat></trkpt>
  <trkpt lat="38.74479319" lon="114.42848939"><ele>267.789</ele><time>2026-08-25T05:14:56Z</time><sat>36</sat></trkpt>
  <trkpt lat="38.74479703" lon="114.42831701"><ele>269.039</ele><time>2026-08-25T05:14:59Z</time><sat>35</sat></trkpt>
  <trkpt lat="38.74480608" lon="114.42810462"><ele>270.654</ele><time>2026-08-25T05:15:02Z</time><sat>34</sat></trkpt>
  <trkpt lat="38.74478772" lon="114.42791229"><ele>273.336</ele><time>2026-08-25T05:15:05Z</time><sat>36</sat></trkpt>
  <trkpt lat="38.74475973" lon="114.42773064"><ele>275.392</ele><time>2026-08-25T05:15:08Z</time><sat>36</sat></trkpt>
  <trkpt lat="38.74473988" lon="114.42754642"><ele>277.597</ele><time>2026-08-25T05:15:11Z</time><sat>34</sat></trkpt>
  <trkpt lat="38.74475538" lon="114.42740632"><ele>278.152</ele><time>2026-08-25T05:15:14Z</time><sat>34</sat></trkpt>
  <trkpt lat="38.74483678" lon="114.42729089"><ele>279.366</ele><time>2026-08-25T05:15:17Z</time><sat>35</sat></trkpt>
  <trkpt lat="38.74491278" lon="114.42719670"><ele>280.338</ele><time>2026-08-25T05:15:20Z</time><sat>35</sat></trkpt>
  <trkpt lat="38.74495102" lon="114.42706613"><ele>280.757</ele><time>2026-08-25T05:15:23Z</time><sat>32</sat></trkpt>
  <trkpt lat="38.74491637" lon="114.42693813"><ele>281.413</ele><time>2026-08-25T05:15:26Z</time><sat>35</sat></trkpt>
  <trkpt lat="38.74491121" lon="114.42678595"><ele>282.001</ele><time>2026-08-25T05:15:29Z</time><sat>35</sat></trkpt>
  <trkpt lat="38.74498749" lon="114.42666566"><ele>283.699</ele><time>2026-08-25T05:15:32Z</time><sat>34</sat></trkpt>
  <trkpt lat="38.74504638" lon="114.42657461"><ele>285.291</ele><time>2026-08-25T05:15:35Z</time><sat>33</sat></trkpt>
  <trkpt lat="38.74504540" lon="114.42646173"><ele>285.392</ele><time>2026-08-25T05:15:38Z</time><sat>35</sat></trkpt>
  <trkpt lat="38.74499771" lon="114.42632130"><ele>285.535</ele><time>2026-08-25T05:15:41Z</time><sat>36</sat></trkpt>
  <trkpt lat="38.74494418" lon="114.42615456"><ele>286.130</ele><time>2026-08-25T05:15:44Z</time><sat>34</sat></trkpt>
  <trkpt lat="38.74497669" lon="114.42599609"><ele>286.938</ele><time>2026-08-25T05:15:47Z</time><sat>32</sat></trkpt>
  <trkpt lat="38.74507898" lon="114.42590746"><ele>287.560</ele><time>2026-08-25T05:15:50Z</time><sat>34</sat></trkpt>
  <trkpt lat="38.74515374" lon="114.42581565"><ele>288.323</ele><time>2026-08-25T05:15:53Z</time><sat>34</sat></trkpt>
  <trkpt lat="38.74516327" lon="114.42570246"><ele>288.018</ele><time>2026-08-25T05:15:56Z</time><sat>34</sat></trkpt>
  <trkpt lat="38.74512816" lon="114.42553898"><ele>287.904</ele><time>2026-08-25T05:15:59Z</time><sat>34</sat></trkpt>
  <trkpt lat="38.74513457" lon="114.42533542"><ele>289.022</ele><time>2026-08-25T05:16:02Z</time><sat>34</sat></trkpt>
  <trkpt lat="38.74518157" lon="114.42513749"><ele>290.650</ele><time>2026-08-25T05:16:05Z</time><sat>34</sat></trkpt>
  <trkpt lat="38.74521805" lon="114.42494038"><ele>291.707</ele><time>2026-08-25T05:16:08Z</time><sat>34</sat></trkpt>
  <trkpt lat="38.74523247" lon="114.42474115"><ele>293.296</ele><time>2026-08-25T05:16:11Z</time><sat>34</sat></trkpt>
  <trkpt lat="38.74524611" lon="114.42453212"><ele>293.695</ele><time>2026-08-25T05:16:14Z</time><sat>33</sat></trkpt>
  <trkpt lat="38.74526381" lon="114.42435968"><ele>294.183</ele><time>2026-08-25T05:16:17Z</time><sat>34</sat></trkpt>
  <trkpt lat="38.74521152" lon="114.42420243"><ele>294.518</ele><time>2026-08-25T05:16:20Z</time><sat>37</sat></trkpt>
  <trkpt lat="38.74517756" lon="114.42409963"><ele>295.189</ele><time>2026-08-25T05:16:23Z</time><sat>37</sat></trkpt>
  <trkpt lat="38.74521353" lon="114.42399494"><ele>295.378</ele><time>2026-08-25T05:16:26Z</time><sat>36</sat></trkpt>
  <trkpt lat="38.74531020" lon="114.42388848"><ele>295.390</ele><time>2026-08-25T05:16:29Z</time><sat>35</sat></trkpt>
  <trkpt lat="38.74542362" lon="114.42377426"><ele>296.745</ele><time>2026-08-25T05:16:32Z</time><sat>34</sat></trkpt>
  <trkpt lat="38.74556190" lon="114.42373692"><ele>297.349</ele><time>2026-08-25T05:16:35Z</time><sat>35</sat></trkpt>
  <trkpt lat="38.74571165" lon="114.42371782"><ele>297.822</ele><time>2026-08-25T05:16:38Z</time><sat>34</sat></trkpt>
  <trkpt lat="38.74582364" lon="114.42366396"><ele>298.379</ele><time>2026-08-25T05:16:41Z</time><sat>31</sat></trkpt>
  <trkpt lat="38.74591391" lon="114.42352550"><ele>297.761</ele><time>2026-08-25T05:16:44Z</time><sat>33</sat></trkpt>
  <trkpt lat="38.74600258" lon="114.42337880"><ele>296.940</ele><time>2026-08-25T05:16:47Z</time><sat>32</sat></trkpt>
  <trkpt lat="38.74612944" lon="114.42333321"><ele>296.327</ele><time>2026-08-25T05:16:50Z</time><sat>32</sat></trkpt>
  <trkpt lat="38.74625237" lon="114.42328564"><ele>296.733</ele><time>2026-08-25T05:16:53Z</time><sat>33</sat></trkpt>
  <trkpt lat="38.74630644" lon="114.42317842"><ele>297.087</ele><time>2026-08-25T05:16:56Z</time><sat>33</sat></trkpt>
  <trkpt lat="38.74631883" lon="114.42306029"><ele>295.965</ele><time>2026-08-25T05:16:59Z</time><sat>33</sat></trkpt>
  <trkpt lat="38.74629699" lon="114.42289086"><ele>295.686</ele><time>2026-08-25T05:17:02Z</time><sat>32</sat></trkpt>
  <trkpt lat="38.74627242" lon="114.42270900"><ele>294.437</ele><time>2026-08-25T05:17:05Z</time><sat>33</sat></trkpt>
  <trkpt lat="38.74629946" lon="114.42250666"><ele>293.138</ele><time>2026-08-25T05:17:08Z</time><sat>33</sat></trkpt>
  <trkpt lat="38.74631100" lon="114.42232165"><ele>292.371</ele><time>2026-08-25T05:17:11Z</time><sat>35</sat></trkpt>
  <trkpt lat="38.74628596" lon="114.42215336"><ele>293.467</ele><time>2026-08-25T05:17:14Z</time><sat>34</sat></trkpt>
  <trkpt lat="38.74626648" lon="114.42201517"><ele>294.283</ele><time>2026-08-25T05:17:17Z</time><sat>34</sat></trkpt>
  <trkpt lat="38.74628212" lon="114.42189566"><ele>293.853</ele><time>2026-08-25T05:17:20Z</time><sat>35</sat></trkpt>
  <trkpt lat="38.74633285" lon="114.42179439"><ele>292.666</ele><time>2026-08-25T05:17:23Z</time><sat>34</sat></trkpt>
  <trkpt lat="38.74640212" lon="114.42169343"><ele>291.128</ele><time>2026-08-25T05:17:26Z</time><sat>32</sat></trkpt>
  <trkpt lat="38.74651571" lon="114.42155782"><ele>288.069</ele><time>2026-08-25T05:17:29Z</time><sat>32</sat></trkpt>
  <trkpt lat="38.74663017" lon="114.42143402"><ele>285.736</ele><time>2026-08-25T05:17:32Z</time><sat>33</sat></trkpt>
  <trkpt lat="38.74673616" lon="114.42130288"><ele>282.905</ele><time>2026-08-25T05:17:35Z</time><sat>33</sat></trkpt>
  <trkpt lat="38.74684235" lon="114.42119735"><ele>280.427</ele><time>2026-08-25T05:17:38Z</time><sat>31</sat></trkpt>
  <trkpt lat="38.74698515" lon="114.42113514"><ele>279.212</ele><time>2026-08-25T05:17:41Z</time><sat>32</sat></trkpt>
  <trkpt lat="38.74714116" lon="114.42106133"><ele>276.792</ele><time>2026-08-25T05:17:44Z</time><sat>35</sat></trkpt>
  <trkpt lat="38.74728966" lon="114.42102141"><ele>274.517</ele><time>2026-08-25T05:17:47Z</time><sat>33</sat></trkpt>
  <trkpt lat="38.74740522" lon="114.42107130"><ele>272.302</ele><time>2026-08-25T05:17:50Z</time><sat>33</sat></trkpt>
  <trkpt lat="38.74756175" lon="114.42112438"><ele>268.486</ele><time>2026-08-25T05:17:53Z</time><sat>32</sat></trkpt>
  <trkpt lat="38.74771043" lon="114.42118750"><ele>265.671</ele><time>2026-08-25T05:17:56Z</time><sat>28</sat></trkpt>
  <trkpt lat="38.74784386" lon="114.42123532"><ele>264.295</ele><time>2026-08-25T05:17:59Z</time><sat>30</sat></trkpt>
  <trkpt lat="38.74797465" lon="114.42128286"><ele>263.581</ele><time>2026-08-25T05:18:02Z</time><sat>33</sat></trkpt>
  <trkpt lat="38.74806137" lon="114.42129341"><ele>262.984</ele><time>2026-08-25T05:18:05Z</time><sat>31</sat></trkpt>
  <trkpt lat="38.74810426" lon="114.42123937"><ele>262.567</ele><time>2026-08-25T05:18:08Z</time><sat>32</sat></trkpt>
  <trkpt lat="38.74812362" lon="114.42108718"><ele>262.776</ele><time>2026-08-25T05:18:11Z</time><sat>34</sat></trkpt>
  <trkpt lat="38.74816547" lon="114.42087824"><ele>262.365</ele><time>2026-08-25T05:18:14Z</time><sat>34</sat></trkpt>
  <trkpt lat="38.74822380" lon="114.42069581"><ele>263.194</ele><time>2026-08-25T05:18:17Z</time><sat>33</sat></trkpt>
  <trkpt lat="38.74826497" lon="114.42059341"><ele>263.078</ele><time>2026-08-25T05:18:20Z</time><sat>33</sat></trkpt>
  <trkpt lat="38.74831311" lon="114.42046880"><ele>263.186</ele><time>2026-08-25T05:18:23Z</time><sat>32</sat></trkpt>
  <trkpt lat="38.74838375" lon="114.42031266"><ele>263.414</ele><time>2026-08-25T05:18:26Z</time><sat>32</sat></trkpt>
  <trkpt lat="38.74847308" lon="114.42014910"><ele>262.324</ele><time>2026-08-25T05:18:29Z</time><sat>33</sat></trkpt>
  <trkpt lat="38.74852685" lon="114.42000070"><ele>261.911</ele><time>2026-08-25T05:18:32Z</time><sat>34</sat></trkpt>
  <trkpt lat="38.74851624" lon="114.41981217"><ele>261.745</ele><time>2026-08-25T05:18:35Z</time><sat>34</sat></trkpt>
  <trkpt lat="38.74847531" lon="114.41965213"><ele>262.013</ele><time>2026-08-25T05:18:38Z</time><sat>34</sat></trkpt>
  <trkpt lat="38.74844596" lon="114.41951478"><ele>261.241</ele><time>2026-08-25T05:18:41Z</time><sat>33</sat></trkpt>
  <trkpt lat="38.74842875" lon="114.41934240"><ele>259.223</ele><time>2026-08-25T05:18:44Z</time><sat>33</sat></trkpt>
  <trkpt lat="38.74839281" lon="114.41913505"><ele>257.510</ele><time>2026-08-25T05:18:47Z</time><sat>33</sat></trkpt>
  <trkpt lat="38.74833046" lon="114.41893673"><ele>256.206</ele><time>2026-08-25T05:18:50Z</time><sat>34</sat></trkpt>
  <trkpt lat="38.74830273" lon="114.41875734"><ele>254.371</ele><time>2026-08-25T05:18:53Z</time><sat>34</sat></trkpt>
  <trkpt lat="38.74829715" lon="114.41855919"><ele>252.235</ele><time>2026-08-25T05:18:56Z</time><sat>34</sat></trkpt>
  <trkpt lat="38.74828740" lon="114.41835562"><ele>250.815</ele><time>2026-08-25T05:18:59Z</time><sat>34</sat></trkpt>
  <trkpt lat="38.74827407" lon="114.41814797"><ele>249.187</ele><time>2026-08-25T05:19:02Z</time><sat>33</sat></trkpt>
  <trkpt lat="38.74829429" lon="114.41791741"><ele>247.220</ele><time>2026-08-25T05:19:05Z</time><sat>34</sat></trkpt>
  <trkpt lat="38.74827367" lon="114.41778300"><ele>249.230</ele><time>2026-08-25T05:19:08Z</time><sat>34</sat></trkpt>
  <trkpt lat="38.74825463" lon="114.41767981"><ele>249.955</ele><time>2026-08-25T05:19:11Z</time><sat>34</sat></trkpt>
  <trkpt lat="38.74829336" lon="114.41758893"><ele>250.045</ele><time>2026-08-25T05:19:14Z</time><sat>34</sat></trkpt>
  <trkpt lat="38.74839537" lon="114.41755578"><ele>251.604</ele><time>2026-08-25T05:19:17Z</time><sat>34</sat></trkpt>
  <trkpt lat="38.74853412" lon="114.41754310"><ele>252.479</ele><time>2026-08-25T05:19:20Z</time><sat>34</sat></trkpt>
  <trkpt lat="38.74864847" lon="114.41757190"><ele>253.018</ele><time>2026-08-25T05:19:23Z</time><sat>34</sat></trkpt>
  <trkpt lat="38.74875795" lon="114.41761257"><ele>254.914</ele><time>2026-08-25T05:19:26Z</time><sat>31</sat></trkpt>
  <trkpt lat="38.74889649" lon="114.41758615"><ele>256.709</ele><time>2026-08-25T05:19:29Z</time><sat>30</sat></trkpt>
  <trkpt lat="38.74901775" lon="114.41753818"><ele>258.448</ele><time>2026-08-25T05:19:32Z</time><sat>31</sat></trkpt>
  <trkpt lat="38.74912292" lon="114.41748770"><ele>260.293</ele><time>2026-08-25T05:19:35Z</time><sat>33</sat></trkpt>
  <trkpt lat="38.74924949" lon="114.41749978"><ele>261.181</ele><time>2026-08-25T05:19:38Z</time><sat>33</sat></trkpt>
  <trkpt lat="38.74939577" lon="114.41749874"><ele>262.090</ele><time>2026-08-25T05:19:41Z</time><sat>34</sat></trkpt>
  <trkpt lat="38.74948652" lon="114.41739349"><ele>263.914</ele><time>2026-08-25T05:19:44Z</time><sat>34</sat></trkpt>
  <trkpt lat="38.74958165" lon="114.41721838"><ele>265.472</ele><time>2026-08-25T05:19:47Z</time><sat>35</sat></trkpt>
  <trkpt lat="38.74966030" lon="114.41705523"><ele>266.897</ele><time>2026-08-25T05:19:50Z</time><sat>34</sat></trkpt>
  <trkpt lat="38.74968485" lon="114.41688858"><ele>269.724</ele><time>2026-08-25T05:19:53Z</time><sat>31</sat></trkpt>
  <trkpt lat="38.74965514" lon="114.41675700"><ele>272.502</ele><time>2026-08-25T05:19:56Z</time><sat>34</sat></trkpt>
  <trkpt lat="38.74959128" lon="114.41666436"><ele>274.367</ele><time>2026-08-25T05:19:59Z</time><sat>36</sat></trkpt>
  <trkpt lat="38.74952881" lon="114.41656041"><ele>276.418</ele><time>2026-08-25T05:20:02Z</time><sat>36</sat></trkpt>
  <trkpt lat="38.74956078" lon="114.41641468"><ele>277.986</ele><time>2026-08-25T05:20:05Z</time><sat>37</sat></trkpt>
  <trkpt lat="38.74960614" lon="114.41625418"><ele>279.422</ele><time>2026-08-25T05:20:08Z</time><sat>36</sat></trkpt>
  <trkpt lat="38.74961581" lon="114.41612925"><ele>280.206</ele><time>2026-08-25T05:20:11Z</time><sat>35</sat></trkpt>
  <trkpt lat="38.74960452" lon="114.41604065"><ele>280.834</ele><time>2026-08-25T05:20:14Z</time><sat>35</sat></trkpt>
  <trkpt lat="38.74957841" lon="114.41594055"><ele>280.469</ele><time>2026-08-25T05:20:17Z</time><sat>34</sat></trkpt>
  <trkpt lat="38.74958331" lon="114.41586348"><ele>279.880</ele><time>2026-08-25T05:20:20Z</time><sat>34</sat></trkpt>
  <trkpt lat="38.74964320" lon="114.41581423"><ele>279.009</ele><time>2026-08-25T05:20:23Z</time><sat>36</sat></trkpt>
  <trkpt lat="38.74973809" lon="114.41580454"><ele>278.282</ele><time>2026-08-25T05:20:26Z</time><sat>37</sat></trkpt>
  <trkpt lat="38.74987117" lon="114.41582615"><ele>277.900</ele><time>2026-08-25T05:20:29Z</time><sat>35</sat></trkpt>
  <trkpt lat="38.74998217" lon="114.41589413"><ele>276.562</ele><time>2026-08-25T05:20:32Z</time><sat>36</sat></trkpt>
  <trkpt lat="38.75007675" lon="114.41588547"><ele>276.705</ele><time>2026-08-25T05:20:35Z</time><sat>35</sat></trkpt>
  <trkpt lat="38.75016338" lon="114.41580708"><ele>276.476</ele><time>2026-08-25T05:20:38Z</time><sat>35</sat></trkpt>
  <trkpt lat="38.75028345" lon="114.41579384"><ele>276.360</ele><time>2026-08-25T05:20:41Z</time><sat>34</sat></trkpt>
  <trkpt lat="38.75042141" lon="114.41582653"><ele>276.793</ele><time>2026-08-25T05:20:44Z</time><sat>34</sat></trkpt>
  <trkpt lat="38.75051223" lon="114.41575143"><ele>277.194</ele><time>2026-08-25T05:20:47Z</time><sat>35</sat></trkpt>
  <trkpt lat="38.75056039" lon="114.41560889"><ele>277.129</ele><time>2026-08-25T05:20:50Z</time><sat>34</sat></trkpt>
  <trkpt lat="38.75054636" lon="114.41545011"><ele>279.239</ele><time>2026-08-25T05:20:53Z</time><sat>35</sat></trkpt>
  <trkpt lat="38.75053827" lon="114.41529387"><ele>280.796</ele><time>2026-08-25T05:20:56Z</time><sat>35</sat></trkpt>
  <trkpt lat="38.75062007" lon="114.41513171"><ele>282.716</ele><time>2026-08-25T05:20:59Z</time><sat>36</sat></trkpt>
  <trkpt lat="38.75073546" lon="114.41494462"><ele>286.180</ele><time>2026-08-25T05:21:02Z</time><sat>35</sat></trkpt>
  <trkpt lat="38.75082466" lon="114.41479096"><ele>289.291</ele><time>2026-08-25T05:21:05Z</time><sat>35</sat></trkpt>
  <trkpt lat="38.75085159" lon="114.41466875"><ele>290.952</ele><time>2026-08-25T05:21:08Z</time><sat>35</sat></trkpt>
  <trkpt lat="38.75084100" lon="114.41455532"><ele>292.838</ele><time>2026-08-25T05:21:11Z</time><sat>34</sat></trkpt>
  <trkpt lat="38.75085159" lon="114.41443724"><ele>295.713</ele><time>2026-08-25T05:21:14Z</time><sat>35</sat></trkpt>
  <trkpt lat="38.75090945" lon="114.41428483"><ele>297.440</ele><time>2026-08-25T05:21:17Z</time><sat>36</sat></trkpt>
  <trkpt lat="38.75098169" lon="114.41415392"><ele>299.394</ele><time>2026-08-25T05:21:20Z</time><sat>36</sat></trkpt>
  <trkpt lat="38.75105931" lon="114.41411218"><ele>301.594</ele><time>2026-08-25T05:21:23Z</time><sat>34</sat></trkpt>
  <trkpt lat="38.75118669" lon="114.41416850"><ele>301.231</ele><time>2026-08-25T05:21:26Z</time><sat>34</sat></trkpt>
  <trkpt lat="38.75131720" lon="114.41421638"><ele>303.367</ele><time>2026-08-25T05:21:29Z</time><sat>36</sat></trkpt>
  <trkpt lat="38.75141117" lon="114.41421817"><ele>303.328</ele><time>2026-08-25T05:21:32Z</time><sat>33</sat></trkpt>
  <trkpt lat="38.75145300" lon="114.41420431"><ele>304.309</ele><time>2026-08-25T05:21:35Z</time><sat>30</sat></trkpt>
  <trkpt lat="38.75149129" lon="114.41419488"><ele>304.870</ele><time>2026-08-25T05:21:38Z</time><sat>27</sat></trkpt>
  <trkpt lat="38.75148293" lon="114.41419842"><ele>305.488</ele><time>2026-08-25T05:21:41Z</time><sat>32</sat></trkpt>
  <trkpt lat="38.75148240" lon="114.41419905"><ele>305.408</ele><time>2026-08-25T05:21:44Z</time><sat>31</sat></trkpt>
  <trkpt lat="38.75149204" lon="114.41418697"><ele>305.870</ele><time>2026-08-25T05:21:47Z</time><sat>30</sat></trkpt>
  <trkpt lat="38.75155876" lon="114.41414780"><ele>305.678</ele><time>2026-08-25T05:21:50Z</time><sat>29</sat></trkpt>
  <trkpt lat="38.75164307" lon="114.41410638"><ele>304.344</ele><time>2026-08-25T05:21:53Z</time><sat>33</sat></trkpt>
  <trkpt lat="38.75172254" lon="114.41406233"><ele>306.418</ele><time>2026-08-25T05:21:56Z</time><sat>36</sat></trkpt>
  <trkpt lat="38.75178346" lon="114.41396671"><ele>307.604</ele><time>2026-08-25T05:21:59Z</time><sat>37</sat></trkpt>
  <trkpt lat="38.75183418" lon="114.41383088"><ele>306.383</ele><time>2026-08-25T05:22:02Z</time><sat>37</sat></trkpt>
  <trkpt lat="38.75186714" lon="114.41371798"><ele>306.825</ele><time>2026-08-25T05:22:05Z</time><sat>33</sat></trkpt>
  <trkpt lat="38.75189173" lon="114.41360030"><ele>306.363</ele><time>2026-08-25T05:22:08Z</time><sat>33</sat></trkpt>
  <trkpt lat="38.75192757" lon="114.41341265"><ele>305.804</ele><time>2026-08-25T05:22:11Z</time><sat>36</sat></trkpt>
  <trkpt lat="38.75200330" lon="114.41318717"><ele>307.368</ele><time>2026-08-25T05:22:14Z</time><sat>37</sat></trkpt>
  <trkpt lat="38.75207453" lon="114.41294413"><ele>309.099</ele><time>2026-08-25T05:22:17Z</time><sat>35</sat></trkpt>
  <trkpt lat="38.75212079" lon="114.41275522"><ele>312.856</ele><time>2026-08-25T05:22:20Z</time><sat>35</sat></trkpt>
  <trkpt lat="38.75216885" lon="114.41262310"><ele>314.894</ele><time>2026-08-25T05:22:23Z</time><sat>37</sat></trkpt>
  <trkpt lat="38.75222067" lon="114.41248071"><ele>316.133</ele><time>2026-08-25T05:22:26Z</time><sat>36</sat></trkpt>
  <trkpt lat="38.75225863" lon="114.41234999"><ele>318.589</ele><time>2026-08-25T05:22:29Z</time><sat>31</sat></trkpt>
  <trkpt lat="38.75227503" lon="114.41224631"><ele>320.106</ele><time>2026-08-25T05:22:32Z</time><sat>30</sat></trkpt>
  <trkpt lat="38.75222025" lon="114.41217528"><ele>321.383</ele><time>2026-08-25T05:22:35Z</time><sat>35</sat></trkpt>
  <trkpt lat="38.75211945" lon="114.41216242"><ele>323.376</ele><time>2026-08-25T05:22:38Z</time><sat>36</sat></trkpt>
  <trkpt lat="38.75201862" lon="114.41214748"><ele>324.860</ele><time>2026-08-25T05:22:41Z</time><sat>34</sat></trkpt>
  <trkpt lat="38.75195656" lon="114.41208780"><ele>327.002</ele><time>2026-08-25T05:22:44Z</time><sat>34</sat></trkpt>
  <trkpt lat="38.75194970" lon="114.41195097"><ele>329.401</ele><time>2026-08-25T05:22:47Z</time><sat>37</sat></trkpt>
  <trkpt lat="38.75198077" lon="114.41178898"><ele>332.085</ele><time>2026-08-25T05:22:50Z</time><sat>37</sat></trkpt>
  <trkpt lat="38.75203223" lon="114.41165813"><ele>334.477</ele><time>2026-08-25T05:22:53Z</time><sat>37</sat></trkpt>
  <trkpt lat="38.75207621" lon="114.41155744"><ele>337.015</ele><time>2026-08-25T05:22:56Z</time><sat>35</sat></trkpt>
  <trkpt lat="38.75210283" lon="114.41145540"><ele>339.219</ele><time>2026-08-25T05:22:59Z</time><sat>35</sat></trkpt>
  <trkpt lat="38.75212457" lon="114.41138920"><ele>340.187</ele><time>2026-08-25T05:23:02Z</time><sat>37</sat></trkpt>
  <trkpt lat="38.75214195" lon="114.41132923"><ele>342.505</ele><time>2026-08-25T05:23:05Z</time><sat>33</sat></trkpt>
  <trkpt lat="38.75216257" lon="114.41125862"><ele>343.825</ele><time>2026-08-25T05:23:08Z</time><sat>31</sat></trkpt>
  <trkpt lat="38.75216170" lon="114.41125894"><ele>342.530</ele><time>2026-08-25T05:23:11Z</time><sat>35</sat></trkpt>
  <trkpt lat="38.75215566" lon="114.41126263"><ele>342.560</ele><time>2026-08-25T05:23:14Z</time><sat>36</sat></trkpt>
  <trkpt lat="38.75215215" lon="114.41125934"><ele>343.582</ele><time>2026-08-25T05:23:17Z</time><sat>35</sat></trkpt>
  <trkpt lat="38.75215199" lon="114.41125845"><ele>343.649</ele><time>2026-08-25T05:23:20Z</time><sat>35</sat></trkpt>
  <trkpt lat="38.75215259" lon="114.41125853"><ele>343.680</ele><time>2026-08-25T05:23:23Z</time><sat>35</sat></trkpt>
  <trkpt lat="38.75215255" lon="114.41125842"><ele>343.663</ele><time>2026-08-25T05:23:26Z</time><sat>35</sat></trkpt>
  <trkpt lat="38.75215035" lon="114.41126278"><ele>343.765</ele><time>2026-08-25T05:23:29Z</time><sat>34</sat></trkpt>
  <trkpt lat="38.75214734" lon="114.41128054"><ele>343.839</ele><time>2026-08-25T05:23:32Z</time><sat>35</sat></trkpt>
  <trkpt lat="38.75214838" lon="114.41128911"><ele>343.506</ele><time>2026-08-25T05:23:35Z</time><sat>35</sat></trkpt>
  <trkpt lat="38.75214478" lon="114.41130124"><ele>343.100</ele><time>2026-08-25T05:23:38Z</time><sat>35</sat></trkpt>
  <trkpt lat="38.75214713" lon="114.41132061"><ele>343.418</ele><time>2026-08-25T05:23:41Z</time><sat>37</sat></trkpt>
  <trkpt lat="38.75214568" lon="114.41131963"><ele>343.367</ele><time>2026-08-25T05:23:44Z</time><sat>36</sat></trkpt>
  <trkpt lat="38.75214652" lon="114.41132005"><ele>343.335</ele><time>2026-08-25T05:23:47Z</time><sat>36</sat></trkpt>
  <trkpt lat="38.75214716" lon="114.41132094"><ele>343.312</ele><time>2026-08-25T05:23:50Z</time><sat>36</sat></trkpt>
  <trkpt lat="38.75214582" lon="114.41132155"><ele>343.256</ele><time>2026-08-25T05:23:53Z</time><sat>36</sat></trkpt>
  <trkpt lat="38.75214189" lon="114.41133133"><ele>343.198</ele><time>2026-08-25T05:23:56Z</time><sat>36</sat></trkpt>
  <trkpt lat="38.75214183" lon="114.41133088"><ele>343.233</ele><time>2026-08-25T05:23:59Z</time><sat>36</sat></trkpt>
  <trkpt lat="38.75213212" lon="114.41131423"><ele>343.506</ele><time>2026-08-25T05:24:02Z</time><sat>34</sat></trkpt>
  <trkpt lat="38.75209882" lon="114.41129124"><ele>343.508</ele><time>2026-08-25T05:24:05Z</time><sat>35</sat></trkpt>
  <trkpt lat="38.75206733" lon="114.41125200"><ele>343.784</ele><time>2026-08-25T05:24:08Z</time><sat>36</sat></trkpt>
  <trkpt lat="38.75205104" lon="114.41120696"><ele>344.139</ele><time>2026-08-25T05:24:11Z</time><sat>37</sat></trkpt>
  <trkpt lat="38.75204305" lon="114.41117896"><ele>344.928</ele><time>2026-08-25T05:24:14Z</time><sat>36</sat></trkpt>
  <trkpt lat="38.75201514" lon="114.41112815"><ele>344.277</ele><time>2026-08-25T05:24:17Z</time><sat>33</sat></trkpt>
  <trkpt lat="38.75200469" lon="114.41112565"><ele>343.642</ele><time>2026-08-25T05:24:20Z</time><sat>35</sat></trkpt>
  <trkpt lat="38.75200408" lon="114.41112587"><ele>343.234</ele><time>2026-08-25T05:24:23Z</time><sat>37</sat></trkpt>
  <trkpt lat="38.75200531" lon="114.41112839"><ele>343.232</ele><time>2026-08-25T05:24:26Z</time><sat>35</sat></trkpt>
  <trkpt lat="38.75200566" lon="114.41112881"><ele>343.412</ele><time>2026-08-25T05:24:29Z</time><sat>34</sat></trkpt>
  <trkpt lat="38.75200595" lon="114.41112748"><ele>343.553</ele><time>2026-08-25T05:24:32Z</time><sat>37</sat></trkpt>
  <trkpt lat="38.75200610" lon="114.41112699"><ele>343.544</ele><time>2026-08-25T05:24:35Z</time><sat>37</sat></trkpt>
  <trkpt lat="38.75200612" lon="114.41112692"><ele>343.519</ele><time>2026-08-25T05:24:38Z</time><sat>37</sat></trkpt>
  <trkpt lat="38.75200625" lon="114.41112654"><ele>343.495</ele><time>2026-08-25T05:24:41Z</time><sat>31</sat></trkpt>
  <trkpt lat="38.75200621" lon="114.41112655"><ele>343.484</ele><time>2026-08-25T05:24:44Z</time><sat>33</sat></trkpt>
  <trkpt lat="38.75200686" lon="114.41112684"><ele>343.381</ele><time>2026-08-25T05:24:47Z</time><sat>36</sat></trkpt>
  <trkpt lat="38.75202883" lon="114.41115377"><ele>344.440</ele><time>2026-08-25T05:24:50Z</time><sat>37</sat></trkpt>
  <trkpt lat="38.75205546" lon="114.41116447"><ele>343.980</ele><time>2026-08-25T05:24:53Z</time><sat>37</sat></trkpt>
  <trkpt lat="38.75207913" lon="114.41117038"><ele>344.249</ele><time>2026-08-25T05:24:56Z</time><sat>37</sat></trkpt>
  <trkpt lat="38.75207330" lon="114.41117427"><ele>344.332</ele><time>2026-08-25T05:24:59Z</time><sat>37</sat></trkpt>
  <trkpt lat="38.75208875" lon="114.41119268"><ele>344.212</ele><time>2026-08-25T05:25:02Z</time><sat>37</sat></trkpt>
  <trkpt lat="38.75211102" lon="114.41121295"><ele>344.310</ele><time>2026-08-25T05:25:05Z</time><sat>37</sat></trkpt>
  <trkpt lat="38.75213601" lon="114.41123320"><ele>344.200</ele><time>2026-08-25T05:25:08Z</time><sat>37</sat></trkpt>
  <trkpt lat="38.75216088" lon="114.41125566"><ele>344.247</ele><time>2026-08-25T05:25:11Z</time><sat>37</sat></trkpt>
  <trkpt lat="38.75216021" lon="114.41128934"><ele>344.184</ele><time>2026-08-25T05:25:14Z</time><sat>38</sat></trkpt>
  <trkpt lat="38.75216301" lon="114.41133500"><ele>344.027</ele><time>2026-08-25T05:25:17Z</time><sat>38</sat></trkpt>
  <trkpt lat="38.75218669" lon="114.41136855"><ele>345.069</ele><time>2026-08-25T05:25:20Z</time><sat>38</sat></trkpt>
  <trkpt lat="38.75219140" lon="114.41136459"><ele>344.799</ele><time>2026-08-25T05:25:23Z</time><sat>38</sat></trkpt>
  <trkpt lat="38.75219149" lon="114.41136460"><ele>344.806</ele><time>2026-08-25T05:25:26Z</time><sat>37</sat></trkpt>
  <trkpt lat="38.75218556" lon="114.41134310"><ele>344.853</ele><time>2026-08-25T05:25:29Z</time><sat>38</sat></trkpt>
  <trkpt lat="38.75214030" lon="114.41130710"><ele>342.932</ele><time>2026-08-25T05:25:32Z</time><sat>38</sat></trkpt>
  <trkpt lat="38.75210439" lon="114.41127439"><ele>343.431</ele><time>2026-08-25T05:25:35Z</time><sat>38</sat></trkpt>
  <trkpt lat="38.75206674" lon="114.41125847"><ele>342.090</ele><time>2026-08-25T05:25:38Z</time><sat>37</sat></trkpt>
  <trkpt lat="38.75203126" lon="114.41121424"><ele>341.653</ele><time>2026-08-25T05:25:41Z</time><sat>31</sat></trkpt>
  <trkpt lat="38.75202122" lon="114.41119436"><ele>340.535</ele><time>2026-08-25T05:25:44Z</time><sat>37</sat></trkpt>
  <trkpt lat="38.75201921" lon="114.41114933"><ele>340.892</ele><time>2026-08-25T05:25:47Z</time><sat>37</sat></trkpt>
  <trkpt lat="38.75201668" lon="114.41114814"><ele>340.861</ele><time>2026-08-25T05:25:50Z</time><sat>37</sat></trkpt>
  <trkpt lat="38.75201657" lon="114.41114814"><ele>340.873</ele><time>2026-08-25T05:25:53Z</time><sat>35</sat></trkpt>
  <trkpt lat="38.75206944" lon="114.41111980"><ele>340.386</ele><time>2026-08-25T05:25:56Z</time><sat>34</sat></trkpt>
  <trkpt lat="38.75209963" lon="114.41114830"><ele>340.866</ele><time>2026-08-25T05:25:59Z</time><sat>34</sat></trkpt>
  <trkpt lat="38.75211399" lon="114.41124919"><ele>344.216</ele><time>2026-08-25T05:26:02Z</time><sat>31</sat></trkpt>
  <trkpt lat="38.75214730" lon="114.41127198"><ele>343.797</ele><time>2026-08-25T05:26:05Z</time><sat>31</sat></trkpt>
  <trkpt lat="38.75217370" lon="114.41130242"><ele>344.555</ele><time>2026-08-25T05:26:08Z</time><sat>32</sat></trkpt>
  <trkpt lat="38.75219945" lon="114.41132714"><ele>344.527</ele><time>2026-08-25T05:26:11Z</time><sat>34</sat></trkpt>
  <trkpt lat="38.75219397" lon="114.41133746"><ele>345.240</ele><time>2026-08-25T05:26:14Z</time><sat>35</sat></trkpt>
  <trkpt lat="38.75219156" lon="114.41133280"><ele>345.244</ele><time>2026-08-25T05:26:17Z</time><sat>35</sat></trkpt>
  <trkpt lat="38.75219142" lon="114.41133278"><ele>345.247</ele><time>2026-08-25T05:26:20Z</time><sat>35</sat></trkpt>
  <trkpt lat="38.75219452" lon="114.41133341"><ele>345.821</ele><time>2026-08-25T05:26:23Z</time><sat>35</sat></trkpt>
  <trkpt lat="38.75220686" lon="114.41131583"><ele>345.148</ele><time>2026-08-25T05:26:26Z</time><sat>36</sat></trkpt>
  <trkpt lat="38.75222206" lon="114.41128824"><ele>344.742</ele><time>2026-08-25T05:26:29Z</time><sat>37</sat></trkpt>
  <trkpt lat="38.75221437" lon="114.41127979"><ele>343.517</ele><time>2026-08-25T05:26:32Z</time><sat>36</sat></trkpt>
  <trkpt lat="38.75221177" lon="114.41127653"><ele>343.130</ele><time>2026-08-25T05:26:35Z</time><sat>31</sat></trkpt>
  <trkpt lat="38.75221162" lon="114.41127641"><ele>343.132</ele><time>2026-08-25T05:26:38Z</time><sat>27</sat></trkpt>
  <trkpt lat="38.75221156" lon="114.41127645"><ele>343.136</ele><time>2026-08-25T05:26:41Z</time><sat>26</sat></trkpt>
  <trkpt lat="38.75221141" lon="114.41127655"><ele>343.139</ele><time>2026-08-25T05:26:44Z</time><sat>29</sat></trkpt>
  <trkpt lat="38.75219978" lon="114.41127125"><ele>343.403</ele><time>2026-08-25T05:26:47Z</time><sat>28</sat></trkpt>
  <trkpt lat="38.75220350" lon="114.41127514"><ele>342.958</ele><time>2026-08-25T05:26:52Z</time><sat>30</sat></trkpt>
  <trkpt lat="38.75222517" lon="114.41131301"><ele>343.559</ele><time>2026-08-25T05:26:55Z</time><sat>29</sat></trkpt>
  <trkpt lat="38.75222692" lon="114.41130233"><ele>343.391</ele><time>2026-08-25T05:26:58Z</time><sat>31</sat></trkpt>
  <trkpt lat="38.75222157" lon="114.41128667"><ele>343.267</ele><time>2026-08-25T05:27:01Z</time><sat>34</sat></trkpt>
  <trkpt lat="38.75221491" lon="114.41130577"><ele>344.167</ele><time>2026-08-25T05:27:04Z</time><sat>34</sat></trkpt>
  <trkpt lat="38.75220490" lon="114.41132246"><ele>342.816</ele><time>2026-08-25T05:27:07Z</time><sat>37</sat></trkpt>
  <trkpt lat="38.75220115" lon="114.41131568"><ele>343.001</ele><time>2026-08-25T05:27:10Z</time><sat>37</sat></trkpt>
  <trkpt lat="38.75219749" lon="114.41131652"><ele>342.548</ele><time>2026-08-25T05:27:13Z</time><sat>37</sat></trkpt>
  <trkpt lat="38.75219736" lon="114.41131659"><ele>342.553</ele><time>2026-08-25T05:27:16Z</time><sat>37</sat></trkpt>
  <trkpt lat="38.75218831" lon="114.41131197"><ele>343.317</ele><time>2026-08-25T05:27:19Z</time><sat>34</sat></trkpt>
  <trkpt lat="38.75219353" lon="114.41131083"><ele>342.961</ele><time>2026-08-25T05:27:22Z</time><sat>35</sat></trkpt>
  <trkpt lat="38.75219394" lon="114.41131003"><ele>342.969</ele><time>2026-08-25T05:27:25Z</time><sat>35</sat></trkpt>
  <trkpt lat="38.75219367" lon="114.41131022"><ele>342.973</ele><time>2026-08-25T05:27:28Z</time><sat>35</sat></trkpt>
  <trkpt lat="38.75218373" lon="114.41130628"><ele>343.741</ele><time>2026-08-25T05:27:31Z</time><sat>34</sat></trkpt>
  <trkpt lat="38.75219028" lon="114.41130468"><ele>342.962</ele><time>2026-08-25T05:27:34Z</time><sat>36</sat></trkpt>
  <trkpt lat="38.75220306" lon="114.41130217"><ele>343.019</ele><time>2026-08-25T05:27:37Z</time><sat>37</sat></trkpt>
  <trkpt lat="38.75220397" lon="114.41130210"><ele>343.032</ele><time>2026-08-25T05:27:40Z</time><sat>37</sat></trkpt>
  <trkpt lat="38.75220399" lon="114.41130211"><ele>343.043</ele><time>2026-08-25T05:27:43Z</time><sat>35</sat></trkpt>
  <trkpt lat="38.75220508" lon="114.41130184"><ele>343.581</ele><time>2026-08-25T05:27:46Z</time><sat>35</sat></trkpt>
  <trkpt lat="38.75221017" lon="114.41130087"><ele>343.590</ele><time>2026-08-25T05:27:49Z</time><sat>35</sat></trkpt>
  <trkpt lat="38.75220751" lon="114.41129674"><ele>343.536</ele><time>2026-08-25T05:27:52Z</time><sat>34</sat></trkpt>
  <trkpt lat="38.75218429" lon="114.41128684"><ele>343.995</ele><time>2026-08-25T05:27:55Z</time><sat>35</sat></trkpt>
  <trkpt lat="38.75215941" lon="114.41127549"><ele>344.199</ele><time>2026-08-25T05:27:58Z</time><sat>37</sat></trkpt>
  <trkpt lat="38.75214140" lon="114.41124471"><ele>344.285</ele><time>2026-08-25T05:28:01Z</time><sat>37</sat></trkpt>
  <trkpt lat="38.75212624" lon="114.41121337"><ele>344.595</ele><time>2026-08-25T05:28:04Z</time><sat>37</sat></trkpt>
  <trkpt lat="38.75212706" lon="114.41118695"><ele>345.072</ele><time>2026-08-25T05:28:07Z</time><sat>37</sat></trkpt>
  <trkpt lat="38.75212089" lon="114.41118188"><ele>345.774</ele><time>2026-08-25T05:28:10Z</time><sat>37</sat></trkpt>
  <trkpt lat="38.75209282" lon="114.41118294"><ele>345.601</ele><time>2026-08-25T05:28:13Z</time><sat>37</sat></trkpt>
  <trkpt lat="38.75206304" lon="114.41119306"><ele>345.720</ele><time>2026-08-25T05:28:16Z</time><sat>37</sat></trkpt>
  <trkpt lat="38.75203420" lon="114.41120886"><ele>345.170</ele><time>2026-08-25T05:28:19Z</time><sat>37</sat></trkpt>
  <trkpt lat="38.75200118" lon="114.41122325"><ele>345.447</ele><time>2026-08-25T05:28:22Z</time><sat>37</sat></trkpt>
  <trkpt lat="38.75196680" lon="114.41122598"><ele>345.996</ele><time>2026-08-25T05:28:25Z</time><sat>37</sat></trkpt>
  <trkpt lat="38.75194808" lon="114.41120865"><ele>346.833</ele><time>2026-08-25T05:28:28Z</time><sat>37</sat></trkpt>
  <trkpt lat="38.75194489" lon="114.41121411"><ele>347.087</ele><time>2026-08-25T05:28:31Z</time><sat>37</sat></trkpt>
  <trkpt lat="38.75196240" lon="114.41122956"><ele>345.832</ele><time>2026-08-25T05:28:34Z</time><sat>37</sat></trkpt>
  <trkpt lat="38.75198761" lon="114.41120803"><ele>345.393</ele><time>2026-08-25T05:28:37Z</time><sat>37</sat></trkpt>
  <trkpt lat="38.75198083" lon="114.41116556"><ele>344.826</ele><time>2026-08-25T05:28:40Z</time><sat>37</sat></trkpt>
  <trkpt lat="38.75196858" lon="114.41113166"><ele>344.330</ele><time>2026-08-25T05:28:43Z</time><sat>37</sat></trkpt>
  <trkpt lat="38.75194067" lon="114.41111756"><ele>344.498</ele><time>2026-08-25T05:28:46Z</time><sat>37</sat></trkpt>
  <trkpt lat="38.75191168" lon="114.41109112"><ele>344.081</ele><time>2026-08-25T05:28:49Z</time><sat>37</sat></trkpt>
  <trkpt lat="38.75189450" lon="114.41105905"><ele>344.434</ele><time>2026-08-25T05:28:52Z</time><sat>37</sat></trkpt>
  <trkpt lat="38.75187898" lon="114.41102835"><ele>344.562</ele><time>2026-08-25T05:28:55Z</time><sat>37</sat></trkpt>
  <trkpt lat="38.75186536" lon="114.41100257"><ele>345.478</ele><time>2026-08-25T05:28:58Z</time><sat>37</sat></trkpt>
  <trkpt lat="38.75186567" lon="114.41100617"><ele>345.137</ele><time>2026-08-25T05:29:01Z</time><sat>37</sat></trkpt>
  <trkpt lat="38.75185783" lon="114.41100430"><ele>344.881</ele><time>2026-08-25T05:29:04Z</time><sat>37</sat></trkpt>
  <trkpt lat="38.75182803" lon="114.41101473"><ele>346.507</ele><time>2026-08-25T05:29:07Z</time><sat>36</sat></trkpt>
  <trkpt lat="38.75185035" lon="114.41106926"><ele>345.605</ele><time>2026-08-25T05:29:10Z</time><sat>37</sat></trkpt>
  <trkpt lat="38.75188050" lon="114.41109484"><ele>344.258</ele><time>2026-08-25T05:29:13Z</time><sat>37</sat></trkpt>
  <trkpt lat="38.75190697" lon="114.41111797"><ele>343.371</ele><time>2026-08-25T05:29:16Z</time><sat>37</sat></trkpt>
  <trkpt lat="38.75193425" lon="114.41115354"><ele>343.352</ele><time>2026-08-25T05:29:19Z</time><sat>37</sat></trkpt>
  <trkpt lat="38.75196980" lon="114.41116870"><ele>341.848</ele><time>2026-08-25T05:29:22Z</time><sat>37</sat></trkpt>
  <trkpt lat="38.75200358" lon="114.41119197"><ele>341.914</ele><time>2026-08-25T05:29:25Z</time><sat>37</sat></trkpt>
  <trkpt lat="38.75203450" lon="114.41121661"><ele>342.423</ele><time>2026-08-25T05:29:28Z</time><sat>37</sat></trkpt>
  <trkpt lat="38.75206524" lon="114.41121821"><ele>343.079</ele><time>2026-08-25T05:29:31Z</time><sat>37</sat></trkpt>
  <trkpt lat="38.75205729" lon="114.41119593"><ele>343.510</ele><time>2026-08-25T05:29:34Z</time><sat>37</sat></trkpt>
  <trkpt lat="38.75203238" lon="114.41118698"><ele>343.661</ele><time>2026-08-25T05:29:37Z</time><sat>37</sat></trkpt>
  <trkpt lat="38.75200566" lon="114.41117373"><ele>343.488</ele><time>2026-08-25T05:29:40Z</time><sat>37</sat></trkpt>
  <trkpt lat="38.75197860" lon="114.41115037"><ele>343.848</ele><time>2026-08-25T05:29:43Z</time><sat>37</sat></trkpt>
  <trkpt lat="38.75196792" lon="114.41111832"><ele>343.817</ele><time>2026-08-25T05:29:46Z</time><sat>37</sat></trkpt>
  <trkpt lat="38.75194603" lon="114.41113372"><ele>344.193</ele><time>2026-08-25T05:29:49Z</time><sat>37</sat></trkpt>
  <trkpt lat="38.75195071" lon="114.41113677"><ele>344.138</ele><time>2026-08-25T05:29:52Z</time><sat>37</sat></trkpt>
  <trkpt lat="38.75195122" lon="114.41113672"><ele>344.141</ele><time>2026-08-25T05:29:55Z</time><sat>37</sat></trkpt>
  <trkpt lat="38.75195339" lon="114.41113969"><ele>344.449</ele><time>2026-08-25T05:29:58Z</time><sat>37</sat></trkpt>
  <trkpt lat="38.75196957" lon="114.41115557"><ele>344.775</ele><time>2026-08-25T05:30:01Z</time><sat>37</sat></trkpt>
  <trkpt lat="38.75198578" lon="114.41118253"><ele>345.098</ele><time>2026-08-25T05:30:04Z</time><sat>37</sat></trkpt>
  <trkpt lat="38.75201066" lon="114.41117810"><ele>345.197</ele><time>2026-08-25T05:30:07Z</time><sat>37</sat></trkpt>
  <trkpt lat="38.75200279" lon="114.41113547"><ele>343.326</ele><time>2026-08-25T05:30:10Z</time><sat>37</sat></trkpt>
  <trkpt lat="38.75201461" lon="114.41110277"><ele>343.886</ele><time>2026-08-25T05:30:13Z</time><sat>37</sat></trkpt>
  <trkpt lat="38.75202953" lon="114.41114309"><ele>343.645</ele><time>2026-08-25T05:30:16Z</time><sat>37</sat></trkpt>
  <trkpt lat="38.75199242" lon="114.41115133"><ele>343.244</ele><time>2026-08-25T05:30:19Z</time><sat>37</sat></trkpt>
  <trkpt lat="38.75197350" lon="114.41109991"><ele>345.701</ele><time>2026-08-25T05:30:22Z</time><sat>37</sat></trkpt>
  <trkpt lat="38.75198632" lon="114.41109412"><ele>345.055</ele><time>2026-08-25T05:30:25Z</time><sat>37</sat></trkpt>
  <trkpt lat="38.75198654" lon="114.41109392"><ele>345.062</ele><time>2026-08-25T05:30:28Z</time><sat>36</sat></trkpt>
  <trkpt lat="38.75198650" lon="114.41109383"><ele>345.074</ele><time>2026-08-25T05:30:31Z</time><sat>36</sat></trkpt>
  <trkpt lat="38.75198650" lon="114.41109380"><ele>345.085</ele><time>2026-08-25T05:30:34Z</time><sat>36</sat></trkpt>
  <trkpt lat="38.75198648" lon="114.41109376"><ele>345.094</ele><time>2026-08-25T05:30:37Z</time><sat>37</sat></trkpt>
  <trkpt lat="38.75198648" lon="114.41109374"><ele>345.103</ele><time>2026-08-25T05:30:40Z</time><sat>36</sat></trkpt>
  <trkpt lat="38.75198646" lon="114.41109379"><ele>345.114</ele><time>2026-08-25T05:30:43Z</time><sat>36</sat></trkpt>
  <trkpt lat="38.75198646" lon="114.41109382"><ele>345.126</ele><time>2026-08-25T05:30:46Z</time><sat>36</sat></trkpt>
  <trkpt lat="38.75198645" lon="114.41109385"><ele>345.131</ele><time>2026-08-25T05:30:49Z</time><sat>37</sat></trkpt>
  <trkpt lat="38.75196455" lon="114.41108437"><ele>345.077</ele><time>2026-08-25T05:30:52Z</time><sat>37</sat></trkpt>
  <trkpt lat="38.75194199" lon="114.41107627"><ele>344.879</ele><time>2026-08-25T05:30:55Z</time><sat>36</sat></trkpt>
  <trkpt lat="38.75190469" lon="114.41105318"><ele>345.463</ele><time>2026-08-25T05:30:58Z</time><sat>34</sat></trkpt>
  <trkpt lat="38.75188408" lon="114.41102985"><ele>344.996</ele><time>2026-08-25T05:31:01Z</time><sat>34</sat></trkpt>
  <trkpt lat="38.75187371" lon="114.41100585"><ele>344.804</ele><time>2026-08-25T05:31:04Z</time><sat>37</sat></trkpt>
  <trkpt lat="38.75186864" lon="114.41097385"><ele>344.172</ele><time>2026-08-25T05:31:07Z</time><sat>37</sat></trkpt>
  <trkpt lat="38.75186223" lon="114.41087803"><ele>342.411</ele><time>2026-08-25T05:31:10Z</time><sat>36</sat></trkpt>
  <trkpt lat="38.75184402" lon="114.41072401"><ele>338.631</ele><time>2026-08-25T05:31:13Z</time><sat>35</sat></trkpt>
  <trkpt lat="38.75182391" lon="114.41053698"><ele>334.096</ele><time>2026-08-25T05:31:16Z</time><sat>34</sat></trkpt>
  <trkpt lat="38.75180636" lon="114.41038966"><ele>330.319</ele><time>2026-08-25T05:31:19Z</time><sat>27</sat></trkpt>
  <trkpt lat="38.75180925" lon="114.41029872"><ele>327.729</ele><time>2026-08-25T05:31:22Z</time><sat>36</sat></trkpt>
  <trkpt lat="38.75183301" lon="114.41027750"><ele>326.757</ele><time>2026-08-25T05:31:25Z</time><sat>37</sat></trkpt>
  <trkpt lat="38.75183841" lon="114.41028800"><ele>326.384</ele><time>2026-08-25T05:31:28Z</time><sat>31</sat></trkpt>
  <trkpt lat="38.75183611" lon="114.41029078"><ele>326.118</ele><time>2026-08-25T05:31:31Z</time><sat>32</sat></trkpt>
  <trkpt lat="38.75183574" lon="114.41029380"><ele>326.212</ele><time>2026-08-25T05:31:34Z</time><sat>30</sat></trkpt>
  <trkpt lat="38.75184606" lon="114.41029667"><ele>326.930</ele><time>2026-08-25T05:31:37Z</time><sat>31</sat></trkpt>
  <trkpt lat="38.75185963" lon="114.41032104"><ele>327.170</ele><time>2026-08-25T05:31:40Z</time><sat>32</sat></trkpt>
  <trkpt lat="38.75186871" lon="114.41036389"><ele>327.364</ele><time>2026-08-25T05:31:43Z</time><sat>33</sat></trkpt>
  <trkpt lat="38.75190268" lon="114.41044552"><ele>327.464</ele><time>2026-08-25T05:31:46Z</time><sat>34</sat></trkpt>
  <trkpt lat="38.75197399" lon="114.41052946"><ele>328.143</ele><time>2026-08-25T05:31:49Z</time><sat>36</sat></trkpt>
  <trkpt lat="38.75204131" lon="114.41059865"><ele>329.249</ele><time>2026-08-25T05:31:52Z</time><sat>34</sat></trkpt>
  <trkpt lat="38.75208053" lon="114.41067886"><ele>328.784</ele><time>2026-08-25T05:31:55Z</time><sat>34</sat></trkpt>
  <trkpt lat="38.75208640" lon="114.41079668"><ele>329.444</ele><time>2026-08-25T05:31:58Z</time><sat>33</sat></trkpt>
  <trkpt lat="38.75210596" lon="114.41089549"><ele>329.077</ele><time>2026-08-25T05:32:01Z</time><sat>29</sat></trkpt>
  <trkpt lat="38.75215944" lon="114.41097769"><ele>329.512</ele><time>2026-08-25T05:32:04Z</time><sat>28</sat></trkpt>
  <trkpt lat="38.75223829" lon="114.41103039"><ele>329.039</ele><time>2026-08-25T05:32:07Z</time><sat>29</sat></trkpt>
  <trkpt lat="38.75233117" lon="114.41108201"><ele>329.353</ele><time>2026-08-25T05:32:10Z</time><sat>28</sat></trkpt>
  <trkpt lat="38.75243104" lon="114.41111549"><ele>329.928</ele><time>2026-08-25T05:32:13Z</time><sat>29</sat></trkpt>
  <trkpt lat="38.75249255" lon="114.41115952"><ele>330.399</ele><time>2026-08-25T05:32:16Z</time><sat>31</sat></trkpt>
  <trkpt lat="38.75251564" lon="114.41125087"><ele>330.729</ele><time>2026-08-25T05:32:19Z</time><sat>34</sat></trkpt>
  <trkpt lat="38.75246711" lon="114.41137230"><ele>330.622</ele><time>2026-08-25T05:32:22Z</time><sat>35</sat></trkpt>
  <trkpt lat="38.75240175" lon="114.41149063"><ele>329.987</ele><time>2026-08-25T05:32:25Z</time><sat>35</sat></trkpt>
  <trkpt lat="38.75232492" lon="114.41161461"><ele>328.518</ele><time>2026-08-25T05:32:28Z</time><sat>33</sat></trkpt>
  <trkpt lat="38.75227354" lon="114.41177641"><ele>327.396</ele><time>2026-08-25T05:32:31Z</time><sat>32</sat></trkpt>
  <trkpt lat="38.75223748" lon="114.41191990"><ele>325.962</ele><time>2026-08-25T05:32:34Z</time><sat>32</sat></trkpt>
  <trkpt lat="38.75222668" lon="114.41205485"><ele>325.305</ele><time>2026-08-25T05:32:37Z</time><sat>31</sat></trkpt>
  <trkpt lat="38.75224633" lon="114.41216053"><ele>323.958</ele><time>2026-08-25T05:32:40Z</time><sat>30</sat></trkpt>
  <trkpt lat="38.75228117" lon="114.41225140"><ele>322.422</ele><time>2026-08-25T05:32:43Z</time><sat>33</sat></trkpt>
  <trkpt lat="38.75238975" lon="114.41226064"><ele>320.776</ele><time>2026-08-25T05:32:46Z</time><sat>34</sat></trkpt>
  <trkpt lat="38.75253116" lon="114.41229392"><ele>318.651</ele><time>2026-08-25T05:32:49Z</time><sat>35</sat></trkpt>
  <trkpt lat="38.75266141" lon="114.41229558"><ele>317.465</ele><time>2026-08-25T05:32:52Z</time><sat>35</sat></trkpt>
  <trkpt lat="38.75277887" lon="114.41227000"><ele>317.330</ele><time>2026-08-25T05:32:55Z</time><sat>35</sat></trkpt>
  <trkpt lat="38.75286722" lon="114.41222060"><ele>316.703</ele><time>2026-08-25T05:32:58Z</time><sat>34</sat></trkpt>
  <trkpt lat="38.75293757" lon="114.41219590"><ele>316.381</ele><time>2026-08-25T05:33:01Z</time><sat>34</sat></trkpt>
  <trkpt lat="38.75301877" lon="114.41217196"><ele>314.731</ele><time>2026-08-25T05:33:04Z</time><sat>33</sat></trkpt>
  <trkpt lat="38.75310647" lon="114.41215410"><ele>313.676</ele><time>2026-08-25T05:33:07Z</time><sat>35</sat></trkpt>
  <trkpt lat="38.75318714" lon="114.41215994"><ele>312.578</ele><time>2026-08-25T05:33:10Z</time><sat>34</sat></trkpt>
  <trkpt lat="38.75326614" lon="114.41221263"><ele>311.596</ele><time>2026-08-25T05:33:13Z</time><sat>34</sat></trkpt>
  <trkpt lat="38.75332612" lon="114.41226337"><ele>311.039</ele><time>2026-08-25T05:33:16Z</time><sat>35</sat></trkpt>
  <trkpt lat="38.75337131" lon="114.41229087"><ele>310.191</ele><time>2026-08-25T05:33:19Z</time><sat>34</sat></trkpt>
  <trkpt lat="38.75342431" lon="114.41229578"><ele>308.339</ele><time>2026-08-25T05:33:22Z</time><sat>32</sat></trkpt>
  <trkpt lat="38.75349750" lon="114.41226996"><ele>306.424</ele><time>2026-08-25T05:33:25Z</time><sat>36</sat></trkpt>
  <trkpt lat="38.75358270" lon="114.41222892"><ele>305.342</ele><time>2026-08-25T05:33:28Z</time><sat>34</sat></trkpt>
  <trkpt lat="38.75365268" lon="114.41217920"><ele>303.888</ele><time>2026-08-25T05:33:31Z</time><sat>34</sat></trkpt>
  <trkpt lat="38.75370894" lon="114.41213212"><ele>302.231</ele><time>2026-08-25T05:33:34Z</time><sat>36</sat></trkpt>
  <trkpt lat="38.75376426" lon="114.41207676"><ele>300.687</ele><time>2026-08-25T05:33:37Z</time><sat>36</sat></trkpt>
  <trkpt lat="38.75385641" lon="114.41202637"><ele>298.224</ele><time>2026-08-25T05:33:40Z</time><sat>34</sat></trkpt>
  <trkpt lat="38.75398057" lon="114.41199514"><ele>296.214</ele><time>2026-08-25T05:33:43Z</time><sat>33</sat></trkpt>
  <trkpt lat="38.75408367" lon="114.41198709"><ele>295.310</ele><time>2026-08-25T05:33:46Z</time><sat>33</sat></trkpt>
  <trkpt lat="38.75416840" lon="114.41198631"><ele>293.761</ele><time>2026-08-25T05:33:49Z</time><sat>36</sat></trkpt>
  <trkpt lat="38.75425505" lon="114.41198206"><ele>291.800</ele><time>2026-08-25T05:33:52Z</time><sat>34</sat></trkpt>
  <trkpt lat="38.75431905" lon="114.41199166"><ele>291.346</ele><time>2026-08-25T05:33:55Z</time><sat>33</sat></trkpt>
  <trkpt lat="38.75437491" lon="114.41202132"><ele>290.122</ele><time>2026-08-25T05:33:58Z</time><sat>35</sat></trkpt>
  <trkpt lat="38.75443663" lon="114.41205900"><ele>289.167</ele><time>2026-08-25T05:34:01Z</time><sat>37</sat></trkpt>
  <trkpt lat="38.75450546" lon="114.41206379"><ele>287.860</ele><time>2026-08-25T05:34:04Z</time><sat>35</sat></trkpt>
  <trkpt lat="38.75457627" lon="114.41202524"><ele>286.102</ele><time>2026-08-25T05:34:07Z</time><sat>35</sat></trkpt>
  <trkpt lat="38.75464106" lon="114.41198832"><ele>285.971</ele><time>2026-08-25T05:34:10Z</time><sat>37</sat></trkpt>
  <trkpt lat="38.75473306" lon="114.41193115"><ele>285.054</ele><time>2026-08-25T05:34:13Z</time><sat>35</sat></trkpt>
  <trkpt lat="38.75482852" lon="114.41187706"><ele>283.916</ele><time>2026-08-25T05:34:16Z</time><sat>33</sat></trkpt>
  <trkpt lat="38.75492827" lon="114.41185453"><ele>282.947</ele><time>2026-08-25T05:34:19Z</time><sat>32</sat></trkpt>
  <trkpt lat="38.75501203" lon="114.41184434"><ele>282.396</ele><time>2026-08-25T05:34:22Z</time><sat>35</sat></trkpt>
  <trkpt lat="38.75508431" lon="114.41183987"><ele>281.560</ele><time>2026-08-25T05:34:25Z</time><sat>35</sat></trkpt>
  <trkpt lat="38.75514240" lon="114.41187318"><ele>280.148</ele><time>2026-08-25T05:34:28Z</time><sat>34</sat></trkpt>
  <trkpt lat="38.75520092" lon="114.41193458"><ele>278.843</ele><time>2026-08-25T05:34:31Z</time><sat>37</sat></trkpt>
  <trkpt lat="38.75526592" lon="114.41200217"><ele>277.364</ele><time>2026-08-25T05:34:34Z</time><sat>35</sat></trkpt>
  <trkpt lat="38.75533378" lon="114.41204185"><ele>276.599</ele><time>2026-08-25T05:34:37Z</time><sat>34</sat></trkpt>
  <trkpt lat="38.75539275" lon="114.41205239"><ele>275.743</ele><time>2026-08-25T05:34:40Z</time><sat>36</sat></trkpt>
  <trkpt lat="38.75546330" lon="114.41205678"><ele>273.810</ele><time>2026-08-25T05:34:43Z</time><sat>37</sat></trkpt>
  <trkpt lat="38.75555659" lon="114.41206114"><ele>272.255</ele><time>2026-08-25T05:34:46Z</time><sat>35</sat></trkpt>
  <trkpt lat="38.75559920" lon="114.41206135"><ele>271.382</ele><time>2026-08-25T05:34:49Z</time><sat>34</sat></trkpt>
  <trkpt lat="38.75565521" lon="114.41204800"><ele>271.270</ele><time>2026-08-25T05:34:52Z</time><sat>36</sat></trkpt>
  <trkpt lat="38.75573876" lon="114.41201824"><ele>271.749</ele><time>2026-08-25T05:34:55Z</time><sat>34</sat></trkpt>
  <trkpt lat="38.75582396" lon="114.41199578"><ele>272.411</ele><time>2026-08-25T05:34:58Z</time><sat>35</sat></trkpt>
  <trkpt lat="38.75590710" lon="114.41198435"><ele>271.645</ele><time>2026-08-25T05:35:01Z</time><sat>33</sat></trkpt>
  <trkpt lat="38.75595263" lon="114.41198411"><ele>271.712</ele><time>2026-08-25T05:35:04Z</time><sat>34</sat></trkpt>
  <trkpt lat="38.75595286" lon="114.41198722"><ele>272.026</ele><time>2026-08-25T05:35:07Z</time><sat>35</sat></trkpt>
  <trkpt lat="38.75594997" lon="114.41198887"><ele>272.232</ele><time>2026-08-25T05:35:10Z</time><sat>35</sat></trkpt>
  <trkpt lat="38.75595011" lon="114.41198856"><ele>272.489</ele><time>2026-08-25T05:35:13Z</time><sat>33</sat></trkpt>
  <trkpt lat="38.75594995" lon="114.41198802"><ele>272.519</ele><time>2026-08-25T05:35:16Z</time><sat>32</sat></trkpt>
  <trkpt lat="38.75595008" lon="114.41198815"><ele>272.534</ele><time>2026-08-25T05:35:19Z</time><sat>34</sat></trkpt>
  <trkpt lat="38.75595014" lon="114.41198810"><ele>272.541</ele><time>2026-08-25T05:35:22Z</time><sat>36</sat></trkpt>
  <trkpt lat="38.75594870" lon="114.41199097"><ele>272.510</ele><time>2026-08-25T05:35:25Z</time><sat>37</sat></trkpt>
  <trkpt lat="38.75595386" lon="114.41201652"><ele>272.762</ele><time>2026-08-25T05:35:28Z</time><sat>36</sat></trkpt>
  <trkpt lat="38.75597488" lon="114.41204891"><ele>274.200</ele><time>2026-08-25T05:35:31Z</time><sat>37</sat></trkpt>
  <trkpt lat="38.75598215" lon="114.41204802"><ele>274.673</ele><time>2026-08-25T05:35:34Z</time><sat>36</sat></trkpt>
  <trkpt lat="38.75598224" lon="114.41204149"><ele>275.011</ele><time>2026-08-25T05:35:37Z</time><sat>36</sat></trkpt>
  <trkpt lat="38.75597998" lon="114.41202527"><ele>274.430</ele><time>2026-08-25T05:35:40Z</time><sat>37</sat></trkpt>
  <trkpt lat="38.75598466" lon="114.41202626"><ele>275.634</ele><time>2026-08-25T05:35:43Z</time><sat>37</sat></trkpt>
  <trkpt lat="38.75599007" lon="114.41202259"><ele>274.371</ele><time>2026-08-25T05:35:46Z</time><sat>37</sat></trkpt>
  <trkpt lat="38.75599496" lon="114.41203197"><ele>274.417</ele><time>2026-08-25T05:35:49Z</time><sat>37</sat></trkpt>
  <trkpt lat="38.75599266" lon="114.41203489"><ele>274.324</ele><time>2026-08-25T05:35:52Z</time><sat>37</sat></trkpt>
  <trkpt lat="38.75599387" lon="114.41203188"><ele>274.947</ele><time>2026-08-25T05:35:55Z</time><sat>37</sat></trkpt>
  <trkpt lat="38.75599420" lon="114.41203439"><ele>274.895</ele><time>2026-08-25T05:35:58Z</time><sat>38</sat></trkpt>
  <trkpt lat="38.75598994" lon="114.41203844"><ele>274.866</ele><time>2026-08-25T05:36:01Z</time><sat>38</sat></trkpt>
  <trkpt lat="38.75599005" lon="114.41202959"><ele>274.847</ele><time>2026-08-25T05:36:04Z</time><sat>38</sat></trkpt>
  <trkpt lat="38.75598608" lon="114.41202452"><ele>274.084</ele><time>2026-08-25T05:36:07Z</time><sat>38</sat></trkpt>
  <trkpt lat="38.75599197" lon="114.41199843"><ele>274.174</ele><time>2026-08-25T05:36:10Z</time><sat>38</sat></trkpt>
  <trkpt lat="38.75599142" lon="114.41199137"><ele>273.394</ele><time>2026-08-25T05:36:13Z</time><sat>38</sat></trkpt>
  <trkpt lat="38.75599456" lon="114.41199357"><ele>273.259</ele><time>2026-08-25T05:36:16Z</time><sat>38</sat></trkpt>
  <trkpt lat="38.75598975" lon="114.41199872"><ele>273.138</ele><time>2026-08-25T05:36:19Z</time><sat>38</sat></trkpt>
  <trkpt lat="38.75599035" lon="114.41200826"><ele>273.774</ele><time>2026-08-25T05:36:22Z</time><sat>38</sat></trkpt>
  <trkpt lat="38.75598877" lon="114.41200858"><ele>273.802</ele><time>2026-08-25T05:36:25Z</time><sat>38</sat></trkpt>
  <trkpt lat="38.75598584" lon="114.41200492"><ele>274.294</ele><time>2026-08-25T05:36:28Z</time><sat>38</sat></trkpt>
  <trkpt lat="38.75598504" lon="114.41200691"><ele>274.064</ele><time>2026-08-25T05:36:31Z</time><sat>38</sat></trkpt>
  <trkpt lat="38.75598631" lon="114.41200838"><ele>273.710</ele><time>2026-08-25T05:36:34Z</time><sat>38</sat></trkpt>
  <trkpt lat="38.75598561" lon="114.41200537"><ele>273.623</ele><time>2026-08-25T05:36:37Z</time><sat>38</sat></trkpt>
  <trkpt lat="38.75598476" lon="114.41200843"><ele>273.174</ele><time>2026-08-25T05:36:40Z</time><sat>38</sat></trkpt>
  <trkpt lat="38.75598689" lon="114.41201157"><ele>272.956</ele><time>2026-08-25T05:36:43Z</time><sat>38</sat></trkpt>
  <trkpt lat="38.75599524" lon="114.41201193"><ele>273.631</ele><time>2026-08-25T05:36:47Z</time><sat>37</sat></trkpt>
  <trkpt lat="38.75599786" lon="114.41201426"><ele>273.930</ele><time>2026-08-25T05:36:50Z</time><sat>37</sat></trkpt>
  <trkpt lat="38.75599662" lon="114.41201552"><ele>274.228</ele><time>2026-08-25T05:36:53Z</time><sat>37</sat></trkpt>
  <trkpt lat="38.75598863" lon="114.41200716"><ele>273.438</ele><time>2026-08-25T05:36:56Z</time><sat>37</sat></trkpt>
  <trkpt lat="38.75598491" lon="114.41201020"><ele>273.535</ele><time>2026-08-25T05:36:59Z</time><sat>37</sat></trkpt>
  <trkpt lat="38.75598432" lon="114.41201289"><ele>273.777</ele><time>2026-08-25T05:37:02Z</time><sat>37</sat></trkpt>
  <trkpt lat="38.75598451" lon="114.41201376"><ele>273.692</ele><time>2026-08-25T05:37:05Z</time><sat>34</sat></trkpt>
  <trkpt lat="38.75598453" lon="114.41201315"><ele>273.648</ele><time>2026-08-25T05:37:08Z</time><sat>35</sat></trkpt>
  <trkpt lat="38.75598408" lon="114.41201290"><ele>273.648</ele><time>2026-08-25T05:37:11Z</time><sat>31</sat></trkpt>
  <trkpt lat="38.75598388" lon="114.41201268"><ele>273.623</ele><time>2026-08-25T05:37:14Z</time><sat>35</sat></trkpt>
  <trkpt lat="38.75598405" lon="114.41201237"><ele>273.646</ele><time>2026-08-25T05:37:17Z</time><sat>36</sat></trkpt>
  <trkpt lat="38.75598065" lon="114.41200566"><ele>273.929</ele><time>2026-08-25T05:37:20Z</time><sat>34</sat></trkpt>
  <trkpt lat="38.75597644" lon="114.41200475"><ele>273.597</ele><time>2026-08-25T05:37:23Z</time><sat>36</sat></trkpt>
  <trkpt lat="38.75598006" lon="114.41200821"><ele>273.300</ele><time>2026-08-25T05:37:26Z</time><sat>37</sat></trkpt>
  <trkpt lat="38.75598172" lon="114.41200924"><ele>273.251</ele><time>2026-08-25T05:37:29Z</time><sat>37</sat></trkpt>
  <trkpt lat="38.75597546" lon="114.41199770"><ele>272.990</ele><time>2026-08-25T05:37:32Z</time><sat>37</sat></trkpt>
  <trkpt lat="38.75597938" lon="114.41200552"><ele>272.734</ele><time>2026-08-25T05:37:35Z</time><sat>37</sat></trkpt>
  <trkpt lat="38.75598523" lon="114.41200896"><ele>273.478</ele><time>2026-08-25T05:37:38Z</time><sat>37</sat></trkpt>
  <trkpt lat="38.75598639" lon="114.41200875"><ele>273.549</ele><time>2026-08-25T05:37:41Z</time><sat>37</sat></trkpt>
  <trkpt lat="38.75598635" lon="114.41200837"><ele>273.575</ele><time>2026-08-25T05:37:44Z</time><sat>37</sat></trkpt>
  <trkpt lat="38.75598675" lon="114.41200910"><ele>273.586</ele><time>2026-08-25T05:37:47Z</time><sat>37</sat></trkpt>
  <trkpt lat="38.75598744" lon="114.41200930"><ele>273.544</ele><time>2026-08-25T05:37:50Z</time><sat>37</sat></trkpt>
  <trkpt lat="38.75598780" lon="114.41200917"><ele>273.512</ele><time>2026-08-25T05:37:53Z</time><sat>37</sat></trkpt>
  <trkpt lat="38.75598768" lon="114.41200983"><ele>273.493</ele><time>2026-08-25T05:37:56Z</time><sat>36</sat></trkpt>
  <trkpt lat="38.75598092" lon="114.41200662"><ele>273.131</ele><time>2026-08-25T05:37:59Z</time><sat>37</sat></trkpt>
  <trkpt lat="38.75596101" lon="114.41201013"><ele>272.907</ele><time>2026-08-25T05:38:02Z</time><sat>37</sat></trkpt>
  <trkpt lat="38.75592807" lon="114.41201537"><ele>273.198</ele><time>2026-08-25T05:38:05Z</time><sat>37</sat></trkpt>
  <trkpt lat="38.75592130" lon="114.41202541"><ele>272.930</ele><time>2026-08-25T05:38:08Z</time><sat>37</sat></trkpt>
  <trkpt lat="38.75593199" lon="114.41202323"><ele>272.916</ele><time>2026-08-25T05:38:11Z</time><sat>37</sat></trkpt>
  <trkpt lat="38.75594237" lon="114.41200674"><ele>273.045</ele><time>2026-08-25T05:38:14Z</time><sat>37</sat></trkpt>
  <trkpt lat="38.75594391" lon="114.41200129"><ele>273.031</ele><time>2026-08-25T05:38:17Z</time><sat>37</sat></trkpt>
  <trkpt lat="38.75594450" lon="114.41200316"><ele>273.477</ele><time>2026-08-25T05:38:20Z</time><sat>37</sat></trkpt>
  <trkpt lat="38.75595047" lon="114.41199616"><ele>272.946</ele><time>2026-08-25T05:38:23Z</time><sat>36</sat></trkpt>
  <trkpt lat="38.75595249" lon="114.41199319"><ele>272.772</ele><time>2026-08-25T05:38:26Z</time><sat>37</sat></trkpt>
  <trkpt lat="38.75595203" lon="114.41199278"><ele>272.806</ele><time>2026-08-25T05:38:29Z</time><sat>37</sat></trkpt>
  <trkpt lat="38.75595203" lon="114.41199272"><ele>272.806</ele><time>2026-08-25T05:38:32Z</time><sat>37</sat></trkpt>
  <trkpt lat="38.75595205" lon="114.41199268"><ele>272.807</ele><time>2026-08-25T05:38:35Z</time><sat>35</sat></trkpt>
  <trkpt lat="38.75595208" lon="114.41199264"><ele>272.809</ele><time>2026-08-25T05:38:38Z</time><sat>32</sat></trkpt>
  <trkpt lat="38.75595209" lon="114.41199261"><ele>272.809</ele><time>2026-08-25T05:38:41Z</time><sat>33</sat></trkpt>
  <trkpt lat="38.75595210" lon="114.41199258"><ele>272.808</ele><time>2026-08-25T05:38:44Z</time><sat>34</sat></trkpt>
  <trkpt lat="38.75594757" lon="114.41199298"><ele>272.725</ele><time>2026-08-25T05:38:47Z</time><sat>34</sat></trkpt>
  <trkpt lat="38.75592697" lon="114.41199686"><ele>272.685</ele><time>2026-08-25T05:38:50Z</time><sat>34</sat></trkpt>
  <trkpt lat="38.75590600" lon="114.41199992"><ele>272.490</ele><time>2026-08-25T05:38:53Z</time><sat>36</sat></trkpt>
  <trkpt lat="38.75590584" lon="114.41199910"><ele>272.752</ele><time>2026-08-25T05:38:56Z</time><sat>37</sat></trkpt>
  <trkpt lat="38.75591213" lon="114.41201553"><ele>272.946</ele><time>2026-08-25T05:38:59Z</time><sat>37</sat></trkpt>
  <trkpt lat="38.75590811" lon="114.41204467"><ele>272.655</ele><time>2026-08-25T05:39:02Z</time><sat>37</sat></trkpt>
  <trkpt lat="38.75588599" lon="114.41206005"><ele>272.437</ele><time>2026-08-25T05:39:05Z</time><sat>37</sat></trkpt>
  <trkpt lat="38.75585883" lon="114.41204919"><ele>272.565</ele><time>2026-08-25T05:39:08Z</time><sat>37</sat></trkpt>
  <trkpt lat="38.75582131" lon="114.41201200"><ele>272.214</ele><time>2026-08-25T05:39:11Z</time><sat>37</sat></trkpt>
  <trkpt lat="38.75574824" lon="114.41200700"><ele>271.846</ele><time>2026-08-25T05:39:14Z</time><sat>37</sat></trkpt>
  <trkpt lat="38.75568249" lon="114.41204393"><ele>271.793</ele><time>2026-08-25T05:39:17Z</time><sat>37</sat></trkpt>
  <trkpt lat="38.75561466" lon="114.41206700"><ele>271.842</ele><time>2026-08-25T05:39:20Z</time><sat>37</sat></trkpt>
  <trkpt lat="38.75554418" lon="114.41206663"><ele>272.684</ele><time>2026-08-25T05:39:23Z</time><sat>37</sat></trkpt>
  <trkpt lat="38.75540725" lon="114.41204221"><ele>275.437</ele><time>2026-08-25T05:39:26Z</time><sat>37</sat></trkpt>
  <trkpt lat="38.75527865" lon="114.41198667"><ele>277.571</ele><time>2026-08-25T05:39:29Z</time><sat>36</sat></trkpt>
  <trkpt lat="38.75516778" lon="114.41187427"><ele>279.974</ele><time>2026-08-25T05:39:32Z</time><sat>36</sat></trkpt>
  <trkpt lat="38.75505442" lon="114.41184065"><ele>282.604</ele><time>2026-08-25T05:39:35Z</time><sat>35</sat></trkpt>
  <trkpt lat="38.75489337" lon="114.41187330"><ele>283.992</ele><time>2026-08-25T05:39:38Z</time><sat>37</sat></trkpt>
  <trkpt lat="38.75474876" lon="114.41194069"><ele>285.752</ele><time>2026-08-25T05:39:41Z</time><sat>37</sat></trkpt>
  <trkpt lat="38.75463310" lon="114.41200433"><ele>286.712</ele><time>2026-08-25T05:39:44Z</time><sat>36</sat></trkpt>
  <trkpt lat="38.75455867" lon="114.41204378"><ele>287.789</ele><time>2026-08-25T05:39:47Z</time><sat>36</sat></trkpt>
  <trkpt lat="38.75447675" lon="114.41206944"><ele>289.704</ele><time>2026-08-25T05:39:50Z</time><sat>35</sat></trkpt>
  <trkpt lat="38.75438430" lon="114.41203814"><ele>291.572</ele><time>2026-08-25T05:39:53Z</time><sat>37</sat></trkpt>
  <trkpt lat="38.75428957" lon="114.41200236"><ele>293.470</ele><time>2026-08-25T05:39:56Z</time><sat>37</sat></trkpt>
  <trkpt lat="38.75415913" lon="114.41198880"><ele>295.638</ele><time>2026-08-25T05:39:59Z</time><sat>37</sat></trkpt>
  <trkpt lat="38.75404291" lon="114.41199944"><ele>297.491</ele><time>2026-08-25T05:40:02Z</time><sat>37</sat></trkpt>
  <trkpt lat="38.75403937" lon="114.41199973"><ele>297.615</ele><time>2026-08-25T05:40:05Z</time><sat>37</sat></trkpt>
  <trkpt lat="38.75403905" lon="114.41199989"><ele>297.525</ele><time>2026-08-25T05:40:08Z</time><sat>35</sat></trkpt>
  <trkpt lat="38.75404109" lon="114.41199746"><ele>297.790</ele><time>2026-08-25T05:40:11Z</time><sat>34</sat></trkpt>
  <trkpt lat="38.75404079" lon="114.41199771"><ele>297.843</ele><time>2026-08-25T05:40:14Z</time><sat>36</sat></trkpt>
  <trkpt lat="38.75401876" lon="114.41200769"><ele>297.783</ele><time>2026-08-25T05:40:17Z</time><sat>35</sat></trkpt>
  <trkpt lat="38.75391608" lon="114.41204066"><ele>299.160</ele><time>2026-08-25T05:40:20Z</time><sat>36</sat></trkpt>
  <trkpt lat="38.75376848" lon="114.41209719"><ele>302.114</ele><time>2026-08-25T05:40:23Z</time><sat>35</sat></trkpt>
  <trkpt lat="38.75364932" lon="114.41218991"><ele>305.450</ele><time>2026-08-25T05:40:26Z</time><sat>36</sat></trkpt>
  <trkpt lat="38.75352296" lon="114.41226571"><ele>307.799</ele><time>2026-08-25T05:40:29Z</time><sat>36</sat></trkpt>
  <trkpt lat="38.75339473" lon="114.41228039"><ele>310.726</ele><time>2026-08-25T05:40:32Z</time><sat>30</sat></trkpt>
  <trkpt lat="38.75329460" lon="114.41223623"><ele>312.050</ele><time>2026-08-25T05:40:35Z</time><sat>25</sat></trkpt>
  <trkpt lat="38.75317750" lon="114.41216695"><ele>313.063</ele><time>2026-08-25T05:40:38Z</time><sat>26</sat></trkpt>
  <trkpt lat="38.75303922" lon="114.41217557"><ele>314.962</ele><time>2026-08-25T05:40:41Z</time><sat>24</sat></trkpt>
  <trkpt lat="38.75290426" lon="114.41221147"><ele>316.615</ele><time>2026-08-25T05:40:44Z</time><sat>30</sat></trkpt>
  <trkpt lat="38.75282352" lon="114.41223876"><ele>317.156</ele><time>2026-08-25T05:40:47Z</time><sat>28</sat></trkpt>
  <trkpt lat="38.75272815" lon="114.41226739"><ele>317.710</ele><time>2026-08-25T05:40:50Z</time><sat>24</sat></trkpt>
  <trkpt lat="38.75258152" lon="114.41227669"><ele>318.638</ele><time>2026-08-25T05:40:53Z</time><sat>23</sat></trkpt>
  <trkpt lat="38.75241900" lon="114.41226117"><ele>320.708</ele><time>2026-08-25T05:40:56Z</time><sat>28</sat></trkpt>
  <trkpt lat="38.75231377" lon="114.41224452"><ele>322.532</ele><time>2026-08-25T05:40:59Z</time><sat>21</sat></trkpt>
  <trkpt lat="38.75226076" lon="114.41226670"><ele>322.666</ele><time>2026-08-25T05:41:02Z</time><sat>26</sat></trkpt>
  <trkpt lat="38.75223053" lon="114.41236886"><ele>321.166</ele><time>2026-08-25T05:41:05Z</time><sat>28</sat></trkpt>
  <trkpt lat="38.75218372" lon="114.41253113"><ele>317.911</ele><time>2026-08-25T05:41:08Z</time><sat>22</sat></trkpt>
  <trkpt lat="38.75211860" lon="114.41271533"><ele>315.058</ele><time>2026-08-25T05:41:11Z</time><sat>26</sat></trkpt>
  <trkpt lat="38.75207316" lon="114.41288593"><ele>311.940</ele><time>2026-08-25T05:41:14Z</time><sat>25</sat></trkpt>
  <trkpt lat="38.75203385" lon="114.41305978"><ele>310.181</ele><time>2026-08-25T05:41:17Z</time><sat>22</sat></trkpt>
  <trkpt lat="38.75196040" lon="114.41324844"><ele>308.165</ele><time>2026-08-25T05:41:20Z</time><sat>25</sat></trkpt>
  <trkpt lat="38.75191053" lon="114.41346187"><ele>307.388</ele><time>2026-08-25T05:41:23Z</time><sat>30</sat></trkpt>
  <trkpt lat="38.75186938" lon="114.41367689"><ele>308.474</ele><time>2026-08-25T05:41:26Z</time><sat>26</sat></trkpt>
  <trkpt lat="38.75179862" lon="114.41387922"><ele>309.619</ele><time>2026-08-25T05:41:29Z</time><sat>29</sat></trkpt>
  <trkpt lat="38.75173461" lon="114.41401718"><ele>309.950</ele><time>2026-08-25T05:41:32Z</time><sat>30</sat></trkpt>
  <trkpt lat="38.75163383" lon="114.41410015"><ele>308.726</ele><time>2026-08-25T05:41:35Z</time><sat>28</sat></trkpt>
  <trkpt lat="38.75153251" lon="114.41414934"><ele>308.198</ele><time>2026-08-25T05:41:38Z</time><sat>26</sat></trkpt>
  <trkpt lat="38.75152232" lon="114.41415540"><ele>308.064</ele><time>2026-08-25T05:41:41Z</time><sat>23</sat></trkpt>
  <trkpt lat="38.75152232" lon="114.41415540"><ele>308.064</ele><time>2026-08-25T05:41:44Z</time><sat>25</sat></trkpt>
  <trkpt lat="38.75152232" lon="114.41415540"><ele>308.064</ele><time>2026-08-25T05:41:47Z</time><sat>26</sat></trkpt>
  <trkpt lat="38.75152232" lon="114.41415540"><ele>308.064</ele><time>2026-08-25T05:41:50Z</time><sat>28</sat></trkpt>
  <trkpt lat="38.75151753" lon="114.41416027"><ele>308.275</ele><time>2026-08-25T05:41:53Z</time><sat>28</sat></trkpt>
  <trkpt lat="38.75151741" lon="114.41416011"><ele>308.279</ele><time>2026-08-25T05:41:56Z</time><sat>30</sat></trkpt>
  <trkpt lat="38.75151741" lon="114.41416011"><ele>308.279</ele><time>2026-08-25T05:41:59Z</time><sat>28</sat></trkpt>
  <trkpt lat="38.75151741" lon="114.41416011"><ele>308.279</ele><time>2026-08-25T05:42:02Z</time><sat>31</sat></trkpt>
  <trkpt lat="38.75151741" lon="114.41416011"><ele>308.279</ele><time>2026-08-25T05:42:05Z</time><sat>29</sat></trkpt>
  <trkpt lat="38.75151741" lon="114.41416011"><ele>308.279</ele><time>2026-08-25T05:42:08Z</time><sat>30</sat></trkpt>
  <trkpt lat="38.75151741" lon="114.41416011"><ele>308.279</ele><time>2026-08-25T05:42:11Z</time><sat>31</sat></trkpt>
  <trkpt lat="38.75151741" lon="114.41416011"><ele>308.279</ele><time>2026-08-25T05:42:14Z</time><sat>34</sat></trkpt>
  <trkpt lat="38.75149686" lon="114.41417224"><ele>308.532</ele><time>2026-08-25T05:42:17Z</time><sat>30</sat></trkpt>
  <trkpt lat="38.75142590" lon="114.41419526"><ele>308.233</ele><time>2026-08-25T05:42:20Z</time><sat>30</sat></trkpt>
  <trkpt lat="38.75132045" lon="114.41420652"><ele>307.764</ele><time>2026-08-25T05:42:23Z</time><sat>29</sat></trkpt>
  <trkpt lat="38.75120514" lon="114.41419307"><ele>306.458</ele><time>2026-08-25T05:42:26Z</time><sat>26</sat></trkpt>
  <trkpt lat="38.75109702" lon="114.41414091"><ele>304.802</ele><time>2026-08-25T05:42:29Z</time><sat>28</sat></trkpt>
  <trkpt lat="38.75100471" lon="114.41413342"><ele>303.681</ele><time>2026-08-25T05:42:32Z</time><sat>31</sat></trkpt>
  <trkpt lat="38.75094188" lon="114.41419251"><ele>302.208</ele><time>2026-08-25T05:42:35Z</time><sat>24</sat></trkpt>
  <trkpt lat="38.75089028" lon="114.41431224"><ele>299.862</ele><time>2026-08-25T05:42:38Z</time><sat>23</sat></trkpt>
  <trkpt lat="38.75083551" lon="114.41442835"><ele>298.571</ele><time>2026-08-25T05:42:41Z</time><sat>25</sat></trkpt>
  <trkpt lat="38.75082728" lon="114.41455119"><ele>296.003</ele><time>2026-08-25T05:42:44Z</time><sat>27</sat></trkpt>
  <trkpt lat="38.75083312" lon="114.41469156"><ele>293.069</ele><time>2026-08-25T05:42:47Z</time><sat>26</sat></trkpt>
  <trkpt lat="38.75078459" lon="114.41483159"><ele>290.566</ele><time>2026-08-25T05:42:50Z</time><sat>25</sat></trkpt>
  <trkpt lat="38.75070813" lon="114.41495576"><ele>288.426</ele><time>2026-08-25T05:42:53Z</time><sat>24</sat></trkpt>
  <trkpt lat="38.75060205" lon="114.41512507"><ele>284.844</ele><time>2026-08-25T05:42:56Z</time><sat>33</sat></trkpt>
  <trkpt lat="38.75052241" lon="114.41528907"><ele>282.664</ele><time>2026-08-25T05:42:59Z</time><sat>31</sat></trkpt>
  <trkpt lat="38.75053419" lon="114.41548749"><ele>279.966</ele><time>2026-08-25T05:43:02Z</time><sat>25</sat></trkpt>
  <trkpt lat="38.75051774" lon="114.41570170"><ele>277.699</ele><time>2026-08-25T05:43:05Z</time><sat>28</sat></trkpt>
  <trkpt lat="38.75040731" lon="114.41580385"><ele>277.482</ele><time>2026-08-25T05:43:08Z</time><sat>24</sat></trkpt>
  <trkpt lat="38.75027903" lon="114.41577513"><ele>277.145</ele><time>2026-08-25T05:43:11Z</time><sat>29</sat></trkpt>
  <trkpt lat="38.75014390" lon="114.41579106"><ele>277.148</ele><time>2026-08-25T05:43:14Z</time><sat>24</sat></trkpt>
  <trkpt lat="38.75004302" lon="114.41587116"><ele>277.006</ele><time>2026-08-25T05:43:17Z</time><sat>29</sat></trkpt>
  <trkpt lat="38.74994974" lon="114.41586888"><ele>277.444</ele><time>2026-08-25T05:43:20Z</time><sat>31</sat></trkpt>
  <trkpt lat="38.74983692" lon="114.41581381"><ele>278.685</ele><time>2026-08-25T05:43:23Z</time><sat>23</sat></trkpt>
  <trkpt lat="38.74968215" lon="114.41580135"><ele>279.709</ele><time>2026-08-25T05:43:26Z</time><sat>28</sat></trkpt>
  <trkpt lat="38.74958681" lon="114.41586672"><ele>281.116</ele><time>2026-08-25T05:43:29Z</time><sat>30</sat></trkpt>
  <trkpt lat="38.74959077" lon="114.41599706"><ele>282.248</ele><time>2026-08-25T05:43:32Z</time><sat>29</sat></trkpt>
  <trkpt lat="38.74961114" lon="114.41614979"><ele>281.655</ele><time>2026-08-25T05:43:35Z</time><sat>28</sat></trkpt>
  <trkpt lat="38.74956806" lon="114.41633806"><ele>279.921</ele><time>2026-08-25T05:43:38Z</time><sat>30</sat></trkpt>
  <trkpt lat="38.74951384" lon="114.41649307"><ele>278.366</ele><time>2026-08-25T05:43:41Z</time><sat>25</sat></trkpt>
  <trkpt lat="38.74954582" lon="114.41662386"><ele>276.868</ele><time>2026-08-25T05:43:44Z</time><sat>24</sat></trkpt>
  <trkpt lat="38.74963551" lon="114.41674707"><ele>274.450</ele><time>2026-08-25T05:43:47Z</time><sat>31</sat></trkpt>
  <trkpt lat="38.74966821" lon="114.41687613"><ele>272.320</ele><time>2026-08-25T05:43:50Z</time><sat>27</sat></trkpt>
  <trkpt lat="38.74963151" lon="114.41706429"><ele>269.710</ele><time>2026-08-25T05:43:53Z</time><sat>31</sat></trkpt>
  <trkpt lat="38.74952079" lon="114.41727076"><ele>266.944</ele><time>2026-08-25T05:43:56Z</time><sat>23</sat></trkpt>
  <trkpt lat="38.74940407" lon="114.41744917"><ele>264.560</ele><time>2026-08-25T05:43:59Z</time><sat>29</sat></trkpt>
  <trkpt lat="38.74927544" lon="114.41749269"><ele>264.247</ele><time>2026-08-25T05:44:02Z</time><sat>24</sat></trkpt>
  <trkpt lat="38.74913678" lon="114.41746577"><ele>264.099</ele><time>2026-08-25T05:44:05Z</time><sat>21</sat></trkpt>
  <trkpt lat="38.74903220" lon="114.41751396"><ele>262.333</ele><time>2026-08-25T05:44:08Z</time><sat>32</sat></trkpt>
  <trkpt lat="38.74883725" lon="114.41756830"><ele>259.320</ele><time>2026-08-25T05:44:11Z</time><sat>24</sat></trkpt>
  <trkpt lat="38.74867879" lon="114.41754560"><ele>256.982</ele><time>2026-08-25T05:44:14Z</time><sat>26</sat></trkpt>
  <trkpt lat="38.74853032" lon="114.41751708"><ele>254.546</ele><time>2026-08-25T05:44:17Z</time><sat>30</sat></trkpt>
  <trkpt lat="38.74834449" lon="114.41755162"><ele>252.116</ele><time>2026-08-25T05:44:20Z</time><sat>31</sat></trkpt>
  <trkpt lat="38.74825598" lon="114.41765090"><ele>250.564</ele><time>2026-08-25T05:44:23Z</time><sat>28</sat></trkpt>
  <trkpt lat="38.74826827" lon="114.41775071"><ele>249.473</ele><time>2026-08-25T05:44:26Z</time><sat>33</sat></trkpt>
  <trkpt lat="38.74829560" lon="114.41785068"><ele>248.359</ele><time>2026-08-25T05:44:29Z</time><sat>32</sat></trkpt>
  <trkpt lat="38.74828943" lon="114.41794322"><ele>247.684</ele><time>2026-08-25T05:44:32Z</time><sat>27</sat></trkpt>
  <trkpt lat="38.74826834" lon="114.41806634"><ele>249.049</ele><time>2026-08-25T05:44:35Z</time><sat>29</sat></trkpt>
  <trkpt lat="38.74827715" lon="114.41825789"><ele>251.271</ele><time>2026-08-25T05:44:38Z</time><sat>28</sat></trkpt>
  <trkpt lat="38.74829160" lon="114.41846198"><ele>253.411</ele><time>2026-08-25T05:44:41Z</time><sat>25</sat></trkpt>
  <trkpt lat="38.74829921" lon="114.41862166"><ele>255.266</ele><time>2026-08-25T05:44:44Z</time><sat>29</sat></trkpt>
  <trkpt lat="38.74830370" lon="114.41878874"><ele>257.294</ele><time>2026-08-25T05:44:47Z</time><sat>26</sat></trkpt>
  <trkpt lat="38.74834982" lon="114.41897929"><ele>258.970</ele><time>2026-08-25T05:44:50Z</time><sat>26</sat></trkpt>
  <trkpt lat="38.74840871" lon="114.41922356"><ele>260.893</ele><time>2026-08-25T05:44:53Z</time><sat>23</sat></trkpt>
  <trkpt lat="38.74843784" lon="114.41945339"><ele>263.061</ele><time>2026-08-25T05:44:56Z</time><sat>29</sat></trkpt>
  <trkpt lat="38.74848254" lon="114.41965999"><ele>263.937</ele><time>2026-08-25T05:44:59Z</time><sat>28</sat></trkpt>
  <trkpt lat="38.74852090" lon="114.41987612"><ele>264.121</ele><time>2026-08-25T05:45:02Z</time><sat>30</sat></trkpt>
  <trkpt lat="38.74849981" lon="114.42007695"><ele>264.592</ele><time>2026-08-25T05:45:05Z</time><sat>27</sat></trkpt>
  <trkpt lat="38.74841228" lon="114.42024056"><ele>265.693</ele><time>2026-08-25T05:45:08Z</time><sat>26</sat></trkpt>
  <trkpt lat="38.74831870" lon="114.42042387"><ele>266.081</ele><time>2026-08-25T05:45:11Z</time><sat>31</sat></trkpt>
  <trkpt lat="38.74824974" lon="114.42059657"><ele>265.695</ele><time>2026-08-25T05:45:14Z</time><sat>29</sat></trkpt>
  <trkpt lat="38.74821394" lon="114.42067551"><ele>265.211</ele><time>2026-08-25T05:45:17Z</time><sat>22</sat></trkpt>
  <trkpt lat="38.74819592" lon="114.42072294"><ele>264.577</ele><time>2026-08-25T05:45:20Z</time><sat>23</sat></trkpt>
  <trkpt lat="38.74815435" lon="114.42085145"><ele>264.605</ele><time>2026-08-25T05:45:23Z</time><sat>22</sat></trkpt>
  <trkpt lat="38.74811442" lon="114.42105358"><ele>264.901</ele><time>2026-08-25T05:45:26Z</time><sat>24</sat></trkpt>
  <trkpt lat="38.74807388" lon="114.42123518"><ele>264.965</ele><time>2026-08-25T05:45:29Z</time><sat>28</sat></trkpt>
  <trkpt lat="38.74803809" lon="114.42128304"><ele>265.352</ele><time>2026-08-25T05:45:32Z</time><sat>25</sat></trkpt>
  <trkpt lat="38.74796745" lon="114.42126734"><ele>265.577</ele><time>2026-08-25T05:45:35Z</time><sat>27</sat></trkpt>
  <trkpt lat="38.74780532" lon="114.42120597"><ele>267.285</ele><time>2026-08-25T05:45:38Z</time><sat>21</sat></trkpt>
  <trkpt lat="38.74756692" lon="114.42111589"><ele>270.881</ele><time>2026-08-25T05:45:41Z</time><sat>26</sat></trkpt>
  <trkpt lat="38.74735420" lon="114.42104298"><ele>274.942</ele><time>2026-08-25T05:45:44Z</time><sat>20</sat></trkpt>
  <trkpt lat="38.74718288" lon="114.42103803"><ele>277.551</ele><time>2026-08-25T05:45:47Z</time><sat>24</sat></trkpt>
  <trkpt lat="38.74698441" lon="114.42111991"><ele>280.390</ele><time>2026-08-25T05:45:50Z</time><sat>27</sat></trkpt>
  <trkpt lat="38.74681299" lon="114.42119760"><ele>282.968</ele><time>2026-08-25T05:45:53Z</time><sat>28</sat></trkpt>
  <trkpt lat="38.74668498" lon="114.42134848"><ele>285.708</ele><time>2026-08-25T05:45:56Z</time><sat>31</sat></trkpt>
  <trkpt lat="38.74654228" lon="114.42150996"><ele>289.485</ele><time>2026-08-25T05:45:59Z</time><sat>26</sat></trkpt>
  <trkpt lat="38.74641857" lon="114.42165745"><ele>292.586</ele><time>2026-08-25T05:46:02Z</time><sat>28</sat></trkpt>
  <trkpt lat="38.74631492" lon="114.42180215"><ele>294.771</ele><time>2026-08-25T05:46:05Z</time><sat>28</sat></trkpt>
  <trkpt lat="38.74626056" lon="114.42192286"><ele>295.494</ele><time>2026-08-25T05:46:08Z</time><sat>29</sat></trkpt>
  <trkpt lat="38.74626664" lon="114.42210516"><ele>294.497</ele><time>2026-08-25T05:46:11Z</time><sat>28</sat></trkpt>
  <trkpt lat="38.74629955" lon="114.42235096"><ele>293.720</ele><time>2026-08-25T05:46:14Z</time><sat>27</sat></trkpt>
  <trkpt lat="38.74626576" lon="114.42257497"><ele>294.511</ele><time>2026-08-25T05:46:17Z</time><sat>27</sat></trkpt>
  <trkpt lat="38.74625924" lon="114.42280069"><ele>295.493</ele><time>2026-08-25T05:46:20Z</time><sat>30</sat></trkpt>
  <trkpt lat="38.74629793" lon="114.42303642"><ele>295.870</ele><time>2026-08-25T05:46:23Z</time><sat>28</sat></trkpt>
  <trkpt lat="38.74629410" lon="114.42319340"><ele>295.937</ele><time>2026-08-25T05:46:26Z</time><sat>29</sat></trkpt>
  <trkpt lat="38.74622648" lon="114.42329469"><ele>296.236</ele><time>2026-08-25T05:46:29Z</time><sat>26</sat></trkpt>
  <trkpt lat="38.74611164" lon="114.42333573"><ele>296.789</ele><time>2026-08-25T05:46:32Z</time><sat>25</sat></trkpt>
  <trkpt lat="38.74599226" lon="114.42337890"><ele>297.964</ele><time>2026-08-25T05:46:35Z</time><sat>29</sat></trkpt>
  <trkpt lat="38.74588646" lon="114.42353851"><ele>298.584</ele><time>2026-08-25T05:46:38Z</time><sat>26</sat></trkpt>
  <trkpt lat="38.74578346" lon="114.42368248"><ele>299.395</ele><time>2026-08-25T05:46:41Z</time><sat>29</sat></trkpt>
  <trkpt lat="38.74563797" lon="114.42371627"><ele>299.076</ele><time>2026-08-25T05:46:44Z</time><sat>28</sat></trkpt>
  <trkpt lat="38.74545973" lon="114.42373697"><ele>298.224</ele><time>2026-08-25T05:46:47Z</time><sat>29</sat></trkpt>
  <trkpt lat="38.74532071" lon="114.42384546"><ele>297.792</ele><time>2026-08-25T05:46:50Z</time><sat>31</sat></trkpt>
  <trkpt lat="38.74517782" lon="114.42401146"><ele>297.629</ele><time>2026-08-25T05:46:53Z</time><sat>23</sat></trkpt>
  <trkpt lat="38.74516908" lon="114.42412787"><ele>297.405</ele><time>2026-08-25T05:46:56Z</time><sat>30</sat></trkpt>
  <trkpt lat="38.74523005" lon="114.42428201"><ele>297.289</ele><time>2026-08-25T05:46:59Z</time><sat>31</sat></trkpt>
  <trkpt lat="38.74524070" lon="114.42442402"><ele>296.812</ele><time>2026-08-25T05:47:02Z</time><sat>32</sat></trkpt>
  <trkpt lat="38.74520975" lon="114.42455363"><ele>296.400</ele><time>2026-08-25T05:47:05Z</time><sat>31</sat></trkpt>
  <trkpt lat="38.74520624" lon="114.42458698"><ele>296.822</ele><time>2026-08-25T05:47:08Z</time><sat>31</sat></trkpt>
  <trkpt lat="38.74520658" lon="114.42458725"><ele>296.774</ele><time>2026-08-25T05:47:11Z</time><sat>28</sat></trkpt>
  <trkpt lat="38.74520265" lon="114.42458648"><ele>296.626</ele><time>2026-08-25T05:47:14Z</time><sat>32</sat></trkpt>
  <trkpt lat="38.74515045" lon="114.42460357"><ele>293.275</ele><time>2026-08-25T05:47:17Z</time><sat>36</sat></trkpt>
  <trkpt lat="38.74521384" lon="114.42456354"><ele>297.078</ele><time>2026-08-25T05:47:20Z</time><sat>35</sat></trkpt>
  <trkpt lat="38.74524205" lon="114.42456607"><ele>296.789</ele><time>2026-08-25T05:47:23Z</time><sat>36</sat></trkpt>
  <trkpt lat="38.74523724" lon="114.42457984"><ele>296.746</ele><time>2026-08-25T05:47:26Z</time><sat>37</sat></trkpt>
  <trkpt lat="38.74523511" lon="114.42457782"><ele>296.505</ele><time>2026-08-25T05:47:29Z</time><sat>37</sat></trkpt>
  <trkpt lat="38.74523277" lon="114.42458407"><ele>296.925</ele><time>2026-08-25T05:47:32Z</time><sat>34</sat></trkpt>
  <trkpt lat="38.74523110" lon="114.42458492"><ele>296.962</ele><time>2026-08-25T05:47:35Z</time><sat>37</sat></trkpt>
  <trkpt lat="38.74523009" lon="114.42458467"><ele>297.036</ele><time>2026-08-25T05:47:38Z</time><sat>37</sat></trkpt>
  <trkpt lat="38.74522835" lon="114.42463302"><ele>297.307</ele><time>2026-08-25T05:47:41Z</time><sat>38</sat></trkpt>
  <trkpt lat="38.74524019" lon="114.42473703"><ele>297.724</ele><time>2026-08-25T05:47:44Z</time><sat>38</sat></trkpt>
  <trkpt lat="38.74523232" lon="114.42488655"><ele>297.640</ele><time>2026-08-25T05:47:47Z</time><sat>37</sat></trkpt>
  <trkpt lat="38.74521006" lon="114.42504951"><ele>295.354</ele><time>2026-08-25T05:47:50Z</time><sat>37</sat></trkpt>
  <trkpt lat="38.74516780" lon="114.42521350"><ele>292.964</ele><time>2026-08-25T05:47:53Z</time><sat>37</sat></trkpt>
  <trkpt lat="38.74512606" lon="114.42539040"><ele>291.601</ele><time>2026-08-25T05:47:56Z</time><sat>35</sat></trkpt>
  <trkpt lat="38.74513154" lon="114.42556137"><ele>290.685</ele><time>2026-08-25T05:47:59Z</time><sat>34</sat></trkpt>
  <trkpt lat="38.74515608" lon="114.42573208"><ele>290.989</ele><time>2026-08-25T05:48:02Z</time><sat>35</sat></trkpt>
  <trkpt lat="38.74512759" lon="114.42586004"><ele>290.786</ele><time>2026-08-25T05:48:05Z</time><sat>36</sat></trkpt>
  <trkpt lat="38.74500326" lon="114.42595629"><ele>289.493</ele><time>2026-08-25T05:48:08Z</time><sat>36</sat></trkpt>
  <trkpt lat="38.74493473" lon="114.42611959"><ele>288.615</ele><time>2026-08-25T05:48:11Z</time><sat>35</sat></trkpt>
  <trkpt lat="38.74498208" lon="114.42628135"><ele>288.333</ele><time>2026-08-25T05:48:14Z</time><sat>33</sat></trkpt>
  <trkpt lat="38.74503037" lon="114.42642292"><ele>287.654</ele><time>2026-08-25T05:48:17Z</time><sat>34</sat></trkpt>
  <trkpt lat="38.74504019" lon="114.42656583"><ele>286.639</ele><time>2026-08-25T05:48:20Z</time><sat>35</sat></trkpt>
  <trkpt lat="38.74496757" lon="114.42668381"><ele>284.921</ele><time>2026-08-25T05:48:23Z</time><sat>34</sat></trkpt>
  <trkpt lat="38.74490086" lon="114.42681835"><ele>283.101</ele><time>2026-08-25T05:48:26Z</time><sat>36</sat></trkpt>
  <trkpt lat="38.74493199" lon="114.42698088"><ele>282.848</ele><time>2026-08-25T05:48:29Z</time><sat>37</sat></trkpt>
  <trkpt lat="38.74493779" lon="114.42713586"><ele>281.926</ele><time>2026-08-25T05:48:32Z</time><sat>37</sat></trkpt>
  <trkpt lat="38.74484408" lon="114.42727335"><ele>279.769</ele><time>2026-08-25T05:48:35Z</time><sat>35</sat></trkpt>
  <trkpt lat="38.74473573" lon="114.42744897"><ele>278.307</ele><time>2026-08-25T05:48:38Z</time><sat>35</sat></trkpt>
  <trkpt lat="38.74473931" lon="114.42765922"><ele>277.300</ele><time>2026-08-25T05:48:41Z</time><sat>35</sat></trkpt>
  <trkpt lat="38.74477298" lon="114.42790981"><ele>275.089</ele><time>2026-08-25T05:48:44Z</time><sat>36</sat></trkpt>
  <trkpt lat="38.74478857" lon="114.42815565"><ele>273.204</ele><time>2026-08-25T05:48:47Z</time><sat>35</sat></trkpt>
  <trkpt lat="38.74478028" lon="114.42837732"><ele>270.762</ele><time>2026-08-25T05:48:50Z</time><sat>35</sat></trkpt>
  <trkpt lat="38.74475752" lon="114.42857005"><ele>268.861</ele><time>2026-08-25T05:48:53Z</time><sat>37</sat></trkpt>
  <trkpt lat="38.74475900" lon="114.42876866"><ele>268.307</ele><time>2026-08-25T05:48:56Z</time><sat>38</sat></trkpt>
  <trkpt lat="38.74475810" lon="114.42903258"><ele>266.772</ele><time>2026-08-25T05:48:59Z</time><sat>37</sat></trkpt>
  <trkpt lat="38.74463595" lon="114.42930791"><ele>267.141</ele><time>2026-08-25T05:49:02Z</time><sat>36</sat></trkpt>
  <trkpt lat="38.74442478" lon="114.42953244"><ele>267.794</ele><time>2026-08-25T05:49:05Z</time><sat>37</sat></trkpt>
  <trkpt lat="38.74429780" lon="114.42972178"><ele>268.074</ele><time>2026-08-25T05:49:08Z</time><sat>38</sat></trkpt>
  <trkpt lat="38.74427865" lon="114.43000523"><ele>268.789</ele><time>2026-08-25T05:49:11Z</time><sat>37</sat></trkpt>
  <trkpt lat="38.74430728" lon="114.43035973"><ele>267.663</ele><time>2026-08-25T05:49:14Z</time><sat>38</sat></trkpt>
  <trkpt lat="38.74437640" lon="114.43077217"><ele>265.705</ele><time>2026-08-25T05:49:17Z</time><sat>38</sat></trkpt>
  <trkpt lat="38.74443077" lon="114.43115441"><ele>264.865</ele><time>2026-08-25T05:49:20Z</time><sat>36</sat></trkpt>
  <trkpt lat="38.74452352" lon="114.43147256"><ele>263.820</ele><time>2026-08-25T05:49:23Z</time><sat>36</sat></trkpt>
  <trkpt lat="38.74460343" lon="114.43175445"><ele>262.446</ele><time>2026-08-25T05:49:26Z</time><sat>35</sat></trkpt>
  <trkpt lat="38.74460759" lon="114.43189096"><ele>262.664</ele><time>2026-08-25T05:49:29Z</time><sat>34</sat></trkpt>
  <trkpt lat="38.74460642" lon="114.43195458"><ele>261.709</ele><time>2026-08-25T05:49:32Z</time><sat>35</sat></trkpt>
  <trkpt lat="38.74462771" lon="114.43200358"><ele>262.383</ele><time>2026-08-25T05:49:35Z</time><sat>36</sat></trkpt>
  <trkpt lat="38.74463515" lon="114.43203951"><ele>262.540</ele><time>2026-08-25T05:49:38Z</time><sat>36</sat></trkpt>
  <trkpt lat="38.74462679" lon="114.43206278"><ele>261.669</ele><time>2026-08-25T05:49:41Z</time><sat>36</sat></trkpt>
  <trkpt lat="38.74463305" lon="114.43205703"><ele>261.098</ele><time>2026-08-25T05:49:44Z</time><sat>37</sat></trkpt>
  <trkpt lat="38.74463526" lon="114.43205491"><ele>261.125</ele><time>2026-08-25T05:49:47Z</time><sat>35</sat></trkpt>
  <trkpt lat="38.74463761" lon="114.43205454"><ele>261.190</ele><time>2026-08-25T05:49:50Z</time><sat>37</sat></trkpt>
  <trkpt lat="38.74463776" lon="114.43205524"><ele>261.338</ele><time>2026-08-25T05:49:53Z</time><sat>38</sat></trkpt>
  <trkpt lat="38.74463596" lon="114.43205417"><ele>261.670</ele><time>2026-08-25T05:49:56Z</time><sat>38</sat></trkpt>
  <trkpt lat="38.74463572" lon="114.43205360"><ele>261.625</ele><time>2026-08-25T05:49:59Z</time><sat>38</sat></trkpt>
  <trkpt lat="38.74463560" lon="114.43205335"><ele>261.659</ele><time>2026-08-25T05:50:02Z</time><sat>38</sat></trkpt>
  <trkpt lat="38.74463559" lon="114.43205335"><ele>261.661</ele><time>2026-08-25T05:50:05Z</time><sat>38</sat></trkpt>
  <trkpt lat="38.74463541" lon="114.43205328"><ele>261.707</ele><time>2026-08-25T05:50:08Z</time><sat>38</sat></trkpt>
  <trkpt lat="38.74463556" lon="114.43205338"><ele>261.664</ele><time>2026-08-25T05:50:11Z</time><sat>38</sat></trkpt>
  <trkpt lat="38.74463547" lon="114.43205344"><ele>261.659</ele><time>2026-08-25T05:50:14Z</time><sat>38</sat></trkpt>
  <trkpt lat="38.74463538" lon="114.43205347"><ele>261.658</ele><time>2026-08-25T05:50:17Z</time><sat>38</sat></trkpt>
  <trkpt lat="38.74463533" lon="114.43205343"><ele>261.664</ele><time>2026-08-25T05:50:20Z</time><sat>38</sat></trkpt>
  <trkpt lat="38.74463529" lon="114.43205340"><ele>261.667</ele><time>2026-08-25T05:50:23Z</time><sat>38</sat></trkpt>
  <trkpt lat="38.74463524" lon="114.43205339"><ele>261.673</ele><time>2026-08-25T05:50:26Z</time><sat>38</sat></trkpt>
  <trkpt lat="38.74462946" lon="114.43205942"><ele>262.044</ele><time>2026-08-25T05:50:29Z</time><sat>37</sat></trkpt>
  <trkpt lat="38.74461273" lon="114.43206622"><ele>262.068</ele><time>2026-08-25T05:50:32Z</time><sat>38</sat></trkpt>
  <trkpt lat="38.74460286" lon="114.43206824"><ele>261.625</ele><time>2026-08-25T05:50:35Z</time><sat>38</sat></trkpt>
  <trkpt lat="38.74456452" lon="114.43208412"><ele>261.459</ele><time>2026-08-25T05:50:38Z</time><sat>38</sat></trkpt>
  <trkpt lat="38.74446578" lon="114.43220632"><ele>261.453</ele><time>2026-08-25T05:50:41Z</time><sat>38</sat></trkpt>
  <trkpt lat="38.74435457" lon="114.43237627"><ele>260.464</ele><time>2026-08-25T05:50:44Z</time><sat>38</sat></trkpt>
  <trkpt lat="38.74425685" lon="114.43264011"><ele>257.709</ele><time>2026-08-25T05:50:47Z</time><sat>38</sat></trkpt>
  <trkpt lat="38.74420223" lon="114.43295465"><ele>255.661</ele><time>2026-08-25T05:50:50Z</time><sat>38</sat></trkpt>
  <trkpt lat="38.74417608" lon="114.43326253"><ele>253.647</ele><time>2026-08-25T05:50:53Z</time><sat>36</sat></trkpt>
  <trkpt lat="38.74415525" lon="114.43355630"><ele>252.310</ele><time>2026-08-25T05:50:56Z</time><sat>35</sat></trkpt>
  <trkpt lat="38.74417045" lon="114.43381403"><ele>251.239</ele><time>2026-08-25T05:50:59Z</time><sat>33</sat></trkpt>
  <trkpt lat="38.74423081" lon="114.43405405"><ele>249.496</ele><time>2026-08-25T05:51:02Z</time><sat>34</sat></trkpt>
  <trkpt lat="38.74430225" lon="114.43431515"><ele>248.183</ele><time>2026-08-25T05:51:05Z</time><sat>34</sat></trkpt>
  <trkpt lat="38.74437926" lon="114.43455085"><ele>245.020</ele><time>2026-08-25T05:51:08Z</time><sat>33</sat></trkpt>
  <trkpt lat="38.74447051" lon="114.43473033"><ele>244.712</ele><time>2026-08-25T05:51:11Z</time><sat>33</sat></trkpt>
  <trkpt lat="38.74459269" lon="114.43485222"><ele>242.742</ele><time>2026-08-25T05:51:14Z</time><sat>35</sat></trkpt>
  <trkpt lat="38.74468250" lon="114.43493720"><ele>242.436</ele><time>2026-08-25T05:51:17Z</time><sat>36</sat></trkpt>
  <trkpt lat="38.74476851" lon="114.43501771"><ele>242.011</ele><time>2026-08-25T05:51:20Z</time><sat>35</sat></trkpt>
  <trkpt lat="38.74485650" lon="114.43511658"><ele>242.620</ele><time>2026-08-25T05:51:23Z</time><sat>36</sat></trkpt>
  <trkpt lat="38.74493890" lon="114.43524726"><ele>243.414</ele><time>2026-08-25T05:51:26Z</time><sat>36</sat></trkpt>
  <trkpt lat="38.74501805" lon="114.43541345"><ele>242.909</ele><time>2026-08-25T05:51:29Z</time><sat>36</sat></trkpt>
  <trkpt lat="38.74505638" lon="114.43557325"><ele>243.641</ele><time>2026-08-25T05:51:32Z</time><sat>34</sat></trkpt>
  <trkpt lat="38.74505501" lon="114.43561114"><ele>243.349</ele><time>2026-08-25T05:51:35Z</time><sat>38</sat></trkpt>
  <trkpt lat="38.74508130" lon="114.43565532"><ele>243.312</ele><time>2026-08-25T05:51:38Z</time><sat>38</sat></trkpt>
  <trkpt lat="38.74516740" lon="114.43566901"><ele>242.717</ele><time>2026-08-25T05:51:41Z</time><sat>38</sat></trkpt>
  <trkpt lat="38.74527353" lon="114.43569548"><ele>242.013</ele><time>2026-08-25T05:51:44Z</time><sat>38</sat></trkpt>
  <trkpt lat="38.74536368" lon="114.43571877"><ele>241.437</ele><time>2026-08-25T05:51:47Z</time><sat>35</sat></trkpt>
  <trkpt lat="38.74545155" lon="114.43568103"><ele>240.585</ele><time>2026-08-25T05:51:50Z</time><sat>33</sat></trkpt>
  <trkpt lat="38.74556541" lon="114.43560903"><ele>239.093</ele><time>2026-08-25T05:51:53Z</time><sat>35</sat></trkpt>
  <trkpt lat="38.74570394" lon="114.43550064"><ele>238.834</ele><time>2026-08-25T05:51:56Z</time><sat>36</sat></trkpt>
  <trkpt lat="38.74580576" lon="114.43544098"><ele>236.748</ele><time>2026-08-25T05:51:59Z</time><sat>31</sat></trkpt>
  <trkpt lat="38.74590568" lon="114.43545440"><ele>236.593</ele><time>2026-08-25T05:52:02Z</time><sat>29</sat></trkpt>
  <trkpt lat="38.74597063" lon="114.43553678"><ele>235.145</ele><time>2026-08-25T05:52:05Z</time><sat>32</sat></trkpt>
  <trkpt lat="38.74602144" lon="114.43566487"><ele>233.721</ele><time>2026-08-25T05:52:08Z</time><sat>33</sat></trkpt>
  <trkpt lat="38.74606996" lon="114.43579577"><ele>232.525</ele><time>2026-08-25T05:52:11Z</time><sat>30</sat></trkpt>
  <trkpt lat="38.74614730" lon="114.43587842"><ele>231.871</ele><time>2026-08-25T05:52:14Z</time><sat>31</sat></trkpt>
  <trkpt lat="38.74627726" lon="114.43595583"><ele>230.532</ele><time>2026-08-25T05:52:17Z</time><sat>33</sat></trkpt>
  <trkpt lat="38.74640723" lon="114.43604456"><ele>228.971</ele><time>2026-08-25T05:52:20Z</time><sat>33</sat></trkpt>
  <trkpt lat="38.74650132" lon="114.43611691"><ele>228.292</ele><time>2026-08-25T05:52:23Z</time><sat>31</sat></trkpt>
  <trkpt lat="38.74660150" lon="114.43614142"><ele>227.410</ele><time>2026-08-25T05:52:26Z</time><sat>31</sat></trkpt>
  <trkpt lat="38.74671202" lon="114.43612328"><ele>226.509</ele><time>2026-08-25T05:52:29Z</time><sat>33</sat></trkpt>
  <trkpt lat="38.74680687" lon="114.43604534"><ele>225.602</ele><time>2026-08-25T05:52:32Z</time><sat>35</sat></trkpt>
  <trkpt lat="38.74688627" lon="114.43595496"><ele>224.684</ele><time>2026-08-25T05:52:35Z</time><sat>35</sat></trkpt>
  <trkpt lat="38.74699220" lon="114.43590455"><ele>222.017</ele><time>2026-08-25T05:52:38Z</time><sat>34</sat></trkpt>
  <trkpt lat="38.74709878" lon="114.43593492"><ele>219.338</ele><time>2026-08-25T05:52:41Z</time><sat>35</sat></trkpt>
  <trkpt lat="38.74717908" lon="114.43600336"><ele>218.724</ele><time>2026-08-25T05:52:44Z</time><sat>35</sat></trkpt>
  <trkpt lat="38.74724987" lon="114.43600097"><ele>218.115</ele><time>2026-08-25T05:52:47Z</time><sat>35</sat></trkpt>
  <trkpt lat="38.74726232" lon="114.43588166"><ele>216.180</ele><time>2026-08-25T05:52:50Z</time><sat>35</sat></trkpt>
  <trkpt lat="38.74724216" lon="114.43572196"><ele>214.277</ele><time>2026-08-25T05:52:53Z</time><sat>35</sat></trkpt>
  <trkpt lat="38.74727025" lon="114.43563256"><ele>213.087</ele><time>2026-08-25T05:52:56Z</time><sat>35</sat></trkpt>
  <trkpt lat="38.74729090" lon="114.43559110"><ele>213.371</ele><time>2026-08-25T05:52:59Z</time><sat>33</sat></trkpt>
  <trkpt lat="38.74731510" lon="114.43552610"><ele>213.411</ele><time>2026-08-25T05:53:02Z</time><sat>31</sat></trkpt>
  <trkpt lat="38.74735941" lon="114.43545295"><ele>212.607</ele><time>2026-08-25T05:53:05Z</time><sat>31</sat></trkpt>
  <trkpt lat="38.74743645" lon="114.43543108"><ele>212.813</ele><time>2026-08-25T05:53:08Z</time><sat>30</sat></trkpt>
  <trkpt lat="38.74752967" lon="114.43542375"><ele>213.117</ele><time>2026-08-25T05:53:11Z</time><sat>32</sat></trkpt>
  <trkpt lat="38.74762897" lon="114.43542629"><ele>213.508</ele><time>2026-08-25T05:53:14Z</time><sat>33</sat></trkpt>
  <trkpt lat="38.74771830" lon="114.43543885"><ele>213.879</ele><time>2026-08-25T05:53:17Z</time><sat>31</sat></trkpt>
  <trkpt lat="38.74781085" lon="114.43546318"><ele>213.507</ele><time>2026-08-25T05:53:20Z</time><sat>34</sat></trkpt>
  <trkpt lat="38.74785554" lon="114.43546978"><ele>212.693</ele><time>2026-08-25T05:53:23Z</time><sat>36</sat></trkpt>
  <trkpt lat="38.74786741" lon="114.43547019"><ele>213.049</ele><time>2026-08-25T05:53:26Z</time><sat>36</sat></trkpt>
  <trkpt lat="38.74786738" lon="114.43546864"><ele>213.420</ele><time>2026-08-25T05:53:29Z</time><sat>35</sat></trkpt>
  <trkpt lat="38.74786842" lon="114.43547039"><ele>213.443</ele><time>2026-08-25T05:53:32Z</time><sat>36</sat></trkpt>
  <trkpt lat="38.74786871" lon="114.43547104"><ele>213.402</ele><time>2026-08-25T05:53:35Z</time><sat>35</sat></trkpt>
  <trkpt lat="38.74787229" lon="114.43547292"><ele>213.429</ele><time>2026-08-25T05:53:38Z</time><sat>34</sat></trkpt>
  <trkpt lat="38.74792991" lon="114.43546976"><ele>212.793</ele><time>2026-08-25T05:53:41Z</time><sat>36</sat></trkpt>
  <trkpt lat="38.74802498" lon="114.43542561"><ele>211.588</ele><time>2026-08-25T05:53:44Z</time><sat>36</sat></trkpt>
  <trkpt lat="38.74811241" lon="114.43534086"><ele>210.672</ele><time>2026-08-25T05:53:47Z</time><sat>38</sat></trkpt>
  <trkpt lat="38.74818347" lon="114.43526249"><ele>209.861</ele><time>2026-08-25T05:53:50Z</time><sat>38</sat></trkpt>
  <trkpt lat="38.74824421" lon="114.43520327"><ele>208.112</ele><time>2026-08-25T05:53:53Z</time><sat>36</sat></trkpt>
  <trkpt lat="38.74829135" lon="114.43518690"><ele>207.351</ele><time>2026-08-25T05:53:56Z</time><sat>33</sat></trkpt>
  <trkpt lat="38.74833712" lon="114.43519379"><ele>206.233</ele><time>2026-08-25T05:53:59Z</time><sat>36</sat></trkpt>
  <trkpt lat="38.74838275" lon="114.43521822"><ele>205.465</ele><time>2026-08-25T05:54:02Z</time><sat>37</sat></trkpt>
  <trkpt lat="38.74842097" lon="114.43523967"><ele>204.512</ele><time>2026-08-25T05:54:05Z</time><sat>36</sat></trkpt>
  <trkpt lat="38.74845576" lon="114.43526037"><ele>204.425</ele><time>2026-08-25T05:54:08Z</time><sat>35</sat></trkpt>
  <trkpt lat="38.74850703" lon="114.43528615"><ele>204.242</ele><time>2026-08-25T05:54:11Z</time><sat>35</sat></trkpt>
  <trkpt lat="38.74855493" lon="114.43530935"><ele>203.742</ele><time>2026-08-25T05:54:14Z</time><sat>35</sat></trkpt>
  <trkpt lat="38.74858635" lon="114.43533313"><ele>203.431</ele><time>2026-08-25T05:54:17Z</time><sat>33</sat></trkpt>
  <trkpt lat="38.74860452" lon="114.43534736"><ele>203.305</ele><time>2026-08-25T05:54:20Z</time><sat>34</sat></trkpt>
  <trkpt lat="38.74862953" lon="114.43536612"><ele>203.162</ele><time>2026-08-25T05:54:23Z</time><sat>35</sat></trkpt>
  <trkpt lat="38.74866421" lon="114.43539392"><ele>202.776</ele><time>2026-08-25T05:54:26Z</time><sat>35</sat></trkpt>
  <trkpt lat="38.74871247" lon="114.43543348"><ele>201.376</ele><time>2026-08-25T05:54:29Z</time><sat>36</sat></trkpt>
  <trkpt lat="38.74875856" lon="114.43549996"><ele>199.884</ele><time>2026-08-25T05:54:32Z</time><sat>35</sat></trkpt>
  <trkpt lat="38.74883339" lon="114.43557384"><ele>199.162</ele><time>2026-08-25T05:54:35Z</time><sat>36</sat></trkpt>
  <trkpt lat="38.74891129" lon="114.43559433"><ele>198.701</ele><time>2026-08-25T05:54:38Z</time><sat>35</sat></trkpt>
  <trkpt lat="38.74898385" lon="114.43556450"><ele>197.922</ele><time>2026-08-25T05:54:41Z</time><sat>37</sat></trkpt>
  <trkpt lat="38.74903816" lon="114.43555846"><ele>197.289</ele><time>2026-08-25T05:54:44Z</time><sat>36</sat></trkpt>
  <trkpt lat="38.74911106" lon="114.43554857"><ele>197.796</ele><time>2026-08-25T05:54:47Z</time><sat>36</sat></trkpt>
  <trkpt lat="38.74914286" lon="114.43555086"><ele>197.706</ele><time>2026-08-25T05:54:50Z</time><sat>36</sat></trkpt>
  <trkpt lat="38.74914111" lon="114.43556352"><ele>197.627</ele><time>2026-08-25T05:54:53Z</time><sat>36</sat></trkpt>
  <trkpt lat="38.74914110" lon="114.43556161"><ele>197.691</ele><time>2026-08-25T05:54:56Z</time><sat>30</sat></trkpt>
  <trkpt lat="38.74914118" lon="114.43556122"><ele>197.682</ele><time>2026-08-25T05:54:59Z</time><sat>32</sat></trkpt>
  <trkpt lat="38.74914119" lon="114.43556116"><ele>197.684</ele><time>2026-08-25T05:55:02Z</time><sat>32</sat></trkpt>
  <trkpt lat="38.74914121" lon="114.43556115"><ele>197.682</ele><time>2026-08-25T05:55:05Z</time><sat>27</sat></trkpt>
  <trkpt lat="38.74914121" lon="114.43556113"><ele>197.682</ele><time>2026-08-25T05:55:08Z</time><sat>27</sat></trkpt>
  <trkpt lat="38.74914108" lon="114.43556110"><ele>197.688</ele><time>2026-08-25T05:55:11Z</time><sat>28</sat></trkpt>
  <trkpt lat="38.74914116" lon="114.43556133"><ele>197.785</ele><time>2026-08-25T05:55:14Z</time><sat>32</sat></trkpt>
  <trkpt lat="38.74913806" lon="114.43554891"><ele>198.048</ele><time>2026-08-25T05:55:17Z</time><sat>35</sat></trkpt>
  <trkpt lat="38.74918627" lon="114.43554203"><ele>198.722</ele><time>2026-08-25T05:55:20Z</time><sat>35</sat></trkpt>
  <trkpt lat="38.74923006" lon="114.43553975"><ele>198.287</ele><time>2026-08-25T05:55:23Z</time><sat>36</sat></trkpt>
  <trkpt lat="38.74926729" lon="114.43554216"><ele>199.131</ele><time>2026-08-25T05:55:26Z</time><sat>36</sat></trkpt>
  <trkpt lat="38.74929781" lon="114.43555403"><ele>198.109</ele><time>2026-08-25T05:55:29Z</time><sat>37</sat></trkpt>
  <trkpt lat="38.74933663" lon="114.43556590"><ele>195.696</ele><time>2026-08-25T05:55:32Z</time><sat>37</sat></trkpt>
  <trkpt lat="38.74936748" lon="114.43562404"><ele>196.336</ele><time>2026-08-25T05:55:35Z</time><sat>37</sat></trkpt>
  <trkpt lat="38.74936865" lon="114.43567215"><ele>195.980</ele><time>2026-08-25T05:55:38Z</time><sat>37</sat></trkpt>
  <trkpt lat="38.74936698" lon="114.43570262"><ele>196.983</ele><time>2026-08-25T05:55:41Z</time><sat>38</sat></trkpt>
  <trkpt lat="38.74932937" lon="114.43567886"><ele>196.522</ele><time>2026-08-25T05:55:44Z</time><sat>38</sat></trkpt>
  <trkpt lat="38.74931255" lon="114.43563448"><ele>196.639</ele><time>2026-08-25T05:55:47Z</time><sat>36</sat></trkpt>
  <trkpt lat="38.74929323" lon="114.43558922"><ele>197.191</ele><time>2026-08-25T05:55:50Z</time><sat>35</sat></trkpt>
  <trkpt lat="38.74926569" lon="114.43555891"><ele>197.048</ele><time>2026-08-25T05:55:53Z</time><sat>36</sat></trkpt>
  <trkpt lat="38.74923813" lon="114.43553603"><ele>197.274</ele><time>2026-08-25T05:55:56Z</time><sat>36</sat></trkpt>
  <trkpt lat="38.74920952" lon="114.43552308"><ele>198.026</ele><time>2026-08-25T05:55:59Z</time><sat>34</sat></trkpt>
  <trkpt lat="38.74917648" lon="114.43551782"><ele>198.486</ele><time>2026-08-25T05:56:02Z</time><sat>35</sat></trkpt>
  <trkpt lat="38.74914143" lon="114.43552540"><ele>198.846</ele><time>2026-08-25T05:56:05Z</time><sat>35</sat></trkpt>
  <trkpt lat="38.74912000" lon="114.43557324"><ele>198.934</ele><time>2026-08-25T05:56:08Z</time><sat>35</sat></trkpt>
  <trkpt lat="38.74913665" lon="114.43559053"><ele>197.247</ele><time>2026-08-25T05:56:11Z</time><sat>35</sat></trkpt>
  <trkpt lat="38.74915291" lon="114.43558489"><ele>197.549</ele><time>2026-08-25T05:56:14Z</time><sat>35</sat></trkpt>
  <trkpt lat="38.74915291" lon="114.43558514"><ele>197.556</ele><time>2026-08-25T05:56:17Z</time><sat>36</sat></trkpt>
  <trkpt lat="38.74915299" lon="114.43558560"><ele>197.556</ele><time>2026-08-25T05:56:20Z</time><sat>37</sat></trkpt>
  <trkpt lat="38.74915303" lon="114.43558587"><ele>197.560</ele><time>2026-08-25T05:56:23Z</time><sat>34</sat></trkpt>
  <trkpt lat="38.74915097" lon="114.43558044"><ele>197.459</ele><time>2026-08-25T05:56:26Z</time><sat>34</sat></trkpt>
  <trkpt lat="38.74917839" lon="114.43556897"><ele>197.830</ele><time>2026-08-25T05:56:29Z</time><sat>36</sat></trkpt>
  <trkpt lat="38.74918772" lon="114.43555292"><ele>196.128</ele><time>2026-08-25T05:56:32Z</time><sat>36</sat></trkpt>
  <trkpt lat="38.74920168" lon="114.43553358"><ele>197.228</ele><time>2026-08-25T05:56:35Z</time><sat>34</sat></trkpt>
  <trkpt lat="38.74921294" lon="114.43554786"><ele>197.628</ele><time>2026-08-25T05:56:38Z</time><sat>34</sat></trkpt>
  <trkpt lat="38.74919139" lon="114.43557837"><ele>196.697</ele><time>2026-08-25T05:56:41Z</time><sat>36</sat></trkpt>
  <trkpt lat="38.74915370" lon="114.43557805"><ele>197.911</ele><time>2026-08-25T05:56:44Z</time><sat>37</sat></trkpt>
  <trkpt lat="38.74912631" lon="114.43557142"><ele>198.735</ele><time>2026-08-25T05:56:47Z</time><sat>36</sat></trkpt>
  <trkpt lat="38.74912956" lon="114.43556433"><ele>198.996</ele><time>2026-08-25T05:56:50Z</time><sat>36</sat></trkpt>
  <trkpt lat="38.74913142" lon="114.43556024"><ele>199.009</ele><time>2026-08-25T05:56:53Z</time><sat>36</sat></trkpt>
  <trkpt lat="38.74913152" lon="114.43556003"><ele>199.007</ele><time>2026-08-25T05:56:56Z</time><sat>35</sat></trkpt>
  <trkpt lat="38.74913153" lon="114.43555983"><ele>198.997</ele><time>2026-08-25T05:56:59Z</time><sat>35</sat></trkpt>
  <trkpt lat="38.74913153" lon="114.43555971"><ele>198.988</ele><time>2026-08-25T05:57:02Z</time><sat>36</sat></trkpt>
  <trkpt lat="38.74913154" lon="114.43555966"><ele>198.985</ele><time>2026-08-25T05:57:05Z</time><sat>36</sat></trkpt>
  <trkpt lat="38.74913154" lon="114.43555958"><ele>198.983</ele><time>2026-08-25T05:57:08Z</time><sat>33</sat></trkpt>
  <trkpt lat="38.74913155" lon="114.43555953"><ele>198.983</ele><time>2026-08-25T05:57:11Z</time><sat>33</sat></trkpt>
  <trkpt lat="38.74913154" lon="114.43555950"><ele>198.981</ele><time>2026-08-25T05:57:14Z</time><sat>33</sat></trkpt>
  <trkpt lat="38.74913154" lon="114.43555947"><ele>198.982</ele><time>2026-08-25T05:57:17Z</time><sat>29</sat></trkpt>
  <trkpt lat="38.74913154" lon="114.43555944"><ele>198.980</ele><time>2026-08-25T05:57:20Z</time><sat>27</sat></trkpt>
  <trkpt lat="38.74913156" lon="114.43555941"><ele>198.980</ele><time>2026-08-25T05:57:23Z</time><sat>29</sat></trkpt>
  <trkpt lat="38.74913155" lon="114.43555939"><ele>198.981</ele><time>2026-08-25T05:57:26Z</time><sat>31</sat></trkpt>
  <trkpt lat="38.74913157" lon="114.43555936"><ele>198.981</ele><time>2026-08-25T05:57:29Z</time><sat>32</sat></trkpt>
  <trkpt lat="38.74913388" lon="114.43556203"><ele>199.068</ele><time>2026-08-25T05:57:32Z</time><sat>34</sat></trkpt>
  <trkpt lat="38.74913413" lon="114.43556262"><ele>199.077</ele><time>2026-08-25T05:57:35Z</time><sat>35</sat></trkpt>
  <trkpt lat="38.74913400" lon="114.43556358"><ele>199.086</ele><time>2026-08-25T05:57:38Z</time><sat>33</sat></trkpt>
  <trkpt lat="38.74913436" lon="114.43556120"><ele>199.096</ele><time>2026-08-25T05:57:41Z</time><sat>33</sat></trkpt>
  <trkpt lat="38.74913438" lon="114.43556119"><ele>199.094</ele><time>2026-08-25T05:57:44Z</time><sat>35</sat></trkpt>
  <trkpt lat="38.74913441" lon="114.43556115"><ele>199.086</ele><time>2026-08-25T05:57:47Z</time><sat>34</sat></trkpt>
  <trkpt lat="38.74913443" lon="114.43556112"><ele>199.085</ele><time>2026-08-25T05:57:50Z</time><sat>32</sat></trkpt>
  <trkpt lat="38.74913441" lon="114.43556113"><ele>199.086</ele><time>2026-08-25T05:57:53Z</time><sat>32</sat></trkpt>
  <trkpt lat="38.74913444" lon="114.43556113"><ele>199.081</ele><time>2026-08-25T05:57:56Z</time><sat>34</sat></trkpt>
  <trkpt lat="38.74913446" lon="114.43556107"><ele>199.078</ele><time>2026-08-25T05:57:59Z</time><sat>35</sat></trkpt>
  <trkpt lat="38.74913445" lon="114.43556108"><ele>199.078</ele><time>2026-08-25T05:58:02Z</time><sat>33</sat></trkpt>
  <trkpt lat="38.74913443" lon="114.43556110"><ele>199.078</ele><time>2026-08-25T05:58:05Z</time><sat>31</sat></trkpt>
  <trkpt lat="38.74913442" lon="114.43556112"><ele>199.079</ele><time>2026-08-25T05:58:08Z</time><sat>29</sat></trkpt>
  <trkpt lat="38.74913447" lon="114.43556117"><ele>199.079</ele><time>2026-08-25T05:58:11Z</time><sat>33</sat></trkpt>
  <trkpt lat="38.74913449" lon="114.43556117"><ele>199.074</ele><time>2026-08-25T05:58:14Z</time><sat>34</sat></trkpt>
  <trkpt lat="38.74913445" lon="114.43556112"><ele>199.071</ele><time>2026-08-25T05:58:17Z</time><sat>34</sat></trkpt>
  <trkpt lat="38.74913444" lon="114.43556112"><ele>199.070</ele><time>2026-08-25T05:58:20Z</time><sat>32</sat></trkpt>
  <trkpt lat="38.74913442" lon="114.43556110"><ele>199.070</ele><time>2026-08-25T05:58:23Z</time><sat>32</sat></trkpt>
  <trkpt lat="38.74913440" lon="114.43556109"><ele>199.070</ele><time>2026-08-25T05:58:26Z</time><sat>29</sat></trkpt>
  <trkpt lat="38.74913439" lon="114.43556108"><ele>199.070</ele><time>2026-08-25T05:58:29Z</time><sat>28</sat></trkpt>
  <trkpt lat="38.74913437" lon="114.43556108"><ele>199.070</ele><time>2026-08-25T05:58:32Z</time><sat>27</sat></trkpt>
  <trkpt lat="38.74913436" lon="114.43556109"><ele>199.067</ele><time>2026-08-25T05:58:35Z</time><sat>29</sat></trkpt>
  <trkpt lat="38.74913434" lon="114.43556111"><ele>199.064</ele><time>2026-08-25T05:58:38Z</time><sat>29</sat></trkpt>
  <trkpt lat="38.74913436" lon="114.43556112"><ele>199.060</ele><time>2026-08-25T05:58:41Z</time><sat>30</sat></trkpt>
  <trkpt lat="38.74913436" lon="114.43556113"><ele>199.056</ele><time>2026-08-25T05:58:44Z</time><sat>33</sat></trkpt>
  <trkpt lat="38.74913435" lon="114.43556114"><ele>199.054</ele><time>2026-08-25T05:58:47Z</time><sat>33</sat></trkpt>
  <trkpt lat="38.74913437" lon="114.43556111"><ele>199.051</ele><time>2026-08-25T05:58:50Z</time><sat>31</sat></trkpt>
  <trkpt lat="38.74913135" lon="114.43556166"><ele>199.076</ele><time>2026-08-25T05:58:53Z</time><sat>33</sat></trkpt>
  <trkpt lat="38.74911527" lon="114.43556350"><ele>198.994</ele><time>2026-08-25T05:58:56Z</time><sat>35</sat></trkpt>
  <trkpt lat="38.74911402" lon="114.43556340"><ele>199.009</ele><time>2026-08-25T05:58:59Z</time><sat>36</sat></trkpt>
  <trkpt lat="38.74911367" lon="114.43556345"><ele>199.015</ele><time>2026-08-25T05:59:02Z</time><sat>36</sat></trkpt>
  <trkpt lat="38.74911344" lon="114.43556349"><ele>199.020</ele><time>2026-08-25T05:59:05Z</time><sat>34</sat></trkpt>
  <trkpt lat="38.74911330" lon="114.43556350"><ele>199.018</ele><time>2026-08-25T05:59:08Z</time><sat>32</sat></trkpt>
  <trkpt lat="38.74911318" lon="114.43556353"><ele>199.025</ele><time>2026-08-25T05:59:11Z</time><sat>33</sat></trkpt>
  <trkpt lat="38.74910833" lon="114.43556394"><ele>199.096</ele><time>2026-08-25T05:59:14Z</time><sat>34</sat></trkpt>
  <trkpt lat="38.74909996" lon="114.43556460"><ele>199.094</ele><time>2026-08-25T05:59:17Z</time><sat>34</sat></trkpt>
  <trkpt lat="38.74908955" lon="114.43556363"><ele>199.007</ele><time>2026-08-25T05:59:20Z</time><sat>34</sat></trkpt>
  <trkpt lat="38.74908926" lon="114.43556346"><ele>199.019</ele><time>2026-08-25T05:59:23Z</time><sat>33</sat></trkpt>
  <trkpt lat="38.74908906" lon="114.43556362"><ele>199.030</ele><time>2026-08-25T05:59:26Z</time><sat>31</sat></trkpt>
  <trkpt lat="38.74908891" lon="114.43556374"><ele>199.039</ele><time>2026-08-25T05:59:29Z</time><sat>29</sat></trkpt>
  <trkpt lat="38.74907571" lon="114.43556588"><ele>198.661</ele><time>2026-08-25T05:59:32Z</time><sat>29</sat></trkpt>
  <trkpt lat="38.74906108" lon="114.43556379"><ele>198.502</ele><time>2026-08-25T05:59:35Z</time><sat>32</sat></trkpt>
  <trkpt lat="38.74905721" lon="114.43555924"><ele>198.707</ele><time>2026-08-25T05:59:38Z</time><sat>31</sat></trkpt>
  <trkpt lat="38.74905730" lon="114.43555917"><ele>198.712</ele><time>2026-08-25T05:59:41Z</time><sat>29</sat></trkpt>
  <trkpt lat="38.74905722" lon="114.43555925"><ele>198.719</ele><time>2026-08-25T05:59:44Z</time><sat>31</sat></trkpt>
  <trkpt lat="38.74905713" lon="114.43555922"><ele>198.720</ele><time>2026-08-25T05:59:47Z</time><sat>32</sat></trkpt>
  <trkpt lat="38.74904974" lon="114.43555716"><ele>199.227</ele><time>2026-08-25T05:59:50Z</time><sat>32</sat></trkpt>
  <trkpt lat="38.74905058" lon="114.43555475"><ele>199.137</ele><time>2026-08-25T05:59:53Z</time><sat>31</sat></trkpt>
  <trkpt lat="38.74904658" lon="114.43554948"><ele>199.092</ele><time>2026-08-25T05:59:56Z</time><sat>32</sat></trkpt>
  <trkpt lat="38.74904640" lon="114.43554924"><ele>199.092</ele><time>2026-08-25T05:59:59Z</time><sat>32</sat></trkpt>
  <trkpt lat="38.74904736" lon="114.43554924"><ele>199.171</ele><time>2026-08-25T06:00:02Z</time><sat>29</sat></trkpt>
  <trkpt lat="38.74904820" lon="114.43555039"><ele>199.301</ele><time>2026-08-25T06:00:05Z</time><sat>29</sat></trkpt>
  <trkpt lat="38.74904790" lon="114.43555037"><ele>199.308</ele><time>2026-08-25T06:00:08Z</time><sat>30</sat></trkpt>
  <trkpt lat="38.74904793" lon="114.43555056"><ele>199.305</ele><time>2026-08-25T06:00:11Z</time><sat>30</sat></trkpt>
  <trkpt lat="38.74904794" lon="114.43555065"><ele>199.316</ele><time>2026-08-25T06:00:14Z</time><sat>32</sat></trkpt>
  <trkpt lat="38.74904791" lon="114.43555073"><ele>199.314</ele><time>2026-08-25T06:00:17Z</time><sat>31</sat></trkpt>
  <trkpt lat="38.74904790" lon="114.43555071"><ele>199.315</ele><time>2026-08-25T06:00:20Z</time><sat>33</sat></trkpt>
  <trkpt lat="38.74904683" lon="114.43554800"><ele>199.164</ele><time>2026-08-25T06:00:23Z</time><sat>34</sat></trkpt>
  <trkpt lat="38.74904370" lon="114.43554511"><ele>199.170</ele><time>2026-08-25T06:00:26Z</time><sat>35</sat></trkpt>
  <trkpt lat="38.74904360" lon="114.43554499"><ele>199.171</ele><time>2026-08-25T06:00:29Z</time><sat>33</sat></trkpt>
  <trkpt lat="38.74904356" lon="114.43554494"><ele>199.175</ele><time>2026-08-25T06:00:32Z</time><sat>31</sat></trkpt>
  <trkpt lat="38.74904351" lon="114.43554484"><ele>199.185</ele><time>2026-08-25T06:00:35Z</time><sat>32</sat></trkpt>
  <trkpt lat="38.74904349" lon="114.43554483"><ele>199.181</ele><time>2026-08-25T06:00:38Z</time><sat>31</sat></trkpt>
  <trkpt lat="38.74904344" lon="114.43554482"><ele>199.181</ele><time>2026-08-25T06:00:41Z</time><sat>32</sat></trkpt>
  <trkpt lat="38.74904338" lon="114.43554476"><ele>199.178</ele><time>2026-08-25T06:00:44Z</time><sat>33</sat></trkpt>
  <trkpt lat="38.74904332" lon="114.43554475"><ele>199.178</ele><time>2026-08-25T06:00:47Z</time><sat>35</sat></trkpt>
  <trkpt lat="38.74904325" lon="114.43554478"><ele>199.178</ele><time>2026-08-25T06:00:50Z</time><sat>35</sat></trkpt>
  <trkpt lat="38.74904317" lon="114.43554481"><ele>199.182</ele><time>2026-08-25T06:00:53Z</time><sat>34</sat></trkpt>
  <trkpt lat="38.74904309" lon="114.43554483"><ele>199.183</ele><time>2026-08-25T06:00:56Z</time><sat>33</sat></trkpt>
  <trkpt lat="38.74904300" lon="114.43554485"><ele>199.180</ele><time>2026-08-25T06:00:59Z</time><sat>32</sat></trkpt>
  <trkpt lat="38.74904608" lon="114.43555418"><ele>199.258</ele><time>2026-08-25T06:01:02Z</time><sat>30</sat></trkpt>
  <trkpt lat="38.74904803" lon="114.43556612"><ele>199.358</ele><time>2026-08-25T06:01:05Z</time><sat>33</sat></trkpt>
  <trkpt lat="38.74904786" lon="114.43556686"><ele>199.262</ele><time>2026-08-25T06:01:08Z</time><sat>35</sat></trkpt>
  <trkpt lat="38.74903808" lon="114.43556136"><ele>199.166</ele><time>2026-08-25T06:01:11Z</time><sat>34</sat></trkpt>
  <trkpt lat="38.74903765" lon="114.43556111"><ele>199.176</ele><time>2026-08-25T06:01:14Z</time><sat>31</sat></trkpt>
  <trkpt lat="38.74902587" lon="114.43555658"><ele>199.002</ele><time>2026-08-25T06:01:17Z</time><sat>31</sat></trkpt>
  <trkpt lat="38.74902536" lon="114.43555621"><ele>199.007</ele><time>2026-08-25T06:01:20Z</time><sat>34</sat></trkpt>
  <trkpt lat="38.74902508" lon="114.43555619"><ele>199.012</ele><time>2026-08-25T06:01:23Z</time><sat>35</sat></trkpt>
  <trkpt lat="38.74902483" lon="114.43555624"><ele>199.008</ele><time>2026-08-25T06:01:26Z</time><sat>33</sat></trkpt>
  <trkpt lat="38.74901598" lon="114.43555753"><ele>199.258</ele><time>2026-08-25T06:01:29Z</time><sat>33</sat></trkpt>
  <trkpt lat="38.74901543" lon="114.43555537"><ele>199.277</ele><time>2026-08-25T06:01:32Z</time><sat>36</sat></trkpt>
  <trkpt lat="38.74904282" lon="114.43554349"><ele>198.332</ele><time>2026-08-25T06:01:35Z</time><sat>37</sat></trkpt>
  <trkpt lat="38.74903997" lon="114.43554542"><ele>198.311</ele><time>2026-08-25T06:01:38Z</time><sat>36</sat></trkpt>
  <trkpt lat="38.74902781" lon="114.43555317"><ele>198.492</ele><time>2026-08-25T06:01:41Z</time><sat>32</sat></trkpt>
  <trkpt lat="38.74901543" lon="114.43556277"><ele>198.427</ele><time>2026-08-25T06:01:44Z</time><sat>35</sat></trkpt>
  <trkpt lat="38.74899993" lon="114.43557153"><ele>198.465</ele><time>2026-08-25T06:01:47Z</time><sat>36</sat></trkpt>
  <trkpt lat="38.74898349" lon="114.43558721"><ele>198.615</ele><time>2026-08-25T06:01:50Z</time><sat>35</sat></trkpt>
  <trkpt lat="38.74897192" lon="114.43559561"><ele>199.055</ele><time>2026-08-25T06:01:53Z</time><sat>36</sat></trkpt>
  <trkpt lat="38.74895538" lon="114.43560802"><ele>199.258</ele><time>2026-08-25T06:01:56Z</time><sat>37</sat></trkpt>
  <trkpt lat="38.74893719" lon="114.43562626"><ele>199.437</ele><time>2026-08-25T06:01:59Z</time><sat>37</sat></trkpt>
  <trkpt lat="38.74891932" lon="114.43564604"><ele>199.335</ele><time>2026-08-25T06:02:02Z</time><sat>34</sat></trkpt>
  <trkpt lat="38.74890559" lon="114.43565765"><ele>199.267</ele><time>2026-08-25T06:02:05Z</time><sat>31</sat></trkpt>
  <trkpt lat="38.74890431" lon="114.43565920"><ele>199.375</ele><time>2026-08-25T06:02:08Z</time><sat>32</sat></trkpt>
  <trkpt lat="38.74890421" lon="114.43565946"><ele>199.372</ele><time>2026-08-25T06:02:11Z</time><sat>31</sat></trkpt>
  <trkpt lat="38.74890143" lon="114.43565138"><ele>199.502</ele><time>2026-08-25T06:02:14Z</time><sat>33</sat></trkpt>
  <trkpt lat="38.74889979" lon="114.43564170"><ele>199.500</ele><time>2026-08-25T06:02:17Z</time><sat>32</sat></trkpt>
  <trkpt lat="38.74885339" lon="114.43559878"><ele>199.097</ele><time>2026-08-25T06:02:20Z</time><sat>34</sat></trkpt>
  <trkpt lat="38.74879189" lon="114.43554397"><ele>199.416</ele><time>2026-08-25T06:02:23Z</time><sat>35</sat></trkpt>
  <trkpt lat="38.74871597" lon="114.43544653"><ele>199.499</ele><time>2026-08-25T06:02:26Z</time><sat>36</sat></trkpt>
  <trkpt lat="38.74865091" lon="114.43538288"><ele>201.107</ele><time>2026-08-25T06:02:29Z</time><sat>23</sat></trkpt>
  <trkpt lat="38.74857694" lon="114.43532819"><ele>202.491</ele><time>2026-08-25T06:02:32Z</time><sat>32</sat></trkpt>
  <trkpt lat="38.74848970" lon="114.43528441"><ele>204.252</ele><time>2026-08-25T06:02:35Z</time><sat>35</sat></trkpt>
  <trkpt lat="38.74839666" lon="114.43522621"><ele>205.610</ele><time>2026-08-25T06:02:38Z</time><sat>35</sat></trkpt>
  <trkpt lat="38.74829403" lon="114.43520050"><ele>207.221</ele><time>2026-08-25T06:02:41Z</time><sat>35</sat></trkpt>
  <trkpt lat="38.74820476" lon="114.43526124"><ele>208.695</ele><time>2026-08-25T06:02:44Z</time><sat>36</sat></trkpt>
  <trkpt lat="38.74811398" lon="114.43535905"><ele>209.678</ele><time>2026-08-25T06:02:47Z</time><sat>36</sat></trkpt>
  <trkpt lat="38.74802149" lon="114.43542724"><ele>211.444</ele><time>2026-08-25T06:02:50Z</time><sat>36</sat></trkpt>
  <trkpt lat="38.74790872" lon="114.43544883"><ele>212.730</ele><time>2026-08-25T06:02:53Z</time><sat>36</sat></trkpt>
  <trkpt lat="38.74778823" lon="114.43542493"><ele>212.890</ele><time>2026-08-25T06:02:56Z</time><sat>36</sat></trkpt>
  <trkpt lat="38.74769986" lon="114.43540994"><ele>213.663</ele><time>2026-08-25T06:02:59Z</time><sat>35</sat></trkpt>
  <trkpt lat="38.74761442" lon="114.43540649"><ele>212.860</ele><time>2026-08-25T06:03:02Z</time><sat>35</sat></trkpt>
  <trkpt lat="38.74751031" lon="114.43540639"><ele>212.399</ele><time>2026-08-25T06:03:05Z</time><sat>32</sat></trkpt>
  <trkpt lat="38.74743306" lon="114.43541126"><ele>212.129</ele><time>2026-08-25T06:03:08Z</time><sat>33</sat></trkpt>
  <trkpt lat="38.74734314" lon="114.43545901"><ele>213.295</ele><time>2026-08-25T06:03:11Z</time><sat>32</sat></trkpt>
  <trkpt lat="38.74730590" lon="114.43554635"><ele>211.878</ele><time>2026-08-25T06:03:14Z</time><sat>32</sat></trkpt>
  <trkpt lat="38.74728279" lon="114.43562741"><ele>212.238</ele><time>2026-08-25T06:03:17Z</time><sat>33</sat></trkpt>
  <trkpt lat="38.74726779" lon="114.43575763"><ele>213.912</ele><time>2026-08-25T06:03:20Z</time><sat>34</sat></trkpt>
  <trkpt lat="38.74728502" lon="114.43588990"><ele>217.214</ele><time>2026-08-25T06:03:23Z</time><sat>35</sat></trkpt>
  <trkpt lat="38.74727851" lon="114.43597517"><ele>219.015</ele><time>2026-08-25T06:03:26Z</time><sat>36</sat></trkpt>
  <trkpt lat="38.74723927" lon="114.43601837"><ele>220.095</ele><time>2026-08-25T06:03:29Z</time><sat>36</sat></trkpt>
  <trkpt lat="38.74715855" lon="114.43597391"><ele>220.322</ele><time>2026-08-25T06:03:32Z</time><sat>36</sat></trkpt>
  <trkpt lat="38.74700171" lon="114.43591400"><ele>222.307</ele><time>2026-08-25T06:03:35Z</time><sat>36</sat></trkpt>
  <trkpt lat="38.74687753" lon="114.43597063"><ele>224.179</ele><time>2026-08-25T06:03:38Z</time><sat>36</sat></trkpt>
  <trkpt lat="38.74676037" lon="114.43609845"><ele>226.063</ele><time>2026-08-25T06:03:41Z</time><sat>36</sat></trkpt>
  <trkpt lat="38.74663657" lon="114.43613521"><ele>227.170</ele><time>2026-08-25T06:03:44Z</time><sat>34</sat></trkpt>
  <trkpt lat="38.74649314" lon="114.43608958"><ele>228.023</ele><time>2026-08-25T06:03:47Z</time><sat>34</sat></trkpt>
  <trkpt lat="38.74633872" lon="114.43598157"><ele>229.365</ele><time>2026-08-25T06:03:50Z</time><sat>34</sat></trkpt>
  <trkpt lat="38.74619061" lon="114.43588531"><ele>229.921</ele><time>2026-08-25T06:03:53Z</time><sat>33</sat></trkpt>
  <trkpt lat="38.74611655" lon="114.43582537"><ele>231.434</ele><time>2026-08-25T06:03:56Z</time><sat>32</sat></trkpt>
  <trkpt lat="38.74607499" lon="114.43572821"><ele>232.251</ele><time>2026-08-25T06:03:59Z</time><sat>32</sat></trkpt>
  <trkpt lat="38.74604016" lon="114.43562543"><ele>232.486</ele><time>2026-08-25T06:04:02Z</time><sat>33</sat></trkpt>
  <trkpt lat="38.74598927" lon="114.43552193"><ele>232.619</ele><time>2026-08-25T06:04:05Z</time><sat>33</sat></trkpt>
  <trkpt lat="38.74588969" lon="114.43542608"><ele>233.154</ele><time>2026-08-25T06:04:08Z</time><sat>31</sat></trkpt>
  <trkpt lat="38.74575576" lon="114.43542158"><ele>233.563</ele><time>2026-08-25T06:04:11Z</time><sat>31</sat></trkpt>
  <trkpt lat="38.74559934" lon="114.43555192"><ele>237.414</ele><time>2026-08-25T06:04:14Z</time><sat>30</sat></trkpt>
  <trkpt lat="38.74545934" lon="114.43565713"><ele>238.739</ele><time>2026-08-25T06:04:17Z</time><sat>29</sat></trkpt>
  <trkpt lat="38.74534764" lon="114.43569991"><ele>240.742</ele><time>2026-08-25T06:04:20Z</time><sat>27</sat></trkpt>
  <trkpt lat="38.74521259" lon="114.43565449"><ele>240.386</ele><time>2026-08-25T06:04:23Z</time><sat>33</sat></trkpt>
  <trkpt lat="38.74513311" lon="114.43563613"><ele>239.837</ele><time>2026-08-25T06:04:26Z</time><sat>34</sat></trkpt>
  <trkpt lat="38.74506420" lon="114.43569382"><ele>240.424</ele><time>2026-08-25T06:04:29Z</time><sat>35</sat></trkpt>
  <trkpt lat="38.74499435" lon="114.43587895"><ele>242.170</ele><time>2026-08-25T06:04:32Z</time><sat>36</sat></trkpt>
  <trkpt lat="38.74492275" lon="114.43606687"><ele>242.656</ele><time>2026-08-25T06:04:35Z</time><sat>35</sat></trkpt>
  <trkpt lat="38.74492237" lon="114.43626430"><ele>242.600</ele><time>2026-08-25T06:04:38Z</time><sat>36</sat></trkpt>
  <trkpt lat="38.74492301" lon="114.43654193"><ele>243.966</ele><time>2026-08-25T06:04:41Z</time><sat>35</sat></trkpt>
  <trkpt lat="38.74486983" lon="114.43677844"><ele>244.329</ele><time>2026-08-25T06:04:44Z</time><sat>36</sat></trkpt>
  <trkpt lat="38.74470339" lon="114.43693845"><ele>246.467</ele><time>2026-08-25T06:04:47Z</time><sat>35</sat></trkpt>
  <trkpt lat="38.74453772" lon="114.43709762"><ele>245.679</ele><time>2026-08-25T06:04:50Z</time><sat>36</sat></trkpt>
  <trkpt lat="38.74444556" lon="114.43732910"><ele>245.012</ele><time>2026-08-25T06:04:53Z</time><sat>36</sat></trkpt>
  <trkpt lat="38.74440213" lon="114.43758862"><ele>243.404</ele><time>2026-08-25T06:04:56Z</time><sat>36</sat></trkpt>
  <trkpt lat="38.74429849" lon="114.43782941"><ele>243.355</ele><time>2026-08-25T06:04:59Z</time><sat>35</sat></trkpt>
  <trkpt lat="38.74413038" lon="114.43805230"><ele>242.226</ele><time>2026-08-25T06:05:02Z</time><sat>34</sat></trkpt>
  <trkpt lat="38.74402802" lon="114.43830334"><ele>242.212</ele><time>2026-08-25T06:05:05Z</time><sat>35</sat></trkpt>
  <trkpt lat="38.74395008" lon="114.43854025"><ele>241.470</ele><time>2026-08-25T06:05:08Z</time><sat>35</sat></trkpt>
  <trkpt lat="38.74390350" lon="114.43879047"><ele>239.866</ele><time>2026-08-25T06:05:11Z</time><sat>35</sat></trkpt>
  <trkpt lat="38.74387304" lon="114.43909365"><ele>239.062</ele><time>2026-08-25T06:05:14Z</time><sat>36</sat></trkpt>
  <trkpt lat="38.74382049" lon="114.43933497"><ele>238.956</ele><time>2026-08-25T06:05:17Z</time><sat>36</sat></trkpt>
  <trkpt lat="38.74366643" lon="114.43952426"><ele>239.976</ele><time>2026-08-25T06:05:20Z</time><sat>35</sat></trkpt>
  <trkpt lat="38.74344183" lon="114.43974069"><ele>241.498</ele><time>2026-08-25T06:05:23Z</time><sat>33</sat></trkpt>
  <trkpt lat="38.74328048" lon="114.43992740"><ele>242.380</ele><time>2026-08-25T06:05:26Z</time><sat>31</sat></trkpt>
  <trkpt lat="38.74320886" lon="114.44012343"><ele>240.912</ele><time>2026-08-25T06:05:29Z</time><sat>30</sat></trkpt>
  <trkpt lat="38.74324908" lon="114.44036879"><ele>240.593</ele><time>2026-08-25T06:05:32Z</time><sat>34</sat></trkpt>
  <trkpt lat="38.74331276" lon="114.44066554"><ele>242.417</ele><time>2026-08-25T06:05:35Z</time><sat>34</sat></trkpt>
  <trkpt lat="38.74326049" lon="114.44093602"><ele>241.849</ele><time>2026-08-25T06:05:38Z</time><sat>36</sat></trkpt>
  <trkpt lat="38.74316334" lon="114.44127536"><ele>242.947</ele><time>2026-08-25T06:05:41Z</time><sat>37</sat></trkpt>
  <trkpt lat="38.74307131" lon="114.44158225"><ele>244.542</ele><time>2026-08-25T06:05:44Z</time><sat>36</sat></trkpt>
  <trkpt lat="38.74300267" lon="114.44187342"><ele>243.421</ele><time>2026-08-25T06:05:47Z</time><sat>36</sat></trkpt>
  <trkpt lat="38.74290797" lon="114.44209483"><ele>241.642</ele><time>2026-08-25T06:05:50Z</time><sat>36</sat></trkpt>
  <trkpt lat="38.74278009" lon="114.44235488"><ele>237.203</ele><time>2026-08-25T06:05:53Z</time><sat>36</sat></trkpt>
  <trkpt lat="38.74263085" lon="114.44263525"><ele>232.978</ele><time>2026-08-25T06:05:56Z</time><sat>36</sat></trkpt>
  <trkpt lat="38.74250286" lon="114.44286039"><ele>230.752</ele><time>2026-08-25T06:05:59Z</time><sat>32</sat></trkpt>
  <trkpt lat="38.74245751" lon="114.44311937"><ele>227.823</ele><time>2026-08-25T06:06:02Z</time><sat>33</sat></trkpt>
  <trkpt lat="38.74241999" lon="114.44334600"><ele>228.267</ele><time>2026-08-25T06:06:05Z</time><sat>34</sat></trkpt>
  <trkpt lat="38.74231432" lon="114.44347840"><ele>227.925</ele><time>2026-08-25T06:06:08Z</time><sat>35</sat></trkpt>
  <trkpt lat="38.74217835" lon="114.44366815"><ele>227.399</ele><time>2026-08-25T06:06:11Z</time><sat>35</sat></trkpt>
  <trkpt lat="38.74201917" lon="114.44389096"><ele>223.920</ele><time>2026-08-25T06:06:14Z</time><sat>34</sat></trkpt>
  <trkpt lat="38.74183339" lon="114.44410695"><ele>223.430</ele><time>2026-08-25T06:06:17Z</time><sat>34</sat></trkpt>
  <trkpt lat="38.74169608" lon="114.44428037"><ele>222.842</ele><time>2026-08-25T06:06:20Z</time><sat>36</sat></trkpt>
  <trkpt lat="38.74155967" lon="114.44449871"><ele>221.763</ele><time>2026-08-25T06:06:23Z</time><sat>33</sat></trkpt>
  <trkpt lat="38.74138998" lon="114.44467994"><ele>220.662</ele><time>2026-08-25T06:06:26Z</time><sat>33</sat></trkpt>
  <trkpt lat="38.74118387" lon="114.44484874"><ele>218.795</ele><time>2026-08-25T06:06:29Z</time><sat>33</sat></trkpt>
  <trkpt lat="38.74095575" lon="114.44502458"><ele>218.218</ele><time>2026-08-25T06:06:32Z</time><sat>34</sat></trkpt>
  <trkpt lat="38.74074039" lon="114.44518922"><ele>216.898</ele><time>2026-08-25T06:06:35Z</time><sat>31</sat></trkpt>
  <trkpt lat="38.74052730" lon="114.44528731"><ele>214.786</ele><time>2026-08-25T06:06:38Z</time><sat>30</sat></trkpt>
  <trkpt lat="38.74033838" lon="114.44539943"><ele>212.050</ele><time>2026-08-25T06:06:41Z</time><sat>31</sat></trkpt>
  <trkpt lat="38.74013274" lon="114.44551955"><ele>209.904</ele><time>2026-08-25T06:06:44Z</time><sat>31</sat></trkpt>
  <trkpt lat="38.73996137" lon="114.44555989"><ele>208.745</ele><time>2026-08-25T06:06:47Z</time><sat>30</sat></trkpt>
  <trkpt lat="38.73981721" lon="114.44558290"><ele>207.906</ele><time>2026-08-25T06:06:50Z</time><sat>29</sat></trkpt>
  <trkpt lat="38.73974446" lon="114.44565126"><ele>208.971</ele><time>2026-08-25T06:06:53Z</time><sat>31</sat></trkpt>
  <trkpt lat="38.73969118" lon="114.44563563"><ele>209.138</ele><time>2026-08-25T06:06:56Z</time><sat>33</sat></trkpt>
  <trkpt lat="38.73957011" lon="114.44557560"><ele>209.496</ele><time>2026-08-25T06:06:59Z</time><sat>32</sat></trkpt>
  <trkpt lat="38.73945929" lon="114.44550531"><ele>211.086</ele><time>2026-08-25T06:07:02Z</time><sat>32</sat></trkpt>
  <trkpt lat="38.73942703" lon="114.44537408"><ele>209.693</ele><time>2026-08-25T06:07:05Z</time><sat>34</sat></trkpt>
  <trkpt lat="38.73943032" lon="114.44521737"><ele>208.570</ele><time>2026-08-25T06:07:08Z</time><sat>35</sat></trkpt>
  <trkpt lat="38.73941905" lon="114.44514159"><ele>209.874</ele><time>2026-08-25T06:07:11Z</time><sat>36</sat></trkpt>
  <trkpt lat="38.73941795" lon="114.44513060"><ele>210.143</ele><time>2026-08-25T06:07:14Z</time><sat>36</sat></trkpt>
  <trkpt lat="38.73942655" lon="114.44517002"><ele>210.656</ele><time>2026-08-25T06:07:17Z</time><sat>35</sat></trkpt>
  <trkpt lat="38.73945584" lon="114.44521345"><ele>210.804</ele><time>2026-08-25T06:07:20Z</time><sat>35</sat></trkpt>
  <trkpt lat="38.73946393" lon="114.44522409"><ele>211.131</ele><time>2026-08-25T06:07:23Z</time><sat>36</sat></trkpt>
  <trkpt lat="38.73945026" lon="114.44522979"><ele>211.588</ele><time>2026-08-25T06:07:26Z</time><sat>35</sat></trkpt>
  <trkpt lat="38.73944335" lon="114.44527402"><ele>212.213</ele><time>2026-08-25T06:07:29Z</time><sat>33</sat></trkpt>
  <trkpt lat="38.73944499" lon="114.44531134"><ele>212.091</ele><time>2026-08-25T06:07:32Z</time><sat>36</sat></trkpt>
  <trkpt lat="38.73944315" lon="114.44531028"><ele>212.459</ele><time>2026-08-25T06:07:35Z</time><sat>36</sat></trkpt>
  <trkpt lat="38.73944481" lon="114.44531969"><ele>212.231</ele><time>2026-08-25T06:07:38Z</time><sat>34</sat></trkpt>
  <trkpt lat="38.73944272" lon="114.44532119"><ele>212.177</ele><time>2026-08-25T06:07:41Z</time><sat>30</sat></trkpt>
  <trkpt lat="38.73944274" lon="114.44532037"><ele>212.138</ele><time>2026-08-25T06:07:44Z</time><sat>26</sat></trkpt>
  <trkpt lat="38.73943616" lon="114.44535029"><ele>212.194</ele><time>2026-08-25T06:07:47Z</time><sat>26</sat></trkpt>
  <trkpt lat="38.73939670" lon="114.44541901"><ele>211.067</ele><time>2026-08-25T06:07:50Z</time><sat>33</sat></trkpt>
  <trkpt lat="38.73934718" lon="114.44550940"><ele>211.268</ele><time>2026-08-25T06:07:53Z</time><sat>36</sat></trkpt>
  <trkpt lat="38.73929058" lon="114.44558094"><ele>211.864</ele><time>2026-08-25T06:07:56Z</time><sat>35</sat></trkpt>
  <trkpt lat="38.73921937" lon="114.44558848"><ele>211.467</ele><time>2026-08-25T06:07:59Z</time><sat>33</sat></trkpt>
  <trkpt lat="38.73909220" lon="114.44551878"><ele>211.021</ele><time>2026-08-25T06:08:02Z</time><sat>33</sat></trkpt>
  <trkpt lat="38.73897927" lon="114.44544741"><ele>210.597</ele><time>2026-08-25T06:08:05Z</time><sat>31</sat></trkpt>
  <trkpt lat="38.73887551" lon="114.44538971"><ele>211.006</ele><time>2026-08-25T06:08:08Z</time><sat>32</sat></trkpt>
  <trkpt lat="38.73878122" lon="114.44533744"><ele>211.660</ele><time>2026-08-25T06:08:11Z</time><sat>33</sat></trkpt>
  <trkpt lat="38.73871070" lon="114.44531052"><ele>211.333</ele><time>2026-08-25T06:08:14Z</time><sat>34</sat></trkpt>
  <trkpt lat="38.73867730" lon="114.44535816"><ele>210.200</ele><time>2026-08-25T06:08:17Z</time><sat>35</sat></trkpt>
  <trkpt lat="38.73864762" lon="114.44543765"><ele>209.071</ele><time>2026-08-25T06:08:20Z</time><sat>36</sat></trkpt>
  <trkpt lat="38.73862526" lon="114.44549913"><ele>208.595</ele><time>2026-08-25T06:08:23Z</time><sat>36</sat></trkpt>
  <trkpt lat="38.73859670" lon="114.44552279"><ele>208.378</ele><time>2026-08-25T06:08:26Z</time><sat>34</sat></trkpt>
  <trkpt lat="38.73852539" lon="114.44550629"><ele>207.860</ele><time>2026-08-25T06:08:29Z</time><sat>34</sat></trkpt>
  <trkpt lat="38.73837617" lon="114.44546352"><ele>208.324</ele><time>2026-08-25T06:08:32Z</time><sat>34</sat></trkpt>
  <trkpt lat="38.73824030" lon="114.44548665"><ele>209.157</ele><time>2026-08-25T06:08:35Z</time><sat>31</sat></trkpt>
  <trkpt lat="38.73814030" lon="114.44556144"><ele>208.186</ele><time>2026-08-25T06:08:38Z</time><sat>34</sat></trkpt>
  <trkpt lat="38.73808258" lon="114.44566518"><ele>207.737</ele><time>2026-08-25T06:08:41Z</time><sat>35</sat></trkpt>
  <trkpt lat="38.73799927" lon="114.44577295"><ele>208.494</ele><time>2026-08-25T06:08:44Z</time><sat>33</sat></trkpt>
  <trkpt lat="38.73789370" lon="114.44586407"><ele>208.928</ele><time>2026-08-25T06:08:47Z</time><sat>33</sat></trkpt>
  <trkpt lat="38.73781628" lon="114.44589006"><ele>209.247</ele><time>2026-08-25T06:08:50Z</time><sat>33</sat></trkpt>
  <trkpt lat="38.73776885" lon="114.44587082"><ele>209.738</ele><time>2026-08-25T06:08:53Z</time><sat>33</sat></trkpt>
  <trkpt lat="38.73774169" lon="114.44586240"><ele>209.721</ele><time>2026-08-25T06:08:56Z</time><sat>33</sat></trkpt>
  <trkpt lat="38.73770150" lon="114.44588301"><ele>209.384</ele><time>2026-08-25T06:08:59Z</time><sat>36</sat></trkpt>
  <trkpt lat="38.73769060" lon="114.44589401"><ele>209.984</ele><time>2026-08-25T06:09:02Z</time><sat>37</sat></trkpt>
  <trkpt lat="38.73769006" lon="114.44589665"><ele>210.463</ele><time>2026-08-25T06:09:05Z</time><sat>34</sat></trkpt>
  <trkpt lat="38.73769014" lon="114.44589677"><ele>210.653</ele><time>2026-08-25T06:09:08Z</time><sat>31</sat></trkpt>
  <trkpt lat="38.73769110" lon="114.44589613"><ele>210.795</ele><time>2026-08-25T06:09:11Z</time><sat>31</sat></trkpt>
  <trkpt lat="38.73769234" lon="114.44589660"><ele>210.771</ele><time>2026-08-25T06:09:14Z</time><sat>31</sat></trkpt>
  <trkpt lat="38.73769287" lon="114.44589687"><ele>210.732</ele><time>2026-08-25T06:09:17Z</time><sat>34</sat></trkpt>
  <trkpt lat="38.73769287" lon="114.44589698"><ele>210.753</ele><time>2026-08-25T06:09:20Z</time><sat>34</sat></trkpt>
  <trkpt lat="38.73769432" lon="114.44589562"><ele>210.674</ele><time>2026-08-25T06:09:23Z</time><sat>34</sat></trkpt>
  <trkpt lat="38.73769725" lon="114.44588154"><ele>210.718</ele><time>2026-08-25T06:09:26Z</time><sat>37</sat></trkpt>
  <trkpt lat="38.73770488" lon="114.44586986"><ele>210.574</ele><time>2026-08-25T06:09:29Z</time><sat>37</sat></trkpt>
  <trkpt lat="38.73770426" lon="114.44586570"><ele>210.339</ele><time>2026-08-25T06:09:32Z</time><sat>37</sat></trkpt>
  <trkpt lat="38.73767873" lon="114.44584673"><ele>210.093</ele><time>2026-08-25T06:09:35Z</time><sat>36</sat></trkpt>
  <trkpt lat="38.73765058" lon="114.44582126"><ele>210.626</ele><time>2026-08-25T06:09:38Z</time><sat>36</sat></trkpt>
  <trkpt lat="38.73763300" lon="114.44578757"><ele>211.007</ele><time>2026-08-25T06:09:41Z</time><sat>36</sat></trkpt>
  <trkpt lat="38.73761917" lon="114.44575147"><ele>211.803</ele><time>2026-08-25T06:09:44Z</time><sat>35</sat></trkpt>
  <trkpt lat="38.73759613" lon="114.44572110"><ele>210.762</ele><time>2026-08-25T06:09:47Z</time><sat>36</sat></trkpt>
  <trkpt lat="38.73757436" lon="114.44568284"><ele>210.061</ele><time>2026-08-25T06:09:50Z</time><sat>36</sat></trkpt>
  <trkpt lat="38.73756483" lon="114.44564071"><ele>208.904</ele><time>2026-08-25T06:09:53Z</time><sat>36</sat></trkpt>
  <trkpt lat="38.73756006" lon="114.44560050"><ele>208.302</ele><time>2026-08-25T06:09:56Z</time><sat>36</sat></trkpt>
  <trkpt lat="38.73755597" lon="114.44556343"><ele>207.985</ele><time>2026-08-25T06:09:59Z</time><sat>36</sat></trkpt>
  <trkpt lat="38.73755285" lon="114.44552004"><ele>207.311</ele><time>2026-08-25T06:10:02Z</time><sat>33</sat></trkpt>
  <trkpt lat="38.73754941" lon="114.44546848"><ele>207.542</ele><time>2026-08-25T06:10:05Z</time><sat>33</sat></trkpt>
  <trkpt lat="38.73755508" lon="114.44542344"><ele>207.633</ele><time>2026-08-25T06:10:08Z</time><sat>34</sat></trkpt>
  <trkpt lat="38.73758032" lon="114.44541012"><ele>207.043</ele><time>2026-08-25T06:10:11Z</time><sat>34</sat></trkpt>
  <trkpt lat="38.73761103" lon="114.44541518"><ele>206.310</ele><time>2026-08-25T06:10:14Z</time><sat>34</sat></trkpt>
  <trkpt lat="38.73761069" lon="114.44536124"><ele>208.062</ele><time>2026-08-25T06:10:17Z</time><sat>36</sat></trkpt>
  <trkpt lat="38.73759332" lon="114.44537081"><ele>207.289</ele><time>2026-08-25T06:10:20Z</time><sat>36</sat></trkpt>
  <trkpt lat="38.73759279" lon="114.44537108"><ele>207.286</ele><time>2026-08-25T06:10:23Z</time><sat>33</sat></trkpt>
  <trkpt lat="38.73759269" lon="114.44537111"><ele>207.276</ele><time>2026-08-25T06:10:26Z</time><sat>29</sat></trkpt>
  <trkpt lat="38.73759260" lon="114.44537106"><ele>207.264</ele><time>2026-08-25T06:10:29Z</time><sat>31</sat></trkpt>
  <trkpt lat="38.73759256" lon="114.44537110"><ele>207.261</ele><time>2026-08-25T06:10:32Z</time><sat>34</sat></trkpt>
  <trkpt lat="38.73759269" lon="114.44537253"><ele>207.945</ele><time>2026-08-25T06:10:35Z</time><sat>33</sat></trkpt>
  <trkpt lat="38.73756513" lon="114.44540609"><ele>207.736</ele><time>2026-08-25T06:10:38Z</time><sat>32</sat></trkpt>
  <trkpt lat="38.73756479" lon="114.44535341"><ele>208.358</ele><time>2026-08-25T06:10:41Z</time><sat>36</sat></trkpt>
  <trkpt lat="38.73755399" lon="114.44534808"><ele>209.405</ele><time>2026-08-25T06:10:44Z</time><sat>36</sat></trkpt>
  <trkpt lat="38.73756946" lon="114.44533747"><ele>208.781</ele><time>2026-08-25T06:10:47Z</time><sat>36</sat></trkpt>
  <trkpt lat="38.73759739" lon="114.44535924"><ele>209.263</ele><time>2026-08-25T06:10:50Z</time><sat>36</sat></trkpt>
  <trkpt lat="38.73758740" lon="114.44538011"><ele>206.374</ele><time>2026-08-25T06:10:53Z</time><sat>36</sat></trkpt>
  <trkpt lat="38.73755885" lon="114.44536736"><ele>206.827</ele><time>2026-08-25T06:10:56Z</time><sat>34</sat></trkpt>
  <trkpt lat="38.73753599" lon="114.44539589"><ele>205.894</ele><time>2026-08-25T06:10:59Z</time><sat>32</sat></trkpt>
  <trkpt lat="38.73754199" lon="114.44542625"><ele>204.924</ele><time>2026-08-25T06:11:02Z</time><sat>36</sat></trkpt>
  <trkpt lat="38.73754989" lon="114.44542821"><ele>205.242</ele><time>2026-08-25T06:11:05Z</time><sat>36</sat></trkpt>
  <trkpt lat="38.73755535" lon="114.44540457"><ele>207.130</ele><time>2026-08-25T06:11:08Z</time><sat>34</sat></trkpt>
  <trkpt lat="38.73755051" lon="114.44537900"><ele>207.356</ele><time>2026-08-25T06:11:13Z</time><sat>36</sat></trkpt>
  <trkpt lat="38.73753891" lon="114.44538111"><ele>206.867</ele><time>2026-08-25T06:11:16Z</time><sat>35</sat></trkpt>
  <trkpt lat="38.73753512" lon="114.44538381"><ele>205.562</ele><time>2026-08-25T06:11:19Z</time><sat>37</sat></trkpt>
  <trkpt lat="38.73753676" lon="114.44541193"><ele>205.160</ele><time>2026-08-25T06:11:22Z</time><sat>35</sat></trkpt>
  <trkpt lat="38.73754963" lon="114.44541613"><ele>205.809</ele><time>2026-08-25T06:11:25Z</time><sat>34</sat></trkpt>
  <trkpt lat="38.73756964" lon="114.44542530"><ele>206.252</ele><time>2026-08-25T06:11:28Z</time><sat>36</sat></trkpt>
  <trkpt lat="38.73758455" lon="114.44543370"><ele>206.294</ele><time>2026-08-25T06:11:31Z</time><sat>37</sat></trkpt>
  <trkpt lat="38.73758421" lon="114.44543035"><ele>206.344</ele><time>2026-08-25T06:11:34Z</time><sat>37</sat></trkpt>
  <trkpt lat="38.73758025" lon="114.44542261"><ele>206.629</ele><time>2026-08-25T06:11:37Z</time><sat>37</sat></trkpt>
  <trkpt lat="38.73757461" lon="114.44542154"><ele>206.422</ele><time>2026-08-25T06:11:40Z</time><sat>36</sat></trkpt>
  <trkpt lat="38.73757701" lon="114.44543478"><ele>206.558</ele><time>2026-08-25T06:11:43Z</time><sat>35</sat></trkpt>
  <trkpt lat="38.73757700" lon="114.44543360"><ele>206.388</ele><time>2026-08-25T06:11:46Z</time><sat>36</sat></trkpt>
  <trkpt lat="38.73755902" lon="114.44544264"><ele>206.137</ele><time>2026-08-25T06:11:49Z</time><sat>35</sat></trkpt>
  <trkpt lat="38.73756862" lon="114.44544185"><ele>205.889</ele><time>2026-08-25T06:11:52Z</time><sat>38</sat></trkpt>
  <trkpt lat="38.73758543" lon="114.44543067"><ele>205.605</ele><time>2026-08-25T06:11:55Z</time><sat>38</sat></trkpt>
  <trkpt lat="38.73758555" lon="114.44542943"><ele>205.605</ele><time>2026-08-25T06:11:58Z</time><sat>38</sat></trkpt>
  <trkpt lat="38.73758594" lon="114.44542803"><ele>205.413</ele><time>2026-08-25T06:12:01Z</time><sat>35</sat></trkpt>
  <trkpt lat="38.73758609" lon="114.44542155"><ele>205.006</ele><time>2026-08-25T06:12:04Z</time><sat>33</sat></trkpt>
  <trkpt lat="38.73756824" lon="114.44539973"><ele>204.243</ele><time>2026-08-25T06:12:07Z</time><sat>35</sat></trkpt>
  <trkpt lat="38.73754151" lon="114.44540817"><ele>205.409</ele><time>2026-08-25T06:12:10Z</time><sat>37</sat></trkpt>
  <trkpt lat="38.73752726" lon="114.44541538"><ele>204.918</ele><time>2026-08-25T06:12:13Z</time><sat>37</sat></trkpt>
  <trkpt lat="38.73755055" lon="114.44540507"><ele>205.217</ele><time>2026-08-25T06:12:16Z</time><sat>37</sat></trkpt>
  <trkpt lat="38.73754964" lon="114.44537424"><ele>205.283</ele><time>2026-08-25T06:12:19Z</time><sat>34</sat></trkpt>
  <trkpt lat="38.73753263" lon="114.44535675"><ele>205.710</ele><time>2026-08-25T06:12:22Z</time><sat>36</sat></trkpt>
  <trkpt lat="38.73753400" lon="114.44535899"><ele>205.644</ele><time>2026-08-25T06:12:25Z</time><sat>36</sat></trkpt>
  <trkpt lat="38.73753570" lon="114.44535496"><ele>207.311</ele><time>2026-08-25T06:12:28Z</time><sat>34</sat></trkpt>
  <trkpt lat="38.73753536" lon="114.44535481"><ele>207.220</ele><time>2026-08-25T06:12:31Z</time><sat>31</sat></trkpt>
  <trkpt lat="38.73753534" lon="114.44535484"><ele>207.223</ele><time>2026-08-25T06:12:34Z</time><sat>30</sat></trkpt>
  <trkpt lat="38.73753538" lon="114.44535493"><ele>207.229</ele><time>2026-08-25T06:12:37Z</time><sat>29</sat></trkpt>
  <trkpt lat="38.73752549" lon="114.44534323"><ele>207.627</ele><time>2026-08-25T06:12:40Z</time><sat>29</sat></trkpt>
  <trkpt lat="38.73752449" lon="114.44534179"><ele>207.626</ele><time>2026-08-25T06:12:43Z</time><sat>30</sat></trkpt>
  <trkpt lat="38.73752460" lon="114.44534184"><ele>207.620</ele><time>2026-08-25T06:12:46Z</time><sat>31</sat></trkpt>
  <trkpt lat="38.73752480" lon="114.44534207"><ele>207.610</ele><time>2026-08-25T06:12:49Z</time><sat>29</sat></trkpt>
  <trkpt lat="38.73752492" lon="114.44534227"><ele>207.604</ele><time>2026-08-25T06:12:52Z</time><sat>29</sat></trkpt>
  <trkpt lat="38.73752497" lon="114.44534229"><ele>207.596</ele><time>2026-08-25T06:12:55Z</time><sat>28</sat></trkpt>
  <trkpt lat="38.73752506" lon="114.44534237"><ele>207.589</ele><time>2026-08-25T06:12:58Z</time><sat>29</sat></trkpt>
  <trkpt lat="38.73752513" lon="114.44534241"><ele>207.579</ele><time>2026-08-25T06:13:01Z</time><sat>28</sat></trkpt>
  <trkpt lat="38.73752519" lon="114.44534247"><ele>207.575</ele><time>2026-08-25T06:13:04Z</time><sat>29</sat></trkpt>
  <trkpt lat="38.73752527" lon="114.44534256"><ele>207.567</ele><time>2026-08-25T06:13:07Z</time><sat>28</sat></trkpt>
  <trkpt lat="38.73752530" lon="114.44534265"><ele>207.557</ele><time>2026-08-25T06:13:10Z</time><sat>31</sat></trkpt>
  <trkpt lat="38.73752547" lon="114.44534281"><ele>207.563</ele><time>2026-08-25T06:13:13Z</time><sat>28</sat></trkpt>
  <trkpt lat="38.73752552" lon="114.44534292"><ele>207.551</ele><time>2026-08-25T06:13:16Z</time><sat>29</sat></trkpt>
  <trkpt lat="38.73752555" lon="114.44534297"><ele>207.544</ele><time>2026-08-25T06:13:19Z</time><sat>29</sat></trkpt>
  <trkpt lat="38.73752558" lon="114.44534303"><ele>207.537</ele><time>2026-08-25T06:13:22Z</time><sat>22</sat></trkpt>
  <trkpt lat="38.73752578" lon="114.44534331"><ele>207.529</ele><time>2026-08-25T06:13:25Z</time><sat>23</sat></trkpt>
  <trkpt lat="38.73752582" lon="114.44534347"><ele>207.530</ele><time>2026-08-25T06:13:28Z</time><sat>26</sat></trkpt>
  <trkpt lat="38.73752594" lon="114.44534371"><ele>207.533</ele><time>2026-08-25T06:13:31Z</time><sat>30</sat></trkpt>
  <trkpt lat="38.73752603" lon="114.44534386"><ele>207.530</ele><time>2026-08-25T06:13:34Z</time><sat>32</sat></trkpt>
  <trkpt lat="38.73752617" lon="114.44534404"><ele>207.524</ele><time>2026-08-25T06:13:37Z</time><sat>32</sat></trkpt>
  <trkpt lat="38.73752627" lon="114.44534419"><ele>207.527</ele><time>2026-08-25T06:13:40Z</time><sat>29</sat></trkpt>
  <trkpt lat="38.73752646" lon="114.44534442"><ele>207.536</ele><time>2026-08-25T06:13:43Z</time><sat>31</sat></trkpt>
  <trkpt lat="38.73752665" lon="114.44534469"><ele>207.545</ele><time>2026-08-25T06:13:46Z</time><sat>32</sat></trkpt>
  <trkpt lat="38.73752676" lon="114.44534485"><ele>207.539</ele><time>2026-08-25T06:13:49Z</time><sat>32</sat></trkpt>
  <trkpt lat="38.73752685" lon="114.44534502"><ele>207.536</ele><time>2026-08-25T06:13:52Z</time><sat>33</sat></trkpt>
  <trkpt lat="38.73752697" lon="114.44534527"><ele>207.534</ele><time>2026-08-25T06:13:55Z</time><sat>31</sat></trkpt>
  <trkpt lat="38.73751906" lon="114.44534199"><ele>207.301</ele><time>2026-08-25T06:13:58Z</time><sat>31</sat></trkpt>
  <trkpt lat="38.73751444" lon="114.44534108"><ele>207.099</ele><time>2026-08-25T06:14:01Z</time><sat>31</sat></trkpt>
  <trkpt lat="38.73751474" lon="114.44534548"><ele>206.672</ele><time>2026-08-25T06:14:04Z</time><sat>28</sat></trkpt>
  <trkpt lat="38.73751478" lon="114.44534563"><ele>206.670</ele><time>2026-08-25T06:14:07Z</time><sat>28</sat></trkpt>
  <trkpt lat="38.73751481" lon="114.44534578"><ele>206.661</ele><time>2026-08-25T06:14:10Z</time><sat>25</sat></trkpt>
  <trkpt lat="38.73751496" lon="114.44534605"><ele>206.662</ele><time>2026-08-25T06:14:13Z</time><sat>25</sat></trkpt>
  <trkpt lat="38.73751737" lon="114.44534606"><ele>206.278</ele><time>2026-08-25T06:14:16Z</time><sat>26</sat></trkpt>
  <trkpt lat="38.73751278" lon="114.44531863"><ele>206.063</ele><time>2026-08-25T06:14:19Z</time><sat>31</sat></trkpt>
  <trkpt lat="38.73749528" lon="114.44528990"><ele>205.555</ele><time>2026-08-25T06:14:22Z</time><sat>36</sat></trkpt>
  <trkpt lat="38.73747803" lon="114.44526147"><ele>205.615</ele><time>2026-08-25T06:14:25Z</time><sat>36</sat></trkpt>
  <trkpt lat="38.73746215" lon="114.44524031"><ele>205.469</ele><time>2026-08-25T06:14:28Z</time><sat>35</sat></trkpt>
  <trkpt lat="38.73743935" lon="114.44521451"><ele>206.274</ele><time>2026-08-25T06:14:31Z</time><sat>37</sat></trkpt>
  <trkpt lat="38.73741814" lon="114.44518603"><ele>206.228</ele><time>2026-08-25T06:14:34Z</time><sat>37</sat></trkpt>
  <trkpt lat="38.73739966" lon="114.44515986"><ele>206.454</ele><time>2026-08-25T06:14:37Z</time><sat>36</sat></trkpt>
  <trkpt lat="38.73737832" lon="114.44513025"><ele>205.533</ele><time>2026-08-25T06:14:40Z</time><sat>37</sat></trkpt>
  <trkpt lat="38.73735973" lon="114.44510296"><ele>204.533</ele><time>2026-08-25T06:14:43Z</time><sat>36</sat></trkpt>
  <trkpt lat="38.73734022" lon="114.44507240"><ele>204.185</ele><time>2026-08-25T06:14:46Z</time><sat>36</sat></trkpt>
  <trkpt lat="38.73732581" lon="114.44504128"><ele>203.155</ele><time>2026-08-25T06:14:49Z</time><sat>35</sat></trkpt>
  <trkpt lat="38.73731526" lon="114.44501230"><ele>202.355</ele><time>2026-08-25T06:14:52Z</time><sat>35</sat></trkpt>
  <trkpt lat="38.73729539" lon="114.44498745"><ele>202.128</ele><time>2026-08-25T06:14:55Z</time><sat>33</sat></trkpt>
  <trkpt lat="38.73727098" lon="114.44496789"><ele>201.765</ele><time>2026-08-25T06:14:58Z</time><sat>35</sat></trkpt>
  <trkpt lat="38.73723572" lon="114.44495675"><ele>201.525</ele><time>2026-08-25T06:15:01Z</time><sat>36</sat></trkpt>
  <trkpt lat="38.73720460" lon="114.44494111"><ele>200.967</ele><time>2026-08-25T06:15:04Z</time><sat>37</sat></trkpt>
  <trkpt lat="38.73717193" lon="114.44493702"><ele>201.154</ele><time>2026-08-25T06:15:07Z</time><sat>37</sat></trkpt>
  <trkpt lat="38.73714385" lon="114.44495237"><ele>199.430</ele><time>2026-08-25T06:15:10Z</time><sat>37</sat></trkpt>
  <trkpt lat="38.73711370" lon="114.44494856"><ele>198.606</ele><time>2026-08-25T06:15:13Z</time><sat>37</sat></trkpt>
  <trkpt lat="38.73707846" lon="114.44493036"><ele>198.238</ele><time>2026-08-25T06:15:16Z</time><sat>37</sat></trkpt>
  <trkpt lat="38.73705087" lon="114.44492722"><ele>197.843</ele><time>2026-08-25T06:15:19Z</time><sat>38</sat></trkpt>
  <trkpt lat="38.73702850" lon="114.44490352"><ele>197.092</ele><time>2026-08-25T06:15:22Z</time><sat>38</sat></trkpt>
  <trkpt lat="38.73700370" lon="114.44489911"><ele>196.634</ele><time>2026-08-25T06:15:25Z</time><sat>38</sat></trkpt>
  <trkpt lat="38.73698546" lon="114.44492596"><ele>196.875</ele><time>2026-08-25T06:15:28Z</time><sat>38</sat></trkpt>
  <trkpt lat="38.73696425" lon="114.44493792"><ele>196.139</ele><time>2026-08-25T06:15:31Z</time><sat>38</sat></trkpt>
  <trkpt lat="38.73693776" lon="114.44496526"><ele>195.850</ele><time>2026-08-25T06:15:34Z</time><sat>38</sat></trkpt>
  <trkpt lat="38.73692824" lon="114.44498828"><ele>195.452</ele><time>2026-08-25T06:15:37Z</time><sat>38</sat></trkpt>
  <trkpt lat="38.73690463" lon="114.44501288"><ele>195.182</ele><time>2026-08-25T06:15:40Z</time><sat>38</sat></trkpt>
  <trkpt lat="38.73689803" lon="114.44502807"><ele>194.591</ele><time>2026-08-25T06:15:43Z</time><sat>38</sat></trkpt>
  <trkpt lat="38.73689890" lon="114.44504601"><ele>195.009</ele><time>2026-08-25T06:15:46Z</time><sat>38</sat></trkpt>
  <trkpt lat="38.73689358" lon="114.44508097"><ele>194.811</ele><time>2026-08-25T06:15:49Z</time><sat>38</sat></trkpt>
  <trkpt lat="38.73685910" lon="114.44510100"><ele>193.690</ele><time>2026-08-25T06:15:52Z</time><sat>38</sat></trkpt>
  <trkpt lat="38.73685659" lon="114.44509761"><ele>193.666</ele><time>2026-08-25T06:15:55Z</time><sat>38</sat></trkpt>
  <trkpt lat="38.73686171" lon="114.44509581"><ele>193.409</ele><time>2026-08-25T06:15:58Z</time><sat>38</sat></trkpt>
  <trkpt lat="38.73685052" lon="114.44506591"><ele>193.127</ele><time>2026-08-25T06:16:01Z</time><sat>38</sat></trkpt>
  <trkpt lat="38.73685905" lon="114.44502409"><ele>192.778</ele><time>2026-08-25T06:16:04Z</time><sat>38</sat></trkpt>
  <trkpt lat="38.73686311" lon="114.44502570"><ele>192.502</ele><time>2026-08-25T06:16:07Z</time><sat>38</sat></trkpt>
  <trkpt lat="38.73686293" lon="114.44502548"><ele>192.498</ele><time>2026-08-25T06:16:10Z</time><sat>37</sat></trkpt>
  <trkpt lat="38.73686304" lon="114.44502576"><ele>192.493</ele><time>2026-08-25T06:16:13Z</time><sat>37</sat></trkpt>
  <trkpt lat="38.73686317" lon="114.44502599"><ele>192.488</ele><time>2026-08-25T06:16:16Z</time><sat>37</sat></trkpt>
  <trkpt lat="38.73686330" lon="114.44502622"><ele>192.493</ele><time>2026-08-25T06:16:19Z</time><sat>37</sat></trkpt>
  <trkpt lat="38.73686344" lon="114.44502643"><ele>192.495</ele><time>2026-08-25T06:16:22Z</time><sat>36</sat></trkpt>
  <trkpt lat="38.73686357" lon="114.44502662"><ele>192.499</ele><time>2026-08-25T06:16:25Z</time><sat>36</sat></trkpt>
  <trkpt lat="38.73686559" lon="114.44502999"><ele>192.343</ele><time>2026-08-25T06:16:28Z</time><sat>37</sat></trkpt>
  <trkpt lat="38.73687136" lon="114.44504714"><ele>192.639</ele><time>2026-08-25T06:16:31Z</time><sat>37</sat></trkpt>
  <trkpt lat="38.73685051" lon="114.44505582"><ele>193.403</ele><time>2026-08-25T06:16:34Z</time><sat>37</sat></trkpt>
  <trkpt lat="38.73683289" lon="114.44507456"><ele>192.698</ele><time>2026-08-25T06:16:37Z</time><sat>38</sat></trkpt>
  <trkpt lat="38.73683980" lon="114.44510695"><ele>193.043</ele><time>2026-08-25T06:16:40Z</time><sat>38</sat></trkpt>
  <trkpt lat="38.73683611" lon="114.44513451"><ele>193.284</ele><time>2026-08-25T06:16:43Z</time><sat>38</sat></trkpt>
  <trkpt lat="38.73683302" lon="114.44515414"><ele>193.503</ele><time>2026-08-25T06:16:46Z</time><sat>38</sat></trkpt>
  <trkpt lat="38.73683884" lon="114.44517273"><ele>193.637</ele><time>2026-08-25T06:16:49Z</time><sat>37</sat></trkpt>
  <trkpt lat="38.73684998" lon="114.44519430"><ele>193.315</ele><time>2026-08-25T06:16:52Z</time><sat>37</sat></trkpt>
  <trkpt lat="38.73685673" lon="114.44522670"><ele>193.539</ele><time>2026-08-25T06:16:55Z</time><sat>37</sat></trkpt>
  <trkpt lat="38.73684864" lon="114.44525926"><ele>193.548</ele><time>2026-08-25T06:16:58Z</time><sat>37</sat></trkpt>
  <trkpt lat="38.73682278" lon="114.44527732"><ele>193.952</ele><time>2026-08-25T06:17:01Z</time><sat>37</sat></trkpt>
  <trkpt lat="38.73677721" lon="114.44527075"><ele>194.122</ele><time>2026-08-25T06:17:04Z</time><sat>37</sat></trkpt>
  <trkpt lat="38.73671994" lon="114.44523079"><ele>194.248</ele><time>2026-08-25T06:17:07Z</time><sat>37</sat></trkpt>
  <trkpt lat="38.73666582" lon="114.44515569"><ele>194.319</ele><time>2026-08-25T06:17:10Z</time><sat>37</sat></trkpt>
  <trkpt lat="38.73660955" lon="114.44508239"><ele>194.323</ele><time>2026-08-25T06:17:13Z</time><sat>38</sat></trkpt>
  <trkpt lat="38.73655732" lon="114.44499899"><ele>194.322</ele><time>2026-08-25T06:17:16Z</time><sat>34</sat></trkpt>
  <trkpt lat="38.73649834" lon="114.44492075"><ele>194.436</ele><time>2026-08-25T06:17:19Z</time><sat>38</sat></trkpt>
  <trkpt lat="38.73643931" lon="114.44483585"><ele>194.280</ele><time>2026-08-25T06:17:22Z</time><sat>38</sat></trkpt>
  <trkpt lat="38.73639256" lon="114.44473643"><ele>193.664</ele><time>2026-08-25T06:17:25Z</time><sat>38</sat></trkpt>
  <trkpt lat="38.73634617" lon="114.44463767"><ele>193.314</ele><time>2026-08-25T06:17:28Z</time><sat>38</sat></trkpt>
  <trkpt lat="38.73629682" lon="114.44454355"><ele>193.054</ele><time>2026-08-25T06:17:31Z</time><sat>38</sat></trkpt>
  <trkpt lat="38.73624133" lon="114.44445153"><ele>193.159</ele><time>2026-08-25T06:17:34Z</time><sat>38</sat></trkpt>
  <trkpt lat="38.73618320" lon="114.44436324"><ele>193.076</ele><time>2026-08-25T06:17:37Z</time><sat>38</sat></trkpt>
  <trkpt lat="38.73612563" lon="114.44428169"><ele>193.020</ele><time>2026-08-25T06:17:40Z</time><sat>38</sat></trkpt>
  <trkpt lat="38.73606705" lon="114.44420162"><ele>192.661</ele><time>2026-08-25T06:17:43Z</time><sat>38</sat></trkpt>
  <trkpt lat="38.73600676" lon="114.44412283"><ele>193.090</ele><time>2026-08-25T06:17:46Z</time><sat>38</sat></trkpt>
  <trkpt lat="38.73594822" lon="114.44404610"><ele>192.987</ele><time>2026-08-25T06:17:49Z</time><sat>38</sat></trkpt>
  <trkpt lat="38.73588192" lon="114.44398226"><ele>193.345</ele><time>2026-08-25T06:17:52Z</time><sat>38</sat></trkpt>
  <trkpt lat="38.73582145" lon="114.44389715"><ele>193.272</ele><time>2026-08-25T06:17:55Z</time><sat>38</sat></trkpt>
  <trkpt lat="38.73576894" lon="114.44379511"><ele>193.159</ele><time>2026-08-25T06:17:58Z</time><sat>38</sat></trkpt>
  <trkpt lat="38.73571534" lon="114.44370113"><ele>192.941</ele><time>2026-08-25T06:18:01Z</time><sat>38</sat></trkpt>
  <trkpt lat="38.73566410" lon="114.44360802"><ele>192.975</ele><time>2026-08-25T06:18:04Z</time><sat>38</sat></trkpt>
  <trkpt lat="38.73561636" lon="114.44351403"><ele>192.968</ele><time>2026-08-25T06:18:07Z</time><sat>38</sat></trkpt>
  <trkpt lat="38.73557192" lon="114.44341738"><ele>192.975</ele><time>2026-08-25T06:18:10Z</time><sat>38</sat></trkpt>
  <trkpt lat="38.73552271" lon="114.44332314"><ele>192.846</ele><time>2026-08-25T06:18:13Z</time><sat>37</sat></trkpt>
  <trkpt lat="38.73546945" lon="114.44323360"><ele>192.716</ele><time>2026-08-25T06:18:16Z</time><sat>38</sat></trkpt>
  <trkpt lat="38.73541430" lon="114.44314566"><ele>192.350</ele><time>2026-08-25T06:18:19Z</time><sat>38</sat></trkpt>
  <trkpt lat="38.73535433" lon="114.44305757"><ele>192.685</ele><time>2026-08-25T06:18:22Z</time><sat>37</sat></trkpt>
  <trkpt lat="38.73530267" lon="114.44296246"><ele>192.757</ele><time>2026-08-25T06:18:25Z</time><sat>38</sat></trkpt>
  <trkpt lat="38.73525495" lon="114.44286725"><ele>192.915</ele><time>2026-08-25T06:18:28Z</time><sat>38</sat></trkpt>
  <trkpt lat="38.73520996" lon="114.44277001"><ele>192.837</ele><time>2026-08-25T06:18:31Z</time><sat>37</sat></trkpt>
  <trkpt lat="38.73516578" lon="114.44267016"><ele>192.471</ele><time>2026-08-25T06:18:34Z</time><sat>37</sat></trkpt>
  <trkpt lat="38.73512250" lon="114.44257029"><ele>192.309</ele><time>2026-08-25T06:18:37Z</time><sat>37</sat></trkpt>
  <trkpt lat="38.73508036" lon="114.44247005"><ele>192.211</ele><time>2026-08-25T06:18:40Z</time><sat>37</sat></trkpt>
  <trkpt lat="38.73505643" lon="114.44236214"><ele>192.409</ele><time>2026-08-25T06:18:43Z</time><sat>38</sat></trkpt>
  <trkpt lat="38.73502990" lon="114.44225368"><ele>192.690</ele><time>2026-08-25T06:18:46Z</time><sat>38</sat></trkpt>
  <trkpt lat="38.73499046" lon="114.44214801"><ele>193.063</ele><time>2026-08-25T06:18:49Z</time><sat>38</sat></trkpt>
  <trkpt lat="38.73494954" lon="114.44204612"><ele>193.646</ele><time>2026-08-25T06:18:52Z</time><sat>38</sat></trkpt>
  <trkpt lat="38.73491107" lon="114.44194691"><ele>194.404</ele><time>2026-08-25T06:18:55Z</time><sat>38</sat></trkpt>
  <trkpt lat="38.73487350" lon="114.44184750"><ele>194.672</ele><time>2026-08-25T06:18:58Z</time><sat>37</sat></trkpt>
  <trkpt lat="38.73483449" lon="114.44174650"><ele>194.557</ele><time>2026-08-25T06:19:01Z</time><sat>37</sat></trkpt>
  <trkpt lat="38.73479675" lon="114.44163868"><ele>194.464</ele><time>2026-08-25T06:19:04Z</time><sat>37</sat></trkpt>
  <trkpt lat="38.73477962" lon="114.44151775"><ele>194.514</ele><time>2026-08-25T06:19:07Z</time><sat>38</sat></trkpt>
  <trkpt lat="38.73475529" lon="114.44140461"><ele>194.329</ele><time>2026-08-25T06:19:10Z</time><sat>38</sat></trkpt>
  <trkpt lat="38.73473998" lon="114.44129220"><ele>193.890</ele><time>2026-08-25T06:19:13Z</time><sat>38</sat></trkpt>
  <trkpt lat="38.73472925" lon="114.44117938"><ele>193.830</ele><time>2026-08-25T06:19:16Z</time><sat>38</sat></trkpt>
  <trkpt lat="38.73471435" lon="114.44106757"><ele>193.522</ele><time>2026-08-25T06:19:19Z</time><sat>38</sat></trkpt>
  <trkpt lat="38.73469692" lon="114.44095242"><ele>193.464</ele><time>2026-08-25T06:19:22Z</time><sat>38</sat></trkpt>
  <trkpt lat="38.73466683" lon="114.44083939"><ele>193.460</ele><time>2026-08-25T06:19:25Z</time><sat>37</sat></trkpt>
  <trkpt lat="38.73464446" lon="114.44072787"><ele>193.388</ele><time>2026-08-25T06:19:28Z</time><sat>37</sat></trkpt>
  <trkpt lat="38.73462835" lon="114.44061460"><ele>193.302</ele><time>2026-08-25T06:19:31Z</time><sat>37</sat></trkpt>
  <trkpt lat="38.73460942" lon="114.44050279"><ele>193.277</ele><time>2026-08-25T06:19:34Z</time><sat>37</sat></trkpt>
  <trkpt lat="38.73459160" lon="114.44039165"><ele>193.363</ele><time>2026-08-25T06:19:37Z</time><sat>37</sat></trkpt>
  <trkpt lat="38.73457505" lon="114.44027765"><ele>193.154</ele><time>2026-08-25T06:19:40Z</time><sat>37</sat></trkpt>
  <trkpt lat="38.73456614" lon="114.44016780"><ele>192.708</ele><time>2026-08-25T06:19:43Z</time><sat>38</sat></trkpt>
  <trkpt lat="38.73455572" lon="114.44005465"><ele>192.664</ele><time>2026-08-25T06:19:46Z</time><sat>38</sat></trkpt>
  <trkpt lat="38.73454418" lon="114.43994088"><ele>192.467</ele><time>2026-08-25T06:19:49Z</time><sat>38</sat></trkpt>
  <trkpt lat="38.73452781" lon="114.43983082"><ele>192.128</ele><time>2026-08-25T06:19:52Z</time><sat>38</sat></trkpt>
  <trkpt lat="38.73450947" lon="114.43972362"><ele>191.725</ele><time>2026-08-25T06:19:55Z</time><sat>37</sat></trkpt>
  <trkpt lat="38.73449948" lon="114.43960836"><ele>191.326</ele><time>2026-08-25T06:19:58Z</time><sat>38</sat></trkpt>
  <trkpt lat="38.73447784" lon="114.43949643"><ele>190.916</ele><time>2026-08-25T06:20:01Z</time><sat>38</sat></trkpt>
  <trkpt lat="38.73445179" lon="114.43938636"><ele>190.664</ele><time>2026-08-25T06:20:04Z</time><sat>38</sat></trkpt>
  <trkpt lat="38.73442068" lon="114.43927934"><ele>190.672</ele><time>2026-08-25T06:20:07Z</time><sat>35</sat></trkpt>
  <trkpt lat="38.73438740" lon="114.43917343"><ele>190.754</ele><time>2026-08-25T06:20:10Z</time><sat>38</sat></trkpt>
  <trkpt lat="38.73435263" lon="114.43906762"><ele>190.602</ele><time>2026-08-25T06:20:13Z</time><sat>37</sat></trkpt>
  <trkpt lat="38.73431963" lon="114.43895848"><ele>190.548</ele><time>2026-08-25T06:20:16Z</time><sat>35</sat></trkpt>
  <trkpt lat="38.73428455" lon="114.43885094"><ele>190.611</ele><time>2026-08-25T06:20:19Z</time><sat>37</sat></trkpt>
  <trkpt lat="38.73425363" lon="114.43873939"><ele>190.446</ele><time>2026-08-25T06:20:22Z</time><sat>37</sat></trkpt>
  <trkpt lat="38.73422369" lon="114.43862801"><ele>190.396</ele><time>2026-08-25T06:20:25Z</time><sat>36</sat></trkpt>
  <trkpt lat="38.73419775" lon="114.43851876"><ele>190.329</ele><time>2026-08-25T06:20:28Z</time><sat>36</sat></trkpt>
  <trkpt lat="38.73417238" lon="114.43841091"><ele>190.483</ele><time>2026-08-25T06:20:31Z</time><sat>37</sat></trkpt>
  <trkpt lat="38.73414727" lon="114.43830146"><ele>190.113</ele><time>2026-08-25T06:20:34Z</time><sat>35</sat></trkpt>
  <trkpt lat="38.73411943" lon="114.43819315"><ele>190.261</ele><time>2026-08-25T06:20:37Z</time><sat>35</sat></trkpt>
  <trkpt lat="38.73409091" lon="114.43808472"><ele>189.876</ele><time>2026-08-25T06:20:40Z</time><sat>34</sat></trkpt>
  <trkpt lat="38.73406391" lon="114.43797160"><ele>189.856</ele><time>2026-08-25T06:20:43Z</time><sat>33</sat></trkpt>
  <trkpt lat="38.73403755" lon="114.43785884"><ele>189.686</ele><time>2026-08-25T06:20:46Z</time><sat>35</sat></trkpt>
  <trkpt lat="38.73401219" lon="114.43774849"><ele>189.682</ele><time>2026-08-25T06:20:49Z</time><sat>35</sat></trkpt>
  <trkpt lat="38.73398438" lon="114.43763760"><ele>189.488</ele><time>2026-08-25T06:20:52Z</time><sat>36</sat></trkpt>
  <trkpt lat="38.73395743" lon="114.43752599"><ele>189.134</ele><time>2026-08-25T06:20:55Z</time><sat>37</sat></trkpt>
  <trkpt lat="38.73393305" lon="114.43741247"><ele>188.856</ele><time>2026-08-25T06:20:58Z</time><sat>36</sat></trkpt>
  <trkpt lat="38.73390939" lon="114.43729990"><ele>188.563</ele><time>2026-08-25T06:21:01Z</time><sat>37</sat></trkpt>
  <trkpt lat="38.73388433" lon="114.43718762"><ele>188.569</ele><time>2026-08-25T06:21:04Z</time><sat>36</sat></trkpt>
  <trkpt lat="38.73385563" lon="114.43707928"><ele>188.800</ele><time>2026-08-25T06:21:07Z</time><sat>37</sat></trkpt>
  <trkpt lat="38.73382465" lon="114.43697273"><ele>189.119</ele><time>2026-08-25T06:21:10Z</time><sat>37</sat></trkpt>
  <trkpt lat="38.73379322" lon="114.43686325"><ele>189.018</ele><time>2026-08-25T06:21:13Z</time><sat>37</sat></trkpt>
  <trkpt lat="38.73376525" lon="114.43675521"><ele>189.256</ele><time>2026-08-25T06:21:16Z</time><sat>37</sat></trkpt>
  <trkpt lat="38.73373830" lon="114.43664625"><ele>189.499</ele><time>2026-08-25T06:21:19Z</time><sat>37</sat></trkpt>
  <trkpt lat="38.73369660" lon="114.43654537"><ele>189.543</ele><time>2026-08-25T06:21:22Z</time><sat>37</sat></trkpt>
  <trkpt lat="38.73367034" lon="114.43643221"><ele>189.575</ele><time>2026-08-25T06:21:25Z</time><sat>37</sat></trkpt>
  <trkpt lat="38.73363949" lon="114.43632139"><ele>189.265</ele><time>2026-08-25T06:21:28Z</time><sat>37</sat></trkpt>
  <trkpt lat="38.73360710" lon="114.43621179"><ele>189.012</ele><time>2026-08-25T06:21:31Z</time><sat>38</sat></trkpt>
  <trkpt lat="38.73357521" lon="114.43610304"><ele>188.760</ele><time>2026-08-25T06:21:34Z</time><sat>37</sat></trkpt>
  <trkpt lat="38.73354249" lon="114.43599542"><ele>188.369</ele><time>2026-08-25T06:21:37Z</time><sat>36</sat></trkpt>
  <trkpt lat="38.73351153" lon="114.43588835"><ele>188.034</ele><time>2026-08-25T06:21:40Z</time><sat>35</sat></trkpt>
  <trkpt lat="38.73348258" lon="114.43578241"><ele>187.737</ele><time>2026-08-25T06:21:43Z</time><sat>35</sat></trkpt>
  <trkpt lat="38.73345136" lon="114.43568040"><ele>188.029</ele><time>2026-08-25T06:21:46Z</time><sat>34</sat></trkpt>
  <trkpt lat="38.73342596" lon="114.43557164"><ele>188.575</ele><time>2026-08-25T06:21:49Z</time><sat>37</sat></trkpt>
  <trkpt lat="38.73339505" lon="114.43546475"><ele>188.744</ele><time>2026-08-25T06:21:52Z</time><sat>38</sat></trkpt>
  <trkpt lat="38.73336332" lon="114.43535809"><ele>188.904</ele><time>2026-08-25T06:21:55Z</time><sat>38</sat></trkpt>
  <trkpt lat="38.73332977" lon="114.43525054"><ele>188.928</ele><time>2026-08-25T06:21:58Z</time><sat>37</sat></trkpt>
  <trkpt lat="38.73329898" lon="114.43514411"><ele>189.045</ele><time>2026-08-25T06:22:01Z</time><sat>37</sat></trkpt>
  <trkpt lat="38.73327197" lon="114.43503536"><ele>188.861</ele><time>2026-08-25T06:22:04Z</time><sat>37</sat></trkpt>
  <trkpt lat="38.73324934" lon="114.43492391"><ele>188.835</ele><time>2026-08-25T06:22:07Z</time><sat>37</sat></trkpt>
  <trkpt lat="38.73322705" lon="114.43481283"><ele>188.767</ele><time>2026-08-25T06:22:10Z</time><sat>37</sat></trkpt>
  <trkpt lat="38.73319727" lon="114.43470349"><ele>188.862</ele><time>2026-08-25T06:22:13Z</time><sat>37</sat></trkpt>
  <trkpt lat="38.73315915" lon="114.43460232"><ele>188.882</ele><time>2026-08-25T06:22:16Z</time><sat>36</sat></trkpt>
  <trkpt lat="38.73311718" lon="114.43450255"><ele>188.852</ele><time>2026-08-25T06:22:19Z</time><sat>36</sat></trkpt>
  <trkpt lat="38.73307248" lon="114.43440339"><ele>188.888</ele><time>2026-08-25T06:22:22Z</time><sat>37</sat></trkpt>
  <trkpt lat="38.73302866" lon="114.43430361"><ele>188.911</ele><time>2026-08-25T06:22:25Z</time><sat>36</sat></trkpt>
  <trkpt lat="38.73298591" lon="114.43420136"><ele>188.761</ele><time>2026-08-25T06:22:28Z</time><sat>35</sat></trkpt>
  <trkpt lat="38.73294422" lon="114.43409568"><ele>188.829</ele><time>2026-08-25T06:22:31Z</time><sat>36</sat></trkpt>
  <trkpt lat="38.73290617" lon="114.43398834"><ele>188.726</ele><time>2026-08-25T06:22:34Z</time><sat>36</sat></trkpt>
  <trkpt lat="38.73287089" lon="114.43388181"><ele>188.725</ele><time>2026-08-25T06:22:37Z</time><sat>37</sat></trkpt>
  <trkpt lat="38.73283572" lon="114.43377626"><ele>189.040</ele><time>2026-08-25T06:22:40Z</time><sat>36</sat></trkpt>
  <trkpt lat="38.73280451" lon="114.43366964"><ele>189.950</ele><time>2026-08-25T06:22:43Z</time><sat>36</sat></trkpt>
  <trkpt lat="38.73277030" lon="114.43356551"><ele>189.932</ele><time>2026-08-25T06:22:46Z</time><sat>36</sat></trkpt>
  <trkpt lat="38.73272896" lon="114.43346185"><ele>189.659</ele><time>2026-08-25T06:22:49Z</time><sat>35</sat></trkpt>
  <trkpt lat="38.73268413" lon="114.43336349"><ele>189.813</ele><time>2026-08-25T06:22:52Z</time><sat>35</sat></trkpt>
  <trkpt lat="38.73263863" lon="114.43326652"><ele>189.728</ele><time>2026-08-25T06:22:55Z</time><sat>34</sat></trkpt>
  <trkpt lat="38.73259398" lon="114.43317038"><ele>189.659</ele><time>2026-08-25T06:22:58Z</time><sat>34</sat></trkpt>
  <trkpt lat="38.73255140" lon="114.43307278"><ele>189.395</ele><time>2026-08-25T06:23:01Z</time><sat>34</sat></trkpt>
  <trkpt lat="38.73250975" lon="114.43297233"><ele>188.952</ele><time>2026-08-25T06:23:04Z</time><sat>35</sat></trkpt>
  <trkpt lat="38.73246545" lon="114.43286931"><ele>188.571</ele><time>2026-08-25T06:23:07Z</time><sat>36</sat></trkpt>
  <trkpt lat="38.73242082" lon="114.43276570"><ele>188.669</ele><time>2026-08-25T06:23:10Z</time><sat>35</sat></trkpt>
  <trkpt lat="38.73237667" lon="114.43266181"><ele>188.655</ele><time>2026-08-25T06:23:13Z</time><sat>35</sat></trkpt>
  <trkpt lat="38.73233208" lon="114.43256032"><ele>188.524</ele><time>2026-08-25T06:23:16Z</time><sat>36</sat></trkpt>
  <trkpt lat="38.73228880" lon="114.43245814"><ele>188.272</ele><time>2026-08-25T06:23:19Z</time><sat>36</sat></trkpt>
  <trkpt lat="38.73224552" lon="114.43235558"><ele>188.297</ele><time>2026-08-25T06:23:22Z</time><sat>35</sat></trkpt>
  <trkpt lat="38.73220112" lon="114.43225642"><ele>188.618</ele><time>2026-08-25T06:23:25Z</time><sat>36</sat></trkpt>
  <trkpt lat="38.73216022" lon="114.43215495"><ele>189.257</ele><time>2026-08-25T06:23:28Z</time><sat>37</sat></trkpt>
  <trkpt lat="38.73211779" lon="114.43205398"><ele>189.608</ele><time>2026-08-25T06:23:31Z</time><sat>37</sat></trkpt>
  <trkpt lat="38.73207606" lon="114.43195516"><ele>189.778</ele><time>2026-08-25T06:23:34Z</time><sat>36</sat></trkpt>
  <trkpt lat="38.73203128" lon="114.43185478"><ele>190.059</ele><time>2026-08-25T06:23:37Z</time><sat>37</sat></trkpt>
  <trkpt lat="38.73198528" lon="114.43175878"><ele>190.132</ele><time>2026-08-25T06:23:40Z</time><sat>37</sat></trkpt>
  <trkpt lat="38.73193940" lon="114.43166148"><ele>190.047</ele><time>2026-08-25T06:23:43Z</time><sat>36</sat></trkpt>
  <trkpt lat="38.73189208" lon="114.43156699"><ele>189.865</ele><time>2026-08-25T06:23:46Z</time><sat>37</sat></trkpt>
  <trkpt lat="38.73184292" lon="114.43147219"><ele>189.638</ele><time>2026-08-25T06:23:49Z</time><sat>37</sat></trkpt>
  <trkpt lat="38.73179191" lon="114.43138106"><ele>189.921</ele><time>2026-08-25T06:23:52Z</time><sat>35</sat></trkpt>
  <trkpt lat="38.73173866" lon="114.43129276"><ele>190.341</ele><time>2026-08-25T06:23:55Z</time><sat>33</sat></trkpt>
  <trkpt lat="38.73168466" lon="114.43120292"><ele>190.559</ele><time>2026-08-25T06:23:58Z</time><sat>31</sat></trkpt>
  <trkpt lat="38.73163167" lon="114.43110918"><ele>190.578</ele><time>2026-08-25T06:24:01Z</time><sat>32</sat></trkpt>
  <trkpt lat="38.73157614" lon="114.43101944"><ele>190.470</ele><time>2026-08-25T06:24:04Z</time><sat>32</sat></trkpt>
  <trkpt lat="38.73152141" lon="114.43093373"><ele>190.893</ele><time>2026-08-25T06:24:07Z</time><sat>34</sat></trkpt>
  <trkpt lat="38.73146790" lon="114.43084517"><ele>190.842</ele><time>2026-08-25T06:24:10Z</time><sat>34</sat></trkpt>
  <trkpt lat="38.73141082" lon="114.43075764"><ele>190.410</ele><time>2026-08-25T06:24:13Z</time><sat>36</sat></trkpt>
  <trkpt lat="38.73135605" lon="114.43066791"><ele>190.303</ele><time>2026-08-25T06:24:16Z</time><sat>35</sat></trkpt>
  <trkpt lat="38.73129660" lon="114.43057795"><ele>189.780</ele><time>2026-08-25T06:24:19Z</time><sat>35</sat></trkpt>
  <trkpt lat="38.73123305" lon="114.43050029"><ele>189.729</ele><time>2026-08-25T06:24:22Z</time><sat>35</sat></trkpt>
  <trkpt lat="38.73117028" lon="114.43041383"><ele>189.734</ele><time>2026-08-25T06:24:25Z</time><sat>36</sat></trkpt>
  <trkpt lat="38.73111538" lon="114.43031512"><ele>189.709</ele><time>2026-08-25T06:24:28Z</time><sat>37</sat></trkpt>
  <trkpt lat="38.73105656" lon="114.43022358"><ele>189.706</ele><time>2026-08-25T06:24:31Z</time><sat>37</sat></trkpt>
  <trkpt lat="38.73099783" lon="114.43013861"><ele>189.570</ele><time>2026-08-25T06:24:34Z</time><sat>35</sat></trkpt>
  <trkpt lat="38.73093733" lon="114.43005468"><ele>189.524</ele><time>2026-08-25T06:24:37Z</time><sat>34</sat></trkpt>
  <trkpt lat="38.73087626" lon="114.42996817"><ele>189.474</ele><time>2026-08-25T06:24:40Z</time><sat>34</sat></trkpt>
  <trkpt lat="38.73081676" lon="114.42988204"><ele>189.539</ele><time>2026-08-25T06:24:43Z</time><sat>34</sat></trkpt>
  <trkpt lat="38.73075789" lon="114.42979466"><ele>189.332</ele><time>2026-08-25T06:24:46Z</time><sat>34</sat></trkpt>
  <trkpt lat="38.73070307" lon="114.42970595"><ele>189.452</ele><time>2026-08-25T06:24:49Z</time><sat>35</sat></trkpt>
  <trkpt lat="38.73064825" lon="114.42961988"><ele>189.343</ele><time>2026-08-25T06:24:52Z</time><sat>35</sat></trkpt>
  <trkpt lat="38.73059250" lon="114.42953468"><ele>189.715</ele><time>2026-08-25T06:24:55Z</time><sat>35</sat></trkpt>
  <trkpt lat="38.73053713" lon="114.42945168"><ele>189.745</ele><time>2026-08-25T06:24:58Z</time><sat>35</sat></trkpt>
  <trkpt lat="38.73047805" lon="114.42937446"><ele>189.686</ele><time>2026-08-25T06:25:01Z</time><sat>35</sat></trkpt>
  <trkpt lat="38.73041428" lon="114.42930157"><ele>189.446</ele><time>2026-08-25T06:25:04Z</time><sat>35</sat></trkpt>
  <trkpt lat="38.73034884" lon="114.42923006"><ele>189.267</ele><time>2026-08-25T06:25:07Z</time><sat>35</sat></trkpt>
  <trkpt lat="38.73028526" lon="114.42917145"><ele>189.428</ele><time>2026-08-25T06:25:10Z</time><sat>35</sat></trkpt>
  <trkpt lat="38.73022132" lon="114.42912763"><ele>189.584</ele><time>2026-08-25T06:25:13Z</time><sat>35</sat></trkpt>
  <trkpt lat="38.73015450" lon="114.42910473"><ele>190.018</ele><time>2026-08-25T06:25:16Z</time><sat>35</sat></trkpt>
  <trkpt lat="38.73008933" lon="114.42909110"><ele>189.872</ele><time>2026-08-25T06:25:19Z</time><sat>35</sat></trkpt>
  <trkpt lat="38.73002168" lon="114.42907909"><ele>190.042</ele><time>2026-08-25T06:25:22Z</time><sat>35</sat></trkpt>
  <trkpt lat="38.72995271" lon="114.42906264"><ele>189.912</ele><time>2026-08-25T06:25:25Z</time><sat>35</sat></trkpt>
  <trkpt lat="38.72988780" lon="114.42903221"><ele>190.201</ele><time>2026-08-25T06:25:28Z</time><sat>35</sat></trkpt>
  <trkpt lat="38.72982107" lon="114.42899270"><ele>190.430</ele><time>2026-08-25T06:25:31Z</time><sat>35</sat></trkpt>
  <trkpt lat="38.72975439" lon="114.42894265"><ele>190.562</ele><time>2026-08-25T06:25:34Z</time><sat>35</sat></trkpt>
  <trkpt lat="38.72969112" lon="114.42889176"><ele>190.374</ele><time>2026-08-25T06:25:37Z</time><sat>32</sat></trkpt>
  <trkpt lat="38.72962788" lon="114.42884252"><ele>190.293</ele><time>2026-08-25T06:25:40Z</time><sat>33</sat></trkpt>
  <trkpt lat="38.72956211" lon="114.42879814"><ele>190.595</ele><time>2026-08-25T06:25:43Z</time><sat>32</sat></trkpt>
  <trkpt lat="38.72949510" lon="114.42876534"><ele>190.453</ele><time>2026-08-25T06:25:46Z</time><sat>33</sat></trkpt>
  <trkpt lat="38.72942938" lon="114.42875713"><ele>190.754</ele><time>2026-08-25T06:25:49Z</time><sat>33</sat></trkpt>
  <trkpt lat="38.72936582" lon="114.42877282"><ele>190.746</ele><time>2026-08-25T06:25:52Z</time><sat>34</sat></trkpt>
  <trkpt lat="38.72931303" lon="114.42881603"><ele>190.756</ele><time>2026-08-25T06:25:55Z</time><sat>34</sat></trkpt>
  <trkpt lat="38.72928225" lon="114.42888029"><ele>190.608</ele><time>2026-08-25T06:25:58Z</time><sat>33</sat></trkpt>
  <trkpt lat="38.72928998" lon="114.42893827"><ele>190.398</ele><time>2026-08-25T06:26:01Z</time><sat>34</sat></trkpt>
  <trkpt lat="38.72928316" lon="114.42902174"><ele>190.147</ele><time>2026-08-25T06:26:04Z</time><sat>34</sat></trkpt>
  <trkpt lat="38.72929554" lon="114.42909035"><ele>190.070</ele><time>2026-08-25T06:26:07Z</time><sat>34</sat></trkpt>
  <trkpt lat="38.72932221" lon="114.42913772"><ele>189.987</ele><time>2026-08-25T06:26:10Z</time><sat>34</sat></trkpt>
  <trkpt lat="38.72935511" lon="114.42917491"><ele>190.016</ele><time>2026-08-25T06:26:13Z</time><sat>34</sat></trkpt>
  <trkpt lat="38.72939209" lon="114.42921672"><ele>189.826</ele><time>2026-08-25T06:26:16Z</time><sat>34</sat></trkpt>
  <trkpt lat="38.72943847" lon="114.42927457"><ele>189.943</ele><time>2026-08-25T06:26:19Z</time><sat>32</sat></trkpt>
  <trkpt lat="38.72948525" lon="114.42934519"><ele>189.666</ele><time>2026-08-25T06:26:22Z</time><sat>34</sat></trkpt>
  <trkpt lat="38.72954175" lon="114.42942954"><ele>189.971</ele><time>2026-08-25T06:26:25Z</time><sat>35</sat></trkpt>
  <trkpt lat="38.72959975" lon="114.42951678"><ele>189.849</ele><time>2026-08-25T06:26:28Z</time><sat>32</sat></trkpt>
  <trkpt lat="38.72965978" lon="114.42960110"><ele>189.998</ele><time>2026-08-25T06:26:31Z</time><sat>30</sat></trkpt>
  <trkpt lat="38.72972177" lon="114.42968162"><ele>190.493</ele><time>2026-08-25T06:26:34Z</time><sat>30</sat></trkpt>
  <trkpt lat="38.72978362" lon="114.42976467"><ele>190.422</ele><time>2026-08-25T06:26:37Z</time><sat>31</sat></trkpt>
  <trkpt lat="38.72984444" lon="114.42984621"><ele>190.481</ele><time>2026-08-25T06:26:40Z</time><sat>34</sat></trkpt>
  <trkpt lat="38.72990409" lon="114.42992916"><ele>190.466</ele><time>2026-08-25T06:26:43Z</time><sat>32</sat></trkpt>
  <trkpt lat="38.72996305" lon="114.43001268"><ele>190.626</ele><time>2026-08-25T06:26:46Z</time><sat>30</sat></trkpt>
  <trkpt lat="38.73002178" lon="114.43009802"><ele>190.802</ele><time>2026-08-25T06:26:49Z</time><sat>31</sat></trkpt>
  <trkpt lat="38.73008378" lon="114.43018475"><ele>191.522</ele><time>2026-08-25T06:26:52Z</time><sat>30</sat></trkpt>
  <trkpt lat="38.73014800" lon="114.43026772"><ele>192.107</ele><time>2026-08-25T06:26:55Z</time><sat>29</sat></trkpt>
  <trkpt lat="38.73020739" lon="114.43035209"><ele>192.603</ele><time>2026-08-25T06:26:58Z</time><sat>32</sat></trkpt>
  <trkpt lat="38.73026615" lon="114.43043652"><ele>192.911</ele><time>2026-08-25T06:27:01Z</time><sat>34</sat></trkpt>
  <trkpt lat="38.73032680" lon="114.43051967"><ele>192.546</ele><time>2026-08-25T06:27:04Z</time><sat>34</sat></trkpt>
  <trkpt lat="38.73037318" lon="114.43061626"><ele>192.393</ele><time>2026-08-25T06:27:07Z</time><sat>34</sat></trkpt>
  <trkpt lat="38.73040550" lon="114.43070656"><ele>192.101</ele><time>2026-08-25T06:27:10Z</time><sat>34</sat></trkpt>
  <trkpt lat="38.73049827" lon="114.43077794"><ele>192.328</ele><time>2026-08-25T06:27:13Z</time><sat>34</sat></trkpt>
  <trkpt lat="38.73056839" lon="114.43085685"><ele>192.735</ele><time>2026-08-25T06:27:16Z</time><sat>34</sat></trkpt>
  <trkpt lat="38.73063102" lon="114.43094089"><ele>192.927</ele><time>2026-08-25T06:27:19Z</time><sat>32</sat></trkpt>
  <trkpt lat="38.73068904" lon="114.43103196"><ele>193.079</ele><time>2026-08-25T06:27:22Z</time><sat>34</sat></trkpt>
  <trkpt lat="38.73074277" lon="114.43112282"><ele>192.991</ele><time>2026-08-25T06:27:25Z</time><sat>29</sat></trkpt>
  <trkpt lat="38.73079537" lon="114.43121625"><ele>193.163</ele><time>2026-08-25T06:27:28Z</time><sat>32</sat></trkpt>
  <trkpt lat="38.73084935" lon="114.43130584"><ele>192.797</ele><time>2026-08-25T06:27:31Z</time><sat>32</sat></trkpt>
  <trkpt lat="38.73090475" lon="114.43139682"><ele>193.024</ele><time>2026-08-25T06:27:34Z</time><sat>33</sat></trkpt>
  <trkpt lat="38.73095945" lon="114.43149007"><ele>193.325</ele><time>2026-08-25T06:27:37Z</time><sat>33</sat></trkpt>
  <trkpt lat="38.73101454" lon="114.43158390"><ele>193.647</ele><time>2026-08-25T06:27:40Z</time><sat>31</sat></trkpt>
  <trkpt lat="38.73106532" lon="114.43167929"><ele>193.863</ele><time>2026-08-25T06:27:43Z</time><sat>31</sat></trkpt>
  <trkpt lat="38.73111627" lon="114.43177470"><ele>193.971</ele><time>2026-08-25T06:27:46Z</time><sat>31</sat></trkpt>
  <trkpt lat="38.73116713" lon="114.43186933"><ele>194.155</ele><time>2026-08-25T06:27:49Z</time><sat>31</sat></trkpt>
  <trkpt lat="38.73121836" lon="114.43196291"><ele>194.350</ele><time>2026-08-25T06:27:52Z</time><sat>31</sat></trkpt>
  <trkpt lat="38.73126805" lon="114.43205771"><ele>194.337</ele><time>2026-08-25T06:27:55Z</time><sat>31</sat></trkpt>
  <trkpt lat="38.73131273" lon="114.43215171"><ele>194.385</ele><time>2026-08-25T06:27:58Z</time><sat>31</sat></trkpt>
  <trkpt lat="38.73135624" lon="114.43223852"><ele>194.425</ele><time>2026-08-25T06:28:01Z</time><sat>33</sat></trkpt>
  <trkpt lat="38.73139646" lon="114.43232642"><ele>194.188</ele><time>2026-08-25T06:28:04Z</time><sat>33</sat></trkpt>
  <trkpt lat="38.73143944" lon="114.43241796"><ele>194.251</ele><time>2026-08-25T06:28:07Z</time><sat>31</sat></trkpt>
  <trkpt lat="38.73148398" lon="114.43251162"><ele>194.313</ele><time>2026-08-25T06:28:10Z</time><sat>32</sat></trkpt>
  <trkpt lat="38.73153644" lon="114.43259938"><ele>194.452</ele><time>2026-08-25T06:28:13Z</time><sat>33</sat></trkpt>
  <trkpt lat="38.73158933" lon="114.43269374"><ele>193.991</ele><time>2026-08-25T06:28:16Z</time><sat>33</sat></trkpt>
  <trkpt lat="38.73163027" lon="114.43280107"><ele>193.611</ele><time>2026-08-25T06:28:19Z</time><sat>33</sat></trkpt>
  <trkpt lat="38.73167603" lon="114.43290279"><ele>193.892</ele><time>2026-08-25T06:28:22Z</time><sat>33</sat></trkpt>
  <trkpt lat="38.73172966" lon="114.43299655"><ele>191.982</ele><time>2026-08-25T06:28:25Z</time><sat>33</sat></trkpt>
  <trkpt lat="38.73178222" lon="114.43309140"><ele>192.757</ele><time>2026-08-25T06:28:28Z</time><sat>35</sat></trkpt>
  <trkpt lat="38.73182647" lon="114.43319007"><ele>191.659</ele><time>2026-08-25T06:28:31Z</time><sat>35</sat></trkpt>
  <trkpt lat="38.73185709" lon="114.43328507"><ele>190.553</ele><time>2026-08-25T06:28:34Z</time><sat>35</sat></trkpt>
  <trkpt lat="38.73190054" lon="114.43338153"><ele>190.258</ele><time>2026-08-25T06:28:37Z</time><sat>35</sat></trkpt>
  <trkpt lat="38.73195150" lon="114.43348813"><ele>190.981</ele><time>2026-08-25T06:28:40Z</time><sat>35</sat></trkpt>
  <trkpt lat="38.73198507" lon="114.43360549"><ele>190.923</ele><time>2026-08-25T06:28:43Z</time><sat>34</sat></trkpt>
  <trkpt lat="38.73202032" lon="114.43371400"><ele>190.235</ele><time>2026-08-25T06:28:46Z</time><sat>34</sat></trkpt>
  <trkpt lat="38.73205666" lon="114.43382056"><ele>189.545</ele><time>2026-08-25T06:28:49Z</time><sat>34</sat></trkpt>
  <trkpt lat="38.73209321" lon="114.43392731"><ele>189.682</ele><time>2026-08-25T06:28:52Z</time><sat>34</sat></trkpt>
  <trkpt lat="38.73212957" lon="114.43403143"><ele>189.590</ele><time>2026-08-25T06:28:55Z</time><sat>35</sat></trkpt>
  <trkpt lat="38.73216630" lon="114.43413573"><ele>189.772</ele><time>2026-08-25T06:28:58Z</time><sat>35</sat></trkpt>
  <trkpt lat="38.73220170" lon="114.43424278"><ele>189.954</ele><time>2026-08-25T06:29:01Z</time><sat>36</sat></trkpt>
  <trkpt lat="38.73224298" lon="114.43434865"><ele>190.212</ele><time>2026-08-25T06:29:04Z</time><sat>36</sat></trkpt>
  <trkpt lat="38.73227420" lon="114.43445571"><ele>190.031</ele><time>2026-08-25T06:29:07Z</time><sat>36</sat></trkpt>
  <trkpt lat="38.73230933" lon="114.43455802"><ele>189.994</ele><time>2026-08-25T06:29:10Z</time><sat>36</sat></trkpt>
  <trkpt lat="38.73234803" lon="114.43465878"><ele>189.837</ele><time>2026-08-25T06:29:13Z</time><sat>37</sat></trkpt>
  <trkpt lat="38.73238064" lon="114.43476294"><ele>190.034</ele><time>2026-08-25T06:29:16Z</time><sat>37</sat></trkpt>
  <trkpt lat="38.73241222" lon="114.43486944"><ele>190.544</ele><time>2026-08-25T06:29:19Z</time><sat>37</sat></trkpt>
  <trkpt lat="38.73244009" lon="114.43497622"><ele>190.622</ele><time>2026-08-25T06:29:22Z</time><sat>37</sat></trkpt>
  <trkpt lat="38.73245971" lon="114.43508236"><ele>190.699</ele><time>2026-08-25T06:29:25Z</time><sat>37</sat></trkpt>
  <trkpt lat="38.73248261" lon="114.43518421"><ele>190.977</ele><time>2026-08-25T06:29:28Z</time><sat>34</sat></trkpt>
  <trkpt lat="38.73251760" lon="114.43528903"><ele>191.050</ele><time>2026-08-25T06:29:31Z</time><sat>32</sat></trkpt>
  <trkpt lat="38.73256266" lon="114.43539273"><ele>190.998</ele><time>2026-08-25T06:29:34Z</time><sat>36</sat></trkpt>
  <trkpt lat="38.73260674" lon="114.43549932"><ele>190.910</ele><time>2026-08-25T06:29:37Z</time><sat>36</sat></trkpt>
  <trkpt lat="38.73264102" lon="114.43560818"><ele>190.974</ele><time>2026-08-25T06:29:40Z</time><sat>35</sat></trkpt>
  <trkpt lat="38.73267186" lon="114.43571724"><ele>191.142</ele><time>2026-08-25T06:29:43Z</time><sat>32</sat></trkpt>
  <trkpt lat="38.73270060" lon="114.43582640"><ele>191.082</ele><time>2026-08-25T06:29:46Z</time><sat>33</sat></trkpt>
  <trkpt lat="38.73272861" lon="114.43593673"><ele>190.967</ele><time>2026-08-25T06:29:49Z</time><sat>32</sat></trkpt>
  <trkpt lat="38.73275638" lon="114.43604798"><ele>190.839</ele><time>2026-08-25T06:29:52Z</time><sat>35</sat></trkpt>
  <trkpt lat="38.73278677" lon="114.43615829"><ele>190.712</ele><time>2026-08-25T06:29:55Z</time><sat>33</sat></trkpt>
  <trkpt lat="38.73280476" lon="114.43626957"><ele>190.724</ele><time>2026-08-25T06:29:58Z</time><sat>34</sat></trkpt>
  <trkpt lat="38.73282590" lon="114.43638041"><ele>190.605</ele><time>2026-08-25T06:30:01Z</time><sat>36</sat></trkpt>
  <trkpt lat="38.73285522" lon="114.43649086"><ele>190.718</ele><time>2026-08-25T06:30:04Z</time><sat>35</sat></trkpt>
  <trkpt lat="38.73288291" lon="114.43660239"><ele>190.599</ele><time>2026-08-25T06:30:07Z</time><sat>32</sat></trkpt>
  <trkpt lat="38.73290212" lon="114.43671669"><ele>190.558</ele><time>2026-08-25T06:30:10Z</time><sat>35</sat></trkpt>
  <trkpt lat="38.73292211" lon="114.43683082"><ele>190.215</ele><time>2026-08-25T06:30:13Z</time><sat>35</sat></trkpt>
  <trkpt lat="38.73294210" lon="114.43694091"><ele>189.954</ele><time>2026-08-25T06:30:16Z</time><sat>34</sat></trkpt>
  <trkpt lat="38.73295794" lon="114.43705078"><ele>189.994</ele><time>2026-08-25T06:30:19Z</time><sat>33</sat></trkpt>
  <trkpt lat="38.73297490" lon="114.43716053"><ele>189.844</ele><time>2026-08-25T06:30:22Z</time><sat>34</sat></trkpt>
  <trkpt lat="38.73298539" lon="114.43727312"><ele>190.338</ele><time>2026-08-25T06:30:25Z</time><sat>36</sat></trkpt>
  <trkpt lat="38.73299198" lon="114.43738653"><ele>190.866</ele><time>2026-08-25T06:30:28Z</time><sat>36</sat></trkpt>
  <trkpt lat="38.73299373" lon="114.43749909"><ele>191.161</ele><time>2026-08-25T06:30:31Z</time><sat>36</sat></trkpt>
  <trkpt lat="38.73299250" lon="114.43761051"><ele>191.231</ele><time>2026-08-25T06:30:34Z</time><sat>35</sat></trkpt>
  <trkpt lat="38.73298789" lon="114.43772450"><ele>191.615</ele><time>2026-08-25T06:30:37Z</time><sat>35</sat></trkpt>
  <trkpt lat="38.73298438" lon="114.43783951"><ele>191.351</ele><time>2026-08-25T06:30:40Z</time><sat>34</sat></trkpt>
  <trkpt lat="38.73297442" lon="114.43795612"><ele>191.502</ele><time>2026-08-25T06:30:43Z</time><sat>35</sat></trkpt>
  <trkpt lat="38.73296864" lon="114.43807161"><ele>191.072</ele><time>2026-08-25T06:30:46Z</time><sat>35</sat></trkpt>
  <trkpt lat="38.73296448" lon="114.43818722"><ele>190.773</ele><time>2026-08-25T06:30:49Z</time><sat>35</sat></trkpt>
  <trkpt lat="38.73296089" lon="114.43830400"><ele>191.116</ele><time>2026-08-25T06:30:52Z</time><sat>33</sat></trkpt>
  <trkpt lat="38.73295966" lon="114.43841639"><ele>190.720</ele><time>2026-08-25T06:30:55Z</time><sat>35</sat></trkpt>
  <trkpt lat="38.73295490" lon="114.43852849"><ele>190.469</ele><time>2026-08-25T06:30:58Z</time><sat>35</sat></trkpt>
  <trkpt lat="38.73294950" lon="114.43864244"><ele>190.884</ele><time>2026-08-25T06:31:01Z</time><sat>37</sat></trkpt>
  <trkpt lat="38.73294303" lon="114.43875813"><ele>191.166</ele><time>2026-08-25T06:31:04Z</time><sat>34</sat></trkpt>
  <trkpt lat="38.73294028" lon="114.43887368"><ele>191.887</ele><time>2026-08-25T06:31:07Z</time><sat>34</sat></trkpt>
  <trkpt lat="38.73293781" lon="114.43898745"><ele>191.748</ele><time>2026-08-25T06:31:10Z</time><sat>36</sat></trkpt>
  <trkpt lat="38.73293750" lon="114.43909730"><ele>191.703</ele><time>2026-08-25T06:31:13Z</time><sat>34</sat></trkpt>
  <trkpt lat="38.73293544" lon="114.43920753"><ele>191.540</ele><time>2026-08-25T06:31:16Z</time><sat>34</sat></trkpt>
  <trkpt lat="38.73292847" lon="114.43931868"><ele>190.940</ele><time>2026-08-25T06:31:19Z</time><sat>32</sat></trkpt>
  <trkpt lat="38.73292227" lon="114.43943017"><ele>191.273</ele><time>2026-08-25T06:31:22Z</time><sat>33</sat></trkpt>
  <trkpt lat="38.73292266" lon="114.43954112"><ele>191.696</ele><time>2026-08-25T06:31:25Z</time><sat>33</sat></trkpt>
  <trkpt lat="38.73292209" lon="114.43965316"><ele>191.977</ele><time>2026-08-25T06:31:28Z</time><sat>34</sat></trkpt>
  <trkpt lat="38.73292062" lon="114.43977083"><ele>192.103</ele><time>2026-08-25T06:31:31Z</time><sat>35</sat></trkpt>
  <trkpt lat="38.73292006" lon="114.43988791"><ele>192.204</ele><time>2026-08-25T06:31:34Z</time><sat>34</sat></trkpt>
  <trkpt lat="38.73291638" lon="114.44000307"><ele>192.414</ele><time>2026-08-25T06:31:37Z</time><sat>35</sat></trkpt>
  <trkpt lat="38.73291396" lon="114.44011718"><ele>192.634</ele><time>2026-08-25T06:31:40Z</time><sat>35</sat></trkpt>
  <trkpt lat="38.73290587" lon="114.44022389"><ele>192.690</ele><time>2026-08-25T06:31:43Z</time><sat>34</sat></trkpt>
  <trkpt lat="38.73290659" lon="114.44033116"><ele>192.420</ele><time>2026-08-25T06:31:46Z</time><sat>35</sat></trkpt>
  <trkpt lat="38.73290718" lon="114.44044248"><ele>192.428</ele><time>2026-08-25T06:31:49Z</time><sat>33</sat></trkpt>
  <trkpt lat="38.73290337" lon="114.44055735"><ele>192.582</ele><time>2026-08-25T06:31:52Z</time><sat>33</sat></trkpt>
  <trkpt lat="38.73288931" lon="114.44068414"><ele>192.420</ele><time>2026-08-25T06:31:55Z</time><sat>33</sat></trkpt>
  <trkpt lat="38.73288096" lon="114.44080287"><ele>192.285</ele><time>2026-08-25T06:31:58Z</time><sat>35</sat></trkpt>
  <trkpt lat="38.73287124" lon="114.44091762"><ele>192.329</ele><time>2026-08-25T06:32:01Z</time><sat>35</sat></trkpt>
  <trkpt lat="38.73286530" lon="114.44103245"><ele>192.238</ele><time>2026-08-25T06:32:04Z</time><sat>36</sat></trkpt>
  <trkpt lat="38.73285869" lon="114.44114666"><ele>192.080</ele><time>2026-08-25T06:32:07Z</time><sat>36</sat></trkpt>
  <trkpt lat="38.73285187" lon="114.44126057"><ele>192.077</ele><time>2026-08-25T06:32:10Z</time><sat>37</sat></trkpt>
  <trkpt lat="38.73284504" lon="114.44137415"><ele>191.905</ele><time>2026-08-25T06:32:13Z</time><sat>37</sat></trkpt>
  <trkpt lat="38.73283749" lon="114.44148463"><ele>191.845</ele><time>2026-08-25T06:32:16Z</time><sat>36</sat></trkpt>
  <trkpt lat="38.73283933" lon="114.44160077"><ele>192.019</ele><time>2026-08-25T06:32:19Z</time><sat>36</sat></trkpt>
  <trkpt lat="38.73284059" lon="114.44171680"><ele>191.690</ele><time>2026-08-25T06:32:22Z</time><sat>36</sat></trkpt>
  <trkpt lat="38.73283640" lon="114.44183111"><ele>191.823</ele><time>2026-08-25T06:32:25Z</time><sat>36</sat></trkpt>
  <trkpt lat="38.73283543" lon="114.44194659"><ele>191.858</ele><time>2026-08-25T06:32:28Z</time><sat>35</sat></trkpt>
  <trkpt lat="38.73283413" lon="114.44206192"><ele>191.995</ele><time>2026-08-25T06:32:31Z</time><sat>35</sat></trkpt>
  <trkpt lat="38.73283369" lon="114.44217676"><ele>192.244</ele><time>2026-08-25T06:32:34Z</time><sat>35</sat></trkpt>
  <trkpt lat="38.73283396" lon="114.44229085"><ele>192.721</ele><time>2026-08-25T06:32:37Z</time><sat>33</sat></trkpt>
  <trkpt lat="38.73283060" lon="114.44240685"><ele>193.109</ele><time>2026-08-25T06:32:40Z</time><sat>33</sat></trkpt>
  <trkpt lat="38.73282655" lon="114.44252050"><ele>193.568</ele><time>2026-08-25T06:32:43Z</time><sat>35</sat></trkpt>
  <trkpt lat="38.73282080" lon="114.44263448"><ele>193.650</ele><time>2026-08-25T06:32:46Z</time><sat>36</sat></trkpt>
  <trkpt lat="38.73281415" lon="114.44274900"><ele>193.817</ele><time>2026-08-25T06:32:49Z</time><sat>36</sat></trkpt>
  <trkpt lat="38.73282045" lon="114.44285783"><ele>193.903</ele><time>2026-08-25T06:32:52Z</time><sat>35</sat></trkpt>
  <trkpt lat="38.73281308" lon="114.44297381"><ele>194.099</ele><time>2026-08-25T06:32:55Z</time><sat>35</sat></trkpt>
  <trkpt lat="38.73279163" lon="114.44309290"><ele>194.585</ele><time>2026-08-25T06:32:58Z</time><sat>35</sat></trkpt>
  <trkpt lat="38.73278402" lon="114.44320981"><ele>195.104</ele><time>2026-08-25T06:33:01Z</time><sat>36</sat></trkpt>
  <trkpt lat="38.73277744" lon="114.44332393"><ele>195.214</ele><time>2026-08-25T06:33:04Z</time><sat>36</sat></trkpt>
  <trkpt lat="38.73277339" lon="114.44343927"><ele>195.128</ele><time>2026-08-25T06:33:07Z</time><sat>35</sat></trkpt>
  <trkpt lat="38.73277213" lon="114.44355463"><ele>195.310</ele><time>2026-08-25T06:33:10Z</time><sat>35</sat></trkpt>
  <trkpt lat="38.73277256" lon="114.44366668"><ele>195.049</ele><time>2026-08-25T06:33:13Z</time><sat>32</sat></trkpt>
  <trkpt lat="38.73276627" lon="114.44378180"><ele>195.263</ele><time>2026-08-25T06:33:16Z</time><sat>34</sat></trkpt>
  <trkpt lat="38.73275904" lon="114.44389350"><ele>195.249</ele><time>2026-08-25T06:33:19Z</time><sat>33</sat></trkpt>
  <trkpt lat="38.73274982" lon="114.44400687"><ele>195.027</ele><time>2026-08-25T06:33:22Z</time><sat>35</sat></trkpt>
  <trkpt lat="38.73274278" lon="114.44411817"><ele>194.303</ele><time>2026-08-25T06:33:25Z</time><sat>36</sat></trkpt>
  <trkpt lat="38.73272816" lon="114.44422740"><ele>193.453</ele><time>2026-08-25T06:33:28Z</time><sat>35</sat></trkpt>
  <trkpt lat="38.73271392" lon="114.44433566"><ele>193.956</ele><time>2026-08-25T06:33:31Z</time><sat>37</sat></trkpt>
  <trkpt lat="38.73269852" lon="114.44444922"><ele>194.206</ele><time>2026-08-25T06:33:34Z</time><sat>37</sat></trkpt>
  <trkpt lat="38.73269547" lon="114.44456197"><ele>194.249</ele><time>2026-08-25T06:33:37Z</time><sat>37</sat></trkpt>
  <trkpt lat="38.73268775" lon="114.44467583"><ele>194.645</ele><time>2026-08-25T06:33:40Z</time><sat>37</sat></trkpt>
  <trkpt lat="38.73267348" lon="114.44478787"><ele>194.172</ele><time>2026-08-25T06:33:43Z</time><sat>37</sat></trkpt>
  <trkpt lat="38.73268994" lon="114.44489147"><ele>194.038</ele><time>2026-08-25T06:33:46Z</time><sat>37</sat></trkpt>
  <trkpt lat="38.73265170" lon="114.44501132"><ele>193.810</ele><time>2026-08-25T06:33:49Z</time><sat>37</sat></trkpt>
  <trkpt lat="38.73262583" lon="114.44512319"><ele>193.326</ele><time>2026-08-25T06:33:52Z</time><sat>37</sat></trkpt>
  <trkpt lat="38.73260387" lon="114.44522975"><ele>193.409</ele><time>2026-08-25T06:33:55Z</time><sat>37</sat></trkpt>
  <trkpt lat="38.73257763" lon="114.44533510"><ele>193.636</ele><time>2026-08-25T06:33:58Z</time><sat>37</sat></trkpt>
  <trkpt lat="38.73255445" lon="114.44544173"><ele>194.052</ele><time>2026-08-25T06:34:01Z</time><sat>37</sat></trkpt>
  <trkpt lat="38.73253389" lon="114.44555032"><ele>193.872</ele><time>2026-08-25T06:34:04Z</time><sat>37</sat></trkpt>
  <trkpt lat="38.73252003" lon="114.44566014"><ele>193.628</ele><time>2026-08-25T06:34:07Z</time><sat>37</sat></trkpt>
  <trkpt lat="38.73251365" lon="114.44576330"><ele>193.067</ele><time>2026-08-25T06:34:10Z</time><sat>37</sat></trkpt>
  <trkpt lat="38.73247872" lon="114.44586773"><ele>193.113</ele><time>2026-08-25T06:34:13Z</time><sat>35</sat></trkpt>
  <trkpt lat="38.73245499" lon="114.44597359"><ele>193.131</ele><time>2026-08-25T06:34:16Z</time><sat>35</sat></trkpt>
  <trkpt lat="38.73243793" lon="114.44608106"><ele>193.401</ele><time>2026-08-25T06:34:19Z</time><sat>35</sat></trkpt>
  <trkpt lat="38.73242341" lon="114.44618849"><ele>193.574</ele><time>2026-08-25T06:34:22Z</time><sat>34</sat></trkpt>
  <trkpt lat="38.73240884" lon="114.44629665"><ele>193.573</ele><time>2026-08-25T06:34:25Z</time><sat>34</sat></trkpt>
  <trkpt lat="38.73238829" lon="114.44639893"><ele>193.267</ele><time>2026-08-25T06:34:28Z</time><sat>35</sat></trkpt>
  <trkpt lat="38.73237721" lon="114.44650599"><ele>193.202</ele><time>2026-08-25T06:34:31Z</time><sat>35</sat></trkpt>
  <trkpt lat="38.73235991" lon="114.44661005"><ele>193.339</ele><time>2026-08-25T06:34:34Z</time><sat>35</sat></trkpt>
  <trkpt lat="38.73233486" lon="114.44671192"><ele>193.493</ele><time>2026-08-25T06:34:37Z</time><sat>35</sat></trkpt>
  <trkpt lat="38.73231400" lon="114.44681363"><ele>193.545</ele><time>2026-08-25T06:34:40Z</time><sat>35</sat></trkpt>
  <trkpt lat="38.73229985" lon="114.44691861"><ele>193.593</ele><time>2026-08-25T06:34:43Z</time><sat>35</sat></trkpt>
  <trkpt lat="38.73228882" lon="114.44702338"><ele>193.687</ele><time>2026-08-25T06:34:46Z</time><sat>35</sat></trkpt>
  <trkpt lat="38.73227619" lon="114.44713015"><ele>193.695</ele><time>2026-08-25T06:34:49Z</time><sat>35</sat></trkpt>
  <trkpt lat="38.73225723" lon="114.44723790"><ele>193.535</ele><time>2026-08-25T06:34:52Z</time><sat>35</sat></trkpt>
  <trkpt lat="38.73223487" lon="114.44734041"><ele>193.510</ele><time>2026-08-25T06:34:55Z</time><sat>35</sat></trkpt>
  <trkpt lat="38.73222202" lon="114.44744286"><ele>193.300</ele><time>2026-08-25T06:34:58Z</time><sat>36</sat></trkpt>
  <trkpt lat="38.73220553" lon="114.44754596"><ele>193.068</ele><time>2026-08-25T06:35:01Z</time><sat>36</sat></trkpt>
  <trkpt lat="38.73219272" lon="114.44764936"><ele>192.771</ele><time>2026-08-25T06:35:04Z</time><sat>35</sat></trkpt>
  <trkpt lat="38.73218509" lon="114.44775071"><ele>192.802</ele><time>2026-08-25T06:35:07Z</time><sat>33</sat></trkpt>
  <trkpt lat="38.73217191" lon="114.44785489"><ele>192.807</ele><time>2026-08-25T06:35:10Z</time><sat>34</sat></trkpt>
  <trkpt lat="38.73216231" lon="114.44796468"><ele>192.331</ele><time>2026-08-25T06:35:13Z</time><sat>36</sat></trkpt>
  <trkpt lat="38.73217139" lon="114.44807334"><ele>191.845</ele><time>2026-08-25T06:35:16Z</time><sat>37</sat></trkpt>
  <trkpt lat="38.73220122" lon="114.44817306"><ele>192.380</ele><time>2026-08-25T06:35:19Z</time><sat>37</sat></trkpt>
  <trkpt lat="38.73224905" lon="114.44826399"><ele>192.743</ele><time>2026-08-25T06:35:22Z</time><sat>37</sat></trkpt>
  <trkpt lat="38.73231186" lon="114.44834301"><ele>192.906</ele><time>2026-08-25T06:35:25Z</time><sat>37</sat></trkpt>
  <trkpt lat="38.73238637" lon="114.44841210"><ele>192.832</ele><time>2026-08-25T06:35:28Z</time><sat>36</sat></trkpt>
  <trkpt lat="38.73246667" lon="114.44847743"><ele>192.975</ele><time>2026-08-25T06:35:31Z</time><sat>37</sat></trkpt>
  <trkpt lat="38.73254413" lon="114.44854409"><ele>193.454</ele><time>2026-08-25T06:35:34Z</time><sat>37</sat></trkpt>
  <trkpt lat="38.73262393" lon="114.44860172"><ele>193.316</ele><time>2026-08-25T06:35:37Z</time><sat>37</sat></trkpt>
  <trkpt lat="38.73270200" lon="114.44866457"><ele>193.200</ele><time>2026-08-25T06:35:40Z</time><sat>37</sat></trkpt>
  <trkpt lat="38.73277829" lon="114.44872333"><ele>193.100</ele><time>2026-08-25T06:35:43Z</time><sat>37</sat></trkpt>
  <trkpt lat="38.73285088" lon="114.44877530"><ele>192.573</ele><time>2026-08-25T06:35:46Z</time><sat>37</sat></trkpt>
  <trkpt lat="38.73293104" lon="114.44882231"><ele>192.379</ele><time>2026-08-25T06:35:49Z</time><sat>36</sat></trkpt>
  <trkpt lat="38.73301477" lon="114.44886820"><ele>191.397</ele><time>2026-08-25T06:35:52Z</time><sat>36</sat></trkpt>
  <trkpt lat="38.73309863" lon="114.44890731"><ele>191.619</ele><time>2026-08-25T06:35:55Z</time><sat>35</sat></trkpt>
  <trkpt lat="38.73318102" lon="114.44895738"><ele>191.479</ele><time>2026-08-25T06:35:58Z</time><sat>37</sat></trkpt>
  <trkpt lat="38.73326281" lon="114.44901302"><ele>191.413</ele><time>2026-08-25T06:36:01Z</time><sat>36</sat></trkpt>
  <trkpt lat="38.73334317" lon="114.44906994"><ele>191.778</ele><time>2026-08-25T06:36:04Z</time><sat>36</sat></trkpt>
  <trkpt lat="38.73342187" lon="114.44912456"><ele>191.825</ele><time>2026-08-25T06:36:07Z</time><sat>36</sat></trkpt>
  <trkpt lat="38.73349884" lon="114.44918671"><ele>191.857</ele><time>2026-08-25T06:36:10Z</time><sat>34</sat></trkpt>
  <trkpt lat="38.73357881" lon="114.44924768"><ele>192.278</ele><time>2026-08-25T06:36:13Z</time><sat>35</sat></trkpt>
  <trkpt lat="38.73366302" lon="114.44928659"><ele>192.271</ele><time>2026-08-25T06:36:16Z</time><sat>35</sat></trkpt>
  <trkpt lat="38.73375316" lon="114.44931366"><ele>192.179</ele><time>2026-08-25T06:36:19Z</time><sat>34</sat></trkpt>
  <trkpt lat="38.73384107" lon="114.44934557"><ele>192.287</ele><time>2026-08-25T06:36:22Z</time><sat>37</sat></trkpt>
  <trkpt lat="38.73393023" lon="114.44935375"><ele>192.773</ele><time>2026-08-25T06:36:25Z</time><sat>36</sat></trkpt>
  <trkpt lat="38.73402274" lon="114.44935150"><ele>193.067</ele><time>2026-08-25T06:36:28Z</time><sat>35</sat></trkpt>
  <trkpt lat="38.73411901" lon="114.44933741"><ele>193.107</ele><time>2026-08-25T06:36:31Z</time><sat>35</sat></trkpt>
  <trkpt lat="38.73420963" lon="114.44930076"><ele>192.987</ele><time>2026-08-25T06:36:34Z</time><sat>36</sat></trkpt>
  <trkpt lat="38.73429151" lon="114.44926078"><ele>193.202</ele><time>2026-08-25T06:36:37Z</time><sat>36</sat></trkpt>
  <trkpt lat="38.73436526" lon="114.44920043"><ele>193.312</ele><time>2026-08-25T06:36:40Z</time><sat>36</sat></trkpt>
  <trkpt lat="38.73443233" lon="114.44912464"><ele>192.813</ele><time>2026-08-25T06:36:43Z</time><sat>35</sat></trkpt>
  <trkpt lat="38.73449669" lon="114.44903440"><ele>192.431</ele><time>2026-08-25T06:36:46Z</time><sat>37</sat></trkpt>
  <trkpt lat="38.73455051" lon="114.44893789"><ele>192.198</ele><time>2026-08-25T06:36:49Z</time><sat>37</sat></trkpt>
  <trkpt lat="38.73461555" lon="114.44885387"><ele>191.939</ele><time>2026-08-25T06:36:52Z</time><sat>37</sat></trkpt>
  <trkpt lat="38.73465990" lon="114.44875250"><ele>191.914</ele><time>2026-08-25T06:36:55Z</time><sat>37</sat></trkpt>
  <trkpt lat="38.73470478" lon="114.44865561"><ele>192.279</ele><time>2026-08-25T06:36:58Z</time><sat>37</sat></trkpt>
  <trkpt lat="38.73475523" lon="114.44856598"><ele>192.131</ele><time>2026-08-25T06:37:01Z</time><sat>36</sat></trkpt>
  <trkpt lat="38.73479400" lon="114.44846719"><ele>191.972</ele><time>2026-08-25T06:37:04Z</time><sat>36</sat></trkpt>
  <trkpt lat="38.73482790" lon="114.44837309"><ele>192.363</ele><time>2026-08-25T06:37:07Z</time><sat>36</sat></trkpt>
  <trkpt lat="38.73485252" lon="114.44828452"><ele>192.337</ele><time>2026-08-25T06:37:10Z</time><sat>36</sat></trkpt>
  <trkpt lat="38.73491750" lon="114.44820097"><ele>192.043</ele><time>2026-08-25T06:37:13Z</time><sat>36</sat></trkpt>
  <trkpt lat="38.73498599" lon="114.44811265"><ele>191.673</ele><time>2026-08-25T06:37:16Z</time><sat>35</sat></trkpt>
  <trkpt lat="38.73504213" lon="114.44802465"><ele>191.307</ele><time>2026-08-25T06:37:19Z</time><sat>35</sat></trkpt>
  <trkpt lat="38.73509599" lon="114.44793588"><ele>190.916</ele><time>2026-08-25T06:37:22Z</time><sat>35</sat></trkpt>
  <trkpt lat="38.73515147" lon="114.44785091"><ele>191.421</ele><time>2026-08-25T06:37:25Z</time><sat>35</sat></trkpt>
  <trkpt lat="38.73520752" lon="114.44776970"><ele>191.710</ele><time>2026-08-25T06:37:28Z</time><sat>35</sat></trkpt>
  <trkpt lat="38.73525994" lon="114.44768560"><ele>192.093</ele><time>2026-08-25T06:37:31Z</time><sat>35</sat></trkpt>
  <trkpt lat="38.73531047" lon="114.44759749"><ele>191.848</ele><time>2026-08-25T06:37:34Z</time><sat>33</sat></trkpt>
  <trkpt lat="38.73535975" lon="114.44750836"><ele>192.099</ele><time>2026-08-25T06:37:37Z</time><sat>34</sat></trkpt>
  <trkpt lat="38.73541403" lon="114.44741895"><ele>191.869</ele><time>2026-08-25T06:37:40Z</time><sat>35</sat></trkpt>
  <trkpt lat="38.73546169" lon="114.44732873"><ele>192.166</ele><time>2026-08-25T06:37:43Z</time><sat>35</sat></trkpt>
  <trkpt lat="38.73550712" lon="114.44722864"><ele>191.377</ele><time>2026-08-25T06:37:46Z</time><sat>34</sat></trkpt>
  <trkpt lat="38.73555909" lon="114.44713192"><ele>190.795</ele><time>2026-08-25T06:37:49Z</time><sat>33</sat></trkpt>
  <trkpt lat="38.73562133" lon="114.44704915"><ele>190.836</ele><time>2026-08-25T06:37:52Z</time><sat>35</sat></trkpt>
  <trkpt lat="38.73567745" lon="114.44696431"><ele>190.728</ele><time>2026-08-25T06:37:55Z</time><sat>36</sat></trkpt>
  <trkpt lat="38.73573551" lon="114.44687853"><ele>191.089</ele><time>2026-08-25T06:37:58Z</time><sat>35</sat></trkpt>
  <trkpt lat="38.73579022" lon="114.44679026"><ele>191.994</ele><time>2026-08-25T06:38:01Z</time><sat>36</sat></trkpt>
  <trkpt lat="38.73584090" lon="114.44670179"><ele>191.889</ele><time>2026-08-25T06:38:04Z</time><sat>36</sat></trkpt>
  <trkpt lat="38.73589123" lon="114.44661392"><ele>191.823</ele><time>2026-08-25T06:38:07Z</time><sat>36</sat></trkpt>
  <trkpt lat="38.73593367" lon="114.44652194"><ele>192.180</ele><time>2026-08-25T06:38:10Z</time><sat>34</sat></trkpt>
  <trkpt lat="38.73598221" lon="114.44642937"><ele>192.485</ele><time>2026-08-25T06:38:13Z</time><sat>36</sat></trkpt>
  <trkpt lat="38.73603163" lon="114.44633992"><ele>192.773</ele><time>2026-08-25T06:38:16Z</time><sat>36</sat></trkpt>
  <trkpt lat="38.73608176" lon="114.44625206"><ele>192.627</ele><time>2026-08-25T06:38:19Z</time><sat>36</sat></trkpt>
  <trkpt lat="38.73613352" lon="114.44616294"><ele>192.269</ele><time>2026-08-25T06:38:22Z</time><sat>36</sat></trkpt>
  <trkpt lat="38.73618603" lon="114.44607162"><ele>192.110</ele><time>2026-08-25T06:38:25Z</time><sat>36</sat></trkpt>
  <trkpt lat="38.73624543" lon="114.44598989"><ele>192.038</ele><time>2026-08-25T06:38:28Z</time><sat>35</sat></trkpt>
  <trkpt lat="38.73629956" lon="114.44590064"><ele>191.828</ele><time>2026-08-25T06:38:31Z</time><sat>36</sat></trkpt>
  <trkpt lat="38.73634851" lon="114.44581724"><ele>192.056</ele><time>2026-08-25T06:38:34Z</time><sat>36</sat></trkpt>
  <trkpt lat="38.73639663" lon="114.44573835"><ele>191.990</ele><time>2026-08-25T06:38:37Z</time><sat>36</sat></trkpt>
  <trkpt lat="38.73644495" lon="114.44565946"><ele>192.142</ele><time>2026-08-25T06:38:40Z</time><sat>36</sat></trkpt>
  <trkpt lat="38.73649038" lon="114.44559321"><ele>192.054</ele><time>2026-08-25T06:38:43Z</time><sat>35</sat></trkpt>
  <trkpt lat="38.73653401" lon="114.44552699"><ele>192.217</ele><time>2026-08-25T06:38:46Z</time><sat>34</sat></trkpt>
  <trkpt lat="38.73657546" lon="114.44546508"><ele>191.968</ele><time>2026-08-25T06:38:49Z</time><sat>33</sat></trkpt>
  <trkpt lat="38.73661625" lon="114.44540409"><ele>192.040</ele><time>2026-08-25T06:38:52Z</time><sat>35</sat></trkpt>
  <trkpt lat="38.73665513" lon="114.44534670"><ele>191.987</ele><time>2026-08-25T06:38:55Z</time><sat>33</sat></trkpt>
  <trkpt lat="38.73668881" lon="114.44529476"><ele>192.115</ele><time>2026-08-25T06:38:58Z</time><sat>34</sat></trkpt>
  <trkpt lat="38.73671817" lon="114.44524112"><ele>191.809</ele><time>2026-08-25T06:39:01Z</time><sat>34</sat></trkpt>
  <trkpt lat="38.73674730" lon="114.44519438"><ele>191.811</ele><time>2026-08-25T06:39:04Z</time><sat>35</sat></trkpt>
  <trkpt lat="38.73677205" lon="114.44515671"><ele>191.692</ele><time>2026-08-25T06:39:07Z</time><sat>35</sat></trkpt>
  <trkpt lat="38.73679264" lon="114.44512441"><ele>191.977</ele><time>2026-08-25T06:39:10Z</time><sat>35</sat></trkpt>
  <trkpt lat="38.73680908" lon="114.44509457"><ele>190.977</ele><time>2026-08-25T06:39:13Z</time><sat>35</sat></trkpt>
  <trkpt lat="38.73682766" lon="114.44507053"><ele>191.049</ele><time>2026-08-25T06:39:16Z</time><sat>35</sat></trkpt>
  <trkpt lat="38.73684576" lon="114.44504896"><ele>191.225</ele><time>2026-08-25T06:39:19Z</time><sat>34</sat></trkpt>
  <trkpt lat="38.73685715" lon="114.44502677"><ele>191.654</ele><time>2026-08-25T06:39:22Z</time><sat>33</sat></trkpt>
  <trkpt lat="38.73686488" lon="114.44501593"><ele>192.459</ele><time>2026-08-25T06:39:25Z</time><sat>32</sat></trkpt>
  <trkpt lat="38.73687361" lon="114.44502268"><ele>192.837</ele><time>2026-08-25T06:39:28Z</time><sat>34</sat></trkpt>
  <trkpt lat="38.73687621" lon="114.44501401"><ele>193.309</ele><time>2026-08-25T06:39:31Z</time><sat>35</sat></trkpt>
  <trkpt lat="38.73688452" lon="114.44499941"><ele>192.624</ele><time>2026-08-25T06:39:34Z</time><sat>35</sat></trkpt>
  <trkpt lat="38.73688886" lon="114.44499150"><ele>192.374</ele><time>2026-08-25T06:39:37Z</time><sat>36</sat></trkpt>
  <trkpt lat="38.73689203" lon="114.44498660"><ele>192.002</ele><time>2026-08-25T06:39:40Z</time><sat>36</sat></trkpt>
  <trkpt lat="38.73690237" lon="114.44497133"><ele>192.275</ele><time>2026-08-25T06:39:43Z</time><sat>36</sat></trkpt>
  <trkpt lat="38.73690910" lon="114.44495944"><ele>193.491</ele><time>2026-08-25T06:39:46Z</time><sat>36</sat></trkpt>
  <trkpt lat="38.73690724" lon="114.44495668"><ele>193.984</ele><time>2026-08-25T06:39:49Z</time><sat>36</sat></trkpt>
  <trkpt lat="38.73690784" lon="114.44495755"><ele>194.329</ele><time>2026-08-25T06:39:52Z</time><sat>36</sat></trkpt>
  <trkpt lat="38.73690250" lon="114.44495710"><ele>194.822</ele><time>2026-08-25T06:39:55Z</time><sat>36</sat></trkpt>
  <trkpt lat="38.73690098" lon="114.44495882"><ele>194.758</ele><time>2026-08-25T06:39:58Z</time><sat>36</sat></trkpt>
  <trkpt lat="38.73690002" lon="114.44495998"><ele>194.740</ele><time>2026-08-25T06:40:01Z</time><sat>34</sat></trkpt>
  <trkpt lat="38.73690029" lon="114.44496006"><ele>194.729</ele><time>2026-08-25T06:40:04Z</time><sat>34</sat></trkpt>
  <trkpt lat="38.73690024" lon="114.44496017"><ele>194.727</ele><time>2026-08-25T06:40:07Z</time><sat>34</sat></trkpt>
  <trkpt lat="38.73691218" lon="114.44495154"><ele>194.762</ele><time>2026-08-25T06:40:10Z</time><sat>36</sat></trkpt>
  <trkpt lat="38.73691489" lon="114.44494677"><ele>194.573</ele><time>2026-08-25T06:40:13Z</time><sat>36</sat></trkpt>
  <trkpt lat="38.73691733" lon="114.44494071"><ele>194.635</ele><time>2026-08-25T06:40:16Z</time><sat>36</sat></trkpt>
  <trkpt lat="38.73693171" lon="114.44493576"><ele>195.009</ele><time>2026-08-25T06:40:19Z</time><sat>36</sat></trkpt>
  <trkpt lat="38.73694557" lon="114.44492755"><ele>195.106</ele><time>2026-08-25T06:40:22Z</time><sat>36</sat></trkpt>
  <trkpt lat="38.73696371" lon="114.44491628"><ele>195.240</ele><time>2026-08-25T06:40:25Z</time><sat>36</sat></trkpt>
  <trkpt lat="38.73697526" lon="114.44490903"><ele>195.307</ele><time>2026-08-25T06:40:28Z</time><sat>36</sat></trkpt>
  <trkpt lat="38.73699017" lon="114.44490769"><ele>196.005</ele><time>2026-08-25T06:40:31Z</time><sat>36</sat></trkpt>
  <trkpt lat="38.73700095" lon="114.44490443"><ele>195.961</ele><time>2026-08-25T06:40:34Z</time><sat>36</sat></trkpt>
  <trkpt lat="38.73700489" lon="114.44490594"><ele>196.078</ele><time>2026-08-25T06:40:37Z</time><sat>36</sat></trkpt>
  <trkpt lat="38.73700538" lon="114.44490554"><ele>196.111</ele><time>2026-08-25T06:40:40Z</time><sat>36</sat></trkpt>
  <trkpt lat="38.73700657" lon="114.44490470"><ele>196.283</ele><time>2026-08-25T06:40:43Z</time><sat>36</sat></trkpt>
  <trkpt lat="38.73700836" lon="114.44490190"><ele>196.444</ele><time>2026-08-25T06:40:46Z</time><sat>36</sat></trkpt>
  <trkpt lat="38.73701378" lon="114.44490147"><ele>197.179</ele><time>2026-08-25T06:40:49Z</time><sat>36</sat></trkpt>
  <trkpt lat="38.73701382" lon="114.44490158"><ele>197.182</ele><time>2026-08-25T06:40:52Z</time><sat>33</sat></trkpt>
  <trkpt lat="38.73701393" lon="114.44490156"><ele>197.185</ele><time>2026-08-25T06:40:55Z</time><sat>34</sat></trkpt>
  <trkpt lat="38.73701399" lon="114.44490155"><ele>197.190</ele><time>2026-08-25T06:40:58Z</time><sat>32</sat></trkpt>
  <trkpt lat="38.73701406" lon="114.44490159"><ele>197.196</ele><time>2026-08-25T06:41:01Z</time><sat>35</sat></trkpt>
  <trkpt lat="38.73701411" lon="114.44490159"><ele>197.203</ele><time>2026-08-25T06:41:04Z</time><sat>35</sat></trkpt>
  <trkpt lat="38.73701413" lon="114.44490162"><ele>197.207</ele><time>2026-08-25T06:41:07Z</time><sat>31</sat></trkpt>
  <trkpt lat="38.73701500" lon="114.44490246"><ele>197.356</ele><time>2026-08-25T06:41:10Z</time><sat>31</sat></trkpt>
  <trkpt lat="38.73703077" lon="114.44490680"><ele>197.766</ele><time>2026-08-25T06:41:13Z</time><sat>34</sat></trkpt>
  <trkpt lat="38.73705317" lon="114.44491569"><ele>198.229</ele><time>2026-08-25T06:41:16Z</time><sat>36</sat></trkpt>
  <trkpt lat="38.73707395" lon="114.44491729"><ele>198.185</ele><time>2026-08-25T06:41:19Z</time><sat>36</sat></trkpt>
  <trkpt lat="38.73709397" lon="114.44492662"><ele>199.171</ele><time>2026-08-25T06:41:22Z</time><sat>36</sat></trkpt>
  <trkpt lat="38.73711509" lon="114.44493569"><ele>200.186</ele><time>2026-08-25T06:41:25Z</time><sat>35</sat></trkpt>
  <trkpt lat="38.73713540" lon="114.44494089"><ele>200.408</ele><time>2026-08-25T06:41:28Z</time><sat>33</sat></trkpt>
  <trkpt lat="38.73715945" lon="114.44493325"><ele>201.107</ele><time>2026-08-25T06:41:31Z</time><sat>34</sat></trkpt>
  <trkpt lat="38.73718185" lon="114.44493497"><ele>201.000</ele><time>2026-08-25T06:41:34Z</time><sat>35</sat></trkpt>
  <trkpt lat="38.73719530" lon="114.44493749"><ele>201.117</ele><time>2026-08-25T06:41:37Z</time><sat>35</sat></trkpt>
  <trkpt lat="38.73721267" lon="114.44493460"><ele>200.622</ele><time>2026-08-25T06:41:40Z</time><sat>35</sat></trkpt>
  <trkpt lat="38.73722965" lon="114.44494346"><ele>201.630</ele><time>2026-08-25T06:41:43Z</time><sat>34</sat></trkpt>
  <trkpt lat="38.73724717" lon="114.44494060"><ele>202.675</ele><time>2026-08-25T06:41:46Z</time><sat>35</sat></trkpt>
  <trkpt lat="38.73726623" lon="114.44495808"><ele>201.756</ele><time>2026-08-25T06:41:49Z</time><sat>36</sat></trkpt>
  <trkpt lat="38.73728337" lon="114.44497930"><ele>201.122</ele><time>2026-08-25T06:41:52Z</time><sat>36</sat></trkpt>
  <trkpt lat="38.73730044" lon="114.44500150"><ele>200.932</ele><time>2026-08-25T06:41:55Z</time><sat>36</sat></trkpt>
  <trkpt lat="38.73731910" lon="114.44502598"><ele>201.343</ele><time>2026-08-25T06:41:58Z</time><sat>36</sat></trkpt>
  <trkpt lat="38.73732864" lon="114.44505303"><ele>201.868</ele><time>2026-08-25T06:42:01Z</time><sat>35</sat></trkpt>
  <trkpt lat="38.73733988" lon="114.44507709"><ele>202.334</ele><time>2026-08-25T06:42:04Z</time><sat>35</sat></trkpt>
  <trkpt lat="38.73735286" lon="114.44510720"><ele>202.247</ele><time>2026-08-25T06:42:07Z</time><sat>33</sat></trkpt>
  <trkpt lat="38.73737037" lon="114.44513252"><ele>202.558</ele><time>2026-08-25T06:42:10Z</time><sat>34</sat></trkpt>
  <trkpt lat="38.73739026" lon="114.44515757"><ele>202.003</ele><time>2026-08-25T06:42:13Z</time><sat>36</sat></trkpt>
  <trkpt lat="38.73740898" lon="114.44517596"><ele>201.337</ele><time>2026-08-25T06:42:16Z</time><sat>36</sat></trkpt>
  <trkpt lat="38.73742962" lon="114.44520180"><ele>201.304</ele><time>2026-08-25T06:42:19Z</time><sat>35</sat></trkpt>
  <trkpt lat="38.73745485" lon="114.44522015"><ele>201.828</ele><time>2026-08-25T06:42:22Z</time><sat>34</sat></trkpt>
  <trkpt lat="38.73748056" lon="114.44523913"><ele>201.574</ele><time>2026-08-25T06:42:25Z</time><sat>34</sat></trkpt>
  <trkpt lat="38.73750116" lon="114.44526076"><ele>202.067</ele><time>2026-08-25T06:42:28Z</time><sat>33</sat></trkpt>
  <trkpt lat="38.73752127" lon="114.44528846"><ele>201.516</ele><time>2026-08-25T06:42:31Z</time><sat>34</sat></trkpt>
  <trkpt lat="38.73753895" lon="114.44531414"><ele>202.277</ele><time>2026-08-25T06:42:34Z</time><sat>36</sat></trkpt>
  <trkpt lat="38.73755120" lon="114.44533482"><ele>200.978</ele><time>2026-08-25T06:42:37Z</time><sat>36</sat></trkpt>
  <trkpt lat="38.73755411" lon="114.44537831"><ele>202.623</ele><time>2026-08-25T06:42:40Z</time><sat>33</sat></trkpt>
  <trkpt lat="38.73755215" lon="114.44542446"><ele>203.943</ele><time>2026-08-25T06:42:43Z</time><sat>33</sat></trkpt>
  <trkpt lat="38.73755543" lon="114.44546683"><ele>204.868</ele><time>2026-08-25T06:42:46Z</time><sat>33</sat></trkpt>
  <trkpt lat="38.73755822" lon="114.44548578"><ele>205.130</ele><time>2026-08-25T06:42:49Z</time><sat>33</sat></trkpt>
  <trkpt lat="38.73754221" lon="114.44549771"><ele>206.216</ele><time>2026-08-25T06:42:52Z</time><sat>34</sat></trkpt>
  <trkpt lat="38.73754119" lon="114.44552670"><ele>205.055</ele><time>2026-08-25T06:42:55Z</time><sat>34</sat></trkpt>
  <trkpt lat="38.73754379" lon="114.44556140"><ele>204.614</ele><time>2026-08-25T06:42:58Z</time><sat>34</sat></trkpt>
  <trkpt lat="38.73754334" lon="114.44559779"><ele>205.023</ele><time>2026-08-25T06:43:01Z</time><sat>33</sat></trkpt>
  <trkpt lat="38.73754654" lon="114.44563076"><ele>204.846</ele><time>2026-08-25T06:43:04Z</time><sat>32</sat></trkpt>
  <trkpt lat="38.73754356" lon="114.44566240"><ele>204.717</ele><time>2026-08-25T06:43:07Z</time><sat>33</sat></trkpt>
  <trkpt lat="38.73755606" lon="114.44569584"><ele>205.468</ele><time>2026-08-25T06:43:10Z</time><sat>33</sat></trkpt>
  <trkpt lat="38.73757810" lon="114.44573013"><ele>205.037</ele><time>2026-08-25T06:43:13Z</time><sat>32</sat></trkpt>
  <trkpt lat="38.73759601" lon="114.44575825"><ele>206.226</ele><time>2026-08-25T06:43:16Z</time><sat>33</sat></trkpt>
  <trkpt lat="38.73761250" lon="114.44578413"><ele>206.451</ele><time>2026-08-25T06:43:19Z</time><sat>34</sat></trkpt>
  <trkpt lat="38.73762782" lon="114.44580848"><ele>207.342</ele><time>2026-08-25T06:43:22Z</time><sat>33</sat></trkpt>
  <trkpt lat="38.73765123" lon="114.44582872"><ele>207.959</ele><time>2026-08-25T06:43:25Z</time><sat>33</sat></trkpt>
  <trkpt lat="38.73767670" lon="114.44584667"><ele>208.359</ele><time>2026-08-25T06:43:28Z</time><sat>35</sat></trkpt>
  <trkpt lat="38.73770187" lon="114.44585393"><ele>207.930</ele><time>2026-08-25T06:43:31Z</time><sat>35</sat></trkpt>
  <trkpt lat="38.73771814" lon="114.44586776"><ele>207.536</ele><time>2026-08-25T06:43:34Z</time><sat>35</sat></trkpt>
  <trkpt lat="38.73771385" lon="114.44587009"><ele>205.752</ele><time>2026-08-25T06:43:37Z</time><sat>35</sat></trkpt>
  <trkpt lat="38.73769645" lon="114.44589020"><ele>206.501</ele><time>2026-08-25T06:43:40Z</time><sat>34</sat></trkpt>
  <trkpt lat="38.73769652" lon="114.44589781"><ele>205.816</ele><time>2026-08-25T06:43:43Z</time><sat>34</sat></trkpt>
  <trkpt lat="38.73769111" lon="114.44591895"><ele>205.236</ele><time>2026-08-25T06:43:46Z</time><sat>36</sat></trkpt>
  <trkpt lat="38.73767983" lon="114.44591949"><ele>205.104</ele><time>2026-08-25T06:43:49Z</time><sat>36</sat></trkpt>
  <trkpt lat="38.73767839" lon="114.44591928"><ele>205.104</ele><time>2026-08-25T06:43:52Z</time><sat>35</sat></trkpt>
  <trkpt lat="38.73767799" lon="114.44591661"><ele>205.382</ele><time>2026-08-25T06:43:55Z</time><sat>34</sat></trkpt>
  <trkpt lat="38.73767781" lon="114.44591491"><ele>205.456</ele><time>2026-08-25T06:43:58Z</time><sat>32</sat></trkpt>
  <trkpt lat="38.73767783" lon="114.44591486"><ele>205.458</ele><time>2026-08-25T06:44:01Z</time><sat>28</sat></trkpt>
  <trkpt lat="38.73768147" lon="114.44591174"><ele>205.405</ele><time>2026-08-25T06:44:04Z</time><sat>33</sat></trkpt>
  <trkpt lat="38.73768162" lon="114.44591152"><ele>205.420</ele><time>2026-08-25T06:44:07Z</time><sat>34</sat></trkpt>
  <trkpt lat="38.73770726" lon="114.44589883"><ele>205.474</ele><time>2026-08-25T06:44:10Z</time><sat>33</sat></trkpt>
  <trkpt lat="38.73772783" lon="114.44588536"><ele>205.164</ele><time>2026-08-25T06:44:13Z</time><sat>31</sat></trkpt>
  <trkpt lat="38.73773081" lon="114.44587917"><ele>205.134</ele><time>2026-08-25T06:44:16Z</time><sat>33</sat></trkpt>
  <trkpt lat="38.73773107" lon="114.44587905"><ele>205.138</ele><time>2026-08-25T06:44:19Z</time><sat>34</sat></trkpt>
  <trkpt lat="38.73773128" lon="114.44587897"><ele>205.146</ele><time>2026-08-25T06:44:22Z</time><sat>33</sat></trkpt>
  <trkpt lat="38.73773148" lon="114.44587886"><ele>205.155</ele><time>2026-08-25T06:44:25Z</time><sat>33</sat></trkpt>
  <trkpt lat="38.73773209" lon="114.44587498"><ele>205.124</ele><time>2026-08-25T06:44:28Z</time><sat>32</sat></trkpt>
  <trkpt lat="38.73774041" lon="114.44586932"><ele>205.454</ele><time>2026-08-25T06:44:31Z</time><sat>32</sat></trkpt>
  <trkpt lat="38.73774541" lon="114.44586784"><ele>206.115</ele><time>2026-08-25T06:44:34Z</time><sat>32</sat></trkpt>
  <trkpt lat="38.73774513" lon="114.44586783"><ele>206.374</ele><time>2026-08-25T06:44:37Z</time><sat>33</sat></trkpt>
  <trkpt lat="38.73775000" lon="114.44587015"><ele>206.450</ele><time>2026-08-25T06:44:40Z</time><sat>33</sat></trkpt>
  <trkpt lat="38.73775055" lon="114.44587079"><ele>206.457</ele><time>2026-08-25T06:44:43Z</time><sat>34</sat></trkpt>
  <trkpt lat="38.73775341" lon="114.44586984"><ele>206.412</ele><time>2026-08-25T06:44:46Z</time><sat>34</sat></trkpt>
  <trkpt lat="38.73775507" lon="114.44586502"><ele>206.619</ele><time>2026-08-25T06:44:49Z</time><sat>34</sat></trkpt>
  <trkpt lat="38.73775537" lon="114.44586464"><ele>206.636</ele><time>2026-08-25T06:44:52Z</time><sat>32</sat></trkpt>
  <trkpt lat="38.73775548" lon="114.44586440"><ele>206.650</ele><time>2026-08-25T06:44:55Z</time><sat>33</sat></trkpt>
  <trkpt lat="38.73776794" lon="114.44586478"><ele>207.116</ele><time>2026-08-25T06:44:58Z</time><sat>33</sat></trkpt>
  <trkpt lat="38.73779879" lon="114.44586577"><ele>207.411</ele><time>2026-08-25T06:45:01Z</time><sat>32</sat></trkpt>
  <trkpt lat="38.73783882" lon="114.44586306"><ele>207.941</ele><time>2026-08-25T06:45:04Z</time><sat>32</sat></trkpt>
  <trkpt lat="38.73790565" lon="114.44581526"><ele>206.606</ele><time>2026-08-25T06:45:07Z</time><sat>35</sat></trkpt>
  <trkpt lat="38.73799424" lon="114.44574551"><ele>206.063</ele><time>2026-08-25T06:45:10Z</time><sat>34</sat></trkpt>
  <trkpt lat="38.73808588" lon="114.44567496"><ele>208.522</ele><time>2026-08-25T06:45:13Z</time><sat>35</sat></trkpt>
  <trkpt lat="38.73814207" lon="114.44559582"><ele>209.147</ele><time>2026-08-25T06:45:16Z</time><sat>28</sat></trkpt>
  <trkpt lat="38.73819871" lon="114.44553727"><ele>208.624</ele><time>2026-08-25T06:45:19Z</time><sat>32</sat></trkpt>
  <trkpt lat="38.73825314" lon="114.44552101"><ele>209.474</ele><time>2026-08-25T06:45:22Z</time><sat>36</sat></trkpt>
  <trkpt lat="38.73832242" lon="114.44550418"><ele>208.674</ele><time>2026-08-25T06:45:25Z</time><sat>35</sat></trkpt>
  <trkpt lat="38.73840085" lon="114.44551101"><ele>208.793</ele><time>2026-08-25T06:45:28Z</time><sat>34</sat></trkpt>
  <trkpt lat="38.73847212" lon="114.44552381"><ele>208.601</ele><time>2026-08-25T06:45:31Z</time><sat>30</sat></trkpt>
  <trkpt lat="38.73853774" lon="114.44554354"><ele>209.284</ele><time>2026-08-25T06:45:34Z</time><sat>28</sat></trkpt>
  <trkpt lat="38.73858189" lon="114.44554331"><ele>209.647</ele><time>2026-08-25T06:45:37Z</time><sat>30</sat></trkpt>
  <trkpt lat="38.73861027" lon="114.44550758"><ele>210.220</ele><time>2026-08-25T06:45:40Z</time><sat>32</sat></trkpt>
  <trkpt lat="38.73864637" lon="114.44542101"><ele>210.259</ele><time>2026-08-25T06:45:43Z</time><sat>35</sat></trkpt>
  <trkpt lat="38.73868498" lon="114.44532967"><ele>210.742</ele><time>2026-08-25T06:45:46Z</time><sat>35</sat></trkpt>
  <trkpt lat="38.73872095" lon="114.44529636"><ele>209.631</ele><time>2026-08-25T06:45:49Z</time><sat>33</sat></trkpt>
  <trkpt lat="38.73875833" lon="114.44531157"><ele>209.142</ele><time>2026-08-25T06:45:52Z</time><sat>31</sat></trkpt>
  <trkpt lat="38.73882920" lon="114.44535850"><ele>207.946</ele><time>2026-08-25T06:45:55Z</time><sat>32</sat></trkpt>
  <trkpt lat="38.73890702" lon="114.44540963"><ele>207.307</ele><time>2026-08-25T06:45:58Z</time><sat>31</sat></trkpt>
  <trkpt lat="38.73898415" lon="114.44544571"><ele>205.275</ele><time>2026-08-25T06:46:01Z</time><sat>31</sat></trkpt>
  <trkpt lat="38.73908315" lon="114.44550254"><ele>205.502</ele><time>2026-08-25T06:46:04Z</time><sat>29</sat></trkpt>
  <trkpt lat="38.73918560" lon="114.44556807"><ele>205.245</ele><time>2026-08-25T06:46:07Z</time><sat>30</sat></trkpt>
  <trkpt lat="38.73925235" lon="114.44560169"><ele>205.469</ele><time>2026-08-25T06:46:10Z</time><sat>28</sat></trkpt>
  <trkpt lat="38.73930147" lon="114.44557713"><ele>206.970</ele><time>2026-08-25T06:46:13Z</time><sat>28</sat></trkpt>
  <trkpt lat="38.73935149" lon="114.44548650"><ele>207.153</ele><time>2026-08-25T06:46:16Z</time><sat>30</sat></trkpt>
  <trkpt lat="38.73940096" lon="114.44547210"><ele>206.938</ele><time>2026-08-25T06:46:19Z</time><sat>29</sat></trkpt>
  <trkpt lat="38.73950358" lon="114.44553283"><ele>206.109</ele><time>2026-08-25T06:46:22Z</time><sat>31</sat></trkpt>
  <trkpt lat="38.73962353" lon="114.44560179"><ele>205.933</ele><time>2026-08-25T06:46:25Z</time><sat>29</sat></trkpt>
  <trkpt lat="38.73969800" lon="114.44566200"><ele>204.583</ele><time>2026-08-25T06:46:28Z</time><sat>26</sat></trkpt>
  <trkpt lat="38.73971935" lon="114.44576284"><ele>204.894</ele><time>2026-08-25T06:46:31Z</time><sat>28</sat></trkpt>
  <trkpt lat="38.73977197" lon="114.44589963"><ele>205.040</ele><time>2026-08-25T06:46:34Z</time><sat>32</sat></trkpt>
  <trkpt lat="38.73989951" lon="114.44598990"><ele>205.468</ele><time>2026-08-25T06:46:37Z</time><sat>32</sat></trkpt>
  <trkpt lat="38.74002661" lon="114.44606548"><ele>205.032</ele><time>2026-08-25T06:46:40Z</time><sat>33</sat></trkpt>
  <trkpt lat="38.74016497" lon="114.44613855"><ele>205.847</ele><time>2026-08-25T06:46:43Z</time><sat>33</sat></trkpt>
  <trkpt lat="38.74020963" lon="114.44624542"><ele>205.633</ele><time>2026-08-25T06:46:46Z</time><sat>30</sat></trkpt>
  <trkpt lat="38.74017389" lon="114.44632464"><ele>206.669</ele><time>2026-08-25T06:46:49Z</time><sat>32</sat></trkpt>
  <trkpt lat="38.74011195" lon="114.44643205"><ele>206.024</ele><time>2026-08-25T06:46:52Z</time><sat>33</sat></trkpt>
  <trkpt lat="38.74004040" lon="114.44655602"><ele>205.470</ele><time>2026-08-25T06:46:55Z</time><sat>29</sat></trkpt>
  <trkpt lat="38.73996049" lon="114.44666532"><ele>204.731</ele><time>2026-08-25T06:46:58Z</time><sat>26</sat></trkpt>
  <trkpt lat="38.73990171" lon="114.44680229"><ele>204.593</ele><time>2026-08-25T06:47:01Z</time><sat>29</sat></trkpt>
  <trkpt lat="38.73991663" lon="114.44694901"><ele>203.775</ele><time>2026-08-25T06:47:04Z</time><sat>32</sat></trkpt>
  <trkpt lat="38.73996250" lon="114.44710026"><ele>202.856</ele><time>2026-08-25T06:47:07Z</time><sat>33</sat></trkpt>
  <trkpt lat="38.73997409" lon="114.44723001"><ele>201.598</ele><time>2026-08-25T06:47:10Z</time><sat>31</sat></trkpt>
  <trkpt lat="38.73995506" lon="114.44731723"><ele>201.905</ele><time>2026-08-25T06:47:13Z</time><sat>33</sat></trkpt>
  <trkpt lat="38.73989466" lon="114.44735424"><ele>200.848</ele><time>2026-08-25T06:47:16Z</time><sat>34</sat></trkpt>
  <trkpt lat="38.73976871" lon="114.44732485"><ele>200.865</ele><time>2026-08-25T06:47:19Z</time><sat>34</sat></trkpt>
  <trkpt lat="38.73963183" lon="114.44731004"><ele>200.806</ele><time>2026-08-25T06:47:22Z</time><sat>33</sat></trkpt>
  <trkpt lat="38.73951380" lon="114.44737455"><ele>199.537</ele><time>2026-08-25T06:47:25Z</time><sat>28</sat></trkpt>
  <trkpt lat="38.73941795" lon="114.44751318"><ele>199.743</ele><time>2026-08-25T06:47:28Z</time><sat>29</sat></trkpt>
  <trkpt lat="38.73933666" lon="114.44764081"><ele>199.861</ele><time>2026-08-25T06:47:31Z</time><sat>34</sat></trkpt>
  <trkpt lat="38.73924910" lon="114.44770154"><ele>198.959</ele><time>2026-08-25T06:47:34Z</time><sat>34</sat></trkpt>
  <trkpt lat="38.73914986" lon="114.44772367"><ele>197.247</ele><time>2026-08-25T06:47:37Z</time><sat>29</sat></trkpt>
  <trkpt lat="38.73903835" lon="114.44776278"><ele>198.618</ele><time>2026-08-25T06:47:40Z</time><sat>31</sat></trkpt>
  <trkpt lat="38.73893067" lon="114.44781740"><ele>198.547</ele><time>2026-08-25T06:47:43Z</time><sat>33</sat></trkpt>
  <trkpt lat="38.73885230" lon="114.44788202"><ele>199.343</ele><time>2026-08-25T06:47:46Z</time><sat>33</sat></trkpt>
  <trkpt lat="38.73881323" lon="114.44795097"><ele>198.819</ele><time>2026-08-25T06:47:49Z</time><sat>34</sat></trkpt>
  <trkpt lat="38.73880306" lon="114.44801390"><ele>198.379</ele><time>2026-08-25T06:47:52Z</time><sat>32</sat></trkpt>
  <trkpt lat="38.73880152" lon="114.44802906"><ele>198.528</ele><time>2026-08-25T06:47:55Z</time><sat>34</sat></trkpt>
  <trkpt lat="38.73879879" lon="114.44802748"><ele>198.589</ele><time>2026-08-25T06:47:58Z</time><sat>34</sat></trkpt>
  <trkpt lat="38.73879923" lon="114.44802615"><ele>198.634</ele><time>2026-08-25T06:48:01Z</time><sat>33</sat></trkpt>
  <trkpt lat="38.73879980" lon="114.44802661"><ele>198.767</ele><time>2026-08-25T06:48:04Z</time><sat>30</sat></trkpt>
  <trkpt lat="38.73879916" lon="114.44802555"><ele>198.582</ele><time>2026-08-25T06:48:07Z</time><sat>31</sat></trkpt>
  <trkpt lat="38.73879824" lon="114.44802487"><ele>198.184</ele><time>2026-08-25T06:48:10Z</time><sat>31</sat></trkpt>
  <trkpt lat="38.73878999" lon="114.44800840"><ele>198.039</ele><time>2026-08-25T06:48:13Z</time><sat>34</sat></trkpt>
  <trkpt lat="38.73879855" lon="114.44797920"><ele>196.332</ele><time>2026-08-25T06:48:16Z</time><sat>34</sat></trkpt>
  <trkpt lat="38.73883626" lon="114.44797957"><ele>196.029</ele><time>2026-08-25T06:48:19Z</time><sat>34</sat></trkpt>
  <trkpt lat="38.73886876" lon="114.44796999"><ele>195.443</ele><time>2026-08-25T06:48:22Z</time><sat>34</sat></trkpt>
  <trkpt lat="38.73889237" lon="114.44794172"><ele>194.498</ele><time>2026-08-25T06:48:25Z</time><sat>34</sat></trkpt>
  <trkpt lat="38.73891566" lon="114.44791091"><ele>194.561</ele><time>2026-08-25T06:48:28Z</time><sat>34</sat></trkpt>
  <trkpt lat="38.73894820" lon="114.44789137"><ele>195.356</ele><time>2026-08-25T06:48:31Z</time><sat>34</sat></trkpt>
  <trkpt lat="38.73897051" lon="114.44787635"><ele>195.035</ele><time>2026-08-25T06:48:34Z</time><sat>34</sat></trkpt>
  <trkpt lat="38.73899587" lon="114.44786931"><ele>195.586</ele><time>2026-08-25T06:48:37Z</time><sat>34</sat></trkpt>
  <trkpt lat="38.73901593" lon="114.44784392"><ele>196.015</ele><time>2026-08-25T06:48:40Z</time><sat>34</sat></trkpt>
  <trkpt lat="38.73898101" lon="114.44782532"><ele>197.772</ele><time>2026-08-25T06:48:43Z</time><sat>33</sat></trkpt>
  <trkpt lat="38.73896703" lon="114.44782504"><ele>194.927</ele><time>2026-08-25T06:48:46Z</time><sat>33</sat></trkpt>
  <trkpt lat="38.73896646" lon="114.44782814"><ele>194.932</ele><time>2026-08-25T06:48:49Z</time><sat>34</sat></trkpt>
  <trkpt lat="38.73896641" lon="114.44782821"><ele>194.933</ele><time>2026-08-25T06:48:52Z</time><sat>31</sat></trkpt>
  <trkpt lat="38.73896740" lon="114.44782901"><ele>194.963</ele><time>2026-08-25T06:48:55Z</time><sat>30</sat></trkpt>
  <trkpt lat="38.73896897" lon="114.44782897"><ele>194.907</ele><time>2026-08-25T06:48:58Z</time><sat>29</sat></trkpt>
  <trkpt lat="38.73896384" lon="114.44782650"><ele>195.448</ele><time>2026-08-25T06:49:01Z</time><sat>28</sat></trkpt>
  <trkpt lat="38.73896555" lon="114.44782814"><ele>195.501</ele><time>2026-08-25T06:49:04Z</time><sat>30</sat></trkpt>
  <trkpt lat="38.73897200" lon="114.44783227"><ele>196.266</ele><time>2026-08-25T06:49:07Z</time><sat>31</sat></trkpt>
  <trkpt lat="38.73897235" lon="114.44783270"><ele>196.272</ele><time>2026-08-25T06:49:10Z</time><sat>35</sat></trkpt>
  <trkpt lat="38.73896650" lon="114.44784033"><ele>196.746</ele><time>2026-08-25T06:49:13Z</time><sat>35</sat></trkpt>
  <trkpt lat="38.73895736" lon="114.44786569"><ele>197.640</ele><time>2026-08-25T06:49:16Z</time><sat>32</sat></trkpt>
  <trkpt lat="38.73898422" lon="114.44785398"><ele>196.842</ele><time>2026-08-25T06:49:19Z</time><sat>30</sat></trkpt>
  <trkpt lat="38.73899901" lon="114.44783372"><ele>196.359</ele><time>2026-08-25T06:49:22Z</time><sat>32</sat></trkpt>
  <trkpt lat="38.73897325" lon="114.44785944"><ele>196.331</ele><time>2026-08-25T06:49:25Z</time><sat>33</sat></trkpt>
  <trkpt lat="38.73896526" lon="114.44788168"><ele>196.245</ele><time>2026-08-25T06:49:28Z</time><sat>32</sat></trkpt>
  <trkpt lat="38.73895346" lon="114.44790018"><ele>196.291</ele><time>2026-08-25T06:49:31Z</time><sat>33</sat></trkpt>
  <trkpt lat="38.73893908" lon="114.44790028"><ele>196.223</ele><time>2026-08-25T06:49:34Z</time><sat>33</sat></trkpt>
  <trkpt lat="38.73892048" lon="114.44790799"><ele>195.990</ele><time>2026-08-25T06:49:37Z</time><sat>33</sat></trkpt>
  <trkpt lat="38.73889493" lon="114.44791967"><ele>195.562</ele><time>2026-08-25T06:49:40Z</time><sat>33</sat></trkpt>
  <trkpt lat="38.73886448" lon="114.44792089"><ele>195.096</ele><time>2026-08-25T06:49:43Z</time><sat>33</sat></trkpt>
  <trkpt lat="38.73882796" lon="114.44793266"><ele>195.714</ele><time>2026-08-25T06:49:46Z</time><sat>33</sat></trkpt>
  <trkpt lat="38.73879449" lon="114.44794675"><ele>195.397</ele><time>2026-08-25T06:49:49Z</time><sat>33</sat></trkpt>
  <trkpt lat="38.73876526" lon="114.44796952"><ele>195.438</ele><time>2026-08-25T06:49:52Z</time><sat>33</sat></trkpt>
  <trkpt lat="38.73874128" lon="114.44799410"><ele>195.362</ele><time>2026-08-25T06:49:55Z</time><sat>34</sat></trkpt>
  <trkpt lat="38.73871271" lon="114.44796639"><ele>194.673</ele><time>2026-08-25T06:49:58Z</time><sat>34</sat></trkpt>
  <trkpt lat="38.73869016" lon="114.44792664"><ele>194.300</ele><time>2026-08-25T06:50:01Z</time><sat>34</sat></trkpt>
  <trkpt lat="38.73866668" lon="114.44788857"><ele>193.991</ele><time>2026-08-25T06:50:04Z</time><sat>34</sat></trkpt>
  <trkpt lat="38.73865933" lon="114.44785835"><ele>194.947</ele><time>2026-08-25T06:50:07Z</time><sat>34</sat></trkpt>
  <trkpt lat="38.73871069" lon="114.44791469"><ele>195.442</ele><time>2026-08-25T06:50:10Z</time><sat>35</sat></trkpt>
  <trkpt lat="38.73872243" lon="114.44796459"><ele>195.346</ele><time>2026-08-25T06:50:13Z</time><sat>35</sat></trkpt>
  <trkpt lat="38.73870969" lon="114.44801062"><ele>194.072</ele><time>2026-08-25T06:50:16Z</time><sat>35</sat></trkpt>
  <trkpt lat="38.73868415" lon="114.44804035"><ele>195.196</ele><time>2026-08-25T06:50:19Z</time><sat>35</sat></trkpt>
  <trkpt lat="38.73868578" lon="114.44805700"><ele>194.123</ele><time>2026-08-25T06:50:22Z</time><sat>35</sat></trkpt>
  <trkpt lat="38.73864563" lon="114.44808434"><ele>193.956</ele><time>2026-08-25T06:50:25Z</time><sat>35</sat></trkpt>
  <trkpt lat="38.73864067" lon="114.44808779"><ele>194.189</ele><time>2026-08-25T06:50:28Z</time><sat>35</sat></trkpt>
  <trkpt lat="38.73866140" lon="114.44811825"><ele>194.152</ele><time>2026-08-25T06:50:31Z</time><sat>35</sat></trkpt>
  <trkpt lat="38.73866491" lon="114.44811320"><ele>194.219</ele><time>2026-08-25T06:50:34Z</time><sat>34</sat></trkpt>
  <trkpt lat="38.73866483" lon="114.44811253"><ele>194.218</ele><time>2026-08-25T06:50:37Z</time><sat>34</sat></trkpt>
  <trkpt lat="38.73865094" lon="114.44810858"><ele>193.709</ele><time>2026-08-25T06:50:40Z</time><sat>33</sat></trkpt>
  <trkpt lat="38.73861880" lon="114.44803792"><ele>195.208</ele><time>2026-08-25T06:50:43Z</time><sat>35</sat></trkpt>
  <trkpt lat="38.73858790" lon="114.44805213"><ele>194.913</ele><time>2026-08-25T06:50:46Z</time><sat>35</sat></trkpt>
  <trkpt lat="38.73855264" lon="114.44810640"><ele>194.707</ele><time>2026-08-25T06:50:49Z</time><sat>35</sat></trkpt>
  <trkpt lat="38.73853236" lon="114.44812125"><ele>193.685</ele><time>2026-08-25T06:50:52Z</time><sat>34</sat></trkpt>
  <trkpt lat="38.73850552" lon="114.44814875"><ele>193.227</ele><time>2026-08-25T06:50:55Z</time><sat>35</sat></trkpt>
  <trkpt lat="38.73847192" lon="114.44816185"><ele>193.768</ele><time>2026-08-25T06:50:58Z</time><sat>35</sat></trkpt>
  <trkpt lat="38.73843978" lon="114.44818110"><ele>193.794</ele><time>2026-08-25T06:51:01Z</time><sat>35</sat></trkpt>
  <trkpt lat="38.73840390" lon="114.44819687"><ele>194.969</ele><time>2026-08-25T06:51:04Z</time><sat>35</sat></trkpt>
  <trkpt lat="38.73836859" lon="114.44821536"><ele>195.722</ele><time>2026-08-25T06:51:07Z</time><sat>35</sat></trkpt>
  <trkpt lat="38.73832833" lon="114.44823706"><ele>196.853</ele><time>2026-08-25T06:51:10Z</time><sat>35</sat></trkpt>
  <trkpt lat="38.73829845" lon="114.44826517"><ele>196.983</ele><time>2026-08-25T06:51:13Z</time><sat>35</sat></trkpt>
  <trkpt lat="38.73827044" lon="114.44829233"><ele>196.486</ele><time>2026-08-25T06:51:16Z</time><sat>35</sat></trkpt>
  <trkpt lat="38.73824912" lon="114.44831448"><ele>196.483</ele><time>2026-08-25T06:51:19Z</time><sat>35</sat></trkpt>
  <trkpt lat="38.73822462" lon="114.44834528"><ele>196.705</ele><time>2026-08-25T06:51:22Z</time><sat>35</sat></trkpt>
  <trkpt lat="38.73820210" lon="114.44837699"><ele>196.122</ele><time>2026-08-25T06:51:25Z</time><sat>34</sat></trkpt>
  <trkpt lat="38.73817812" lon="114.44840237"><ele>196.423</ele><time>2026-08-25T06:51:28Z</time><sat>34</sat></trkpt>
  <trkpt lat="38.73815315" lon="114.44843244"><ele>195.861</ele><time>2026-08-25T06:51:31Z</time><sat>33</sat></trkpt>
  <trkpt lat="38.73812707" lon="114.44846614"><ele>195.897</ele><time>2026-08-25T06:51:34Z</time><sat>33</sat></trkpt>
  <trkpt lat="38.73810729" lon="114.44849588"><ele>195.817</ele><time>2026-08-25T06:51:37Z</time><sat>33</sat></trkpt>
  <trkpt lat="38.73808096" lon="114.44852063"><ele>195.782</ele><time>2026-08-25T06:51:40Z</time><sat>34</sat></trkpt>
  <trkpt lat="38.73805867" lon="114.44855036"><ele>195.676</ele><time>2026-08-25T06:51:43Z</time><sat>34</sat></trkpt>
  <trkpt lat="38.73803584" lon="114.44858333"><ele>195.939</ele><time>2026-08-25T06:51:46Z</time><sat>33</sat></trkpt>
  <trkpt lat="38.73800971" lon="114.44860846"><ele>195.972</ele><time>2026-08-25T06:51:49Z</time><sat>33</sat></trkpt>
  <trkpt lat="38.73798974" lon="114.44863427"><ele>196.639</ele><time>2026-08-25T06:51:52Z</time><sat>33</sat></trkpt>
  <trkpt lat="38.73796668" lon="114.44865176"><ele>196.662</ele><time>2026-08-25T06:51:55Z</time><sat>33</sat></trkpt>
  <trkpt lat="38.73794316" lon="114.44864478"><ele>196.953</ele><time>2026-08-25T06:51:58Z</time><sat>33</sat></trkpt>
  <trkpt lat="38.73793749" lon="114.44863923"><ele>197.611</ele><time>2026-08-25T06:52:01Z</time><sat>34</sat></trkpt>
  <trkpt lat="38.73791342" lon="114.44864557"><ele>198.109</ele><time>2026-08-25T06:52:04Z</time><sat>34</sat></trkpt>
  <trkpt lat="38.73789204" lon="114.44866737"><ele>197.983</ele><time>2026-08-25T06:52:07Z</time><sat>34</sat></trkpt>
  <trkpt lat="38.73787604" lon="114.44869458"><ele>197.334</ele><time>2026-08-25T06:52:10Z</time><sat>34</sat></trkpt>
  <trkpt lat="38.73785816" lon="114.44871241"><ele>197.114</ele><time>2026-08-25T06:52:13Z</time><sat>34</sat></trkpt>
  <trkpt lat="38.73784213" lon="114.44873722"><ele>196.460</ele><time>2026-08-25T06:52:16Z</time><sat>34</sat></trkpt>
  <trkpt lat="38.73782335" lon="114.44875238"><ele>196.145</ele><time>2026-08-25T06:52:19Z</time><sat>34</sat></trkpt>
  <trkpt lat="38.73780399" lon="114.44877812"><ele>196.250</ele><time>2026-08-25T06:52:22Z</time><sat>34</sat></trkpt>
  <trkpt lat="38.73778150" lon="114.44879707"><ele>196.071</ele><time>2026-08-25T06:52:25Z</time><sat>34</sat></trkpt>
  <trkpt lat="38.73775812" lon="114.44881600"><ele>195.719</ele><time>2026-08-25T06:52:28Z</time><sat>35</sat></trkpt>
  <trkpt lat="38.73773494" lon="114.44883693"><ele>195.323</ele><time>2026-08-25T06:52:31Z</time><sat>35</sat></trkpt>
  <trkpt lat="38.73771131" lon="114.44885521"><ele>195.437</ele><time>2026-08-25T06:52:34Z</time><sat>34</sat></trkpt>
  <trkpt lat="38.73768423" lon="114.44887268"><ele>195.469</ele><time>2026-08-25T06:52:37Z</time><sat>34</sat></trkpt>
  <trkpt lat="38.73766000" lon="114.44888976"><ele>195.699</ele><time>2026-08-25T06:52:40Z</time><sat>34</sat></trkpt>
  <trkpt lat="38.73762822" lon="114.44890149"><ele>196.735</ele><time>2026-08-25T06:52:43Z</time><sat>33</sat></trkpt>
  <trkpt lat="38.73760187" lon="114.44891351"><ele>196.236</ele><time>2026-08-25T06:52:46Z</time><sat>33</sat></trkpt>
  <trkpt lat="38.73758135" lon="114.44893305"><ele>196.922</ele><time>2026-08-25T06:52:49Z</time><sat>34</sat></trkpt>
  <trkpt lat="38.73756007" lon="114.44894437"><ele>197.195</ele><time>2026-08-25T06:52:52Z</time><sat>34</sat></trkpt>
  <trkpt lat="38.73754934" lon="114.44893348"><ele>197.130</ele><time>2026-08-25T06:52:55Z</time><sat>34</sat></trkpt>
  <trkpt lat="38.73755336" lon="114.44893153"><ele>196.909</ele><time>2026-08-25T06:52:58Z</time><sat>35</sat></trkpt>
  <trkpt lat="38.73753640" lon="114.44893053"><ele>196.422</ele><time>2026-08-25T06:53:01Z</time><sat>35</sat></trkpt>
  <trkpt lat="38.73751712" lon="114.44894722"><ele>195.973</ele><time>2026-08-25T06:53:04Z</time><sat>35</sat></trkpt>
  <trkpt lat="38.73750158" lon="114.44897770"><ele>196.055</ele><time>2026-08-25T06:53:07Z</time><sat>35</sat></trkpt>
  <trkpt lat="38.73748694" lon="114.44900693"><ele>196.715</ele><time>2026-08-25T06:53:10Z</time><sat>34</sat></trkpt>
  <trkpt lat="38.73747295" lon="114.44902042"><ele>196.081</ele><time>2026-08-25T06:53:13Z</time><sat>33</sat></trkpt>
  <trkpt lat="38.73748489" lon="114.44897838"><ele>194.880</ele><time>2026-08-25T06:53:16Z</time><sat>34</sat></trkpt>
  <trkpt lat="38.73748984" lon="114.44897835"><ele>194.854</ele><time>2026-08-25T06:53:19Z</time><sat>35</sat></trkpt>
  <trkpt lat="38.73748994" lon="114.44897807"><ele>194.855</ele><time>2026-08-25T06:53:22Z</time><sat>35</sat></trkpt>
  <trkpt lat="38.73749311" lon="114.44897519"><ele>194.779</ele><time>2026-08-25T06:53:25Z</time><sat>35</sat></trkpt>
  <trkpt lat="38.73749497" lon="114.44897575"><ele>194.775</ele><time>2026-08-25T06:53:28Z</time><sat>35</sat></trkpt>
  <trkpt lat="38.73750230" lon="114.44897670"><ele>194.639</ele><time>2026-08-25T06:53:31Z</time><sat>35</sat></trkpt>
  <trkpt lat="38.73750345" lon="114.44897694"><ele>194.642</ele><time>2026-08-25T06:53:34Z</time><sat>35</sat></trkpt>
  <trkpt lat="38.73750584" lon="114.44897739"><ele>194.645</ele><time>2026-08-25T06:53:37Z</time><sat>35</sat></trkpt>
  <trkpt lat="38.73750639" lon="114.44897829"><ele>194.639</ele><time>2026-08-25T06:53:40Z</time><sat>35</sat></trkpt>
  <trkpt lat="38.73750586" lon="114.44897598"><ele>194.109</ele><time>2026-08-25T06:53:43Z</time><sat>35</sat></trkpt>
  <trkpt lat="38.73750393" lon="114.44897423"><ele>194.668</ele><time>2026-08-25T06:53:46Z</time><sat>35</sat></trkpt>
  <trkpt lat="38.73749518" lon="114.44895893"><ele>195.321</ele><time>2026-08-25T06:53:49Z</time><sat>35</sat></trkpt>
  <trkpt lat="38.73749912" lon="114.44896036"><ele>195.271</ele><time>2026-08-25T06:53:52Z</time><sat>34</sat></trkpt>
  <trkpt lat="38.73749916" lon="114.44896040"><ele>195.274</ele><time>2026-08-25T06:53:55Z</time><sat>34</sat></trkpt>
  <trkpt lat="38.73750257" lon="114.44896478"><ele>195.301</ele><time>2026-08-25T06:53:58Z</time><sat>33</sat></trkpt>
  <trkpt lat="38.73753223" lon="114.44897321"><ele>195.654</ele><time>2026-08-25T06:54:01Z</time><sat>34</sat></trkpt>
  <trkpt lat="38.73755940" lon="114.44896205"><ele>195.506</ele><time>2026-08-25T06:54:04Z</time><sat>34</sat></trkpt>
  <trkpt lat="38.73759072" lon="114.44895540"><ele>195.395</ele><time>2026-08-25T06:54:07Z</time><sat>33</sat></trkpt>
  <trkpt lat="38.73760918" lon="114.44894112"><ele>195.253</ele><time>2026-08-25T06:54:10Z</time><sat>35</sat></trkpt>
  <trkpt lat="38.73762988" lon="114.44892950"><ele>195.155</ele><time>2026-08-25T06:54:13Z</time><sat>35</sat></trkpt>
  <trkpt lat="38.73764947" lon="114.44891155"><ele>194.391</ele><time>2026-08-25T06:54:16Z</time><sat>35</sat></trkpt>
  <trkpt lat="38.73767168" lon="114.44890057"><ele>193.476</ele><time>2026-08-25T06:54:19Z</time><sat>35</sat></trkpt>
  <trkpt lat="38.73769359" lon="114.44887858"><ele>193.908</ele><time>2026-08-25T06:54:22Z</time><sat>35</sat></trkpt>
  <trkpt lat="38.73771953" lon="114.44886313"><ele>193.989</ele><time>2026-08-25T06:54:25Z</time><sat>35</sat></trkpt>
  <trkpt lat="38.73774342" lon="114.44884597"><ele>193.802</ele><time>2026-08-25T06:54:28Z</time><sat>35</sat></trkpt>
  <trkpt lat="38.73776650" lon="114.44882233"><ele>193.093</ele><time>2026-08-25T06:54:31Z</time><sat>34</sat></trkpt>
  <trkpt lat="38.73779358" lon="114.44880368"><ele>193.162</ele><time>2026-08-25T06:54:34Z</time><sat>34</sat></trkpt>
  <trkpt lat="38.73781979" lon="114.44878505"><ele>191.394</ele><time>2026-08-25T06:54:37Z</time><sat>35</sat></trkpt>
  <trkpt lat="38.73784890" lon="114.44875489"><ele>190.836</ele><time>2026-08-25T06:54:40Z</time><sat>35</sat></trkpt>
  <trkpt lat="38.73787489" lon="114.44873206"><ele>190.824</ele><time>2026-08-25T06:54:43Z</time><sat>35</sat></trkpt>
  <trkpt lat="38.73789795" lon="114.44870771"><ele>190.104</ele><time>2026-08-25T06:54:46Z</time><sat>35</sat></trkpt>
  <trkpt lat="38.73792183" lon="114.44868478"><ele>190.512</ele><time>2026-08-25T06:54:49Z</time><sat>35</sat></trkpt>
  <trkpt lat="38.73794522" lon="114.44866186"><ele>191.307</ele><time>2026-08-25T06:54:52Z</time><sat>35</sat></trkpt>
  <trkpt lat="38.73796221" lon="114.44864157"><ele>191.782</ele><time>2026-08-25T06:54:55Z</time><sat>35</sat></trkpt>
  <trkpt lat="38.73794591" lon="114.44861889"><ele>194.791</ele><time>2026-08-25T06:54:58Z</time><sat>35</sat></trkpt>
  <trkpt lat="38.73792933" lon="114.44866138"><ele>195.179</ele><time>2026-08-25T06:55:01Z</time><sat>35</sat></trkpt>
  <trkpt lat="38.73791398" lon="114.44866941"><ele>196.959</ele><time>2026-08-25T06:55:04Z</time><sat>35</sat></trkpt>
  <trkpt lat="38.73791437" lon="114.44866971"><ele>196.965</ele><time>2026-08-25T06:55:07Z</time><sat>35</sat></trkpt>
  <trkpt lat="38.73791443" lon="114.44866979"><ele>196.949</ele><time>2026-08-25T06:55:10Z</time><sat>35</sat></trkpt>
  <trkpt lat="38.73791443" lon="114.44866984"><ele>196.940</ele><time>2026-08-25T06:55:13Z</time><sat>35</sat></trkpt>
  <trkpt lat="38.73791443" lon="114.44866998"><ele>196.939</ele><time>2026-08-25T06:55:16Z</time><sat>35</sat></trkpt>
  <trkpt lat="38.73791439" lon="114.44867004"><ele>196.940</ele><time>2026-08-25T06:55:19Z</time><sat>35</sat></trkpt>
  <trkpt lat="38.73791449" lon="114.44867008"><ele>196.923</ele><time>2026-08-25T06:55:22Z</time><sat>34</sat></trkpt>
  <trkpt lat="38.73791451" lon="114.44867016"><ele>196.918</ele><time>2026-08-25T06:55:25Z</time><sat>35</sat></trkpt>
  <trkpt lat="38.73791451" lon="114.44867017"><ele>196.922</ele><time>2026-08-25T06:55:28Z</time><sat>35</sat></trkpt>
  <trkpt lat="38.73791013" lon="114.44866941"><ele>196.677</ele><time>2026-08-25T06:55:31Z</time><sat>35</sat></trkpt>
  <trkpt lat="38.73788868" lon="114.44867587"><ele>195.012</ele><time>2026-08-25T06:55:34Z</time><sat>35</sat></trkpt>
  <trkpt lat="38.73786157" lon="114.44870528"><ele>193.546</ele><time>2026-08-25T06:55:37Z</time><sat>35</sat></trkpt>
  <trkpt lat="38.73783389" lon="114.44873932"><ele>193.114</ele><time>2026-08-25T06:55:40Z</time><sat>34</sat></trkpt>
  <trkpt lat="38.73780511" lon="114.44877180"><ele>192.817</ele><time>2026-08-25T06:55:43Z</time><sat>34</sat></trkpt>
  <trkpt lat="38.73777630" lon="114.44880618"><ele>193.636</ele><time>2026-08-25T06:55:46Z</time><sat>33</sat></trkpt>
  <trkpt lat="38.73774128" lon="114.44882992"><ele>193.426</ele><time>2026-08-25T06:55:49Z</time><sat>33</sat></trkpt>
  <trkpt lat="38.73771829" lon="114.44883485"><ele>193.526</ele><time>2026-08-25T06:55:52Z</time><sat>33</sat></trkpt>
  <trkpt lat="38.73771942" lon="114.44883700"><ele>193.939</ele><time>2026-08-25T06:55:55Z</time><sat>33</sat></trkpt>
  <trkpt lat="38.73771928" lon="114.44883718"><ele>193.959</ele><time>2026-08-25T06:55:58Z</time><sat>33</sat></trkpt>
  <trkpt lat="38.73771924" lon="114.44883709"><ele>193.972</ele><time>2026-08-25T06:56:01Z</time><sat>33</sat></trkpt>
  <trkpt lat="38.73771911" lon="114.44883697"><ele>193.999</ele><time>2026-08-25T06:56:04Z</time><sat>34</sat></trkpt>
  <trkpt lat="38.73772180" lon="114.44884167"><ele>193.891</ele><time>2026-08-25T06:56:07Z</time><sat>35</sat></trkpt>
  <trkpt lat="38.73772185" lon="114.44884321"><ele>193.808</ele><time>2026-08-25T06:56:10Z</time><sat>35</sat></trkpt>
  <trkpt lat="38.73771951" lon="114.44884292"><ele>193.960</ele><time>2026-08-25T06:56:13Z</time><sat>34</sat></trkpt>
  <trkpt lat="38.73771538" lon="114.44883961"><ele>194.580</ele><time>2026-08-25T06:56:16Z</time><sat>34</sat></trkpt>
  <trkpt lat="38.73771507" lon="114.44884200"><ele>194.740</ele><time>2026-08-25T06:56:19Z</time><sat>34</sat></trkpt>
  <trkpt lat="38.73771503" lon="114.44884223"><ele>194.752</ele><time>2026-08-25T06:56:22Z</time><sat>34</sat></trkpt>
  <trkpt lat="38.73771491" lon="114.44884227"><ele>194.756</ele><time>2026-08-25T06:56:25Z</time><sat>34</sat></trkpt>
  <trkpt lat="38.73770086" lon="114.44887251"><ele>194.566</ele><time>2026-08-25T06:56:28Z</time><sat>34</sat></trkpt>
  <trkpt lat="38.73765202" lon="114.44889120"><ele>195.550</ele><time>2026-08-25T06:56:31Z</time><sat>33</sat></trkpt>
  <trkpt lat="38.73763926" lon="114.44891560"><ele>195.353</ele><time>2026-08-25T06:56:34Z</time><sat>34</sat></trkpt>
  <trkpt lat="38.73765305" lon="114.44891611"><ele>194.162</ele><time>2026-08-25T06:56:37Z</time><sat>35</sat></trkpt>
  <trkpt lat="38.73763981" lon="114.44894468"><ele>194.612</ele><time>2026-08-25T06:56:40Z</time><sat>35</sat></trkpt>
  <trkpt lat="38.73762073" lon="114.44898301"><ele>195.336</ele><time>2026-08-25T06:56:43Z</time><sat>31</sat></trkpt>
  <trkpt lat="38.73761497" lon="114.44897369"><ele>196.164</ele><time>2026-08-25T06:56:46Z</time><sat>28</sat></trkpt>
  <trkpt lat="38.73760352" lon="114.44898264"><ele>195.969</ele><time>2026-08-25T06:56:49Z</time><sat>27</sat></trkpt>
  <trkpt lat="38.73752826" lon="114.44905956"><ele>195.416</ele><time>2026-08-25T06:56:52Z</time><sat>29</sat></trkpt>
  <trkpt lat="38.73735998" lon="114.44921884"><ele>196.838</ele><time>2026-08-25T06:56:55Z</time><sat>29</sat></trkpt>
  <trkpt lat="38.73723188" lon="114.44934074"><ele>195.797</ele><time>2026-08-25T06:56:58Z</time><sat>26</sat></trkpt>
  <trkpt lat="38.73714248" lon="114.44947053"><ele>193.355</ele><time>2026-08-25T06:57:01Z</time><sat>20</sat></trkpt>
  <trkpt lat="38.73703400" lon="114.44962905"><ele>192.750</ele><time>2026-08-25T06:57:04Z</time><sat>25</sat></trkpt>
  <trkpt lat="38.73692095" lon="114.44979604"><ele>192.388</ele><time>2026-08-25T06:57:07Z</time><sat>31</sat></trkpt>
  <trkpt lat="38.73678342" lon="114.45000352"><ele>193.595</ele><time>2026-08-25T06:57:11Z</time><sat>35</sat></trkpt>
  <trkpt lat="38.73667315" lon="114.45015753"><ele>194.439</ele><time>2026-08-25T06:57:14Z</time><sat>35</sat></trkpt>
  <trkpt lat="38.73657289" lon="114.45033368"><ele>195.177</ele><time>2026-08-25T06:57:17Z</time><sat>35</sat></trkpt>
  <trkpt lat="38.73646347" lon="114.45051138"><ele>195.135</ele><time>2026-08-25T06:57:20Z</time><sat>33</sat></trkpt>
  <trkpt lat="38.73635006" lon="114.45069972"><ele>195.411</ele><time>2026-08-25T06:57:23Z</time><sat>34</sat></trkpt>
  <trkpt lat="38.73624455" lon="114.45086798"><ele>195.455</ele><time>2026-08-25T06:57:26Z</time><sat>34</sat></trkpt>
  <trkpt lat="38.73617605" lon="114.45100460"><ele>194.851</ele><time>2026-08-25T06:57:29Z</time><sat>33</sat></trkpt>
  <trkpt lat="38.73611488" lon="114.45114693"><ele>194.217</ele><time>2026-08-25T06:57:32Z</time><sat>35</sat></trkpt>
  <trkpt lat="38.73606521" lon="114.45127950"><ele>194.496</ele><time>2026-08-25T06:57:35Z</time><sat>35</sat></trkpt>
  <trkpt lat="38.73599722" lon="114.45138864"><ele>194.437</ele><time>2026-08-25T06:57:38Z</time><sat>34</sat></trkpt>
  <trkpt lat="38.73594952" lon="114.45150604"><ele>195.463</ele><time>2026-08-25T06:57:41Z</time><sat>33</sat></trkpt>
  <trkpt lat="38.73591476" lon="114.45158291"><ele>195.109</ele><time>2026-08-25T06:57:44Z</time><sat>29</sat></trkpt>
  <trkpt lat="38.73587981" lon="114.45163790"><ele>195.818</ele><time>2026-08-25T06:57:47Z</time><sat>29</sat></trkpt>
  <trkpt lat="38.73583224" lon="114.45172678"><ele>196.869</ele><time>2026-08-25T06:57:50Z</time><sat>32</sat></trkpt>
  <trkpt lat="38.73574610" lon="114.45184956"><ele>198.519</ele><time>2026-08-25T06:57:53Z</time><sat>34</sat></trkpt>
  <trkpt lat="38.73561865" lon="114.45192535"><ele>199.452</ele><time>2026-08-25T06:57:56Z</time><sat>34</sat></trkpt>
  <trkpt lat="38.73551509" lon="114.45203203"><ele>199.924</ele><time>2026-08-25T06:57:59Z</time><sat>33</sat></trkpt>
  <trkpt lat="38.73542683" lon="114.45217495"><ele>200.707</ele><time>2026-08-25T06:58:02Z</time><sat>33</sat></trkpt>
  <trkpt lat="38.73533756" lon="114.45231897"><ele>200.119</ele><time>2026-08-25T06:58:05Z</time><sat>34</sat></trkpt>
  <trkpt lat="38.73526683" lon="114.45247606"><ele>200.320</ele><time>2026-08-25T06:58:08Z</time><sat>32</sat></trkpt>
  <trkpt lat="38.73519481" lon="114.45261038"><ele>200.500</ele><time>2026-08-25T06:58:11Z</time><sat>32</sat></trkpt>
  <trkpt lat="38.73509937" lon="114.45274267"><ele>199.496</ele><time>2026-08-25T06:58:14Z</time><sat>32</sat></trkpt>
  <trkpt lat="38.73501303" lon="114.45287362"><ele>199.577</ele><time>2026-08-25T06:58:17Z</time><sat>31</sat></trkpt>
  <trkpt lat="38.73493520" lon="114.45300451"><ele>198.316</ele><time>2026-08-25T06:58:20Z</time><sat>31</sat></trkpt>
  <trkpt lat="38.73486052" lon="114.45312429"><ele>197.810</ele><time>2026-08-25T06:58:23Z</time><sat>32</sat></trkpt>
  <trkpt lat="38.73476785" lon="114.45317081"><ele>197.691</ele><time>2026-08-25T06:58:26Z</time><sat>31</sat></trkpt>
  <trkpt lat="38.73466523" lon="114.45320288"><ele>198.430</ele><time>2026-08-25T06:58:29Z</time><sat>33</sat></trkpt>
  <trkpt lat="38.73454441" lon="114.45316512"><ele>198.009</ele><time>2026-08-25T06:58:32Z</time><sat>34</sat></trkpt>
  <trkpt lat="38.73443896" lon="114.45310103"><ele>198.122</ele><time>2026-08-25T06:58:35Z</time><sat>34</sat></trkpt>
  <trkpt lat="38.73435120" lon="114.45303875"><ele>197.479</ele><time>2026-08-25T06:58:38Z</time><sat>34</sat></trkpt>
  <trkpt lat="38.73426386" lon="114.45299799"><ele>196.737</ele><time>2026-08-25T06:58:41Z</time><sat>35</sat></trkpt>
  <trkpt lat="38.73417940" lon="114.45300402"><ele>196.455</ele><time>2026-08-25T06:58:44Z</time><sat>33</sat></trkpt>
  <trkpt lat="38.73412604" lon="114.45302636"><ele>196.349</ele><time>2026-08-25T06:58:47Z</time><sat>34</sat></trkpt>
  <trkpt lat="38.73409437" lon="114.45303884"><ele>196.679</ele><time>2026-08-25T06:58:50Z</time><sat>35</sat></trkpt>
  <trkpt lat="38.73408687" lon="114.45303935"><ele>195.980</ele><time>2026-08-25T06:58:53Z</time><sat>34</sat></trkpt>
  <trkpt lat="38.73409479" lon="114.45303746"><ele>195.845</ele><time>2026-08-25T06:58:56Z</time><sat>34</sat></trkpt>
  <trkpt lat="38.73411556" lon="114.45302961"><ele>196.175</ele><time>2026-08-25T06:58:59Z</time><sat>32</sat></trkpt>
  <trkpt lat="38.73412897" lon="114.45303283"><ele>196.348</ele><time>2026-08-25T06:59:02Z</time><sat>34</sat></trkpt>
  <trkpt lat="38.73413822" lon="114.45304219"><ele>196.302</ele><time>2026-08-25T06:59:05Z</time><sat>33</sat></trkpt>
  <trkpt lat="38.73414215" lon="114.45305223"><ele>196.181</ele><time>2026-08-25T06:59:08Z</time><sat>32</sat></trkpt>
  <trkpt lat="38.73414514" lon="114.45305920"><ele>196.298</ele><time>2026-08-25T06:59:11Z</time><sat>33</sat></trkpt>
  <trkpt lat="38.73414400" lon="114.45305849"><ele>196.279</ele><time>2026-08-25T06:59:14Z</time><sat>32</sat></trkpt>
  <trkpt lat="38.73415871" lon="114.45305001"><ele>195.412</ele><time>2026-08-25T06:59:17Z</time><sat>33</sat></trkpt>
  <trkpt lat="38.73415390" lon="114.45303334"><ele>195.295</ele><time>2026-08-25T06:59:20Z</time><sat>35</sat></trkpt>
  <trkpt lat="38.73412407" lon="114.45301489"><ele>195.083</ele><time>2026-08-25T06:59:23Z</time><sat>35</sat></trkpt>
  <trkpt lat="38.73409533" lon="114.45302886"><ele>195.211</ele><time>2026-08-25T06:59:26Z</time><sat>35</sat></trkpt>
  <trkpt lat="38.73407076" lon="114.45305504"><ele>195.352</ele><time>2026-08-25T06:59:29Z</time><sat>35</sat></trkpt>
  <trkpt lat="38.73405054" lon="114.45305162"><ele>194.915</ele><time>2026-08-25T06:59:32Z</time><sat>35</sat></trkpt>
  <trkpt lat="38.73401761" lon="114.45305360"><ele>195.595</ele><time>2026-08-25T06:59:35Z</time><sat>35</sat></trkpt>
  <trkpt lat="38.73398061" lon="114.45306760"><ele>196.320</ele><time>2026-08-25T06:59:38Z</time><sat>35</sat></trkpt>
  <trkpt lat="38.73394608" lon="114.45308508"><ele>196.445</ele><time>2026-08-25T06:59:41Z</time><sat>35</sat></trkpt>
  <trkpt lat="38.73391791" lon="114.45309016"><ele>196.208</ele><time>2026-08-25T06:59:44Z</time><sat>35</sat></trkpt>
  <trkpt lat="38.73389227" lon="114.45309661"><ele>196.387</ele><time>2026-08-25T06:59:47Z</time><sat>35</sat></trkpt>
  <trkpt lat="38.73385969" lon="114.45310630"><ele>196.820</ele><time>2026-08-25T06:59:50Z</time><sat>35</sat></trkpt>
  <trkpt lat="38.73383167" lon="114.45311556"><ele>196.982</ele><time>2026-08-25T06:59:53Z</time><sat>34</sat></trkpt>
  <trkpt lat="38.73380344" lon="114.45312005"><ele>196.908</ele><time>2026-08-25T06:59:56Z</time><sat>34</sat></trkpt>
  <trkpt lat="38.73378871" lon="114.45312891"><ele>196.081</ele><time>2026-08-25T06:59:59Z</time><sat>34</sat></trkpt>
  <trkpt lat="38.73379120" lon="114.45312839"><ele>196.042</ele><time>2026-08-25T07:00:02Z</time><sat>34</sat></trkpt>
  <trkpt lat="38.73377949" lon="114.45312653"><ele>195.883</ele><time>2026-08-25T07:00:05Z</time><sat>35</sat></trkpt>
  <trkpt lat="38.73375779" lon="114.45312830"><ele>195.729</ele><time>2026-08-25T07:00:08Z</time><sat>35</sat></trkpt>
  <trkpt lat="38.73372736" lon="114.45312900"><ele>195.652</ele><time>2026-08-25T07:00:11Z</time><sat>35</sat></trkpt>
  <trkpt lat="38.73370259" lon="114.45312969"><ele>195.315</ele><time>2026-08-25T07:00:14Z</time><sat>34</sat></trkpt>
  <trkpt lat="38.73367856" lon="114.45314351"><ele>195.836</ele><time>2026-08-25T07:00:17Z</time><sat>35</sat></trkpt>
  <trkpt lat="38.73365256" lon="114.45314950"><ele>195.433</ele><time>2026-08-25T07:00:20Z</time><sat>34</sat></trkpt>
  <trkpt lat="38.73364147" lon="114.45315301"><ele>195.757</ele><time>2026-08-25T07:00:23Z</time><sat>32</sat></trkpt>
  <trkpt lat="38.73364295" lon="114.45315267"><ele>195.747</ele><time>2026-08-25T07:00:26Z</time><sat>34</sat></trkpt>
  <trkpt lat="38.73364125" lon="114.45315249"><ele>195.570</ele><time>2026-08-25T07:00:29Z</time><sat>32</sat></trkpt>
  <trkpt lat="38.73362965" lon="114.45314390"><ele>194.981</ele><time>2026-08-25T07:00:32Z</time><sat>35</sat></trkpt>
  <trkpt lat="38.73363094" lon="114.45313878"><ele>194.977</ele><time>2026-08-25T07:00:35Z</time><sat>35</sat></trkpt>
  <trkpt lat="38.73362350" lon="114.45313325"><ele>194.708</ele><time>2026-08-25T07:00:38Z</time><sat>35</sat></trkpt>
  <trkpt lat="38.73361412" lon="114.45312019"><ele>194.648</ele><time>2026-08-25T07:00:41Z</time><sat>34</sat></trkpt>
  <trkpt lat="38.73361128" lon="114.45311318"><ele>194.807</ele><time>2026-08-25T07:00:44Z</time><sat>35</sat></trkpt>
  <trkpt lat="38.73360446" lon="114.45312309"><ele>194.775</ele><time>2026-08-25T07:00:47Z</time><sat>35</sat></trkpt>
  <trkpt lat="38.73359619" lon="114.45314917"><ele>194.822</ele><time>2026-08-25T07:00:50Z</time><sat>35</sat></trkpt>
  <trkpt lat="38.73358161" lon="114.45313899"><ele>194.924</ele><time>2026-08-25T07:00:53Z</time><sat>35</sat></trkpt>
  <trkpt lat="38.73358112" lon="114.45312653"><ele>195.291</ele><time>2026-08-25T07:00:56Z</time><sat>35</sat></trkpt>
  <trkpt lat="38.73359301" lon="114.45313187"><ele>194.948</ele><time>2026-08-25T07:00:59Z</time><sat>35</sat></trkpt>
  <trkpt lat="38.73362010" lon="114.45313599"><ele>194.793</ele><time>2026-08-25T07:01:02Z</time><sat>35</sat></trkpt>
  <trkpt lat="38.73364800" lon="114.45312994"><ele>195.042</ele><time>2026-08-25T07:01:05Z</time><sat>35</sat></trkpt>
  <trkpt lat="38.73367008" lon="114.45313057"><ele>195.165</ele><time>2026-08-25T07:01:08Z</time><sat>35</sat></trkpt>
  <trkpt lat="38.73368474" lon="114.45313205"><ele>194.923</ele><time>2026-08-25T07:01:11Z</time><sat>35</sat></trkpt>
  <trkpt lat="38.73369736" lon="114.45315692"><ele>194.939</ele><time>2026-08-25T07:01:14Z</time><sat>35</sat></trkpt>
  <trkpt lat="38.73369752" lon="114.45316043"><ele>194.949</ele><time>2026-08-25T07:01:17Z</time><sat>35</sat></trkpt>
  <trkpt lat="38.73370493" lon="114.45315657"><ele>195.279</ele><time>2026-08-25T07:01:20Z</time><sat>31</sat></trkpt>
  <trkpt lat="38.73367535" lon="114.45315555"><ele>195.545</ele><time>2026-08-25T07:01:23Z</time><sat>34</sat></trkpt>
  <trkpt lat="38.73364954" lon="114.45317049"><ele>195.518</ele><time>2026-08-25T07:01:26Z</time><sat>35</sat></trkpt>
  <trkpt lat="38.73364984" lon="114.45317268"><ele>195.518</ele><time>2026-08-25T07:01:29Z</time><sat>35</sat></trkpt>
  <trkpt lat="38.73364986" lon="114.45317352"><ele>195.517</ele><time>2026-08-25T07:01:32Z</time><sat>34</sat></trkpt>
  <trkpt lat="38.73364988" lon="114.45317406"><ele>195.517</ele><time>2026-08-25T07:01:35Z</time><sat>31</sat></trkpt>
  <trkpt lat="38.73364991" lon="114.45317442"><ele>195.519</ele><time>2026-08-25T07:01:38Z</time><sat>33</sat></trkpt>
  <trkpt lat="38.73364988" lon="114.45317466"><ele>195.508</ele><time>2026-08-25T07:01:41Z</time><sat>35</sat></trkpt>
  <trkpt lat="38.73364991" lon="114.45317484"><ele>195.513</ele><time>2026-08-25T07:01:44Z</time><sat>34</sat></trkpt>
  <trkpt lat="38.73364994" lon="114.45317499"><ele>195.512</ele><time>2026-08-25T07:01:47Z</time><sat>33</sat></trkpt>
  <trkpt lat="38.73365119" lon="114.45319062"><ele>195.652</ele><time>2026-08-25T07:01:50Z</time><sat>33</sat></trkpt>
  <trkpt lat="38.73364717" lon="114.45322481"><ele>196.726</ele><time>2026-08-25T07:01:53Z</time><sat>33</sat></trkpt>
  <trkpt lat="38.73364929" lon="114.45323229"><ele>196.175</ele><time>2026-08-25T07:01:56Z</time><sat>34</sat></trkpt>
  <trkpt lat="38.73368394" lon="114.45319264"><ele>195.199</ele><time>2026-08-25T07:01:59Z</time><sat>35</sat></trkpt>
  <trkpt lat="38.73370268" lon="114.45316437"><ele>194.799</ele><time>2026-08-25T07:02:02Z</time><sat>35</sat></trkpt>
  <trkpt lat="38.73370479" lon="114.45314949"><ele>194.873</ele><time>2026-08-25T07:02:05Z</time><sat>35</sat></trkpt>
  <trkpt lat="38.73370517" lon="114.45314860"><ele>194.876</ele><time>2026-08-25T07:02:08Z</time><sat>35</sat></trkpt>
  <trkpt lat="38.73370515" lon="114.45314857"><ele>194.881</ele><time>2026-08-25T07:02:11Z</time><sat>35</sat></trkpt>
  <trkpt lat="38.73370514" lon="114.45314844"><ele>194.891</ele><time>2026-08-25T07:02:14Z</time><sat>35</sat></trkpt>
  <trkpt lat="38.73371186" lon="114.45314226"><ele>194.949</ele><time>2026-08-25T07:02:17Z</time><sat>34</sat></trkpt>
  <trkpt lat="38.73372304" lon="114.45314521"><ele>194.981</ele><time>2026-08-25T07:02:20Z</time><sat>35</sat></trkpt>
  <trkpt lat="38.73375354" lon="114.45314278"><ele>195.176</ele><time>2026-08-25T07:02:23Z</time><sat>35</sat></trkpt>
  <trkpt lat="38.73377746" lon="114.45311252"><ele>195.604</ele><time>2026-08-25T07:02:26Z</time><sat>35</sat></trkpt>
  <trkpt lat="38.73374956" lon="114.45310596"><ele>195.984</ele><time>2026-08-25T07:02:29Z</time><sat>35</sat></trkpt>
  <trkpt lat="38.73373266" lon="114.45311587"><ele>195.736</ele><time>2026-08-25T07:02:32Z</time><sat>35</sat></trkpt>
  <trkpt lat="38.73373314" lon="114.45315698"><ele>195.823</ele><time>2026-08-25T07:02:35Z</time><sat>34</sat></trkpt>
  <trkpt lat="38.73376855" lon="114.45314802"><ele>195.044</ele><time>2026-08-25T07:02:38Z</time><sat>34</sat></trkpt>
  <trkpt lat="38.73379717" lon="114.45313631"><ele>195.388</ele><time>2026-08-25T07:02:41Z</time><sat>35</sat></trkpt>
  <trkpt lat="38.73382483" lon="114.45311972"><ele>196.640</ele><time>2026-08-25T07:02:44Z</time><sat>35</sat></trkpt>
  <trkpt lat="38.73385148" lon="114.45310262"><ele>197.766</ele><time>2026-08-25T07:02:47Z</time><sat>35</sat></trkpt>
  <trkpt lat="38.73388057" lon="114.45309106"><ele>197.871</ele><time>2026-08-25T07:02:50Z</time><sat>35</sat></trkpt>
  <trkpt lat="38.73390942" lon="114.45307995"><ele>197.826</ele><time>2026-08-25T07:02:53Z</time><sat>35</sat></trkpt>
  <trkpt lat="38.73394217" lon="114.45306758"><ele>196.435</ele><time>2026-08-25T07:02:56Z</time><sat>35</sat></trkpt>
  <trkpt lat="38.73397315" lon="114.45304972"><ele>196.190</ele><time>2026-08-25T07:02:59Z</time><sat>35</sat></trkpt>
  <trkpt lat="38.73400392" lon="114.45304580"><ele>195.957</ele><time>2026-08-25T07:03:02Z</time><sat>35</sat></trkpt>
  <trkpt lat="38.73403809" lon="114.45304089"><ele>195.114</ele><time>2026-08-25T07:03:05Z</time><sat>35</sat></trkpt>
  <trkpt lat="38.73406835" lon="114.45302887"><ele>194.628</ele><time>2026-08-25T07:03:08Z</time><sat>35</sat></trkpt>
  <trkpt lat="38.73409800" lon="114.45300864"><ele>194.576</ele><time>2026-08-25T07:03:11Z</time><sat>35</sat></trkpt>
  <trkpt lat="38.73413040" lon="114.45300733"><ele>194.456</ele><time>2026-08-25T07:03:14Z</time><sat>35</sat></trkpt>
  <trkpt lat="38.73415598" lon="114.45303303"><ele>194.837</ele><time>2026-08-25T07:03:17Z</time><sat>35</sat></trkpt>
  <trkpt lat="38.73415415" lon="114.45307165"><ele>193.247</ele><time>2026-08-25T07:03:20Z</time><sat>34</sat></trkpt>
  <trkpt lat="38.73414972" lon="114.45307324"><ele>193.121</ele><time>2026-08-25T07:03:23Z</time><sat>35</sat></trkpt>
  <trkpt lat="38.73414965" lon="114.45307327"><ele>193.131</ele><time>2026-08-25T07:03:26Z</time><sat>34</sat></trkpt>
  <trkpt lat="38.73415066" lon="114.45306976"><ele>193.867</ele><time>2026-08-25T07:03:29Z</time><sat>33</sat></trkpt>
  <trkpt lat="38.73415061" lon="114.45306955"><ele>193.874</ele><time>2026-08-25T07:03:32Z</time><sat>35</sat></trkpt>
  <trkpt lat="38.73415058" lon="114.45306953"><ele>193.882</ele><time>2026-08-25T07:03:35Z</time><sat>35</sat></trkpt>
  <trkpt lat="38.73415056" lon="114.45306947"><ele>193.888</ele><time>2026-08-25T07:03:38Z</time><sat>35</sat></trkpt>
  <trkpt lat="38.73414778" lon="114.45306805"><ele>194.040</ele><time>2026-08-25T07:03:41Z</time><sat>34</sat></trkpt>
  <trkpt lat="38.73414709" lon="114.45306730"><ele>194.046</ele><time>2026-08-25T07:03:44Z</time><sat>34</sat></trkpt>
  <trkpt lat="38.73414702" lon="114.45306727"><ele>194.053</ele><time>2026-08-25T07:03:47Z</time><sat>35</sat></trkpt>
  <trkpt lat="38.73414607" lon="114.45306857"><ele>194.150</ele><time>2026-08-25T07:03:50Z</time><sat>33</sat></trkpt>
  <trkpt lat="38.73414667" lon="114.45306633"><ele>194.435</ele><time>2026-08-25T07:03:53Z</time><sat>34</sat></trkpt>
  <trkpt lat="38.73414691" lon="114.45306564"><ele>194.479</ele><time>2026-08-25T07:03:56Z</time><sat>33</sat></trkpt>
  <trkpt lat="38.73414689" lon="114.45306551"><ele>194.477</ele><time>2026-08-25T07:03:59Z</time><sat>32</sat></trkpt>
  <trkpt lat="38.73414687" lon="114.45306543"><ele>194.477</ele><time>2026-08-25T07:04:02Z</time><sat>30</sat></trkpt>
  <trkpt lat="38.73414688" lon="114.45306529"><ele>194.480</ele><time>2026-08-25T07:04:05Z</time><sat>30</sat></trkpt>
  <trkpt lat="38.73415207" lon="114.45306016"><ele>194.584</ele><time>2026-08-25T07:04:08Z</time><sat>29</sat></trkpt>
  <trkpt lat="38.73415226" lon="114.45306010"><ele>194.590</ele><time>2026-08-25T07:04:11Z</time><sat>31</sat></trkpt>
  <trkpt lat="38.73423824" lon="114.45306882"><ele>195.109</ele><time>2026-08-25T07:04:14Z</time><sat>32</sat></trkpt>
  <trkpt lat="38.73438541" lon="114.45308234"><ele>198.525</ele><time>2026-08-25T07:04:17Z</time><sat>30</sat></trkpt>
  <trkpt lat="38.73446723" lon="114.45313347"><ele>198.314</ele><time>2026-08-25T07:04:20Z</time><sat>32</sat></trkpt>
  <trkpt lat="38.73455664" lon="114.45317323"><ele>197.717</ele><time>2026-08-25T07:04:23Z</time><sat>29</sat></trkpt>
  <trkpt lat="38.73465405" lon="114.45319818"><ele>197.521</ele><time>2026-08-25T07:04:26Z</time><sat>32</sat></trkpt>
  <trkpt lat="38.73473943" lon="114.45317838"><ele>197.606</ele><time>2026-08-25T07:04:29Z</time><sat>33</sat></trkpt>
  <trkpt lat="38.73482685" lon="114.45312411"><ele>197.273</ele><time>2026-08-25T07:04:32Z</time><sat>33</sat></trkpt>
  <trkpt lat="38.73492169" lon="114.45300221"><ele>198.442</ele><time>2026-08-25T07:04:35Z</time><sat>33</sat></trkpt>
  <trkpt lat="38.73501674" lon="114.45284713"><ele>198.178</ele><time>2026-08-25T07:04:38Z</time><sat>32</sat></trkpt>
  <trkpt lat="38.73513985" lon="114.45269872"><ele>199.485</ele><time>2026-08-25T07:04:41Z</time><sat>31</sat></trkpt>
  <trkpt lat="38.73523053" lon="114.45256106"><ele>199.639</ele><time>2026-08-25T07:04:44Z</time><sat>31</sat></trkpt>
  <trkpt lat="38.73529287" lon="114.45241311"><ele>200.070</ele><time>2026-08-25T07:04:47Z</time><sat>32</sat></trkpt>
  <trkpt lat="38.73537472" lon="114.45224132"><ele>200.331</ele><time>2026-08-25T07:04:50Z</time><sat>33</sat></trkpt>
  <trkpt lat="38.73547435" lon="114.45209043"><ele>199.860</ele><time>2026-08-25T07:04:53Z</time><sat>33</sat></trkpt>
  <trkpt lat="38.73557068" lon="114.45197669"><ele>199.659</ele><time>2026-08-25T07:04:56Z</time><sat>32</sat></trkpt>
  <trkpt lat="38.73566112" lon="114.45190253"><ele>198.313</ele><time>2026-08-25T07:04:59Z</time><sat>31</sat></trkpt>
  <trkpt lat="38.73574251" lon="114.45184338"><ele>197.660</ele><time>2026-08-25T07:05:02Z</time><sat>33</sat></trkpt>
  <trkpt lat="38.73579563" lon="114.45179724"><ele>196.268</ele><time>2026-08-25T07:05:05Z</time><sat>34</sat></trkpt>
  <trkpt lat="38.73583588" lon="114.45173940"><ele>195.846</ele><time>2026-08-25T07:05:08Z</time><sat>34</sat></trkpt>
  <trkpt lat="38.73589098" lon="114.45164565"><ele>196.087</ele><time>2026-08-25T07:05:11Z</time><sat>35</sat></trkpt>
  <trkpt lat="38.73593522" lon="114.45155783"><ele>194.963</ele><time>2026-08-25T07:05:14Z</time><sat>35</sat></trkpt>
  <trkpt lat="38.73599393" lon="114.45143109"><ele>195.184</ele><time>2026-08-25T07:05:17Z</time><sat>35</sat></trkpt>
  <trkpt lat="38.73606984" lon="114.45126012"><ele>194.640</ele><time>2026-08-25T07:05:20Z</time><sat>35</sat></trkpt>
  <trkpt lat="38.73613827" lon="114.45108823"><ele>194.257</ele><time>2026-08-25T07:05:23Z</time><sat>35</sat></trkpt>
  <trkpt lat="38.73622443" lon="114.45092669"><ele>193.681</ele><time>2026-08-25T07:05:26Z</time><sat>35</sat></trkpt>
  <trkpt lat="38.73632282" lon="114.45077481"><ele>193.145</ele><time>2026-08-25T07:05:29Z</time><sat>35</sat></trkpt>
  <trkpt lat="38.73641949" lon="114.45061308"><ele>193.355</ele><time>2026-08-25T07:05:32Z</time><sat>34</sat></trkpt>
  <trkpt lat="38.73652470" lon="114.45043196"><ele>194.090</ele><time>2026-08-25T07:05:35Z</time><sat>32</sat></trkpt>
  <trkpt lat="38.73663154" lon="114.45025949"><ele>194.199</ele><time>2026-08-25T07:05:38Z</time><sat>33</sat></trkpt>
  <trkpt lat="38.73673856" lon="114.45009650"><ele>193.783</ele><time>2026-08-25T07:05:41Z</time><sat>34</sat></trkpt>
  <trkpt lat="38.73683475" lon="114.44993307"><ele>194.222</ele><time>2026-08-25T07:05:44Z</time><sat>33</sat></trkpt>
  <trkpt lat="38.73693866" lon="114.44976323"><ele>193.866</ele><time>2026-08-25T07:05:47Z</time><sat>33</sat></trkpt>
  <trkpt lat="38.73703436" lon="114.44959930"><ele>193.461</ele><time>2026-08-25T07:05:50Z</time><sat>33</sat></trkpt>
  <trkpt lat="38.73715241" lon="114.44944964"><ele>193.721</ele><time>2026-08-25T07:05:53Z</time><sat>32</sat></trkpt>
  <trkpt lat="38.73727132" lon="114.44930212"><ele>193.119</ele><time>2026-08-25T07:05:56Z</time><sat>32</sat></trkpt>
  <trkpt lat="38.73740725" lon="114.44915429"><ele>193.026</ele><time>2026-08-25T07:05:59Z</time><sat>33</sat></trkpt>
  <trkpt lat="38.73754461" lon="114.44900357"><ele>192.587</ele><time>2026-08-25T07:06:02Z</time><sat>35</sat></trkpt>
  <trkpt lat="38.73760623" lon="114.44895897"><ele>192.994</ele><time>2026-08-25T07:06:05Z</time><sat>34</sat></trkpt>
  <trkpt lat="38.73766328" lon="114.44890632"><ele>193.369</ele><time>2026-08-25T07:06:08Z</time><sat>34</sat></trkpt>
  <trkpt lat="38.73777618" lon="114.44882758"><ele>192.280</ele><time>2026-08-25T07:06:11Z</time><sat>34</sat></trkpt>
  <trkpt lat="38.73789904" lon="114.44872795"><ele>191.771</ele><time>2026-08-25T07:06:14Z</time><sat>35</sat></trkpt>
  <trkpt lat="38.73800814" lon="114.44861286"><ele>192.337</ele><time>2026-08-25T07:06:17Z</time><sat>34</sat></trkpt>
  <trkpt lat="38.73811369" lon="114.44849787"><ele>192.833</ele><time>2026-08-25T07:06:20Z</time><sat>34</sat></trkpt>
  <trkpt lat="38.73821614" lon="114.44839299"><ele>193.295</ele><time>2026-08-25T07:06:23Z</time><sat>33</sat></trkpt>
  <trkpt lat="38.73832314" lon="114.44829105"><ele>192.798</ele><time>2026-08-25T07:06:26Z</time><sat>34</sat></trkpt>
  <trkpt lat="38.73843282" lon="114.44822002"><ele>193.143</ele><time>2026-08-25T07:06:29Z</time><sat>34</sat></trkpt>
  <trkpt lat="38.73854316" lon="114.44816048"><ele>191.908</ele><time>2026-08-25T07:06:32Z</time><sat>33</sat></trkpt>
  <trkpt lat="38.73861745" lon="114.44811426"><ele>191.721</ele><time>2026-08-25T07:06:35Z</time><sat>34</sat></trkpt>
  <trkpt lat="38.73863913" lon="114.44809750"><ele>192.645</ele><time>2026-08-25T07:06:38Z</time><sat>34</sat></trkpt>
  <trkpt lat="38.73863606" lon="114.44809268"><ele>193.489</ele><time>2026-08-25T07:06:41Z</time><sat>32</sat></trkpt>
  <trkpt lat="38.73863870" lon="114.44809045"><ele>194.020</ele><time>2026-08-25T07:06:44Z</time><sat>33</sat></trkpt>
  <trkpt lat="38.73864077" lon="114.44808871"><ele>194.731</ele><time>2026-08-25T07:06:47Z</time><sat>32</sat></trkpt>
  <trkpt lat="38.73864071" lon="114.44808702"><ele>194.755</ele><time>2026-08-25T07:06:50Z</time><sat>33</sat></trkpt>
  <trkpt lat="38.73864078" lon="114.44808692"><ele>194.905</ele><time>2026-08-25T07:06:53Z</time><sat>34</sat></trkpt>
  <trkpt lat="38.73864067" lon="114.44808638"><ele>194.906</ele><time>2026-08-25T07:06:56Z</time><sat>32</sat></trkpt>
  <trkpt lat="38.73864813" lon="114.44807976"><ele>195.349</ele><time>2026-08-25T07:06:59Z</time><sat>33</sat></trkpt>
  <trkpt lat="38.73865371" lon="114.44806982"><ele>195.537</ele><time>2026-08-25T07:07:02Z</time><sat>33</sat></trkpt>
  <trkpt lat="38.73866048" lon="114.44807058"><ele>195.366</ele><time>2026-08-25T07:07:05Z</time><sat>33</sat></trkpt>
  <trkpt lat="38.73866105" lon="114.44806887"><ele>195.686</ele><time>2026-08-25T07:07:08Z</time><sat>31</sat></trkpt>
  <trkpt lat="38.73866828" lon="114.44806273"><ele>194.978</ele><time>2026-08-25T07:07:11Z</time><sat>30</sat></trkpt>
  <trkpt lat="38.73867566" lon="114.44805409"><ele>194.711</ele><time>2026-08-25T07:07:14Z</time><sat>32</sat></trkpt>
  <trkpt lat="38.73868341" lon="114.44805351"><ele>194.777</ele><time>2026-08-25T07:07:17Z</time><sat>33</sat></trkpt>
  <trkpt lat="38.73870685" lon="114.44802377"><ele>194.992</ele><time>2026-08-25T07:07:20Z</time><sat>32</sat></trkpt>
  <trkpt lat="38.73877223" lon="114.44794413"><ele>194.535</ele><time>2026-08-25T07:07:23Z</time><sat>32</sat></trkpt>
  <trkpt lat="38.73886135" lon="114.44783582"><ele>194.841</ele><time>2026-08-25T07:07:26Z</time><sat>35</sat></trkpt>
  <trkpt lat="38.73897501" lon="114.44775553"><ele>195.613</ele><time>2026-08-25T07:07:29Z</time><sat>35</sat></trkpt>
  <trkpt lat="38.73911028" lon="114.44772457"><ele>196.170</ele><time>2026-08-25T07:07:32Z</time><sat>34</sat></trkpt>
  <trkpt lat="38.73923639" lon="114.44770179"><ele>196.687</ele><time>2026-08-25T07:07:35Z</time><sat>33</sat></trkpt>
  <trkpt lat="38.73934179" lon="114.44763021"><ele>195.080</ele><time>2026-08-25T07:07:38Z</time><sat>30</sat></trkpt>
  <trkpt lat="38.73942619" lon="114.44748429"><ele>196.301</ele><time>2026-08-25T07:07:41Z</time><sat>26</sat></trkpt>
  <trkpt lat="38.73950948" lon="114.44737465"><ele>196.397</ele><time>2026-08-25T07:07:44Z</time><sat>32</sat></trkpt>
  <trkpt lat="38.73958680" lon="114.44730165"><ele>196.021</ele><time>2026-08-25T07:07:47Z</time><sat>32</sat></trkpt>
  <trkpt lat="38.73968958" lon="114.44728834"><ele>197.132</ele><time>2026-08-25T07:07:50Z</time><sat>31</sat></trkpt>
  <trkpt lat="38.73984153" lon="114.44735012"><ele>197.480</ele><time>2026-08-25T07:07:53Z</time><sat>32</sat></trkpt>
  <trkpt lat="38.73994360" lon="114.44727694"><ele>198.998</ele><time>2026-08-25T07:07:56Z</time><sat>32</sat></trkpt>
  <trkpt lat="38.73995471" lon="114.44713014"><ele>201.230</ele><time>2026-08-25T07:07:59Z</time><sat>33</sat></trkpt>
  <trkpt lat="38.73991806" lon="114.44696862"><ele>201.850</ele><time>2026-08-25T07:08:02Z</time><sat>34</sat></trkpt>
  <trkpt lat="38.73989814" lon="114.44680990"><ele>203.586</ele><time>2026-08-25T07:08:05Z</time><sat>31</sat></trkpt>
  <trkpt lat="38.73994247" lon="114.44668431"><ele>203.620</ele><time>2026-08-25T07:08:08Z</time><sat>28</sat></trkpt>
  <trkpt lat="38.74004399" lon="114.44655453"><ele>203.859</ele><time>2026-08-25T07:08:11Z</time><sat>32</sat></trkpt>
  <trkpt lat="38.74014682" lon="114.44639366"><ele>204.339</ele><time>2026-08-25T07:08:14Z</time><sat>34</sat></trkpt>
  <trkpt lat="38.74021209" lon="114.44625339"><ele>205.675</ele><time>2026-08-25T07:08:17Z</time><sat>34</sat></trkpt>
  <trkpt lat="38.74017539" lon="114.44613923"><ele>205.152</ele><time>2026-08-25T07:08:20Z</time><sat>31</sat></trkpt>
  <trkpt lat="38.74005691" lon="114.44607226"><ele>205.001</ele><time>2026-08-25T07:08:23Z</time><sat>32</sat></trkpt>
  <trkpt lat="38.73990700" lon="114.44597731"><ele>205.245</ele><time>2026-08-25T07:08:26Z</time><sat>33</sat></trkpt>
  <trkpt lat="38.73979252" lon="114.44588046"><ele>205.341</ele><time>2026-08-25T07:08:29Z</time><sat>33</sat></trkpt>
  <trkpt lat="38.73973504" lon="114.44576337"><ele>205.482</ele><time>2026-08-25T07:08:32Z</time><sat>32</sat></trkpt>
  <trkpt lat="38.73975849" lon="114.44564588"><ele>205.132</ele><time>2026-08-25T07:08:35Z</time><sat>33</sat></trkpt>
  <trkpt lat="38.73986925" lon="114.44556437"><ele>204.749</ele><time>2026-08-25T07:08:38Z</time><sat>32</sat></trkpt>
  <trkpt lat="38.74002989" lon="114.44555813"><ele>204.285</ele><time>2026-08-25T07:08:41Z</time><sat>31</sat></trkpt>
  <trkpt lat="38.74020622" lon="114.44548667"><ele>205.635</ele><time>2026-08-25T07:08:44Z</time><sat>31</sat></trkpt>
  <trkpt lat="38.74040401" lon="114.44536120"><ele>208.102</ele><time>2026-08-25T07:08:47Z</time><sat>29</sat></trkpt>
  <trkpt lat="38.74059678" lon="114.44527384"><ele>209.522</ele><time>2026-08-25T07:08:50Z</time><sat>30</sat></trkpt>
  <trkpt lat="38.74076566" lon="114.44517889"><ele>212.323</ele><time>2026-08-25T07:08:53Z</time><sat>30</sat></trkpt>
  <trkpt lat="38.74095065" lon="114.44502598"><ele>212.840</ele><time>2026-08-25T07:08:56Z</time><sat>32</sat></trkpt>
  <trkpt lat="38.74113015" lon="114.44487625"><ele>214.823</ele><time>2026-08-25T07:08:59Z</time><sat>31</sat></trkpt>
  <trkpt lat="38.74133190" lon="114.44472408"><ele>216.879</ele><time>2026-08-25T07:09:02Z</time><sat>29</sat></trkpt>
  <trkpt lat="38.74151543" lon="114.44455410"><ele>219.688</ele><time>2026-08-25T07:09:05Z</time><sat>31</sat></trkpt>
  <trkpt lat="38.74165152" lon="114.44437257"><ele>221.651</ele><time>2026-08-25T07:09:08Z</time><sat>32</sat></trkpt>
  <trkpt lat="38.74177981" lon="114.44417542"><ele>223.152</ele><time>2026-08-25T07:09:11Z</time><sat>32</sat></trkpt>
  <trkpt lat="38.74195519" lon="114.44397136"><ele>224.674</ele><time>2026-08-25T07:09:14Z</time><sat>32</sat></trkpt>
  <trkpt lat="38.74214887" lon="114.44373746"><ele>226.306</ele><time>2026-08-25T07:09:17Z</time><sat>33</sat></trkpt>
  <trkpt lat="38.74230834" lon="114.44350576"><ele>228.771</ele><time>2026-08-25T07:09:20Z</time><sat>34</sat></trkpt>
  <trkpt lat="38.74243045" lon="114.44333505"><ele>228.574</ele><time>2026-08-25T07:09:23Z</time><sat>34</sat></trkpt>
  <trkpt lat="38.74246894" lon="114.44309702"><ele>228.774</ele><time>2026-08-25T07:09:26Z</time><sat>32</sat></trkpt>
  <trkpt lat="38.74253360" lon="114.44283422"><ele>231.715</ele><time>2026-08-25T07:09:29Z</time><sat>32</sat></trkpt>
  <trkpt lat="38.74268610" lon="114.44255443"><ele>234.914</ele><time>2026-08-25T07:09:32Z</time><sat>34</sat></trkpt>
  <trkpt lat="38.74285792" lon="114.44225041"><ele>239.574</ele><time>2026-08-25T07:09:35Z</time><sat>31</sat></trkpt>
  <trkpt lat="38.74297522" lon="114.44200233"><ele>242.425</ele><time>2026-08-25T07:09:38Z</time><sat>29</sat></trkpt>
  <trkpt lat="38.74303445" lon="114.44180032"><ele>244.659</ele><time>2026-08-25T07:09:41Z</time><sat>31</sat></trkpt>
  <trkpt lat="38.74309946" lon="114.44152504"><ele>245.408</ele><time>2026-08-25T07:09:44Z</time><sat>33</sat></trkpt>
  <trkpt lat="38.74318252" lon="114.44123689"><ele>244.951</ele><time>2026-08-25T07:09:47Z</time><sat>32</sat></trkpt>
  <trkpt lat="38.74327600" lon="114.44093356"><ele>244.176</ele><time>2026-08-25T07:09:50Z</time><sat>32</sat></trkpt>
  <trkpt lat="38.74332950" lon="114.44064310"><ele>243.926</ele><time>2026-08-25T07:09:53Z</time><sat>33</sat></trkpt>
  <trkpt lat="38.74327700" lon="114.44039169"><ele>243.686</ele><time>2026-08-25T07:09:56Z</time><sat>32</sat></trkpt>
  <trkpt lat="38.74322110" lon="114.44013865"><ele>243.565</ele><time>2026-08-25T07:09:59Z</time><sat>33</sat></trkpt>
  <trkpt lat="38.74325651" lon="114.43998052"><ele>243.275</ele><time>2026-08-25T07:10:02Z</time><sat>33</sat></trkpt>
  <trkpt lat="38.74340479" lon="114.43978160"><ele>241.986</ele><time>2026-08-25T07:10:05Z</time><sat>32</sat></trkpt>
  <trkpt lat="38.74362650" lon="114.43955132"><ele>240.013</ele><time>2026-08-25T07:10:08Z</time><sat>31</sat></trkpt>
  <trkpt lat="38.74379269" lon="114.43935079"><ele>239.261</ele><time>2026-08-25T07:10:11Z</time><sat>31</sat></trkpt>
  <trkpt lat="38.74385338" lon="114.43916185"><ele>239.482</ele><time>2026-08-25T07:10:14Z</time><sat>31</sat></trkpt>
  <trkpt lat="38.74388709" lon="114.43890362"><ele>239.847</ele><time>2026-08-25T07:10:17Z</time><sat>32</sat></trkpt>
  <trkpt lat="38.74391515" lon="114.43865173"><ele>241.126</ele><time>2026-08-25T07:10:20Z</time><sat>32</sat></trkpt>
  <trkpt lat="38.74398102" lon="114.43844979"><ele>241.802</ele><time>2026-08-25T07:10:23Z</time><sat>31</sat></trkpt>
  <trkpt lat="38.74406138" lon="114.43821498"><ele>242.098</ele><time>2026-08-25T07:10:26Z</time><sat>31</sat></trkpt>
  <trkpt lat="38.74417845" lon="114.43799058"><ele>242.353</ele><time>2026-08-25T07:10:29Z</time><sat>31</sat></trkpt>
  <trkpt lat="38.74432761" lon="114.43777112"><ele>243.243</ele><time>2026-08-25T07:10:32Z</time><sat>33</sat></trkpt>
  <trkpt lat="38.74441789" lon="114.43750910"><ele>243.604</ele><time>2026-08-25T07:10:35Z</time><sat>33</sat></trkpt>
  <trkpt lat="38.74446997" lon="114.43725022"><ele>245.058</ele><time>2026-08-25T07:10:38Z</time><sat>31</sat></trkpt>
  <trkpt lat="38.74458440" lon="114.43705113"><ele>246.293</ele><time>2026-08-25T07:10:41Z</time><sat>31</sat></trkpt>
  <trkpt lat="38.74476550" lon="114.43690557"><ele>245.250</ele><time>2026-08-25T07:10:44Z</time><sat>32</sat></trkpt>
  <trkpt lat="38.74490092" lon="114.43670032"><ele>244.276</ele><time>2026-08-25T07:10:47Z</time><sat>33</sat></trkpt>
  <trkpt lat="38.74492631" lon="114.43644642"><ele>243.305</ele><time>2026-08-25T07:10:50Z</time><sat>32</sat></trkpt>
  <trkpt lat="38.74491704" lon="114.43617868"><ele>243.684</ele><time>2026-08-25T07:10:53Z</time><sat>32</sat></trkpt>
  <trkpt lat="38.74496330" lon="114.43598247"><ele>242.634</ele><time>2026-08-25T07:10:56Z</time><sat>31</sat></trkpt>
  <trkpt lat="38.74503339" lon="114.43579316"><ele>241.011</ele><time>2026-08-25T07:10:59Z</time><sat>33</sat></trkpt>
  <trkpt lat="38.74508145" lon="114.43557296"><ele>240.985</ele><time>2026-08-25T07:11:02Z</time><sat>32</sat></trkpt>
  <trkpt lat="38.74502850" lon="114.43536492"><ele>241.528</ele><time>2026-08-25T07:11:05Z</time><sat>33</sat></trkpt>
  <trkpt lat="38.74490971" lon="114.43518505"><ele>240.933</ele><time>2026-08-25T07:11:08Z</time><sat>33</sat></trkpt>
  <trkpt lat="38.74480814" lon="114.43505089"><ele>240.408</ele><time>2026-08-25T07:11:11Z</time><sat>31</sat></trkpt>
  <trkpt lat="38.74469811" lon="114.43493440"><ele>240.335</ele><time>2026-08-25T07:11:14Z</time><sat>31</sat></trkpt>
  <trkpt lat="38.74455813" lon="114.43480247"><ele>240.951</ele><time>2026-08-25T07:11:17Z</time><sat>33</sat></trkpt>
  <trkpt lat="38.74444282" lon="114.43464272"><ele>242.237</ele><time>2026-08-25T07:11:20Z</time><sat>33</sat></trkpt>
  <trkpt lat="38.74435719" lon="114.43439572"><ele>244.010</ele><time>2026-08-25T07:11:23Z</time><sat>31</sat></trkpt>
  <trkpt lat="38.74426818" lon="114.43411999"><ele>247.165</ele><time>2026-08-25T07:11:26Z</time><sat>33</sat></trkpt>
  <trkpt lat="38.74419722" lon="114.43386226"><ele>248.633</ele><time>2026-08-25T07:11:29Z</time><sat>33</sat></trkpt>
  <trkpt lat="38.74415800" lon="114.43362033"><ele>249.893</ele><time>2026-08-25T07:11:32Z</time><sat>33</sat></trkpt>
  <trkpt lat="38.74417593" lon="114.43335980"><ele>251.416</ele><time>2026-08-25T07:11:35Z</time><sat>34</sat></trkpt>
  <trkpt lat="38.74420189" lon="114.43305655"><ele>252.749</ele><time>2026-08-25T07:11:38Z</time><sat>32</sat></trkpt>
  <trkpt lat="38.74422920" lon="114.43278030"><ele>254.997</ele><time>2026-08-25T07:11:41Z</time><sat>32</sat></trkpt>
  <trkpt lat="38.74430352" lon="114.43249664"><ele>256.527</ele><time>2026-08-25T07:11:44Z</time><sat>31</sat></trkpt>
  <trkpt lat="38.74443986" lon="114.43223743"><ele>258.021</ele><time>2026-08-25T07:11:47Z</time><sat>31</sat></trkpt>
  <trkpt lat="38.74458763" lon="114.43202533"><ele>258.972</ele><time>2026-08-25T07:11:50Z</time><sat>33</sat></trkpt>
  <trkpt lat="38.74463175" lon="114.43176934"><ele>260.174</ele><time>2026-08-25T07:11:53Z</time><sat>33</sat></trkpt>
  <trkpt lat="38.74454323" lon="114.43146971"><ele>261.975</ele><time>2026-08-25T07:11:56Z</time><sat>34</sat></trkpt>
  <trkpt lat="38.74445128" lon="114.43119561"><ele>264.572</ele><time>2026-08-25T07:11:59Z</time><sat>33</sat></trkpt>
  <trkpt lat="38.74439999" lon="114.43087437"><ele>265.634</ele><time>2026-08-25T07:12:02Z</time><sat>29</sat></trkpt>
  <trkpt lat="38.74434556" lon="114.43053507"><ele>266.699</ele><time>2026-08-25T07:12:05Z</time><sat>29</sat></trkpt>
  <trkpt lat="38.74430165" lon="114.43023047"><ele>268.455</ele><time>2026-08-25T07:12:08Z</time><sat>30</sat></trkpt>
  <trkpt lat="38.74428165" lon="114.42993968"><ele>268.646</ele><time>2026-08-25T07:12:11Z</time><sat>32</sat></trkpt>
  <trkpt lat="38.74431069" lon="114.42969004"><ele>268.708</ele><time>2026-08-25T07:12:14Z</time><sat>33</sat></trkpt>
  <trkpt lat="38.74443876" lon="114.42950713"><ele>267.182</ele><time>2026-08-25T07:12:17Z</time><sat>33</sat></trkpt>
  <trkpt lat="38.74462807" lon="114.42930302"><ele>264.607</ele><time>2026-08-25T07:12:20Z</time><sat>33</sat></trkpt>
  <trkpt lat="38.74474987" lon="114.42903370"><ele>264.642</ele><time>2026-08-25T07:12:23Z</time><sat>34</sat></trkpt>
  <trkpt lat="38.74475834" lon="114.42875762"><ele>266.140</ele><time>2026-08-25T07:12:26Z</time><sat>33</sat></trkpt>
  <trkpt lat="38.74471809" lon="114.42851198"><ele>267.133</ele><time>2026-08-25T07:12:29Z</time><sat>32</sat></trkpt>
  <trkpt lat="38.74466951" lon="114.42822939"><ele>267.218</ele><time>2026-08-25T07:12:32Z</time><sat>32</sat></trkpt>
  <trkpt lat="38.74460420" lon="114.42794406"><ele>268.447</ele><time>2026-08-25T07:12:35Z</time><sat>31</sat></trkpt>
  <trkpt lat="38.74447287" lon="114.42773168"><ele>267.236</ele><time>2026-08-25T07:12:38Z</time><sat>31</sat></trkpt>
  <trkpt lat="38.74430907" lon="114.42766215"><ele>266.879</ele><time>2026-08-25T07:12:41Z</time><sat>30</sat></trkpt>
  <trkpt lat="38.74422296" lon="114.42752216"><ele>266.607</ele><time>2026-08-25T07:12:44Z</time><sat>29</sat></trkpt>
  <trkpt lat="38.74422279" lon="114.42728592"><ele>265.156</ele><time>2026-08-25T07:12:47Z</time><sat>29</sat></trkpt>
  <trkpt lat="38.74414289" lon="114.42707955"><ele>264.045</ele><time>2026-08-25T07:12:50Z</time><sat>29</sat></trkpt>
  <trkpt lat="38.74397822" lon="114.42703330"><ele>262.607</ele><time>2026-08-25T07:12:53Z</time><sat>29</sat></trkpt>
  <trkpt lat="38.74381421" lon="114.42696506"><ele>261.775</ele><time>2026-08-25T07:12:56Z</time><sat>29</sat></trkpt>
  <trkpt lat="38.74374715" lon="114.42678358"><ele>260.698</ele><time>2026-08-25T07:12:59Z</time><sat>29</sat></trkpt>
  <trkpt lat="38.74372150" lon="114.42657842"><ele>258.974</ele><time>2026-08-25T07:13:02Z</time><sat>29</sat></trkpt>
  <trkpt lat="38.74359304" lon="114.42645258"><ele>257.907</ele><time>2026-08-25T07:13:05Z</time><sat>29</sat></trkpt>
  <trkpt lat="38.74345704" lon="114.42640773"><ele>257.231</ele><time>2026-08-25T07:13:08Z</time><sat>29</sat></trkpt>
  <trkpt lat="38.74336911" lon="114.42626872"><ele>256.543</ele><time>2026-08-25T07:13:11Z</time><sat>29</sat></trkpt>
  <trkpt lat="38.74322847" lon="114.42615289"><ele>255.889</ele><time>2026-08-25T07:13:14Z</time><sat>29</sat></trkpt>
  <trkpt lat="38.74308838" lon="114.42620610"><ele>256.936</ele><time>2026-08-25T07:13:17Z</time><sat>29</sat></trkpt>
  <trkpt lat="38.74295590" lon="114.42611566"><ele>256.407</ele><time>2026-08-25T07:13:20Z</time><sat>29</sat></trkpt>
  <trkpt lat="38.74280821" lon="114.42601155"><ele>256.625</ele><time>2026-08-25T07:13:23Z</time><sat>29</sat></trkpt>
  <trkpt lat="38.74267180" lon="114.42609507"><ele>256.664</ele><time>2026-08-25T07:13:26Z</time><sat>29</sat></trkpt>
  <trkpt lat="38.74258345" lon="114.42626130"><ele>255.339</ele><time>2026-08-25T07:13:29Z</time><sat>28</sat></trkpt>
  <trkpt lat="38.74242331" lon="114.42628535"><ele>253.855</ele><time>2026-08-25T07:13:32Z</time><sat>29</sat></trkpt>
  <trkpt lat="38.74226510" lon="114.42641008"><ele>253.022</ele><time>2026-08-25T07:13:35Z</time><sat>29</sat></trkpt>
  <trkpt lat="38.74219808" lon="114.42662334"><ele>251.948</ele><time>2026-08-25T07:13:38Z</time><sat>29</sat></trkpt>
  <trkpt lat="38.74206244" lon="114.42672256"><ele>249.774</ele><time>2026-08-25T07:13:41Z</time><sat>28</sat></trkpt>
  <trkpt lat="38.74183758" lon="114.42677274"><ele>248.952</ele><time>2026-08-25T07:13:44Z</time><sat>29</sat></trkpt>
  <trkpt lat="38.74161770" lon="114.42678084"><ele>247.949</ele><time>2026-08-25T07:13:47Z</time><sat>29</sat></trkpt>
  <trkpt lat="38.74138850" lon="114.42676418"><ele>248.111</ele><time>2026-08-25T07:13:50Z</time><sat>29</sat></trkpt>
  <trkpt lat="38.74119418" lon="114.42681105"><ele>248.206</ele><time>2026-08-25T07:13:53Z</time><sat>30</sat></trkpt>
  <trkpt lat="38.74103264" lon="114.42671717"><ele>248.005</ele><time>2026-08-25T07:13:56Z</time><sat>29</sat></trkpt>
  <trkpt lat="38.74086108" lon="114.42656910"><ele>247.435</ele><time>2026-08-25T07:13:59Z</time><sat>30</sat></trkpt>
  <trkpt lat="38.74068908" lon="114.42660505"><ele>246.699</ele><time>2026-08-25T07:14:02Z</time><sat>29</sat></trkpt>
  <trkpt lat="38.74053311" lon="114.42681614"><ele>245.553</ele><time>2026-08-25T07:14:05Z</time><sat>30</sat></trkpt>
  <trkpt lat="38.74037798" lon="114.42703746"><ele>243.853</ele><time>2026-08-25T07:14:08Z</time><sat>30</sat></trkpt>
  <trkpt lat="38.74017556" lon="114.42723181"><ele>241.626</ele><time>2026-08-25T07:14:11Z</time><sat>30</sat></trkpt>
  <trkpt lat="38.73997049" lon="114.42737730"><ele>238.572</ele><time>2026-08-25T07:14:14Z</time><sat>31</sat></trkpt>
  <trkpt lat="38.73971744" lon="114.42742849"><ele>235.078</ele><time>2026-08-25T07:14:17Z</time><sat>32</sat></trkpt>
  <trkpt lat="38.73949366" lon="114.42744469"><ele>231.655</ele><time>2026-08-25T07:14:20Z</time><sat>29</sat></trkpt>
  <trkpt lat="38.73944251" lon="114.42741089"><ele>231.110</ele><time>2026-08-25T07:14:23Z</time><sat>30</sat></trkpt>
  <trkpt lat="38.73944276" lon="114.42741640"><ele>231.506</ele><time>2026-08-25T07:14:26Z</time><sat>32</sat></trkpt>
  <trkpt lat="38.73943474" lon="114.42741099"><ele>231.483</ele><time>2026-08-25T07:14:29Z</time><sat>32</sat></trkpt>
  <trkpt lat="38.73941565" lon="114.42739938"><ele>231.227</ele><time>2026-08-25T07:14:32Z</time><sat>31</sat></trkpt>
  <trkpt lat="38.73940766" lon="114.42739574"><ele>231.174</ele><time>2026-08-25T07:14:35Z</time><sat>32</sat></trkpt>
  <trkpt lat="38.73931521" lon="114.42739146"><ele>230.509</ele><time>2026-08-25T07:14:38Z</time><sat>32</sat></trkpt>
  <trkpt lat="38.73919030" lon="114.42744765"><ele>228.989</ele><time>2026-08-25T07:14:41Z</time><sat>32</sat></trkpt>
  <trkpt lat="38.73906904" lon="114.42761045"><ele>227.214</ele><time>2026-08-25T07:14:44Z</time><sat>33</sat></trkpt>
  <trkpt lat="38.73887492" lon="114.42761898"><ele>225.868</ele><time>2026-08-25T07:14:47Z</time><sat>31</sat></trkpt>
  <trkpt lat="38.73871312" lon="114.42755292"><ele>225.610</ele><time>2026-08-25T07:14:50Z</time><sat>31</sat></trkpt>
  <trkpt lat="38.73865437" lon="114.42744581"><ele>224.933</ele><time>2026-08-25T07:14:53Z</time><sat>30</sat></trkpt>
  <trkpt lat="38.73872157" lon="114.42737776"><ele>223.280</ele><time>2026-08-25T07:14:56Z</time><sat>31</sat></trkpt>
  <trkpt lat="38.73889668" lon="114.42743581"><ele>221.933</ele><time>2026-08-25T07:14:59Z</time><sat>31</sat></trkpt>
  <trkpt lat="38.73901646" lon="114.42735589"><ele>220.928</ele><time>2026-08-25T07:15:02Z</time><sat>31</sat></trkpt>
  <trkpt lat="38.73908743" lon="114.42716995"><ele>219.881</ele><time>2026-08-25T07:15:05Z</time><sat>31</sat></trkpt>
  <trkpt lat="38.73916892" lon="114.42696967"><ele>217.251</ele><time>2026-08-25T07:15:08Z</time><sat>31</sat></trkpt>
  <trkpt lat="38.73911828" lon="114.42679398"><ele>216.222</ele><time>2026-08-25T07:15:11Z</time><sat>29</sat></trkpt>
  <trkpt lat="38.73898736" lon="114.42670805"><ele>216.484</ele><time>2026-08-25T07:15:14Z</time><sat>30</sat></trkpt>
  <trkpt lat="38.73885665" lon="114.42674300"><ele>216.280</ele><time>2026-08-25T07:15:17Z</time><sat>29</sat></trkpt>
  <trkpt lat="38.73867491" lon="114.42669182"><ele>215.356</ele><time>2026-08-25T07:15:20Z</time><sat>29</sat></trkpt>
  <trkpt lat="38.73851799" lon="114.42656880"><ele>213.864</ele><time>2026-08-25T07:15:23Z</time><sat>29</sat></trkpt>
  <trkpt lat="38.73838676" lon="114.42637346"><ele>213.520</ele><time>2026-08-25T07:15:26Z</time><sat>29</sat></trkpt>
  <trkpt lat="38.73822637" lon="114.42626114"><ele>213.010</ele><time>2026-08-25T07:15:29Z</time><sat>29</sat></trkpt>
  <trkpt lat="38.73811620" lon="114.42613323"><ele>211.929</ele><time>2026-08-25T07:15:32Z</time><sat>29</sat></trkpt>
  <trkpt lat="38.73797240" lon="114.42617500"><ele>212.251</ele><time>2026-08-25T07:15:35Z</time><sat>29</sat></trkpt>
  <trkpt lat="38.73783245" lon="114.42629156"><ele>211.497</ele><time>2026-08-25T07:15:38Z</time><sat>28</sat></trkpt>
  <trkpt lat="38.73764978" lon="114.42633546"><ele>210.694</ele><time>2026-08-25T07:15:41Z</time><sat>29</sat></trkpt>
  <trkpt lat="38.73745156" lon="114.42639230"><ele>210.252</ele><time>2026-08-25T07:15:44Z</time><sat>28</sat></trkpt>
  <trkpt lat="38.73732390" lon="114.42637890"><ele>209.911</ele><time>2026-08-25T07:15:47Z</time><sat>29</sat></trkpt>
  <trkpt lat="38.73726620" lon="114.42629784"><ele>209.514</ele><time>2026-08-25T07:15:50Z</time><sat>29</sat></trkpt>
  <trkpt lat="38.73726605" lon="114.42606746"><ele>208.908</ele><time>2026-08-25T07:15:53Z</time><sat>29</sat></trkpt>
  <trkpt lat="38.73725194" lon="114.42573432"><ele>208.740</ele><time>2026-08-25T07:15:56Z</time><sat>29</sat></trkpt>
  <trkpt lat="38.73726087" lon="114.42539282"><ele>208.572</ele><time>2026-08-25T07:15:59Z</time><sat>29</sat></trkpt>
  <trkpt lat="38.73722158" lon="114.42510613"><ele>208.377</ele><time>2026-08-25T07:16:02Z</time><sat>29</sat></trkpt>
  <trkpt lat="38.73711704" lon="114.42481696"><ele>206.529</ele><time>2026-08-25T07:16:05Z</time><sat>28</sat></trkpt>
  <trkpt lat="38.73704660" lon="114.42450903"><ele>205.068</ele><time>2026-08-25T07:16:08Z</time><sat>28</sat></trkpt>
  <trkpt lat="38.73697683" lon="114.42426219"><ele>201.041</ele><time>2026-08-25T07:16:11Z</time><sat>28</sat></trkpt>
  <trkpt lat="38.73689039" lon="114.42404975"><ele>199.700</ele><time>2026-08-25T07:16:14Z</time><sat>28</sat></trkpt>
  <trkpt lat="38.73680715" lon="114.42389066"><ele>198.973</ele><time>2026-08-25T07:16:17Z</time><sat>28</sat></trkpt>
  <trkpt lat="38.73670880" lon="114.42370049"><ele>198.642</ele><time>2026-08-25T07:16:20Z</time><sat>29</sat></trkpt>
  <trkpt lat="38.73659661" lon="114.42348440"><ele>198.709</ele><time>2026-08-25T07:16:23Z</time><sat>29</sat></trkpt>
  <trkpt lat="38.73650302" lon="114.42331235"><ele>199.573</ele><time>2026-08-25T07:16:26Z</time><sat>28</sat></trkpt>
  <trkpt lat="38.73642276" lon="114.42328786"><ele>199.514</ele><time>2026-08-25T07:16:29Z</time><sat>27</sat></trkpt>
  <trkpt lat="38.73631372" lon="114.42337920"><ele>198.975</ele><time>2026-08-25T07:16:32Z</time><sat>30</sat></trkpt>
  <trkpt lat="38.73615199" lon="114.42352640"><ele>198.935</ele><time>2026-08-25T07:16:35Z</time><sat>30</sat></trkpt>
  <trkpt lat="38.73596453" lon="114.42370556"><ele>198.430</ele><time>2026-08-25T07:16:38Z</time><sat>30</sat></trkpt>
  <trkpt lat="38.73579120" lon="114.42388448"><ele>199.268</ele><time>2026-08-25T07:16:41Z</time><sat>29</sat></trkpt>
  <trkpt lat="38.73564659" lon="114.42407268"><ele>200.954</ele><time>2026-08-25T07:16:44Z</time><sat>31</sat></trkpt>
  <trkpt lat="38.73553301" lon="114.42431386"><ele>203.584</ele><time>2026-08-25T07:16:47Z</time><sat>31</sat></trkpt>
  <trkpt lat="38.73545252" lon="114.42458429"><ele>205.644</ele><time>2026-08-25T07:16:50Z</time><sat>31</sat></trkpt>
  <trkpt lat="38.73538113" lon="114.42487489"><ele>205.796</ele><time>2026-08-25T07:16:53Z</time><sat>30</sat></trkpt>
  <trkpt lat="38.73532093" lon="114.42520584"><ele>205.505</ele><time>2026-08-25T07:16:56Z</time><sat>30</sat></trkpt>
  <trkpt lat="38.73526687" lon="114.42553404"><ele>206.439</ele><time>2026-08-25T07:16:59Z</time><sat>30</sat></trkpt>
  <trkpt lat="38.73518609" lon="114.42579091"><ele>207.387</ele><time>2026-08-25T07:17:02Z</time><sat>30</sat></trkpt>
  <trkpt lat="38.73507250" lon="114.42598046"><ele>209.939</ele><time>2026-08-25T07:17:05Z</time><sat>30</sat></trkpt>
  <trkpt lat="38.73496984" lon="114.42607046"><ele>211.041</ele><time>2026-08-25T07:17:08Z</time><sat>32</sat></trkpt>
  <trkpt lat="38.73482753" lon="114.42601710"><ele>211.543</ele><time>2026-08-25T07:17:11Z</time><sat>30</sat></trkpt>
  <trkpt lat="38.73472974" lon="114.42586589"><ele>212.538</ele><time>2026-08-25T07:17:14Z</time><sat>32</sat></trkpt>
  <trkpt lat="38.73474030" lon="114.42570067"><ele>214.293</ele><time>2026-08-25T07:17:17Z</time><sat>32</sat></trkpt>
  <trkpt lat="38.73476049" lon="114.42543206"><ele>216.353</ele><time>2026-08-25T07:17:20Z</time><sat>32</sat></trkpt>
  <trkpt lat="38.73475592" lon="114.42517194"><ele>219.275</ele><time>2026-08-25T07:17:23Z</time><sat>31</sat></trkpt>
  <trkpt lat="38.73474567" lon="114.42502815"><ele>220.379</ele><time>2026-08-25T07:17:26Z</time><sat>30</sat></trkpt>
  <trkpt lat="38.73472754" lon="114.42494634"><ele>220.300</ele><time>2026-08-25T07:17:29Z</time><sat>30</sat></trkpt>
  <trkpt lat="38.73462217" lon="114.42489118"><ele>221.150</ele><time>2026-08-25T07:17:32Z</time><sat>31</sat></trkpt>
  <trkpt lat="38.73437236" lon="114.42489809"><ele>221.416</ele><time>2026-08-25T07:17:35Z</time><sat>30</sat></trkpt>
  <trkpt lat="38.73402383" lon="114.42495206"><ele>221.571</ele><time>2026-08-25T07:17:38Z</time><sat>29</sat></trkpt>
  <trkpt lat="38.73360926" lon="114.42512620"><ele>222.003</ele><time>2026-08-25T07:17:41Z</time><sat>29</sat></trkpt>
  <trkpt lat="38.73330994" lon="114.42523749"><ele>221.754</ele><time>2026-08-25T07:17:44Z</time><sat>29</sat></trkpt>
  <trkpt lat="38.73318359" lon="114.42528597"><ele>221.781</ele><time>2026-08-25T07:17:47Z</time><sat>26</sat></trkpt>
  <trkpt lat="38.73309337" lon="114.42532226"><ele>221.725</ele><time>2026-08-25T07:17:50Z</time><sat>26</sat></trkpt>
  <trkpt lat="38.73300337" lon="114.42537105"><ele>222.110</ele><time>2026-08-25T07:17:53Z</time><sat>26</sat></trkpt>
  <trkpt lat="38.73281983" lon="114.42540691"><ele>222.539</ele><time>2026-08-25T07:17:56Z</time><sat>26</sat></trkpt>
  <trkpt lat="38.73263231" lon="114.42532627"><ele>222.608</ele><time>2026-08-25T07:17:59Z</time><sat>28</sat></trkpt>
  <trkpt lat="38.73260713" lon="114.42505646"><ele>222.106</ele><time>2026-08-25T07:18:02Z</time><sat>28</sat></trkpt>
  <trkpt lat="38.73252318" lon="114.42477828"><ele>221.693</ele><time>2026-08-25T07:18:05Z</time><sat>28</sat></trkpt>
  <trkpt lat="38.73231692" lon="114.42483515"><ele>223.237</ele><time>2026-08-25T07:18:08Z</time><sat>29</sat></trkpt>
  <trkpt lat="38.73206764" lon="114.42513319"><ele>223.394</ele><time>2026-08-25T07:18:11Z</time><sat>29</sat></trkpt>
  <trkpt lat="38.73182236" lon="114.42542730"><ele>224.029</ele><time>2026-08-25T07:18:14Z</time><sat>28</sat></trkpt>
  <trkpt lat="38.73160889" lon="114.42553407"><ele>224.529</ele><time>2026-08-25T07:18:17Z</time><sat>27</sat></trkpt>
  <trkpt lat="38.73149180" lon="114.42540006"><ele>224.996</ele><time>2026-08-25T07:18:20Z</time><sat>28</sat></trkpt>
  <trkpt lat="38.73151666" lon="114.42506972"><ele>224.506</ele><time>2026-08-25T07:18:23Z</time><sat>30</sat></trkpt>
  <trkpt lat="38.73158151" lon="114.42470612"><ele>223.104</ele><time>2026-08-25T07:18:26Z</time><sat>30</sat></trkpt>
  <trkpt lat="38.73151925" lon="114.42445415"><ele>221.863</ele><time>2026-08-25T07:18:29Z</time><sat>29</sat></trkpt>
  <trkpt lat="38.73132485" lon="114.42432854"><ele>221.908</ele><time>2026-08-25T07:18:32Z</time><sat>29</sat></trkpt>
  <trkpt lat="38.73108405" lon="114.42425141"><ele>220.998</ele><time>2026-08-25T07:18:35Z</time><sat>29</sat></trkpt>
  <trkpt lat="38.73086309" lon="114.42416398"><ele>220.436</ele><time>2026-08-25T07:18:38Z</time><sat>29</sat></trkpt>
  <trkpt lat="38.73063531" lon="114.42418823"><ele>220.882</ele><time>2026-08-25T07:18:41Z</time><sat>29</sat></trkpt>
  <trkpt lat="38.73035424" lon="114.42426586"><ele>219.778</ele><time>2026-08-25T07:18:44Z</time><sat>29</sat></trkpt>
  <trkpt lat="38.73006884" lon="114.42431475"><ele>217.870</ele><time>2026-08-25T07:18:47Z</time><sat>29</sat></trkpt>
  <trkpt lat="38.72980937" lon="114.42436137"><ele>215.712</ele><time>2026-08-25T07:18:50Z</time><sat>29</sat></trkpt>
  <trkpt lat="38.72959042" lon="114.42452865"><ele>214.417</ele><time>2026-08-25T07:18:53Z</time><sat>28</sat></trkpt>
  <trkpt lat="38.72936947" lon="114.42470162"><ele>212.603</ele><time>2026-08-25T07:18:56Z</time><sat>29</sat></trkpt>
  <trkpt lat="38.72905797" lon="114.42469297"><ele>210.975</ele><time>2026-08-25T07:18:59Z</time><sat>29</sat></trkpt>
  <trkpt lat="38.72871776" lon="114.42467104"><ele>210.088</ele><time>2026-08-25T07:19:02Z</time><sat>29</sat></trkpt>
  <trkpt lat="38.72845784" lon="114.42468378"><ele>208.723</ele><time>2026-08-25T07:19:05Z</time><sat>29</sat></trkpt>
  <trkpt lat="38.72822835" lon="114.42470972"><ele>208.996</ele><time>2026-08-25T07:19:08Z</time><sat>29</sat></trkpt>
  <trkpt lat="38.72804981" lon="114.42483328"><ele>207.928</ele><time>2026-08-25T07:19:11Z</time><sat>29</sat></trkpt>
  <trkpt lat="38.72792372" lon="114.42505985"><ele>206.288</ele><time>2026-08-25T07:19:14Z</time><sat>30</sat></trkpt>
  <trkpt lat="38.72784706" lon="114.42535923"><ele>205.631</ele><time>2026-08-25T07:19:17Z</time><sat>28</sat></trkpt>
  <trkpt lat="38.72784892" lon="114.42569153"><ele>205.222</ele><time>2026-08-25T07:19:20Z</time><sat>29</sat></trkpt>
  <trkpt lat="38.72791773" lon="114.42604614"><ele>205.055</ele><time>2026-08-25T07:19:23Z</time><sat>24</sat></trkpt>
  <trkpt lat="38.72790072" lon="114.42636670"><ele>205.489</ele><time>2026-08-25T07:19:26Z</time><sat>26</sat></trkpt>
  <trkpt lat="38.72776655" lon="114.42666305"><ele>204.832</ele><time>2026-08-25T07:19:29Z</time><sat>30</sat></trkpt>
  <trkpt lat="38.72764019" lon="114.42697415"><ele>204.020</ele><time>2026-08-25T07:19:32Z</time><sat>31</sat></trkpt>
  <trkpt lat="38.72749368" lon="114.42713259"><ele>203.549</ele><time>2026-08-25T07:19:35Z</time><sat>31</sat></trkpt>
  <trkpt lat="38.72725024" lon="114.42714974"><ele>203.476</ele><time>2026-08-25T07:19:38Z</time><sat>30</sat></trkpt>
  <trkpt lat="38.72697372" lon="114.42715340"><ele>203.392</ele><time>2026-08-25T07:19:41Z</time><sat>30</sat></trkpt>
  <trkpt lat="38.72672950" lon="114.42704993"><ele>203.198</ele><time>2026-08-25T07:19:44Z</time><sat>29</sat></trkpt>
  <trkpt lat="38.72655374" lon="114.42680462"><ele>203.628</ele><time>2026-08-25T07:19:47Z</time><sat>29</sat></trkpt>
  <trkpt lat="38.72636238" lon="114.42654174"><ele>204.664</ele><time>2026-08-25T07:19:50Z</time><sat>29</sat></trkpt>
  <trkpt lat="38.72608466" lon="114.42636354"><ele>207.475</ele><time>2026-08-25T07:19:53Z</time><sat>28</sat></trkpt>
  <trkpt lat="38.72582548" lon="114.42622491"><ele>209.558</ele><time>2026-08-25T07:19:56Z</time><sat>29</sat></trkpt>
  <trkpt lat="38.72559009" lon="114.42609699"><ele>211.574</ele><time>2026-08-25T07:19:59Z</time><sat>29</sat></trkpt>
  <trkpt lat="38.72545265" lon="114.42594083"><ele>212.683</ele><time>2026-08-25T07:20:02Z</time><sat>29</sat></trkpt>
  <trkpt lat="38.72532813" lon="114.42569817"><ele>213.408</ele><time>2026-08-25T07:20:05Z</time><sat>29</sat></trkpt>
  <trkpt lat="38.72526083" lon="114.42545066"><ele>212.867</ele><time>2026-08-25T07:20:08Z</time><sat>29</sat></trkpt>
  <trkpt lat="38.72510784" lon="114.42535607"><ele>213.650</ele><time>2026-08-25T07:20:11Z</time><sat>29</sat></trkpt>
  <trkpt lat="38.72487299" lon="114.42543883"><ele>215.211</ele><time>2026-08-25T07:20:14Z</time><sat>29</sat></trkpt>
  <trkpt lat="38.72460717" lon="114.42541040"><ele>217.581</ele><time>2026-08-25T07:20:17Z</time><sat>29</sat></trkpt>
  <trkpt lat="38.72433584" lon="114.42532881"><ele>218.645</ele><time>2026-08-25T07:20:20Z</time><sat>29</sat></trkpt>
  <trkpt lat="38.72418082" lon="114.42525863"><ele>218.728</ele><time>2026-08-25T07:20:23Z</time><sat>29</sat></trkpt>
  <trkpt lat="38.72411883" lon="114.42495090"><ele>216.772</ele><time>2026-08-25T07:20:26Z</time><sat>29</sat></trkpt>
  <trkpt lat="38.72398703" lon="114.42458305"><ele>215.642</ele><time>2026-08-25T07:20:29Z</time><sat>29</sat></trkpt>
  <trkpt lat="38.72382795" lon="114.42435385"><ele>214.607</ele><time>2026-08-25T07:20:32Z</time><sat>29</sat></trkpt>
  <trkpt lat="38.72364631" lon="114.42438209"><ele>215.370</ele><time>2026-08-25T07:20:35Z</time><sat>29</sat></trkpt>
  <trkpt lat="38.72353425" lon="114.42462814"><ele>215.540</ele><time>2026-08-25T07:20:38Z</time><sat>28</sat></trkpt>
  <trkpt lat="38.72346469" lon="114.42502891"><ele>213.718</ele><time>2026-08-25T07:20:41Z</time><sat>28</sat></trkpt>
  <trkpt lat="38.72334239" lon="114.42540728"><ele>213.966</ele><time>2026-08-25T07:20:44Z</time><sat>28</sat></trkpt>
  <trkpt lat="38.72315113" lon="114.42556372"><ele>213.702</ele><time>2026-08-25T07:20:47Z</time><sat>26</sat></trkpt>
  <trkpt lat="38.72289295" lon="114.42562811"><ele>214.038</ele><time>2026-08-25T07:20:50Z</time><sat>27</sat></trkpt>
  <trkpt lat="38.72266301" lon="114.42568641"><ele>213.770</ele><time>2026-08-25T07:20:53Z</time><sat>28</sat></trkpt>
  <trkpt lat="38.72239260" lon="114.42577959"><ele>214.522</ele><time>2026-08-25T07:20:56Z</time><sat>27</sat></trkpt>
  <trkpt lat="38.72213712" lon="114.42595777"><ele>214.152</ele><time>2026-08-25T07:20:59Z</time><sat>29</sat></trkpt>
  <trkpt lat="38.72190361" lon="114.42621941"><ele>214.593</ele><time>2026-08-25T07:21:02Z</time><sat>28</sat></trkpt>
  <trkpt lat="38.72171158" lon="114.42651030"><ele>215.145</ele><time>2026-08-25T07:21:05Z</time><sat>28</sat></trkpt>
  <trkpt lat="38.72156380" lon="114.42668921"><ele>216.777</ele><time>2026-08-25T07:21:08Z</time><sat>29</sat></trkpt>
  <trkpt lat="38.72139157" lon="114.42686075"><ele>215.459</ele><time>2026-08-25T07:21:11Z</time><sat>30</sat></trkpt>
  <trkpt lat="38.72127830" lon="114.42715602"><ele>215.040</ele><time>2026-08-25T07:21:14Z</time><sat>30</sat></trkpt>
  <trkpt lat="38.72124206" lon="114.42750420"><ele>213.549</ele><time>2026-08-25T07:21:17Z</time><sat>29</sat></trkpt>
  <trkpt lat="38.72113937" lon="114.42777871"><ele>212.472</ele><time>2026-08-25T07:21:20Z</time><sat>29</sat></trkpt>
  <trkpt lat="38.72093171" lon="114.42805471"><ele>210.286</ele><time>2026-08-25T07:21:23Z</time><sat>27</sat></trkpt>
  <trkpt lat="38.72075923" lon="114.42833286"><ele>209.274</ele><time>2026-08-25T07:21:26Z</time><sat>29</sat></trkpt>
  <trkpt lat="38.72066717" lon="114.42849332"><ele>208.132</ele><time>2026-08-25T07:21:29Z</time><sat>29</sat></trkpt>
  <trkpt lat="38.72057255" lon="114.42856131"><ele>207.728</ele><time>2026-08-25T07:21:32Z</time><sat>29</sat></trkpt>
  <trkpt lat="38.72034484" lon="114.42866977"><ele>205.671</ele><time>2026-08-25T07:21:35Z</time><sat>30</sat></trkpt>
  <trkpt lat="38.72014684" lon="114.42876359"><ele>205.275</ele><time>2026-08-25T07:21:38Z</time><sat>30</sat></trkpt>
  <trkpt lat="38.71994360" lon="114.42887499"><ele>204.960</ele><time>2026-08-25T07:21:41Z</time><sat>28</sat></trkpt>
  <trkpt lat="38.71974568" lon="114.42899058"><ele>206.300</ele><time>2026-08-25T07:21:44Z</time><sat>28</sat></trkpt>
  <trkpt lat="38.71947850" lon="114.42909498"><ele>206.258</ele><time>2026-08-25T07:21:47Z</time><sat>28</sat></trkpt>
  <trkpt lat="38.71921319" lon="114.42926066"><ele>206.989</ele><time>2026-08-25T07:21:50Z</time><sat>28</sat></trkpt>
  <trkpt lat="38.71901095" lon="114.42946586"><ele>207.295</ele><time>2026-08-25T07:21:53Z</time><sat>27</sat></trkpt>
  <trkpt lat="38.71889895" lon="114.42965564"><ele>206.909</ele><time>2026-08-25T07:21:56Z</time><sat>28</sat></trkpt>
  <trkpt lat="38.71886318" lon="114.42983464"><ele>206.623</ele><time>2026-08-25T07:21:59Z</time><sat>28</sat></trkpt>
  <trkpt lat="38.71889587" lon="114.43013976"><ele>206.503</ele><time>2026-08-25T07:22:02Z</time><sat>30</sat></trkpt>
  <trkpt lat="38.71900832" lon="114.43042656"><ele>206.156</ele><time>2026-08-25T07:22:05Z</time><sat>31</sat></trkpt>
  <trkpt lat="38.71926949" lon="114.43062795"><ele>205.761</ele><time>2026-08-25T07:22:08Z</time><sat>31</sat></trkpt>
  <trkpt lat="38.71954867" lon="114.43080973"><ele>206.269</ele><time>2026-08-25T07:22:11Z</time><sat>31</sat></trkpt>
  <trkpt lat="38.71977403" lon="114.43108027"><ele>207.004</ele><time>2026-08-25T07:22:14Z</time><sat>31</sat></trkpt>
  <trkpt lat="38.71995149" lon="114.43140605"><ele>208.466</ele><time>2026-08-25T07:22:17Z</time><sat>31</sat></trkpt>
  <trkpt lat="38.72004728" lon="114.43171978"><ele>208.542</ele><time>2026-08-25T07:22:20Z</time><sat>31</sat></trkpt>
  <trkpt lat="38.72003697" lon="114.43199705"><ele>209.402</ele><time>2026-08-25T07:22:23Z</time><sat>30</sat></trkpt>
  <trkpt lat="38.71992832" lon="114.43229388"><ele>211.555</ele><time>2026-08-25T07:22:26Z</time><sat>28</sat></trkpt>
  <trkpt lat="38.71984270" lon="114.43262758"><ele>213.721</ele><time>2026-08-25T07:22:29Z</time><sat>31</sat></trkpt>
  <trkpt lat="38.71981610" lon="114.43297716"><ele>216.271</ele><time>2026-08-25T07:22:32Z</time><sat>29</sat></trkpt>
  <trkpt lat="38.71989030" lon="114.43331827"><ele>218.372</ele><time>2026-08-25T07:22:35Z</time><sat>30</sat></trkpt>
  <trkpt lat="38.71989932" lon="114.43364016"><ele>219.221</ele><time>2026-08-25T07:22:38Z</time><sat>27</sat></trkpt>
  <trkpt lat="38.71985861" lon="114.43398625"><ele>221.244</ele><time>2026-08-25T07:22:41Z</time><sat>30</sat></trkpt>
  <trkpt lat="38.71977352" lon="114.43429727"><ele>222.662</ele><time>2026-08-25T07:22:44Z</time><sat>31</sat></trkpt>
  <trkpt lat="38.71958279" lon="114.43460198"><ele>223.914</ele><time>2026-08-25T07:22:47Z</time><sat>32</sat></trkpt>
  <trkpt lat="38.71941030" lon="114.43496411"><ele>225.948</ele><time>2026-08-25T07:22:50Z</time><sat>30</sat></trkpt>
  <trkpt lat="38.71924018" lon="114.43529731"><ele>229.217</ele><time>2026-08-25T07:22:53Z</time><sat>30</sat></trkpt>
  <trkpt lat="38.71905994" lon="114.43560945"><ele>231.839</ele><time>2026-08-25T07:22:56Z</time><sat>30</sat></trkpt>
  <trkpt lat="38.71893179" lon="114.43588792"><ele>234.117</ele><time>2026-08-25T07:22:59Z</time><sat>31</sat></trkpt>
  <trkpt lat="38.71875688" lon="114.43609419"><ele>235.499</ele><time>2026-08-25T07:23:02Z</time><sat>31</sat></trkpt>
  <trkpt lat="38.71862180" lon="114.43632440"><ele>236.867</ele><time>2026-08-25T07:23:05Z</time><sat>31</sat></trkpt>
  <trkpt lat="38.71859868" lon="114.43662936"><ele>238.937</ele><time>2026-08-25T07:23:08Z</time><sat>30</sat></trkpt>
  <trkpt lat="38.71858245" lon="114.43702424"><ele>241.531</ele><time>2026-08-25T07:23:11Z</time><sat>29</sat></trkpt>
  <trkpt lat="38.71860109" lon="114.43745682"><ele>244.526</ele><time>2026-08-25T07:23:14Z</time><sat>30</sat></trkpt>
  <trkpt lat="38.71857401" lon="114.43787934"><ele>247.237</ele><time>2026-08-25T07:23:17Z</time><sat>32</sat></trkpt>
  <trkpt lat="38.71854623" lon="114.43821337"><ele>250.658</ele><time>2026-08-25T07:23:20Z</time><sat>31</sat></trkpt>
  <trkpt lat="38.71845231" lon="114.43844938"><ele>253.213</ele><time>2026-08-25T07:23:23Z</time><sat>30</sat></trkpt>
  <trkpt lat="38.71835922" lon="114.43866267"><ele>254.867</ele><time>2026-08-25T07:23:26Z</time><sat>30</sat></trkpt>
  <trkpt lat="38.71844975" lon="114.43886028"><ele>255.788</ele><time>2026-08-25T07:23:29Z</time><sat>31</sat></trkpt>
  <trkpt lat="38.71867283" lon="114.43904568"><ele>258.810</ele><time>2026-08-25T07:23:32Z</time><sat>30</sat></trkpt>
  <trkpt lat="38.71874928" lon="114.43926685"><ele>260.720</ele><time>2026-08-25T07:23:35Z</time><sat>30</sat></trkpt>
  <trkpt lat="38.71871869" lon="114.43957737"><ele>262.822</ele><time>2026-08-25T07:23:38Z</time><sat>30</sat></trkpt>
  <trkpt lat="38.71868932" lon="114.43986774"><ele>263.650</ele><time>2026-08-25T07:23:41Z</time><sat>30</sat></trkpt>
  <trkpt lat="38.71868404" lon="114.44018871"><ele>263.563</ele><time>2026-08-25T07:23:44Z</time><sat>30</sat></trkpt>
  <trkpt lat="38.71870035" lon="114.44053310"><ele>262.621</ele><time>2026-08-25T07:23:47Z</time><sat>27</sat></trkpt>
  <trkpt lat="38.71860997" lon="114.44086769"><ele>260.451</ele><time>2026-08-25T07:23:50Z</time><sat>26</sat></trkpt>
  <trkpt lat="38.71843229" lon="114.44113766"><ele>259.916</ele><time>2026-08-25T07:23:53Z</time><sat>29</sat></trkpt>
  <trkpt lat="38.71837645" lon="114.44141123"><ele>257.804</ele><time>2026-08-25T07:23:56Z</time><sat>31</sat></trkpt>
  <trkpt lat="38.71850524" lon="114.44161325"><ele>257.914</ele><time>2026-08-25T07:23:59Z</time><sat>30</sat></trkpt>
  <trkpt lat="38.71871106" lon="114.44177075"><ele>254.633</ele><time>2026-08-25T07:24:02Z</time><sat>31</sat></trkpt>
  <trkpt lat="38.71879416" lon="114.44204852"><ele>251.971</ele><time>2026-08-25T07:24:05Z</time><sat>30</sat></trkpt>
  <trkpt lat="38.71868199" lon="114.44234866"><ele>251.064</ele><time>2026-08-25T07:24:08Z</time><sat>31</sat></trkpt>
  <trkpt lat="38.71851167" lon="114.44263538"><ele>249.875</ele><time>2026-08-25T07:24:11Z</time><sat>32</sat></trkpt>
  <trkpt lat="38.71834680" lon="114.44292939"><ele>246.982</ele><time>2026-08-25T07:24:14Z</time><sat>32</sat></trkpt>
  <trkpt lat="38.71825358" lon="114.44331499"><ele>243.435</ele><time>2026-08-25T07:24:17Z</time><sat>31</sat></trkpt>
  <trkpt lat="38.71814119" lon="114.44375759"><ele>240.107</ele><time>2026-08-25T07:24:20Z</time><sat>29</sat></trkpt>
  <trkpt lat="38.71806600" lon="114.44416809"><ele>237.700</ele><time>2026-08-25T07:24:23Z</time><sat>30</sat></trkpt>
  <trkpt lat="38.71802894" lon="114.44462690"><ele>234.805</ele><time>2026-08-25T07:24:26Z</time><sat>29</sat></trkpt>
  <trkpt lat="38.71799212" lon="114.44509722"><ele>233.428</ele><time>2026-08-25T07:24:29Z</time><sat>30</sat></trkpt>
  <trkpt lat="38.71795910" lon="114.44554344"><ele>229.408</ele><time>2026-08-25T07:24:32Z</time><sat>27</sat></trkpt>
  <trkpt lat="38.71791480" lon="114.44597745"><ele>226.964</ele><time>2026-08-25T07:24:35Z</time><sat>29</sat></trkpt>
  <trkpt lat="38.71788227" lon="114.44642195"><ele>223.378</ele><time>2026-08-25T07:24:38Z</time><sat>29</sat></trkpt>
  <trkpt lat="38.71785213" lon="114.44687854"><ele>221.160</ele><time>2026-08-25T07:24:41Z</time><sat>29</sat></trkpt>
  <trkpt lat="38.71781467" lon="114.44730688"><ele>219.137</ele><time>2026-08-25T07:24:44Z</time><sat>28</sat></trkpt>
  <trkpt lat="38.71778521" lon="114.44771540"><ele>218.661</ele><time>2026-08-25T07:24:47Z</time><sat>28</sat></trkpt>
  <trkpt lat="38.71772920" lon="114.44806390"><ele>216.438</ele><time>2026-08-25T07:24:50Z</time><sat>28</sat></trkpt>
  <trkpt lat="38.71771308" lon="114.44839576"><ele>213.670</ele><time>2026-08-25T07:24:53Z</time><sat>27</sat></trkpt>
  <trkpt lat="38.71782686" lon="114.44860514"><ele>210.332</ele><time>2026-08-25T07:24:56Z</time><sat>25</sat></trkpt>
  <trkpt lat="38.71805663" lon="114.44879510"><ele>206.820</ele><time>2026-08-25T07:24:59Z</time><sat>25</sat></trkpt>
  <trkpt lat="38.71834079" lon="114.44904821"><ele>204.109</ele><time>2026-08-25T07:25:02Z</time><sat>30</sat></trkpt>
  <trkpt lat="38.71861990" lon="114.44930561"><ele>202.529</ele><time>2026-08-25T07:25:05Z</time><sat>28</sat></trkpt>
  <trkpt lat="38.71880473" lon="114.44955113"><ele>202.453</ele><time>2026-08-25T07:25:08Z</time><sat>28</sat></trkpt>
  <trkpt lat="38.71893348" lon="114.44984774"><ele>202.559</ele><time>2026-08-25T07:25:11Z</time><sat>28</sat></trkpt>
  <trkpt lat="38.71899225" lon="114.45013826"><ele>205.506</ele><time>2026-08-25T07:25:14Z</time><sat>32</sat></trkpt>
  <trkpt lat="38.71889091" lon="114.45036494"><ele>207.942</ele><time>2026-08-25T07:25:17Z</time><sat>31</sat></trkpt>
  <trkpt lat="38.71875398" lon="114.45064557"><ele>211.090</ele><time>2026-08-25T07:25:20Z</time><sat>28</sat></trkpt>
  <trkpt lat="38.71868233" lon="114.45098138"><ele>213.350</ele><time>2026-08-25T07:25:23Z</time><sat>29</sat></trkpt>
  <trkpt lat="38.71871434" lon="114.45132896"><ele>216.251</ele><time>2026-08-25T07:25:26Z</time><sat>31</sat></trkpt>
  <trkpt lat="38.71884340" lon="114.45164135"><ele>218.884</ele><time>2026-08-25T07:25:29Z</time><sat>30</sat></trkpt>
  <trkpt lat="38.71902892" lon="114.45196783"><ele>221.018</ele><time>2026-08-25T07:25:32Z</time><sat>30</sat></trkpt>
  <trkpt lat="38.71923181" lon="114.45230636"><ele>224.290</ele><time>2026-08-25T07:25:35Z</time><sat>29</sat></trkpt>
  <trkpt lat="38.71927605" lon="114.45261844"><ele>225.361</ele><time>2026-08-25T07:25:38Z</time><sat>29</sat></trkpt>
  <trkpt lat="38.71916882" lon="114.45286451"><ele>226.232</ele><time>2026-08-25T07:25:41Z</time><sat>29</sat></trkpt>
  <trkpt lat="38.71892262" lon="114.45304884"><ele>228.577</ele><time>2026-08-25T07:25:44Z</time><sat>30</sat></trkpt>
  <trkpt lat="38.71862231" lon="114.45315027"><ele>230.809</ele><time>2026-08-25T07:25:47Z</time><sat>30</sat></trkpt>
  <trkpt lat="38.71840704" lon="114.45329187"><ele>233.315</ele><time>2026-08-25T07:25:50Z</time><sat>30</sat></trkpt>
  <trkpt lat="38.71830282" lon="114.45357199"><ele>235.457</ele><time>2026-08-25T07:25:53Z</time><sat>30</sat></trkpt>
  <trkpt lat="38.71823950" lon="114.45396269"><ele>237.381</ele><time>2026-08-25T07:25:56Z</time><sat>33</sat></trkpt>
  <trkpt lat="38.71817660" lon="114.45442270"><ele>240.413</ele><time>2026-08-25T07:25:59Z</time><sat>32</sat></trkpt>
  <trkpt lat="38.71810562" lon="114.45480032"><ele>243.032</ele><time>2026-08-25T07:26:02Z</time><sat>32</sat></trkpt>
  <trkpt lat="38.71797746" lon="114.45508200"><ele>245.523</ele><time>2026-08-25T07:26:05Z</time><sat>32</sat></trkpt>
  <trkpt lat="38.71773677" lon="114.45530361"><ele>247.855</ele><time>2026-08-25T07:26:08Z</time><sat>32</sat></trkpt>
  <trkpt lat="38.71744596" lon="114.45551325"><ele>249.859</ele><time>2026-08-25T07:26:11Z</time><sat>33</sat></trkpt>
  <trkpt lat="38.71716840" lon="114.45572973"><ele>252.161</ele><time>2026-08-25T07:26:14Z</time><sat>29</sat></trkpt>
  <trkpt lat="38.71693403" lon="114.45591420"><ele>254.699</ele><time>2026-08-25T07:26:17Z</time><sat>27</sat></trkpt>
  <trkpt lat="38.71678516" lon="114.45615049"><ele>256.587</ele><time>2026-08-25T07:26:20Z</time><sat>32</sat></trkpt>
  <trkpt lat="38.71669437" lon="114.45650423"><ele>256.890</ele><time>2026-08-25T07:26:23Z</time><sat>32</sat></trkpt>
  <trkpt lat="38.71661448" lon="114.45689136"><ele>256.915</ele><time>2026-08-25T07:26:26Z</time><sat>32</sat></trkpt>
  <trkpt lat="38.71650897" lon="114.45726214"><ele>255.516</ele><time>2026-08-25T07:26:29Z</time><sat>30</sat></trkpt>
  <trkpt lat="38.71632811" lon="114.45763641"><ele>253.208</ele><time>2026-08-25T07:26:32Z</time><sat>29</sat></trkpt>
  <trkpt lat="38.71613207" lon="114.45800545"><ele>249.774</ele><time>2026-08-25T07:26:35Z</time><sat>28</sat></trkpt>
  <trkpt lat="38.71601847" lon="114.45836744"><ele>247.353</ele><time>2026-08-25T07:26:38Z</time><sat>29</sat></trkpt>
  <trkpt lat="38.71597535" lon="114.45874828"><ele>244.897</ele><time>2026-08-25T07:26:41Z</time><sat>30</sat></trkpt>
  <trkpt lat="38.71584914" lon="114.45900914"><ele>242.948</ele><time>2026-08-25T07:26:44Z</time><sat>29</sat></trkpt>
  <trkpt lat="38.71564701" lon="114.45906410"><ele>241.305</ele><time>2026-08-25T07:26:47Z</time><sat>29</sat></trkpt>
  <trkpt lat="38.71555116" lon="114.45925186"><ele>239.241</ele><time>2026-08-25T07:26:50Z</time><sat>30</sat></trkpt>
  <trkpt lat="38.71564556" lon="114.45957588"><ele>235.286</ele><time>2026-08-25T07:26:53Z</time><sat>29</sat></trkpt>
  <trkpt lat="38.71573805" lon="114.45999864"><ele>231.923</ele><time>2026-08-25T07:26:56Z</time><sat>29</sat></trkpt>
  <trkpt lat="38.71570458" lon="114.46044991"><ele>229.154</ele><time>2026-08-25T07:26:59Z</time><sat>28</sat></trkpt>
  <trkpt lat="38.71558782" lon="114.46101854"><ele>224.945</ele><time>2026-08-25T07:27:02Z</time><sat>29</sat></trkpt>
  <trkpt lat="38.71548729" lon="114.46160832"><ele>221.935</ele><time>2026-08-25T07:27:05Z</time><sat>27</sat></trkpt>
  <trkpt lat="38.71539624" lon="114.46217474"><ele>219.369</ele><time>2026-08-25T07:27:08Z</time><sat>27</sat></trkpt>
  <trkpt lat="38.71529755" lon="114.46269853"><ele>216.938</ele><time>2026-08-25T07:27:11Z</time><sat>27</sat></trkpt>
  <trkpt lat="38.71521523" lon="114.46312540"><ele>215.958</ele><time>2026-08-25T07:27:14Z</time><sat>27</sat></trkpt>
  <trkpt lat="38.71505950" lon="114.46341367"><ele>214.829</ele><time>2026-08-25T07:27:17Z</time><sat>29</sat></trkpt>
  <trkpt lat="38.71481192" lon="114.46355185"><ele>212.943</ele><time>2026-08-25T07:27:20Z</time><sat>29</sat></trkpt>
  <trkpt lat="38.71458998" lon="114.46370961"><ele>212.472</ele><time>2026-08-25T07:27:23Z</time><sat>28</sat></trkpt>
  <trkpt lat="38.71447788" lon="114.46399566"><ele>212.935</ele><time>2026-08-25T07:27:26Z</time><sat>28</sat></trkpt>
  <trkpt lat="38.71433594" lon="114.46436102"><ele>213.222</ele><time>2026-08-25T07:27:29Z</time><sat>28</sat></trkpt>
  <trkpt lat="38.71415965" lon="114.46474533"><ele>214.087</ele><time>2026-08-25T07:27:32Z</time><sat>28</sat></trkpt>
  <trkpt lat="38.71394097" lon="114.46508362"><ele>214.680</ele><time>2026-08-25T07:27:35Z</time><sat>27</sat></trkpt>
  <trkpt lat="38.71366181" lon="114.46541907"><ele>214.961</ele><time>2026-08-25T07:27:38Z</time><sat>28</sat></trkpt>
  <trkpt lat="38.71337401" lon="114.46577954"><ele>216.193</ele><time>2026-08-25T07:27:41Z</time><sat>28</sat></trkpt>
  <trkpt lat="38.71308758" lon="114.46614620"><ele>217.116</ele><time>2026-08-25T07:27:44Z</time><sat>26</sat></trkpt>
  <trkpt lat="38.71283235" lon="114.46652218"><ele>218.085</ele><time>2026-08-25T07:27:47Z</time><sat>27</sat></trkpt>
  <trkpt lat="38.71259687" lon="114.46694450"><ele>220.620</ele><time>2026-08-25T07:27:50Z</time><sat>30</sat></trkpt>
  <trkpt lat="38.71237187" lon="114.46743168"><ele>224.846</ele><time>2026-08-25T07:27:53Z</time><sat>30</sat></trkpt>
  <trkpt lat="38.71215052" lon="114.46789019"><ele>228.824</ele><time>2026-08-25T07:27:56Z</time><sat>29</sat></trkpt>
  <trkpt lat="38.71194221" lon="114.46835341"><ele>232.623</ele><time>2026-08-25T07:27:59Z</time><sat>26</sat></trkpt>
  <trkpt lat="38.71176167" lon="114.46873956"><ele>235.571</ele><time>2026-08-25T07:28:02Z</time><sat>28</sat></trkpt>
  <trkpt lat="38.71157850" lon="114.46901136"><ele>236.907</ele><time>2026-08-25T07:28:05Z</time><sat>29</sat></trkpt>
  <trkpt lat="38.71128377" lon="114.46915090"><ele>238.307</ele><time>2026-08-25T07:28:08Z</time><sat>30</sat></trkpt>
  <trkpt lat="38.71095666" lon="114.46930521"><ele>240.691</ele><time>2026-08-25T07:28:11Z</time><sat>30</sat></trkpt>
  <trkpt lat="38.71063643" lon="114.46946159"><ele>243.126</ele><time>2026-08-25T07:28:14Z</time><sat>30</sat></trkpt>
  <trkpt lat="38.71035616" lon="114.46960351"><ele>245.907</ele><time>2026-08-25T07:28:17Z</time><sat>30</sat></trkpt>
  <trkpt lat="38.71012912" lon="114.46977902"><ele>248.373</ele><time>2026-08-25T07:28:20Z</time><sat>29</sat></trkpt>
  <trkpt lat="38.70997267" lon="114.47006319"><ele>250.454</ele><time>2026-08-25T07:28:23Z</time><sat>30</sat></trkpt>
  <trkpt lat="38.70985495" lon="114.47041728"><ele>251.783</ele><time>2026-08-25T07:28:26Z</time><sat>31</sat></trkpt>
  <trkpt lat="38.70971261" lon="114.47083450"><ele>254.771</ele><time>2026-08-25T07:28:29Z</time><sat>31</sat></trkpt>
  <trkpt lat="38.70955227" lon="114.47128162"><ele>257.635</ele><time>2026-08-25T07:28:32Z</time><sat>28</sat></trkpt>
  <trkpt lat="38.70939192" lon="114.47172498"><ele>260.616</ele><time>2026-08-25T07:28:35Z</time><sat>31</sat></trkpt>
  <trkpt lat="38.70924489" lon="114.47212702"><ele>262.295</ele><time>2026-08-25T07:28:38Z</time><sat>31</sat></trkpt>
  <trkpt lat="38.70906382" lon="114.47247163"><ele>263.354</ele><time>2026-08-25T07:28:41Z</time><sat>31</sat></trkpt>
  <trkpt lat="38.70883756" lon="114.47281796"><ele>263.019</ele><time>2026-08-25T07:28:44Z</time><sat>31</sat></trkpt>
  <trkpt lat="38.70863676" lon="114.47315175"><ele>260.469</ele><time>2026-08-25T07:28:47Z</time><sat>31</sat></trkpt>
  <trkpt lat="38.70850513" lon="114.47345652"><ele>258.638</ele><time>2026-08-25T07:28:50Z</time><sat>31</sat></trkpt>
  <trkpt lat="38.70852162" lon="114.47380211"><ele>257.452</ele><time>2026-08-25T07:28:53Z</time><sat>31</sat></trkpt>
  <trkpt lat="38.70862691" lon="114.47418791"><ele>256.192</ele><time>2026-08-25T07:28:56Z</time><sat>32</sat></trkpt>
  <trkpt lat="38.70869988" lon="114.47463682"><ele>254.502</ele><time>2026-08-25T07:28:59Z</time><sat>32</sat></trkpt>
  <trkpt lat="38.70871505" lon="114.47512506"><ele>252.174</ele><time>2026-08-25T07:29:02Z</time><sat>30</sat></trkpt>
  <trkpt lat="38.70873454" lon="114.47563359"><ele>249.893</ele><time>2026-08-25T07:29:05Z</time><sat>29</sat></trkpt>
  <trkpt lat="38.70874981" lon="114.47614714"><ele>246.900</ele><time>2026-08-25T07:29:08Z</time><sat>28</sat></trkpt>
  <trkpt lat="38.70876545" lon="114.47658735"><ele>244.670</ele><time>2026-08-25T07:29:11Z</time><sat>29</sat></trkpt>
  <trkpt lat="38.70871628" lon="114.47689627"><ele>244.620</ele><time>2026-08-25T07:29:14Z</time><sat>29</sat></trkpt>
  <trkpt lat="38.70851265" lon="114.47717853"><ele>242.755</ele><time>2026-08-25T07:29:17Z</time><sat>28</sat></trkpt>
  <trkpt lat="38.70827518" lon="114.47753498"><ele>240.319</ele><time>2026-08-25T07:29:20Z</time><sat>29</sat></trkpt>
  <trkpt lat="38.70803866" lon="114.47789598"><ele>238.294</ele><time>2026-08-25T07:29:23Z</time><sat>29</sat></trkpt>
  <trkpt lat="38.70787669" lon="114.47829093"><ele>237.015</ele><time>2026-08-25T07:29:26Z</time><sat>29</sat></trkpt>
  <trkpt lat="38.70784316" lon="114.47871578"><ele>235.459</ele><time>2026-08-25T07:29:29Z</time><sat>30</sat></trkpt>
  <trkpt lat="38.70782569" lon="114.47914374"><ele>233.501</ele><time>2026-08-25T07:29:32Z</time><sat>31</sat></trkpt>
  <trkpt lat="38.70768958" lon="114.47947315"><ele>231.854</ele><time>2026-08-25T07:29:35Z</time><sat>31</sat></trkpt>
  <trkpt lat="38.70746041" lon="114.47977512"><ele>229.619</ele><time>2026-08-25T07:29:38Z</time><sat>31</sat></trkpt>
  <trkpt lat="38.70719051" lon="114.48000686"><ele>226.870</ele><time>2026-08-25T07:29:41Z</time><sat>30</sat></trkpt>
  <trkpt lat="38.70684935" lon="114.48010793"><ele>224.202</ele><time>2026-08-25T07:29:44Z</time><sat>29</sat></trkpt>
  <trkpt lat="38.70646465" lon="114.48020267"><ele>221.230</ele><time>2026-08-25T07:29:47Z</time><sat>30</sat></trkpt>
  <trkpt lat="38.70607796" lon="114.48030257"><ele>219.251</ele><time>2026-08-25T07:29:50Z</time><sat>30</sat></trkpt>
  <trkpt lat="38.70569008" lon="114.48039427"><ele>216.595</ele><time>2026-08-25T07:29:53Z</time><sat>29</sat></trkpt>
  <trkpt lat="38.70531784" lon="114.48048491"><ele>214.162</ele><time>2026-08-25T07:29:56Z</time><sat>29</sat></trkpt>
  <trkpt lat="38.70496042" lon="114.48057543"><ele>211.049</ele><time>2026-08-25T07:29:59Z</time><sat>29</sat></trkpt>
  <trkpt lat="38.70464486" lon="114.48066169"><ele>209.223</ele><time>2026-08-25T07:30:02Z</time><sat>29</sat></trkpt>
  <trkpt lat="38.70435750" lon="114.48074047"><ele>207.142</ele><time>2026-08-25T07:30:05Z</time><sat>29</sat></trkpt>
  <trkpt lat="38.70412917" lon="114.48084223"><ele>205.021</ele><time>2026-08-25T07:30:08Z</time><sat>31</sat></trkpt>
  <trkpt lat="38.70396009" lon="114.48101938"><ele>202.880</ele><time>2026-08-25T07:30:11Z</time><sat>31</sat></trkpt>
  <trkpt lat="38.70390181" lon="114.48129124"><ele>201.308</ele><time>2026-08-25T07:30:14Z</time><sat>28</sat></trkpt>
  <trkpt lat="38.70389692" lon="114.48157382"><ele>199.709</ele><time>2026-08-25T07:30:17Z</time><sat>27</sat></trkpt>
  <trkpt lat="38.70384918" lon="114.48182970"><ele>198.383</ele><time>2026-08-25T07:30:20Z</time><sat>28</sat></trkpt>
  <trkpt lat="38.70370641" lon="114.48194076"><ele>195.932</ele><time>2026-08-25T07:30:23Z</time><sat>28</sat></trkpt>
  <trkpt lat="38.70345891" lon="114.48195786"><ele>194.300</ele><time>2026-08-25T07:30:26Z</time><sat>28</sat></trkpt>
  <trkpt lat="38.70315805" lon="114.48197411"><ele>193.779</ele><time>2026-08-25T07:30:29Z</time><sat>28</sat></trkpt>
  <trkpt lat="38.70286844" lon="114.48206174"><ele>192.748</ele><time>2026-08-25T07:30:32Z</time><sat>28</sat></trkpt>
  <trkpt lat="38.70260718" lon="114.48222678"><ele>190.710</ele><time>2026-08-25T07:30:35Z</time><sat>28</sat></trkpt>
  <trkpt lat="38.70236901" lon="114.48244706"><ele>190.382</ele><time>2026-08-25T07:30:38Z</time><sat>29</sat></trkpt>
  <trkpt lat="38.70214810" lon="114.48273034"><ele>189.324</ele><time>2026-08-25T07:30:41Z</time><sat>28</sat></trkpt>
  <trkpt lat="38.70193159" lon="114.48301075"><ele>189.073</ele><time>2026-08-25T07:30:44Z</time><sat>27</sat></trkpt>
  <trkpt lat="38.70173633" lon="114.48326245"><ele>188.592</ele><time>2026-08-25T07:30:47Z</time><sat>27</sat></trkpt>
  <trkpt lat="38.70155231" lon="114.48350884"><ele>188.250</ele><time>2026-08-25T07:30:50Z</time><sat>27</sat></trkpt>
  <trkpt lat="38.70137178" lon="114.48375847"><ele>188.628</ele><time>2026-08-25T07:30:53Z</time><sat>28</sat></trkpt>
  <trkpt lat="38.70120710" lon="114.48398231"><ele>188.764</ele><time>2026-08-25T07:30:56Z</time><sat>27</sat></trkpt>
  <trkpt lat="38.70105734" lon="114.48413347"><ele>187.589</ele><time>2026-08-25T07:30:59Z</time><sat>28</sat></trkpt>
  <trkpt lat="38.70081486" lon="114.48414545"><ele>187.272</ele><time>2026-08-25T07:31:02Z</time><sat>27</sat></trkpt>
  <trkpt lat="38.70052367" lon="114.48410677"><ele>186.334</ele><time>2026-08-25T07:31:05Z</time><sat>27</sat></trkpt>
  <trkpt lat="38.70026493" lon="114.48402662"><ele>185.970</ele><time>2026-08-25T07:31:08Z</time><sat>28</sat></trkpt>
  <trkpt lat="38.70000904" lon="114.48410102"><ele>185.837</ele><time>2026-08-25T07:31:11Z</time><sat>27</sat></trkpt>
  <trkpt lat="38.69977091" lon="114.48430674"><ele>184.511</ele><time>2026-08-25T07:31:14Z</time><sat>27</sat></trkpt>
  <trkpt lat="38.69958291" lon="114.48459984"><ele>182.888</ele><time>2026-08-25T07:31:17Z</time><sat>27</sat></trkpt>
  <trkpt lat="38.69940638" lon="114.48488084"><ele>183.050</ele><time>2026-08-25T07:31:20Z</time><sat>27</sat></trkpt>
  <trkpt lat="38.69920509" lon="114.48513459"><ele>182.296</ele><time>2026-08-25T07:31:23Z</time><sat>27</sat></trkpt>
  <trkpt lat="38.69896950" lon="114.48532878"><ele>181.953</ele><time>2026-08-25T07:31:26Z</time><sat>27</sat></trkpt>
  <trkpt lat="38.69872359" lon="114.48547535"><ele>179.693</ele><time>2026-08-25T07:31:29Z</time><sat>27</sat></trkpt>
  <trkpt lat="38.69844242" lon="114.48555464"><ele>179.630</ele><time>2026-08-25T07:31:32Z</time><sat>25</sat></trkpt>
  <trkpt lat="38.69814494" lon="114.48565095"><ele>177.944</ele><time>2026-08-25T07:31:35Z</time><sat>26</sat></trkpt>
  <trkpt lat="38.69782356" lon="114.48576358"><ele>177.872</ele><time>2026-08-25T07:31:38Z</time><sat>25</sat></trkpt>
  <trkpt lat="38.69750900" lon="114.48587864"><ele>178.194</ele><time>2026-08-25T07:31:41Z</time><sat>26</sat></trkpt>
  <trkpt lat="38.69722447" lon="114.48601567"><ele>179.163</ele><time>2026-08-25T07:31:44Z</time><sat>27</sat></trkpt>
  <trkpt lat="38.69692857" lon="114.48621028"><ele>179.406</ele><time>2026-08-25T07:31:47Z</time><sat>27</sat></trkpt>
  <trkpt lat="38.69661631" lon="114.48639769"><ele>180.150</ele><time>2026-08-25T07:31:50Z</time><sat>27</sat></trkpt>
  <trkpt lat="38.69633942" lon="114.48656024"><ele>180.432</ele><time>2026-08-25T07:31:53Z</time><sat>26</sat></trkpt>
  <trkpt lat="38.69610298" lon="114.48672263"><ele>180.933</ele><time>2026-08-25T07:31:56Z</time><sat>27</sat></trkpt>
  <trkpt lat="38.69589556" lon="114.48691411"><ele>181.989</ele><time>2026-08-25T07:31:59Z</time><sat>26</sat></trkpt>
  <trkpt lat="38.69569971" lon="114.48716072"><ele>182.228</ele><time>2026-08-25T07:32:02Z</time><sat>31</sat></trkpt>
  <trkpt lat="38.69550573" lon="114.48745965"><ele>182.717</ele><time>2026-08-25T07:32:05Z</time><sat>32</sat></trkpt>
  <trkpt lat="38.69531675" lon="114.48776897"><ele>184.013</ele><time>2026-08-25T07:32:08Z</time><sat>32</sat></trkpt>
  <trkpt lat="38.69516108" lon="114.48806618"><ele>184.751</ele><time>2026-08-25T07:32:11Z</time><sat>31</sat></trkpt>
  <trkpt lat="38.69507260" lon="114.48838715"><ele>184.858</ele><time>2026-08-25T07:32:14Z</time><sat>33</sat></trkpt>
  <trkpt lat="38.69505609" lon="114.48874137"><ele>186.023</ele><time>2026-08-25T07:32:17Z</time><sat>33</sat></trkpt>
  <trkpt lat="38.69508222" lon="114.48913674"><ele>187.936</ele><time>2026-08-25T07:32:20Z</time><sat>32</sat></trkpt>
  <trkpt lat="38.69512678" lon="114.48957876"><ele>189.225</ele><time>2026-08-25T07:32:23Z</time><sat>32</sat></trkpt>
  <trkpt lat="38.69517501" lon="114.49000882"><ele>191.545</ele><time>2026-08-25T07:32:26Z</time><sat>32</sat></trkpt>
  <trkpt lat="38.69519723" lon="114.49034359"><ele>191.669</ele><time>2026-08-25T07:32:29Z</time><sat>32</sat></trkpt>
  <trkpt lat="38.69516837" lon="114.49061575"><ele>191.573</ele><time>2026-08-25T07:32:32Z</time><sat>32</sat></trkpt>
  <trkpt lat="38.69506345" lon="114.49086184"><ele>191.739</ele><time>2026-08-25T07:32:35Z</time><sat>31</sat></trkpt>
  <trkpt lat="38.69488488" lon="114.49106753"><ele>192.006</ele><time>2026-08-25T07:32:38Z</time><sat>30</sat></trkpt>
  <trkpt lat="38.69462547" lon="114.49125843"><ele>191.642</ele><time>2026-08-25T07:32:41Z</time><sat>30</sat></trkpt>
  <trkpt lat="38.69433765" lon="114.49148010"><ele>190.595</ele><time>2026-08-25T07:32:44Z</time><sat>30</sat></trkpt>
  <trkpt lat="38.69407746" lon="114.49168759"><ele>189.772</ele><time>2026-08-25T07:32:47Z</time><sat>30</sat></trkpt>
  <trkpt lat="38.69387353" lon="114.49186966"><ele>188.547</ele><time>2026-08-25T07:32:50Z</time><sat>30</sat></trkpt>
  <trkpt lat="38.69371744" lon="114.49207824"><ele>188.070</ele><time>2026-08-25T07:32:53Z</time><sat>29</sat></trkpt>
  <trkpt lat="38.69357705" lon="114.49237874"><ele>185.733</ele><time>2026-08-25T07:32:56Z</time><sat>30</sat></trkpt>
  <trkpt lat="38.69343083" lon="114.49275790"><ele>185.188</ele><time>2026-08-25T07:32:59Z</time><sat>31</sat></trkpt>
  <trkpt lat="38.69328004" lon="114.49311155"><ele>183.991</ele><time>2026-08-25T07:33:02Z</time><sat>30</sat></trkpt>
  <trkpt lat="38.69311503" lon="114.49346466"><ele>182.654</ele><time>2026-08-25T07:33:05Z</time><sat>29</sat></trkpt>
  <trkpt lat="38.69295405" lon="114.49383723"><ele>182.243</ele><time>2026-08-25T07:33:08Z</time><sat>30</sat></trkpt>
  <trkpt lat="38.69278459" lon="114.49423252"><ele>181.227</ele><time>2026-08-25T07:33:11Z</time><sat>31</sat></trkpt>
  <trkpt lat="38.69261683" lon="114.49463065"><ele>179.949</ele><time>2026-08-25T07:33:14Z</time><sat>31</sat></trkpt>
  <trkpt lat="38.69246651" lon="114.49500032"><ele>178.963</ele><time>2026-08-25T07:33:17Z</time><sat>31</sat></trkpt>
  <trkpt lat="38.69233918" lon="114.49530725"><ele>178.021</ele><time>2026-08-25T07:33:20Z</time><sat>31</sat></trkpt>
  <trkpt lat="38.69220900" lon="114.49555433"><ele>176.764</ele><time>2026-08-25T07:33:23Z</time><sat>30</sat></trkpt>
  <trkpt lat="38.69200541" lon="114.49577350"><ele>175.564</ele><time>2026-08-25T07:33:26Z</time><sat>28</sat></trkpt>
  <trkpt lat="38.69176697" lon="114.49599225"><ele>174.168</ele><time>2026-08-25T07:33:29Z</time><sat>29</sat></trkpt>
  <trkpt lat="38.69152083" lon="114.49619577"><ele>172.350</ele><time>2026-08-25T07:33:32Z</time><sat>30</sat></trkpt>
  <trkpt lat="38.69128537" lon="114.49641039"><ele>170.304</ele><time>2026-08-25T07:33:35Z</time><sat>30</sat></trkpt>
  <trkpt lat="38.69104628" lon="114.49660441"><ele>170.116</ele><time>2026-08-25T07:33:38Z</time><sat>32</sat></trkpt>
  <trkpt lat="38.69082193" lon="114.49682017"><ele>167.235</ele><time>2026-08-25T07:33:41Z</time><sat>31</sat></trkpt>
  <trkpt lat="38.69062317" lon="114.49708587"><ele>164.536</ele><time>2026-08-25T07:33:44Z</time><sat>29</sat></trkpt>
  <trkpt lat="38.69045427" lon="114.49736460"><ele>163.521</ele><time>2026-08-25T07:33:47Z</time><sat>28</sat></trkpt>
  <trkpt lat="38.69031722" lon="114.49761074"><ele>162.460</ele><time>2026-08-25T07:33:50Z</time><sat>29</sat></trkpt>
  <trkpt lat="38.69026365" lon="114.49775336"><ele>161.248</ele><time>2026-08-25T07:33:53Z</time><sat>29</sat></trkpt>
  <trkpt lat="38.69025146" lon="114.49787025"><ele>159.853</ele><time>2026-08-25T07:33:56Z</time><sat>30</sat></trkpt>
  <trkpt lat="38.69025683" lon="114.49803177"><ele>158.955</ele><time>2026-08-25T07:33:59Z</time><sat>30</sat></trkpt>
  <trkpt lat="38.69028233" lon="114.49821699"><ele>157.952</ele><time>2026-08-25T07:34:02Z</time><sat>29</sat></trkpt>
  <trkpt lat="38.69031899" lon="114.49839968"><ele>157.293</ele><time>2026-08-25T07:34:05Z</time><sat>29</sat></trkpt>
  <trkpt lat="38.69037360" lon="114.49865343"><ele>155.640</ele><time>2026-08-25T07:34:08Z</time><sat>30</sat></trkpt>
  <trkpt lat="38.69043747" lon="114.49904141"><ele>153.884</ele><time>2026-08-25T07:34:11Z</time><sat>28</sat></trkpt>
  <trkpt lat="38.69050806" lon="114.49942306"><ele>153.374</ele><time>2026-08-25T07:34:14Z</time><sat>29</sat></trkpt>
  <trkpt lat="38.69058980" lon="114.49982107"><ele>152.737</ele><time>2026-08-25T07:34:17Z</time><sat>26</sat></trkpt>
  <trkpt lat="38.69068162" lon="114.50023417"><ele>152.280</ele><time>2026-08-25T07:34:20Z</time><sat>27</sat></trkpt>
  <trkpt lat="38.69076049" lon="114.50063561"><ele>152.279</ele><time>2026-08-25T07:34:23Z</time><sat>29</sat></trkpt>
  <trkpt lat="38.69084296" lon="114.50104101"><ele>152.168</ele><time>2026-08-25T07:34:26Z</time><sat>28</sat></trkpt>
  <trkpt lat="38.69092421" lon="114.50141027"><ele>151.887</ele><time>2026-08-25T07:34:29Z</time><sat>27</sat></trkpt>
  <trkpt lat="38.69098409" lon="114.50173817"><ele>151.147</ele><time>2026-08-25T07:34:32Z</time><sat>28</sat></trkpt>
  <trkpt lat="38.69108055" lon="114.50199166"><ele>151.422</ele><time>2026-08-25T07:34:35Z</time><sat>28</sat></trkpt>
  <trkpt lat="38.69121694" lon="114.50222902"><ele>151.269</ele><time>2026-08-25T07:34:38Z</time><sat>29</sat></trkpt>
  <trkpt lat="38.69136328" lon="114.50241811"><ele>151.055</ele><time>2026-08-25T07:34:41Z</time><sat>29</sat></trkpt>
  <trkpt lat="38.69154646" lon="114.50259437"><ele>150.915</ele><time>2026-08-25T07:34:44Z</time><sat>29</sat></trkpt>
  <trkpt lat="38.69171190" lon="114.50276157"><ele>151.635</ele><time>2026-08-25T07:34:47Z</time><sat>29</sat></trkpt>
  <trkpt lat="38.69180870" lon="114.50286292"><ele>151.315</ele><time>2026-08-25T07:34:50Z</time><sat>29</sat></trkpt>
  <trkpt lat="38.69189706" lon="114.50296446"><ele>151.556</ele><time>2026-08-25T07:34:53Z</time><sat>29</sat></trkpt>
  <trkpt lat="38.69200538" lon="114.50316569"><ele>150.567</ele><time>2026-08-25T07:34:56Z</time><sat>27</sat></trkpt>
  <trkpt lat="38.69205430" lon="114.50340348"><ele>150.512</ele><time>2026-08-25T07:34:59Z</time><sat>28</sat></trkpt>
  <trkpt lat="38.69197788" lon="114.50361785"><ele>149.904</ele><time>2026-08-25T07:35:02Z</time><sat>27</sat></trkpt>
  <trkpt lat="38.69179346" lon="114.50383831"><ele>149.709</ele><time>2026-08-25T07:35:05Z</time><sat>29</sat></trkpt>
  <trkpt lat="38.69161334" lon="114.50399707"><ele>150.071</ele><time>2026-08-25T07:35:08Z</time><sat>28</sat></trkpt>
  <trkpt lat="38.69145710" lon="114.50402941"><ele>151.718</ele><time>2026-08-25T07:35:11Z</time><sat>28</sat></trkpt>
  <trkpt lat="38.69125896" lon="114.50386770"><ele>151.896</ele><time>2026-08-25T07:35:14Z</time><sat>28</sat></trkpt>
  <trkpt lat="38.69100215" lon="114.50372409"><ele>152.895</ele><time>2026-08-25T07:35:17Z</time><sat>29</sat></trkpt>
  <trkpt lat="38.69070861" lon="114.50364330"><ele>153.211</ele><time>2026-08-25T07:35:20Z</time><sat>28</sat></trkpt>
  <trkpt lat="38.69036889" lon="114.50357981"><ele>152.879</ele><time>2026-08-25T07:35:23Z</time><sat>26</sat></trkpt>
  <trkpt lat="38.69002632" lon="114.50353446"><ele>154.499</ele><time>2026-08-25T07:35:26Z</time><sat>26</sat></trkpt>
  <trkpt lat="38.68970872" lon="114.50351389"><ele>155.822</ele><time>2026-08-25T07:35:29Z</time><sat>29</sat></trkpt>
  <trkpt lat="38.68939492" lon="114.50357298"><ele>156.183</ele><time>2026-08-25T07:35:32Z</time><sat>29</sat></trkpt>
  <trkpt lat="38.68904611" lon="114.50371201"><ele>157.056</ele><time>2026-08-25T07:35:35Z</time><sat>27</sat></trkpt>
  <trkpt lat="38.68868858" lon="114.50385421"><ele>158.290</ele><time>2026-08-25T07:35:38Z</time><sat>26</sat></trkpt>
  <trkpt lat="38.68832840" lon="114.50400301"><ele>159.809</ele><time>2026-08-25T07:35:41Z</time><sat>27</sat></trkpt>
  <trkpt lat="38.68796672" lon="114.50414365"><ele>161.642</ele><time>2026-08-25T07:35:44Z</time><sat>29</sat></trkpt>
  <trkpt lat="38.68762244" lon="114.50432048"><ele>163.061</ele><time>2026-08-25T07:35:47Z</time><sat>30</sat></trkpt>
  <trkpt lat="38.68736605" lon="114.50453292"><ele>165.885</ele><time>2026-08-25T07:35:50Z</time><sat>31</sat></trkpt>
  <trkpt lat="38.68716743" lon="114.50486158"><ele>166.255</ele><time>2026-08-25T07:35:53Z</time><sat>30</sat></trkpt>
  <trkpt lat="38.68701242" lon="114.50530943"><ele>168.415</ele><time>2026-08-25T07:35:56Z</time><sat>32</sat></trkpt>
  <trkpt lat="38.68685460" lon="114.50575999"><ele>170.120</ele><time>2026-08-25T07:35:59Z</time><sat>32</sat></trkpt>
  <trkpt lat="38.68667247" lon="114.50615565"><ele>171.192</ele><time>2026-08-25T07:36:02Z</time><sat>32</sat></trkpt>
  <trkpt lat="38.68641040" lon="114.50645568"><ele>172.046</ele><time>2026-08-25T07:36:05Z</time><sat>32</sat></trkpt>
  <trkpt lat="38.68608074" lon="114.50672473"><ele>171.799</ele><time>2026-08-25T07:36:08Z</time><sat>31</sat></trkpt>
  <trkpt lat="38.68573908" lon="114.50704107"><ele>171.059</ele><time>2026-08-25T07:36:11Z</time><sat>30</sat></trkpt>
  <trkpt lat="38.68538185" lon="114.50735507"><ele>170.459</ele><time>2026-08-25T07:36:14Z</time><sat>31</sat></trkpt>
  <trkpt lat="38.68502701" lon="114.50766599"><ele>169.667</ele><time>2026-08-25T07:36:17Z</time><sat>31</sat></trkpt>
  <trkpt lat="38.68467476" lon="114.50797365"><ele>168.938</ele><time>2026-08-25T07:36:20Z</time><sat>30</sat></trkpt>
  <trkpt lat="38.68431044" lon="114.50828239"><ele>168.568</ele><time>2026-08-25T07:36:23Z</time><sat>30</sat></trkpt>
  <trkpt lat="38.68398246" lon="114.50858592"><ele>169.417</ele><time>2026-08-25T07:36:26Z</time><sat>31</sat></trkpt>
  <trkpt lat="38.68369766" lon="114.50896398"><ele>169.207</ele><time>2026-08-25T07:36:29Z</time><sat>31</sat></trkpt>
  <trkpt lat="38.68345836" lon="114.50942632"><ele>169.991</ele><time>2026-08-25T07:36:32Z</time><sat>29</sat></trkpt>
  <trkpt lat="38.68322674" lon="114.50990587"><ele>171.089</ele><time>2026-08-25T07:36:35Z</time><sat>31</sat></trkpt>
  <trkpt lat="38.68300424" lon="114.51034001"><ele>169.969</ele><time>2026-08-25T07:36:38Z</time><sat>31</sat></trkpt>
  <trkpt lat="38.68280017" lon="114.51074604"><ele>168.828</ele><time>2026-08-25T07:36:41Z</time><sat>30</sat></trkpt>
  <trkpt lat="38.68262435" lon="114.51110791"><ele>167.975</ele><time>2026-08-25T07:36:44Z</time><sat>31</sat></trkpt>
  <trkpt lat="38.68246590" lon="114.51140979"><ele>167.356</ele><time>2026-08-25T07:36:47Z</time><sat>32</sat></trkpt>
  <trkpt lat="38.68232489" lon="114.51169606"><ele>167.211</ele><time>2026-08-25T07:36:50Z</time><sat>30</sat></trkpt>
  <trkpt lat="38.68220209" lon="114.51193691"><ele>167.246</ele><time>2026-08-25T07:36:53Z</time><sat>29</sat></trkpt>
  <trkpt lat="38.68214411" lon="114.51206221"><ele>167.125</ele><time>2026-08-25T07:36:56Z</time><sat>32</sat></trkpt>
  <trkpt lat="38.68219069" lon="114.51212712"><ele>167.363</ele><time>2026-08-25T07:36:59Z</time><sat>32</sat></trkpt>
  <trkpt lat="38.68224903" lon="114.51218390"><ele>167.872</ele><time>2026-08-25T07:37:02Z</time><sat>31</sat></trkpt>
  <trkpt lat="38.68227716" lon="114.51226536"><ele>167.567</ele><time>2026-08-25T07:37:05Z</time><sat>31</sat></trkpt>
  <trkpt lat="38.68227068" lon="114.51230145"><ele>167.510</ele><time>2026-08-25T07:37:08Z</time><sat>32</sat></trkpt>
  <trkpt lat="38.68227129" lon="114.51230130"><ele>167.786</ele><time>2026-08-25T07:37:11Z</time><sat>32</sat></trkpt>
  <trkpt lat="38.68227275" lon="114.51230543"><ele>168.048</ele><time>2026-08-25T07:37:14Z</time><sat>31</sat></trkpt>
  <trkpt lat="38.68226251" lon="114.51226806"><ele>168.093</ele><time>2026-08-25T07:37:17Z</time><sat>31</sat></trkpt>
  <trkpt lat="38.68227778" lon="114.51225659"><ele>167.063</ele><time>2026-08-25T07:37:20Z</time><sat>31</sat></trkpt>
  <trkpt lat="38.68228142" lon="114.51229637"><ele>165.839</ele><time>2026-08-25T07:37:23Z</time><sat>32</sat></trkpt>
  <trkpt lat="38.68227551" lon="114.51231358"><ele>168.348</ele><time>2026-08-25T07:37:26Z</time><sat>32</sat></trkpt>
  <trkpt lat="38.68226516" lon="114.51231303"><ele>168.625</ele><time>2026-08-25T07:37:29Z</time><sat>31</sat></trkpt>
  <trkpt lat="38.68226248" lon="114.51230624"><ele>168.511</ele><time>2026-08-25T07:37:32Z</time><sat>31</sat></trkpt>
  <trkpt lat="38.68226241" lon="114.51230430"><ele>168.663</ele><time>2026-08-25T07:37:35Z</time><sat>31</sat></trkpt>
  <trkpt lat="38.68225998" lon="114.51230277"><ele>168.416</ele><time>2026-08-25T07:37:38Z</time><sat>31</sat></trkpt>
  <trkpt lat="38.68226040" lon="114.51230331"><ele>168.409</ele><time>2026-08-25T07:37:41Z</time><sat>29</sat></trkpt>
  <trkpt lat="38.68226057" lon="114.51230391"><ele>168.486</ele><time>2026-08-25T07:37:44Z</time><sat>31</sat></trkpt>
  <trkpt lat="38.68226102" lon="114.51230372"><ele>168.589</ele><time>2026-08-25T07:37:47Z</time><sat>31</sat></trkpt>
  <trkpt lat="38.68226040" lon="114.51230278"><ele>168.604</ele><time>2026-08-25T07:37:50Z</time><sat>31</sat></trkpt>
  <trkpt lat="38.68225945" lon="114.51230490"><ele>167.657</ele><time>2026-08-25T07:37:53Z</time><sat>31</sat></trkpt>
  <trkpt lat="38.68225938" lon="114.51231216"><ele>166.566</ele><time>2026-08-25T07:37:56Z</time><sat>29</sat></trkpt>
  <trkpt lat="38.68225731" lon="114.51231413"><ele>166.770</ele><time>2026-08-25T07:37:59Z</time><sat>31</sat></trkpt>
  <trkpt lat="38.68225510" lon="114.51231245"><ele>167.371</ele><time>2026-08-25T07:38:02Z</time><sat>31</sat></trkpt>
  <trkpt lat="38.68226016" lon="114.51231712"><ele>168.265</ele><time>2026-08-25T07:38:05Z</time><sat>31</sat></trkpt>
  <trkpt lat="38.68226250" lon="114.51231692"><ele>167.729</ele><time>2026-08-25T07:38:08Z</time><sat>31</sat></trkpt>
  <trkpt lat="38.68226534" lon="114.51231843"><ele>167.911</ele><time>2026-08-25T07:38:11Z</time><sat>30</sat></trkpt>
  <trkpt lat="38.68226786" lon="114.51231887"><ele>168.301</ele><time>2026-08-25T07:38:14Z</time><sat>31</sat></trkpt>
  <trkpt lat="38.68226588" lon="114.51232161"><ele>168.512</ele><time>2026-08-25T07:38:17Z</time><sat>31</sat></trkpt>
  <trkpt lat="38.68226542" lon="114.51231505"><ele>169.587</ele><time>2026-08-25T07:38:22Z</time><sat>32</sat></trkpt>
  <trkpt lat="38.68226619" lon="114.51231328"><ele>169.837</ele><time>2026-08-25T07:38:25Z</time><sat>31</sat></trkpt>
  <trkpt lat="38.68226545" lon="114.51231320"><ele>170.083</ele><time>2026-08-25T07:38:28Z</time><sat>31</sat></trkpt>
  <trkpt lat="38.68226471" lon="114.51231283"><ele>170.053</ele><time>2026-08-25T07:38:31Z</time><sat>31</sat></trkpt>
  <trkpt lat="38.68226467" lon="114.51231314"><ele>170.064</ele><time>2026-08-25T07:38:34Z</time><sat>31</sat></trkpt>
  <trkpt lat="38.68226473" lon="114.51231342"><ele>170.072</ele><time>2026-08-25T07:38:37Z</time><sat>31</sat></trkpt>
  <trkpt lat="38.68226466" lon="114.51231331"><ele>170.074</ele><time>2026-08-25T07:38:40Z</time><sat>27</sat></trkpt>
  <trkpt lat="38.68226459" lon="114.51231314"><ele>170.063</ele><time>2026-08-25T07:38:43Z</time><sat>23</sat></trkpt>
  <trkpt lat="38.68226463" lon="114.51231328"><ele>170.066</ele><time>2026-08-25T07:38:46Z</time><sat>20</sat></trkpt>
  <trkpt lat="38.68226462" lon="114.51231330"><ele>170.064</ele><time>2026-08-25T07:38:49Z</time><sat>22</sat></trkpt>
  <trkpt lat="38.68226459" lon="114.51231329"><ele>170.062</ele><time>2026-08-25T07:38:52Z</time><sat>27</sat></trkpt>
  <trkpt lat="38.68226445" lon="114.51231314"><ele>169.971</ele><time>2026-08-25T07:38:55Z</time><sat>16</sat></trkpt>
  <trkpt lat="38.68226443" lon="114.51231312"><ele>169.970</ele><time>2026-08-25T07:38:58Z</time><sat>15</sat></trkpt>
  <trkpt lat="38.68226441" lon="114.51231311"><ele>169.969</ele><time>2026-08-25T07:39:01Z</time><sat>14</sat></trkpt>
  <trkpt lat="38.68226440" lon="114.51231309"><ele>169.966</ele><time>2026-08-25T07:39:04Z</time><sat>14</sat></trkpt>
  <trkpt lat="38.68226438" lon="114.51231309"><ele>169.964</ele><time>2026-08-25T07:39:07Z</time><sat>15</sat></trkpt>
  <trkpt lat="38.68226437" lon="114.51231310"><ele>169.962</ele><time>2026-08-25T07:39:10Z</time><sat>15</sat></trkpt>
  <trkpt lat="38.68226435" lon="114.51231313"><ele>169.959</ele><time>2026-08-25T07:39:13Z</time><sat>17</sat></trkpt>
  <trkpt lat="38.68226430" lon="114.51231312"><ele>169.956</ele><time>2026-08-25T07:39:16Z</time><sat>18</sat></trkpt>
  <trkpt lat="38.68227244" lon="114.51235135"><ele>169.794</ele><time>2026-08-25T07:39:19Z</time><sat>16</sat></trkpt>
  <trkpt lat="38.68236025" lon="114.51255034"><ele>166.347</ele><time>2026-08-25T07:39:22Z</time><sat>17</sat></trkpt>
  <trkpt lat="38.68250457" lon="114.51277278"><ele>165.123</ele><time>2026-08-25T07:39:25Z</time><sat>17</sat></trkpt>
  <trkpt lat="38.68266008" lon="114.51305845"><ele>164.418</ele><time>2026-08-25T07:39:28Z</time><sat>16</sat></trkpt>
  <trkpt lat="38.68280079" lon="114.51340276"><ele>164.361</ele><time>2026-08-25T07:39:31Z</time><sat>16</sat></trkpt>
  <trkpt lat="38.68294551" lon="114.51381948"><ele>165.300</ele><time>2026-08-25T07:39:34Z</time><sat>17</sat></trkpt>
  <trkpt lat="38.68295916" lon="114.51425868"><ele>166.358</ele><time>2026-08-25T07:39:37Z</time><sat>15</sat></trkpt>
  <trkpt lat="38.68293984" lon="114.51470887"><ele>168.480</ele><time>2026-08-25T07:39:40Z</time><sat>15</sat></trkpt>
  <trkpt lat="38.68290307" lon="114.51515198"><ele>171.069</ele><time>2026-08-25T07:39:43Z</time><sat>14</sat></trkpt>
  <trkpt lat="38.68286653" lon="114.51559554"><ele>174.201</ele><time>2026-08-25T07:39:46Z</time><sat>10</sat></trkpt>
  <trkpt lat="38.68281956" lon="114.51610341"><ele>176.723</ele><time>2026-08-25T07:39:49Z</time><sat>9</sat></trkpt>
  <trkpt lat="38.68278808" lon="114.51660588"><ele>178.514</ele><time>2026-08-25T07:39:52Z</time><sat>12</sat></trkpt>
  <trkpt lat="38.68274753" lon="114.51707526"><ele>179.914</ele><time>2026-08-25T07:39:55Z</time><sat>10</sat></trkpt>
  <trkpt lat="38.68271207" lon="114.51757170"><ele>180.411</ele><time>2026-08-25T07:39:58Z</time><sat>9</sat></trkpt>
  <trkpt lat="38.68267555" lon="114.51807106"><ele>181.886</ele><time>2026-08-25T07:40:01Z</time><sat>10</sat></trkpt>
  <trkpt lat="38.68263768" lon="114.51856823"><ele>183.731</ele><time>2026-08-25T07:40:04Z</time><sat>11</sat></trkpt>
  <trkpt lat="38.68260443" lon="114.51905964"><ele>185.508</ele><time>2026-08-25T07:40:07Z</time><sat>11</sat></trkpt>
  <trkpt lat="38.68256889" lon="114.51956558"><ele>187.896</ele><time>2026-08-25T07:40:10Z</time><sat>11</sat></trkpt>
  <trkpt lat="38.68252187" lon="114.52010703"><ele>192.668</ele><time>2026-08-25T07:40:13Z</time><sat>11</sat></trkpt>
  <trkpt lat="38.68248629" lon="114.52066353"><ele>195.839</ele><time>2026-08-25T07:40:16Z</time><sat>11</sat></trkpt>
  <trkpt lat="38.68246334" lon="114.52122055"><ele>196.924</ele><time>2026-08-25T07:40:19Z</time><sat>10</sat></trkpt>
  <trkpt lat="38.68247623" lon="114.52175328"><ele>197.601</ele><time>2026-08-25T07:40:22Z</time><sat>12</sat></trkpt>
  <trkpt lat="38.68252192" lon="114.52229948"><ele>196.324</ele><time>2026-08-25T07:40:25Z</time><sat>12</sat></trkpt>
  <trkpt lat="38.68261152" lon="114.52285572"><ele>194.679</ele><time>2026-08-25T07:40:28Z</time><sat>9</sat></trkpt>
  <trkpt lat="38.68269919" lon="114.52341911"><ele>195.330</ele><time>2026-08-25T07:40:31Z</time><sat>12</sat></trkpt>
  <trkpt lat="38.68279105" lon="114.52398601"><ele>195.133</ele><time>2026-08-25T07:40:34Z</time><sat>11</sat></trkpt>
  <trkpt lat="38.68287975" lon="114.52452872"><ele>193.212</ele><time>2026-08-25T07:40:37Z</time><sat>11</sat></trkpt>
  <trkpt lat="38.68295822" lon="114.52503440"><ele>192.575</ele><time>2026-08-25T07:40:40Z</time><sat>11</sat></trkpt>
  <trkpt lat="38.68299317" lon="114.52552084"><ele>189.721</ele><time>2026-08-25T07:40:43Z</time><sat>11</sat></trkpt>
  <trkpt lat="38.68306890" lon="114.52601041"><ele>183.899</ele><time>2026-08-25T07:40:46Z</time><sat>8</sat></trkpt>
  <trkpt lat="38.68315828" lon="114.52655683"><ele>182.963</ele><time>2026-08-25T07:40:49Z</time><sat>12</sat></trkpt>
  <trkpt lat="38.68324946" lon="114.52710879"><ele>183.829</ele><time>2026-08-25T07:40:52Z</time><sat>14</sat></trkpt>
  <trkpt lat="38.68335255" lon="114.52764471"><ele>182.504</ele><time>2026-08-25T07:40:55Z</time><sat>14</sat></trkpt>
  <trkpt lat="38.68344675" lon="114.52813803"><ele>179.612</ele><time>2026-08-25T07:40:58Z</time><sat>14</sat></trkpt>
  <trkpt lat="38.68350610" lon="114.52857720"><ele>178.924</ele><time>2026-08-25T07:41:01Z</time><sat>12</sat></trkpt>
  <trkpt lat="38.68358471" lon="114.52899455"><ele>178.514</ele><time>2026-08-25T07:41:04Z</time><sat>9</sat></trkpt>
  <trkpt lat="38.68372161" lon="114.52941310"><ele>177.640</ele><time>2026-08-25T07:41:07Z</time><sat>9</sat></trkpt>
  <trkpt lat="38.68397193" lon="114.52980620"><ele>174.114</ele><time>2026-08-25T07:41:10Z</time><sat>7</sat></trkpt>
  <trkpt lat="38.68428896" lon="114.53013426"><ele>168.910</ele><time>2026-08-25T07:41:13Z</time><sat>10</sat></trkpt>
  <trkpt lat="38.68464655" lon="114.53037441"><ele>165.713</ele><time>2026-08-25T07:41:16Z</time><sat>10</sat></trkpt>
  <trkpt lat="38.68504181" lon="114.53057772"><ele>165.713</ele><time>2026-08-25T07:41:19Z</time><sat>9</sat></trkpt>
  <trkpt lat="38.68545059" lon="114.53078948"><ele>164.676</ele><time>2026-08-25T07:41:22Z</time><sat>10</sat></trkpt>
  <trkpt lat="38.68584511" lon="114.53101715"><ele>163.742</ele><time>2026-08-25T07:41:25Z</time><sat>13</sat></trkpt>
  <trkpt lat="38.68620435" lon="114.53127718"><ele>162.760</ele><time>2026-08-25T07:41:28Z</time><sat>12</sat></trkpt>
  <trkpt lat="38.68655385" lon="114.53157370"><ele>160.691</ele><time>2026-08-25T07:41:31Z</time><sat>8</sat></trkpt>
  <trkpt lat="38.68689825" lon="114.53188508"><ele>157.946</ele><time>2026-08-25T07:41:34Z</time><sat>11</sat></trkpt>
  <trkpt lat="38.68723622" lon="114.53220412"><ele>157.235</ele><time>2026-08-25T07:41:37Z</time><sat>11</sat></trkpt>
  <trkpt lat="38.68755720" lon="114.53249203"><ele>155.954</ele><time>2026-08-25T07:41:40Z</time><sat>13</sat></trkpt>
  <trkpt lat="38.68773104" lon="114.53265888"><ele>155.732</ele><time>2026-08-25T07:41:43Z</time><sat>13</sat></trkpt>
  <trkpt lat="38.68810301" lon="114.53302541"><ele>154.472</ele><time>2026-08-25T07:41:46Z</time><sat>19</sat></trkpt>
  <trkpt lat="38.68831601" lon="114.53330563"><ele>153.822</ele><time>2026-08-25T07:41:49Z</time><sat>12</sat></trkpt>
  <trkpt lat="38.68848511" lon="114.53366449"><ele>152.387</ele><time>2026-08-25T07:41:52Z</time><sat>12</sat></trkpt>
  <trkpt lat="38.68859601" lon="114.53408657"><ele>151.255</ele><time>2026-08-25T07:41:55Z</time><sat>10</sat></trkpt>
  <trkpt lat="38.68865805" lon="114.53454612"><ele>149.452</ele><time>2026-08-25T07:41:58Z</time><sat>9</sat></trkpt>
  <trkpt lat="38.68871579" lon="114.53498841"><ele>147.933</ele><time>2026-08-25T07:42:01Z</time><sat>10</sat></trkpt>
  <trkpt lat="38.68879579" lon="114.53538032"><ele>146.987</ele><time>2026-08-25T07:42:04Z</time><sat>15</sat></trkpt>
  <trkpt lat="38.68893249" lon="114.53573367"><ele>145.831</ele><time>2026-08-25T07:42:07Z</time><sat>9</sat></trkpt>
  <trkpt lat="38.68913676" lon="114.53603395"><ele>144.078</ele><time>2026-08-25T07:42:10Z</time><sat>10</sat></trkpt>
  <trkpt lat="38.68939442" lon="114.53631506"><ele>141.721</ele><time>2026-08-25T07:42:13Z</time><sat>8</sat></trkpt>
  <trkpt lat="38.68969486" lon="114.53662206"><ele>139.418</ele><time>2026-08-25T07:42:16Z</time><sat>8</sat></trkpt>
  <trkpt lat="38.69001609" lon="114.53696226"><ele>137.736</ele><time>2026-08-25T07:42:19Z</time><sat>10</sat></trkpt>
  <trkpt lat="38.69030760" lon="114.53735156"><ele>135.922</ele><time>2026-08-25T07:42:22Z</time><sat>13</sat></trkpt>
  <trkpt lat="38.69051450" lon="114.53779593"><ele>134.837</ele><time>2026-08-25T07:42:25Z</time><sat>11</sat></trkpt>
  <trkpt lat="38.69063505" lon="114.53824574"><ele>134.398</ele><time>2026-08-25T07:42:28Z</time><sat>7</sat></trkpt>
  <trkpt lat="38.69070332" lon="114.53870037"><ele>134.024</ele><time>2026-08-25T07:42:31Z</time><sat>7</sat></trkpt>
  <trkpt lat="38.69075222" lon="114.53919804"><ele>133.376</ele><time>2026-08-25T07:42:34Z</time><sat>7</sat></trkpt>
  <trkpt lat="38.69081110" lon="114.53971524"><ele>132.726</ele><time>2026-08-25T07:42:37Z</time><sat>15</sat></trkpt>
  <trkpt lat="38.69086431" lon="114.54021347"><ele>133.554</ele><time>2026-08-25T07:42:40Z</time><sat>12</sat></trkpt>
  <trkpt lat="38.69091868" lon="114.54064445"><ele>132.989</ele><time>2026-08-25T07:42:43Z</time><sat>10</sat></trkpt>
  <trkpt lat="38.69095769" lon="114.54098354"><ele>132.918</ele><time>2026-08-25T07:42:46Z</time><sat>11</sat></trkpt>
  <trkpt lat="38.69098752" lon="114.54130598"><ele>133.847</ele><time>2026-08-25T07:42:49Z</time><sat>13</sat></trkpt>
  <trkpt lat="38.69103432" lon="114.54166749"><ele>132.257</ele><time>2026-08-25T07:42:52Z</time><sat>12</sat></trkpt>
  <trkpt lat="38.69107653" lon="114.54208321"><ele>131.826</ele><time>2026-08-25T07:42:55Z</time><sat>12</sat></trkpt>
  <trkpt lat="38.69112746" lon="114.54254680"><ele>132.082</ele><time>2026-08-25T07:42:58Z</time><sat>14</sat></trkpt>
  <trkpt lat="38.69117652" lon="114.54299612"><ele>131.867</ele><time>2026-08-25T07:43:01Z</time><sat>13</sat></trkpt>
  <trkpt lat="38.69121704" lon="114.54334494"><ele>132.240</ele><time>2026-08-25T07:43:04Z</time><sat>9</sat></trkpt>
  <trkpt lat="38.69125228" lon="114.54366033"><ele>132.906</ele><time>2026-08-25T07:43:07Z</time><sat>6</sat></trkpt>
  <trkpt lat="38.69129101" lon="114.54400952"><ele>133.396</ele><time>2026-08-25T07:43:10Z</time><sat>7</sat></trkpt>
  <trkpt lat="38.69133245" lon="114.54439677"><ele>134.673</ele><time>2026-08-25T07:43:13Z</time><sat>9</sat></trkpt>
  <trkpt lat="38.69138040" lon="114.54482526"><ele>136.350</ele><time>2026-08-25T07:43:16Z</time><sat>8</sat></trkpt>
  <trkpt lat="38.69143148" lon="114.54530160"><ele>136.478</ele><time>2026-08-25T07:43:19Z</time><sat>7</sat></trkpt>
  <trkpt lat="38.69150244" lon="114.54581086"><ele>133.076</ele><time>2026-08-25T07:43:22Z</time><sat>14</sat></trkpt>
  <trkpt lat="38.69156294" lon="114.54636235"><ele>132.889</ele><time>2026-08-25T07:43:25Z</time><sat>10</sat></trkpt>
  <trkpt lat="38.69163395" lon="114.54694452"><ele>133.090</ele><time>2026-08-25T07:43:28Z</time><sat>6</sat></trkpt>
  <trkpt lat="38.69170112" lon="114.54755157"><ele>132.848</ele><time>2026-08-25T07:43:31Z</time><sat>10</sat></trkpt>
  <trkpt lat="38.69177404" lon="114.54817178"><ele>132.623</ele><time>2026-08-25T07:43:34Z</time><sat>10</sat></trkpt>
  <trkpt lat="38.69184136" lon="114.54878788"><ele>133.191</ele><time>2026-08-25T07:43:37Z</time><sat>12</sat></trkpt>
  <trkpt lat="38.69190712" lon="114.54933199"><ele>134.389</ele><time>2026-08-25T07:43:40Z</time><sat>12</sat></trkpt>
  <trkpt lat="38.69196471" lon="114.54981804"><ele>135.682</ele><time>2026-08-25T07:43:43Z</time><sat>15</sat></trkpt>
  <trkpt lat="38.69200771" lon="114.55020503"><ele>137.022</ele><time>2026-08-25T07:43:46Z</time><sat>13</sat></trkpt>
  <trkpt lat="38.69204867" lon="114.55050422"><ele>138.496</ele><time>2026-08-25T07:43:49Z</time><sat>13</sat></trkpt>
  <trkpt lat="38.69208918" lon="114.55084967"><ele>138.599</ele><time>2026-08-25T07:43:52Z</time><sat>15</sat></trkpt>
  <trkpt lat="38.69212654" lon="114.55123673"><ele>138.937</ele><time>2026-08-25T07:43:55Z</time><sat>13</sat></trkpt>
  <trkpt lat="38.69217735" lon="114.55167476"><ele>138.811</ele><time>2026-08-25T07:43:58Z</time><sat>13</sat></trkpt>
  <trkpt lat="38.69223043" lon="114.55211474"><ele>140.838</ele><time>2026-08-25T07:44:01Z</time><sat>14</sat></trkpt>
  <trkpt lat="38.69229361" lon="114.55249442"><ele>142.640</ele><time>2026-08-25T07:44:04Z</time><sat>11</sat></trkpt>
  <trkpt lat="38.69239370" lon="114.55285257"><ele>144.628</ele><time>2026-08-25T07:44:07Z</time><sat>12</sat></trkpt>
  <trkpt lat="38.69255625" lon="114.55322493"><ele>146.747</ele><time>2026-08-25T07:44:10Z</time><sat>16</sat></trkpt>
  <trkpt lat="38.69280886" lon="114.55359482"><ele>145.447</ele><time>2026-08-25T07:44:13Z</time><sat>14</sat></trkpt>
  <trkpt lat="38.69314020" lon="114.55394127"><ele>144.768</ele><time>2026-08-25T07:44:16Z</time><sat>11</sat></trkpt>
  <trkpt lat="38.69350758" lon="114.55429033"><ele>144.472</ele><time>2026-08-25T07:44:19Z</time><sat>14</sat></trkpt>
  <trkpt lat="38.69387710" lon="114.55464152"><ele>144.842</ele><time>2026-08-25T07:44:22Z</time><sat>14</sat></trkpt>
  <trkpt lat="38.69420857" lon="114.55500393"><ele>144.902</ele><time>2026-08-25T07:44:25Z</time><sat>16</sat></trkpt>
  <trkpt lat="38.69446317" lon="114.55543943"><ele>145.560</ele><time>2026-08-25T07:44:28Z</time><sat>14</sat></trkpt>
  <trkpt lat="38.69464398" lon="114.55593558"><ele>146.166</ele><time>2026-08-25T07:44:31Z</time><sat>15</sat></trkpt>
  <trkpt lat="38.69480439" lon="114.55645146"><ele>146.428</ele><time>2026-08-25T07:44:34Z</time><sat>10</sat></trkpt>
  <trkpt lat="38.69494669" lon="114.55693897"><ele>147.633</ele><time>2026-08-25T07:44:37Z</time><sat>10</sat></trkpt>
  <trkpt lat="38.69506820" lon="114.55738373"><ele>148.352</ele><time>2026-08-25T07:44:40Z</time><sat>11</sat></trkpt>
  <trkpt lat="38.69518130" lon="114.55784516"><ele>149.691</ele><time>2026-08-25T07:44:43Z</time><sat>12</sat></trkpt>
  <trkpt lat="38.69530160" lon="114.55836814"><ele>150.932</ele><time>2026-08-25T07:44:46Z</time><sat>10</sat></trkpt>
  <trkpt lat="38.69541800" lon="114.55886952"><ele>152.224</ele><time>2026-08-25T07:44:49Z</time><sat>10</sat></trkpt>
  <trkpt lat="38.69552878" lon="114.55934071"><ele>153.603</ele><time>2026-08-25T07:44:52Z</time><sat>11</sat></trkpt>
  <trkpt lat="38.69563381" lon="114.55978831"><ele>155.296</ele><time>2026-08-25T07:44:55Z</time><sat>12</sat></trkpt>
  <trkpt lat="38.69573107" lon="114.56018641"><ele>156.197</ele><time>2026-08-25T07:44:58Z</time><sat>15</sat></trkpt>
  <trkpt lat="38.69581446" lon="114.56052798"><ele>157.253</ele><time>2026-08-25T07:45:01Z</time><sat>15</sat></trkpt>
  <trkpt lat="38.69589821" lon="114.56089437"><ele>158.763</ele><time>2026-08-25T07:45:04Z</time><sat>16</sat></trkpt>
  <trkpt lat="38.69601064" lon="114.56131414"><ele>159.886</ele><time>2026-08-25T07:45:07Z</time><sat>16</sat></trkpt>
  <trkpt lat="38.69616071" lon="114.56175316"><ele>161.078</ele><time>2026-08-25T07:45:10Z</time><sat>16</sat></trkpt>
  <trkpt lat="38.69636307" lon="114.56215910"><ele>162.440</ele><time>2026-08-25T07:45:13Z</time><sat>16</sat></trkpt>
  <trkpt lat="38.69663129" lon="114.56252866"><ele>163.415</ele><time>2026-08-25T07:45:16Z</time><sat>16</sat></trkpt>
  <trkpt lat="38.69696067" lon="114.56288214"><ele>164.584</ele><time>2026-08-25T07:45:19Z</time><sat>15</sat></trkpt>
  <trkpt lat="38.69731386" lon="114.56324502"><ele>165.734</ele><time>2026-08-25T07:45:22Z</time><sat>16</sat></trkpt>
  <trkpt lat="38.69767303" lon="114.56361307"><ele>167.512</ele><time>2026-08-25T07:45:25Z</time><sat>15</sat></trkpt>
  <trkpt lat="38.69804387" lon="114.56399456"><ele>169.255</ele><time>2026-08-25T07:45:28Z</time><sat>16</sat></trkpt>
  <trkpt lat="38.69842289" lon="114.56437622"><ele>170.910</ele><time>2026-08-25T07:45:31Z</time><sat>20</sat></trkpt>
  <trkpt lat="38.69875761" lon="114.56475421"><ele>172.469</ele><time>2026-08-25T07:45:34Z</time><sat>16</sat></trkpt>
  <trkpt lat="38.69901714" lon="114.56517122"><ele>173.883</ele><time>2026-08-25T07:45:37Z</time><sat>16</sat></trkpt>
  <trkpt lat="38.69919168" lon="114.56564140"><ele>175.641</ele><time>2026-08-25T07:45:40Z</time><sat>16</sat></trkpt>
  <trkpt lat="38.69927629" lon="114.56607397"><ele>177.848</ele><time>2026-08-25T07:45:43Z</time><sat>13</sat></trkpt>
  <trkpt lat="38.69933026" lon="114.56650244"><ele>179.936</ele><time>2026-08-25T07:45:46Z</time><sat>20</sat></trkpt>
  <trkpt lat="38.69938780" lon="114.56695516"><ele>181.690</ele><time>2026-08-25T07:45:49Z</time><sat>16</sat></trkpt>
  <trkpt lat="38.69944158" lon="114.56738969"><ele>184.012</ele><time>2026-08-25T07:45:52Z</time><sat>18</sat></trkpt>
  <trkpt lat="38.69949138" lon="114.56777509"><ele>185.186</ele><time>2026-08-25T07:45:55Z</time><sat>17</sat></trkpt>
  <trkpt lat="38.69952928" lon="114.56806251"><ele>186.037</ele><time>2026-08-25T07:45:58Z</time><sat>19</sat></trkpt>
  <trkpt lat="38.69955344" lon="114.56826784"><ele>186.779</ele><time>2026-08-25T07:46:01Z</time><sat>18</sat></trkpt>
  <trkpt lat="38.69957799" lon="114.56845760"><ele>187.419</ele><time>2026-08-25T07:46:04Z</time><sat>18</sat></trkpt>
  <trkpt lat="38.69960251" lon="114.56865557"><ele>187.994</ele><time>2026-08-25T07:46:07Z</time><sat>18</sat></trkpt>
  <trkpt lat="38.69962646" lon="114.56885087"><ele>188.437</ele><time>2026-08-25T07:46:10Z</time><sat>19</sat></trkpt>
  <trkpt lat="38.69965663" lon="114.56905593"><ele>188.177</ele><time>2026-08-25T07:46:13Z</time><sat>15</sat></trkpt>
  <trkpt lat="38.69971680" lon="114.56942189"><ele>187.770</ele><time>2026-08-25T07:46:16Z</time><sat>18</sat></trkpt>
  <trkpt lat="38.69975979" lon="114.56988249"><ele>186.692</ele><time>2026-08-25T07:46:19Z</time><sat>17</sat></trkpt>
  <trkpt lat="38.69982838" lon="114.57037178"><ele>185.132</ele><time>2026-08-25T07:46:22Z</time><sat>15</sat></trkpt>
  <trkpt lat="38.69991159" lon="114.57087948"><ele>184.557</ele><time>2026-08-25T07:46:25Z</time><sat>13</sat></trkpt>
  <trkpt lat="38.70000837" lon="114.57139112"><ele>183.708</ele><time>2026-08-25T07:46:28Z</time><sat>17</sat></trkpt>
  <trkpt lat="38.70011951" lon="114.57191268"><ele>182.772</ele><time>2026-08-25T07:46:31Z</time><sat>16</sat></trkpt>
  <trkpt lat="38.70025209" lon="114.57246264"><ele>180.852</ele><time>2026-08-25T07:46:34Z</time><sat>17</sat></trkpt>
  <trkpt lat="38.70039197" lon="114.57304715"><ele>180.914</ele><time>2026-08-25T07:46:37Z</time><sat>16</sat></trkpt>
  <trkpt lat="38.70053243" lon="114.57362848"><ele>182.568</ele><time>2026-08-25T07:46:40Z</time><sat>18</sat></trkpt>
  <trkpt lat="38.70066556" lon="114.57417444"><ele>184.400</ele><time>2026-08-25T07:46:43Z</time><sat>20</sat></trkpt>
  <trkpt lat="38.70081220" lon="114.57476803"><ele>185.522</ele><time>2026-08-25T07:46:46Z</time><sat>18</sat></trkpt>
  <trkpt lat="38.70097327" lon="114.57536984"><ele>186.341</ele><time>2026-08-25T07:46:49Z</time><sat>18</sat></trkpt>
  <trkpt lat="38.70114378" lon="114.57591332"><ele>187.134</ele><time>2026-08-25T07:46:52Z</time><sat>17</sat></trkpt>
  <trkpt lat="38.70134365" lon="114.57647096"><ele>189.502</ele><time>2026-08-25T07:46:55Z</time><sat>14</sat></trkpt>
  <trkpt lat="38.70158479" lon="114.57703125"><ele>191.455</ele><time>2026-08-25T07:46:58Z</time><sat>13</sat></trkpt>
  <trkpt lat="38.70182941" lon="114.57758959"><ele>193.405</ele><time>2026-08-25T07:47:01Z</time><sat>14</sat></trkpt>
  <trkpt lat="38.70206052" lon="114.57810248"><ele>195.130</ele><time>2026-08-25T07:47:04Z</time><sat>16</sat></trkpt>
  <trkpt lat="38.70229878" lon="114.57853517"><ele>196.278</ele><time>2026-08-25T07:47:07Z</time><sat>14</sat></trkpt>
  <trkpt lat="38.70259128" lon="114.57889597"><ele>197.457</ele><time>2026-08-25T07:47:10Z</time><sat>13</sat></trkpt>
  <trkpt lat="38.70292824" lon="114.57921115"><ele>196.844</ele><time>2026-08-25T07:47:13Z</time><sat>11</sat></trkpt>
  <trkpt lat="38.70324942" lon="114.57955311"><ele>196.671</ele><time>2026-08-25T07:47:16Z</time><sat>17</sat></trkpt>
  <trkpt lat="38.70350395" lon="114.57997268"><ele>197.247</ele><time>2026-08-25T07:47:19Z</time><sat>14</sat></trkpt>
  <trkpt lat="38.70366522" lon="114.58045925"><ele>197.833</ele><time>2026-08-25T07:47:22Z</time><sat>14</sat></trkpt>
  <trkpt lat="38.70375820" lon="114.58099124"><ele>198.309</ele><time>2026-08-25T07:47:25Z</time><sat>14</sat></trkpt>
  <trkpt lat="38.70383762" lon="114.58153450"><ele>200.219</ele><time>2026-08-25T07:47:28Z</time><sat>15</sat></trkpt>
  <trkpt lat="38.70391760" lon="114.58206734"><ele>203.121</ele><time>2026-08-25T07:47:31Z</time><sat>16</sat></trkpt>
  <trkpt lat="38.70399442" lon="114.58256274"><ele>205.157</ele><time>2026-08-25T07:47:34Z</time><sat>16</sat></trkpt>
  <trkpt lat="38.70405858" lon="114.58301700"><ele>207.133</ele><time>2026-08-25T07:47:37Z</time><sat>16</sat></trkpt>
  <trkpt lat="38.70411631" lon="114.58341987"><ele>208.207</ele><time>2026-08-25T07:47:40Z</time><sat>16</sat></trkpt>
  <trkpt lat="38.70417315" lon="114.58379715"><ele>208.534</ele><time>2026-08-25T07:47:43Z</time><sat>16</sat></trkpt>
  <trkpt lat="38.70423732" lon="114.58417153"><ele>209.002</ele><time>2026-08-25T07:47:46Z</time><sat>15</sat></trkpt>
  <trkpt lat="38.70430706" lon="114.58455992"><ele>209.874</ele><time>2026-08-25T07:47:49Z</time><sat>15</sat></trkpt>
  <trkpt lat="38.70433327" lon="114.58468891"><ele>210.285</ele><time>2026-08-25T07:47:52Z</time><sat>15</sat></trkpt>
  <trkpt lat="38.70451199" lon="114.58542708"><ele>211.075</ele><time>2026-08-25T07:47:55Z</time><sat>16</sat></trkpt>
  <trkpt lat="38.70465092" lon="114.58592254"><ele>211.596</ele><time>2026-08-25T07:47:58Z</time><sat>15</sat></trkpt>
  <trkpt lat="38.70480286" lon="114.58644867"><ele>211.651</ele><time>2026-08-25T07:48:01Z</time><sat>16</sat></trkpt>
  <trkpt lat="38.70495462" lon="114.58698506"><ele>212.742</ele><time>2026-08-25T07:48:04Z</time><sat>16</sat></trkpt>
  <trkpt lat="38.70511292" lon="114.58752703"><ele>213.359</ele><time>2026-08-25T07:48:07Z</time><sat>16</sat></trkpt>
  <trkpt lat="38.70527173" lon="114.58807716"><ele>214.959</ele><time>2026-08-25T07:48:10Z</time><sat>16</sat></trkpt>
  <trkpt lat="38.70543615" lon="114.58863852"><ele>216.848</ele><time>2026-08-25T07:48:13Z</time><sat>14</sat></trkpt>
  <trkpt lat="38.70561114" lon="114.58920689"><ele>218.513</ele><time>2026-08-25T07:48:16Z</time><sat>15</sat></trkpt>
  <trkpt lat="38.70579458" lon="114.58977254"><ele>218.820</ele><time>2026-08-25T07:48:19Z</time><sat>17</sat></trkpt>
  <trkpt lat="38.70597363" lon="114.59033390"><ele>219.314</ele><time>2026-08-25T07:48:22Z</time><sat>16</sat></trkpt>
  <trkpt lat="38.70616356" lon="114.59091800"><ele>220.031</ele><time>2026-08-25T07:48:25Z</time><sat>15</sat></trkpt>
  <trkpt lat="38.70635882" lon="114.59151450"><ele>220.989</ele><time>2026-08-25T07:48:28Z</time><sat>16</sat></trkpt>
  <trkpt lat="38.70657036" lon="114.59212208"><ele>221.271</ele><time>2026-08-25T07:48:31Z</time><sat>13</sat></trkpt>
  <trkpt lat="38.70679358" lon="114.59273970"><ele>222.222</ele><time>2026-08-25T07:48:34Z</time><sat>13</sat></trkpt>
  <trkpt lat="38.70703208" lon="114.59336318"><ele>223.063</ele><time>2026-08-25T07:48:37Z</time><sat>14</sat></trkpt>
  <trkpt lat="38.70727438" lon="114.59398537"><ele>223.082</ele><time>2026-08-25T07:48:40Z</time><sat>14</sat></trkpt>
  <trkpt lat="38.70754140" lon="114.59459722"><ele>224.212</ele><time>2026-08-25T07:48:43Z</time><sat>12</sat></trkpt>
  <trkpt lat="38.70783860" lon="114.59517357"><ele>226.251</ele><time>2026-08-25T07:48:46Z</time><sat>12</sat></trkpt>
  <trkpt lat="38.70816678" lon="114.59572411"><ele>227.105</ele><time>2026-08-25T07:48:49Z</time><sat>14</sat></trkpt>
  <trkpt lat="38.70849885" lon="114.59624908"><ele>228.251</ele><time>2026-08-25T07:48:52Z</time><sat>14</sat></trkpt>
  <trkpt lat="38.70883492" lon="114.59676740"><ele>228.718</ele><time>2026-08-25T07:48:55Z</time><sat>15</sat></trkpt>
  <trkpt lat="38.70916401" lon="114.59727406"><ele>229.084</ele><time>2026-08-25T07:48:58Z</time><sat>13</sat></trkpt>
  <trkpt lat="38.70947578" lon="114.59776384"><ele>229.775</ele><time>2026-08-25T07:49:01Z</time><sat>15</sat></trkpt>
  <trkpt lat="38.70979093" lon="114.59825159"><ele>230.696</ele><time>2026-08-25T07:49:04Z</time><sat>14</sat></trkpt>
  <trkpt lat="38.71010434" lon="114.59873675"><ele>230.151</ele><time>2026-08-25T07:49:07Z</time><sat>15</sat></trkpt>
  <trkpt lat="38.71039415" lon="114.59918754"><ele>229.363</ele><time>2026-08-25T07:49:10Z</time><sat>12</sat></trkpt>
  <trkpt lat="38.71067089" lon="114.59962162"><ele>228.786</ele><time>2026-08-25T07:49:13Z</time><sat>15</sat></trkpt>
  <trkpt lat="38.71094316" lon="114.60004573"><ele>228.014</ele><time>2026-08-25T07:49:16Z</time><sat>17</sat></trkpt>
  <trkpt lat="38.71122292" lon="114.60048313"><ele>227.217</ele><time>2026-08-25T07:49:19Z</time><sat>17</sat></trkpt>
  <trkpt lat="38.71149991" lon="114.60091473"><ele>226.516</ele><time>2026-08-25T07:49:22Z</time><sat>18</sat></trkpt>
  <trkpt lat="38.71175698" lon="114.60131617"><ele>225.939</ele><time>2026-08-25T07:49:25Z</time><sat>16</sat></trkpt>
  <trkpt lat="38.71200174" lon="114.60169511"><ele>225.127</ele><time>2026-08-25T07:49:28Z</time><sat>14</sat></trkpt>
  <trkpt lat="38.71224093" lon="114.60206420"><ele>225.179</ele><time>2026-08-25T07:49:31Z</time><sat>12</sat></trkpt>
  <trkpt lat="38.71248524" lon="114.60241493"><ele>225.550</ele><time>2026-08-25T07:49:34Z</time><sat>14</sat></trkpt>
  <trkpt lat="38.71275224" lon="114.60275846"><ele>226.273</ele><time>2026-08-25T07:49:37Z</time><sat>17</sat></trkpt>
  <trkpt lat="38.71305616" lon="114.60311592"><ele>226.562</ele><time>2026-08-25T07:49:40Z</time><sat>14</sat></trkpt>
  <trkpt lat="38.71338780" lon="114.60349315"><ele>226.764</ele><time>2026-08-25T07:49:43Z</time><sat>18</sat></trkpt>
  <trkpt lat="38.71371581" lon="114.60385716"><ele>227.731</ele><time>2026-08-25T07:49:46Z</time><sat>19</sat></trkpt>
  <trkpt lat="38.71402796" lon="114.60416146"><ele>228.535</ele><time>2026-08-25T07:49:49Z</time><sat>18</sat></trkpt>
  <trkpt lat="38.71430900" lon="114.60439790"><ele>229.175</ele><time>2026-08-25T07:49:52Z</time><sat>16</sat></trkpt>
  <trkpt lat="38.71453738" lon="114.60458337"><ele>229.461</ele><time>2026-08-25T07:49:55Z</time><sat>17</sat></trkpt>
  <trkpt lat="38.71475380" lon="114.60476082"><ele>230.416</ele><time>2026-08-25T07:49:58Z</time><sat>15</sat></trkpt>
  <trkpt lat="38.71497820" lon="114.60494107"><ele>230.967</ele><time>2026-08-25T07:50:01Z</time><sat>14</sat></trkpt>
  <trkpt lat="38.71519695" lon="114.60511951"><ele>231.332</ele><time>2026-08-25T07:50:04Z</time><sat>14</sat></trkpt>
  <trkpt lat="38.71528246" lon="114.60519300"><ele>231.784</ele><time>2026-08-25T07:50:07Z</time><sat>12</sat></trkpt>
  <trkpt lat="38.71564047" lon="114.60552321"><ele>233.032</ele><time>2026-08-25T07:50:10Z</time><sat>12</sat></trkpt>
  <trkpt lat="38.71586421" lon="114.60576337"><ele>234.002</ele><time>2026-08-25T07:50:13Z</time><sat>13</sat></trkpt>
  <trkpt lat="38.71605255" lon="114.60598810"><ele>234.671</ele><time>2026-08-25T07:50:16Z</time><sat>15</sat></trkpt>
  <trkpt lat="38.71622422" lon="114.60621174"><ele>234.830</ele><time>2026-08-25T07:50:19Z</time><sat>14</sat></trkpt>
  <trkpt lat="38.71639924" lon="114.60644102"><ele>235.183</ele><time>2026-08-25T07:50:22Z</time><sat>15</sat></trkpt>
  <trkpt lat="38.71658389" lon="114.60668975"><ele>235.720</ele><time>2026-08-25T07:50:25Z</time><sat>14</sat></trkpt>
  <trkpt lat="38.71678195" lon="114.60694515"><ele>236.137</ele><time>2026-08-25T07:50:28Z</time><sat>13</sat></trkpt>
  <trkpt lat="38.71696841" lon="114.60717427"><ele>236.287</ele><time>2026-08-25T07:50:31Z</time><sat>15</sat></trkpt>
  <trkpt lat="38.71716124" lon="114.60740312"><ele>236.686</ele><time>2026-08-25T07:50:34Z</time><sat>16</sat></trkpt>
  <trkpt lat="38.71737203" lon="114.60764088"><ele>237.327</ele><time>2026-08-25T07:50:37Z</time><sat>15</sat></trkpt>
  <trkpt lat="38.71759948" lon="114.60788792"><ele>237.295</ele><time>2026-08-25T07:50:40Z</time><sat>17</sat></trkpt>
  <trkpt lat="38.71782822" lon="114.60812744"><ele>237.260</ele><time>2026-08-25T07:50:43Z</time><sat>16</sat></trkpt>
  <trkpt lat="38.71805284" lon="114.60836721"><ele>237.400</ele><time>2026-08-25T07:50:46Z</time><sat>15</sat></trkpt>
  <trkpt lat="38.71829367" lon="114.60862034"><ele>237.532</ele><time>2026-08-25T07:50:49Z</time><sat>17</sat></trkpt>
  <trkpt lat="38.71854086" lon="114.60888069"><ele>237.632</ele><time>2026-08-25T07:50:52Z</time><sat>18</sat></trkpt>
  <trkpt lat="38.71877888" lon="114.60913715"><ele>238.124</ele><time>2026-08-25T07:50:55Z</time><sat>16</sat></trkpt>
  <trkpt lat="38.71901458" lon="114.60938421"><ele>238.652</ele><time>2026-08-25T07:50:58Z</time><sat>16</sat></trkpt>
  <trkpt lat="38.71924790" lon="114.60963221"><ele>239.256</ele><time>2026-08-25T07:51:01Z</time><sat>15</sat></trkpt>
  <trkpt lat="38.71948633" lon="114.60988452"><ele>239.728</ele><time>2026-08-25T07:51:04Z</time><sat>17</sat></trkpt>
  <trkpt lat="38.71956658" lon="114.60996879"><ele>239.942</ele><time>2026-08-25T07:51:07Z</time><sat>16</sat></trkpt>
  <trkpt lat="38.71956658" lon="114.60996879"><ele>239.942</ele><time>2026-08-25T07:51:10Z</time><sat>18</sat></trkpt>
  <trkpt lat="38.72021256" lon="114.61065811"><ele>243.460</ele><time>2026-08-25T07:51:13Z</time><sat>16</sat></trkpt>
  <trkpt lat="38.72044955" lon="114.61090858"><ele>245.138</ele><time>2026-08-25T07:51:16Z</time><sat>17</sat></trkpt>
  <trkpt lat="38.72068215" lon="114.61115902"><ele>245.570</ele><time>2026-08-25T07:51:19Z</time><sat>16</sat></trkpt>
  <trkpt lat="38.72091495" lon="114.61140643"><ele>246.534</ele><time>2026-08-25T07:51:22Z</time><sat>19</sat></trkpt>
  <trkpt lat="38.72117797" lon="114.61167002"><ele>248.178</ele><time>2026-08-25T07:51:25Z</time><sat>13</sat></trkpt>
  <trkpt lat="38.72155523" lon="114.61203674"><ele>249.819</ele><time>2026-08-25T07:51:28Z</time><sat>14</sat></trkpt>
  <trkpt lat="38.72192929" lon="114.61246374"><ele>251.934</ele><time>2026-08-25T07:51:31Z</time><sat>15</sat></trkpt>
  <trkpt lat="38.72228259" lon="114.61285783"><ele>253.267</ele><time>2026-08-25T07:51:34Z</time><sat>14</sat></trkpt>
  <trkpt lat="38.72264940" lon="114.61324298"><ele>254.711</ele><time>2026-08-25T07:51:37Z</time><sat>15</sat></trkpt>
  <trkpt lat="38.72301011" lon="114.61361838"><ele>256.760</ele><time>2026-08-25T07:51:40Z</time><sat>14</sat></trkpt>
  <trkpt lat="38.72335187" lon="114.61398710"><ele>257.816</ele><time>2026-08-25T07:51:43Z</time><sat>17</sat></trkpt>
  <trkpt lat="38.72366105" lon="114.61431134"><ele>258.726</ele><time>2026-08-25T07:51:46Z</time><sat>16</sat></trkpt>
  <trkpt lat="38.72393285" lon="114.61460006"><ele>259.635</ele><time>2026-08-25T07:51:49Z</time><sat>15</sat></trkpt>
  <trkpt lat="38.72419985" lon="114.61487727"><ele>260.372</ele><time>2026-08-25T07:51:52Z</time><sat>19</sat></trkpt>
  <trkpt lat="38.72447592" lon="114.61512450"><ele>261.304</ele><time>2026-08-25T07:51:55Z</time><sat>16</sat></trkpt>
  <trkpt lat="38.72477875" lon="114.61532742"><ele>262.072</ele><time>2026-08-25T07:51:58Z</time><sat>15</sat></trkpt>
  <trkpt lat="38.72510187" lon="114.61546011"><ele>262.143</ele><time>2026-08-25T07:52:01Z</time><sat>14</sat></trkpt>
  <trkpt lat="38.72541591" lon="114.61550781"><ele>262.557</ele><time>2026-08-25T07:52:04Z</time><sat>11</sat></trkpt>
  <trkpt lat="38.72571187" lon="114.61547271"><ele>262.496</ele><time>2026-08-25T07:52:07Z</time><sat>12</sat></trkpt>
  <trkpt lat="38.72603314" lon="114.61541168"><ele>262.096</ele><time>2026-08-25T07:52:10Z</time><sat>14</sat></trkpt>
  <trkpt lat="38.72636868" lon="114.61533230"><ele>261.561</ele><time>2026-08-25T07:52:13Z</time><sat>15</sat></trkpt>
  <trkpt lat="38.72671008" lon="114.61520073"><ele>260.810</ele><time>2026-08-25T07:52:16Z</time><sat>14</sat></trkpt>
  <trkpt lat="38.72707607" lon="114.61497838"><ele>259.542</ele><time>2026-08-25T07:52:19Z</time><sat>15</sat></trkpt>
  <trkpt lat="38.72746882" lon="114.61467279"><ele>257.794</ele><time>2026-08-25T07:52:22Z</time><sat>12</sat></trkpt>
  <trkpt lat="38.72791348" lon="114.61432340"><ele>254.444</ele><time>2026-08-25T07:52:25Z</time><sat>16</sat></trkpt>
  <trkpt lat="38.72839784" lon="114.61394549"><ele>250.545</ele><time>2026-08-25T07:52:28Z</time><sat>13</sat></trkpt>
  <trkpt lat="38.72888063" lon="114.61356431"><ele>247.915</ele><time>2026-08-25T07:52:31Z</time><sat>14</sat></trkpt>
  <trkpt lat="38.72934426" lon="114.61320418"><ele>246.640</ele><time>2026-08-25T07:52:34Z</time><sat>15</sat></trkpt>
  <trkpt lat="38.72982784" lon="114.61286455"><ele>244.859</ele><time>2026-08-25T07:52:37Z</time><sat>14</sat></trkpt>
  <trkpt lat="38.73036047" lon="114.61260565"><ele>242.925</ele><time>2026-08-25T07:52:40Z</time><sat>14</sat></trkpt>
  <trkpt lat="38.73090640" lon="114.61242920"><ele>239.698</ele><time>2026-08-25T07:52:43Z</time><sat>12</sat></trkpt>
  <trkpt lat="38.73140850" lon="114.61224195"><ele>236.338</ele><time>2026-08-25T07:52:46Z</time><sat>16</sat></trkpt>
  <trkpt lat="38.73185692" lon="114.61195085"><ele>233.240</ele><time>2026-08-25T07:52:49Z</time><sat>12</sat></trkpt>
  <trkpt lat="38.73228566" lon="114.61157781"><ele>229.690</ele><time>2026-08-25T07:52:52Z</time><sat>9</sat></trkpt>
  <trkpt lat="38.73273182" lon="114.61114940"><ele>225.548</ele><time>2026-08-25T07:52:55Z</time><sat>14</sat></trkpt>
  <trkpt lat="38.73318960" lon="114.61071500"><ele>221.472</ele><time>2026-08-25T07:52:58Z</time><sat>14</sat></trkpt>
  <trkpt lat="38.73366387" lon="114.61029654"><ele>217.325</ele><time>2026-08-25T07:53:01Z</time><sat>14</sat></trkpt>
  <trkpt lat="38.73415151" lon="114.60991980"><ele>213.509</ele><time>2026-08-25T07:53:04Z</time><sat>12</sat></trkpt>
  <trkpt lat="38.73465016" lon="114.60959849"><ele>209.874</ele><time>2026-08-25T07:53:07Z</time><sat>12</sat></trkpt>
  <trkpt lat="38.73515385" lon="114.60932240"><ele>207.259</ele><time>2026-08-25T07:53:10Z</time><sat>12</sat></trkpt>
  <trkpt lat="38.73559593" lon="114.60911604"><ele>206.547</ele><time>2026-08-25T07:53:13Z</time><sat>13</sat></trkpt>
  <trkpt lat="38.73590212" lon="114.60898976"><ele>206.733</ele><time>2026-08-25T07:53:16Z</time><sat>11</sat></trkpt>
  <trkpt lat="38.73611006" lon="114.60892162"><ele>206.807</ele><time>2026-08-25T07:53:19Z</time><sat>12</sat></trkpt>
  <trkpt lat="38.73623205" lon="114.60889426"><ele>206.880</ele><time>2026-08-25T07:53:22Z</time><sat>15</sat></trkpt>
  <trkpt lat="38.73623205" lon="114.60889426"><ele>206.880</ele><time>2026-08-25T07:53:25Z</time><sat>13</sat></trkpt>
  <trkpt lat="38.73623205" lon="114.60889426"><ele>206.880</ele><time>2026-08-25T07:53:28Z</time><sat>14</sat></trkpt>
  <trkpt lat="38.73623205" lon="114.60889426"><ele>206.880</ele><time>2026-08-25T07:53:31Z</time><sat>10</sat></trkpt>
  <trkpt lat="38.73682513" lon="114.60898545"><ele>206.721</ele><time>2026-08-25T07:53:34Z</time><sat>14</sat></trkpt>
  <trkpt lat="38.73805622" lon="114.60922114"><ele>206.263</ele><time>2026-08-25T07:53:37Z</time><sat>12</sat></trkpt>
  <trkpt lat="38.73814768" lon="114.60924059"><ele>206.491</ele><time>2026-08-25T07:53:40Z</time><sat>14</sat></trkpt>
  <trkpt lat="38.73814768" lon="114.60924059"><ele>206.491</ele><time>2026-08-25T07:53:43Z</time><sat>14</sat></trkpt>
  <trkpt lat="38.73902399" lon="114.60949491"><ele>204.665</ele><time>2026-08-25T07:53:46Z</time><sat>15</sat></trkpt>
  <trkpt lat="38.73946748" lon="114.60962212"><ele>204.343</ele><time>2026-08-25T07:53:49Z</time><sat>17</sat></trkpt>
  <trkpt lat="38.74000258" lon="114.60978463"><ele>204.812</ele><time>2026-08-25T07:53:52Z</time><sat>16</sat></trkpt>
  <trkpt lat="38.74014300" lon="114.60984942"><ele>204.775</ele><time>2026-08-25T07:53:55Z</time><sat>15</sat></trkpt>
  <trkpt lat="38.74055479" lon="114.61005621"><ele>204.610</ele><time>2026-08-25T07:53:58Z</time><sat>14</sat></trkpt>
  <trkpt lat="38.74101669" lon="114.61040383"><ele>205.324</ele><time>2026-08-25T07:54:01Z</time><sat>18</sat></trkpt>
  <trkpt lat="38.74098815" lon="114.61038035"><ele>205.321</ele><time>2026-08-25T07:54:04Z</time><sat>17</sat></trkpt>
  <trkpt lat="38.74152401" lon="114.61082427"><ele>205.048</ele><time>2026-08-25T07:54:07Z</time><sat>18</sat></trkpt>
  <trkpt lat="38.74195655" lon="114.61118363"><ele>205.629</ele><time>2026-08-25T07:54:10Z</time><sat>17</sat></trkpt>
  <trkpt lat="38.74193029" lon="114.61116174"><ele>205.619</ele><time>2026-08-25T07:54:13Z</time><sat>16</sat></trkpt>
  <trkpt lat="38.74246686" lon="114.61161011"><ele>205.296</ele><time>2026-08-25T07:54:16Z</time><sat>14</sat></trkpt>
  <trkpt lat="38.74267275" lon="114.61178102"><ele>205.118</ele><time>2026-08-25T07:54:19Z</time><sat>15</sat></trkpt>
  <trkpt lat="38.74314807" lon="114.61217768"><ele>204.904</ele><time>2026-08-25T07:54:22Z</time><sat>18</sat></trkpt>
  <trkpt lat="38.74359077" lon="114.61254820"><ele>205.182</ele><time>2026-08-25T07:54:25Z</time><sat>17</sat></trkpt>
  <trkpt lat="38.74386115" lon="114.61281485"><ele>205.367</ele><time>2026-08-25T07:54:28Z</time><sat>16</sat></trkpt>
  <trkpt lat="38.74408895" lon="114.61310523"><ele>205.084</ele><time>2026-08-25T07:54:31Z</time><sat>17</sat></trkpt>
  <trkpt lat="38.74429837" lon="114.61345212"><ele>204.620</ele><time>2026-08-25T07:54:34Z</time><sat>19</sat></trkpt>
  <trkpt lat="38.74449345" lon="114.61384089"><ele>204.193</ele><time>2026-08-25T07:54:37Z</time><sat>17</sat></trkpt>
  <trkpt lat="38.74469692" lon="114.61426088"><ele>204.615</ele><time>2026-08-25T07:54:40Z</time><sat>17</sat></trkpt>
  <trkpt lat="38.74491233" lon="114.61470557"><ele>204.848</ele><time>2026-08-25T07:54:43Z</time><sat>16</sat></trkpt>
  <trkpt lat="38.74514982" lon="114.61515432"><ele>204.651</ele><time>2026-08-25T07:54:46Z</time><sat>23</sat></trkpt>
  <trkpt lat="38.74542875" lon="114.61557268"><ele>204.515</ele><time>2026-08-25T07:54:49Z</time><sat>17</sat></trkpt>
  <trkpt lat="38.74574427" lon="114.61592489"><ele>203.409</ele><time>2026-08-25T07:54:52Z</time><sat>15</sat></trkpt>
  <trkpt lat="38.74606724" lon="114.61619463"><ele>203.033</ele><time>2026-08-25T07:54:55Z</time><sat>16</sat></trkpt>
  <trkpt lat="38.74636871" lon="114.61641975"><ele>202.919</ele><time>2026-08-25T07:54:58Z</time><sat>18</sat></trkpt>
  <trkpt lat="38.74648769" lon="114.61650542"><ele>203.304</ele><time>2026-08-25T07:55:01Z</time><sat>16</sat></trkpt>
  <trkpt lat="38.74695259" lon="114.61683460"><ele>203.000</ele><time>2026-08-25T07:55:04Z</time><sat>16</sat></trkpt>
  <trkpt lat="38.74720088" lon="114.61701124"><ele>202.745</ele><time>2026-08-25T07:55:07Z</time><sat>18</sat></trkpt>
  <trkpt lat="38.74740835" lon="114.61715802"><ele>202.096</ele><time>2026-08-25T07:55:10Z</time><sat>17</sat></trkpt>
  <trkpt lat="38.74754625" lon="114.61725551"><ele>202.112</ele><time>2026-08-25T07:55:13Z</time><sat>18</sat></trkpt>
  <trkpt lat="38.74754625" lon="114.61725551"><ele>202.112</ele><time>2026-08-25T07:55:16Z</time><sat>19</sat></trkpt>
  <trkpt lat="38.74754625" lon="114.61725551"><ele>202.112</ele><time>2026-08-25T07:55:19Z</time><sat>17</sat></trkpt>
  <trkpt lat="38.74799354" lon="114.61757486"><ele>203.154</ele><time>2026-08-25T07:55:22Z</time><sat>18</sat></trkpt>
  <trkpt lat="38.74902537" lon="114.61828153"><ele>205.153</ele><time>2026-08-25T07:55:25Z</time><sat>17</sat></trkpt>
  <trkpt lat="38.74944615" lon="114.61850440"><ele>206.217</ele><time>2026-08-25T07:55:28Z</time><sat>16</sat></trkpt>
  <trkpt lat="38.74988366" lon="114.61869038"><ele>207.271</ele><time>2026-08-25T07:55:31Z</time><sat>17</sat></trkpt>
  <trkpt lat="38.75034242" lon="114.61883614"><ele>207.988</ele><time>2026-08-25T07:55:34Z</time><sat>14</sat></trkpt>
  <trkpt lat="38.75080462" lon="114.61894654"><ele>208.846</ele><time>2026-08-25T07:55:37Z</time><sat>19</sat></trkpt>
  <trkpt lat="38.75123497" lon="114.61902724"><ele>209.952</ele><time>2026-08-25T07:55:40Z</time><sat>16</sat></trkpt>
  <trkpt lat="38.75163627" lon="114.61910619"><ele>210.765</ele><time>2026-08-25T07:55:43Z</time><sat>18</sat></trkpt>
  <trkpt lat="38.75201104" lon="114.61917000"><ele>211.513</ele><time>2026-08-25T07:55:46Z</time><sat>17</sat></trkpt>
  <trkpt lat="38.75210994" lon="114.61918912"><ele>211.431</ele><time>2026-08-25T07:55:49Z</time><sat>13</sat></trkpt>
  <trkpt lat="38.75210994" lon="114.61918912"><ele>211.431</ele><time>2026-08-25T07:55:52Z</time><sat>14</sat></trkpt>
  <trkpt lat="38.75210994" lon="114.61918912"><ele>211.431</ele><time>2026-08-25T07:55:55Z</time><sat>17</sat></trkpt>
  <trkpt lat="38.75336748" lon="114.61941391"><ele>211.607</ele><time>2026-08-25T07:55:58Z</time><sat>14</sat></trkpt>
  <trkpt lat="38.75334896" lon="114.61941056"><ele>211.634</ele><time>2026-08-25T07:56:01Z</time><sat>14</sat></trkpt>
  <trkpt lat="38.75334896" lon="114.61941056"><ele>211.634</ele><time>2026-08-25T07:56:04Z</time><sat>15</sat></trkpt>
  <trkpt lat="38.75334896" lon="114.61941056"><ele>211.634</ele><time>2026-08-25T07:56:07Z</time><sat>14</sat></trkpt>
  <trkpt lat="38.75334896" lon="114.61941056"><ele>211.634</ele><time>2026-08-25T07:56:10Z</time><sat>16</sat></trkpt>
  <trkpt lat="38.75334896" lon="114.61941056"><ele>211.634</ele><time>2026-08-25T07:56:13Z</time><sat>15</sat></trkpt>
  <trkpt lat="38.75334896" lon="114.61941056"><ele>211.634</ele><time>2026-08-25T07:56:16Z</time><sat>16</sat></trkpt>
  <trkpt lat="38.75618642" lon="114.61993163"><ele>200.884</ele><time>2026-08-25T07:56:19Z</time><sat>14</sat></trkpt>
  <trkpt lat="38.75661123" lon="114.62001095"><ele>199.327</ele><time>2026-08-25T07:56:22Z</time><sat>16</sat></trkpt>
  <trkpt lat="38.75702748" lon="114.62008592"><ele>198.573</ele><time>2026-08-25T07:56:25Z</time><sat>17</sat></trkpt>
  <trkpt lat="38.75742924" lon="114.62015476"><ele>198.623</ele><time>2026-08-25T07:56:28Z</time><sat>14</sat></trkpt>
  <trkpt lat="38.75782479" lon="114.62022442"><ele>198.330</ele><time>2026-08-25T07:56:31Z</time><sat>14</sat></trkpt>
  <trkpt lat="38.75820464" lon="114.62028865"><ele>198.505</ele><time>2026-08-25T07:56:34Z</time><sat>15</sat></trkpt>
  <trkpt lat="38.75818698" lon="114.62028595"><ele>198.503</ele><time>2026-08-25T07:56:37Z</time><sat>17</sat></trkpt>
  <trkpt lat="38.75818698" lon="114.62028595"><ele>198.503</ele><time>2026-08-25T07:56:40Z</time><sat>14</sat></trkpt>
  <trkpt lat="38.75924542" lon="114.62033980"><ele>198.754</ele><time>2026-08-25T07:56:43Z</time><sat>16</sat></trkpt>
  <trkpt lat="38.75923084" lon="114.62034046"><ele>198.770</ele><time>2026-08-25T07:56:46Z</time><sat>16</sat></trkpt>
  <trkpt lat="38.75923084" lon="114.62034046"><ele>198.770</ele><time>2026-08-25T07:56:49Z</time><sat>18</sat></trkpt>
  <trkpt lat="38.76008042" lon="114.62025492"><ele>196.798</ele><time>2026-08-25T07:56:52Z</time><sat>15</sat></trkpt>
  <trkpt lat="38.76040108" lon="114.62021969"><ele>196.112</ele><time>2026-08-25T07:56:55Z</time><sat>18</sat></trkpt>
  <trkpt lat="38.76040108" lon="114.62021969"><ele>196.112</ele><time>2026-08-25T07:56:58Z</time><sat>17</sat></trkpt>
  <trkpt lat="38.76147050" lon="114.62008388"><ele>194.433</ele><time>2026-08-25T07:57:01Z</time><sat>18</sat></trkpt>
  <trkpt lat="38.76145538" lon="114.62008576"><ele>194.456</ele><time>2026-08-25T07:57:04Z</time><sat>18</sat></trkpt>
  <trkpt lat="38.76208147" lon="114.62000679"><ele>193.237</ele><time>2026-08-25T07:57:07Z</time><sat>19</sat></trkpt>
  <trkpt lat="38.76234535" lon="114.61997212"><ele>192.549</ele><time>2026-08-25T07:57:10Z</time><sat>22</sat></trkpt>
  <trkpt lat="38.76234535" lon="114.61997212"><ele>192.549</ele><time>2026-08-25T07:57:13Z</time><sat>18</sat></trkpt>
  <trkpt lat="38.76333533" lon="114.61998021"><ele>190.533</ele><time>2026-08-25T07:57:16Z</time><sat>14</sat></trkpt>
  <trkpt lat="38.76345342" lon="114.62001291"><ele>190.079</ele><time>2026-08-25T07:57:19Z</time><sat>13</sat></trkpt>
  <trkpt lat="38.76396296" lon="114.62026645"><ele>188.732</ele><time>2026-08-25T07:57:22Z</time><sat>15</sat></trkpt>
  <trkpt lat="38.76421092" lon="114.62040566"><ele>187.985</ele><time>2026-08-25T07:57:25Z</time><sat>18</sat></trkpt>
  <trkpt lat="38.76471591" lon="114.62070683"><ele>186.331</ele><time>2026-08-25T07:57:28Z</time><sat>16</sat></trkpt>
  <trkpt lat="38.76508135" lon="114.62089535"><ele>184.789</ele><time>2026-08-25T07:57:31Z</time><sat>14</sat></trkpt>
  <trkpt lat="38.76549601" lon="114.62103772"><ele>183.002</ele><time>2026-08-25T07:57:34Z</time><sat>16</sat></trkpt>
  <trkpt lat="38.76583384" lon="114.62112374"><ele>181.195</ele><time>2026-08-25T07:57:37Z</time><sat>19</sat></trkpt>
  <trkpt lat="38.76636820" lon="114.62119189"><ele>178.041</ele><time>2026-08-25T07:57:40Z</time><sat>16</sat></trkpt>
  <trkpt lat="38.76648276" lon="114.62120063"><ele>177.386</ele><time>2026-08-25T07:57:43Z</time><sat>16</sat></trkpt>
  <trkpt lat="38.76698872" lon="114.62125272"><ele>174.271</ele><time>2026-08-25T07:57:46Z</time><sat>13</sat></trkpt>
  <trkpt lat="38.76727931" lon="114.62128481"><ele>172.973</ele><time>2026-08-25T07:57:49Z</time><sat>17</sat></trkpt>
  <trkpt lat="38.76759411" lon="114.62130492"><ele>171.505</ele><time>2026-08-25T07:57:52Z</time><sat>18</sat></trkpt>
  <trkpt lat="38.76794818" lon="114.62134892"><ele>170.294</ele><time>2026-08-25T07:57:55Z</time><sat>14</sat></trkpt>
  <trkpt lat="38.76832428" lon="114.62142598"><ele>169.536</ele><time>2026-08-25T07:57:58Z</time><sat>13</sat></trkpt>
  <trkpt lat="38.76868763" lon="114.62152351"><ele>168.556</ele><time>2026-08-25T07:58:01Z</time><sat>14</sat></trkpt>
  <trkpt lat="38.76902419" lon="114.62164482"><ele>167.848</ele><time>2026-08-25T07:58:04Z</time><sat>14</sat></trkpt>
  <trkpt lat="38.76934739" lon="114.62179936"><ele>167.234</ele><time>2026-08-25T07:58:07Z</time><sat>15</sat></trkpt>
  <trkpt lat="38.76965167" lon="114.62196296"><ele>166.566</ele><time>2026-08-25T07:58:10Z</time><sat>14</sat></trkpt>
  <trkpt lat="38.76962673" lon="114.62194900"><ele>166.594</ele><time>2026-08-25T07:58:13Z</time><sat>14</sat></trkpt>
  <trkpt lat="38.77020025" lon="114.62227416"><ele>165.618</ele><time>2026-08-25T07:58:16Z</time><sat>16</sat></trkpt>
  <trkpt lat="38.77017795" lon="114.62226130"><ele>165.630</ele><time>2026-08-25T07:58:19Z</time><sat>17</sat></trkpt>
  <trkpt lat="38.77017795" lon="114.62226130"><ele>165.630</ele><time>2026-08-25T07:58:22Z</time><sat>14</sat></trkpt>
  <trkpt lat="38.77017795" lon="114.62226130"><ele>165.630</ele><time>2026-08-25T07:58:25Z</time><sat>15</sat></trkpt>
  <trkpt lat="38.77017795" lon="114.62226130"><ele>165.630</ele><time>2026-08-25T07:58:28Z</time><sat>17</sat></trkpt>
  <trkpt lat="38.77017795" lon="114.62226130"><ele>165.630</ele><time>2026-08-25T07:58:31Z</time><sat>13</sat></trkpt>
  <trkpt lat="38.77163613" lon="114.62309773"><ele>163.635</ele><time>2026-08-25T07:58:34Z</time><sat>15</sat></trkpt>
  <trkpt lat="38.77179111" lon="114.62319099"><ele>162.755</ele><time>2026-08-25T07:58:37Z</time><sat>13</sat></trkpt>
  <trkpt lat="38.77177858" lon="114.62318361"><ele>162.787</ele><time>2026-08-25T07:58:40Z</time><sat>15</sat></trkpt>
  <trkpt lat="38.77188035" lon="114.62324140"><ele>162.718</ele><time>2026-08-25T07:58:43Z</time><sat>13</sat></trkpt>
  <trkpt lat="38.77214463" lon="114.62339542"><ele>161.875</ele><time>2026-08-25T07:58:46Z</time><sat>15</sat></trkpt>
  <trkpt lat="38.77225471" lon="114.62351927"><ele>161.510</ele><time>2026-08-25T07:58:49Z</time><sat>14</sat></trkpt>
  <trkpt lat="38.77231426" lon="114.62372410"><ele>160.736</ele><time>2026-08-25T07:58:52Z</time><sat>17</sat></trkpt>
  <trkpt lat="38.77227212" lon="114.62397726"><ele>161.021</ele><time>2026-08-25T07:58:55Z</time><sat>17</sat></trkpt>
  <trkpt lat="38.77217486" lon="114.62433605"><ele>161.367</ele><time>2026-08-25T07:58:58Z</time><sat>14</sat></trkpt>
  <trkpt lat="38.77206550" lon="114.62475985"><ele>161.682</ele><time>2026-08-25T07:59:01Z</time><sat>15</sat></trkpt>
  <trkpt lat="38.77194943" lon="114.62520591"><ele>162.202</ele><time>2026-08-25T07:59:04Z</time><sat>15</sat></trkpt>
  <trkpt lat="38.77182654" lon="114.62568058"><ele>162.738</ele><time>2026-08-25T07:59:07Z</time><sat>13</sat></trkpt>
  <trkpt lat="38.77169326" lon="114.62619476"><ele>163.390</ele><time>2026-08-25T07:59:10Z</time><sat>15</sat></trkpt>
  <trkpt lat="38.77155254" lon="114.62676304"><ele>163.090</ele><time>2026-08-25T07:59:13Z</time><sat>19</sat></trkpt>
  <trkpt lat="38.77141130" lon="114.62734506"><ele>163.586</ele><time>2026-08-25T07:59:16Z</time><sat>17</sat></trkpt>
  <trkpt lat="38.77128255" lon="114.62789306"><ele>164.438</ele><time>2026-08-25T07:59:19Z</time><sat>16</sat></trkpt>
  <trkpt lat="38.77114608" lon="114.62841562"><ele>165.105</ele><time>2026-08-25T07:59:22Z</time><sat>20</sat></trkpt>
  <trkpt lat="38.77100368" lon="114.62894645"><ele>165.761</ele><time>2026-08-25T07:59:25Z</time><sat>13</sat></trkpt>
  <trkpt lat="38.77086697" lon="114.62952045"><ele>166.481</ele><time>2026-08-25T07:59:28Z</time><sat>14</sat></trkpt>
  <trkpt lat="38.77075407" lon="114.63006297"><ele>167.010</ele><time>2026-08-25T07:59:31Z</time><sat>15</sat></trkpt>
  <trkpt lat="38.77061449" lon="114.63064094"><ele>167.202</ele><time>2026-08-25T07:59:34Z</time><sat>18</sat></trkpt>
  <trkpt lat="38.77048750" lon="114.63104604"><ele>167.865</ele><time>2026-08-25T07:59:37Z</time><sat>18</sat></trkpt>
  <trkpt lat="38.77037178" lon="114.63147558"><ele>169.098</ele><time>2026-08-25T07:59:40Z</time><sat>14</sat></trkpt>
  <trkpt lat="38.77026127" lon="114.63191931"><ele>169.681</ele><time>2026-08-25T07:59:43Z</time><sat>19</sat></trkpt>
  <trkpt lat="38.77014751" lon="114.63237101"><ele>170.370</ele><time>2026-08-25T07:59:46Z</time><sat>17</sat></trkpt>
  <trkpt lat="38.77003506" lon="114.63284991"><ele>171.370</ele><time>2026-08-25T07:59:49Z</time><sat>17</sat></trkpt>
  <trkpt lat="38.76992637" lon="114.63339916"><ele>172.030</ele><time>2026-08-25T07:59:52Z</time><sat>15</sat></trkpt>
  <trkpt lat="38.76981244" lon="114.63402178"><ele>173.132</ele><time>2026-08-25T07:59:55Z</time><sat>16</sat></trkpt>
  <trkpt lat="38.76979079" lon="114.63467854"><ele>173.485</ele><time>2026-08-25T07:59:58Z</time><sat>16</sat></trkpt>
  <trkpt lat="38.76989745" lon="114.63532384"><ele>174.728</ele><time>2026-08-25T08:00:01Z</time><sat>18</sat></trkpt>
  <trkpt lat="38.77015837" lon="114.63589660"><ele>175.540</ele><time>2026-08-25T08:00:04Z</time><sat>15</sat></trkpt>
  <trkpt lat="38.77050939" lon="114.63637445"><ele>175.654</ele><time>2026-08-25T08:00:07Z</time><sat>13</sat></trkpt>
  <trkpt lat="38.77089913" lon="114.63683683"><ele>177.071</ele><time>2026-08-25T08:00:10Z</time><sat>18</sat></trkpt>
  <trkpt lat="38.77130492" lon="114.63730696"><ele>179.771</ele><time>2026-08-25T08:00:13Z</time><sat>20</sat></trkpt>
  <trkpt lat="38.77168656" lon="114.63779174"><ele>182.399</ele><time>2026-08-25T08:00:16Z</time><sat>21</sat></trkpt>
  <trkpt lat="38.77196604" lon="114.63831830"><ele>185.339</ele><time>2026-08-25T08:00:19Z</time><sat>21</sat></trkpt>
  <trkpt lat="38.77210889" lon="114.63887973"><ele>187.241</ele><time>2026-08-25T08:00:22Z</time><sat>15</sat></trkpt>
  <trkpt lat="38.77213867" lon="114.63944207"><ele>189.462</ele><time>2026-08-25T08:00:25Z</time><sat>18</sat></trkpt>
  <trkpt lat="38.77205698" lon="114.64001313"><ele>191.992</ele><time>2026-08-25T08:00:28Z</time><sat>15</sat></trkpt>
  <trkpt lat="38.77186086" lon="114.64056128"><ele>195.273</ele><time>2026-08-25T08:00:31Z</time><sat>13</sat></trkpt>
  <trkpt lat="38.77156574" lon="114.64102397"><ele>197.867</ele><time>2026-08-25T08:00:34Z</time><sat>16</sat></trkpt>
  <trkpt lat="38.77119447" lon="114.64134745"><ele>199.898</ele><time>2026-08-25T08:00:37Z</time><sat>13</sat></trkpt>
  <trkpt lat="38.77077329" lon="114.64152955"><ele>202.428</ele><time>2026-08-25T08:00:40Z</time><sat>15</sat></trkpt>
  <trkpt lat="38.77032443" lon="114.64159664"><ele>205.000</ele><time>2026-08-25T08:00:43Z</time><sat>19</sat></trkpt>
  <trkpt lat="38.76985580" lon="114.64155046"><ele>207.273</ele><time>2026-08-25T08:00:46Z</time><sat>16</sat></trkpt>
  <trkpt lat="38.76938659" lon="114.64140873"><ele>209.631</ele><time>2026-08-25T08:00:49Z</time><sat>14</sat></trkpt>
  <trkpt lat="38.76892372" lon="114.64125268"><ele>211.656</ele><time>2026-08-25T08:00:52Z</time><sat>14</sat></trkpt>
  <trkpt lat="38.76847295" lon="114.64114051"><ele>212.931</ele><time>2026-08-25T08:00:55Z</time><sat>15</sat></trkpt>
  <trkpt lat="38.76811630" lon="114.64113788"><ele>213.627</ele><time>2026-08-25T08:00:58Z</time><sat>19</sat></trkpt>
  <trkpt lat="38.76776709" lon="114.64117958"><ele>213.217</ele><time>2026-08-25T08:01:01Z</time><sat>17</sat></trkpt>
  <trkpt lat="38.76742379" lon="114.64128691"><ele>213.033</ele><time>2026-08-25T08:01:04Z</time><sat>20</sat></trkpt>
  <trkpt lat="38.76710918" lon="114.64145963"><ele>212.850</ele><time>2026-08-25T08:01:07Z</time><sat>19</sat></trkpt>
  <trkpt lat="38.76681004" lon="114.64168325"><ele>213.152</ele><time>2026-08-25T08:01:10Z</time><sat>16</sat></trkpt>
  <trkpt lat="38.76651602" lon="114.64191063"><ele>213.634</ele><time>2026-08-25T08:01:13Z</time><sat>20</sat></trkpt>
  <trkpt lat="38.76626288" lon="114.64210129"><ele>213.932</ele><time>2026-08-25T08:01:16Z</time><sat>19</sat></trkpt>
  <trkpt lat="38.76604735" lon="114.64226828"><ele>213.880</ele><time>2026-08-25T08:01:19Z</time><sat>18</sat></trkpt>
  <trkpt lat="38.76585662" lon="114.64242043"><ele>214.372</ele><time>2026-08-25T08:01:22Z</time><sat>16</sat></trkpt>
  <trkpt lat="38.76571160" lon="114.64254202"><ele>214.045</ele><time>2026-08-25T08:01:25Z</time><sat>16</sat></trkpt>
  <trkpt lat="38.76559657" lon="114.64263630"><ele>213.958</ele><time>2026-08-25T08:01:28Z</time><sat>17</sat></trkpt>
  <trkpt lat="38.76543002" lon="114.64276853"><ele>214.185</ele><time>2026-08-25T08:01:31Z</time><sat>10</sat></trkpt>
  <trkpt lat="38.76525011" lon="114.64290750"><ele>214.821</ele><time>2026-08-25T08:01:34Z</time><sat>8</sat></trkpt>
  <trkpt lat="38.76505348" lon="114.64306182"><ele>215.104</ele><time>2026-08-25T08:01:37Z</time><sat>19</sat></trkpt>
  <trkpt lat="38.76482815" lon="114.64325839"><ele>215.329</ele><time>2026-08-25T08:01:40Z</time><sat>20</sat></trkpt>
  <trkpt lat="38.76466127" lon="114.64340068"><ele>215.399</ele><time>2026-08-25T08:01:43Z</time><sat>19</sat></trkpt>
  <trkpt lat="38.76418563" lon="114.64379596"><ele>216.952</ele><time>2026-08-25T08:01:46Z</time><sat>17</sat></trkpt>
  <trkpt lat="38.76383851" lon="114.64409047"><ele>218.075</ele><time>2026-08-25T08:01:49Z</time><sat>18</sat></trkpt>
  <trkpt lat="38.76351370" lon="114.64441973"><ele>219.389</ele><time>2026-08-25T08:01:52Z</time><sat>17</sat></trkpt>
  <trkpt lat="38.76324101" lon="114.64480034"><ele>220.567</ele><time>2026-08-25T08:01:55Z</time><sat>17</sat></trkpt>
  <trkpt lat="38.76303558" lon="114.64524410"><ele>222.584</ele><time>2026-08-25T08:01:58Z</time><sat>18</sat></trkpt>
  <trkpt lat="38.76290346" lon="114.64573003"><ele>224.436</ele><time>2026-08-25T08:02:01Z</time><sat>19</sat></trkpt>
  <trkpt lat="38.76284971" lon="114.64623846"><ele>225.940</ele><time>2026-08-25T08:02:04Z</time><sat>15</sat></trkpt>
  <trkpt lat="38.76287322" lon="114.64676051"><ele>227.360</ele><time>2026-08-25T08:02:07Z</time><sat>18</sat></trkpt>
  <trkpt lat="38.76296706" lon="114.64726982"><ele>228.831</ele><time>2026-08-25T08:02:10Z</time><sat>17</sat></trkpt>
  <trkpt lat="38.76308988" lon="114.64778027"><ele>229.512</ele><time>2026-08-25T08:02:13Z</time><sat>21</sat></trkpt>
  <trkpt lat="38.76321236" lon="114.64828934"><ele>229.868</ele><time>2026-08-25T08:02:16Z</time><sat>21</sat></trkpt>
  <trkpt lat="38.76333710" lon="114.64881308"><ele>229.528</ele><time>2026-08-25T08:02:19Z</time><sat>20</sat></trkpt>
  <trkpt lat="38.76343758" lon="114.64932654"><ele>228.910</ele><time>2026-08-25T08:02:22Z</time><sat>20</sat></trkpt>
  <trkpt lat="38.76343332" lon="114.64979932"><ele>228.199</ele><time>2026-08-25T08:02:25Z</time><sat>18</sat></trkpt>
  <trkpt lat="38.76327796" lon="114.65016257"><ele>227.437</ele><time>2026-08-25T08:02:28Z</time><sat>16</sat></trkpt>
  <trkpt lat="38.76303168" lon="114.65034061"><ele>226.634</ele><time>2026-08-25T08:02:31Z</time><sat>17</sat></trkpt>
  <trkpt lat="38.76275566" lon="114.65033284"><ele>225.675</ele><time>2026-08-25T08:02:34Z</time><sat>18</sat></trkpt>
  <trkpt lat="38.76250637" lon="114.65014113"><ele>225.119</ele><time>2026-08-25T08:02:37Z</time><sat>16</sat></trkpt>
  <trkpt lat="38.76237506" lon="114.64980545"><ele>224.638</ele><time>2026-08-25T08:02:40Z</time><sat>18</sat></trkpt>
  <trkpt lat="38.76239243" lon="114.64944264"><ele>224.025</ele><time>2026-08-25T08:02:43Z</time><sat>13</sat></trkpt>
  <trkpt lat="38.76252794" lon="114.64909991"><ele>223.882</ele><time>2026-08-25T08:02:46Z</time><sat>15</sat></trkpt>
  <trkpt lat="38.76278802" lon="114.64877351"><ele>222.837</ele><time>2026-08-25T08:02:49Z</time><sat>17</sat></trkpt>
  <trkpt lat="38.76318285" lon="114.64838168"><ele>221.758</ele><time>2026-08-25T08:02:52Z</time><sat>14</sat></trkpt>
  <trkpt lat="38.76369518" lon="114.64791241"><ele>220.584</ele><time>2026-08-25T08:02:55Z</time><sat>16</sat></trkpt>
  <trkpt lat="38.76430882" lon="114.64741738"><ele>218.832</ele><time>2026-08-25T08:02:58Z</time><sat>16</sat></trkpt>
  <trkpt lat="38.76498409" lon="114.64695220"><ele>217.480</ele><time>2026-08-25T08:03:01Z</time><sat>17</sat></trkpt>
  <trkpt lat="38.76567703" lon="114.64653564"><ele>215.578</ele><time>2026-08-25T08:03:04Z</time><sat>13</sat></trkpt>
  <trkpt lat="38.76640800" lon="114.64615862"><ele>213.526</ele><time>2026-08-25T08:03:07Z</time><sat>13</sat></trkpt>
  <trkpt lat="38.76716484" lon="114.64583135"><ele>212.231</ele><time>2026-08-25T08:03:10Z</time><sat>16</sat></trkpt>
  <trkpt lat="38.76794525" lon="114.64556020"><ele>210.958</ele><time>2026-08-25T08:03:13Z</time><sat>15</sat></trkpt>
  <trkpt lat="38.76872666" lon="114.64535033"><ele>209.477</ele><time>2026-08-25T08:03:16Z</time><sat>18</sat></trkpt>
  <trkpt lat="38.76951918" lon="114.64520016"><ele>206.718</ele><time>2026-08-25T08:03:19Z</time><sat>18</sat></trkpt>
  <trkpt lat="38.77032069" lon="114.64510570"><ele>204.585</ele><time>2026-08-25T08:03:22Z</time><sat>19</sat></trkpt>
  <trkpt lat="38.77112185" lon="114.64507000"><ele>202.990</ele><time>2026-08-25T08:03:25Z</time><sat>17</sat></trkpt>
  <trkpt lat="38.77192227" lon="114.64509624"><ele>200.868</ele><time>2026-08-25T08:03:28Z</time><sat>16</sat></trkpt>
  <trkpt lat="38.77271573" lon="114.64515819"><ele>198.716</ele><time>2026-08-25T08:03:31Z</time><sat>15</sat></trkpt>
  <trkpt lat="38.77349212" lon="114.64527516"><ele>196.484</ele><time>2026-08-25T08:03:34Z</time><sat>19</sat></trkpt>
  <trkpt lat="38.77420992" lon="114.64546061"><ele>193.599</ele><time>2026-08-25T08:03:37Z</time><sat>16</sat></trkpt>
  <trkpt lat="38.77490991" lon="114.64569007"><ele>190.669</ele><time>2026-08-25T08:03:40Z</time><sat>17</sat></trkpt>
  <trkpt lat="38.77560523" lon="114.64595705"><ele>187.439</ele><time>2026-08-25T08:03:43Z</time><sat>15</sat></trkpt>
  <trkpt lat="38.77631142" lon="114.64625355"><ele>184.297</ele><time>2026-08-25T08:03:46Z</time><sat>15</sat></trkpt>
  <trkpt lat="38.77703838" lon="114.64656006"><ele>181.297</ele><time>2026-08-25T08:03:49Z</time><sat>19</sat></trkpt>
  <trkpt lat="38.77779331" lon="114.64685713"><ele>178.162</ele><time>2026-08-25T08:03:52Z</time><sat>18</sat></trkpt>
  <trkpt lat="38.77856282" lon="114.64711087"><ele>174.699</ele><time>2026-08-25T08:03:55Z</time><sat>17</sat></trkpt>
  <trkpt lat="38.77935466" lon="114.64729709"><ele>172.251</ele><time>2026-08-25T08:03:58Z</time><sat>20</sat></trkpt>
  <trkpt lat="38.78014650" lon="114.64740641"><ele>170.900</ele><time>2026-08-25T08:04:01Z</time><sat>17</sat></trkpt>
  <trkpt lat="38.78094056" lon="114.64744593"><ele>170.078</ele><time>2026-08-25T08:04:04Z</time><sat>19</sat></trkpt>
  <trkpt lat="38.78174011" lon="114.64741915"><ele>169.445</ele><time>2026-08-25T08:04:07Z</time><sat>22</sat></trkpt>
  <trkpt lat="38.78253949" lon="114.64731633"><ele>169.376</ele><time>2026-08-25T08:04:10Z</time><sat>23</sat></trkpt>
  <trkpt lat="38.78333101" lon="114.64714611"><ele>168.874</ele><time>2026-08-25T08:04:13Z</time><sat>21</sat></trkpt>
  <trkpt lat="38.78409646" lon="114.64691105"><ele>168.607</ele><time>2026-08-25T08:04:16Z</time><sat>20</sat></trkpt>
  <trkpt lat="38.78481867" lon="114.64664538"><ele>167.962</ele><time>2026-08-25T08:04:19Z</time><sat>17</sat></trkpt>
  <trkpt lat="38.78551291" lon="114.64637105"><ele>167.352</ele><time>2026-08-25T08:04:22Z</time><sat>19</sat></trkpt>
  <trkpt lat="38.78620490" lon="114.64611075"><ele>166.757</ele><time>2026-08-25T08:04:25Z</time><sat>17</sat></trkpt>
  <trkpt lat="38.78693015" lon="114.64588253"><ele>166.509</ele><time>2026-08-25T08:04:28Z</time><sat>15</sat></trkpt>
  <trkpt lat="38.78768654" lon="114.64568088"><ele>165.986</ele><time>2026-08-25T08:04:31Z</time><sat>19</sat></trkpt>
  <trkpt lat="38.78847289" lon="114.64552103"><ele>165.988</ele><time>2026-08-25T08:04:34Z</time><sat>19</sat></trkpt>
  <trkpt lat="38.78927131" lon="114.64542451"><ele>166.430</ele><time>2026-08-25T08:04:37Z</time><sat>20</sat></trkpt>
  <trkpt lat="38.79006824" lon="114.64539329"><ele>167.020</ele><time>2026-08-25T08:04:40Z</time><sat>18</sat></trkpt>
  <trkpt lat="38.79086534" lon="114.64541050"><ele>167.947</ele><time>2026-08-25T08:04:43Z</time><sat>22</sat></trkpt>
  <trkpt lat="38.79166626" lon="114.64545693"><ele>168.644</ele><time>2026-08-25T08:04:46Z</time><sat>21</sat></trkpt>
  <trkpt lat="38.79246374" lon="114.64550488"><ele>169.377</ele><time>2026-08-25T08:04:49Z</time><sat>18</sat></trkpt>
  <trkpt lat="38.79326492" lon="114.64555370"><ele>170.005</ele><time>2026-08-25T08:04:52Z</time><sat>19</sat></trkpt>
  <trkpt lat="38.79405817" lon="114.64560017"><ele>170.953</ele><time>2026-08-25T08:04:55Z</time><sat>21</sat></trkpt>
  <trkpt lat="38.79486412" lon="114.64565014"><ele>171.746</ele><time>2026-08-25T08:04:58Z</time><sat>20</sat></trkpt>
  <trkpt lat="38.79566235" lon="114.64569570"><ele>172.638</ele><time>2026-08-25T08:05:01Z</time><sat>19</sat></trkpt>
  <trkpt lat="38.79645799" lon="114.64572845"><ele>174.007</ele><time>2026-08-25T08:05:04Z</time><sat>18</sat></trkpt>
  <trkpt lat="38.79725610" lon="114.64573167"><ele>175.001</ele><time>2026-08-25T08:05:07Z</time><sat>21</sat></trkpt>
  <trkpt lat="38.79805867" lon="114.64569687"><ele>175.754</ele><time>2026-08-25T08:05:10Z</time><sat>23</sat></trkpt>
  <trkpt lat="38.79885968" lon="114.64562290"><ele>176.134</ele><time>2026-08-25T08:05:13Z</time><sat>21</sat></trkpt>
  <trkpt lat="38.79965330" lon="114.64550265"><ele>176.887</ele><time>2026-08-25T08:05:16Z</time><sat>21</sat></trkpt>
  <trkpt lat="38.80044131" lon="114.64534241"><ele>177.562</ele><time>2026-08-25T08:05:19Z</time><sat>22</sat></trkpt>
  <trkpt lat="38.80122796" lon="114.64513787"><ele>178.618</ele><time>2026-08-25T08:05:22Z</time><sat>21</sat></trkpt>
  <trkpt lat="38.80200523" lon="114.64489149"><ele>179.308</ele><time>2026-08-25T08:05:25Z</time><sat>22</sat></trkpt>
  <trkpt lat="38.80277151" lon="114.64460617"><ele>179.988</ele><time>2026-08-25T08:05:28Z</time><sat>21</sat></trkpt>
  <trkpt lat="38.80352442" lon="114.64427667"><ele>180.710</ele><time>2026-08-25T08:05:31Z</time><sat>16</sat></trkpt>
  <trkpt lat="38.80427326" lon="114.64390684"><ele>181.290</ele><time>2026-08-25T08:05:34Z</time><sat>19</sat></trkpt>
  <trkpt lat="38.80500654" lon="114.64349250"><ele>181.221</ele><time>2026-08-25T08:05:37Z</time><sat>15</sat></trkpt>
  <trkpt lat="38.80571280" lon="114.64302170"><ele>180.633</ele><time>2026-08-25T08:05:40Z</time><sat>17</sat></trkpt>
  <trkpt lat="38.80640783" lon="114.64252972"><ele>179.798</ele><time>2026-08-25T08:05:43Z</time><sat>16</sat></trkpt>
  <trkpt lat="38.80710859" lon="114.64202196"><ele>179.534</ele><time>2026-08-25T08:05:46Z</time><sat>19</sat></trkpt>
  <trkpt lat="38.80779878" lon="114.64150335"><ele>178.788</ele><time>2026-08-25T08:05:49Z</time><sat>17</sat></trkpt>
  <trkpt lat="38.80848616" lon="114.64098724"><ele>178.757</ele><time>2026-08-25T08:05:52Z</time><sat>20</sat></trkpt>
  <trkpt lat="38.80917681" lon="114.64047202"><ele>178.722</ele><time>2026-08-25T08:05:55Z</time><sat>16</sat></trkpt>
  <trkpt lat="38.80987050" lon="114.63995486"><ele>179.416</ele><time>2026-08-25T08:05:58Z</time><sat>17</sat></trkpt>
  <trkpt lat="38.81056382" lon="114.63943537"><ele>180.724</ele><time>2026-08-25T08:06:01Z</time><sat>18</sat></trkpt>
  <trkpt lat="38.81125530" lon="114.63892287"><ele>182.878</ele><time>2026-08-25T08:06:04Z</time><sat>15</sat></trkpt>
  <trkpt lat="38.81194391" lon="114.63840807"><ele>185.440</ele><time>2026-08-25T08:06:07Z</time><sat>16</sat></trkpt>
  <trkpt lat="38.81264264" lon="114.63790105"><ele>188.102</ele><time>2026-08-25T08:06:10Z</time><sat>19</sat></trkpt>
  <trkpt lat="38.81335811" lon="114.63743565"><ele>190.492</ele><time>2026-08-25T08:06:13Z</time><sat>16</sat></trkpt>
  <trkpt lat="38.81409624" lon="114.63703939"><ele>192.441</ele><time>2026-08-25T08:06:16Z</time><sat>17</sat></trkpt>
  <trkpt lat="38.81485203" lon="114.63671520"><ele>193.545</ele><time>2026-08-25T08:06:19Z</time><sat>17</sat></trkpt>
  <trkpt lat="38.81563006" lon="114.63646523"><ele>194.571</ele><time>2026-08-25T08:06:22Z</time><sat>17</sat></trkpt>
  <trkpt lat="38.81642021" lon="114.63629351"><ele>194.949</ele><time>2026-08-25T08:06:25Z</time><sat>18</sat></trkpt>
  <trkpt lat="38.81721553" lon="114.63620307"><ele>194.245</ele><time>2026-08-25T08:06:28Z</time><sat>17</sat></trkpt>
  <trkpt lat="38.81800676" lon="114.63618915"><ele>194.442</ele><time>2026-08-25T08:06:31Z</time><sat>16</sat></trkpt>
  <trkpt lat="38.81881033" lon="114.63625664"><ele>194.710</ele><time>2026-08-25T08:06:34Z</time><sat>17</sat></trkpt>
  <trkpt lat="38.81959159" lon="114.63639776"><ele>195.794</ele><time>2026-08-25T08:06:37Z</time><sat>18</sat></trkpt>
  <trkpt lat="38.82035035" lon="114.63660628"><ele>197.458</ele><time>2026-08-25T08:06:40Z</time><sat>18</sat></trkpt>
  <trkpt lat="38.82109579" lon="114.63685693"><ele>199.434</ele><time>2026-08-25T08:06:43Z</time><sat>16</sat></trkpt>
  <trkpt lat="38.82185101" lon="114.63712722"><ele>202.041</ele><time>2026-08-25T08:06:46Z</time><sat>17</sat></trkpt>
  <trkpt lat="38.82261387" lon="114.63739281"><ele>204.110</ele><time>2026-08-25T08:06:49Z</time><sat>15</sat></trkpt>
  <trkpt lat="38.82339061" lon="114.63761829"><ele>205.980</ele><time>2026-08-25T08:06:52Z</time><sat>18</sat></trkpt>
  <trkpt lat="38.82417317" lon="114.63776616"><ele>207.651</ele><time>2026-08-25T08:06:55Z</time><sat>17</sat></trkpt>
  <trkpt lat="38.82493665" lon="114.63783610"><ele>208.953</ele><time>2026-08-25T08:06:58Z</time><sat>15</sat></trkpt>
  <trkpt lat="38.82569072" lon="114.63783147"><ele>209.925</ele><time>2026-08-25T08:07:01Z</time><sat>18</sat></trkpt>
  <trkpt lat="38.82643608" lon="114.63775690"><ele>210.095</ele><time>2026-08-25T08:07:04Z</time><sat>19</sat></trkpt>
  <trkpt lat="38.82718484" lon="114.63761427"><ele>210.163</ele><time>2026-08-25T08:07:07Z</time><sat>18</sat></trkpt>
  <trkpt lat="38.82794579" lon="114.63741423"><ele>209.752</ele><time>2026-08-25T08:07:10Z</time><sat>18</sat></trkpt>
  <trkpt lat="38.82871480" lon="114.63718507"><ele>209.001</ele><time>2026-08-25T08:07:13Z</time><sat>17</sat></trkpt>
  <trkpt lat="38.82948848" lon="114.63694899"><ele>208.466</ele><time>2026-08-25T08:07:16Z</time><sat>20</sat></trkpt>
  <trkpt lat="38.83026495" lon="114.63671456"><ele>207.699</ele><time>2026-08-25T08:07:19Z</time><sat>20</sat></trkpt>
  <trkpt lat="38.83104708" lon="114.63647615"><ele>206.893</ele><time>2026-08-25T08:07:22Z</time><sat>19</sat></trkpt>
  <trkpt lat="38.83182515" lon="114.63623919"><ele>206.800</ele><time>2026-08-25T08:07:25Z</time><sat>20</sat></trkpt>
  <trkpt lat="38.83260959" lon="114.63601796"><ele>206.639</ele><time>2026-08-25T08:07:28Z</time><sat>18</sat></trkpt>
  <trkpt lat="38.83338960" lon="114.63580733"><ele>207.563</ele><time>2026-08-25T08:07:31Z</time><sat>18</sat></trkpt>
  <trkpt lat="38.83417312" lon="114.63556999"><ele>209.267</ele><time>2026-08-25T08:07:34Z</time><sat>16</sat></trkpt>
  <trkpt lat="38.83494873" lon="114.63533806"><ele>211.328</ele><time>2026-08-25T08:07:37Z</time><sat>18</sat></trkpt>
  <trkpt lat="38.83568286" lon="114.63512875"><ele>213.415</ele><time>2026-08-25T08:07:40Z</time><sat>19</sat></trkpt>
  <trkpt lat="38.83636823" lon="114.63496241"><ele>214.858</ele><time>2026-08-25T08:07:43Z</time><sat>19</sat></trkpt>
  <trkpt lat="38.83698948" lon="114.63484880"><ele>216.546</ele><time>2026-08-25T08:07:46Z</time><sat>17</sat></trkpt>
  <trkpt lat="38.83754725" lon="114.63477860"><ele>217.897</ele><time>2026-08-25T08:07:49Z</time><sat>17</sat></trkpt>
  <trkpt lat="38.83805607" lon="114.63473967"><ele>218.674</ele><time>2026-08-25T08:07:52Z</time><sat>16</sat></trkpt>
  <trkpt lat="38.83854806" lon="114.63472669"><ele>220.651</ele><time>2026-08-25T08:07:55Z</time><sat>15</sat></trkpt>
  <trkpt lat="38.83904326" lon="114.63473721"><ele>222.087</ele><time>2026-08-25T08:07:58Z</time><sat>21</sat></trkpt>
  <trkpt lat="38.83953775" lon="114.63477154"><ele>223.179</ele><time>2026-08-25T08:08:01Z</time><sat>20</sat></trkpt>
  <trkpt lat="38.84001463" lon="114.63482519"><ele>224.732</ele><time>2026-08-25T08:08:04Z</time><sat>20</sat></trkpt>
  <trkpt lat="38.84048052" lon="114.63489882"><ele>225.836</ele><time>2026-08-25T08:08:07Z</time><sat>20</sat></trkpt>
  <trkpt lat="38.84092483" lon="114.63500440"><ele>227.122</ele><time>2026-08-25T08:08:10Z</time><sat>19</sat></trkpt>
  <trkpt lat="38.84133856" lon="114.63513055"><ele>228.409</ele><time>2026-08-25T08:08:13Z</time><sat>16</sat></trkpt>
  <trkpt lat="38.84174115" lon="114.63526804"><ele>229.742</ele><time>2026-08-25T08:08:16Z</time><sat>15</sat></trkpt>
  <trkpt lat="38.84212181" lon="114.63541886"><ele>230.550</ele><time>2026-08-25T08:08:19Z</time><sat>17</sat></trkpt>
  <trkpt lat="38.84247062" lon="114.63557474"><ele>231.661</ele><time>2026-08-25T08:08:22Z</time><sat>16</sat></trkpt>
  <trkpt lat="38.84277272" lon="114.63579116"><ele>232.772</ele><time>2026-08-25T08:08:25Z</time><sat>18</sat></trkpt>
  <trkpt lat="38.84300920" lon="114.63607617"><ele>234.118</ele><time>2026-08-25T08:08:28Z</time><sat>17</sat></trkpt>
  <trkpt lat="38.84315572" lon="114.63642766"><ele>235.031</ele><time>2026-08-25T08:08:31Z</time><sat>18</sat></trkpt>
  <trkpt lat="38.84324720" lon="114.63684974"><ele>236.915</ele><time>2026-08-25T08:08:34Z</time><sat>17</sat></trkpt>
  <trkpt lat="38.84335599" lon="114.63727598"><ele>239.160</ele><time>2026-08-25T08:08:37Z</time><sat>21</sat></trkpt>
  <trkpt lat="38.84355286" lon="114.63762129"><ele>241.160</ele><time>2026-08-25T08:08:40Z</time><sat>18</sat></trkpt>
  <trkpt lat="38.84381917" lon="114.63784515"><ele>241.858</ele><time>2026-08-25T08:08:43Z</time><sat>11</sat></trkpt>
  <trkpt lat="38.84413741" lon="114.63793163"><ele>242.471</ele><time>2026-08-25T08:08:46Z</time><sat>14</sat></trkpt>
  <trkpt lat="38.84446319" lon="114.63786361"><ele>244.198</ele><time>2026-08-25T08:08:49Z</time><sat>18</sat></trkpt>
  <trkpt lat="38.84478082" lon="114.63764599"><ele>245.802</ele><time>2026-08-25T08:08:52Z</time><sat>19</sat></trkpt>
  <trkpt lat="38.84510145" lon="114.63732880"><ele>246.812</ele><time>2026-08-25T08:08:55Z</time><sat>12</sat></trkpt>
  <trkpt lat="38.84543584" lon="114.63697516"><ele>248.872</ele><time>2026-08-25T08:08:58Z</time><sat>16</sat></trkpt>
  <trkpt lat="38.84577241" lon="114.63662158"><ele>248.720</ele><time>2026-08-25T08:09:01Z</time><sat>14</sat></trkpt>
  <trkpt lat="38.84611267" lon="114.63627572"><ele>247.234</ele><time>2026-08-25T08:09:04Z</time><sat>19</sat></trkpt>
  <trkpt lat="38.84646816" lon="114.63596965"><ele>245.650</ele><time>2026-08-25T08:09:07Z</time><sat>18</sat></trkpt>
  <trkpt lat="38.84686123" lon="114.63578041"><ele>243.994</ele><time>2026-08-25T08:09:10Z</time><sat>17</sat></trkpt>
  <trkpt lat="38.84728290" lon="114.63566659"><ele>242.449</ele><time>2026-08-25T08:09:13Z</time><sat>17</sat></trkpt>
  <trkpt lat="38.84773310" lon="114.63565448"><ele>241.598</ele><time>2026-08-25T08:09:16Z</time><sat>17</sat></trkpt>
  <trkpt lat="38.84819585" lon="114.63578997"><ele>241.865</ele><time>2026-08-25T08:09:19Z</time><sat>20</sat></trkpt>
  <trkpt lat="38.84864871" lon="114.63606133"><ele>242.613</ele><time>2026-08-25T08:09:22Z</time><sat>16</sat></trkpt>
  <trkpt lat="38.84905509" lon="114.63643276"><ele>244.033</ele><time>2026-08-25T08:09:25Z</time><sat>18</sat></trkpt>
  <trkpt lat="38.84943647" lon="114.63685579"><ele>245.310</ele><time>2026-08-25T08:09:28Z</time><sat>20</sat></trkpt>
  <trkpt lat="38.84981668" lon="114.63727557"><ele>246.787</ele><time>2026-08-25T08:09:31Z</time><sat>22</sat></trkpt>
  <trkpt lat="38.85019451" lon="114.63771275"><ele>247.942</ele><time>2026-08-25T08:09:34Z</time><sat>21</sat></trkpt>
  <trkpt lat="38.85052678" lon="114.63819786"><ele>248.737</ele><time>2026-08-25T08:09:37Z</time><sat>18</sat></trkpt>
  <trkpt lat="38.85081993" lon="114.63872144"><ele>250.028</ele><time>2026-08-25T08:09:40Z</time><sat>16</sat></trkpt>
  <trkpt lat="38.85106517" lon="114.63928391"><ele>252.427</ele><time>2026-08-25T08:09:43Z</time><sat>17</sat></trkpt>
  <trkpt lat="38.85125152" lon="114.63988892"><ele>254.410</ele><time>2026-08-25T08:09:46Z</time><sat>15</sat></trkpt>
  <trkpt lat="38.85137151" lon="114.64052121"><ele>256.634</ele><time>2026-08-25T08:09:49Z</time><sat>20</sat></trkpt>
  <trkpt lat="38.85142762" lon="114.64115997"><ele>258.690</ele><time>2026-08-25T08:09:52Z</time><sat>19</sat></trkpt>
  <trkpt lat="38.85142193" lon="114.64180542"><ele>260.680</ele><time>2026-08-25T08:09:55Z</time><sat>15</sat></trkpt>
  <trkpt lat="38.85136317" lon="114.64244829"><ele>263.151</ele><time>2026-08-25T08:09:58Z</time><sat>19</sat></trkpt>
  <trkpt lat="38.85130851" lon="114.64309477"><ele>264.482</ele><time>2026-08-25T08:10:01Z</time><sat>20</sat></trkpt>
  <trkpt lat="38.85127583" lon="114.64373966"><ele>267.054</ele><time>2026-08-25T08:10:04Z</time><sat>22</sat></trkpt>
  <trkpt lat="38.85127028" lon="114.64438630"><ele>268.393</ele><time>2026-08-25T08:10:07Z</time><sat>18</sat></trkpt>
  <trkpt lat="38.85127522" lon="114.64504236"><ele>269.013</ele><time>2026-08-25T08:10:10Z</time><sat>16</sat></trkpt>
  <trkpt lat="38.85130115" lon="114.64572584"><ele>269.927</ele><time>2026-08-25T08:10:13Z</time><sat>16</sat></trkpt>
  <trkpt lat="38.85134764" lon="114.64646604"><ele>271.144</ele><time>2026-08-25T08:10:16Z</time><sat>19</sat></trkpt>
  <trkpt lat="38.85140114" lon="114.64724668"><ele>273.102</ele><time>2026-08-25T08:10:19Z</time><sat>19</sat></trkpt>
  <trkpt lat="38.85147876" lon="114.64800124"><ele>274.970</ele><time>2026-08-25T08:10:22Z</time><sat>14</sat></trkpt>
  <trkpt lat="38.85158423" lon="114.64874571"><ele>277.596</ele><time>2026-08-25T08:10:25Z</time><sat>17</sat></trkpt>
  <trkpt lat="38.85170998" lon="114.64946504"><ele>279.529</ele><time>2026-08-25T08:10:28Z</time><sat>19</sat></trkpt>
  <trkpt lat="38.85184627" lon="114.65011410"><ele>281.512</ele><time>2026-08-25T08:10:31Z</time><sat>13</sat></trkpt>
  <trkpt lat="38.85199372" lon="114.65067383"><ele>283.210</ele><time>2026-08-25T08:10:34Z</time><sat>17</sat></trkpt>
  <trkpt lat="38.85216515" lon="114.65121967"><ele>284.985</ele><time>2026-08-25T08:10:37Z</time><sat>18</sat></trkpt>
  <trkpt lat="38.85234191" lon="114.65179293"><ele>286.112</ele><time>2026-08-25T08:10:40Z</time><sat>17</sat></trkpt>
  <trkpt lat="38.85255330" lon="114.65242771"><ele>288.363</ele><time>2026-08-25T08:10:43Z</time><sat>15</sat></trkpt>
  <trkpt lat="38.85280429" lon="114.65312350"><ele>290.562</ele><time>2026-08-25T08:10:46Z</time><sat>15</sat></trkpt>
  <trkpt lat="38.85309279" lon="114.65385999"><ele>292.955</ele><time>2026-08-25T08:10:49Z</time><sat>13</sat></trkpt>
  <trkpt lat="38.85339889" lon="114.65463232"><ele>294.765</ele><time>2026-08-25T08:10:52Z</time><sat>14</sat></trkpt>
  <trkpt lat="38.85372080" lon="114.65542410"><ele>297.273</ele><time>2026-08-25T08:10:55Z</time><sat>15</sat></trkpt>
  <trkpt lat="38.85405473" lon="114.65624021"><ele>299.673</ele><time>2026-08-25T08:10:58Z</time><sat>17</sat></trkpt>
  <trkpt lat="38.85439014" lon="114.65706729"><ele>300.074</ele><time>2026-08-25T08:11:01Z</time><sat>17</sat></trkpt>
  <trkpt lat="38.85472517" lon="114.65788989"><ele>300.283</ele><time>2026-08-25T08:11:04Z</time><sat>19</sat></trkpt>
  <trkpt lat="38.85505150" lon="114.65871495"><ele>301.517</ele><time>2026-08-25T08:11:07Z</time><sat>19</sat></trkpt>
  <trkpt lat="38.85538699" lon="114.65954295"><ele>301.202</ele><time>2026-08-25T08:11:10Z</time><sat>17</sat></trkpt>
  <trkpt lat="38.85572232" lon="114.66037475"><ele>300.159</ele><time>2026-08-25T08:11:13Z</time><sat>17</sat></trkpt>
  <trkpt lat="38.85603862" lon="114.66120664"><ele>299.207</ele><time>2026-08-25T08:11:16Z</time><sat>21</sat></trkpt>
  <trkpt lat="38.85632154" lon="114.66205821"><ele>298.808</ele><time>2026-08-25T08:11:19Z</time><sat>21</sat></trkpt>
  <trkpt lat="38.85655184" lon="114.66294750"><ele>297.394</ele><time>2026-08-25T08:11:22Z</time><sat>17</sat></trkpt>
  <trkpt lat="38.85672746" lon="114.66386080"><ele>296.692</ele><time>2026-08-25T08:11:25Z</time><sat>17</sat></trkpt>
  <trkpt lat="38.85685122" lon="114.66480940"><ele>296.418</ele><time>2026-08-25T08:11:28Z</time><sat>19</sat></trkpt>
  <trkpt lat="38.85694628" lon="114.66577880"><ele>295.909</ele><time>2026-08-25T08:11:31Z</time><sat>18</sat></trkpt>
  <trkpt lat="38.85704462" lon="114.66674583"><ele>294.490</ele><time>2026-08-25T08:11:34Z</time><sat>20</sat></trkpt>
  <trkpt lat="38.85716985" lon="114.66771832"><ele>293.607</ele><time>2026-08-25T08:11:37Z</time><sat>18</sat></trkpt>
  <trkpt lat="38.85735293" lon="114.66866213"><ele>291.794</ele><time>2026-08-25T08:11:40Z</time><sat>13</sat></trkpt>
  <trkpt lat="38.85759476" lon="114.66958975"><ele>289.959</ele><time>2026-08-25T08:11:43Z</time><sat>14</sat></trkpt>
  <trkpt lat="38.85789719" lon="114.67048828"><ele>286.927</ele><time>2026-08-25T08:11:46Z</time><sat>13</sat></trkpt>
  <trkpt lat="38.85825832" lon="114.67135412"><ele>284.918</ele><time>2026-08-25T08:11:49Z</time><sat>14</sat></trkpt>
  <trkpt lat="38.85867642" lon="114.67217413"><ele>282.856</ele><time>2026-08-25T08:11:52Z</time><sat>14</sat></trkpt>
  <trkpt lat="38.85914555" lon="114.67295005"><ele>279.587</ele><time>2026-08-25T08:11:55Z</time><sat>17</sat></trkpt>
  <trkpt lat="38.85964147" lon="114.67369755"><ele>275.901</ele><time>2026-08-25T08:11:58Z</time><sat>16</sat></trkpt>
  <trkpt lat="38.86014461" lon="114.67443906"><ele>272.557</ele><time>2026-08-25T08:12:01Z</time><sat>16</sat></trkpt>
  <trkpt lat="38.86064420" lon="114.67517758"><ele>269.294</ele><time>2026-08-25T08:12:04Z</time><sat>16</sat></trkpt>
  <trkpt lat="38.86114431" lon="114.67592023"><ele>266.021</ele><time>2026-08-25T08:12:07Z</time><sat>18</sat></trkpt>
  <trkpt lat="38.86164963" lon="114.67666432"><ele>261.940</ele><time>2026-08-25T08:12:10Z</time><sat>15</sat></trkpt>
  <trkpt lat="38.86215360" lon="114.67741148"><ele>258.948</ele><time>2026-08-25T08:12:13Z</time><sat>17</sat></trkpt>
  <trkpt lat="38.86265241" lon="114.67815034"><ele>256.756</ele><time>2026-08-25T08:12:16Z</time><sat>18</sat></trkpt>
  <trkpt lat="38.86315633" lon="114.67889106"><ele>254.265</ele><time>2026-08-25T08:12:19Z</time><sat>20</sat></trkpt>
  <trkpt lat="38.86365749" lon="114.67963224"><ele>252.530</ele><time>2026-08-25T08:12:22Z</time><sat>17</sat></trkpt>
  <trkpt lat="38.86416371" lon="114.68038003"><ele>250.297</ele><time>2026-08-25T08:12:25Z</time><sat>18</sat></trkpt>
  <trkpt lat="38.86464932" lon="114.68113489"><ele>248.677</ele><time>2026-08-25T08:12:28Z</time><sat>15</sat></trkpt>
  <trkpt lat="38.86510586" lon="114.68192743"><ele>246.754</ele><time>2026-08-25T08:12:31Z</time><sat>18</sat></trkpt>
  <trkpt lat="38.86550980" lon="114.68276272"><ele>244.657</ele><time>2026-08-25T08:12:34Z</time><sat>18</sat></trkpt>
  <trkpt lat="38.86586224" lon="114.68364583"><ele>241.940</ele><time>2026-08-25T08:12:37Z</time><sat>18</sat></trkpt>
  <trkpt lat="38.86614879" lon="114.68455083"><ele>239.235</ele><time>2026-08-25T08:12:40Z</time><sat>17</sat></trkpt>
  <trkpt lat="38.86638229" lon="114.68548622"><ele>236.634</ele><time>2026-08-25T08:12:43Z</time><sat>14</sat></trkpt>
  <trkpt lat="38.86658608" lon="114.68643918"><ele>234.135</ele><time>2026-08-25T08:12:46Z</time><sat>14</sat></trkpt>
  <trkpt lat="38.86678380" lon="114.68739040"><ele>231.353</ele><time>2026-08-25T08:12:49Z</time><sat>16</sat></trkpt>
  <trkpt lat="38.86699325" lon="114.68833328"><ele>228.728</ele><time>2026-08-25T08:12:52Z</time><sat>18</sat></trkpt>
  <trkpt lat="38.86723148" lon="114.68926344"><ele>226.209</ele><time>2026-08-25T08:12:55Z</time><sat>15</sat></trkpt>
  <trkpt lat="38.86751802" lon="114.69017660"><ele>224.556</ele><time>2026-08-25T08:12:58Z</time><sat>16</sat></trkpt>
  <trkpt lat="38.86785424" lon="114.69106122"><ele>224.131</ele><time>2026-08-25T08:13:01Z</time><sat>18</sat></trkpt>
  <trkpt lat="38.86823531" lon="114.69190772"><ele>223.480</ele><time>2026-08-25T08:13:04Z</time><sat>18</sat></trkpt>
  <trkpt lat="38.86865144" lon="114.69272691"><ele>223.793</ele><time>2026-08-25T08:13:07Z</time><sat>16</sat></trkpt>
  <trkpt lat="38.86908983" lon="114.69353609"><ele>224.266</ele><time>2026-08-25T08:13:10Z</time><sat>17</sat></trkpt>
  <trkpt lat="38.86952352" lon="114.69434908"><ele>225.609</ele><time>2026-08-25T08:13:13Z</time><sat>17</sat></trkpt>
  <trkpt lat="38.86993954" lon="114.69517035"><ele>226.951</ele><time>2026-08-25T08:13:16Z</time><sat>17</sat></trkpt>
  <trkpt lat="38.87031940" lon="114.69602007"><ele>228.789</ele><time>2026-08-25T08:13:19Z</time><sat>20</sat></trkpt>
  <trkpt lat="38.87064561" lon="114.69691219"><ele>230.231</ele><time>2026-08-25T08:13:22Z</time><sat>17</sat></trkpt>
  <trkpt lat="38.87091122" lon="114.69784035"><ele>231.779</ele><time>2026-08-25T08:13:25Z</time><sat>17</sat></trkpt>
  <trkpt lat="38.87111141" lon="114.69878099"><ele>233.324</ele><time>2026-08-25T08:13:28Z</time><sat>18</sat></trkpt>
  <trkpt lat="38.87124799" lon="114.69974612"><ele>234.855</ele><time>2026-08-25T08:13:31Z</time><sat>22</sat></trkpt>
  <trkpt lat="38.87131965" lon="114.70072664"><ele>236.752</ele><time>2026-08-25T08:13:34Z</time><sat>21</sat></trkpt>
  <trkpt lat="38.87132529" lon="114.70170984"><ele>238.476</ele><time>2026-08-25T08:13:37Z</time><sat>17</sat></trkpt>
  <trkpt lat="38.87126729" lon="114.70268891"><ele>240.899</ele><time>2026-08-25T08:13:40Z</time><sat>19</sat></trkpt>
  <trkpt lat="38.87116501" lon="114.70365795"><ele>242.489</ele><time>2026-08-25T08:13:43Z</time><sat>17</sat></trkpt>
  <trkpt lat="38.87103646" lon="114.70463136"><ele>244.262</ele><time>2026-08-25T08:13:46Z</time><sat>18</sat></trkpt>
  <trkpt lat="38.87091315" lon="114.70560187"><ele>245.949</ele><time>2026-08-25T08:13:49Z</time><sat>18</sat></trkpt>
  <trkpt lat="38.87082271" lon="114.70657367"><ele>247.503</ele><time>2026-08-25T08:13:52Z</time><sat>19</sat></trkpt>
  <trkpt lat="38.87079720" lon="114.70755202"><ele>249.128</ele><time>2026-08-25T08:13:55Z</time><sat>18</sat></trkpt>
  <trkpt lat="38.87085159" lon="114.70853302"><ele>250.981</ele><time>2026-08-25T08:13:58Z</time><sat>18</sat></trkpt>
  <trkpt lat="38.87099060" lon="114.70950131"><ele>252.828</ele><time>2026-08-25T08:14:01Z</time><sat>18</sat></trkpt>
  <trkpt lat="38.87120665" lon="114.71043880"><ele>254.590</ele><time>2026-08-25T08:14:04Z</time><sat>17</sat></trkpt>
  <trkpt lat="38.87148670" lon="114.71130978"><ele>255.811</ele><time>2026-08-25T08:14:07Z</time><sat>20</sat></trkpt>
  <trkpt lat="38.87181190" lon="114.71214898"><ele>257.327</ele><time>2026-08-25T08:14:10Z</time><sat>18</sat></trkpt>
  <trkpt lat="38.87217058" lon="114.71299988"><ele>259.093</ele><time>2026-08-25T08:14:13Z</time><sat>15</sat></trkpt>
  <trkpt lat="38.87251343" lon="114.71386317"><ele>262.099</ele><time>2026-08-25T08:14:16Z</time><sat>16</sat></trkpt>
  <trkpt lat="38.87281441" lon="114.71475994"><ele>264.976</ele><time>2026-08-25T08:14:19Z</time><sat>16</sat></trkpt>
  <trkpt lat="38.87304294" lon="114.71569684"><ele>268.047</ele><time>2026-08-25T08:14:22Z</time><sat>15</sat></trkpt>
  <trkpt lat="38.87319021" lon="114.71665777"><ele>271.689</ele><time>2026-08-25T08:14:25Z</time><sat>14</sat></trkpt>
  <trkpt lat="38.87326119" lon="114.71762242"><ele>274.726</ele><time>2026-08-25T08:14:28Z</time><sat>15</sat></trkpt>
  <trkpt lat="38.87324673" lon="114.71859414"><ele>278.147</ele><time>2026-08-25T08:14:31Z</time><sat>15</sat></trkpt>
  <trkpt lat="38.87315821" lon="114.71956824"><ele>281.685</ele><time>2026-08-25T08:14:34Z</time><sat>17</sat></trkpt>
  <trkpt lat="38.87302508" lon="114.72053135"><ele>285.253</ele><time>2026-08-25T08:14:37Z</time><sat>19</sat></trkpt>
  <trkpt lat="38.87288473" lon="114.72149114"><ele>288.816</ele><time>2026-08-25T08:14:40Z</time><sat>17</sat></trkpt>
  <trkpt lat="38.87277616" lon="114.72245763"><ele>292.176</ele><time>2026-08-25T08:14:43Z</time><sat>17</sat></trkpt>
  <trkpt lat="38.87273673" lon="114.72339102"><ele>294.289</ele><time>2026-08-25T08:14:46Z</time><sat>14</sat></trkpt>
  <trkpt lat="38.87276242" lon="114.72420456"><ele>295.573</ele><time>2026-08-25T08:14:49Z</time><sat>16</sat></trkpt>
  <trkpt lat="38.87283540" lon="114.72496226"><ele>297.520</ele><time>2026-08-25T08:14:52Z</time><sat>16</sat></trkpt>
  <trkpt lat="38.87296205" lon="114.72573434"><ele>298.807</ele><time>2026-08-25T08:14:55Z</time><sat>15</sat></trkpt>
  <trkpt lat="38.87315059" lon="114.72653754"><ele>300.439</ele><time>2026-08-25T08:14:58Z</time><sat>18</sat></trkpt>
  <trkpt lat="38.87340887" lon="114.72734567"><ele>302.137</ele><time>2026-08-25T08:15:01Z</time><sat>19</sat></trkpt>
  <trkpt lat="38.87373689" lon="114.72815339"><ele>304.221</ele><time>2026-08-25T08:15:04Z</time><sat>14</sat></trkpt>
  <trkpt lat="38.87412838" lon="114.72893229"><ele>306.101</ele><time>2026-08-25T08:15:07Z</time><sat>15</sat></trkpt>
  <trkpt lat="38.87454415" lon="114.72967387"><ele>307.894</ele><time>2026-08-25T08:15:10Z</time><sat>17</sat></trkpt>
  <trkpt lat="38.87494235" lon="114.73038393"><ele>309.416</ele><time>2026-08-25T08:15:13Z</time><sat>18</sat></trkpt>
  <trkpt lat="38.87531751" lon="114.73110174"><ele>311.465</ele><time>2026-08-25T08:15:16Z</time><sat>18</sat></trkpt>
  <trkpt lat="38.87565771" lon="114.73184486"><ele>313.979</ele><time>2026-08-25T08:15:19Z</time><sat>19</sat></trkpt>
  <trkpt lat="38.87595655" lon="114.73262273"><ele>316.241</ele><time>2026-08-25T08:15:22Z</time><sat>15</sat></trkpt>
  <trkpt lat="38.87621449" lon="114.73342925"><ele>318.679</ele><time>2026-08-25T08:15:25Z</time><sat>17</sat></trkpt>
  <trkpt lat="38.87644054" lon="114.73422126"><ele>320.964</ele><time>2026-08-25T08:15:28Z</time><sat>17</sat></trkpt>
  <trkpt lat="38.87664997" lon="114.73498182"><ele>323.395</ele><time>2026-08-25T08:15:31Z</time><sat>18</sat></trkpt>
  <trkpt lat="38.87686259" lon="114.73572394"><ele>325.981</ele><time>2026-08-25T08:15:34Z</time><sat>20</sat></trkpt>
  <trkpt lat="38.87709365" lon="114.73643266"><ele>328.532</ele><time>2026-08-25T08:15:37Z</time><sat>18</sat></trkpt>
  <trkpt lat="38.87734759" lon="114.73710150"><ele>330.887</ele><time>2026-08-25T08:15:40Z</time><sat>16</sat></trkpt>
  <trkpt lat="38.87762732" lon="114.73773366"><ele>332.691</ele><time>2026-08-25T08:15:43Z</time><sat>16</sat></trkpt>
  <trkpt lat="38.87795232" lon="114.73836529"><ele>334.930</ele><time>2026-08-25T08:15:46Z</time><sat>15</sat></trkpt>
  <trkpt lat="38.87832187" lon="114.73898900"><ele>336.419</ele><time>2026-08-25T08:15:49Z</time><sat>16</sat></trkpt>
  <trkpt lat="38.87873890" lon="114.73959866"><ele>338.396</ele><time>2026-08-25T08:15:52Z</time><sat>18</sat></trkpt>
  <trkpt lat="38.87920449" lon="114.74019128"><ele>339.941</ele><time>2026-08-25T08:15:55Z</time><sat>17</sat></trkpt>
  <trkpt lat="38.87969634" lon="114.74073463"><ele>340.631</ele><time>2026-08-25T08:15:58Z</time><sat>14</sat></trkpt>
  <trkpt lat="38.88019218" lon="114.74121152"><ele>340.469</ele><time>2026-08-25T08:16:01Z</time><sat>16</sat></trkpt>
  <trkpt lat="38.88070251" lon="114.74165564"><ele>340.050</ele><time>2026-08-25T08:16:04Z</time><sat>16</sat></trkpt>
  <trkpt lat="38.88122631" lon="114.74209362"><ele>339.343</ele><time>2026-08-25T08:16:07Z</time><sat>15</sat></trkpt>
  <trkpt lat="38.88178311" lon="114.74256436"><ele>338.762</ele><time>2026-08-25T08:16:10Z</time><sat>16</sat></trkpt>
  <trkpt lat="38.88235070" lon="114.74308731"><ele>338.018</ele><time>2026-08-25T08:16:13Z</time><sat>19</sat></trkpt>
  <trkpt lat="38.88290198" lon="114.74367640"><ele>336.756</ele><time>2026-08-25T08:16:16Z</time><sat>16</sat></trkpt>
  <trkpt lat="38.88339979" lon="114.74430468"><ele>336.126</ele><time>2026-08-25T08:16:19Z</time><sat>15</sat></trkpt>
  <trkpt lat="38.88382768" lon="114.74493788"><ele>334.904</ele><time>2026-08-25T08:16:22Z</time><sat>17</sat></trkpt>
  <trkpt lat="38.88419714" lon="114.74557196"><ele>332.686</ele><time>2026-08-25T08:16:25Z</time><sat>18</sat></trkpt>
  <trkpt lat="38.88452729" lon="114.74623763"><ele>331.595</ele><time>2026-08-25T08:16:28Z</time><sat>18</sat></trkpt>
  <trkpt lat="38.88482867" lon="114.74695502"><ele>329.728</ele><time>2026-08-25T08:16:31Z</time><sat>15</sat></trkpt>
  <trkpt lat="38.88507762" lon="114.74769201"><ele>327.671</ele><time>2026-08-25T08:16:34Z</time><sat>15</sat></trkpt>
  <trkpt lat="38.88527061" lon="114.74849397"><ele>325.572</ele><time>2026-08-25T08:16:37Z</time><sat>18</sat></trkpt>
  <trkpt lat="38.88543183" lon="114.74926485"><ele>323.236</ele><time>2026-08-25T08:16:40Z</time><sat>14</sat></trkpt>
  <trkpt lat="38.88555696" lon="114.75005479"><ele>320.890</ele><time>2026-08-25T08:16:43Z</time><sat>14</sat></trkpt>
  <trkpt lat="38.88565354" lon="114.75090260"><ele>317.814</ele><time>2026-08-25T08:16:46Z</time><sat>12</sat></trkpt>
  <trkpt lat="38.88573918" lon="114.75179033"><ele>314.654</ele><time>2026-08-25T08:16:49Z</time><sat>15</sat></trkpt>
  <trkpt lat="38.88583017" lon="114.75271380"><ele>311.319</ele><time>2026-08-25T08:16:52Z</time><sat>18</sat></trkpt>
  <trkpt lat="38.88592102" lon="114.75365940"><ele>307.946</ele><time>2026-08-25T08:16:55Z</time><sat>19</sat></trkpt>
  <trkpt lat="38.88601226" lon="114.75463619"><ele>305.100</ele><time>2026-08-25T08:16:58Z</time><sat>17</sat></trkpt>
  <trkpt lat="38.88610790" lon="114.75561058"><ele>302.223</ele><time>2026-08-25T08:17:01Z</time><sat>18</sat></trkpt>
  <trkpt lat="38.88620223" lon="114.75658059"><ele>299.236</ele><time>2026-08-25T08:17:04Z</time><sat>17</sat></trkpt>
  <trkpt lat="38.88629567" lon="114.75754581"><ele>297.425</ele><time>2026-08-25T08:17:07Z</time><sat>19</sat></trkpt>
  <trkpt lat="38.88639082" lon="114.75852321"><ele>295.905</ele><time>2026-08-25T08:17:10Z</time><sat>20</sat></trkpt>
  <trkpt lat="38.88648564" lon="114.75949560"><ele>293.973</ele><time>2026-08-25T08:17:13Z</time><sat>20</sat></trkpt>
  <trkpt lat="38.88657596" lon="114.76046509"><ele>292.416</ele><time>2026-08-25T08:17:16Z</time><sat>19</sat></trkpt>
  <trkpt lat="38.88666423" lon="114.76143929"><ele>290.202</ele><time>2026-08-25T08:17:19Z</time><sat>18</sat></trkpt>
  <trkpt lat="38.88673088" lon="114.76241971"><ele>288.570</ele><time>2026-08-25T08:17:22Z</time><sat>20</sat></trkpt>
  <trkpt lat="38.88676758" lon="114.76339933"><ele>286.781</ele><time>2026-08-25T08:17:25Z</time><sat>19</sat></trkpt>
  <trkpt lat="38.88676635" lon="114.76437438"><ele>284.607</ele><time>2026-08-25T08:17:28Z</time><sat>17</sat></trkpt>
  <trkpt lat="38.88673084" lon="114.76535099"><ele>281.796</ele><time>2026-08-25T08:17:31Z</time><sat>17</sat></trkpt>
  <trkpt lat="38.88665996" lon="114.76632624"><ele>278.473</ele><time>2026-08-25T08:17:34Z</time><sat>17</sat></trkpt>
  <trkpt lat="38.88655145" lon="114.76730013"><ele>275.287</ele><time>2026-08-25T08:17:37Z</time><sat>18</sat></trkpt>
  <trkpt lat="38.88640810" lon="114.76826346"><ele>271.756</ele><time>2026-08-25T08:17:40Z</time><sat>15</sat></trkpt>
  <trkpt lat="38.88623031" lon="114.76921283"><ele>269.107</ele><time>2026-08-25T08:17:43Z</time><sat>15</sat></trkpt>
  <trkpt lat="38.88601402" lon="114.77016082"><ele>267.116</ele><time>2026-08-25T08:17:46Z</time><sat>18</sat></trkpt>
  <trkpt lat="38.88577253" lon="114.77105386"><ele>265.673</ele><time>2026-08-25T08:17:49Z</time><sat>17</sat></trkpt>
  <trkpt lat="38.88549539" lon="114.77195143"><ele>264.622</ele><time>2026-08-25T08:17:52Z</time><sat>20</sat></trkpt>
  <trkpt lat="38.88518333" lon="114.77283699"><ele>262.812</ele><time>2026-08-25T08:17:55Z</time><sat>19</sat></trkpt>
  <trkpt lat="38.88483463" lon="114.77371687"><ele>261.391</ele><time>2026-08-25T08:17:58Z</time><sat>14</sat></trkpt>
  <trkpt lat="38.88445692" lon="114.77456811"><ele>259.641</ele><time>2026-08-25T08:18:01Z</time><sat>15</sat></trkpt>
  <trkpt lat="38.88404352" lon="114.77540366"><ele>257.882</ele><time>2026-08-25T08:18:04Z</time><sat>16</sat></trkpt>
  <trkpt lat="38.88359804" lon="114.77624119"><ele>256.601</ele><time>2026-08-25T08:18:07Z</time><sat>17</sat></trkpt>
  <trkpt lat="38.88313046" lon="114.77707042"><ele>253.964</ele><time>2026-08-25T08:18:10Z</time><sat>15</sat></trkpt>
  <trkpt lat="38.88263203" lon="114.77787760"><ele>251.430</ele><time>2026-08-25T08:18:13Z</time><sat>15</sat></trkpt>
  <trkpt lat="38.88212764" lon="114.77867156"><ele>248.754</ele><time>2026-08-25T08:18:16Z</time><sat>15</sat></trkpt>
  <trkpt lat="38.88160402" lon="114.77949430"><ele>246.028</ele><time>2026-08-25T08:18:19Z</time><sat>14</sat></trkpt>
  <trkpt lat="38.88106044" lon="114.78034926"><ele>242.754</ele><time>2026-08-25T08:18:22Z</time><sat>14</sat></trkpt>
  <trkpt lat="38.88053299" lon="114.78118086"><ele>239.192</ele><time>2026-08-25T08:18:25Z</time><sat>14</sat></trkpt>
  <trkpt lat="38.88002059" lon="114.78198428"><ele>237.011</ele><time>2026-08-25T08:18:28Z</time><sat>15</sat></trkpt>
  <trkpt lat="38.87951447" lon="114.78278104"><ele>233.947</ele><time>2026-08-25T08:18:31Z</time><sat>15</sat></trkpt>
  <trkpt lat="38.87900583" lon="114.78358309"><ele>230.725</ele><time>2026-08-25T08:18:34Z</time><sat>19</sat></trkpt>
  <trkpt lat="38.87849610" lon="114.78438732"><ele>228.496</ele><time>2026-08-25T08:18:37Z</time><sat>18</sat></trkpt>
  <trkpt lat="38.87798672" lon="114.78518320"><ele>226.962</ele><time>2026-08-25T08:18:40Z</time><sat>20</sat></trkpt>
  <trkpt lat="38.87748231" lon="114.78598184"><ele>224.923</ele><time>2026-08-25T08:18:43Z</time><sat>20</sat></trkpt>
  <trkpt lat="38.87698384" lon="114.78679557"><ele>223.142</ele><time>2026-08-25T08:18:46Z</time><sat>19</sat></trkpt>
  <trkpt lat="38.87650536" lon="114.78762906"><ele>222.319</ele><time>2026-08-25T08:18:49Z</time><sat>18</sat></trkpt>
  <trkpt lat="38.87606492" lon="114.78849095"><ele>221.513</ele><time>2026-08-25T08:18:52Z</time><sat>17</sat></trkpt>
  <trkpt lat="38.87566482" lon="114.78938357"><ele>221.468</ele><time>2026-08-25T08:18:55Z</time><sat>15</sat></trkpt>
  <trkpt lat="38.87530545" lon="114.79031133"><ele>222.096</ele><time>2026-08-25T08:18:58Z</time><sat>18</sat></trkpt>
  <trkpt lat="38.87499317" lon="114.79125810"><ele>222.827</ele><time>2026-08-25T08:19:01Z</time><sat>17</sat></trkpt>
  <trkpt lat="38.87472556" lon="114.79222493"><ele>224.341</ele><time>2026-08-25T08:19:04Z</time><sat>16</sat></trkpt>
  <trkpt lat="38.87450102" lon="114.79321351"><ele>225.839</ele><time>2026-08-25T08:19:07Z</time><sat>15</sat></trkpt>
  <trkpt lat="38.87432140" lon="114.79422010"><ele>226.657</ele><time>2026-08-25T08:19:10Z</time><sat>18</sat></trkpt>
  <trkpt lat="38.87418348" lon="114.79524100"><ele>227.008</ele><time>2026-08-25T08:19:13Z</time><sat>14</sat></trkpt>
  <trkpt lat="38.87408011" lon="114.79625966"><ele>226.606</ele><time>2026-08-25T08:19:16Z</time><sat>18</sat></trkpt>
  <trkpt lat="38.87398538" lon="114.79728571"><ele>225.694</ele><time>2026-08-25T08:19:19Z</time><sat>17</sat></trkpt>
  <trkpt lat="38.87389461" lon="114.79831377"><ele>224.409</ele><time>2026-08-25T08:19:22Z</time><sat>14</sat></trkpt>
  <trkpt lat="38.87379112" lon="114.79933921"><ele>222.718</ele><time>2026-08-25T08:19:25Z</time><sat>13</sat></trkpt>
  <trkpt lat="38.87366253" lon="114.80035463"><ele>221.864</ele><time>2026-08-25T08:19:28Z</time><sat>12</sat></trkpt>
  <trkpt lat="38.87350628" lon="114.80135332"><ele>219.103</ele><time>2026-08-25T08:19:31Z</time><sat>17</sat></trkpt>
  <trkpt lat="38.87329707" lon="114.80235876"><ele>217.927</ele><time>2026-08-25T08:19:34Z</time><sat>15</sat></trkpt>
  <trkpt lat="38.87305793" lon="114.80334712"><ele>216.150</ele><time>2026-08-25T08:19:37Z</time><sat>14</sat></trkpt>
  <trkpt lat="38.87278375" lon="114.80431238"><ele>214.224</ele><time>2026-08-25T08:19:40Z</time><sat>15</sat></trkpt>
  <trkpt lat="38.87247256" lon="114.80525651"><ele>212.129</ele><time>2026-08-25T08:19:43Z</time><sat>17</sat></trkpt>
  <trkpt lat="38.87212077" lon="114.80618816"><ele>209.981</ele><time>2026-08-25T08:19:46Z</time><sat>15</sat></trkpt>
  <trkpt lat="38.87174198" lon="114.80709752"><ele>208.614</ele><time>2026-08-25T08:19:49Z</time><sat>17</sat></trkpt>
  <trkpt lat="38.87134768" lon="114.80799527"><ele>207.931</ele><time>2026-08-25T08:19:52Z</time><sat>17</sat></trkpt>
  <trkpt lat="38.87095199" lon="114.80888910"><ele>206.838</ele><time>2026-08-25T08:19:55Z</time><sat>15</sat></trkpt>
  <trkpt lat="38.87055003" lon="114.80978766"><ele>206.722</ele><time>2026-08-25T08:19:58Z</time><sat>15</sat></trkpt>
  <trkpt lat="38.87015695" lon="114.81067640"><ele>207.089</ele><time>2026-08-25T08:20:01Z</time><sat>16</sat></trkpt>
  <trkpt lat="38.86977948" lon="114.81152915"><ele>207.757</ele><time>2026-08-25T08:20:04Z</time><sat>15</sat></trkpt>
  <trkpt lat="38.86942393" lon="114.81236122"><ele>208.926</ele><time>2026-08-25T08:20:07Z</time><sat>14</sat></trkpt>
  <trkpt lat="38.86909048" lon="114.81316786"><ele>210.350</ele><time>2026-08-25T08:20:10Z</time><sat>15</sat></trkpt>
  <trkpt lat="38.86877856" lon="114.81395236"><ele>212.105</ele><time>2026-08-25T08:20:13Z</time><sat>15</sat></trkpt>
  <trkpt lat="38.86847970" lon="114.81472819"><ele>213.617</ele><time>2026-08-25T08:20:16Z</time><sat>15</sat></trkpt>
  <trkpt lat="38.86819339" lon="114.81549812"><ele>214.838</ele><time>2026-08-25T08:20:19Z</time><sat>14</sat></trkpt>
  <trkpt lat="38.86791231" lon="114.81627544"><ele>216.306</ele><time>2026-08-25T08:20:22Z</time><sat>14</sat></trkpt>
  <trkpt lat="38.86764996" lon="114.81704385"><ele>216.306</ele><time>2026-08-25T08:20:25Z</time><sat>14</sat></trkpt>
  <trkpt lat="38.86739610" lon="114.81780118"><ele>216.140</ele><time>2026-08-25T08:20:28Z</time><sat>16</sat></trkpt>
  <trkpt lat="38.86715440" lon="114.81855613"><ele>215.485</ele><time>2026-08-25T08:20:31Z</time><sat>15</sat></trkpt>
  <trkpt lat="38.86691712" lon="114.81932995"><ele>215.083</ele><time>2026-08-25T08:20:34Z</time><sat>12</sat></trkpt>
  <trkpt lat="38.86667084" lon="114.82015812"><ele>213.987</ele><time>2026-08-25T08:20:37Z</time><sat>9</sat></trkpt>
  <trkpt lat="38.86646436" lon="114.82089016"><ele>212.726</ele><time>2026-08-25T08:20:40Z</time><sat>11</sat></trkpt>
  <trkpt lat="38.86624726" lon="114.82168851"><ele>212.625</ele><time>2026-08-25T08:20:43Z</time><sat>12</sat></trkpt>
  <trkpt lat="38.86603161" lon="114.82250184"><ele>212.540</ele><time>2026-08-25T08:20:46Z</time></trkpt>
  <trkpt lat="38.86582055" lon="114.82334353"><ele>212.582</ele><time>2026-08-25T08:20:49Z</time><sat>2</sat></trkpt>
  <trkpt lat="38.86562230" lon="114.82417877"><ele>212.567</ele><time>2026-08-25T08:20:52Z</time></trkpt>
  <trkpt lat="38.86543358" lon="114.82501438"><ele>212.637</ele><time>2026-08-25T08:20:55Z</time></trkpt>
  <trkpt lat="38.86515257" lon="114.82625483"><ele>213.430</ele><time>2026-08-25T08:20:58Z</time></trkpt>
  <trkpt lat="38.86499795" lon="114.82706179"><ele>214.375</ele><time>2026-08-25T08:21:01Z</time><sat>11</sat></trkpt>
  <trkpt lat="38.86482533" lon="114.82796185"><ele>215.298</ele><time>2026-08-25T08:21:04Z</time></trkpt>
  <trkpt lat="38.86467018" lon="114.82883895"><ele>216.376</ele><time>2026-08-25T08:21:07Z</time></trkpt>
  <trkpt lat="38.86458250" lon="114.82975625"><ele>209.325</ele><time>2026-08-25T08:21:10Z</time></trkpt>
  <trkpt lat="38.86446609" lon="114.83057465"><ele>209.957</ele><time>2026-08-25T08:21:13Z</time><sat>16</sat></trkpt>
  <trkpt lat="38.86435904" lon="114.83139811"><ele>208.843</ele><time>2026-08-25T08:21:16Z</time><sat>12</sat></trkpt>
  <trkpt lat="38.86425528" lon="114.83224036"><ele>209.653</ele><time>2026-08-25T08:21:19Z</time><sat>14</sat></trkpt>
  <trkpt lat="38.86416688" lon="114.83308872"><ele>209.947</ele><time>2026-08-25T08:21:22Z</time><sat>15</sat></trkpt>
  <trkpt lat="38.86410395" lon="114.83392930"><ele>210.554</ele><time>2026-08-25T08:21:25Z</time><sat>17</sat></trkpt>
  <trkpt lat="38.86406572" lon="114.83475687"><ele>208.950</ele><time>2026-08-25T08:21:28Z</time><sat>14</sat></trkpt>
  <trkpt lat="38.86405757" lon="114.83557413"><ele>210.595</ele><time>2026-08-25T08:21:31Z</time><sat>17</sat></trkpt>
  <trkpt lat="38.86407060" lon="114.83636634"><ele>210.731</ele><time>2026-08-25T08:21:34Z</time><sat>17</sat></trkpt>
  <trkpt lat="38.86409386" lon="114.83712074"><ele>209.955</ele><time>2026-08-25T08:21:37Z</time><sat>19</sat></trkpt>
  <trkpt lat="38.86414034" lon="114.83780597"><ele>209.042</ele><time>2026-08-25T08:21:40Z</time><sat>13</sat></trkpt>
  <trkpt lat="38.86421417" lon="114.83846721"><ele>208.359</ele><time>2026-08-25T08:21:43Z</time><sat>17</sat></trkpt>
  <trkpt lat="38.86431938" lon="114.83919923"><ele>207.816</ele><time>2026-08-25T08:21:46Z</time><sat>17</sat></trkpt>
  <trkpt lat="38.86447212" lon="114.84003334"><ele>206.157</ele><time>2026-08-25T08:21:49Z</time><sat>16</sat></trkpt>
  <trkpt lat="38.86467832" lon="114.84094994"><ele>204.356</ele><time>2026-08-25T08:21:52Z</time><sat>18</sat></trkpt>
  <trkpt lat="38.86493565" lon="114.84189676"><ele>201.780</ele><time>2026-08-25T08:21:55Z</time><sat>14</sat></trkpt>
  <trkpt lat="38.86523112" lon="114.84281846"><ele>199.035</ele><time>2026-08-25T08:21:58Z</time><sat>13</sat></trkpt>
  <trkpt lat="38.86554948" lon="114.84369444"><ele>197.292</ele><time>2026-08-25T08:22:01Z</time><sat>12</sat></trkpt>
  <trkpt lat="38.86588417" lon="114.84454280"><ele>194.721</ele><time>2026-08-25T08:22:04Z</time><sat>14</sat></trkpt>
  <trkpt lat="38.86622580" lon="114.84537269"><ele>191.796</ele><time>2026-08-25T08:22:07Z</time><sat>10</sat></trkpt>
  <trkpt lat="38.86655794" lon="114.84619257"><ele>189.784</ele><time>2026-08-25T08:22:10Z</time><sat>13</sat></trkpt>
  <trkpt lat="38.86688817" lon="114.84701063"><ele>187.752</ele><time>2026-08-25T08:22:13Z</time><sat>11</sat></trkpt>
  <trkpt lat="38.86721911" lon="114.84782153"><ele>186.261</ele><time>2026-08-25T08:22:16Z</time><sat>10</sat></trkpt>
  <trkpt lat="38.86754768" lon="114.84861373"><ele>185.481</ele><time>2026-08-25T08:22:19Z</time><sat>11</sat></trkpt>
  <trkpt lat="38.86788175" lon="114.84940868"><ele>185.329</ele><time>2026-08-25T08:22:22Z</time><sat>7</sat></trkpt>
  <trkpt lat="38.86820456" lon="114.85019983"><ele>184.146</ele><time>2026-08-25T08:22:25Z</time><sat>9</sat></trkpt>
  <trkpt lat="38.86852502" lon="114.85097580"><ele>184.014</ele><time>2026-08-25T08:22:28Z</time><sat>8</sat></trkpt>
  <trkpt lat="38.86885323" lon="114.85174790"><ele>184.341</ele><time>2026-08-25T08:22:31Z</time><sat>7</sat></trkpt>
  <trkpt lat="38.86917413" lon="114.85253371"><ele>182.819</ele><time>2026-08-25T08:22:34Z</time><sat>12</sat></trkpt>
  <trkpt lat="38.86949607" lon="114.85331026"><ele>181.973</ele><time>2026-08-25T08:22:37Z</time><sat>11</sat></trkpt>
  <trkpt lat="38.86980878" lon="114.85406951"><ele>181.503</ele><time>2026-08-25T08:22:40Z</time><sat>11</sat></trkpt>
  <trkpt lat="38.87012275" lon="114.85483304"><ele>181.371</ele><time>2026-08-25T08:22:43Z</time><sat>10</sat></trkpt>
  <trkpt lat="38.87044679" lon="114.85561130"><ele>178.830</ele><time>2026-08-25T08:22:46Z</time><sat>11</sat></trkpt>
  <trkpt lat="38.87077443" lon="114.85641133"><ele>178.230</ele><time>2026-08-25T08:22:49Z</time><sat>13</sat></trkpt>
  <trkpt lat="38.87111332" lon="114.85724423"><ele>177.107</ele><time>2026-08-25T08:22:52Z</time><sat>17</sat></trkpt>
  <trkpt lat="38.87146220" lon="114.85809595"><ele>176.695</ele><time>2026-08-25T08:22:55Z</time><sat>19</sat></trkpt>
  <trkpt lat="38.87182355" lon="114.85896299"><ele>175.433</ele><time>2026-08-25T08:22:58Z</time><sat>16</sat></trkpt>
  <trkpt lat="38.87217993" lon="114.85983310"><ele>177.502</ele><time>2026-08-25T08:23:01Z</time><sat>18</sat></trkpt>
  <trkpt lat="38.87253545" lon="114.86068544"><ele>178.668</ele><time>2026-08-25T08:23:04Z</time><sat>16</sat></trkpt>
  <trkpt lat="38.87288289" lon="114.86155452"><ele>180.383</ele><time>2026-08-25T08:23:07Z</time><sat>16</sat></trkpt>
  <trkpt lat="38.87321348" lon="114.86244316"><ele>181.501</ele><time>2026-08-25T08:23:10Z</time><sat>16</sat></trkpt>
  <trkpt lat="38.87351272" lon="114.86334514"><ele>182.094</ele><time>2026-08-25T08:23:13Z</time><sat>17</sat></trkpt>
  <trkpt lat="38.87377249" lon="114.86425843"><ele>182.791</ele><time>2026-08-25T08:23:16Z</time><sat>15</sat></trkpt>
  <trkpt lat="38.87399244" lon="114.86518844"><ele>183.855</ele><time>2026-08-25T08:23:19Z</time><sat>17</sat></trkpt>
  <trkpt lat="38.87419136" lon="114.86613107"><ele>184.220</ele><time>2026-08-25T08:23:22Z</time><sat>17</sat></trkpt>
  <trkpt lat="38.87433776" lon="114.86709975"><ele>185.062</ele><time>2026-08-25T08:23:25Z</time><sat>20</sat></trkpt>
  <trkpt lat="38.87443088" lon="114.86807008"><ele>186.008</ele><time>2026-08-25T08:23:28Z</time><sat>18</sat></trkpt>
  <trkpt lat="38.87448178" lon="114.86904170"><ele>186.013</ele><time>2026-08-25T08:23:31Z</time><sat>18</sat></trkpt>
  <trkpt lat="38.87448955" lon="114.87001846"><ele>185.407</ele><time>2026-08-25T08:23:34Z</time><sat>14</sat></trkpt>
  <trkpt lat="38.87445613" lon="114.87099847"><ele>184.908</ele><time>2026-08-25T08:23:37Z</time><sat>17</sat></trkpt>
  <trkpt lat="38.87437947" lon="114.87196851"><ele>183.469</ele><time>2026-08-25T08:23:40Z</time><sat>19</sat></trkpt>
  <trkpt lat="38.87425887" lon="114.87293644"><ele>182.347</ele><time>2026-08-25T08:23:43Z</time><sat>15</sat></trkpt>
  <trkpt lat="38.87409680" lon="114.87389120"><ele>181.319</ele><time>2026-08-25T08:23:46Z</time><sat>15</sat></trkpt>
  <trkpt lat="38.87388848" lon="114.87483717"><ele>181.490</ele><time>2026-08-25T08:23:49Z</time><sat>20</sat></trkpt>
  <trkpt lat="38.87364440" lon="114.87575889"><ele>181.635</ele><time>2026-08-25T08:23:52Z</time><sat>16</sat></trkpt>
  <trkpt lat="38.87335901" lon="114.87665909"><ele>182.899</ele><time>2026-08-25T08:23:55Z</time><sat>14</sat></trkpt>
  <trkpt lat="38.87303875" lon="114.87754534"><ele>184.783</ele><time>2026-08-25T08:23:58Z</time><sat>17</sat></trkpt>
  <trkpt lat="38.87271151" lon="114.87837918"><ele>185.938</ele><time>2026-08-25T08:24:01Z</time><sat>13</sat></trkpt>
  <trkpt lat="38.87237266" lon="114.87921280"><ele>187.311</ele><time>2026-08-25T08:24:04Z</time><sat>12</sat></trkpt>
  <trkpt lat="38.87202271" lon="114.88007140"><ele>189.540</ele><time>2026-08-25T08:24:07Z</time><sat>15</sat></trkpt>
  <trkpt lat="38.87166832" lon="114.88093107"><ele>191.376</ele><time>2026-08-25T08:24:10Z</time><sat>11</sat></trkpt>
  <trkpt lat="38.87131411" lon="114.88180293"><ele>194.549</ele><time>2026-08-25T08:24:13Z</time><sat>17</sat></trkpt>
  <trkpt lat="38.87096101" lon="114.88266794"><ele>194.857</ele><time>2026-08-25T08:24:16Z</time><sat>16</sat></trkpt>
  <trkpt lat="38.87060865" lon="114.88353523"><ele>196.343</ele><time>2026-08-25T08:24:19Z</time><sat>17</sat></trkpt>
  <trkpt lat="38.87025191" lon="114.88439836"><ele>198.552</ele><time>2026-08-25T08:24:22Z</time><sat>20</sat></trkpt>
  <trkpt lat="38.86990892" lon="114.88524466"><ele>200.957</ele><time>2026-08-25T08:24:25Z</time><sat>19</sat></trkpt>
  <trkpt lat="38.86958390" lon="114.88603853"><ele>203.324</ele><time>2026-08-25T08:24:28Z</time><sat>15</sat></trkpt>
  <trkpt lat="38.86927151" lon="114.88678192"><ele>203.418</ele><time>2026-08-25T08:24:31Z</time><sat>13</sat></trkpt>
  <trkpt lat="38.86895286" lon="114.88749406"><ele>205.731</ele><time>2026-08-25T08:24:34Z</time><sat>16</sat></trkpt>
  <trkpt lat="38.86861564" lon="114.88817135"><ele>206.231</ele><time>2026-08-25T08:24:37Z</time><sat>13</sat></trkpt>
  <trkpt lat="38.86823690" lon="114.88883955"><ele>207.925</ele><time>2026-08-25T08:24:40Z</time><sat>12</sat></trkpt>
  <trkpt lat="38.86783690" lon="114.88948317"><ele>208.418</ele><time>2026-08-25T08:24:43Z</time><sat>15</sat></trkpt>
  <trkpt lat="38.86741188" lon="114.89009871"><ele>209.774</ele><time>2026-08-25T08:24:46Z</time><sat>15</sat></trkpt>
  <trkpt lat="38.86697762" lon="114.89068374"><ele>210.737</ele><time>2026-08-25T08:24:49Z</time><sat>3</sat></trkpt>
  <trkpt lat="38.86652157" lon="114.89124278"><ele>211.544</ele><time>2026-08-25T08:24:52Z</time></trkpt>
  <trkpt lat="38.86604337" lon="114.89178876"><ele>212.518</ele><time>2026-08-25T08:24:55Z</time></trkpt>
  <trkpt lat="38.86554949" lon="114.89233472"><ele>213.632</ele><time>2026-08-25T08:24:58Z</time></trkpt>
  <trkpt lat="38.86504780" lon="114.89288639"><ele>214.798</ele><time>2026-08-25T08:25:01Z</time></trkpt>
  <trkpt lat="38.86454883" lon="114.89345136"><ele>216.147</ele><time>2026-08-25T08:25:04Z</time></trkpt>
  <trkpt lat="38.86406106" lon="114.89403932"><ele>217.678</ele><time>2026-08-25T08:25:07Z</time></trkpt>
  <trkpt lat="38.86358950" lon="114.89465839"><ele>219.441</ele><time>2026-08-25T08:25:10Z</time></trkpt>
  <trkpt lat="38.86314029" lon="114.89530653"><ele>221.325</ele><time>2026-08-25T08:25:13Z</time></trkpt>
  <trkpt lat="38.86271325" lon="114.89598049"><ele>223.305</ele><time>2026-08-25T08:25:16Z</time></trkpt>
  <trkpt lat="38.86231928" lon="114.89667158"><ele>225.553</ele><time>2026-08-25T08:25:19Z</time></trkpt>
  <trkpt lat="38.86193608" lon="114.89740893"><ele>227.657</ele><time>2026-08-25T08:25:22Z</time></trkpt>
  <trkpt lat="38.86157820" lon="114.89816346"><ele>230.021</ele><time>2026-08-25T08:25:25Z</time></trkpt>
  <trkpt lat="38.86132454" lon="114.89885523"><ele>232.187</ele><time>2026-08-25T08:25:28Z</time></trkpt>
  <trkpt lat="38.86100884" lon="114.89974179"><ele>217.289</ele><time>2026-08-25T08:25:31Z</time><sat>7</sat></trkpt>
  <trkpt lat="38.86072582" lon="114.90061117"><ele>219.769</ele><time>2026-08-25T08:25:34Z</time><sat>12</sat></trkpt>
  <trkpt lat="38.86047168" lon="114.90154162"><ele>223.407</ele><time>2026-08-25T08:25:37Z</time><sat>16</sat></trkpt>
  <trkpt lat="38.86026535" lon="114.90247802"><ele>225.694</ele><time>2026-08-25T08:25:40Z</time><sat>16</sat></trkpt>
  <trkpt lat="38.86009502" lon="114.90342300"><ele>225.618</ele><time>2026-08-25T08:25:43Z</time><sat>16</sat></trkpt>
  <trkpt lat="38.85994579" lon="114.90438847"><ele>227.714</ele><time>2026-08-25T08:25:46Z</time><sat>18</sat></trkpt>
  <trkpt lat="38.85980592" lon="114.90535548"><ele>230.721</ele><time>2026-08-25T08:25:49Z</time><sat>15</sat></trkpt>
  <trkpt lat="38.85966722" lon="114.90632064"><ele>233.112</ele><time>2026-08-25T08:25:52Z</time><sat>16</sat></trkpt>
  <trkpt lat="38.85951714" lon="114.90727896"><ele>235.168</ele><time>2026-08-25T08:25:55Z</time><sat>18</sat></trkpt>
  <trkpt lat="38.85934077" lon="114.90823662"><ele>236.854</ele><time>2026-08-25T08:25:58Z</time><sat>11</sat></trkpt>
  <trkpt lat="38.85913487" lon="114.90918540"><ele>239.376</ele><time>2026-08-25T08:26:01Z</time><sat>16</sat></trkpt>
  <trkpt lat="38.85889572" lon="114.91010489"><ele>239.829</ele><time>2026-08-25T08:26:04Z</time><sat>13</sat></trkpt>
  <trkpt lat="38.85862910" lon="114.91101580"><ele>240.288</ele><time>2026-08-25T08:26:07Z</time><sat>16</sat></trkpt>
  <trkpt lat="38.85833703" lon="114.91192118"><ele>240.943</ele><time>2026-08-25T08:26:10Z</time><sat>17</sat></trkpt>
  <trkpt lat="38.85802836" lon="114.91281798"><ele>240.766</ele><time>2026-08-25T08:26:13Z</time><sat>14</sat></trkpt>
  <trkpt lat="38.85771251" lon="114.91370808"><ele>240.864</ele><time>2026-08-25T08:26:16Z</time><sat>17</sat></trkpt>
  <trkpt lat="38.85740639" lon="114.91459784"><ele>242.727</ele><time>2026-08-25T08:26:19Z</time><sat>14</sat></trkpt>
  <trkpt lat="38.85709757" lon="114.91549052"><ele>242.897</ele><time>2026-08-25T08:26:22Z</time><sat>14</sat></trkpt>
  <trkpt lat="38.85678220" lon="114.91638373"><ele>242.098</ele><time>2026-08-25T08:26:25Z</time><sat>14</sat></trkpt>
  <trkpt lat="38.85646869" lon="114.91727949"><ele>242.800</ele><time>2026-08-25T08:26:28Z</time><sat>15</sat></trkpt>
  <trkpt lat="38.85615792" lon="114.91816513"><ele>241.882</ele><time>2026-08-25T08:26:31Z</time><sat>16</sat></trkpt>
  <trkpt lat="38.85584071" lon="114.91905817"><ele>240.463</ele><time>2026-08-25T08:26:34Z</time><sat>14</sat></trkpt>
  <trkpt lat="38.85552036" lon="114.91995848"><ele>239.207</ele><time>2026-08-25T08:26:37Z</time><sat>16</sat></trkpt>
  <trkpt lat="38.85520914" lon="114.92084942"><ele>238.531</ele><time>2026-08-25T08:26:40Z</time><sat>15</sat></trkpt>
  <trkpt lat="38.85489288" lon="114.92173873"><ele>237.002</ele><time>2026-08-25T08:26:43Z</time><sat>17</sat></trkpt>
  <trkpt lat="38.85456196" lon="114.92262472"><ele>235.726</ele><time>2026-08-25T08:26:46Z</time><sat>18</sat></trkpt>
  <trkpt lat="38.85421419" lon="114.92350301"><ele>233.763</ele><time>2026-08-25T08:26:49Z</time><sat>17</sat></trkpt>
  <trkpt lat="38.85384425" lon="114.92435652"><ele>232.590</ele><time>2026-08-25T08:26:52Z</time><sat>15</sat></trkpt>
  <trkpt lat="38.85345329" lon="114.92519070"><ele>230.839</ele><time>2026-08-25T08:26:55Z</time><sat>16</sat></trkpt>
  <trkpt lat="38.85304769" lon="114.92597763"><ele>229.688</ele><time>2026-08-25T08:26:58Z</time><sat>15</sat></trkpt>
  <trkpt lat="38.85263475" lon="114.92672621"><ele>228.134</ele><time>2026-08-25T08:27:01Z</time><sat>19</sat></trkpt>
  <trkpt lat="38.85221835" lon="114.92743034"><ele>226.311</ele><time>2026-08-25T08:27:04Z</time><sat>20</sat></trkpt>
  <trkpt lat="38.85178568" lon="114.92811238"><ele>223.976</ele><time>2026-08-25T08:27:07Z</time><sat>20</sat></trkpt>
  <trkpt lat="38.85132412" lon="114.92881993"><ele>222.018</ele><time>2026-08-25T08:27:10Z</time><sat>19</sat></trkpt>
  <trkpt lat="38.85084447" lon="114.92954177"><ele>219.637</ele><time>2026-08-25T08:27:13Z</time><sat>16</sat></trkpt>
  <trkpt lat="38.85038527" lon="114.93016596"><ele>217.773</ele><time>2026-08-25T08:27:16Z</time><sat>15</sat></trkpt>
  <trkpt lat="38.84994464" lon="114.93079774"><ele>215.867</ele><time>2026-08-25T08:27:19Z</time><sat>16</sat></trkpt>
  <trkpt lat="38.84949923" lon="114.93145409"><ele>214.109</ele><time>2026-08-25T08:27:22Z</time><sat>18</sat></trkpt>
  <trkpt lat="38.84905323" lon="114.93212823"><ele>212.292</ele><time>2026-08-25T08:27:25Z</time><sat>17</sat></trkpt>
  <trkpt lat="38.84861941" lon="114.93281151"><ele>210.231</ele><time>2026-08-25T08:27:28Z</time><sat>13</sat></trkpt>
  <trkpt lat="38.84819837" lon="114.93351460"><ele>208.090</ele><time>2026-08-25T08:27:31Z</time><sat>12</sat></trkpt>
  <trkpt lat="38.84778716" lon="114.93424889"><ele>205.632</ele><time>2026-08-25T08:27:34Z</time><sat>13</sat></trkpt>
  <trkpt lat="38.84738901" lon="114.93500346"><ele>203.734</ele><time>2026-08-25T08:27:37Z</time><sat>13</sat></trkpt>
  <trkpt lat="38.84700742" lon="114.93577888"><ele>201.633</ele><time>2026-08-25T08:27:40Z</time><sat>15</sat></trkpt>
  <trkpt lat="38.84664368" lon="114.93658148"><ele>198.384</ele><time>2026-08-25T08:27:43Z</time><sat>17</sat></trkpt>
  <trkpt lat="38.84628512" lon="114.93743076"><ele>195.267</ele><time>2026-08-25T08:27:46Z</time><sat>17</sat></trkpt>
  <trkpt lat="38.84594698" lon="114.93829728"><ele>191.811</ele><time>2026-08-25T08:27:49Z</time><sat>17</sat></trkpt>
  <trkpt lat="38.84563085" lon="114.93917984"><ele>188.282</ele><time>2026-08-25T08:27:52Z</time><sat>18</sat></trkpt>
  <trkpt lat="38.84534391" lon="114.94005314"><ele>184.831</ele><time>2026-08-25T08:27:55Z</time><sat>12</sat></trkpt>
  <trkpt lat="38.84508137" lon="114.94092969"><ele>181.367</ele><time>2026-08-25T08:27:58Z</time><sat>14</sat></trkpt>
  <trkpt lat="38.84483920" lon="114.94183383"><ele>179.557</ele><time>2026-08-25T08:28:01Z</time><sat>13</sat></trkpt>
  <trkpt lat="38.84462361" lon="114.94274601"><ele>178.287</ele><time>2026-08-25T08:28:04Z</time><sat>15</sat></trkpt>
  <trkpt lat="38.84443076" lon="114.94365931"><ele>175.767</ele><time>2026-08-25T08:28:07Z</time><sat>22</sat></trkpt>
  <trkpt lat="38.84425982" lon="114.94458129"><ele>173.298</ele><time>2026-08-25T08:28:10Z</time><sat>19</sat></trkpt>
  <trkpt lat="38.84411530" lon="114.94550217"><ele>171.604</ele><time>2026-08-25T08:28:13Z</time><sat>21</sat></trkpt>
  <trkpt lat="38.84399574" lon="114.94640937"><ele>169.274</ele><time>2026-08-25T08:28:16Z</time><sat>18</sat></trkpt>
  <trkpt lat="38.84390297" lon="114.94729479"><ele>167.579</ele><time>2026-08-25T08:28:19Z</time><sat>12</sat></trkpt>
  <trkpt lat="38.84383153" lon="114.94817051"><ele>165.743</ele><time>2026-08-25T08:28:22Z</time><sat>12</sat></trkpt>
  <trkpt lat="38.84377971" lon="114.94904080"><ele>163.653</ele><time>2026-08-25T08:28:25Z</time><sat>15</sat></trkpt>
  <trkpt lat="38.84374878" lon="114.94990393"><ele>161.860</ele><time>2026-08-25T08:28:28Z</time><sat>15</sat></trkpt>
  <trkpt lat="38.84373742" lon="114.95076175"><ele>160.025</ele><time>2026-08-25T08:28:31Z</time><sat>18</sat></trkpt>
  <trkpt lat="38.84374766" lon="114.95162618"><ele>158.186</ele><time>2026-08-25T08:28:34Z</time><sat>16</sat></trkpt>
  <trkpt lat="38.84377748" lon="114.95246775"><ele>157.067</ele><time>2026-08-25T08:28:37Z</time><sat>21</sat></trkpt>
  <trkpt lat="38.84382858" lon="114.95330814"><ele>156.006</ele><time>2026-08-25T08:28:40Z</time><sat>22</sat></trkpt>
  <trkpt lat="38.84391493" lon="114.95416842"><ele>153.666</ele><time>2026-08-25T08:28:43Z</time><sat>21</sat></trkpt>
  <trkpt lat="38.84402617" lon="114.95507540"><ele>153.009</ele><time>2026-08-25T08:28:46Z</time><sat>19</sat></trkpt>
  <trkpt lat="38.84413876" lon="114.95601308"><ele>152.484</ele><time>2026-08-25T08:28:49Z</time><sat>21</sat></trkpt>
  <trkpt lat="38.84426325" lon="114.95697459"><ele>151.830</ele><time>2026-08-25T08:28:52Z</time><sat>20</sat></trkpt>
  <trkpt lat="38.84439261" lon="114.95793045"><ele>150.641</ele><time>2026-08-25T08:28:55Z</time><sat>18</sat></trkpt>
  <trkpt lat="38.84452071" lon="114.95890094"><ele>150.166</ele><time>2026-08-25T08:28:58Z</time><sat>15</sat></trkpt>
  <trkpt lat="38.84465011" lon="114.95987338"><ele>149.582</ele><time>2026-08-25T08:29:01Z</time><sat>14</sat></trkpt>
  <trkpt lat="38.84477643" lon="114.96083259"><ele>150.139</ele><time>2026-08-25T08:29:04Z</time><sat>19</sat></trkpt>
  <trkpt lat="38.84490698" lon="114.96179764"><ele>149.964</ele><time>2026-08-25T08:29:07Z</time><sat>22</sat></trkpt>
  <trkpt lat="38.84503487" lon="114.96276622"><ele>150.503</ele><time>2026-08-25T08:29:10Z</time><sat>17</sat></trkpt>
  <trkpt lat="38.84515943" lon="114.96372964"><ele>151.972</ele><time>2026-08-25T08:29:13Z</time><sat>19</sat></trkpt>
  <trkpt lat="38.84527488" lon="114.96469516"><ele>152.411</ele><time>2026-08-25T08:29:16Z</time><sat>19</sat></trkpt>
  <trkpt lat="38.84537617" lon="114.96566374"><ele>153.861</ele><time>2026-08-25T08:29:19Z</time><sat>18</sat></trkpt>
  <trkpt lat="38.84546501" lon="114.96663786"><ele>154.871</ele><time>2026-08-25T08:29:22Z</time><sat>21</sat></trkpt>
  <trkpt lat="38.84554069" lon="114.96761293"><ele>155.834</ele><time>2026-08-25T08:29:25Z</time><sat>22</sat></trkpt>
  <trkpt lat="38.84560181" lon="114.96858588"><ele>156.618</ele><time>2026-08-25T08:29:28Z</time><sat>20</sat></trkpt>
  <trkpt lat="38.84565279" lon="114.96955863"><ele>155.941</ele><time>2026-08-25T08:29:31Z</time><sat>17</sat></trkpt>
  <trkpt lat="38.84569361" lon="114.97053875"><ele>156.011</ele><time>2026-08-25T08:29:34Z</time><sat>16</sat></trkpt>
  <trkpt lat="38.84571977" lon="114.97151791"><ele>156.307</ele><time>2026-08-25T08:29:37Z</time><sat>20</sat></trkpt>
  <trkpt lat="38.84573472" lon="114.97249597"><ele>155.327</ele><time>2026-08-25T08:29:40Z</time><sat>18</sat></trkpt>
  <trkpt lat="38.84573681" lon="114.97346663"><ele>154.181</ele><time>2026-08-25T08:29:43Z</time><sat>16</sat></trkpt>
  <trkpt lat="38.84572896" lon="114.97445360"><ele>152.668</ele><time>2026-08-25T08:29:46Z</time><sat>17</sat></trkpt>
  <trkpt lat="38.84570768" lon="114.97543052"><ele>151.135</ele><time>2026-08-25T08:29:49Z</time><sat>20</sat></trkpt>
  <trkpt lat="38.84567928" lon="114.97640918"><ele>148.716</ele><time>2026-08-25T08:29:52Z</time><sat>18</sat></trkpt>
  <trkpt lat="38.84565269" lon="114.97738170"><ele>147.487</ele><time>2026-08-25T08:29:55Z</time><sat>17</sat></trkpt>
  <trkpt lat="38.84562508" lon="114.97836222"><ele>145.638</ele><time>2026-08-25T08:29:58Z</time><sat>17</sat></trkpt>
  <trkpt lat="38.84559920" lon="114.97934101"><ele>143.925</ele><time>2026-08-25T08:30:01Z</time><sat>17</sat></trkpt>
  <trkpt lat="38.84557472" lon="114.98031667"><ele>141.833</ele><time>2026-08-25T08:30:04Z</time><sat>16</sat></trkpt>
  <trkpt lat="38.84554693" lon="114.98129287"><ele>140.560</ele><time>2026-08-25T08:30:07Z</time><sat>19</sat></trkpt>
  <trkpt lat="38.84552209" lon="114.98227487"><ele>139.397</ele><time>2026-08-25T08:30:10Z</time><sat>18</sat></trkpt>
  <trkpt lat="38.84549488" lon="114.98325854"><ele>138.080</ele><time>2026-08-25T08:30:13Z</time><sat>20</sat></trkpt>
  <trkpt lat="38.84546664" lon="114.98423901"><ele>137.719</ele><time>2026-08-25T08:30:16Z</time><sat>19</sat></trkpt>
  <trkpt lat="38.84544025" lon="114.98521468"><ele>136.233</ele><time>2026-08-25T08:30:19Z</time><sat>23</sat></trkpt>
  <trkpt lat="38.84541239" lon="114.98620054"><ele>135.702</ele><time>2026-08-25T08:30:22Z</time><sat>17</sat></trkpt>
  <trkpt lat="38.84538528" lon="114.98718495"><ele>135.034</ele><time>2026-08-25T08:30:25Z</time><sat>18</sat></trkpt>
  <trkpt lat="38.84535948" lon="114.98816023"><ele>135.567</ele><time>2026-08-25T08:30:28Z</time><sat>15</sat></trkpt>
  <trkpt lat="38.84533009" lon="114.98911251"><ele>135.857</ele><time>2026-08-25T08:30:31Z</time><sat>17</sat></trkpt>
  <trkpt lat="38.84530069" lon="114.99005263"><ele>136.312</ele><time>2026-08-25T08:30:34Z</time><sat>17</sat></trkpt>
  <trkpt lat="38.84527435" lon="114.99097462"><ele>137.231</ele><time>2026-08-25T08:30:37Z</time><sat>18</sat></trkpt>
  <trkpt lat="38.84525012" lon="114.99188673"><ele>138.601</ele><time>2026-08-25T08:30:40Z</time><sat>18</sat></trkpt>
  <trkpt lat="38.84522364" lon="114.99279574"><ele>139.827</ele><time>2026-08-25T08:30:43Z</time><sat>20</sat></trkpt>
  <trkpt lat="38.84519082" lon="114.99371212"><ele>140.269</ele><time>2026-08-25T08:30:46Z</time><sat>18</sat></trkpt>
  <trkpt lat="38.84514647" lon="114.99462190"><ele>141.712</ele><time>2026-08-25T08:30:49Z</time><sat>18</sat></trkpt>
  <trkpt lat="38.84508482" lon="114.99553431"><ele>143.230</ele><time>2026-08-25T08:30:52Z</time><sat>18</sat></trkpt>
  <trkpt lat="38.84500401" lon="114.99643982"><ele>144.510</ele><time>2026-08-25T08:30:55Z</time><sat>18</sat></trkpt>
  <trkpt lat="38.84490446" lon="114.99734683"><ele>145.220</ele><time>2026-08-25T08:30:58Z</time><sat>19</sat></trkpt>
  <trkpt lat="38.84478274" lon="114.99825652"><ele>146.057</ele><time>2026-08-25T08:31:01Z</time><sat>18</sat></trkpt>
  <trkpt lat="38.84464484" lon="114.99915469"><ele>146.677</ele><time>2026-08-25T08:31:04Z</time><sat>18</sat></trkpt>
  <trkpt lat="38.84448835" lon="115.00005129"><ele>147.074</ele><time>2026-08-25T08:31:07Z</time><sat>17</sat></trkpt>
  <trkpt lat="38.84431648" lon="115.00094303"><ele>146.577</ele><time>2026-08-25T08:31:10Z</time><sat>17</sat></trkpt>
  <trkpt lat="38.84412429" lon="115.00182816"><ele>145.777</ele><time>2026-08-25T08:31:13Z</time><sat>18</sat></trkpt>
  <trkpt lat="38.84391482" lon="115.00270233"><ele>144.399</ele><time>2026-08-25T08:31:16Z</time><sat>17</sat></trkpt>
  <trkpt lat="38.84368633" lon="115.00357212"><ele>143.321</ele><time>2026-08-25T08:31:19Z</time><sat>17</sat></trkpt>
  <trkpt lat="38.84343381" lon="115.00444291"><ele>141.186</ele><time>2026-08-25T08:31:22Z</time><sat>18</sat></trkpt>
  <trkpt lat="38.84316775" lon="115.00530056"><ele>138.844</ele><time>2026-08-25T08:31:25Z</time><sat>16</sat></trkpt>
  <trkpt lat="38.84289635" lon="115.00614169"><ele>135.764</ele><time>2026-08-25T08:31:28Z</time><sat>15</sat></trkpt>
  <trkpt lat="38.84261509" lon="115.00697610"><ele>132.647</ele><time>2026-08-25T08:31:31Z</time><sat>13</sat></trkpt>
  <trkpt lat="38.84233230" lon="115.00781932"><ele>130.206</ele><time>2026-08-25T08:31:34Z</time><sat>14</sat></trkpt>
  <trkpt lat="38.84204854" lon="115.00866020"><ele>125.762</ele><time>2026-08-25T08:31:37Z</time><sat>13</sat></trkpt>
  <trkpt lat="38.84178057" lon="115.00950727"><ele>123.367</ele><time>2026-08-25T08:31:40Z</time><sat>15</sat></trkpt>
  <trkpt lat="38.84153688" lon="115.01036387"><ele>121.307</ele><time>2026-08-25T08:31:43Z</time><sat>15</sat></trkpt>
  <trkpt lat="38.84132730" lon="115.01124033"><ele>119.649</ele><time>2026-08-25T08:31:46Z</time><sat>16</sat></trkpt>
  <trkpt lat="38.84115374" lon="115.01213119"><ele>117.456</ele><time>2026-08-25T08:31:49Z</time><sat>17</sat></trkpt>
  <trkpt lat="38.84101376" lon="115.01302896"><ele>114.877</ele><time>2026-08-25T08:31:52Z</time><sat>16</sat></trkpt>
  <trkpt lat="38.84091326" lon="115.01393216"><ele>112.615</ele><time>2026-08-25T08:31:55Z</time><sat>16</sat></trkpt>
  <trkpt lat="38.84084868" lon="115.01484845"><ele>110.268</ele><time>2026-08-25T08:31:58Z</time><sat>12</sat></trkpt>
  <trkpt lat="38.84082471" lon="115.01576290"><ele>107.075</ele><time>2026-08-25T08:32:01Z</time><sat>20</sat></trkpt>
  <trkpt lat="38.84084083" lon="115.01668192"><ele>104.655</ele><time>2026-08-25T08:32:04Z</time><sat>19</sat></trkpt>
  <trkpt lat="38.84089383" lon="115.01759252"><ele>102.148</ele><time>2026-08-25T08:32:07Z</time><sat>16</sat></trkpt>
  <trkpt lat="38.84097642" lon="115.01851006"><ele>99.666</ele><time>2026-08-25T08:32:10Z</time><sat>18</sat></trkpt>
  <trkpt lat="38.84108168" lon="115.01943360"><ele>96.443</ele><time>2026-08-25T08:32:13Z</time><sat>14</sat></trkpt>
  <trkpt lat="38.84119292" lon="115.02035813"><ele>93.220</ele><time>2026-08-25T08:32:16Z</time><sat>17</sat></trkpt>
  <trkpt lat="38.84130853" lon="115.02129159"><ele>90.274</ele><time>2026-08-25T08:32:19Z</time><sat>17</sat></trkpt>
  <trkpt lat="38.84141584" lon="115.02222855"><ele>87.896</ele><time>2026-08-25T08:32:22Z</time><sat>17</sat></trkpt>
  <trkpt lat="38.84150527" lon="115.02316707"><ele>86.720</ele><time>2026-08-25T08:32:25Z</time><sat>19</sat></trkpt>
  <trkpt lat="38.84157389" lon="115.02408995"><ele>85.704</ele><time>2026-08-25T08:32:28Z</time><sat>18</sat></trkpt>
  <trkpt lat="38.84161617" lon="115.02501408"><ele>85.160</ele><time>2026-08-25T08:32:31Z</time><sat>20</sat></trkpt>
  <trkpt lat="38.84163024" lon="115.02597822"><ele>84.497</ele><time>2026-08-25T08:32:34Z</time><sat>22</sat></trkpt>
  <trkpt lat="38.84161786" lon="115.02697691"><ele>83.388</ele><time>2026-08-25T08:32:37Z</time><sat>17</sat></trkpt>
  <trkpt lat="38.84157250" lon="115.02799915"><ele>82.722</ele><time>2026-08-25T08:32:40Z</time><sat>13</sat></trkpt>
  <trkpt lat="38.84149098" lon="115.02903752"><ele>81.589</ele><time>2026-08-25T08:32:43Z</time><sat>18</sat></trkpt>
  <trkpt lat="38.84137299" lon="115.03010366"><ele>80.383</ele><time>2026-08-25T08:32:46Z</time><sat>18</sat></trkpt>
  <trkpt lat="38.84121765" lon="115.03118105"><ele>79.925</ele><time>2026-08-25T08:32:49Z</time><sat>18</sat></trkpt>
  <trkpt lat="38.84102177" lon="115.03225581"><ele>79.586</ele><time>2026-08-25T08:32:52Z</time><sat>17</sat></trkpt>
  <trkpt lat="38.84079021" lon="115.03331871"><ele>79.288</ele><time>2026-08-25T08:32:55Z</time><sat>19</sat></trkpt>
  <trkpt lat="38.84052414" lon="115.03437081"><ele>79.719</ele><time>2026-08-25T08:32:58Z</time><sat>20</sat></trkpt>
  <trkpt lat="38.84022225" lon="115.03540133"><ele>80.035</ele><time>2026-08-25T08:33:01Z</time><sat>18</sat></trkpt>
  <trkpt lat="38.83988873" lon="115.03640672"><ele>80.425</ele><time>2026-08-25T08:33:04Z</time><sat>17</sat></trkpt>
  <trkpt lat="38.83952449" lon="115.03738837"><ele>80.435</ele><time>2026-08-25T08:33:07Z</time><sat>18</sat></trkpt>
  <trkpt lat="38.83912670" lon="115.03835322"><ele>80.217</ele><time>2026-08-25T08:33:10Z</time><sat>21</sat></trkpt>
  <trkpt lat="38.83869410" lon="115.03929394"><ele>79.429</ele><time>2026-08-25T08:33:13Z</time><sat>21</sat></trkpt>
  <trkpt lat="38.83822944" lon="115.04021628"><ele>78.135</ele><time>2026-08-25T08:33:16Z</time><sat>17</sat></trkpt>
  <trkpt lat="38.83773004" lon="115.04111994"><ele>77.412</ele><time>2026-08-25T08:33:19Z</time><sat>19</sat></trkpt>
  <trkpt lat="38.83719630" lon="115.04200557"><ele>76.102</ele><time>2026-08-25T08:33:22Z</time><sat>16</sat></trkpt>
  <trkpt lat="38.83663351" lon="115.04288121"><ele>74.191</ele><time>2026-08-25T08:33:25Z</time><sat>18</sat></trkpt>
  <trkpt lat="38.83607183" lon="115.04373417"><ele>72.269</ele><time>2026-08-25T08:33:28Z</time><sat>18</sat></trkpt>
  <trkpt lat="38.83550293" lon="115.04459093"><ele>71.185</ele><time>2026-08-25T08:33:31Z</time><sat>16</sat></trkpt>
  <trkpt lat="38.83493736" lon="115.04545547"><ele>70.572</ele><time>2026-08-25T08:33:34Z</time><sat>15</sat></trkpt>
  <trkpt lat="38.83438201" lon="115.04633293"><ele>70.324</ele><time>2026-08-25T08:33:37Z</time><sat>16</sat></trkpt>
  <trkpt lat="38.83385011" lon="115.04722239"><ele>70.683</ele><time>2026-08-25T08:33:40Z</time><sat>15</sat></trkpt>
  <trkpt lat="38.83334081" lon="115.04813277"><ele>71.421</ele><time>2026-08-25T08:33:43Z</time><sat>14</sat></trkpt>
  <trkpt lat="38.83285347" lon="115.04907115"><ele>71.955</ele><time>2026-08-25T08:33:46Z</time><sat>15</sat></trkpt>
  <trkpt lat="38.83238867" lon="115.05002792"><ele>72.242</ele><time>2026-08-25T08:33:49Z</time><sat>18</sat></trkpt>
  <trkpt lat="38.83196127" lon="115.05097249"><ele>72.385</ele><time>2026-08-25T08:33:52Z</time><sat>21</sat></trkpt>
  <trkpt lat="38.83156859" lon="115.05191007"><ele>72.075</ele><time>2026-08-25T08:33:55Z</time><sat>18</sat></trkpt>
  <trkpt lat="38.83119482" lon="115.05287375"><ele>70.989</ele><time>2026-08-25T08:33:58Z</time><sat>17</sat></trkpt>
  <trkpt lat="38.83083791" lon="115.05386466"><ele>69.513</ele><time>2026-08-25T08:34:01Z</time><sat>16</sat></trkpt>
  <trkpt lat="38.83050529" lon="115.05487206"><ele>68.369</ele><time>2026-08-25T08:34:04Z</time><sat>19</sat></trkpt>
  <trkpt lat="38.83019283" lon="115.05590782"><ele>67.278</ele><time>2026-08-25T08:34:07Z</time><sat>21</sat></trkpt>
  <trkpt lat="38.82989983" lon="115.05696542"><ele>66.538</ele><time>2026-08-25T08:34:10Z</time><sat>19</sat></trkpt>
  <trkpt lat="38.82963541" lon="115.05804271"><ele>66.213</ele><time>2026-08-25T08:34:13Z</time><sat>12</sat></trkpt>
  <trkpt lat="38.82940115" lon="115.05911765"><ele>64.647</ele><time>2026-08-25T08:34:16Z</time><sat>17</sat></trkpt>
  <trkpt lat="38.82919421" lon="115.06020563"><ele>63.029</ele><time>2026-08-25T08:34:19Z</time><sat>14</sat></trkpt>
  <trkpt lat="38.82901343" lon="115.06130962"><ele>62.726</ele><time>2026-08-25T08:34:22Z</time><sat>17</sat></trkpt>
  <trkpt lat="38.82886276" lon="115.06241658"><ele>62.595</ele><time>2026-08-25T08:34:25Z</time><sat>14</sat></trkpt>
  <trkpt lat="38.82874013" lon="115.06352675"><ele>63.329</ele><time>2026-08-25T08:34:28Z</time><sat>17</sat></trkpt>
  <trkpt lat="38.82863788" lon="115.06463689"><ele>64.065</ele><time>2026-08-25T08:34:31Z</time><sat>17</sat></trkpt>
  <trkpt lat="38.82854857" lon="115.06575787"><ele>64.431</ele><time>2026-08-25T08:34:34Z</time><sat>20</sat></trkpt>
  <trkpt lat="38.82846757" lon="115.06687656"><ele>64.472</ele><time>2026-08-25T08:34:37Z</time><sat>14</sat></trkpt>
  <trkpt lat="38.82838776" lon="115.06799105"><ele>64.743</ele><time>2026-08-25T08:34:40Z</time><sat>20</sat></trkpt>
  <trkpt lat="38.82830174" lon="115.06910103"><ele>64.484</ele><time>2026-08-25T08:34:43Z</time><sat>18</sat></trkpt>
  <trkpt lat="38.82819430" lon="115.07021242"><ele>63.833</ele><time>2026-08-25T08:34:46Z</time><sat>20</sat></trkpt>
  <trkpt lat="38.82806121" lon="115.07133026"><ele>62.877</ele><time>2026-08-25T08:34:49Z</time><sat>17</sat></trkpt>
  <trkpt lat="38.82789900" lon="115.07242660"><ele>61.514</ele><time>2026-08-25T08:34:52Z</time><sat>16</sat></trkpt>
  <trkpt lat="38.82771036" lon="115.07352383"><ele>60.659</ele><time>2026-08-25T08:34:55Z</time><sat>16</sat></trkpt>
  <trkpt lat="38.82749828" lon="115.07460593"><ele>59.876</ele><time>2026-08-25T08:34:58Z</time><sat>15</sat></trkpt>
  <trkpt lat="38.82725034" lon="115.07569235"><ele>60.026</ele><time>2026-08-25T08:35:01Z</time><sat>16</sat></trkpt>
  <trkpt lat="38.82698057" lon="115.07674940"><ele>59.721</ele><time>2026-08-25T08:35:04Z</time><sat>14</sat></trkpt>
  <trkpt lat="38.82667553" lon="115.07780933"><ele>60.098</ele><time>2026-08-25T08:35:07Z</time><sat>16</sat></trkpt>
  <trkpt lat="38.82634487" lon="115.07885139"><ele>59.856</ele><time>2026-08-25T08:35:10Z</time><sat>17</sat></trkpt>
  <trkpt lat="38.82599196" lon="115.07988423"><ele>59.996</ele><time>2026-08-25T08:35:13Z</time><sat>16</sat></trkpt>
  <trkpt lat="38.82562929" lon="115.08089405"><ele>59.163</ele><time>2026-08-25T08:35:16Z</time><sat>12</sat></trkpt>
  <trkpt lat="38.82525344" lon="115.08190355"><ele>59.863</ele><time>2026-08-25T08:35:19Z</time><sat>15</sat></trkpt>
  <trkpt lat="38.82485978" lon="115.08290972"><ele>58.897</ele><time>2026-08-25T08:35:22Z</time><sat>17</sat></trkpt>
  <trkpt lat="38.82446401" lon="115.08391778"><ele>58.554</ele><time>2026-08-25T08:35:25Z</time><sat>16</sat></trkpt>
  <trkpt lat="38.82407988" lon="115.08491293"><ele>58.533</ele><time>2026-08-25T08:35:28Z</time><sat>11</sat></trkpt>
  <trkpt lat="38.82368406" lon="115.08592736"><ele>58.535</ele><time>2026-08-25T08:35:31Z</time><sat>16</sat></trkpt>
  <trkpt lat="38.82330088" lon="115.08693795"><ele>60.708</ele><time>2026-08-25T08:35:34Z</time><sat>15</sat></trkpt>
  <trkpt lat="38.82292145" lon="115.08792865"><ele>61.048</ele><time>2026-08-25T08:35:37Z</time><sat>15</sat></trkpt>
  <trkpt lat="38.82254290" lon="115.08892632"><ele>60.260</ele><time>2026-08-25T08:35:40Z</time><sat>15</sat></trkpt>
  <trkpt lat="38.82215626" lon="115.08993849"><ele>59.837</ele><time>2026-08-25T08:35:43Z</time><sat>15</sat></trkpt>
  <trkpt lat="38.82176985" lon="115.09094044"><ele>59.849</ele><time>2026-08-25T08:35:46Z</time><sat>15</sat></trkpt>
  <trkpt lat="38.82138193" lon="115.09194636"><ele>58.727</ele><time>2026-08-25T08:35:49Z</time><sat>14</sat></trkpt>
  <trkpt lat="38.82099845" lon="115.09294849"><ele>58.025</ele><time>2026-08-25T08:35:52Z</time><sat>12</sat></trkpt>
  <trkpt lat="38.82060959" lon="115.09394969"><ele>57.312</ele><time>2026-08-25T08:35:55Z</time><sat>15</sat></trkpt>
  <trkpt lat="38.82021825" lon="115.09496212"><ele>56.669</ele><time>2026-08-25T08:35:58Z</time><sat>14</sat></trkpt>
  <trkpt lat="38.81983803" lon="115.09597626"><ele>55.852</ele><time>2026-08-25T08:36:01Z</time><sat>15</sat></trkpt>
  <trkpt lat="38.81947267" lon="115.09699489"><ele>56.116</ele><time>2026-08-25T08:36:04Z</time><sat>13</sat></trkpt>
  <trkpt lat="38.81911540" lon="115.09802218"><ele>56.779</ele><time>2026-08-25T08:36:07Z</time><sat>14</sat></trkpt>
  <trkpt lat="38.81877039" lon="115.09905713"><ele>57.514</ele><time>2026-08-25T08:36:10Z</time><sat>13</sat></trkpt>
  <trkpt lat="38.81843186" lon="115.10009874"><ele>56.993</ele><time>2026-08-25T08:36:13Z</time><sat>13</sat></trkpt>
  <trkpt lat="38.81811075" lon="115.10113444"><ele>58.035</ele><time>2026-08-25T08:36:16Z</time><sat>14</sat></trkpt>
  <trkpt lat="38.81779518" lon="115.10218469"><ele>58.399</ele><time>2026-08-25T08:36:19Z</time><sat>16</sat></trkpt>
  <trkpt lat="38.81749409" lon="115.10324935"><ele>59.646</ele><time>2026-08-25T08:36:22Z</time><sat>13</sat></trkpt>
  <trkpt lat="38.81719979" lon="115.10430741"><ele>60.125</ele><time>2026-08-25T08:36:25Z</time><sat>14</sat></trkpt>
  <trkpt lat="38.81692417" lon="115.10536544"><ele>59.576</ele><time>2026-08-25T08:36:28Z</time><sat>13</sat></trkpt>
  <trkpt lat="38.81665181" lon="115.10643493"><ele>58.460</ele><time>2026-08-25T08:36:31Z</time><sat>17</sat></trkpt>
  <trkpt lat="38.81639375" lon="115.10750472"><ele>56.740</ele><time>2026-08-25T08:36:34Z</time><sat>16</sat></trkpt>
  <trkpt lat="38.81614395" lon="115.10859085"><ele>55.882</ele><time>2026-08-25T08:36:37Z</time><sat>16</sat></trkpt>
  <trkpt lat="38.81590986" lon="115.10965782"><ele>53.244</ele><time>2026-08-25T08:36:40Z</time><sat>15</sat></trkpt>
  <trkpt lat="38.81568126" lon="115.11073357"><ele>53.008</ele><time>2026-08-25T08:36:43Z</time><sat>17</sat></trkpt>
  <trkpt lat="38.81546832" lon="115.11179169"><ele>51.809</ele><time>2026-08-25T08:36:46Z</time><sat>14</sat></trkpt>
  <trkpt lat="38.81527134" lon="115.11284422"><ele>51.848</ele><time>2026-08-25T08:36:49Z</time><sat>11</sat></trkpt>
  <trkpt lat="38.81509471" lon="115.11389002"><ele>52.955</ele><time>2026-08-25T08:36:52Z</time><sat>11</sat></trkpt>
  <trkpt lat="38.81491882" lon="115.11493551"><ele>52.151</ele><time>2026-08-25T08:36:55Z</time><sat>12</sat></trkpt>
  <trkpt lat="38.81474354" lon="115.11598592"><ele>52.497</ele><time>2026-08-25T08:36:58Z</time><sat>10</sat></trkpt>
  <trkpt lat="38.81456425" lon="115.11702991"><ele>51.347</ele><time>2026-08-25T08:37:01Z</time><sat>10</sat></trkpt>
  <trkpt lat="38.81438961" lon="115.11806369"><ele>50.780</ele><time>2026-08-25T08:37:04Z</time><sat>10</sat></trkpt>
  <trkpt lat="38.81421111" lon="115.11909418"><ele>51.987</ele><time>2026-08-25T08:37:07Z</time><sat>10</sat></trkpt>
  <trkpt lat="38.81404672" lon="115.12010514"><ele>52.939</ele><time>2026-08-25T08:37:10Z</time><sat>13</sat></trkpt>
  <trkpt lat="38.81386803" lon="115.12112004"><ele>53.286</ele><time>2026-08-25T08:37:13Z</time><sat>14</sat></trkpt>
  <trkpt lat="38.81369692" lon="115.12212370"><ele>53.135</ele><time>2026-08-25T08:37:16Z</time><sat>17</sat></trkpt>
  <trkpt lat="38.81353005" lon="115.12312597"><ele>53.993</ele><time>2026-08-25T08:37:19Z</time><sat>18</sat></trkpt>
  <trkpt lat="38.81337103" lon="115.12413188"><ele>54.233</ele><time>2026-08-25T08:37:22Z</time><sat>13</sat></trkpt>
  <trkpt lat="38.81319382" lon="115.12515340"><ele>53.602</ele><time>2026-08-25T08:37:25Z</time><sat>16</sat></trkpt>
  <trkpt lat="38.81303094" lon="115.12617451"><ele>53.169</ele><time>2026-08-25T08:37:28Z</time><sat>15</sat></trkpt>
  <trkpt lat="38.81285433" lon="115.12720281"><ele>50.595</ele><time>2026-08-25T08:37:31Z</time><sat>13</sat></trkpt>
  <trkpt lat="38.81268301" lon="115.12824689"><ele>49.235</ele><time>2026-08-25T08:37:34Z</time><sat>12</sat></trkpt>
  <trkpt lat="38.81250877" lon="115.12929534"><ele>47.956</ele><time>2026-08-25T08:37:37Z</time><sat>15</sat></trkpt>
  <trkpt lat="38.81233610" lon="115.13034026"><ele>47.220</ele><time>2026-08-25T08:37:40Z</time><sat>14</sat></trkpt>
  <trkpt lat="38.81216308" lon="115.13137617"><ele>46.589</ele><time>2026-08-25T08:37:43Z</time><sat>12</sat></trkpt>
  <trkpt lat="38.81199210" lon="115.13240147"><ele>47.378</ele><time>2026-08-25T08:37:46Z</time><sat>17</sat></trkpt>
  <trkpt lat="38.81182598" lon="115.13339841"><ele>47.728</ele><time>2026-08-25T08:37:49Z</time><sat>14</sat></trkpt>
  <trkpt lat="38.81166566" lon="115.13436943"><ele>47.937</ele><time>2026-08-25T08:37:52Z</time><sat>13</sat></trkpt>
  <trkpt lat="38.81151060" lon="115.13529021"><ele>48.437</ele><time>2026-08-25T08:37:55Z</time><sat>15</sat></trkpt>
  <trkpt lat="38.81135463" lon="115.13620222"><ele>46.672</ele><time>2026-08-25T08:37:58Z</time><sat>12</sat></trkpt>
  <trkpt lat="38.81119793" lon="115.13712429"><ele>46.236</ele><time>2026-08-25T08:38:01Z</time><sat>15</sat></trkpt>
  <trkpt lat="38.81103589" lon="115.13806776"><ele>45.385</ele><time>2026-08-25T08:38:04Z</time><sat>10</sat></trkpt>
  <trkpt lat="38.81087394" lon="115.13904167"><ele>45.904</ele><time>2026-08-25T08:38:07Z</time><sat>12</sat></trkpt>
  <trkpt lat="38.81071242" lon="115.14004737"><ele>45.071</ele><time>2026-08-25T08:38:10Z</time><sat>15</sat></trkpt>
  <trkpt lat="38.81054097" lon="115.14107504"><ele>43.667</ele><time>2026-08-25T08:38:13Z</time><sat>15</sat></trkpt>
  <trkpt lat="38.81036795" lon="115.14212026"><ele>43.058</ele><time>2026-08-25T08:38:16Z</time><sat>13</sat></trkpt>
  <trkpt lat="38.81020563" lon="115.14317357"><ele>42.328</ele><time>2026-08-25T08:38:19Z</time><sat>12</sat></trkpt>
  <trkpt lat="38.81005177" lon="115.14423092"><ele>42.182</ele><time>2026-08-25T08:38:22Z</time><sat>12</sat></trkpt>
  <trkpt lat="38.80990954" lon="115.14527832"><ele>42.142</ele><time>2026-08-25T08:38:25Z</time><sat>17</sat></trkpt>
  <trkpt lat="38.80978248" lon="115.14632621"><ele>41.994</ele><time>2026-08-25T08:38:28Z</time><sat>12</sat></trkpt>
  <trkpt lat="38.80967320" lon="115.14737218"><ele>43.498</ele><time>2026-08-25T08:38:31Z</time><sat>13</sat></trkpt>
  <trkpt lat="38.80957966" lon="115.14844209"><ele>45.118</ele><time>2026-08-25T08:38:34Z</time><sat>14</sat></trkpt>
  <trkpt lat="38.80949528" lon="115.14951755"><ele>44.846</ele><time>2026-08-25T08:38:37Z</time><sat>13</sat></trkpt>
  <trkpt lat="38.80942610" lon="115.15060327"><ele>45.395</ele><time>2026-08-25T08:38:40Z</time><sat>14</sat></trkpt>
  <trkpt lat="38.80937394" lon="115.15169146"><ele>45.334</ele><time>2026-08-25T08:38:43Z</time><sat>13</sat></trkpt>
  <trkpt lat="38.80934850" lon="115.15279005"><ele>47.508</ele><time>2026-08-25T08:38:46Z</time><sat>13</sat></trkpt>
  <trkpt lat="38.80932998" lon="115.15389252"><ele>48.441</ele><time>2026-08-25T08:38:49Z</time><sat>15</sat></trkpt>
  <trkpt lat="38.80932832" lon="115.15494912"><ele>47.666</ele><time>2026-08-25T08:38:52Z</time><sat>15</sat></trkpt>
  <trkpt lat="38.80933654" lon="115.15597472"><ele>48.185</ele><time>2026-08-25T08:38:55Z</time><sat>17</sat></trkpt>
  <trkpt lat="38.80935698" lon="115.15699771"><ele>47.605</ele><time>2026-08-25T08:38:58Z</time><sat>13</sat></trkpt>
  <trkpt lat="38.80939428" lon="115.15801131"><ele>46.966</ele><time>2026-08-25T08:39:01Z</time><sat>14</sat></trkpt>
  <trkpt lat="38.80944027" lon="115.15902645"><ele>44.309</ele><time>2026-08-25T08:39:04Z</time><sat>16</sat></trkpt>
  <trkpt lat="38.80950410" lon="115.16005443"><ele>43.144</ele><time>2026-08-25T08:39:07Z</time><sat>16</sat></trkpt>
  <trkpt lat="38.80958579" lon="115.16109841"><ele>43.510</ele><time>2026-08-25T08:39:10Z</time><sat>16</sat></trkpt>
  <trkpt lat="38.80968107" lon="115.16214763"><ele>42.870</ele><time>2026-08-25T08:39:13Z</time><sat>16</sat></trkpt>
  <trkpt lat="38.80979022" lon="115.16320056"><ele>43.221</ele><time>2026-08-25T08:39:16Z</time><sat>15</sat></trkpt>
  <trkpt lat="38.80991497" lon="115.16424418"><ele>43.659</ele><time>2026-08-25T08:39:19Z</time><sat>16</sat></trkpt>
  <trkpt lat="38.81004876" lon="115.16526070"><ele>43.967</ele><time>2026-08-25T08:39:22Z</time><sat>12</sat></trkpt>
  <trkpt lat="38.81018651" lon="115.16622576"><ele>44.820</ele><time>2026-08-25T08:39:25Z</time><sat>14</sat></trkpt>
  <trkpt lat="38.81033738" lon="115.16718292"><ele>46.271</ele><time>2026-08-25T08:39:28Z</time><sat>16</sat></trkpt>
  <trkpt lat="38.81050046" lon="115.16813014"><ele>46.038</ele><time>2026-08-25T08:39:31Z</time><sat>13</sat></trkpt>
  <trkpt lat="38.81067166" lon="115.16906358"><ele>46.896</ele><time>2026-08-25T08:39:34Z</time><sat>15</sat></trkpt>
  <trkpt lat="38.81085153" lon="115.16999197"><ele>47.963</ele><time>2026-08-25T08:39:37Z</time><sat>14</sat></trkpt>
  <trkpt lat="38.81104776" lon="115.17092237"><ele>48.782</ele><time>2026-08-25T08:39:40Z</time><sat>14</sat></trkpt>
  <trkpt lat="38.81126117" lon="115.17185254"><ele>47.737</ele><time>2026-08-25T08:39:43Z</time><sat>14</sat></trkpt>
  <trkpt lat="38.81148664" lon="115.17280058"><ele>47.138</ele><time>2026-08-25T08:39:46Z</time><sat>11</sat></trkpt>
  <trkpt lat="38.81172461" lon="115.17375571"><ele>46.838</ele><time>2026-08-25T08:39:49Z</time><sat>12</sat></trkpt>
  <trkpt lat="38.81198201" lon="115.17471263"><ele>46.490</ele><time>2026-08-25T08:39:52Z</time><sat>13</sat></trkpt>
  <trkpt lat="38.81224322" lon="115.17566869"><ele>46.874</ele><time>2026-08-25T08:39:55Z</time><sat>11</sat></trkpt>
  <trkpt lat="38.81252306" lon="115.17661599"><ele>44.950</ele><time>2026-08-25T08:39:58Z</time><sat>9</sat></trkpt>
  <trkpt lat="38.81280312" lon="115.17756794"><ele>44.605</ele><time>2026-08-25T08:40:01Z</time><sat>11</sat></trkpt>
  <trkpt lat="38.81309253" lon="115.17852567"><ele>44.997</ele><time>2026-08-25T08:40:04Z</time><sat>14</sat></trkpt>
  <trkpt lat="38.81339080" lon="115.17947791"><ele>42.610</ele><time>2026-08-25T08:40:07Z</time><sat>10</sat></trkpt>
  <trkpt lat="38.81369399" lon="115.18045886"><ele>41.662</ele><time>2026-08-25T08:40:10Z</time><sat>12</sat></trkpt>
  <trkpt lat="38.81399165" lon="115.18145090"><ele>41.734</ele><time>2026-08-25T08:40:13Z</time><sat>12</sat></trkpt>
  <trkpt lat="38.81427774" lon="115.18245377"><ele>41.502</ele><time>2026-08-25T08:40:16Z</time><sat>11</sat></trkpt>
  <trkpt lat="38.81456006" lon="115.18346804"><ele>40.697</ele><time>2026-08-25T08:40:19Z</time><sat>10</sat></trkpt>
  <trkpt lat="38.81483927" lon="115.18450967"><ele>40.040</ele><time>2026-08-25T08:40:22Z</time><sat>12</sat></trkpt>
  <trkpt lat="38.81510573" lon="115.18554997"><ele>39.334</ele><time>2026-08-25T08:40:25Z</time><sat>11</sat></trkpt>
  <trkpt lat="38.81535142" lon="115.18659935"><ele>39.819</ele><time>2026-08-25T08:40:28Z</time><sat>10</sat></trkpt>
  <trkpt lat="38.81557968" lon="115.18763792"><ele>41.319</ele><time>2026-08-25T08:40:31Z</time><sat>10</sat></trkpt>
  <trkpt lat="38.81579756" lon="115.18866464"><ele>40.893</ele><time>2026-08-25T08:40:34Z</time><sat>13</sat></trkpt>
  <trkpt lat="38.81599494" lon="115.18966741"><ele>41.057</ele><time>2026-08-25T08:40:37Z</time><sat>10</sat></trkpt>
  <trkpt lat="38.81618123" lon="115.19066593"><ele>39.949</ele><time>2026-08-25T08:40:40Z</time><sat>12</sat></trkpt>
  <trkpt lat="38.81635417" lon="115.19167637"><ele>39.955</ele><time>2026-08-25T08:40:43Z</time><sat>11</sat></trkpt>
  <trkpt lat="38.81651590" lon="115.19270286"><ele>39.899</ele><time>2026-08-25T08:40:46Z</time><sat>12</sat></trkpt>
  <trkpt lat="38.81667361" lon="115.19374147"><ele>38.263</ele><time>2026-08-25T08:40:49Z</time><sat>10</sat></trkpt>
  <trkpt lat="38.81682462" lon="115.19478472"><ele>38.373</ele><time>2026-08-25T08:40:52Z</time><sat>14</sat></trkpt>
  <trkpt lat="38.81697268" lon="115.19584213"><ele>38.181</ele><time>2026-08-25T08:40:55Z</time><sat>12</sat></trkpt>
  <trkpt lat="38.81712316" lon="115.19691266"><ele>38.226</ele><time>2026-08-25T08:40:58Z</time><sat>14</sat></trkpt>
  <trkpt lat="38.81727935" lon="115.19799537"><ele>38.517</ele><time>2026-08-25T08:41:01Z</time><sat>14</sat></trkpt>
  <trkpt lat="38.81743369" lon="115.19907682"><ele>38.646</ele><time>2026-08-25T08:41:04Z</time><sat>13</sat></trkpt>
  <trkpt lat="38.81759877" lon="115.20015289"><ele>39.490</ele><time>2026-08-25T08:41:07Z</time><sat>10</sat></trkpt>
  <trkpt lat="38.81777672" lon="115.20121973"><ele>38.976</ele><time>2026-08-25T08:41:10Z</time><sat>14</sat></trkpt>
  <trkpt lat="38.81796181" lon="115.20227393"><ele>38.592</ele><time>2026-08-25T08:41:13Z</time><sat>15</sat></trkpt>
  <trkpt lat="38.81815852" lon="115.20330666"><ele>37.232</ele><time>2026-08-25T08:41:16Z</time><sat>15</sat></trkpt>
  <trkpt lat="38.81836189" lon="115.20433141"><ele>36.774</ele><time>2026-08-25T08:41:19Z</time><sat>15</sat></trkpt>
  <trkpt lat="38.81857963" lon="115.20535331"><ele>36.477</ele><time>2026-08-25T08:41:22Z</time><sat>12</sat></trkpt>
  <trkpt lat="38.81881140" lon="115.20638049"><ele>35.007</ele><time>2026-08-25T08:41:25Z</time><sat>12</sat></trkpt>
  <trkpt lat="38.81905626" lon="115.20740771"><ele>34.482</ele><time>2026-08-25T08:41:28Z</time><sat>15</sat></trkpt>
  <trkpt lat="38.81931597" lon="115.20843754"><ele>36.311</ele><time>2026-08-25T08:41:31Z</time><sat>11</sat></trkpt>
  <trkpt lat="38.81959750" lon="115.20947733"><ele>36.662</ele><time>2026-08-25T08:41:34Z</time><sat>13</sat></trkpt>
  <trkpt lat="38.81989210" lon="115.21052607"><ele>38.453</ele><time>2026-08-25T08:41:37Z</time><sat>9</sat></trkpt>
  <trkpt lat="38.82020081" lon="115.21156166"><ele>37.262</ele><time>2026-08-25T08:41:40Z</time><sat>13</sat></trkpt>
  <trkpt lat="38.82052125" lon="115.21260129"><ele>39.174</ele><time>2026-08-25T08:41:43Z</time><sat>11</sat></trkpt>
  <trkpt lat="38.82083829" lon="115.21362117"><ele>41.144</ele><time>2026-08-25T08:41:46Z</time><sat>15</sat></trkpt>
  <trkpt lat="38.82115143" lon="115.21461877"><ele>42.568</ele><time>2026-08-25T08:41:49Z</time><sat>15</sat></trkpt>
  <trkpt lat="38.82145776" lon="115.21560447"><ele>42.373</ele><time>2026-08-25T08:41:52Z</time><sat>11</sat></trkpt>
  <trkpt lat="38.82175541" lon="115.21660360"><ele>42.832</ele><time>2026-08-25T08:41:55Z</time><sat>16</sat></trkpt>
  <trkpt lat="38.82203188" lon="115.21761131"><ele>42.538</ele><time>2026-08-25T08:41:58Z</time><sat>14</sat></trkpt>
  <trkpt lat="38.82228279" lon="115.21860968"><ele>43.018</ele><time>2026-08-25T08:42:01Z</time><sat>10</sat></trkpt>
  <trkpt lat="38.82250893" lon="115.21961914"><ele>42.875</ele><time>2026-08-25T08:42:04Z</time><sat>11</sat></trkpt>
  <trkpt lat="38.82271396" lon="115.22064932"><ele>41.932</ele><time>2026-08-25T08:42:07Z</time><sat>12</sat></trkpt>
  <trkpt lat="38.82289668" lon="115.22170098"><ele>41.555</ele><time>2026-08-25T08:42:10Z</time><sat>13</sat></trkpt>
  <trkpt lat="38.82305502" lon="115.22277221"><ele>42.144</ele><time>2026-08-25T08:42:13Z</time><sat>11</sat></trkpt>
  <trkpt lat="38.82319113" lon="115.22384699"><ele>41.283</ele><time>2026-08-25T08:42:16Z</time><sat>12</sat></trkpt>
  <trkpt lat="38.82329958" lon="115.22493258"><ele>42.098</ele><time>2026-08-25T08:42:19Z</time><sat>15</sat></trkpt>
  <trkpt lat="38.82338263" lon="115.22603116"><ele>42.309</ele><time>2026-08-25T08:42:22Z</time><sat>16</sat></trkpt>
  <trkpt lat="38.82343766" lon="115.22711033"><ele>42.852</ele><time>2026-08-25T08:42:25Z</time><sat>15</sat></trkpt>
  <trkpt lat="38.82346379" lon="115.22817083"><ele>43.191</ele><time>2026-08-25T08:42:28Z</time><sat>15</sat></trkpt>
  <trkpt lat="38.82346106" lon="115.22922304"><ele>43.925</ele><time>2026-08-25T08:42:31Z</time><sat>16</sat></trkpt>
  <trkpt lat="38.82343452" lon="115.23027758"><ele>44.748</ele><time>2026-08-25T08:42:34Z</time><sat>10</sat></trkpt>
  <trkpt lat="38.82338436" lon="115.23132561"><ele>45.641</ele><time>2026-08-25T08:42:37Z</time><sat>13</sat></trkpt>
  <trkpt lat="38.82330127" lon="115.23236575"><ele>44.934</ele><time>2026-08-25T08:42:40Z</time><sat>15</sat></trkpt>
  <trkpt lat="38.82317783" lon="115.23339775"><ele>43.644</ele><time>2026-08-25T08:42:43Z</time><sat>15</sat></trkpt>
  <trkpt lat="38.82304765" lon="115.23445793"><ele>42.648</ele><time>2026-08-25T08:42:46Z</time><sat>16</sat></trkpt>
  <trkpt lat="38.82289176" lon="115.23552343"><ele>41.400</ele><time>2026-08-25T08:42:49Z</time><sat>19</sat></trkpt>
  <trkpt lat="38.82271299" lon="115.23658601"><ele>40.293</ele><time>2026-08-25T08:42:52Z</time><sat>18</sat></trkpt>
  <trkpt lat="38.82250836" lon="115.23764150"><ele>40.217</ele><time>2026-08-25T08:42:55Z</time><sat>16</sat></trkpt>
  <trkpt lat="38.82227394" lon="115.23870482"><ele>40.605</ele><time>2026-08-25T08:42:58Z</time><sat>19</sat></trkpt>
  <trkpt lat="38.82201132" lon="115.23975175"><ele>41.043</ele><time>2026-08-25T08:43:01Z</time><sat>16</sat></trkpt>
  <trkpt lat="38.82172802" lon="115.24077276"><ele>40.877</ele><time>2026-08-25T08:43:04Z</time><sat>16</sat></trkpt>
  <trkpt lat="38.82142216" lon="115.24177539"><ele>40.884</ele><time>2026-08-25T08:43:07Z</time><sat>15</sat></trkpt>
  <trkpt lat="38.82109971" lon="115.24276160"><ele>40.288</ele><time>2026-08-25T08:43:10Z</time><sat>16</sat></trkpt>
  <trkpt lat="38.82078227" lon="115.24371334"><ele>39.942</ele><time>2026-08-25T08:43:13Z</time><sat>15</sat></trkpt>
  <trkpt lat="38.82048324" lon="115.24463616"><ele>39.074</ele><time>2026-08-25T08:43:16Z</time><sat>17</sat></trkpt>
  <trkpt lat="38.82019193" lon="115.24552961"><ele>37.392</ele><time>2026-08-25T08:43:19Z</time><sat>16</sat></trkpt>
  <trkpt lat="38.81990506" lon="115.24638397"><ele>37.765</ele><time>2026-08-25T08:43:22Z</time><sat>17</sat></trkpt>
  <trkpt lat="38.81962738" lon="115.24719469"><ele>37.752</ele><time>2026-08-25T08:43:25Z</time><sat>12</sat></trkpt>
  <trkpt lat="38.81934490" lon="115.24802096"><ele>37.363</ele><time>2026-08-25T08:43:28Z</time><sat>13</sat></trkpt>
  <trkpt lat="38.81908798" lon="115.24876347"><ele>36.917</ele><time>2026-08-25T08:43:31Z</time><sat>14</sat></trkpt>
  <trkpt lat="38.81883792" lon="115.24947678"><ele>36.513</ele><time>2026-08-25T08:43:34Z</time><sat>15</sat></trkpt>
  <trkpt lat="38.81857806" lon="115.25023318"><ele>36.585</ele><time>2026-08-25T08:43:37Z</time><sat>16</sat></trkpt>
  <trkpt lat="38.81830779" lon="115.25101458"><ele>36.634</ele><time>2026-08-25T08:43:40Z</time><sat>14</sat></trkpt>
  <trkpt lat="38.81803552" lon="115.25181181"><ele>34.824</ele><time>2026-08-25T08:43:43Z</time><sat>11</sat></trkpt>
  <trkpt lat="38.81775620" lon="115.25263908"><ele>34.889</ele><time>2026-08-25T08:43:46Z</time><sat>16</sat></trkpt>
  <trkpt lat="38.81746793" lon="115.25350431"><ele>34.104</ele><time>2026-08-25T08:43:49Z</time><sat>17</sat></trkpt>
  <trkpt lat="38.81718472" lon="115.25440031"><ele>33.026</ele><time>2026-08-25T08:43:52Z</time><sat>17</sat></trkpt>
  <trkpt lat="38.81690081" lon="115.25533133"><ele>32.739</ele><time>2026-08-25T08:43:55Z</time><sat>15</sat></trkpt>
  <trkpt lat="38.81662921" lon="115.25629921"><ele>32.814</ele><time>2026-08-25T08:43:58Z</time><sat>13</sat></trkpt>
  <trkpt lat="38.81636994" lon="115.25730142"><ele>34.183</ele><time>2026-08-25T08:44:01Z</time><sat>14</sat></trkpt>
  <trkpt lat="38.81612873" lon="115.25832661"><ele>36.724</ele><time>2026-08-25T08:44:04Z</time><sat>17</sat></trkpt>
  <trkpt lat="38.81589418" lon="115.25938253"><ele>38.208</ele><time>2026-08-25T08:44:07Z</time><sat>14</sat></trkpt>
  <trkpt lat="38.81567430" lon="115.26045993"><ele>39.791</ele><time>2026-08-25T08:44:10Z</time><sat>13</sat></trkpt>
  <trkpt lat="38.81546548" lon="115.26154009"><ele>39.887</ele><time>2026-08-25T08:44:13Z</time><sat>17</sat></trkpt>
  <trkpt lat="38.81526894" lon="115.26260997"><ele>40.116</ele><time>2026-08-25T08:44:16Z</time><sat>17</sat></trkpt>
  <trkpt lat="38.81507004" lon="115.26367749"><ele>40.071</ele><time>2026-08-25T08:44:19Z</time><sat>17</sat></trkpt>
  <trkpt lat="38.81486285" lon="115.26476465"><ele>41.096</ele><time>2026-08-25T08:44:22Z</time><sat>18</sat></trkpt>
  <trkpt lat="38.81464147" lon="115.26584042"><ele>41.024</ele><time>2026-08-25T08:44:25Z</time><sat>17</sat></trkpt>
  <trkpt lat="38.81440236" lon="115.26689366"><ele>42.331</ele><time>2026-08-25T08:44:28Z</time><sat>17</sat></trkpt>
  <trkpt lat="38.81413983" lon="115.26792562"><ele>42.750</ele><time>2026-08-25T08:44:31Z</time><sat>16</sat></trkpt>
  <trkpt lat="38.81384735" lon="115.26895243"><ele>42.908</ele><time>2026-08-25T08:44:34Z</time><sat>16</sat></trkpt>
  <trkpt lat="38.81352567" lon="115.26996117"><ele>41.668</ele><time>2026-08-25T08:44:37Z</time><sat>14</sat></trkpt>
  <trkpt lat="38.81318016" lon="115.27095187"><ele>40.517</ele><time>2026-08-25T08:44:40Z</time><sat>12</sat></trkpt>
  <trkpt lat="38.81280484" lon="115.27195281"><ele>38.355</ele><time>2026-08-25T08:44:43Z</time><sat>13</sat></trkpt>
  <trkpt lat="38.81239221" lon="115.27294659"><ele>37.335</ele><time>2026-08-25T08:44:46Z</time><sat>14</sat></trkpt>
  <trkpt lat="38.81195620" lon="115.27391973"><ele>37.485</ele><time>2026-08-25T08:44:49Z</time><sat>13</sat></trkpt>
  <trkpt lat="38.81149566" lon="115.27486611"><ele>37.958</ele><time>2026-08-25T08:44:52Z</time><sat>15</sat></trkpt>
  <trkpt lat="38.81100762" lon="115.27579788"><ele>38.852</ele><time>2026-08-25T08:44:55Z</time><sat>11</sat></trkpt>
  <trkpt lat="38.81050185" lon="115.27670458"><ele>38.175</ele><time>2026-08-25T08:44:58Z</time><sat>16</sat></trkpt>
  <trkpt lat="38.80997457" lon="115.27760692"><ele>37.535</ele><time>2026-08-25T08:45:01Z</time><sat>14</sat></trkpt>
  <trkpt lat="38.80944888" lon="115.27849062"><ele>36.321</ele><time>2026-08-25T08:45:04Z</time><sat>15</sat></trkpt>
  <trkpt lat="38.80892314" lon="115.27938200"><ele>35.339</ele><time>2026-08-25T08:45:07Z</time><sat>16</sat></trkpt>
  <trkpt lat="38.80840030" lon="115.28028325"><ele>34.602</ele><time>2026-08-25T08:45:10Z</time><sat>16</sat></trkpt>
  <trkpt lat="38.80789239" lon="115.28119920"><ele>33.337</ele><time>2026-08-25T08:45:13Z</time><sat>14</sat></trkpt>
  <trkpt lat="38.80742440" lon="115.28209471"><ele>33.105</ele><time>2026-08-25T08:45:16Z</time><sat>14</sat></trkpt>
  <trkpt lat="38.80697593" lon="115.28299329"><ele>33.392</ele><time>2026-08-25T08:45:19Z</time><sat>8</sat></trkpt>
  <trkpt lat="38.80656413" lon="115.28392800"><ele>34.292</ele><time>2026-08-25T08:45:22Z</time><sat>8</sat></trkpt>
  <trkpt lat="38.80618013" lon="115.28485891"><ele>34.646</ele><time>2026-08-25T08:45:25Z</time><sat>14</sat></trkpt>
  <trkpt lat="38.80582690" lon="115.28578216"><ele>34.663</ele><time>2026-08-25T08:45:28Z</time><sat>14</sat></trkpt>
  <trkpt lat="38.80549679" lon="115.28671056"><ele>34.949</ele><time>2026-08-25T08:45:31Z</time><sat>13</sat></trkpt>
  <trkpt lat="38.80519431" lon="115.28763193"><ele>35.280</ele><time>2026-08-25T08:45:34Z</time><sat>14</sat></trkpt>
  <trkpt lat="38.80492192" lon="115.28854317"><ele>37.241</ele><time>2026-08-25T08:45:37Z</time><sat>15</sat></trkpt>
  <trkpt lat="38.80467784" lon="115.28945333"><ele>36.526</ele><time>2026-08-25T08:45:40Z</time><sat>15</sat></trkpt>
  <trkpt lat="38.80445293" lon="115.29037434"><ele>37.408</ele><time>2026-08-25T08:45:43Z</time><sat>16</sat></trkpt>
  <trkpt lat="38.80424279" lon="115.29132993"><ele>37.730</ele><time>2026-08-25T08:45:46Z</time><sat>16</sat></trkpt>
  <trkpt lat="38.80403163" lon="115.29229775"><ele>38.080</ele><time>2026-08-25T08:45:49Z</time><sat>18</sat></trkpt>
  <trkpt lat="38.80382627" lon="115.29328349"><ele>38.802</ele><time>2026-08-25T08:45:52Z</time><sat>16</sat></trkpt>
  <trkpt lat="38.80363913" lon="115.29429012"><ele>38.975</ele><time>2026-08-25T08:45:55Z</time><sat>12</sat></trkpt>
  <trkpt lat="38.80344954" lon="115.29531609"><ele>38.729</ele><time>2026-08-25T08:45:58Z</time><sat>13</sat></trkpt>
  <trkpt lat="38.80324713" lon="115.29635791"><ele>37.304</ele><time>2026-08-25T08:46:01Z</time><sat>16</sat></trkpt>
  <trkpt lat="38.80302909" lon="115.29739990"><ele>36.409</ele><time>2026-08-25T08:46:04Z</time><sat>14</sat></trkpt>
  <trkpt lat="38.80278498" lon="115.29844914"><ele>35.649</ele><time>2026-08-25T08:46:07Z</time><sat>12</sat></trkpt>
  <trkpt lat="38.80251453" lon="115.29949909"><ele>35.111</ele><time>2026-08-25T08:46:10Z</time><sat>16</sat></trkpt>
  <trkpt lat="38.80220914" lon="115.30055486"><ele>33.563</ele><time>2026-08-25T08:46:13Z</time><sat>15</sat></trkpt>
  <trkpt lat="38.80188357" lon="115.30158692"><ele>32.485</ele><time>2026-08-25T08:46:16Z</time><sat>13</sat></trkpt>
  <trkpt lat="38.80153266" lon="115.30260877"><ele>31.862</ele><time>2026-08-25T08:46:19Z</time><sat>17</sat></trkpt>
  <trkpt lat="38.80115005" lon="115.30362229"><ele>30.918</ele><time>2026-08-25T08:46:22Z</time><sat>15</sat></trkpt>
  <trkpt lat="38.80074837" lon="115.30461779"><ele>31.024</ele><time>2026-08-25T08:46:25Z</time><sat>12</sat></trkpt>
  <trkpt lat="38.80031997" lon="115.30559348"><ele>30.407</ele><time>2026-08-25T08:46:28Z</time><sat>9</sat></trkpt>
  <trkpt lat="38.79986442" lon="115.30654743"><ele>31.010</ele><time>2026-08-25T08:46:31Z</time><sat>12</sat></trkpt>
  <trkpt lat="38.79939168" lon="115.30749617"><ele>33.526</ele><time>2026-08-25T08:46:34Z</time><sat>12</sat></trkpt>
  <trkpt lat="38.79890266" lon="115.30843672"><ele>34.767</ele><time>2026-08-25T08:46:37Z</time><sat>12</sat></trkpt>
  <trkpt lat="38.79840944" lon="115.30938259"><ele>36.418</ele><time>2026-08-25T08:46:40Z</time><sat>12</sat></trkpt>
  <trkpt lat="38.79791151" lon="115.31034455"><ele>37.612</ele><time>2026-08-25T08:46:43Z</time><sat>13</sat></trkpt>
  <trkpt lat="38.79741202" lon="115.31132395"><ele>40.448</ele><time>2026-08-25T08:46:46Z</time><sat>13</sat></trkpt>
  <trkpt lat="38.79693424" lon="115.31227930"><ele>41.642</ele><time>2026-08-25T08:46:49Z</time><sat>11</sat></trkpt>
  <trkpt lat="38.79649643" lon="115.31318711"><ele>42.869</ele><time>2026-08-25T08:46:52Z</time><sat>14</sat></trkpt>
  <trkpt lat="38.79609218" lon="115.31405138"><ele>43.651</ele><time>2026-08-25T08:46:55Z</time><sat>10</sat></trkpt>
  <trkpt lat="38.79570560" lon="115.31491011"><ele>43.762</ele><time>2026-08-25T08:46:58Z</time><sat>9</sat></trkpt>
  <trkpt lat="38.79532926" lon="115.31578671"><ele>43.483</ele><time>2026-08-25T08:47:01Z</time><sat>9</sat></trkpt>
  <trkpt lat="38.79496459" lon="115.31665645"><ele>42.371</ele><time>2026-08-25T08:47:04Z</time><sat>11</sat></trkpt>
  <trkpt lat="38.79461302" lon="115.31753408"><ele>40.856</ele><time>2026-08-25T08:47:07Z</time><sat>11</sat></trkpt>
  <trkpt lat="38.79426597" lon="115.31843234"><ele>40.233</ele><time>2026-08-25T08:47:10Z</time><sat>14</sat></trkpt>
  <trkpt lat="38.79393468" lon="115.31932347"><ele>38.965</ele><time>2026-08-25T08:47:13Z</time><sat>12</sat></trkpt>
  <trkpt lat="38.79361827" lon="115.32021292"><ele>36.959</ele><time>2026-08-25T08:47:16Z</time><sat>16</sat></trkpt>
  <trkpt lat="38.79330885" lon="115.32110886"><ele>34.914</ele><time>2026-08-25T08:47:19Z</time><sat>14</sat></trkpt>
  <trkpt lat="38.79302222" lon="115.32198593"><ele>33.321</ele><time>2026-08-25T08:47:22Z</time><sat>12</sat></trkpt>
  <trkpt lat="38.79275733" lon="115.32283231"><ele>32.348</ele><time>2026-08-25T08:47:25Z</time><sat>14</sat></trkpt>
  <trkpt lat="38.79249946" lon="115.32367647"><ele>31.083</ele><time>2026-08-25T08:47:28Z</time><sat>16</sat></trkpt>
  <trkpt lat="38.79224101" lon="115.32454694"><ele>29.579</ele><time>2026-08-25T08:47:31Z</time><sat>17</sat></trkpt>
  <trkpt lat="38.79198834" lon="115.32547130"><ele>28.944</ele><time>2026-08-25T08:47:34Z</time><sat>16</sat></trkpt>
  <trkpt lat="38.79175826" lon="115.32643367"><ele>28.615</ele><time>2026-08-25T08:47:37Z</time><sat>16</sat></trkpt>
  <trkpt lat="38.79152086" lon="115.32743573"><ele>30.312</ele><time>2026-08-25T08:47:40Z</time><sat>14</sat></trkpt>
  <trkpt lat="38.79128020" lon="115.32845644"><ele>31.603</ele><time>2026-08-25T08:47:43Z</time><sat>14</sat></trkpt>
  <trkpt lat="38.79104361" lon="115.32951525"><ele>31.719</ele><time>2026-08-25T08:47:46Z</time><sat>13</sat></trkpt>
  <trkpt lat="38.79081258" lon="115.33060702"><ele>31.974</ele><time>2026-08-25T08:47:49Z</time><sat>12</sat></trkpt>
  <trkpt lat="38.79061008" lon="115.33171278"><ele>31.514</ele><time>2026-08-25T08:47:52Z</time><sat>13</sat></trkpt>
  <trkpt lat="38.79041581" lon="115.33284464"><ele>31.061</ele><time>2026-08-25T08:47:55Z</time><sat>16</sat></trkpt>
  <trkpt lat="38.79023210" lon="115.33398950"><ele>29.719</ele><time>2026-08-25T08:47:58Z</time><sat>15</sat></trkpt>
  <trkpt lat="38.79006070" lon="115.33514961"><ele>28.429</ele><time>2026-08-25T08:48:01Z</time><sat>14</sat></trkpt>
  <trkpt lat="38.78991455" lon="115.33629791"><ele>27.699</ele><time>2026-08-25T08:48:04Z</time><sat>12</sat></trkpt>
  <trkpt lat="38.78978416" lon="115.33744762"><ele>26.626</ele><time>2026-08-25T08:48:07Z</time><sat>11</sat></trkpt>
  <trkpt lat="38.78966491" lon="115.33861797"><ele>24.223</ele><time>2026-08-25T08:48:10Z</time><sat>14</sat></trkpt>
  <trkpt lat="38.78956325" lon="115.33978763"><ele>23.547</ele><time>2026-08-25T08:48:13Z</time><sat>13</sat></trkpt>
  <trkpt lat="38.78947927" lon="115.34095115"><ele>23.310</ele><time>2026-08-25T08:48:16Z</time><sat>12</sat></trkpt>
  <trkpt lat="38.78941574" lon="115.34209017"><ele>24.116</ele><time>2026-08-25T08:48:19Z</time><sat>12</sat></trkpt>
  <trkpt lat="38.78936752" lon="115.34320453"><ele>24.391</ele><time>2026-08-25T08:48:22Z</time><sat>13</sat></trkpt>
  <trkpt lat="38.78933514" lon="115.34428018"><ele>25.060</ele><time>2026-08-25T08:48:25Z</time><sat>16</sat></trkpt>
  <trkpt lat="38.78931704" lon="115.34533253"><ele>25.478</ele><time>2026-08-25T08:48:28Z</time><sat>13</sat></trkpt>
  <trkpt lat="38.78931347" lon="115.34637870"><ele>24.818</ele><time>2026-08-25T08:48:31Z</time><sat>12</sat></trkpt>
  <trkpt lat="38.78932365" lon="115.34744328"><ele>24.969</ele><time>2026-08-25T08:48:34Z</time><sat>14</sat></trkpt>
  <trkpt lat="38.78934519" lon="115.34850114"><ele>23.983</ele><time>2026-08-25T08:48:37Z</time><sat>14</sat></trkpt>
  <trkpt lat="38.78938622" lon="115.34956190"><ele>23.394</ele><time>2026-08-25T08:48:40Z</time><sat>18</sat></trkpt>
  <trkpt lat="38.78943758" lon="115.35062428"><ele>22.127</ele><time>2026-08-25T08:48:43Z</time><sat>19</sat></trkpt>
  <trkpt lat="38.78950824" lon="115.35171027"><ele>22.365</ele><time>2026-08-25T08:48:46Z</time><sat>18</sat></trkpt>
  <trkpt lat="38.78958897" lon="115.35279304"><ele>22.856</ele><time>2026-08-25T08:48:49Z</time><sat>17</sat></trkpt>
  <trkpt lat="38.78968950" lon="115.35388304"><ele>23.799</ele><time>2026-08-25T08:48:52Z</time><sat>18</sat></trkpt>
  <trkpt lat="38.78980347" lon="115.35497801"><ele>23.102</ele><time>2026-08-25T08:48:55Z</time><sat>16</sat></trkpt>
  <trkpt lat="38.78993633" lon="115.35609029"><ele>21.739</ele><time>2026-08-25T08:48:58Z</time><sat>14</sat></trkpt>
  <trkpt lat="38.79008517" lon="115.35720985"><ele>22.613</ele><time>2026-08-25T08:49:01Z</time><sat>15</sat></trkpt>
  <trkpt lat="38.79024170" lon="115.35833574"><ele>22.790</ele><time>2026-08-25T08:49:04Z</time><sat>14</sat></trkpt>
  <trkpt lat="38.79038490" lon="115.35947235"><ele>22.820</ele><time>2026-08-25T08:49:07Z</time><sat>18</sat></trkpt>
  <trkpt lat="38.79051310" lon="115.36062864"><ele>22.324</ele><time>2026-08-25T08:49:10Z</time><sat>15</sat></trkpt>
  <trkpt lat="38.79062498" lon="115.36178887"><ele>21.717</ele><time>2026-08-25T08:49:13Z</time><sat>14</sat></trkpt>
  <trkpt lat="38.79071886" lon="115.36294747"><ele>21.834</ele><time>2026-08-25T08:49:16Z</time><sat>13</sat></trkpt>
  <trkpt lat="38.79079359" lon="115.36410718"><ele>22.422</ele><time>2026-08-25T08:49:19Z</time><sat>15</sat></trkpt>
  <trkpt lat="38.79085501" lon="115.36527746"><ele>22.844</ele><time>2026-08-25T08:49:22Z</time><sat>17</sat></trkpt>
  <trkpt lat="38.79089914" lon="115.36644999"><ele>22.661</ele><time>2026-08-25T08:49:25Z</time><sat>18</sat></trkpt>
  <trkpt lat="38.79092439" lon="115.36759772"><ele>22.086</ele><time>2026-08-25T08:49:28Z</time><sat>15</sat></trkpt>
  <trkpt lat="38.79093554" lon="115.36869447"><ele>20.866</ele><time>2026-08-25T08:49:31Z</time><sat>13</sat></trkpt>
  <trkpt lat="38.79092980" lon="115.36974896"><ele>20.002</ele><time>2026-08-25T08:49:34Z</time><sat>16</sat></trkpt>
  <trkpt lat="38.79090366" lon="115.37078225"><ele>19.632</ele><time>2026-08-25T08:49:37Z</time><sat>12</sat></trkpt>
  <trkpt lat="38.79087807" lon="115.37178026"><ele>19.790</ele><time>2026-08-25T08:49:40Z</time><sat>13</sat></trkpt>
  <trkpt lat="38.79083891" lon="115.37274718"><ele>22.252</ele><time>2026-08-25T08:49:43Z</time><sat>14</sat></trkpt>
  <trkpt lat="38.79079113" lon="115.37369713"><ele>22.338</ele><time>2026-08-25T08:49:46Z</time><sat>15</sat></trkpt>
  <trkpt lat="38.79072971" lon="115.37462854"><ele>23.227</ele><time>2026-08-25T08:49:49Z</time><sat>17</sat></trkpt>
  <trkpt lat="38.79065796" lon="115.37553975"><ele>22.692</ele><time>2026-08-25T08:49:52Z</time><sat>15</sat></trkpt>
  <trkpt lat="38.79057769" lon="115.37644672"><ele>23.530</ele><time>2026-08-25T08:49:55Z</time><sat>13</sat></trkpt>
  <trkpt lat="38.79048965" lon="115.37734548"><ele>24.545</ele><time>2026-08-25T08:49:58Z</time><sat>17</sat></trkpt>
  <trkpt lat="38.79039139" lon="115.37823753"><ele>24.379</ele><time>2026-08-25T08:50:01Z</time><sat>14</sat></trkpt>
  <trkpt lat="38.79028128" lon="115.37914558"><ele>24.094</ele><time>2026-08-25T08:50:04Z</time><sat>11</sat></trkpt>
  <trkpt lat="38.79015605" lon="115.38006960"><ele>21.576</ele><time>2026-08-25T08:50:07Z</time><sat>14</sat></trkpt>
  <trkpt lat="38.79003289" lon="115.38100887"><ele>21.174</ele><time>2026-08-25T08:50:10Z</time><sat>15</sat></trkpt>
  <trkpt lat="38.78990832" lon="115.38195154"><ele>21.658</ele><time>2026-08-25T08:50:13Z</time><sat>14</sat></trkpt>
  <trkpt lat="38.78977684" lon="115.38291002"><ele>22.116</ele><time>2026-08-25T08:50:16Z</time><sat>12</sat></trkpt>
  <trkpt lat="38.78965207" lon="115.38387111"><ele>21.695</ele><time>2026-08-25T08:50:19Z</time><sat>16</sat></trkpt>
  <trkpt lat="38.78954514" lon="115.38484071"><ele>22.500</ele><time>2026-08-25T08:50:22Z</time><sat>14</sat></trkpt>
  <trkpt lat="38.78948572" lon="115.38541725"><ele>22.707</ele><time>2026-08-25T08:50:25Z</time><sat>12</sat></trkpt>
  <trkpt lat="38.78935651" lon="115.38678830"><ele>23.049</ele><time>2026-08-25T08:50:28Z</time><sat>16</sat></trkpt>
  <trkpt lat="38.78928177" lon="115.38777880"><ele>22.977</ele><time>2026-08-25T08:50:31Z</time><sat>15</sat></trkpt>
  <trkpt lat="38.78921599" lon="115.38879409"><ele>23.174</ele><time>2026-08-25T08:50:34Z</time><sat>16</sat></trkpt>
  <trkpt lat="38.78916530" lon="115.38980680"><ele>23.174</ele><time>2026-08-25T08:50:37Z</time><sat>15</sat></trkpt>
  <trkpt lat="38.78912539" lon="115.39082507"><ele>23.202</ele><time>2026-08-25T08:50:40Z</time><sat>16</sat></trkpt>
  <trkpt lat="38.78909975" lon="115.39185550"><ele>23.126</ele><time>2026-08-25T08:50:43Z</time><sat>17</sat></trkpt>
  <trkpt lat="38.78908247" lon="115.39290414"><ele>23.307</ele><time>2026-08-25T08:50:46Z</time><sat>14</sat></trkpt>
  <trkpt lat="38.78908194" lon="115.39395216"><ele>24.039</ele><time>2026-08-25T08:50:49Z</time><sat>13</sat></trkpt>
  <trkpt lat="38.78909272" lon="115.39500830"><ele>23.460</ele><time>2026-08-25T08:50:52Z</time><sat>13</sat></trkpt>
  <trkpt lat="38.78911636" lon="115.39607045"><ele>21.733</ele><time>2026-08-25T08:50:55Z</time><sat>11</sat></trkpt>
  <trkpt lat="38.78916003" lon="115.39714941"><ele>21.749</ele><time>2026-08-25T08:50:58Z</time><sat>15</sat></trkpt>
  <trkpt lat="38.78921966" lon="115.39823153"><ele>21.103</ele><time>2026-08-25T08:51:01Z</time><sat>14</sat></trkpt>
  <trkpt lat="38.78929249" lon="115.39932194"><ele>19.828</ele><time>2026-08-25T08:51:04Z</time><sat>18</sat></trkpt>
  <trkpt lat="38.78937973" lon="115.40041779"><ele>18.798</ele><time>2026-08-25T08:51:07Z</time><sat>19</sat></trkpt>
  <trkpt lat="38.78948447" lon="115.40152720"><ele>17.933</ele><time>2026-08-25T08:51:10Z</time><sat>15</sat></trkpt>
  <trkpt lat="38.78960558" lon="115.40263568"><ele>17.252</ele><time>2026-08-25T08:51:13Z</time><sat>12</sat></trkpt>
  <trkpt lat="38.78974166" lon="115.40373767"><ele>16.775</ele><time>2026-08-25T08:51:16Z</time><sat>15</sat></trkpt>
  <trkpt lat="38.78988420" lon="115.40483932"><ele>16.813</ele><time>2026-08-25T08:51:19Z</time><sat>14</sat></trkpt>
  <trkpt lat="38.79002723" lon="115.40594616"><ele>16.619</ele><time>2026-08-25T08:51:22Z</time><sat>13</sat></trkpt>
  <trkpt lat="38.79017144" lon="115.40704990"><ele>16.668</ele><time>2026-08-25T08:51:25Z</time><sat>16</sat></trkpt>
  <trkpt lat="38.79031589" lon="115.40815026"><ele>17.196</ele><time>2026-08-25T08:51:28Z</time><sat>17</sat></trkpt>
  <trkpt lat="38.79045971" lon="115.40924854"><ele>17.264</ele><time>2026-08-25T08:51:31Z</time><sat>15</sat></trkpt>
  <trkpt lat="38.79060213" lon="115.41035731"><ele>17.809</ele><time>2026-08-25T08:51:34Z</time><sat>17</sat></trkpt>
  <trkpt lat="38.79073111" lon="115.41146792"><ele>17.924</ele><time>2026-08-25T08:51:37Z</time><sat>16</sat></trkpt>
  <trkpt lat="38.79084536" lon="115.41257475"><ele>17.663</ele><time>2026-08-25T08:51:40Z</time><sat>15</sat></trkpt>
  <trkpt lat="38.79094467" lon="115.41368119"><ele>17.821</ele><time>2026-08-25T08:51:43Z</time><sat>14</sat></trkpt>
  <trkpt lat="38.79102196" lon="115.41479919"><ele>18.080</ele><time>2026-08-25T08:51:46Z</time><sat>13</sat></trkpt>
  <trkpt lat="38.79107765" lon="115.41591782"><ele>17.960</ele><time>2026-08-25T08:51:49Z</time><sat>14</sat></trkpt>
  <trkpt lat="38.79111280" lon="115.41703471"><ele>17.719</ele><time>2026-08-25T08:51:52Z</time><sat>11</sat></trkpt>
  <trkpt lat="38.79112500" lon="115.41814974"><ele>17.011</ele><time>2026-08-25T08:51:55Z</time><sat>11</sat></trkpt>
  <trkpt lat="38.79111390" lon="115.41927726"><ele>16.805</ele><time>2026-08-25T08:51:58Z</time><sat>10</sat></trkpt>
  <trkpt lat="38.79108321" lon="115.42038192"><ele>15.875</ele><time>2026-08-25T08:52:01Z</time><sat>11</sat></trkpt>
  <trkpt lat="38.79103080" lon="115.42144648"><ele>16.195</ele><time>2026-08-25T08:52:04Z</time><sat>12</sat></trkpt>
  <trkpt lat="38.79094303" lon="115.42249433"><ele>16.952</ele><time>2026-08-25T08:52:07Z</time><sat>14</sat></trkpt>
  <trkpt lat="38.79084882" lon="115.42355727"><ele>16.835</ele><time>2026-08-25T08:52:10Z</time><sat>12</sat></trkpt>
  <trkpt lat="38.79074303" lon="115.42463070"><ele>17.549</ele><time>2026-08-25T08:52:13Z</time><sat>14</sat></trkpt>
  <trkpt lat="38.79061304" lon="115.42570678"><ele>16.786</ele><time>2026-08-25T08:52:16Z</time><sat>13</sat></trkpt>
  <trkpt lat="38.79046441" lon="115.42678440"><ele>16.490</ele><time>2026-08-25T08:52:19Z</time><sat>15</sat></trkpt>
  <trkpt lat="38.79029129" lon="115.42787887"><ele>15.475</ele><time>2026-08-25T08:52:22Z</time><sat>14</sat></trkpt>
  <trkpt lat="38.79009695" lon="115.42897059"><ele>14.379</ele><time>2026-08-25T08:52:25Z</time><sat>14</sat></trkpt>
  <trkpt lat="38.78989469" lon="115.43005533"><ele>14.594</ele><time>2026-08-25T08:52:28Z</time><sat>13</sat></trkpt>
  <trkpt lat="38.78968176" lon="115.43113804"><ele>14.746</ele><time>2026-08-25T08:52:31Z</time><sat>13</sat></trkpt>
  <trkpt lat="38.78946076" lon="115.43222059"><ele>13.218</ele><time>2026-08-25T08:52:34Z</time><sat>15</sat></trkpt>
  <trkpt lat="38.78924002" lon="115.43330031"><ele>12.098</ele><time>2026-08-25T08:52:37Z</time><sat>12</sat></trkpt>
  <trkpt lat="38.78901953" lon="115.43438465"><ele>12.177</ele><time>2026-08-25T08:52:40Z</time><sat>14</sat></trkpt>
  <trkpt lat="38.78880270" lon="115.43546293"><ele>12.695</ele><time>2026-08-25T08:52:43Z</time><sat>15</sat></trkpt>
  <trkpt lat="38.78859136" lon="115.43649266"><ele>13.199</ele><time>2026-08-25T08:52:46Z</time><sat>15</sat></trkpt>
  <trkpt lat="38.78840373" lon="115.43746432"><ele>13.909</ele><time>2026-08-25T08:52:49Z</time><sat>13</sat></trkpt>
  <trkpt lat="38.78822470" lon="115.43844865"><ele>13.796</ele><time>2026-08-25T08:52:52Z</time><sat>13</sat></trkpt>
  <trkpt lat="38.78803659" lon="115.43943894"><ele>16.145</ele><time>2026-08-25T08:52:55Z</time><sat>12</sat></trkpt>
  <trkpt lat="38.78783635" lon="115.44042986"><ele>16.574</ele><time>2026-08-25T08:52:58Z</time><sat>14</sat></trkpt>
  <trkpt lat="38.78764503" lon="115.44137647"><ele>16.875</ele><time>2026-08-25T08:53:01Z</time><sat>13</sat></trkpt>
  <trkpt lat="38.78745387" lon="115.44228475"><ele>18.848</ele><time>2026-08-25T08:53:04Z</time><sat>15</sat></trkpt>
  <trkpt lat="38.78725504" lon="115.44317093"><ele>19.060</ele><time>2026-08-25T08:53:07Z</time><sat>12</sat></trkpt>
  <trkpt lat="38.78707327" lon="115.44407753"><ele>19.954</ele><time>2026-08-25T08:53:10Z</time><sat>7</sat></trkpt>
  <trkpt lat="38.78690268" lon="115.44497637"><ele>19.620</ele><time>2026-08-25T08:53:13Z</time><sat>11</sat></trkpt>
  <trkpt lat="38.78673891" lon="115.44580619"><ele>18.969</ele><time>2026-08-25T08:53:16Z</time><sat>15</sat></trkpt>
  <trkpt lat="38.78659082" lon="115.44655935"><ele>18.529</ele><time>2026-08-25T08:53:19Z</time><sat>14</sat></trkpt>
  <trkpt lat="38.78645641" lon="115.44724707"><ele>18.387</ele><time>2026-08-25T08:53:22Z</time><sat>14</sat></trkpt>
  <trkpt lat="38.78633778" lon="115.44789307"><ele>18.535</ele><time>2026-08-25T08:53:25Z</time><sat>14</sat></trkpt>
  <trkpt lat="38.78624798" lon="115.44855502"><ele>20.074</ele><time>2026-08-25T08:53:28Z</time><sat>15</sat></trkpt>
  <trkpt lat="38.78616148" lon="115.44925602"><ele>21.377</ele><time>2026-08-25T08:53:31Z</time><sat>13</sat></trkpt>
  <trkpt lat="38.78607756" lon="115.44998680"><ele>21.352</ele><time>2026-08-25T08:53:34Z</time><sat>14</sat></trkpt>
  <trkpt lat="38.78599710" lon="115.45071783"><ele>21.392</ele><time>2026-08-25T08:53:37Z</time><sat>9</sat></trkpt>
  <trkpt lat="38.78592826" lon="115.45138400"><ele>21.172</ele><time>2026-08-25T08:53:40Z</time><sat>12</sat></trkpt>
  <trkpt lat="38.78585413" lon="115.45202988"><ele>20.798</ele><time>2026-08-25T08:53:43Z</time><sat>12</sat></trkpt>
  <trkpt lat="38.78581758" lon="115.45267323"><ele>20.067</ele><time>2026-08-25T08:53:46Z</time><sat>12</sat></trkpt>
  <trkpt lat="38.78577695" lon="115.45332291"><ele>20.240</ele><time>2026-08-25T08:53:49Z</time><sat>11</sat></trkpt>
  <trkpt lat="38.78573480" lon="115.45396783"><ele>21.239</ele><time>2026-08-25T08:53:52Z</time><sat>14</sat></trkpt>
  <trkpt lat="38.78569722" lon="115.45461412"><ele>21.251</ele><time>2026-08-25T08:53:55Z</time><sat>11</sat></trkpt>
  <trkpt lat="38.78566721" lon="115.45526084"><ele>21.056</ele><time>2026-08-25T08:53:58Z</time><sat>10</sat></trkpt>
  <trkpt lat="38.78563868" lon="115.45591887"><ele>20.272</ele><time>2026-08-25T08:54:01Z</time><sat>12</sat></trkpt>
  <trkpt lat="38.78561663" lon="115.45657314"><ele>19.572</ele><time>2026-08-25T08:54:04Z</time><sat>13</sat></trkpt>
  <trkpt lat="38.78560085" lon="115.45716239"><ele>19.929</ele><time>2026-08-25T08:54:07Z</time><sat>14</sat></trkpt>
  <trkpt lat="38.78556755" lon="115.45771919"><ele>20.809</ele><time>2026-08-25T08:54:10Z</time><sat>13</sat></trkpt>
  <trkpt lat="38.78555035" lon="115.45827958"><ele>20.785</ele><time>2026-08-25T08:54:13Z</time><sat>10</sat></trkpt>
  <trkpt lat="38.78554844" lon="115.45882984"><ele>21.477</ele><time>2026-08-25T08:54:16Z</time><sat>16</sat></trkpt>
  <trkpt lat="38.78554836" lon="115.45935988"><ele>21.376</ele><time>2026-08-25T08:54:19Z</time><sat>14</sat></trkpt>
  <trkpt lat="38.78555183" lon="115.45986510"><ele>22.441</ele><time>2026-08-25T08:54:22Z</time><sat>13</sat></trkpt>
  <trkpt lat="38.78556021" lon="115.46032418"><ele>20.369</ele><time>2026-08-25T08:54:25Z</time><sat>13</sat></trkpt>
  <trkpt lat="38.78555580" lon="115.46075442"><ele>18.031</ele><time>2026-08-25T08:54:28Z</time><sat>12</sat></trkpt>
  <trkpt lat="38.78544365" lon="115.46113505"><ele>17.284</ele><time>2026-08-25T08:54:31Z</time><sat>10</sat></trkpt>
  <trkpt lat="38.78521006" lon="115.46136772"><ele>17.399</ele><time>2026-08-25T08:54:34Z</time><sat>15</sat></trkpt>
  <trkpt lat="38.78492450" lon="115.46141568"><ele>17.988</ele><time>2026-08-25T08:54:37Z</time><sat>13</sat></trkpt>
  <trkpt lat="38.78475749" lon="115.46134593"><ele>17.608</ele><time>2026-08-25T08:54:40Z</time><sat>12</sat></trkpt>
  <trkpt lat="38.78463780" lon="115.46118209"><ele>17.870</ele><time>2026-08-25T08:54:43Z</time><sat>13</sat></trkpt>
  <trkpt lat="38.78433572" lon="115.46053748"><ele>16.647</ele><time>2026-08-25T08:54:46Z</time><sat>16</sat></trkpt>
  <trkpt lat="38.78426903" lon="115.46007302"><ele>16.113</ele><time>2026-08-25T08:54:49Z</time><sat>12</sat></trkpt>
  <trkpt lat="38.78429272" lon="115.45967109"><ele>15.383</ele><time>2026-08-25T08:54:52Z</time><sat>12</sat></trkpt>
  <trkpt lat="38.78444640" lon="115.45934517"><ele>14.142</ele><time>2026-08-25T08:54:55Z</time><sat>11</sat></trkpt>
  <trkpt lat="38.78471031" lon="115.45915863"><ele>13.648</ele><time>2026-08-25T08:54:58Z</time><sat>12</sat></trkpt>
  <trkpt lat="38.78505657" lon="115.45912293"><ele>13.707</ele><time>2026-08-25T08:55:01Z</time><sat>11</sat></trkpt>
  <trkpt lat="38.78547452" lon="115.45914032"><ele>13.877</ele><time>2026-08-25T08:55:04Z</time><sat>13</sat></trkpt>
  <trkpt lat="38.78593182" lon="115.45913358"><ele>14.927</ele><time>2026-08-25T08:55:07Z</time><sat>16</sat></trkpt>
  <trkpt lat="38.78642722" lon="115.45914340"><ele>15.244</ele><time>2026-08-25T08:55:10Z</time></trkpt>
  <trkpt lat="38.78691152" lon="115.45915061"><ele>16.608</ele><time>2026-08-25T08:55:13Z</time></trkpt>
  <trkpt lat="38.78735572" lon="115.45917417"><ele>18.439</ele><time>2026-08-25T08:55:16Z</time><sat>13</sat></trkpt>
  <trkpt lat="38.78774238" lon="115.45919261"><ele>19.693</ele><time>2026-08-25T08:55:19Z</time><sat>14</sat></trkpt>
  <trkpt lat="38.78807258" lon="115.45920777"><ele>20.905</ele><time>2026-08-25T08:55:22Z</time><sat>12</sat></trkpt>
  <trkpt lat="38.78836186" lon="115.45921803"><ele>22.152</ele><time>2026-08-25T08:55:25Z</time><sat>9</sat></trkpt>
  <trkpt lat="38.78864152" lon="115.45922024"><ele>21.332</ele><time>2026-08-25T08:55:28Z</time><sat>10</sat></trkpt>
  <trkpt lat="38.78888924" lon="115.45922758"><ele>21.115</ele><time>2026-08-25T08:55:31Z</time><sat>10</sat></trkpt>
  <trkpt lat="38.78902780" lon="115.45923155"><ele>21.502</ele><time>2026-08-25T08:55:34Z</time><sat>8</sat></trkpt>
  <trkpt lat="38.78929534" lon="115.45923947"><ele>21.668</ele><time>2026-08-25T08:55:37Z</time><sat>7</sat></trkpt>
  <trkpt lat="38.78942273" lon="115.45923421"><ele>20.839</ele><time>2026-08-25T08:55:40Z</time><sat>10</sat></trkpt>
  <trkpt lat="38.78952069" lon="115.45923089"><ele>20.510</ele><time>2026-08-25T08:55:43Z</time><sat>11</sat></trkpt>
  <trkpt lat="38.78967825" lon="115.45922893"><ele>20.219</ele><time>2026-08-25T08:55:46Z</time><sat>11</sat></trkpt>
  <trkpt lat="38.78985938" lon="115.45923170"><ele>20.024</ele><time>2026-08-25T08:55:49Z</time><sat>10</sat></trkpt>
  <trkpt lat="38.79001465" lon="115.45923843"><ele>20.103</ele><time>2026-08-25T08:55:52Z</time><sat>5</sat></trkpt>
  <trkpt lat="38.79011552" lon="115.45924483"><ele>19.939</ele><time>2026-08-25T08:55:55Z</time><sat>3</sat></trkpt>
  <trkpt lat="38.79018239" lon="115.45927551"><ele>19.179</ele><time>2026-08-25T08:55:58Z</time><sat>8</sat></trkpt>
  <trkpt lat="38.79027129" lon="115.45932633"><ele>18.421</ele><time>2026-08-25T08:56:01Z</time><sat>12</sat></trkpt>
  <trkpt lat="38.79036204" lon="115.45937033"><ele>17.276</ele><time>2026-08-25T08:56:04Z</time><sat>14</sat></trkpt>
  <trkpt lat="38.79043127" lon="115.45944212"><ele>16.253</ele><time>2026-08-25T08:56:07Z</time><sat>15</sat></trkpt>
  <trkpt lat="38.79044550" lon="115.45945833"><ele>16.097</ele><time>2026-08-25T08:56:10Z</time><sat>15</sat></trkpt>
  <trkpt lat="38.79044503" lon="115.45945651"><ele>16.023</ele><time>2026-08-25T08:56:13Z</time><sat>15</sat></trkpt>
  <trkpt lat="38.79044503" lon="115.45945651"><ele>16.023</ele><time>2026-08-25T08:56:16Z</time><sat>17</sat></trkpt>
  <trkpt lat="38.79044503" lon="115.45945651"><ele>16.023</ele><time>2026-08-25T08:56:19Z</time><sat>13</sat></trkpt>
  <trkpt lat="38.79044503" lon="115.45945651"><ele>16.023</ele><time>2026-08-25T08:56:22Z</time><sat>13</sat></trkpt>
  <trkpt lat="38.79044503" lon="115.45945651"><ele>16.023</ele><time>2026-08-25T08:56:25Z</time><sat>14</sat></trkpt>
  <trkpt lat="38.79044503" lon="115.45945651"><ele>16.023</ele><time>2026-08-25T08:56:28Z</time><sat>12</sat></trkpt>
  <trkpt lat="38.79044503" lon="115.45945651"><ele>16.023</ele><time>2026-08-25T08:56:31Z</time><sat>14</sat></trkpt>
  <trkpt lat="38.79044503" lon="115.45945651"><ele>16.023</ele><time>2026-08-25T08:56:34Z</time><sat>18</sat></trkpt>
  <trkpt lat="38.79044503" lon="115.45945651"><ele>16.023</ele><time>2026-08-25T08:56:37Z</time><sat>16</sat></trkpt>
  <trkpt lat="38.79044503" lon="115.45945651"><ele>16.023</ele><time>2026-08-25T08:56:40Z</time><sat>13</sat></trkpt>
  <trkpt lat="38.79044503" lon="115.45945651"><ele>16.023</ele><time>2026-08-25T08:56:43Z</time><sat>15</sat></trkpt>
  <trkpt lat="38.79044503" lon="115.45945651"><ele>16.023</ele><time>2026-08-25T08:56:46Z</time><sat>15</sat></trkpt>
  <trkpt lat="38.79044503" lon="115.45945651"><ele>16.023</ele><time>2026-08-25T08:56:49Z</time><sat>13</sat></trkpt>
  <trkpt lat="38.79044503" lon="115.45945651"><ele>16.023</ele><time>2026-08-25T08:56:52Z</time><sat>15</sat></trkpt>
  <trkpt lat="38.79044503" lon="115.45945651"><ele>16.023</ele><time>2026-08-25T08:56:55Z</time><sat>11</sat></trkpt>
  <trkpt lat="38.79044503" lon="115.45945651"><ele>16.023</ele><time>2026-08-25T08:56:58Z</time><sat>15</sat></trkpt>
  <trkpt lat="38.79044463" lon="115.45940481"><ele>17.946</ele><time>2026-08-25T08:57:01Z</time><sat>11</sat></trkpt>
  <trkpt lat="38.79048789" lon="115.45932210"><ele>17.206</ele><time>2026-08-25T08:57:04Z</time><sat>14</sat></trkpt>
  <trkpt lat="38.79055705" lon="115.45926206"><ele>16.493</ele><time>2026-08-25T08:57:07Z</time><sat>13</sat></trkpt>
  <trkpt lat="38.79061975" lon="115.45920020"><ele>15.325</ele><time>2026-08-25T08:57:10Z</time><sat>9</sat></trkpt>
  <trkpt lat="38.79066514" lon="115.45917394"><ele>14.387</ele><time>2026-08-25T08:57:13Z</time><sat>13</sat></trkpt>
  <trkpt lat="38.79066501" lon="115.45917385"><ele>15.060</ele><time>2026-08-25T08:57:16Z</time><sat>13</sat></trkpt>
  <trkpt lat="38.79066507" lon="115.45917408"><ele>15.077</ele><time>2026-08-25T08:57:19Z</time><sat>12</sat></trkpt>
  <trkpt lat="38.79066507" lon="115.45917408"><ele>15.077</ele><time>2026-08-25T08:57:22Z</time><sat>12</sat></trkpt>
  <trkpt lat="38.79066507" lon="115.45917408"><ele>15.077</ele><time>2026-08-25T08:57:25Z</time><sat>15</sat></trkpt>
  <trkpt lat="38.79066507" lon="115.45917408"><ele>15.077</ele><time>2026-08-25T08:57:28Z</time><sat>12</sat></trkpt>
  <trkpt lat="38.79066507" lon="115.45917408"><ele>15.077</ele><time>2026-08-25T08:57:31Z</time><sat>10</sat></trkpt>
  <trkpt lat="38.79068663" lon="115.45916549"><ele>16.718</ele><time>2026-08-25T08:57:34Z</time><sat>12</sat></trkpt>
  <trkpt lat="38.79073963" lon="115.45914961"><ele>16.706</ele><time>2026-08-25T08:57:37Z</time><sat>12</sat></trkpt>
  <trkpt lat="38.79081367" lon="115.45911720"><ele>16.817</ele><time>2026-08-25T08:57:40Z</time><sat>10</sat></trkpt>
  <trkpt lat="38.79094823" lon="115.45908076"><ele>17.345</ele><time>2026-08-25T08:57:43Z</time><sat>11</sat></trkpt>
  <trkpt lat="38.79113416" lon="115.45908361"><ele>17.304</ele><time>2026-08-25T08:57:46Z</time><sat>11</sat></trkpt>
  <trkpt lat="38.79133391" lon="115.45908941"><ele>17.017</ele><time>2026-08-25T08:57:49Z</time><sat>12</sat></trkpt>
  <trkpt lat="38.79154384" lon="115.45909822"><ele>17.223</ele><time>2026-08-25T08:57:52Z</time><sat>14</sat></trkpt>
  <trkpt lat="38.79175176" lon="115.45909838"><ele>17.165</ele><time>2026-08-25T08:57:55Z</time><sat>17</sat></trkpt>
  <trkpt lat="38.79193929" lon="115.45910338"><ele>17.432</ele><time>2026-08-25T08:57:58Z</time><sat>13</sat></trkpt>
  <trkpt lat="38.79212217" lon="115.45910841"><ele>17.548</ele><time>2026-08-25T08:58:01Z</time><sat>15</sat></trkpt>
  <trkpt lat="38.79233711" lon="115.45905815"><ele>18.076</ele><time>2026-08-25T08:58:04Z</time><sat>12</sat></trkpt>
  <trkpt lat="38.79265156" lon="115.45897990"><ele>18.248</ele><time>2026-08-25T08:58:07Z</time><sat>9</sat></trkpt>
  <trkpt lat="38.79305883" lon="115.45897049"><ele>18.494</ele><time>2026-08-25T08:58:10Z</time><sat>9</sat></trkpt>
  <trkpt lat="38.79348935" lon="115.45897917"><ele>18.583</ele><time>2026-08-25T08:58:13Z</time><sat>15</sat></trkpt>
  <trkpt lat="38.79390752" lon="115.45899309"><ele>17.764</ele><time>2026-08-25T08:58:16Z</time><sat>13</sat></trkpt>
  <trkpt lat="38.79432444" lon="115.45901012"><ele>18.802</ele><time>2026-08-25T08:58:19Z</time><sat>13</sat></trkpt>
  <trkpt lat="38.79474620" lon="115.45903304"><ele>18.984</ele><time>2026-08-25T08:58:22Z</time><sat>15</sat></trkpt>
  <trkpt lat="38.79525371" lon="115.45907346"><ele>19.113</ele><time>2026-08-25T08:58:25Z</time><sat>12</sat></trkpt>
  <trkpt lat="38.79575486" lon="115.45909541"><ele>20.331</ele><time>2026-08-25T08:58:28Z</time><sat>14</sat></trkpt>
  <trkpt lat="38.79615051" lon="115.45911150"><ele>20.287</ele><time>2026-08-25T08:58:31Z</time><sat>13</sat></trkpt>
  <trkpt lat="38.79645664" lon="115.45911356"><ele>19.308</ele><time>2026-08-25T08:58:34Z</time><sat>10</sat></trkpt>
  <trkpt lat="38.79684318" lon="115.45912669"><ele>18.536</ele><time>2026-08-25T08:58:37Z</time><sat>11</sat></trkpt>
  <trkpt lat="38.79734108" lon="115.45914529"><ele>17.756</ele><time>2026-08-25T08:58:40Z</time><sat>15</sat></trkpt>
  <trkpt lat="38.79788312" lon="115.45917614"><ele>16.169</ele><time>2026-08-25T08:58:43Z</time><sat>10</sat></trkpt>
  <trkpt lat="38.79843842" lon="115.45924513"><ele>14.088</ele><time>2026-08-25T08:58:46Z</time><sat>14</sat></trkpt>
  <trkpt lat="38.79899865" lon="115.45936181"><ele>13.375</ele><time>2026-08-25T08:58:49Z</time><sat>13</sat></trkpt>
  <trkpt lat="38.79955461" lon="115.45948853"><ele>12.601</ele><time>2026-08-25T08:58:52Z</time><sat>14</sat></trkpt>
  <trkpt lat="38.80009833" lon="115.45965225"><ele>13.218</ele><time>2026-08-25T08:58:55Z</time><sat>11</sat></trkpt>
  <trkpt lat="38.80054767" lon="115.45979505"><ele>13.596</ele><time>2026-08-25T08:58:58Z</time><sat>13</sat></trkpt>
  <trkpt lat="38.80096457" lon="115.45994683"><ele>12.928</ele><time>2026-08-25T08:59:01Z</time><sat>11</sat></trkpt>
  <trkpt lat="38.80142953" lon="115.46013537"><ele>13.472</ele><time>2026-08-25T08:59:04Z</time><sat>10</sat></trkpt>
  <trkpt lat="38.80191938" lon="115.46034540"><ele>13.945</ele><time>2026-08-25T08:59:07Z</time><sat>13</sat></trkpt>
  <trkpt lat="38.80239218" lon="115.46055674"><ele>14.254</ele><time>2026-08-25T08:59:10Z</time><sat>14</sat></trkpt>
  <trkpt lat="38.80283133" lon="115.46075150"><ele>14.392</ele><time>2026-08-25T08:59:13Z</time><sat>13</sat></trkpt>
  <trkpt lat="38.80325210" lon="115.46093663"><ele>14.181</ele><time>2026-08-25T08:59:16Z</time><sat>11</sat></trkpt>
  <trkpt lat="38.80368507" lon="115.46110475"><ele>13.888</ele><time>2026-08-25T08:59:19Z</time><sat>11</sat></trkpt>
  <trkpt lat="38.80414288" lon="115.46130284"><ele>14.515</ele><time>2026-08-25T08:59:22Z</time><sat>12</sat></trkpt>
  <trkpt lat="38.80457981" lon="115.46149741"><ele>14.956</ele><time>2026-08-25T08:59:25Z</time><sat>16</sat></trkpt>
  <trkpt lat="38.80500508" lon="115.46168723"><ele>14.940</ele><time>2026-08-25T08:59:28Z</time><sat>15</sat></trkpt>
  <trkpt lat="38.80544919" lon="115.46186159"><ele>15.232</ele><time>2026-08-25T08:59:31Z</time><sat>12</sat></trkpt>
  <trkpt lat="38.80589645" lon="115.46200335"><ele>14.649</ele><time>2026-08-25T08:59:34Z</time><sat>13</sat></trkpt>
  <trkpt lat="38.80632742" lon="115.46211393"><ele>14.707</ele><time>2026-08-25T08:59:37Z</time><sat>14</sat></trkpt>
  <trkpt lat="38.80675208" lon="115.46220717"><ele>13.981</ele><time>2026-08-25T08:59:40Z</time><sat>14</sat></trkpt>
  <trkpt lat="38.80715839" lon="115.46229610"><ele>12.951</ele><time>2026-08-25T08:59:43Z</time><sat>12</sat></trkpt>
  <trkpt lat="38.80759294" lon="115.46234982"><ele>13.089</ele><time>2026-08-25T08:59:46Z</time><sat>13</sat></trkpt>
  <trkpt lat="38.80805336" lon="115.46237431"><ele>13.645</ele><time>2026-08-25T08:59:49Z</time><sat>12</sat></trkpt>
  <trkpt lat="38.80853091" lon="115.46236410"><ele>13.625</ele><time>2026-08-25T08:59:52Z</time><sat>13</sat></trkpt>
  <trkpt lat="38.80903481" lon="115.46231364"><ele>14.484</ele><time>2026-08-25T08:59:55Z</time><sat>14</sat></trkpt>
  <trkpt lat="38.80957328" lon="115.46224342"><ele>15.297</ele><time>2026-08-25T08:59:58Z</time><sat>13</sat></trkpt>
  <trkpt lat="38.81015078" lon="115.46213800"><ele>15.421</ele><time>2026-08-25T09:00:01Z</time><sat>15</sat></trkpt>
  <trkpt lat="38.81067077" lon="115.46201381"><ele>15.903</ele><time>2026-08-25T09:00:04Z</time><sat>14</sat></trkpt>
  <trkpt lat="38.81106951" lon="115.46190087"><ele>16.506</ele><time>2026-08-25T09:00:07Z</time><sat>11</sat></trkpt>
  <trkpt lat="38.81136839" lon="115.46180037"><ele>17.144</ele><time>2026-08-25T09:00:10Z</time><sat>13</sat></trkpt>
  <trkpt lat="38.81162487" lon="115.46170335"><ele>17.197</ele><time>2026-08-25T09:00:13Z</time><sat>11</sat></trkpt>
  <trkpt lat="38.81188645" lon="115.46159377"><ele>17.951</ele><time>2026-08-25T09:00:16Z</time><sat>11</sat></trkpt>
  <trkpt lat="38.81215231" lon="115.46147409"><ele>19.992</ele><time>2026-08-25T09:00:19Z</time><sat>13</sat></trkpt>
  <trkpt lat="38.81247171" lon="115.46131347"><ele>19.198</ele><time>2026-08-25T09:00:22Z</time><sat>2</sat></trkpt>
  <trkpt lat="38.81282051" lon="115.46110291"><ele>15.959</ele><time>2026-08-25T09:00:25Z</time><sat>12</sat></trkpt>
  <trkpt lat="38.81324418" lon="115.46085834"><ele>14.483</ele><time>2026-08-25T09:00:28Z</time><sat>12</sat></trkpt>
  <trkpt lat="38.81370187" lon="115.46061423"><ele>13.433</ele><time>2026-08-25T09:00:31Z</time><sat>14</sat></trkpt>
  <trkpt lat="38.81411817" lon="115.46039072"><ele>12.247</ele><time>2026-08-25T09:00:34Z</time><sat>13</sat></trkpt>
  <trkpt lat="38.81453319" lon="115.46019480"><ele>11.720</ele><time>2026-08-25T09:00:37Z</time><sat>11</sat></trkpt>
  <trkpt lat="38.81493873" lon="115.46002786"><ele>10.568</ele><time>2026-08-25T09:00:40Z</time><sat>8</sat></trkpt>
  <trkpt lat="38.81532225" lon="115.45991622"><ele>12.668</ele><time>2026-08-25T09:00:43Z</time><sat>9</sat></trkpt>
  <trkpt lat="38.81571883" lon="115.45980740"><ele>13.752</ele><time>2026-08-25T09:00:46Z</time><sat>12</sat></trkpt>
  <trkpt lat="38.81615397" lon="115.45971792"><ele>13.761</ele><time>2026-08-25T09:00:49Z</time><sat>7</sat></trkpt>
  <trkpt lat="38.81658342" lon="115.45965741"><ele>16.568</ele><time>2026-08-25T09:00:52Z</time><sat>8</sat></trkpt>
  <trkpt lat="38.81698519" lon="115.45962361"><ele>17.233</ele><time>2026-08-25T09:00:55Z</time><sat>9</sat></trkpt>
  <trkpt lat="38.81735646" lon="115.45958471"><ele>17.485</ele><time>2026-08-25T09:00:58Z</time><sat>13</sat></trkpt>
  <trkpt lat="38.81770281" lon="115.45955281"><ele>17.329</ele><time>2026-08-25T09:01:01Z</time><sat>14</sat></trkpt>
  <trkpt lat="38.81801662" lon="115.45955552"><ele>16.997</ele><time>2026-08-25T09:01:04Z</time><sat>12</sat></trkpt>
  <trkpt lat="38.81824736" lon="115.45955730"><ele>17.577</ele><time>2026-08-25T09:01:07Z</time><sat>11</sat></trkpt>
  <trkpt lat="38.81836185" lon="115.45956213"><ele>17.993</ele><time>2026-08-25T09:01:10Z</time><sat>14</sat></trkpt>
  <trkpt lat="38.81836991" lon="115.45956407"><ele>17.683</ele><time>2026-08-25T09:01:13Z</time><sat>12</sat></trkpt>
  <trkpt lat="38.81837019" lon="115.45956360"><ele>17.721</ele><time>2026-08-25T09:01:16Z</time><sat>10</sat></trkpt>
  <trkpt lat="38.81837019" lon="115.45956360"><ele>17.721</ele><time>2026-08-25T09:01:19Z</time><sat>12</sat></trkpt>
  <trkpt lat="38.81837019" lon="115.45956360"><ele>17.721</ele><time>2026-08-25T09:01:22Z</time><sat>13</sat></trkpt>
  <trkpt lat="38.81837019" lon="115.45956360"><ele>17.721</ele><time>2026-08-25T09:01:25Z</time><sat>11</sat></trkpt>
  <trkpt lat="38.81837019" lon="115.45956360"><ele>17.721</ele><time>2026-08-25T09:01:28Z</time><sat>12</sat></trkpt>
  <trkpt lat="38.81837019" lon="115.45956360"><ele>17.721</ele><time>2026-08-25T09:01:31Z</time><sat>12</sat></trkpt>
  <trkpt lat="38.81837019" lon="115.45956360"><ele>17.721</ele><time>2026-08-25T09:01:34Z</time><sat>13</sat></trkpt>
  <trkpt lat="38.81837019" lon="115.45956360"><ele>17.721</ele><time>2026-08-25T09:01:37Z</time><sat>10</sat></trkpt>
  <trkpt lat="38.81837019" lon="115.45956360"><ele>17.721</ele><time>2026-08-25T09:01:40Z</time><sat>15</sat></trkpt>
  <trkpt lat="38.81837019" lon="115.45956360"><ele>17.721</ele><time>2026-08-25T09:01:43Z</time><sat>13</sat></trkpt>
  <trkpt lat="38.81837019" lon="115.45956360"><ele>17.721</ele><time>2026-08-25T09:01:46Z</time><sat>12</sat></trkpt>
  <trkpt lat="38.81837019" lon="115.45956360"><ele>17.721</ele><time>2026-08-25T09:01:49Z</time><sat>11</sat></trkpt>
  <trkpt lat="38.81837019" lon="115.45956360"><ele>17.721</ele><time>2026-08-25T09:01:52Z</time><sat>15</sat></trkpt>
  <trkpt lat="38.81837019" lon="115.45956360"><ele>17.721</ele><time>2026-08-25T09:01:55Z</time><sat>16</sat></trkpt>
  <trkpt lat="38.81837019" lon="115.45956360"><ele>17.721</ele><time>2026-08-25T09:01:58Z</time><sat>12</sat></trkpt>
  <trkpt lat="38.81837019" lon="115.45956360"><ele>17.721</ele><time>2026-08-25T09:02:01Z</time><sat>13</sat></trkpt>
  <trkpt lat="38.81837019" lon="115.45956360"><ele>17.721</ele><time>2026-08-25T09:02:04Z</time><sat>12</sat></trkpt>
  <trkpt lat="38.81837019" lon="115.45956360"><ele>17.721</ele><time>2026-08-25T09:02:07Z</time><sat>11</sat></trkpt>
  <trkpt lat="38.81837019" lon="115.45956360"><ele>17.721</ele><time>2026-08-25T09:02:10Z</time><sat>11</sat></trkpt>
  <trkpt lat="38.81837141" lon="115.45957115"><ele>17.273</ele><time>2026-08-25T09:02:13Z</time><sat>12</sat></trkpt>
  <trkpt lat="38.81837331" lon="115.45957393"><ele>12.548</ele><time>2026-08-25T09:02:16Z</time><sat>16</sat></trkpt>
  <trkpt lat="38.81837324" lon="115.45957500"><ele>11.642</ele><time>2026-08-25T09:02:19Z</time><sat>13</sat></trkpt>
  <trkpt lat="38.81837812" lon="115.45955986"><ele>17.990</ele><time>2026-08-25T09:02:22Z</time><sat>20</sat></trkpt>
  <trkpt lat="38.81838029" lon="115.45955653"><ele>17.417</ele><time>2026-08-25T09:02:25Z</time><sat>26</sat></trkpt>
  <trkpt lat="38.81838079" lon="115.45955699"><ele>17.876</ele><time>2026-08-25T09:02:28Z</time><sat>27</sat></trkpt>
  <trkpt lat="38.81838840" lon="115.45954899"><ele>16.912</ele><time>2026-08-25T09:02:31Z</time><sat>27</sat></trkpt>
  <trkpt lat="38.81838568" lon="115.45954545"><ele>16.483</ele><time>2026-08-25T09:02:34Z</time><sat>28</sat></trkpt>
  <trkpt lat="38.81839091" lon="115.45952892"><ele>-5.038</ele><time>2026-08-25T09:02:37Z</time><sat>28</sat></trkpt>
  <trkpt lat="38.81838508" lon="115.45954455"><ele>17.333</ele><time>2026-08-25T09:02:40Z</time><sat>25</sat></trkpt>
  <trkpt lat="38.81838508" lon="115.45954459"><ele>17.427</ele><time>2026-08-25T09:02:43Z</time><sat>29</sat></trkpt>
  <trkpt lat="38.81838503" lon="115.45954475"><ele>17.409</ele><time>2026-08-25T09:02:46Z</time><sat>29</sat></trkpt>
  <trkpt lat="38.81838498" lon="115.45954487"><ele>17.437</ele><time>2026-08-25T09:02:49Z</time><sat>28</sat></trkpt>
  <trkpt lat="38.81838501" lon="115.45954545"><ele>17.439</ele><time>2026-08-25T09:02:52Z</time><sat>26</sat></trkpt>
  <trkpt lat="38.81838502" lon="115.45954554"><ele>17.445</ele><time>2026-08-25T09:02:55Z</time><sat>26</sat></trkpt>
  <trkpt lat="38.81838404" lon="115.45954389"><ele>17.900</ele><time>2026-08-25T09:02:58Z</time><sat>25</sat></trkpt>
  <trkpt lat="38.81838224" lon="115.45954136"><ele>17.817</ele><time>2026-08-25T09:03:01Z</time><sat>28</sat></trkpt>
  <trkpt lat="38.81841543" lon="115.45954368"><ele>17.025</ele><time>2026-08-25T09:03:04Z</time><sat>28</sat></trkpt>
  <trkpt lat="38.81848414" lon="115.45954768"><ele>16.091</ele><time>2026-08-25T09:03:07Z</time><sat>29</sat></trkpt>
  <trkpt lat="38.81855732" lon="115.45954903"><ele>15.931</ele><time>2026-08-25T09:03:10Z</time><sat>29</sat></trkpt>
  <trkpt lat="38.81861353" lon="115.45952726"><ele>15.784</ele><time>2026-08-25T09:03:13Z</time><sat>28</sat></trkpt>
  <trkpt lat="38.81861375" lon="115.45952858"><ele>14.465</ele><time>2026-08-25T09:03:16Z</time><sat>29</sat></trkpt>
  <trkpt lat="38.81861193" lon="115.45953164"><ele>14.339</ele><time>2026-08-25T09:03:19Z</time><sat>29</sat></trkpt>
  <trkpt lat="38.81861298" lon="115.45953205"><ele>14.722</ele><time>2026-08-25T09:03:22Z</time><sat>29</sat></trkpt>
  <trkpt lat="38.81861241" lon="115.45953010"><ele>14.716</ele><time>2026-08-25T09:03:25Z</time><sat>28</sat></trkpt>
  <trkpt lat="38.81861216" lon="115.45952872"><ele>14.764</ele><time>2026-08-25T09:03:28Z</time><sat>28</sat></trkpt>
  <trkpt lat="38.81861186" lon="115.45952943"><ele>14.898</ele><time>2026-08-25T09:03:31Z</time><sat>30</sat></trkpt>
  <trkpt lat="38.81861200" lon="115.45953082"><ele>14.764</ele><time>2026-08-25T09:03:34Z</time><sat>30</sat></trkpt>
  <trkpt lat="38.81861166" lon="115.45953211"><ele>14.779</ele><time>2026-08-25T09:03:37Z</time><sat>30</sat></trkpt>
  <trkpt lat="38.81861135" lon="115.45953234"><ele>14.816</ele><time>2026-08-25T09:03:40Z</time><sat>29</sat></trkpt>
  <trkpt lat="38.81861132" lon="115.45953236"><ele>14.798</ele><time>2026-08-25T09:03:43Z</time><sat>29</sat></trkpt>
  <trkpt lat="38.81861124" lon="115.45953247"><ele>14.778</ele><time>2026-08-25T09:03:46Z</time><sat>30</sat></trkpt>
  <trkpt lat="38.81861118" lon="115.45953256"><ele>14.773</ele><time>2026-08-25T09:03:49Z</time><sat>28</sat></trkpt>
  <trkpt lat="38.81861123" lon="115.45953231"><ele>14.800</ele><time>2026-08-25T09:03:52Z</time><sat>26</sat></trkpt>
  <trkpt lat="38.81861479" lon="115.45953123"><ele>14.681</ele><time>2026-08-25T09:03:55Z</time><sat>26</sat></trkpt>
  <trkpt lat="38.81869572" lon="115.45945163"><ele>14.396</ele><time>2026-08-25T09:03:58Z</time><sat>28</sat></trkpt>
  <trkpt lat="38.81877480" lon="115.45921922"><ele>13.905</ele><time>2026-08-25T09:04:01Z</time><sat>29</sat></trkpt>
  <trkpt lat="38.81881493" lon="115.45887645"><ele>13.394</ele><time>2026-08-25T09:04:04Z</time><sat>29</sat></trkpt>
  <trkpt lat="38.81883841" lon="115.45848285"><ele>13.180</ele><time>2026-08-25T09:04:07Z</time><sat>28</sat></trkpt>
  <trkpt lat="38.81885397" lon="115.45807209"><ele>13.886</ele><time>2026-08-25T09:04:10Z</time><sat>28</sat></trkpt>
  <trkpt lat="38.81887189" lon="115.45769740"><ele>13.410</ele><time>2026-08-25T09:04:13Z</time><sat>28</sat></trkpt>
  <trkpt lat="38.81889321" lon="115.45733864"><ele>12.589</ele><time>2026-08-25T09:04:16Z</time><sat>30</sat></trkpt>
  <trkpt lat="38.81891842" lon="115.45698911"><ele>12.217</ele><time>2026-08-25T09:04:19Z</time><sat>30</sat></trkpt>
  <trkpt lat="38.81893731" lon="115.45669430"><ele>12.595</ele><time>2026-08-25T09:04:22Z</time><sat>28</sat></trkpt>
  <trkpt lat="38.81893558" lon="115.45650034"><ele>12.638</ele><time>2026-08-25T09:04:25Z</time><sat>29</sat></trkpt>
  <trkpt lat="38.81891283" lon="115.45624658"><ele>12.253</ele><time>2026-08-25T09:04:28Z</time><sat>27</sat></trkpt>
  <trkpt lat="38.81894716" lon="115.45587294"><ele>11.214</ele><time>2026-08-25T09:04:31Z</time><sat>29</sat></trkpt>
  <trkpt lat="38.81898194" lon="115.45551524"><ele>11.580</ele><time>2026-08-25T09:04:34Z</time><sat>28</sat></trkpt>
  <trkpt lat="38.81899274" lon="115.45519102"><ele>11.638</ele><time>2026-08-25T09:04:37Z</time><sat>28</sat></trkpt>
  <trkpt lat="38.81900590" lon="115.45496151"><ele>11.627</ele><time>2026-08-25T09:04:40Z</time><sat>28</sat></trkpt>
  <trkpt lat="38.81904288" lon="115.45484167"><ele>11.477</ele><time>2026-08-25T09:04:43Z</time><sat>28</sat></trkpt>
  <trkpt lat="38.81907785" lon="115.45478307"><ele>13.268</ele><time>2026-08-25T09:04:46Z</time><sat>29</sat></trkpt>
  <trkpt lat="38.81912032" lon="115.45474433"><ele>12.880</ele><time>2026-08-25T09:04:49Z</time><sat>29</sat></trkpt>
  <trkpt lat="38.81916972" lon="115.45469542"><ele>14.195</ele><time>2026-08-25T09:04:52Z</time><sat>29</sat></trkpt>
  <trkpt lat="38.81919994" lon="115.45459547"><ele>14.691</ele><time>2026-08-25T09:04:55Z</time><sat>29</sat></trkpt>
  <trkpt lat="38.81920366" lon="115.45441813"><ele>15.019</ele><time>2026-08-25T09:04:58Z</time><sat>29</sat></trkpt>
  <trkpt lat="38.81920671" lon="115.45424410"><ele>15.667</ele><time>2026-08-25T09:05:01Z</time><sat>29</sat></trkpt>
  <trkpt lat="38.81921236" lon="115.45406942"><ele>15.599</ele><time>2026-08-25T09:05:04Z</time><sat>29</sat></trkpt>
  <trkpt lat="38.81922041" lon="115.45395547"><ele>15.446</ele><time>2026-08-25T09:05:07Z</time><sat>27</sat></trkpt>
  <trkpt lat="38.81926038" lon="115.45385649"><ele>14.510</ele><time>2026-08-25T09:05:10Z</time><sat>27</sat></trkpt>
  <trkpt lat="38.81934513" lon="115.45379195"><ele>14.875</ele><time>2026-08-25T09:05:13Z</time><sat>28</sat></trkpt>
  <trkpt lat="38.81944229" lon="115.45380012"><ele>14.654</ele><time>2026-08-25T09:05:16Z</time><sat>28</sat></trkpt>
  <trkpt lat="38.81954425" lon="115.45381653"><ele>14.834</ele><time>2026-08-25T09:05:19Z</time><sat>28</sat></trkpt>
  <trkpt lat="38.81964103" lon="115.45382058"><ele>14.942</ele><time>2026-08-25T09:05:22Z</time><sat>27</sat></trkpt>
  <trkpt lat="38.81976369" lon="115.45383095"><ele>15.057</ele><time>2026-08-25T09:05:25Z</time><sat>26</sat></trkpt>
  <trkpt lat="38.81990306" lon="115.45385083"><ele>15.456</ele><time>2026-08-25T09:05:28Z</time><sat>27</sat></trkpt>
  <trkpt lat="38.82003858" lon="115.45386432"><ele>15.717</ele><time>2026-08-25T09:05:31Z</time><sat>28</sat></trkpt>
  <trkpt lat="38.82012244" lon="115.45387146"><ele>16.242</ele><time>2026-08-25T09:05:34Z</time><sat>28</sat></trkpt>
  <trkpt lat="38.82016415" lon="115.45390863"><ele>16.161</ele><time>2026-08-25T09:05:37Z</time><sat>24</sat></trkpt>
  <trkpt lat="38.82016988" lon="115.45396850"><ele>16.716</ele><time>2026-08-25T09:05:40Z</time><sat>26</sat></trkpt>
  <trkpt lat="38.82017174" lon="115.45404597"><ele>15.908</ele><time>2026-08-25T09:05:43Z</time><sat>28</sat></trkpt>
  <trkpt lat="38.82015734" lon="115.45410672"><ele>15.716</ele><time>2026-08-25T09:05:46Z</time><sat>26</sat></trkpt>
  <trkpt lat="38.82224696" lon="115.45698075"><ele>18.772</ele><time>2026-08-25T10:18:16Z</time><sat>18</sat></trkpt>
  <trkpt lat="38.82224519" lon="115.45699769"><ele>20.108</ele><time>2026-08-25T10:18:19Z</time><sat>20</sat></trkpt>
  <trkpt lat="38.82225508" lon="115.45699923"><ele>20.446</ele><time>2026-08-25T10:18:22Z</time><sat>21</sat></trkpt>
  <trkpt lat="38.82229802" lon="115.45700855"><ele>20.778</ele><time>2026-08-25T10:18:25Z</time><sat>21</sat></trkpt>
  <trkpt lat="38.82234527" lon="115.45703077"><ele>20.064</ele><time>2026-08-25T10:18:28Z</time><sat>21</sat></trkpt>
  <trkpt lat="38.82238256" lon="115.45709085"><ele>19.486</ele><time>2026-08-25T10:18:31Z</time><sat>21</sat></trkpt>
  <trkpt lat="38.82237395" lon="115.45727232"><ele>19.124</ele><time>2026-08-25T10:18:34Z</time><sat>25</sat></trkpt>
  <trkpt lat="38.82233907" lon="115.45760098"><ele>18.305</ele><time>2026-08-25T10:18:37Z</time><sat>28</sat></trkpt>
  <trkpt lat="38.82227413" lon="115.45807815"><ele>17.625</ele><time>2026-08-25T10:18:40Z</time><sat>27</sat></trkpt>
  <trkpt lat="38.82219979" lon="115.45850239"><ele>16.476</ele><time>2026-08-25T10:18:43Z</time><sat>26</sat></trkpt>
  <trkpt lat="38.82214541" lon="115.45884155"><ele>15.767</ele><time>2026-08-25T10:18:46Z</time><sat>25</sat></trkpt>
  <trkpt lat="38.82211414" lon="115.45905963"><ele>15.404</ele><time>2026-08-25T10:18:49Z</time><sat>27</sat></trkpt>
  <trkpt lat="38.82210750" lon="115.45914568"><ele>15.519</ele><time>2026-08-25T10:18:52Z</time><sat>28</sat></trkpt>
  <trkpt lat="38.82210840" lon="115.45914851"><ele>15.887</ele><time>2026-08-25T10:18:55Z</time><sat>29</sat></trkpt>
  <trkpt lat="38.82210910" lon="115.45914706"><ele>15.503</ele><time>2026-08-25T10:18:58Z</time><sat>27</sat></trkpt>
  <trkpt lat="38.82211105" lon="115.45914720"><ele>15.609</ele><time>2026-08-25T10:19:01Z</time><sat>26</sat></trkpt>
  <trkpt lat="38.82210485" lon="115.45915600"><ele>15.125</ele><time>2026-08-25T10:19:04Z</time><sat>25</sat></trkpt>
  <trkpt lat="38.82210015" lon="115.45916180"><ele>15.098</ele><time>2026-08-25T10:19:07Z</time><sat>26</sat></trkpt>
  <trkpt lat="38.82209414" lon="115.45919046"><ele>15.217</ele><time>2026-08-25T10:19:10Z</time><sat>24</sat></trkpt>
  <trkpt lat="38.82206083" lon="115.45923679"><ele>15.061</ele><time>2026-08-25T10:19:13Z</time><sat>26</sat></trkpt>
  <trkpt lat="38.82197437" lon="115.45930228"><ele>15.800</ele><time>2026-08-25T10:19:16Z</time><sat>28</sat></trkpt>
  <trkpt lat="38.82180164" lon="115.45933140"><ele>17.103</ele><time>2026-08-25T10:19:19Z</time><sat>28</sat></trkpt>
  <trkpt lat="38.82157052" lon="115.45934823"><ele>17.093</ele><time>2026-08-25T10:19:22Z</time><sat>27</sat></trkpt>
  <trkpt lat="38.82133267" lon="115.45942950"><ele>17.162</ele><time>2026-08-25T10:19:25Z</time><sat>27</sat></trkpt>
  <trkpt lat="38.82098050" lon="115.45948055"><ele>17.943</ele><time>2026-08-25T10:19:28Z</time><sat>28</sat></trkpt>
  <trkpt lat="38.82056938" lon="115.45947812"><ele>17.395</ele><time>2026-08-25T10:19:31Z</time><sat>28</sat></trkpt>
  <trkpt lat="38.82020545" lon="115.45950415"><ele>17.501</ele><time>2026-08-25T10:19:34Z</time><sat>29</sat></trkpt>
  <trkpt lat="38.81988437" lon="115.45952271"><ele>17.963</ele><time>2026-08-25T10:19:37Z</time><sat>29</sat></trkpt>
  <trkpt lat="38.81962434" lon="115.45951895"><ele>17.867</ele><time>2026-08-25T10:19:40Z</time><sat>28</sat></trkpt>
  <trkpt lat="38.81943132" lon="115.45952300"><ele>17.888</ele><time>2026-08-25T10:19:43Z</time><sat>28</sat></trkpt>
  <trkpt lat="38.81929789" lon="115.45951966"><ele>17.660</ele><time>2026-08-25T10:19:46Z</time><sat>28</sat></trkpt>
  <trkpt lat="38.81923326" lon="115.45952957"><ele>17.732</ele><time>2026-08-25T10:19:49Z</time><sat>28</sat></trkpt>
  <trkpt lat="38.81922092" lon="115.45955554"><ele>17.056</ele><time>2026-08-25T10:19:52Z</time><sat>30</sat></trkpt>
  <trkpt lat="38.81922022" lon="115.45955873"><ele>16.556</ele><time>2026-08-25T10:19:55Z</time><sat>30</sat></trkpt>
  <trkpt lat="38.81926028" lon="115.45962564"><ele>15.266</ele><time>2026-08-25T10:19:58Z</time><sat>30</sat></trkpt>
  <trkpt lat="38.81944981" lon="115.45965528"><ele>14.482</ele><time>2026-08-25T10:20:01Z</time><sat>30</sat></trkpt>
  <trkpt lat="38.81969091" lon="115.45966998"><ele>14.809</ele><time>2026-08-25T10:20:04Z</time><sat>29</sat></trkpt>
  <trkpt lat="38.81997007" lon="115.45966943"><ele>15.565</ele><time>2026-08-25T10:20:07Z</time><sat>29</sat></trkpt>
  <trkpt lat="38.82028195" lon="115.45968031"><ele>15.944</ele><time>2026-08-25T10:20:10Z</time><sat>27</sat></trkpt>
  <trkpt lat="38.82056585" lon="115.45968552"><ele>16.550</ele><time>2026-08-25T10:20:13Z</time><sat>28</sat></trkpt>
  <trkpt lat="38.82079217" lon="115.45969296"><ele>16.048</ele><time>2026-08-25T10:20:16Z</time><sat>29</sat></trkpt>
  <trkpt lat="38.82099551" lon="115.45969655"><ele>15.935</ele><time>2026-08-25T10:20:19Z</time><sat>30</sat></trkpt>
  <trkpt lat="38.82120464" lon="115.45970806"><ele>16.601</ele><time>2026-08-25T10:20:22Z</time><sat>30</sat></trkpt>
  <trkpt lat="38.82145438" lon="115.45971015"><ele>16.490</ele><time>2026-08-25T10:20:25Z</time><sat>28</sat></trkpt>
  <trkpt lat="38.82173114" lon="115.45972213"><ele>16.265</ele><time>2026-08-25T10:20:28Z</time><sat>30</sat></trkpt>
  <trkpt lat="38.82204551" lon="115.45973626"><ele>15.951</ele><time>2026-08-25T10:20:31Z</time><sat>29</sat></trkpt>
  <trkpt lat="38.82237585" lon="115.45974189"><ele>16.744</ele><time>2026-08-25T10:20:34Z</time><sat>30</sat></trkpt>
  <trkpt lat="38.82274529" lon="115.45975227"><ele>16.536</ele><time>2026-08-25T10:20:37Z</time><sat>30</sat></trkpt>
  <trkpt lat="38.82311862" lon="115.45976075"><ele>15.951</ele><time>2026-08-25T10:20:40Z</time><sat>30</sat></trkpt>
  <trkpt lat="38.82348582" lon="115.45977011"><ele>16.197</ele><time>2026-08-25T10:20:43Z</time><sat>29</sat></trkpt>
  <trkpt lat="38.82381773" lon="115.45977951"><ele>16.421</ele><time>2026-08-25T10:20:46Z</time><sat>31</sat></trkpt>
  <trkpt lat="38.82409353" lon="115.45979077"><ele>16.385</ele><time>2026-08-25T10:20:49Z</time><sat>31</sat></trkpt>
  <trkpt lat="38.82438892" lon="115.45980451"><ele>15.588</ele><time>2026-08-25T10:20:52Z</time><sat>29</sat></trkpt>
  <trkpt lat="38.82469335" lon="115.45981290"><ele>16.407</ele><time>2026-08-25T10:20:55Z</time><sat>30</sat></trkpt>
  <trkpt lat="38.82501046" lon="115.45981722"><ele>16.122</ele><time>2026-08-25T10:20:58Z</time><sat>29</sat></trkpt>
  <trkpt lat="38.82534137" lon="115.45982336"><ele>16.756</ele><time>2026-08-25T10:21:01Z</time><sat>31</sat></trkpt>
  <trkpt lat="38.82564931" lon="115.45982354"><ele>17.048</ele><time>2026-08-25T10:21:04Z</time><sat>31</sat></trkpt>
  <trkpt lat="38.82593206" lon="115.45982914"><ele>17.560</ele><time>2026-08-25T10:21:07Z</time><sat>31</sat></trkpt>
  <trkpt lat="38.82614539" lon="115.45983332"><ele>18.307</ele><time>2026-08-25T10:21:10Z</time><sat>31</sat></trkpt>
  <trkpt lat="38.82626042" lon="115.45983772"><ele>17.840</ele><time>2026-08-25T10:21:13Z</time><sat>31</sat></trkpt>
  <trkpt lat="38.82627765" lon="115.45983817"><ele>18.247</ele><time>2026-08-25T10:21:16Z</time><sat>29</sat></trkpt>
  <trkpt lat="38.82627513" lon="115.45983910"><ele>18.263</ele><time>2026-08-25T10:21:19Z</time><sat>29</sat></trkpt>
  <trkpt lat="38.82627510" lon="115.45983815"><ele>18.465</ele><time>2026-08-25T10:21:22Z</time><sat>29</sat></trkpt>
  <trkpt lat="38.82627373" lon="115.45983931"><ele>18.374</ele><time>2026-08-25T10:21:25Z</time><sat>30</sat></trkpt>
  <trkpt lat="38.82627292" lon="115.45983935"><ele>18.367</ele><time>2026-08-25T10:21:28Z</time><sat>30</sat></trkpt>
  <trkpt lat="38.82627238" lon="115.45983974"><ele>18.338</ele><time>2026-08-25T10:21:31Z</time><sat>29</sat></trkpt>
  <trkpt lat="38.82627216" lon="115.45983992"><ele>18.321</ele><time>2026-08-25T10:21:34Z</time><sat>29</sat></trkpt>
  <trkpt lat="38.82627208" lon="115.45983994"><ele>18.316</ele><time>2026-08-25T10:21:37Z</time><sat>29</sat></trkpt>
  <trkpt lat="38.82627201" lon="115.45983993"><ele>18.320</ele><time>2026-08-25T10:21:40Z</time><sat>29</sat></trkpt>
  <trkpt lat="38.82627214" lon="115.45983998"><ele>18.319</ele><time>2026-08-25T10:21:43Z</time><sat>28</sat></trkpt>
  <trkpt lat="38.82627203" lon="115.45984005"><ele>18.320</ele><time>2026-08-25T10:21:46Z</time><sat>29</sat></trkpt>
  <trkpt lat="38.82627189" lon="115.45984010"><ele>18.319</ele><time>2026-08-25T10:21:49Z</time><sat>29</sat></trkpt>
  <trkpt lat="38.82627549" lon="115.45983967"><ele>18.385</ele><time>2026-08-25T10:21:52Z</time><sat>29</sat></trkpt>
  <trkpt lat="38.82632587" lon="115.45984188"><ele>18.869</ele><time>2026-08-25T10:21:55Z</time><sat>28</sat></trkpt>
  <trkpt lat="38.82644885" lon="115.45984374"><ele>18.829</ele><time>2026-08-25T10:21:58Z</time><sat>30</sat></trkpt>
  <trkpt lat="38.82664093" lon="115.45985381"><ele>18.517</ele><time>2026-08-25T10:22:01Z</time><sat>30</sat></trkpt>
 </trkseg>
</trk>

</gpx>
 